mol_idx	mean_top_score	std_top_score	agreement_rate	predictive_entropy
0	0.737796	0.147564	1.000000	0.575350
1	0.385349	0.192763	1.000000	0.666622
2	0.858296	0.067111	1.000000	0.408046
3	0.730527	0.054800	1.000000	0.582734
4	0.654150	0.112877	1.000000	0.644840
5	0.461517	0.145759	1.000000	0.690182
6	0.829579	0.079361	1.000000	0.456552
7	0.768857	0.106959	1.000000	0.540654
8	0.942912	0.029297	1.000000	0.218878
9	0.553402	0.081451	0.900000	0.687433
10	0.606891	0.096725	0.900000	0.670119
11	0.285493	0.090872	0.300000	0.598066
12	0.499447	0.091197	1.000000	0.693147
13	0.896956	0.064827	1.000000	0.331719
14	0.352034	0.060748	0.750000	0.648697
15	0.303997	0.065572	0.950000	0.614213
16	0.665140	0.062054	1.000000	0.637567
17	0.316284	0.085440	1.000000	0.624037
18	0.115445	0.035219	0.550000	0.357750
19	0.244612	0.061916	0.500000	0.556338
20	0.523666	0.104329	0.650000	0.692027
21	0.262722	0.072728	0.950000	0.575884
22	0.381291	0.095367	0.550000	0.664693
23	0.320820	0.097087	0.950000	0.627486
24	0.192288	0.048914	0.450000	0.489523
25	0.514984	0.070549	1.000000	0.692698
26	0.182854	0.078853	0.900000	0.475694
27	0.299800	0.061279	0.400000	0.610695
28	0.277936	0.081004	0.900000	0.590993
29	0.627989	0.119379	0.950000	0.660017
30	0.515189	0.120244	1.000000	0.692686
31	0.686604	0.071145	1.000000	0.621791
32	0.844588	0.030188	1.000000	0.431984
33	0.883344	0.025831	1.000000	0.360210
34	0.581847	0.065069	1.000000	0.679689
35	0.531519	0.108114	0.950000	0.691159
36	0.854836	0.023878	1.000000	0.414228
37	0.646245	0.057083	0.550000	0.649740
38	0.481416	0.060159	0.600000	0.692456
39	0.928179	0.031181	1.000000	0.258323
40	0.904764	0.039439	1.000000	0.314488
41	0.944467	0.042075	1.000000	0.214496
42	0.683092	0.043737	1.000000	0.624517
43	0.605552	0.053901	1.000000	0.670696
44	0.401496	0.057592	0.700000	0.673614
45	0.526916	0.105210	0.750000	0.691698
46	0.184576	0.058219	0.850000	0.478261
47	0.178835	0.052079	0.800000	0.469622
48	0.466229	0.104990	1.000000	0.690864
49	0.534346	0.076211	1.000000	0.690786
50	0.595779	0.062960	1.000000	0.674686
51	0.288862	0.077077	0.750000	0.601129
52	0.669088	0.044364	1.000000	0.634823
53	0.584739	0.092212	0.950000	0.678716
54	0.490022	0.083710	1.000000	0.692948
55	0.871427	0.023749	1.000000	0.383666
56	0.876547	0.045714	1.000000	0.373748
57	0.936105	0.020994	0.750000	0.237552
58	0.248706	0.068112	0.700000	0.560909
59	0.336928	0.055369	0.950000	0.638977
60	0.519768	0.082093	0.350000	0.692365
61	0.730505	0.049306	1.000000	0.582756
62	0.841050	0.061613	1.000000	0.437925
63	0.340107	0.068490	0.600000	0.641107
64	0.396934	0.076645	0.850000	0.671749
65	0.503486	0.111996	0.900000	0.693123
66	0.699526	0.058881	1.000000	0.611266
67	0.470279	0.054471	1.000000	0.691379
68	0.396086	0.102596	1.000000	0.671393
69	0.299153	0.052191	0.900000	0.610145
70	0.807623	0.053373	1.000000	0.489651
71	0.534002	0.056446	1.000000	0.690833
72	0.480568	0.059743	0.900000	0.692392
73	0.285537	0.065422	1.000000	0.598108
74	0.892109	0.042862	1.000000	0.342083
75	0.556112	0.075568	0.450000	0.686837
76	0.606150	0.051303	1.000000	0.670439
77	0.294025	0.056222	1.000000	0.605716
78	0.885925	0.033226	1.000000	0.354951
79	0.527703	0.060813	1.000000	0.691611
80	0.702341	0.086023	1.000000	0.608868
81	0.275838	0.049867	0.800000	0.588979
82	0.794454	0.072259	1.000000	0.507995
83	0.499892	0.162215	1.000000	0.693147
84	0.656569	0.092652	1.000000	0.643285
85	0.388764	0.095957	0.950000	0.668192
86	0.631799	0.071501	1.000000	0.657991
87	0.274880	0.058262	0.450000	0.588052
88	0.822688	0.037895	1.000000	0.467292
89	0.660269	0.129144	1.000000	0.640857
90	0.600602	0.073736	1.000000	0.672767
91	0.437887	0.073170	0.400000	0.685411
92	0.455531	0.050454	0.650000	0.689187
93	0.242225	0.068222	0.950000	0.553631
94	0.399630	0.055671	1.000000	0.672862
95	0.905208	0.017720	0.900000	0.313487
96	0.694600	0.087908	1.000000	0.615370
97	0.735452	0.070457	1.000000	0.577760
98	0.990691	0.009286	1.000000	0.052802
99	0.755353	0.037064	1.000000	0.556378
100	0.756090	0.080629	1.000000	0.555545
101	0.904284	0.032977	1.000000	0.315567
102	0.337863	0.094761	0.750000	0.639608
103	0.325487	0.055331	0.600000	0.630937
104	0.633189	0.079745	1.000000	0.657236
105	0.268390	0.059792	0.950000	0.581651
106	0.152601	0.059702	0.700000	0.427194
107	0.572065	0.079354	1.000000	0.682724
108	0.388593	0.145974	1.000000	0.668114
109	0.354596	0.079350	0.950000	0.650245
110	0.957731	0.032281	1.000000	0.175089
111	0.776084	0.070084	1.000000	0.531820
112	0.943158	0.035917	1.000000	0.218188
113	0.745603	0.039744	1.000000	0.567114
114	0.375858	0.070547	1.000000	0.662000
115	0.400528	0.070604	1.000000	0.673225
116	0.711969	0.043622	1.000000	0.600380
117	0.650019	0.113178	1.000000	0.647435
118	0.168333	0.067992	0.800000	0.453233
119	0.561352	0.097169	1.000000	0.685600
120	0.467438	0.087321	0.950000	0.691025
121	0.415567	0.085950	0.750000	0.678821
122	0.085879	0.043595	0.500000	0.292899
123	0.616263	0.078074	1.000000	0.665864
124	0.490328	0.132087	0.950000	0.692960
125	0.549903	0.058537	1.000000	0.688158
126	0.379702	0.134763	0.900000	0.663918
127	0.305413	0.045588	0.950000	0.615381
128	0.358881	0.087594	1.000000	0.652772
129	0.522330	0.078009	0.950000	0.692150
130	0.560221	0.074115	0.800000	0.685876
131	0.893534	0.035293	1.000000	0.339062
132	0.435450	0.039862	0.700000	0.684790
133	0.585521	0.158911	0.900000	0.678447
134	0.525008	0.105297	0.600000	0.691896
135	0.739026	0.064606	1.000000	0.574074
136	0.870727	0.071068	1.000000	0.385002
137	0.158157	0.044523	0.700000	0.436602
138	0.888600	0.024443	1.000000	0.349433
139	0.523404	0.050679	0.550000	0.692051
140	0.944548	0.032356	1.000000	0.214265
141	0.421966	0.067168	0.250000	0.680918
142	0.427519	0.136487	1.000000	0.682603
143	0.544193	0.094164	1.000000	0.689236
144	0.755460	0.080433	1.000000	0.556257
145	0.330417	0.065641	0.850000	0.634473
146	0.296241	0.113317	0.550000	0.607646
147	0.403315	0.080778	0.950000	0.674333
148	0.322395	0.059252	0.600000	0.628661
149	0.893241	0.045259	1.000000	0.339685
150	0.302628	0.065805	0.450000	0.613075
151	0.944723	0.033277	1.000000	0.213770
152	0.397330	0.076368	0.750000	0.671914
153	0.473748	0.080547	0.950000	0.691768
154	0.898798	0.028846	1.000000	0.327716
155	0.567207	0.074068	1.000000	0.684086
156	0.728248	0.115825	1.000000	0.584994
157	0.638006	0.079655	0.950000	0.654557
158	0.159271	0.056058	0.900000	0.438459
159	0.408960	0.121953	1.000000	0.676478
160	0.925013	0.027096	1.000000	0.266352
161	0.392084	0.077214	0.800000	0.669671
162	0.700852	0.088103	1.000000	0.610140
163	0.555989	0.079846	0.600000	0.686864
164	0.294210	0.050962	0.800000	0.605878
165	0.914236	0.026637	1.000000	0.292627
166	0.364036	0.047240	0.800000	0.655705
167	0.759120	0.084546	1.000000	0.552092
168	0.809334	0.038597	1.000000	0.487187
169	0.460396	0.114920	1.000000	0.690007
170	0.322539	0.048451	0.550000	0.628769
171	0.347519	0.086915	0.900000	0.645897
172	0.614154	0.050935	1.000000	0.666854
173	0.580347	0.085329	1.000000	0.680180
174	0.886734	0.037428	0.800000	0.353291
175	0.506007	0.075562	1.000000	0.693075
176	0.430746	0.035044	0.950000	0.683524
177	0.351155	0.089594	1.000000	0.648159
178	0.826900	0.081767	1.000000	0.460768
179	0.982097	0.017207	1.000000	0.089762
180	0.745641	0.056147	1.000000	0.567073
181	0.572194	0.118322	1.000000	0.682687
182	0.500384	0.087665	1.000000	0.693147
183	0.407824	0.083908	0.800000	0.676057
184	0.754413	0.043157	0.850000	0.557435
185	0.714574	0.067230	1.000000	0.598005
186	0.653233	0.080882	1.000000	0.645422
187	0.416884	0.065775	0.500000	0.679266
188	0.925621	0.024006	1.000000	0.264822
189	0.378491	0.116863	0.750000	0.663321
190	0.339065	0.040974	0.600000	0.640413
191	0.611812	0.111976	0.700000	0.667931
192	0.199362	0.035719	0.850000	0.499517
193	0.644684	0.096302	1.000000	0.650676
194	0.635671	0.093893	1.000000	0.655868
195	0.704679	0.098761	1.000000	0.606847
196	0.937843	0.017438	1.000000	0.232862
197	0.615393	0.042645	1.000000	0.666275
198	0.820723	0.035068	1.000000	0.470295
199	0.642677	0.067967	1.000000	0.651862
200	0.523391	0.079461	1.000000	0.692052
201	0.645016	0.076882	1.000000	0.650477
202	0.590898	0.076021	1.000000	0.676530
203	0.333757	0.099979	0.300000	0.636807
204	0.405064	0.072344	1.000000	0.675011
205	0.857598	0.085190	1.000000	0.409299
206	0.920233	0.013196	1.000000	0.278200
207	0.426047	0.086116	0.550000	0.682169
208	0.595532	0.054215	1.000000	0.674782
209	0.612498	0.108741	1.000000	0.667617
210	0.475007	0.113901	0.550000	0.691897
211	0.293260	0.070161	0.650000	0.605045
212	0.560076	0.034984	1.000000	0.685912
213	0.634241	0.044857	1.000000	0.656660
214	0.545735	0.060040	1.000000	0.688958
215	0.369421	0.069880	0.750000	0.658647
216	0.635854	0.102828	0.750000	0.655766
217	0.687258	0.056631	1.000000	0.621277
218	0.507797	0.028023	0.950000	0.693026
219	0.583567	0.065904	1.000000	0.679114
220	0.549792	0.102927	0.750000	0.688181
221	0.679356	0.053896	1.000000	0.627354
222	0.782472	0.035277	1.000000	0.523762
223	0.442236	0.106751	0.750000	0.686459
224	0.522239	0.098556	0.900000	0.692158
225	0.213012	0.058749	0.800000	0.517920
226	0.399726	0.046355	0.900000	0.672900
227	0.803826	0.040854	1.000000	0.495052
228	0.219872	0.039211	1.000000	0.526746
229	0.327551	0.065865	0.900000	0.632431
230	0.503428	0.029629	0.600000	0.693124
231	0.400959	0.062688	0.550000	0.673399
232	0.650678	0.066170	1.000000	0.647026
233	0.530152	0.054710	1.000000	0.691328
234	0.702656	0.122287	1.000000	0.608597
235	0.391427	0.082051	0.950000	0.669382
236	0.731361	0.038334	1.000000	0.581901
237	0.420159	0.030652	0.500000	0.680343
238	0.991256	0.006840	1.000000	0.050148
239	0.490670	0.084787	0.800000	0.692973
240	0.099722	0.055861	1.000000	0.324472
241	0.488850	0.060948	0.600000	0.692898
242	0.724070	0.094799	1.000000	0.589068
243	0.408930	0.140293	1.000000	0.676467
244	0.351009	0.055000	0.950000	0.648069
245	0.557284	0.042196	0.950000	0.686570
246	0.941749	0.019389	1.000000	0.222128
247	0.620693	0.087410	0.900000	0.663724
248	0.701865	0.058065	1.000000	0.609276
249	0.303914	0.089093	0.850000	0.614144
250	0.620969	0.099453	1.000000	0.663588
251	0.826040	0.058737	1.000000	0.462111
252	0.431019	0.084428	1.000000	0.683600
253	0.606254	0.060692	1.000000	0.670394
254	0.248336	0.055203	0.450000	0.560500
255	0.714058	0.102941	1.000000	0.598478
256	0.510942	0.110785	1.000000	0.692908
257	0.327437	0.064853	1.000000	0.632349
258	0.328753	0.058464	0.650000	0.633292
259	0.504394	0.081458	0.900000	0.693109
260	0.684499	0.083738	1.000000	0.623431
261	0.536760	0.073838	0.550000	0.690442
262	0.600092	0.097636	1.000000	0.672974
263	0.345616	0.043051	0.900000	0.644691
264	0.272040	0.131931	0.750000	0.585277
265	0.256181	0.071094	0.700000	0.569025
266	0.376369	0.084495	1.000000	0.662259
267	0.983843	0.009749	1.000000	0.082681
268	0.429955	0.063858	0.800000	0.683302
269	0.282289	0.096053	0.850000	0.595102
270	0.453773	0.105171	0.900000	0.688867
271	0.449113	0.090306	1.000000	0.687959
272	0.493666	0.053187	1.000000	0.693067
273	0.296178	0.055416	0.700000	0.607591
274	0.441206	0.091946	0.800000	0.686218
275	0.487780	0.053319	1.000000	0.692849
276	0.236340	0.142453	0.950000	0.546824
277	0.804639	0.034692	0.800000	0.493904
278	0.286619	0.037062	0.800000	0.599096
279	0.652286	0.067665	1.000000	0.646020
280	0.655036	0.081870	1.000000	0.644273
281	0.464771	0.066618	1.000000	0.690663
282	0.603639	0.055443	1.000000	0.671509
283	0.782117	0.068686	1.000000	0.524216
284	0.853570	0.049643	1.000000	0.416467
285	0.278917	0.079029	0.450000	0.591928
286	0.713188	0.039042	1.000000	0.599272
287	0.544142	0.058925	0.550000	0.689245
288	0.383683	0.055261	1.000000	0.665839
289	0.608386	0.050136	1.000000	0.669465
290	0.496956	0.077470	0.900000	0.693129
291	0.427612	0.089150	0.550000	0.682630
292	0.460442	0.075607	0.500000	0.690014
293	0.389500	0.078673	0.900000	0.668524
294	0.240441	0.057786	0.500000	0.551588
295	0.846904	0.050296	1.000000	0.428043
296	0.534130	0.101922	1.000000	0.690816
297	0.544242	0.083409	1.000000	0.689227
298	0.793339	0.072647	1.000000	0.509499
299	0.873785	0.052799	1.000000	0.379128
300	0.352879	0.057668	0.400000	0.649211
301	0.471761	0.107743	0.450000	0.691551
302	0.240939	0.048042	0.400000	0.552160
303	0.744750	0.039509	1.000000	0.568030
304	0.511597	0.099145	1.000000	0.692878
305	0.231034	0.046909	0.850000	0.540522
306	0.728829	0.073955	1.000000	0.584420
307	0.452814	0.059749	0.650000	0.688688
308	0.673127	0.044505	0.700000	0.631942
309	0.724249	0.075510	1.000000	0.588895
310	0.398316	0.058374	0.850000	0.672323
311	0.216610	0.048857	0.800000	0.522584
312	0.526122	0.102729	0.750000	0.691782
313	0.387569	0.050042	0.700000	0.667648
314	0.763200	0.064301	1.000000	0.547363
315	0.393372	0.090739	0.950000	0.670233
316	0.704933	0.081162	1.000000	0.606627
317	0.675827	0.073872	1.000000	0.629975
318	0.871078	0.032581	1.000000	0.384333
319	0.351758	0.058155	0.950000	0.648528
320	0.918660	0.030416	1.000000	0.282030
321	0.487625	0.120414	1.000000	0.692841
322	0.600335	0.076371	1.000000	0.672876
323	0.643386	0.084395	0.550000	0.651445
324	0.772881	0.033254	1.000000	0.535771
325	0.303347	0.085002	1.000000	0.613673
326	0.512667	0.099862	0.900000	0.692826
327	0.521428	0.098847	1.000000	0.692229
328	0.814080	0.030844	1.000000	0.480253
329	0.336840	0.091548	0.950000	0.638917
330	0.592465	0.071161	1.000000	0.675949
331	0.706789	0.072123	1.000000	0.605002
332	0.924160	0.019400	1.000000	0.268489
333	0.742822	0.070688	1.000000	0.570085
334	0.488779	0.122110	0.900000	0.692895
335	0.451545	0.074634	1.000000	0.688444
336	0.236792	0.077824	0.500000	0.547354
337	0.888943	0.020912	0.900000	0.348719
338	0.479331	0.054624	1.000000	0.692293
339	0.790099	0.040996	1.000000	0.513825
340	0.537347	0.076442	1.000000	0.690355
341	0.712041	0.059847	1.000000	0.600314
342	0.531118	0.051503	1.000000	0.691209
343	0.733749	0.043034	1.000000	0.579494
344	0.565150	0.068296	0.500000	0.684634
345	0.433678	0.056202	0.750000	0.684324
346	0.614120	0.118238	0.600000	0.666869
347	0.547434	0.083936	0.900000	0.688640
348	0.793437	0.063413	1.000000	0.509367
349	0.198178	0.062905	1.000000	0.497867
350	0.175391	0.040896	0.900000	0.464333
351	0.216701	0.056379	0.950000	0.522700
352	0.276942	0.081108	1.000000	0.590042
353	0.685190	0.063441	0.850000	0.622896
354	0.855466	0.051306	1.000000	0.413109
355	0.856874	0.099668	0.950000	0.410598
356	0.559372	0.052395	0.300000	0.686081
357	0.559512	0.073506	1.000000	0.686047
358	0.706687	0.128362	1.000000	0.605092
359	0.748009	0.100274	1.000000	0.564512
360	0.426624	0.075921	0.600000	0.682340
361	0.825330	0.026540	1.000000	0.463214
362	0.373304	0.101989	0.600000	0.660691
363	0.826122	0.060044	1.000000	0.461982
364	0.610583	0.044401	1.000000	0.668487
365	0.283811	0.089724	0.700000	0.596516
366	0.960491	0.009696	0.600000	0.166379
367	0.313167	0.050536	0.900000	0.621611
368	0.544097	0.101082	0.950000	0.689253
369	0.565783	0.095351	1.000000	0.684467
370	0.314209	0.065529	0.800000	0.622427
371	0.493173	0.089729	0.950000	0.693054
372	0.863678	0.028288	1.000000	0.398231
373	0.740863	0.046025	1.000000	0.572152
374	0.644388	0.098897	0.350000	0.650852
375	0.333647	0.061676	0.500000	0.636731
376	0.822517	0.049469	1.000000	0.467555
377	0.341512	0.089559	1.000000	0.642033
378	0.500523	0.068924	0.950000	0.693147
379	0.406350	0.064564	0.950000	0.675502
380	0.388701	0.025560	0.700000	0.668163
381	0.568096	0.082702	1.000000	0.683844
382	0.304952	0.068119	1.000000	0.615002
383	0.636717	0.045947	0.900000	0.655284
384	0.513103	0.122699	1.000000	0.692804
385	0.343054	0.061267	0.700000	0.643041
386	0.689190	0.062398	1.000000	0.619747
387	0.708741	0.056066	1.000000	0.603276
388	0.531586	0.114983	1.000000	0.691151
389	0.916953	0.022807	1.000000	0.286149
390	0.636484	0.072209	0.950000	0.655415
391	0.822859	0.038234	1.000000	0.467030
392	0.584389	0.068921	1.000000	0.678836
393	0.859380	0.070441	1.000000	0.406088
394	0.537942	0.044066	1.000000	0.690265
395	0.718743	0.082213	1.000000	0.594137
396	0.367639	0.068490	0.850000	0.657687
397	0.906062	0.026303	1.000000	0.311556
398	0.836878	0.042907	1.000000	0.444811
399	0.315258	0.043643	0.850000	0.623243
400	0.790412	0.077885	1.000000	0.513410
401	0.463479	0.101802	1.000000	0.690477
402	0.506397	0.063190	0.950000	0.693065
403	0.769319	0.055194	1.000000	0.540098
404	0.255209	0.055228	1.000000	0.567986
405	0.577408	0.120074	1.000000	0.681115
406	0.459962	0.066065	1.000000	0.689938
407	0.269441	0.086333	0.500000	0.582702
408	0.926764	0.027080	1.000000	0.261930
409	0.856381	0.046324	1.000000	0.411480
410	0.519127	0.128316	1.000000	0.692415
411	0.680421	0.060132	1.000000	0.626552
412	0.668485	0.123446	0.700000	0.635247
413	0.571510	0.080478	1.000000	0.682885
414	0.181010	0.043560	0.500000	0.472921
415	0.389642	0.073351	0.850000	0.668587
416	0.476915	0.031520	0.750000	0.692081
417	0.437277	0.080402	0.900000	0.685258
418	0.262291	0.090599	0.900000	0.575440
419	0.461089	0.060975	0.650000	0.690116
420	0.658913	0.113692	1.000000	0.641754
421	0.648865	0.084281	1.000000	0.648146
422	0.309629	0.049844	0.850000	0.618803
423	0.721950	0.043494	1.000000	0.591102
424	0.709148	0.091402	1.000000	0.602913
425	0.224570	0.056365	0.850000	0.532632
426	0.281135	0.086131	0.850000	0.594022
427	0.462076	0.053817	0.700000	0.690268
428	0.310143	0.057441	0.900000	0.619215
429	0.676864	0.043233	1.000000	0.629211
430	0.259428	0.057998	0.900000	0.572458
431	0.235451	0.060226	0.800000	0.545779
432	0.618739	0.043190	1.000000	0.664678
433	0.551167	0.040958	1.000000	0.687902
434	0.306600	0.036193	0.800000	0.616353
435	0.381934	0.094835	0.550000	0.665003
436	0.263975	0.066339	0.800000	0.577174
437	0.339907	0.059327	0.650000	0.640974
438	0.862732	0.029264	1.000000	0.399974
439	0.707525	0.059361	1.000000	0.604353
440	0.254084	0.066926	0.750000	0.566778
441	0.094468	0.038732	1.000000	0.312755
442	0.434630	0.053167	1.000000	0.684576
443	0.648068	0.071977	0.500000	0.648634
444	0.708016	0.070223	1.000000	0.603919
445	0.235306	0.082089	0.700000	0.545609
446	0.575940	0.055035	1.000000	0.681569
447	0.773686	0.065741	1.000000	0.534784
448	0.756112	0.085989	1.000000	0.555521
449	0.544216	0.086917	1.000000	0.689232
450	0.422030	0.088662	0.800000	0.680939
451	0.726817	0.051739	1.000000	0.586399
452	0.437878	0.049723	0.750000	0.685409
453	0.479950	0.093370	1.000000	0.692343
454	0.545735	0.120609	1.000000	0.688958
455	0.789023	0.044491	1.000000	0.515248
456	0.946297	0.023323	1.000000	0.209277
457	0.281137	0.059943	0.650000	0.594024
458	0.400968	0.072279	1.000000	0.673402
459	0.555487	0.086130	1.000000	0.686977
460	0.354857	0.058246	0.650000	0.650401
461	0.121765	0.031003	0.150000	0.370426
462	0.608993	0.092799	1.000000	0.669197
463	0.554365	0.102124	0.950000	0.687224
464	0.631580	0.100466	1.000000	0.658109
465	0.714909	0.062840	1.000000	0.597698
466	0.940612	0.023614	1.000000	0.225279
467	0.770402	0.046341	1.000000	0.538790
468	0.571906	0.079356	0.350000	0.682770
469	0.204798	0.070579	0.750000	0.506983
470	0.928711	0.034763	1.000000	0.256961
471	0.239101	0.043928	0.600000	0.550042
472	0.894122	0.029802	1.000000	0.337810
473	0.647623	0.084004	0.300000	0.648906
474	0.506911	0.096565	0.900000	0.693052
475	0.860745	0.036481	1.000000	0.403608
476	0.533877	0.031881	0.800000	0.690850
477	0.299588	0.066501	0.750000	0.610514
478	0.674420	0.078972	1.000000	0.631004
479	0.498537	0.101699	0.850000	0.693143
480	0.445155	0.056223	0.950000	0.687119
481	0.368653	0.100462	1.000000	0.658235
482	0.668162	0.041232	1.000000	0.635472
483	0.744911	0.087400	0.800000	0.567858
484	0.402984	0.063703	0.600000	0.674203
485	0.384865	0.036229	0.750000	0.666396
486	0.802477	0.041702	1.000000	0.496950
487	0.437685	0.072341	0.200000	0.685361
488	0.262145	0.054398	1.000000	0.575288
489	0.205161	0.073307	0.950000	0.507474
490	0.828507	0.049228	1.000000	0.458245
491	0.430303	0.067443	1.000000	0.683400
492	0.211895	0.074498	0.650000	0.516456
493	0.734393	0.076239	1.000000	0.578841
494	0.464195	0.043067	0.950000	0.690581
495	0.164760	0.036040	0.300000	0.447479
496	0.543684	0.080299	0.550000	0.689326
497	0.496891	0.052372	0.800000	0.693128
498	0.361941	0.064817	0.900000	0.654527
499	0.678724	0.057665	1.000000	0.627828
500	0.473009	0.057024	0.700000	0.691689
501	0.287283	0.061814	0.550000	0.599701
502	0.465839	0.047104	1.000000	0.690811
503	0.637922	0.048471	1.000000	0.654604
504	0.467280	0.031538	0.450000	0.691004
505	0.276311	0.061579	0.750000	0.589436
506	0.400025	0.127393	0.950000	0.673022
507	0.664655	0.073766	1.000000	0.637899
508	0.743418	0.075288	1.000000	0.569451
509	0.566778	0.120047	0.850000	0.684202
510	0.274742	0.053954	0.500000	0.587919
511	0.371795	0.089023	0.900000	0.659904
512	0.484837	0.074738	1.000000	0.692687
513	0.347373	0.075947	1.000000	0.645805
514	0.316771	0.060076	0.900000	0.624411
515	0.577233	0.066629	0.500000	0.681169
516	0.572143	0.098701	1.000000	0.682702
517	0.294384	0.083277	0.650000	0.606030
518	0.459413	0.086931	1.000000	0.689849
519	0.445865	0.060099	1.000000	0.687275
520	0.249921	0.050854	1.000000	0.562248
521	0.417342	0.088982	0.600000	0.679420
522	0.717549	0.128184	1.000000	0.595253
523	0.499595	0.045639	1.000000	0.693147
524	0.541042	0.091238	0.950000	0.689774
525	0.323538	0.089625	0.950000	0.629507
526	0.144274	0.040052	0.700000	0.412646
527	0.294082	0.053934	0.300000	0.605767
528	0.750740	0.082140	1.000000	0.561520
529	0.586598	0.062833	1.000000	0.678073
530	0.866411	0.033598	1.000000	0.393152
531	0.380877	0.093399	0.650000	0.664492
532	0.757766	0.057016	1.000000	0.553642
533	0.346791	0.066787	0.950000	0.645437
534	0.631504	0.041523	1.000000	0.658150
535	0.790925	0.065672	1.000000	0.512728
536	0.613329	0.102140	1.000000	0.667236
537	0.539401	0.061246	1.000000	0.690039
538	0.525794	0.105843	0.950000	0.691816
539	0.367613	0.105483	0.750000	0.657673
540	0.668123	0.087458	1.000000	0.635500
541	0.647944	0.058810	1.000000	0.648710
542	0.252661	0.055993	0.450000	0.565240
543	0.583319	0.092757	1.000000	0.679198
544	0.909926	0.027714	1.000000	0.302710
545	0.223925	0.060715	0.750000	0.531831
546	0.835680	0.059228	1.000000	0.446764
547	0.436548	0.069333	1.000000	0.685073
548	0.594136	0.044781	1.000000	0.675318
549	0.988533	0.004548	1.000000	0.062638
550	0.748156	0.065398	1.000000	0.564351
551	0.824511	0.077253	1.000000	0.464484
552	0.107686	0.042773	0.950000	0.341649
553	0.457657	0.092946	0.650000	0.689557
554	0.351656	0.054368	0.900000	0.648466
555	0.411751	0.089912	1.000000	0.677489
556	0.405166	0.080100	0.600000	0.675051
557	0.468395	0.120853	0.600000	0.691148
558	0.085547	0.033874	0.550000	0.292113
559	0.722123	0.065077	1.000000	0.590937
560	0.275068	0.048381	0.950000	0.588234
561	0.785061	0.085004	1.000000	0.520427
562	0.593623	0.045154	1.000000	0.675513
563	0.765200	0.051593	0.750000	0.545011
564	0.469788	0.079036	1.000000	0.691321
565	0.725916	0.056623	1.000000	0.587279
566	0.157645	0.065712	0.950000	0.435744
567	0.569794	0.083610	1.000000	0.683373
568	0.435764	0.061227	0.800000	0.684872
569	0.185870	0.050786	0.550000	0.480179
570	0.295449	0.062373	0.950000	0.606959
571	0.346252	0.061144	1.000000	0.645096
572	0.821309	0.035833	1.000000	0.469402
573	0.078704	0.018503	0.400000	0.275594
574	0.563489	0.075929	0.800000	0.685064
575	0.877652	0.033195	1.000000	0.371578
576	0.778481	0.052672	1.000000	0.528824
577	0.674436	0.104383	1.000000	0.630992
578	0.888926	0.050776	0.900000	0.348755
579	0.235955	0.053945	0.900000	0.546372
580	0.287881	0.099195	0.400000	0.600243
581	0.323841	0.060176	0.500000	0.629731
582	0.662800	0.052353	1.000000	0.639161
583	0.868369	0.041760	1.000000	0.389476
584	0.477700	0.058744	0.950000	0.692152
585	0.714672	0.056483	1.000000	0.597915
586	0.814621	0.041216	1.000000	0.479453
587	0.349456	0.084261	0.700000	0.647109
588	0.538414	0.063295	1.000000	0.690193
589	0.702114	0.040520	1.000000	0.609062
590	0.550739	0.101630	1.000000	0.687989
591	0.308500	0.045769	0.450000	0.617895
592	0.739390	0.058251	1.000000	0.573694
593	0.733318	0.090797	1.000000	0.579930
594	0.890615	0.076647	1.000000	0.345228
595	0.267078	0.044093	0.550000	0.580331
596	0.208472	0.054605	0.950000	0.511925
597	0.526556	0.041766	1.000000	0.691736
598	0.133234	0.057087	0.750000	0.392489
599	0.807413	0.054492	0.900000	0.489952
600	0.622631	0.110646	0.600000	0.662761
601	0.322524	0.047051	1.000000	0.628757
602	0.613401	0.060646	1.000000	0.667202
603	0.303184	0.114905	1.000000	0.613538
604	0.552999	0.058323	1.000000	0.687519
605	0.416652	0.043129	0.750000	0.679188
606	0.352005	0.085879	0.750000	0.648679
607	0.401819	0.061354	1.000000	0.673742
608	0.858377	0.020033	1.000000	0.407898
609	0.632188	0.076222	0.650000	0.657781
610	0.731605	0.088910	1.000000	0.581656
611	0.264228	0.064279	0.850000	0.577433
612	0.480781	0.107070	1.000000	0.692408
613	0.446448	0.073409	0.950000	0.687401
614	0.687102	0.063257	0.500000	0.621400
615	0.697925	0.136269	1.000000	0.612612
616	0.925008	0.030635	1.000000	0.266365
617	0.695716	0.040825	1.000000	0.614451
618	0.668803	0.079775	1.000000	0.635023
619	0.872520	0.106396	1.000000	0.381568
620	0.550953	0.073244	0.900000	0.687946
621	0.654847	0.056888	1.000000	0.644394
622	0.585333	0.096561	0.900000	0.678512
623	0.763598	0.079372	1.000000	0.546897
624	0.437333	0.060848	0.800000	0.685272
625	0.790256	0.111839	0.500000	0.513617
626	0.787739	0.050048	1.000000	0.516937
627	0.594093	0.069688	1.000000	0.675334
628	0.747068	0.038655	1.000000	0.565533
629	0.484164	0.066964	0.800000	0.692646
630	0.420930	0.063772	0.850000	0.680591
631	0.451291	0.065915	0.400000	0.688394
632	0.489443	0.085178	1.000000	0.692924
633	0.331849	0.054421	0.550000	0.635480
634	0.450496	0.065670	0.450000	0.688238
635	0.296526	0.085707	0.900000	0.607892
636	0.232173	0.043649	0.550000	0.541888
637	0.562290	0.199206	0.950000	0.685367
638	0.879385	0.030159	1.000000	0.368148
639	0.424708	0.072446	0.650000	0.681766
640	0.648561	0.067764	1.000000	0.648333
641	0.466257	0.030864	0.600000	0.690868
642	0.476902	0.084982	1.000000	0.692080
643	0.649343	0.089987	1.000000	0.647853
644	0.616543	0.060173	1.000000	0.665731
645	0.481292	0.111786	1.000000	0.692447
646	0.272629	0.058514	0.650000	0.585856
647	0.193247	0.064916	0.850000	0.490898
648	0.273271	0.055493	0.850000	0.586486
649	0.541459	0.076465	1.000000	0.689706
650	0.778182	0.074523	1.000000	0.529200
651	0.444751	0.067695	0.650000	0.687030
652	0.908320	0.057375	1.000000	0.306407
653	0.906478	0.021940	1.000000	0.310611
654	0.879315	0.033085	1.000000	0.368287
655	0.458039	0.039139	0.850000	0.689622
656	0.645780	0.122212	1.000000	0.650020
657	0.822522	0.045094	1.000000	0.467547
658	0.281637	0.055412	0.650000	0.594493
659	0.845700	0.033398	1.000000	0.430096
660	0.496480	0.116279	1.000000	0.693122
661	0.588133	0.085602	0.900000	0.677531
662	0.272467	0.083615	0.550000	0.585697
663	0.823909	0.051251	1.000000	0.465414
664	0.518047	0.074574	1.000000	0.692496
665	0.477386	0.070954	0.800000	0.692124
666	0.452452	0.096223	0.950000	0.688619
667	0.398383	0.089990	1.000000	0.672350
668	0.341366	0.067147	0.750000	0.641937
669	0.423729	0.089946	0.750000	0.681467
670	0.292398	0.064649	0.800000	0.604285
671	0.579043	0.088073	1.000000	0.680599
672	0.819540	0.048559	1.000000	0.472091
673	0.840997	0.068180	1.000000	0.438013
674	0.324691	0.061737	0.300000	0.630355
675	0.962519	0.033085	1.000000	0.159853
676	0.735693	0.045716	1.000000	0.577513
677	0.692511	0.044632	1.000000	0.617076
678	0.176029	0.044504	0.150000	0.465318
679	0.923173	0.035592	1.000000	0.270951
680	0.124027	0.050380	0.350000	0.374872
681	0.526009	0.059839	1.000000	0.691794
682	0.713051	0.060150	1.000000	0.599397
683	0.685943	0.069553	1.000000	0.622308
684	0.867760	0.037613	1.000000	0.390623
685	0.289819	0.044955	0.150000	0.601990
686	0.499282	0.119244	1.000000	0.693146
687	0.541528	0.044548	1.000000	0.689694
688	0.261947	0.056339	0.750000	0.575084
689	0.849630	0.038782	1.000000	0.423351
690	0.380413	0.076588	0.950000	0.664266
691	0.670980	0.093177	1.000000	0.633482
692	0.431501	0.088287	1.000000	0.683734
693	0.358098	0.069737	0.600000	0.652316
694	0.504862	0.125265	0.800000	0.693100
695	0.455057	0.044489	1.000000	0.689102
696	0.843859	0.062033	1.000000	0.433214
697	0.401773	0.047861	1.000000	0.673724
698	0.685752	0.064988	1.000000	0.622457
699	0.616519	0.068366	1.000000	0.665743
700	0.734239	0.053066	1.000000	0.578997
701	0.638938	0.071932	0.800000	0.654027
702	0.555959	0.124990	0.950000	0.686871
703	0.703032	0.104451	1.000000	0.608273
704	0.222466	0.050117	1.000000	0.530011
705	0.255180	0.043104	0.850000	0.567954
706	0.728858	0.058911	1.000000	0.584391
707	0.389165	0.063645	0.950000	0.668373
708	0.694552	0.054196	1.000000	0.615410
709	0.436547	0.125823	1.000000	0.685073
710	0.456106	0.087412	0.850000	0.689289
711	0.848510	0.040305	1.000000	0.425285
712	0.437279	0.057896	0.950000	0.685259
713	0.743162	0.087700	1.000000	0.569723
714	0.559263	0.060744	0.900000	0.686106
715	0.876844	0.088290	1.000000	0.373166
716	0.249362	0.088513	0.850000	0.561633
717	0.353774	0.079984	1.000000	0.649752
718	0.677058	0.093814	1.000000	0.629068
719	0.220600	0.043219	0.400000	0.527666
720	0.530764	0.076331	0.950000	0.691253
721	0.436937	0.052915	0.800000	0.685172
722	0.833229	0.037458	1.000000	0.450729
723	0.587064	0.063265	0.900000	0.677909
724	0.531402	0.124022	0.950000	0.691174
725	0.756236	0.057707	1.000000	0.555380
726	0.928387	0.041783	1.000000	0.257792
727	0.920540	0.028219	1.000000	0.277449
728	0.609234	0.073205	1.000000	0.669089
729	0.361334	0.040280	0.800000	0.654182
730	0.261605	0.068585	0.450000	0.574729
731	0.700153	0.071091	1.000000	0.610735
732	0.605167	0.046159	1.000000	0.670861
733	0.702078	0.050576	1.000000	0.609094
734	0.246762	0.070814	0.900000	0.558750
735	0.434629	0.106894	0.750000	0.684576
736	0.694625	0.067290	1.000000	0.615350
737	0.995908	0.003147	1.000000	0.026586
738	0.504050	0.043486	0.700000	0.693114
739	0.182572	0.025555	0.750000	0.475271
740	0.392703	0.081954	0.650000	0.669942
741	0.914772	0.029159	1.000000	0.291356
742	0.858056	0.029113	0.950000	0.408477
743	0.447828	0.071572	0.500000	0.687694
744	0.828750	0.041437	1.000000	0.457863
745	0.881321	0.043104	1.000000	0.364285
746	0.351439	0.088880	1.000000	0.648333
747	0.239811	0.058138	0.600000	0.550862
748	0.939246	0.014213	1.000000	0.229037
749	0.243337	0.058482	0.900000	0.554896
750	0.988526	0.009087	1.000000	0.062669
751	0.890873	0.042846	1.000000	0.344687
752	0.400361	0.066910	1.000000	0.673158
753	0.518930	0.038015	0.750000	0.692430
754	0.449136	0.084635	0.700000	0.687964
755	0.208676	0.098190	0.950000	0.512197
756	0.849482	0.041165	1.000000	0.423606
757	0.935054	0.015697	1.000000	0.240364
758	0.152350	0.036205	0.750000	0.426763
759	0.606624	0.099546	1.000000	0.670234
760	0.286029	0.053837	0.850000	0.598558
761	0.761900	0.071443	1.000000	0.548880
762	0.357486	0.063056	1.000000	0.651958
763	0.911001	0.025943	1.000000	0.300216
764	0.783547	0.052833	1.000000	0.522381
765	0.884860	0.044049	1.000000	0.357129
766	0.704666	0.045808	1.000000	0.606859
767	0.788449	0.044255	1.000000	0.516005
768	0.368214	0.077928	0.550000	0.657998
769	0.400408	0.126196	0.950000	0.673177
770	0.800666	0.057420	1.000000	0.499477
771	0.855929	0.065019	1.000000	0.412286
772	0.443552	0.069403	0.900000	0.686761
773	0.517206	0.078786	1.000000	0.692555
774	0.388153	0.047169	0.950000	0.667915
775	0.766225	0.097424	1.000000	0.543798
776	0.861589	0.025435	1.000000	0.402068
777	0.988301	0.012017	1.000000	0.063668
778	0.408528	0.062061	0.800000	0.676318
779	0.145675	0.036333	0.550000	0.415133
780	0.733712	0.064025	0.550000	0.579532
781	0.717215	0.086272	1.000000	0.595565
782	0.542891	0.061880	1.000000	0.689463
783	0.383802	0.050939	0.500000	0.665895
784	0.236538	0.031033	0.800000	0.547057
785	0.538087	0.088499	1.000000	0.690243
786	0.616367	0.108083	1.000000	0.665815
787	0.952714	0.012990	1.000000	0.190445
788	0.559260	0.101144	1.000000	0.686107
789	0.389837	0.051989	0.450000	0.668675
790	0.506233	0.107313	0.900000	0.693069
791	0.587414	0.098548	0.550000	0.677786
792	0.319782	0.043927	0.950000	0.626705
793	0.298875	0.075795	1.000000	0.609908
794	0.633480	0.068515	0.700000	0.657077
795	0.418888	0.133436	0.750000	0.679930
796	0.601798	0.080222	1.000000	0.672276
797	0.830034	0.040028	1.000000	0.455832
798	0.586057	0.043107	1.000000	0.678261
799	0.213360	0.055871	0.750000	0.518375
800	0.478398	0.033622	0.750000	0.692214
801	0.639910	0.124860	1.000000	0.653470
802	0.522147	0.077143	1.000000	0.692166
803	0.440382	0.035214	1.000000	0.686022
804	0.283671	0.077144	0.800000	0.596387
805	0.412515	0.096161	0.350000	0.677761
806	0.540653	0.078440	0.650000	0.689838
807	0.467810	0.083008	0.700000	0.691073
808	0.393942	0.063664	0.700000	0.670479
809	0.721339	0.036524	1.000000	0.591684
810	0.554658	0.080158	1.000000	0.687160
811	0.445717	0.065689	0.550000	0.687242
812	0.736899	0.064589	1.000000	0.576275
813	0.565919	0.073722	1.000000	0.684431
814	0.274872	0.047312	0.650000	0.588045
815	0.475961	0.048256	0.950000	0.691991
816	0.289874	0.097247	0.950000	0.602038
817	0.672709	0.041900	1.000000	0.632243
818	0.675174	0.072608	0.950000	0.630454
819	0.784476	0.041112	1.000000	0.521184
820	0.952623	0.025141	1.000000	0.190719
821	0.287675	0.041724	0.550000	0.600057
822	0.328448	0.073142	0.850000	0.633074
823	0.484955	0.081133	0.700000	0.692694
824	0.385137	0.039369	0.750000	0.666523
825	0.629562	0.054843	1.000000	0.659188
826	0.678373	0.085560	1.000000	0.628090
827	0.743475	0.043979	1.000000	0.569390
828	0.486327	0.149661	1.000000	0.692773
829	0.803817	0.050386	1.000000	0.495066
830	0.581256	0.057228	1.000000	0.679883
831	0.421517	0.048237	0.150000	0.680777
832	0.625539	0.076339	1.000000	0.661287
833	0.679877	0.040910	1.000000	0.626962
834	0.182061	0.037626	0.900000	0.474504
835	0.881202	0.030270	1.000000	0.364524
836	0.700333	0.066126	1.000000	0.610582
837	0.729049	0.045472	1.000000	0.584203
838	0.673173	0.070176	1.000000	0.631908
839	0.304105	0.088349	0.600000	0.614302
840	0.693138	0.064554	1.000000	0.616567
841	0.808330	0.035388	1.000000	0.488635
842	0.510018	0.064921	1.000000	0.692946
843	0.567802	0.058259	1.000000	0.683925
844	0.604543	0.053816	1.000000	0.671127
845	0.865131	0.040894	1.000000	0.395539
846	0.726765	0.084228	1.000000	0.586450
847	0.702562	0.114249	1.000000	0.608677
848	0.829430	0.079300	1.000000	0.456789
849	0.308973	0.062639	0.450000	0.618276
850	0.730152	0.073355	1.000000	0.583107
851	0.554791	0.072796	0.950000	0.687131
852	0.495659	0.091638	1.000000	0.693109
853	0.623568	0.049321	1.000000	0.662290
854	0.572089	0.088676	1.000000	0.682717
855	0.215297	0.053114	0.650000	0.520890
856	0.625697	0.076968	1.000000	0.661206
857	0.779206	0.079800	1.000000	0.527911
858	0.608015	0.042988	1.000000	0.669628
859	0.248654	0.057075	0.600000	0.560852
860	0.849185	0.077325	1.000000	0.424121
861	0.321019	0.044375	0.800000	0.627635
862	0.976116	0.010604	1.000000	0.112791
863	0.856458	0.033469	1.000000	0.411342
864	0.550520	0.053036	1.000000	0.688034
865	0.345068	0.065507	0.800000	0.644340
866	0.514792	0.064819	0.900000	0.692710
867	0.388321	0.058595	0.700000	0.667991
868	0.689468	0.066175	0.500000	0.619526
869	0.957028	0.013307	0.700000	0.177277
870	0.796918	0.046714	0.750000	0.504645
871	0.918958	0.029271	1.000000	0.281306
872	0.547372	0.125581	1.000000	0.688652
873	0.318750	0.064171	0.900000	0.625924
874	0.390740	0.095182	0.850000	0.669078
875	0.359407	0.071591	1.000000	0.653076
876	0.525593	0.122287	0.800000	0.691837
877	0.712866	0.054101	1.000000	0.599566
878	0.333231	0.069593	0.550000	0.636443
879	0.886121	0.031428	1.000000	0.354549
880	0.876424	0.032254	1.000000	0.373990
881	0.681805	0.071498	1.000000	0.625501
882	0.458970	0.080339	1.000000	0.689776
883	0.613068	0.098258	0.550000	0.667356
884	0.225146	0.075865	0.500000	0.533344
885	0.641057	0.099568	1.000000	0.652807
886	0.776613	0.049759	1.000000	0.531161
887	0.813675	0.067166	1.000000	0.480849
888	0.891110	0.030405	1.000000	0.344188
889	0.204830	0.051593	1.000000	0.507026
890	0.334126	0.054402	0.350000	0.637062
891	0.284283	0.028699	0.700000	0.596953
892	0.822663	0.054881	1.000000	0.467331
893	0.660760	0.079786	1.000000	0.640530
894	0.897412	0.026531	1.000000	0.330733
895	0.821121	0.048058	1.000000	0.469689
896	0.685743	0.053091	1.000000	0.622465
897	0.626763	0.087539	0.900000	0.660656
898	0.806207	0.038632	1.000000	0.491677
899	0.361264	0.085384	1.000000	0.654142
900	0.877959	0.038897	1.000000	0.370972
901	0.968449	0.025484	1.000000	0.140094
902	0.602068	0.132365	0.800000	0.672164
903	0.892842	0.045248	1.000000	0.340531
904	0.483523	0.087554	0.800000	0.692604
905	0.780313	0.065637	1.000000	0.526512
906	0.312858	0.046419	1.000000	0.621368
907	0.810559	0.102416	0.950000	0.485412
908	0.367464	0.061923	0.850000	0.657592
909	0.756983	0.038295	1.000000	0.554532
910	0.651999	0.105660	0.650000	0.646200
911	0.508704	0.082785	1.000000	0.692996
912	0.570996	0.082421	0.900000	0.683032
913	0.784207	0.056387	1.000000	0.521531
914	0.499680	0.073315	0.900000	0.693147
915	0.860895	0.028031	1.000000	0.403335
916	0.183000	0.057868	1.000000	0.475912
917	0.703648	0.123442	1.000000	0.607742
918	0.430070	0.067376	0.700000	0.683334
919	0.474973	0.157972	0.600000	0.691894
920	0.513724	0.105582	0.600000	0.692770
921	0.480792	0.052375	0.650000	0.692409
922	0.249377	0.027852	0.600000	0.561650
923	0.712821	0.060430	0.850000	0.599606
924	0.728706	0.083161	1.000000	0.584542
925	0.834860	0.020512	1.000000	0.448096
926	0.280146	0.086671	0.900000	0.593091
927	0.227895	0.069547	0.550000	0.536720
928	0.531717	0.061824	1.000000	0.691134
929	0.801411	0.055116	1.000000	0.498440
930	0.836777	0.044371	1.000000	0.444975
931	0.572142	0.089085	0.950000	0.682702
932	0.311219	0.052943	0.500000	0.620072
933	0.370681	0.095440	1.000000	0.659317
934	0.731575	0.099211	1.000000	0.581686
935	0.785835	0.048119	1.000000	0.519423
936	0.525266	0.114109	1.000000	0.691870
937	0.327961	0.073080	0.750000	0.632726
938	0.656439	0.064509	1.000000	0.643369
939	0.787940	0.099585	1.000000	0.516674
940	0.417614	0.075373	0.400000	0.679510
941	0.455820	0.081355	0.850000	0.689238
942	0.607099	0.127475	1.000000	0.670028
943	0.817271	0.058101	1.000000	0.475506
944	0.628050	0.089285	1.000000	0.659986
945	0.626480	0.064769	0.550000	0.660803
946	0.656680	0.078503	0.500000	0.643213
947	0.499464	0.065658	0.900000	0.693147
948	0.584492	0.069067	0.550000	0.678801
949	0.626645	0.069550	0.950000	0.660717
950	0.932136	0.049381	1.000000	0.248078
951	0.959074	0.048706	1.000000	0.170875
952	0.391701	0.045704	0.650000	0.669503
953	0.370757	0.095819	1.000000	0.659357
954	0.473684	0.109985	1.000000	0.691761
955	0.874952	0.034204	1.000000	0.376864
956	0.541404	0.074582	1.000000	0.689715
957	0.190558	0.069433	0.750000	0.487030
958	0.517843	0.036808	0.850000	0.692510
959	0.844519	0.064241	1.000000	0.432100
960	0.377934	0.073647	0.950000	0.663044
961	0.928616	0.019102	1.000000	0.257205
962	0.669807	0.048227	1.000000	0.634316
963	0.871163	0.023904	1.000000	0.384170
964	0.448754	0.039810	0.950000	0.687886
965	0.705216	0.096347	1.000000	0.606380
966	0.732254	0.042960	1.000000	0.581004
967	0.271761	0.060047	0.850000	0.585002
968	0.228234	0.064026	0.600000	0.537133
969	0.757975	0.092486	1.000000	0.553403
970	0.680793	0.047015	1.000000	0.626270
971	0.490167	0.083730	1.000000	0.692954
972	0.685860	0.062065	1.000000	0.622373
973	0.521227	0.071144	1.000000	0.692246
974	0.802464	0.061041	1.000000	0.496968
975	0.645014	0.084550	1.000000	0.650478
976	0.365761	0.076061	1.000000	0.656661
977	0.831497	0.058685	0.900000	0.453505
978	0.718827	0.059867	1.000000	0.594058
979	0.220278	0.044611	0.700000	0.527260
980	0.709885	0.073651	1.000000	0.602254
981	0.218272	0.089515	0.500000	0.524712
982	0.336014	0.040646	0.700000	0.638356
983	0.587181	0.079002	0.950000	0.677868
984	0.688974	0.073041	1.000000	0.619919
985	0.900115	0.026763	1.000000	0.324831
986	0.324909	0.085751	0.650000	0.630515
987	0.618112	0.112293	1.000000	0.664981
988	0.090308	0.046950	0.700000	0.303250
989	0.582147	0.072887	1.000000	0.679590
990	0.687017	0.078864	1.000000	0.621467
991	0.345754	0.064093	0.650000	0.644778
992	0.341456	0.082243	0.600000	0.641997
993	0.313431	0.090727	0.950000	0.621819
994	0.450621	0.053054	0.700000	0.688263
995	0.520208	0.039939	1.000000	0.692330
996	0.569872	0.071858	1.000000	0.683351
997	0.665187	0.076705	1.000000	0.637535
998	0.574943	0.070856	1.000000	0.681872
999	0.530185	0.060938	1.000000	0.691324
1000	0.945393	0.020270	1.000000	0.211862
1001	0.557263	0.096444	0.950000	0.686575
1002	0.207227	0.075068	0.800000	0.510260
1003	0.758548	0.049401	1.000000	0.552748
1004	0.284719	0.077039	0.650000	0.597356
1005	0.291267	0.110225	0.550000	0.603282
1006	0.820078	0.056182	1.000000	0.471275
1007	0.579420	0.074011	1.000000	0.680479
1008	0.280215	0.083577	0.950000	0.593156
1009	0.911054	0.050148	1.000000	0.300092
1010	0.652345	0.075135	1.000000	0.645983
1011	0.574174	0.042690	1.000000	0.682103
1012	0.554960	0.067937	0.850000	0.687094
1013	0.663035	0.090078	0.900000	0.639002
1014	0.506881	0.069138	1.000000	0.693052
1015	0.748262	0.097158	1.000000	0.564236
1016	0.880998	0.043281	1.000000	0.364931
1017	0.319030	0.032258	0.950000	0.626136
1018	0.331277	0.080443	1.000000	0.635079
1019	0.425811	0.117000	0.950000	0.682098
1020	0.252790	0.058636	0.800000	0.565379
1021	0.293305	0.049789	0.300000	0.605084
1022	0.335125	0.078511	0.450000	0.637749
1023	0.383786	0.076577	1.000000	0.665887
1024	0.511113	0.090181	1.000000	0.692900
1025	0.671566	0.057927	0.750000	0.633064
1026	0.915208	0.024090	1.000000	0.290320
1027	0.718544	0.065822	0.800000	0.594324
1028	0.247991	0.063816	0.900000	0.560117
1029	0.365276	0.046400	1.000000	0.656393
1030	0.635307	0.055296	1.000000	0.656071
1031	0.637405	0.069828	1.000000	0.654897
1032	0.595960	0.082190	1.000000	0.674616
1033	0.690975	0.050306	1.000000	0.618319
1034	0.517218	0.052037	0.500000	0.692554
1035	0.605414	0.065645	1.000000	0.670755
1036	0.852506	0.030015	1.000000	0.418337
1037	0.341902	0.042860	0.550000	0.642289
1038	0.944084	0.034276	1.000000	0.215578
1039	0.316337	0.080355	1.000000	0.624077
1040	0.731450	0.102336	0.850000	0.581812
1041	0.355182	0.090327	1.000000	0.650595
1042	0.356603	0.076706	1.000000	0.651438
1043	0.306563	0.085682	0.450000	0.616323
1044	0.964943	0.019251	1.000000	0.151903
1045	0.934500	0.025442	1.000000	0.241840
1046	0.367802	0.053962	0.800000	0.657775
1047	0.541927	0.056485	0.600000	0.689627
1048	0.769281	0.060862	1.000000	0.540143
1049	0.440042	0.058130	0.700000	0.685940
1050	0.911437	0.034903	1.000000	0.299201
1051	0.450111	0.162735	1.000000	0.688161
1052	0.399226	0.068648	0.300000	0.672697
1053	0.664200	0.066353	1.000000	0.638210
1054	0.185141	0.070832	0.550000	0.479101
1055	0.301512	0.054658	0.400000	0.612140
1056	0.307724	0.049345	0.850000	0.617268
1057	0.244136	0.049328	0.800000	0.555800
1058	0.653672	0.048707	1.000000	0.645144
1059	0.649440	0.082650	1.000000	0.647792
1060	0.585123	0.069065	1.000000	0.678584
1061	0.663340	0.115900	1.000000	0.638795
1062	0.981531	0.029728	1.000000	0.092020
1063	0.562214	0.102512	0.950000	0.685386
1064	0.867061	0.050011	1.000000	0.391936
1065	0.192363	0.066862	1.000000	0.489631
1066	0.710596	0.063171	1.000000	0.601617
1067	0.427977	0.165406	0.950000	0.682736
1068	0.302885	0.112321	1.000000	0.613289
1069	0.812494	0.035172	1.000000	0.482586
1070	0.320878	0.077832	0.600000	0.627530
1071	0.417602	0.146398	0.800000	0.679506
1072	0.282098	0.066178	0.950000	0.594924
1073	0.514307	0.069383	1.000000	0.692738
1074	0.839627	0.051152	1.000000	0.440287
1075	0.693680	0.109596	0.900000	0.616124
1076	0.341666	0.111067	0.850000	0.642134
1077	0.255039	0.109161	0.600000	0.567804
1078	0.426546	0.093350	0.900000	0.682317
1079	0.704080	0.077160	1.000000	0.607367
1080	0.455496	0.078306	0.950000	0.689181
1081	0.841541	0.045048	1.000000	0.437106
1082	0.389897	0.097793	0.850000	0.668702
1083	0.724210	0.059723	1.000000	0.588933
1084	0.499924	0.112202	1.000000	0.693147
1085	0.718046	0.077860	1.000000	0.594789
1086	0.331055	0.088979	1.000000	0.634923
1087	0.329353	0.085129	0.500000	0.633720
1088	0.848121	0.058753	1.000000	0.425955
1089	0.650109	0.053430	1.000000	0.647379
1090	0.793077	0.051641	1.000000	0.509851
1091	0.265120	0.055944	1.000000	0.578345
1092	0.634697	0.050920	1.000000	0.656408
1093	0.537429	0.101374	1.000000	0.690343
1094	0.391993	0.123442	1.000000	0.669631
1095	0.762229	0.049465	1.000000	0.548497
1096	0.168957	0.044252	0.950000	0.454228
1097	0.120890	0.037872	0.550000	0.368695
1098	0.384096	0.055230	0.750000	0.666034
1099	0.719714	0.076036	1.000000	0.593223
1100	0.263578	0.068379	1.000000	0.576766
1101	0.303764	0.102911	1.000000	0.614020
1102	0.231951	0.087117	0.400000	0.541623
1103	0.688005	0.085131	1.000000	0.620688
1104	0.430578	0.175036	1.000000	0.683477
1105	0.878926	0.036804	1.000000	0.369059
1106	0.389751	0.108684	0.800000	0.668637
1107	0.434204	0.063000	0.950000	0.684464
1108	0.238279	0.056830	0.900000	0.549088
1109	0.554462	0.054076	0.550000	0.687203
1110	0.442716	0.066223	0.950000	0.686570
1111	0.208259	0.111434	1.000000	0.511641
1112	0.328301	0.070237	0.950000	0.632969
1113	0.334220	0.117952	0.750000	0.637127
1114	0.307205	0.098523	0.700000	0.616846
1115	0.728535	0.101415	1.000000	0.584711
1116	0.781706	0.055135	1.000000	0.524740
1117	0.488948	0.090911	0.800000	0.692903
1118	0.892945	0.047069	1.000000	0.340313
1119	0.290074	0.071275	0.900000	0.602218
1120	0.191427	0.060476	0.450000	0.488285
1121	0.448816	0.079765	1.000000	0.687898
1122	0.349125	0.084123	0.800000	0.646903
1123	0.407628	0.106082	0.750000	0.675984
1124	0.573998	0.101051	0.950000	0.682155
1125	0.585062	0.052458	1.000000	0.678605
1126	0.818246	0.033157	1.000000	0.474042
1127	0.858884	0.043441	1.000000	0.406984
1128	0.953693	0.016306	1.000000	0.187494
1129	0.657580	0.080545	1.000000	0.642628
1130	0.936225	0.016432	0.500000	0.237232
1131	0.474334	0.076649	1.000000	0.691829
1132	0.620393	0.085913	1.000000	0.663871
1133	0.432843	0.098361	1.000000	0.684100
1134	0.687336	0.078825	0.700000	0.621215
1135	0.332773	0.120947	0.650000	0.636125
1136	0.513682	0.071501	0.950000	0.692773
1137	0.663142	0.045386	1.000000	0.638929
1138	0.384532	0.031163	0.700000	0.666239
1139	0.518151	0.125140	0.750000	0.692488
1140	0.939886	0.024259	1.000000	0.227280
1141	0.432768	0.086996	0.950000	0.684079
1142	0.381746	0.107861	0.750000	0.664912
1143	0.645105	0.100676	0.700000	0.650424
1144	0.809482	0.038562	1.000000	0.486973
1145	0.280479	0.054288	0.550000	0.593405
1146	0.431067	0.054753	0.600000	0.683613
1147	0.239470	0.074645	1.000000	0.550468
1148	0.111466	0.034048	0.750000	0.349569
1149	0.465512	0.078354	0.700000	0.690766
1150	0.848840	0.039934	1.000000	0.424716
1151	0.483075	0.076416	0.600000	0.692574
1152	0.539015	0.078103	1.000000	0.690100
1153	0.625700	0.085283	1.000000	0.661204
1154	0.894156	0.050063	1.000000	0.337738
1155	0.510951	0.067298	1.000000	0.692907
1156	0.564945	0.039472	1.000000	0.684688
1157	0.482002	0.078940	1.000000	0.692499
1158	0.343811	0.055123	0.600000	0.643531
1159	0.424300	0.083899	1.000000	0.681642
1160	0.499095	0.118346	1.000000	0.693146
1161	0.439824	0.140571	1.000000	0.685887
1162	0.300747	0.063588	1.000000	0.611496
1163	0.410937	0.056136	0.550000	0.677198
1164	0.375714	0.063469	0.550000	0.661927
1165	0.814262	0.052057	1.000000	0.479984
1166	0.368335	0.066317	0.850000	0.658064
1167	0.749530	0.076053	1.000000	0.562850
1168	0.602801	0.084221	1.000000	0.671859
1169	0.206712	0.073595	0.850000	0.509567
1170	0.777300	0.035629	1.000000	0.530304
1171	0.852363	0.043100	1.000000	0.418589
1172	0.274082	0.066802	0.650000	0.587277
1173	0.406709	0.054061	1.000000	0.675638
1174	0.483509	0.064439	0.850000	0.692603
1175	0.518939	0.140788	1.000000	0.692430
1176	0.728522	0.078046	1.000000	0.584724
1177	0.803771	0.097534	1.000000	0.495131
1178	0.703070	0.076256	1.000000	0.608241
1179	0.418190	0.072951	0.950000	0.679701
1180	0.622531	0.084901	1.000000	0.662811
1181	0.400280	0.070245	1.000000	0.673125
1182	0.256128	0.040759	0.900000	0.568968
1183	0.816144	0.033078	1.000000	0.477190
1184	0.526904	0.123939	0.950000	0.691699
1185	0.399285	0.117092	0.950000	0.672720
1186	0.751836	0.048886	1.000000	0.560309
1187	0.878318	0.052797	1.000000	0.370263
1188	0.499259	0.070440	1.000000	0.693146
1189	0.735939	0.046913	1.000000	0.577261
1190	0.705229	0.075692	1.000000	0.606368
1191	0.494301	0.165250	0.950000	0.693082
1192	0.206702	0.065311	0.600000	0.509555
1193	0.438177	0.134709	1.000000	0.685483
1194	0.499989	0.071565	1.000000	0.693147
1195	0.560751	0.043055	1.000000	0.685747
1196	0.337885	0.057751	0.500000	0.639623
1197	0.390747	0.089358	1.000000	0.669081
1198	0.275394	0.097690	0.900000	0.588551
1199	0.737152	0.069345	1.000000	0.576014
1200	0.117308	0.047999	0.800000	0.361527
1201	0.659616	0.112614	1.000000	0.641290
1202	0.802938	0.035583	1.000000	0.496302
1203	0.632918	0.068383	1.000000	0.657384
1204	0.226572	0.058720	0.450000	0.535101
1205	0.537662	0.083884	1.000000	0.690308
1206	0.627864	0.065857	0.950000	0.660083
1207	0.298045	0.082965	0.500000	0.609199
1208	0.570073	0.059252	0.550000	0.683294
1209	0.331355	0.058659	0.650000	0.635134
1210	0.333843	0.048647	0.550000	0.636867
1211	0.750079	0.086036	1.000000	0.562248
1212	0.422011	0.072347	0.950000	0.680933
1213	0.623911	0.082442	1.000000	0.662117
1214	0.357575	0.102706	0.900000	0.652010
1215	0.347145	0.059006	0.850000	0.645662
1216	0.405328	0.073864	1.000000	0.675113
1217	0.309179	0.077874	0.800000	0.618443
1218	0.569428	0.071527	1.000000	0.683475
1219	0.692849	0.070130	1.000000	0.616802
1220	0.886712	0.041058	1.000000	0.353334
1221	0.723647	0.039423	1.000000	0.589476
1222	0.787124	0.080068	1.000000	0.517742
1223	0.325264	0.075549	0.850000	0.630774
1224	0.577515	0.081972	1.000000	0.681081
1225	0.900750	0.022632	1.000000	0.323432
1226	0.595992	0.071427	1.000000	0.674603
1227	0.727646	0.133710	1.000000	0.585586
1228	0.727859	0.066902	0.850000	0.585377
1229	0.511582	0.075890	0.800000	0.692879
1230	0.652627	0.071608	1.000000	0.645805
1231	0.507496	0.074468	1.000000	0.693035
1232	0.460705	0.131600	1.000000	0.690056
1233	0.402596	0.104391	1.000000	0.674050
1234	0.440891	0.060821	0.900000	0.686143
1235	0.493388	0.075210	1.000000	0.693060
1236	0.903547	0.022842	1.000000	0.317219
1237	0.374853	0.070976	0.850000	0.661488
1238	0.721925	0.081548	0.800000	0.591126
1239	0.340780	0.096382	0.250000	0.641552
1240	0.605754	0.091323	0.950000	0.670610
1241	0.541632	0.122784	0.950000	0.689677
1242	0.461762	0.055458	0.600000	0.690220
1243	0.670434	0.038214	1.000000	0.633871
1244	0.734532	0.047982	1.000000	0.578699
1245	0.715283	0.059669	1.000000	0.597354
1246	0.431307	0.074856	0.600000	0.683680
1247	0.555117	0.063290	0.750000	0.687059
1248	0.931515	0.014288	1.000000	0.249702
1249	0.769349	0.079751	1.000000	0.540061
1250	0.687439	0.102588	1.000000	0.621134
1251	0.346704	0.082042	0.750000	0.645382
1252	0.443751	0.115415	1.000000	0.686806
1253	0.823513	0.026999	1.000000	0.466024
1254	0.480074	0.077497	0.750000	0.692353
1255	0.380718	0.056886	0.600000	0.664414
1256	0.928085	0.023459	1.000000	0.258565
1257	0.596957	0.135279	1.000000	0.674226
1258	0.368542	0.036506	0.300000	0.658175
1259	0.247486	0.042202	0.350000	0.559556
1260	0.788296	0.056939	0.700000	0.516206
1261	0.357737	0.058759	0.950000	0.652105
1262	0.661622	0.056971	1.000000	0.639954
1263	0.411406	0.064269	0.950000	0.677366
1264	0.872979	0.055244	1.000000	0.380685
1265	0.307453	0.046309	0.650000	0.617047
1266	0.632454	0.179787	1.000000	0.657637
1267	0.340499	0.063185	1.000000	0.641366
1268	0.524351	0.132488	0.850000	0.691961
1269	0.523307	0.072008	0.900000	0.692060
1270	0.639158	0.059479	1.000000	0.653901
1271	0.386570	0.073986	0.850000	0.667189
1272	0.490091	0.150286	0.900000	0.692951
1273	0.414813	0.069226	0.750000	0.678562
1274	0.364014	0.053359	1.000000	0.655693
1275	0.830164	0.059633	1.000000	0.455626
1276	0.502060	0.078533	1.000000	0.693139
1277	0.658436	0.063660	1.000000	0.642067
1278	0.694313	0.041414	1.000000	0.615606
1279	0.592641	0.059751	0.950000	0.675883
1280	0.906015	0.032050	1.000000	0.311662
1281	0.349240	0.097134	0.550000	0.646975
1282	0.379256	0.070966	0.800000	0.663699
1283	0.583958	0.038704	1.000000	0.678982
1284	0.216218	0.043608	0.850000	0.522079
1285	0.320557	0.069068	0.400000	0.627288
1286	0.210313	0.050211	0.450000	0.514371
1287	0.485159	0.047692	1.000000	0.692707
1288	0.352317	0.076412	0.550000	0.648869
1289	0.765947	0.115272	1.000000	0.544127
1290	0.572526	0.120742	1.000000	0.682590
1291	0.501683	0.104656	0.550000	0.693142
1292	0.681379	0.050482	1.000000	0.625825
1293	0.691641	0.069014	0.750000	0.617782
1294	0.268515	0.058312	0.700000	0.581776
1295	0.526181	0.146106	1.000000	0.691776
1296	0.811689	0.048303	1.000000	0.483765
1297	0.335669	0.056896	0.500000	0.638121
1298	0.253753	0.061974	0.550000	0.566421
1299	0.562881	0.096385	1.000000	0.685218
1300	0.047485	0.021038	0.500000	0.191044
1301	0.592849	0.086626	1.000000	0.675805
1302	0.444559	0.068240	0.850000	0.686987
1303	0.408271	0.064903	0.550000	0.676223
1304	0.276836	0.024508	0.750000	0.589940
1305	0.377996	0.116207	0.450000	0.663074
1306	0.303411	0.063633	0.700000	0.613727
1307	0.702174	0.069946	1.000000	0.609011
1308	0.252262	0.056363	1.000000	0.564806
1309	0.905533	0.072157	1.000000	0.312752
1310	0.610635	0.089488	1.000000	0.668463
1311	0.360589	0.067543	0.750000	0.653756
1312	0.984184	0.012156	1.000000	0.081274
1313	0.296043	0.085633	0.500000	0.607474
1314	0.878231	0.027014	0.500000	0.370435
1315	0.775184	0.027376	1.000000	0.532936
1316	0.735753	0.070705	1.000000	0.577452
1317	0.204997	0.041538	0.400000	0.507253
1318	0.827432	0.056869	1.000000	0.459934
1319	0.756675	0.033415	1.000000	0.554882
1320	0.592002	0.036755	1.000000	0.676122
1321	0.409754	0.043029	0.650000	0.676769
1322	0.147400	0.024129	0.500000	0.418172
1323	0.623338	0.090392	1.000000	0.662406
1324	0.818329	0.031945	1.000000	0.473919
1325	0.382739	0.062756	0.450000	0.665389
1326	0.283376	0.066129	0.900000	0.596114
1327	0.797896	0.064056	0.600000	0.503306
1328	0.701089	0.072518	1.000000	0.609939
1329	0.887911	0.041266	1.000000	0.350861
1330	0.862879	0.041522	1.000000	0.399703
1331	0.189683	0.038274	0.300000	0.485763
1332	0.602190	0.073069	1.000000	0.672114
1333	0.974246	0.008425	1.000000	0.119657
1334	0.237907	0.078536	0.850000	0.548655
1335	0.568992	0.143326	1.000000	0.683597
1336	0.934391	0.032295	1.000000	0.242130
1337	0.950842	0.025793	1.000000	0.196030
1338	0.433572	0.053185	0.600000	0.684296
1339	0.404059	0.040679	0.850000	0.674623
1340	0.928153	0.016800	1.000000	0.258390
1341	0.469909	0.056773	1.000000	0.691335
1342	0.718697	0.057527	1.000000	0.594180
1343	0.903077	0.024897	0.900000	0.318268
1344	0.624403	0.041907	1.000000	0.661867
1345	0.415313	0.103251	1.000000	0.678734
1346	0.406796	0.098786	0.700000	0.675671
1347	0.343512	0.052453	0.900000	0.643338
1348	0.633568	0.043637	1.000000	0.657029
1349	0.462713	0.082167	0.900000	0.690364
1350	0.692547	0.086768	1.000000	0.617048
1351	0.475345	0.108103	1.000000	0.691931
1352	0.541085	0.047598	1.000000	0.689767
1353	0.677610	0.066049	1.000000	0.628658
1354	0.555476	0.058455	1.000000	0.686979
1355	0.229147	0.067317	0.650000	0.538243
1356	0.482771	0.040656	1.000000	0.692553
1357	0.772390	0.067540	1.000000	0.536373
1358	0.566067	0.119279	0.950000	0.684392
1359	0.936534	0.021194	1.000000	0.236400
1360	0.637395	0.075669	1.000000	0.654902
1361	0.479243	0.056936	1.000000	0.692285
1362	0.809598	0.031245	1.000000	0.486805
1363	0.722870	0.053474	1.000000	0.590222
1364	0.688843	0.105534	0.950000	0.620023
1365	0.341043	0.168121	0.550000	0.641725
1366	0.466633	0.122604	0.400000	0.690919
1367	0.642484	0.092055	0.800000	0.651976
1368	0.250199	0.044228	0.800000	0.562554
1369	0.638988	0.088647	1.000000	0.653998
1370	0.723101	0.108689	1.000000	0.590001
1371	0.883148	0.037443	1.000000	0.360605
1372	0.534326	0.036842	1.000000	0.690789
1373	0.789649	0.101896	1.000000	0.514421
1374	0.293339	0.069226	0.900000	0.605114
1375	0.256028	0.097617	0.800000	0.568861
1376	0.804728	0.080972	1.000000	0.493778
1377	0.641520	0.062478	1.000000	0.652539
1378	0.800532	0.105741	1.000000	0.499664
1379	0.397883	0.084844	1.000000	0.672144
1380	0.866051	0.034488	1.000000	0.393825
1381	0.297124	0.056535	1.000000	0.608407
1382	0.426709	0.050793	0.750000	0.682365
1383	0.963580	0.023020	1.000000	0.156395
1384	0.882278	0.025589	1.000000	0.362361
1385	0.181260	0.029700	0.600000	0.473298
1386	0.896646	0.045901	1.000000	0.332391
1387	0.625372	0.085446	0.950000	0.661373
1388	0.501125	0.027876	0.750000	0.693145
1389	0.880161	0.030780	1.000000	0.366605
1390	0.250786	0.058479	0.400000	0.563197
1391	0.716793	0.060071	1.000000	0.595957
1392	0.699906	0.060851	1.000000	0.610944
1393	0.417522	0.060318	0.650000	0.679479
1394	0.412367	0.074405	1.000000	0.677708
1395	0.602524	0.061366	1.000000	0.671975
1396	0.916209	0.027243	1.000000	0.287933
1397	0.730059	0.086402	1.000000	0.583200
1398	0.381794	0.060504	0.850000	0.664936
1399	0.419733	0.063707	1.000000	0.680206
1400	0.384366	0.098255	0.950000	0.666161
1401	0.805365	0.052171	1.000000	0.492875
1402	0.461183	0.037859	0.650000	0.690131
1403	0.681225	0.069454	1.000000	0.625943
1404	0.899699	0.042068	1.000000	0.325744
1405	0.155172	0.047936	0.550000	0.431576
1406	0.649153	0.042960	1.000000	0.647969
1407	0.347673	0.052955	0.800000	0.645994
1408	0.584448	0.072493	0.850000	0.678816
1409	0.833322	0.050984	1.000000	0.450580
1410	0.867712	0.049969	1.000000	0.390712
1411	0.311608	0.081320	0.850000	0.620381
1412	0.409377	0.071477	0.550000	0.676631
1413	0.823660	0.028998	1.000000	0.465798
1414	0.677045	0.044003	1.000000	0.629077
1415	0.447883	0.060640	1.000000	0.687705
1416	0.196819	0.110570	0.450000	0.495961
1417	0.308323	0.070316	0.700000	0.617753
1418	0.717542	0.059845	1.000000	0.595260
1419	0.392434	0.077615	0.500000	0.669825
1420	0.667773	0.075359	1.000000	0.635744
1421	0.261523	0.069632	0.750000	0.574644
1422	0.328663	0.068966	0.450000	0.633227
1423	0.290403	0.088503	0.500000	0.602512
1424	0.820242	0.061875	1.000000	0.471026
1425	0.929837	0.040724	1.000000	0.254061
1426	0.562326	0.080031	0.550000	0.685358
1427	0.787742	0.043579	1.000000	0.516932
1428	0.987757	0.008323	1.000000	0.066073
1429	0.363748	0.097633	0.750000	0.655544
1430	0.255460	0.036765	0.600000	0.568254
1431	0.536494	0.069356	1.000000	0.690481
1432	0.613370	0.156485	1.000000	0.667217
1433	0.357109	0.077530	1.000000	0.651737
1434	0.270140	0.101331	0.950000	0.583398
1435	0.525651	0.164944	0.600000	0.691831
1436	0.682548	0.056721	0.650000	0.624934
1437	0.645801	0.047287	1.000000	0.650007
1438	0.962991	0.035099	1.000000	0.158318
1439	0.610776	0.070331	1.000000	0.668400
1440	0.735382	0.070466	1.000000	0.577832
1441	0.161785	0.033641	0.650000	0.442619
1442	0.745703	0.030318	0.550000	0.567007
1443	0.526165	0.059893	0.950000	0.691777
1444	0.384958	0.093035	0.350000	0.666439
1445	0.582314	0.080814	0.950000	0.679534
1446	0.119271	0.035328	0.350000	0.365470
1447	0.342416	0.092374	0.900000	0.642625
1448	0.651281	0.102129	1.000000	0.646650
1449	0.639453	0.132666	0.750000	0.653732
1450	0.727959	0.099931	1.000000	0.585279
1451	0.488041	0.072082	0.750000	0.692861
1452	0.502194	0.084959	1.000000	0.693138
1453	0.667444	0.098422	1.000000	0.635974
1454	0.241153	0.065958	0.200000	0.552405
1455	0.456287	0.089330	0.850000	0.689321
1456	0.359997	0.110498	0.650000	0.653417
1457	0.752996	0.036992	1.000000	0.559020
1458	0.256063	0.076831	0.500000	0.568898
1459	0.362638	0.069090	0.950000	0.654921
1460	0.342037	0.053695	0.950000	0.642377
1461	0.451126	0.052692	1.000000	0.688362
1462	0.586371	0.080644	1.000000	0.678152
1463	0.538262	0.072008	1.000000	0.690216
1464	0.651376	0.047177	1.000000	0.646590
1465	0.717047	0.048588	1.000000	0.595720
1466	0.825509	0.034193	1.000000	0.462936
1467	0.299947	0.107235	0.650000	0.610819
1468	0.678738	0.087488	0.600000	0.627817
1469	0.324045	0.071997	0.650000	0.629881
1470	0.328019	0.069231	0.950000	0.632767
1471	0.224639	0.055420	0.850000	0.532717
1472	0.404244	0.109045	1.000000	0.674695
1473	0.602401	0.102941	0.850000	0.672026
1474	0.352733	0.069263	0.950000	0.649122
1475	0.866790	0.036312	1.000000	0.392443
1476	0.678722	0.060523	1.000000	0.627829
1477	0.907433	0.038243	1.000000	0.308438
1478	0.563197	0.068718	0.650000	0.685138
1479	0.840901	0.033307	1.000000	0.438172
1480	0.216686	0.040381	0.550000	0.522681
1481	0.531716	0.077920	1.000000	0.691134
1482	0.535110	0.123441	0.950000	0.690680
1483	0.884937	0.038217	1.000000	0.356971
1484	0.500062	0.087860	1.000000	0.693147
1485	0.556287	0.051924	0.950000	0.686797
1486	0.190268	0.066388	0.950000	0.486612
1487	0.618963	0.098337	1.000000	0.664569
1488	0.538161	0.085533	1.000000	0.690232
1489	0.783921	0.103861	1.000000	0.521900
1490	0.639831	0.098596	1.000000	0.653515
1491	0.244844	0.037354	0.850000	0.556600
1492	0.494468	0.076613	1.000000	0.693086
1493	0.346400	0.117988	1.000000	0.645190
1494	0.385352	0.050651	0.450000	0.666623
1495	0.254150	0.052310	0.600000	0.566849
1496	0.630392	0.065088	1.000000	0.658747
1497	0.701921	0.062673	1.000000	0.609228
1498	0.667042	0.083835	1.000000	0.636254
1499	0.296707	0.102648	1.000000	0.608048
1500	0.274962	0.067715	0.550000	0.588132
1501	0.455092	0.061312	0.700000	0.689108
1502	0.734939	0.087770	1.000000	0.578284
1503	0.541894	0.068411	0.950000	0.689633
1504	0.809164	0.054108	1.000000	0.487433
1505	0.906482	0.053402	1.000000	0.310603
1506	0.395803	0.039867	0.750000	0.671273
1507	0.243258	0.079646	0.900000	0.554807
1508	0.730255	0.109114	1.000000	0.583005
1509	0.373306	0.064100	1.000000	0.660692
1510	0.143908	0.030220	1.000000	0.411994
1511	0.842681	0.097987	1.000000	0.435197
1512	0.439519	0.056792	1.000000	0.685813
1513	0.629030	0.061658	0.900000	0.659470
1514	0.580411	0.073338	1.000000	0.680159
1515	0.374013	0.036763	0.500000	0.661057
1516	0.489315	0.080187	0.800000	0.692919
1517	0.645968	0.067401	1.000000	0.649907
1518	0.493451	0.086194	0.600000	0.693061
1519	0.565558	0.059356	1.000000	0.684527
1520	0.232177	0.099609	1.000000	0.541894
1521	0.486237	0.076651	0.850000	0.692768
1522	0.653565	0.072086	1.000000	0.645212
1523	0.361218	0.091868	0.750000	0.654116
1524	0.670098	0.087068	1.000000	0.634110
1525	0.301217	0.081218	0.750000	0.611892
1526	0.574040	0.090011	1.000000	0.682143
1527	0.533121	0.039139	0.900000	0.690952
1528	0.442532	0.055049	0.700000	0.686527
1529	0.501071	0.105766	1.000000	0.693145
1530	0.599693	0.065439	0.950000	0.673136
1531	0.832102	0.037116	1.000000	0.452538
1532	0.455742	0.066997	0.500000	0.689225
1533	0.785932	0.078573	0.950000	0.519297
1534	0.396569	0.068520	1.000000	0.671596
1535	0.197597	0.056944	0.550000	0.497054
1536	0.568740	0.066555	0.600000	0.683667
1537	0.232723	0.042408	0.900000	0.542545
1538	0.887092	0.030052	1.000000	0.352552
1539	0.521589	0.084689	0.900000	0.692215
1540	0.580057	0.084301	1.000000	0.680274
1541	0.403286	0.084127	0.750000	0.674321
1542	0.384339	0.067116	0.450000	0.666148
1543	0.271373	0.093991	0.750000	0.584620
1544	0.814056	0.034437	1.000000	0.480288
1545	0.534637	0.100777	0.900000	0.690746
1546	0.432898	0.063216	0.800000	0.684115
1547	0.348178	0.076779	0.400000	0.646312
1548	0.987879	0.008749	1.000000	0.065534
1549	0.473388	0.034831	0.950000	0.691730
1550	0.413310	0.094428	0.400000	0.678041
1551	0.872275	0.035463	1.000000	0.382039
1552	0.773694	0.058803	1.000000	0.534774
1553	0.269595	0.086120	0.700000	0.582856
1554	0.739923	0.053366	1.000000	0.573137
1555	0.592762	0.058548	1.000000	0.675838
1556	0.799066	0.082409	1.000000	0.501695
1557	0.896136	0.026966	1.000000	0.333491
1558	0.461851	0.095764	1.000000	0.690234
1559	0.749393	0.090322	1.000000	0.563001
1560	0.673424	0.095684	1.000000	0.631727
1561	0.508654	0.105583	1.000000	0.692997
1562	0.698552	0.077539	1.000000	0.612086
1563	0.689892	0.105251	0.500000	0.619187
1564	0.356139	0.042279	1.000000	0.651165
1565	0.520117	0.087892	0.900000	0.692338
1566	0.565615	0.055828	1.000000	0.684512
1567	0.350040	0.073839	0.600000	0.647471
1568	0.337462	0.070364	0.500000	0.639337
1569	0.456762	0.066512	0.750000	0.689403
1570	0.211042	0.111602	0.650000	0.515334
1571	0.378430	0.061294	0.900000	0.663290
1572	0.561680	0.105933	0.950000	0.685519
1573	0.355874	0.079926	1.000000	0.651007
1574	0.405378	0.060772	0.900000	0.675132
1575	0.346183	0.030659	0.850000	0.645052
1576	0.746486	0.067971	1.000000	0.566163
1577	0.424887	0.033746	0.750000	0.681821
1578	0.652178	0.066236	1.000000	0.646088
1579	0.732089	0.038110	1.000000	0.581170
1580	0.819716	0.045824	1.000000	0.471824
1581	0.458208	0.079958	0.900000	0.689650
1582	0.644684	0.128619	0.950000	0.650676
1583	0.486854	0.050528	1.000000	0.692801
1584	0.143847	0.079948	0.550000	0.411885
1585	0.621543	0.113950	1.000000	0.663304
1586	0.573214	0.098390	1.000000	0.682388
1587	0.989411	0.007159	1.000000	0.058689
1588	0.819251	0.063401	1.000000	0.472527
1589	0.464531	0.074862	1.000000	0.690629
1590	0.428517	0.076561	0.850000	0.682893
1591	0.728913	0.055169	1.000000	0.584337
1592	0.903055	0.039950	1.000000	0.318318
1593	0.548375	0.081292	1.000000	0.688460
1594	0.945354	0.037086	1.000000	0.211973
1595	0.824563	0.065339	1.000000	0.464404
1596	0.536557	0.087453	0.600000	0.690472
1597	0.199840	0.035457	0.900000	0.500180
1598	0.773832	0.063421	1.000000	0.534604
1599	0.217934	0.036458	0.950000	0.524281
1600	0.635165	0.058487	1.000000	0.656149
1601	0.533429	0.072322	1.000000	0.690910
1602	0.603531	0.115489	1.000000	0.671554
1603	0.345956	0.049246	0.550000	0.644907
1604	0.570613	0.095537	1.000000	0.683141
1605	0.600846	0.056317	1.000000	0.672667
1606	0.744542	0.135059	1.000000	0.568252
1607	0.135591	0.047215	1.000000	0.396878
1608	0.867390	0.031034	1.000000	0.391319
1609	0.179019	0.051410	0.750000	0.469903
1610	0.638488	0.058478	1.000000	0.654283
1611	0.567945	0.048151	1.000000	0.683886
1612	0.250948	0.050403	0.900000	0.563374
1613	0.507687	0.046132	0.900000	0.693029
1614	0.603110	0.118019	1.000000	0.671730
1615	0.810686	0.106627	1.000000	0.485226
1616	0.462113	0.090882	1.000000	0.690274
1617	0.520421	0.069463	1.000000	0.692313
1618	0.695577	0.135974	0.950000	0.614565
1619	0.774852	0.069739	1.000000	0.533347
1620	0.413916	0.040521	1.000000	0.678252
1621	0.347651	0.056795	0.900000	0.645980
1622	0.503611	0.086031	0.950000	0.693121
1623	0.941912	0.043623	1.000000	0.221673
1624	0.300824	0.083121	0.850000	0.611561
1625	0.711954	0.072626	1.000000	0.600392
1626	0.573459	0.081935	0.950000	0.682316
1627	0.378593	0.073853	1.000000	0.663371
1628	0.871395	0.034672	1.000000	0.383725
1629	0.544605	0.088428	0.950000	0.689163
1630	0.339507	0.070712	0.650000	0.640708
1631	0.362303	0.040504	0.600000	0.654732
1632	0.833117	0.040271	0.550000	0.450908
1633	0.407404	0.050493	0.850000	0.675900
1634	0.240406	0.060808	0.750000	0.551548
1635	0.798385	0.090744	1.000000	0.502633
1636	0.396964	0.052888	0.550000	0.671761
1637	0.364025	0.060018	0.700000	0.655699
1638	0.753322	0.051056	1.000000	0.558656
1639	0.982818	0.010839	1.000000	0.086860
1640	0.635234	0.061566	1.000000	0.656111
1641	0.452111	0.087139	1.000000	0.688553
1642	0.443263	0.084993	1.000000	0.686695
1643	0.825263	0.035078	1.000000	0.463318
1644	0.307770	0.130300	1.000000	0.617305
1645	0.856704	0.029710	1.000000	0.410903
1646	0.532925	0.062354	1.000000	0.690977
1647	0.366982	0.064535	1.000000	0.657330
1648	0.507956	0.060190	0.450000	0.693021
1649	0.463302	0.112160	0.350000	0.690451
1650	0.673872	0.086537	1.000000	0.631403
1651	0.612993	0.061550	1.000000	0.667390
1652	0.389506	0.044868	0.950000	0.668527
1653	0.709992	0.067519	1.000000	0.602159
1654	0.414676	0.052323	1.000000	0.678515
1655	0.399262	0.095588	0.900000	0.672711
1656	0.523548	0.064361	0.800000	0.692038
1657	0.641563	0.088212	1.000000	0.652514
1658	0.259495	0.105805	0.750000	0.572528
1659	0.625357	0.093706	0.600000	0.661380
1660	0.507176	0.028788	0.750000	0.693044
1661	0.515802	0.055993	0.950000	0.692648
1662	0.568236	0.066161	1.000000	0.683806
1663	0.663139	0.066231	1.000000	0.638931
1664	0.751566	0.068265	1.000000	0.560609
1665	0.537862	0.079353	1.000000	0.690277
1666	0.931300	0.022640	1.000000	0.250264
1667	0.436811	0.075855	0.950000	0.685140
1668	0.482773	0.032682	0.850000	0.692554
1669	0.699819	0.086642	1.000000	0.611017
1670	0.512268	0.088276	1.000000	0.692846
1671	0.293310	0.061258	1.000000	0.605089
1672	0.368913	0.070807	0.750000	0.658374
1673	0.577352	0.047604	1.000000	0.681132
1674	0.472649	0.081435	1.000000	0.691650
1675	0.547783	0.130948	0.900000	0.688574
1676	0.635775	0.089973	1.000000	0.655810
1677	0.627089	0.114779	1.000000	0.660487
1678	0.564052	0.084838	1.000000	0.684919
1679	0.266706	0.058011	0.950000	0.579955
1680	0.553527	0.086944	0.650000	0.687406
1681	0.406241	0.086588	0.400000	0.675461
1682	0.826098	0.039646	1.000000	0.462019
1683	0.673612	0.084564	0.950000	0.631591
1684	0.607311	0.086605	1.000000	0.669936
1685	0.867564	0.025277	1.000000	0.390991
1686	0.389880	0.103918	0.700000	0.668694
1687	0.388055	0.049790	1.000000	0.667870
1688	0.479671	0.097026	0.800000	0.692320
1689	0.726207	0.041082	1.000000	0.586996
1690	0.889796	0.032977	1.000000	0.346941
1691	0.344407	0.097154	0.900000	0.643915
1692	0.820075	0.051351	0.800000	0.471280
1693	0.613384	0.112282	1.000000	0.667210
1694	0.351713	0.107317	1.000000	0.648501
1695	0.475256	0.097063	1.000000	0.691922
1696	0.633880	0.058136	1.000000	0.656858
1697	0.202733	0.073522	0.850000	0.504168
1698	0.556633	0.078576	1.000000	0.686719
1699	0.373063	0.065532	0.950000	0.660566
1700	0.383000	0.079338	0.650000	0.665514
1701	0.704938	0.049115	0.700000	0.606623
1702	0.465661	0.047571	0.700000	0.690787
1703	0.403349	0.064349	0.950000	0.674346
1704	0.461980	0.087236	1.000000	0.690253
1705	0.406755	0.061787	0.750000	0.675656
1706	0.230575	0.054094	0.900000	0.539971
1707	0.459689	0.102712	0.950000	0.689894
1708	0.461154	0.112016	0.650000	0.690126
1709	0.492432	0.072464	1.000000	0.693033
1710	0.573567	0.086084	1.000000	0.682284
1711	0.352928	0.056895	1.000000	0.649240
1712	0.365323	0.080577	0.800000	0.656419
1713	0.786568	0.040866	1.000000	0.518468
1714	0.382940	0.087153	0.950000	0.665485
1715	0.849893	0.054171	1.000000	0.422894
1716	0.136197	0.069950	0.350000	0.398000
1717	0.980306	0.010885	1.000000	0.096845
1718	0.483972	0.123890	0.950000	0.692633
1719	0.196927	0.078428	0.650000	0.496113
1720	0.497909	0.127254	1.000000	0.693138
1721	0.489213	0.146289	0.700000	0.692914
1722	0.323044	0.086625	0.750000	0.629143
1723	0.830711	0.079299	1.000000	0.454757
1724	0.767467	0.093580	1.000000	0.542319
1725	0.400820	0.060063	1.000000	0.673343
1726	0.400020	0.051836	0.950000	0.673020
1727	0.614577	0.079378	1.000000	0.666657
1728	0.615763	0.078707	1.000000	0.666100
1729	0.391692	0.057126	0.800000	0.669499
1730	0.750530	0.171993	0.950000	0.561752
1731	0.617061	0.037822	1.000000	0.665485
1732	0.844970	0.047323	1.000000	0.431337
1733	0.362511	0.064867	0.800000	0.654849
1734	0.403437	0.040248	0.950000	0.674381
1735	0.369209	0.038163	0.600000	0.658533
1736	0.794399	0.043767	1.000000	0.508070
1737	0.436791	0.077165	0.600000	0.685135
1738	0.436962	0.050474	1.000000	0.685179
1739	0.502814	0.135058	0.850000	0.693131
1740	0.668599	0.082933	1.000000	0.635167
1741	0.436446	0.044700	0.850000	0.685047
1742	0.613501	0.128074	1.000000	0.667156
1743	0.713520	0.064572	1.000000	0.598969
1744	0.997295	0.001798	1.000000	0.018696
1745	0.734450	0.049516	1.000000	0.578782
1746	0.412391	0.070777	1.000000	0.677717
1747	0.247327	0.050625	0.850000	0.559380
1748	0.775946	0.064031	1.000000	0.531991
1749	0.393204	0.036907	1.000000	0.670160
1750	0.493376	0.096992	0.900000	0.693059
1751	0.238838	0.049276	0.750000	0.549737
1752	0.267391	0.051331	0.850000	0.580646
1753	0.513150	0.106718	1.000000	0.692801
1754	0.418577	0.068246	1.000000	0.679829
1755	0.795125	0.036704	1.000000	0.507087
1756	0.265178	0.027710	0.950000	0.578403
1757	0.428080	0.137269	1.000000	0.682766
1758	0.640527	0.067819	1.000000	0.653114
1759	0.500573	0.084635	1.000000	0.693147
1760	0.897694	0.018103	1.000000	0.330120
1761	0.245791	0.050204	0.950000	0.557664
1762	0.321117	0.054178	0.800000	0.627708
1763	0.075146	0.033711	0.450000	0.266750
1764	0.822927	0.057946	1.000000	0.466927
1765	0.727553	0.091280	1.000000	0.585678
1766	0.898928	0.042809	1.000000	0.327431
1767	0.598379	0.117749	0.650000	0.673664
1768	0.491926	0.091520	1.000000	0.693017
1769	0.453693	0.074049	0.650000	0.688852
1770	0.336826	0.086132	0.350000	0.638908
1771	0.548922	0.102605	0.850000	0.688353
1772	0.757258	0.068081	1.000000	0.554220
1773	0.309792	0.055312	0.900000	0.618934
1774	0.558740	0.055463	1.000000	0.686230
1775	0.329647	0.124792	0.550000	0.633928
1776	0.338435	0.073924	0.700000	0.639992
1777	0.620914	0.095435	1.000000	0.663615
1778	0.548108	0.052481	0.950000	0.688511
1779	0.245709	0.048666	0.550000	0.557572
1780	0.295440	0.063803	1.000000	0.606951
1781	0.429831	0.088806	0.900000	0.683267
1782	0.179514	0.051621	0.350000	0.470655
1783	0.769014	0.046191	1.000000	0.540465
1784	0.819923	0.036252	1.000000	0.471510
1785	0.648141	0.078867	1.000000	0.648590
1786	0.415919	0.048723	1.000000	0.678941
1787	0.338149	0.107239	0.950000	0.639800
1788	0.838809	0.062906	1.000000	0.441640
1789	0.404396	0.060762	0.950000	0.674754
1790	0.636267	0.111163	0.850000	0.655536
1791	0.178519	0.054533	0.900000	0.469141
1792	0.760874	0.029005	1.000000	0.550070
1793	0.574357	0.112934	1.000000	0.682048
1794	0.630421	0.144701	0.850000	0.658731
1795	0.678045	0.058846	1.000000	0.628335
1796	0.587681	0.082790	0.950000	0.677692
1797	0.463813	0.052858	1.000000	0.690526
1798	0.889284	0.030720	1.000000	0.348009
1799	0.917016	0.082845	1.000000	0.285998
1800	0.518540	0.057685	1.000000	0.692460
1801	0.334042	0.094366	0.700000	0.637004
1802	0.701982	0.056894	1.000000	0.609176
1803	0.578002	0.068470	1.000000	0.680929
1804	0.805444	0.055279	1.000000	0.492763
1805	0.311503	0.081783	0.950000	0.620298
1806	0.942444	0.045758	1.000000	0.220189
1807	0.653794	0.074383	1.000000	0.645066
1808	0.602022	0.111028	1.000000	0.672183
1809	0.345908	0.058413	0.950000	0.644876
1810	0.861321	0.035504	0.500000	0.402557
1811	0.596749	0.054411	0.950000	0.674308
1812	0.561970	0.082584	1.000000	0.685447
1813	0.468230	0.081859	1.000000	0.691127
1814	0.361255	0.062206	0.400000	0.654137
1815	0.921517	0.023188	1.000000	0.275048
1816	0.306649	0.094055	0.650000	0.616394
1817	0.586890	0.052247	1.000000	0.677970
1818	0.305007	0.091337	0.500000	0.615047
1819	0.335519	0.078944	0.750000	0.638018
1820	0.557505	0.069722	0.950000	0.686519
1821	0.973279	0.010677	1.000000	0.123153
1822	0.765522	0.040672	1.000000	0.544631
1823	0.557702	0.097399	1.000000	0.686473
1824	0.494025	0.074483	1.000000	0.693076
1825	0.308493	0.062780	0.600000	0.617890
1826	0.345588	0.111267	0.900000	0.644672
1827	0.678551	0.075849	0.750000	0.627957
1828	0.928663	0.036316	1.000000	0.257083
1829	0.731771	0.043918	1.000000	0.581489
1830	0.336098	0.062049	1.000000	0.638413
1831	0.724923	0.047646	0.550000	0.588243
1832	0.623495	0.071429	1.000000	0.662327
1833	0.444784	0.053279	0.700000	0.687037
1834	0.432069	0.072053	0.950000	0.683889
1835	0.264633	0.048253	0.700000	0.577847
1836	0.677207	0.083378	1.000000	0.628956
1837	0.939919	0.025278	1.000000	0.227190
1838	0.195036	0.070834	0.650000	0.493443
1839	0.886820	0.043452	1.000000	0.353113
1840	0.286009	0.069404	0.550000	0.598539
1841	0.442505	0.080345	0.900000	0.686521
1842	0.229020	0.087165	0.650000	0.538089
1843	0.770704	0.047556	0.600000	0.538424
1844	0.420065	0.100648	1.000000	0.680313
1845	0.429123	0.061488	0.700000	0.683066
1846	0.361638	0.106813	0.550000	0.654355
1847	0.871327	0.028991	1.000000	0.383856
1848	0.472843	0.076153	0.450000	0.691671
1849	0.638885	0.110954	1.000000	0.654057
1850	0.344841	0.048539	1.000000	0.644194
1851	0.711864	0.083494	0.950000	0.600474
1852	0.279690	0.072890	0.550000	0.592660
1853	0.920838	0.023009	1.000000	0.276717
1854	0.121205	0.043544	0.250000	0.369319
1855	0.631303	0.081316	1.000000	0.658259
1856	0.717664	0.071715	1.000000	0.595146
1857	0.201551	0.050069	0.950000	0.502545
1858	0.813234	0.040421	1.000000	0.481499
1859	0.698202	0.075826	1.000000	0.612380
1860	0.305878	0.050354	0.500000	0.615763
1861	0.558683	0.071521	1.000000	0.686244
1862	0.900929	0.013823	1.000000	0.323036
1863	0.776652	0.070951	0.750000	0.531113
1864	0.244827	0.084914	0.450000	0.556581
1865	0.294721	0.075870	0.900000	0.606325
1866	0.622715	0.067147	1.000000	0.662719
1867	0.341637	0.057140	1.000000	0.642115
1868	0.571101	0.074592	0.450000	0.683002
1869	0.455985	0.123330	0.800000	0.689267
1870	0.568655	0.086191	0.950000	0.683690
1871	0.432251	0.111937	0.850000	0.683939
1872	0.136445	0.053945	0.550000	0.398457
1873	0.704323	0.084994	1.000000	0.607157
1874	0.513875	0.080078	1.000000	0.692762
1875	0.822376	0.058565	0.900000	0.467771
1876	0.555562	0.061765	1.000000	0.686960
1877	0.267567	0.035235	0.500000	0.580823
1878	0.505847	0.097597	1.000000	0.693079
1879	0.619898	0.106617	0.900000	0.664114
1880	0.368355	0.116977	0.800000	0.658074
1881	0.545427	0.083498	1.000000	0.689014
1882	0.859036	0.037458	1.000000	0.406709
1883	0.369603	0.114248	0.300000	0.658744
1884	0.698872	0.072945	1.000000	0.611817
1885	0.281971	0.062515	0.400000	0.594806
1886	0.319434	0.073253	1.000000	0.626442
1887	0.219380	0.078259	0.800000	0.526123
1888	0.481320	0.077069	0.900000	0.692449
1889	0.917796	0.050935	1.000000	0.284120
1890	0.410006	0.049239	0.950000	0.676861
1891	0.866251	0.042038	0.800000	0.393451
1892	0.758538	0.064526	1.000000	0.552759
1893	0.267685	0.065595	0.950000	0.580942
1894	0.670082	0.040758	1.000000	0.634121
1895	0.668480	0.033654	1.000000	0.635250
1896	0.344115	0.054808	0.800000	0.643727
1897	0.645047	0.063379	0.350000	0.650459
1898	0.359676	0.100350	0.400000	0.653232
1899	0.829849	0.031009	1.000000	0.456125
1900	0.315069	0.051282	0.850000	0.623097
1901	0.623377	0.185281	1.000000	0.662387
1902	0.224913	0.050353	0.650000	0.533056
1903	0.147565	0.047277	0.600000	0.418462
1904	0.703177	0.069375	1.000000	0.608148
1905	0.372195	0.050826	1.000000	0.660114
1906	0.697514	0.057087	1.000000	0.612956
1907	0.780840	0.100371	1.000000	0.525843
1908	0.842594	0.051011	1.000000	0.435343
1909	0.675147	0.079625	1.000000	0.630473
1910	0.370878	0.113568	1.000000	0.659422
1911	0.431952	0.064047	1.000000	0.683857
1912	0.584332	0.103469	1.000000	0.678855
1913	0.555039	0.051525	1.000000	0.687076
1914	0.333889	0.059278	0.750000	0.636899
1915	0.599807	0.041657	1.000000	0.673090
1916	0.591599	0.066266	0.950000	0.676271
1917	0.614058	0.095130	1.000000	0.666898
1918	0.293157	0.060048	0.500000	0.604954
1919	0.315206	0.086774	0.750000	0.623203
1920	0.764598	0.077551	1.000000	0.545721
1921	0.686723	0.054688	1.000000	0.621698
1922	0.546632	0.070251	1.000000	0.688792
1923	0.578746	0.081330	1.000000	0.680693
1924	0.626393	0.060731	1.000000	0.660848
1925	0.305141	0.099560	0.900000	0.615157
1926	0.732098	0.045856	1.000000	0.581161
1927	0.481186	0.088601	0.950000	0.692439
1928	0.558957	0.080443	1.000000	0.686179
1929	0.471601	0.130317	1.000000	0.691533
1930	0.463117	0.046860	1.000000	0.690424
1931	0.552591	0.089466	0.900000	0.687605
1932	0.927118	0.032471	1.000000	0.261032
1933	0.353279	0.065370	1.000000	0.649453
1934	0.674231	0.080625	1.000000	0.631142
1935	0.197843	0.098575	0.500000	0.497398
1936	0.708097	0.060148	1.000000	0.603847
1937	0.370601	0.060737	0.550000	0.659275
1938	0.794273	0.054912	1.000000	0.508240
1939	0.475758	0.085630	1.000000	0.691971
1940	0.823812	0.039039	1.000000	0.465564
1941	0.369557	0.103245	0.550000	0.658719
1942	0.894099	0.024474	0.800000	0.337859
1943	0.222206	0.067538	0.800000	0.529686
1944	0.314010	0.064629	0.350000	0.622272
1945	0.166715	0.038075	0.500000	0.450639
1946	0.228795	0.061704	0.800000	0.537816
1947	0.760881	0.040189	1.000000	0.550062
1948	0.474413	0.167564	1.000000	0.691837
1949	0.518661	0.103130	0.950000	0.692451
1950	0.464809	0.091057	0.600000	0.690668
1951	0.487742	0.083056	0.600000	0.692847
1952	0.566639	0.083140	1.000000	0.684239
1953	0.311295	0.065369	1.000000	0.620133
1954	0.279626	0.075643	0.850000	0.592600
1955	0.322797	0.057567	0.900000	0.628960
1956	0.822973	0.043939	1.000000	0.466855
1957	0.292348	0.096143	0.600000	0.604240
1958	0.448040	0.050893	1.000000	0.687738
1959	0.418510	0.030950	0.550000	0.679807
1960	0.572423	0.073329	1.000000	0.682620
1961	0.423355	0.072890	0.500000	0.681352
1962	0.635860	0.076042	1.000000	0.655763
1963	0.266417	0.095313	0.650000	0.579662
1964	0.550448	0.090500	1.000000	0.688048
1965	0.479429	0.098292	1.000000	0.692301
1966	0.880428	0.020276	1.000000	0.366071
1967	0.295560	0.041017	0.600000	0.607055
1968	0.883081	0.039135	1.000000	0.360742
1969	0.668468	0.061244	0.400000	0.635258
1970	0.955560	0.011501	0.800000	0.181806
1971	0.684202	0.045388	1.000000	0.623661
1972	0.494586	0.130834	0.600000	0.693089
1973	0.436596	0.065954	0.800000	0.685085
1974	0.834522	0.043924	1.000000	0.448643
1975	0.824127	0.033813	1.000000	0.465077
1976	0.871030	0.051770	1.000000	0.384424
1977	0.349665	0.065180	0.750000	0.647239
1978	0.652952	0.140540	0.850000	0.645600
1979	0.560329	0.077022	1.000000	0.685850
1980	0.813533	0.063566	1.000000	0.481059
1981	0.174617	0.038963	0.800000	0.463132
1982	0.646225	0.142499	0.950000	0.649752
1983	0.490577	0.081977	0.650000	0.692970
1984	0.735537	0.045615	1.000000	0.577673
1985	0.932015	0.039917	1.000000	0.248395
1986	0.645703	0.062430	0.550000	0.650066
1987	0.882231	0.027269	1.000000	0.362456
1988	0.371976	0.073080	0.700000	0.659999
1989	0.619235	0.071652	0.900000	0.664437
1990	0.686028	0.052032	1.000000	0.622242
1991	0.282403	0.058240	0.900000	0.595208
1992	0.885741	0.025239	0.600000	0.355329
1993	0.443160	0.079691	0.550000	0.686672
1994	0.459712	0.056160	0.900000	0.689897
1995	0.746678	0.048954	1.000000	0.565955
1996	0.485785	0.100743	1.000000	0.692743
1997	0.832753	0.036246	1.000000	0.451494
1998	0.373156	0.079029	1.000000	0.660614
1999	0.781641	0.113787	1.000000	0.524823
2000	0.519120	0.099625	1.000000	0.692416
2001	0.179362	0.042609	0.650000	0.470424
2002	0.321764	0.040074	0.550000	0.628192
2003	0.569518	0.095566	1.000000	0.683450
2004	0.138138	0.024604	0.500000	0.401569
2005	0.121785	0.076921	0.850000	0.370466
2006	0.797056	0.105130	0.600000	0.504456
2007	0.219852	0.058141	0.500000	0.526720
2008	0.282935	0.063950	1.000000	0.595704
2009	0.692541	0.043639	1.000000	0.617052
2010	0.450287	0.036158	0.700000	0.688196
2011	0.782371	0.111252	1.000000	0.523890
2012	0.256332	0.038927	0.800000	0.569185
2013	0.294524	0.040779	0.950000	0.606153
2014	0.360057	0.056424	0.700000	0.653451
2015	0.797675	0.038403	1.000000	0.503609
2016	0.511817	0.112858	1.000000	0.692868
2017	0.198256	0.036805	0.500000	0.497975
2018	0.868452	0.023992	1.000000	0.389319
2019	0.811854	0.048627	1.000000	0.483523
2020	0.870166	0.027619	1.000000	0.386071
2021	0.926861	0.030635	1.000000	0.261684
2022	0.472102	0.022575	0.600000	0.691590
2023	0.794282	0.038682	1.000000	0.508228
2024	0.799688	0.069622	1.000000	0.500834
2025	0.271898	0.039906	0.650000	0.585138
2026	0.240930	0.060078	0.650000	0.552149
2027	0.803512	0.059301	1.000000	0.495496
2028	0.329062	0.069132	1.000000	0.633512
2029	0.681218	0.088013	1.000000	0.625948
2030	0.730937	0.070549	0.700000	0.582325
2031	0.701034	0.079745	1.000000	0.609986
2032	0.606111	0.105299	0.950000	0.670456
2033	0.750162	0.041833	1.000000	0.562157
2034	0.770373	0.086581	1.000000	0.538826
2035	0.941257	0.056549	1.000000	0.223494
2036	0.496158	0.055113	1.000000	0.693118
2037	0.342104	0.071500	0.850000	0.642421
2038	0.190045	0.098770	0.750000	0.486289
2039	0.747300	0.082729	1.000000	0.565282
2040	0.753194	0.071609	1.000000	0.558799
2041	0.668685	0.078941	1.000000	0.635106
2042	0.708788	0.074027	0.950000	0.603233
2043	0.364126	0.055144	0.700000	0.655755
2044	0.696632	0.085156	1.000000	0.613691
2045	0.889751	0.035997	0.800000	0.347035
2046	0.777920	0.081152	1.000000	0.529528
2047	0.788403	0.055988	1.000000	0.516065
2048	0.208719	0.026087	0.800000	0.512254
2049	0.184986	0.055876	0.400000	0.478870
2050	0.447385	0.069047	0.900000	0.687600
2051	0.738084	0.077731	1.000000	0.575052
2052	0.265578	0.083806	1.000000	0.578811
2053	0.621555	0.063077	0.900000	0.663298
2054	0.448570	0.071598	0.950000	0.687848
2055	0.673950	0.059987	1.000000	0.631346
2056	0.409252	0.081434	0.500000	0.676585
2057	0.651064	0.082185	1.000000	0.646786
2058	0.470277	0.090560	0.900000	0.691379
2059	0.698995	0.092730	1.000000	0.611713
2060	0.436346	0.050879	0.950000	0.685021
2061	0.761493	0.100508	1.000000	0.549353
2062	0.922551	0.029617	1.000000	0.272494
2063	0.525052	0.084841	0.800000	0.691891
2064	0.401200	0.059138	0.950000	0.673495
2065	0.804720	0.054422	0.750000	0.493789
2066	0.252809	0.058279	0.850000	0.565400
2067	0.209841	0.085504	0.400000	0.513746
2068	0.443995	0.062549	0.900000	0.686861
2069	0.337642	0.116642	0.800000	0.639459
2070	0.305996	0.057855	1.000000	0.615859
2071	0.169884	0.077022	0.500000	0.455702
2072	0.273851	0.089953	0.850000	0.587052
2073	0.793860	0.035570	1.000000	0.508797
2074	0.669247	0.120252	1.000000	0.634711
2075	0.874784	0.058548	1.000000	0.377190
2076	0.249368	0.047914	0.550000	0.561640
2077	0.750522	0.093809	0.950000	0.561761
2078	0.393547	0.087634	1.000000	0.670308
2079	0.764167	0.059145	1.000000	0.546228
2080	0.672346	0.080458	0.600000	0.632505
2081	0.680651	0.050163	1.000000	0.626378
2082	0.946492	0.017749	1.000000	0.208718
2083	0.148339	0.059927	0.600000	0.419816
2084	0.602302	0.092116	1.000000	0.672067
2085	0.527651	0.067968	1.000000	0.691617
2086	0.646353	0.041544	1.000000	0.649675
2087	0.804559	0.060393	0.950000	0.494017
2088	0.189789	0.081713	0.550000	0.485917
2089	0.804785	0.042975	1.000000	0.493697
2090	0.550972	0.091860	1.000000	0.687942
2091	0.547179	0.096300	0.450000	0.688689
2092	0.207759	0.061823	0.800000	0.510973
2093	0.518961	0.060711	1.000000	0.692428
2094	0.892454	0.031860	1.000000	0.341354
2095	0.460769	0.080618	0.600000	0.690066
2096	0.639006	0.083725	1.000000	0.653988
2097	0.248391	0.077476	1.000000	0.560560
2098	0.553545	0.051501	0.950000	0.687402
2099	0.302768	0.040707	0.850000	0.613191
2100	0.488666	0.120877	0.900000	0.692890
2101	0.332194	0.090498	0.800000	0.635722
2102	0.615906	0.131337	1.000000	0.666033
2103	0.535516	0.078372	0.950000	0.690622
2104	0.133733	0.036782	0.500000	0.393423
2105	0.846065	0.042159	1.000000	0.429475
2106	0.300497	0.060293	0.950000	0.611285
2107	0.829392	0.108651	0.950000	0.456849
2108	0.563446	0.044022	0.950000	0.685075
2109	0.573215	0.107671	0.950000	0.682388
2110	0.699600	0.075918	1.000000	0.611203
2111	0.526250	0.086924	1.000000	0.691768
2112	0.783984	0.043954	1.000000	0.521819
2113	0.606220	0.056556	1.000000	0.670409
2114	0.117990	0.053637	0.300000	0.362900
2115	0.965876	0.007634	0.550000	0.148799
2116	0.782447	0.059720	1.000000	0.523793
2117	0.529011	0.050613	0.600000	0.691463
2118	0.470324	0.091922	1.000000	0.691385
2119	0.716954	0.077079	1.000000	0.595807
2120	0.571891	0.060275	1.000000	0.682774
2121	0.240490	0.045130	0.550000	0.551645
2122	0.614104	0.068567	1.000000	0.666877
2123	0.963960	0.018622	1.000000	0.155148
2124	0.714575	0.056503	0.850000	0.598004
2125	0.828644	0.034859	1.000000	0.458030
2126	0.738701	0.105690	0.950000	0.574411
2127	0.804992	0.045992	1.000000	0.493403
2128	0.364644	0.084620	1.000000	0.656043
2129	0.744548	0.033481	1.000000	0.568246
2130	0.460944	0.044319	1.000000	0.690093
2131	0.818842	0.101638	1.000000	0.473145
2132	0.167334	0.059747	0.300000	0.451634
2133	0.558474	0.107875	1.000000	0.686293
2134	0.412887	0.113597	1.000000	0.677892
2135	0.844992	0.038352	1.000000	0.431298
2136	0.556416	0.068212	0.950000	0.686768
2137	0.713730	0.053348	1.000000	0.598778
2138	0.377344	0.087200	0.500000	0.662749
2139	0.413271	0.044000	0.650000	0.678027
2140	0.808226	0.043604	1.000000	0.488785
2141	0.538452	0.061328	1.000000	0.690187
2142	0.469257	0.059107	1.000000	0.691256
2143	0.512219	0.116131	1.000000	0.692849
2144	0.642650	0.058277	1.000000	0.651878
2145	0.656270	0.101344	1.000000	0.643478
2146	0.493174	0.080638	1.000000	0.693054
2147	0.764280	0.028622	1.000000	0.546096
2148	0.916757	0.023048	1.000000	0.286620
2149	0.491554	0.099712	0.700000	0.693005
2150	0.369682	0.052522	0.650000	0.658786
2151	0.807982	0.036357	1.000000	0.489135
2152	0.351346	0.045457	0.400000	0.648276
2153	0.360851	0.036351	0.700000	0.653906
2154	0.345366	0.058151	0.950000	0.644531
2155	0.301375	0.112060	0.950000	0.612025
2156	0.824723	0.040308	1.000000	0.464156
2157	0.863565	0.074455	1.000000	0.398438
2158	0.696166	0.109658	1.000000	0.614078
2159	0.799396	0.163705	1.000000	0.501238
2160	0.488703	0.077011	0.750000	0.692892
2161	0.277064	0.083036	1.000000	0.590159
2162	0.472119	0.106464	0.950000	0.691592
2163	0.786997	0.040313	1.000000	0.517908
2164	0.821067	0.058252	1.000000	0.469771
2165	0.415754	0.082594	0.550000	0.678885
2166	0.581189	0.086457	0.900000	0.679905
2167	0.773202	0.054573	1.000000	0.535379
2168	0.375209	0.061354	0.950000	0.661670
2169	0.608084	0.075601	1.000000	0.669597
2170	0.785656	0.054594	1.000000	0.519655
2171	0.423411	0.113782	1.000000	0.681369
2172	0.534145	0.077642	1.000000	0.690814
2173	0.758758	0.039330	1.000000	0.552507
2174	0.128387	0.053488	0.500000	0.383308
2175	0.321538	0.116804	1.000000	0.628024
2176	0.351933	0.085467	0.800000	0.648635
2177	0.188254	0.050583	0.750000	0.483682
2178	0.588775	0.061467	0.700000	0.677301
2179	0.225740	0.105250	0.800000	0.534078
2180	0.961374	0.016494	1.000000	0.163553
2181	0.339493	0.092242	1.000000	0.640699
2182	0.651780	0.062829	1.000000	0.646338
2183	0.347046	0.081855	0.800000	0.645599
2184	0.129709	0.070706	0.750000	0.385834
2185	0.327151	0.051385	0.600000	0.632143
2186	0.180855	0.042435	0.750000	0.472688
2187	0.256837	0.031681	0.750000	0.569723
2188	0.760476	0.062769	1.000000	0.550531
2189	0.330721	0.096118	0.850000	0.634688
2190	0.849988	0.036417	1.000000	0.422730
2191	0.853705	0.050201	1.000000	0.416229
2192	0.726300	0.051409	0.350000	0.586904
2193	0.487509	0.146484	0.600000	0.692835
2194	0.592562	0.101399	1.000000	0.675913
2195	0.905540	0.036260	1.000000	0.312737
2196	0.271277	0.054953	0.400000	0.584525
2197	0.461456	0.124206	1.000000	0.690173
2198	0.463524	0.124398	1.000000	0.690484
2199	0.320971	0.057789	0.950000	0.627599
2200	0.339072	0.032244	0.850000	0.640418
2201	0.417548	0.103592	0.800000	0.679488
2202	0.560091	0.095964	1.000000	0.685908
2203	0.622810	0.086656	0.800000	0.662672
2204	0.777025	0.044730	1.000000	0.530647
2205	0.639077	0.106000	1.000000	0.653947
2206	0.732246	0.047812	1.000000	0.581012
2207	0.431305	0.084615	0.750000	0.683679
2208	0.403335	0.108181	0.900000	0.674341
2209	0.254017	0.066004	0.650000	0.566705
2210	0.462919	0.032657	0.550000	0.690395
2211	0.641415	0.034824	1.000000	0.652600
2212	0.234879	0.047725	0.550000	0.545105
2213	0.419404	0.099770	0.800000	0.680099
2214	0.736887	0.067704	1.000000	0.576288
2215	0.886615	0.037269	1.000000	0.353534
2216	0.586065	0.052619	0.700000	0.678259
2217	0.655716	0.104387	1.000000	0.643836
2218	0.669009	0.091935	1.000000	0.634878
2219	0.304882	0.068234	0.950000	0.614945
2220	0.442199	0.125795	0.950000	0.686450
2221	0.919066	0.035035	1.000000	0.281044
2222	0.470118	0.089721	1.000000	0.691360
2223	0.210032	0.039826	0.900000	0.513999
2224	0.568828	0.074214	1.000000	0.683643
2225	0.777381	0.026112	1.000000	0.530202
2226	0.404651	0.093639	0.650000	0.674852
2227	0.436116	0.048110	0.950000	0.684963
2228	0.742659	0.068740	1.000000	0.570257
2229	0.558477	0.055133	0.850000	0.686292
2230	0.903896	0.024938	1.000000	0.316438
2231	0.784881	0.064983	1.000000	0.520660
2232	0.281535	0.084573	0.800000	0.594397
2233	0.805645	0.071656	1.000000	0.492476
2234	0.892005	0.084757	1.000000	0.342304
2235	0.686667	0.058387	0.650000	0.621742
2236	0.927901	0.021615	0.750000	0.259034
2237	0.246704	0.101174	0.550000	0.558685
2238	0.671953	0.058782	1.000000	0.632787
2239	0.593173	0.054681	1.000000	0.675683
2240	0.383266	0.060686	0.900000	0.665640
2241	0.417737	0.054733	0.400000	0.679551
2242	0.511353	0.087584	1.000000	0.692889
2243	0.665113	0.084581	1.000000	0.637586
2244	0.533534	0.136388	0.950000	0.690896
2245	0.553283	0.083616	1.000000	0.687458
2246	0.478124	0.068206	1.000000	0.692190
2247	0.384592	0.104158	0.950000	0.666267
2248	0.616801	0.082924	0.900000	0.665609
2249	0.704219	0.106791	1.000000	0.607247
2250	0.811953	0.065111	1.000000	0.483378
2251	0.448478	0.079033	0.850000	0.687829
2252	0.450858	0.108667	1.000000	0.688309
2253	0.688082	0.045363	1.000000	0.620626
2254	0.763481	0.039441	1.000000	0.547034
2255	0.486795	0.082604	1.000000	0.692798
2256	0.713104	0.044707	1.000000	0.599349
2257	0.906690	0.091208	1.000000	0.310130
2258	0.955373	0.011197	1.000000	0.182379
2259	0.748830	0.084998	0.700000	0.563617
2260	0.594318	0.094595	0.450000	0.675248
2261	0.457587	0.097352	1.000000	0.689545
2262	0.723295	0.079080	1.000000	0.589815
2263	0.316389	0.101042	0.950000	0.624117
2264	0.540759	0.118659	1.000000	0.689821
2265	0.671700	0.063279	0.700000	0.632968
2266	0.463752	0.075786	1.000000	0.690517
2267	0.400854	0.100024	0.800000	0.673356
2268	0.464366	0.096443	0.950000	0.690606
2269	0.723608	0.097506	1.000000	0.589514
2270	0.756507	0.053853	0.950000	0.555073
2271	0.723282	0.084331	1.000000	0.589827
2272	0.564552	0.053404	1.000000	0.684790
2273	0.381256	0.098778	0.950000	0.664676
2274	0.825936	0.051598	1.000000	0.462271
2275	0.773395	0.045937	1.000000	0.535142
2276	0.415097	0.065972	0.900000	0.678660
2277	0.588279	0.069324	0.650000	0.677479
2278	0.297064	0.057624	0.850000	0.608356
2279	0.733859	0.060390	1.000000	0.579383
2280	0.713927	0.085569	1.000000	0.598598
2281	0.819314	0.058736	1.000000	0.472431
2282	0.461621	0.066271	0.850000	0.690198
2283	0.312544	0.044029	0.650000	0.621121
2284	0.828475	0.071388	1.000000	0.458296
2285	0.478435	0.089694	1.000000	0.692217
2286	0.423063	0.071465	0.950000	0.681261
2287	0.452872	0.111876	1.000000	0.688699
2288	0.608082	0.081791	1.000000	0.669598
2289	0.545946	0.064955	1.000000	0.688919
2290	0.603667	0.105540	1.000000	0.671497
2291	0.431527	0.050584	0.600000	0.683741
2292	0.589629	0.061557	1.000000	0.676993
2293	0.545978	0.136111	0.850000	0.688913
2294	0.298231	0.116621	0.800000	0.609358
2295	0.729951	0.124624	1.000000	0.583307
2296	0.959102	0.015772	0.450000	0.170789
2297	0.451522	0.050835	1.000000	0.688440
2298	0.586385	0.060001	0.450000	0.678147
2299	0.862258	0.096694	1.000000	0.400843
2300	0.562823	0.069299	1.000000	0.685233
2301	0.556451	0.089705	1.000000	0.686760
2302	0.814497	0.055241	1.000000	0.479635
2303	0.538484	0.049477	1.000000	0.690182
2304	0.628142	0.064811	1.000000	0.659937
2305	0.639909	0.097717	0.550000	0.653471
2306	0.651557	0.127805	0.950000	0.646477
2307	0.231900	0.062761	0.900000	0.541562
2308	0.697777	0.059838	1.000000	0.612736
2309	0.934926	0.014194	0.550000	0.240705
2310	0.843785	0.045731	1.000000	0.433340
2311	0.194259	0.070454	0.650000	0.492340
2312	0.472231	0.046724	1.000000	0.691604
2313	0.348728	0.086615	1.000000	0.646656
2314	0.441558	0.056502	0.700000	0.686301
2315	0.456328	0.057416	1.000000	0.689328
2316	0.468604	0.074747	0.800000	0.691175
2317	0.417306	0.047400	1.000000	0.679407
2318	0.754981	0.043919	1.000000	0.556797
2319	0.694897	0.041803	1.000000	0.615126
2320	0.452100	0.160908	0.900000	0.688551
2321	0.397893	0.057666	1.000000	0.672148
2322	0.635120	0.041393	1.000000	0.656175
2323	0.319012	0.078272	0.950000	0.626123
2324	0.626196	0.140368	0.950000	0.660949
2325	0.555810	0.043418	1.000000	0.686905
2326	0.689421	0.072272	1.000000	0.619563
2327	0.773385	0.052567	1.000000	0.535153
2328	0.890330	0.029030	1.000000	0.345825
2329	0.590505	0.087238	1.000000	0.676674
2330	0.773439	0.056636	0.950000	0.535087
2331	0.300928	0.046343	0.250000	0.611649
2332	0.992557	0.004092	1.000000	0.043891
2333	0.458286	0.112340	1.000000	0.689663
2334	0.269198	0.061675	0.700000	0.582460
2335	0.528710	0.043984	0.950000	0.691498
2336	0.559709	0.073278	1.000000	0.686000
2337	0.871141	0.046879	1.000000	0.384213
2338	0.210974	0.054200	0.650000	0.515245
2339	0.415825	0.075608	0.750000	0.678909
2340	0.787729	0.032375	1.000000	0.516951
2341	0.431767	0.066827	0.600000	0.683807
2342	0.532626	0.073983	0.600000	0.691017
2343	0.725385	0.060887	0.300000	0.587796
2344	0.369310	0.129684	1.000000	0.658588
2345	0.188006	0.046878	0.850000	0.483319
2346	0.520393	0.034587	0.800000	0.692315
2347	0.654781	0.087477	1.000000	0.644437
2348	0.402529	0.046027	0.900000	0.674024
2349	0.393130	0.097776	1.000000	0.670128
2350	0.698021	0.046296	1.000000	0.612532
2351	0.660224	0.051917	1.000000	0.640887
2352	0.477478	0.065497	1.000000	0.692132
2353	0.742178	0.033298	1.000000	0.570766
2354	0.803873	0.044144	1.000000	0.494986
2355	0.593059	0.117766	1.000000	0.675726
2356	0.372727	0.111323	0.950000	0.660391
2357	0.181813	0.088343	0.800000	0.474131
2358	0.479964	0.126448	1.000000	0.692344
2359	0.247077	0.095501	0.350000	0.559101
2360	0.437557	0.059967	0.800000	0.685329
2361	0.134420	0.039337	0.400000	0.394703
2362	0.709349	0.046598	1.000000	0.602734
2363	0.942980	0.023085	1.000000	0.218688
2364	0.710792	0.064063	1.000000	0.601441
2365	0.928206	0.019384	1.000000	0.258254
2366	0.444221	0.087310	0.650000	0.686912
2367	0.880796	0.024484	1.000000	0.365336
2368	0.655212	0.053404	1.000000	0.644161
2369	0.729563	0.114751	1.000000	0.583693
2370	0.403392	0.087190	1.000000	0.674363
2371	0.778450	0.038529	0.750000	0.528862
2372	0.440111	0.046950	0.800000	0.685957
2373	0.811343	0.049161	1.000000	0.484270
2374	0.871990	0.028790	1.000000	0.382586
2375	0.366614	0.061249	0.650000	0.657129
2376	0.282324	0.083836	0.400000	0.595135
2377	0.349255	0.075372	0.950000	0.646984
2378	0.726661	0.075415	1.000000	0.586552
2379	0.859239	0.049995	1.000000	0.406342
2380	0.584106	0.079549	1.000000	0.678932
2381	0.397002	0.108809	0.650000	0.671778
2382	0.787723	0.037632	1.000000	0.516958
2383	0.639858	0.086317	0.900000	0.653500
2384	0.833809	0.037642	0.650000	0.449795
2385	0.463855	0.069080	0.900000	0.690532
2386	0.564715	0.092062	1.000000	0.684748
2387	0.905443	0.025078	1.000000	0.312956
2388	0.362691	0.063318	0.550000	0.654951
2389	0.609735	0.067636	1.000000	0.668866
2390	0.951520	0.031246	1.000000	0.194014
2391	0.685609	0.082092	1.000000	0.622569
2392	0.647843	0.055206	0.650000	0.648772
2393	0.405531	0.045174	0.550000	0.675191
2394	0.757695	0.053545	0.300000	0.553722
2395	0.538991	0.096772	0.900000	0.690104
2396	0.886860	0.045937	1.000000	0.353031
2397	0.822884	0.094730	1.000000	0.466991
2398	0.463670	0.071719	0.850000	0.690505
2399	0.445068	0.081716	0.700000	0.687100
2400	0.456453	0.142633	0.700000	0.689350
2401	0.548255	0.069921	0.950000	0.688483
2402	0.571622	0.066362	0.600000	0.682852
2403	0.305944	0.067450	1.000000	0.615817
2404	0.292987	0.051173	0.500000	0.604804
2405	0.756786	0.076307	1.000000	0.554757
2406	0.310648	0.047001	0.400000	0.619618
2407	0.522242	0.079225	1.000000	0.692157
2408	0.802723	0.051461	1.000000	0.496605
2409	0.401481	0.108126	1.000000	0.673608
2410	0.205864	0.054200	0.800000	0.508425
2411	0.556625	0.044910	1.000000	0.686721
2412	0.275327	0.070646	0.500000	0.588485
2413	0.605438	0.053845	1.000000	0.670745
2414	0.193087	0.039492	0.550000	0.490669
2415	0.663682	0.083636	1.000000	0.638563
2416	0.437636	0.077508	0.750000	0.685348
2417	0.248011	0.050452	0.550000	0.560140
2418	0.430855	0.056243	0.900000	0.683555
2419	0.801710	0.045431	1.000000	0.498022
2420	0.438123	0.069248	0.900000	0.685470
2421	0.729179	0.080314	1.000000	0.584074
2422	0.519859	0.073102	1.000000	0.692358
2423	0.550867	0.085980	0.750000	0.687963
2424	0.352197	0.060970	1.000000	0.648796
2425	0.562968	0.083248	1.000000	0.685196
2426	0.310019	0.073112	0.550000	0.619116
2427	0.988638	0.004417	1.000000	0.062169
2428	0.740256	0.091103	1.000000	0.572789
2429	0.271941	0.045995	0.600000	0.585180
2430	0.288247	0.068721	0.700000	0.600575
2431	0.882426	0.035627	1.000000	0.362064
2432	0.455251	0.078866	0.650000	0.689137
2433	0.498076	0.140151	0.900000	0.693140
2434	0.474493	0.077355	1.000000	0.691845
2435	0.373914	0.039376	0.500000	0.661006
2436	0.160534	0.060047	0.400000	0.440554
2437	0.518614	0.080645	1.000000	0.692454
2438	0.261249	0.072808	0.900000	0.574359
2439	0.515860	0.073033	1.000000	0.692644
2440	0.689305	0.070113	1.000000	0.619656
2441	0.631882	0.071690	1.000000	0.657946
2442	0.280335	0.079727	1.000000	0.593269
2443	0.801566	0.057491	1.000000	0.498223
2444	0.371946	0.088459	0.800000	0.659983
2445	0.170570	0.044113	0.600000	0.456789
2446	0.663813	0.063168	1.000000	0.638474
2447	0.541481	0.107155	0.900000	0.689702
2448	0.352124	0.063278	0.650000	0.648752
2449	0.323812	0.053175	0.750000	0.629710
2450	0.069562	0.019447	0.350000	0.252504
2451	0.882018	0.028087	1.000000	0.362886
2452	0.675365	0.096683	1.000000	0.630314
2453	0.362842	0.083733	1.000000	0.655036
2454	0.468265	0.066232	1.000000	0.691132
2455	0.209565	0.033043	1.000000	0.513380
2456	0.432171	0.058424	0.850000	0.683917
2457	0.457722	0.077172	0.650000	0.689568
2458	0.355055	0.071105	1.000000	0.650520
2459	0.804124	0.051000	1.000000	0.494632
2460	0.589785	0.076332	0.950000	0.676937
2461	0.532015	0.091744	1.000000	0.691096
2462	0.678525	0.113346	0.750000	0.627976
2463	0.343394	0.054940	1.000000	0.643261
2464	0.413744	0.059681	0.950000	0.678192
2465	0.522453	0.076660	1.000000	0.692139
2466	0.298805	0.062414	0.950000	0.609848
2467	0.833184	0.044469	1.000000	0.450802
2468	0.654037	0.100045	1.000000	0.644911
2469	0.519722	0.078858	0.950000	0.692369
2470	0.459651	0.049652	0.850000	0.689887
2471	0.674569	0.101948	1.000000	0.630895
2472	0.785401	0.038172	1.000000	0.519986
2473	0.829236	0.064769	1.000000	0.457096
2474	0.766949	0.060716	1.000000	0.542937
2475	0.473161	0.069207	0.700000	0.691706
2476	0.709193	0.055686	1.000000	0.602873
2477	0.877049	0.065772	1.000000	0.372763
2478	0.774784	0.038835	1.000000	0.533431
2479	0.355746	0.085290	0.450000	0.650931
2480	0.358332	0.049107	1.000000	0.652452
2481	0.462973	0.046931	1.000000	0.690403
2482	0.513748	0.077400	1.000000	0.692769
2483	0.385153	0.076741	0.700000	0.666531
2484	0.902394	0.038511	1.000000	0.319790
2485	0.818345	0.047684	1.000000	0.473894
2486	0.413080	0.090145	1.000000	0.677960
2487	0.293688	0.067006	0.500000	0.605421
2488	0.420498	0.067749	0.700000	0.680452
2489	0.359982	0.071000	0.650000	0.653408
2490	0.717720	0.038228	1.000000	0.595094
2491	0.229283	0.081817	0.750000	0.538408
2492	0.764515	0.058959	1.000000	0.545820
2493	0.428856	0.097600	0.900000	0.682990
2494	0.320758	0.051954	0.550000	0.627439
2495	0.373982	0.126831	0.700000	0.661041
2496	0.855387	0.063814	1.000000	0.413250
2497	0.427740	0.093598	0.950000	0.682667
2498	0.480345	0.119194	1.000000	0.692374
2499	0.612972	0.090071	1.000000	0.667400
2500	0.536871	0.066857	0.700000	0.690426
2501	0.637840	0.068770	1.000000	0.654651
2502	0.661252	0.080999	1.000000	0.640202
2503	0.898524	0.037760	1.000000	0.328314
2504	0.473682	0.043939	1.000000	0.691761
2505	0.417992	0.074013	0.650000	0.679636
2506	0.874295	0.057064	1.000000	0.378140
2507	0.924709	0.022508	1.000000	0.267114
2508	0.690355	0.101916	1.000000	0.618816
2509	0.800696	0.059924	0.750000	0.499436
2510	0.622540	0.053921	1.000000	0.662807
2511	0.449046	0.125282	0.800000	0.687945
2512	0.283982	0.093269	0.700000	0.596675
2513	0.595529	0.122560	1.000000	0.674783
2514	0.557165	0.058669	1.000000	0.686597
2515	0.595520	0.090036	0.700000	0.674786
2516	0.413032	0.076124	0.650000	0.677943
2517	0.291611	0.053228	0.300000	0.603588
2518	0.602856	0.098496	0.900000	0.671837
2519	0.641036	0.050187	1.000000	0.652820
2520	0.939953	0.027196	1.000000	0.227098
2521	0.488729	0.058079	1.000000	0.692893
2522	0.703689	0.035826	1.000000	0.607706
2523	0.286818	0.067801	0.750000	0.599278
2524	0.535454	0.086413	0.950000	0.690631
2525	0.605371	0.042459	1.000000	0.670774
2526	0.837544	0.037603	1.000000	0.443720
2527	0.606248	0.074011	1.000000	0.670397
2528	0.835027	0.079570	1.000000	0.447824
2529	0.354738	0.119140	1.000000	0.650331
2530	0.579212	0.068465	0.400000	0.680545
2531	0.472677	0.148634	1.000000	0.691653
2532	0.437556	0.042558	0.950000	0.685328
2533	0.398835	0.069122	0.950000	0.672537
2534	0.382566	0.074252	0.350000	0.665306
2535	0.657480	0.073200	1.000000	0.642693
2536	0.979112	0.011998	1.000000	0.101474
2537	0.601696	0.074555	0.650000	0.672318
2538	0.601063	0.164218	1.000000	0.672578
2539	0.544618	0.060926	1.000000	0.689160
2540	0.357397	0.057803	0.650000	0.651906
2541	0.410235	0.060205	0.800000	0.676944
2542	0.351026	0.038697	0.450000	0.648079
2543	0.976646	0.014213	1.000000	0.110818
2544	0.561374	0.072181	0.950000	0.685595
2545	0.736652	0.112682	1.000000	0.576530
2546	0.890374	0.053268	1.000000	0.345734
2547	0.260063	0.045167	0.600000	0.573123
2548	0.474302	0.078187	0.650000	0.691826
2549	0.527728	0.058642	0.900000	0.691609
2550	0.952428	0.019886	1.000000	0.191304
2551	0.377746	0.123214	0.500000	0.662950
2552	0.183440	0.075416	0.650000	0.476570
2553	0.902932	0.036391	1.000000	0.318592
2554	0.793146	0.057218	1.000000	0.509759
2555	0.736563	0.044787	1.000000	0.576621
2556	0.548190	0.075848	1.000000	0.688495
2557	0.256672	0.064931	0.950000	0.569547
2558	0.764524	0.044987	1.000000	0.545809
2559	0.564852	0.071941	0.900000	0.684712
2560	0.482985	0.101247	0.650000	0.692568
2561	0.568524	0.091701	1.000000	0.683726
2562	0.280982	0.056272	1.000000	0.593879
2563	0.773647	0.065101	1.000000	0.534831
2564	0.472816	0.049181	0.750000	0.691669
2565	0.343578	0.064956	0.550000	0.643381
2566	0.712953	0.043515	1.000000	0.599487
2567	0.138528	0.037621	0.500000	0.402282
2568	0.440858	0.260441	0.750000	0.686135
2569	0.989140	0.007287	1.000000	0.059918
2570	0.435555	0.076538	0.950000	0.684818
2571	0.487165	0.087201	1.000000	0.692818
2572	0.850947	0.043289	1.000000	0.421062
2573	0.722495	0.044724	1.000000	0.590582
2574	0.951982	0.023449	1.000000	0.192637
2575	0.367682	0.069265	0.950000	0.657710
2576	0.771093	0.061930	1.000000	0.537953
2577	0.816678	0.049220	1.000000	0.476393
2578	0.598378	0.095101	1.000000	0.673664
2579	0.491138	0.072317	0.800000	0.692990
2580	0.863797	0.044820	1.000000	0.398010
2581	0.947439	0.029200	1.000000	0.205987
2582	0.884299	0.051533	1.000000	0.358271
2583	0.545282	0.061766	0.800000	0.689041
2584	0.708418	0.056358	0.900000	0.603562
2585	0.383724	0.065157	0.950000	0.665858
2586	0.512374	0.114515	0.900000	0.692841
2587	0.499288	0.095008	1.000000	0.693146
2588	0.752790	0.063230	1.000000	0.559250
2589	0.877658	0.036018	1.000000	0.371565
2590	0.161889	0.062161	0.450000	0.442789
2591	0.532844	0.071238	1.000000	0.690988
2592	0.479090	0.122313	0.850000	0.692273
2593	0.772641	0.063537	1.000000	0.536065
2594	0.546114	0.082423	0.600000	0.688888
2595	0.628584	0.056069	1.000000	0.659705
2596	0.561286	0.072228	1.000000	0.685616
2597	0.806199	0.088703	1.000000	0.491688
2598	0.817270	0.048041	1.000000	0.475507
2599	0.666234	0.084859	1.000000	0.636814
2600	0.853956	0.075601	1.000000	0.415785
2601	0.776381	0.063219	1.000000	0.531450
2602	0.645799	0.073345	1.000000	0.650008
2603	0.293803	0.035366	0.700000	0.605522
2604	0.869906	0.047647	1.000000	0.386565
2605	0.499446	0.082851	1.000000	0.693147
2606	0.513935	0.084129	1.000000	0.692759
2607	0.284122	0.060467	0.900000	0.596805
2608	0.876590	0.053682	1.000000	0.373665
2609	0.507884	0.053868	0.900000	0.693023
2610	0.610488	0.054786	1.000000	0.668529
2611	0.680229	0.089919	0.850000	0.626697
2612	0.631297	0.129969	1.000000	0.658262
2613	0.930906	0.020384	0.700000	0.251290
2614	0.257176	0.040151	0.800000	0.570083
2615	0.284877	0.059776	0.650000	0.597501
2616	0.446327	0.062246	1.000000	0.687375
2617	0.958717	0.019261	1.000000	0.172000
2618	0.254209	0.078087	0.450000	0.566912
2619	0.358157	0.128836	0.850000	0.652351
2620	0.394112	0.056465	0.900000	0.670552
2621	0.251952	0.045070	1.000000	0.564470
2622	0.472443	0.097037	1.000000	0.691628
2623	0.538929	0.067002	1.000000	0.690113
2624	0.526836	0.106046	0.950000	0.691706
2625	0.247905	0.043929	0.750000	0.560021
2626	0.979725	0.012685	1.000000	0.099106
2627	0.122060	0.027865	0.800000	0.371010
2628	0.823948	0.063911	1.000000	0.465354
2629	0.406237	0.104428	0.650000	0.675460
2630	0.742921	0.114236	1.000000	0.569980
2631	0.700980	0.036675	1.000000	0.610032
2632	0.494192	0.074532	1.000000	0.693080
2633	0.565655	0.051650	1.000000	0.684501
2634	0.510528	0.045405	1.000000	0.692925
2635	0.722802	0.071105	1.000000	0.590288
2636	0.590811	0.093380	1.000000	0.676562
2637	0.382701	0.110155	1.000000	0.665371
2638	0.398687	0.084597	0.950000	0.672476
2639	0.714793	0.077066	1.000000	0.597804
2640	0.385176	0.077016	1.000000	0.666541
2641	0.713197	0.062012	0.850000	0.599264
2642	0.435056	0.107935	0.700000	0.684688
2643	0.886838	0.049855	1.000000	0.353076
2644	0.262942	0.037306	0.450000	0.576112
2645	0.766003	0.027913	1.000000	0.544061
2646	0.575277	0.072767	0.650000	0.681771
2647	0.658479	0.050940	0.650000	0.642039
2648	0.418528	0.055044	0.950000	0.679813
2649	0.560247	0.091369	1.000000	0.685870
2650	0.744633	0.059781	1.000000	0.568155
2651	0.370689	0.051623	0.650000	0.659321
2652	0.809669	0.037077	1.000000	0.486703
2653	0.817856	0.056714	1.000000	0.474629
2654	0.617118	0.077388	1.000000	0.665457
2655	0.199104	0.054373	0.650000	0.499158
2656	0.324357	0.075583	0.550000	0.630110
2657	0.495475	0.055884	1.000000	0.693106
2658	0.319620	0.057143	0.600000	0.626583
2659	0.733055	0.082548	1.000000	0.580197
2660	0.632706	0.065879	0.900000	0.657500
2661	0.534542	0.054646	0.350000	0.690759
2662	0.655144	0.056165	1.000000	0.644204
2663	0.500681	0.042032	1.000000	0.693146
2664	0.840176	0.049585	1.000000	0.439379
2665	0.259687	0.073770	0.500000	0.572729
2666	0.696103	0.088182	1.000000	0.614130
2667	0.868422	0.033730	1.000000	0.389375
2668	0.414404	0.066626	0.750000	0.678421
2669	0.415128	0.084583	0.500000	0.678671
2670	0.479219	0.053217	1.000000	0.692283
2671	0.609306	0.114796	1.000000	0.669057
2672	0.521553	0.065137	1.000000	0.692218
2673	0.510991	0.037157	0.700000	0.692906
2674	0.608351	0.088012	1.000000	0.669480
2675	0.303770	0.088156	0.950000	0.614025
2676	0.221630	0.063627	0.700000	0.528963
2677	0.315668	0.055313	0.950000	0.623561
2678	0.397179	0.131949	1.000000	0.671851
2679	0.808894	0.056542	1.000000	0.487822
2680	0.590684	0.037374	1.000000	0.676609
2681	0.574550	0.086066	0.950000	0.681990
2682	0.482730	0.054322	1.000000	0.692551
2683	0.900997	0.027812	1.000000	0.322887
2684	0.535220	0.045779	0.950000	0.690664
2685	0.624377	0.071088	0.950000	0.661880
2686	0.556373	0.073036	1.000000	0.686778
2687	0.434210	0.096214	0.550000	0.684465
2688	0.235781	0.071939	0.950000	0.546167
2689	0.246648	0.022378	0.500000	0.558623
2690	0.751714	0.047125	0.600000	0.560444
2691	0.497399	0.082075	1.000000	0.693134
2692	0.393981	0.049324	1.000000	0.670496
2693	0.635811	0.079624	0.900000	0.655790
2694	0.804990	0.132100	0.950000	0.493407
2695	0.872331	0.074358	1.000000	0.381932
2696	0.252473	0.067522	0.800000	0.565035
2697	0.345937	0.079063	1.000000	0.644895
2698	0.708096	0.084800	1.000000	0.603848
2699	0.280119	0.063627	1.000000	0.593065
2700	0.268421	0.053000	0.500000	0.581682
2701	0.299185	0.074907	0.600000	0.610172
2702	0.294729	0.068797	1.000000	0.606332
2703	0.635825	0.062272	0.700000	0.655783
2704	0.523236	0.069383	1.000000	0.692067
2705	0.647895	0.083906	0.900000	0.648740
2706	0.573093	0.040556	0.900000	0.682424
2707	0.526031	0.085622	1.000000	0.691791
2708	0.615072	0.161763	0.950000	0.666425
2709	0.294468	0.051218	0.900000	0.606104
2710	0.741095	0.065659	1.000000	0.571908
2711	0.693143	0.071630	1.000000	0.616563
2712	0.234510	0.091109	0.600000	0.544668
2713	0.574420	0.062937	1.000000	0.682029
2714	0.227925	0.049087	0.750000	0.536757
2715	0.487972	0.068089	1.000000	0.692858
2716	0.856884	0.031616	1.000000	0.410579
2717	0.849453	0.044146	1.000000	0.423657
2718	0.377540	0.127508	0.800000	0.662847
2719	0.940568	0.048418	1.000000	0.225402
2720	0.988531	0.012461	1.000000	0.062649
2721	0.299314	0.053610	0.750000	0.610282
2722	0.828045	0.073818	1.000000	0.458973
2723	0.691209	0.076170	1.000000	0.618130
2724	0.544727	0.066197	0.950000	0.689141
2725	0.414873	0.064373	0.950000	0.678583
2726	0.780849	0.075152	1.000000	0.525831
2727	0.851787	0.047757	1.000000	0.419596
2728	0.795422	0.041424	1.000000	0.506683
2729	0.393462	0.060895	0.600000	0.670271
2730	0.450042	0.053893	0.950000	0.688147
2731	0.944129	0.028525	1.000000	0.215451
2732	0.311517	0.090983	0.500000	0.620309
2733	0.943889	0.027263	1.000000	0.216129
2734	0.340753	0.097533	1.000000	0.641534
2735	0.175383	0.047557	0.750000	0.464320
2736	0.540951	0.059571	1.000000	0.689789
2737	0.082968	0.028790	0.800000	0.285959
2738	0.344094	0.059498	0.550000	0.643713
2739	0.259102	0.055314	1.000000	0.572115
2740	0.944058	0.029321	1.000000	0.215652
2741	0.565530	0.072265	1.000000	0.684534
2742	0.706334	0.062113	1.000000	0.605402
2743	0.857959	0.027214	1.000000	0.408652
2744	0.590203	0.122082	1.000000	0.676784
2745	0.451046	0.080922	1.000000	0.688347
2746	0.850596	0.065176	1.000000	0.421674
2747	0.428465	0.082915	0.950000	0.682877
2748	0.942370	0.032551	1.000000	0.220395
2749	0.352202	0.088840	0.800000	0.648799
2750	0.728220	0.052952	1.000000	0.585022
2751	0.256525	0.054812	0.200000	0.569391
2752	0.338669	0.060890	0.900000	0.640149
2753	0.274064	0.094348	0.850000	0.587259
2754	0.537760	0.094790	1.000000	0.690293
2755	0.165701	0.049953	0.900000	0.449004
2756	0.339801	0.050961	0.800000	0.640904
2757	0.376955	0.100323	1.000000	0.662554
2758	0.167438	0.056297	0.400000	0.451801
2759	0.332891	0.048610	0.900000	0.636207
2760	0.567938	0.068094	1.000000	0.683887
2761	0.588476	0.072716	1.000000	0.677409
2762	0.608818	0.077341	1.000000	0.669274
2763	0.887571	0.044071	0.650000	0.351564
2764	0.485144	0.050755	1.000000	0.692706
2765	0.222906	0.080076	0.950000	0.530562
2766	0.416734	0.093249	0.850000	0.679216
2767	0.290632	0.061999	1.000000	0.602717
2768	0.433185	0.048047	0.700000	0.684192
2769	0.655406	0.108223	1.000000	0.644036
2770	0.331970	0.057039	0.750000	0.635565
2771	0.724735	0.081943	0.600000	0.588426
2772	0.312960	0.090205	0.950000	0.621449
2773	0.718345	0.072037	1.000000	0.594509
2774	0.316819	0.117037	0.400000	0.624448
2775	0.606118	0.084674	1.000000	0.670453
2776	0.656356	0.135285	0.950000	0.643423
2777	0.582280	0.118716	1.000000	0.679546
2778	0.576512	0.062248	0.950000	0.681393
2779	0.906309	0.025076	1.000000	0.310996
2780	0.388756	0.073766	0.750000	0.668188
2781	0.466052	0.051428	0.950000	0.690840
2782	0.911189	0.036679	1.000000	0.299778
2783	0.262112	0.105468	0.850000	0.575254
2784	0.624378	0.108014	1.000000	0.661880
2785	0.310102	0.092698	0.500000	0.619182
2786	0.855974	0.030640	1.000000	0.412206
2787	0.105236	0.029278	0.400000	0.336437
2788	0.344241	0.075884	0.800000	0.643809
2789	0.509359	0.065688	0.900000	0.692972
2790	0.796104	0.081257	0.950000	0.505756
2791	0.532761	0.073124	1.000000	0.690999
2792	0.425787	0.153776	0.850000	0.682091
2793	0.182299	0.059591	0.900000	0.474861
2794	0.600345	0.048415	1.000000	0.672871
2795	0.515271	0.080870	0.500000	0.692681
2796	0.210813	0.091183	0.900000	0.515032
2797	0.411381	0.060088	0.900000	0.677357
2798	0.432915	0.073380	0.500000	0.684119
2799	0.787372	0.044446	1.000000	0.517418
2800	0.367441	0.071587	1.000000	0.657580
2801	0.813947	0.087710	1.000000	0.480449
2802	0.258851	0.045783	0.450000	0.571851
2803	0.775632	0.058255	1.000000	0.532381
2804	0.903370	0.031659	0.500000	0.317614
2805	0.378823	0.104754	1.000000	0.663485
2806	0.628972	0.054203	0.950000	0.659501
2807	0.263376	0.058960	0.550000	0.576558
2808	0.645014	0.069238	1.000000	0.650479
2809	0.480579	0.056423	1.000000	0.692393
2810	0.448011	0.075366	0.450000	0.687732
2811	0.490881	0.064209	0.600000	0.692981
2812	0.473824	0.025856	0.900000	0.691776
2813	0.871672	0.035201	1.000000	0.383196
2814	0.930183	0.051890	1.000000	0.253166
2815	0.386407	0.036938	0.600000	0.667114
2816	0.279897	0.060036	0.450000	0.592856
2817	0.364987	0.078160	0.950000	0.656234
2818	0.461238	0.139212	1.000000	0.690139
2819	0.317965	0.071247	0.650000	0.625326
2820	0.800610	0.073812	1.000000	0.499556
2821	0.084005	0.020764	0.900000	0.288443
2822	0.568087	0.062945	0.800000	0.683847
2823	0.912552	0.031367	1.000000	0.296592
2824	0.504205	0.047687	0.900000	0.693112
2825	0.572008	0.086799	0.850000	0.682741
2826	0.230764	0.052225	0.850000	0.540198
2827	0.571807	0.061626	1.000000	0.682799
2828	0.722119	0.085184	1.000000	0.590941
2829	0.261891	0.065504	0.900000	0.575026
2830	0.515844	0.060477	0.900000	0.692645
2831	0.709701	0.031022	1.000000	0.602419
2832	0.614027	0.121519	1.000000	0.666912
2833	0.864535	0.034351	1.000000	0.396645
2834	0.543197	0.107086	1.000000	0.689411
2835	0.838379	0.024334	1.000000	0.442349
2836	0.374036	0.080075	0.750000	0.661069
2837	0.201758	0.052339	0.800000	0.502829
2838	0.490801	0.077624	1.000000	0.692978
2839	0.273037	0.110650	0.600000	0.586257
2840	0.849814	0.117575	1.000000	0.423032
2841	0.430689	0.067055	0.550000	0.683508
2842	0.534044	0.061165	0.850000	0.690827
2843	0.610326	0.042095	1.000000	0.668602
2844	0.593367	0.066504	1.000000	0.675610
2845	0.636093	0.051704	1.000000	0.655633
2846	0.740231	0.053259	1.000000	0.572815
2847	0.855279	0.031748	1.000000	0.413441
2848	0.645464	0.053382	1.000000	0.650210
2849	0.631119	0.076993	1.000000	0.658358
2850	0.719126	0.042146	1.000000	0.593777
2851	0.747917	0.057369	1.000000	0.564612
2852	0.755975	0.102273	1.000000	0.555675
2853	0.589459	0.090959	1.000000	0.677055
2854	0.649800	0.109390	1.000000	0.647570
2855	0.736087	0.047172	1.000000	0.577110
2856	0.427527	0.109644	1.000000	0.682605
2857	0.555561	0.055501	1.000000	0.686960
2858	0.841631	0.052098	1.000000	0.436955
2859	0.932164	0.032589	1.000000	0.248006
2860	0.878247	0.029577	1.000000	0.370403
2861	0.665713	0.054826	1.000000	0.637173
2862	0.449725	0.060327	1.000000	0.688083
2863	0.722919	0.080511	1.000000	0.590175
2864	0.224416	0.058076	0.900000	0.532441
2865	0.094541	0.025860	0.650000	0.312921
2866	0.566514	0.077140	1.000000	0.684273
2867	0.754462	0.040698	1.000000	0.557380
2868	0.478089	0.051606	0.700000	0.692187
2869	0.277723	0.101116	0.750000	0.590790
2870	0.703992	0.065781	1.000000	0.607444
2871	0.694042	0.034932	1.000000	0.615829
2872	0.766981	0.035338	1.000000	0.542899
2873	0.174882	0.053936	0.500000	0.463544
2874	0.406798	0.030792	0.500000	0.675672
2875	0.466192	0.060176	1.000000	0.690859
2876	0.525023	0.051534	1.000000	0.691894
2877	0.835481	0.073746	1.000000	0.447088
2878	0.473816	0.122652	0.950000	0.691775
2879	0.448338	0.083050	0.900000	0.687800
2880	0.735583	0.056612	1.000000	0.577626
2881	0.237550	0.038960	1.000000	0.548239
2882	0.778708	0.064517	1.000000	0.528538
2883	0.561370	0.096281	1.000000	0.685596
2884	0.533366	0.040264	1.000000	0.690919
2885	0.359398	0.106433	0.850000	0.653071
2886	0.882281	0.057055	1.000000	0.362355
2887	0.438695	0.056340	0.800000	0.685612
2888	0.592495	0.099669	0.750000	0.675938
2889	0.536600	0.111705	0.950000	0.690466
2890	0.727247	0.048180	1.000000	0.585978
2891	0.160301	0.119971	0.550000	0.440169
2892	0.844884	0.038857	1.000000	0.431482
2893	0.792942	0.071081	1.000000	0.510033
2894	0.784510	0.077275	1.000000	0.521140
2895	0.602410	0.082526	1.000000	0.672022
2896	0.612629	0.046615	0.500000	0.667557
2897	0.937148	0.019682	1.000000	0.234743
2898	0.617361	0.064504	0.950000	0.665341
2899	0.166429	0.053436	0.550000	0.450179
2900	0.513006	0.125489	1.000000	0.692809
2901	0.412157	0.090211	0.950000	0.677634
2902	0.877966	0.045745	1.000000	0.370957
2903	0.515867	0.107433	0.650000	0.692644
2904	0.328589	0.058353	0.950000	0.633175
2905	0.459159	0.062816	0.650000	0.689807
2906	0.533121	0.069689	1.000000	0.690952
2907	0.274461	0.048853	0.850000	0.587645
2908	0.491589	0.090664	0.950000	0.693006
2909	0.272575	0.053409	1.000000	0.585803
2910	0.488967	0.097475	0.850000	0.692904
2911	0.255340	0.041121	0.900000	0.568126
2912	0.630694	0.072805	0.500000	0.658585
2913	0.307983	0.045603	0.850000	0.617478
2914	0.673163	0.065572	1.000000	0.631916
2915	0.570400	0.072992	1.000000	0.683202
2916	0.668428	0.080150	1.000000	0.635286
2917	0.787767	0.047531	1.000000	0.516901
2918	0.610766	0.105317	1.000000	0.668404
2919	0.695319	0.076181	0.950000	0.614779
2920	0.890820	0.048387	1.000000	0.344798
2921	0.424922	0.125580	1.000000	0.681831
2922	0.124300	0.076476	0.600000	0.375406
2923	0.604192	0.067169	1.000000	0.671275
2924	0.658390	0.071858	0.900000	0.642098
2925	0.472689	0.073921	0.350000	0.691655
2926	0.272482	0.066151	1.000000	0.585711
2927	0.753353	0.058532	1.000000	0.558621
2928	0.557788	0.157652	1.000000	0.686453
2929	0.526871	0.050917	1.000000	0.691702
2930	0.479954	0.075439	0.950000	0.692343
2931	0.487792	0.098394	1.000000	0.692849
2932	0.384326	0.115168	0.850000	0.666142
2933	0.186513	0.039897	0.700000	0.481127
2934	0.562484	0.068997	1.000000	0.685318
2935	0.526957	0.065949	1.000000	0.691693
2936	0.595615	0.081299	1.000000	0.674750
2937	0.513901	0.075928	1.000000	0.692761
2938	0.948230	0.031568	1.000000	0.203693
2939	0.430457	0.033249	0.900000	0.683443
2940	0.910412	0.034270	1.000000	0.301585
2941	0.769900	0.062771	1.000000	0.539397
2942	0.220493	0.070629	0.400000	0.527531
2943	0.212864	0.066705	0.950000	0.517727
2944	0.742390	0.086177	1.000000	0.570542
2945	0.464087	0.126655	0.900000	0.690565
2946	0.390386	0.068647	0.950000	0.668920
2947	0.486068	0.150769	1.000000	0.692759
2948	0.705049	0.061400	1.000000	0.606526
2949	0.937295	0.019460	1.000000	0.234345
2950	0.287517	0.081727	0.950000	0.599914
2951	0.333109	0.075923	0.900000	0.636358
2952	0.888216	0.051405	1.000000	0.350228
2953	0.849062	0.059271	1.000000	0.424332
2954	0.558895	0.096881	1.000000	0.686194
2955	0.697847	0.057641	1.000000	0.612677
2956	0.544950	0.084875	0.650000	0.689101
2957	0.915206	0.027125	1.000000	0.290324
2958	0.861266	0.064067	1.000000	0.402658
2959	0.545845	0.087866	1.000000	0.688938
2960	0.838390	0.059113	1.000000	0.442330
2961	0.906396	0.033574	1.000000	0.310798
2962	0.366307	0.068601	0.800000	0.656961
2963	0.839493	0.023273	1.000000	0.440509
2964	0.298410	0.046169	0.600000	0.609511
2965	0.699141	0.096283	1.000000	0.611590
2966	0.506965	0.055403	1.000000	0.693050
2967	0.697958	0.066682	1.000000	0.612585
2968	0.729996	0.069555	1.000000	0.583263
2969	0.589616	0.045945	1.000000	0.676998
2970	0.208727	0.042455	0.700000	0.512265
2971	0.557055	0.083163	0.500000	0.686622
2972	0.645214	0.084558	1.000000	0.650359
2973	0.594647	0.060393	1.000000	0.675122
2974	0.631200	0.098586	0.950000	0.658314
2975	0.469517	0.090885	1.000000	0.691288
2976	0.678299	0.058512	1.000000	0.628145
2977	0.700640	0.078438	1.000000	0.610321
2978	0.616981	0.065586	1.000000	0.665523
2979	0.665800	0.048699	1.000000	0.637113
2980	0.727188	0.120399	1.000000	0.586036
2981	0.420201	0.079008	0.600000	0.680357
2982	0.537362	0.042572	1.000000	0.690353
2983	0.740494	0.056222	1.000000	0.572539
2984	0.313952	0.081773	0.550000	0.622227
2985	0.399111	0.079567	1.000000	0.672649
2986	0.659668	0.145448	1.000000	0.641256
2987	0.440483	0.079512	1.000000	0.686046
2988	0.788574	0.053981	1.000000	0.515839
2989	0.291415	0.071614	0.800000	0.603414
2990	0.644749	0.088571	1.000000	0.650637
2991	0.683831	0.047868	1.000000	0.623948
2992	0.638558	0.041669	1.000000	0.654243
2993	0.385915	0.102046	0.950000	0.666886
2994	0.210812	0.049310	0.750000	0.515030
2995	0.702918	0.066463	1.000000	0.608372
2996	0.204571	0.078940	0.850000	0.506675
2997	0.761446	0.067738	1.000000	0.549408
2998	0.324620	0.040441	0.800000	0.630303
2999	0.645410	0.068112	1.000000	0.650242
3000	0.594348	0.099329	0.800000	0.675237
3001	0.707658	0.089332	1.000000	0.604235
3002	0.664784	0.094471	1.000000	0.637811
3003	0.720808	0.074960	1.000000	0.592188
3004	0.163205	0.052088	1.000000	0.444947
3005	0.324011	0.054275	0.850000	0.629856
3006	0.827223	0.064222	1.000000	0.460263
3007	0.814959	0.047437	0.700000	0.478952
3008	0.721031	0.058278	1.000000	0.591977
3009	0.266986	0.054360	0.950000	0.580238
3010	0.320247	0.046858	0.400000	0.627055
3011	0.446362	0.051533	0.900000	0.687382
3012	0.634324	0.106478	1.000000	0.656614
3013	0.452231	0.071331	1.000000	0.688576
3014	0.886033	0.031985	1.000000	0.354730
3015	0.608051	0.062250	1.000000	0.669612
3016	0.535798	0.063526	0.400000	0.690582
3017	0.387528	0.075616	1.000000	0.667630
3018	0.858321	0.095383	1.000000	0.408000
3019	0.712400	0.063058	1.000000	0.599988
3020	0.807115	0.077394	1.000000	0.490379
3021	0.312212	0.097559	0.600000	0.620859
3022	0.309165	0.072907	0.450000	0.618431
3023	0.202899	0.094125	0.400000	0.504395
3024	0.567682	0.084785	0.850000	0.683957
3025	0.305522	0.044222	1.000000	0.615471
3026	0.286038	0.079479	0.700000	0.598566
3027	0.704727	0.038478	1.000000	0.606805
3028	0.769218	0.039566	1.000000	0.540219
3029	0.267134	0.055822	0.450000	0.580388
3030	0.677913	0.046968	1.000000	0.628433
3031	0.878263	0.046306	1.000000	0.370371
3032	0.681834	0.040448	1.000000	0.625479
3033	0.748125	0.042901	0.600000	0.564385
3034	0.286655	0.049713	0.950000	0.599130
3035	0.628141	0.118569	1.000000	0.659937
3036	0.430637	0.053352	0.900000	0.683494
3037	0.941872	0.055996	1.000000	0.221786
3038	0.253919	0.057824	1.000000	0.566599
3039	0.362133	0.058525	1.000000	0.654635
3040	0.390018	0.083409	1.000000	0.668756
3041	0.720272	0.049441	1.000000	0.592697
3042	0.684806	0.091792	1.000000	0.623194
3043	0.721550	0.053292	1.000000	0.591483
3044	0.980296	0.012047	1.000000	0.096884
3045	0.924949	0.021488	0.950000	0.266513
3046	0.687840	0.036448	0.500000	0.620818
3047	0.577559	0.087586	1.000000	0.681068
3048	0.514563	0.080914	1.000000	0.692723
3049	0.324402	0.097616	1.000000	0.630143
3050	0.415846	0.074727	0.800000	0.678916
3051	0.659457	0.080553	1.000000	0.641395
3052	0.428943	0.054083	1.000000	0.683015
3053	0.491176	0.089644	0.950000	0.692991
3054	0.532945	0.069002	1.000000	0.690975
3055	0.908828	0.029995	1.000000	0.305241
3056	0.759838	0.043148	1.000000	0.551267
3057	0.350918	0.060642	0.600000	0.648013
3058	0.634007	0.090329	0.950000	0.656789
3059	0.356529	0.068642	1.000000	0.651395
3060	0.340000	0.116283	1.000000	0.641035
3061	0.436629	0.042307	0.550000	0.685094
3062	0.348739	0.054170	0.500000	0.646663
3063	0.479535	0.066879	1.000000	0.692309
3064	0.649573	0.071900	1.000000	0.647710
3065	0.292041	0.068441	0.950000	0.603969
3066	0.352825	0.043285	0.800000	0.649178
3067	0.176968	0.052254	0.650000	0.466765
3068	0.734033	0.057627	1.000000	0.579206
3069	0.347711	0.077854	0.550000	0.646018
3070	0.527199	0.054921	0.600000	0.691667
3071	0.411009	0.046081	0.600000	0.677224
3072	0.252139	0.066402	0.650000	0.564673
3073	0.537337	0.052628	0.800000	0.690356
3074	0.643113	0.065168	1.000000	0.651606
3075	0.437167	0.077471	1.000000	0.685230
3076	0.328756	0.066930	0.750000	0.633294
3077	0.828156	0.051308	1.000000	0.458798
3078	0.629177	0.051291	1.000000	0.659392
3079	0.645497	0.043143	1.000000	0.650190
3080	0.348638	0.046652	0.600000	0.646599
3081	0.619397	0.067453	1.000000	0.664359
3082	0.400962	0.071665	1.000000	0.673400
3083	0.487765	0.039403	0.850000	0.692848
3084	0.918712	0.025807	1.000000	0.281903
3085	0.367133	0.065879	1.000000	0.657412
3086	0.328845	0.050096	0.900000	0.633358
3087	0.596318	0.124702	1.000000	0.674476
3088	0.394330	0.080750	0.950000	0.670645
3089	0.372194	0.068329	0.850000	0.660113
3090	0.845225	0.030225	0.950000	0.430903
3091	0.763193	0.097779	1.000000	0.547371
3092	0.923855	0.020342	1.000000	0.269252
3093	0.422362	0.088448	0.950000	0.681043
3094	0.277722	0.044580	0.550000	0.590789
3095	0.286361	0.093435	0.650000	0.598861
3096	0.880535	0.042037	0.500000	0.365858
3097	0.331256	0.063169	0.700000	0.635064
3098	0.424884	0.058081	0.400000	0.681819
3099	0.342756	0.060523	0.500000	0.642846
3100	0.916763	0.039010	1.000000	0.286605
3101	0.245573	0.042084	0.350000	0.557419
3102	0.613628	0.054108	1.000000	0.667098
3103	0.547496	0.049452	1.000000	0.688629
3104	0.641149	0.091039	0.750000	0.652754
3105	0.755296	0.087225	1.000000	0.556442
3106	0.281870	0.041245	0.450000	0.594711
3107	0.695898	0.074086	0.600000	0.614300
3108	0.647525	0.097107	1.000000	0.648965
3109	0.352529	0.074335	0.550000	0.648998
3110	0.458408	0.059024	1.000000	0.689683
3111	0.570308	0.072758	0.750000	0.683228
3112	0.815132	0.031117	1.000000	0.478695
3113	0.557422	0.052152	1.000000	0.686538
3114	0.797771	0.036126	1.000000	0.503477
3115	0.246884	0.060028	0.450000	0.558885
3116	0.873274	0.028514	1.000000	0.380115
3117	0.915053	0.032240	0.600000	0.290687
3118	0.805210	0.055017	1.000000	0.493095
3119	0.458806	0.032863	0.600000	0.689749
3120	0.235619	0.073779	0.750000	0.545977
3121	0.602742	0.072441	0.900000	0.671884
3122	0.389525	0.077478	0.650000	0.668535
3123	0.545134	0.068306	1.000000	0.689068
3124	0.426235	0.076838	0.900000	0.682225
3125	0.597060	0.097156	0.850000	0.674186
3126	0.442403	0.063497	1.000000	0.686498
3127	0.449030	0.061043	1.000000	0.687942
3128	0.387161	0.065786	0.700000	0.667461
3129	0.706531	0.123654	1.000000	0.605228
3130	0.907555	0.041326	1.000000	0.308159
3131	0.644565	0.073006	1.000000	0.650746
3132	0.444511	0.088939	1.000000	0.686976
3133	0.362362	0.050284	1.000000	0.654765
3134	0.769664	0.064589	1.000000	0.539682
3135	0.457087	0.092435	0.950000	0.689460
3136	0.606274	0.069635	0.900000	0.670386
3137	0.252065	0.046223	0.950000	0.564592
3138	0.503383	0.087012	0.750000	0.693124
3139	0.240639	0.073665	0.850000	0.551816
3140	0.813455	0.087671	0.650000	0.481175
3141	0.789776	0.050606	1.000000	0.514254
3142	0.861858	0.066566	1.000000	0.401576
3143	0.503478	0.065053	1.000000	0.693123
3144	0.321403	0.117404	0.650000	0.627922
3145	0.972001	0.013400	1.000000	0.127717
3146	0.677042	0.064138	1.000000	0.629079
3147	0.420094	0.079680	1.000000	0.680322
3148	0.384520	0.021672	0.650000	0.666234
3149	0.569239	0.078967	1.000000	0.683528
3150	0.627650	0.095122	1.000000	0.660195
3151	0.527674	0.085166	0.750000	0.691615
3152	0.839599	0.044399	1.000000	0.440334
3153	0.947543	0.018040	1.000000	0.205687
3154	0.967017	0.021600	1.000000	0.144962
3155	0.351981	0.070629	0.750000	0.648664
3156	0.267237	0.056172	1.000000	0.580491
3157	0.386734	0.054933	1.000000	0.667265
3158	0.357580	0.056263	0.850000	0.652013
3159	0.622405	0.106766	0.500000	0.662874
3160	0.251412	0.066352	0.450000	0.563881
3161	0.570708	0.082484	1.000000	0.683114
3162	0.726621	0.080756	1.000000	0.586591
3163	0.681170	0.064007	1.000000	0.625985
3164	0.441559	0.099339	1.000000	0.686301
3165	0.339046	0.074113	0.650000	0.640401
3166	0.648507	0.044505	1.000000	0.648366
3167	0.203993	0.055364	0.900000	0.505888
3168	0.446551	0.066245	1.000000	0.687423
3169	0.515976	0.094077	0.900000	0.692637
3170	0.148815	0.053707	0.700000	0.420648
3171	0.617642	0.046524	1.000000	0.665207
3172	0.764326	0.061343	1.000000	0.546042
3173	0.974933	0.010002	1.000000	0.117152
3174	0.637987	0.056739	1.000000	0.654568
3175	0.676710	0.069585	1.000000	0.629324
3176	0.184139	0.041712	0.850000	0.477612
3177	0.428753	0.068323	0.850000	0.682960
3178	0.331327	0.088497	0.950000	0.635115
3179	0.477547	0.065052	1.000000	0.692139
3180	0.380725	0.087953	0.650000	0.664418
3181	0.805668	0.060548	1.000000	0.492443
3182	0.336687	0.065235	1.000000	0.638814
3183	0.608296	0.072796	1.000000	0.669504
3184	0.392792	0.118607	0.650000	0.669981
3185	0.525794	0.059571	0.600000	0.691816
3186	0.646439	0.052517	1.000000	0.649623
3187	0.488620	0.090244	0.950000	0.692888
3188	0.681306	0.058063	1.000000	0.625881
3189	0.431216	0.041135	0.900000	0.683655
3190	0.288486	0.080716	0.600000	0.600790
3191	0.671276	0.123066	1.000000	0.633271
3192	0.530828	0.058253	0.700000	0.691245
3193	0.226405	0.060161	0.600000	0.534896
3194	0.612116	0.100804	1.000000	0.667792
3195	0.509897	0.072743	0.900000	0.692951
3196	0.942603	0.026519	1.000000	0.219745
3197	0.819284	0.063788	1.000000	0.472478
3198	0.836006	0.033509	0.500000	0.446234
3199	0.614045	0.154158	1.000000	0.666904
3200	0.086658	0.024606	0.250000	0.294737
3201	0.919081	0.017149	1.000000	0.281008
3202	0.587043	0.088140	1.000000	0.677917
3203	0.947584	0.029940	1.000000	0.205569
3204	0.532551	0.051113	1.000000	0.691027
3205	0.185146	0.070290	0.400000	0.479108
3206	0.768730	0.040456	0.500000	0.540807
3207	0.541673	0.080274	1.000000	0.689670
3208	0.305860	0.061236	0.850000	0.615748
3209	0.265101	0.060684	0.900000	0.578325
3210	0.498495	0.082263	1.000000	0.693143
3211	0.658330	0.043281	0.800000	0.642137
3212	0.853200	0.063557	1.000000	0.417117
3213	0.447572	0.055054	0.850000	0.687640
3214	0.465901	0.067290	1.000000	0.690820
3215	0.508994	0.105724	1.000000	0.692985
3216	0.636235	0.057142	1.000000	0.655554
3217	0.533734	0.071219	0.950000	0.690869
3218	0.524446	0.113098	1.000000	0.691951
3219	0.409322	0.091427	1.000000	0.676611
3220	0.851820	0.041403	1.000000	0.419540
3221	0.383121	0.093745	1.000000	0.665571
3222	0.889140	0.035485	1.000000	0.348310
3223	0.390044	0.053182	0.600000	0.668768
3224	0.583604	0.063621	1.000000	0.679102
3225	0.452558	0.080870	1.000000	0.688639
3226	0.592828	0.056715	1.000000	0.675813
3227	0.801969	0.045678	1.000000	0.497660
3228	0.730845	0.083489	1.000000	0.582417
3229	0.369508	0.048221	0.450000	0.658693
3230	0.955713	0.018030	1.000000	0.181338
3231	0.782517	0.077378	1.000000	0.523704
3232	0.763322	0.032937	1.000000	0.547220
3233	0.905915	0.032054	1.000000	0.311889
3234	0.330538	0.067958	0.400000	0.634559
3235	0.457997	0.092951	0.950000	0.689615
3236	0.484043	0.059346	1.000000	0.692638
3237	0.487378	0.079742	0.300000	0.692829
3238	0.830000	0.034091	1.000000	0.455886
3239	0.406818	0.043991	1.000000	0.675679
3240	0.473236	0.132010	0.950000	0.691714
3241	0.557159	0.058019	0.950000	0.686599
3242	0.794688	0.041907	1.000000	0.507678
3243	0.449722	0.100887	0.950000	0.688083
3244	0.606855	0.098278	0.800000	0.670134
3245	0.597915	0.101069	0.450000	0.673848
3246	0.522150	0.071373	1.000000	0.692166
3247	0.690267	0.066926	1.000000	0.618887
3248	0.626555	0.083265	1.000000	0.660764
3249	0.688552	0.109988	1.000000	0.620254
3250	0.686045	0.076858	1.000000	0.622229
3251	0.319291	0.039984	0.400000	0.626334
3252	0.210415	0.043298	0.400000	0.514505
3253	0.399020	0.071686	0.800000	0.672613
3254	0.573510	0.075002	1.000000	0.682300
3255	0.497834	0.078434	0.650000	0.693138
3256	0.981030	0.008224	1.000000	0.094004
3257	0.345654	0.098134	0.700000	0.644714
3258	0.716464	0.058863	1.000000	0.596262
3259	0.853914	0.033444	1.000000	0.415859
3260	0.542663	0.086790	0.800000	0.689502
3261	0.663142	0.062215	1.000000	0.638929
3262	0.461915	0.078211	1.000000	0.690243
3263	0.469286	0.063732	0.450000	0.691259
3264	0.917862	0.021903	1.000000	0.283961
3265	0.514524	0.123131	1.000000	0.692725
3266	0.443060	0.062779	0.450000	0.686649
3267	0.947157	0.046854	1.000000	0.206802
3268	0.787949	0.088736	1.000000	0.516661
3269	0.544038	0.063042	1.000000	0.689263
3270	0.700118	0.063717	1.000000	0.610764
3271	0.996420	0.004203	1.000000	0.023740
3272	0.622647	0.064074	1.000000	0.662753
3273	0.905397	0.024017	1.000000	0.313061
3274	0.528195	0.089123	0.700000	0.691556
3275	0.555299	0.041029	0.950000	0.687019
3276	0.668167	0.065302	1.000000	0.635469
3277	0.467700	0.133251	1.000000	0.691059
3278	0.424654	0.096373	0.900000	0.681750
3279	0.375450	0.058474	1.000000	0.661793
3280	0.711096	0.078604	1.000000	0.601167
3281	0.404197	0.036438	0.650000	0.674677
3282	0.742012	0.050062	1.000000	0.570942
3283	0.703894	0.047669	1.000000	0.607529
3284	0.794811	0.046422	1.000000	0.507513
3285	0.318267	0.088142	0.900000	0.625556
3286	0.540025	0.105458	0.650000	0.689940
3287	0.317976	0.065769	0.550000	0.625334
3288	0.552769	0.066021	1.000000	0.687568
3289	0.426406	0.072379	1.000000	0.682276
3290	0.884348	0.058071	1.000000	0.358172
3291	0.226352	0.078657	0.600000	0.534831
3292	0.780048	0.085047	1.000000	0.526847
3293	0.856062	0.034438	1.000000	0.412049
3294	0.660271	0.042543	1.000000	0.640856
3295	0.555812	0.053761	1.000000	0.686904
3296	0.367540	0.053995	0.650000	0.657633
3297	0.572277	0.080999	0.950000	0.682662
3298	0.357367	0.049186	0.450000	0.651888
3299	0.186950	0.043255	0.650000	0.481771
3300	0.697330	0.076930	1.000000	0.613110
3301	0.903322	0.041186	1.000000	0.317722
3302	0.561378	0.040934	1.000000	0.685594
3303	0.401484	0.109428	0.800000	0.673609
3304	0.666983	0.099791	0.900000	0.636295
3305	0.591665	0.109813	1.000000	0.676247
3306	0.248170	0.047389	0.650000	0.560315
3307	0.570393	0.085449	0.550000	0.683204
3308	0.535410	0.105136	1.000000	0.690637
3309	0.314138	0.068684	0.850000	0.622372
3310	0.342415	0.075947	0.500000	0.642624
3311	0.330637	0.094812	1.000000	0.634629
3312	0.748898	0.055944	1.000000	0.563543
3313	0.798565	0.100083	1.000000	0.502386
3314	0.673709	0.090825	0.900000	0.631521
3315	0.601947	0.076786	0.900000	0.672214
3316	0.335968	0.075967	0.800000	0.638325
3317	0.269215	0.089868	0.950000	0.582477
3318	0.535666	0.109111	0.600000	0.690601
3319	0.180078	0.054133	0.800000	0.471512
3320	0.364637	0.086849	0.950000	0.656039
3321	0.359309	0.051479	0.850000	0.653020
3322	0.826733	0.071665	1.000000	0.461028
3323	0.309132	0.076402	0.600000	0.618405
3324	0.899992	0.029641	1.000000	0.325102
3325	0.419569	0.062444	1.000000	0.680153
3326	0.822885	0.039568	1.000000	0.466990
3327	0.985765	0.007751	1.000000	0.074663
3328	0.543786	0.105217	0.750000	0.689308
3329	0.384930	0.124633	0.850000	0.666426
3330	0.995721	0.002493	1.000000	0.027609
3331	0.823544	0.044433	1.000000	0.465977
3332	0.946256	0.030350	1.000000	0.209395
3333	0.717467	0.046066	0.900000	0.595329
3334	0.594535	0.081135	1.000000	0.675165
3335	0.792049	0.034361	1.000000	0.511229
3336	0.436733	0.083032	0.950000	0.685120
3337	0.946375	0.022578	1.000000	0.209053
3338	0.655935	0.063815	1.000000	0.643695
3339	0.521999	0.065420	1.000000	0.692179
3340	0.146588	0.055195	0.700000	0.416744
3341	0.901880	0.058769	1.000000	0.320932
3342	0.411417	0.033068	0.800000	0.677370
3343	0.486735	0.093403	1.000000	0.692795
3344	0.457194	0.108118	1.000000	0.689478
3345	0.489243	0.069283	0.950000	0.692916
3346	0.291684	0.064390	0.550000	0.603653
3347	0.859609	0.039605	1.000000	0.405672
3348	0.534083	0.075110	0.950000	0.690822
3349	0.352002	0.074062	1.000000	0.648677
3350	0.568243	0.127099	0.900000	0.683804
3351	0.328534	0.052609	0.450000	0.633135
3352	0.206116	0.038142	0.300000	0.508765
3353	0.350271	0.081052	0.950000	0.647614
3354	0.728324	0.075326	1.000000	0.584919
3355	0.907726	0.033774	1.000000	0.307768
3356	0.777889	0.032634	1.000000	0.529566
3357	0.603040	0.051583	1.000000	0.671760
3358	0.413550	0.088895	0.550000	0.678125
3359	0.374924	0.111907	0.650000	0.661525
3360	0.649888	0.056696	1.000000	0.647516
3361	0.666146	0.120483	1.000000	0.636874
3362	0.131371	0.045892	0.450000	0.388985
3363	0.737156	0.052245	1.000000	0.576011
3364	0.603666	0.082689	0.550000	0.671497
3365	0.440376	0.101591	0.500000	0.686020
3366	0.199490	0.048632	0.750000	0.499694
3367	0.503987	0.095252	0.950000	0.693115
3368	0.580131	0.071098	1.000000	0.680250
3369	0.935063	0.047682	1.000000	0.240340
3370	0.503324	0.083357	1.000000	0.693125
3371	0.461759	0.036124	0.900000	0.690220
3372	0.229236	0.063045	0.750000	0.538352
3373	0.444861	0.066910	0.900000	0.687054
3374	0.937747	0.025281	1.000000	0.233124
3375	0.598257	0.057795	1.000000	0.673712
3376	0.346753	0.039175	0.800000	0.645413
3377	0.334451	0.084707	0.500000	0.637286
3378	0.612246	0.062164	1.000000	0.667733
3379	0.415959	0.081673	1.000000	0.678954
3380	0.529276	0.072278	0.900000	0.691432
3381	0.163625	0.053667	0.700000	0.445632
3382	0.643722	0.079299	1.000000	0.651246
3383	0.826027	0.055653	1.000000	0.462130
3384	0.345196	0.080806	0.650000	0.644422
3385	0.363176	0.051973	0.700000	0.655224
3386	0.357951	0.051861	0.800000	0.652230
3387	0.603313	0.082365	0.650000	0.671646
3388	0.896754	0.074713	1.000000	0.332157
3389	0.796193	0.031712	1.000000	0.505635
3390	0.814161	0.059535	1.000000	0.480134
3391	0.189747	0.054730	0.550000	0.485856
3392	0.672124	0.062843	1.000000	0.632664
3393	0.252310	0.075824	0.900000	0.564859
3394	0.594867	0.069057	1.000000	0.675038
3395	0.482428	0.052211	0.900000	0.692530
3396	0.930988	0.034539	1.000000	0.251075
3397	0.610227	0.062365	1.000000	0.668647
3398	0.710221	0.047940	1.000000	0.601954
3399	0.370754	0.072261	0.800000	0.659356
3400	0.551088	0.050288	1.000000	0.687918
3401	0.278830	0.056094	0.500000	0.591844
3402	0.732071	0.049905	1.000000	0.581188
3403	0.835805	0.096256	1.000000	0.446561
3404	0.618534	0.043001	1.000000	0.664777
3405	0.277759	0.064479	0.600000	0.590825
3406	0.451620	0.139882	0.900000	0.688459
3407	0.930832	0.024729	1.000000	0.251482
3408	0.599495	0.115179	0.900000	0.673216
3409	0.500577	0.099041	0.800000	0.693147
3410	0.411531	0.074598	0.850000	0.677411
3411	0.704845	0.069749	0.400000	0.606703
3412	0.367945	0.077758	0.950000	0.657853
3413	0.859803	0.038033	1.000000	0.405321
3414	0.665223	0.056420	0.900000	0.637510
3415	0.892550	0.025185	1.000000	0.341151
3416	0.736332	0.071257	1.000000	0.576859
3417	0.231008	0.126473	0.750000	0.540492
3418	0.924202	0.023760	1.000000	0.268384
3419	0.196027	0.037527	0.650000	0.494845
3420	0.590905	0.129681	1.000000	0.676528
3421	0.240597	0.074867	0.500000	0.551767
3422	0.655949	0.079375	1.000000	0.643686
3423	0.803599	0.055952	1.000000	0.495373
3424	0.290669	0.090657	1.000000	0.602750
3425	0.651314	0.041373	0.600000	0.646629
3426	0.295702	0.038667	0.900000	0.607179
3427	0.468545	0.086568	1.000000	0.691167
3428	0.635566	0.094947	0.900000	0.655927
3429	0.886159	0.042276	1.000000	0.354470
3430	0.408840	0.091659	0.850000	0.676433
3431	0.700668	0.112379	1.000000	0.610298
3432	0.378719	0.051446	0.450000	0.663434
3433	0.521007	0.090757	1.000000	0.692264
3434	0.480481	0.117140	0.900000	0.692385
3435	0.721304	0.082283	0.800000	0.591717
3436	0.365301	0.068136	0.950000	0.656407
3437	0.420110	0.083053	0.500000	0.680327
3438	0.668061	0.062743	1.000000	0.635544
3439	0.352204	0.057413	1.000000	0.648800
3440	0.311839	0.061707	1.000000	0.620564
3441	0.565988	0.063426	1.000000	0.684413
3442	0.567257	0.106406	1.000000	0.684073
3443	0.723118	0.097338	0.500000	0.589985
3444	0.269810	0.043132	0.800000	0.583070
3445	0.325550	0.072883	0.800000	0.630983
3446	0.218060	0.061132	0.800000	0.524442
3447	0.546905	0.073761	0.900000	0.688741
3448	0.700835	0.069068	1.000000	0.610156
3449	0.686670	0.076829	1.000000	0.621739
3450	0.347316	0.073689	0.950000	0.645769
3451	0.722727	0.064315	1.000000	0.590359
3452	0.439368	0.032423	0.550000	0.685777
3453	0.688950	0.048980	1.000000	0.619938
3454	0.200003	0.080098	0.950000	0.500406
3455	0.494422	0.103751	0.850000	0.693085
3456	0.545396	0.081803	1.000000	0.689020
3457	0.475717	0.154429	0.900000	0.691967
3458	0.678078	0.072256	1.000000	0.628310
3459	0.214673	0.042239	0.900000	0.520083
3460	0.450883	0.072524	1.000000	0.688314
3461	0.228123	0.077151	0.850000	0.536998
3462	0.688919	0.070223	1.000000	0.619963
3463	0.654180	0.081630	1.000000	0.644821
3464	0.243663	0.070667	0.550000	0.555266
3465	0.364820	0.060014	0.650000	0.656141
3466	0.293688	0.068063	0.800000	0.605421
3467	0.320045	0.060267	0.650000	0.626904
3468	0.427419	0.078001	1.000000	0.682574
3469	0.800852	0.054764	1.000000	0.499219
3470	0.350667	0.058450	1.000000	0.647859
3471	0.318618	0.049130	0.950000	0.625823
3472	0.339320	0.051159	0.700000	0.640583
3473	0.771010	0.074972	1.000000	0.538053
3474	0.698208	0.112426	1.000000	0.612375
3475	0.779305	0.092751	0.950000	0.527787
3476	0.557314	0.099078	1.000000	0.686563
3477	0.867227	0.024752	1.000000	0.391624
3478	0.242562	0.035119	0.550000	0.554015
3479	0.776273	0.059341	1.000000	0.531585
3480	0.780755	0.025880	1.000000	0.525951
3481	0.418938	0.077648	1.000000	0.679947
3482	0.310776	0.060475	1.000000	0.619720
3483	0.948959	0.041223	1.000000	0.201570
3484	0.393334	0.065506	0.600000	0.670216
3485	0.344684	0.048697	1.000000	0.644093
3486	0.061690	0.024129	0.500000	0.231593
3487	0.446095	0.086458	0.850000	0.687324
3488	0.464198	0.073048	1.000000	0.690581
3489	0.812644	0.061252	1.000000	0.482367
3490	0.340741	0.183239	0.850000	0.641526
3491	0.339563	0.080913	0.800000	0.640745
3492	0.577667	0.060238	1.000000	0.681034
3493	0.832997	0.036981	1.000000	0.451102
3494	0.510758	0.103124	0.850000	0.692916
3495	0.284200	0.064653	0.850000	0.596876
3496	0.895331	0.050525	1.000000	0.335222
3497	0.617328	0.058281	1.000000	0.665357
3498	0.470884	0.080421	1.000000	0.691451
3499	0.295790	0.060035	0.800000	0.607255
3500	0.842003	0.041118	1.000000	0.436333
3501	0.450360	0.087395	1.000000	0.688211
3502	0.388148	0.064484	0.600000	0.667913
3503	0.987702	0.007582	1.000000	0.066313
3504	0.470945	0.032914	0.800000	0.691458
3505	0.346677	0.079460	0.650000	0.645365
3506	0.490524	0.067044	0.900000	0.692968
3507	0.530273	0.067748	0.500000	0.691313
3508	0.499162	0.096229	1.000000	0.693146
3509	0.891637	0.034105	1.000000	0.343078
3510	0.369699	0.061266	1.000000	0.658795
3511	0.588358	0.090258	1.000000	0.677451
3512	0.695113	0.054067	1.000000	0.614948
3513	0.233765	0.052671	0.900000	0.543786
3514	0.122421	0.026581	0.900000	0.371721
3515	0.477378	0.072033	1.000000	0.692123
3516	0.390822	0.071335	1.000000	0.669114
3517	0.545082	0.101317	1.000000	0.689077
3518	0.961079	0.018141	1.000000	0.164500
3519	0.640222	0.068614	1.000000	0.653290
3520	0.912474	0.052531	0.500000	0.296777
3521	0.301853	0.057339	0.500000	0.612427
3522	0.844667	0.102454	1.000000	0.431850
3523	0.786316	0.101823	1.000000	0.518798
3524	0.856138	0.040931	1.000000	0.411913
3525	0.320452	0.027320	0.950000	0.627210
3526	0.647342	0.064064	1.000000	0.649077
3527	0.645314	0.098043	1.000000	0.650300
3528	0.287289	0.059615	0.900000	0.599707
3529	0.394370	0.092743	0.900000	0.670663
3530	0.885790	0.027249	1.000000	0.355227
3531	0.370329	0.095002	1.000000	0.659131
3532	0.421767	0.069155	0.950000	0.680856
3533	0.836419	0.068286	1.000000	0.445560
3534	0.474376	0.129615	0.850000	0.691833
3535	0.839933	0.053819	1.000000	0.439781
3536	0.308222	0.055358	0.850000	0.617671
3537	0.291347	0.070661	0.850000	0.603354
3538	0.656466	0.049786	0.750000	0.643352
3539	0.342448	0.066879	0.500000	0.642646
3540	0.508343	0.058296	0.850000	0.693008
3541	0.369851	0.058375	0.900000	0.658876
3542	0.495109	0.033058	1.000000	0.693099
3543	0.460955	0.066739	0.750000	0.690095
3544	0.534693	0.093066	1.000000	0.690738
3545	0.742094	0.066711	1.000000	0.570856
3546	0.141503	0.048457	0.900000	0.407682
3547	0.474016	0.073878	1.000000	0.691796
3548	0.638111	0.051913	1.000000	0.654497
3549	0.583549	0.055989	1.000000	0.679120
3550	0.130469	0.030665	0.650000	0.387277
3551	0.780846	0.066684	1.000000	0.525835
3552	0.282038	0.080295	1.000000	0.594868
3553	0.854529	0.042734	0.750000	0.414773
3554	0.351752	0.040272	0.950000	0.648524
3555	0.842949	0.039747	1.000000	0.434747
3556	0.844451	0.041062	1.000000	0.432214
3557	0.767501	0.055236	1.000000	0.542279
3558	0.515996	0.119773	0.700000	0.692635
3559	0.553607	0.043270	1.000000	0.687389
3560	0.461209	0.095302	1.000000	0.690135
3561	0.846002	0.041213	1.000000	0.429582
3562	0.375503	0.091037	1.000000	0.661820
3563	0.723029	0.081229	1.000000	0.590070
3564	0.630171	0.062391	1.000000	0.658864
3565	0.376974	0.108526	0.950000	0.662563
3566	0.836521	0.040263	1.000000	0.445394
3567	0.367805	0.059375	0.600000	0.657777
3568	0.467693	0.090569	1.000000	0.691058
3569	0.721935	0.046289	1.000000	0.591116
3570	0.785629	0.080995	1.000000	0.519690
3571	0.595365	0.069685	1.000000	0.674846
3572	0.427903	0.106729	0.750000	0.682715
3573	0.739823	0.043023	1.000000	0.573242
3574	0.868900	0.049226	1.000000	0.388473
3575	0.371121	0.089345	0.900000	0.659550
3576	0.403474	0.084168	1.000000	0.674395
3577	0.442096	0.068081	1.000000	0.686426
3578	0.475054	0.056376	1.000000	0.691902
3579	0.501638	0.044065	1.000000	0.693142
3580	0.349034	0.071230	0.800000	0.646847
3581	0.872958	0.039345	1.000000	0.380724
3582	0.225777	0.043118	0.750000	0.534122
3583	0.717211	0.086058	1.000000	0.595569
3584	0.751599	0.057281	1.000000	0.560572
3585	0.402010	0.095473	1.000000	0.673818
3586	0.449740	0.070319	1.000000	0.688086
3587	0.463169	0.034430	0.700000	0.690432
3588	0.946995	0.032041	1.000000	0.207270
3589	0.409283	0.053854	1.000000	0.676596
3590	0.317622	0.089978	0.650000	0.625064
3591	0.535746	0.044405	1.000000	0.690589
3592	0.411472	0.065893	1.000000	0.677390
3593	0.220602	0.045568	0.200000	0.527669
3594	0.266271	0.050596	0.500000	0.579515
3595	0.388714	0.042602	1.000000	0.668170
3596	0.631736	0.067419	1.000000	0.658025
3597	0.552831	0.090359	1.000000	0.687555
3598	0.240545	0.053881	0.950000	0.551708
3599	0.133379	0.054798	0.950000	0.392760
3600	0.804665	0.047627	1.000000	0.493867
3601	0.723288	0.086099	1.000000	0.589821
3602	0.388763	0.087958	0.750000	0.668191
3603	0.742079	0.057283	1.000000	0.570871
3604	0.644190	0.084140	1.000000	0.650969
3605	0.618333	0.057853	1.000000	0.664874
3606	0.212409	0.076242	0.850000	0.517130
3607	0.483691	0.057013	0.950000	0.692615
3608	0.624722	0.067972	0.950000	0.661705
3609	0.427756	0.050893	1.000000	0.682672
3610	0.878941	0.058911	1.000000	0.369029
3611	0.646503	0.066280	1.000000	0.649585
3612	0.626378	0.102450	1.000000	0.660855
3613	0.277570	0.055267	0.700000	0.590644
3614	0.917814	0.015611	1.000000	0.284077
3615	0.197964	0.052588	0.850000	0.497567
3616	0.173804	0.055675	0.650000	0.461867
3617	0.179694	0.041806	0.800000	0.470930
3618	0.588598	0.062437	1.000000	0.677365
3619	0.197678	0.068407	0.650000	0.497167
3620	0.805132	0.084084	1.000000	0.493205
3621	0.734749	0.087412	0.850000	0.578478
3622	0.607152	0.066585	1.000000	0.670005
3623	0.338632	0.113639	1.000000	0.640124
3624	0.575682	0.036391	1.000000	0.681647
3625	0.348798	0.068926	1.000000	0.646699
3626	0.854770	0.043475	1.000000	0.414345
3627	0.711798	0.050033	0.700000	0.600533
3628	0.560943	0.092101	1.000000	0.685701
3629	0.895700	0.048252	1.000000	0.334430
3630	0.612041	0.080627	1.000000	0.667826
3631	0.498929	0.032705	0.900000	0.693145
3632	0.742510	0.065305	1.000000	0.570415
3633	0.620823	0.093018	1.000000	0.663660
3634	0.476520	0.061627	0.950000	0.692044
3635	0.762985	0.076675	1.000000	0.547614
3636	0.905457	0.048127	1.000000	0.312925
3637	0.198689	0.074437	0.950000	0.498580
3638	0.626762	0.090504	1.000000	0.660657
3639	0.258985	0.075430	0.450000	0.571992
3640	0.600734	0.077346	0.700000	0.672713
3641	0.669160	0.046068	1.000000	0.634772
3642	0.634425	0.075418	1.000000	0.656559
3643	0.455434	0.024802	0.650000	0.689170
3644	0.377231	0.091576	1.000000	0.662692
3645	0.966322	0.013047	1.000000	0.147305
3646	0.101392	0.027265	0.350000	0.328132
3647	0.546160	0.093160	1.000000	0.688880
3648	0.836447	0.059967	1.000000	0.445515
3649	0.406470	0.094789	1.000000	0.675548
3650	0.638345	0.092769	0.950000	0.654365
3651	0.755142	0.068228	1.000000	0.556615
3652	0.312650	0.103068	0.700000	0.621205
3653	0.232861	0.072073	0.400000	0.542711
3654	0.607881	0.088157	0.950000	0.669687
3655	0.366680	0.048322	0.950000	0.657165
3656	0.859546	0.048832	1.000000	0.405787
3657	0.421981	0.077108	0.500000	0.680923
3658	0.240225	0.039736	0.900000	0.551339
3659	0.911277	0.028766	1.000000	0.299573
3660	0.411706	0.042896	0.600000	0.677474
3661	0.220712	0.072580	0.700000	0.527808
3662	0.553193	0.087437	1.000000	0.687477
3663	0.723464	0.080789	1.000000	0.589652
3664	0.521607	0.102777	1.000000	0.692213
3665	0.628968	0.081926	1.000000	0.659502
3666	0.529778	0.096492	0.950000	0.691373
3667	0.400006	0.064797	0.900000	0.673014
3668	0.315650	0.056895	0.700000	0.623547
3669	0.267455	0.066692	0.500000	0.580711
3670	0.515053	0.135009	1.000000	0.692694
3671	0.647184	0.064460	1.000000	0.649173
3672	0.584825	0.067655	1.000000	0.678687
3673	0.202213	0.048826	0.700000	0.503455
3674	0.518852	0.100755	1.000000	0.692436
3675	0.364575	0.058566	0.950000	0.656005
3676	0.507419	0.079079	0.800000	0.693037
3677	0.482898	0.089481	0.800000	0.692562
3678	0.446716	0.085510	0.950000	0.687458
3679	0.771183	0.075908	1.000000	0.537842
3680	0.433027	0.093095	1.000000	0.684150
3681	0.385332	0.074589	0.550000	0.666614
3682	0.823346	0.046363	0.700000	0.466281
3683	0.839323	0.047732	1.000000	0.440791
3684	0.769413	0.118027	1.000000	0.539985
3685	0.485761	0.054222	1.000000	0.692742
3686	0.706395	0.036194	1.000000	0.605348
3687	0.323370	0.093298	1.000000	0.629384
3688	0.859248	0.056181	1.000000	0.406327
3689	0.527893	0.054994	1.000000	0.691590
3690	0.515691	0.057287	0.700000	0.692655
3691	0.662017	0.069485	1.000000	0.639689
3692	0.907199	0.037341	1.000000	0.308971
3693	0.071356	0.029239	0.800000	0.257132
3694	0.911812	0.051644	1.000000	0.298326
3695	0.347555	0.074732	1.000000	0.645920
3696	0.476860	0.099778	0.550000	0.692076
3697	0.303702	0.083833	0.550000	0.613968
3698	0.768498	0.064926	1.000000	0.541084
3699	0.602804	0.114907	1.000000	0.671858
3700	0.646727	0.056479	1.000000	0.649449
3701	0.871207	0.036384	1.000000	0.384086
3702	0.616624	0.062610	1.000000	0.665693
3703	0.612252	0.072838	1.000000	0.667730
3704	0.248753	0.044658	0.700000	0.560961
3705	0.709918	0.045659	1.000000	0.602225
3706	0.857368	0.078001	1.000000	0.409713
3707	0.317085	0.079417	1.000000	0.624653
3708	0.713201	0.078327	1.000000	0.599261
3709	0.307261	0.100621	0.900000	0.616892
3710	0.574823	0.068444	0.950000	0.681908
3711	0.704252	0.100220	1.000000	0.607219
3712	0.720881	0.040320	1.000000	0.592120
3713	0.375456	0.096479	0.600000	0.661796
3714	0.473510	0.084112	1.000000	0.691743
3715	0.594964	0.055576	0.650000	0.675001
3716	0.688238	0.112112	0.800000	0.620503
3717	0.538732	0.143247	1.000000	0.690144
3718	0.550707	0.088106	0.950000	0.687996
3719	0.434558	0.073926	0.650000	0.684557
3720	0.062900	0.029757	0.850000	0.234872
3721	0.455755	0.053870	0.550000	0.689227
3722	0.688657	0.054007	1.000000	0.620171
3723	0.796490	0.071100	1.000000	0.505230
3724	0.298216	0.066834	0.600000	0.609345
3725	0.484365	0.111548	0.900000	0.692658
3726	0.321794	0.072253	0.800000	0.628214
3727	0.520117	0.067207	0.550000	0.692338
3728	0.324831	0.064350	0.950000	0.630457
3729	0.464458	0.090824	1.000000	0.690619
3730	0.545491	0.086069	0.800000	0.689003
3731	0.651841	0.027473	1.000000	0.646300
3732	0.479063	0.053809	0.500000	0.692270
3733	0.640896	0.070502	1.000000	0.652901
3734	0.286073	0.053160	0.900000	0.598598
3735	0.513550	0.107481	1.000000	0.692780
3736	0.464876	0.074440	0.450000	0.690678
3737	0.910415	0.035457	1.000000	0.301576
3738	0.710323	0.046800	1.000000	0.601863
3739	0.383275	0.066099	0.600000	0.665645
3740	0.371756	0.146939	0.950000	0.659884
3741	0.429555	0.099294	0.450000	0.683189
3742	0.370362	0.140296	0.950000	0.659148
3743	0.711567	0.057924	1.000000	0.600743
3744	0.344866	0.093596	1.000000	0.644210
3745	0.413759	0.079796	0.800000	0.678197
3746	0.974043	0.019121	1.000000	0.120394
3747	0.789332	0.033856	1.000000	0.514840
3748	0.435881	0.051559	1.000000	0.684902
3749	0.450870	0.066689	1.000000	0.688312
3750	0.131630	0.032287	0.350000	0.389473
3751	0.500305	0.108628	1.000000	0.693147
3752	0.861547	0.039717	1.000000	0.402145
3753	0.710015	0.044209	1.000000	0.602138
3754	0.795274	0.033796	1.000000	0.506885
3755	0.228852	0.059394	0.400000	0.537886
3756	0.836117	0.032374	0.750000	0.446053
3757	0.651886	0.100556	0.950000	0.646271
3758	0.594834	0.080483	1.000000	0.675051
3759	0.221038	0.046944	0.800000	0.528219
3760	0.454635	0.103573	0.700000	0.689026
3761	0.331665	0.089077	1.000000	0.635351
3762	0.639079	0.096709	1.000000	0.653946
3763	0.499801	0.051414	1.000000	0.693147
3764	0.535003	0.073703	1.000000	0.690695
3765	0.353950	0.065660	1.000000	0.649858
3766	0.920137	0.039220	1.000000	0.278436
3767	0.427266	0.089542	0.950000	0.682529
3768	0.234520	0.065353	0.450000	0.544680
3769	0.355995	0.072176	0.550000	0.651079
3770	0.958143	0.009077	0.400000	0.173800
3771	0.584845	0.049599	1.000000	0.678680
3772	0.651350	0.045634	1.000000	0.646607
3773	0.550659	0.043026	0.850000	0.688006
3774	0.361088	0.095009	0.800000	0.654041
3775	0.651268	0.088732	1.000000	0.646658
3776	0.287480	0.069676	0.900000	0.599880
3777	0.613321	0.096481	0.750000	0.667239
3778	0.554699	0.077493	1.000000	0.687151
3779	0.768012	0.064881	1.000000	0.541667
3780	0.536102	0.076575	1.000000	0.690538
3781	0.356408	0.051398	0.550000	0.651324
3782	0.946196	0.026443	1.000000	0.209567
3783	0.352524	0.109890	0.600000	0.648995
3784	0.519603	0.035647	0.650000	0.692378
3785	0.157692	0.039170	0.300000	0.435823
3786	0.116733	0.051578	0.400000	0.360364
3787	0.877706	0.077880	1.000000	0.371471
3788	0.440938	0.102034	1.000000	0.686154
3789	0.515878	0.100236	0.900000	0.692643
3790	0.430913	0.105750	1.000000	0.683571
3791	0.175213	0.044204	0.650000	0.464057
3792	0.820163	0.074007	1.000000	0.471146
3793	0.975042	0.009892	1.000000	0.116751
3794	0.401449	0.060640	0.500000	0.673595
3795	0.723882	0.072440	1.000000	0.589249
3796	0.436503	0.070431	0.950000	0.685062
3797	0.801558	0.074989	1.000000	0.498236
3798	0.393518	0.117425	0.500000	0.670296
3799	0.287077	0.051078	1.000000	0.599514
3800	0.779889	0.065113	1.000000	0.527049
3801	0.687663	0.065366	0.950000	0.620958
3802	0.807631	0.094174	1.000000	0.489640
3803	0.695753	0.055156	1.000000	0.614420
3804	0.291115	0.070157	0.500000	0.603147
3805	0.189805	0.062882	0.600000	0.485940
3806	0.473221	0.063206	0.950000	0.691712
3807	0.562903	0.065254	1.000000	0.685213
3808	0.898607	0.031752	1.000000	0.328134
3809	0.342646	0.049609	1.000000	0.642775
3810	0.366743	0.057730	0.800000	0.657199
3811	0.280061	0.056613	0.700000	0.593011
3812	0.900805	0.020404	1.000000	0.323310
3813	0.469927	0.125522	0.800000	0.691337
3814	0.624393	0.070303	1.000000	0.661872
3815	0.297026	0.064162	0.650000	0.608323
3816	0.203889	0.118529	0.800000	0.505747
3817	0.253890	0.048897	0.900000	0.566569
3818	0.735785	0.050661	1.000000	0.577420
3819	0.530092	0.120082	1.000000	0.691335
3820	0.249791	0.083838	0.500000	0.562105
3821	0.814697	0.048860	1.000000	0.479341
3822	0.326668	0.089638	0.800000	0.631794
3823	0.828117	0.059843	1.000000	0.458860
3824	0.575871	0.092145	1.000000	0.681590
3825	0.111780	0.042348	0.500000	0.350220
3826	0.780904	0.088033	1.000000	0.525762
3827	0.552906	0.060481	1.000000	0.687539
3828	0.278276	0.088544	0.750000	0.591317
3829	0.415982	0.088162	0.550000	0.678962
3830	0.807894	0.038999	1.000000	0.489262
3831	0.476122	0.049804	1.000000	0.692006
3832	0.441199	0.067682	0.900000	0.686216
3833	0.647520	0.044008	1.000000	0.648968
3834	0.813267	0.062528	1.000000	0.481450
3835	0.801745	0.060701	1.000000	0.497974
3836	0.491712	0.066916	0.850000	0.693010
3837	0.816918	0.067766	1.000000	0.476035
3838	0.535522	0.077116	0.950000	0.690621
3839	0.362227	0.075869	0.700000	0.654689
3840	0.446831	0.064488	1.000000	0.687483
3841	0.777009	0.057609	1.000000	0.530668
3842	0.669274	0.136251	1.000000	0.634692
3843	0.705029	0.078120	1.000000	0.606543
3844	0.308625	0.063928	0.650000	0.617996
3845	0.729791	0.084981	1.000000	0.583467
3846	0.398005	0.082600	1.000000	0.672195
3847	0.949473	0.014834	0.600000	0.200064
3848	0.764141	0.044931	1.000000	0.546259
3849	0.473574	0.104016	1.000000	0.691750
3850	0.303213	0.122370	0.650000	0.613562
3851	0.771086	0.042199	1.000000	0.537961
3852	0.292978	0.054782	0.950000	0.604797
3853	0.638557	0.051263	1.000000	0.654244
3854	0.398310	0.053780	0.550000	0.672320
3855	0.787829	0.049939	1.000000	0.516819
3856	0.977976	0.006666	1.000000	0.105814
3857	0.177617	0.070349	0.850000	0.467761
3858	0.518794	0.067321	1.000000	0.692441
3859	0.055005	0.019557	0.800000	0.212997
3860	0.667747	0.049948	1.000000	0.635763
3861	0.785369	0.083590	1.000000	0.520028
3862	0.487048	0.067211	0.500000	0.692812
3863	0.210346	0.057816	0.600000	0.514415
3864	0.538578	0.049792	0.700000	0.690168
3865	0.878778	0.061081	1.000000	0.369352
3866	0.655938	0.044758	1.000000	0.643693
3867	0.667923	0.062995	0.850000	0.635640
3868	0.292230	0.067507	0.750000	0.604136
3869	0.433395	0.087483	0.800000	0.684248
3870	0.510822	0.022089	0.650000	0.692913
3871	0.617740	0.080491	0.750000	0.665160
3872	0.502048	0.094407	1.000000	0.693139
3873	0.798451	0.040740	1.000000	0.502542
3874	0.646436	0.092779	1.000000	0.649625
3875	0.463491	0.034885	0.800000	0.690479
3876	0.526097	0.090072	1.000000	0.691784
3877	0.462956	0.116490	0.800000	0.690400
3878	0.498647	0.083809	1.000000	0.693144
3879	0.781881	0.066923	1.000000	0.524516
3880	0.742358	0.052477	1.000000	0.570576
3881	0.793300	0.074441	1.000000	0.509551
3882	0.692309	0.048236	1.000000	0.617241
3883	0.502837	0.050155	0.900000	0.693131
3884	0.693124	0.107736	1.000000	0.616578
3885	0.659634	0.072340	1.000000	0.641278
3886	0.366536	0.121444	0.900000	0.657086
3887	0.286180	0.078359	0.950000	0.598696
3888	0.916146	0.028397	1.000000	0.288083
3889	0.600939	0.183938	0.800000	0.672629
3890	0.458560	0.110038	1.000000	0.689709
3891	0.673155	0.066467	1.000000	0.631921
3892	0.402560	0.055342	0.800000	0.674036
3893	0.483411	0.082816	0.900000	0.692597
3894	0.290065	0.058986	1.000000	0.602210
3895	0.699595	0.051966	1.000000	0.611207
3896	0.891199	0.063177	1.000000	0.344001
3897	0.804223	0.051445	1.000000	0.494492
3898	0.900014	0.018264	1.000000	0.325053
3899	0.924516	0.036286	0.600000	0.267597
3900	0.206334	0.064199	0.800000	0.509059
3901	0.732021	0.059226	0.950000	0.581238
3902	0.382456	0.087302	1.000000	0.665254
3903	0.836128	0.028940	0.900000	0.446035
3904	0.510756	0.074871	1.000000	0.692916
3905	0.477452	0.091261	0.950000	0.692130
3906	0.154951	0.046341	0.250000	0.431201
3907	0.412238	0.074958	0.800000	0.677663
3908	0.648882	0.107689	1.000000	0.648136
3909	0.577710	0.078500	1.000000	0.681020
3910	0.772573	0.181251	1.000000	0.536149
3911	0.712994	0.093606	1.000000	0.599449
3912	0.407573	0.081790	1.000000	0.675963
3913	0.430025	0.082855	0.950000	0.683322
3914	0.426235	0.079700	0.700000	0.682225
3915	0.251838	0.030655	0.700000	0.564346
3916	0.272089	0.068537	0.950000	0.585326
3917	0.132861	0.061765	0.450000	0.391789
3918	0.619182	0.041941	1.000000	0.664463
3919	0.981551	0.015083	1.000000	0.091941
3920	0.187675	0.055294	0.950000	0.482834
3921	0.152335	0.042141	0.500000	0.426738
3922	0.474207	0.032550	0.650000	0.691816
3923	0.908452	0.027108	1.000000	0.306105
3924	0.112523	0.046372	0.750000	0.351758
3925	0.332759	0.131145	0.800000	0.636115
3926	0.686922	0.066698	1.000000	0.621542
3927	0.901093	0.033660	1.000000	0.322675
3928	0.688686	0.057460	1.000000	0.620148
3929	0.471024	0.082023	1.000000	0.691467
3930	0.350273	0.064329	0.500000	0.647615
3931	0.793433	0.076227	1.000000	0.509372
3932	0.639683	0.095224	0.950000	0.653600
3933	0.544115	0.047551	1.000000	0.689250
3934	0.875161	0.039415	1.000000	0.376456
3935	0.418004	0.065101	1.000000	0.679640
3936	0.964254	0.023623	1.000000	0.154179
3937	0.539831	0.070955	0.750000	0.689971
3938	0.466065	0.070442	1.000000	0.690842
3939	0.759940	0.065023	1.000000	0.551149
3940	0.505035	0.070463	0.650000	0.693096
3941	0.774097	0.073065	1.000000	0.534278
3942	0.671874	0.061814	1.000000	0.632843
3943	0.516412	0.110625	1.000000	0.692608
3944	0.240953	0.079948	0.550000	0.552175
3945	0.354433	0.071344	0.650000	0.650148
3946	0.725718	0.112628	0.950000	0.587472
3947	0.959061	0.014108	0.850000	0.170916
3948	0.554978	0.127095	1.000000	0.687090
3949	0.677796	0.051016	1.000000	0.628520
3950	0.560349	0.097754	0.950000	0.685845
3951	0.444192	0.148622	1.000000	0.686905
3952	0.800577	0.056716	1.000000	0.499602
3953	0.535734	0.093296	0.900000	0.690591
3954	0.558502	0.159733	0.750000	0.686286
3955	0.315619	0.117281	0.950000	0.623523
3956	0.549353	0.081554	0.900000	0.688268
3957	0.919571	0.044518	1.000000	0.279817
3958	0.901854	0.023403	1.000000	0.320990
3959	0.282975	0.063135	1.000000	0.595742
3960	0.517167	0.056001	0.450000	0.692558
3961	0.450449	0.072838	1.000000	0.688228
3962	0.979724	0.018876	1.000000	0.099111
3963	0.620852	0.145786	0.700000	0.663646
3964	0.691633	0.102634	0.900000	0.617787
3965	0.872046	0.086674	1.000000	0.382479
3966	0.940015	0.022150	1.000000	0.226926
3967	0.799170	0.042535	1.000000	0.501550
3968	0.641835	0.046448	1.000000	0.652355
3969	0.813998	0.032181	1.000000	0.480374
3970	0.251584	0.056234	0.850000	0.564068
3971	0.651600	0.055197	1.000000	0.646451
3972	0.410887	0.132524	1.000000	0.677180
3973	0.876900	0.028433	1.000000	0.373057
3974	0.486834	0.068300	0.600000	0.692800
3975	0.608063	0.090077	0.950000	0.669607
3976	0.254768	0.059799	0.600000	0.567513
3977	0.614732	0.144583	1.000000	0.666584
3978	0.672458	0.075026	0.800000	0.632425
3979	0.543440	0.049470	1.000000	0.689368
3980	0.472163	0.102076	0.950000	0.691597
3981	0.694196	0.070850	0.500000	0.615702
3982	0.306007	0.071024	0.500000	0.615868
3983	0.691348	0.063530	1.000000	0.618018
3984	0.757100	0.047501	1.000000	0.554400
3985	0.256585	0.077262	0.650000	0.569454
3986	0.797989	0.052420	1.000000	0.503177
3987	0.618597	0.055629	1.000000	0.664747
3988	0.521660	0.084918	0.650000	0.692209
3989	0.498104	0.074990	1.000000	0.693140
3990	0.651439	0.063253	1.000000	0.646552
3991	0.478878	0.061456	0.950000	0.692255
3992	0.472956	0.080109	0.950000	0.691684
3993	0.220897	0.052453	0.700000	0.528041
3994	0.322571	0.054579	0.950000	0.628792
3995	0.783891	0.052573	1.000000	0.521939
3996	0.270626	0.057893	0.700000	0.583881
3997	0.363201	0.072259	0.950000	0.655238
3998	0.276769	0.052227	0.750000	0.589876
3999	0.137679	0.042561	0.600000	0.400728
4000	0.639856	0.085587	1.000000	0.653501
4001	0.240060	0.053677	0.600000	0.551150
4002	0.767528	0.096773	0.950000	0.542246
4003	0.578425	0.119140	1.000000	0.680795
4004	0.497052	0.043888	1.000000	0.693130
4005	0.433399	0.068420	0.700000	0.684249
4006	0.394954	0.098018	1.000000	0.670912
4007	0.732044	0.053455	1.000000	0.581216
4008	0.545644	0.074736	1.000000	0.688975
4009	0.388894	0.065898	0.600000	0.668251
4010	0.671019	0.080646	1.000000	0.633455
4011	0.157041	0.056745	0.700000	0.434731
4012	0.450122	0.086048	0.950000	0.688163
4013	0.374255	0.041150	0.900000	0.661181
4014	0.513476	0.096436	1.000000	0.692784
4015	0.543854	0.060618	0.950000	0.689296
4016	0.529408	0.090002	0.700000	0.691417
4017	0.905855	0.057245	1.000000	0.312025
4018	0.228421	0.117861	0.900000	0.537361
4019	0.305184	0.092994	0.650000	0.615193
4020	0.239698	0.111632	0.850000	0.550731
4021	0.593725	0.031304	1.000000	0.675474
4022	0.446535	0.062371	1.000000	0.687419
4023	0.458585	0.093537	1.000000	0.689713
4024	0.455916	0.125873	1.000000	0.689255
4025	0.890849	0.031040	0.600000	0.344737
4026	0.558554	0.193082	1.000000	0.686274
4027	0.608926	0.078003	1.000000	0.669226
4028	0.938253	0.030565	0.700000	0.231748
4029	0.648836	0.081805	1.000000	0.648164
4030	0.913765	0.051296	1.000000	0.293740
4031	0.932316	0.044363	1.000000	0.247606
4032	0.433750	0.082896	0.850000	0.684343
4033	0.903679	0.034905	1.000000	0.316923
4034	0.501459	0.084043	0.950000	0.693143
4035	0.503355	0.078453	0.850000	0.693125
4036	0.294064	0.047188	0.750000	0.605751
4037	0.318845	0.061045	0.650000	0.625996
4038	0.886895	0.042349	1.000000	0.352959
4039	0.459806	0.071207	1.000000	0.689913
4040	0.307141	0.085666	1.000000	0.616794
4041	0.236142	0.093847	0.950000	0.546592
4042	0.779913	0.094093	1.000000	0.527018
4043	0.919082	0.019608	0.500000	0.281007
4044	0.674629	0.089980	1.000000	0.630852
4045	0.834011	0.061623	1.000000	0.449469
4046	0.796865	0.065605	0.750000	0.504719
4047	0.806563	0.044143	1.000000	0.491169
4048	0.807076	0.065713	1.000000	0.490435
4049	0.348719	0.059720	0.950000	0.646650
4050	0.754014	0.103680	1.000000	0.557882
4051	0.387271	0.031103	0.500000	0.667512
4052	0.350320	0.134932	0.850000	0.647645
4053	0.666837	0.063003	0.950000	0.636396
4054	0.872111	0.072796	1.000000	0.382355
4055	0.506950	0.030356	0.650000	0.693051
4056	0.303871	0.051712	1.000000	0.614108
4057	0.416956	0.045515	0.850000	0.679291
4058	0.668289	0.113280	1.000000	0.635384
4059	0.752884	0.070007	0.600000	0.559145
4060	0.406282	0.107166	1.000000	0.675477
4061	0.123108	0.036136	0.500000	0.373072
4062	0.110641	0.051658	0.650000	0.347853
4063	0.605219	0.070461	0.950000	0.670839
4064	0.636375	0.073820	1.000000	0.655475
4065	0.478849	0.086252	0.950000	0.692252
4066	0.525997	0.039354	0.850000	0.691795
4067	0.363879	0.074658	0.650000	0.655617
4068	0.181682	0.036069	0.750000	0.473934
4069	0.353327	0.088473	0.600000	0.649482
4070	0.521424	0.142256	0.950000	0.692229
4071	0.945484	0.034547	1.000000	0.211604
4072	0.492126	0.087138	0.650000	0.693023
4073	0.324238	0.054230	0.850000	0.630023
4074	0.559296	0.062869	0.500000	0.686099
4075	0.176336	0.082609	0.800000	0.465792
4076	0.686973	0.085207	1.000000	0.621501
4077	0.790748	0.040703	1.000000	0.512964
4078	0.723857	0.054668	0.750000	0.589274
4079	0.468165	0.061987	0.950000	0.691119
4080	0.156181	0.054365	0.450000	0.433282
4081	0.181181	0.048229	0.550000	0.473179
4082	0.878946	0.029945	1.000000	0.369020
4083	0.673546	0.055435	1.000000	0.631639
4084	0.484556	0.074796	1.000000	0.692670
4085	0.411993	0.060248	1.000000	0.677576
4086	0.718731	0.064930	1.000000	0.594148
4087	0.209027	0.065662	0.850000	0.512665
4088	0.552143	0.066131	1.000000	0.687700
4089	0.306589	0.065651	0.750000	0.616344
4090	0.376947	0.082792	0.950000	0.662550
4091	0.835675	0.066662	1.000000	0.446773
4092	0.929966	0.015921	1.000000	0.253728
4093	0.747816	0.039343	1.000000	0.564722
4094	0.668277	0.038972	1.000000	0.635392
4095	0.826849	0.046588	1.000000	0.460848
4096	0.609416	0.065565	1.000000	0.669009
4097	0.575620	0.040552	1.000000	0.681667
4098	0.380133	0.109598	0.900000	0.664129
4099	0.248727	0.052638	0.750000	0.560932
4100	0.362577	0.053290	0.700000	0.654887
4101	0.706360	0.054335	1.000000	0.605379
4102	0.537019	0.073220	1.000000	0.690404
4103	0.829680	0.070353	1.000000	0.456393
4104	0.475950	0.065537	0.950000	0.691990
4105	0.902153	0.028695	1.000000	0.320327
4106	0.699520	0.073440	1.000000	0.611270
4107	0.636159	0.080842	1.000000	0.655596
4108	0.532208	0.051569	1.000000	0.691071
4109	0.859155	0.051851	1.000000	0.406494
4110	0.713717	0.102133	1.000000	0.598790
4111	0.683220	0.077437	1.000000	0.624418
4112	0.670268	0.052044	1.000000	0.633989
4113	0.557717	0.110309	1.000000	0.686470
4114	0.696562	0.040147	0.550000	0.613749
4115	0.554591	0.065488	1.000000	0.687175
4116	0.378299	0.037273	0.600000	0.663225
4117	0.734874	0.166871	1.000000	0.578351
4118	0.585523	0.050184	1.000000	0.678447
4119	0.511440	0.046605	0.650000	0.692885
4120	0.725108	0.077984	1.000000	0.588064
4121	0.807655	0.056982	1.000000	0.489606
4122	0.441233	0.108817	1.000000	0.686224
4123	0.427575	0.099520	0.950000	0.682619
4124	0.750674	0.099615	1.000000	0.561594
4125	0.726422	0.090445	1.000000	0.586785
4126	0.735115	0.119244	1.000000	0.578104
4127	0.372162	0.040670	0.700000	0.660096
4128	0.132078	0.041200	0.400000	0.390318
4129	0.314071	0.121546	1.000000	0.622319
4130	0.519507	0.084262	0.950000	0.692386
4131	0.691677	0.057030	1.000000	0.617753
4132	0.674417	0.080763	1.000000	0.631007
4133	0.734607	0.059056	0.800000	0.578623
4134	0.611582	0.124624	1.000000	0.668035
4135	0.583026	0.077043	0.700000	0.679296
4136	0.644536	0.051850	1.000000	0.650764
4137	0.992222	0.004096	1.000000	0.045523
4138	0.382578	0.093858	0.650000	0.665312
4139	0.522902	0.040504	1.000000	0.692098
4140	0.292351	0.067931	0.500000	0.604243
4141	0.965959	0.016405	1.000000	0.148521
4142	0.967318	0.016284	1.000000	0.143943
4143	0.448222	0.091070	0.700000	0.687776
4144	0.667014	0.079309	1.000000	0.636273
4145	0.978705	0.017256	1.000000	0.103036
4146	0.592403	0.093794	0.800000	0.675972
4147	0.907956	0.030701	1.000000	0.307241
4148	0.556856	0.105784	0.850000	0.686668
4149	0.632388	0.067352	1.000000	0.657672
4150	0.929206	0.061377	1.000000	0.255687
4151	0.387940	0.065190	0.700000	0.667818
4152	0.186445	0.044083	0.750000	0.481027
4153	0.394195	0.122101	1.000000	0.670587
4154	0.464100	0.088199	1.000000	0.690567
4155	0.562359	0.054900	1.000000	0.685350
4156	0.273863	0.076025	1.000000	0.587063
4157	0.702217	0.084856	1.000000	0.608975
4158	0.467980	0.063194	1.000000	0.691095
4159	0.538041	0.082966	1.000000	0.690250
4160	0.923605	0.036970	1.000000	0.269876
4161	0.404243	0.075288	0.500000	0.674694
4162	0.354530	0.072191	0.450000	0.650206
4163	0.489051	0.029433	0.700000	0.692907
4164	0.488128	0.053309	1.000000	0.692865
4165	0.692387	0.076078	1.000000	0.617177
4166	0.846254	0.040686	1.000000	0.429152
4167	0.416687	0.102835	0.850000	0.679200
4168	0.667245	0.083168	1.000000	0.636113
4169	0.926455	0.016016	1.000000	0.262712
4170	0.207168	0.060333	0.450000	0.510180
4171	0.707068	0.057081	1.000000	0.604756
4172	0.174865	0.036777	0.450000	0.463518
4173	0.158390	0.069097	0.400000	0.436991
4174	0.847556	0.026541	1.000000	0.426926
4175	0.517595	0.073171	0.950000	0.692528
4176	0.491696	0.056509	0.950000	0.693009
4177	0.785885	0.074137	1.000000	0.519358
4178	0.544229	0.072353	1.000000	0.689230
4179	0.416499	0.112034	0.850000	0.679137
4180	0.205231	0.083962	0.950000	0.507569
4181	0.250147	0.052954	0.750000	0.562497
4182	0.331317	0.059379	0.450000	0.635108
4183	0.593711	0.102789	0.950000	0.675479
4184	0.797521	0.034621	1.000000	0.503820
4185	0.298596	0.041699	0.400000	0.609670
4186	0.110788	0.033170	0.900000	0.348160
4187	0.214083	0.076994	0.600000	0.519316
4188	0.451194	0.070215	1.000000	0.688376
4189	0.875499	0.066537	1.000000	0.375798
4190	0.456890	0.089504	0.950000	0.689426
4191	0.658655	0.084327	1.000000	0.641923
4192	0.664020	0.137120	1.000000	0.638333
4193	0.515001	0.067614	0.450000	0.692697
4194	0.562036	0.093239	0.950000	0.685430
4195	0.634878	0.054928	1.000000	0.656309
4196	0.849770	0.041265	1.000000	0.423108
4197	0.295197	0.063002	1.000000	0.606740
4198	0.570205	0.080108	1.000000	0.683257
4199	0.753887	0.097747	1.000000	0.558024
4200	0.714038	0.088985	1.000000	0.598496
4201	0.449322	0.078279	0.550000	0.688002
4202	0.654841	0.147265	1.000000	0.644398
4203	0.240618	0.053257	0.600000	0.551792
4204	0.232253	0.045301	0.550000	0.541984
4205	0.418350	0.050702	0.650000	0.679754
4206	0.846534	0.036384	1.000000	0.428674
4207	0.704760	0.024785	1.000000	0.606777
4208	0.348204	0.077946	1.000000	0.646328
4209	0.263173	0.052945	0.500000	0.576349
4210	0.360701	0.089987	0.900000	0.653821
4211	0.360689	0.079953	1.000000	0.653813
4212	0.564300	0.052925	0.650000	0.684855
4213	0.426094	0.082917	1.000000	0.682183
4214	0.569245	0.061575	1.000000	0.683526
4215	0.446971	0.064870	0.950000	0.687512
4216	0.520593	0.048016	0.950000	0.692299
4217	0.955816	0.009807	0.550000	0.181021
4218	0.599320	0.089302	1.000000	0.673287
4219	0.765526	0.111650	1.000000	0.544626
4220	0.701779	0.067117	1.000000	0.609349
4221	0.405823	0.082735	0.750000	0.675302
4222	0.699816	0.031225	1.000000	0.611020
4223	0.302132	0.053190	0.650000	0.612660
4224	0.943613	0.032118	1.000000	0.216908
4225	0.803737	0.055831	1.000000	0.495179
4226	0.377556	0.091063	0.750000	0.662855
4227	0.726388	0.080465	1.000000	0.586819
4228	0.682172	0.065370	1.000000	0.625221
4229	0.395189	0.072585	0.550000	0.671013
4230	0.355681	0.072940	0.850000	0.650892
4231	0.591694	0.100903	1.000000	0.676236
4232	0.678682	0.118420	1.000000	0.627859
4233	0.617102	0.093642	0.950000	0.665465
4234	0.837462	0.070088	1.000000	0.443855
4235	0.778870	0.067178	1.000000	0.528334
4236	0.594564	0.073828	0.800000	0.675154
4237	0.876418	0.025422	1.000000	0.374001
4238	0.581670	0.140130	0.950000	0.679747
4239	0.770981	0.095032	1.000000	0.538088
4240	0.368253	0.085720	0.650000	0.658020
4241	0.217235	0.058351	0.950000	0.523386
4242	0.575892	0.095678	1.000000	0.681583
4243	0.400576	0.078317	0.900000	0.673245
4244	0.652641	0.071310	0.600000	0.645796
4245	0.709865	0.065591	1.000000	0.602273
4246	0.825399	0.057124	1.000000	0.463107
4247	0.645259	0.050122	0.550000	0.650332
4248	0.894084	0.039264	1.000000	0.337890
4249	0.757867	0.035395	1.000000	0.553526
4250	0.748803	0.080995	1.000000	0.563647
4251	0.228358	0.061902	0.700000	0.537284
4252	0.477547	0.059896	1.000000	0.692139
4253	0.507370	0.070166	1.000000	0.693039
4254	0.438436	0.064441	0.950000	0.685548
4255	0.737138	0.035846	1.000000	0.576029
4256	0.766465	0.036551	1.000000	0.543512
4257	0.632266	0.065472	1.000000	0.657739
4258	0.674251	0.052856	1.000000	0.631127
4259	0.746780	0.068894	1.000000	0.565845
4260	0.450021	0.111233	1.000000	0.688143
4261	0.522658	0.088427	1.000000	0.692120
4262	0.725795	0.126313	1.000000	0.587396
4263	0.212686	0.039738	0.950000	0.517493
4264	0.849146	0.030716	1.000000	0.424188
4265	0.505677	0.055322	1.000000	0.693083
4266	0.540704	0.141530	1.000000	0.689830
4267	0.892679	0.058023	1.000000	0.340878
4268	0.403526	0.066939	0.850000	0.674416
4269	0.952298	0.013513	1.000000	0.191692
4270	0.402722	0.081513	1.000000	0.674100
4271	0.480977	0.072873	1.000000	0.692423
4272	0.568124	0.058329	1.000000	0.683837
4273	0.469357	0.080765	1.000000	0.691268
4274	0.760360	0.063740	1.000000	0.550664
4275	0.569510	0.075190	1.000000	0.683453
4276	0.166339	0.060985	0.900000	0.450033
4277	0.650824	0.048019	1.000000	0.646935
4278	0.808427	0.046337	0.600000	0.488496
4279	0.625154	0.044842	1.000000	0.661485
4280	0.618361	0.089698	1.000000	0.664861
4281	0.806036	0.042775	0.500000	0.491921
4282	0.745519	0.059860	1.000000	0.567204
4283	0.750846	0.059247	1.000000	0.561404
4284	0.697505	0.090478	1.000000	0.612964
4285	0.686671	0.114098	1.000000	0.621739
4286	0.624523	0.049553	1.000000	0.661806
4287	0.452094	0.059167	1.000000	0.688550
4288	0.254519	0.062140	0.700000	0.567246
4289	0.386890	0.099059	0.950000	0.667337
4290	0.698413	0.070072	1.000000	0.612203
4291	0.906990	0.034597	1.000000	0.309447
4292	0.470701	0.120315	0.850000	0.691429
4293	0.349707	0.036896	0.650000	0.647265
4294	0.288283	0.063668	0.700000	0.600607
4295	0.591540	0.072593	1.000000	0.676293
4296	0.594087	0.069724	1.000000	0.675336
4297	0.731802	0.045059	1.000000	0.581458
4298	0.681771	0.131627	1.000000	0.625528
4299	0.465221	0.084718	0.800000	0.690726
4300	0.469424	0.111284	0.950000	0.691276
4301	0.906970	0.027305	1.000000	0.309492
4302	0.421512	0.063824	0.950000	0.680775
4303	0.287472	0.055040	0.950000	0.599873
4304	0.595422	0.064821	1.000000	0.674824
4305	0.205389	0.055937	0.500000	0.507783
4306	0.392865	0.057928	0.500000	0.670012
4307	0.643978	0.097833	1.000000	0.651095
4308	0.401495	0.086964	0.950000	0.673613
4309	0.395792	0.070565	1.000000	0.671268
4310	0.691789	0.068696	0.400000	0.617662
4311	0.318307	0.074239	0.850000	0.625586
4312	0.643900	0.090689	0.900000	0.651142
4313	0.413608	0.103940	0.950000	0.678145
4314	0.774242	0.058865	1.000000	0.534100
4315	0.437183	0.091121	0.850000	0.685234
4316	0.403362	0.064004	0.850000	0.674351
4317	0.615907	0.053646	1.000000	0.666032
4318	0.838618	0.044370	1.000000	0.441954
4319	0.737950	0.046694	1.000000	0.575191
4320	0.163549	0.058747	0.700000	0.445508
4321	0.789230	0.063668	1.000000	0.514975
4322	0.278120	0.075737	0.800000	0.591169
4323	0.322820	0.092811	0.800000	0.628977
4324	0.679242	0.099214	1.000000	0.627440
4325	0.171219	0.068149	0.950000	0.457814
4326	0.893875	0.031403	1.000000	0.338336
4327	0.547011	0.078998	1.000000	0.688721
4328	0.334974	0.086415	0.600000	0.637645
4329	0.484098	0.078622	0.600000	0.692641
4330	0.497413	0.066783	1.000000	0.693134
4331	0.382164	0.045474	0.950000	0.665114
4332	0.164564	0.088417	0.950000	0.447161
4333	0.624029	0.067799	1.000000	0.662057
4334	0.469853	0.069401	1.000000	0.691328
4335	0.444506	0.095517	1.000000	0.686975
4336	0.258462	0.056893	1.000000	0.571442
4337	0.588821	0.041544	1.000000	0.677285
4338	0.317979	0.082054	0.800000	0.625337
4339	0.376987	0.055103	0.950000	0.662570
4340	0.381017	0.128352	1.000000	0.664560
4341	0.232455	0.036751	0.550000	0.542226
4342	0.937193	0.020409	1.000000	0.234623
4343	0.731004	0.052128	1.000000	0.582257
4344	0.477292	0.051314	0.900000	0.692116
4345	0.318313	0.061482	0.700000	0.625591
4346	0.323779	0.075047	0.900000	0.629685
4347	0.431931	0.064485	1.000000	0.683852
4348	0.533470	0.093689	1.000000	0.690905
4349	0.407169	0.061419	0.950000	0.675812
4350	0.327501	0.073001	0.750000	0.632395
4351	0.814960	0.042814	1.000000	0.478950
4352	0.399033	0.079367	0.800000	0.672618
4353	0.142474	0.078181	0.500000	0.409429
4354	0.910640	0.021833	1.000000	0.301054
4355	0.360066	0.050068	0.850000	0.653456
4356	0.416473	0.071952	0.950000	0.679128
4357	0.582658	0.091543	1.000000	0.679420
4358	0.220330	0.037483	0.650000	0.527325
4359	0.432738	0.077621	1.000000	0.684071
4360	0.220722	0.046938	0.450000	0.527821
4361	0.471300	0.052978	0.700000	0.691499
4362	0.300744	0.069715	0.700000	0.611493
4363	0.419981	0.079938	0.450000	0.680286
4364	0.627232	0.081876	1.000000	0.660412
4365	0.383780	0.107031	1.000000	0.665884
4366	0.458491	0.095112	0.450000	0.689697
4367	0.346968	0.073506	1.000000	0.645550
4368	0.872918	0.063631	1.000000	0.380802
4369	0.179813	0.059034	1.000000	0.471110
4370	0.923864	0.038858	1.000000	0.269230
4371	0.551846	0.080655	0.300000	0.687762
4372	0.347309	0.080897	0.850000	0.645765
4373	0.915146	0.048602	1.000000	0.290467
4374	0.703403	0.101492	1.000000	0.607953
4375	0.773747	0.053795	1.000000	0.534709
4376	0.634371	0.114481	0.950000	0.656588
4377	0.286344	0.083831	0.950000	0.598846
4378	0.228770	0.050392	0.800000	0.537786
4379	0.333512	0.066392	0.750000	0.636638
4380	0.287160	0.046115	0.850000	0.599589
4381	0.762026	0.043325	1.000000	0.548733
4382	0.732070	0.051630	1.000000	0.581189
4383	0.451264	0.076070	0.750000	0.688389
4384	0.267890	0.080494	0.750000	0.581149
4385	0.841312	0.037119	1.000000	0.437487
4386	0.229836	0.079718	0.950000	0.539079
4387	0.773555	0.113958	1.000000	0.534944
4388	0.642733	0.089229	1.000000	0.651830
4389	0.823994	0.051504	1.000000	0.465282
4390	0.479405	0.109358	0.950000	0.692299
4391	0.942846	0.026024	1.000000	0.219063
4392	0.479959	0.059324	1.000000	0.692344
4393	0.635055	0.075177	1.000000	0.656210
4394	0.622710	0.062680	0.750000	0.662722
4395	0.342703	0.075159	0.950000	0.642812
4396	0.993225	0.005632	1.000000	0.040589
4397	0.919815	0.046230	1.000000	0.279221
4398	0.964828	0.019825	1.000000	0.152283
4399	0.490662	0.073764	1.000000	0.692973
4400	0.546434	0.091559	0.850000	0.688829
4401	0.441503	0.120925	1.000000	0.686288
4402	0.347772	0.136038	1.000000	0.646057
4403	0.910170	0.027192	1.000000	0.302144
4404	0.824972	0.071532	1.000000	0.463770
4405	0.643961	0.057053	1.000000	0.651105
4406	0.275200	0.048601	0.700000	0.588363
4407	0.643810	0.126214	1.000000	0.651194
4408	0.266448	0.116032	0.600000	0.579694
4409	0.276125	0.055097	0.600000	0.589257
4410	0.841177	0.058399	1.000000	0.437713
4411	0.611576	0.053389	1.000000	0.668038
4412	0.550346	0.068568	1.000000	0.688069
4413	0.783244	0.035751	1.000000	0.522771
4414	0.186601	0.070159	0.650000	0.481256
4415	0.523008	0.125641	1.000000	0.692088
4416	0.619010	0.090939	1.000000	0.664547
4417	0.353458	0.068989	0.750000	0.649561
4418	0.269398	0.048070	1.000000	0.582659
4419	0.526680	0.042464	0.850000	0.691723
4420	0.289351	0.051575	0.400000	0.601570
4421	0.598209	0.065087	1.000000	0.673731
4422	0.441962	0.062930	1.000000	0.686395
4423	0.493820	0.033253	0.700000	0.693071
4424	0.414699	0.059287	0.450000	0.678523
4425	0.172566	0.076324	0.600000	0.459932
4426	0.680835	0.093006	1.000000	0.626239
4427	0.449174	0.080100	0.950000	0.687972
4428	0.907381	0.026761	1.000000	0.308556
4429	0.258178	0.061077	0.950000	0.571142
4430	0.974121	0.011784	1.000000	0.120112
4431	0.990361	0.005864	1.000000	0.054334
4432	0.737151	0.063348	0.500000	0.576016
4433	0.264284	0.088063	1.000000	0.577490
4434	0.417464	0.071338	0.750000	0.679460
4435	0.316905	0.097228	0.900000	0.624514
4436	0.755141	0.069659	1.000000	0.556616
4437	0.648499	0.059532	1.000000	0.648371
4438	0.286060	0.078815	0.850000	0.598586
4439	0.684977	0.087223	1.000000	0.623061
4440	0.426125	0.071006	0.850000	0.682192
4441	0.450729	0.054936	1.000000	0.688284
4442	0.598579	0.088826	0.900000	0.673584
4443	0.920124	0.025893	1.000000	0.278466
4444	0.637932	0.075014	1.000000	0.654599
4445	0.953108	0.018753	1.000000	0.189259
4446	0.660787	0.083453	1.000000	0.640512
4447	0.699256	0.094409	1.000000	0.611494
4448	0.452900	0.054719	1.000000	0.688704
4449	0.453653	0.075887	0.950000	0.688845
4450	0.722768	0.048233	0.850000	0.590320
4451	0.692934	0.109053	0.900000	0.616733
4452	0.520982	0.098779	0.900000	0.692266
4453	0.478374	0.091276	1.000000	0.692212
4454	0.539652	0.086044	1.000000	0.689999
4455	0.794170	0.094520	1.000000	0.508380
4456	0.756530	0.070058	1.000000	0.555046
4457	0.863894	0.047266	1.000000	0.397832
4458	0.897611	0.058993	1.000000	0.330300
4459	0.490771	0.103980	0.750000	0.692977
4460	0.620669	0.061988	1.000000	0.663736
4461	0.511072	0.055550	1.000000	0.692902
4462	0.578747	0.059452	1.000000	0.680693
4463	0.351393	0.065209	0.700000	0.648305
4464	0.901133	0.024368	1.000000	0.322586
4465	0.412311	0.064402	0.750000	0.677689
4466	0.600996	0.046936	1.000000	0.672606
4467	0.964679	0.026959	1.000000	0.152776
4468	0.782731	0.047171	1.000000	0.523430
4469	0.293474	0.073952	0.600000	0.605233
4470	0.993731	0.004687	1.000000	0.038049
4471	0.740689	0.056623	1.000000	0.572335
4472	0.448541	0.145108	1.000000	0.687842
4473	0.274295	0.058601	1.000000	0.587484
4474	0.396649	0.127387	0.950000	0.671630
4475	0.443885	0.049103	0.800000	0.686836
4476	0.793098	0.055679	1.000000	0.509823
4477	0.194394	0.045524	0.600000	0.492531
4478	0.442029	0.048166	1.000000	0.686411
4479	0.737334	0.045092	1.000000	0.575827
4480	0.415366	0.051327	0.900000	0.678752
4481	0.580725	0.077248	0.600000	0.680057
4482	0.459190	0.061839	0.950000	0.689813
4483	0.292289	0.078618	0.950000	0.604188
4484	0.337114	0.059836	1.000000	0.639102
4485	0.555348	0.059232	1.000000	0.687008
4486	0.367844	0.068032	0.700000	0.657798
4487	0.379688	0.084415	1.000000	0.663911
4488	0.207922	0.041147	0.750000	0.511190
4489	0.642432	0.074801	1.000000	0.652006
4490	0.615246	0.080841	1.000000	0.666343
4491	0.673849	0.052754	0.500000	0.631419
4492	0.637942	0.059668	1.000000	0.654593
4493	0.780248	0.050060	1.000000	0.526594
4494	0.823755	0.057519	1.000000	0.465651
4495	0.369034	0.052646	0.450000	0.658439
4496	0.503399	0.088405	1.000000	0.693124
4497	0.618271	0.067216	1.000000	0.664904
4498	0.831360	0.033703	1.000000	0.453723
4499	0.553219	0.093405	0.950000	0.687472
4500	0.371993	0.068876	0.600000	0.660008
4501	0.584363	0.082740	1.000000	0.678845
4502	0.519235	0.050181	1.000000	0.692407
4503	0.847929	0.098234	1.000000	0.426285
4504	0.975642	0.015780	1.000000	0.114547
4505	0.602966	0.060216	1.000000	0.671791
4506	0.802927	0.045019	1.000000	0.496318
4507	0.893429	0.039527	1.000000	0.339286
4508	0.871256	0.032827	1.000000	0.383993
4509	0.370614	0.095361	1.000000	0.659281
4510	0.416718	0.053109	0.650000	0.679211
4511	0.181252	0.047361	0.950000	0.473287
4512	0.832255	0.031231	1.000000	0.452292
4513	0.754630	0.068785	0.550000	0.557191
4514	0.432500	0.099308	0.600000	0.684007
4515	0.942552	0.019951	1.000000	0.219887
4516	0.665523	0.056096	1.000000	0.637304
4517	0.470591	0.073656	1.000000	0.691416
4518	0.863200	0.029795	1.000000	0.399112
4519	0.153619	0.069471	0.900000	0.428935
4520	0.202327	0.048786	0.300000	0.503611
4521	0.739246	0.062149	1.000000	0.573844
4522	0.335102	0.040599	0.550000	0.637733
4523	0.794946	0.050656	1.000000	0.507329
4524	0.798041	0.068764	1.000000	0.503106
4525	0.995033	0.005849	1.000000	0.031305
4526	0.428322	0.087830	1.000000	0.682836
4527	0.681608	0.057152	1.000000	0.625652
4528	0.799265	0.045271	1.000000	0.501420
4529	0.372040	0.055536	0.450000	0.660033
4530	0.318690	0.061166	0.900000	0.625878
4531	0.654327	0.059811	1.000000	0.644727
4532	0.522005	0.089286	0.700000	0.692178
4533	0.697190	0.075818	1.000000	0.613226
4534	0.608788	0.065742	1.000000	0.669287
4535	0.603953	0.089109	1.000000	0.671376
4536	0.386662	0.095032	0.650000	0.667231
4537	0.291375	0.072928	1.000000	0.603378
4538	0.609867	0.157955	1.000000	0.668808
4539	0.463073	0.037412	1.000000	0.690418
4540	0.682382	0.086464	1.000000	0.625061
4541	0.950058	0.017360	1.000000	0.198345
4542	0.410886	0.048521	0.550000	0.677179
4543	0.200711	0.099462	1.000000	0.501387
4544	0.455140	0.062224	1.000000	0.689117
4545	0.463687	0.058386	0.700000	0.690508
4546	0.778995	0.095831	0.950000	0.528177
4547	0.428909	0.055259	0.950000	0.683005
4548	0.275816	0.061000	0.400000	0.588958
4549	0.335768	0.057968	0.550000	0.638188
4550	0.461755	0.084510	0.950000	0.690219
4551	0.960806	0.016138	1.000000	0.165374
4552	0.554504	0.055592	1.000000	0.687194
4553	0.375497	0.074101	0.700000	0.661816
4554	0.526489	0.140331	1.000000	0.691743
4555	0.335915	0.075308	1.000000	0.638289
4556	0.428974	0.094424	0.750000	0.683023
4557	0.496516	0.069804	1.000000	0.693123
4558	0.351894	0.070411	1.000000	0.648611
4559	0.612995	0.037838	1.000000	0.667389
4560	0.193430	0.058598	0.700000	0.491158
4561	0.746978	0.064940	0.650000	0.565631
4562	0.929691	0.028082	0.450000	0.254437
4563	0.262287	0.062230	0.950000	0.575435
4564	0.391718	0.035261	0.800000	0.669511
4565	0.301168	0.052016	0.450000	0.611850
4566	0.859799	0.040485	1.000000	0.405329
4567	0.385173	0.098978	0.800000	0.666540
4568	0.520623	0.055948	0.900000	0.692296
4569	0.863043	0.024789	1.000000	0.399400
4570	0.275611	0.061416	0.900000	0.588760
4571	0.545126	0.068085	1.000000	0.689069
4572	0.547045	0.118789	0.450000	0.688714
4573	0.612050	0.045878	0.750000	0.667822
4574	0.994466	0.006350	1.000000	0.034277
4575	0.627750	0.082865	0.450000	0.660143
4576	0.261652	0.048580	0.900000	0.574778
4577	0.915101	0.026675	1.000000	0.290574
4578	0.726175	0.036501	0.800000	0.587026
4579	0.473009	0.083262	0.400000	0.691689
4580	0.846520	0.034725	1.000000	0.428698
4581	0.811186	0.096680	1.000000	0.484498
4582	0.703160	0.081732	1.000000	0.608163
4583	0.437065	0.104983	0.700000	0.685204
4584	0.435384	0.043968	0.700000	0.684773
4585	0.473584	0.020907	0.600000	0.691751
4586	0.343718	0.062374	0.750000	0.643471
4587	0.174787	0.072942	0.700000	0.463396
4588	0.933145	0.027623	1.000000	0.245426
4589	0.381667	0.082651	0.600000	0.664874
4590	0.503962	0.069879	0.850000	0.693116
4591	0.612801	0.140971	1.000000	0.667479
4592	0.805022	0.044140	1.000000	0.493361
4593	0.962361	0.024923	1.000000	0.160366
4594	0.480048	0.042174	0.750000	0.692351
4595	0.549634	0.065716	0.900000	0.688212
4596	0.861288	0.035124	1.000000	0.402618
4597	0.935269	0.032060	1.000000	0.239791
4598	0.269108	0.118014	0.750000	0.582370
4599	0.676789	0.088731	1.000000	0.629266
4600	0.308648	0.061830	0.800000	0.618015
4601	0.275824	0.046329	0.850000	0.588965
4602	0.296117	0.061749	0.700000	0.607538
4603	0.415649	0.068631	0.800000	0.678849
4604	0.878140	0.036141	1.000000	0.370615
4605	0.522566	0.070494	1.000000	0.692128
4606	0.309953	0.065956	0.950000	0.619063
4607	0.580646	0.077949	0.950000	0.680083
4608	0.510768	0.086885	0.900000	0.692915
4609	0.554217	0.065892	1.000000	0.687257
4610	0.415564	0.040605	0.850000	0.678820
4611	0.896265	0.034854	1.000000	0.333213
4612	0.876069	0.059727	1.000000	0.374684
4613	0.436356	0.077294	1.000000	0.685024
4614	0.251975	0.084546	0.800000	0.564495
4615	0.934242	0.018267	1.000000	0.242526
4616	0.276696	0.056105	0.800000	0.589805
4617	0.682798	0.045405	1.000000	0.624743
4618	0.698909	0.039304	1.000000	0.611786
4619	0.506019	0.046204	1.000000	0.693075
4620	0.875874	0.033495	1.000000	0.375065
4621	0.601472	0.045969	1.000000	0.672410
4622	0.392900	0.080461	0.600000	0.670027
4623	0.307847	0.054645	0.800000	0.617367
4624	0.638402	0.043513	1.000000	0.654332
4625	0.945009	0.028003	1.000000	0.212957
4626	0.504316	0.081672	0.850000	0.693110
4627	0.531596	0.098289	0.750000	0.691149
4628	0.859996	0.040508	1.000000	0.404971
4629	0.203514	0.050699	0.500000	0.505235
4630	0.305788	0.078451	0.150000	0.615689
4631	0.691280	0.121725	1.000000	0.618073
4632	0.486662	0.066128	1.000000	0.692791
4633	0.281029	0.130455	1.000000	0.593923
4634	0.390254	0.067724	0.400000	0.668861
4635	0.355376	0.044272	1.000000	0.650711
4636	0.274181	0.061171	0.850000	0.587373
4637	0.358547	0.111202	1.000000	0.652578
4638	0.948962	0.033213	1.000000	0.201559
4639	0.451456	0.068762	1.000000	0.688427
4640	0.834900	0.052315	1.000000	0.448030
4641	0.309576	0.051511	0.850000	0.618761
4642	0.742791	0.056701	1.000000	0.570117
4643	0.493096	0.049170	1.000000	0.693052
4644	0.561875	0.171401	0.950000	0.685471
4645	0.459265	0.090960	0.450000	0.689825
4646	0.723152	0.050774	1.000000	0.589951
4647	0.565810	0.061772	1.000000	0.684460
4648	0.490406	0.056530	1.000000	0.692963
4649	0.410042	0.120408	0.750000	0.676874
4650	0.375200	0.040640	0.400000	0.661665
4651	0.521668	0.150071	1.000000	0.692208
4652	0.474023	0.061196	0.800000	0.691797
4653	0.499401	0.030254	1.000000	0.693146
4654	0.682096	0.050879	1.000000	0.625279
4655	0.734824	0.080729	0.850000	0.578401
4656	0.979297	0.011763	1.000000	0.100764
4657	0.226686	0.084021	0.600000	0.535241
4658	0.563761	0.054709	0.600000	0.684994
4659	0.521226	0.097578	0.750000	0.692246
4660	0.713970	0.089124	0.900000	0.598559
4661	0.880335	0.036767	1.000000	0.366257
4662	0.527628	0.072531	1.000000	0.691620
4663	0.814541	0.045722	1.000000	0.479572
4664	0.464347	0.042080	1.000000	0.690603
4665	0.511989	0.072042	0.650000	0.692860
4666	0.240114	0.070586	0.600000	0.551211
4667	0.573509	0.139637	1.000000	0.682301
4668	0.739668	0.042482	1.000000	0.573404
4669	0.664504	0.101612	1.000000	0.638003
4670	0.430956	0.086628	1.000000	0.683582
4671	0.659319	0.110432	1.000000	0.641486
4672	0.595688	0.058817	1.000000	0.674722
4673	0.458869	0.047966	0.500000	0.689760
4674	0.566681	0.069807	0.750000	0.684228
4675	0.300847	0.072145	1.000000	0.611580
4676	0.618822	0.073118	1.000000	0.664638
4677	0.772104	0.086680	1.000000	0.536722
4678	0.912407	0.020870	1.000000	0.296934
4679	0.577395	0.050631	1.000000	0.681119
4680	0.617186	0.060599	1.000000	0.665425
4681	0.784684	0.040060	1.000000	0.520916
4682	0.529080	0.086776	0.950000	0.691455
4683	0.404636	0.047234	0.600000	0.674847
4684	0.543820	0.066707	1.000000	0.689302
4685	0.883867	0.025778	1.000000	0.359148
4686	0.677434	0.072731	1.000000	0.628789
4687	0.039556	0.018586	0.300000	0.166529
4688	0.461730	0.090242	1.000000	0.690215
4689	0.319979	0.034048	0.700000	0.626854
4690	0.859021	0.058197	1.000000	0.406737
4691	0.605610	0.072768	1.000000	0.670671
4692	0.360828	0.088256	0.600000	0.653893
4693	0.462232	0.055462	0.750000	0.690292
4694	0.320419	0.035543	0.750000	0.627185
4695	0.329690	0.084175	0.800000	0.633959
4696	0.958533	0.050677	1.000000	0.172577
4697	0.691483	0.092994	0.650000	0.617909
4698	0.538637	0.115414	0.550000	0.690159
4699	0.747780	0.044981	1.000000	0.564761
4700	0.678369	0.141302	1.000000	0.628092
4701	0.888799	0.030722	1.000000	0.349019
4702	0.181630	0.051649	0.550000	0.473856
4703	0.754616	0.064934	1.000000	0.557207
4704	0.969616	0.016243	1.000000	0.136076
4705	0.119191	0.046948	0.650000	0.365309
4706	0.540872	0.067072	1.000000	0.689802
4707	0.438482	0.074262	0.950000	0.685559
4708	0.689692	0.068535	1.000000	0.619347
4709	0.197606	0.034820	0.350000	0.497066
4710	0.401492	0.066621	1.000000	0.673612
4711	0.598083	0.090696	0.900000	0.673781
4712	0.974044	0.015096	1.000000	0.120391
4713	0.598738	0.052491	1.000000	0.673520
4714	0.473447	0.029890	0.800000	0.691736
4715	0.232981	0.062782	0.650000	0.542853
4716	0.636764	0.077716	1.000000	0.655257
4717	0.428300	0.067446	0.600000	0.682830
4718	0.904360	0.028977	1.000000	0.315396
4719	0.580836	0.079860	1.000000	0.680021
4720	0.189328	0.048643	0.500000	0.485247
4721	0.216847	0.051536	1.000000	0.522888
4722	0.768782	0.052385	1.000000	0.540744
4723	0.600823	0.082555	0.800000	0.672677
4724	0.840043	0.037984	1.000000	0.439599
4725	0.558780	0.082938	1.000000	0.686221
4726	0.600189	0.086805	1.000000	0.672935
4727	0.842603	0.072363	1.000000	0.435328
4728	0.603629	0.118570	1.000000	0.671513
4729	0.174937	0.053452	0.750000	0.463629
4730	0.799459	0.077745	1.000000	0.501151
4731	0.807777	0.048368	1.000000	0.489430
4732	0.757896	0.083925	1.000000	0.553493
4733	0.329046	0.073811	0.850000	0.633501
4734	0.564318	0.066660	1.000000	0.684850
4735	0.522329	0.053382	0.850000	0.692150
4736	0.296750	0.084858	0.950000	0.608085
4737	0.652325	0.086904	1.000000	0.645995
4738	0.489654	0.079250	1.000000	0.692933
4739	0.530131	0.076980	1.000000	0.691330
4740	0.479303	0.086276	0.800000	0.692290
4741	0.635876	0.102317	1.000000	0.655754
4742	0.702935	0.119731	1.000000	0.608357
4743	0.961205	0.017462	1.000000	0.164094
4744	0.804769	0.033356	0.800000	0.493719
4745	0.761185	0.052421	1.000000	0.549710
4746	0.567041	0.065384	1.000000	0.684131
4747	0.661671	0.074120	0.500000	0.639921
4748	0.209394	0.060659	0.450000	0.513152
4749	0.598679	0.056744	1.000000	0.673544
4750	0.646008	0.063788	0.850000	0.649883
4751	0.333838	0.095626	0.550000	0.636863
4752	0.691684	0.131686	1.000000	0.617747
4753	0.353041	0.049316	1.000000	0.649309
4754	0.804862	0.069111	1.000000	0.493587
4755	0.190726	0.041627	0.650000	0.487274
4756	0.427702	0.045545	0.550000	0.682656
4757	0.687048	0.073276	1.000000	0.621442
4758	0.892955	0.029950	1.000000	0.340293
4759	0.583033	0.050497	1.000000	0.679294
4760	0.917310	0.037534	1.000000	0.285290
4761	0.435189	0.076969	1.000000	0.684723
4762	0.989026	0.008548	1.000000	0.060432
4763	0.383194	0.066635	1.000000	0.665606
4764	0.622338	0.083700	1.000000	0.662908
4765	0.481988	0.127392	1.000000	0.692498
4766	0.325243	0.065921	0.600000	0.630758
4767	0.802636	0.084822	1.000000	0.496726
4768	0.470689	0.107792	1.000000	0.691428
4769	0.377069	0.115420	1.000000	0.662611
4770	0.447640	0.044935	0.600000	0.687654
4771	0.485872	0.083038	1.000000	0.692748
4772	0.324209	0.082375	0.850000	0.630001
4773	0.160934	0.044116	0.350000	0.441215
4774	0.338164	0.102618	0.900000	0.639810
4775	0.882235	0.034575	1.000000	0.362448
4776	0.924138	0.029347	1.000000	0.268545
4777	0.530143	0.049531	0.550000	0.691329
4778	0.837545	0.034973	1.000000	0.443719
4779	0.463033	0.069504	0.750000	0.690412
4780	0.356113	0.111844	1.000000	0.651149
4781	0.874395	0.042419	0.550000	0.377947
4782	0.194453	0.056033	0.950000	0.492616
4783	0.273043	0.079763	0.650000	0.586262
4784	0.645454	0.038282	1.000000	0.650216
4785	0.250925	0.089450	0.700000	0.563349
4786	0.606987	0.044101	1.000000	0.670077
4787	0.196529	0.042683	0.350000	0.495553
4788	0.139046	0.047524	0.850000	0.403227
4789	0.496179	0.099982	0.800000	0.693118
4790	0.236449	0.038081	0.600000	0.546952
4791	0.545278	0.104631	1.000000	0.689041
4792	0.709239	0.052144	1.000000	0.602832
4793	0.290903	0.057172	1.000000	0.602958
4794	0.516365	0.070182	0.650000	0.692611
4795	0.465308	0.075990	0.700000	0.690738
4796	0.245046	0.034204	0.300000	0.556827
4797	0.583472	0.059013	1.000000	0.679147
4798	0.443364	0.079911	1.000000	0.686718
4799	0.951407	0.025774	1.000000	0.194352
4800	0.742414	0.075271	1.000000	0.570517
4801	0.515626	0.057542	1.000000	0.692659
4802	0.437596	0.109309	1.000000	0.685338
4803	0.309643	0.086203	1.000000	0.618815
4804	0.599026	0.081774	0.850000	0.673405
4805	0.109685	0.029244	0.900000	0.345855
4806	0.997366	0.002319	1.000000	0.018273
4807	0.645349	0.098307	1.000000	0.650278
4808	0.677450	0.079022	1.000000	0.628777
4809	0.690832	0.072190	1.000000	0.618433
4810	0.643805	0.110629	0.950000	0.651198
4811	0.781031	0.050222	0.750000	0.525599
4812	0.378485	0.082927	1.000000	0.663318
4813	0.401514	0.072447	0.900000	0.673621
4814	0.493198	0.139078	1.000000	0.693055
4815	0.309188	0.077499	0.950000	0.618449
4816	0.133493	0.031679	0.600000	0.392973
4817	0.530886	0.077599	1.000000	0.691238
4818	0.256552	0.055558	0.750000	0.569419
4819	0.692896	0.049828	1.000000	0.616764
4820	0.872898	0.020520	1.000000	0.380840
4821	0.638447	0.055866	1.000000	0.654307
4822	0.943415	0.014403	1.000000	0.217467
4823	0.855584	0.030933	1.000000	0.412899
4824	0.877206	0.035311	0.600000	0.372456
4825	0.654788	0.089699	1.000000	0.644432
4826	0.508227	0.088317	1.000000	0.693012
4827	0.793939	0.128250	1.000000	0.508691
4828	0.620296	0.108416	1.000000	0.663919
4829	0.428887	0.089252	0.950000	0.682999
4830	0.465127	0.113546	1.000000	0.690713
4831	0.297038	0.089624	0.700000	0.608334
4832	0.242983	0.061207	0.850000	0.554494
4833	0.381063	0.082424	0.900000	0.664582
4834	0.482319	0.086605	1.000000	0.692522
4835	0.834997	0.034401	1.000000	0.447873
4836	0.550086	0.074384	1.000000	0.688122
4837	0.455957	0.090827	1.000000	0.689263
4838	0.867877	0.029413	1.000000	0.390402
4839	0.483643	0.100590	0.750000	0.692612
4840	0.768929	0.119230	1.000000	0.540567
4841	0.694573	0.066747	1.000000	0.615393
4842	0.400961	0.065118	0.800000	0.673399
4843	0.160229	0.097548	0.750000	0.440050
4844	0.651534	0.119119	1.000000	0.646492
4845	0.318853	0.053894	0.450000	0.626002
4846	0.639624	0.073911	1.000000	0.653634
4847	0.314117	0.096652	0.850000	0.622355
4848	0.425993	0.105946	0.950000	0.682153
4849	0.243745	0.045193	0.300000	0.555358
4850	0.604147	0.052933	1.000000	0.671294
4851	0.628068	0.040803	1.000000	0.659976
4852	0.845092	0.038237	1.000000	0.431130
4853	0.454329	0.096193	1.000000	0.688970
4854	0.398838	0.044555	0.950000	0.672538
4855	0.769847	0.053159	1.000000	0.539461
4856	0.347137	0.057754	0.950000	0.645656
4857	0.569860	0.054099	1.000000	0.683354
4858	0.515430	0.073882	1.000000	0.692671
4859	0.491961	0.121326	0.950000	0.693018
4860	0.477840	0.126643	0.650000	0.692165
4861	0.541211	0.043070	1.000000	0.689747
4862	0.858954	0.038354	1.000000	0.406857
4863	0.299639	0.060158	0.650000	0.610558
4864	0.425034	0.089863	0.500000	0.681865
4865	0.898593	0.048985	1.000000	0.328163
4866	0.639372	0.056325	0.700000	0.653779
4867	0.335079	0.072825	0.950000	0.637718
4868	0.779997	0.031851	1.000000	0.526912
4869	0.227881	0.092697	0.950000	0.536703
4870	0.363709	0.158959	1.000000	0.655522
4871	0.597508	0.043971	1.000000	0.674009
4872	0.865445	0.028388	0.900000	0.394954
4873	0.300061	0.087022	0.550000	0.610916
4874	0.680769	0.068188	1.000000	0.626288
4875	0.690917	0.064513	1.000000	0.618365
4876	0.860712	0.082036	1.000000	0.403669
4877	0.399621	0.094881	0.750000	0.672858
4878	0.266969	0.053299	0.750000	0.580221
4879	0.279320	0.074726	0.950000	0.592310
4880	0.937948	0.029587	1.000000	0.232577
4881	0.666381	0.067040	1.000000	0.636712
4882	0.415748	0.114395	0.950000	0.678883
4883	0.105707	0.035714	0.600000	0.337444
4884	0.587039	0.089801	0.550000	0.677918
4885	0.341533	0.088368	0.800000	0.642047
4886	0.902428	0.020054	1.000000	0.319715
4887	0.525912	0.083520	0.850000	0.691804
4888	0.298464	0.067432	0.950000	0.609557
4889	0.758229	0.036446	0.850000	0.553113
4890	0.735527	0.052044	1.000000	0.577684
4891	0.690997	0.062067	1.000000	0.618301
4892	0.568684	0.081884	1.000000	0.683682
4893	0.324747	0.062535	0.650000	0.630396
4894	0.373887	0.111832	1.000000	0.660992
4895	0.760154	0.060914	1.000000	0.550902
4896	0.767628	0.038844	1.000000	0.542127
4897	0.483198	0.066140	0.950000	0.692582
4898	0.798229	0.050005	0.850000	0.502847
4899	0.630853	0.077553	1.000000	0.658500
4900	0.286678	0.068253	0.750000	0.599150
4901	0.378244	0.075171	0.850000	0.663198
4902	0.507061	0.109704	1.000000	0.693047
4903	0.370933	0.064528	0.950000	0.659451
4904	0.573185	0.138214	1.000000	0.682397
4905	0.388363	0.049577	0.950000	0.668010
4906	0.281411	0.053171	0.500000	0.594281
4907	0.667063	0.089930	1.000000	0.636239
4908	0.675264	0.065168	1.000000	0.630388
4909	0.677726	0.060549	1.000000	0.628572
4910	0.917058	0.029137	1.000000	0.285897
4911	0.940600	0.026705	1.000000	0.225313
4912	0.533442	0.063574	0.700000	0.690909
4913	0.435271	0.051078	0.600000	0.684744
4914	0.471497	0.086904	0.850000	0.691521
4915	0.420550	0.084768	0.900000	0.680469
4916	0.450397	0.096570	0.600000	0.688218
4917	0.795153	0.036289	1.000000	0.507049
4918	0.517497	0.097828	1.000000	0.692535
4919	0.329154	0.041869	0.800000	0.633578
4920	0.900716	0.017045	1.000000	0.323508
4921	0.933760	0.040165	1.000000	0.243801
4922	0.442416	0.123683	0.800000	0.686501
4923	0.558408	0.080467	0.850000	0.686309
4924	0.750998	0.035705	1.000000	0.561236
4925	0.515145	0.055115	1.000000	0.692688
4926	0.439389	0.075797	0.950000	0.685782
4927	0.536556	0.055255	0.650000	0.690472
4928	0.645318	0.061060	1.000000	0.650297
4929	0.730494	0.087157	1.000000	0.582767
4930	0.445818	0.086235	0.750000	0.687264
4931	0.649978	0.059510	1.000000	0.647460
4932	0.602065	0.064452	0.750000	0.672165
4933	0.461140	0.095988	1.000000	0.690124
4934	0.735108	0.080339	1.000000	0.578112
4935	0.526274	0.073787	0.950000	0.691766
4936	0.492686	0.090055	1.000000	0.693040
4937	0.754756	0.059099	1.000000	0.557050
4938	0.403541	0.099311	0.450000	0.674421
4939	0.739606	0.076032	1.000000	0.573468
4940	0.331681	0.046412	0.850000	0.635363
4941	0.796464	0.048740	1.000000	0.505265
4942	0.424629	0.025451	0.550000	0.681742
4943	0.296063	0.071756	0.450000	0.607492
4944	0.497459	0.078711	1.000000	0.693134
4945	0.971357	0.013022	1.000000	0.129992
4946	0.773315	0.090516	1.000000	0.535240
4947	0.294384	0.061596	1.000000	0.606030
4948	0.676873	0.082446	1.000000	0.629204
4949	0.237727	0.052105	0.800000	0.548446
4950	0.304054	0.088697	0.650000	0.614261
4951	0.270615	0.054702	0.950000	0.583870
4952	0.677466	0.059690	1.000000	0.628765
4953	0.550189	0.087093	0.350000	0.688101
4954	0.609370	0.065403	1.000000	0.669029
4955	0.454516	0.055602	0.950000	0.689004
4956	0.672606	0.061504	1.000000	0.632318
4957	0.772530	0.096250	1.000000	0.536201
4958	0.329303	0.058848	0.650000	0.633684
4959	0.281531	0.064982	0.650000	0.594393
4960	0.610495	0.055823	1.000000	0.668526
4961	0.553459	0.051368	1.000000	0.687420
4962	0.242668	0.041532	0.700000	0.554136
4963	0.703007	0.118816	1.000000	0.608295
4964	0.785999	0.043456	1.000000	0.519209
4965	0.650226	0.051041	1.000000	0.647307
4966	0.190364	0.098497	1.000000	0.486750
4967	0.438577	0.046940	0.600000	0.685583
4968	0.727484	0.051174	0.600000	0.585746
4969	0.569981	0.163105	1.000000	0.683320
4970	0.718416	0.075188	0.950000	0.594443
4971	0.712981	0.098197	1.000000	0.599461
4972	0.372984	0.082302	0.900000	0.660525
4973	0.694938	0.052648	1.000000	0.615092
4974	0.282648	0.061133	0.600000	0.595437
4975	0.694141	0.060740	0.450000	0.615747
4976	0.475719	0.063089	1.000000	0.691968
4977	0.418772	0.075704	0.450000	0.679893
4978	0.765686	0.050767	1.000000	0.544436
4979	0.232944	0.071182	0.850000	0.542810
4980	0.393174	0.029317	0.800000	0.670147
4981	0.370294	0.053610	0.800000	0.659112
4982	0.801177	0.041302	1.000000	0.498766
4983	0.726434	0.091512	1.000000	0.586774
4984	0.251733	0.069053	0.700000	0.564231
4985	0.671165	0.083173	1.000000	0.633351
4986	0.574736	0.040297	0.850000	0.681934
4987	0.450203	0.094577	1.000000	0.688180
4988	0.931429	0.024607	1.000000	0.249927
4989	0.290633	0.083411	0.950000	0.602718
4990	0.593358	0.046579	0.700000	0.675613
4991	0.195522	0.043995	0.850000	0.494132
4992	0.305844	0.085021	0.750000	0.615735
4993	0.416336	0.102174	0.950000	0.679082
4994	0.813102	0.053373	1.000000	0.481694
4995	0.843078	0.038164	1.000000	0.434530
4996	0.553423	0.059740	1.000000	0.687428
4997	0.865412	0.032618	1.000000	0.395016
4998	0.602396	0.065942	1.000000	0.672028
4999	0.446488	0.083032	0.650000	0.687409
5000	0.651548	0.065001	1.000000	0.646483
5001	0.603030	0.117386	0.950000	0.671764
5002	0.419438	0.079470	0.550000	0.680110
5003	0.384945	0.051117	0.600000	0.666433
5004	0.708448	0.096412	1.000000	0.603535
5005	0.559444	0.075650	1.000000	0.686063
5006	0.118007	0.031987	1.000000	0.362935
