mol_idx	mean_top_score	std_top_score	agreement_rate	n_valid_passes
0	0.771194	0.000000	1.000000	10
1	0.380712	0.000000	1.000000	10
2	0.883842	0.000000	1.000000	10
3	0.745880	0.000000	1.000000	10
4	0.708957	0.000000	1.000000	10
5	0.487657	0.000000	1.000000	10
6	0.840349	0.000000	1.000000	10
7	0.814146	0.000000	1.000000	10
8	0.954079	0.000000	1.000000	10
9	0.559108	0.000000	1.000000	10
10	0.625325	0.000000	1.000000	10
11	0.184060	0.000000	1.000000	10
12	0.499330	0.000000	1.000000	10
13	0.942312	0.000000	1.000000	10
14	0.329749	0.000000	1.000000	10
15	0.301704	0.000000	1.000000	10
16	0.681532	0.000000	1.000000	10
17	0.363196	0.000000	1.000000	10
18	0.099859	0.000000	1.000000	10
19	0.204663	0.000000	1.000000	10
20	0.522443	0.000000	1.000000	10
21	0.268058	0.000000	1.000000	10
22	0.311305	0.000000	1.000000	10
23	0.314724	0.000000	1.000000	10
24	0.166513	0.000000	1.000000	10
25	0.533500	0.000000	1.000000	10
26	0.167318	0.000000	1.000000	10
27	0.264313	0.000000	1.000000	10
28	0.312477	0.000000	1.000000	10
29	0.585467	0.000000	1.000000	10
30	0.514197	0.000000	1.000000	10
31	0.697088	0.000000	1.000000	10
32	0.855579	0.000000	1.000000	10
33	0.892640	0.000000	1.000000	10
34	0.604634	0.000000	1.000000	10
35	0.584865	0.000000	1.000000	10
36	0.874739	0.000000	1.000000	10
37	0.642389	0.000000	1.000000	10
38	0.448795	0.000000	1.000000	10
39	0.937020	0.000000	1.000000	10
40	0.921230	0.000000	1.000000	10
41	0.969437	0.000000	1.000000	10
42	0.681474	0.000000	1.000000	10
43	0.578267	0.000000	1.000000	10
44	0.404436	0.000000	1.000000	10
45	0.485157	0.000000	1.000000	10
46	0.155870	0.000000	1.000000	10
47	0.172607	0.000000	1.000000	10
48	0.481612	0.000000	1.000000	10
49	0.597502	0.000000	1.000000	10
50	0.607723	0.000000	1.000000	10
51	0.302928	0.000000	1.000000	10
52	0.690395	0.000000	1.000000	10
53	0.599121	0.000000	1.000000	10
54	0.517600	0.000000	1.000000	10
55	0.881405	0.000000	1.000000	10
56	0.913527	0.000000	1.000000	10
57	0.944614	0.000000	1.000000	10
58	0.209747	0.000000	1.000000	10
59	0.326773	0.000000	1.000000	10
60	0.495306	0.000000	1.000000	10
61	0.743159	0.000000	1.000000	10
62	0.863940	0.000000	1.000000	10
63	0.296524	0.000000	1.000000	10
64	0.408218	0.000000	1.000000	10
65	0.462889	0.000000	1.000000	10
66	0.695790	0.000000	1.000000	10
67	0.497385	0.000000	1.000000	10
68	0.423595	0.000000	1.000000	10
69	0.333760	0.000000	1.000000	10
70	0.827030	0.000000	1.000000	10
71	0.563012	0.000000	1.000000	10
72	0.452803	0.000000	1.000000	10
73	0.296821	0.000000	1.000000	10
74	0.911631	0.000000	1.000000	10
75	0.532505	0.000000	1.000000	10
76	0.616777	0.000000	1.000000	10
77	0.301800	0.000000	1.000000	10
78	0.896603	0.000000	1.000000	10
79	0.515730	0.000000	1.000000	10
80	0.701139	0.000000	1.000000	10
81	0.291841	0.000000	1.000000	10
82	0.849160	0.000000	1.000000	10
83	0.555698	0.000000	1.000000	10
84	0.677362	0.000000	1.000000	10
85	0.399198	0.000000	1.000000	10
86	0.659346	0.000000	1.000000	10
87	0.235294	0.000000	1.000000	10
88	0.839727	0.000000	1.000000	10
89	0.663940	0.000000	1.000000	10
90	0.606270	0.000000	1.000000	10
91	0.421399	0.000000	1.000000	10
92	0.419113	0.000000	1.000000	10
93	0.262670	0.000000	1.000000	10
94	0.389666	0.000000	1.000000	10
95	0.886790	0.000000	1.000000	10
96	0.738766	0.000000	1.000000	10
97	0.776441	0.000000	1.000000	10
98	0.995769	0.000000	1.000000	10
99	0.789904	0.000000	1.000000	10
100	0.776263	0.000000	1.000000	10
101	0.905195	0.000000	1.000000	10
102	0.333099	0.000000	1.000000	10
103	0.258127	0.000000	1.000000	10
104	0.635366	0.000000	1.000000	10
105	0.276661	0.000000	1.000000	10
106	0.124488	0.000000	1.000000	10
107	0.600575	0.000000	1.000000	10
108	0.405932	0.000000	1.000000	10
109	0.371037	0.000000	1.000000	10
110	0.968692	0.000000	1.000000	10
111	0.813498	0.000000	1.000000	10
112	0.958756	0.000000	1.000000	10
113	0.769701	0.000000	1.000000	10
114	0.376568	0.000000	1.000000	10
115	0.415127	0.000000	1.000000	10
116	0.707881	0.000000	1.000000	10
117	0.690937	0.000000	1.000000	10
118	0.144886	0.000000	1.000000	10
119	0.566917	0.000000	1.000000	10
120	0.444453	0.000000	1.000000	10
121	0.389430	0.000000	1.000000	10
122	0.034533	0.000000	1.000000	10
123	0.648531	0.000000	1.000000	10
124	0.466324	0.000000	1.000000	10
125	0.564331	0.000000	1.000000	10
126	0.338029	0.000000	1.000000	10
127	0.318208	0.000000	1.000000	10
128	0.374537	0.000000	1.000000	10
129	0.507340	0.000000	1.000000	10
130	0.517794	0.000000	1.000000	10
131	0.909598	0.000000	1.000000	10
132	0.417836	0.000000	1.000000	10
133	0.605792	0.000000	1.000000	10
134	0.508357	0.000000	1.000000	10
135	0.769027	0.000000	1.000000	10
136	0.906238	0.000000	1.000000	10
137	0.144022	0.000000	1.000000	10
138	0.900657	0.000000	1.000000	10
139	0.465890	0.000000	1.000000	10
140	0.956911	0.000000	1.000000	10
141	0.357485	0.000000	1.000000	10
142	0.489506	0.000000	1.000000	10
143	0.525715	0.000000	1.000000	10
144	0.788968	0.000000	1.000000	10
145	0.335376	0.000000	1.000000	10
146	0.250638	0.000000	1.000000	10
147	0.445954	0.000000	1.000000	10
148	0.311326	0.000000	1.000000	10
149	0.913736	0.000000	1.000000	10
150	0.259685	0.000000	1.000000	10
151	0.960007	0.000000	1.000000	10
152	0.414534	0.000000	1.000000	10
153	0.472464	0.000000	1.000000	10
154	0.907386	0.000000	1.000000	10
155	0.601203	0.000000	1.000000	10
156	0.827290	0.000000	1.000000	10
157	0.677932	0.000000	1.000000	10
158	0.169478	0.000000	1.000000	10
159	0.403335	0.000000	1.000000	10
160	0.944634	0.000000	1.000000	10
161	0.338034	0.000000	1.000000	10
162	0.723062	0.000000	1.000000	10
163	0.516022	0.000000	1.000000	10
164	0.311181	0.000000	1.000000	10
165	0.933402	0.000000	1.000000	10
166	0.363310	0.000000	1.000000	10
167	0.814720	0.000000	1.000000	10
168	0.822897	0.000000	1.000000	10
169	0.478624	0.000000	1.000000	10
170	0.296592	0.000000	1.000000	10
171	0.359699	0.000000	1.000000	10
172	0.628621	0.000000	1.000000	10
173	0.583922	0.000000	1.000000	10
174	0.895694	0.000000	1.000000	10
175	0.499636	0.000000	1.000000	10
176	0.435986	0.000000	1.000000	10
177	0.408333	0.002134	1.000000	10
178	0.835468	0.000000	1.000000	10
179	0.987053	0.000000	1.000000	10
180	0.767797	0.000000	1.000000	10
181	0.636341	0.000000	1.000000	10
182	0.460406	0.000000	1.000000	10
183	0.424661	0.031607	0.600000	10
184	0.776578	0.000000	1.000000	10
185	0.730825	0.000000	1.000000	10
186	0.656630	0.000000	1.000000	10
187	0.395886	0.000000	1.000000	10
188	0.932735	0.000000	1.000000	10
189	0.400573	0.000000	1.000000	10
190	0.325058	0.000000	1.000000	10
191	0.573206	0.000000	1.000000	10
192	0.191458	0.000000	1.000000	10
193	0.641224	0.000000	1.000000	10
194	0.655676	0.000000	1.000000	10
195	0.717197	0.000000	1.000000	10
196	0.947482	0.000000	1.000000	10
197	0.643488	0.000000	1.000000	10
198	0.828381	0.000000	1.000000	10
199	0.672951	0.000000	1.000000	10
200	0.570204	0.000000	1.000000	10
201	0.655641	0.000000	1.000000	10
202	0.598586	0.000000	1.000000	10
203	0.276964	0.000000	1.000000	10
204	0.408299	0.000000	1.000000	10
205	0.861040	0.000000	1.000000	10
206	0.926295	0.000000	1.000000	10
207	0.400867	0.000000	1.000000	10
208	0.611418	0.000000	1.000000	10
209	0.647995	0.000000	1.000000	10
210	0.460686	0.000000	1.000000	10
211	0.291744	0.000000	1.000000	10
212	0.554048	0.000000	1.000000	10
213	0.644563	0.000000	1.000000	10
214	0.555696	0.000000	1.000000	10
215	0.345590	0.000000	1.000000	10
216	0.637996	0.000000	1.000000	10
217	0.678493	0.000000	1.000000	10
218	0.515890	0.000000	1.000000	10
219	0.596005	0.000000	1.000000	10
220	0.541234	0.000000	1.000000	10
221	0.668146	0.000000	1.000000	10
222	0.785968	0.000000	1.000000	10
223	0.356710	0.000000	1.000000	10
224	0.525967	0.000000	1.000000	10
225	0.191862	0.000000	1.000000	10
226	0.385007	0.000000	1.000000	10
227	0.785478	0.000000	1.000000	10
228	0.237145	0.000000	1.000000	10
229	0.323363	0.000000	1.000000	10
230	0.480358	0.000000	1.000000	10
231	0.392017	0.000000	1.000000	10
232	0.661871	0.000000	1.000000	10
233	0.570951	0.000000	1.000000	10
234	0.738464	0.000000	1.000000	10
235	0.414736	0.000000	1.000000	10
236	0.751823	0.000000	1.000000	10
237	0.409908	0.000000	1.000000	10
238	0.997053	0.000000	1.000000	10
239	0.472740	0.000000	1.000000	10
240	0.085961	0.000000	1.000000	10
241	0.463515	0.000000	1.000000	10
242	0.781521	0.000000	1.000000	10
243	0.345736	0.000000	1.000000	10
244	0.375636	0.000000	1.000000	10
245	0.567124	0.000000	1.000000	10
246	0.961185	0.000000	1.000000	10
247	0.655312	0.000000	1.000000	10
248	0.733969	0.000000	1.000000	10
249	0.286940	0.000000	1.000000	10
250	0.654883	0.000000	1.000000	10
251	0.833462	0.000000	1.000000	10
252	0.486152	0.000000	1.000000	10
253	0.621604	0.000000	1.000000	10
254	0.214862	0.000000	1.000000	10
255	0.748097	0.000000	1.000000	10
256	0.524917	0.000000	1.000000	10
257	0.349937	0.000000	1.000000	10
258	0.311264	0.000000	1.000000	10
259	0.536114	0.000000	1.000000	10
260	0.743079	0.000000	1.000000	10
261	0.490321	0.000000	1.000000	10
262	0.610534	0.000000	1.000000	10
263	0.333606	0.000000	1.000000	10
264	0.260838	0.000000	1.000000	10
265	0.260151	0.000000	1.000000	10
266	0.390484	0.000000	1.000000	10
267	0.991099	0.000000	1.000000	10
268	0.413519	0.000000	1.000000	10
269	0.240446	0.000000	1.000000	10
270	0.426317	0.000000	1.000000	10
271	0.476365	0.000000	1.000000	10
272	0.505684	0.000000	1.000000	10
273	0.286102	0.000000	1.000000	10
274	0.436953	0.000000	1.000000	10
275	0.478107	0.000000	1.000000	10
276	0.210742	0.000000	1.000000	10
277	0.801842	0.000000	1.000000	10
278	0.295516	0.000000	1.000000	10
279	0.668334	0.000000	1.000000	10
280	0.663203	0.000000	1.000000	10
281	0.488395	0.000000	1.000000	10
282	0.608216	0.000000	1.000000	10
283	0.770489	0.000000	1.000000	10
284	0.871175	0.000000	1.000000	10
285	0.253215	0.000000	1.000000	10
286	0.723196	0.000000	1.000000	10
287	0.507534	0.000000	1.000000	10
288	0.397860	0.000000	1.000000	10
289	0.620044	0.000000	1.000000	10
290	0.470385	0.000000	1.000000	10
291	0.344178	0.000000	1.000000	10
292	0.446142	0.000000	1.000000	10
293	0.422080	0.000000	1.000000	10
294	0.220649	0.000000	1.000000	10
295	0.832684	0.000000	1.000000	10
296	0.557141	0.000000	1.000000	10
297	0.545155	0.000000	1.000000	10
298	0.817731	0.000000	1.000000	10
299	0.880158	0.000000	1.000000	10
300	0.327099	0.000000	1.000000	10
301	0.419892	0.000000	1.000000	10
302	0.211413	0.000000	1.000000	10
303	0.761807	0.000000	1.000000	10
304	0.525711	0.000000	1.000000	10
305	0.227887	0.000000	1.000000	10
306	0.751758	0.000000	1.000000	10
307	0.435477	0.000000	1.000000	10
308	0.664861	0.000000	1.000000	10
309	0.732212	0.000000	1.000000	10
310	0.392815	0.000000	1.000000	10
311	0.182220	0.000000	1.000000	10
312	0.492145	0.000000	1.000000	10
313	0.367613	0.000000	1.000000	10
314	0.784147	0.000000	1.000000	10
315	0.375976	0.000000	1.000000	10
316	0.744800	0.000000	1.000000	10
317	0.707713	0.000000	1.000000	10
318	0.881719	0.000000	1.000000	10
319	0.352107	0.000000	1.000000	10
320	0.930563	0.000000	1.000000	10
321	0.492932	0.000000	1.000000	10
322	0.564957	0.000000	1.000000	10
323	0.586401	0.000000	1.000000	10
324	0.791110	0.000000	1.000000	10
325	0.299090	0.000000	1.000000	10
326	0.579190	0.000000	1.000000	10
327	0.553195	0.000000	1.000000	10
328	0.823452	0.000000	1.000000	10
329	0.331008	0.000000	1.000000	10
330	0.609393	0.000000	1.000000	10
331	0.706316	0.000000	1.000000	10
332	0.940210	0.000000	1.000000	10
333	0.762389	0.000000	1.000000	10
334	0.485849	0.000000	1.000000	10
335	0.439386	0.000000	1.000000	10
336	0.192899	0.000000	1.000000	10
337	0.903048	0.000000	1.000000	10
338	0.474488	0.000000	1.000000	10
339	0.806670	0.000000	1.000000	10
340	0.561210	0.000000	1.000000	10
341	0.729672	0.000000	1.000000	10
342	0.549412	0.000000	1.000000	10
343	0.746271	0.000000	1.000000	10
344	0.535570	0.000000	1.000000	10
345	0.393571	0.000000	1.000000	10
346	0.651777	0.000000	1.000000	10
347	0.561231	0.000000	1.000000	10
348	0.807149	0.000000	1.000000	10
349	0.196104	0.000000	1.000000	10
350	0.188682	0.000000	1.000000	10
351	0.214362	0.000000	1.000000	10
352	0.282754	0.000000	1.000000	10
353	0.698330	0.000000	1.000000	10
354	0.883841	0.000000	1.000000	10
355	0.900894	0.000000	1.000000	10
356	0.480229	0.000000	1.000000	10
357	0.586163	0.000000	1.000000	10
358	0.728662	0.000000	1.000000	10
359	0.781325	0.000000	1.000000	10
360	0.393195	0.000000	1.000000	10
361	0.841747	0.000000	1.000000	10
362	0.368684	0.000000	1.000000	10
363	0.852188	0.000000	1.000000	10
364	0.612238	0.000000	1.000000	10
365	0.246537	0.000000	1.000000	10
366	0.960571	0.000000	1.000000	10
367	0.337232	0.000000	1.000000	10
368	0.589438	0.000000	1.000000	10
369	0.575743	0.000000	1.000000	10
370	0.296661	0.000000	1.000000	10
371	0.486793	0.000000	1.000000	10
372	0.875378	0.000000	1.000000	10
373	0.769573	0.000000	1.000000	10
374	0.571864	0.000000	1.000000	10
375	0.310848	0.000000	1.000000	10
376	0.825106	0.000000	1.000000	10
377	0.365751	0.000000	1.000000	10
378	0.513958	0.000000	1.000000	10
379	0.440846	0.000000	1.000000	10
380	0.393572	0.000000	1.000000	10
381	0.589687	0.000000	1.000000	10
382	0.314882	0.000000	1.000000	10
383	0.645039	0.000000	1.000000	10
384	0.546978	0.000000	1.000000	10
385	0.322204	0.000000	1.000000	10
386	0.702544	0.000000	1.000000	10
387	0.723885	0.000000	1.000000	10
388	0.530381	0.000000	1.000000	10
389	0.933305	0.000000	1.000000	10
390	0.623080	0.000000	1.000000	10
391	0.827088	0.000000	1.000000	10
392	0.619968	0.000000	1.000000	10
393	0.883285	0.000000	1.000000	10
394	0.548638	0.000000	1.000000	10
395	0.694270	0.000000	1.000000	10
396	0.355507	0.000000	1.000000	10
397	0.915843	0.000000	1.000000	10
398	0.846456	0.000000	1.000000	10
399	0.299742	0.000000	1.000000	10
400	0.798207	0.000000	1.000000	10
401	0.490443	0.000000	1.000000	10
402	0.506343	0.000000	1.000000	10
403	0.751083	0.000000	1.000000	10
404	0.253774	0.000000	1.000000	10
405	0.586096	0.000000	1.000000	10
406	0.468460	0.000000	1.000000	10
407	0.223921	0.000000	1.000000	10
408	0.934924	0.000000	1.000000	10
409	0.867834	0.000000	1.000000	10
410	0.585391	0.000000	1.000000	10
411	0.718446	0.000000	1.000000	10
412	0.636388	0.000000	1.000000	10
413	0.605125	0.000000	1.000000	10
414	0.191390	0.000000	1.000000	10
415	0.370899	0.000000	1.000000	10
416	0.462732	0.000000	1.000000	10
417	0.409300	0.000000	1.000000	10
418	0.231893	0.000000	1.000000	10
419	0.439165	0.000000	1.000000	10
420	0.696417	0.000000	1.000000	10
421	0.650105	0.000000	1.000000	10
422	0.302152	0.000000	1.000000	10
423	0.731281	0.000000	1.000000	10
424	0.735239	0.000000	1.000000	10
425	0.208038	0.000000	1.000000	10
426	0.252430	0.000000	1.000000	10
427	0.433517	0.000000	1.000000	10
428	0.291600	0.000000	1.000000	10
429	0.688992	0.000000	1.000000	10
430	0.264087	0.009964	1.000000	10
431	0.235568	0.000000	1.000000	10
432	0.635495	0.000000	1.000000	10
433	0.551242	0.000000	1.000000	10
434	0.286011	0.000000	1.000000	10
435	0.359741	0.000000	1.000000	10
436	0.269990	0.000000	1.000000	10
437	0.349944	0.000000	1.000000	10
438	0.869308	0.000000	1.000000	10
439	0.721636	0.000000	1.000000	10
440	0.215059	0.000000	1.000000	10
441	0.084296	0.000000	1.000000	10
442	0.448770	0.000000	1.000000	10
443	0.613519	0.000000	1.000000	10
444	0.709993	0.000000	1.000000	10
445	0.224169	0.000000	1.000000	10
446	0.609138	0.000000	1.000000	10
447	0.775570	0.000000	1.000000	10
448	0.789194	0.000000	1.000000	10
449	0.502156	0.000000	1.000000	10
450	0.346395	0.000000	1.000000	10
451	0.757038	0.000000	1.000000	10
452	0.402530	0.000000	1.000000	10
453	0.439344	0.000000	1.000000	10
454	0.584130	0.000000	1.000000	10
455	0.815555	0.000000	1.000000	10
456	0.964032	0.000000	1.000000	10
457	0.235023	0.000000	1.000000	10
458	0.413628	0.000000	1.000000	10
459	0.551322	0.000000	1.000000	10
460	0.322675	0.000000	1.000000	10
461	0.095710	0.000000	1.000000	10
462	0.608939	0.000000	1.000000	10
463	0.605669	0.000000	1.000000	10
464	0.664226	0.000000	1.000000	10
465	0.742347	0.000000	1.000000	10
466	0.957560	0.000000	1.000000	10
467	0.791709	0.000000	1.000000	10
468	0.508816	0.000000	1.000000	10
469	0.168103	0.000000	1.000000	10
470	0.940843	0.000000	1.000000	10
471	0.211267	0.000000	1.000000	10
472	0.905396	0.000000	1.000000	10
473	0.618318	0.000000	1.000000	10
474	0.539860	0.000000	1.000000	10
475	0.872767	0.000000	1.000000	10
476	0.519221	0.000000	1.000000	10
477	0.297070	0.000000	1.000000	10
478	0.678544	0.000000	1.000000	10
479	0.512476	0.000000	1.000000	10
480	0.455153	0.000000	1.000000	10
481	0.367596	0.000000	1.000000	10
482	0.697004	0.000000	1.000000	10
483	0.772391	0.000000	1.000000	10
484	0.399717	0.000000	1.000000	10
485	0.372515	0.000000	1.000000	10
486	0.816556	0.000000	1.000000	10
487	0.398986	0.000000	1.000000	10
488	0.293751	0.000000	1.000000	10
489	0.212636	0.000000	1.000000	10
490	0.857554	0.000000	1.000000	10
491	0.445133	0.000000	1.000000	10
492	0.169337	0.000000	1.000000	10
493	0.764702	0.000000	1.000000	10
494	0.469147	0.000000	1.000000	10
495	0.106810	0.000000	1.000000	10
496	0.521735	0.000000	1.000000	10
497	0.507304	0.000000	1.000000	10
498	0.359889	0.000000	1.000000	10
499	0.678499	0.000000	1.000000	10
500	0.448350	0.000000	1.000000	10
501	0.261346	0.000000	1.000000	10
502	0.454041	0.000000	1.000000	10
503	0.628655	0.000000	1.000000	10
504	0.452404	0.000000	1.000000	10
505	0.244325	0.000000	1.000000	10
506	0.422701	0.000000	1.000000	10
507	0.685339	0.000000	1.000000	10
508	0.751616	0.000000	1.000000	10
509	0.570028	0.000000	1.000000	10
510	0.258715	0.000000	1.000000	10
511	0.407087	0.000000	1.000000	10
512	0.491880	0.000000	1.000000	10
513	0.363132	0.000000	1.000000	10
514	0.282911	0.000000	1.000000	10
515	0.536364	0.000000	1.000000	10
516	0.587639	0.000000	1.000000	10
517	0.288740	0.000000	1.000000	10
518	0.477950	0.000000	1.000000	10
519	0.462602	0.000000	1.000000	10
520	0.264998	0.000000	1.000000	10
521	0.378702	0.000000	1.000000	10
522	0.710447	0.000000	1.000000	10
523	0.502255	0.000000	1.000000	10
524	0.565526	0.000000	1.000000	10
525	0.315091	0.000000	1.000000	10
526	0.140922	0.000000	1.000000	10
527	0.237820	0.000000	1.000000	10
528	0.778492	0.000000	1.000000	10
529	0.569334	0.000000	1.000000	10
530	0.888593	0.000000	1.000000	10
531	0.337464	0.000000	1.000000	10
532	0.802486	0.000000	1.000000	10
533	0.356883	0.000000	1.000000	10
534	0.651223	0.000000	1.000000	10
535	0.800594	0.000000	1.000000	10
536	0.647789	0.000000	1.000000	10
537	0.528328	0.000000	1.000000	10
538	0.529178	0.000000	1.000000	10
539	0.360409	0.000000	1.000000	10
540	0.690118	0.000000	1.000000	10
541	0.666918	0.000000	1.000000	10
542	0.192683	0.000000	1.000000	10
543	0.606616	0.000000	1.000000	10
544	0.930305	0.000000	1.000000	10
545	0.192706	0.000000	1.000000	10
546	0.838218	0.000000	1.000000	10
547	0.471739	0.000000	1.000000	10
548	0.605939	0.000000	1.000000	10
549	0.991637	0.000000	1.000000	10
550	0.761725	0.000000	1.000000	10
551	0.836673	0.000000	1.000000	10
552	0.091011	0.000000	1.000000	10
553	0.413562	0.000000	1.000000	10
554	0.356286	0.000000	1.000000	10
555	0.436204	0.000000	1.000000	10
556	0.381085	0.000000	1.000000	10
557	0.422564	0.000000	1.000000	10
558	0.072928	0.000000	1.000000	10
559	0.731731	0.000000	1.000000	10
560	0.282524	0.000000	1.000000	10
561	0.829730	0.000000	1.000000	10
562	0.616551	0.000000	1.000000	10
563	0.708706	0.000000	1.000000	10
564	0.448940	0.000000	1.000000	10
565	0.732567	0.000000	1.000000	10
566	0.146526	0.000000	1.000000	10
567	0.583648	0.000000	1.000000	10
568	0.431289	0.000000	1.000000	10
569	0.131258	0.000000	1.000000	10
570	0.298682	0.000000	1.000000	10
571	0.344605	0.000000	1.000000	10
572	0.857236	0.000000	1.000000	10
573	0.060826	0.000000	1.000000	10
574	0.564421	0.000000	1.000000	10
575	0.881321	0.000000	1.000000	10
576	0.756319	0.000000	1.000000	10
577	0.701223	0.000000	1.000000	10
578	0.891152	0.000000	1.000000	10
579	0.254887	0.000000	1.000000	10
580	0.201448	0.000000	1.000000	10
581	0.310448	0.000000	1.000000	10
582	0.717361	0.000000	1.000000	10
583	0.888230	0.000000	1.000000	10
584	0.518617	0.000000	1.000000	10
585	0.727346	0.000000	1.000000	10
586	0.825715	0.000000	1.000000	10
587	0.296888	0.000000	1.000000	10
588	0.541903	0.000000	1.000000	10
589	0.700245	0.000000	1.000000	10
590	0.528244	0.000000	1.000000	10
591	0.272594	0.000000	1.000000	10
592	0.754360	0.000000	1.000000	10
593	0.718762	0.000000	1.000000	10
594	0.908713	0.000000	1.000000	10
595	0.225376	0.000000	1.000000	10
596	0.228001	0.000000	1.000000	10
597	0.541890	0.000000	1.000000	10
598	0.102002	0.000000	1.000000	10
599	0.799000	0.000000	1.000000	10
600	0.596352	0.000000	1.000000	10
601	0.339026	0.000000	1.000000	10
602	0.622196	0.000000	1.000000	10
603	0.310808	0.000000	1.000000	10
604	0.556659	0.000000	1.000000	10
605	0.406571	0.000000	1.000000	10
606	0.329797	0.000000	1.000000	10
607	0.373453	0.000000	1.000000	10
608	0.861775	0.000000	1.000000	10
609	0.585381	0.000000	1.000000	10
610	0.766871	0.000000	1.000000	10
611	0.270553	0.000000	1.000000	10
612	0.508976	0.000000	1.000000	10
613	0.478920	0.000000	1.000000	10
614	0.689314	0.000000	1.000000	10
615	0.777725	0.000000	1.000000	10
616	0.940248	0.000000	1.000000	10
617	0.696586	0.000000	1.000000	10
618	0.695352	0.000000	1.000000	10
619	0.919044	0.000000	1.000000	10
620	0.513818	0.000000	1.000000	10
621	0.663306	0.000000	1.000000	10
622	0.598052	0.006341	1.000000	10
623	0.801252	0.000000	1.000000	10
624	0.434604	0.000000	1.000000	10
625	0.816580	0.000000	1.000000	10
626	0.828470	0.000000	1.000000	10
627	0.638582	0.000000	1.000000	10
628	0.748154	0.000000	1.000000	10
629	0.470072	0.000000	1.000000	10
630	0.424918	0.000000	1.000000	10
631	0.413433	0.000000	1.000000	10
632	0.493967	0.000000	1.000000	10
633	0.316868	0.000000	1.000000	10
634	0.455802	0.000000	1.000000	10
635	0.254365	0.000000	1.000000	10
636	0.212006	0.000000	1.000000	10
637	0.571784	0.000000	1.000000	10
638	0.887029	0.000000	1.000000	10
639	0.375771	0.000000	1.000000	10
640	0.621269	0.000000	1.000000	10
641	0.437624	0.000000	1.000000	10
642	0.496000	0.000000	1.000000	10
643	0.693979	0.000000	1.000000	10
644	0.637288	0.000000	1.000000	10
645	0.496880	0.000000	1.000000	10
646	0.251507	0.000000	1.000000	10
647	0.185444	0.000000	1.000000	10
648	0.262828	0.000000	1.000000	10
649	0.569505	0.000000	1.000000	10
650	0.813675	0.000000	1.000000	10
651	0.437574	0.000000	1.000000	10
652	0.929043	0.000000	1.000000	10
653	0.912338	0.000000	1.000000	10
654	0.883658	0.000000	1.000000	10
655	0.450920	0.000000	1.000000	10
656	0.649097	0.000000	1.000000	10
657	0.829744	0.000000	1.000000	10
658	0.319101	0.000000	1.000000	10
659	0.849554	0.000000	1.000000	10
660	0.488195	0.000000	1.000000	10
661	0.601902	0.000000	1.000000	10
662	0.227503	0.000000	1.000000	10
663	0.831725	0.000000	1.000000	10
664	0.510063	0.000000	1.000000	10
665	0.469033	0.000000	1.000000	10
666	0.462488	0.000000	1.000000	10
667	0.422898	0.000000	1.000000	10
668	0.356090	0.000000	1.000000	10
669	0.402075	0.000000	1.000000	10
670	0.299902	0.000000	1.000000	10
671	0.580752	0.000000	1.000000	10
672	0.833346	0.000000	1.000000	10
673	0.866343	0.000000	1.000000	10
674	0.275064	0.000000	1.000000	10
675	0.970794	0.000000	1.000000	10
676	0.767190	0.000000	1.000000	10
677	0.702676	0.000000	1.000000	10
678	0.106435	0.000000	1.000000	10
679	0.941106	0.000000	1.000000	10
680	0.091592	0.000000	1.000000	10
681	0.551595	0.000000	1.000000	10
682	0.755696	0.000000	1.000000	10
683	0.724236	0.000000	1.000000	10
684	0.876026	0.000000	1.000000	10
685	0.251311	0.000000	1.000000	10
686	0.512017	0.000000	1.000000	10
687	0.532972	0.000000	1.000000	10
688	0.214497	0.000000	1.000000	10
689	0.851069	0.000000	1.000000	10
690	0.381154	0.000000	1.000000	10
691	0.684726	0.000000	1.000000	10
692	0.420299	0.000000	1.000000	10
693	0.328878	0.000000	1.000000	10
694	0.414826	0.000000	1.000000	10
695	0.450362	0.000000	1.000000	10
696	0.863193	0.000000	1.000000	10
697	0.416216	0.000000	1.000000	10
698	0.720135	0.000000	1.000000	10
699	0.598613	0.000000	1.000000	10
700	0.706692	0.000000	1.000000	10
701	0.607593	0.000000	1.000000	10
702	0.594881	0.000000	1.000000	10
703	0.777933	0.000000	1.000000	10
704	0.227620	0.000000	1.000000	10
705	0.259191	0.000000	1.000000	10
706	0.738997	0.000000	1.000000	10
707	0.382410	0.000000	1.000000	10
708	0.723784	0.000000	1.000000	10
709	0.457770	0.000000	1.000000	10
710	0.473249	0.000000	1.000000	10
711	0.859741	0.000000	1.000000	10
712	0.448309	0.000000	1.000000	10
713	0.764558	0.000000	1.000000	10
714	0.580646	0.000000	1.000000	10
715	0.915260	0.000000	1.000000	10
716	0.260606	0.000000	1.000000	10
717	0.370932	0.000000	1.000000	10
718	0.692187	0.000000	1.000000	10
719	0.169548	0.000000	1.000000	10
720	0.550612	0.000000	1.000000	10
721	0.466064	0.000000	1.000000	10
722	0.863289	0.000000	1.000000	10
723	0.602220	0.000000	1.000000	10
724	0.574700	0.000000	1.000000	10
725	0.787257	0.000000	1.000000	10
726	0.939882	0.000000	1.000000	10
727	0.934501	0.000000	1.000000	10
728	0.629093	0.000000	1.000000	10
729	0.345817	0.000000	1.000000	10
730	0.215377	0.000000	1.000000	10
731	0.720847	0.000000	1.000000	10
732	0.635398	0.000000	1.000000	10
733	0.717202	0.000000	1.000000	10
734	0.227817	0.000000	1.000000	10
735	0.423583	0.000000	1.000000	10
736	0.732669	0.000000	1.000000	10
737	0.998233	0.000000	1.000000	10
738	0.454302	0.000000	1.000000	10
739	0.174738	0.000000	1.000000	10
740	0.369255	0.000000	1.000000	10
741	0.922096	0.000000	1.000000	10
742	0.846615	0.000000	1.000000	10
743	0.427851	0.000000	1.000000	10
744	0.820570	0.000000	1.000000	10
745	0.894169	0.000000	1.000000	10
746	0.309046	0.000000	1.000000	10
747	0.213497	0.000000	1.000000	10
748	0.946601	0.000000	1.000000	10
749	0.227620	0.000000	1.000000	10
750	0.994636	0.000000	1.000000	10
751	0.912285	0.000000	1.000000	10
752	0.407802	0.000000	1.000000	10
753	0.505103	0.000000	1.000000	10
754	0.412244	0.000000	1.000000	10
755	0.180392	0.000000	1.000000	10
756	0.874306	0.000000	1.000000	10
757	0.942485	0.000000	1.000000	10
758	0.151470	0.000000	1.000000	10
759	0.611139	0.000000	1.000000	10
760	0.324550	0.000000	1.000000	10
761	0.757122	0.000000	1.000000	10
762	0.352655	0.000000	1.000000	10
763	0.926420	0.000000	1.000000	10
764	0.805894	0.000000	1.000000	10
765	0.909494	0.000000	1.000000	10
766	0.729217	0.000000	1.000000	10
767	0.804854	0.000000	1.000000	10
768	0.335111	0.000000	1.000000	10
769	0.393915	0.000000	1.000000	10
770	0.825477	0.000000	1.000000	10
771	0.868019	0.000000	1.000000	10
772	0.440638	0.000000	1.000000	10
773	0.533020	0.000000	1.000000	10
774	0.380915	0.000000	1.000000	10
775	0.783226	0.000000	1.000000	10
776	0.873140	0.000000	1.000000	10
777	0.996343	0.000000	1.000000	10
778	0.389664	0.000000	1.000000	10
779	0.113818	0.000000	1.000000	10
780	0.706230	0.000000	1.000000	10
781	0.724671	0.000000	1.000000	10
782	0.541451	0.000000	1.000000	10
783	0.351593	0.000000	1.000000	10
784	0.221253	0.000000	1.000000	10
785	0.561818	0.000000	1.000000	10
786	0.640885	0.000000	1.000000	10
787	0.957434	0.000000	1.000000	10
788	0.554054	0.000000	1.000000	10
789	0.338392	0.000000	1.000000	10
790	0.528764	0.000000	1.000000	10
791	0.543154	0.000000	1.000000	10
792	0.301442	0.000000	1.000000	10
793	0.280336	0.000000	1.000000	10
794	0.595832	0.000000	1.000000	10
795	0.348550	0.000000	1.000000	10
796	0.613160	0.000000	1.000000	10
797	0.852022	0.000000	1.000000	10
798	0.582821	0.000000	1.000000	10
799	0.206240	0.000000	1.000000	10
800	0.470752	0.000000	1.000000	10
801	0.648384	0.000000	1.000000	10
802	0.523105	0.000000	1.000000	10
803	0.455818	0.000000	1.000000	10
804	0.250111	0.000000	1.000000	10
805	0.270781	0.000000	1.000000	10
806	0.528443	0.000000	1.000000	10
807	0.436132	0.000000	1.000000	10
808	0.375870	0.000000	1.000000	10
809	0.732005	0.000000	1.000000	10
810	0.588297	0.000000	1.000000	10
811	0.401675	0.035993	1.000000	10
812	0.751265	0.000000	1.000000	10
813	0.628916	0.000000	1.000000	10
814	0.262428	0.000000	1.000000	10
815	0.495135	0.000000	1.000000	10
816	0.243817	0.000000	1.000000	10
817	0.684877	0.000000	1.000000	10
818	0.680088	0.000000	1.000000	10
819	0.804194	0.000000	1.000000	10
820	0.957193	0.000000	1.000000	10
821	0.271497	0.000000	1.000000	10
822	0.305096	0.004069	1.000000	10
823	0.424236	0.000000	1.000000	10
824	0.367499	0.000000	1.000000	10
825	0.634906	0.000000	1.000000	10
826	0.720840	0.000000	1.000000	10
827	0.756678	0.000000	1.000000	10
828	0.522083	0.000000	1.000000	10
829	0.817994	0.000000	1.000000	10
830	0.572323	0.000000	1.000000	10
831	0.324323	0.000000	1.000000	10
832	0.624616	0.000000	1.000000	10
833	0.688709	0.000000	1.000000	10
834	0.181582	0.000000	1.000000	10
835	0.901201	0.000000	1.000000	10
836	0.714450	0.000000	1.000000	10
837	0.748578	0.000000	1.000000	10
838	0.658460	0.000000	1.000000	10
839	0.263853	0.000000	1.000000	10
840	0.739766	0.000000	1.000000	10
841	0.813394	0.000000	1.000000	10
842	0.530425	0.000000	1.000000	10
843	0.602166	0.000000	1.000000	10
844	0.619470	0.000000	1.000000	10
845	0.882543	0.000000	1.000000	10
846	0.800326	0.000000	1.000000	10
847	0.695793	0.000000	1.000000	10
848	0.882553	0.000000	1.000000	10
849	0.272067	0.000000	1.000000	10
850	0.742857	0.000000	1.000000	10
851	0.552572	0.000000	1.000000	10
852	0.520356	0.000000	1.000000	10
853	0.648438	0.000000	1.000000	10
854	0.601072	0.000000	1.000000	10
855	0.177796	0.000000	1.000000	10
856	0.644119	0.000000	1.000000	10
857	0.839907	0.000000	1.000000	10
858	0.599413	0.000000	1.000000	10
859	0.242637	0.000000	1.000000	10
860	0.843378	0.000000	1.000000	10
861	0.302783	0.000000	1.000000	10
862	0.978040	0.000000	1.000000	10
863	0.864191	0.000000	1.000000	10
864	0.564935	0.000000	1.000000	10
865	0.319573	0.000000	1.000000	10
866	0.505232	0.000000	1.000000	10
867	0.340655	0.000000	1.000000	10
868	0.637518	0.000000	1.000000	10
869	0.956541	0.000000	1.000000	10
870	0.781971	0.000000	1.000000	10
871	0.929697	0.000000	1.000000	10
872	0.591555	0.000000	1.000000	10
873	0.327226	0.000000	1.000000	10
874	0.434912	0.000000	1.000000	10
875	0.387196	0.000000	1.000000	10
876	0.544970	0.000000	1.000000	10
877	0.727128	0.000000	1.000000	10
878	0.304184	0.000000	1.000000	10
879	0.895979	0.000000	1.000000	10
880	0.890752	0.000000	1.000000	10
881	0.707253	0.000000	1.000000	10
882	0.473845	0.000000	1.000000	10
883	0.601115	0.000000	1.000000	10
884	0.191963	0.000000	1.000000	10
885	0.629279	0.000000	1.000000	10
886	0.801683	0.000000	1.000000	10
887	0.842968	0.000000	1.000000	10
888	0.903067	0.000000	1.000000	10
889	0.211654	0.000000	1.000000	10
890	0.269435	0.000000	1.000000	10
891	0.264782	0.000000	1.000000	10
892	0.861293	0.000000	1.000000	10
893	0.684929	0.000000	1.000000	10
894	0.901997	0.000000	1.000000	10
895	0.790853	0.000000	1.000000	10
896	0.673098	0.000000	1.000000	10
897	0.647278	0.000000	1.000000	10
898	0.823290	0.000000	1.000000	10
899	0.359152	0.000000	1.000000	10
900	0.895112	0.000000	1.000000	10
901	0.981774	0.000000	1.000000	10
902	0.661126	0.000000	1.000000	10
903	0.897690	0.000000	1.000000	10
904	0.438642	0.000000	1.000000	10
905	0.798221	0.000000	1.000000	10
906	0.331650	0.000000	1.000000	10
907	0.814555	0.000000	1.000000	10
908	0.378678	0.000000	1.000000	10
909	0.765427	0.000000	1.000000	10
910	0.610918	0.000000	1.000000	10
911	0.561134	0.000000	1.000000	10
912	0.594526	0.000000	1.000000	10
913	0.806154	0.000000	1.000000	10
914	0.506316	0.000000	1.000000	10
915	0.858636	0.000000	1.000000	10
916	0.193369	0.000000	1.000000	10
917	0.717059	0.000000	1.000000	10
918	0.419695	0.000000	1.000000	10
919	0.497968	0.000000	1.000000	10
920	0.529660	0.000000	1.000000	10
921	0.451439	0.000000	1.000000	10
922	0.255608	0.000000	1.000000	10
923	0.723887	0.000000	1.000000	10
924	0.769834	0.000000	1.000000	10
925	0.846660	0.000000	1.000000	10
926	0.304163	0.000000	1.000000	10
927	0.188849	0.000000	1.000000	10
928	0.543699	0.000000	1.000000	10
929	0.837176	0.000000	1.000000	10
930	0.852095	0.000000	1.000000	10
931	0.617210	0.000000	1.000000	10
932	0.287806	0.000000	1.000000	10
933	0.378837	0.000000	1.000000	10
934	0.724879	0.000000	1.000000	10
935	0.791896	0.000000	1.000000	10
936	0.537542	0.000000	1.000000	10
937	0.317647	0.000000	1.000000	10
938	0.679632	0.000000	1.000000	10
939	0.834029	0.000000	1.000000	10
940	0.381843	0.000000	1.000000	10
941	0.410058	0.000000	1.000000	10
942	0.604021	0.000000	1.000000	10
943	0.849109	0.000000	1.000000	10
944	0.646223	0.000000	1.000000	10
945	0.609109	0.000000	1.000000	10
946	0.613209	0.000000	1.000000	10
947	0.505384	0.000000	1.000000	10
948	0.520271	0.000000	1.000000	10
949	0.625756	0.000000	1.000000	10
950	0.952263	0.000000	1.000000	10
951	0.976428	0.000000	1.000000	10
952	0.376069	0.009937	1.000000	10
953	0.378723	0.000000	1.000000	10
954	0.509221	0.000000	1.000000	10
955	0.878415	0.000000	1.000000	10
956	0.544277	0.000000	1.000000	10
957	0.199710	0.000000	1.000000	10
958	0.514559	0.000000	1.000000	10
959	0.867041	0.000000	1.000000	10
960	0.382287	0.000000	1.000000	10
961	0.933036	0.000000	1.000000	10
962	0.687879	0.000000	1.000000	10
963	0.878606	0.000000	1.000000	10
964	0.438167	0.000000	1.000000	10
965	0.736838	0.000000	1.000000	10
966	0.746123	0.000000	1.000000	10
967	0.295287	0.000000	1.000000	10
968	0.167093	0.000000	1.000000	10
969	0.782176	0.000000	1.000000	10
970	0.668251	0.000000	1.000000	10
971	0.520717	0.000000	1.000000	10
972	0.712065	0.000000	1.000000	10
973	0.544650	0.000000	1.000000	10
974	0.823697	0.000000	1.000000	10
975	0.677841	0.000000	1.000000	10
976	0.356026	0.000000	1.000000	10
977	0.833632	0.000000	1.000000	10
978	0.743746	0.000000	1.000000	10
979	0.227917	0.000000	1.000000	10
980	0.732556	0.000000	1.000000	10
981	0.164808	0.000000	1.000000	10
982	0.324461	0.000000	1.000000	10
983	0.565944	0.000000	1.000000	10
984	0.718164	0.000000	1.000000	10
985	0.900366	0.000000	1.000000	10
986	0.321538	0.000000	1.000000	10
987	0.666802	0.000000	1.000000	10
988	0.066584	0.000000	1.000000	10
989	0.607358	0.000000	1.000000	10
990	0.702731	0.000000	1.000000	10
991	0.295849	0.000000	1.000000	10
992	0.339193	0.000000	1.000000	10
993	0.303554	0.000000	1.000000	10
994	0.451419	0.000000	1.000000	10
995	0.533515	0.000000	1.000000	10
996	0.568348	0.000000	1.000000	10
997	0.688424	0.000000	1.000000	10
998	0.610161	0.000000	1.000000	10
999	0.548036	0.000000	1.000000	10
1000	0.948777	0.000000	1.000000	10
1001	0.573907	0.000000	1.000000	10
1002	0.184121	0.000000	1.000000	10
1003	0.776246	0.000000	1.000000	10
1004	0.256128	0.000000	1.000000	10
1005	0.227739	0.000000	1.000000	10
1006	0.846305	0.000000	1.000000	10
1007	0.604364	0.000000	1.000000	10
1008	0.321082	0.000000	1.000000	10
1009	0.914208	0.000000	1.000000	10
1010	0.698451	0.000000	1.000000	10
1011	0.576027	0.000000	1.000000	10
1012	0.571352	0.000000	1.000000	10
1013	0.412277	0.000000	1.000000	10
1014	0.545653	0.000000	1.000000	10
1015	0.774732	0.000000	1.000000	10
1016	0.896966	0.000000	1.000000	10
1017	0.311516	0.000000	1.000000	10
1018	0.344287	0.000000	1.000000	10
1019	0.392752	0.000000	1.000000	10
1020	0.232467	0.000000	1.000000	10
1021	0.244599	0.000000	1.000000	10
1022	0.338710	0.000000	1.000000	10
1023	0.408572	0.000000	1.000000	10
1024	0.507061	0.000000	1.000000	10
1025	0.690256	0.000000	1.000000	10
1026	0.917888	0.000000	1.000000	10
1027	0.693910	0.000000	1.000000	10
1028	0.217555	0.000000	1.000000	10
1029	0.382001	0.000000	1.000000	10
1030	0.649381	0.000000	1.000000	10
1031	0.657353	0.000000	1.000000	10
1032	0.635497	0.000000	1.000000	10
1033	0.696875	0.000000	1.000000	10
1034	0.488844	0.000000	1.000000	10
1035	0.615345	0.000000	1.000000	10
1036	0.866746	0.000000	1.000000	10
1037	0.304211	0.000000	1.000000	10
1038	0.964030	0.000000	1.000000	10
1039	0.333775	0.000000	1.000000	10
1040	0.779045	0.000000	1.000000	10
1041	0.369345	0.000000	1.000000	10
1042	0.343408	0.000000	1.000000	10
1043	0.202173	0.000000	1.000000	10
1044	0.978942	0.000000	1.000000	10
1045	0.947623	0.000000	1.000000	10
1046	0.374463	0.000000	1.000000	10
1047	0.522414	0.000000	1.000000	10
1048	0.799685	0.000000	1.000000	10
1049	0.400727	0.000000	1.000000	10
1050	0.922007	0.000000	1.000000	10
1051	0.462474	0.000000	1.000000	10
1052	0.315408	0.000000	1.000000	10
1053	0.686647	0.000000	1.000000	10
1054	0.129921	0.000000	1.000000	10
1055	0.263811	0.000000	1.000000	10
1056	0.316426	0.000000	1.000000	10
1057	0.240385	0.000000	1.000000	10
1058	0.681845	0.000000	1.000000	10
1059	0.677181	0.000000	1.000000	10
1060	0.607797	0.000000	1.000000	10
1061	0.673950	0.000000	1.000000	10
1062	0.992492	0.000000	1.000000	10
1063	0.604126	0.000000	1.000000	10
1064	0.896293	0.000000	1.000000	10
1065	0.166259	0.000000	1.000000	10
1066	0.744348	0.000000	1.000000	10
1067	0.514486	0.000000	1.000000	10
1068	0.332559	0.000000	1.000000	10
1069	0.822922	0.000000	1.000000	10
1070	0.282595	0.000000	1.000000	10
1071	0.364812	0.000000	1.000000	10
1072	0.246260	0.000000	1.000000	10
1073	0.561810	0.000000	1.000000	10
1074	0.859534	0.000000	1.000000	10
1075	0.682092	0.000000	1.000000	10
1076	0.337571	0.000000	1.000000	10
1077	0.186090	0.000000	1.000000	10
1078	0.461718	0.000000	1.000000	10
1079	0.730713	0.000000	1.000000	10
1080	0.465543	0.000000	1.000000	10
1081	0.859986	0.000000	1.000000	10
1082	0.429026	0.000000	1.000000	10
1083	0.735504	0.000000	1.000000	10
1084	0.473826	0.000000	1.000000	10
1085	0.741927	0.000000	1.000000	10
1086	0.338449	0.000000	1.000000	10
1087	0.289980	0.000000	1.000000	10
1088	0.895183	0.000000	1.000000	10
1089	0.644760	0.000000	1.000000	10
1090	0.836886	0.000000	1.000000	10
1091	0.278753	0.000000	1.000000	10
1092	0.654977	0.000000	1.000000	10
1093	0.564802	0.000000	1.000000	10
1094	0.403838	0.000000	1.000000	10
1095	0.762761	0.000000	1.000000	10
1096	0.146718	0.000000	1.000000	10
1097	0.124919	0.000000	1.000000	10
1098	0.361436	0.000000	1.000000	10
1099	0.742603	0.000000	1.000000	10
1100	0.274977	0.000000	1.000000	10
1101	0.276206	0.000000	1.000000	10
1102	0.173976	0.000000	1.000000	10
1103	0.696718	0.000000	1.000000	10
1104	0.430478	0.000000	1.000000	10
1105	0.884766	0.000000	1.000000	10
1106	0.351988	0.000000	1.000000	10
1107	0.428050	0.000000	1.000000	10
1108	0.242800	0.000000	1.000000	10
1109	0.507760	0.000000	1.000000	10
1110	0.456094	0.000000	1.000000	10
1111	0.214360	0.000000	1.000000	10
1112	0.330273	0.000000	1.000000	10
1113	0.270933	0.000000	1.000000	10
1114	0.213869	0.000000	1.000000	10
1115	0.794984	0.000000	1.000000	10
1116	0.831490	0.000000	1.000000	10
1117	0.461737	0.000000	1.000000	10
1118	0.927118	0.007193	1.000000	10
1119	0.305782	0.000000	1.000000	10
1120	0.136459	0.000000	1.000000	10
1121	0.478724	0.000000	1.000000	10
1122	0.336903	0.000000	1.000000	10
1123	0.401066	0.000000	1.000000	10
1124	0.591583	0.000000	1.000000	10
1125	0.590683	0.000000	1.000000	10
1126	0.817704	0.000000	1.000000	10
1127	0.901061	0.000000	1.000000	10
1128	0.963484	0.000000	1.000000	10
1129	0.654347	0.000000	1.000000	10
1130	0.939138	0.000000	1.000000	10
1131	0.509361	0.000000	1.000000	10
1132	0.627021	0.000000	1.000000	10
1133	0.445054	0.000000	1.000000	10
1134	0.703340	0.000000	1.000000	10
1135	0.272359	0.000000	1.000000	10
1136	0.534831	0.000000	1.000000	10
1137	0.655836	0.000000	1.000000	10
1138	0.368429	0.000000	1.000000	10
1139	0.622631	0.000000	1.000000	10
1140	0.939524	0.000000	1.000000	10
1141	0.456487	0.000000	1.000000	10
1142	0.339419	0.000000	1.000000	10
1143	0.626434	0.000000	1.000000	10
1144	0.812229	0.000000	1.000000	10
1145	0.269711	0.000000	1.000000	10
1146	0.386381	0.000000	1.000000	10
1147	0.222188	0.000000	1.000000	10
1148	0.111073	0.000000	1.000000	10
1149	0.522452	0.000000	1.000000	10
1150	0.878343	0.000000	1.000000	10
1151	0.448188	0.000000	1.000000	10
1152	0.572290	0.000000	1.000000	10
1153	0.693828	0.000000	1.000000	10
1154	0.894186	0.000000	1.000000	10
1155	0.519326	0.000000	1.000000	10
1156	0.591918	0.000000	1.000000	10
1157	0.519950	0.000000	1.000000	10
1158	0.305879	0.000000	1.000000	10
1159	0.408969	0.000000	1.000000	10
1160	0.543765	0.000000	1.000000	10
1161	0.476349	0.000000	1.000000	10
1162	0.278048	0.000000	1.000000	10
1163	0.414837	0.000000	1.000000	10
1164	0.336508	0.000000	1.000000	10
1165	0.815308	0.000000	1.000000	10
1166	0.406752	0.000000	1.000000	10
1167	0.794730	0.000000	1.000000	10
1168	0.599267	0.000000	1.000000	10
1169	0.203899	0.000000	1.000000	10
1170	0.776250	0.000000	1.000000	10
1171	0.860535	0.000000	1.000000	10
1172	0.225560	0.000000	1.000000	10
1173	0.417134	0.000000	1.000000	10
1174	0.452333	0.000000	1.000000	10
1175	0.540285	0.000000	1.000000	10
1176	0.712043	0.000000	1.000000	10
1177	0.831590	0.000000	1.000000	10
1178	0.710171	0.000000	1.000000	10
1179	0.416871	0.000000	1.000000	10
1180	0.622538	0.000000	1.000000	10
1181	0.435627	0.000000	1.000000	10
1182	0.270749	0.000000	1.000000	10
1183	0.812875	0.000000	1.000000	10
1184	0.548116	0.000000	1.000000	10
1185	0.363916	0.000000	1.000000	10
1186	0.766674	0.000000	1.000000	10
1187	0.905621	0.000000	1.000000	10
1188	0.500982	0.000000	1.000000	10
1189	0.723421	0.000000	1.000000	10
1190	0.677216	0.000000	1.000000	10
1191	0.534225	0.000000	1.000000	10
1192	0.172620	0.000000	1.000000	10
1193	0.437671	0.000000	1.000000	10
1194	0.535177	0.000000	1.000000	10
1195	0.557165	0.000000	1.000000	10
1196	0.300372	0.000000	1.000000	10
1197	0.419619	0.000000	1.000000	10
1198	0.288484	0.000000	1.000000	10
1199	0.743444	0.000000	1.000000	10
1200	0.091009	0.000000	1.000000	10
1201	0.681299	0.000000	1.000000	10
1202	0.808902	0.000000	1.000000	10
1203	0.622764	0.000000	1.000000	10
1204	0.188024	0.000000	1.000000	10
1205	0.517145	0.000000	1.000000	10
1206	0.629557	0.000000	1.000000	10
1207	0.253269	0.000000	1.000000	10
1208	0.498955	0.000000	1.000000	10
1209	0.292662	0.000000	1.000000	10
1210	0.306626	0.000000	1.000000	10
1211	0.749622	0.000000	1.000000	10
1212	0.439013	0.000000	1.000000	10
1213	0.619122	0.000000	1.000000	10
1214	0.394739	0.000000	1.000000	10
1215	0.324572	0.000000	1.000000	10
1216	0.398368	0.000000	1.000000	10
1217	0.300236	0.000000	1.000000	10
1218	0.556541	0.000000	1.000000	10
1219	0.659785	0.000000	1.000000	10
1220	0.920929	0.000000	1.000000	10
1221	0.747694	0.000000	1.000000	10
1222	0.820808	0.000000	1.000000	10
1223	0.337077	0.000000	1.000000	10
1224	0.591219	0.000000	1.000000	10
1225	0.914509	0.000000	1.000000	10
1226	0.612562	0.000000	1.000000	10
1227	0.766463	0.000000	1.000000	10
1228	0.782465	0.000000	1.000000	10
1229	0.496081	0.000000	1.000000	10
1230	0.671817	0.000000	1.000000	10
1231	0.531233	0.000000	1.000000	10
1232	0.485774	0.000000	1.000000	10
1233	0.383503	0.000000	1.000000	10
1234	0.416566	0.000000	1.000000	10
1235	0.466391	0.000000	1.000000	10
1236	0.905278	0.000000	1.000000	10
1237	0.371263	0.000000	1.000000	10
1238	0.736136	0.000000	1.000000	10
1239	0.259250	0.000000	1.000000	10
1240	0.588590	0.000000	1.000000	10
1241	0.523815	0.000000	1.000000	10
1242	0.465482	0.000000	1.000000	10
1243	0.679357	0.000000	1.000000	10
1244	0.730673	0.000000	1.000000	10
1245	0.726372	0.000000	1.000000	10
1246	0.437994	0.000000	1.000000	10
1247	0.539023	0.000000	1.000000	10
1248	0.947832	0.000000	1.000000	10
1249	0.775478	0.000000	1.000000	10
1250	0.691836	0.000000	1.000000	10
1251	0.340196	0.000000	1.000000	10
1252	0.467712	0.000000	1.000000	10
1253	0.834398	0.000000	1.000000	10
1254	0.458684	0.000000	1.000000	10
1255	0.372716	0.000000	1.000000	10
1256	0.935657	0.000000	1.000000	10
1257	0.640676	0.016360	1.000000	10
1258	0.321736	0.000000	1.000000	10
1259	0.241400	0.000000	1.000000	10
1260	0.780124	0.000000	1.000000	10
1261	0.380657	0.000000	1.000000	10
1262	0.674641	0.000000	1.000000	10
1263	0.431175	0.000000	1.000000	10
1264	0.900338	0.000000	1.000000	10
1265	0.302851	0.000000	1.000000	10
1266	0.772242	0.000000	1.000000	10
1267	0.366145	0.000000	1.000000	10
1268	0.551493	0.000000	1.000000	10
1269	0.525915	0.000000	1.000000	10
1270	0.628370	0.000000	1.000000	10
1271	0.372961	0.000000	1.000000	10
1272	0.464050	0.000000	1.000000	10
1273	0.418656	0.000000	1.000000	10
1274	0.351983	0.000000	1.000000	10
1275	0.861747	0.000000	1.000000	10
1276	0.488937	0.000000	1.000000	10
1277	0.669023	0.000000	1.000000	10
1278	0.709014	0.000000	1.000000	10
1279	0.619127	0.000000	1.000000	10
1280	0.933224	0.000000	1.000000	10
1281	0.303389	0.000000	1.000000	10
1282	0.397883	0.008633	1.000000	10
1283	0.578673	0.000000	1.000000	10
1284	0.208128	0.000000	1.000000	10
1285	0.229752	0.000000	1.000000	10
1286	0.171115	0.000000	1.000000	10
1287	0.498391	0.000000	1.000000	10
1288	0.318069	0.000000	1.000000	10
1289	0.795458	0.000000	1.000000	10
1290	0.627171	0.000000	1.000000	10
1291	0.437433	0.000000	1.000000	10
1292	0.695356	0.000000	1.000000	10
1293	0.674377	0.000000	1.000000	10
1294	0.243597	0.000000	1.000000	10
1295	0.543277	0.000000	1.000000	10
1296	0.835578	0.000000	1.000000	10
1297	0.271737	0.000000	1.000000	10
1298	0.241487	0.000000	1.000000	10
1299	0.577187	0.000000	1.000000	10
1300	0.022743	0.000000	1.000000	10
1301	0.582004	0.000000	1.000000	10
1302	0.465967	0.000000	1.000000	10
1303	0.364174	0.000000	1.000000	10
1304	0.291107	0.000000	1.000000	10
1305	0.319417	0.000000	1.000000	10
1306	0.256891	0.000000	1.000000	10
1307	0.739634	0.000000	1.000000	10
1308	0.247042	0.000000	1.000000	10
1309	0.959435	0.000000	1.000000	10
1310	0.635153	0.000000	1.000000	10
1311	0.337972	0.000000	1.000000	10
1312	0.990030	0.000000	1.000000	10
1313	0.245235	0.000000	1.000000	10
1314	0.877249	0.000000	1.000000	10
1315	0.790795	0.000000	1.000000	10
1316	0.747916	0.000000	1.000000	10
1317	0.150178	0.000000	1.000000	10
1318	0.850296	0.000000	1.000000	10
1319	0.778912	0.000000	1.000000	10
1320	0.620076	0.000000	1.000000	10
1321	0.385165	0.000000	1.000000	10
1322	0.138612	0.000000	1.000000	10
1323	0.639774	0.000000	1.000000	10
1324	0.835313	0.000000	1.000000	10
1325	0.385136	0.000000	1.000000	10
1326	0.249357	0.000000	1.000000	10
1327	0.789376	0.000000	1.000000	10
1328	0.735160	0.000000	1.000000	10
1329	0.918456	0.000000	1.000000	10
1330	0.877438	0.000000	1.000000	10
1331	0.159920	0.000000	1.000000	10
1332	0.594259	0.000000	1.000000	10
1333	0.975223	0.000000	1.000000	10
1334	0.235303	0.000000	1.000000	10
1335	0.654289	0.000000	1.000000	10
1336	0.951519	0.000000	1.000000	10
1337	0.957358	0.000000	1.000000	10
1338	0.415608	0.000000	1.000000	10
1339	0.399101	0.000000	1.000000	10
1340	0.936219	0.000000	1.000000	10
1341	0.478938	0.000000	1.000000	10
1342	0.712378	0.000000	1.000000	10
1343	0.902646	0.000000	1.000000	10
1344	0.631439	0.000000	1.000000	10
1345	0.456066	0.000000	1.000000	10
1346	0.384699	0.000000	1.000000	10
1347	0.313732	0.000000	1.000000	10
1348	0.649752	0.000000	1.000000	10
1349	0.448901	0.000000	1.000000	10
1350	0.689588	0.000000	1.000000	10
1351	0.446156	0.020216	1.000000	10
1352	0.561544	0.000000	1.000000	10
1353	0.661127	0.000000	1.000000	10
1354	0.550620	0.000000	1.000000	10
1355	0.181413	0.000000	1.000000	10
1356	0.493611	0.000000	1.000000	10
1357	0.802451	0.000000	1.000000	10
1358	0.581894	0.000000	1.000000	10
1359	0.940842	0.000000	1.000000	10
1360	0.692380	0.000000	1.000000	10
1361	0.508676	0.000000	1.000000	10
1362	0.818871	0.000000	1.000000	10
1363	0.757278	0.000000	1.000000	10
1364	0.688368	0.000000	1.000000	10
1365	0.260711	0.000000	1.000000	10
1366	0.368061	0.000000	1.000000	10
1367	0.675262	0.000000	1.000000	10
1368	0.278088	0.000000	1.000000	10
1369	0.680281	0.000000	1.000000	10
1370	0.818042	0.000000	1.000000	10
1371	0.902275	0.000000	1.000000	10
1372	0.543834	0.000000	1.000000	10
1373	0.809748	0.000000	1.000000	10
1374	0.255224	0.000000	1.000000	10
1375	0.243811	0.000000	1.000000	10
1376	0.841739	0.000000	1.000000	10
1377	0.657486	0.000000	1.000000	10
1378	0.824568	0.000000	1.000000	10
1379	0.393650	0.000000	1.000000	10
1380	0.885021	0.000000	1.000000	10
1381	0.284973	0.000000	1.000000	10
1382	0.382569	0.000000	1.000000	10
1383	0.968480	0.000000	1.000000	10
1384	0.888394	0.000000	1.000000	10
1385	0.158046	0.000000	1.000000	10
1386	0.928288	0.000000	1.000000	10
1387	0.651429	0.000000	1.000000	10
1388	0.477425	0.000000	1.000000	10
1389	0.879200	0.000000	1.000000	10
1390	0.190342	0.000000	1.000000	10
1391	0.754970	0.000000	1.000000	10
1392	0.725914	0.000000	1.000000	10
1393	0.400146	0.000000	1.000000	10
1394	0.438509	0.000000	1.000000	10
1395	0.624059	0.000000	1.000000	10
1396	0.922941	0.000000	1.000000	10
1397	0.766288	0.000000	1.000000	10
1398	0.374916	0.000000	1.000000	10
1399	0.418300	0.000000	1.000000	10
1400	0.373403	0.000000	1.000000	10
1401	0.828221	0.000000	1.000000	10
1402	0.461607	0.000000	1.000000	10
1403	0.684451	0.000000	1.000000	10
1404	0.924127	0.000000	1.000000	10
1405	0.121818	0.000000	1.000000	10
1406	0.664364	0.000000	1.000000	10
1407	0.343515	0.000000	1.000000	10
1408	0.625763	0.000000	1.000000	10
1409	0.821338	0.000000	1.000000	10
1410	0.859802	0.000000	1.000000	10
1411	0.301851	0.000000	1.000000	10
1412	0.363090	0.000000	1.000000	10
1413	0.832550	0.000000	1.000000	10
1414	0.692487	0.000000	1.000000	10
1415	0.432813	0.000000	1.000000	10
1416	0.125413	0.000000	1.000000	10
1417	0.302082	0.000000	1.000000	10
1418	0.733206	0.000000	1.000000	10
1419	0.402163	0.000000	1.000000	10
1420	0.690107	0.000000	1.000000	10
1421	0.210379	0.000000	1.000000	10
1422	0.267660	0.000000	1.000000	10
1423	0.245443	0.000000	1.000000	10
1424	0.848172	0.000000	1.000000	10
1425	0.944954	0.000000	1.000000	10
1426	0.551903	0.000000	1.000000	10
1427	0.814001	0.000000	1.000000	10
1428	0.990991	0.000000	1.000000	10
1429	0.370008	0.000000	1.000000	10
1430	0.236219	0.000000	1.000000	10
1431	0.504186	0.000000	1.000000	10
1432	0.672695	0.000000	1.000000	10
1433	0.370824	0.000000	1.000000	10
1434	0.257724	0.000000	1.000000	10
1435	0.515435	0.000000	1.000000	10
1436	0.657793	0.000000	1.000000	10
1437	0.653587	0.000000	1.000000	10
1438	0.985702	0.000000	1.000000	10
1439	0.640828	0.000000	1.000000	10
1440	0.744290	0.000000	1.000000	10
1441	0.135268	0.000000	1.000000	10
1442	0.734730	0.000000	1.000000	10
1443	0.558422	0.000000	1.000000	10
1444	0.338141	0.000000	1.000000	10
1445	0.604832	0.000000	1.000000	10
1446	0.084212	0.000000	1.000000	10
1447	0.341013	0.000000	1.000000	10
1448	0.689359	0.000000	1.000000	10
1449	0.679962	0.000000	1.000000	10
1450	0.726292	0.000000	1.000000	10
1451	0.475946	0.000000	1.000000	10
1452	0.499261	0.000000	1.000000	10
1453	0.708929	0.000000	1.000000	10
1454	0.146600	0.000000	1.000000	10
1455	0.456232	0.000000	1.000000	10
1456	0.309093	0.000000	1.000000	10
1457	0.795755	0.000000	1.000000	10
1458	0.206290	0.000000	1.000000	10
1459	0.354132	0.000000	1.000000	10
1460	0.334448	0.000000	1.000000	10
1461	0.455472	0.000000	1.000000	10
1462	0.586539	0.000000	1.000000	10
1463	0.574350	0.000000	1.000000	10
1464	0.686300	0.000000	1.000000	10
1465	0.706650	0.000000	1.000000	10
1466	0.842599	0.000000	1.000000	10
1467	0.228719	0.000000	1.000000	10
1468	0.656158	0.000000	1.000000	10
1469	0.291622	0.000000	1.000000	10
1470	0.347632	0.000000	1.000000	10
1471	0.230990	0.000000	1.000000	10
1472	0.378769	0.000000	1.000000	10
1473	0.607626	0.000000	1.000000	10
1474	0.377160	0.000000	1.000000	10
1475	0.883838	0.000000	1.000000	10
1476	0.679155	0.000000	1.000000	10
1477	0.930453	0.000000	1.000000	10
1478	0.515635	0.000000	1.000000	10
1479	0.854264	0.000000	1.000000	10
1480	0.195205	0.000000	1.000000	10
1481	0.557490	0.000000	1.000000	10
1482	0.512403	0.000000	1.000000	10
1483	0.888029	0.000000	1.000000	10
1484	0.537112	0.000000	1.000000	10
1485	0.580222	0.000000	1.000000	10
1486	0.170218	0.000000	1.000000	10
1487	0.657005	0.000000	1.000000	10
1488	0.532870	0.000000	1.000000	10
1489	0.805511	0.000000	1.000000	10
1490	0.630466	0.000000	1.000000	10
1491	0.237112	0.000000	1.000000	10
1492	0.495723	0.000000	1.000000	10
1493	0.366278	0.000000	1.000000	10
1494	0.357751	0.000000	1.000000	10
1495	0.245240	0.000000	1.000000	10
1496	0.640139	0.000000	1.000000	10
1497	0.721946	0.000000	1.000000	10
1498	0.694114	0.000000	1.000000	10
1499	0.279097	0.000000	1.000000	10
1500	0.254139	0.000000	1.000000	10
1501	0.427210	0.000000	1.000000	10
1502	0.778392	0.000000	1.000000	10
1503	0.530124	0.000000	1.000000	10
1504	0.813390	0.000000	1.000000	10
1505	0.940405	0.000000	1.000000	10
1506	0.392813	0.000000	1.000000	10
1507	0.232753	0.000000	1.000000	10
1508	0.778293	0.000000	1.000000	10
1509	0.403668	0.000000	1.000000	10
1510	0.165269	0.000000	1.000000	10
1511	0.881351	0.000000	1.000000	10
1512	0.462414	0.000000	1.000000	10
1513	0.626421	0.000000	1.000000	10
1514	0.576118	0.000000	1.000000	10
1515	0.344368	0.000000	1.000000	10
1516	0.464681	0.000000	1.000000	10
1517	0.677931	0.000000	1.000000	10
1518	0.461079	0.000000	1.000000	10
1519	0.563982	0.000000	1.000000	10
1520	0.213796	0.000000	1.000000	10
1521	0.506043	0.000000	1.000000	10
1522	0.656933	0.000000	1.000000	10
1523	0.355802	0.000000	1.000000	10
1524	0.680503	0.000000	1.000000	10
1525	0.272767	0.000000	1.000000	10
1526	0.590855	0.000000	1.000000	10
1527	0.519078	0.000000	1.000000	10
1528	0.393907	0.000000	1.000000	10
1529	0.528922	0.000000	1.000000	10
1530	0.603359	0.000000	1.000000	10
1531	0.842151	0.000000	1.000000	10
1532	0.407553	0.000000	1.000000	10
1533	0.808288	0.000000	1.000000	10
1534	0.384088	0.000000	1.000000	10
1535	0.192083	0.000000	1.000000	10
1536	0.551922	0.000000	1.000000	10
1537	0.237115	0.000000	1.000000	10
1538	0.895975	0.000000	1.000000	10
1539	0.527155	0.023587	1.000000	10
1540	0.581274	0.000000	1.000000	10
1541	0.395097	0.000000	1.000000	10
1542	0.321009	0.000000	1.000000	10
1543	0.247243	0.000000	1.000000	10
1544	0.842629	0.000000	1.000000	10
1545	0.540215	0.000000	1.000000	10
1546	0.436554	0.000000	1.000000	10
1547	0.279451	0.000000	1.000000	10
1548	0.992764	0.000000	1.000000	10
1549	0.486496	0.000000	1.000000	10
1550	0.322649	0.000000	1.000000	10
1551	0.894459	0.000000	1.000000	10
1552	0.796334	0.000000	1.000000	10
1553	0.229766	0.000000	1.000000	10
1554	0.762777	0.000000	1.000000	10
1555	0.608778	0.000000	1.000000	10
1556	0.830231	0.000000	1.000000	10
1557	0.910515	0.000000	1.000000	10
1558	0.471508	0.000000	1.000000	10
1559	0.942140	0.000000	1.000000	10
1560	0.716493	0.000000	1.000000	10
1561	0.537227	0.000000	1.000000	10
1562	0.736162	0.000000	1.000000	10
1563	0.647325	0.000000	1.000000	10
1564	0.352241	0.000000	1.000000	10
1565	0.558646	0.000000	1.000000	10
1566	0.582781	0.000000	1.000000	10
1567	0.297365	0.000000	1.000000	10
1568	0.296425	0.000000	1.000000	10
1569	0.477569	0.000000	1.000000	10
1570	0.174367	0.000000	1.000000	10
1571	0.379990	0.000000	1.000000	10
1572	0.573177	0.000000	1.000000	10
1573	0.378844	0.000000	1.000000	10
1574	0.425376	0.000000	1.000000	10
1575	0.351042	0.000000	1.000000	10
1576	0.788789	0.000000	1.000000	10
1577	0.399637	0.000000	1.000000	10
1578	0.697785	0.000000	1.000000	10
1579	0.745789	0.000000	1.000000	10
1580	0.822384	0.000000	1.000000	10
1581	0.449480	0.000000	1.000000	10
1582	0.660355	0.000000	1.000000	10
1583	0.469976	0.000000	1.000000	10
1584	0.103037	0.000000	1.000000	10
1585	0.633801	0.000000	1.000000	10
1586	0.568821	0.000000	1.000000	10
1587	0.992757	0.000000	1.000000	10
1588	0.838967	0.000000	1.000000	10
1589	0.504575	0.000000	1.000000	10
1590	0.415574	0.000000	1.000000	10
1591	0.757242	0.000000	1.000000	10
1592	0.911142	0.000000	1.000000	10
1593	0.576565	0.000000	1.000000	10
1594	0.959534	0.000000	1.000000	10
1595	0.845106	0.000000	1.000000	10
1596	0.533222	0.000000	1.000000	10
1597	0.198554	0.000000	1.000000	10
1598	0.782358	0.000000	1.000000	10
1599	0.252240	0.000000	1.000000	10
1600	0.641238	0.000000	1.000000	10
1601	0.548588	0.000000	1.000000	10
1602	0.654503	0.000000	1.000000	10
1603	0.305980	0.000000	1.000000	10
1604	0.567772	0.000000	1.000000	10
1605	0.624790	0.000000	1.000000	10
1606	0.939952	0.000000	1.000000	10
1607	0.208275	0.000000	1.000000	10
1608	0.873602	0.000000	1.000000	10
1609	0.166463	0.000000	1.000000	10
1610	0.636109	0.000000	1.000000	10
1611	0.567273	0.000000	1.000000	10
1612	0.263865	0.000000	1.000000	10
1613	0.536264	0.000000	1.000000	10
1614	0.596431	0.000000	1.000000	10
1615	0.858465	0.000000	1.000000	10
1616	0.516383	0.000000	1.000000	10
1617	0.517097	0.000000	1.000000	10
1618	0.730228	0.000000	1.000000	10
1619	0.759998	0.000000	1.000000	10
1620	0.435821	0.000000	1.000000	10
1621	0.321415	0.000000	1.000000	10
1622	0.504143	0.000000	1.000000	10
1623	0.954094	0.000000	1.000000	10
1624	0.292265	0.000000	1.000000	10
1625	0.736461	0.000000	1.000000	10
1626	0.529076	0.000000	1.000000	10
1627	0.375916	0.000000	1.000000	10
1628	0.888720	0.000000	1.000000	10
1629	0.531295	0.000000	1.000000	10
1630	0.298565	0.000000	1.000000	10
1631	0.334832	0.000000	1.000000	10
1632	0.882350	0.000000	1.000000	10
1633	0.414736	0.000000	1.000000	10
1634	0.221274	0.000000	1.000000	10
1635	0.793127	0.000000	1.000000	10
1636	0.370575	0.000000	1.000000	10
1637	0.366055	0.000000	1.000000	10
1638	0.792980	0.000000	1.000000	10
1639	0.989618	0.000000	1.000000	10
1640	0.648052	0.000000	1.000000	10
1641	0.444589	0.000000	1.000000	10
1642	0.484057	0.000000	1.000000	10
1643	0.838492	0.000000	1.000000	10
1644	0.294733	0.000000	1.000000	10
1645	0.871974	0.000000	1.000000	10
1646	0.516296	0.000000	1.000000	10
1647	0.361775	0.000000	1.000000	10
1648	0.445941	0.000000	1.000000	10
1649	0.306386	0.000000	1.000000	10
1650	0.701043	0.000000	1.000000	10
1651	0.622023	0.000000	1.000000	10
1652	0.392617	0.000000	1.000000	10
1653	0.725227	0.000000	1.000000	10
1654	0.418876	0.000000	1.000000	10
1655	0.400092	0.000000	1.000000	10
1656	0.488886	0.000000	1.000000	10
1657	0.609746	0.000000	1.000000	10
1658	0.242388	0.000000	1.000000	10
1659	0.610597	0.000000	1.000000	10
1660	0.486218	0.000000	1.000000	10
1661	0.516043	0.000000	1.000000	10
1662	0.568951	0.000000	1.000000	10
1663	0.648661	0.000000	1.000000	10
1664	0.766511	0.000000	1.000000	10
1665	0.556444	0.000000	1.000000	10
1666	0.930685	0.000000	1.000000	10
1667	0.461104	0.000000	1.000000	10
1668	0.498747	0.000000	1.000000	10
1669	0.676945	0.000000	1.000000	10
1670	0.536181	0.000000	1.000000	10
1671	0.318922	0.000000	1.000000	10
1672	0.354111	0.000000	1.000000	10
1673	0.554836	0.000000	1.000000	10
1674	0.485643	0.000000	1.000000	10
1675	0.561924	0.000000	1.000000	10
1676	0.641204	0.000000	1.000000	10
1677	0.657246	0.000000	1.000000	10
1678	0.627627	0.000000	1.000000	10
1679	0.271252	0.000000	1.000000	10
1680	0.522313	0.000000	1.000000	10
1681	0.381827	0.000000	1.000000	10
1682	0.838986	0.000000	1.000000	10
1683	0.690731	0.000000	1.000000	10
1684	0.614874	0.000000	1.000000	10
1685	0.882138	0.000000	1.000000	10
1686	0.432869	0.000000	1.000000	10
1687	0.377500	0.000000	1.000000	10
1688	0.478639	0.000000	1.000000	10
1689	0.752471	0.000000	1.000000	10
1690	0.905571	0.000000	1.000000	10
1691	0.363728	0.000000	1.000000	10
1692	0.807370	0.000000	1.000000	10
1693	0.627749	0.000000	1.000000	10
1694	0.346698	0.000000	1.000000	10
1695	0.513065	0.000000	1.000000	10
1696	0.640934	0.000000	1.000000	10
1697	0.189536	0.000000	1.000000	10
1698	0.551911	0.000000	1.000000	10
1699	0.375002	0.000000	1.000000	10
1700	0.329446	0.000000	1.000000	10
1701	0.673406	0.000000	1.000000	10
1702	0.441623	0.000000	1.000000	10
1703	0.433966	0.000000	1.000000	10
1704	0.457531	0.000000	1.000000	10
1705	0.450049	0.000000	1.000000	10
1706	0.217810	0.000000	1.000000	10
1707	0.451438	0.000000	1.000000	10
1708	0.447797	0.000000	1.000000	10
1709	0.500501	0.000000	1.000000	10
1710	0.572296	0.000000	1.000000	10
1711	0.386054	0.000000	1.000000	10
1712	0.334714	0.000000	1.000000	10
1713	0.792326	0.000000	1.000000	10
1714	0.382231	0.000000	1.000000	10
1715	0.880527	0.000000	1.000000	10
1716	0.101179	0.000000	1.000000	10
1717	0.988114	0.000000	1.000000	10
1718	0.491549	0.000000	1.000000	10
1719	0.179828	0.000000	1.000000	10
1720	0.541851	0.000000	1.000000	10
1721	0.322761	0.000000	1.000000	10
1722	0.298980	0.000000	1.000000	10
1723	0.889760	0.000000	1.000000	10
1724	0.776941	0.000000	1.000000	10
1725	0.438039	0.000000	1.000000	10
1726	0.423434	0.000000	1.000000	10
1727	0.626998	0.000000	1.000000	10
1728	0.635646	0.000000	1.000000	10
1729	0.376710	0.000000	1.000000	10
1730	0.809250	0.000000	1.000000	10
1731	0.621412	0.000000	1.000000	10
1732	0.848780	0.000000	1.000000	10
1733	0.356537	0.000000	1.000000	10
1734	0.410205	0.000000	1.000000	10
1735	0.374075	0.000000	1.000000	10
1736	0.792105	0.000000	1.000000	10
1737	0.396455	0.000000	1.000000	10
1738	0.455923	0.000000	1.000000	10
1739	0.499547	0.000000	1.000000	10
1740	0.666835	0.000000	1.000000	10
1741	0.413856	0.000000	1.000000	10
1742	0.666349	0.000000	1.000000	10
1743	0.747199	0.000000	1.000000	10
1744	0.997860	0.000000	1.000000	10
1745	0.719679	0.000000	1.000000	10
1746	0.437176	0.000000	1.000000	10
1747	0.251869	0.000000	1.000000	10
1748	0.813217	0.000000	1.000000	10
1749	0.396140	0.000000	1.000000	10
1750	0.497125	0.000000	1.000000	10
1751	0.224225	0.000000	1.000000	10
1752	0.260947	0.000000	1.000000	10
1753	0.521946	0.000000	1.000000	10
1754	0.448127	0.000000	1.000000	10
1755	0.809498	0.000000	1.000000	10
1756	0.270133	0.000000	1.000000	10
1757	0.449299	0.000000	1.000000	10
1758	0.656898	0.000000	1.000000	10
1759	0.525869	0.000000	1.000000	10
1760	0.900798	0.000000	1.000000	10
1761	0.242688	0.000000	1.000000	10
1762	0.348457	0.000000	1.000000	10
1763	0.057155	0.000000	1.000000	10
1764	0.795175	0.000000	1.000000	10
1765	0.743184	0.000000	1.000000	10
1766	0.919320	0.000000	1.000000	10
1767	0.572899	0.000000	1.000000	10
1768	0.511305	0.000000	1.000000	10
1769	0.390310	0.000000	1.000000	10
1770	0.290387	0.000000	1.000000	10
1771	0.571012	0.000000	1.000000	10
1772	0.755684	0.000000	1.000000	10
1773	0.302851	0.000000	1.000000	10
1774	0.583330	0.000000	1.000000	10
1775	0.249752	0.000000	1.000000	10
1776	0.316520	0.000000	1.000000	10
1777	0.646300	0.000000	1.000000	10
1778	0.547246	0.000000	1.000000	10
1779	0.205358	0.000000	1.000000	10
1780	0.297682	0.000000	1.000000	10
1781	0.394436	0.000000	1.000000	10
1782	0.111504	0.000000	1.000000	10
1783	0.805572	0.000000	1.000000	10
1784	0.843897	0.000000	1.000000	10
1785	0.700012	0.000000	1.000000	10
1786	0.398452	0.000000	1.000000	10
1787	0.355434	0.000000	1.000000	10
1788	0.840526	0.000000	1.000000	10
1789	0.430312	0.000000	1.000000	10
1790	0.657490	0.000000	1.000000	10
1791	0.161430	0.000000	1.000000	10
1792	0.782109	0.000000	1.000000	10
1793	0.572587	0.000000	1.000000	10
1794	0.638216	0.000000	1.000000	10
1795	0.663777	0.000000	1.000000	10
1796	0.631463	0.000000	1.000000	10
1797	0.458503	0.000000	1.000000	10
1798	0.901832	0.000000	1.000000	10
1799	0.957706	0.000000	1.000000	10
1800	0.535896	0.000000	1.000000	10
1801	0.295012	0.000000	1.000000	10
1802	0.728883	0.000000	1.000000	10
1803	0.588686	0.000000	1.000000	10
1804	0.794832	0.000000	1.000000	10
1805	0.330656	0.000000	1.000000	10
1806	0.954594	0.000000	1.000000	10
1807	0.602143	0.000000	1.000000	10
1808	0.679705	0.000000	1.000000	10
1809	0.375782	0.000000	1.000000	10
1810	0.841630	0.000000	1.000000	10
1811	0.585297	0.000000	1.000000	10
1812	0.561128	0.000000	1.000000	10
1813	0.501941	0.000000	1.000000	10
1814	0.342784	0.000000	1.000000	10
1815	0.944344	0.000000	1.000000	10
1816	0.247049	0.000000	1.000000	10
1817	0.589349	0.000000	1.000000	10
1818	0.232450	0.000000	1.000000	10
1819	0.283843	0.000000	1.000000	10
1820	0.571783	0.000000	1.000000	10
1821	0.979860	0.000000	1.000000	10
1822	0.782167	0.000000	1.000000	10
1823	0.589326	0.000000	1.000000	10
1824	0.524404	0.000000	1.000000	10
1825	0.264998	0.000000	1.000000	10
1826	0.370210	0.000000	1.000000	10
1827	0.716662	0.000000	1.000000	10
1828	0.965514	0.000000	1.000000	10
1829	0.734710	0.000000	1.000000	10
1830	0.319491	0.000000	1.000000	10
1831	0.720176	0.000000	1.000000	10
1832	0.672670	0.000000	1.000000	10
1833	0.409865	0.000000	1.000000	10
1834	0.446661	0.000000	1.000000	10
1835	0.234926	0.000000	1.000000	10
1836	0.689333	0.000000	1.000000	10
1837	0.960679	0.000000	1.000000	10
1838	0.143144	0.000000	1.000000	10
1839	0.916360	0.000000	1.000000	10
1840	0.277406	0.000000	1.000000	10
1841	0.454935	0.000000	1.000000	10
1842	0.203571	0.000000	1.000000	10
1843	0.766346	0.000000	1.000000	10
1844	0.424637	0.000000	1.000000	10
1845	0.405856	0.000000	1.000000	10
1846	0.321766	0.000000	1.000000	10
1847	0.867182	0.000000	1.000000	10
1848	0.427262	0.000000	1.000000	10
1849	0.679884	0.000000	1.000000	10
1850	0.347427	0.000000	1.000000	10
1851	0.771266	0.000000	1.000000	10
1852	0.221175	0.000000	1.000000	10
1853	0.947068	0.000000	1.000000	10
1854	0.076657	0.000000	1.000000	10
1855	0.629971	0.000000	1.000000	10
1856	0.725300	0.000000	1.000000	10
1857	0.190382	0.000000	1.000000	10
1858	0.833699	0.000000	1.000000	10
1859	0.736776	0.000000	1.000000	10
1860	0.272663	0.000000	1.000000	10
1861	0.579721	0.000000	1.000000	10
1862	0.907606	0.000000	1.000000	10
1863	0.767730	0.000000	1.000000	10
1864	0.209880	0.000000	1.000000	10
1865	0.313742	0.000000	1.000000	10
1866	0.634377	0.000000	1.000000	10
1867	0.363058	0.000000	1.000000	10
1868	0.476888	0.000000	1.000000	10
1869	0.508422	0.000000	1.000000	10
1870	0.553079	0.000000	1.000000	10
1871	0.413143	0.000000	1.000000	10
1872	0.123662	0.000000	1.000000	10
1873	0.736994	0.000000	1.000000	10
1874	0.518354	0.000000	1.000000	10
1875	0.842197	0.000000	1.000000	10
1876	0.556189	0.000000	1.000000	10
1877	0.239503	0.000000	1.000000	10
1878	0.534359	0.000000	1.000000	10
1879	0.624561	0.000000	1.000000	10
1880	0.317082	0.000000	1.000000	10
1881	0.515360	0.000000	1.000000	10
1882	0.885523	0.000000	1.000000	10
1883	0.274362	0.000000	1.000000	10
1884	0.742032	0.000000	1.000000	10
1885	0.240771	0.000000	1.000000	10
1886	0.334319	0.000000	1.000000	10
1887	0.198051	0.000000	1.000000	10
1888	0.481371	0.000000	1.000000	10
1889	0.948354	0.000000	1.000000	10
1890	0.401853	0.000000	1.000000	10
1891	0.850721	0.000000	1.000000	10
1892	0.820751	0.000000	1.000000	10
1893	0.296855	0.000000	1.000000	10
1894	0.679066	0.000000	1.000000	10
1895	0.661881	0.000000	1.000000	10
1896	0.315343	0.000000	1.000000	10
1897	0.576107	0.000000	1.000000	10
1898	0.293787	0.000000	1.000000	10
1899	0.841133	0.000000	1.000000	10
1900	0.349571	0.000000	1.000000	10
1901	0.704345	0.000000	1.000000	10
1902	0.200769	0.000000	1.000000	10
1903	0.134403	0.000000	1.000000	10
1904	0.680692	0.000000	1.000000	10
1905	0.353621	0.000000	1.000000	10
1906	0.732500	0.000000	1.000000	10
1907	0.816349	0.000000	1.000000	10
1908	0.835622	0.000000	1.000000	10
1909	0.674449	0.000000	1.000000	10
1910	0.343691	0.000000	1.000000	10
1911	0.455072	0.000000	1.000000	10
1912	0.573832	0.000000	1.000000	10
1913	0.561781	0.000000	1.000000	10
1914	0.321023	0.000000	1.000000	10
1915	0.610687	0.000000	1.000000	10
1916	0.598635	0.000000	1.000000	10
1917	0.627765	0.000000	1.000000	10
1918	0.260987	0.000000	1.000000	10
1919	0.309720	0.000000	1.000000	10
1920	0.760813	0.000000	1.000000	10
1921	0.692556	0.000000	1.000000	10
1922	0.586332	0.000000	1.000000	10
1923	0.595249	0.000000	1.000000	10
1924	0.659885	0.000000	1.000000	10
1925	0.279017	0.000000	1.000000	10
1926	0.745771	0.000000	1.000000	10
1927	0.486322	0.000000	1.000000	10
1928	0.573202	0.000000	1.000000	10
1929	0.435349	0.000000	1.000000	10
1930	0.455422	0.000000	1.000000	10
1931	0.554156	0.000000	1.000000	10
1932	0.933602	0.000000	1.000000	10
1933	0.366618	0.000000	1.000000	10
1934	0.687305	0.000000	1.000000	10
1935	0.132519	0.000000	1.000000	10
1936	0.729705	0.000000	1.000000	10
1937	0.313381	0.000000	1.000000	10
1938	0.823195	0.000000	1.000000	10
1939	0.519191	0.000000	1.000000	10
1940	0.851287	0.000000	1.000000	10
1941	0.333364	0.000000	1.000000	10
1942	0.891369	0.000000	1.000000	10
1943	0.229898	0.000000	1.000000	10
1944	0.270014	0.000000	1.000000	10
1945	0.156999	0.000000	1.000000	10
1946	0.189540	0.000000	1.000000	10
1947	0.773531	0.000000	1.000000	10
1948	0.386909	0.000000	1.000000	10
1949	0.556471	0.000000	1.000000	10
1950	0.432777	0.000000	1.000000	10
1951	0.423197	0.000000	1.000000	10
1952	0.554385	0.000000	1.000000	10
1953	0.318816	0.000000	1.000000	10
1954	0.256900	0.000000	1.000000	10
1955	0.342624	0.000000	1.000000	10
1956	0.849900	0.000000	1.000000	10
1957	0.241317	0.000000	1.000000	10
1958	0.444267	0.000000	1.000000	10
1959	0.407185	0.000000	1.000000	10
1960	0.611952	0.000000	1.000000	10
1961	0.342299	0.000000	1.000000	10
1962	0.661434	0.000000	1.000000	10
1963	0.247142	0.000000	1.000000	10
1964	0.573270	0.000000	1.000000	10
1965	0.471491	0.000000	1.000000	10
1966	0.886988	0.000000	1.000000	10
1967	0.254303	0.000000	1.000000	10
1968	0.894334	0.000000	1.000000	10
1969	0.658960	0.000000	1.000000	10
1970	0.960199	0.000000	1.000000	10
1971	0.702086	0.000000	1.000000	10
1972	0.346640	0.000000	1.000000	10
1973	0.427073	0.000000	1.000000	10
1974	0.834169	0.000000	1.000000	10
1975	0.838799	0.000000	1.000000	10
1976	0.886107	0.000000	1.000000	10
1977	0.362497	0.000000	1.000000	10
1978	0.644582	0.000000	1.000000	10
1979	0.573267	0.000000	1.000000	10
1980	0.826834	0.000000	1.000000	10
1981	0.179366	0.000000	1.000000	10
1982	0.626048	0.000000	1.000000	10
1983	0.410705	0.000000	1.000000	10
1984	0.743310	0.000000	1.000000	10
1985	0.947760	0.000000	1.000000	10
1986	0.623816	0.000000	1.000000	10
1987	0.883362	0.000000	1.000000	10
1988	0.356747	0.000000	1.000000	10
1989	0.646827	0.000000	1.000000	10
1990	0.689148	0.000000	1.000000	10
1991	0.307133	0.000000	1.000000	10
1992	0.881519	0.000000	1.000000	10
1993	0.398626	0.000000	1.000000	10
1994	0.463045	0.000000	1.000000	10
1995	0.766248	0.000000	1.000000	10
1996	0.512720	0.000000	1.000000	10
1997	0.837558	0.000000	1.000000	10
1998	0.396658	0.000000	1.000000	10
1999	0.829673	0.000000	1.000000	10
2000	0.527097	0.000000	1.000000	10
2001	0.167599	0.000000	1.000000	10
2002	0.310955	0.000000	1.000000	10
2003	0.595104	0.000000	1.000000	10
2004	0.111823	0.000000	1.000000	10
2005	0.110203	0.000000	1.000000	10
2006	0.812799	0.000000	1.000000	10
2007	0.189819	0.000000	1.000000	10
2008	0.287762	0.000000	1.000000	10
2009	0.703158	0.000000	1.000000	10
2010	0.451441	0.000000	1.000000	10
2011	0.827530	0.000000	1.000000	10
2012	0.253197	0.000000	1.000000	10
2013	0.303696	0.000000	1.000000	10
2014	0.332476	0.000000	1.000000	10
2015	0.816173	0.000000	1.000000	10
2016	0.499420	0.000000	1.000000	10
2017	0.186219	0.000000	1.000000	10
2018	0.870106	0.000000	1.000000	10
2019	0.824330	0.000000	1.000000	10
2020	0.877395	0.000000	1.000000	10
2021	0.931625	0.000000	1.000000	10
2022	0.437752	0.000000	1.000000	10
2023	0.803926	0.000000	1.000000	10
2024	0.801761	0.000000	1.000000	10
2025	0.255097	0.000000	1.000000	10
2026	0.193417	0.000000	1.000000	10
2027	0.806768	0.000000	1.000000	10
2028	0.379600	0.000000	1.000000	10
2029	0.706868	0.000000	1.000000	10
2030	0.747716	0.000000	1.000000	10
2031	0.730559	0.000000	1.000000	10
2032	0.629491	0.000000	1.000000	10
2033	0.765306	0.000000	1.000000	10
2034	0.793948	0.000000	1.000000	10
2035	0.966801	0.000000	1.000000	10
2036	0.505084	0.000000	1.000000	10
2037	0.336231	0.000000	1.000000	10
2038	0.160528	0.000000	1.000000	10
2039	0.749141	0.000000	1.000000	10
2040	0.755692	0.000000	1.000000	10
2041	0.709277	0.000000	1.000000	10
2042	0.735381	0.000000	1.000000	10
2043	0.334377	0.000000	1.000000	10
2044	0.747267	0.000000	1.000000	10
2045	0.889776	0.000000	1.000000	10
2046	0.789182	0.000000	1.000000	10
2047	0.816573	0.000000	1.000000	10
2048	0.198744	0.000000	1.000000	10
2049	0.154507	0.000000	1.000000	10
2050	0.466607	0.000000	1.000000	10
2051	0.788145	0.000000	1.000000	10
2052	0.242402	0.000000	1.000000	10
2053	0.613911	0.000000	1.000000	10
2054	0.489929	0.000000	1.000000	10
2055	0.672054	0.000000	1.000000	10
2056	0.397121	0.000000	1.000000	10
2057	0.650700	0.000000	1.000000	10
2058	0.482350	0.000000	1.000000	10
2059	0.738736	0.000000	1.000000	10
2060	0.413721	0.000000	1.000000	10
2061	0.778816	0.000000	1.000000	10
2062	0.931417	0.000000	1.000000	10
2063	0.483330	0.000000	1.000000	10
2064	0.382656	0.000000	1.000000	10
2065	0.824731	0.000000	1.000000	10
2066	0.228835	0.000000	1.000000	10
2067	0.157634	0.000000	1.000000	10
2068	0.487441	0.000000	1.000000	10
2069	0.286391	0.000000	1.000000	10
2070	0.290183	0.000000	1.000000	10
2071	0.120459	0.000000	1.000000	10
2072	0.276288	0.000000	1.000000	10
2073	0.818603	0.000000	1.000000	10
2074	0.678474	0.000000	1.000000	10
2075	0.873774	0.000000	1.000000	10
2076	0.220361	0.000000	1.000000	10
2077	0.746354	0.000000	1.000000	10
2078	0.384488	0.000000	1.000000	10
2079	0.776609	0.000000	1.000000	10
2080	0.640428	0.000000	1.000000	10
2081	0.682885	0.000000	1.000000	10
2082	0.949698	0.000000	1.000000	10
2083	0.131991	0.000000	1.000000	10
2084	0.618777	0.000000	1.000000	10
2085	0.573464	0.000000	1.000000	10
2086	0.636074	0.000000	1.000000	10
2087	0.812967	0.000000	1.000000	10
2088	0.149313	0.000000	1.000000	10
2089	0.824486	0.000000	1.000000	10
2090	0.544178	0.000000	1.000000	10
2091	0.448161	0.000000	1.000000	10
2092	0.214181	0.000000	1.000000	10
2093	0.590485	0.000000	1.000000	10
2094	0.900649	0.000000	1.000000	10
2095	0.397470	0.000000	1.000000	10
2096	0.645855	0.000000	1.000000	10
2097	0.241107	0.000000	1.000000	10
2098	0.545839	0.000000	1.000000	10
2099	0.292777	0.000000	1.000000	10
2100	0.473157	0.000000	1.000000	10
2101	0.294152	0.000000	1.000000	10
2102	0.671198	0.000000	1.000000	10
2103	0.489290	0.000000	1.000000	10
2104	0.105479	0.000000	1.000000	10
2105	0.867017	0.000000	1.000000	10
2106	0.294927	0.000000	1.000000	10
2107	0.855538	0.000000	1.000000	10
2108	0.569514	0.000000	1.000000	10
2109	0.572619	0.000000	1.000000	10
2110	0.725726	0.000000	1.000000	10
2111	0.537618	0.000000	1.000000	10
2112	0.778530	0.000000	1.000000	10
2113	0.604410	0.000000	1.000000	10
2114	0.083134	0.000000	1.000000	10
2115	0.960591	0.000000	1.000000	10
2116	0.791362	0.000000	1.000000	10
2117	0.509433	0.000000	1.000000	10
2118	0.472354	0.000000	1.000000	10
2119	0.718105	0.000000	1.000000	10
2120	0.546316	0.000000	1.000000	10
2121	0.224894	0.000000	1.000000	10
2122	0.617196	0.000000	1.000000	10
2123	0.972495	0.000000	1.000000	10
2124	0.716027	0.000000	1.000000	10
2125	0.843339	0.000000	1.000000	10
2126	0.733630	0.000000	1.000000	10
2127	0.827504	0.000000	1.000000	10
2128	0.376059	0.000000	1.000000	10
2129	0.765817	0.000000	1.000000	10
2130	0.463104	0.000000	1.000000	10
2131	0.842286	0.000000	1.000000	10
2132	0.119545	0.000000	1.000000	10
2133	0.552424	0.000000	1.000000	10
2134	0.403476	0.000000	1.000000	10
2135	0.844079	0.000000	1.000000	10
2136	0.570144	0.000000	1.000000	10
2137	0.718112	0.000000	1.000000	10
2138	0.360018	0.000000	1.000000	10
2139	0.399691	0.000000	1.000000	10
2140	0.825514	0.000000	1.000000	10
2141	0.526937	0.000000	1.000000	10
2142	0.472784	0.000000	1.000000	10
2143	0.500001	0.000000	1.000000	10
2144	0.641546	0.003834	1.000000	10
2145	0.656112	0.000000	1.000000	10
2146	0.498956	0.000000	1.000000	10
2147	0.776282	0.007423	1.000000	10
2148	0.922927	0.000000	1.000000	10
2149	0.493816	0.000000	1.000000	10
2150	0.335056	0.000000	1.000000	10
2151	0.816413	0.000000	1.000000	10
2152	0.291635	0.000000	1.000000	10
2153	0.362845	0.000000	1.000000	10
2154	0.357359	0.000000	1.000000	10
2155	0.307601	0.000000	1.000000	10
2156	0.832984	0.000000	1.000000	10
2157	0.889558	0.000000	1.000000	10
2158	0.712812	0.000000	1.000000	10
2159	0.827106	0.000000	1.000000	10
2160	0.485056	0.000000	1.000000	10
2161	0.303369	0.000000	1.000000	10
2162	0.521461	0.000000	1.000000	10
2163	0.800831	0.000000	1.000000	10
2164	0.843239	0.000000	1.000000	10
2165	0.350074	0.000000	1.000000	10
2166	0.585220	0.000000	1.000000	10
2167	0.800433	0.000000	1.000000	10
2168	0.391602	0.000000	1.000000	10
2169	0.610282	0.000000	1.000000	10
2170	0.792324	0.000000	1.000000	10
2171	0.405172	0.000000	1.000000	10
2172	0.578523	0.000000	1.000000	10
2173	0.780442	0.000000	1.000000	10
2174	0.091782	0.000000	1.000000	10
2175	0.356330	0.000000	1.000000	10
2176	0.305184	0.000000	1.000000	10
2177	0.174855	0.000000	1.000000	10
2178	0.582022	0.000000	1.000000	10
2179	0.221394	0.000000	1.000000	10
2180	0.962653	0.000000	1.000000	10
2181	0.354194	0.000000	1.000000	10
2182	0.660663	0.000000	1.000000	10
2183	0.322922	0.000000	1.000000	10
2184	0.130727	0.000000	1.000000	10
2185	0.292541	0.000000	1.000000	10
2186	0.175768	0.000000	1.000000	10
2187	0.230492	0.000000	1.000000	10
2188	0.784736	0.000000	1.000000	10
2189	0.318578	0.000000	1.000000	10
2190	0.862664	0.000000	1.000000	10
2191	0.886739	0.000000	1.000000	10
2192	0.691685	0.000000	1.000000	10
2193	0.399746	0.000000	1.000000	10
2194	0.594970	0.000000	1.000000	10
2195	0.913273	0.000000	1.000000	10
2196	0.223557	0.000000	1.000000	10
2197	0.455992	0.000000	1.000000	10
2198	0.433677	0.000000	1.000000	10
2199	0.335861	0.000000	1.000000	10
2200	0.336875	0.000000	1.000000	10
2201	0.386512	0.000000	1.000000	10
2202	0.579146	0.000000	1.000000	10
2203	0.603058	0.000000	1.000000	10
2204	0.798188	0.000000	1.000000	10
2205	0.666337	0.000000	1.000000	10
2206	0.735122	0.000000	1.000000	10
2207	0.457483	0.000000	1.000000	10
2208	0.391557	0.000000	1.000000	10
2209	0.210866	0.000000	1.000000	10
2210	0.439566	0.000000	1.000000	10
2211	0.670671	0.000000	1.000000	10
2212	0.197580	0.000000	1.000000	10
2213	0.445211	0.000000	1.000000	10
2214	0.736742	0.003388	1.000000	10
2215	0.902628	0.000000	1.000000	10
2216	0.553025	0.000000	1.000000	10
2217	0.696334	0.000000	1.000000	10
2218	0.681864	0.000000	1.000000	10
2219	0.284222	0.000000	1.000000	10
2220	0.457610	0.000000	1.000000	10
2221	0.935970	0.000000	1.000000	10
2222	0.480409	0.000000	1.000000	10
2223	0.205483	0.000000	1.000000	10
2224	0.598515	0.000000	1.000000	10
2225	0.802279	0.000000	1.000000	10
2226	0.396355	0.000000	1.000000	10
2227	0.471580	0.000000	1.000000	10
2228	0.749900	0.000000	1.000000	10
2229	0.538714	0.000000	1.000000	10
2230	0.911985	0.000000	1.000000	10
2231	0.812822	0.000000	1.000000	10
2232	0.246732	0.000000	1.000000	10
2233	0.815267	0.000000	1.000000	10
2234	0.923704	0.000000	1.000000	10
2235	0.704492	0.000000	1.000000	10
2236	0.926317	0.000000	1.000000	10
2237	0.175076	0.000000	1.000000	10
2238	0.689781	0.000000	1.000000	10
2239	0.602539	0.000000	1.000000	10
2240	0.373442	0.000000	1.000000	10
2241	0.345486	0.000000	1.000000	10
2242	0.505585	0.000000	1.000000	10
2243	0.699603	0.000000	1.000000	10
2244	0.507975	0.000000	1.000000	10
2245	0.590548	0.000000	1.000000	10
2246	0.498121	0.000000	1.000000	10
2247	0.339200	0.000000	1.000000	10
2248	0.609559	0.000000	1.000000	10
2249	0.725097	0.000000	1.000000	10
2250	0.832901	0.000000	1.000000	10
2251	0.442851	0.000000	1.000000	10
2252	0.518462	0.000000	1.000000	10
2253	0.690020	0.000000	1.000000	10
2254	0.774911	0.000000	1.000000	10
2255	0.565128	0.000000	1.000000	10
2256	0.734409	0.000000	1.000000	10
2257	0.951397	0.000000	1.000000	10
2258	0.961229	0.000000	1.000000	10
2259	0.698056	0.000000	1.000000	10
2260	0.527146	0.000000	1.000000	10
2261	0.463440	0.000000	1.000000	10
2262	0.718367	0.000000	1.000000	10
2263	0.306106	0.000000	1.000000	10
2264	0.657343	0.000000	1.000000	10
2265	0.646544	0.000000	1.000000	10
2266	0.477362	0.000000	1.000000	10
2267	0.351368	0.000000	1.000000	10
2268	0.467725	0.000000	1.000000	10
2269	0.774767	0.000000	1.000000	10
2270	0.761919	0.000000	1.000000	10
2271	0.763395	0.000000	1.000000	10
2272	0.572738	0.000000	1.000000	10
2273	0.356668	0.000000	1.000000	10
2274	0.857637	0.000000	1.000000	10
2275	0.785459	0.000000	1.000000	10
2276	0.412718	0.000000	1.000000	10
2277	0.558789	0.000000	1.000000	10
2278	0.281673	0.000000	1.000000	10
2279	0.748810	0.000000	1.000000	10
2280	0.726181	0.000000	1.000000	10
2281	0.829810	0.000000	1.000000	10
2282	0.492558	0.000000	1.000000	10
2283	0.283082	0.000000	1.000000	10
2284	0.846488	0.000000	1.000000	10
2285	0.491713	0.000000	1.000000	10
2286	0.421868	0.000000	1.000000	10
2287	0.428373	0.000000	1.000000	10
2288	0.627483	0.000000	1.000000	10
2289	0.550834	0.000000	1.000000	10
2290	0.652316	0.000000	1.000000	10
2291	0.430111	0.000000	1.000000	10
2292	0.587810	0.000000	1.000000	10
2293	0.547981	0.000000	1.000000	10
2294	0.290738	0.000000	1.000000	10
2295	0.766983	0.000000	1.000000	10
2296	0.957232	0.000000	1.000000	10
2297	0.455831	0.000000	1.000000	10
2298	0.549531	0.000000	1.000000	10
2299	0.901205	0.000000	1.000000	10
2300	0.576698	0.000000	1.000000	10
2301	0.589893	0.000000	1.000000	10
2302	0.824966	0.000000	1.000000	10
2303	0.557135	0.000000	1.000000	10
2304	0.648383	0.000000	1.000000	10
2305	0.601183	0.000000	1.000000	10
2306	0.699218	0.000000	1.000000	10
2307	0.223361	0.000000	1.000000	10
2308	0.703435	0.000000	1.000000	10
2309	0.930247	0.000000	1.000000	10
2310	0.860296	0.000000	1.000000	10
2311	0.179470	0.000000	1.000000	10
2312	0.465283	0.000000	1.000000	10
2313	0.353953	0.000000	1.000000	10
2314	0.421749	0.000000	1.000000	10
2315	0.470080	0.000000	1.000000	10
2316	0.484046	0.000000	1.000000	10
2317	0.426035	0.000000	1.000000	10
2318	0.761659	0.000000	1.000000	10
2319	0.708507	0.000000	1.000000	10
2320	0.496214	0.000000	1.000000	10
2321	0.396888	0.000000	1.000000	10
2322	0.645357	0.000000	1.000000	10
2323	0.363106	0.000000	1.000000	10
2324	0.722010	0.000000	1.000000	10
2325	0.565205	0.000000	1.000000	10
2326	0.711799	0.000000	1.000000	10
2327	0.800007	0.000000	1.000000	10
2328	0.900180	0.000000	1.000000	10
2329	0.669185	0.000000	1.000000	10
2330	0.790117	0.000000	1.000000	10
2331	0.220645	0.000000	1.000000	10
2332	0.994097	0.000000	1.000000	10
2333	0.496392	0.000000	1.000000	10
2334	0.248937	0.000000	1.000000	10
2335	0.556647	0.000000	1.000000	10
2336	0.571111	0.000000	1.000000	10
2337	0.871408	0.000000	1.000000	10
2338	0.175659	0.000000	1.000000	10
2339	0.447375	0.000000	1.000000	10
2340	0.809981	0.000000	1.000000	10
2341	0.398552	0.000000	1.000000	10
2342	0.476066	0.000000	1.000000	10
2343	0.701250	0.000000	1.000000	10
2344	0.350415	0.000000	1.000000	10
2345	0.275673	0.000000	1.000000	10
2346	0.519549	0.000000	1.000000	10
2347	0.668959	0.000000	1.000000	10
2348	0.390232	0.000000	1.000000	10
2349	0.416881	0.000000	1.000000	10
2350	0.687621	0.000000	1.000000	10
2351	0.641785	0.000000	1.000000	10
2352	0.489305	0.000000	1.000000	10
2353	0.753841	0.000000	1.000000	10
2354	0.818975	0.000000	1.000000	10
2355	0.538834	0.000000	1.000000	10
2356	0.338852	0.000000	1.000000	10
2357	0.138491	0.000000	1.000000	10
2358	0.518340	0.000000	1.000000	10
2359	0.162512	0.000000	1.000000	10
2360	0.416728	0.000000	1.000000	10
2361	0.104118	0.000000	1.000000	10
2362	0.720455	0.000000	1.000000	10
2363	0.954845	0.000000	1.000000	10
2364	0.748667	0.000000	1.000000	10
2365	0.939155	0.000000	1.000000	10
2366	0.394931	0.000000	1.000000	10
2367	0.893617	0.000000	1.000000	10
2368	0.674027	0.000000	1.000000	10
2369	0.712696	0.000000	1.000000	10
2370	0.411246	0.000000	1.000000	10
2371	0.770966	0.000000	1.000000	10
2372	0.440804	0.000000	1.000000	10
2373	0.831498	0.000000	1.000000	10
2374	0.873223	0.000000	1.000000	10
2375	0.330078	0.000000	1.000000	10
2376	0.246719	0.000000	1.000000	10
2377	0.363887	0.000000	1.000000	10
2378	0.781397	0.000000	1.000000	10
2379	0.885567	0.000000	1.000000	10
2380	0.595705	0.000000	1.000000	10
2381	0.330671	0.000000	1.000000	10
2382	0.800424	0.000000	1.000000	10
2383	0.655435	0.000000	1.000000	10
2384	0.807751	0.000000	1.000000	10
2385	0.472266	0.000000	1.000000	10
2386	0.546325	0.000000	1.000000	10
2387	0.914541	0.000000	1.000000	10
2388	0.308147	0.000000	1.000000	10
2389	0.601309	0.000000	1.000000	10
2390	0.951592	0.000000	1.000000	10
2391	0.728163	0.000000	1.000000	10
2392	0.632598	0.000000	1.000000	10
2393	0.356251	0.000000	1.000000	10
2394	0.649604	0.000000	1.000000	10
2395	0.552456	0.000000	1.000000	10
2396	0.902318	0.000000	1.000000	10
2397	0.833266	0.000000	1.000000	10
2398	0.457609	0.000000	1.000000	10
2399	0.408995	0.000000	1.000000	10
2400	0.497373	0.000000	1.000000	10
2401	0.563888	0.000000	1.000000	10
2402	0.533043	0.000000	1.000000	10
2403	0.310025	0.000000	1.000000	10
2404	0.272558	0.000000	1.000000	10
2405	0.738696	0.000000	1.000000	10
2406	0.276517	0.000000	1.000000	10
2407	0.489320	0.000000	1.000000	10
2408	0.805253	0.000000	1.000000	10
2409	0.390022	0.000000	1.000000	10
2410	0.177167	0.000000	1.000000	10
2411	0.581689	0.000000	1.000000	10
2412	0.224646	0.000000	1.000000	10
2413	0.575317	0.036947	1.000000	10
2414	0.167843	0.000000	1.000000	10
2415	0.676703	0.000000	1.000000	10
2416	0.396737	0.000000	1.000000	10
2417	0.227274	0.000000	1.000000	10
2418	0.448241	0.000000	1.000000	10
2419	0.829924	0.000000	1.000000	10
2420	0.468170	0.000000	1.000000	10
2421	0.726483	0.000000	1.000000	10
2422	0.520225	0.000000	1.000000	10
2423	0.512424	0.000000	1.000000	10
2424	0.347867	0.000000	1.000000	10
2425	0.602502	0.030265	1.000000	10
2426	0.270011	0.000000	1.000000	10
2427	0.991024	0.000000	1.000000	10
2428	0.758733	0.000000	1.000000	10
2429	0.252602	0.000000	1.000000	10
2430	0.254692	0.000000	1.000000	10
2431	0.910314	0.000000	1.000000	10
2432	0.415607	0.000000	1.000000	10
2433	0.500371	0.000000	1.000000	10
2434	0.490197	0.000000	1.000000	10
2435	0.346486	0.000000	1.000000	10
2436	0.098304	0.000000	1.000000	10
2437	0.510563	0.000000	1.000000	10
2438	0.248878	0.000000	1.000000	10
2439	0.546386	0.000000	1.000000	10
2440	0.695270	0.000000	1.000000	10
2441	0.624408	0.000000	1.000000	10
2442	0.296062	0.000000	1.000000	10
2443	0.828828	0.000000	1.000000	10
2444	0.313367	0.000000	1.000000	10
2445	0.104774	0.000000	1.000000	10
2446	0.661027	0.000000	1.000000	10
2447	0.556471	0.000000	1.000000	10
2448	0.327103	0.000000	1.000000	10
2449	0.266711	0.000000	1.000000	10
2450	0.077913	0.000000	1.000000	10
2451	0.880555	0.000000	1.000000	10
2452	0.673937	0.000000	1.000000	10
2453	0.365216	0.000000	1.000000	10
2454	0.496129	0.000000	1.000000	10
2455	0.225666	0.000000	1.000000	10
2456	0.452972	0.000000	1.000000	10
2457	0.446675	0.000000	1.000000	10
2458	0.356257	0.000000	1.000000	10
2459	0.823942	0.000000	1.000000	10
2460	0.614236	0.000000	1.000000	10
2461	0.549744	0.000000	1.000000	10
2462	0.727372	0.000000	1.000000	10
2463	0.356994	0.000000	1.000000	10
2464	0.434635	0.000000	1.000000	10
2465	0.524549	0.000000	1.000000	10
2466	0.269466	0.000000	1.000000	10
2467	0.857461	0.000000	1.000000	10
2468	0.684208	0.000000	1.000000	10
2469	0.540270	0.000000	1.000000	10
2470	0.478018	0.000000	1.000000	10
2471	0.659299	0.000000	1.000000	10
2472	0.788739	0.000000	1.000000	10
2473	0.837012	0.000000	1.000000	10
2474	0.795488	0.000000	1.000000	10
2475	0.445099	0.000000	1.000000	10
2476	0.763214	0.000000	1.000000	10
2477	0.910658	0.000000	1.000000	10
2478	0.783775	0.000000	1.000000	10
2479	0.281166	0.000000	1.000000	10
2480	0.351375	0.021547	1.000000	10
2481	0.455135	0.000000	1.000000	10
2482	0.532313	0.000000	1.000000	10
2483	0.379434	0.000000	1.000000	10
2484	0.913482	0.000000	1.000000	10
2485	0.824283	0.000000	1.000000	10
2486	0.441660	0.000000	1.000000	10
2487	0.279800	0.000000	1.000000	10
2488	0.373465	0.000000	1.000000	10
2489	0.302707	0.000000	1.000000	10
2490	0.732285	0.000000	1.000000	10
2491	0.187366	0.000000	1.000000	10
2492	0.768999	0.000000	1.000000	10
2493	0.443911	0.000000	1.000000	10
2494	0.299192	0.000000	1.000000	10
2495	0.407686	0.000000	1.000000	10
2496	0.895712	0.000000	1.000000	10
2497	0.450285	0.000000	1.000000	10
2498	0.529431	0.000000	1.000000	10
2499	0.634915	0.000000	1.000000	10
2500	0.518771	0.000000	1.000000	10
2501	0.625224	0.000000	1.000000	10
2502	0.670677	0.000000	1.000000	10
2503	0.910072	0.000000	1.000000	10
2504	0.491957	0.000094	1.000000	10
2505	0.350998	0.000000	1.000000	10
2506	0.889240	0.000000	1.000000	10
2507	0.940101	0.000000	1.000000	10
2508	0.742762	0.000000	1.000000	10
2509	0.793835	0.000000	1.000000	10
2510	0.622659	0.006646	1.000000	10
2511	0.371003	0.000000	1.000000	10
2512	0.229821	0.000000	1.000000	10
2513	0.616301	0.000000	1.000000	10
2514	0.568195	0.000000	1.000000	10
2515	0.584840	0.000000	1.000000	10
2516	0.392027	0.000000	1.000000	10
2517	0.261755	0.000000	1.000000	10
2518	0.612147	0.000000	1.000000	10
2519	0.668790	0.000000	1.000000	10
2520	0.943346	0.000000	1.000000	10
2521	0.508462	0.000000	1.000000	10
2522	0.703213	0.000000	1.000000	10
2523	0.267175	0.000000	1.000000	10
2524	0.603823	0.000000	1.000000	10
2525	0.612925	0.000000	1.000000	10
2526	0.849570	0.000000	1.000000	10
2527	0.601840	0.000000	1.000000	10
2528	0.879805	0.000000	1.000000	10
2529	0.385333	0.000000	1.000000	10
2530	0.561098	0.000000	1.000000	10
2531	0.488556	0.000000	1.000000	10
2532	0.455623	0.000000	1.000000	10
2533	0.406264	0.000000	1.000000	10
2534	0.345804	0.000000	1.000000	10
2535	0.668897	0.000000	1.000000	10
2536	0.984053	0.000000	1.000000	10
2537	0.539739	0.000000	1.000000	10
2538	0.717150	0.000000	1.000000	10
2539	0.560652	0.000000	1.000000	10
2540	0.286896	0.000000	1.000000	10
2541	0.409608	0.000000	1.000000	10
2542	0.315018	0.000000	1.000000	10
2543	0.985206	0.000000	1.000000	10
2544	0.564579	0.000000	1.000000	10
2545	0.812452	0.000000	1.000000	10
2546	0.893902	0.000000	1.000000	10
2547	0.215329	0.000000	1.000000	10
2548	0.404953	0.000000	1.000000	10
2549	0.536334	0.000000	1.000000	10
2550	0.963418	0.000000	1.000000	10
2551	0.324937	0.000000	1.000000	10
2552	0.129911	0.000000	1.000000	10
2553	0.934286	0.000000	1.000000	10
2554	0.804562	0.000000	1.000000	10
2555	0.759675	0.000000	1.000000	10
2556	0.548944	0.000000	1.000000	10
2557	0.248738	0.000000	1.000000	10
2558	0.770064	0.000000	1.000000	10
2559	0.548509	0.000000	1.000000	10
2560	0.516662	0.000000	1.000000	10
2561	0.584293	0.000000	1.000000	10
2562	0.277762	0.000000	1.000000	10
2563	0.831473	0.000000	1.000000	10
2564	0.455955	0.000000	1.000000	10
2565	0.353771	0.000000	1.000000	10
2566	0.707375	0.000000	1.000000	10
2567	0.108278	0.000000	1.000000	10
2568	0.341017	0.000000	1.000000	10
2569	0.991731	0.000000	1.000000	10
2570	0.443511	0.000000	1.000000	10
2571	0.502361	0.000000	1.000000	10
2572	0.850189	0.000000	1.000000	10
2573	0.714068	0.000000	1.000000	10
2574	0.966730	0.000000	1.000000	10
2575	0.327369	0.000000	1.000000	10
2576	0.798347	0.000000	1.000000	10
2577	0.831795	0.000000	1.000000	10
2578	0.610171	0.015206	1.000000	10
2579	0.475759	0.000000	1.000000	10
2580	0.861794	0.000000	1.000000	10
2581	0.963762	0.000000	1.000000	10
2582	0.896463	0.003600	1.000000	10
2583	0.525146	0.000000	1.000000	10
2584	0.705479	0.000000	1.000000	10
2585	0.378254	0.000000	1.000000	10
2586	0.492699	0.000000	1.000000	10
2587	0.523784	0.000000	1.000000	10
2588	0.755092	0.000000	1.000000	10
2589	0.871497	0.000000	1.000000	10
2590	0.111891	0.000000	1.000000	10
2591	0.517803	0.000000	1.000000	10
2592	0.515525	0.000000	1.000000	10
2593	0.795820	0.000000	1.000000	10
2594	0.525653	0.000000	1.000000	10
2595	0.626547	0.000000	1.000000	10
2596	0.547168	0.000000	1.000000	10
2597	0.826168	0.000000	1.000000	10
2598	0.826900	0.000000	1.000000	10
2599	0.691652	0.000000	1.000000	10
2600	0.874897	0.000000	1.000000	10
2601	0.807899	0.000000	1.000000	10
2602	0.664947	0.000000	1.000000	10
2603	0.293552	0.000000	1.000000	10
2604	0.887492	0.000000	1.000000	10
2605	0.532261	0.000000	1.000000	10
2606	0.539308	0.000000	1.000000	10
2607	0.279359	0.000000	1.000000	10
2608	0.870015	0.000000	1.000000	10
2609	0.492901	0.000000	1.000000	10
2610	0.628909	0.000000	1.000000	10
2611	0.699912	0.000000	1.000000	10
2612	0.649471	0.000000	1.000000	10
2613	0.926174	0.000000	1.000000	10
2614	0.268618	0.000000	1.000000	10
2615	0.241037	0.000000	1.000000	10
2616	0.450183	0.000000	1.000000	10
2617	0.964443	0.000000	1.000000	10
2618	0.228559	0.000000	1.000000	10
2619	0.396124	0.000000	1.000000	10
2620	0.390513	0.000000	1.000000	10
2621	0.259230	0.000000	1.000000	10
2622	0.521837	0.000000	1.000000	10
2623	0.549865	0.000000	1.000000	10
2624	0.507075	0.000000	1.000000	10
2625	0.233550	0.000000	1.000000	10
2626	0.994795	0.000000	1.000000	10
2627	0.106029	0.000000	1.000000	10
2628	0.839524	0.000000	1.000000	10
2629	0.411999	0.000000	1.000000	10
2630	0.740267	0.000000	1.000000	10
2631	0.714244	0.000000	1.000000	10
2632	0.533185	0.000000	1.000000	10
2633	0.599133	0.000000	1.000000	10
2634	0.521201	0.000000	1.000000	10
2635	0.737866	0.000000	1.000000	10
2636	0.618605	0.000000	1.000000	10
2637	0.427394	0.000000	1.000000	10
2638	0.410572	0.000000	1.000000	10
2639	0.725275	0.000000	1.000000	10
2640	0.377975	0.000000	1.000000	10
2641	0.707988	0.000000	1.000000	10
2642	0.447737	0.000000	1.000000	10
2643	0.920750	0.000000	1.000000	10
2644	0.231678	0.000000	1.000000	10
2645	0.780510	0.000000	1.000000	10
2646	0.545516	0.000000	1.000000	10
2647	0.611340	0.000000	1.000000	10
2648	0.430753	0.000000	1.000000	10
2649	0.575299	0.000000	1.000000	10
2650	0.776114	0.000000	1.000000	10
2651	0.337367	0.000000	1.000000	10
2652	0.817706	0.000000	1.000000	10
2653	0.835029	0.000000	1.000000	10
2654	0.606384	0.000000	1.000000	10
2655	0.195288	0.000000	1.000000	10
2656	0.311318	0.000000	1.000000	10
2657	0.482079	0.000000	1.000000	10
2658	0.301806	0.000000	1.000000	10
2659	0.752189	0.000000	1.000000	10
2660	0.653057	0.000000	1.000000	10
2661	0.517491	0.000000	1.000000	10
2662	0.660586	0.000000	1.000000	10
2663	0.541013	0.000000	1.000000	10
2664	0.880991	0.000000	1.000000	10
2665	0.191733	0.000000	1.000000	10
2666	0.707601	0.000000	1.000000	10
2667	0.886222	0.000000	1.000000	10
2668	0.418333	0.000000	1.000000	10
2669	0.378067	0.000000	1.000000	10
2670	0.503900	0.000000	1.000000	10
2671	0.609059	0.000000	1.000000	10
2672	0.568872	0.000000	1.000000	10
2673	0.489169	0.000000	1.000000	10
2674	0.629657	0.000000	1.000000	10
2675	0.294054	0.000000	1.000000	10
2676	0.194376	0.000000	1.000000	10
2677	0.324824	0.000000	1.000000	10
2678	0.380690	0.000989	1.000000	10
2679	0.835728	0.000000	1.000000	10
2680	0.602738	0.000000	1.000000	10
2681	0.616410	0.000000	1.000000	10
2682	0.498334	0.000000	1.000000	10
2683	0.920670	0.000000	1.000000	10
2684	0.591262	0.000000	1.000000	10
2685	0.641077	0.000000	1.000000	10
2686	0.566666	0.000000	1.000000	10
2687	0.376149	0.000000	1.000000	10
2688	0.206913	0.000000	1.000000	10
2689	0.218491	0.000000	1.000000	10
2690	0.758588	0.000000	1.000000	10
2691	0.534293	0.000000	1.000000	10
2692	0.404290	0.000000	1.000000	10
2693	0.646513	0.000000	1.000000	10
2694	0.860622	0.000000	1.000000	10
2695	0.909049	0.000000	1.000000	10
2696	0.226631	0.000000	1.000000	10
2697	0.350374	0.000000	1.000000	10
2698	0.733218	0.000000	1.000000	10
2699	0.273417	0.000000	1.000000	10
2700	0.212321	0.000000	1.000000	10
2701	0.303845	0.000000	1.000000	10
2702	0.285022	0.000000	1.000000	10
2703	0.625208	0.000000	1.000000	10
2704	0.518924	0.009880	1.000000	10
2705	0.667075	0.000000	1.000000	10
2706	0.593202	0.000000	1.000000	10
2707	0.538483	0.000000	1.000000	10
2708	0.676274	0.000000	1.000000	10
2709	0.288008	0.000000	1.000000	10
2710	0.749741	0.000000	1.000000	10
2711	0.712931	0.000000	1.000000	10
2712	0.163784	0.000000	1.000000	10
2713	0.607657	0.000000	1.000000	10
2714	0.198146	0.000000	1.000000	10
2715	0.501173	0.000000	1.000000	10
2716	0.872407	0.000000	1.000000	10
2717	0.886185	0.000000	1.000000	10
2718	0.276810	0.000000	1.000000	10
2719	0.955821	0.000000	1.000000	10
2720	0.993306	0.000000	1.000000	10
2721	0.293837	0.000000	1.000000	10
2722	0.852708	0.000000	1.000000	10
2723	0.718630	0.000000	1.000000	10
2724	0.590188	0.000000	1.000000	10
2725	0.442590	0.000000	1.000000	10
2726	0.801594	0.000000	1.000000	10
2727	0.889446	0.000000	1.000000	10
2728	0.818426	0.000000	1.000000	10
2729	0.410300	0.000000	1.000000	10
2730	0.453639	0.000000	1.000000	10
2731	0.946516	0.000000	1.000000	10
2732	0.217954	0.000000	1.000000	10
2733	0.945557	0.000000	1.000000	10
2734	0.340771	0.000000	1.000000	10
2735	0.177277	0.000000	1.000000	10
2736	0.531897	0.000000	1.000000	10
2737	0.065819	0.000000	1.000000	10
2738	0.347118	0.000000	1.000000	10
2739	0.277325	0.000000	1.000000	10
2740	0.956582	0.000000	1.000000	10
2741	0.602230	0.000000	1.000000	10
2742	0.726945	0.000000	1.000000	10
2743	0.886504	0.000000	1.000000	10
2744	0.656408	0.000000	1.000000	10
2745	0.433862	0.000000	1.000000	10
2746	0.881623	0.000000	1.000000	10
2747	0.418067	0.000000	1.000000	10
2748	0.952483	0.000000	1.000000	10
2749	0.323654	0.000000	1.000000	10
2750	0.728892	0.000000	1.000000	10
2751	0.204300	0.000000	1.000000	10
2752	0.273877	0.000000	1.000000	10
2753	0.271338	0.000000	1.000000	10
2754	0.584911	0.000000	1.000000	10
2755	0.157838	0.000000	1.000000	10
2756	0.337176	0.000000	1.000000	10
2757	0.370829	0.000000	1.000000	10
2758	0.124484	0.000000	1.000000	10
2759	0.312451	0.000000	1.000000	10
2760	0.557521	0.000000	1.000000	10
2761	0.580746	0.000000	1.000000	10
2762	0.651837	0.000000	1.000000	10
2763	0.873814	0.000000	1.000000	10
2764	0.493817	0.000000	1.000000	10
2765	0.186902	0.000000	1.000000	10
2766	0.370348	0.000000	1.000000	10
2767	0.306296	0.000000	1.000000	10
2768	0.426678	0.000000	1.000000	10
2769	0.637957	0.000000	1.000000	10
2770	0.304647	0.000000	1.000000	10
2771	0.725543	0.000000	1.000000	10
2772	0.308533	0.000000	1.000000	10
2773	0.717560	0.000000	1.000000	10
2774	0.229791	0.000000	1.000000	10
2775	0.602195	0.000000	1.000000	10
2776	0.690920	0.000000	1.000000	10
2777	0.610195	0.000000	1.000000	10
2778	0.571886	0.000000	1.000000	10
2779	0.917840	0.000000	1.000000	10
2780	0.300617	0.000000	1.000000	10
2781	0.472517	0.000000	1.000000	10
2782	0.933657	0.000000	1.000000	10
2783	0.298517	0.000000	1.000000	10
2784	0.619765	0.000000	1.000000	10
2785	0.270620	0.000031	1.000000	10
2786	0.866253	0.000000	1.000000	10
2787	0.081940	0.000000	1.000000	10
2788	0.330271	0.000000	1.000000	10
2789	0.517878	0.000000	1.000000	10
2790	0.827221	0.000000	1.000000	10
2791	0.584483	0.000000	1.000000	10
2792	0.506993	0.000000	1.000000	10
2793	0.178243	0.000000	1.000000	10
2794	0.610959	0.000000	1.000000	10
2795	0.455648	0.000000	1.000000	10
2796	0.202498	0.000000	1.000000	10
2797	0.399586	0.000000	1.000000	10
2798	0.371757	0.000000	1.000000	10
2799	0.807844	0.000000	1.000000	10
2800	0.373173	0.000000	1.000000	10
2801	0.835876	0.000000	1.000000	10
2802	0.224565	0.000000	1.000000	10
2803	0.755871	0.000000	1.000000	10
2804	0.898211	0.000000	1.000000	10
2805	0.380225	0.000000	1.000000	10
2806	0.649687	0.000000	1.000000	10
2807	0.236980	0.000000	1.000000	10
2808	0.662771	0.000000	1.000000	10
2809	0.475192	0.000000	1.000000	10
2810	0.367412	0.014146	0.600000	10
2811	0.479142	0.000000	1.000000	10
2812	0.483434	0.000000	1.000000	10
2813	0.883334	0.000000	1.000000	10
2814	0.946988	0.000000	1.000000	10
2815	0.366731	0.000000	1.000000	10
2816	0.233838	0.000000	1.000000	10
2817	0.348897	0.000000	1.000000	10
2818	0.466796	0.000000	1.000000	10
2819	0.325615	0.000000	1.000000	10
2820	0.828795	0.000000	1.000000	10
2821	0.089081	0.000000	1.000000	10
2822	0.596588	0.000000	1.000000	10
2823	0.930940	0.000000	1.000000	10
2824	0.493787	0.000000	1.000000	10
2825	0.561798	0.000000	1.000000	10
2826	0.226660	0.000000	1.000000	10
2827	0.572598	0.000000	1.000000	10
2828	0.772844	0.000000	1.000000	10
2829	0.262794	0.000000	1.000000	10
2830	0.499554	0.000000	1.000000	10
2831	0.752067	0.000000	1.000000	10
2832	0.622418	0.000000	1.000000	10
2833	0.880715	0.000000	1.000000	10
2834	0.516330	0.000000	1.000000	10
2835	0.861952	0.000000	1.000000	10
2836	0.340252	0.000000	1.000000	10
2837	0.193553	0.000000	1.000000	10
2838	0.492493	0.000000	1.000000	10
2839	0.255404	0.000000	1.000000	10
2840	0.908776	0.000000	1.000000	10
2841	0.394077	0.000000	1.000000	10
2842	0.547748	0.000000	1.000000	10
2843	0.622821	0.000000	1.000000	10
2844	0.605090	0.000000	1.000000	10
2845	0.656620	0.000000	1.000000	10
2846	0.739664	0.000000	1.000000	10
2847	0.864108	0.000000	1.000000	10
2848	0.657070	0.000000	1.000000	10
2849	0.637931	0.000000	1.000000	10
2850	0.736236	0.000000	1.000000	10
2851	0.762119	0.000000	1.000000	10
2852	0.806566	0.000000	1.000000	10
2853	0.608606	0.000000	1.000000	10
2854	0.681113	0.000000	1.000000	10
2855	0.747612	0.000000	1.000000	10
2856	0.402556	0.000000	1.000000	10
2857	0.562489	0.000000	1.000000	10
2858	0.841085	0.000000	1.000000	10
2859	0.955368	0.000000	1.000000	10
2860	0.877774	0.000000	1.000000	10
2861	0.681752	0.000000	1.000000	10
2862	0.462134	0.000000	1.000000	10
2863	0.779503	0.000000	1.000000	10
2864	0.219675	0.000000	1.000000	10
2865	0.073884	0.000000	1.000000	10
2866	0.595887	0.000000	1.000000	10
2867	0.769102	0.000000	1.000000	10
2868	0.477859	0.000000	1.000000	10
2869	0.287715	0.000000	1.000000	10
2870	0.715837	0.000000	1.000000	10
2871	0.696830	0.000000	1.000000	10
2872	0.785274	0.000000	1.000000	10
2873	0.139813	0.000000	1.000000	10
2874	0.378241	0.000000	1.000000	10
2875	0.489772	0.000000	1.000000	10
2876	0.516781	0.000000	1.000000	10
2877	0.856211	0.000000	1.000000	10
2878	0.494551	0.000000	1.000000	10
2879	0.472986	0.000000	1.000000	10
2880	0.757262	0.000000	1.000000	10
2881	0.238906	0.000000	1.000000	10
2882	0.792040	0.000000	1.000000	10
2883	0.577901	0.000000	1.000000	10
2884	0.550694	0.000000	1.000000	10
2885	0.326820	0.000000	1.000000	10
2886	0.902043	0.000000	1.000000	10
2887	0.454584	0.000000	1.000000	10
2888	0.619297	0.000000	1.000000	10
2889	0.596806	0.000000	1.000000	10
2890	0.749217	0.000000	1.000000	10
2891	0.102084	0.000000	1.000000	10
2892	0.849990	0.000000	1.000000	10
2893	0.830592	0.000000	1.000000	10
2894	0.790474	0.000000	1.000000	10
2895	0.574814	0.000000	1.000000	10
2896	0.559872	0.000000	1.000000	10
2897	0.943395	0.000000	1.000000	10
2898	0.633502	0.000000	1.000000	10
2899	0.131359	0.000000	1.000000	10
2900	0.581522	0.000000	1.000000	10
2901	0.421038	0.000000	1.000000	10
2902	0.897346	0.000000	1.000000	10
2903	0.481711	0.000000	1.000000	10
2904	0.297022	0.000000	1.000000	10
2905	0.438937	0.000000	1.000000	10
2906	0.550911	0.000000	1.000000	10
2907	0.282855	0.000000	1.000000	10
2908	0.521590	0.000000	1.000000	10
2909	0.256414	0.000000	1.000000	10
2910	0.472920	0.000000	1.000000	10
2911	0.272791	0.000000	1.000000	10
2912	0.616011	0.000000	1.000000	10
2913	0.307367	0.000000	1.000000	10
2914	0.688511	0.000000	1.000000	10
2915	0.576759	0.000000	1.000000	10
2916	0.689820	0.000000	1.000000	10
2917	0.814323	0.000000	1.000000	10
2918	0.577171	0.000000	1.000000	10
2919	0.730816	0.000000	1.000000	10
2920	0.914068	0.000000	1.000000	10
2921	0.390705	0.000000	1.000000	10
2922	0.071304	0.000000	1.000000	10
2923	0.621653	0.000000	1.000000	10
2924	0.664229	0.000000	1.000000	10
2925	0.414423	0.000000	1.000000	10
2926	0.279182	0.000000	1.000000	10
2927	0.755440	0.000000	1.000000	10
2928	0.624623	0.000000	1.000000	10
2929	0.513443	0.000000	1.000000	10
2930	0.498625	0.000000	1.000000	10
2931	0.490257	0.000000	1.000000	10
2932	0.345947	0.000000	1.000000	10
2933	0.166228	0.000000	1.000000	10
2934	0.596353	0.000000	1.000000	10
2935	0.534288	0.000000	1.000000	10
2936	0.607909	0.000000	1.000000	10
2937	0.539250	0.000000	1.000000	10
2938	0.949336	0.000000	1.000000	10
2939	0.440095	0.000000	1.000000	10
2940	0.934388	0.000000	1.000000	10
2941	0.800788	0.000000	1.000000	10
2942	0.172904	0.000000	1.000000	10
2943	0.211424	0.000000	1.000000	10
2944	0.784870	0.000000	1.000000	10
2945	0.508650	0.000000	1.000000	10
2946	0.395747	0.000000	1.000000	10
2947	0.497414	0.000000	1.000000	10
2948	0.739362	0.000000	1.000000	10
2949	0.960679	0.000000	1.000000	10
2950	0.287381	0.000000	1.000000	10
2951	0.306575	0.000000	1.000000	10
2952	0.911995	0.000000	1.000000	10
2953	0.847371	0.000000	1.000000	10
2954	0.565524	0.000000	1.000000	10
2955	0.742511	0.000000	1.000000	10
2956	0.522934	0.000000	1.000000	10
2957	0.922147	0.000000	1.000000	10
2958	0.866089	0.000000	1.000000	10
2959	0.529680	0.000000	1.000000	10
2960	0.860213	0.000000	1.000000	10
2961	0.925564	0.000000	1.000000	10
2962	0.364126	0.000000	1.000000	10
2963	0.855692	0.000000	1.000000	10
2964	0.283336	0.000000	1.000000	10
2965	0.740982	0.000000	1.000000	10
2966	0.493163	0.000000	1.000000	10
2967	0.700738	0.000000	1.000000	10
2968	0.764537	0.000000	1.000000	10
2969	0.590609	0.000000	1.000000	10
2970	0.193861	0.000000	1.000000	10
2971	0.556165	0.000000	1.000000	10
2972	0.663885	0.000000	1.000000	10
2973	0.624175	0.000000	1.000000	10
2974	0.585740	0.000000	1.000000	10
2975	0.511263	0.000000	1.000000	10
2976	0.705946	0.000000	1.000000	10
2977	0.716771	0.000000	1.000000	10
2978	0.646101	0.000000	1.000000	10
2979	0.690081	0.000000	1.000000	10
2980	0.790625	0.000000	1.000000	10
2981	0.368478	0.000000	1.000000	10
2982	0.523200	0.000000	1.000000	10
2983	0.772154	0.000000	1.000000	10
2984	0.245940	0.000000	1.000000	10
2985	0.401510	0.000000	1.000000	10
2986	0.662373	0.000000	1.000000	10
2987	0.424567	0.000000	1.000000	10
2988	0.790801	0.000000	1.000000	10
2989	0.286628	0.000000	1.000000	10
2990	0.664907	0.000000	1.000000	10
2991	0.673947	0.000000	1.000000	10
2992	0.643092	0.000000	1.000000	10
2993	0.393837	0.000000	1.000000	10
2994	0.197284	0.000000	1.000000	10
2995	0.721210	0.000000	1.000000	10
2996	0.159732	0.000000	1.000000	10
2997	0.797491	0.000000	1.000000	10
2998	0.323376	0.000000	1.000000	10
2999	0.654992	0.000000	1.000000	10
3000	0.569975	0.000000	1.000000	10
3001	0.737067	0.000000	1.000000	10
3002	0.685017	0.000000	1.000000	10
3003	0.741270	0.000000	1.000000	10
3004	0.149354	0.000000	1.000000	10
3005	0.328538	0.000000	1.000000	10
3006	0.858652	0.000000	1.000000	10
3007	0.821117	0.000000	1.000000	10
3008	0.757001	0.000000	1.000000	10
3009	0.277112	0.000000	1.000000	10
3010	0.284530	0.000000	1.000000	10
3011	0.439756	0.000000	1.000000	10
3012	0.645924	0.000000	1.000000	10
3013	0.492418	0.000000	1.000000	10
3014	0.901152	0.000000	1.000000	10
3015	0.605712	0.000000	1.000000	10
3016	0.515179	0.000000	1.000000	10
3017	0.365719	0.000000	1.000000	10
3018	0.895801	0.000000	1.000000	10
3019	0.773379	0.000000	1.000000	10
3020	0.828359	0.000000	1.000000	10
3021	0.287770	0.000000	1.000000	10
3022	0.242564	0.000000	1.000000	10
3023	0.100124	0.000000	1.000000	10
3024	0.561681	0.000000	1.000000	10
3025	0.306999	0.000000	1.000000	10
3026	0.303896	0.000000	1.000000	10
3027	0.717533	0.000000	1.000000	10
3028	0.768827	0.000000	1.000000	10
3029	0.228884	0.000000	1.000000	10
3030	0.668834	0.000000	1.000000	10
3031	0.877858	0.000000	1.000000	10
3032	0.714271	0.000000	1.000000	10
3033	0.731184	0.000000	1.000000	10
3034	0.320311	0.000000	1.000000	10
3035	0.656202	0.000000	1.000000	10
3036	0.434905	0.000000	1.000000	10
3037	0.964358	0.000000	1.000000	10
3038	0.275256	0.000000	1.000000	10
3039	0.392957	0.000000	1.000000	10
3040	0.387899	0.000000	1.000000	10
3041	0.757246	0.000000	1.000000	10
3042	0.732826	0.000000	1.000000	10
3043	0.723984	0.000000	1.000000	10
3044	0.986147	0.000000	1.000000	10
3045	0.929943	0.000000	1.000000	10
3046	0.665265	0.000000	1.000000	10
3047	0.577908	0.000000	1.000000	10
3048	0.561625	0.000000	1.000000	10
3049	0.353860	0.000000	1.000000	10
3050	0.387394	0.000000	1.000000	10
3051	0.694025	0.000000	1.000000	10
3052	0.437617	0.000000	1.000000	10
3053	0.497964	0.000000	1.000000	10
3054	0.488862	0.000000	1.000000	10
3055	0.906187	0.000000	1.000000	10
3056	0.755882	0.000000	1.000000	10
3057	0.334589	0.000000	1.000000	10
3058	0.630957	0.000000	1.000000	10
3059	0.425988	0.000000	1.000000	10
3060	0.396946	0.000000	1.000000	10
3061	0.411679	0.000000	1.000000	10
3062	0.314204	0.000000	1.000000	10
3063	0.493784	0.000000	1.000000	10
3064	0.650148	0.000000	1.000000	10
3065	0.320009	0.000000	1.000000	10
3066	0.352230	0.000000	1.000000	10
3067	0.148620	0.000000	1.000000	10
3068	0.757103	0.000000	1.000000	10
3069	0.310515	0.000000	1.000000	10
3070	0.492648	0.000000	1.000000	10
3071	0.351060	0.000000	1.000000	10
3072	0.249202	0.000000	1.000000	10
3073	0.540062	0.000000	1.000000	10
3074	0.683504	0.000000	1.000000	10
3075	0.420106	0.000000	1.000000	10
3076	0.316102	0.000000	1.000000	10
3077	0.853310	0.000000	1.000000	10
3078	0.654473	0.000000	1.000000	10
3079	0.652587	0.000000	1.000000	10
3080	0.313233	0.000000	1.000000	10
3081	0.654142	0.000000	1.000000	10
3082	0.409134	0.000000	1.000000	10
3083	0.487901	0.000000	1.000000	10
3084	0.933330	0.000000	1.000000	10
3085	0.386652	0.000000	1.000000	10
3086	0.312312	0.000000	1.000000	10
3087	0.601165	0.000000	1.000000	10
3088	0.418447	0.000000	1.000000	10
3089	0.338130	0.000000	1.000000	10
3090	0.855673	0.000000	1.000000	10
3091	0.791861	0.000000	1.000000	10
3092	0.939037	0.000000	1.000000	10
3093	0.447951	0.000000	1.000000	10
3094	0.270942	0.000000	1.000000	10
3095	0.292403	0.000000	1.000000	10
3096	0.899114	0.000000	1.000000	10
3097	0.293273	0.006220	1.000000	10
3098	0.350302	0.000000	1.000000	10
3099	0.286776	0.000000	1.000000	10
3100	0.941765	0.000000	1.000000	10
3101	0.215500	0.000000	1.000000	10
3102	0.632383	0.000000	1.000000	10
3103	0.547109	0.000000	1.000000	10
3104	0.598589	0.000000	1.000000	10
3105	0.781844	0.000000	1.000000	10
3106	0.235594	0.000000	1.000000	10
3107	0.700841	0.000000	1.000000	10
3108	0.713867	0.000000	1.000000	10
3109	0.313993	0.000000	1.000000	10
3110	0.494799	0.000000	1.000000	10
3111	0.561800	0.000000	1.000000	10
3112	0.828253	0.000000	1.000000	10
3113	0.563818	0.000000	1.000000	10
3114	0.801944	0.000000	1.000000	10
3115	0.229832	0.000000	1.000000	10
3116	0.892957	0.000000	1.000000	10
3117	0.922089	0.000000	1.000000	10
3118	0.838204	0.000000	1.000000	10
3119	0.451134	0.000000	1.000000	10
3120	0.228586	0.000000	1.000000	10
3121	0.592677	0.000000	1.000000	10
3122	0.369811	0.000000	1.000000	10
3123	0.531682	0.000000	1.000000	10
3124	0.451510	0.000000	1.000000	10
3125	0.588359	0.000000	1.000000	10
3126	0.472890	0.000000	1.000000	10
3127	0.427374	0.000000	1.000000	10
3128	0.378654	0.000000	1.000000	10
3129	0.726376	0.000000	1.000000	10
3130	0.937929	0.000000	1.000000	10
3131	0.667066	0.000000	1.000000	10
3132	0.426329	0.000000	1.000000	10
3133	0.368169	0.000000	1.000000	10
3134	0.789089	0.000000	1.000000	10
3135	0.477771	0.000000	1.000000	10
3136	0.640459	0.000000	1.000000	10
3137	0.278462	0.000000	1.000000	10
3138	0.513221	0.000000	1.000000	10
3139	0.256443	0.000000	1.000000	10
3140	0.829932	0.000000	1.000000	10
3141	0.802083	0.000000	1.000000	10
3142	0.891615	0.000000	1.000000	10
3143	0.511354	0.000000	1.000000	10
3144	0.365453	0.000000	1.000000	10
3145	0.975608	0.000000	1.000000	10
3146	0.694576	0.000000	1.000000	10
3147	0.423742	0.000000	1.000000	10
3148	0.373694	0.000000	1.000000	10
3149	0.610202	0.000000	1.000000	10
3150	0.663733	0.000000	1.000000	10
3151	0.522749	0.000000	1.000000	10
3152	0.886878	0.000000	1.000000	10
3153	0.957049	0.000000	1.000000	10
3154	0.976614	0.000000	1.000000	10
3155	0.321811	0.000000	1.000000	10
3156	0.230830	0.000000	1.000000	10
3157	0.399172	0.000000	1.000000	10
3158	0.343262	0.000000	1.000000	10
3159	0.611309	0.000000	1.000000	10
3160	0.197196	0.000000	1.000000	10
3161	0.595059	0.000000	1.000000	10
3162	0.759340	0.000000	1.000000	10
3163	0.679239	0.000000	1.000000	10
3164	0.443375	0.000000	1.000000	10
3165	0.293077	0.000000	1.000000	10
3166	0.632890	0.000000	1.000000	10
3167	0.216632	0.000000	1.000000	10
3168	0.468885	0.000000	1.000000	10
3169	0.511537	0.000000	1.000000	10
3170	0.116982	0.000000	1.000000	10
3171	0.626303	0.000000	1.000000	10
3172	0.787283	0.000000	1.000000	10
3173	0.980855	0.000000	1.000000	10
3174	0.652513	0.000000	1.000000	10
3175	0.699456	0.000000	1.000000	10
3176	0.184710	0.000000	1.000000	10
3177	0.456636	0.000000	1.000000	10
3178	0.344362	0.000000	1.000000	10
3179	0.498576	0.000000	1.000000	10
3180	0.361831	0.000000	1.000000	10
3181	0.826934	0.000000	1.000000	10
3182	0.352393	0.000000	1.000000	10
3183	0.614012	0.000000	1.000000	10
3184	0.394240	0.000000	1.000000	10
3185	0.485539	0.000000	1.000000	10
3186	0.634303	0.000000	1.000000	10
3187	0.515603	0.000000	1.000000	10
3188	0.651809	0.000000	1.000000	10
3189	0.450562	0.000000	1.000000	10
3190	0.261030	0.000000	1.000000	10
3191	0.722921	0.000000	1.000000	10
3192	0.477469	0.000000	1.000000	10
3193	0.207549	0.000000	1.000000	10
3194	0.629042	0.000000	1.000000	10
3195	0.501504	0.000000	1.000000	10
3196	0.957288	0.000000	1.000000	10
3197	0.836980	0.000000	1.000000	10
3198	0.812347	0.000000	1.000000	10
3199	0.686743	0.000000	1.000000	10
3200	0.062378	0.000000	1.000000	10
3201	0.922334	0.000000	1.000000	10
3202	0.629025	0.000000	1.000000	10
3203	0.961140	0.000000	1.000000	10
3204	0.520444	0.000000	1.000000	10
3205	0.157638	0.000000	1.000000	10
3206	0.750097	0.000000	1.000000	10
3207	0.525467	0.000000	1.000000	10
3208	0.312523	0.000000	1.000000	10
3209	0.226289	0.000000	1.000000	10
3210	0.495182	0.000000	1.000000	10
3211	0.669500	0.000000	1.000000	10
3212	0.869441	0.000000	1.000000	10
3213	0.428980	0.000000	1.000000	10
3214	0.476784	0.000000	1.000000	10
3215	0.505619	0.000000	1.000000	10
3216	0.645286	0.000000	1.000000	10
3217	0.543894	0.000000	1.000000	10
3218	0.557736	0.000000	1.000000	10
3219	0.425364	0.000000	1.000000	10
3220	0.870716	0.000000	1.000000	10
3221	0.367191	0.000000	1.000000	10
3222	0.903094	0.000000	1.000000	10
3223	0.370137	0.000000	1.000000	10
3224	0.605204	0.000000	1.000000	10
3225	0.484117	0.000000	1.000000	10
3226	0.596118	0.000000	1.000000	10
3227	0.841170	0.000000	1.000000	10
3228	0.740258	0.000000	1.000000	10
3229	0.328874	0.000000	1.000000	10
3230	0.964028	0.000000	1.000000	10
3231	0.808989	0.000000	1.000000	10
3232	0.784666	0.000000	1.000000	10
3233	0.912527	0.000000	1.000000	10
3234	0.276889	0.000000	1.000000	10
3235	0.437110	0.000000	1.000000	10
3236	0.508714	0.000000	1.000000	10
3237	0.437611	0.000000	1.000000	10
3238	0.827351	0.000000	1.000000	10
3239	0.412604	0.000000	1.000000	10
3240	0.464923	0.000000	1.000000	10
3241	0.557129	0.000000	1.000000	10
3242	0.803311	0.000000	1.000000	10
3243	0.437089	0.000000	1.000000	10
3244	0.584601	0.000000	1.000000	10
3245	0.541414	0.000000	1.000000	10
3246	0.518120	0.000000	1.000000	10
3247	0.680225	0.000000	1.000000	10
3248	0.653466	0.000000	1.000000	10
3249	0.726896	0.000000	1.000000	10
3250	0.701314	0.000000	1.000000	10
3251	0.290258	0.000000	1.000000	10
3252	0.167982	0.000000	1.000000	10
3253	0.394756	0.000000	1.000000	10
3254	0.596733	0.000000	1.000000	10
3255	0.471177	0.000000	1.000000	10
3256	0.985209	0.000000	1.000000	10
3257	0.272230	0.000000	1.000000	10
3258	0.700331	0.000000	1.000000	10
3259	0.863018	0.000000	1.000000	10
3260	0.506605	0.000000	1.000000	10
3261	0.666561	0.000000	1.000000	10
3262	0.467846	0.000000	1.000000	10
3263	0.425021	0.000000	1.000000	10
3264	0.926443	0.000000	1.000000	10
3265	0.448514	0.000000	1.000000	10
3266	0.374920	0.000000	1.000000	10
3267	0.972458	0.000000	1.000000	10
3268	0.806508	0.000000	1.000000	10
3269	0.563656	0.000000	1.000000	10
3270	0.709216	0.000000	1.000000	10
3271	0.998199	0.000000	1.000000	10
3272	0.654182	0.000000	1.000000	10
3273	0.916922	0.000000	1.000000	10
3274	0.510034	0.000000	1.000000	10
3275	0.558775	0.000000	1.000000	10
3276	0.669398	0.000000	1.000000	10
3277	0.551381	0.000000	1.000000	10
3278	0.432097	0.000000	1.000000	10
3279	0.375353	0.000000	1.000000	10
3280	0.712028	0.000000	1.000000	10
3281	0.398808	0.000000	1.000000	10
3282	0.767127	0.000000	1.000000	10
3283	0.721537	0.000000	1.000000	10
3284	0.815434	0.000000	1.000000	10
3285	0.295776	0.000000	1.000000	10
3286	0.583778	0.000000	1.000000	10
3287	0.256211	0.000000	1.000000	10
3288	0.575136	0.000000	1.000000	10
3289	0.415920	0.000000	1.000000	10
3290	0.900277	0.000000	1.000000	10
3291	0.200518	0.000000	1.000000	10
3292	0.828920	0.000000	1.000000	10
3293	0.876914	0.000000	1.000000	10
3294	0.658647	0.000000	1.000000	10
3295	0.549075	0.000000	1.000000	10
3296	0.344546	0.000000	1.000000	10
3297	0.605521	0.000000	1.000000	10
3298	0.313441	0.000000	1.000000	10
3299	0.160896	0.000000	1.000000	10
3300	0.697937	0.000000	1.000000	10
3301	0.925209	0.000000	1.000000	10
3302	0.558602	0.000000	1.000000	10
3303	0.413458	0.000000	1.000000	10
3304	0.705968	0.000000	1.000000	10
3305	0.601113	0.000000	1.000000	10
3306	0.222714	0.000000	1.000000	10
3307	0.527003	0.000000	1.000000	10
3308	0.583032	0.000000	1.000000	10
3309	0.304038	0.000000	1.000000	10
3310	0.282869	0.000000	1.000000	10
3311	0.338579	0.000000	1.000000	10
3312	0.771699	0.000000	1.000000	10
3313	0.812087	0.000000	1.000000	10
3314	0.698243	0.000000	1.000000	10
3315	0.585346	0.000000	1.000000	10
3316	0.312221	0.000000	1.000000	10
3317	0.253337	0.000000	1.000000	10
3318	0.498558	0.000000	1.000000	10
3319	0.172310	0.000000	1.000000	10
3320	0.355707	0.000000	1.000000	10
3321	0.368964	0.000000	1.000000	10
3322	0.814314	0.000000	1.000000	10
3323	0.235995	0.000000	1.000000	10
3324	0.905338	0.000000	1.000000	10
3325	0.443068	0.000000	1.000000	10
3326	0.806908	0.000000	1.000000	10
3327	0.987056	0.000000	1.000000	10
3328	0.494332	0.000000	1.000000	10
3329	0.399870	0.000000	1.000000	10
3330	0.996736	0.000000	1.000000	10
3331	0.834989	0.000000	1.000000	10
3332	0.946798	0.000000	1.000000	10
3333	0.715730	0.000000	1.000000	10
3334	0.628090	0.000000	1.000000	10
3335	0.809476	0.000000	1.000000	10
3336	0.428891	0.000000	1.000000	10
3337	0.951522	0.000803	1.000000	10
3338	0.637653	0.000000	1.000000	10
3339	0.505162	0.000000	1.000000	10
3340	0.119683	0.000000	1.000000	10
3341	0.935672	0.000000	1.000000	10
3342	0.419769	0.000000	1.000000	10
3343	0.481272	0.000000	1.000000	10
3344	0.472832	0.000000	1.000000	10
3345	0.491944	0.000000	1.000000	10
3346	0.266011	0.000000	1.000000	10
3347	0.866491	0.000000	1.000000	10
3348	0.518467	0.000000	1.000000	10
3349	0.360177	0.000000	1.000000	10
3350	0.545056	0.000000	1.000000	10
3351	0.312508	0.000000	1.000000	10
3352	0.178487	0.000000	1.000000	10
3353	0.375202	0.000000	1.000000	10
3354	0.725943	0.000000	1.000000	10
3355	0.922767	0.000000	1.000000	10
3356	0.766694	0.000000	1.000000	10
3357	0.607908	0.000000	1.000000	10
3358	0.364378	0.000000	1.000000	10
3359	0.327555	0.000000	1.000000	10
3360	0.655892	0.000000	1.000000	10
3361	0.730411	0.000000	1.000000	10
3362	0.099936	0.000000	1.000000	10
3363	0.748489	0.000000	1.000000	10
3364	0.551089	0.000000	1.000000	10
3365	0.399638	0.000000	1.000000	10
3366	0.193377	0.000000	1.000000	10
3367	0.516476	0.000000	1.000000	10
3368	0.568376	0.000000	1.000000	10
3369	0.955669	0.000000	1.000000	10
3370	0.531547	0.000000	1.000000	10
3371	0.465276	0.000000	1.000000	10
3372	0.214376	0.000000	1.000000	10
3373	0.475571	0.000000	1.000000	10
3374	0.950018	0.000000	1.000000	10
3375	0.604774	0.000000	1.000000	10
3376	0.331855	0.000000	1.000000	10
3377	0.254866	0.000000	1.000000	10
3378	0.659126	0.000000	1.000000	10
3379	0.459042	0.000000	1.000000	10
3380	0.524021	0.000000	1.000000	10
3381	0.152470	0.000000	1.000000	10
3382	0.658220	0.000000	1.000000	10
3383	0.837561	0.000000	1.000000	10
3384	0.275727	0.000000	1.000000	10
3385	0.351692	0.000000	1.000000	10
3386	0.330998	0.000000	1.000000	10
3387	0.600687	0.000000	1.000000	10
3388	0.942450	0.000000	1.000000	10
3389	0.829640	0.000000	1.000000	10
3390	0.847457	0.000000	1.000000	10
3391	0.177338	0.000000	1.000000	10
3392	0.685220	0.000000	1.000000	10
3393	0.240508	0.000000	1.000000	10
3394	0.614035	0.000000	1.000000	10
3395	0.508782	0.000000	1.000000	10
3396	0.932242	0.000000	1.000000	10
3397	0.623957	0.000000	1.000000	10
3398	0.715185	0.000000	1.000000	10
3399	0.338297	0.000000	1.000000	10
3400	0.564001	0.000000	1.000000	10
3401	0.253410	0.000000	1.000000	10
3402	0.731217	0.000000	1.000000	10
3403	0.855604	0.000000	1.000000	10
3404	0.629310	0.000000	1.000000	10
3405	0.299508	0.000000	1.000000	10
3406	0.497745	0.000000	1.000000	10
3407	0.944739	0.000000	1.000000	10
3408	0.547882	0.000000	1.000000	10
3409	0.477676	0.000000	1.000000	10
3410	0.369822	0.000000	1.000000	10
3411	0.707844	0.000000	1.000000	10
3412	0.384329	0.000000	1.000000	10
3413	0.876620	0.000000	1.000000	10
3414	0.668195	0.000000	1.000000	10
3415	0.894914	0.000000	1.000000	10
3416	0.781548	0.000000	1.000000	10
3417	0.170022	0.000000	1.000000	10
3418	0.928434	0.000000	1.000000	10
3419	0.165312	0.000000	1.000000	10
3420	0.628283	0.000000	1.000000	10
3421	0.162489	0.000000	1.000000	10
3422	0.642948	0.000000	1.000000	10
3423	0.818648	0.000000	1.000000	10
3424	0.294935	0.000000	1.000000	10
3425	0.615129	0.000000	1.000000	10
3426	0.311784	0.000000	1.000000	10
3427	0.465156	0.000000	1.000000	10
3428	0.684289	0.000000	1.000000	10
3429	0.911550	0.000000	1.000000	10
3430	0.376559	0.000000	1.000000	10
3431	0.746513	0.000000	1.000000	10
3432	0.356122	0.000000	1.000000	10
3433	0.563614	0.000000	1.000000	10
3434	0.547279	0.000000	1.000000	10
3435	0.726430	0.000000	1.000000	10
3436	0.349001	0.000000	1.000000	10
3437	0.407482	0.000000	1.000000	10
3438	0.685076	0.000000	1.000000	10
3439	0.350335	0.000000	1.000000	10
3440	0.312781	0.000000	1.000000	10
3441	0.573426	0.000000	1.000000	10
3442	0.565156	0.000000	1.000000	10
3443	0.733377	0.000000	1.000000	10
3444	0.248025	0.000000	1.000000	10
3445	0.321583	0.000000	1.000000	10
3446	0.221384	0.000000	1.000000	10
3447	0.503267	0.000000	1.000000	10
3448	0.731855	0.000000	1.000000	10
3449	0.707444	0.000000	1.000000	10
3450	0.347133	0.000000	1.000000	10
3451	0.741586	0.000000	1.000000	10
3452	0.445353	0.000000	1.000000	10
3453	0.721832	0.000000	1.000000	10
3454	0.202843	0.000000	1.000000	10
3455	0.517833	0.006271	1.000000	10
3456	0.566351	0.000000	1.000000	10
3457	0.517385	0.000000	1.000000	10
3458	0.706226	0.000000	1.000000	10
3459	0.209986	0.000000	1.000000	10
3460	0.451026	0.000000	1.000000	10
3461	0.215563	0.000000	1.000000	10
3462	0.722680	0.000000	1.000000	10
3463	0.663744	0.000000	1.000000	10
3464	0.217029	0.000000	1.000000	10
3465	0.347493	0.000000	1.000000	10
3466	0.270100	0.000000	1.000000	10
3467	0.291879	0.000000	1.000000	10
3468	0.444436	0.000000	1.000000	10
3469	0.820888	0.000000	1.000000	10
3470	0.361491	0.000000	1.000000	10
3471	0.311620	0.000000	1.000000	10
3472	0.319378	0.000000	1.000000	10
3473	0.817201	0.000000	1.000000	10
3474	0.675100	0.000000	1.000000	10
3475	0.789245	0.000000	1.000000	10
3476	0.580679	0.000000	1.000000	10
3477	0.878094	0.000000	1.000000	10
3478	0.226356	0.000000	1.000000	10
3479	0.786866	0.000000	1.000000	10
3480	0.779719	0.000000	1.000000	10
3481	0.440064	0.000000	1.000000	10
3482	0.328365	0.000000	1.000000	10
3483	0.968351	0.000000	1.000000	10
3484	0.325712	0.000000	1.000000	10
3485	0.312095	0.000000	1.000000	10
3486	0.032995	0.000000	1.000000	10
3487	0.453296	0.004957	1.000000	10
3488	0.453931	0.000000	1.000000	10
3489	0.818810	0.000000	1.000000	10
3490	0.266460	0.000000	1.000000	10
3491	0.393376	0.000000	1.000000	10
3492	0.561678	0.000000	1.000000	10
3493	0.849875	0.000000	1.000000	10
3494	0.490185	0.000000	1.000000	10
3495	0.301574	0.000000	1.000000	10
3496	0.907738	0.000000	1.000000	10
3497	0.609439	0.000000	1.000000	10
3498	0.497217	0.000000	1.000000	10
3499	0.291830	0.000000	1.000000	10
3500	0.863686	0.000000	1.000000	10
3501	0.454803	0.000000	1.000000	10
3502	0.371003	0.000000	1.000000	10
3503	0.991357	0.000000	1.000000	10
3504	0.463818	0.000000	1.000000	10
3505	0.340045	0.000000	1.000000	10
3506	0.481147	0.000000	1.000000	10
3507	0.500780	0.000000	1.000000	10
3508	0.543674	0.000000	1.000000	10
3509	0.904274	0.000000	1.000000	10
3510	0.380492	0.000000	1.000000	10
3511	0.569398	0.000000	1.000000	10
3512	0.702586	0.000000	1.000000	10
3513	0.192699	0.000000	1.000000	10
3514	0.104814	0.000000	1.000000	10
3515	0.451151	0.000000	1.000000	10
3516	0.422362	0.000000	1.000000	10
3517	0.532470	0.000000	1.000000	10
3518	0.971695	0.000000	1.000000	10
3519	0.649126	0.000000	1.000000	10
3520	0.898604	0.000000	1.000000	10
3521	0.265943	0.000000	1.000000	10
3522	0.876508	0.000000	1.000000	10
3523	0.809452	0.000000	1.000000	10
3524	0.888931	0.000000	1.000000	10
3525	0.325326	0.000000	1.000000	10
3526	0.667024	0.000000	1.000000	10
3527	0.680154	0.000000	1.000000	10
3528	0.317091	0.000000	1.000000	10
3529	0.426544	0.000000	1.000000	10
3530	0.903376	0.000000	1.000000	10
3531	0.349279	0.000000	1.000000	10
3532	0.442544	0.000000	1.000000	10
3533	0.879350	0.000000	1.000000	10
3534	0.500739	0.000000	1.000000	10
3535	0.855810	0.000000	1.000000	10
3536	0.313420	0.000000	1.000000	10
3537	0.260113	0.000000	1.000000	10
3538	0.641743	0.000000	1.000000	10
3539	0.271185	0.000000	1.000000	10
3540	0.504354	0.000000	1.000000	10
3541	0.363807	0.000000	1.000000	10
3542	0.496780	0.000000	1.000000	10
3543	0.491121	0.000000	1.000000	10
3544	0.567627	0.000000	1.000000	10
3545	0.794526	0.000000	1.000000	10
3546	0.124319	0.000000	1.000000	10
3547	0.491721	0.000000	1.000000	10
3548	0.644600	0.000000	1.000000	10
3549	0.616555	0.000000	1.000000	10
3550	0.131669	0.000000	1.000000	10
3551	0.777731	0.000000	1.000000	10
3552	0.251588	0.000000	1.000000	10
3553	0.841216	0.000000	1.000000	10
3554	0.365019	0.000000	1.000000	10
3555	0.848966	0.000000	1.000000	10
3556	0.852075	0.000000	1.000000	10
3557	0.756015	0.000000	1.000000	10
3558	0.513859	0.000000	1.000000	10
3559	0.567441	0.000000	1.000000	10
3560	0.453767	0.000000	1.000000	10
3561	0.853307	0.000000	1.000000	10
3562	0.410475	0.000000	1.000000	10
3563	0.734855	0.000000	1.000000	10
3564	0.650389	0.000000	1.000000	10
3565	0.394878	0.000000	1.000000	10
3566	0.846524	0.000000	1.000000	10
3567	0.354500	0.000000	1.000000	10
3568	0.462707	0.000000	1.000000	10
3569	0.743156	0.000000	1.000000	10
3570	0.817615	0.000000	1.000000	10
3571	0.583454	0.000000	1.000000	10
3572	0.391741	0.000000	1.000000	10
3573	0.749119	0.000000	1.000000	10
3574	0.892397	0.000000	1.000000	10
3575	0.376767	0.000000	1.000000	10
3576	0.416616	0.000000	1.000000	10
3577	0.464953	0.000000	1.000000	10
3578	0.487362	0.000000	1.000000	10
3579	0.491808	0.000000	1.000000	10
3580	0.340958	0.000000	1.000000	10
3581	0.899084	0.000000	1.000000	10
3582	0.216710	0.000000	1.000000	10
3583	0.750751	0.000000	1.000000	10
3584	0.744064	0.000000	1.000000	10
3585	0.410632	0.000000	1.000000	10
3586	0.452334	0.000000	1.000000	10
3587	0.448752	0.000000	1.000000	10
3588	0.965865	0.000000	1.000000	10
3589	0.393089	0.000000	1.000000	10
3590	0.293761	0.000000	1.000000	10
3591	0.542711	0.000000	1.000000	10
3592	0.417357	0.000000	1.000000	10
3593	0.173627	0.000000	1.000000	10
3594	0.229243	0.000000	1.000000	10
3595	0.404023	0.001206	1.000000	10
3596	0.656408	0.000000	1.000000	10
3597	0.556714	0.000000	1.000000	10
3598	0.228929	0.000000	1.000000	10
3599	0.096967	0.000000	1.000000	10
3600	0.832215	0.000000	1.000000	10
3601	0.727904	0.000000	1.000000	10
3602	0.346368	0.000000	1.000000	10
3603	0.758161	0.000000	1.000000	10
3604	0.649870	0.000000	1.000000	10
3605	0.630317	0.000000	1.000000	10
3606	0.161233	0.000000	1.000000	10
3607	0.474145	0.000000	1.000000	10
3608	0.650154	0.000000	1.000000	10
3609	0.437625	0.000000	1.000000	10
3610	0.913941	0.000000	1.000000	10
3611	0.657474	0.000000	1.000000	10
3612	0.687738	0.000000	1.000000	10
3613	0.246112	0.000000	1.000000	10
3614	0.921072	0.000000	1.000000	10
3615	0.188745	0.000000	1.000000	10
3616	0.157616	0.000000	1.000000	10
3617	0.185283	0.000000	1.000000	10
3618	0.579833	0.000000	1.000000	10
3619	0.158520	0.000000	1.000000	10
3620	0.838335	0.000000	1.000000	10
3621	0.767063	0.000000	1.000000	10
3622	0.627258	0.000000	1.000000	10
3623	0.330223	0.000000	1.000000	10
3624	0.582431	0.000000	1.000000	10
3625	0.350063	0.000000	1.000000	10
3626	0.883378	0.000000	1.000000	10
3627	0.693684	0.000000	1.000000	10
3628	0.605076	0.000000	1.000000	10
3629	0.921127	0.000000	1.000000	10
3630	0.634456	0.000000	1.000000	10
3631	0.505054	0.000000	1.000000	10
3632	0.788856	0.000000	1.000000	10
3633	0.683227	0.000000	1.000000	10
3634	0.453418	0.000000	1.000000	10
3635	0.788889	0.000000	1.000000	10
3636	0.936346	0.000000	1.000000	10
3637	0.181497	0.000000	1.000000	10
3638	0.666223	0.000000	1.000000	10
3639	0.220979	0.000000	1.000000	10
3640	0.591016	0.000000	1.000000	10
3641	0.658277	0.000000	1.000000	10
3642	0.672661	0.000000	1.000000	10
3643	0.432358	0.000000	1.000000	10
3644	0.394999	0.000000	1.000000	10
3645	0.980423	0.000000	1.000000	10
3646	0.078779	0.000000	1.000000	10
3647	0.527830	0.000000	1.000000	10
3648	0.865318	0.000000	1.000000	10
3649	0.421511	0.000000	1.000000	10
3650	0.677394	0.000000	1.000000	10
3651	0.787483	0.000000	1.000000	10
3652	0.279198	0.000000	1.000000	10
3653	0.204033	0.000000	1.000000	10
3654	0.635536	0.000000	1.000000	10
3655	0.363971	0.000000	1.000000	10
3656	0.862668	0.000000	1.000000	10
3657	0.393825	0.000000	1.000000	10
3658	0.233585	0.000000	1.000000	10
3659	0.925690	0.000000	1.000000	10
3660	0.422429	0.000000	1.000000	10
3661	0.225965	0.000000	1.000000	10
3662	0.586757	0.000000	1.000000	10
3663	0.756440	0.000000	1.000000	10
3664	0.573951	0.000000	1.000000	10
3665	0.651280	0.000000	1.000000	10
3666	0.494299	0.000000	1.000000	10
3667	0.407393	0.000000	1.000000	10
3668	0.278252	0.000000	1.000000	10
3669	0.220081	0.000000	1.000000	10
3670	0.580954	0.000000	1.000000	10
3671	0.674589	0.000000	1.000000	10
3672	0.584216	0.000000	1.000000	10
3673	0.219356	0.000000	1.000000	10
3674	0.522756	0.000000	1.000000	10
3675	0.361415	0.000000	1.000000	10
3676	0.501697	0.000000	1.000000	10
3677	0.461078	0.000000	1.000000	10
3678	0.458892	0.000000	1.000000	10
3679	0.815450	0.000000	1.000000	10
3680	0.445426	0.000000	1.000000	10
3681	0.343331	0.000000	1.000000	10
3682	0.808200	0.000000	1.000000	10
3683	0.851596	0.000000	1.000000	10
3684	0.821656	0.000000	1.000000	10
3685	0.480863	0.000000	1.000000	10
3686	0.740810	0.028292	1.000000	10
3687	0.344679	0.000000	1.000000	10
3688	0.863895	0.000000	1.000000	10
3689	0.555183	0.000000	1.000000	10
3690	0.487465	0.000000	1.000000	10
3691	0.684006	0.000000	1.000000	10
3692	0.917551	0.000000	1.000000	10
3693	0.061044	0.000000	1.000000	10
3694	0.925702	0.000000	1.000000	10
3695	0.373539	0.000000	1.000000	10
3696	0.405403	0.000000	1.000000	10
3697	0.262255	0.000000	1.000000	10
3698	0.813642	0.000000	1.000000	10
3699	0.634685	0.000000	1.000000	10
3700	0.665359	0.000000	1.000000	10
3701	0.865731	0.000000	1.000000	10
3702	0.658452	0.000000	1.000000	10
3703	0.637343	0.000000	1.000000	10
3704	0.241351	0.000000	1.000000	10
3705	0.744193	0.000000	1.000000	10
3706	0.892700	0.000000	1.000000	10
3707	0.372582	0.000000	1.000000	10
3708	0.765579	0.000000	1.000000	10
3709	0.294855	0.000000	1.000000	10
3710	0.579020	0.000000	1.000000	10
3711	0.725012	0.000000	1.000000	10
3712	0.722379	0.000000	1.000000	10
3713	0.351543	0.000000	1.000000	10
3714	0.490321	0.000000	1.000000	10
3715	0.626839	0.037612	1.000000	10
3716	0.636925	0.000000	1.000000	10
3717	0.579241	0.000000	1.000000	10
3718	0.557211	0.000000	1.000000	10
3719	0.403271	0.000000	1.000000	10
3720	0.050333	0.000000	1.000000	10
3721	0.401087	0.000000	1.000000	10
3722	0.732177	0.000000	1.000000	10
3723	0.820205	0.000000	1.000000	10
3724	0.250797	0.000000	1.000000	10
3725	0.475072	0.000000	1.000000	10
3726	0.280976	0.000000	1.000000	10
3727	0.513073	0.000000	1.000000	10
3728	0.331971	0.000000	1.000000	10
3729	0.475149	0.000000	1.000000	10
3730	0.542218	0.002435	1.000000	10
3731	0.656239	0.000000	1.000000	10
3732	0.488977	0.000000	1.000000	10
3733	0.665767	0.000000	1.000000	10
3734	0.283712	0.000000	1.000000	10
3735	0.519643	0.000000	1.000000	10
3736	0.414655	0.000000	1.000000	10
3737	0.925827	0.000000	1.000000	10
3738	0.733278	0.000000	1.000000	10
3739	0.353162	0.000000	1.000000	10
3740	0.410429	0.000000	1.000000	10
3741	0.386120	0.000000	1.000000	10
3742	0.330799	0.000000	1.000000	10
3743	0.733455	0.000000	1.000000	10
3744	0.335380	0.000000	1.000000	10
3745	0.404991	0.000000	1.000000	10
3746	0.982422	0.000000	1.000000	10
3747	0.797499	0.000000	1.000000	10
3748	0.454191	0.000000	1.000000	10
3749	0.469463	0.000000	1.000000	10
3750	0.113226	0.000000	1.000000	10
3751	0.516581	0.000000	1.000000	10
3752	0.879885	0.000000	1.000000	10
3753	0.717862	0.000000	1.000000	10
3754	0.804147	0.000000	1.000000	10
3755	0.172835	0.000000	1.000000	10
3756	0.833296	0.000000	1.000000	10
3757	0.690391	0.000000	1.000000	10
3758	0.637270	0.000000	1.000000	10
3759	0.209539	0.000000	1.000000	10
3760	0.451903	0.000000	1.000000	10
3761	0.322859	0.000000	1.000000	10
3762	0.657058	0.000000	1.000000	10
3763	0.515331	0.000000	1.000000	10
3764	0.559310	0.000000	1.000000	10
3765	0.357951	0.000000	1.000000	10
3766	0.940974	0.000000	1.000000	10
3767	0.426514	0.000000	1.000000	10
3768	0.215791	0.000000	1.000000	10
3769	0.346580	0.000000	1.000000	10
3770	0.945430	0.000000	1.000000	10
3771	0.592049	0.000000	1.000000	10
3772	0.655263	0.000000	1.000000	10
3773	0.528175	0.000000	1.000000	10
3774	0.387139	0.000000	1.000000	10
3775	0.662421	0.000000	1.000000	10
3776	0.325636	0.016259	1.000000	10
3777	0.611652	0.000000	1.000000	10
3778	0.581839	0.000000	1.000000	10
3779	0.766384	0.000000	1.000000	10
3780	0.552107	0.000000	1.000000	10
3781	0.322339	0.000000	1.000000	10
3782	0.966480	0.000000	1.000000	10
3783	0.321723	0.000000	1.000000	10
3784	0.481662	0.000000	1.000000	10
3785	0.125975	0.000000	1.000000	10
3786	0.074140	0.000000	1.000000	10
3787	0.896251	0.000000	1.000000	10
3788	0.442555	0.000000	1.000000	10
3789	0.501549	0.000000	1.000000	10
3790	0.460092	0.000000	1.000000	10
3791	0.169316	0.000000	1.000000	10
3792	0.849382	0.000000	1.000000	10
3793	0.975878	0.000000	1.000000	10
3794	0.353650	0.000000	1.000000	10
3795	0.747282	0.000000	1.000000	10
3796	0.411985	0.000000	1.000000	10
3797	0.819958	0.000000	1.000000	10
3798	0.381906	0.000000	1.000000	10
3799	0.304521	0.000000	1.000000	10
3800	0.808785	0.000000	1.000000	10
3801	0.688022	0.000000	1.000000	10
3802	0.832942	0.000000	1.000000	10
3803	0.730999	0.000000	1.000000	10
3804	0.239752	0.000000	1.000000	10
3805	0.183764	0.000000	1.000000	10
3806	0.466712	0.000000	1.000000	10
3807	0.581232	0.000000	1.000000	10
3808	0.913781	0.000000	1.000000	10
3809	0.357832	0.000000	1.000000	10
3810	0.381522	0.000000	1.000000	10
3811	0.250342	0.000000	1.000000	10
3812	0.904423	0.000000	1.000000	10
3813	0.467822	0.000000	1.000000	10
3814	0.646596	0.000000	1.000000	10
3815	0.272555	0.000000	1.000000	10
3816	0.149618	0.000000	1.000000	10
3817	0.248946	0.000000	1.000000	10
3818	0.758924	0.000000	1.000000	10
3819	0.606493	0.000000	1.000000	10
3820	0.198163	0.000000	1.000000	10
3821	0.825841	0.000000	1.000000	10
3822	0.294434	0.000000	1.000000	10
3823	0.874167	0.000000	1.000000	10
3824	0.587055	0.000000	1.000000	10
3825	0.078012	0.000000	1.000000	10
3826	0.810741	0.000000	1.000000	10
3827	0.571529	0.000000	1.000000	10
3828	0.261402	0.000000	1.000000	10
3829	0.373630	0.000000	1.000000	10
3830	0.843494	0.000000	1.000000	10
3831	0.487181	0.000000	1.000000	10
3832	0.466491	0.000000	1.000000	10
3833	0.677915	0.000000	1.000000	10
3834	0.826367	0.000000	1.000000	10
3835	0.828199	0.000000	1.000000	10
3836	0.497076	0.000000	1.000000	10
3837	0.847862	0.000000	1.000000	10
3838	0.541959	0.000000	1.000000	10
3839	0.298371	0.000000	1.000000	10
3840	0.494472	0.000000	1.000000	10
3841	0.797602	0.000000	1.000000	10
3842	0.759354	0.000000	1.000000	10
3843	0.708898	0.000000	1.000000	10
3844	0.303350	0.000000	1.000000	10
3845	0.773795	0.000000	1.000000	10
3846	0.377479	0.000000	1.000000	10
3847	0.951302	0.000000	1.000000	10
3848	0.771458	0.000000	1.000000	10
3849	0.495375	0.000000	1.000000	10
3850	0.209075	0.000000	1.000000	10
3851	0.775580	0.000000	1.000000	10
3852	0.312706	0.000000	1.000000	10
3853	0.646742	0.000000	1.000000	10
3854	0.383696	0.000000	1.000000	10
3855	0.803168	0.000000	1.000000	10
3856	0.982845	0.000000	1.000000	10
3857	0.152260	0.000000	1.000000	10
3858	0.544502	0.000000	1.000000	10
3859	0.050288	0.000000	1.000000	10
3860	0.676568	0.000000	1.000000	10
3861	0.833294	0.000000	1.000000	10
3862	0.456751	0.000000	1.000000	10
3863	0.175821	0.000000	1.000000	10
3864	0.515977	0.000000	1.000000	10
3865	0.904932	0.000000	1.000000	10
3866	0.669617	0.000000	1.000000	10
3867	0.694843	0.000000	1.000000	10
3868	0.289879	0.000000	1.000000	10
3869	0.437024	0.000000	1.000000	10
3870	0.500960	0.000000	1.000000	10
3871	0.652340	0.000000	1.000000	10
3872	0.485410	0.000000	1.000000	10
3873	0.818188	0.000000	1.000000	10
3874	0.693466	0.000000	1.000000	10
3875	0.474763	0.000000	1.000000	10
3876	0.529758	0.000000	1.000000	10
3877	0.446446	0.000000	1.000000	10
3878	0.479811	0.000000	1.000000	10
3879	0.832270	0.000000	1.000000	10
3880	0.760450	0.000000	1.000000	10
3881	0.813940	0.000000	1.000000	10
3882	0.700052	0.000000	1.000000	10
3883	0.499710	0.000000	1.000000	10
3884	0.755866	0.000000	1.000000	10
3885	0.682907	0.000000	1.000000	10
3886	0.356201	0.000000	1.000000	10
3887	0.296447	0.000000	1.000000	10
3888	0.918798	0.000000	1.000000	10
3889	0.585666	0.000000	1.000000	10
3890	0.440700	0.000000	1.000000	10
3891	0.680540	0.000000	1.000000	10
3892	0.396720	0.000000	1.000000	10
3893	0.463870	0.000000	1.000000	10
3894	0.299254	0.000000	1.000000	10
3895	0.710670	0.000000	1.000000	10
3896	0.915316	0.000000	1.000000	10
3897	0.848428	0.000000	1.000000	10
3898	0.908836	0.000000	1.000000	10
3899	0.922630	0.000000	1.000000	10
3900	0.206256	0.000000	1.000000	10
3901	0.768599	0.000000	1.000000	10
3902	0.356536	0.000000	1.000000	10
3903	0.841581	0.000000	1.000000	10
3904	0.563541	0.000000	1.000000	10
3905	0.492816	0.000000	1.000000	10
3906	0.145072	0.000000	1.000000	10
3907	0.423968	0.000000	1.000000	10
3908	0.642473	0.000000	1.000000	10
3909	0.622998	0.000000	1.000000	10
3910	0.832273	0.000000	1.000000	10
3911	0.672350	0.000000	1.000000	10
3912	0.423934	0.000000	1.000000	10
3913	0.398230	0.000000	1.000000	10
3914	0.405294	0.000000	1.000000	10
3915	0.239367	0.000000	1.000000	10
3916	0.280016	0.000000	1.000000	10
3917	0.093293	0.000000	1.000000	10
3918	0.647350	0.000000	1.000000	10
3919	0.984721	0.000000	1.000000	10
3920	0.180210	0.000000	1.000000	10
3921	0.137954	0.000000	1.000000	10
3922	0.451427	0.000000	1.000000	10
3923	0.920517	0.000000	1.000000	10
3924	0.106258	0.000000	1.000000	10
3925	0.312962	0.000000	1.000000	10
3926	0.714030	0.000000	1.000000	10
3927	0.911655	0.000000	1.000000	10
3928	0.720716	0.000000	1.000000	10
3929	0.463508	0.000000	1.000000	10
3930	0.318177	0.000000	1.000000	10
3931	0.857286	0.000000	1.000000	10
3932	0.642771	0.000000	1.000000	10
3933	0.553670	0.000000	1.000000	10
3934	0.879512	0.000000	1.000000	10
3935	0.411876	0.000000	1.000000	10
3936	0.974316	0.000000	1.000000	10
3937	0.510348	0.000000	1.000000	10
3938	0.470051	0.000000	1.000000	10
3939	0.774279	0.000000	1.000000	10
3940	0.518748	0.000000	1.000000	10
3941	0.792867	0.000000	1.000000	10
3942	0.679075	0.000000	1.000000	10
3943	0.517486	0.000000	1.000000	10
3944	0.191276	0.000000	1.000000	10
3945	0.347164	0.000000	1.000000	10
3946	0.743277	0.000000	1.000000	10
3947	0.961858	0.000000	1.000000	10
3948	0.561000	0.000000	1.000000	10
3949	0.680783	0.000000	1.000000	10
3950	0.565478	0.000000	1.000000	10
3951	0.397095	0.000000	1.000000	10
3952	0.814996	0.000000	1.000000	10
3953	0.533852	0.000000	1.000000	10
3954	0.551382	0.000000	1.000000	10
3955	0.278636	0.000000	1.000000	10
3956	0.576671	0.000000	1.000000	10
3957	0.941908	0.000000	1.000000	10
3958	0.914852	0.000000	1.000000	10
3959	0.297943	0.000000	1.000000	10
3960	0.490770	0.000000	1.000000	10
3961	0.433066	0.000000	1.000000	10
3962	0.987287	0.000000	1.000000	10
3963	0.490597	0.000000	1.000000	10
3964	0.722348	0.000000	1.000000	10
3965	0.907805	0.000000	1.000000	10
3966	0.947825	0.000000	1.000000	10
3967	0.833442	0.000000	1.000000	10
3968	0.656666	0.000000	1.000000	10
3969	0.835236	0.000000	1.000000	10
3970	0.256226	0.000000	1.000000	10
3971	0.650443	0.000000	1.000000	10
3972	0.429597	0.000000	1.000000	10
3973	0.886543	0.000000	1.000000	10
3974	0.473832	0.000000	1.000000	10
3975	0.614411	0.000000	1.000000	10
3976	0.203239	0.000000	1.000000	10
3977	0.536387	0.000000	1.000000	10
3978	0.665677	0.000000	1.000000	10
3979	0.547697	0.000000	1.000000	10
3980	0.433328	0.000000	1.000000	10
3981	0.672274	0.000000	1.000000	10
3982	0.232917	0.000000	1.000000	10
3983	0.690840	0.000000	1.000000	10
3984	0.765498	0.000000	1.000000	10
3985	0.234332	0.000000	1.000000	10
3986	0.812669	0.000000	1.000000	10
3987	0.626166	0.000000	1.000000	10
3988	0.440311	0.000000	1.000000	10
3989	0.524986	0.000000	1.000000	10
3990	0.666593	0.000000	1.000000	10
3991	0.495579	0.000000	1.000000	10
3992	0.480178	0.000000	1.000000	10
3993	0.210299	0.000000	1.000000	10
3994	0.298010	0.000000	1.000000	10
3995	0.785143	0.000000	1.000000	10
3996	0.229212	0.000000	1.000000	10
3997	0.358699	0.000000	1.000000	10
3998	0.273993	0.000000	1.000000	10
3999	0.124203	0.000000	1.000000	10
4000	0.673533	0.000000	1.000000	10
4001	0.212734	0.000000	1.000000	10
4002	0.797360	0.000000	1.000000	10
4003	0.558322	0.000000	1.000000	10
4004	0.535990	0.000000	1.000000	10
4005	0.396760	0.000000	1.000000	10
4006	0.410438	0.000000	1.000000	10
4007	0.750775	0.000000	1.000000	10
4008	0.552638	0.000000	1.000000	10
4009	0.338756	0.000000	1.000000	10
4010	0.690561	0.000000	1.000000	10
4011	0.126957	0.000000	1.000000	10
4012	0.459738	0.000000	1.000000	10
4013	0.365393	0.000000	1.000000	10
4014	0.581863	0.000000	1.000000	10
4015	0.549612	0.000000	1.000000	10
4016	0.530926	0.000000	1.000000	10
4017	0.923562	0.000000	1.000000	10
4018	0.180661	0.000000	1.000000	10
4019	0.273794	0.000000	1.000000	10
4020	0.189519	0.000000	1.000000	10
4021	0.598052	0.000000	1.000000	10
4022	0.471527	0.000000	1.000000	10
4023	0.493802	0.000000	1.000000	10
4024	0.471847	0.000000	1.000000	10
4025	0.891721	0.000000	1.000000	10
4026	0.677998	0.000000	1.000000	10
4027	0.675135	0.000000	1.000000	10
4028	0.952814	0.000000	1.000000	10
4029	0.658511	0.000000	1.000000	10
4030	0.926929	0.000000	1.000000	10
4031	0.959273	0.000000	1.000000	10
4032	0.464534	0.000000	1.000000	10
4033	0.913702	0.000000	1.000000	10
4034	0.458506	0.036247	1.000000	10
4035	0.516638	0.000000	1.000000	10
4036	0.275127	0.000000	1.000000	10
4037	0.290052	0.000000	1.000000	10
4038	0.910842	0.000000	1.000000	10
4039	0.434770	0.003006	1.000000	10
4040	0.309668	0.000000	1.000000	10
4041	0.228474	0.000000	1.000000	10
4042	0.813998	0.000000	1.000000	10
4043	0.921495	0.000000	1.000000	10
4044	0.729267	0.000000	1.000000	10
4045	0.835096	0.000000	1.000000	10
4046	0.711748	0.000000	1.000000	10
4047	0.833289	0.000000	1.000000	10
4048	0.829820	0.000000	1.000000	10
4049	0.354639	0.000000	1.000000	10
4050	0.778748	0.000000	1.000000	10
4051	0.385547	0.000000	1.000000	10
4052	0.330591	0.000000	1.000000	10
4053	0.659185	0.000000	1.000000	10
4054	0.896148	0.000000	1.000000	10
4055	0.473814	0.000000	1.000000	10
4056	0.328030	0.000000	1.000000	10
4057	0.413856	0.000000	1.000000	10
4058	0.643972	0.000000	1.000000	10
4059	0.765818	0.000000	1.000000	10
4060	0.431893	0.000000	1.000000	10
4061	0.106439	0.000000	1.000000	10
4062	0.113532	0.000000	1.000000	10
4063	0.623556	0.000000	1.000000	10
4064	0.651275	0.000000	1.000000	10
4065	0.496234	0.000000	1.000000	10
4066	0.498867	0.000000	1.000000	10
4067	0.307730	0.000000	1.000000	10
4068	0.179133	0.000000	1.000000	10
4069	0.342282	0.000000	1.000000	10
4070	0.588782	0.000000	1.000000	10
4071	0.953419	0.000000	1.000000	10
4072	0.434782	0.000000	1.000000	10
4073	0.296657	0.000000	1.000000	10
4074	0.552362	0.000000	1.000000	10
4075	0.150789	0.000000	1.000000	10
4076	0.690874	0.000000	1.000000	10
4077	0.807221	0.000000	1.000000	10
4078	0.716032	0.000000	1.000000	10
4079	0.476287	0.000000	1.000000	10
4080	0.143523	0.000000	1.000000	10
4081	0.151758	0.000000	1.000000	10
4082	0.883630	0.000000	1.000000	10
4083	0.734251	0.000000	1.000000	10
4084	0.497969	0.000000	1.000000	10
4085	0.438455	0.000000	1.000000	10
4086	0.758955	0.000000	1.000000	10
4087	0.211152	0.000000	1.000000	10
4088	0.535995	0.000000	1.000000	10
4089	0.315431	0.000000	1.000000	10
4090	0.399140	0.000000	1.000000	10
4091	0.868523	0.000000	1.000000	10
4092	0.942475	0.000000	1.000000	10
4093	0.741940	0.000000	1.000000	10
4094	0.662209	0.000000	1.000000	10
4095	0.848212	0.000000	1.000000	10
4096	0.593154	0.000000	1.000000	10
4097	0.606129	0.015072	1.000000	10
4098	0.448691	0.000000	1.000000	10
4099	0.274860	0.000000	1.000000	10
4100	0.336742	0.000000	1.000000	10
4101	0.726987	0.000000	1.000000	10
4102	0.489082	0.000000	1.000000	10
4103	0.833620	0.000000	1.000000	10
4104	0.515684	0.000000	1.000000	10
4105	0.918048	0.000000	1.000000	10
4106	0.684744	0.000000	1.000000	10
4107	0.648632	0.000000	1.000000	10
4108	0.537053	0.000000	1.000000	10
4109	0.868965	0.000000	1.000000	10
4110	0.793146	0.000000	1.000000	10
4111	0.739091	0.000000	1.000000	10
4112	0.672604	0.000000	1.000000	10
4113	0.599030	0.000000	1.000000	10
4114	0.685778	0.000000	1.000000	10
4115	0.558157	0.000000	1.000000	10
4116	0.392626	0.000000	1.000000	10
4117	0.824763	0.000000	1.000000	10
4118	0.606509	0.000000	1.000000	10
4119	0.483639	0.000000	1.000000	10
4120	0.727843	0.000000	1.000000	10
4121	0.831306	0.000000	1.000000	10
4122	0.445096	0.000000	1.000000	10
4123	0.470031	0.000000	1.000000	10
4124	0.811866	0.000000	1.000000	10
4125	0.777424	0.000000	1.000000	10
4126	0.799851	0.000000	1.000000	10
4127	0.350951	0.000000	1.000000	10
4128	0.094010	0.000000	1.000000	10
4129	0.262743	0.000000	1.000000	10
4130	0.508457	0.000000	1.000000	10
4131	0.702321	0.000000	1.000000	10
4132	0.689876	0.000000	1.000000	10
4133	0.751074	0.000000	1.000000	10
4134	0.656582	0.000000	1.000000	10
4135	0.598636	0.000000	1.000000	10
4136	0.656264	0.000000	1.000000	10
4137	0.992951	0.000000	1.000000	10
4138	0.353231	0.000000	1.000000	10
4139	0.522149	0.000000	1.000000	10
4140	0.197968	0.000000	1.000000	10
4141	0.977816	0.000000	1.000000	10
4142	0.971727	0.000000	1.000000	10
4143	0.435350	0.000000	1.000000	10
4144	0.684462	0.000000	1.000000	10
4145	0.986720	0.000000	1.000000	10
4146	0.587549	0.000000	1.000000	10
4147	0.919813	0.000000	1.000000	10
4148	0.515186	0.000000	1.000000	10
4149	0.682209	0.000000	1.000000	10
4150	0.964566	0.000000	1.000000	10
4151	0.341353	0.000000	1.000000	10
4152	0.185254	0.000000	1.000000	10
4153	0.404243	0.000000	1.000000	10
4154	0.419136	0.000000	1.000000	10
4155	0.578910	0.000000	1.000000	10
4156	0.250995	0.000000	1.000000	10
4157	0.726768	0.000000	1.000000	10
4158	0.482457	0.000000	1.000000	10
4159	0.563533	0.000000	1.000000	10
4160	0.926454	0.000000	1.000000	10
4161	0.390841	0.000000	1.000000	10
4162	0.303448	0.000000	1.000000	10
4163	0.493770	0.000000	1.000000	10
4164	0.507238	0.000000	1.000000	10
4165	0.729807	0.000000	1.000000	10
4166	0.862534	0.000000	1.000000	10
4167	0.441716	0.000000	1.000000	10
4168	0.671639	0.000000	1.000000	10
4169	0.937534	0.000000	1.000000	10
4170	0.177822	0.000000	1.000000	10
4171	0.716435	0.000000	1.000000	10
4172	0.156795	0.000000	1.000000	10
4173	0.115570	0.000000	1.000000	10
4174	0.854412	0.000000	1.000000	10
4175	0.533808	0.000000	1.000000	10
4176	0.529235	0.000000	1.000000	10
4177	0.819899	0.000000	1.000000	10
4178	0.550424	0.000000	1.000000	10
4179	0.407873	0.000000	1.000000	10
4180	0.194392	0.000000	1.000000	10
4181	0.244638	0.000000	1.000000	10
4182	0.269987	0.000000	1.000000	10
4183	0.658366	0.000000	1.000000	10
4184	0.811590	0.000000	1.000000	10
4185	0.272283	0.000000	1.000000	10
4186	0.103586	0.000000	1.000000	10
4187	0.175042	0.000000	1.000000	10
4188	0.471648	0.000000	1.000000	10
4189	0.905842	0.000000	1.000000	10
4190	0.451511	0.000000	1.000000	10
4191	0.665509	0.000000	1.000000	10
4192	0.699449	0.000000	1.000000	10
4193	0.440822	0.000000	1.000000	10
4194	0.604161	0.000000	1.000000	10
4195	0.642917	0.000000	1.000000	10
4196	0.875699	0.000000	1.000000	10
4197	0.296242	0.000000	1.000000	10
4198	0.585971	0.000000	1.000000	10
4199	0.777181	0.000000	1.000000	10
4200	0.727447	0.000000	1.000000	10
4201	0.431130	0.000000	1.000000	10
4202	0.706842	0.000000	1.000000	10
4203	0.201566	0.000000	1.000000	10
4204	0.213177	0.000000	1.000000	10
4205	0.398958	0.000000	1.000000	10
4206	0.878799	0.000000	1.000000	10
4207	0.727377	0.000000	1.000000	10
4208	0.382226	0.000000	1.000000	10
4209	0.215356	0.000000	1.000000	10
4210	0.362726	0.000000	1.000000	10
4211	0.415100	0.000000	1.000000	10
4212	0.521829	0.000000	1.000000	10
4213	0.447938	0.000000	1.000000	10
4214	0.571777	0.000000	1.000000	10
4215	0.451044	0.000000	1.000000	10
4216	0.539058	0.000000	1.000000	10
4217	0.959604	0.000000	1.000000	10
4218	0.635668	0.000000	1.000000	10
4219	0.799684	0.000000	1.000000	10
4220	0.723673	0.000000	1.000000	10
4221	0.414045	0.000000	1.000000	10
4222	0.697848	0.000000	1.000000	10
4223	0.292552	0.000000	1.000000	10
4224	0.956849	0.000000	1.000000	10
4225	0.840037	0.000000	1.000000	10
4226	0.344004	0.000000	1.000000	10
4227	0.714738	0.000000	1.000000	10
4228	0.724870	0.000000	1.000000	10
4229	0.352170	0.000000	1.000000	10
4230	0.363441	0.000000	1.000000	10
4231	0.603583	0.000000	1.000000	10
4232	0.704783	0.000000	1.000000	10
4233	0.626179	0.000000	1.000000	10
4234	0.801562	0.038867	1.000000	10
4235	0.830602	0.000000	1.000000	10
4236	0.548072	0.000000	1.000000	10
4237	0.895312	0.000000	1.000000	10
4238	0.570162	0.000000	1.000000	10
4239	0.815019	0.000000	1.000000	10
4240	0.329807	0.000000	1.000000	10
4241	0.203875	0.000000	1.000000	10
4242	0.607715	0.000000	1.000000	10
4243	0.413055	0.000000	1.000000	10
4244	0.637277	0.000000	1.000000	10
4245	0.726693	0.000000	1.000000	10
4246	0.841402	0.000000	1.000000	10
4247	0.643929	0.000000	1.000000	10
4248	0.871022	0.000000	1.000000	10
4249	0.769086	0.000000	1.000000	10
4250	0.805098	0.000000	1.000000	10
4251	0.237228	0.000000	1.000000	10
4252	0.485743	0.000000	1.000000	10
4253	0.524664	0.000000	1.000000	10
4254	0.425507	0.000000	1.000000	10
4255	0.745511	0.000000	1.000000	10
4256	0.778488	0.000000	1.000000	10
4257	0.632607	0.000000	1.000000	10
4258	0.693627	0.000000	1.000000	10
4259	0.769737	0.000000	1.000000	10
4260	0.470742	0.000000	1.000000	10
4261	0.558195	0.000000	1.000000	10
4262	0.767550	0.000000	1.000000	10
4263	0.199623	0.000000	1.000000	10
4264	0.870925	0.000000	1.000000	10
4265	0.558607	0.000000	1.000000	10
4266	0.590276	0.000000	1.000000	10
4267	0.909844	0.000000	1.000000	10
4268	0.417652	0.000000	1.000000	10
4269	0.951518	0.000000	1.000000	10
4270	0.414897	0.000000	1.000000	10
4271	0.492957	0.000000	1.000000	10
4272	0.599782	0.000000	1.000000	10
4273	0.494257	0.000000	1.000000	10
4274	0.755118	0.000000	1.000000	10
4275	0.555995	0.000000	1.000000	10
4276	0.146871	0.000000	1.000000	10
4277	0.692326	0.000000	1.000000	10
4278	0.782545	0.000000	1.000000	10
4279	0.616940	0.000000	1.000000	10
4280	0.637641	0.000000	1.000000	10
4281	0.788990	0.000000	1.000000	10
4282	0.778584	0.000000	1.000000	10
4283	0.797645	0.000000	1.000000	10
4284	0.691947	0.000000	1.000000	10
4285	0.694893	0.000000	1.000000	10
4286	0.658054	0.000000	1.000000	10
4287	0.459906	0.000000	1.000000	10
4288	0.205450	0.000000	1.000000	10
4289	0.371418	0.000000	1.000000	10
4290	0.702452	0.000000	1.000000	10
4291	0.921042	0.000000	1.000000	10
4292	0.516628	0.000000	1.000000	10
4293	0.316358	0.000000	1.000000	10
4294	0.243801	0.000000	1.000000	10
4295	0.596619	0.000000	1.000000	10
4296	0.584927	0.000000	1.000000	10
4297	0.742227	0.000000	1.000000	10
4298	0.742391	0.000000	1.000000	10
4299	0.448929	0.000000	1.000000	10
4300	0.511173	0.000000	1.000000	10
4301	0.913322	0.000000	1.000000	10
4302	0.432916	0.000000	1.000000	10
4303	0.277234	0.000000	1.000000	10
4304	0.636077	0.000000	1.000000	10
4305	0.193524	0.000000	1.000000	10
4306	0.363624	0.000000	1.000000	10
4307	0.659656	0.000000	1.000000	10
4308	0.437175	0.000000	1.000000	10
4309	0.435287	0.000000	1.000000	10
4310	0.610930	0.000000	1.000000	10
4311	0.300834	0.000000	1.000000	10
4312	0.664803	0.000000	1.000000	10
4313	0.427305	0.000000	1.000000	10
4314	0.812199	0.000000	1.000000	10
4315	0.416830	0.000000	1.000000	10
4316	0.406224	0.000000	1.000000	10
4317	0.664283	0.000000	1.000000	10
4318	0.850658	0.000000	1.000000	10
4319	0.739727	0.000000	1.000000	10
4320	0.155290	0.000000	1.000000	10
4321	0.816191	0.000000	1.000000	10
4322	0.287335	0.000000	1.000000	10
4323	0.271048	0.000000	1.000000	10
4324	0.713554	0.000000	1.000000	10
4325	0.153250	0.000000	1.000000	10
4326	0.921738	0.000000	1.000000	10
4327	0.551840	0.000000	1.000000	10
4328	0.262308	0.000000	1.000000	10
4329	0.495026	0.000000	1.000000	10
4330	0.529011	0.000000	1.000000	10
4331	0.368064	0.000000	1.000000	10
4332	0.147461	0.000000	1.000000	10
4333	0.613339	0.000000	1.000000	10
4334	0.505471	0.000000	1.000000	10
4335	0.474364	0.000000	1.000000	10
4336	0.286981	0.000000	1.000000	10
4337	0.556563	0.000000	1.000000	10
4338	0.315673	0.000000	1.000000	10
4339	0.354660	0.000000	1.000000	10
4340	0.416251	0.000000	1.000000	10
4341	0.221535	0.000000	1.000000	10
4342	0.950336	0.000000	1.000000	10
4343	0.749939	0.000000	1.000000	10
4344	0.505064	0.000000	1.000000	10
4345	0.346846	0.000000	1.000000	10
4346	0.312149	0.000000	1.000000	10
4347	0.441185	0.000000	1.000000	10
4348	0.586602	0.000000	1.000000	10
4349	0.383346	0.000000	1.000000	10
4350	0.231279	0.000000	1.000000	10
4351	0.828995	0.000000	1.000000	10
4352	0.394880	0.000000	1.000000	10
4353	0.105461	0.000000	1.000000	10
4354	0.915509	0.000000	1.000000	10
4355	0.348305	0.000000	1.000000	10
4356	0.456913	0.000000	1.000000	10
4357	0.586399	0.000000	1.000000	10
4358	0.208826	0.000000	1.000000	10
4359	0.430185	0.000000	1.000000	10
4360	0.191144	0.000000	1.000000	10
4361	0.494755	0.000000	1.000000	10
4362	0.260346	0.000000	1.000000	10
4363	0.378397	0.000000	1.000000	10
4364	0.642759	0.000000	1.000000	10
4365	0.364741	0.000000	1.000000	10
4366	0.401384	0.000000	1.000000	10
4367	0.337719	0.000000	1.000000	10
4368	0.895250	0.000000	1.000000	10
4369	0.178661	0.000000	1.000000	10
4370	0.952288	0.000000	1.000000	10
4371	0.448081	0.000000	1.000000	10
4372	0.335173	0.000000	1.000000	10
4373	0.933239	0.000000	1.000000	10
4374	0.729153	0.000000	1.000000	10
4375	0.806972	0.000000	1.000000	10
4376	0.618135	0.000000	1.000000	10
4377	0.277758	0.000000	1.000000	10
4378	0.219741	0.000000	1.000000	10
4379	0.320516	0.000000	1.000000	10
4380	0.290665	0.000000	1.000000	10
4381	0.798114	0.000000	1.000000	10
4382	0.761616	0.000000	1.000000	10
4383	0.418437	0.000000	1.000000	10
4384	0.237393	0.000000	1.000000	10
4385	0.833558	0.000000	1.000000	10
4386	0.240403	0.000000	1.000000	10
4387	0.798446	0.000000	1.000000	10
4388	0.656649	0.000000	1.000000	10
4389	0.850135	0.000000	1.000000	10
4390	0.480697	0.000000	1.000000	10
4391	0.949472	0.000000	1.000000	10
4392	0.471407	0.000000	1.000000	10
4393	0.663075	0.000000	1.000000	10
4394	0.615150	0.000000	1.000000	10
4395	0.342779	0.000000	1.000000	10
4396	0.995869	0.000000	1.000000	10
4397	0.946737	0.000000	1.000000	10
4398	0.976772	0.000000	1.000000	10
4399	0.497348	0.000000	1.000000	10
4400	0.544191	0.000000	1.000000	10
4401	0.434024	0.000000	1.000000	10
4402	0.358043	0.000000	1.000000	10
4403	0.930428	0.000000	1.000000	10
4404	0.818459	0.000000	1.000000	10
4405	0.670569	0.000000	1.000000	10
4406	0.250499	0.000000	1.000000	10
4407	0.687291	0.000000	1.000000	10
4408	0.271199	0.000000	1.000000	10
4409	0.275830	0.000000	1.000000	10
4410	0.867704	0.000000	1.000000	10
4411	0.620904	0.000000	1.000000	10
4412	0.562951	0.000000	1.000000	10
4413	0.789934	0.000000	1.000000	10
4414	0.164793	0.000000	1.000000	10
4415	0.566736	0.000000	1.000000	10
4416	0.626681	0.000000	1.000000	10
4417	0.339618	0.000000	1.000000	10
4418	0.296103	0.000000	1.000000	10
4419	0.509880	0.000000	1.000000	10
4420	0.250167	0.000000	1.000000	10
4421	0.622239	0.000000	1.000000	10
4422	0.481161	0.000000	1.000000	10
4423	0.514029	0.000000	1.000000	10
4424	0.357040	0.000000	1.000000	10
4425	0.132553	0.000000	1.000000	10
4426	0.701498	0.000000	1.000000	10
4427	0.459599	0.000000	1.000000	10
4428	0.935977	0.000000	1.000000	10
4429	0.241560	0.000000	1.000000	10
4430	0.977670	0.000000	1.000000	10
4431	0.994001	0.000000	1.000000	10
4432	0.743866	0.000000	1.000000	10
4433	0.267479	0.000000	1.000000	10
4434	0.400110	0.000000	1.000000	10
4435	0.338568	0.000000	1.000000	10
4436	0.778241	0.000000	1.000000	10
4437	0.671596	0.000000	1.000000	10
4438	0.329282	0.000000	1.000000	10
4439	0.704657	0.000000	1.000000	10
4440	0.434502	0.000000	1.000000	10
4441	0.446029	0.000000	1.000000	10
4442	0.613618	0.000000	1.000000	10
4443	0.925207	0.000000	1.000000	10
4444	0.638031	0.000000	1.000000	10
4445	0.965876	0.000000	1.000000	10
4446	0.675949	0.000000	1.000000	10
4447	0.704133	0.000000	1.000000	10
4448	0.436013	0.000000	1.000000	10
4449	0.457121	0.000000	1.000000	10
4450	0.751540	0.000000	1.000000	10
4451	0.761045	0.000000	1.000000	10
4452	0.525631	0.000000	1.000000	10
4453	0.516203	0.000000	1.000000	10
4454	0.536889	0.000000	1.000000	10
4455	0.816477	0.000000	1.000000	10
4456	0.796694	0.000000	1.000000	10
4457	0.892238	0.000000	1.000000	10
4458	0.920698	0.000000	1.000000	10
4459	0.488026	0.000000	1.000000	10
4460	0.675392	0.000000	1.000000	10
4461	0.521459	0.000000	1.000000	10
4462	0.575305	0.000000	1.000000	10
4463	0.334075	0.000000	1.000000	10
4464	0.906444	0.000000	1.000000	10
4465	0.357295	0.000000	1.000000	10
4466	0.625256	0.000000	1.000000	10
4467	0.981386	0.000000	1.000000	10
4468	0.796080	0.000000	1.000000	10
4469	0.261478	0.000000	1.000000	10
4470	0.998187	0.000000	1.000000	10
4471	0.760532	0.000000	1.000000	10
4472	0.459327	0.000000	1.000000	10
4473	0.282251	0.000000	1.000000	10
4474	0.459833	0.000000	1.000000	10
4475	0.433342	0.000000	1.000000	10
4476	0.816223	0.000000	1.000000	10
4477	0.172872	0.000000	1.000000	10
4478	0.458238	0.000000	1.000000	10
4479	0.750520	0.000000	1.000000	10
4480	0.428585	0.000000	1.000000	10
4481	0.600625	0.000000	1.000000	10
4482	0.506598	0.000000	1.000000	10
4483	0.304035	0.000000	1.000000	10
4484	0.342564	0.000000	1.000000	10
4485	0.560448	0.000000	1.000000	10
4486	0.337891	0.000000	1.000000	10
4487	0.431298	0.000000	1.000000	10
4488	0.184352	0.000000	1.000000	10
4489	0.639046	0.000000	1.000000	10
4490	0.596576	0.000000	1.000000	10
4491	0.670874	0.000000	1.000000	10
4492	0.655377	0.000000	1.000000	10
4493	0.768915	0.000000	1.000000	10
4494	0.829338	0.000000	1.000000	10
4495	0.320857	0.000000	1.000000	10
4496	0.512022	0.000000	1.000000	10
4497	0.627837	0.000000	1.000000	10
4498	0.852203	0.000000	1.000000	10
4499	0.569587	0.000000	1.000000	10
4500	0.342466	0.000000	1.000000	10
4501	0.634463	0.000000	1.000000	10
4502	0.534810	0.000000	1.000000	10
4503	0.889200	0.000000	1.000000	10
4504	0.987473	0.000000	1.000000	10
4505	0.622213	0.000000	1.000000	10
4506	0.812301	0.000000	1.000000	10
4507	0.910538	0.000000	1.000000	10
4508	0.898620	0.000000	1.000000	10
4509	0.340208	0.000000	1.000000	10
4510	0.424269	0.000000	1.000000	10
4511	0.173538	0.000000	1.000000	10
4512	0.837770	0.000000	1.000000	10
4513	0.774438	0.000000	1.000000	10
4514	0.374853	0.000000	1.000000	10
4515	0.945740	0.000000	1.000000	10
4516	0.711525	0.000000	1.000000	10
4517	0.476517	0.000000	1.000000	10
4518	0.883973	0.000000	1.000000	10
4519	0.136410	0.000000	1.000000	10
4520	0.150853	0.000000	1.000000	10
4521	0.755731	0.000000	1.000000	10
4522	0.313198	0.000000	1.000000	10
4523	0.815148	0.000000	1.000000	10
4524	0.827416	0.000000	1.000000	10
4525	0.997039	0.000000	1.000000	10
4526	0.444896	0.000000	1.000000	10
4527	0.684940	0.000000	1.000000	10
4528	0.807921	0.000000	1.000000	10
4529	0.310726	0.000000	1.000000	10
4530	0.314026	0.000000	1.000000	10
4531	0.646196	0.000000	1.000000	10
4532	0.494311	0.000000	1.000000	10
4533	0.717644	0.000000	1.000000	10
4534	0.604700	0.000000	1.000000	10
4535	0.596937	0.000000	1.000000	10
4536	0.364258	0.000000	1.000000	10
4537	0.263954	0.000000	1.000000	10
4538	0.550236	0.000000	1.000000	10
4539	0.432833	0.000000	1.000000	10
4540	0.692628	0.000000	1.000000	10
4541	0.956328	0.000000	1.000000	10
4542	0.408099	0.000000	1.000000	10
4543	0.171800	0.000000	1.000000	10
4544	0.453759	0.000000	1.000000	10
4545	0.455870	0.000000	1.000000	10
4546	0.795038	0.000000	1.000000	10
4547	0.434015	0.000000	1.000000	10
4548	0.247465	0.000000	1.000000	10
4549	0.308148	0.000000	1.000000	10
4550	0.458548	0.000000	1.000000	10
4551	0.972562	0.000000	1.000000	10
4552	0.597071	0.000000	1.000000	10
4553	0.317439	0.000000	1.000000	10
4554	0.596884	0.000000	1.000000	10
4555	0.347514	0.000000	1.000000	10
4556	0.408069	0.000000	1.000000	10
4557	0.510286	0.000000	1.000000	10
4558	0.405524	0.000000	1.000000	10
4559	0.627838	0.000000	1.000000	10
4560	0.166496	0.000000	1.000000	10
4561	0.759976	0.000000	1.000000	10
4562	0.927397	0.000000	1.000000	10
4563	0.242818	0.000000	1.000000	10
4564	0.390158	0.000000	1.000000	10
4565	0.245449	0.000000	1.000000	10
4566	0.874426	0.000000	1.000000	10
4567	0.385158	0.000000	1.000000	10
4568	0.517317	0.000000	1.000000	10
4569	0.865434	0.000000	1.000000	10
4570	0.261793	0.000000	1.000000	10
4571	0.564558	0.000000	1.000000	10
4572	0.523902	0.000000	1.000000	10
4573	0.598535	0.000000	1.000000	10
4574	0.997874	0.000000	1.000000	10
4575	0.620904	0.000000	1.000000	10
4576	0.251471	0.000000	1.000000	10
4577	0.918582	0.000000	1.000000	10
4578	0.714967	0.000000	1.000000	10
4579	0.406148	0.000000	1.000000	10
4580	0.867155	0.000000	1.000000	10
4581	0.834215	0.000000	1.000000	10
4582	0.699848	0.000000	1.000000	10
4583	0.375590	0.000000	1.000000	10
4584	0.407147	0.000000	1.000000	10
4585	0.452745	0.000000	1.000000	10
4586	0.323828	0.000000	1.000000	10
4587	0.143344	0.000000	1.000000	10
4588	0.916756	0.000000	1.000000	10
4589	0.349983	0.000000	1.000000	10
4590	0.489364	0.000000	1.000000	10
4591	0.579373	0.000000	1.000000	10
4592	0.825009	0.000000	1.000000	10
4593	0.967986	0.000000	1.000000	10
4594	0.465591	0.000000	1.000000	10
4595	0.545308	0.000000	1.000000	10
4596	0.877347	0.000000	1.000000	10
4597	0.955909	0.000000	1.000000	10
4598	0.289197	0.000000	1.000000	10
4599	0.717010	0.000000	1.000000	10
4600	0.313870	0.000000	1.000000	10
4601	0.267650	0.000000	1.000000	10
4602	0.300981	0.000000	1.000000	10
4603	0.412165	0.000000	1.000000	10
4604	0.885244	0.000000	1.000000	10
4605	0.505883	0.000000	1.000000	10
4606	0.321593	0.046788	1.000000	10
4607	0.591968	0.000000	1.000000	10
4608	0.508205	0.000000	1.000000	10
4609	0.554946	0.000000	1.000000	10
4610	0.418894	0.000000	1.000000	10
4611	0.911692	0.000000	1.000000	10
4612	0.899537	0.000000	1.000000	10
4613	0.470752	0.000000	1.000000	10
4614	0.274716	0.000000	1.000000	10
4615	0.947727	0.000000	1.000000	10
4616	0.252635	0.000000	1.000000	10
4617	0.677950	0.000000	1.000000	10
4618	0.708814	0.000000	1.000000	10
4619	0.508821	0.000000	1.000000	10
4620	0.891908	0.000000	1.000000	10
4621	0.599317	0.000000	1.000000	10
4622	0.318302	0.000526	1.000000	10
4623	0.262205	0.000000	1.000000	10
4624	0.676108	0.000000	1.000000	10
4625	0.957701	0.000000	1.000000	10
4626	0.471020	0.000000	1.000000	10
4627	0.504515	0.000000	1.000000	10
4628	0.867586	0.000000	1.000000	10
4629	0.146929	0.000000	1.000000	10
4630	0.202960	0.000000	1.000000	10
4631	0.756380	0.000000	1.000000	10
4632	0.497788	0.000000	1.000000	10
4633	0.250846	0.000000	1.000000	10
4634	0.321839	0.000000	1.000000	10
4635	0.367903	0.000000	1.000000	10
4636	0.275763	0.000000	1.000000	10
4637	0.406376	0.000000	1.000000	10
4638	0.958572	0.000000	1.000000	10
4639	0.448234	0.000000	1.000000	10
4640	0.863214	0.000000	1.000000	10
4641	0.344762	0.000000	1.000000	10
4642	0.764928	0.000000	1.000000	10
4643	0.506966	0.000000	1.000000	10
4644	0.574410	0.000000	1.000000	10
4645	0.458249	0.000000	1.000000	10
4646	0.728332	0.000000	1.000000	10
4647	0.581855	0.000000	1.000000	10
4648	0.501560	0.000000	1.000000	10
4649	0.343760	0.000000	1.000000	10
4650	0.337495	0.000000	1.000000	10
4651	0.480846	0.000000	1.000000	10
4652	0.472248	0.000000	1.000000	10
4653	0.541791	0.000000	1.000000	10
4654	0.721291	0.000000	1.000000	10
4655	0.774658	0.000000	1.000000	10
4656	0.984110	0.000000	1.000000	10
4657	0.180133	0.000000	1.000000	10
4658	0.555464	0.000000	1.000000	10
4659	0.491198	0.000000	1.000000	10
4660	0.779966	0.000000	1.000000	10
4661	0.894206	0.000000	1.000000	10
4662	0.515277	0.000000	1.000000	10
4663	0.821302	0.000000	1.000000	10
4664	0.473903	0.000000	1.000000	10
4665	0.465141	0.000000	1.000000	10
4666	0.194953	0.000000	1.000000	10
4667	0.600423	0.000000	1.000000	10
4668	0.746671	0.000000	1.000000	10
4669	0.669923	0.000000	1.000000	10
4670	0.442794	0.000368	1.000000	10
4671	0.711280	0.000000	1.000000	10
4672	0.592404	0.000000	1.000000	10
4673	0.428611	0.000000	1.000000	10
4674	0.559795	0.000000	1.000000	10
4675	0.334100	0.000000	1.000000	10
4676	0.649804	0.000000	1.000000	10
4677	0.774701	0.000000	1.000000	10
4678	0.915477	0.000000	1.000000	10
4679	0.590767	0.000000	1.000000	10
4680	0.629082	0.000000	1.000000	10
4681	0.807210	0.000000	1.000000	10
4682	0.525468	0.000000	1.000000	10
4683	0.400683	0.000000	1.000000	10
4684	0.543910	0.000000	1.000000	10
4685	0.893032	0.000000	1.000000	10
4686	0.713518	0.000000	1.000000	10
4687	0.023846	0.000000	1.000000	10
4688	0.457646	0.000000	1.000000	10
4689	0.316048	0.000000	1.000000	10
4690	0.861337	0.000000	1.000000	10
4691	0.624690	0.000000	1.000000	10
4692	0.375663	0.000000	1.000000	10
4693	0.464390	0.000000	1.000000	10
4694	0.293213	0.000000	1.000000	10
4695	0.303876	0.000000	1.000000	10
4696	0.977991	0.000000	1.000000	10
4697	0.686311	0.000000	1.000000	10
4698	0.473626	0.000000	1.000000	10
4699	0.756251	0.000000	1.000000	10
4700	0.746381	0.000000	1.000000	10
4701	0.907954	0.000000	1.000000	10
4702	0.151788	0.000000	1.000000	10
4703	0.770862	0.000000	1.000000	10
4704	0.972868	0.000000	1.000000	10
4705	0.099480	0.000000	1.000000	10
4706	0.541211	0.000000	1.000000	10
4707	0.483546	0.000000	1.000000	10
4708	0.686200	0.000000	1.000000	10
4709	0.176951	0.000000	1.000000	10
4710	0.405606	0.000000	1.000000	10
4711	0.572550	0.000000	1.000000	10
4712	0.986584	0.000000	1.000000	10
4713	0.630266	0.000000	1.000000	10
4714	0.479224	0.000000	1.000000	10
4715	0.224411	0.000000	1.000000	10
4716	0.666210	0.000000	1.000000	10
4717	0.369432	0.000000	1.000000	10
4718	0.917312	0.000000	1.000000	10
4719	0.587986	0.000000	1.000000	10
4720	0.171350	0.000000	1.000000	10
4721	0.213978	0.000000	1.000000	10
4722	0.795854	0.000000	1.000000	10
4723	0.518560	0.000000	1.000000	10
4724	0.848894	0.000000	1.000000	10
4725	0.539616	0.000000	1.000000	10
4726	0.581873	0.000000	1.000000	10
4727	0.878289	0.000000	1.000000	10
4728	0.606761	0.000000	1.000000	10
4729	0.171065	0.000000	1.000000	10
4730	0.849745	0.000000	1.000000	10
4731	0.833151	0.000000	1.000000	10
4732	0.822821	0.000000	1.000000	10
4733	0.292852	0.000000	1.000000	10
4734	0.573401	0.000000	1.000000	10
4735	0.524195	0.000000	1.000000	10
4736	0.278783	0.000000	1.000000	10
4737	0.681905	0.000000	1.000000	10
4738	0.476574	0.000000	1.000000	10
4739	0.529589	0.000000	1.000000	10
4740	0.488197	0.000000	1.000000	10
4741	0.637374	0.000000	1.000000	10
4742	0.652408	0.000000	1.000000	10
4743	0.970098	0.000000	1.000000	10
4744	0.835307	0.000000	1.000000	10
4745	0.792264	0.000000	1.000000	10
4746	0.590357	0.000000	1.000000	10
4747	0.642834	0.000000	1.000000	10
4748	0.171103	0.000000	1.000000	10
4749	0.629113	0.000000	1.000000	10
4750	0.636792	0.000000	1.000000	10
4751	0.253448	0.000000	1.000000	10
4752	0.729151	0.000000	1.000000	10
4753	0.384904	0.000000	1.000000	10
4754	0.836235	0.000000	1.000000	10
4755	0.185321	0.000000	1.000000	10
4756	0.393039	0.000000	1.000000	10
4757	0.729107	0.000000	1.000000	10
4758	0.901700	0.000000	1.000000	10
4759	0.581204	0.000000	1.000000	10
4760	0.922573	0.000000	1.000000	10
4761	0.441562	0.000000	1.000000	10
4762	0.983477	0.000000	1.000000	10
4763	0.363988	0.000000	1.000000	10
4764	0.651984	0.000000	1.000000	10
4765	0.508605	0.000000	1.000000	10
4766	0.288825	0.000000	1.000000	10
4767	0.821410	0.000000	1.000000	10
4768	0.444601	0.000000	1.000000	10
4769	0.359071	0.000000	1.000000	10
4770	0.443775	0.000000	1.000000	10
4771	0.513932	0.000000	1.000000	10
4772	0.325925	0.000000	1.000000	10
4773	0.123196	0.000000	1.000000	10
4774	0.317842	0.000000	1.000000	10
4775	0.903455	0.000000	1.000000	10
4776	0.938444	0.000000	1.000000	10
4777	0.477671	0.000000	1.000000	10
4778	0.839642	0.000000	1.000000	10
4779	0.474246	0.000000	1.000000	10
4780	0.353382	0.000000	1.000000	10
4781	0.868497	0.000000	1.000000	10
4782	0.175220	0.000000	1.000000	10
4783	0.247957	0.000000	1.000000	10
4784	0.643976	0.000000	1.000000	10
4785	0.250003	0.000000	1.000000	10
4786	0.637662	0.000000	1.000000	10
4787	0.154727	0.000000	1.000000	10
4788	0.120488	0.000000	1.000000	10
4789	0.491478	0.000000	1.000000	10
4790	0.221301	0.000000	1.000000	10
4791	0.538849	0.000000	1.000000	10
4792	0.744648	0.000000	1.000000	10
4793	0.303928	0.000000	1.000000	10
4794	0.520327	0.000000	1.000000	10
4795	0.431505	0.000000	1.000000	10
4796	0.201840	0.000000	1.000000	10
4797	0.575814	0.000000	1.000000	10
4798	0.440857	0.000000	1.000000	10
4799	0.957411	0.000000	1.000000	10
4800	0.793053	0.000000	1.000000	10
4801	0.528657	0.000000	1.000000	10
4802	0.467768	0.000000	1.000000	10
4803	0.311954	0.000000	1.000000	10
4804	0.618795	0.000000	1.000000	10
4805	0.072635	0.000000	1.000000	10
4806	0.998328	0.000000	1.000000	10
4807	0.685368	0.000000	1.000000	10
4808	0.702150	0.000000	1.000000	10
4809	0.697728	0.000000	1.000000	10
4810	0.684781	0.000000	1.000000	10
4811	0.755227	0.000000	1.000000	10
4812	0.403152	0.000000	1.000000	10
4813	0.406748	0.000000	1.000000	10
4814	0.573188	0.000000	1.000000	10
4815	0.314169	0.000000	1.000000	10
4816	0.123510	0.000000	1.000000	10
4817	0.527061	0.000000	1.000000	10
4818	0.254480	0.000000	1.000000	10
4819	0.717477	0.000000	1.000000	10
4820	0.880997	0.000000	1.000000	10
4821	0.646577	0.000000	1.000000	10
4822	0.947095	0.000000	1.000000	10
4823	0.871388	0.000000	1.000000	10
4824	0.851080	0.000000	1.000000	10
4825	0.707886	0.000000	1.000000	10
4826	0.482952	0.000000	1.000000	10
4827	0.834663	0.000000	1.000000	10
4828	0.671842	0.000000	1.000000	10
4829	0.468344	0.000000	1.000000	10
4830	0.486017	0.000000	1.000000	10
4831	0.247711	0.000000	1.000000	10
4832	0.220573	0.000000	1.000000	10
4833	0.408909	0.000000	1.000000	10
4834	0.489703	0.000000	1.000000	10
4835	0.866286	0.000000	1.000000	10
4836	0.559038	0.000000	1.000000	10
4837	0.486226	0.000000	1.000000	10
4838	0.885612	0.000000	1.000000	10
4839	0.492859	0.000000	1.000000	10
4840	0.768512	0.000000	1.000000	10
4841	0.700755	0.000000	1.000000	10
4842	0.405484	0.000000	1.000000	10
4843	0.126104	0.000000	1.000000	10
4844	0.692594	0.000000	1.000000	10
4845	0.253389	0.000000	1.000000	10
4846	0.661989	0.000000	1.000000	10
4847	0.274782	0.000000	1.000000	10
4848	0.393459	0.000000	1.000000	10
4849	0.217710	0.000000	1.000000	10
4850	0.619686	0.000000	1.000000	10
4851	0.651480	0.000000	1.000000	10
4852	0.863310	0.000000	1.000000	10
4853	0.462831	0.000000	1.000000	10
4854	0.401591	0.000000	1.000000	10
4855	0.776304	0.000000	1.000000	10
4856	0.388137	0.000000	1.000000	10
4857	0.618951	0.000000	1.000000	10
4858	0.504405	0.000000	1.000000	10
4859	0.526118	0.000000	1.000000	10
4860	0.488754	0.000000	1.000000	10
4861	0.549872	0.000000	1.000000	10
4862	0.877804	0.000000	1.000000	10
4863	0.266973	0.000000	1.000000	10
4864	0.349338	0.000000	1.000000	10
4865	0.907234	0.000000	1.000000	10
4866	0.649944	0.000000	1.000000	10
4867	0.322926	0.000000	1.000000	10
4868	0.804772	0.000000	1.000000	10
4869	0.224642	0.000000	1.000000	10
4870	0.395031	0.000000	1.000000	10
4871	0.591613	0.000000	1.000000	10
4872	0.866525	0.000000	1.000000	10
4873	0.305822	0.000000	1.000000	10
4874	0.720333	0.000000	1.000000	10
4875	0.717200	0.000000	1.000000	10
4876	0.903024	0.000000	1.000000	10
4877	0.409779	0.000000	1.000000	10
4878	0.288705	0.000000	1.000000	10
4879	0.281640	0.000000	1.000000	10
4880	0.954996	0.000000	1.000000	10
4881	0.696856	0.000000	1.000000	10
4882	0.391505	0.000000	1.000000	10
4883	0.073576	0.000000	1.000000	10
4884	0.556852	0.000000	1.000000	10
4885	0.337740	0.000000	1.000000	10
4886	0.911397	0.000000	1.000000	10
4887	0.500584	0.000000	1.000000	10
4888	0.282585	0.000000	1.000000	10
4889	0.748719	0.000000	1.000000	10
4890	0.724070	0.000000	1.000000	10
4891	0.703186	0.000000	1.000000	10
4892	0.601656	0.000000	1.000000	10
4893	0.301108	0.000000	1.000000	10
4894	0.384934	0.000000	1.000000	10
4895	0.754289	0.000000	1.000000	10
4896	0.758942	0.000000	1.000000	10
4897	0.485328	0.000000	1.000000	10
4898	0.807109	0.000000	1.000000	10
4899	0.656354	0.000000	1.000000	10
4900	0.277067	0.000000	1.000000	10
4901	0.405566	0.000000	1.000000	10
4902	0.509390	0.000000	1.000000	10
4903	0.395605	0.016739	1.000000	10
4904	0.588860	0.000000	1.000000	10
4905	0.378242	0.000000	1.000000	10
4906	0.263846	0.000000	1.000000	10
4907	0.710780	0.000000	1.000000	10
4908	0.691835	0.000000	1.000000	10
4909	0.706527	0.000000	1.000000	10
4910	0.927850	0.000000	1.000000	10
4911	0.948679	0.000000	1.000000	10
4912	0.506330	0.000000	1.000000	10
4913	0.371908	0.000000	1.000000	10
4914	0.478159	0.000000	1.000000	10
4915	0.460571	0.000000	1.000000	10
4916	0.436936	0.000000	1.000000	10
4917	0.822515	0.000000	1.000000	10
4918	0.519744	0.000000	1.000000	10
4919	0.312275	0.000000	1.000000	10
4920	0.907642	0.000000	1.000000	10
4921	0.947367	0.000000	1.000000	10
4922	0.402716	0.000000	1.000000	10
4923	0.538619	0.000000	1.000000	10
4924	0.762865	0.000000	1.000000	10
4925	0.512825	0.000000	1.000000	10
4926	0.413325	0.000000	1.000000	10
4927	0.514180	0.000000	1.000000	10
4928	0.652545	0.000000	1.000000	10
4929	0.758898	0.000000	1.000000	10
4930	0.406671	0.000000	1.000000	10
4931	0.659399	0.000000	1.000000	10
4932	0.630145	0.000000	1.000000	10
4933	0.497477	0.000000	1.000000	10
4934	0.764135	0.000000	1.000000	10
4935	0.515548	0.000000	1.000000	10
4936	0.511565	0.000000	1.000000	10
4937	0.781263	0.000000	1.000000	10
4938	0.308717	0.000000	1.000000	10
4939	0.782726	0.000000	1.000000	10
4940	0.323283	0.000000	1.000000	10
4941	0.790023	0.000000	1.000000	10
4942	0.422592	0.000000	1.000000	10
4943	0.276793	0.000000	1.000000	10
4944	0.534933	0.000000	1.000000	10
4945	0.977023	0.000000	1.000000	10
4946	0.797022	0.000000	1.000000	10
4947	0.355393	0.000000	1.000000	10
4948	0.662553	0.000000	1.000000	10
4949	0.239011	0.000000	1.000000	10
4950	0.295559	0.000000	1.000000	10
4951	0.264118	0.000000	1.000000	10
4952	0.722912	0.000000	1.000000	10
4953	0.478609	0.000000	1.000000	10
4954	0.608960	0.000000	1.000000	10
4955	0.476902	0.000000	1.000000	10
4956	0.686251	0.000000	1.000000	10
4957	0.790887	0.000000	1.000000	10
4958	0.297394	0.000000	1.000000	10
4959	0.250283	0.000000	1.000000	10
4960	0.649200	0.000000	1.000000	10
4961	0.571714	0.000000	1.000000	10
4962	0.209171	0.000000	1.000000	10
4963	0.755283	0.000000	1.000000	10
4964	0.814163	0.000000	1.000000	10
4965	0.661691	0.000000	1.000000	10
4966	0.143810	0.000000	1.000000	10
4967	0.417096	0.000000	1.000000	10
4968	0.699083	0.000000	1.000000	10
4969	0.610064	0.000000	1.000000	10
4970	0.739516	0.000000	1.000000	10
4971	0.726153	0.000000	1.000000	10
4972	0.392635	0.000000	1.000000	10
4973	0.706185	0.000000	1.000000	10
4974	0.265415	0.000000	1.000000	10
4975	0.644861	0.000000	1.000000	10
4976	0.496502	0.000000	1.000000	10
4977	0.396834	0.000000	1.000000	10
4978	0.780329	0.000000	1.000000	10
4979	0.235054	0.000000	1.000000	10
4980	0.410297	0.032316	1.000000	10
4981	0.375110	0.000000	1.000000	10
4982	0.810248	0.000000	1.000000	10
4983	0.744151	0.000000	1.000000	10
4984	0.254243	0.000000	1.000000	10
4985	0.702296	0.000000	1.000000	10
4986	0.569053	0.000000	1.000000	10
4987	0.450910	0.000000	1.000000	10
4988	0.948238	0.000000	1.000000	10
4989	0.300001	0.000000	1.000000	10
4990	0.595122	0.000000	1.000000	10
4991	0.184446	0.000000	1.000000	10
4992	0.284782	0.000000	1.000000	10
4993	0.415844	0.000000	1.000000	10
4994	0.832229	0.000000	1.000000	10
4995	0.838472	0.000000	1.000000	10
4996	0.558377	0.000000	1.000000	10
4997	0.882468	0.000000	1.000000	10
4998	0.618486	0.000000	1.000000	10
4999	0.390453	0.000000	1.000000	10
5000	0.650753	0.000000	1.000000	10
5001	0.636661	0.000000	1.000000	10
5002	0.385560	0.000000	1.000000	10
5003	0.369680	0.000000	1.000000	10
5004	0.708471	0.000000	1.000000	10
5005	0.573144	0.000000	1.000000	10
5006	0.124217	0.000000	1.000000	10
