mol_idx,edit_type,site_idx,n_depths_used,entropy_mean,entropy_std,entropy_range
0,b,20,6,3.6013721227645874,0.35741377353971737,0.8660476207733154
1,b,15,6,3.8820927937825522,0.4432311954321836,1.0735254287719727
2,b,52,6,4.11060643196106,0.25415673181137344,0.5855960845947266
3,b,22,6,3.5956141153971353,0.5667812524024203,1.5671486854553223
4,b,3,6,3.8404695987701416,0.2399008903025208,0.6041440963745117
5,b,18,6,3.166042447090149,0.19844330692270284,0.5395607948303223
6,b,34,6,3.8535224994023642,0.4789404025350594,1.2902705669403076
7,b,13,6,3.3624451955159507,0.2920707859349258,0.7246832847595215
8,b,12,6,3.1030571858088174,0.2390645093873204,0.5770444869995117
9,b,17,6,4.201968868573506,0.3045875693283592,0.8081498146057129
10,b,3,6,3.9807772239049277,0.3615667127788308,0.8696620464324951
11,b,23,6,3.5398144324620566,0.2327835255234362,0.6092574596405029
12,b,22,6,3.729432463645935,0.31688978964336423,0.8184871673583984
13,b,16,6,3.492842157681783,0.2849157703654705,0.7839815616607666
14,b,1,6,3.3941605488459268,0.16884080380735197,0.39986538887023926
15,b,14,6,3.7254247268040976,0.3297026331809766,0.8301608562469482
16,b,8,6,3.5491960843404136,0.4252127531889482,1.0960822105407715
17,a,39,6,4.689132531483968,0.15916985203995643,0.40944957733154297
18,b,17,6,3.4109878540039062,0.38693452718291776,0.9305436611175537
19,b,7,6,3.851174553235372,0.4294341180919203,1.0896148681640625
20,b,16,6,4.16989250977834,0.402719971226902,1.04841947555542
21,b,70,6,3.966642181078593,0.6181413635909805,1.6088547706604004
22,b,21,6,3.546977957089742,0.4652161581978185,1.2415134906768799
23,b,11,6,3.325260361035665,0.308727751097032,0.7503411769866943
24,b,15,6,3.916802485783895,0.3607189349324165,0.8473641872406006
25,b,13,6,4.038533051808675,0.3992310898692002,1.1290695667266846
26,b,11,6,3.7173054615656533,0.36398320026917347,0.9543263912200928
27,b,10,6,4.250808040301005,0.29492741144520457,0.7196874618530273
28,b,7,6,3.5265873670578003,0.3789087701994809,0.9753074645996094
29,b,18,6,3.3719946146011353,0.2562108201985519,0.6719670295715332
30,b,9,6,3.8111743927001953,0.4263924604337301,0.945652961730957
31,b,11,6,3.8143840630849204,0.353984052179429,0.9535646438598633
32,a,12,6,3.518524686495463,0.20026436561267336,0.5168883800506592
33,a,0,6,4.201567927996318,0.15335436871195315,0.42609715461730957
34,b,44,6,3.964561144510905,0.5009894399360408,1.275266408920288
35,b,0,6,3.5133458773295083,0.37831542145180713,0.972630500793457
36,a,11,6,3.532086451848348,0.2283456452914668,0.5287504196166992
37,b,0,6,3.730063796043396,0.40260617580818897,0.9702253341674805
38,b,29,6,4.312608440717061,0.47724947761278347,1.2081577777862549
39,b,14,6,3.2561026414235434,0.2508915367263765,0.6664578914642334
40,b,23,6,3.587122082710266,0.3679878158475151,0.8471379280090332
41,b,16,6,3.0971126556396484,0.3061370225303353,0.7089023590087891
42,b,19,6,4.218443711598714,0.4961183870396438,1.2301812171936035
43,b,11,6,4.292654673258464,0.3104611385342236,0.8656501770019531
44,b,31,6,4.011703252792358,0.4986036967121115,1.1948046684265137
45,b,25,6,3.9396504163742065,0.28860567571343587,0.7107565402984619
46,a,11,6,4.166781465212504,0.3099611566875859,0.7575130462646484
47,b,22,6,4.263237436612447,0.4745167306337297,1.2619905471801758
48,b,27,6,3.7868699630101523,0.3166772710633189,0.7630355358123779
49,b,10,6,3.560832420984904,0.3422128934458,0.8890626430511475
50,b,18,6,4.196146607398987,0.35348035761100255,0.8771491050720215
51,b,9,6,3.4286321798960366,0.38721741290382294,0.8854050636291504
52,b,4,6,4.54602034886678,0.3606824285568467,0.9298949241638184
53,b,19,6,3.840565284093221,0.325517666274642,0.7703967094421387
54,b,8,6,3.562112728754679,0.32739498158838687,0.8175954818725586
55,b,31,6,4.053734381993611,0.4650747894875569,1.153508186340332
56,b,23,6,4.193295915921529,0.39431796143688436,0.9801108837127686
57,b,0,6,3.107661008834839,0.3228693884990279,0.7358636856079102
58,b,24,6,3.960404396057129,0.39246741308289773,1.0481252670288086
59,b,14,6,3.571314295132955,0.3425842468204057,0.8068606853485107
60,b,21,6,3.4064151446024575,0.35205317935617203,0.9448778629302979
61,b,8,6,4.28844690322876,0.287335343817455,0.7435269355773926
62,b,18,6,3.550297657648722,0.3905133622646407,0.9681613445281982
63,a,18,6,4.14144750436147,0.26132100960014554,0.6013071537017822
64,b,15,6,3.49509064356486,0.5403464330334107,1.3495664596557617
65,b,17,6,4.021364808082581,0.41010340060158024,1.0000121593475342
66,b,45,6,4.205291310946147,0.37213138876678487,0.9273355007171631
67,a,12,6,3.783115347226461,0.13830098487778764,0.3333282470703125
68,b,11,6,4.084965229034424,0.38942668298080985,1.0319328308105469
69,b,27,6,3.9190592765808105,0.36315743683617413,0.8721628189086914
70,b,22,6,4.307000120480855,0.44542224094024835,1.1006639003753662
71,b,7,6,4.43430773417155,0.336167821490989,0.8594827651977539
72,b,72,6,4.18458624680837,0.5186280857569616,1.3563802242279053
73,b,10,6,4.22631307442983,0.32367734759891287,0.7445104122161865
74,b,13,6,3.5088833967844644,0.26356257404025285,0.6610653400421143
75,b,0,6,3.053135712941488,0.21991121418150186,0.516303539276123
76,b,64,6,4.501477241516113,0.3951279078682525,1.033867359161377
77,b,37,6,4.033058921496074,0.5051234089408845,1.1421937942504883
78,a,13,6,3.7549050649007163,0.31693053497084367,0.8231716156005859
79,b,61,6,4.569487015406291,0.39095542755802337,0.9613075256347656
80,b,19,6,3.831618547439575,0.40842721847053337,1.0469794273376465
81,b,28,6,4.066527406374614,0.3472280265245437,0.8986153602600098
82,b,14,6,3.2814190785090127,0.517085063875848,1.1977112293243408
83,b,7,6,3.610948363939921,0.4006619913432996,0.9709968566894531
84,b,5,6,3.249623656272888,0.18333147227030916,0.44405436515808105
85,b,51,6,4.2141075531641645,0.43578680145663695,1.0595884323120117
86,b,10,6,3.712622324625651,0.4361079653024317,1.0997560024261475
87,b,33,6,3.9731167554855347,0.41234320675630726,1.1245553493499756
88,a,0,6,3.1589795351028442,0.10317890541020788,0.26485729217529297
89,b,14,6,3.0596845944722495,0.31794717306473114,0.7972226142883301
90,b,59,6,4.318568587303162,0.3935572752758313,1.0484535694122314
91,b,22,6,3.2841272354125977,0.3954742671428645,0.9798266887664795
92,b,10,6,4.141041556994121,0.32937183447831564,0.8237457275390625
93,a,17,6,4.34893536567688,0.26132285943911315,0.5864343643188477
94,a,3,6,3.854398767153422,0.1438679149272399,0.3258936405181885
95,b,64,6,5.140226284662883,0.14570435255947728,0.34955453872680664
96,b,39,6,4.15471076965332,0.3832018820203717,1.076613187789917
97,b,32,6,4.019631544748942,0.3658907473486606,0.9944226741790771
98,b,21,6,4.147745688756307,0.3583995440473285,0.948361873626709
99,b,25,6,4.3484106461207075,0.2464582346781817,0.7180740833282471
100,b,14,6,4.092300335566203,0.3658326111187538,0.9810786247253418
101,b,12,6,3.659121870994568,0.3179886490129781,0.8300199508666992
102,b,28,6,3.937913656234741,0.31221173354149456,0.7895936965942383
103,b,24,6,3.295416831970215,0.4455675343594999,1.0532748699188232
104,b,10,6,3.3675814072291055,0.27031134723603034,0.6405434608459473
105,b,52,6,4.375260869661967,0.3935568637761738,1.0162577629089355
106,b,20,6,3.6635502179463706,0.29215097816932417,0.7642219066619873
107,b,14,6,3.958418329556783,0.32580864175510416,0.838447093963623
108,b,42,6,3.879448135693868,0.5336783487802725,1.2616190910339355
109,b,24,6,3.4914610385894775,0.3249216526863786,0.7689523696899414
110,b,44,6,4.249465147654216,0.45151831435032347,1.0889697074890137
111,b,9,6,3.3837472597757974,0.23938655720497473,0.6071910858154297
112,b,21,6,4.277221282323201,0.3096200904249296,0.8149876594543457
113,b,3,6,4.10086989402771,0.34891648581562756,0.979180097579956
114,b,25,6,4.175567547480266,0.3772101267006865,0.9920649528503418
115,b,16,6,3.6399912436803183,0.47509015275572725,1.1276345252990723
116,b,8,6,3.4945733149846396,0.26753648338938446,0.6560282707214355
117,b,21,6,4.2067774931589765,0.3958398562718834,0.9762227535247803
118,b,16,6,3.6354239781697593,0.26900186024427464,0.7324342727661133
119,b,22,6,4.38665239016215,0.3532971818822532,0.9364199638366699
120,b,3,6,3.990428328514099,0.5308917846235546,1.3047511577606201
121,b,40,6,3.8138774633407593,0.3471400339877889,0.871701717376709
122,b,3,6,3.7616020838419595,0.3647887410237051,0.9555439949035645
123,b,22,6,4.081288854281108,0.5600419796159121,1.3816792964935303
124,b,1,6,3.9961660305658975,0.3732730117345899,0.9849903583526611
125,b,30,6,3.9615395863850913,0.4539151457992001,1.1951625347137451
126,b,13,6,3.433513124783834,0.2895213607805647,0.7334403991699219
127,b,38,6,4.20852514108022,0.40010538611663815,1.0491979122161865
128,b,4,6,3.6594046354293823,0.215450947517227,0.6024954319000244
129,b,13,6,4.273473024368286,0.4379374915731782,1.1450364589691162
130,b,5,6,3.3099797566731772,0.4397019802594712,1.0796618461608887
131,a,17,6,4.011502385139465,0.24072719945767848,0.5586895942687988
132,a,1,6,4.029290358225505,0.21033107766730136,0.4978797435760498
133,b,23,6,3.771971861521403,0.297477385543284,0.7696514129638672
134,b,5,6,4.087843736012776,0.39513812737190257,0.9398455619812012
135,a,0,6,3.40225613117218,0.13375707301059458,0.3638432025909424
136,b,8,6,3.9050319592158,0.3247184637725176,0.8383667469024658
137,b,34,6,3.915741801261902,0.6685947654148693,1.678109884262085
138,a,9,6,3.2053234577178955,0.43052114182261614,1.0206234455108643
139,b,16,6,4.351676384607951,0.2530626147976127,0.6282134056091309
140,b,18,6,3.752020517985026,0.2882279406938435,0.6894760131835938
141,b,18,6,3.41886568069458,0.503064132703335,1.3422434329986572
142,b,5,6,3.0501888593037925,0.44274793587493394,1.0901217460632324
143,b,13,6,4.018680771191915,0.431620849629045,1.1456105709075928
144,b,2,6,3.4068647623062134,0.36732383965718296,0.9320952892303467
145,b,40,6,4.409985701243083,0.3428092249089183,0.9708719253540039
146,a,18,6,3.8310368061065674,0.19261355175702938,0.5005381107330322
147,b,33,6,4.100284059842427,0.47980076727226767,1.2897627353668213
148,b,16,6,3.2543892860412598,0.485345040950727,1.204070806503296
149,b,13,6,3.555200974146525,0.2664031898738393,0.7192041873931885
150,b,32,6,3.7629945278167725,0.43444812200829513,1.0057740211486816
151,b,28,6,3.7178385655085244,0.36214626755532586,0.8591964244842529
152,a,19,6,3.947738528251648,0.3412104219356791,0.903480052947998
153,b,36,6,4.361517628033956,0.44248339199859893,1.0852875709533691
154,a,6,6,3.5403650204340615,0.18629347549646685,0.4601783752441406
155,b,23,6,3.6257145007451377,0.20991355284376673,0.5501928329467773
156,b,7,6,3.752092480659485,0.38261769510857896,0.9040448665618896
157,b,15,6,3.264119545618693,0.40410370455241035,0.9244091510772705
158,b,13,6,4.115629275639852,0.36915185350814034,1.0370242595672607
159,b,7,6,3.5835477113723755,0.5302881806391009,1.3856770992279053
160,b,14,6,3.6196370124816895,0.44952561977636923,1.1928112506866455
161,b,20,6,4.146049737930298,0.404314489017055,1.1323044300079346
162,b,16,6,4.072194059689839,0.45190207331320165,1.170475959777832
163,b,4,6,3.2619816064834595,0.18432852178633746,0.4436628818511963
164,b,9,6,3.5563015937805176,0.508141229204037,1.3190929889678955
165,b,16,6,3.5641552209854126,0.359466674343064,0.9272322654724121
166,b,41,6,4.2777392864227295,0.6044819309491635,1.4970579147338867
167,b,7,6,3.700149416923523,0.3239998767297568,0.8430697917938232
168,a,12,6,3.333024342854818,0.2684399784166402,0.6345624923706055
169,b,11,6,4.146715879440308,0.3934326802190292,1.0246775150299072
170,b,10,6,3.788894693056742,0.4676081240855014,1.2173171043395996
171,b,12,6,3.29779847462972,0.30453126405094766,0.8136534690856934
172,b,46,6,4.3362763325373335,0.3996624369131668,1.0866856575012207
173,b,22,6,4.189164797465007,0.42593389894323314,1.0995101928710938
174,b,3,6,3.050498882929484,0.48763687512752424,1.1532235145568848
175,b,6,6,3.361478805541992,0.346480413922985,0.9516160488128662
176,a,60,6,5.147000074386597,0.11977988956548465,0.32241010665893555
177,b,14,6,3.9145682652791343,0.40939896697052996,0.9981403350830078
178,b,46,6,4.270163098971049,0.41021706002717573,1.002396821975708
179,b,18,6,3.9314411878585815,0.2786314794499055,0.73638916015625
180,a,25,6,4.0466065009435015,0.3165134878774263,0.7856903076171875
181,b,5,6,3.4210707743962607,0.3519671523035603,0.8073899745941162
182,b,2,6,3.6661829551060996,0.5118208886768669,1.3099136352539062
183,b,1,6,3.685709317525228,0.383993926784362,0.907573938369751
184,b,31,6,3.6504526138305664,0.3068595813449244,0.7832221984863281
185,b,16,6,3.865177591641744,0.4548845351182585,1.0658984184265137
186,b,60,6,4.268980582555135,0.4895363247234751,1.1598320007324219
187,a,15,6,3.9967445135116577,0.11407231594732786,0.29027557373046875
188,b,28,6,4.418540159861247,0.4011103463667363,1.0132184028625488
189,b,16,6,2.9969144662221274,0.4076691662879,0.9784040451049805
190,a,2,6,3.9115450382232666,0.11665924454521442,0.3086888790130615
191,b,6,6,2.9775319496790567,0.3107711033567854,0.8691656589508057
192,b,13,6,4.609038829803467,0.4265413380593485,1.1004209518432617
193,b,17,6,3.2912628650665283,0.4078179432366948,0.9733238220214844
194,b,8,6,3.348621646563212,0.45432416591594244,1.2344214916229248
195,b,1,6,3.4754397869110107,0.2838846566258437,0.646334171295166
196,b,24,6,4.341588735580444,0.38705206347760873,0.9345121383666992
197,b,15,6,3.562971909840902,0.3771942576391261,0.8780150413513184
198,b,26,6,4.457058827082316,0.2885830593068504,0.7115850448608398
199,b,20,6,4.396773298581441,0.36977208243288934,0.9206650257110596
200,b,12,6,3.633705218633016,0.4604743337843255,1.2371141910552979
201,a,10,6,3.9148017168045044,0.33575101473162894,0.8469762802124023
202,b,20,6,3.466133634249369,0.4031792955817015,1.017535924911499
203,b,51,6,3.976497769355774,0.37655594790564073,0.9572601318359375
204,b,15,6,4.289234280586243,0.3881413451928152,0.9469547271728516
205,b,26,6,3.8507511218388877,0.29173598224772934,0.7773745059967041
206,a,17,6,3.9064569075902305,0.27140002123187346,0.6097540855407715
207,b,33,6,3.3938767115275064,0.36634034047418984,0.8708784580230713
208,b,31,6,4.011772791544597,0.4114785164254727,1.0334484577178955
209,b,5,6,4.046740730603536,0.22630010732877,0.5837302207946777
210,b,40,6,4.195811669031779,0.24748644382702267,0.6583313941955566
211,a,4,6,4.3436539967854815,0.17292355140656285,0.465179443359375
212,a,25,6,4.17246409257253,0.22390591244455035,0.5518829822540283
213,a,10,6,3.8948124249776206,0.15298858468903184,0.3824925422668457
214,a,11,6,3.671254515647888,0.17741355189891103,0.4403560161590576
215,b,2,6,3.005518635114034,0.37558004880682505,0.9233255386352539
216,b,7,6,3.6776211261749268,0.6986320023265429,1.7648768424987793
217,b,21,6,3.6956584056218467,0.376646849415796,1.003389835357666
218,a,13,6,3.5470885833104453,0.1562903288061205,0.40022969245910645
219,a,23,6,4.32296355565389,0.22530573513869454,0.5473060607910156
220,b,22,6,4.2907605568567915,0.5473686281861307,1.3111889362335205
221,b,28,6,4.412070194880168,0.43518830698081834,1.073732852935791
222,a,9,6,4.166043361028035,0.1867946835418661,0.440401554107666
223,b,80,6,4.450922012329102,0.37809248037380494,0.911616325378418
224,b,42,6,4.109982093175252,0.5582808567072475,1.3443031311035156
225,b,12,6,3.199404994646708,0.4864508120898014,1.2665741443634033
226,b,14,6,3.121885617574056,0.39390117959336335,0.9475374221801758
227,b,18,6,3.546971837679545,0.2829701920386306,0.6379261016845703
228,a,7,6,4.723471800486247,0.2326055744943607,0.6420040130615234
229,a,21,6,4.065575122833252,0.1965399578345297,0.4569516181945801
230,a,11,6,3.714306354522705,0.10909713430334794,0.2701609134674072
231,b,32,6,3.9804608821868896,0.3059654035477583,0.7036359310150146
232,b,36,6,4.1747052272160845,0.31573489299824675,0.8263587951660156
233,a,8,6,3.397595167160034,0.21470510628259426,0.5563898086547852
234,b,9,6,3.3789052963256836,0.24573179028360972,0.6477584838867188
235,a,18,6,4.12190302213033,0.19672971071574988,0.49899864196777344
236,a,21,6,4.305630763371785,0.1614915150200065,0.42586708068847656
237,a,2,6,3.831808646519979,0.44448427468133894,1.1358609199523926
238,b,11,6,3.4973051150639853,0.22756146264811852,0.5736484527587891
239,b,10,6,2.895888606707255,0.33260186036015027,0.7840995788574219
240,b,48,6,4.208957473436992,0.56507473076683,1.3000822067260742
241,b,73,6,4.55005955696106,0.4665804321827154,1.1574745178222656
242,b,9,6,4.143947084744771,0.3433241585848034,0.8756706714630127
243,b,5,6,3.6137150128682456,0.5049450290585051,1.2660291194915771
244,a,10,6,3.400567332903544,0.21898687831246066,0.5202889442443848
245,a,27,6,4.515379428863525,0.1549142335742859,0.3733401298522949
246,a,0,6,3.3474103212356567,0.2407802465017842,0.5956189632415771
247,a,8,6,3.858598788579305,0.18897662429141598,0.45943355560302734
248,b,18,6,3.9963649113972983,0.29516284690835504,0.707543134689331
249,b,7,6,3.3369115193684897,0.19824279775284517,0.4795560836791992
250,b,17,6,4.007047375043233,0.46735341210222353,1.1283798217773438
251,b,30,6,4.08567460378011,0.34825544653957546,0.9481515884399414
252,b,8,6,4.017541885375977,0.3294633031978469,0.809612512588501
253,a,14,6,3.7364341815312705,0.18869874139814982,0.44818949699401855
254,b,39,6,4.0058233340581255,0.35270695258621776,0.8514187335968018
255,b,3,6,4.040351867675781,0.5234711461825868,1.3661551475524902
256,b,13,6,3.4434918959935508,0.3363513061260269,0.8691558837890625
257,b,18,6,3.8749929666519165,0.5363325204641349,1.3792438507080078
258,b,44,6,4.17300283908844,0.3202120913603762,0.8067281246185303
259,b,19,6,3.9706863164901733,0.44338273673940926,1.0965099334716797
260,b,17,6,3.581840475400289,0.3700075165559869,0.9672200679779053
261,b,15,6,3.6332693099975586,0.28049867022320274,0.6961736679077148
262,b,10,6,3.608490268389384,0.38879664608525577,0.9512779712677002
263,a,9,6,3.9701808293660483,0.19698677061730074,0.47958922386169434
264,a,5,6,3.3056393464406333,0.30526108519109574,0.731935977935791
265,b,12,6,3.8168991804122925,0.34059064518555404,0.8639254570007324
266,b,21,6,3.98492431640625,0.4874452434379991,1.2707219123840332
267,b,8,6,2.875837802886963,0.2958783896658153,0.7588841915130615
268,b,26,6,3.8437032302220664,0.4566724950949695,1.220735788345337
269,b,41,6,4.062569896380107,0.5325803101691035,1.3630611896514893
270,b,41,6,3.9578818480173745,0.32892580458867066,0.798072099685669
271,b,11,6,3.346163829167684,0.37247888570415355,0.9008235931396484
272,b,44,6,4.405926783879598,0.3874812982630615,0.971311092376709
273,a,12,6,3.633760611216227,0.09992260015202184,0.2235562801361084
274,b,2,6,4.053722023963928,0.579907175546226,1.4141793251037598
275,b,25,6,4.098644097646077,0.3611990933115486,0.9027550220489502
276,b,39,6,3.724861184755961,0.678289455610395,1.6086113452911377
277,b,36,6,3.765362540880839,0.3748098385212572,0.963608980178833
278,b,19,6,4.161283810933431,0.3940887806610034,1.0121688842773438
279,a,21,6,4.409993807474772,0.20899433601001371,0.5955171585083008
280,a,21,6,4.41367769241333,0.2092786826932397,0.6015591621398926
281,a,13,6,3.751734455426534,0.31320467291658316,0.7546288967132568
282,b,14,6,3.5734782616297402,0.291414488014733,0.7461230754852295
283,b,43,6,4.370917280515035,0.3916220965880485,1.0540902614593506
284,a,13,6,3.7014296849568686,0.1451543106046599,0.4072604179382324
285,a,7,6,3.2795175313949585,0.1570986761312393,0.42288637161254883
286,a,33,6,4.56204358736674,0.21088135625768734,0.5242323875427246
287,b,1,6,3.686885118484497,0.5685018960883446,1.3559110164642334
288,a,0,6,3.1184513171513877,0.23792285197758703,0.608492374420166
289,a,9,6,3.972853660583496,0.1370912672312353,0.3156552314758301
290,b,31,6,4.031065026919047,0.5304929016849042,1.3235359191894531
291,b,24,6,3.1917651096979776,0.3559067872801763,0.9573853015899658
292,b,12,6,4.570619026819865,0.41168497203471277,1.0154609680175781
293,b,24,6,4.240796287854512,0.3153816402390625,0.8338429927825928
294,b,25,6,3.671661098798116,0.4367801267942137,1.138554573059082
295,b,24,6,3.9565085570017495,0.5180773675397262,1.3336493968963623
296,b,17,6,3.3905838330586753,0.3478051503986606,0.7953991889953613
297,b,5,6,3.6261223554611206,0.25190554185022407,0.6077685356140137
298,b,1,6,3.3336429595947266,0.2682550624725975,0.6186375617980957
299,b,0,6,3.338726202646891,0.3139844891017653,0.8113672733306885
300,b,19,6,3.7400103012720742,0.5271234177034775,1.35160231590271
301,b,6,6,3.9002878268559775,0.40730514642482646,0.9973568916320801
302,b,12,6,3.4352694749832153,0.30349469673209106,0.7408466339111328
303,a,0,6,3.398080746332804,0.13493623442694228,0.3478696346282959
304,b,21,6,4.020446578661601,0.4794236034233516,1.3413374423980713
305,a,22,6,4.234084288279216,0.08240302924782779,0.224365234375
306,b,36,6,4.177855650583903,0.4790577443132098,1.1999123096466064
307,b,8,6,3.3252899646759033,0.23427430592038206,0.5660154819488525
308,b,10,6,3.575156291325887,0.2109658295267394,0.5078856945037842
309,b,20,6,4.27432906627655,0.37326208775088804,1.0348663330078125
310,b,37,6,4.198932488759358,0.44170001668446135,1.092090368270874
311,a,8,6,3.2638450066248574,0.06788990875136136,0.18515467643737793
312,b,11,6,3.5669831037521362,0.4095525685575583,1.0249528884887695
313,b,11,6,3.790774703025818,0.6868942852948569,1.9073162078857422
314,b,39,6,3.9641778071721396,0.3142866645543326,0.7353191375732422
315,a,2,6,3.5604991912841797,0.18620469443311363,0.45267605781555176
316,b,23,6,4.256872693697612,0.40408986859790186,0.9908857345581055
317,a,11,6,3.918234864870707,0.2021975810659373,0.5340418815612793
318,b,9,6,3.2377122243245444,0.21642216691153546,0.5559844970703125
319,b,9,6,4.4088428020477295,0.2665689373071716,0.6612143516540527
320,b,15,6,4.060261964797974,0.31654418402001006,0.8206613063812256
321,b,10,6,3.441059947013855,0.4394765181818394,1.038628339767456
322,b,14,6,4.166379968325297,0.4341137716626638,1.1038033962249756
323,b,12,6,3.331968347231547,0.6681867779404959,1.7129740715026855
324,b,4,6,4.200664639472961,0.34184997576882403,0.8868045806884766
325,b,8,6,4.003865400950114,0.40636616119003127,1.0794782638549805
326,b,2,6,3.61780321598053,0.48756097260902803,1.2478947639465332
327,b,11,6,4.080091238021851,0.5294837342918076,1.269345998764038
328,a,7,6,3.3932212591171265,0.14509769471451428,0.3863952159881592
329,b,59,6,4.397084474563599,0.44507012398500934,1.174482822418213
330,a,0,6,3.2967487573623657,0.1535291938846936,0.408463716506958
331,b,17,6,3.9207897583643594,0.36911899139626037,0.9508006572723389
332,a,8,6,3.1921091874440513,0.27862082020218143,0.6630051136016846
333,b,19,6,3.736855983734131,0.39887114156112463,1.0174145698547363
334,b,7,6,4.1777528921763105,0.3248193072863009,0.7888998985290527
335,b,19,6,3.78130575021108,0.5123114710701807,1.1940288543701172
336,a,23,6,4.1550231377283735,0.2611443014014105,0.6341719627380371
337,a,12,6,3.4150821367899575,0.25554759799225063,0.5636148452758789
338,b,39,6,4.229121128718059,0.3384098295244383,0.8638405799865723
339,b,38,6,4.242689251899719,0.33324224671730557,0.885251522064209
340,a,1,6,3.9567652543385825,0.37456404046270425,0.9035861492156982
341,a,6,6,3.7216851711273193,0.1802896169934311,0.47931814193725586
342,a,41,6,4.73244587580363,0.16706293064258054,0.43672752380371094
343,b,7,6,4.456768433252971,0.33617549317511686,0.8088817596435547
344,b,5,6,2.9689677953720093,0.40768053956171096,1.0529870986938477
345,b,34,6,4.5808554490407305,0.2905410498333454,0.7500572204589844
346,b,35,6,3.384609580039978,0.4747077729690849,1.1350784301757812
347,b,32,6,3.6427056392033896,0.4592310885186051,1.129133939743042
348,b,7,6,2.966098507245382,0.18653454694710345,0.47040772438049316
349,a,9,6,3.785695195198059,0.15014399937170048,0.34504055976867676
350,b,28,6,4.2826716502507525,0.35470589635264355,1.0219981670379639
351,a,16,6,3.9992576837539673,0.2082208325791186,0.5830695629119873
352,b,23,6,3.417762200037638,0.29741105359633996,0.8093001842498779
353,b,22,6,3.289477507273356,0.2720209417944537,0.6305861473083496
354,b,7,6,3.732888142267863,0.3202451903875707,0.7829616069793701
355,b,7,6,3.8177009423573813,0.5450914558408182,1.364274501800537
356,b,5,6,4.01522696018219,0.48506255024730877,1.1606523990631104
357,b,18,6,3.4375876983006797,0.45630407632932757,1.1375858783721924
358,b,52,6,4.220048030217488,0.4287553076624909,1.0313498973846436
359,b,12,6,3.7496583064397178,0.32434864543250813,0.876366376876831
360,b,10,6,3.932548761367798,0.3686973193764512,0.8382470607757568
361,a,0,6,3.8030407428741455,0.18968892949944463,0.5367531776428223
362,b,1,6,3.2390052874883017,0.31209947280508826,0.7413184642791748
363,b,19,6,4.210387468338013,0.377368454443496,0.9246459007263184
364,a,36,6,4.711728731791179,0.2000232465117865,0.47589683532714844
365,b,7,6,4.267757177352905,0.5012450562434605,1.2633445262908936
366,b,15,6,3.120408813158671,0.0954817474594452,0.24084019660949707
367,a,12,6,4.294265588124593,0.09788922993829821,0.2773475646972656
368,b,15,6,3.5734185377756753,0.3966561789440586,0.9923532009124756
369,b,12,6,3.5314704179763794,0.44078792380325577,1.2699329853057861
370,b,22,6,3.514923175175985,0.3218566440836073,0.7623996734619141
371,a,14,6,3.6403664350509644,0.20493680502078065,0.5714263916015625
372,b,33,6,4.410523255666097,0.3527663319861631,0.8615689277648926
373,a,23,6,4.140936613082886,0.15714912690894167,0.3855304718017578
374,b,38,6,4.161985516548157,0.39397232829354556,0.9889333248138428
375,a,12,6,4.135164260864258,0.1840873511431504,0.4862070083618164
376,b,17,6,3.497592329978943,0.2606407157713819,0.6281332969665527
377,a,13,6,4.048444310824077,0.227949675103521,0.6193325519561768
378,a,9,6,3.4536396662394204,0.10911509536891904,0.2501349449157715
379,b,22,6,3.8183868726094565,0.5601476536395766,1.284247636795044
380,a,26,6,4.365777333577474,0.23215048483398965,0.5644760131835938
381,b,15,6,3.4698426326115928,0.3618266521976079,0.9461977481842041
382,a,8,6,3.6935316721598306,0.0716626899075143,0.18433642387390137
383,a,19,6,4.29129433631897,0.3575698255265432,0.8635613918304443
384,b,26,6,3.968928575515747,0.46394261490140454,1.168466567993164
385,b,15,6,4.133309523264567,0.44497306478260223,1.0871033668518066
386,b,3,6,3.649786949157715,0.3039473661789197,0.7573261260986328
387,b,7,6,3.5920536518096924,0.283184847710624,0.6828272342681885
388,b,21,6,4.316714406013489,0.36703631829488753,0.9970667362213135
389,a,15,6,4.236271699269612,0.07262121341875642,0.1771259307861328
390,b,5,6,3.1102027893066406,0.47168206157395814,1.1579310894012451
391,b,8,6,4.032327016194661,0.30632219658576937,0.7514443397521973
392,b,15,6,4.002728184064229,0.4724297245814821,1.22715425491333
393,b,26,6,3.6464349031448364,0.4830146019939574,1.2046148777008057
394,a,18,6,3.832654515902201,0.1889127652584399,0.506904125213623
395,b,10,6,4.092694838841756,0.2673495197416056,0.6611151695251465
396,a,27,6,4.402831554412842,0.17413973089355653,0.45444154739379883
397,b,29,6,4.502808650334676,0.34797416372678924,0.8390974998474121
398,b,20,6,3.362356980641683,0.3754134390070331,0.870262622833252
399,b,40,6,4.003349741299947,0.3178438275466316,0.7425534725189209
400,b,2,6,3.5986122290293374,0.29709643704660776,0.7219789028167725
401,b,9,6,3.207657257715861,0.4830176750411558,1.1985392570495605
402,b,9,6,4.221341331799825,0.3708537810028168,0.9520461559295654
403,b,3,6,3.9673205614089966,0.4319851776565347,1.0741853713989258
404,b,9,6,3.954444249471029,0.34170569654698835,0.8845467567443848
405,b,10,6,3.8561631441116333,0.47463723553586074,1.2982921600341797
406,b,25,6,3.8699258168538413,0.3972372757334862,0.9424381256103516
407,b,27,6,3.6277299722035727,0.5566108916522675,1.431553602218628
408,a,6,6,4.410258531570435,0.20016821039226032,0.4921560287475586
409,a,4,6,3.271534005800883,0.20234131489042514,0.47518444061279297
410,b,3,6,4.070855458577474,0.2720465454254056,0.6423428058624268
411,b,22,6,3.6857431332270303,0.45841528236792656,1.1001715660095215
412,b,33,6,3.7200552225112915,0.1872013882312102,0.49707674980163574
413,b,3,6,4.001869559288025,0.46417243467337055,1.2140007019042969
414,b,20,6,3.613629857699076,0.41364531716681574,1.1527271270751953
415,b,23,6,3.6753970781962075,0.4345237083952399,1.0284359455108643
416,a,21,6,4.419480085372925,0.3055453193317164,0.7925310134887695
417,b,32,6,4.1120641231536865,0.41353247508621055,0.9558238983154297
418,b,23,6,4.09603754679362,0.30991368501314204,0.7687389850616455
419,b,36,6,3.9427618980407715,0.3712046270077274,0.9642238616943359
420,b,17,6,3.588326414426168,0.2848484808929531,0.7137289047241211
421,b,11,6,3.3088176250457764,0.33600557362332134,0.9124236106872559
422,b,14,6,3.2785836458206177,0.5715252026353984,1.4021522998809814
423,b,2,6,4.057991186777751,0.28514989007763947,0.7274718284606934
424,b,16,6,3.4280344247817993,0.2765289947048412,0.665104866027832
425,b,36,6,3.6114548444747925,0.7920420043707872,1.8554730415344238
426,b,21,6,3.4048232634862265,0.26876192879191046,0.7544291019439697
427,b,9,6,3.8376256624857583,0.2759868497436875,0.7707710266113281
428,b,20,6,3.6763912041982016,0.4951942676496577,1.319950819015503
429,a,2,6,4.238931695620219,0.4414979418409643,1.0913033485412598
430,b,20,6,4.240698615709941,0.3644938343524688,0.9896337985992432
431,b,18,6,3.1799930731455484,0.5307253461912319,1.29868483543396
432,a,14,6,3.6710066397984824,0.14973339904272343,0.3532984256744385
433,a,43,6,4.675092140833537,0.25346471865865905,0.6126341819763184
434,b,11,6,3.9121100107828775,0.49151481211282744,1.3506524562835693
435,b,8,6,3.3895742893218994,0.34065635875215566,0.800562858581543
436,b,27,6,4.250232497851054,0.42227649413341695,1.0896728038787842
437,b,12,6,3.1172095934549966,0.38616653705436654,0.9046666622161865
438,b,12,6,3.7365657885869346,0.23631532482934497,0.6164515018463135
439,a,3,6,3.431469957033793,0.13887226908789724,0.3309054374694824
440,b,5,6,4.559284925460815,0.2310499054364647,0.5514311790466309
441,b,39,6,3.856244683265686,0.27786975260902175,0.7112257480621338
442,a,2,6,4.091595848401387,0.22610732446785697,0.5636887550354004
443,b,8,6,3.2805197636286416,0.6681035345478693,1.7669849395751953
444,a,16,6,4.113153576850891,0.23966359591206254,0.6342358589172363
445,b,5,6,3.76230525970459,0.3611428641930952,0.8436460494995117
446,a,17,6,4.043560187021892,0.28066442488225907,0.6887576580047607
447,b,28,6,4.208025932312012,0.4030406040375877,1.0302388668060303
448,b,18,6,3.873745322227478,0.4051593867671744,1.036571979522705
449,b,19,6,3.515580733617147,0.2155720391231762,0.4985044002532959
450,b,55,6,4.2052948872248335,0.5128850042482497,1.2090916633605957
451,a,15,6,4.113642573356628,0.21843458258643786,0.5198078155517578
452,b,27,6,3.885447144508362,0.3547781894525701,0.8976948261260986
453,b,19,6,4.091633637746175,0.33666609810825787,0.8968398571014404
454,b,13,6,3.925207018852234,0.39295917831092814,1.0405669212341309
455,a,16,6,3.677840312321981,0.3161386665511006,0.8329310417175293
456,b,13,6,3.4597440560658774,0.3384235252693405,0.8980770111083984
457,a,1,6,3.1979485750198364,0.13779608875941216,0.3835773468017578
458,b,47,6,4.179892102877299,0.3618290720984948,0.9738280773162842
459,b,12,6,3.404046972592672,0.4238827193311669,0.977571964263916
460,b,10,6,3.4884701569875083,0.33385520167467014,0.872800350189209
461,b,33,6,3.9457371632258096,0.2216572247103681,0.558091402053833
462,b,27,6,3.503313422203064,0.26003774849212424,0.6379027366638184
463,b,10,6,3.600594162940979,0.26859743253027046,0.6620769500732422
464,b,22,6,3.4849570592244468,0.4236943400968502,1.063180685043335
465,b,2,6,3.12313711643219,0.35320220969505794,0.8971936702728271
466,b,16,6,3.848698894182841,0.45295005790470916,1.0704915523529053
467,a,28,6,4.2635423342386884,0.1949428659544119,0.4890022277832031
468,b,3,6,3.3402198553085327,0.3402986325313964,0.8104574680328369
469,a,15,6,4.3776092529296875,0.15403763260871942,0.3625979423522949
470,b,17,6,3.9871010382970176,0.3714404131335941,0.9361951351165771
471,a,7,6,3.288847804069519,0.09908561306684589,0.239457368850708
472,b,22,6,4.1670669714609785,0.29773374396867974,0.8069067001342773
473,b,15,6,4.041328430175781,0.49022053009412825,1.1376593112945557
474,b,17,6,3.6844476461410522,0.2749335556585257,0.6614856719970703
475,b,24,6,3.746387561162313,0.34987616109315295,0.8690953254699707
476,b,3,6,3.7687089443206787,0.32969671037032755,0.8953647613525391
477,b,13,6,4.050491015116374,0.3800432632491656,0.932081937789917
478,b,24,6,4.336372375488281,0.29375787546233245,0.7708926200866699
479,b,15,6,3.551342805226644,0.3596720294647153,0.8524413108825684
480,b,31,6,4.5177135070164995,0.4205230515546581,1.138319730758667
481,b,13,6,4.278064409891765,0.5141421664905509,1.2122619152069092
482,a,20,6,4.057289679845174,0.16704335833288947,0.38797426223754883
483,b,1,6,3.592045466105143,0.28805148247603246,0.7017700672149658
484,b,0,6,3.6170151631037393,0.22205378087253103,0.5382571220397949
485,b,17,6,4.1771418650945025,0.4263042839685811,1.0682692527770996
486,b,16,6,3.842599789301554,0.3481058570762507,0.8882453441619873
487,b,3,6,4.0237419207890825,0.4479518930773109,1.0504155158996582
488,a,4,6,3.0133739709854126,0.1417190014586248,0.38454437255859375
489,b,9,6,3.058470606803894,0.5208715059944845,1.252854824066162
490,a,27,6,4.407520294189453,0.1318772865549565,0.32424449920654297
491,b,7,6,3.2572140296300254,0.42550678519094143,1.0481317043304443
492,b,12,6,3.4060442447662354,0.43544375857437767,1.0865306854248047
493,b,15,6,4.291035175323486,0.388839639578177,0.9508790969848633
494,a,39,6,4.676934560139974,0.22589927279321897,0.5505094528198242
495,b,3,6,3.870379328727722,0.4317411747357565,1.0725350379943848
496,b,28,6,3.6146685679753623,0.4874651974244815,1.3437695503234863
497,b,34,6,3.804511030515035,0.5594768293000404,1.6181905269622803
498,a,13,6,4.1106063524882,0.15669121111159226,0.395463228225708
499,b,25,6,3.762067516644796,0.25994194428815043,0.6299533843994141
500,a,19,6,4.072188218434651,0.06966117588978744,0.20721149444580078
501,b,26,6,4.692995548248291,0.3882589769628355,0.9716496467590332
502,b,42,6,4.615890185038249,0.31638865671002797,0.779296875
503,a,2,6,3.8297305901845298,0.4546431071215726,1.1535029411315918
504,a,35,6,4.553034782409668,0.26535813927273255,0.6460747718811035
505,b,29,6,4.098302443822225,0.5861721302451978,1.4602112770080566
506,b,4,6,3.612646301587423,0.33678672475329524,0.7866852283477783
507,b,16,6,4.243005911509196,0.20374792666311475,0.5529022216796875
508,b,18,6,3.8412369887034097,0.5475883647777771,1.3008506298065186
509,b,17,6,3.903140664100647,0.4357021439174205,1.0987401008605957
510,b,2,6,3.196600874265035,0.4214268972837271,1.0642390251159668
511,b,23,6,4.338370005289714,0.22809103608585782,0.5697941780090332
512,b,8,6,3.5608259439468384,0.45797223520562547,1.1700336933135986
513,b,61,6,4.214510202407837,0.4990765091357841,1.2263216972351074
514,a,24,6,3.984873096148173,0.3008533194271467,0.744112491607666
515,b,16,6,3.42921781539917,0.34874918527585763,0.8484079837799072
516,b,15,6,3.5322267214457193,0.39323570752648684,0.981910228729248
517,b,13,6,3.746051073074341,0.2977742288888405,0.7372634410858154
518,b,17,6,3.3940933545430503,0.4530478114705406,1.1250793933868408
519,b,33,6,3.8417033354441323,0.6488278147453745,1.6049091815948486
520,b,15,6,4.203660726547241,0.49318894969134347,1.2285585403442383
521,b,35,6,3.9187643925348916,0.26054768802324924,0.6684057712554932
522,b,41,6,4.435094992319743,0.2968470648315969,0.7340316772460938
523,a,12,6,4.432852665583293,0.2805123209377759,0.7751975059509277
524,b,34,6,4.049910982449849,0.2089149215634614,0.5482947826385498
525,b,34,6,4.159808039665222,0.21262383534708246,0.49712562561035156
526,b,27,6,4.147919138272603,0.41090309039686507,1.0175302028656006
527,a,26,6,4.448469320933024,0.3099974091489477,0.8793864250183105
528,b,16,6,3.7516103188196817,0.29408530250546366,0.6807267665863037
529,b,24,6,3.8430890639623008,0.4601591432232848,1.1290900707244873
530,b,7,6,3.815100828806559,0.3399638549963052,0.8797404766082764
531,a,9,6,3.456226905186971,0.09857343748325378,0.23855924606323242
532,b,5,6,3.3826339642206826,0.5254441311498457,1.3867106437683105
533,b,26,6,3.3006343444188437,0.4881107483870126,1.4471020698547363
534,a,7,6,4.419839064280192,0.26254732847480045,0.6025032997131348
535,b,30,6,4.350817680358887,0.21540807133814904,0.553347110748291
536,a,4,6,3.1700054009755454,0.19462505816615017,0.45601677894592285
537,b,49,6,4.318066239356995,0.525367963239484,1.3565540313720703
538,b,35,6,3.8443999687830606,0.392173111327862,1.0242688655853271
539,b,13,6,3.8636903762817383,0.5580709759913873,1.3038065433502197
540,b,39,6,4.354667584101359,0.31640376107391655,0.7485284805297852
541,a,21,6,4.5254495938618975,0.16867793393952765,0.401949405670166
542,b,41,6,4.14138940970103,0.4709685617267539,1.243837594985962
543,b,14,6,3.656059741973877,0.39875606466062297,0.9218277931213379
544,a,18,6,3.846866806348165,0.22722587046275136,0.5682086944580078
545,a,6,6,3.0877445141474404,0.14779832447137023,0.3738532066345215
546,b,9,6,4.0116216739018755,0.4673307140709568,1.072800636291504
547,b,30,6,4.017098307609558,0.4430813396156518,1.1016385555267334
548,b,22,6,4.035611271858215,0.32015507051602476,0.7832252979278564
549,b,3,6,4.027043501536052,0.28314165129124774,0.6975657939910889
550,b,25,6,3.8149813413619995,0.5246127141040124,1.3325777053833008
551,b,22,6,3.792103926340739,0.27545828986456133,0.6449935436248779
552,b,18,6,3.716192881266276,0.26971431080318675,0.8148572444915771
553,b,5,6,3.087535262107849,0.29097329185614806,0.7297232151031494
554,b,14,6,3.6200555562973022,0.441671931071071,1.060335636138916
555,b,28,6,3.963817556699117,0.5635815061301236,1.4358365535736084
556,b,16,6,3.462117314338684,0.37134706876363505,0.9952433109283447
557,b,38,6,3.901070475578308,0.3972682319101644,0.9984474182128906
558,b,0,6,3.2271053393681846,0.37472879064856857,0.8930635452270508
559,b,46,6,3.9582188924153647,0.39076923601951674,0.9178283214569092
560,b,3,6,3.966169277826945,0.5305633482861499,1.4051108360290527
561,b,43,6,4.284208615620931,0.38470762482766263,0.9354629516601562
562,a,13,6,4.354648272196452,0.26654891651595597,0.7586860656738281
563,b,20,6,3.332933266957601,0.3271236169238865,0.7546424865722656
564,b,39,6,4.437963326772054,0.36293842780498853,0.9711909294128418
565,b,13,6,4.386321306228638,0.31352582016313035,0.7719283103942871
566,b,47,6,4.1272932688395185,0.36807124517845125,0.9374589920043945
567,b,0,6,3.54858406384786,0.3712464443709734,0.9507308006286621
568,b,18,6,4.049098571141561,0.35754345151794176,0.8413612842559814
569,b,14,6,3.7257510821024575,0.49357242686042474,1.1885817050933838
570,b,26,6,3.9836703141530356,0.4140238352867383,1.0248241424560547
571,b,17,6,4.430240194002788,0.3529241900024451,0.9865696430206299
572,a,16,6,4.527710914611816,0.262348552394848,0.6369233131408691
573,b,28,6,3.960823138554891,0.4485283135042008,1.1569204330444336
574,b,22,6,3.285338560740153,0.43106703978282196,1.1606190204620361
575,b,38,6,4.513431549072266,0.2670271880297929,0.7099514007568359
576,b,18,6,4.2927941878636675,0.29491373398925225,0.7528231143951416
577,b,24,6,3.962434967358907,0.454193727813944,1.139894723892212
578,b,33,6,3.571375290552775,0.42115012978277716,1.0236141681671143
579,a,13,6,4.328740914662679,0.21026016647510012,0.5252981185913086
580,b,14,6,3.771568854649862,0.29538450091119395,0.9064955711364746
581,b,5,6,4.095555981000264,0.25772708981030523,0.673973560333252
582,a,11,6,4.110675017038981,0.2152055947034663,0.5128335952758789
583,a,7,6,3.882939656575521,0.287444545549457,0.7622575759887695
584,b,10,6,3.5181969006856284,0.20885007378518777,0.5365097522735596
585,b,13,6,3.9593030214309692,0.30550925449502336,0.8228652477264404
586,b,17,6,4.79730749130249,0.39176727596446304,0.9462323188781738
587,b,8,6,3.2670348087946572,0.3836220416909253,1.0301268100738525
588,b,35,6,4.0690286954243975,0.359825801336983,0.9569127559661865
589,b,6,6,4.285665551821391,0.30642513252156034,0.7760608196258545
590,b,17,6,3.41771666208903,0.6556142526500087,1.5082521438598633
591,b,3,6,4.135512312253316,0.3763756653113311,0.9100570678710938
592,b,7,6,3.2158761024475098,0.23538857724240733,0.5591351985931396
593,b,22,6,3.5117175579071045,0.33911756985629476,0.8927559852600098
594,b,31,6,4.318148056666057,0.41778108546999937,1.1141712665557861
595,b,5,6,4.126116116841634,0.46149508726776023,1.1698989868164062
596,b,33,6,4.18804403146108,0.41098496204242474,1.1163346767425537
597,a,2,6,4.161626855532329,0.27541404235766787,0.7133049964904785
598,b,2,6,3.186721920967102,0.2947209993291622,0.7101013660430908
599,b,10,6,2.9396727482477822,0.18307934109184998,0.44475555419921875
600,b,20,6,3.806556542714437,0.38404510283208443,0.9333829879760742
601,b,37,6,4.340060472488403,0.4810088831934244,1.2680110931396484
602,b,31,6,4.157214840253194,0.38049824427765905,0.9479889869689941
603,b,28,6,4.1623209317525225,0.3777251399651669,1.050513505935669
604,b,7,6,4.298459092775981,0.3202058854183603,0.8826205730438232
605,b,17,6,4.437668879826863,0.39689070016480793,1.0536627769470215
606,b,16,6,4.226646264394124,0.5543395668731705,1.3535637855529785
607,b,34,6,4.14625879128774,0.34969499372360957,0.8085613250732422
608,a,8,6,3.0756837526957193,0.2693895700676688,0.6226651668548584
609,b,1,6,3.286950945854187,0.3991285968124993,0.994683027267456
610,b,19,6,3.9557072718938193,0.5019607800865263,1.249220609664917
611,b,5,6,4.258299907048543,0.3811624805042936,1.0034008026123047
612,b,8,6,3.7226155598958335,0.45865257781640834,1.176398754119873
613,b,9,6,4.1702870925267534,0.4703459361962502,1.2887120246887207
614,a,10,6,3.6832247177759805,0.11573856760792482,0.26186656951904297
615,b,29,6,4.307568033536275,0.4445384127958594,1.1201889514923096
616,b,23,6,3.877333720525106,0.3396166003127551,0.8291220664978027
617,a,0,6,3.770063638687134,0.11316885378146622,0.29860544204711914
618,b,27,6,3.799232800801595,0.4730078194264714,1.157031536102295
619,b,30,6,4.138978878657023,0.4704170816338956,1.2672300338745117
620,b,13,6,4.109005411465962,0.3214746004719798,0.7772364616394043
621,b,31,6,4.393105427424113,0.5135034297930455,1.2678418159484863
622,a,0,6,3.283719460169474,0.2274734881692398,0.559237003326416
623,b,21,6,3.4929476579030356,0.44730568938784865,1.0241496562957764
624,a,13,6,3.6039410829544067,0.23475348884054334,0.5453615188598633
625,b,35,6,3.9895756244659424,0.500684787846555,1.2325050830841064
626,b,11,6,3.6186781326929727,0.4050689969211353,1.0659985542297363
627,b,15,6,4.480309406916301,0.31657157571659783,0.8212370872497559
628,b,3,6,4.372764786084493,0.32123359640405086,0.8581564426422119
629,b,20,6,3.497736136118571,0.463224103601336,1.1634361743927002
630,a,22,6,4.359373728434245,0.18521802560406198,0.48952388763427734
631,b,45,6,3.5830008586247764,0.46452810912831277,1.1946542263031006
632,b,19,6,3.3315927584966025,0.40003469488231536,0.9772753715515137
633,b,52,6,4.258172154426575,0.25272275766012403,0.6865594387054443
634,b,15,6,3.656785488128662,0.5701601566547843,1.3646900653839111
635,b,15,6,3.6336828072865806,0.5577721866656177,1.3436131477355957
636,b,18,6,4.305841565132141,0.53736649461629,1.4328429698944092
637,b,12,6,3.629430135091146,0.2580139971219986,0.636420488357544
638,b,17,6,4.066410263379415,0.3193262150660217,0.8238377571105957
639,a,8,6,3.8018585443496704,0.33162147488516847,0.7908997535705566
640,b,39,6,3.924869974454244,0.5862066115637413,1.4552927017211914
641,a,14,6,4.339491128921509,0.11370735644840062,0.29979562759399414
642,b,20,6,3.4918898741404214,0.4492128749515746,1.1041266918182373
643,b,16,6,3.7507619063059487,0.1995398122794902,0.6366784572601318
644,b,20,6,4.250165780385335,0.41652465534861755,1.0841388702392578
645,b,28,6,3.762901941935221,0.4609197457757923,1.2018909454345703
646,b,66,6,4.547245820363362,0.28005141540516093,0.6828188896179199
647,b,26,6,3.9100915988286338,0.36708988369183815,0.9399724006652832
648,b,18,6,3.8251209259033203,0.4216424003325347,1.0889456272125244
649,b,32,6,3.6172591845194497,0.5372112851591188,1.4074361324310303
650,b,14,6,3.8597800731658936,0.30228461543548574,0.7735300064086914
651,a,29,6,4.388830661773682,0.2535729144727032,0.6361761093139648
652,b,33,6,4.91642967859904,0.34567466675708014,0.8143610954284668
653,a,25,6,4.288595358530681,0.15006919293129553,0.35283470153808594
654,b,25,6,4.105696717898051,0.383071436456241,0.9635276794433594
655,a,2,6,3.8916853268941245,0.31389851882020414,0.766157865524292
656,b,15,6,3.897588054339091,0.4376089652719336,1.0929062366485596
657,a,27,6,4.404907902081807,0.3104752154707994,0.7499783039093018
658,a,19,6,3.8671008348464966,0.24168742568261023,0.543079137802124
659,b,49,6,4.41885228951772,0.3724140587860026,0.9416415691375732
660,b,7,6,3.7998682657877603,0.49055330113627205,1.2265043258666992
661,b,15,6,3.839062492052714,0.275481450008196,0.7658886909484863
662,b,15,6,4.025851766268413,0.28216971765698556,0.7924175262451172
663,b,11,6,3.3662256002426147,0.3179645042244338,0.8058631420135498
664,b,9,6,3.883689800898234,0.4376958929489151,1.1215810775756836
665,a,2,6,4.078909198443095,0.25921050905529663,0.6706008911132812
666,b,30,6,4.082903226216634,0.29768661175575856,0.777822732925415
667,a,15,6,4.710979620615642,0.1350497922754838,0.34424829483032227
668,b,60,6,4.283970475196838,0.48022736391139464,1.1465034484863281
669,a,0,6,4.021663188934326,0.24333623612640168,0.6296601295471191
670,b,8,6,3.6825300455093384,0.4613759977094693,1.1356735229492188
671,a,7,6,3.753106395403544,0.22103280051782095,0.5377347469329834
672,a,10,6,3.5383708079655967,0.09594809962443544,0.2400050163269043
673,b,6,6,3.9380095799764,0.36495023612552224,0.9309194087982178
674,b,16,6,3.529144287109375,0.24543627384884725,0.5827350616455078
675,b,36,6,3.7805050214131675,0.35249009810065435,0.882340669631958
676,b,14,6,4.600218216578166,0.3190513322502421,0.8214907646179199
677,a,24,6,4.028494199117024,0.30621867978840556,0.7774367332458496
678,b,34,6,4.034921288490295,0.44533226316590724,1.0512773990631104
679,b,7,6,3.6516013542811074,0.33215569656754274,0.8961172103881836
680,b,3,6,4.197492599487305,0.3573441698909175,0.8369722366333008
681,a,7,6,3.925285975138346,0.16734765647601868,0.39812564849853516
682,b,28,6,4.20346732934316,0.2801764798250928,0.7004208564758301
683,a,10,6,4.249813278516133,0.36180698786123006,0.8546276092529297
684,b,7,6,3.466604153315226,0.3324278905809865,0.8679988384246826
685,b,33,6,4.160701314608256,0.4580590702691592,1.0986363887786865
686,b,21,6,3.932452837626139,0.32032359957856266,0.8961052894592285
687,a,10,6,4.0453111330668134,0.21006860230853788,0.5486118793487549
688,b,48,6,4.27122179667155,0.4423902857898745,1.056042194366455
689,b,18,6,3.5705885887145996,0.3698552223203201,0.9356889724731445
690,b,15,6,3.826011061668396,0.4111520039863328,0.950160026550293
691,b,44,6,4.232396165529887,0.2834992606451239,0.7376503944396973
692,b,48,6,4.029412229855855,0.434001327747515,1.1132287979125977
693,a,0,6,4.821658372879028,0.23242549837969403,0.5940666198730469
694,b,0,6,3.038014531135559,0.3624236327128706,0.9194915294647217
695,a,23,6,4.215330402056376,0.18284133530376404,0.4348156452178955
696,b,13,6,3.820282777150472,0.26598041671358424,0.6809043884277344
697,a,19,6,3.9916075468063354,0.22013167868477437,0.5374195575714111
698,b,10,6,3.6336145798365274,0.347279994722395,0.9342207908630371
699,b,24,6,3.9277838468551636,0.48086743753608574,1.0989325046539307
700,b,14,6,3.369523207346598,0.4981718093567849,1.2571055889129639
701,b,13,6,3.807456096013387,0.3710413443453498,0.8996636867523193
702,b,36,6,3.7352225383122764,0.5296897011641787,1.3281424045562744
703,b,9,6,4.079488754272461,0.4341436503631584,1.1509010791778564
704,a,7,6,4.0239618221918745,0.23727701587724095,0.5636351108551025
705,b,21,6,4.19623601436615,0.40141335530016603,1.0414128303527832
706,a,0,6,3.673812468846639,0.2165592000864069,0.5643000602722168
707,b,4,6,4.253576636314392,0.421352072178771,1.0516860485076904
708,b,8,6,3.8199898401896157,0.46953686150989465,1.1488628387451172
709,b,14,6,3.289752960205078,0.3980411426424175,0.9657690525054932
710,b,46,6,3.7960436741511026,0.5651149007502364,1.536783218383789
711,a,20,6,3.929587801297506,0.3156104956670128,0.7617015838623047
712,b,12,6,3.306372960408529,0.3089528331356795,0.734208345413208
713,b,53,6,4.3326884508132935,0.428127930876761,1.1541235446929932
714,b,52,6,4.2729838291804,0.40570053379095594,0.9858701229095459
715,b,13,6,4.224915266036987,0.3565480533425275,0.9164178371429443
716,b,64,6,4.181516130765279,0.5164144271112063,1.3070709705352783
717,b,15,6,4.200887163480123,0.32973481665514687,0.8041434288024902
718,b,29,6,4.1083483298619585,0.37449795395900626,1.037083387374878
719,b,8,6,4.158166885375977,0.46392273881614077,1.1919047832489014
720,b,44,6,3.9490200678507485,0.4917686304117607,1.275710105895996
721,b,22,6,3.6295242309570312,0.30825230929948816,0.7763466835021973
722,b,7,6,3.981031656265259,0.36975426944526507,0.9362800121307373
723,b,7,6,4.0255422194798784,0.528602044571967,1.295781135559082
724,b,33,6,3.8957940340042114,0.2965429421898479,0.7347121238708496
725,a,9,6,3.408707618713379,0.15004815738401028,0.3720417022705078
726,b,17,6,3.769806186358134,0.24552825911957182,0.5961313247680664
727,b,12,6,3.6842788060506186,0.22665609052344768,0.5658659934997559
728,b,44,6,4.368241747220357,0.42730132470589743,1.0497567653656006
729,a,2,6,3.863019863764445,0.388726867703453,0.9496026039123535
730,b,1,6,3.5765870412190757,0.25393758915230297,0.6276600360870361
731,a,12,6,3.66789440313975,0.07301457606788515,0.21449899673461914
732,b,19,6,3.4913451274236045,0.274240782489124,0.6768755912780762
733,b,12,6,3.906519055366516,0.3210948096742249,0.800163984298706
734,b,0,6,4.0942771434783936,0.3969493209628449,0.9451007843017578
735,b,19,6,3.3825807571411133,0.34544771578587913,0.8308067321777344
736,b,12,6,4.389219284057617,0.28677570338928354,0.7641263008117676
737,b,8,6,3.537580649058024,0.2541873645093669,0.6481633186340332
738,a,5,6,3.789660414059957,0.33433175706481794,0.8054549694061279
739,b,22,6,4.334528803825378,0.3810049763776026,0.9101314544677734
740,b,39,6,3.9354369242986045,0.51009770479566,1.2938921451568604
741,a,8,6,3.4961017370224,0.12164371397954196,0.29901862144470215
742,b,14,6,3.713851571083069,0.07747102004396585,0.18981122970581055
743,b,23,6,3.540844718615214,0.5030017822281136,1.2329957485198975
744,a,26,6,4.2135969797770185,0.3504825633153364,0.8370044231414795
745,b,5,6,3.5841240088144937,0.2268139836402189,0.6026878356933594
746,b,31,6,3.8668042421340942,0.29501618527638845,0.7995080947875977
747,b,10,6,3.0592289765675864,0.24563133915000396,0.6797516345977783
748,b,53,6,4.155986309051514,0.43794359474610484,1.1838181018829346
749,b,45,6,4.409327944119771,0.40785887861538156,1.0360910892486572
750,b,2,6,3.36228080590566,0.47884217094753484,1.1756384372711182
751,b,7,6,3.082922657330831,0.43381543576145093,1.0746240615844727
752,b,16,6,3.769495964050293,0.3322228891972231,0.8883011341094971
753,a,8,6,3.605934977531433,0.16615364137718577,0.3794262409210205
754,b,6,6,4.120846748352051,0.37138245402592546,0.8850843906402588
755,b,11,6,3.142221689224243,0.34974428183856593,0.8493449687957764
756,a,20,6,4.477145751317342,0.13211991587612007,0.3284459114074707
757,a,0,6,3.673940380414327,0.15431545807242072,0.4437894821166992
758,a,1,6,4.084397037823995,0.1809064497789218,0.4022073745727539
759,b,8,6,3.826934297879537,0.5010734722651233,1.2448620796203613
760,b,15,6,3.6668573220570884,0.4703364877491902,1.2814335823059082
761,b,14,6,4.127571026484172,0.4431545212449086,1.0579795837402344
762,b,34,6,4.092132647832234,0.5205921692235393,1.2717607021331787
763,a,12,6,3.9878626664479575,0.22005137560881055,0.5118145942687988
764,b,5,6,4.032836635907491,0.40038061656513685,1.1162467002868652
765,b,21,6,3.933224081993103,0.32793118323566506,0.7914047241210938
766,a,33,6,4.583444754282634,0.15602582875384613,0.37306785583496094
767,a,0,6,4.1334086656570435,0.16135282871544887,0.401630163192749
768,b,24,6,3.766492406527201,0.28090937747906286,0.7794449329376221
769,b,17,6,3.7475198109944663,0.28031033142600414,0.7400879859924316
770,b,30,6,4.387911876042684,0.2894201873803153,0.7534117698669434
771,a,8,6,3.470685362815857,0.13900991421272754,0.3696784973144531
772,b,14,6,3.9920119047164917,0.31609033586302254,0.7607975006103516
773,a,14,6,3.70655886332194,0.12998088134679014,0.3203465938568115
774,a,7,6,4.721607685089111,0.15676872534143255,0.3918328285217285
775,b,18,6,4.007347583770752,0.2891097520683147,0.7349388599395752
776,a,5,6,3.552822788556417,0.3661503226719806,0.9132781028747559
777,b,13,6,3.817129890124003,0.2625352394606303,0.7263453006744385
778,a,1,6,3.937639514605204,0.16054970086212833,0.39386963844299316
779,b,8,6,4.06451412041982,0.4525513406510138,1.2520816326141357
780,b,9,6,3.8467450539271035,0.23348851068167978,0.5751073360443115
781,a,15,6,3.6777939399083457,0.39960545025426536,1.0421319007873535
782,b,14,6,3.5754180749257407,0.46253992562711305,1.1629624366760254
783,b,8,6,3.809689521789551,0.270359322610808,0.682053804397583
784,b,35,6,3.849689483642578,0.40500945105337255,0.9802777767181396
785,a,26,6,4.810719728469849,0.1052157641084003,0.26329755783081055
786,b,31,6,3.8013129234313965,0.33914998675824853,0.8218703269958496
787,a,18,6,3.7081253925959268,0.2850126732416594,0.7344698905944824
788,b,1,6,3.423581838607788,0.2880229228194989,0.8031535148620605
789,b,8,6,3.95793084303538,0.2727596564794668,0.6302089691162109
790,b,11,6,3.5565065145492554,0.3072070638783929,0.7490448951721191
791,b,10,6,3.576242526372274,0.42999120079185926,1.0494565963745117
792,b,4,6,2.9612091382344565,0.44904627461494145,1.0962786674499512
793,b,9,6,3.6723509629567466,0.5051826635498097,1.3801815509796143
794,b,0,6,3.1956212520599365,0.43655661922710803,1.0260114669799805
795,b,1,6,3.4640416304270425,0.14677964757637976,0.3681495189666748
796,b,11,6,4.2646299203236895,0.3425612294821878,0.9296414852142334
797,b,28,6,4.056640903155009,0.5289565456056322,1.356147050857544
798,b,21,6,4.677002350489299,0.3678720689607892,0.9828095436096191
799,b,16,6,3.5067251920700073,0.3206650807357089,0.7767765522003174
800,a,2,6,3.7977980772654214,0.48042916574998573,1.1698129177093506
801,b,52,6,4.02927561601003,0.4413161394609473,1.051445484161377
802,b,40,6,4.301572203636169,0.5721025791194865,1.4477317333221436
803,a,6,6,4.0047007004419966,0.22915946551591246,0.5839014053344727
804,b,17,6,4.113208293914795,0.38548728243683017,0.9372944831848145
805,b,14,6,3.3763877948125205,0.13661039271564876,0.35082054138183594
806,a,19,6,4.177258014678955,0.1958081177914981,0.4900052547454834
807,b,18,6,3.954526940981547,0.44739122900870426,1.0502159595489502
808,a,11,6,4.107096870740254,0.18291356606611284,0.4660205841064453
809,a,20,6,3.963347832361857,0.26437684377361903,0.6527972221374512
810,b,11,6,4.114701747894287,0.4635176533668729,1.0914006233215332
811,b,20,6,3.2731188535690308,0.3842976562182516,1.0430665016174316
812,a,10,6,3.912025491396586,0.1468757316011818,0.35929226875305176
813,b,6,6,2.997547467549642,0.26917556071177506,0.6283609867095947
814,b,13,6,4.118402004241943,0.47671614453053035,1.1533946990966797
815,a,20,6,4.054368416468303,0.13706868121946836,0.3555121421813965
816,b,32,6,4.172982772191365,0.3815595410643995,0.9527497291564941
817,b,26,6,4.190476298332214,0.42131839051618863,1.0253138542175293
818,b,56,6,4.26181948184967,0.3300462915170809,0.783275842666626
819,b,42,6,4.333190004030864,0.28991998250568407,0.7249195575714111
820,b,40,6,4.210556944211324,0.2787615303200954,0.6811020374298096
821,b,20,6,3.578357179959615,0.48885539403599054,1.3258814811706543
822,b,12,6,3.4503504832585654,0.3445867683400115,0.7878763675689697
823,b,22,6,3.638528347015381,0.3534961025575677,0.8524672985076904
824,a,17,6,4.407153288523356,0.2531030771195767,0.6412324905395508
825,b,49,6,4.403568307558696,0.3298349607145468,0.8672182559967041
826,b,18,6,4.081590334574382,0.5155255489472813,1.2438850402832031
827,a,26,6,4.739754358927409,0.2641695859337404,0.6295485496520996
828,b,28,6,3.8559397061665854,0.48803832050816304,1.2102317810058594
829,b,15,6,4.094215631484985,0.25595772686785023,0.6908876895904541
830,b,2,6,3.9515364170074463,0.32766286090312746,0.8544704914093018
831,b,38,6,3.5067578554153442,0.44903205356363446,1.0726556777954102
832,b,17,6,3.755753517150879,0.3719212302508678,1.0005638599395752
833,a,2,6,2.9701935847600303,0.24135220547751102,0.5847444534301758
834,b,7,6,3.7129085063934326,0.4596151213053184,1.1616003513336182
835,b,15,6,3.4552229245503745,0.37829731940998307,0.8977625370025635
836,a,14,6,3.6352665424346924,0.2921728312947347,0.7260918617248535
837,a,17,6,3.8373039960861206,0.18897734183272735,0.5004303455352783
838,b,11,6,3.7860273917516074,0.3245907976633179,0.8121035099029541
839,b,15,6,3.817562222480774,0.37728122086211796,0.9326879978179932
840,a,18,6,4.027924299240112,0.2635964703660604,0.6771273612976074
841,b,18,6,4.23809019724528,0.3169792361982082,0.7528495788574219
842,a,8,6,4.626319964726766,0.19380366538422308,0.5127120018005371
843,b,1,6,4.074993332227071,0.2959127872778516,0.7589218616485596
844,a,13,6,3.737288514773051,0.16402405511240278,0.37734341621398926
845,b,56,6,4.354547580083211,0.42919242132134344,1.1209452152252197
846,b,6,6,4.006150921185811,0.32299948245180676,0.8073985576629639
847,b,8,6,3.8415127197901406,0.37659877973637307,0.8728034496307373
848,a,5,6,3.6278425057729087,0.2642809701484581,0.7719144821166992
849,b,11,6,3.5775298277537027,0.4915896216820927,1.2912728786468506
850,b,33,6,3.985700766245524,0.5496109726693323,1.3382136821746826
851,b,14,6,3.466904322306315,0.44906328499501547,1.0800471305847168
852,b,24,6,3.6731285651524863,0.3760838733048704,0.9111058712005615
853,a,3,6,3.9106770356496177,0.10900435145734147,0.2797074317932129
854,b,18,6,3.701857606569926,0.35614727302244725,0.901512622833252
855,b,18,6,4.415868441263835,0.24521617060849232,0.6085457801818848
856,a,14,6,3.590075055758158,0.41049919934286916,0.981259822845459
857,b,21,6,4.084182818730672,0.31732444778223473,0.7748808860778809
858,a,2,6,3.9372706015904746,0.29296605604116716,0.7658283710479736
859,a,1,6,3.4663689931233725,0.17444025973364102,0.40866899490356445
860,b,12,6,3.4553627173105874,0.3206690344253986,0.7893123626708984
861,a,23,6,4.238485177357991,0.1929399194123954,0.4674496650695801
862,b,22,6,3.7081008752187095,0.4576730862343267,1.204554557800293
863,b,16,6,4.209146499633789,0.2267534218933499,0.5840499401092529
864,b,17,6,4.2665711641311646,0.41205853968042616,1.105393886566162
865,a,9,6,3.446688930193583,0.09901434039264836,0.2621574401855469
866,b,14,6,3.7181934912999473,0.4083024966129643,1.0906720161437988
867,b,31,6,3.5035592714945474,0.4942834119554106,1.1299355030059814
868,b,11,6,4.115972717603047,0.35648643672483826,0.9300494194030762
869,b,22,6,3.541054924329122,0.14244532131581697,0.36580371856689453
870,b,1,6,2.9162367979685464,0.3604963541718267,0.8784680366516113
871,b,22,6,3.567914923032125,0.3276161958138131,0.7702310085296631
872,b,37,6,4.033928155899048,0.39244853771132504,0.9783279895782471
873,b,29,6,4.44330096244812,0.2989402657149671,0.7174811363220215
874,b,60,6,4.359049916267395,0.40744161968907766,0.9860613346099854
875,b,18,6,3.947681943575541,0.3679246086885752,1.0390355587005615
876,b,16,6,4.180558880170186,0.4138583252156556,1.0926768779754639
877,b,6,6,3.8281503121058145,0.372942212311773,1.055119276046753
878,b,17,6,4.372329990069072,0.42106996893004023,1.0721628665924072
879,b,33,6,4.233465909957886,0.27677693156727556,0.647160530090332
880,b,5,6,3.49533212184906,0.3497307709859722,0.8647208213806152
881,b,6,6,2.975591460863749,0.22355291701207122,0.5380916595458984
882,b,11,6,3.7873162428538003,0.376606154410972,0.9200544357299805
883,b,3,6,3.380977749824524,0.36006830476236995,0.9673917293548584
884,b,8,6,3.109203298886617,0.41505776486698076,0.9675617218017578
885,b,15,6,3.569853186607361,0.33986545181382827,0.8946106433868408
886,b,39,6,4.20828119913737,0.34127449352503575,0.9080569744110107
887,b,19,6,4.202158292134603,0.39544816908774116,1.0019054412841797
888,a,6,6,3.5555883248647056,0.1865638970920048,0.5016493797302246
889,a,0,6,3.577853480974833,0.08848681420782575,0.2136211395263672
890,b,23,6,4.049723505973816,0.2563131432604126,0.6337964534759521
891,a,7,6,3.9746260245641074,0.14275721193807075,0.38828086853027344
892,b,38,6,4.118089358011882,0.3257036712546602,0.7775163650512695
893,b,36,6,4.125886837641398,0.3918126119794448,0.9996752738952637
894,b,21,6,4.140890836715698,0.30531740718123324,0.8544211387634277
895,b,15,6,4.1689921617507935,0.30622898333605386,0.8391871452331543
896,b,19,6,3.915739337603251,0.24705974678656728,0.5979616641998291
897,b,5,6,3.752426028251648,0.36243783149821474,0.8686652183532715
898,b,16,6,3.972060441970825,0.2706713767309172,0.7076082229614258
899,a,2,6,4.6872633298238116,0.20715223451991646,0.5131378173828125
900,b,26,6,4.031274596850078,0.4610918744151574,1.119692325592041
901,b,13,6,3.656619668006897,0.3954993360998478,0.9769926071166992
902,a,6,6,4.27960733572642,0.35127546333056736,0.9103763103485107
903,b,14,6,3.8937122027079263,0.23136405046732886,0.5820441246032715
904,b,20,6,3.52132519086202,0.3211747307822019,0.8542468547821045
905,b,7,6,3.6215471029281616,0.2810591635505398,0.677525520324707
906,a,26,6,4.3152908484141035,0.1472719465448359,0.38093090057373047
907,b,3,6,3.6791493892669678,0.251983522648142,0.7204751968383789
908,b,11,6,3.478765328725179,0.5721475213026338,1.433842420578003
909,a,26,6,4.283295313517253,0.12406427995376428,0.2994976043701172
910,b,1,6,3.4465149641036987,0.3523114025717564,0.8952336311340332
911,b,25,6,4.236097931861877,0.3741367253472107,0.9573807716369629
912,a,2,6,3.9774921337763467,0.29182441747156446,0.7371110916137695
913,a,9,6,4.569915294647217,0.20538192952572829,0.5245075225830078
914,b,15,6,4.010735392570496,0.5141812867105855,1.3316612243652344
915,b,10,6,4.270644982655843,0.3513181270618697,0.8489015102386475
916,a,7,6,4.609822750091553,0.1692158083469009,0.4064202308654785
917,b,9,6,3.814166267712911,0.27533184780888315,0.6999232769012451
918,b,21,6,4.204112609227498,0.3565291691783293,0.857163667678833
919,b,9,6,3.528081774711609,0.6173465581708323,1.393934965133667
920,a,4,6,4.321011344591777,0.2339876365798466,0.6180698871612549
921,a,22,6,4.1195993820826216,0.12675523212054124,0.3334486484527588
922,b,11,6,3.222661852836609,0.44955629688748533,1.145765781402588
923,b,0,6,3.3149200280507407,0.44981256293590555,1.0280444622039795
924,b,14,6,3.672844330469767,0.2081654814182568,0.48432183265686035
925,b,3,6,4.209155042966207,0.28332350717564075,0.6511707305908203
926,a,9,6,3.991475224494934,0.3073393474296591,0.7517595291137695
927,b,19,6,4.299003044764201,0.34919210598410966,0.8076117038726807
928,b,25,6,3.7175728480021157,0.554490443834038,1.3482842445373535
929,b,3,6,3.8560171127319336,0.3557765888185772,0.8958001136779785
930,b,1,6,3.2788918813069663,0.30442694181155094,0.7406120300292969
931,b,2,6,3.531485358874003,0.4394164622407404,1.0704023838043213
932,b,30,6,3.796313683191935,0.536085591849413,1.4062912464141846
933,b,22,6,3.5024123589197793,0.4779591650301075,1.1834144592285156
934,b,38,6,3.9041364192962646,0.2707849334658216,0.700486421585083
935,b,11,6,4.080220659573873,0.39354865788861665,0.9814543724060059
936,b,17,6,3.759391188621521,0.4240179690037763,1.034226417541504
937,b,20,6,4.042320966720581,0.5190518685764642,1.3911614418029785
938,b,22,6,4.402061581611633,0.39751290837327025,1.031073808670044
939,b,16,6,3.207288304964701,0.39905849810968236,1.0464489459991455
940,b,18,6,3.7954192558924356,0.6333510716464826,1.5549850463867188
941,b,20,6,3.5890134970347085,0.506665068893332,1.1901946067810059
942,a,10,6,3.858606537183126,0.24413846594232588,0.5967123508453369
943,b,17,6,4.04284946123759,0.2783759789860281,0.7283685207366943
944,a,0,6,4.453118960062663,0.2485886273600555,0.6269073486328125
945,a,33,6,4.696129322052002,0.174048848727312,0.43157482147216797
946,b,17,6,4.0032170216242475,0.36473374886510435,0.9313454627990723
947,a,15,6,4.078748782475789,0.22275022020459076,0.6016149520874023
948,b,20,6,3.3998605410257974,0.17442274079004316,0.4715864658355713
949,b,19,6,3.6536309321721396,0.385494510778658,0.939579963684082
950,b,13,6,4.2578444480896,0.29010736927051267,0.7439899444580078
951,b,12,6,3.965138872464498,0.43211015698075106,1.1024844646453857
952,a,12,6,4.241570949554443,0.1557198546185712,0.3880605697631836
953,a,14,6,3.6858049631118774,0.26695707900738114,0.6103918552398682
954,b,17,6,3.2451797326405845,0.536247031341317,1.268583059310913
955,a,10,6,3.813527822494507,0.15220368561409678,0.35513901710510254
956,b,12,6,4.22377073764801,0.4544102369706902,1.2728981971740723
957,a,19,6,4.032729466756185,0.2920299868379155,0.7398593425750732
958,a,10,6,4.404405911763509,0.15218774592571432,0.3514590263366699
959,b,18,6,3.8184511264165244,0.5139605714719268,1.2423491477966309
960,b,31,6,3.737498084704081,0.6684627609873707,1.68094801902771
961,b,29,6,4.105429212252299,0.262534283186997,0.6889955997467041
962,b,38,6,4.341697374979655,0.28873002740612874,0.7390141487121582
963,b,52,6,4.511045455932617,0.264028704400232,0.7106995582580566
964,a,2,6,3.9850857257843018,0.4084421651785163,0.9799761772155762
965,b,10,6,3.58074943224589,0.44148215497515286,1.0842986106872559
966,b,4,6,4.277876416842143,0.35447352572427077,0.8667128086090088
967,b,15,6,3.286678671836853,0.5672502411942714,1.550480604171753
968,b,24,6,3.736337939898173,0.3653226034148202,0.906109094619751
969,b,8,6,4.073401093482971,0.326357009160236,0.7866475582122803
970,a,0,6,4.019448081652324,0.28684633874102594,0.6601107120513916
971,b,23,6,3.665082057317098,0.440318795552012,1.1231987476348877
972,a,0,6,3.7750523885091147,0.4846020437582123,1.159240961074829
973,a,3,6,3.876951058705648,0.2990051815975292,0.7326266765594482
974,b,22,6,3.7232999006907144,0.36108428121481284,0.9133474826812744
975,a,28,6,4.355562448501587,0.238020268173291,0.5703530311584473
976,b,35,6,4.2499037981033325,0.4716285198015062,1.2009313106536865
977,b,32,6,3.9491645892461142,0.6487399794787155,1.6249942779541016
978,b,17,6,3.686238249142965,0.29154791587289075,0.7556416988372803
979,b,55,6,4.27224596341451,0.3481336232012338,0.9086332321166992
980,a,23,6,4.218303561210632,0.3385375181583757,0.8412871360778809
981,a,4,6,3.7138912677764893,0.2503896039115902,0.6031384468078613
982,a,40,6,4.956599473953247,0.09662336370359632,0.2744941711425781
983,b,31,6,3.6459659337997437,0.4808025816787074,1.2577078342437744
984,b,23,6,3.9990742206573486,0.361791282329706,0.9068899154663086
985,b,3,6,3.818856716156006,0.5604356738998474,1.4355292320251465
986,b,23,6,3.9625715414683023,0.5023131948455987,1.3370497226715088
987,b,15,6,3.6302769978841147,0.257139718977439,0.6687629222869873
988,b,64,6,4.12714159488678,0.4555364478238867,1.0164110660552979
989,b,20,6,3.5394428173700967,0.30868283954650194,0.8323178291320801
990,b,6,6,4.296691695849101,0.32321962033853036,0.9074380397796631
991,b,42,6,4.236091375350952,0.5034880548433521,1.233365774154663
992,b,6,6,3.6167120933532715,0.45159164444807415,1.1384963989257812
993,b,48,6,4.1683177550633745,0.3074681551112097,0.7940578460693359
994,b,9,6,3.8092063268025718,0.4578726694135968,1.1990270614624023
995,a,13,6,4.4719687302907305,0.2910297685776855,0.7433195114135742
996,b,12,6,3.801960905392965,0.5496241336095237,1.3187808990478516
997,b,22,6,3.507554809252421,0.34231324240377464,0.8702783584594727
998,b,7,6,3.4749802350997925,0.3181818275529369,0.8505332469940186
999,a,11,6,3.8540154695510864,0.3064523644577308,0.7069277763366699
1000,b,28,6,4.118494868278503,0.3935218665473842,0.9869661331176758
1001,a,10,6,3.4098150730133057,0.233333368921874,0.5970933437347412
1002,b,5,6,4.2189732392628985,0.35702374371153844,0.9505491256713867
1003,a,33,6,4.363587935765584,0.3235925426033692,0.7497158050537109
1004,b,22,6,3.9554362694422402,0.20447044606243822,0.46881890296936035
1005,b,8,6,4.176977713902791,0.3868082208423209,1.010423183441162
1006,b,16,6,3.298568685849508,0.5283445421968899,1.2714438438415527
1007,a,10,6,4.067905982335408,0.18374280250469813,0.51700758934021
1008,b,8,6,3.807772715886434,0.5656437386558559,1.345947265625
1009,b,10,6,3.654224952061971,0.2303682758280473,0.6903195381164551
1010,b,32,6,4.704006989796956,0.3645653950433355,0.9342622756958008
1011,b,21,6,4.180869738260905,0.26587544708645655,0.6393029689788818
1012,a,33,6,4.417377312978108,0.31224902696865053,0.7466368675231934
1013,b,0,6,4.267268141110738,0.4541028616404421,1.007310390472412
1014,b,41,6,4.115745504697164,0.5610126236582534,1.4233269691467285
1015,b,5,6,3.3379717667897544,0.38913733986887566,0.9064226150512695
1016,b,2,6,3.970056136449178,0.40255910040804055,1.0608341693878174
1017,a,16,6,4.236962795257568,0.1334812851527312,0.3309965133666992
1018,b,17,6,4.120247046152751,0.37577046597867825,0.9358172416687012
1019,b,18,6,3.9439860184987388,0.3685115605111516,0.8916356563568115
1020,b,81,6,4.698441505432129,0.6015083680997717,1.5312175750732422
1021,b,7,6,3.704852898915609,0.6964001051425542,1.8644702434539795
1022,b,14,6,3.424899419148763,0.4463159469936234,1.0775017738342285
1023,b,18,6,3.3790226777394614,0.411958070195243,1.0162112712860107
1024,b,7,6,4.158863226572673,0.49380902535266424,1.142580270767212
1025,a,0,6,3.6918530066808066,0.17908827040881817,0.4958229064941406
1026,a,15,6,4.681724309921265,0.1617719949527718,0.3897581100463867
1027,a,6,6,4.364753286043803,0.3448066131446257,0.8912804126739502
1028,b,3,6,3.8857961098353067,0.35335545262858953,0.895317554473877
1029,a,8,6,4.62722913424174,0.24206582319725545,0.5734214782714844
1030,b,49,6,4.5583696365356445,0.4541061619188919,1.1950764656066895
1031,b,9,6,3.370632767677307,0.2298170556698329,0.5347626209259033
1032,a,25,6,4.185450951258342,0.24737722119674843,0.574425458908081
1033,b,28,6,4.366497119267781,0.3558323841768645,0.9266886711120605
1034,a,2,6,3.2468724648157754,0.33608826500084954,0.8848779201507568
1035,a,4,6,4.437340259552002,0.3340927817526252,0.8198184967041016
1036,a,12,6,3.640233278274536,0.2387832758035785,0.6099326610565186
1037,a,2,6,3.892073710759481,0.3973117435052796,1.0108518600463867
1038,b,14,6,3.6865264574686685,0.207700157552027,0.5896735191345215
1039,b,44,6,4.131827235221863,0.486312122580307,1.1289465427398682
1040,b,16,6,4.399139920870463,0.47161826372190413,1.1625034809112549
1041,b,36,6,3.9700796206792197,0.5026252580606629,1.1942284107208252
1042,b,2,6,4.260135253270467,0.44459460490878283,1.063183069229126
1043,b,11,6,3.9907153050104776,0.2223804666514049,0.5672602653503418
1044,b,28,6,3.8718014558156333,0.3127204041009987,0.7507538795471191
1045,b,18,6,3.7522722482681274,0.2638251179355267,0.684110164642334
1046,a,2,6,4.186962525049846,0.18020262531807177,0.4695405960083008
1047,a,13,6,3.6079878012339273,0.11162315155518848,0.2568349838256836
1048,b,1,6,3.591830929120382,0.2275630832013919,0.5439636707305908
1049,b,19,6,3.871827244758606,0.3402435027386354,0.906203031539917
1050,b,23,6,3.752843658129374,0.3442583054034351,0.950458288192749
1051,b,1,6,3.3471652269363403,0.23154267599560244,0.5468235015869141
1052,b,18,6,3.5761218070983887,0.1695911802588406,0.43144798278808594
1053,b,14,6,3.624921758969625,0.26990395752723007,0.72190260887146
1054,b,1,6,3.6430406173070273,0.22590791095705484,0.5645458698272705
1055,b,8,6,4.00866452852885,0.5385457195355566,1.2914156913757324
1056,b,10,6,3.2738123337427774,0.34590887299295825,0.8987360000610352
1057,a,15,6,3.7889751195907593,0.03585418047617041,0.10944676399230957
1058,a,2,6,4.484554052352905,0.29130024981644576,0.6875019073486328
1059,b,35,6,4.432229042053223,0.2659490741690623,0.6608982086181641
1060,a,0,6,3.2291574080785117,0.14521399101846186,0.4140360355377197
1061,b,17,6,3.146532575289408,0.5289729672235048,1.4603369235992432
1062,b,33,6,3.8567498127619424,0.3294044817056817,0.8234639167785645
1063,b,20,6,3.568120082219442,0.4444788823448819,1.0332458019256592
1064,b,2,6,4.068692962328593,0.1877913608771318,0.5330386161804199
1065,b,14,6,3.9600170453389487,0.45708458168129673,1.1464760303497314
1066,b,5,6,3.056949496269226,0.21531089096486608,0.5767509937286377
1067,b,2,6,3.23240860303243,0.3113689355903659,0.7528839111328125
1068,a,32,6,4.3595326741536455,0.1855136748982261,0.4325246810913086
1069,b,19,6,4.140188296635945,0.38322912927875535,1.0131359100341797
1070,b,13,6,3.932645003000895,0.42226475349766784,1.0084774494171143
1071,b,30,6,3.7534724871317544,0.4774760100337527,1.0520808696746826
1072,b,36,6,4.017992854118347,0.5363007796163783,1.2855422496795654
1073,a,3,6,4.179989576339722,0.15420591358342792,0.3720054626464844
1074,b,16,6,3.440621534983317,0.3429360333690765,0.8228669166564941
1075,b,12,6,3.4983487129211426,0.3918111892023459,0.9817745685577393
1076,b,8,6,3.102641463279724,0.21323283834114662,0.4874610900878906
1077,a,1,6,3.5460756619771323,0.18171148797167172,0.4272603988647461
1078,b,24,6,3.99102512995402,0.4141723784149224,1.0538368225097656
1079,b,4,6,3.564267635345459,0.31612181512783327,0.7886464595794678
1080,b,20,6,3.3120494286219277,0.39469194746394176,0.9566349983215332
1081,b,6,6,4.211779435475667,0.33309947576244187,0.8272206783294678
1082,b,15,6,3.9544573624928794,0.5977400280596171,1.5268356800079346
1083,b,10,6,3.78942342599233,0.2704609677480393,0.7561604976654053
1084,b,34,6,4.090728282928467,0.44931083522384047,1.2139582633972168
1085,b,10,6,3.492329557736715,0.44676649419387976,1.1900842189788818
1086,b,20,6,4.086835463841756,0.3916460499684378,0.9537758827209473
1087,a,3,6,3.8031498988469443,0.04898583408612713,0.13581395149230957
1088,a,20,6,3.7744011878967285,0.3322416009642138,0.8355839252471924
1089,b,24,6,3.8553726275761924,0.4677559234872309,1.244527816772461
1090,b,34,6,4.183679580688477,0.34712992598455755,0.8276016712188721
1091,b,23,6,3.9569180011749268,0.4593458446653218,1.1391661167144775
1092,a,18,6,4.098329265912374,0.2076622496488207,0.5216732025146484
1093,b,15,6,2.8750541607538858,0.4506387732491295,1.1385929584503174
1094,b,9,6,4.428457697232564,0.3768141514469804,0.9723026752471924
1095,a,4,6,3.547943631807963,0.25793715788844,0.6025543212890625
1096,b,32,6,4.558672030766805,0.3709726552953322,0.8593845367431641
1097,b,100,6,4.859918673833211,0.3062925358746788,0.776618480682373
1098,b,6,6,3.794847249984741,0.41674602878029776,1.0570945739746094
1099,b,30,6,4.442598422368367,0.330651323594883,0.8300380706787109
1100,b,24,6,4.135718067487081,0.4781693173389241,1.2676591873168945
1101,b,30,6,3.944791237513224,0.3945289643792045,1.157374620437622
1102,a,15,6,4.0412011941274,0.22123517984187288,0.5064902305603027
1103,b,30,6,4.011584242184957,0.43573721342272537,1.0557360649108887
1104,b,12,6,3.717850685119629,0.4623445024223654,1.1543896198272705
1105,b,17,6,4.093466122945149,0.31627879471996456,0.7773752212524414
1106,b,27,6,4.05035138130188,0.3129563113171906,0.744849681854248
1107,b,15,6,3.575617512067159,0.3467512058692018,0.8604068756103516
1108,b,29,6,3.9738251765569053,0.4104927970284371,1.064302921295166
1109,b,6,6,3.699041247367859,0.36503320226264074,0.9237375259399414
1110,a,7,6,3.2452654441197715,0.08605506322691449,0.2258772850036621
1111,b,30,6,4.42156966527303,0.38036083597510073,0.92474365234375
1112,a,22,6,4.411048968633016,0.15078964971536452,0.36076974868774414
1113,b,21,6,3.7252604564030967,0.5123682478553169,1.2640798091888428
1114,b,17,6,3.3409129778544107,0.30786460767577256,0.7404313087463379
1115,b,19,6,3.6679912010828652,0.40712591060954434,1.0421397686004639
1116,b,10,6,2.895269195238749,0.5084226148545965,1.2459304332733154
1117,b,11,6,2.8620357513427734,0.26264107960107963,0.7169959545135498
1118,b,7,6,3.7107714414596558,0.4226199072928531,1.0621459484100342
1119,b,12,6,3.797982692718506,0.3218183046520667,0.8142354488372803
1120,b,5,6,4.185023268063863,0.4177781947942039,1.0499601364135742
1121,b,6,6,3.1659501791000366,0.33152464235792506,0.8480889797210693
1122,b,22,6,3.3982474406560264,0.5225807438235918,1.1938366889953613
1123,b,14,6,3.4564812978108725,0.20628960851566108,0.5046730041503906
1124,b,19,6,3.470743258794149,0.2955341748358657,0.7066936492919922
1125,b,20,6,4.396045168240865,0.34551384427273296,0.8443458080291748
1126,b,20,6,4.231537699699402,0.3146251798493554,0.7854773998260498
1127,b,68,6,5.134092728296916,0.346007085171506,0.9044055938720703
1128,a,19,6,3.914133389790853,0.2169916201310573,0.5864455699920654
1129,b,5,6,3.4893521467844644,0.30799127673118715,0.7478508949279785
1130,b,48,6,5.0423769156138105,0.07768555512028567,0.20918560028076172
1131,a,18,6,4.02308984597524,0.18416679425255042,0.449782133102417
1132,b,9,6,3.2688628832499185,0.425509657444761,1.0061590671539307
1133,b,18,6,3.952972412109375,0.5081470658987879,1.2139613628387451
1134,b,20,6,3.3975436290105185,0.4517943470503253,1.0929811000823975
1135,b,11,6,3.685566266377767,0.36633184437976185,0.9521896839141846
1136,a,27,6,4.343302051226298,0.24202886352108968,0.697432279586792
1137,b,57,6,4.375676830609639,0.5185373496490058,1.236924409866333
1138,a,10,6,3.341314435005188,0.19579204374280462,0.442429780960083
1139,b,44,6,3.631198445955912,0.4978467583409143,1.2592713832855225
1140,b,2,6,2.9098504781723022,0.31699078767890776,0.8121960163116455
1141,b,24,6,4.236571033795674,0.3372849696284497,0.9162976741790771
1142,b,23,6,3.646259625752767,0.40085128200827524,1.0856459140777588
1143,b,11,6,3.8810070753097534,0.4271645250606595,1.0972084999084473
1144,b,20,6,3.9056623776753745,0.39466047611757643,1.0110394954681396
1145,a,2,6,3.5384830633799234,0.16058837310496368,0.4084591865539551
1146,b,15,6,2.8261684576670327,0.33960456770428177,0.8735520839691162
1147,b,15,6,4.153313755989075,0.36487598937102106,0.9800307750701904
1148,a,19,6,4.1057034730911255,0.18328466254837195,0.43302392959594727
1149,b,5,6,2.9723361333211265,0.47028120493679854,1.2089033126831055
1150,b,20,6,3.3510975440343223,0.49862962735720057,1.2201361656188965
1151,b,7,6,3.062427838643392,0.636751767481759,1.6226434707641602
1152,a,26,6,4.228332916895549,0.2676401345209916,0.6908707618713379
1153,b,21,6,4.1018645366032915,0.39552961804285386,1.017404317855835
1154,b,15,6,3.934741973876953,0.31659871820971003,0.7746186256408691
1155,b,40,6,3.9648320277531943,0.5719840427760179,1.404841423034668
1156,b,42,6,4.2724132140477495,0.33501268883595625,0.8902840614318848
1157,a,3,6,3.8917240699132285,0.18906964457779013,0.5063571929931641
1158,b,15,6,4.088299473126729,0.37244364781833705,0.989037275314331
1159,b,26,6,4.074346264203389,0.38243698246821095,0.8405039310455322
1160,b,0,6,3.340585192044576,0.4324376468900885,1.191385269165039
1161,b,14,6,3.7816644509633384,0.4303625380205496,1.0820732116699219
1162,b,4,6,4.37068772315979,0.20133969549504047,0.5492053031921387
1163,a,2,6,3.4288629293441772,0.24938039651558666,0.6280992031097412
1164,b,10,6,3.3470636208852134,0.5000225487567721,1.2180910110473633
1165,b,7,6,3.612762928009033,0.25831681641532855,0.6465802192687988
1166,b,5,6,3.6870224475860596,0.3431067457544319,0.8388831615447998
1167,b,20,6,3.9130656719207764,0.36189977220661357,0.9207656383514404
1168,b,16,6,3.4489940404891968,0.3958715224367444,1.2940452098846436
1169,b,15,6,4.025471647580464,0.36204760629052596,0.9095609188079834
1170,b,33,6,4.114458203315735,0.39964373501771505,0.9933667182922363
1171,a,5,6,3.6635090907414756,0.11269808125341199,0.26237034797668457
1172,b,38,6,3.919972817103068,0.4692218918359013,1.1583447456359863
1173,a,5,6,3.274630069732666,0.2964578573440717,0.7156486511230469
1174,b,1,6,3.5043490727742515,0.1808330450843107,0.48224854469299316
1175,b,52,6,3.917869289716085,0.47764438590024755,1.1817121505737305
1176,b,17,6,3.797512173652649,0.6032747595835726,1.6269943714141846
1177,b,1,6,3.5017152627309165,0.2598018118772801,0.6121513843536377
1178,b,6,6,3.341817259788513,0.4397690991267795,1.066063642501831
1179,b,33,6,4.0400755405426025,0.3812242335794736,0.9729218482971191
1180,b,6,6,2.9771703084309897,0.27299008008605335,0.7086377143859863
1181,b,13,6,3.0374631881713867,0.49247828383671705,1.2774839401245117
1182,b,89,6,4.141035517056783,0.5298854061746352,1.3304738998413086
1183,a,8,6,2.9717092514038086,0.3935662305656656,0.9580283164978027
1184,b,19,6,3.799418846766154,0.44670430135790307,1.143845558166504
1185,b,8,6,4.193326234817505,0.34526630410089676,0.8771512508392334
1186,a,27,6,4.182077248891194,0.4090389149642553,1.0605461597442627
1187,b,28,6,3.786513328552246,0.37921337144000383,0.8938314914703369
1188,b,24,6,4.179720918337504,0.40946030759318525,1.0630724430084229
1189,a,17,6,4.411885182062785,0.15589123474094121,0.3835768699645996
1190,b,24,6,4.247608582178752,0.4453605702589667,1.09232497215271
1191,b,13,6,3.432663400967916,0.4931143302749086,1.3768281936645508
1192,b,15,6,3.816283027331034,0.3596253686147672,0.9053592681884766
1193,b,32,6,4.310581723848979,0.3571641855731799,0.8554408550262451
1194,b,19,6,3.8920942147572837,0.2665511330624021,0.6812598705291748
1195,a,1,6,3.8619713385899863,0.16454288457362798,0.39887547492980957
1196,b,5,6,4.3547583023707075,0.2515721707345975,0.6662313938140869
1197,a,8,6,4.238230625788371,0.2330704793590203,0.5820903778076172
1198,b,17,6,3.435282309850057,0.3528929800988095,0.92315673828125
1199,a,13,6,3.6203280289967856,0.21180889078375928,0.5404036045074463
1200,b,50,6,4.036760648091634,0.4570056477839081,1.1333026885986328
1201,b,24,6,3.4772201776504517,0.4064722757901834,1.0170841217041016
1202,a,11,6,3.5969809691111245,0.14712678965473225,0.3667891025543213
1203,b,0,6,3.735386848449707,0.24911992326745783,0.6627364158630371
1204,a,19,6,4.058096965154012,0.24595089905923517,0.5987653732299805
1205,b,9,6,3.972155491511027,0.41570707940313767,1.0581133365631104
1206,a,2,6,3.9246824979782104,0.2611410158031629,0.6363091468811035
1207,b,3,6,3.9137444496154785,0.3535572534778788,0.857675313949585
1208,b,1,6,3.358468174934387,0.3786101019520992,0.9192354679107666
1209,a,0,6,4.267056465148926,0.16443795457255317,0.4174160957336426
1210,b,6,6,3.6117070515950522,0.3708152933724538,0.9096689224243164
1211,b,13,6,3.7489580313364663,0.6032555102371293,1.4837687015533447
1212,b,26,6,3.775761922200521,0.429268495294303,1.0708370208740234
1213,b,18,6,3.7658481200536094,0.7183638631796111,1.733975887298584
1214,b,19,6,3.7143671909968057,0.4965288714293207,1.3394958972930908
1215,b,33,6,3.703320542971293,0.6164196334016796,1.482717752456665
1216,b,15,6,4.556928714116414,0.22490802468316318,0.5460629463195801
1217,a,20,6,4.360233863194783,0.12703244314350823,0.3151969909667969
1218,a,0,6,4.102818926175435,0.1815935880257186,0.515052318572998
1219,b,39,6,4.2604570388793945,0.3278017562197555,0.9233317375183105
1220,b,19,6,3.678955316543579,0.4094167466399189,1.1085846424102783
1221,a,23,6,4.129823923110962,0.17758104634157912,0.4181957244873047
1222,b,7,6,2.9784526030222573,0.2915794883083653,0.7304699420928955
1223,b,30,6,3.7457478841145835,0.38374159580920947,1.0654425621032715
1224,b,8,6,4.019310752550761,0.37840224190462396,0.9448075294494629
1225,a,9,6,4.054599682490031,0.26854446119295244,0.6456773281097412
1226,a,6,6,3.4875982205073037,0.21328030493352343,0.5070123672485352
1227,b,3,6,4.613123416900635,0.33617879756527613,0.8678760528564453
1228,b,30,6,3.996288458506266,0.42335974554642297,1.098285436630249
1229,b,5,6,3.419668277104696,0.17046551889953548,0.47012853622436523
1230,b,29,6,4.047324101130168,0.5363414862598088,1.3090696334838867
1231,b,37,6,3.9352571964263916,0.2305207718008961,0.5978617668151855
1232,b,9,6,3.980239510536194,0.3392644956466018,0.7577509880065918
1233,b,24,6,4.318374236424764,0.47371259917361613,1.1340913772583008
1234,a,0,6,3.4840162992477417,0.2923156736757284,0.704596757888794
1235,b,5,6,4.039610703786214,0.2567434789958189,0.6084644794464111
1236,b,18,6,3.7903871138890586,0.3824869289769488,1.003826379776001
1237,b,40,6,3.9214182694753013,0.4813853760897511,1.188889503479004
1238,b,24,6,3.9178707599639893,0.45890310752344166,1.126692533493042
1239,b,9,6,4.355483373006185,0.35230125877955,0.8342962265014648
1240,b,23,6,3.7165709336598716,0.41830259975573725,1.036787748336792
1241,b,9,6,3.815686027208964,0.40375081084082,0.9295885562896729
1242,a,3,6,3.685674707094828,0.04615534388604415,0.1351759433746338
1243,a,2,6,4.371283372243245,0.293911134255733,0.7056589126586914
1244,a,0,6,3.3272550106048584,0.1298434634202806,0.35248827934265137
1245,b,7,6,3.868728518486023,0.27647998485619674,0.7040629386901855
1246,b,20,6,4.047964572906494,0.34210385457620834,0.883209228515625
1247,b,7,6,4.070776581764221,0.38908666511584616,1.0116691589355469
1248,a,13,6,3.5899068117141724,0.20523650333983254,0.5426084995269775
1249,b,13,6,3.606221397717794,0.2332357688791152,0.6228625774383545
1250,b,12,6,4.26048731803894,0.3583981074528944,0.8947598934173584
1251,b,17,6,4.123743613560994,0.38649323094280263,0.9203732013702393
1252,b,15,6,3.7927294174830117,0.5309306100427498,1.3358235359191895
1253,a,19,6,3.746986428896586,0.3709966539201193,0.8621714115142822
1254,b,19,6,3.3890685637791953,0.3873538221441792,0.9950399398803711
1255,a,17,6,4.032504916191101,0.27875828393497787,0.6649885177612305
1256,b,21,6,3.8867739041646323,0.37092687759578946,0.9847655296325684
1257,b,26,6,3.3387139638264975,0.5638066700263379,1.3141376972198486
1258,b,14,6,3.5579594373703003,0.32050703642775175,0.7645137310028076
1259,a,12,6,4.38455859820048,0.29226319683252566,0.6788902282714844
1260,b,9,6,3.8633598486582437,0.1974075272728619,0.4650883674621582
1261,a,14,6,3.763201038042704,0.19123267584714282,0.44736409187316895
1262,b,13,6,4.499454339345296,0.33096959893599204,0.8554568290710449
1263,a,25,6,4.387991825739543,0.1126672896205694,0.321382999420166
1264,b,8,6,3.29300320148468,0.22970227765051573,0.5495214462280273
1265,b,47,6,4.036562442779541,0.4751183490302336,1.129272222518921
1266,b,18,6,3.3269033432006836,0.4077430764882061,0.9349417686462402
1267,b,46,6,4.204986373583476,0.34228253968372907,0.7837240695953369
1268,b,18,6,4.114231467247009,0.3529560079336324,0.9556729793548584
1269,b,23,6,3.8759064277013144,0.6198966244603908,1.728078842163086
1270,b,11,6,4.409815947214763,0.41008912229289346,1.1314239501953125
1271,b,26,6,4.1260998249053955,0.27850304948177285,0.7440357208251953
1272,b,13,6,3.9103320439656577,0.5156418594166974,1.2683868408203125
1273,b,17,6,3.5521766742070517,0.5185937862253953,1.2825653553009033
1274,b,39,6,4.184536735216777,0.3122841943724451,0.8065297603607178
1275,b,16,6,3.688701947530111,0.38992929641353496,0.9769344329833984
1276,a,16,6,3.972032388051351,0.2463447450930777,0.6714112758636475
1277,a,11,6,3.4544082085291543,0.27674549036458235,0.6667721271514893
1278,b,23,6,4.198211073875427,0.23657973049167583,0.6240618228912354
1279,b,25,6,4.488440116246541,0.3110233109098752,0.7858624458312988
1280,b,13,6,3.657963196436564,0.3328925715635069,0.8697996139526367
1281,b,27,6,3.7820605834325156,0.6163729429785982,1.5773200988769531
1282,a,12,6,3.975360075632731,0.15408110261506586,0.36939501762390137
1283,b,29,6,4.116225242614746,0.3100934654699377,0.7727019786834717
1284,b,1,6,3.759219765663147,0.2890290925460848,0.7344417572021484
1285,b,29,6,3.442598819732666,0.42316182222046256,1.0132925510406494
1286,b,3,6,4.143778244654338,0.4230415964839692,1.1283714771270752
1287,b,39,6,4.33760666847229,0.3596766996434532,0.9117674827575684
1288,b,33,6,4.31199316183726,0.4802997511137238,1.150446891784668
1289,b,21,6,3.538489023844401,0.41949582510852673,1.0074892044067383
1290,b,10,6,3.7839682896931968,0.40282166203336,1.0568821430206299
1291,b,50,6,4.684991359710693,0.34472838000858913,0.8529753684997559
1292,b,10,6,4.3772610028584795,0.38843729441513547,0.924422025680542
1293,b,8,6,3.0217635234196982,0.3465972878242493,0.8194880485534668
1294,b,18,6,3.8172343174616494,0.3198199731550503,0.77663254737854
1295,b,13,6,3.8660014073053994,0.2996341929876436,0.7837703227996826
1296,b,27,6,3.889324506123861,0.611851280166851,1.479029655456543
1297,b,1,6,3.6339951753616333,0.37702224620991176,0.9569363594055176
1298,b,29,6,3.7857709725697837,0.461271350233087,1.2471027374267578
1299,b,21,6,4.038300792376201,0.3368066060162769,0.8364276885986328
1300,b,37,6,3.670534054438273,0.5424100287948597,1.3637852668762207
1301,b,36,6,3.7740645011266074,0.504899283673692,1.281789779663086
1302,b,13,6,3.7838194370269775,0.46889400696295935,1.1721556186676025
1303,b,26,6,4.086404840151469,0.2843536581737181,0.7205641269683838
1304,b,22,6,3.727961858113607,0.4122183928519497,1.0318090915679932
1305,b,12,6,3.1787100632985434,0.4508406126900335,1.1314809322357178
1306,b,21,6,4.190640648206075,0.38572207429841554,1.04591703414917
1307,a,13,6,3.744577924410502,0.17539805571624148,0.45174360275268555
1308,b,19,6,4.107136607170105,0.4567191843398621,1.1739959716796875
1309,b,14,6,3.6710457801818848,0.38347712581035176,1.0040454864501953
1310,b,54,6,4.362140695254008,0.3947446915988057,0.992626428604126
1311,b,0,6,3.6163593928019204,0.37780452487239474,0.9401562213897705
1312,b,18,6,3.414481043815613,0.3622033124136266,0.9270434379577637
1313,b,9,6,4.0637309948603315,0.44328659354629507,1.1902706623077393
1314,b,17,6,3.5083821217219033,0.16972860762714614,0.4341113567352295
1315,a,0,6,3.9208508729934692,0.24673864640697038,0.6560578346252441
1316,b,19,6,4.137255271275838,0.15630851074873212,0.38237571716308594
1317,b,45,6,4.3333689371744795,0.3352590646619564,0.8441572189331055
1318,b,3,6,4.498463590939839,0.399347226803682,1.0120141506195068
1319,a,0,6,4.2505262692769366,0.29832191921081774,0.7608709335327148
1320,b,15,6,4.34539528687795,0.4216123460270162,1.1141068935394287
1321,b,66,6,4.778808832168579,0.3718144945125393,0.9371161460876465
1322,b,10,6,4.096818168958028,0.40974355050954775,1.01387357711792
1323,b,35,6,3.9644510746002197,0.30917543070361136,0.8024444580078125
1324,b,36,6,4.230408549308777,0.3557104485720585,0.8835093975067139
1325,b,34,6,3.8172687689463296,0.38968023298241394,0.914053201675415
1326,b,13,6,4.050409197807312,0.5017842298632286,1.2315213680267334
1327,b,1,6,3.133715113004049,0.36197926995117563,0.8792564868927002
1328,b,3,6,3.5274411042531333,0.44182829961473674,1.089214563369751
1329,b,34,6,4.271557887395223,0.44232410215905316,1.0885238647460938
1330,a,15,6,3.7410290241241455,0.2916563673961089,0.6465952396392822
1331,a,27,6,4.359746138254802,0.20841562516579937,0.5052003860473633
1332,a,15,6,4.107048233350118,0.2105921182508377,0.5585153102874756
1333,b,21,6,3.778760393460592,0.4217837455471952,1.0165433883666992
1334,b,13,6,3.8197980721791587,0.41880030669337204,1.1035542488098145
1335,b,13,6,3.395474831263224,0.4767531379265283,1.2088022232055664
1336,b,10,6,3.544748862584432,0.3998332381761415,1.059204339981079
1337,b,38,6,4.483837127685547,0.37933285830992824,0.9622969627380371
1338,b,26,6,3.791780153910319,0.5899674011564501,1.4948301315307617
1339,b,18,6,3.487406333287557,0.1858401347546013,0.4716982841491699
1340,b,41,6,4.408236463864644,0.36220479331586686,0.9584572315216064
1341,a,28,6,4.35116449991862,0.12895035868961532,0.3032374382019043
1342,b,21,6,3.9168418645858765,0.26801381328591245,0.7092952728271484
1343,b,0,6,3.6237279176712036,0.35719471959216725,0.7828006744384766
1344,a,21,6,4.349659363428752,0.35801417658597395,0.7973330020904541
1345,b,12,6,3.8993612925211587,0.3443345419004105,0.8303413391113281
1346,b,30,6,4.267144799232483,0.41856878153737176,1.0748217105865479
1347,a,4,6,3.6104885737101235,0.10628158899839642,0.2809584140777588
1348,a,2,6,4.386258125305176,0.31351525525774554,0.8061232566833496
1349,b,19,6,4.21265975634257,0.33870347037986975,0.8044180870056152
1350,b,9,6,3.3908474842707315,0.246212862323481,0.582266092300415
1351,b,13,6,3.3303510745366416,0.269195578987735,0.7088031768798828
1352,a,2,6,4.129164218902588,0.3018045258802412,0.7256951332092285
1353,b,36,6,4.327298720677693,0.3118611752561205,0.7199525833129883
1354,a,2,6,3.3131285111109414,0.4392868197796989,1.0648348331451416
1355,b,6,6,3.6869062582651773,0.25950871729334957,0.647042989730835
1356,a,16,6,4.627038319905599,0.15402511770132776,0.38309335708618164
1357,b,9,6,4.235760847727458,0.3780883936251632,0.9425294399261475
1358,b,8,6,3.5572719971338906,0.1559050175476891,0.4136066436767578
1359,b,10,6,4.162945787111918,0.3541369172645499,0.8454978466033936
1360,b,14,6,3.9713703791300454,0.3734245350549476,0.9600021839141846
1361,a,1,6,3.346354365348816,0.1642846416277016,0.4001188278198242
1362,a,17,6,4.586057901382446,0.19127242036831907,0.47254323959350586
1363,b,63,6,4.441739122072856,0.3587621458660512,0.908315896987915
1364,b,28,6,4.144210457801819,0.33278818660528553,0.8114197254180908
1365,b,4,6,4.1339945793151855,0.3888987302875463,1.0186548233032227
1366,b,16,6,3.4809913635253906,0.3598807506710019,0.8158483505249023
1367,b,20,6,3.5306853453318277,0.25468788021860544,0.6325473785400391
1368,b,5,6,3.74147097269694,0.41065196646294505,1.009429693222046
1369,a,1,6,3.261889934539795,0.14770859514297588,0.37091946601867676
1370,b,20,6,3.778701663017273,0.5053132539538706,1.303149938583374
1371,b,15,6,4.019706090291341,0.4424414682365519,1.1536104679107666
1372,a,5,6,3.7650473912556968,0.21889403181858025,0.5333354473114014
1373,b,24,6,4.291136980056763,0.3149181192141277,0.8168201446533203
1374,b,18,6,4.0951353708903,0.47312232581058233,1.135108470916748
1375,b,33,6,3.8963023026784263,0.2914198011965391,0.7346799373626709
1376,b,19,6,3.826266090075175,0.2817458670314052,0.7133586406707764
1377,b,38,6,3.8274025519688926,0.5867702941907267,1.6459858417510986
1378,b,13,6,3.534552296002706,0.3180240965398223,0.8904047012329102
1379,b,19,6,3.3707985083262124,0.5049996124190236,1.2118828296661377
1380,b,7,6,4.253389835357666,0.2549338292827466,0.692894458770752
1381,a,2,6,3.636319637298584,0.1322756884583237,0.3402702808380127
1382,a,1,6,3.159467260042826,0.1424589848016492,0.35320067405700684
1383,b,16,6,3.545183022816976,0.47228497123528945,1.187762975692749
1384,b,4,6,4.568168640136719,0.3316595171643119,0.8478255271911621
1385,b,44,6,4.534797747929891,0.33754867604128896,0.8387088775634766
1386,b,17,6,3.972514589627584,0.3834467507175051,0.9639396667480469
1387,b,24,6,3.9526665210723877,0.4907251087953613,1.2586631774902344
1388,a,30,6,4.307265679041545,0.1975243382404736,0.4908590316772461
1389,b,36,6,4.308859825134277,0.3739651072695636,1.0163450241088867
1390,a,6,6,3.3482877016067505,0.13238511991186053,0.33881592750549316
1391,a,13,6,3.6096237897872925,0.17929059135264103,0.4572131633758545
1392,a,19,6,4.151524305343628,0.18133552940771663,0.4898381233215332
1393,a,2,6,3.799948294957479,0.3382109233984081,0.7480719089508057
1394,b,9,6,3.5300397078196206,0.4366070455076484,1.1228611469268799
1395,b,28,6,3.9623780250549316,0.3546624089069995,0.8740816116333008
1396,b,22,6,4.141364177068074,0.3041012444804087,0.8592746257781982
1397,b,12,6,4.26839538415273,0.2825114070954865,0.6767680644989014
1398,a,17,6,4.135641535123189,0.19132359854515615,0.5020735263824463
1399,b,47,6,4.244526068369548,0.41395036466005963,1.1166741847991943
1400,b,18,6,3.2445762157440186,0.4098917180816103,0.9637250900268555
1401,b,3,6,3.9910675287246704,0.43715906260006115,1.1981596946716309
1402,a,1,6,3.833331743876139,0.09543411267956488,0.2592289447784424
1403,b,28,6,3.50215737024943,0.6214350542240299,1.7908329963684082
1404,b,27,6,3.9983407656351724,0.4162400550225728,1.077040433883667
1405,b,21,6,3.862612009048462,0.30834990364483383,0.7564601898193359
1406,a,2,6,3.4401561419169107,0.22655675813897933,0.5898194313049316
1407,b,3,6,4.05647607644399,0.496998904459221,1.2502079010009766
1408,b,30,6,3.849290370941162,0.5388574763525505,1.4590115547180176
1409,b,66,6,4.465101321538289,0.27700656924842687,0.7109479904174805
1410,b,20,6,3.7553157011667886,0.4174219212748004,1.0296623706817627
1411,b,19,6,3.9581369956334433,0.5017774263875117,1.2919211387634277
1412,b,23,6,4.158478697141011,0.4616761509627456,1.1629679203033447
1413,b,3,6,4.03897221883138,0.370789920294247,1.0158658027648926
1414,b,57,6,4.476502180099487,0.30347834016534636,0.7348551750183105
1415,b,19,6,3.6508442163467407,0.3782902792903079,0.944270133972168
1416,b,0,6,4.352333625157674,0.17492873051880578,0.4328913688659668
1417,b,11,6,3.647979497909546,0.4196220695457879,1.0440070629119873
1418,b,21,6,4.297105630238851,0.43400688483671185,1.1513352394104004
1419,b,20,6,3.8526065746943154,0.3990126156115892,1.0052495002746582
1420,b,5,6,3.154606262842814,0.32435120382053545,0.8331351280212402
1421,a,10,6,3.6732091903686523,0.20975206040766364,0.5623588562011719
1422,b,5,6,4.42309566338857,0.4573423927613255,1.1211302280426025
1423,b,14,6,3.7818662325541177,0.40764310255156183,1.0254876613616943
1424,a,12,6,3.9269429047902427,0.26935751172832545,0.7001402378082275
1425,b,18,6,4.0258991320927935,0.45282650219822496,1.0441412925720215
1426,b,6,6,3.369839390118917,0.4162801358185382,1.0071544647216797
1427,a,11,6,4.109556158383687,0.14005134516057663,0.37899303436279297
1428,b,26,6,3.5615748167037964,0.3710007039562078,0.9176232814788818
1429,b,1,6,4.217552105585734,0.3149826291042566,0.7997004985809326
1430,a,15,6,4.047049800554912,0.2192164256707789,0.5347411632537842
1431,b,14,6,3.8244892756144204,0.3189114093635484,0.8418283462524414
1432,b,14,6,3.6982346375783286,0.36861320833367955,0.876835823059082
1433,b,33,6,4.068202972412109,0.41770845669865947,1.0659942626953125
1434,a,4,6,3.1819964249928794,0.41810495908683387,0.9776687622070312
1435,b,19,6,3.6122352282206216,0.34915813322756206,0.8281607627868652
1436,b,28,6,3.9684211810429892,0.3507605661091378,0.8228569030761719
1437,a,15,6,4.270403782526652,0.15911017586183757,0.4274892807006836
1438,b,14,6,3.4343099196751914,0.4013096066342806,1.063655138015747
1439,b,56,6,4.342628518740336,0.4122479122176827,1.0394082069396973
1440,b,17,6,4.512352228164673,0.4006446946953172,1.0169177055358887
1441,b,34,6,4.249342838923137,0.3946226708200754,0.9922754764556885
1442,b,58,6,4.732668002446492,0.2537573585774905,0.6415934562683105
1443,a,0,6,4.007312019666036,0.1897973695986351,0.49899840354919434
1444,b,45,6,3.968210776646932,0.43657363002675753,1.1392805576324463
1445,a,0,6,4.116888840993245,0.31464388073089405,0.7920963764190674
1446,b,13,6,4.07025667031606,0.3480346724538614,0.9200427532196045
1447,b,7,6,3.034749229749044,0.4114497753154407,0.9488072395324707
1448,a,5,6,3.3171960512797036,0.3738478462381004,0.9134528636932373
1449,b,25,6,3.204283356666565,0.38325928361478095,1.0106618404388428
1450,a,45,6,4.8720933596293134,0.12134730441403631,0.33445024490356445
1451,a,2,6,3.370690902074178,0.1173104312908676,0.2946481704711914
1452,b,9,6,4.217087785402934,0.3758749454023655,0.9547231197357178
1453,b,9,6,3.670187473297119,0.36979433438118164,0.930166482925415
1454,b,27,6,3.878650108973185,0.40677725402784465,1.0703983306884766
1455,b,29,6,3.9140105644861856,0.45000056627701823,1.081794023513794
1456,b,17,6,3.8568370739618936,0.4095749454673483,0.9536342620849609
1457,a,24,6,4.291848659515381,0.1743919540398104,0.4644474983215332
1458,b,10,6,3.6624749898910522,0.33059312174788374,0.8797056674957275
1459,b,19,6,3.972418427467346,0.42074247316874586,1.038938283920288
1460,b,52,6,4.247086366017659,0.4058028921577508,1.0522170066833496
1461,b,25,6,3.9819082816441855,0.3767449830417419,0.9764549732208252
1462,b,20,6,4.399815638860066,0.21237022724588864,0.5404448509216309
1463,b,44,6,4.0213373104731245,0.3782094047210383,0.9234356880187988
1464,a,9,6,4.372489929199219,0.3212228678246808,0.7865071296691895
1465,b,31,6,3.9210305213928223,0.24537243196978964,0.6050748825073242
1466,a,9,6,3.431925614674886,0.17581207170297397,0.42775607109069824
1467,b,15,6,3.5680553118387857,0.5554495581710153,1.3579380512237549
1468,b,15,6,3.34588889280955,0.5300070785516398,1.3618276119232178
1469,b,17,6,3.8977473974227905,0.34038129768686104,0.9364545345306396
1470,b,15,6,4.2493745883305865,0.3677413812665282,0.9534060955047607
1471,b,12,6,3.8049835364023843,0.6431204762543409,1.7430577278137207
1472,b,73,6,4.300974210103353,0.4538898575936841,1.1523926258087158
1473,b,22,6,4.1066891352335615,0.46312995339314234,1.1637606620788574
1474,a,0,6,3.596736788749695,0.22086463503739492,0.5336863994598389
1475,b,6,6,3.5372833013534546,0.29651131743197784,0.6871638298034668
1476,b,17,6,3.6844846407572427,0.25173434490304264,0.6209850311279297
1477,b,13,6,3.3506370782852173,0.28299743535445954,0.686495304107666
1478,b,26,6,3.9821152289708457,0.26913918657735725,0.6624100208282471
1479,b,23,6,3.7750666538874307,0.32462438520378023,0.8382091522216797
1480,a,18,6,4.033717155456543,0.20796204170781,0.529259443283081
1481,b,36,6,4.08670711517334,0.3236391600584047,0.7822165489196777
1482,b,10,6,3.714905858039856,0.26077383199699505,0.6635067462921143
1483,b,28,6,4.212987303733826,0.251450613034357,0.6795628070831299
1484,b,39,6,4.187495191891988,0.36638556256431465,0.9461679458618164
1485,b,6,6,3.7401434183120728,0.31138194748442033,0.7593278884887695
1486,b,41,6,3.939737319946289,0.4203099293392268,1.080841302871704
1487,b,11,6,4.063816865285237,0.5256272297995596,1.2882845401763916
1488,b,11,6,3.59049661954244,0.3954745390907014,0.9430892467498779
1489,b,32,6,3.6762733459472656,0.2418504868795269,0.5555579662322998
1490,b,1,6,3.1699021657307944,0.365973695989684,0.9168844223022461
1491,b,30,6,3.747782031695048,0.5021413686511472,1.3407363891601562
1492,b,30,6,4.007680018742879,0.41707149541903554,0.9851381778717041
1493,b,60,6,4.491497119267781,0.3316438545901191,0.8191795349121094
1494,b,5,6,3.330138166745504,0.39312901573179243,0.928558349609375
1495,a,18,6,3.949574867884318,0.0712303298477989,0.20169305801391602
1496,b,20,6,4.154736916224162,0.29122655261578045,0.7190649509429932
1497,b,16,6,3.5218514601389566,0.37589080679414566,0.9157545566558838
1498,b,23,6,3.8564940690994263,0.27025994893513605,0.7201988697052002
1499,b,37,6,4.156486709912618,0.3949346050442885,1.0474090576171875
1500,b,29,6,3.7484816312789917,0.26206299250855214,0.7115542888641357
1501,b,13,6,4.215093612670898,0.4026308191645095,1.020200252532959
1502,b,9,6,3.891673525174459,0.4603428451599481,1.1402981281280518
1503,a,7,6,3.354436914126078,0.07801220259338305,0.2005445957183838
1504,b,6,6,3.9474560022354126,0.3845168003135082,1.0148026943206787
1505,b,7,6,3.9419744412104287,0.36511227206968244,0.9029617309570312
1506,b,69,6,4.435612916946411,0.4578258936234673,1.1300020217895508
1507,b,28,6,4.542050361633301,0.21427825603006248,0.5392746925354004
1508,b,12,6,3.966790199279785,0.4024305817046286,1.105248212814331
1509,b,7,6,3.8392667373021445,0.2368337544959311,0.6483778953552246
1510,b,15,6,3.8814745346705117,0.4084999231987944,0.9931273460388184
1511,b,30,6,4.085256020228068,0.25369065841318017,0.6878254413604736
1512,b,37,6,4.2786325216293335,0.4350010321993813,1.1547718048095703
1513,b,28,6,3.907836079597473,0.4175884651704088,1.1640708446502686
1514,b,45,6,4.171012242635091,0.37491766887214084,0.9833855628967285
1515,a,19,6,4.336597681045532,0.19375189760837858,0.45202159881591797
1516,b,22,6,3.8580902020136514,0.33064225569225486,0.7964456081390381
1517,b,17,6,4.2430678606033325,0.3189336431411358,0.8852064609527588
1518,b,16,6,4.107733130455017,0.4172449919800006,1.0776374340057373
1519,b,19,6,3.85776416460673,0.2575708582560391,0.6321802139282227
1520,b,15,6,3.4834522008895874,0.37812366913532436,0.9527907371520996
1521,a,10,6,3.55890425046285,0.17449584616434935,0.4391493797302246
1522,b,15,6,3.467726230621338,0.5254276765331217,1.372126817703247
1523,b,14,6,3.9959229628245034,0.5419474988033087,1.3657660484313965
1524,b,7,6,3.4654163916905723,0.34715380744333746,0.9119570255279541
1525,a,2,6,3.999249537785848,0.2925134843871637,0.7243478298187256
1526,b,4,6,4.5252625942230225,0.43219588535502784,1.0434455871582031
1527,a,2,6,3.37302037080129,0.3275671723973189,0.7715342044830322
1528,a,10,6,4.046870311101277,0.2474871987789446,0.5938856601715088
1529,a,31,6,4.422337452570598,0.24247289708188924,0.6113123893737793
1530,b,3,6,3.679234027862549,0.41256236363344156,1.039506435394287
1531,a,13,6,3.8523952960968018,0.20156413308422913,0.5006675720214844
1532,b,38,6,4.00508983929952,0.27652121391896506,0.6961064338684082
1533,b,11,6,3.6983181635538735,0.4452970411190243,1.1396534442901611
1534,b,30,6,3.993903954823812,0.47790489594546337,1.1785378456115723
1535,b,10,6,3.8805221716562905,0.6386679961557356,1.634601354598999
1536,b,23,6,4.472049752871196,0.41616299099495957,1.1547505855560303
1537,b,24,6,4.238984862963359,0.37998024088460486,0.9834859371185303
1538,b,30,6,4.1273980140686035,0.3462453796679897,1.0075242519378662
1539,b,10,6,3.1567878325780234,0.7401241803409405,1.7982070446014404
1540,a,15,6,4.0852382977803545,0.17057076653934242,0.4622623920440674
1541,b,1,6,3.6575011809666953,0.2729786946446807,0.6536111831665039
1542,a,9,6,3.4681668678919473,0.1705219408230909,0.44157958030700684
1543,b,20,6,3.923765699068705,0.6052176247939904,1.402831792831421
1544,b,55,6,4.269612232844035,0.332654313289404,0.8837838172912598
1545,b,5,6,3.752455393473307,0.3623746784930529,0.9663975238800049
1546,b,38,6,4.256429553031921,0.3213891169420451,0.8448197841644287
1547,b,24,6,3.709721843401591,0.37070000758125027,0.9534344673156738
1548,b,48,6,4.031538685162862,0.34818648466485574,0.8443586826324463
1549,a,2,6,3.8433350324630737,0.3907948390593514,0.9266579151153564
1550,b,21,6,3.7475280364354453,0.1596078200460426,0.39435529708862305
1551,a,0,6,3.9470889568328857,0.18490209609922875,0.49193668365478516
1552,a,0,6,3.3137613932291665,0.22865794495924302,0.578812837600708
1553,b,9,6,4.229485273361206,0.22941214775982685,0.5690493583679199
1554,b,14,6,4.298132499059041,0.3528757773791702,0.9316673278808594
1555,a,17,6,4.283072233200073,0.1559330517082638,0.3614201545715332
1556,b,24,6,3.923438469568888,0.32282981715941933,0.8375604152679443
1557,b,33,6,4.131129900614421,0.309420746724144,0.7680330276489258
1558,b,15,6,3.894842545191447,0.3429547138752216,0.8564481735229492
1559,b,22,6,3.5938512881596885,0.3530054369354526,0.868793249130249
1560,b,42,6,4.596087376276652,0.2970005512854017,0.741274356842041
1561,b,54,6,4.088850617408752,0.5225293866806634,1.2115378379821777
1562,b,20,6,3.3844298919041953,0.48366354191129957,1.1705574989318848
1563,b,12,6,3.4153126875559487,0.5339531045456906,1.368163824081421
1564,a,2,6,3.273867646853129,0.11013597887902869,0.2662510871887207
1565,b,9,6,2.950713038444519,0.4247045506907018,1.1273832321166992
1566,b,15,6,3.8839135567347207,0.4209161246821086,1.0501976013183594
1567,a,13,6,3.9298336108525596,0.18053772166602403,0.46283602714538574
1568,b,8,6,4.257152517636617,0.3625314146857033,1.029876947402954
1569,b,28,6,4.101594924926758,0.43131176841948443,1.1309020519256592
1570,b,29,6,3.754183808962504,0.4181222999895229,1.1236956119537354
1571,b,29,6,4.0619529485702515,0.49239203808762344,1.1866538524627686
1572,b,37,6,3.726701577504476,0.35265612589886103,0.8615584373474121
1573,b,43,6,3.973950823148092,0.4502638079159803,1.1370127201080322
1574,a,13,6,3.715546806653341,0.1347505309026416,0.33715200424194336
1575,b,34,6,4.305277784665425,0.4170576300177173,1.030055046081543
1576,b,28,6,3.9111706415812173,0.4065481308017775,1.0433204174041748
1577,a,1,6,3.5680334170659385,0.19766498662722243,0.48163914680480957
1578,b,16,6,3.789167563120524,0.3446888625613308,0.929436206817627
1579,b,21,6,3.8128658135732016,0.38666679111047925,1.018298625946045
1580,a,20,6,4.3707347710927325,0.20745567184149752,0.47962427139282227
1581,b,9,6,4.012968381245931,0.40935224578612966,0.9631235599517822
1582,b,29,6,3.8182429472605386,0.4394158989995232,1.0666515827178955
1583,b,93,6,4.711119651794434,0.37784636300673535,0.9462509155273438
1584,b,20,6,3.247418522834778,0.3608307216301142,0.8657011985778809
1585,b,20,6,4.007621884346008,0.4475387470691752,1.147655963897705
1586,b,14,6,3.6315624713897705,0.4850567558828339,1.144533395767212
1587,b,50,6,4.062572240829468,0.37516602843126834,0.8972005844116211
1588,b,15,6,3.7872891823450723,0.3712854459511963,1.0190401077270508
1589,b,7,6,3.350273013114929,0.4711908284695009,1.249302864074707
1590,b,15,6,3.904085715611776,0.4334922651548059,1.0910437107086182
1591,b,20,6,3.642741401990255,0.451872085872668,1.110102891921997
1592,b,13,6,4.153465390205383,0.33295195716077625,0.7932491302490234
1593,a,24,6,4.234376470247905,0.1871293694342409,0.5014326572418213
1594,b,16,6,3.287416418393453,0.257104449281795,0.6124777793884277
1595,b,13,6,3.6236493984858194,0.3917860279471042,0.9703927040100098
1596,b,1,6,3.053543289502462,0.1946688452305279,0.4554443359375
1597,b,1,6,3.3972076972325644,0.3757179894195491,0.8463881015777588
1598,b,2,6,3.640886982282003,0.3043793897424544,0.7430968284606934
1599,a,0,6,3.8991019328435264,0.28476743882430217,0.7045578956604004
1600,b,22,6,3.8162965377171836,0.5037684576983936,1.2251839637756348
1601,b,16,6,2.956733226776123,0.5423700173076619,1.2714555263519287
1602,b,1,6,3.37185271581014,0.284707963390758,0.7476639747619629
1603,a,30,6,4.5966581503550215,0.15749654857155446,0.40552806854248047
1604,b,32,6,4.266667564709981,0.3879540645945384,0.9079196453094482
1605,b,38,6,4.111525177955627,0.5518676990777699,1.5426361560821533
1606,b,7,6,4.181645790735881,0.3278763556564217,0.9085173606872559
1607,b,24,6,4.186854243278503,0.41055973779601707,1.0720314979553223
1608,a,0,6,3.8806894620259604,0.21915926740825334,0.5590505599975586
1609,b,46,6,4.028749903043111,0.5084778458015818,1.1921982765197754
1610,a,5,6,3.5776824156443277,0.27674595528819396,0.6644716262817383
1611,a,14,6,4.152581016222636,0.22287580091722473,0.5371308326721191
1612,b,14,6,3.840518514315287,0.3427480894863141,0.826380729675293
1613,a,26,6,4.30016303062439,0.26602835166196287,0.6305952072143555
1614,b,5,6,4.020358840624492,0.3846009108980928,0.9388177394866943
1615,b,36,6,3.771253546079,0.2296002514874194,0.5528619289398193
1616,b,4,6,3.521946748097738,0.3144474925065376,0.7788457870483398
1617,b,29,6,3.9967525402704873,0.4019718222358488,1.1309635639190674
1618,b,12,6,3.8893566528956094,0.299997337277064,0.7682979106903076
1619,b,5,6,3.8276106913884482,0.39343313237543165,0.9808769226074219
1620,a,23,6,4.1703033447265625,0.22617651722393478,0.542539119720459
1621,b,12,6,4.009356101353963,0.45020298413712195,1.0523672103881836
1622,b,10,6,3.754208525021871,0.4225158568748905,1.1612844467163086
1623,b,16,6,3.530138691266378,0.20309037352894588,0.48301076889038086
1624,b,29,6,3.902941028277079,0.5346016835288863,1.363900899887085
1625,b,13,6,4.113996505737305,0.44307640152161193,1.0533990859985352
1626,b,11,6,3.885099212328593,0.3957061517770589,1.0204737186431885
1627,b,3,6,4.213751475016276,0.470017565565512,1.2431097030639648
1628,b,8,6,3.629280686378479,0.4568568359370719,1.044929027557373
1629,b,16,6,4.503413200378418,0.20788505227903453,0.562443733215332
1630,b,6,6,3.913023352622986,0.5011090599774397,1.1882233619689941
1631,b,15,6,2.8082930644353232,0.4904741894637817,1.144235372543335
1632,b,69,6,4.26336141427358,0.47073650724492166,1.1752018928527832
1633,b,12,6,3.524208386739095,0.30156681631753834,0.7778720855712891
1634,b,29,6,3.8506346940994263,0.4453430110047637,1.0535664558410645
1635,b,7,6,3.7252732117970786,0.35411009243064107,0.943976879119873
1636,b,11,6,3.3554638226826987,0.29977835195292823,0.7587532997131348
1637,b,13,6,4.142508387565613,0.4659302681780675,1.1870925426483154
1638,b,39,6,4.1688079833984375,0.39219142488820163,1.0309631824493408
1639,b,13,6,3.207050919532776,0.4890379317801463,1.21390962600708
1640,a,18,6,4.628058195114136,0.17923765798103275,0.45345306396484375
1641,b,29,6,4.687783400217692,0.3597807223634188,0.8747258186340332
1642,b,2,6,3.3182472785313926,0.37279864280893277,0.8825531005859375
1643,b,14,6,3.2690031131108603,0.22027752922493457,0.5825231075286865
1644,b,2,6,3.445848822593689,0.37465340558039123,0.9972734451293945
1645,a,12,6,3.5426464080810547,0.3170944387286437,0.734199047088623
1646,b,2,6,3.20850936571757,0.3881286897863154,0.953559160232544
1647,b,2,6,4.254154960314433,0.3178261079724195,0.8267066478729248
1648,a,2,6,3.8600305318832397,0.12381290068848706,0.3296689987182617
1649,b,17,6,3.9178192218144736,0.33664480529578766,0.8643805980682373
1650,b,6,6,3.4173014958699546,0.3678809265013797,0.9488654136657715
1651,b,9,6,4.528717835744222,0.2544246558363812,0.690589427947998
1652,b,22,6,4.125544349352519,0.3607529152941129,0.8901097774505615
1653,b,15,6,3.541213631629944,0.414579775415133,1.0220680236816406
1654,a,15,6,4.318825801213582,0.2209279794369043,0.5170354843139648
1655,b,67,6,4.301274061203003,0.4158357922820197,1.0637378692626953
1656,b,12,6,3.831054449081421,0.5199246109565568,1.2483360767364502
1657,b,5,6,3.218663811683655,0.3005116115709761,0.7503645420074463
1658,b,14,6,3.9808148940404258,0.45096316330706826,1.0884582996368408
1659,a,57,6,5.051136493682861,0.2317735028803244,0.6412816047668457
1660,a,9,6,3.620978315671285,0.19070603360827654,0.4914999008178711
1661,a,13,6,4.0206243594487505,0.16861208525057547,0.3799889087677002
1662,b,33,6,4.126923203468323,0.40889562260467704,1.043644666671753
1663,b,4,6,4.0744108359018965,0.3333194535978166,0.8411951065063477
1664,a,9,6,3.403192122777303,0.12412883967863643,0.32718658447265625
1665,b,9,6,3.775357643763224,0.3020341808238005,0.7744860649108887
1666,b,28,6,3.7879178126653037,0.330799712595968,0.8279275894165039
1667,b,42,6,3.96974770228068,0.4970044956892216,1.259631633758545
1668,a,10,6,4.322758277257283,0.2209563829422655,0.525230884552002
1669,b,15,6,3.581378181775411,0.24337638997198702,0.6012401580810547
1670,a,20,6,4.048277179400126,0.27329975842171084,0.6817481517791748
1671,b,34,6,3.7980993588765464,0.3163908759119291,0.7241127490997314
1672,b,14,6,3.465725302696228,0.3093384054686849,0.7609946727752686
1673,a,2,6,3.868886431058248,0.334306765385057,0.8880422115325928
1674,b,36,6,4.187973539034526,0.4075151916164222,1.0053277015686035
1675,b,24,6,3.8834105332692466,0.4652295831916434,1.1297078132629395
1676,b,42,6,4.310869177182515,0.46981030758555375,1.144934892654419
1677,b,22,6,3.698474327723185,0.36836556018859584,0.9821264743804932
1678,b,5,6,3.1325510342915854,0.31726022026792355,0.7863178253173828
1679,a,13,6,3.7170559565226235,0.08332730349469553,0.20495152473449707
1680,b,7,6,3.5833766063054404,0.40938584129523387,1.0096125602722168
1681,b,5,6,4.147199114163716,0.3092371739975025,0.8760359287261963
1682,b,3,6,4.371583263079326,0.3169243257942024,0.802844762802124
1683,b,56,6,4.187233805656433,0.39098241818333396,0.9898607730865479
1684,b,19,6,3.7822674910227456,0.42842954136719186,1.12135648727417
1685,b,41,6,4.250772039095561,0.3304488245892847,0.8537800312042236
1686,b,29,6,3.5224639972050986,0.6272617900680594,1.5753839015960693
1687,b,3,6,4.250611623128255,0.4583523955387241,1.1766083240509033
1688,a,9,6,3.9428021907806396,0.2317719812057024,0.5652542114257812
1689,a,7,6,3.4286997318267822,0.3192652129557036,0.7691419124603271
1690,a,0,6,4.0069615840911865,0.2984402895207247,0.7133078575134277
1691,b,30,6,4.209277391433716,0.4594809289853338,1.0799455642700195
1692,b,46,6,4.523398081461589,0.1491248825169631,0.366579532623291
1693,a,5,6,4.050433158874512,0.24662166668148044,0.5666983127593994
1694,b,40,6,4.140810092290242,0.3161668230820528,0.8024587631225586
1695,b,7,6,3.223784645398458,0.40637965473990895,0.9690690040588379
1696,b,25,6,4.175493478775024,0.5384177678338494,1.2306735515594482
1697,b,8,6,3.8357201417287192,0.4439554057825898,1.1008880138397217
1698,b,11,6,3.635636885960897,0.391506223623767,1.0313661098480225
1699,a,2,6,4.247755289077759,0.23600003351664448,0.5804009437561035
1700,a,0,6,4.132893363634746,0.4482656053095645,1.0975146293640137
1701,b,44,6,4.137357433636983,0.48043283423580474,1.170722246170044
1702,b,9,6,4.62403662999471,0.3659177133024852,0.9419984817504883
1703,b,19,6,4.061719576517741,0.5629269956731187,1.3070404529571533
1704,b,28,6,4.075257023175557,0.5711275817347115,1.3778445720672607
1705,b,17,6,4.216799219449361,0.5101046490709467,1.2558181285858154
1706,a,17,6,4.422747770945231,0.25158662766470397,0.590721607208252
1707,b,11,6,3.6211917400360107,0.2656312966805763,0.6839432716369629
1708,b,4,6,3.836387276649475,0.32824017764698327,0.7947943210601807
1709,a,18,6,4.120408773422241,0.1898467561498576,0.4543023109436035
1710,b,22,6,3.764904260635376,0.36246993119171417,0.8863482475280762
1711,a,18,6,4.330674052238464,0.28648225541642125,0.7313168048858643
1712,b,19,6,3.960731625556946,0.6448549747263891,1.8635296821594238
1713,a,10,6,3.459984381993612,0.19519671094282579,0.4790043830871582
1714,b,1,6,3.3787166277567544,0.3390893394566754,0.8664913177490234
1715,b,7,6,3.6990000009536743,0.4450988357483889,1.1129076480865479
1716,b,6,6,3.045270482699076,0.2874852424888229,0.6892940998077393
1717,b,11,6,3.647695541381836,0.38226552081842674,0.9635312557220459
1718,b,24,6,3.958373467127482,0.4356651606023663,1.094085693359375
1719,a,16,6,3.8777408599853516,0.07004583431504055,0.20132112503051758
1720,a,4,6,3.6818447510401406,0.1280119721553919,0.3495163917541504
1721,b,48,6,3.955064574877421,0.5677775133673708,1.4065358638763428
1722,b,30,6,4.131686647733052,0.7445917339983165,1.962764024734497
1723,b,16,6,3.2271878321965537,0.21507524427723929,0.5373454093933105
1724,b,5,6,3.159129023551941,0.5631491982027091,1.3332390785217285
1725,a,13,6,4.265637954076131,0.11226649029120142,0.2574186325073242
1726,a,0,6,4.077475666999817,0.2715607747975744,0.6580734252929688
1727,b,41,6,3.5887386004130044,0.6492318574286221,1.6817386150360107
1728,b,18,6,3.612310210863749,0.4321022167683068,1.074387550354004
1729,b,20,6,4.2100538810094195,0.41930104594759304,1.0647594928741455
1730,b,38,6,3.9146891832351685,0.40674230605579115,1.1202964782714844
1731,b,12,6,4.250211795171102,0.3859291890437575,0.9384655952453613
1732,b,5,6,3.9622254371643066,0.4371950035364043,1.0620439052581787
1733,b,20,6,3.5465290546417236,0.2592420133623205,0.6150186061859131
1734,a,11,6,4.155925631523132,0.2977035094320325,0.6500246524810791
1735,a,22,6,4.64038364092509,0.1004826414348104,0.28781747817993164
1736,b,21,6,4.13479749361674,0.3176316913511817,0.8527939319610596
1737,b,17,6,4.199920376141866,0.39715710146388444,0.9899523258209229
1738,a,0,6,3.997400720914205,0.20573564078211506,0.5157105922698975
1739,b,19,6,3.5744855403900146,0.34780023105512686,0.8897383213043213
1740,a,0,6,4.1939570506413775,0.33033428806462073,0.7883508205413818
1741,a,2,6,3.6734636624654136,0.24994126163756838,0.5700147151947021
1742,b,40,6,4.088489810625712,0.33876983368371993,0.8490211963653564
1743,b,10,6,3.2824301719665527,0.4237887948209496,1.0631623268127441
1744,b,15,6,3.9029605786005654,0.23491584286632541,0.6241896152496338
1745,b,22,6,4.268449505170186,0.40760666358964903,1.0311057567596436
1746,b,21,6,3.6308857202529907,0.46533681067358973,1.15966796875
1747,b,36,6,3.8493284781773887,0.6525190194627866,1.5423104763031006
1748,b,10,6,3.7197017669677734,0.4979677710748604,1.2697601318359375
1749,a,6,6,3.8709519306818643,0.1035654677577274,0.2605626583099365
1750,b,47,6,4.080651044845581,0.26636991565490314,0.7297019958496094
1751,b,4,6,4.02743415037791,0.5047128258971774,1.2683334350585938
1752,b,29,6,4.114551703135173,0.5442770380438839,1.3137736320495605
1753,a,0,6,3.7503638664881387,0.2199232477245547,0.532210111618042
1754,b,33,6,4.040717204411824,0.37120167915980407,0.8947122097015381
1755,b,41,6,4.263373017311096,0.3376885562297675,0.8292262554168701
1756,a,17,6,4.200027227401733,0.12889859167858816,0.2937803268432617
1757,b,49,6,4.092980980873108,0.471005829152901,1.1793224811553955
1758,b,2,6,3.3531413475672402,0.3991884748047966,1.0216541290283203
1759,b,29,6,4.13407031695048,0.31568888606167933,0.8470625877380371
1760,a,0,6,3.5212392807006836,0.30729930635166414,0.8128871917724609
1761,b,10,6,3.7387189467748008,0.34757334646255345,0.8476240634918213
1762,b,15,6,3.787522276242574,0.42975896695812577,1.1334545612335205
1763,b,34,6,3.8394636710484824,0.5052564996764297,1.285801887512207
1764,b,14,6,4.037949601809184,0.3267394027260824,0.7705738544464111
1765,b,6,6,4.284378091494243,0.2513314719388331,0.7053587436676025
1766,b,13,6,3.322021007537842,0.3680681844176159,0.8379225730895996
1767,b,14,6,4.3277281522750854,0.3761946943793935,0.94573974609375
1768,a,21,6,4.343608935674031,0.2614829147067171,0.5945649147033691
1769,b,20,6,3.569510738054911,0.7064453190810642,1.772961139678955
1770,b,21,6,3.7421449025472007,0.22397426878253388,0.6060895919799805
1771,b,15,6,3.6554028193155923,0.3805059413282068,1.10017991065979
1772,b,15,6,3.6589398781458535,0.38782395860455093,1.0211310386657715
1773,a,7,6,3.96883217493693,0.24379622415537114,0.5801594257354736
1774,b,36,6,3.943274656931559,0.3783157880969698,0.9802510738372803
1775,b,34,6,3.8077179988225303,0.3326755210196874,0.8235328197479248
1776,b,16,6,3.8630879322687783,0.42890276011248485,1.061460018157959
1777,b,14,6,3.4850396315256753,0.3524677250854452,0.8307149410247803
1778,b,16,6,3.919834772745768,0.30879997392301783,0.7652888298034668
1779,b,2,6,3.477027098337809,0.21469248281196565,0.4854879379272461
1780,b,23,6,4.55997892220815,0.4507841535246172,1.1092770099639893
1781,a,38,6,4.7305160363515215,0.11113401080962053,0.3018012046813965
1782,b,13,6,3.4234431187311807,0.2604569649230793,0.7020289897918701
1783,a,14,6,4.226354996363322,0.10893723512945122,0.25192785263061523
1784,b,22,6,4.148543000221252,0.3575702574881955,0.8897366523742676
1785,b,25,6,3.904597004254659,0.27577674578873085,0.7216053009033203
1786,b,12,6,4.281793117523193,0.419058760014455,1.1203904151916504
1787,b,4,6,3.637902816136678,0.36832037897212516,0.9033780097961426
1788,b,19,6,3.8440013329188027,0.35411028545335527,0.8691561222076416
1789,a,27,6,4.335602680842082,0.2548795132201674,0.6413097381591797
1790,b,42,6,4.2327970663706465,0.5494756930118712,1.3166193962097168
1791,b,19,6,3.551132639249166,0.33276453271654743,0.822873592376709
1792,a,2,6,4.314510186513265,0.2943895381208611,0.6694917678833008
1793,b,23,6,3.889742890993754,0.5189253036264736,1.2806670665740967
1794,b,11,6,4.03380823135376,0.5719006304563697,1.4110815525054932
1795,b,15,6,4.378604571024577,0.39311335114994633,0.9493861198425293
1796,b,5,6,3.5215923388799033,0.27425323728177337,0.6478207111358643
1797,b,29,6,4.80483603477478,0.2141680782471491,0.536890983581543
1798,a,32,6,4.391771713892619,0.2600311182436056,0.6513700485229492
1799,b,8,6,3.6092382669448853,0.24311870194776194,0.6642775535583496
1800,a,5,6,3.3270101149876914,0.2958899436146954,0.7927014827728271
1801,b,6,6,3.8201708793640137,0.3304878022344222,0.7892453670501709
1802,b,51,6,4.211415449778239,0.42463943001611604,1.0973119735717773
1803,a,4,6,4.30914322535197,0.10757635714184999,0.24274826049804688
1804,b,17,6,4.040904641151428,0.4711133403216424,1.2198631763458252
1805,b,1,6,3.178508917490641,0.4116226340250684,0.9955074787139893
1806,b,7,6,3.8798492352167764,0.3898436822345511,0.9525868892669678
1807,b,17,6,3.900166471799215,0.42015940847091776,0.9976921081542969
1808,b,34,6,3.785513917605082,0.5034275495034629,1.212493658065796
1809,a,14,6,4.440233469009399,0.10413886174592858,0.25034475326538086
1810,b,10,6,3.519970178604126,0.3466318987703139,0.8002359867095947
1811,b,9,6,3.7999188899993896,0.2459333460299036,0.6278705596923828
1812,b,31,6,3.918962597846985,0.48471138203978226,1.2574541568756104
1813,b,2,6,3.0153373082478843,0.29163356957797876,0.7371711730957031
1814,b,17,6,3.9819697539011636,0.4548494121901099,1.1159777641296387
1815,b,23,6,3.677687923113505,0.3543549494439779,0.9790832996368408
1816,b,22,6,4.285289525985718,0.5774717747502057,1.3646807670593262
1817,b,45,6,4.5031196276346845,0.37596722981570696,0.9446125030517578
1818,b,8,6,3.3909605344136557,0.3511135556078389,0.8893232345581055
1819,b,15,6,3.7312403122584024,0.5057802116099822,1.1794519424438477
1820,b,11,6,3.8739529848098755,0.31593965516517863,0.8391156196594238
1821,b,22,6,3.8848006327946982,0.3084020543065326,0.857335090637207
1822,b,14,6,3.9642825524012246,0.39929962508387706,1.0977623462677002
1823,b,24,6,3.967080553372701,0.33491348865010095,0.8152401447296143
1824,b,47,6,4.521565357844035,0.27395767061618054,0.7657232284545898
1825,a,12,6,3.7298930486043296,0.17559261586456726,0.38980770111083984
1826,b,17,6,3.7824769814809165,0.49517236360468353,1.4645452499389648
1827,b,16,6,3.2435242335001626,0.2818716722864875,0.7511591911315918
1828,b,1,6,3.295268456141154,0.3791121881313792,0.958514928817749
1829,b,34,6,4.295109510421753,0.29122293206163125,0.7487919330596924
1830,b,11,6,3.632098833719889,0.4469545681814394,1.2273917198181152
1831,b,14,6,3.2069751421610513,0.31843222641825153,0.7714662551879883
1832,a,18,6,3.9380040168762207,0.29195962744281234,0.8088901042938232
1833,b,25,6,4.21016001701355,0.6145429297817211,1.4572267532348633
1834,b,18,6,3.679408152898153,0.5710590586670161,1.4534859657287598
1835,b,15,6,4.102164149284363,0.5393632739579978,1.3708853721618652
1836,b,12,6,3.5466243426005044,0.5419071950143465,1.4202499389648438
1837,b,2,6,3.1725825866063437,0.2399479393663301,0.6668925285339355
1838,b,35,6,3.988614479700724,0.44344826090578765,1.0766191482543945
1839,b,30,6,4.172490517298381,0.46448345516806844,1.0991103649139404
1840,b,9,6,3.248277425765991,0.31719822314646146,0.8249497413635254
1841,b,26,6,4.392014384269714,0.47926295185397977,1.092057228088379
1842,b,18,6,3.721527099609375,0.5911965558459527,1.5229473114013672
1843,b,15,6,2.9475791454315186,0.42625275815399016,1.0125665664672852
1844,b,7,6,3.7236773570378623,0.37399520970557,0.9481754302978516
1845,b,40,6,3.9035401741663613,0.44588857721363045,1.0930981636047363
1846,b,28,6,3.736254016558329,0.3505306586656504,0.8861432075500488
1847,b,14,6,4.149882872899373,0.3797646839601946,0.9534964561462402
1848,b,21,6,3.73618221282959,0.22044845867851462,0.6199159622192383
1849,b,13,6,3.247280756632487,0.6143328992864125,1.5217676162719727
1850,a,0,6,4.107534209887187,0.23753210254940252,0.6251044273376465
1851,b,5,6,3.5883690118789673,0.1469556674596659,0.36378979682922363
1852,b,20,6,3.145445545514425,0.3528697327730902,0.9651186466217041
1853,b,17,6,3.978825330734253,0.38240303294638106,1.0174198150634766
1854,b,41,6,4.104717930157979,0.32251755507615093,0.7902405261993408
1855,b,7,6,4.20815904935201,0.3412287327858413,0.9052996635437012
1856,b,102,6,4.446623245875041,0.6147990263589973,1.535123348236084
1857,b,36,6,4.152540405591329,0.4252582972598548,1.0785236358642578
1858,b,12,6,3.495966076850891,0.24330321583631384,0.637911319732666
1859,a,7,6,3.4655463298161826,0.1387916118798339,0.33445262908935547
1860,b,47,6,4.276708523432414,0.4634223674660754,1.2357158660888672
1861,b,33,6,3.9165826638539634,0.34071072474507585,0.8967905044555664
1862,a,15,6,4.031307617823283,0.20324708695169424,0.45146822929382324
1863,b,0,6,3.8421847025553384,0.3500444037419717,0.910212516784668
1864,b,32,6,4.080940802892049,0.2043886100026322,0.4790678024291992
1865,a,14,6,4.777564287185669,0.1860016163311688,0.4974966049194336
1866,b,8,6,3.6381160815556846,0.37484029843610805,0.9793355464935303
1867,a,30,6,4.273661375045776,0.24710165323505467,0.5699195861816406
1868,b,46,6,3.710281491279602,0.48078368320508424,1.3352618217468262
1869,b,10,6,3.7430365482966104,0.37511168320167165,0.8732609748840332
1870,b,8,6,3.377578059832255,0.4258312203188847,1.0546858310699463
1871,b,83,6,4.433137655258179,0.34677454640941013,0.9487466812133789
1872,b,18,6,3.7252856492996216,0.3566747614013208,0.8514301776885986
1873,b,34,6,3.8615746100743613,0.38828855882236496,0.9141092300415039
1874,a,2,6,3.7128438552220664,0.48206010372273295,1.298326015472412
1875,b,6,6,3.695961276690165,0.32757021529522967,0.8058326244354248
1876,a,9,6,3.8479931751887,0.06241805301496467,0.16436457633972168
1877,b,5,6,3.7210249503453574,0.37606510232151164,0.9621875286102295
1878,b,48,6,4.270314455032349,0.3689102089181342,0.9860758781433105
1879,b,23,6,3.938163081804911,0.3748306269386969,0.9466478824615479
1880,b,20,6,3.7528788646062217,0.3390920796839759,0.8313999176025391
1881,b,5,6,4.26201852162679,0.44032980405178074,1.0161552429199219
1882,a,29,6,4.455413738886516,0.1825987185260361,0.4776797294616699
1883,a,9,6,3.637446721394857,0.15248277469429714,0.43897199630737305
1884,a,0,6,4.2138499816258745,0.3768041588026441,0.9365148544311523
1885,b,1,6,3.929418762524923,0.3785265165307592,0.9744522571563721
1886,b,9,6,3.796915570894877,0.49816149998710657,1.16143798828125
1887,b,13,6,4.214470823605855,0.19092644794124544,0.5374438762664795
1888,b,12,6,4.17168402671814,0.4526263460308084,1.1179418563842773
1889,b,20,6,3.5011210441589355,0.2919062752589179,0.7213878631591797
1890,a,23,6,4.227719108263652,0.25532218666696543,0.6431248188018799
1891,b,1,6,3.4297842582066855,0.31759237552906705,0.81276535987854
1892,b,13,6,3.7412441968917847,0.4121985230674759,1.0237843990325928
1893,b,11,6,3.216893116633097,0.35733912819514047,1.044999361038208
1894,a,23,6,4.531004587809245,0.3035087089372675,0.7852730751037598
1895,b,2,6,4.190748373667399,0.3570494081647029,0.9116339683532715
1896,b,16,6,4.15200408299764,0.5027174126566842,1.1839828491210938
1897,b,48,6,3.548676371574402,0.5362978088420614,1.4561643600463867
1898,b,14,6,3.5883138179779053,0.391050519710399,0.9272751808166504
1899,a,7,6,3.753406842549642,0.1244004156147702,0.3181757926940918
1900,a,10,6,4.1827488740285235,0.36473325389869765,0.8491342067718506
1901,b,10,6,3.828489661216736,0.2970392505200994,0.8638832569122314
1902,b,7,6,4.123642365137736,0.22244643373497291,0.5493133068084717
1903,b,6,6,3.614042639732361,0.43712180565235753,0.9787936210632324
1904,b,13,6,3.5388776461283364,0.32228823765384784,0.8284008502960205
1905,b,7,6,4.6390425364176435,0.4188092354791778,1.066612720489502
1906,a,12,6,3.6766876379648843,0.12213079007322744,0.33253049850463867
1907,b,13,6,3.9945021073023477,0.30522899474040066,0.7831470966339111
1908,b,32,6,4.068832834561666,0.4823976577352614,1.1340668201446533
1909,b,5,6,3.779884179433187,0.2742559992579956,0.7166881561279297
1910,b,7,6,4.147329330444336,0.5062442004313853,1.2835373878479004
1911,b,32,6,3.5905406872431436,0.6291079172117244,1.7993545532226562
1912,b,36,6,4.127755880355835,0.4264715947988922,0.9919672012329102
1913,a,0,6,3.8805633385976157,0.2091196577024102,0.5425634384155273
1914,a,23,6,4.140696843465169,0.29375902219634087,0.7376093864440918
1915,a,19,6,4.102756818135579,0.15879315213066875,0.39787745475769043
1916,b,22,6,3.698253115018209,0.4653544912297658,1.1374163627624512
1917,b,11,6,3.4552245140075684,0.45559219250822974,1.2404148578643799
1918,b,15,6,2.7272891998291016,0.39302358192704245,0.9291286468505859
1919,b,15,6,4.755608558654785,0.4093502052600788,1.0660295486450195
1920,b,13,6,3.481861154238383,0.3581454812149481,0.9009923934936523
1921,b,7,6,4.175162315368652,0.37529742474969646,0.9983632564544678
1922,a,21,6,4.010481834411621,0.18679389371464095,0.4312114715576172
1923,b,11,6,3.5877093076705933,0.48974186471827874,1.2833621501922607
1924,b,15,6,4.246493339538574,0.3289298708355789,0.854008674621582
1925,a,24,6,4.19667128721873,0.15419571859015882,0.3766810894012451
1926,b,10,6,4.388063510258992,0.2791123462967984,0.6942958831787109
1927,b,7,6,3.6348846356074014,0.4085362667659988,0.962641716003418
1928,b,68,6,4.174299716949463,0.35234330758604127,0.9544868469238281
1929,b,21,6,4.149871905644734,0.4797748166339515,1.2447829246520996
1930,b,28,6,4.276895682017009,0.4372367828284527,1.136967420578003
1931,b,14,6,3.3764416376749673,0.43961944704975514,1.0543994903564453
1932,b,18,6,3.4827666680018106,0.26888132511757507,0.7115237712860107
1933,b,11,6,4.121023615201314,0.34997550204643574,0.7888948917388916
1934,b,0,6,3.449575583140055,0.21252745787487665,0.5325908660888672
1935,b,17,6,3.5630122820536294,0.38202809621552997,1.038325548171997
1936,b,14,6,3.794437885284424,0.33868558829399364,0.8744359016418457
1937,b,35,6,3.609598159790039,0.503371879214468,1.2175180912017822
1938,b,3,6,3.8976004918416343,0.2517166927448778,0.6409268379211426
1939,b,0,6,3.113002339998881,0.23546203452203707,0.6418440341949463
1940,b,27,6,3.993004043896993,0.4207406557951745,1.0727653503417969
1941,b,6,6,3.4956156810124717,0.3966222201284212,0.9581594467163086
1942,b,9,6,3.7916358709335327,0.45520481595134143,1.2027802467346191
1943,b,11,6,3.990563233693441,0.28769309715462393,0.7394280433654785
1944,a,6,6,3.4285375674565635,0.19486272611917757,0.5167999267578125
1945,a,18,6,4.26600193977356,0.19752862278489725,0.48384523391723633
1946,b,11,6,3.401687264442444,0.4310526928225983,1.1052157878875732
1947,b,3,6,3.6482258240381875,0.316190055337202,0.7938175201416016
1948,b,7,6,3.455080231030782,0.2547374477766959,0.6349179744720459
1949,b,27,6,3.848704139391581,0.33638307956665026,0.8914704322814941
1950,a,18,6,3.7479411363601685,0.28825557098676113,0.6996610164642334
1951,b,18,6,4.105937202771504,0.4334028338610444,1.1698691844940186
1952,b,19,6,4.0105686982472735,0.4052097822484462,1.046142339706421
1953,b,15,6,4.135401527086894,0.4167101575259784,1.1459898948669434
1954,b,9,6,3.8449885845184326,0.48218197994073086,1.1154372692108154
1955,b,4,6,3.443226933479309,0.4002378210269218,0.9763274192810059
1956,a,23,6,4.299881378809611,0.24905976429596155,0.6234192848205566
1957,b,8,6,3.7096800804138184,0.5948695678678547,1.5067358016967773
1958,a,1,6,3.166430910428365,0.12485779595760224,0.3285524845123291
1959,a,2,6,4.518956422805786,0.31618663960092297,0.7593512535095215
1960,b,10,6,4.2867281039555865,0.31590840854824215,0.8126795291900635
1961,b,30,6,4.015839497248332,0.4008720560618367,1.0089292526245117
1962,b,5,6,3.8605509996414185,0.3801518429150212,0.9319272041320801
1963,b,44,6,4.517112334569295,0.3632747659009371,0.9335293769836426
1964,b,12,6,3.6100608905156455,0.49846183571457925,1.2518811225891113
1965,b,5,6,4.00734011332194,0.25472527814877943,0.6733508110046387
1966,a,0,6,3.8131186962127686,0.16672000676244772,0.4478919506072998
1967,b,35,6,4.174115498860677,0.49617298612699007,1.2777783870697021
1968,b,22,6,4.369791030883789,0.35308143883805215,0.7832818031311035
1969,b,14,6,3.217414935429891,0.36891611259008567,0.8619551658630371
1970,b,25,6,3.488581418991089,0.18569692980318278,0.46846556663513184
1971,b,45,6,4.372060815493266,0.42290155808977925,1.0994207859039307
1972,b,50,6,4.011209964752197,0.22830896342098858,0.5938386917114258
1973,b,29,6,4.076024214426677,0.3738272205248263,0.9273569583892822
1974,a,0,6,3.5457075039545694,0.16086892661362376,0.3955991268157959
1975,b,49,6,4.128261168797811,0.4263145455549383,1.0245766639709473
1976,b,23,6,4.342227538426717,0.3407461032649152,0.8193931579589844
1977,b,6,6,3.3292723894119263,0.6330067585630685,1.5722651481628418
1978,b,12,6,3.9424570401509604,0.35094416997430894,1.0155243873596191
1979,b,26,6,3.9075477520624795,0.414397623116469,0.9970898628234863
1980,a,10,6,3.5002125898996987,0.29014401491802444,0.6439690589904785
1981,b,19,6,3.4244284629821777,0.36811340137901055,0.8287153244018555
1982,b,27,6,3.925090273221334,0.31080681439409047,0.817573070526123
1983,b,0,6,3.2189725240071616,0.32946546957858414,0.7924196720123291
1984,b,28,6,3.9487390518188477,0.2986426035661286,0.7412772178649902
1985,b,16,6,3.154967705408732,0.20719927806712968,0.5116262435913086
1986,b,18,6,4.610277970631917,0.32329071289018524,0.7368202209472656
1987,a,0,6,3.706199884414673,0.19468733003244543,0.486400842666626
1988,b,21,6,3.856207529703776,0.3075773385321864,0.8093719482421875
1989,b,40,6,4.631782213846843,0.48936645340782764,1.3291335105895996
1990,b,30,6,4.1743236382802325,0.25803746426196333,0.5871729850769043
1991,a,14,6,3.794192353884379,0.20606530022760122,0.4839468002319336
1992,b,15,6,3.552346150080363,0.38441054818826886,1.1016502380371094
1993,b,25,6,3.7089789708455405,0.4498047035497446,1.1710586547851562
1994,b,54,6,4.266071716944377,0.38643442546323126,0.9346730709075928
1995,a,19,6,3.717011253039042,0.27481787391261203,0.653522253036499
1996,a,38,6,4.47009523709615,0.34298859507527263,0.8810586929321289
1997,b,12,6,4.328252752621968,0.3443702891393522,0.8788974285125732
1998,a,7,6,3.9304876724878945,0.20992729973219307,0.48140740394592285
1999,b,13,6,3.5369230111440024,0.3078537284999127,0.8571286201477051
2000,b,10,6,3.478533148765564,0.36468991210524454,0.9020802974700928
2001,b,16,6,3.9076250394185386,0.5299706782524117,1.3157591819763184
2002,a,4,6,3.751344601313273,0.41082486570880844,1.0539822578430176
2003,b,15,6,4.081987619400024,0.3207934860064897,0.8239083290100098
2004,a,0,6,3.0410175720850625,0.09423007696554656,0.26753902435302734
2005,b,9,6,3.168261011441549,0.3495453054919311,0.8608393669128418
2006,b,4,6,2.906876524289449,0.4566132710809507,1.059551477432251
2007,b,33,6,4.925262848536174,0.3995855053412685,1.0269036293029785
2008,b,23,6,3.429451107978821,0.39154595084553145,1.0136682987213135
2009,b,22,6,4.240931034088135,0.38386711925489303,0.9799299240112305
2010,a,2,6,4.427162965138753,0.3374759578659461,0.8280124664306641
2011,b,11,6,3.243176738421122,0.39685668966072224,0.9952270984649658
2012,a,10,6,4.2350443204243975,0.14757333740305256,0.3884458541870117
2013,a,10,6,3.8002204100290933,0.26464313828058633,0.6249706745147705
2014,b,15,6,3.8601957162221274,0.4951906433153903,1.3925466537475586
2015,b,33,6,4.4766303698221845,0.2873554475225182,0.7207760810852051
2016,b,70,6,4.456864436467488,0.4667569662805906,1.155372142791748
2017,b,39,6,4.125824252764384,0.4152834620562846,1.1345770359039307
2018,a,12,6,3.5736233393351235,0.22467764768022072,0.5551590919494629
2019,b,15,6,4.137184540430705,0.39068320915875493,0.943030834197998
2020,a,7,6,3.7298055489857993,0.14848708916578593,0.3941197395324707
2021,b,1,6,3.1047077576319375,0.37790612611121904,0.9818689823150635
2022,a,30,6,4.48089861869812,0.26220985631780575,0.6233096122741699
2023,b,29,6,4.136247396469116,0.397818349902844,1.0057213306427002
2024,a,10,6,3.473705212275187,0.22957259449177367,0.5542891025543213
2025,a,36,6,4.491992235183716,0.23100973156298585,0.5154018402099609
2026,b,9,6,4.196992635726929,0.37539294671091183,0.8810825347900391
2027,b,15,6,3.930126349131266,0.4776296981906772,1.1740760803222656
2028,b,30,6,4.061015645662944,0.5187843912908481,1.278167486190796
2029,b,29,6,3.6358113288879395,0.40047516747824574,0.9895226955413818
2030,b,30,6,3.4586089849472046,0.37365023710874795,1.0321040153503418
2031,b,31,6,4.366217851638794,0.4372537827839133,1.1552772521972656
2032,b,3,6,4.023290514945984,0.25345329533333943,0.5872457027435303
2033,b,19,6,4.139376680056254,0.3269504960118109,0.7853000164031982
2034,b,28,6,4.31229031085968,0.4023429938816742,1.1362254619598389
2035,b,12,6,3.6359874407450357,0.4081321128163006,1.039022445678711
2036,a,25,6,4.29199755191803,0.3292027173760541,0.7599771022796631
2037,b,2,6,3.0359060764312744,0.2611545300527577,0.622180700302124
2038,a,2,6,3.575327754020691,0.19721207102837465,0.5153138637542725
2039,b,22,6,3.905823071797689,0.4915504477557418,1.2561705112457275
2040,b,16,6,4.09476105372111,0.26664020167820046,0.7287354469299316
2041,b,14,6,3.795527696609497,0.4686199910442211,1.2776691913604736
2042,b,4,6,3.5673014720280967,0.2773879693921067,0.6354207992553711
2043,a,11,6,3.5262273947397866,0.1500807569507953,0.3913247585296631
2044,b,7,6,3.835758169492086,0.43744972494339485,1.1811821460723877
2045,b,16,6,4.4046157995859785,0.20054787118294712,0.5285863876342773
2046,b,28,6,4.056144595146179,0.4617942049858999,1.0837862491607666
2047,a,23,6,4.724028031031291,0.19804282748077495,0.4598422050476074
2048,b,20,6,3.9227951765060425,0.4070366704376802,0.9675133228302002
2049,b,13,6,3.7317177851994834,0.4392089127629711,1.0965423583984375
2050,b,9,6,4.253824631373088,0.3384292128938448,0.8075873851776123
2051,b,36,6,4.20310898621877,0.43296258859614595,1.115086317062378
2052,b,8,6,3.555001894632975,0.3789733489607116,1.0097627639770508
2053,b,19,6,4.246176719665527,0.32944834402448053,0.8330507278442383
2054,b,13,6,3.451005697250366,0.3696541788223416,0.9256370067596436
2055,b,33,6,4.185815691947937,0.2768029885365597,0.7168629169464111
2056,b,5,6,3.055150588353475,0.441940446742832,1.0620338916778564
2057,a,22,6,4.523867686589559,0.3538299572409721,0.9093046188354492
2058,b,30,6,3.873672048250834,0.35401895134236594,0.8503611087799072
2059,b,3,6,3.46338427066803,0.29126127967127496,0.7198381423950195
2060,a,1,6,3.741383989651998,0.1686197214515869,0.3898184299468994
2061,b,16,6,3.936293840408325,0.40797326529264855,1.0267937183380127
2062,b,24,6,4.371701955795288,0.37900331415303473,0.8907837867736816
2063,b,38,6,4.215468446413676,0.40301517581658136,0.9496841430664062
2064,b,20,6,4.490643739700317,0.4037225466520545,1.0750031471252441
2065,a,8,6,3.5765660603841147,0.2826000010434379,0.6865274906158447
2066,b,28,6,3.8684800465901694,0.5709375393982884,1.5241522789001465
2067,b,41,6,4.452663342158,0.3931876599607489,0.9501996040344238
2068,a,12,6,4.0190536181132,0.18058289205696787,0.44802069664001465
2069,b,10,6,3.243510127067566,0.2665434858697181,0.6235723495483398
2070,a,10,6,3.4269270102183023,0.1123725855941306,0.3097569942474365
2071,b,19,6,3.720893661181132,0.538696345239989,1.4829087257385254
2072,b,23,6,3.924310485521952,0.3221260436650165,0.8169505596160889
2073,a,10,6,3.3284133672714233,0.17661128036440724,0.42275524139404297
2074,b,29,6,3.7265536785125732,0.4928585866343381,1.231489658355713
2075,b,11,6,4.13800569375356,0.2865358128861207,0.6728136539459229
2076,a,2,6,3.384618600209554,0.40261966408843847,0.9793598651885986
2077,b,30,6,3.943343758583069,0.5335351406764229,1.3462445735931396
2078,b,24,6,4.34508474667867,0.3872346480865956,1.0119504928588867
2079,b,19,6,3.76480495929718,0.3641132581070092,0.9586899280548096
2080,b,16,6,3.453793525695801,0.4361538776283749,1.0505940914154053
2081,b,55,6,4.418783227602641,0.3099275223468464,0.8041970729827881
2082,b,8,6,3.975486914316813,0.2860915911942081,0.755469560623169
2083,b,7,6,3.552726070086161,0.3047404813901898,0.776378870010376
2084,b,17,6,4.212345798810323,0.3816881111126329,0.8960072994232178
2085,b,18,6,3.4539848963419595,0.37851650656719293,0.9654781818389893
2086,a,2,6,4.308772563934326,0.4267578474741449,1.1042184829711914
2087,b,14,6,3.9544564882914224,0.5448143669095659,1.357668399810791
2088,b,21,6,3.4145634174346924,0.3882839427590275,0.999516487121582
2089,b,11,6,3.5771665573120117,0.44089009496596876,1.0855398178100586
2090,b,19,6,3.83604367574056,0.4208106017451074,1.0537009239196777
2091,b,11,6,3.537661870320638,0.33429519272866587,0.8023340702056885
2092,b,9,6,3.5167037645975747,0.44083127325166077,1.086207389831543
2093,b,71,6,4.616879065831502,0.4064687689422337,0.9578266143798828
2094,b,28,6,4.20158855120341,0.23606684128133412,0.6446290016174316
2095,b,40,6,4.156874259312947,0.4382272265225025,1.0233309268951416
2096,b,15,6,4.201335072517395,0.33818864605645277,0.8562259674072266
2097,b,8,6,2.98653781414032,0.3001800657229489,0.75594162940979
2098,b,13,6,4.365649104118347,0.2991325379485996,0.774245023727417
2099,a,12,6,3.539386431376139,0.23781327282087217,0.5903160572052002
2100,b,23,6,4.181051731109619,0.49813967021563743,1.2279613018035889
2101,b,13,6,3.8974450826644897,0.3313045312152807,0.8125576972961426
2102,b,21,6,3.9734095335006714,0.33615518048916043,0.8149745464324951
2103,b,71,6,4.709469556808472,0.396622800586832,1.0261116027832031
2104,b,28,6,3.827394684155782,0.43966836887785454,1.0627634525299072
2105,a,17,6,4.637385527292888,0.196902256298885,0.491549015045166
2106,a,10,6,3.665880640347799,0.15398286034578693,0.4232966899871826
2107,b,13,6,3.844154675801595,0.32399441348282226,0.8582544326782227
2108,a,36,6,4.624369780222575,0.18081713137047667,0.4548969268798828
2109,b,11,6,3.152340849240621,0.43599115765814034,1.124068260192871
2110,b,8,6,3.557655612627665,0.3854829646492283,0.9677588939666748
2111,b,29,6,3.9631340503692627,0.4470473639895216,1.1662321090698242
2112,a,1,6,3.3377628326416016,0.21847764062531058,0.5007305145263672
2113,a,21,6,4.209855318069458,0.26266867323128124,0.6576941013336182
2114,b,26,6,3.5384058952331543,0.27931706881861545,0.765627384185791
2115,b,13,6,3.32425320148468,0.09780092043917375,0.24697566032409668
2116,a,32,6,4.728925387064616,0.1535716108741599,0.3704562187194824
2117,b,17,6,3.6028879086176553,0.3379597964231813,0.8594095706939697
2118,b,19,6,3.9633425076802573,0.49140212634438446,1.2276358604431152
2119,b,27,6,4.368540128072103,0.35176417643544466,0.8579955101013184
2120,b,15,6,3.94486931959788,0.31490112527221353,0.8733005523681641
2121,b,29,6,3.9556298653284707,0.3704361275445067,0.975238561630249
2122,b,9,6,4.127978523572286,0.3893873429455409,0.9949965476989746
2123,b,4,6,3.5134383042653403,0.3423983091841225,0.8093423843383789
2124,b,20,6,4.112547000249227,0.3413092563539656,0.7982163429260254
2125,b,3,6,4.100786447525024,0.30582374261040063,0.772313117980957
2126,b,26,6,3.645800312360128,0.36530920574716647,0.8841676712036133
2127,b,26,6,4.09055491288503,0.4317968463716028,1.1760411262512207
2128,b,52,6,3.866877794265747,0.5837135732942155,1.6409416198730469
2129,a,37,6,4.439695994059245,0.3202102306868918,0.761866569519043
2130,b,21,6,3.9363569021224976,0.42060039087924805,0.960383415222168
2131,b,20,6,4.099489529927571,0.23875794615104867,0.7045760154724121
2132,b,34,6,4.566469113032023,0.5134591936771911,1.2442622184753418
2133,b,36,6,4.129435698191325,0.4686400333931786,1.1141979694366455
2134,b,1,6,4.434310515721639,0.1884106688670803,0.4637155532836914
2135,b,10,6,4.230262637138367,0.301951756790032,0.7719671726226807
2136,b,30,6,4.068238735198975,0.29634087443444446,0.7194230556488037
2137,b,27,6,4.0404858986536665,0.4227959682937428,1.026777982711792
2138,b,10,6,3.658594568570455,0.368010140677869,0.8818275928497314
2139,a,23,6,4.340269009272258,0.2546648425694001,0.615325927734375
2140,a,0,6,3.4162914752960205,0.11896232976399287,0.29981398582458496
2141,a,23,6,4.035892804463704,0.24922178136354714,0.6007378101348877
2142,b,34,6,3.9512319962183633,0.4443463853737448,1.1549875736236572
2143,b,12,6,3.7176855007807412,0.44598888930029923,1.0713982582092285
2144,a,25,6,4.609822670618693,0.19309006149889568,0.5027933120727539
2145,b,12,6,3.6686489979426065,0.3359705814968354,0.8758730888366699
2146,b,19,6,3.4971779584884644,0.28298561511595316,0.7857141494750977
2147,b,15,6,4.228274663289388,0.3415334658074343,0.8722190856933594
2148,a,26,6,4.153160770734151,0.2476313136133837,0.5666837692260742
2149,b,15,6,4.036319573720296,0.5819887186842306,1.351698398590088
2150,b,24,6,4.015840530395508,0.30737443989817,0.8661439418792725
2151,a,11,6,4.066670258839925,0.19378577225925375,0.4807772636413574
2152,a,7,6,3.217679500579834,0.16713570257695914,0.40609312057495117
2153,b,42,6,4.141775131225586,0.28935270636827,0.7598321437835693
2154,b,9,6,3.9248767296473184,0.4110309617165244,1.0818979740142822
2155,b,40,6,4.026098529497783,0.2902248925051404,0.6974225044250488
2156,a,8,6,3.4412052234013877,0.27435896821297695,0.6166749000549316
2157,a,0,6,3.74094025293986,0.29656238474114816,0.7537980079650879
2158,b,50,6,3.6553431351979575,0.41315647350285495,1.149071216583252
2159,b,25,6,3.8931447664896646,0.3482706716902528,0.8757562637329102
2160,b,23,6,3.266652305920919,0.5162614981867076,1.3540031909942627
2161,b,5,6,3.628654360771179,0.1577141760025997,0.3940587043762207
2162,a,0,6,3.7730966011683145,0.28457401593224596,0.6929740905761719
2163,a,10,6,3.778356750806173,0.30656962318631614,0.7411680221557617
2164,b,14,6,4.1870063940684,0.311302774071071,0.7673807144165039
2165,a,28,6,4.339444001515706,0.18668257749523715,0.5113821029663086
2166,a,24,6,4.2126684586207075,0.17072913051316718,0.44565701484680176
2167,a,0,6,3.9048704703648887,0.24810939602944454,0.6464967727661133
2168,a,17,6,3.876989722251892,0.3125924753373538,0.7334556579589844
2169,b,25,6,3.8914337158203125,0.4373593476610582,1.1287391185760498
2170,b,11,6,3.300108710924784,0.23311722100716037,0.7120344638824463
2171,b,18,6,3.778615395228068,0.5096737478421602,1.2368130683898926
2172,b,47,6,4.733697096506755,0.2733957292871882,0.6476850509643555
2173,b,21,6,4.170541763305664,0.38615706917035814,0.9674720764160156
2174,b,23,6,4.240394115447998,0.3742847020476088,0.9364848136901855
2175,b,11,6,3.3070772091547647,0.4824188726876099,1.1571121215820312
2176,b,76,6,4.280946612358093,0.6028382501737273,1.4539074897766113
2177,b,21,6,4.076244990030925,0.4406088145225392,1.0828680992126465
2178,b,2,6,3.871330658594767,0.4684728226331084,1.2581124305725098
2179,b,16,6,3.675026257832845,0.24019169245203045,0.5391037464141846
2180,b,9,6,3.4537792603174844,0.3252471181781364,0.8304750919342041
2181,b,5,6,3.4900108178456626,0.3352696385897007,0.7948281764984131
2182,b,17,6,4.06619914372762,0.5783036377608138,1.4474892616271973
2183,b,5,6,3.9962589343388877,0.30793730564550736,0.7374355792999268
2184,b,26,6,3.608548879623413,0.4459707772545832,1.1298410892486572
2185,b,30,6,3.967722217241923,0.36995504710395694,0.9124929904937744
2186,b,53,6,4.395678599675496,0.33543629754213977,0.8980240821838379
2187,a,8,6,3.8276763757069907,0.35517108484446047,0.8323581218719482
2188,b,17,6,4.35828971862793,0.3950841850784558,0.95809006690979
2189,b,24,6,4.108990470568339,0.5798750098133443,1.4291141033172607
2190,b,20,6,4.022863904635112,0.36329427971021555,0.9755501747131348
2191,b,29,6,4.196197430292766,0.3656261950130218,0.9455645084381104
2192,b,13,6,3.5512563784917197,0.42261273942498095,1.0426900386810303
2193,b,5,6,3.5929652055104575,0.3788650741149347,0.9004435539245605
2194,a,9,6,3.6131708224614463,0.10573337209058183,0.23888945579528809
2195,a,16,6,4.424047787984212,0.18972113872137117,0.46775150299072266
2196,b,17,6,3.2308934132258096,0.24499001392258077,0.5933701992034912
2197,b,28,6,3.7485403617223105,0.45020183682842063,1.1877529621124268
2198,b,19,6,3.8002535502115884,0.34974939982627773,0.9347455501556396
2199,b,38,6,3.7980217138926187,0.3760161228467181,0.9702243804931641
2200,a,2,6,4.77800726890564,0.031126995191401444,0.0822596549987793
2201,b,19,6,4.079340656598409,0.4713801188290988,1.1774733066558838
2202,b,3,6,4.344663898150126,0.3243217018707195,0.8323516845703125
2203,b,15,6,4.235261837641398,0.23003109046848988,0.5654230117797852
2204,b,14,6,4.0063226620356245,0.39537054917744646,0.9741387367248535
2205,b,17,6,3.6579095125198364,0.2698194106878917,0.63767409324646
2206,b,22,6,3.7303678592046103,0.33180382851937146,0.7802631855010986
2207,b,16,6,3.3696803649266562,0.32117975110635794,0.8625936508178711
2208,b,12,6,3.5350142319997153,0.45759559389857823,1.1189427375793457
2209,b,14,6,3.4598538875579834,0.4642652732150163,1.1581368446350098
2210,b,16,6,4.311778783798218,0.48498266361680853,1.3420085906982422
2211,a,22,6,4.147647420565288,0.10761291104718079,0.2707240581512451
2212,b,6,6,3.7672184308369956,0.37028280337481034,0.9871828556060791
2213,b,1,6,3.1133670806884766,0.4356167510301348,1.043492078781128
2214,b,50,6,4.14506475130717,0.5161397080333077,1.426710605621338
2215,b,9,6,4.024140040079753,0.39059453120609605,1.092132568359375
2216,b,17,6,3.6154998938242593,0.2940345196363117,0.7328698635101318
2217,b,29,6,4.232180754343669,0.3973000325440843,1.021454095840454
2218,b,16,6,4.255823214848836,0.398464233951268,0.941687822341919
2219,b,10,6,4.439968427022298,0.4504494569584251,1.041524887084961
2220,b,3,6,3.4962435166041055,0.3078541634916773,0.7999954223632812
2221,a,27,6,4.38886817296346,0.2499399478946286,0.5601344108581543
2222,b,20,6,4.027009884516398,0.4892242726373729,1.1726665496826172
2223,b,9,6,4.173425634702046,0.39828627033822583,0.9928717613220215
2224,b,37,6,4.176128347714742,0.35653041516612755,0.9946098327636719
2225,b,49,6,4.231265068054199,0.3199613448867485,0.7866415977478027
2226,b,28,6,4.1600868701934814,0.36935168254152884,0.9504449367523193
2227,a,12,6,3.506385167439779,0.21944530403418847,0.5650730133056641
2228,b,14,6,3.965552051862081,0.24274926301822114,0.6102786064147949
2229,a,24,6,4.189184745152791,0.3043303043047543,0.7671465873718262
2230,a,15,6,3.8445146083831787,0.09043127682437337,0.2462785243988037
2231,b,26,6,4.427343845367432,0.2989146265246251,0.682518482208252
2232,a,9,6,3.460567275683085,0.12399499562389382,0.3154165744781494
2233,a,16,6,3.8941436211268106,0.26345563723285215,0.6828432083129883
2234,b,22,6,4.3502488533655805,0.41263429432702037,1.090467929840088
2235,b,6,6,3.859691023826599,0.3144280719980375,0.7676095962524414
2236,b,22,6,3.1935106913248696,0.424075287956057,1.0740740299224854
2237,b,26,6,3.9732836484909058,0.5892557197722977,1.4928593635559082
2238,b,35,6,4.161907990773519,0.38312986133900345,0.9630575180053711
2239,a,11,6,3.617844263712565,0.13704409518402266,0.37404346466064453
2240,b,27,6,4.423765103022258,0.4097811190852938,1.1032156944274902
2241,b,32,6,4.189334074656169,0.5061417503626577,1.2542238235473633
2242,b,20,6,3.525873382886251,0.47388104146613147,1.1874098777770996
2243,b,26,6,4.3490709861119585,0.41536604627053797,1.0837204456329346
2244,b,2,6,3.401782472928365,0.3920582562316215,0.9833784103393555
2245,b,36,6,4.3632097641627,0.2954411778721971,0.7466251850128174
2246,a,5,6,4.227847417195638,0.16957930380760694,0.40417957305908203
2247,b,31,6,3.923974951108297,0.26859329070145954,0.6709325313568115
2248,a,12,6,3.3642826477686563,0.2170386931167509,0.5203583240509033
2249,b,13,6,3.9330156644185386,0.40741937501641334,1.0080513954162598
2250,a,21,6,4.193089087804158,0.26751873524683406,0.7056694030761719
2251,b,33,6,4.083427786827087,0.3299568952673521,0.7988450527191162
2252,b,16,6,3.2455935875574746,0.625628388195808,1.5145440101623535
2253,b,21,6,4.113314747810364,0.3159891669737268,0.8131487369537354
2254,a,34,6,4.368301431337993,0.28002021423653095,0.7460262775421143
2255,b,15,6,3.740068236986796,0.35257108545321514,0.8190209865570068
2256,b,51,6,4.429564873377482,0.3466061179123172,0.9801158905029297
2257,b,1,6,3.098402976989746,0.35232559283168813,0.8351082801818848
2258,b,16,6,4.318156560262044,0.2675559813406876,0.7100863456726074
2259,b,28,6,3.552622358004252,0.47884705387583554,1.133361577987671
2260,b,6,6,3.2450151840845742,0.41598058874572114,1.078589677810669
2261,b,9,6,4.161032795906067,0.34807811578221487,0.8710353374481201
2262,a,0,6,3.9819347858428955,0.16980303218310605,0.4146993160247803
2263,b,20,6,3.665216565132141,0.31147732336524236,0.8111600875854492
2264,b,13,6,3.345869024594625,0.37255450350019675,0.9783596992492676
2265,b,36,6,3.8205153544743857,0.29541982511257603,0.705660343170166
2266,a,17,6,3.8543856143951416,0.10922129155256009,0.2451326847076416
2267,a,11,6,3.624278505643209,0.15899686630165497,0.3559083938598633
2268,b,11,6,4.0157350699106855,0.404594938230117,1.0218963623046875
2269,b,22,6,3.6478379170099893,0.19622573927842063,0.4660909175872803
2270,b,38,6,4.143090883890788,0.28985721114232776,0.7051742076873779
2271,b,1,6,3.7805122534434,0.35894128865613834,0.8358831405639648
2272,b,18,6,3.967694083849589,0.3380640966969075,0.8758432865142822
2273,b,23,6,4.444693644841512,0.4012243723689417,1.099431037902832
2274,b,19,6,3.82594895362854,0.32132725455152267,0.7893369197845459
2275,a,31,6,4.219751715660095,0.31486278161591447,0.7995274066925049
2276,a,7,6,3.256042003631592,0.034691999890414174,0.08733177185058594
2277,b,22,6,3.9899587631225586,0.2556198908616602,0.6221292018890381
2278,b,23,6,4.070909182230632,0.33821219664901025,0.9563968181610107
2279,b,1,6,3.8911708990732827,0.29450806227697146,0.8134891986846924
2280,b,14,6,3.812581419944763,0.4194983299027299,1.0969123840332031
2281,b,15,6,3.8012779553731284,0.2556389801379369,0.6829445362091064
2282,b,11,6,3.2988410790761313,0.31431872849684384,0.7389178276062012
2283,b,25,6,3.913518269856771,0.2403580752371915,0.6424310207366943
2284,b,7,6,3.412768840789795,0.3458694990803254,0.8849823474884033
2285,a,16,6,3.7733088731765747,0.28342615104366153,0.7516467571258545
2286,a,20,6,4.304859638214111,0.1360180109946265,0.31616830825805664
2287,b,18,6,3.8889381885528564,0.5657259999607864,1.391653060913086
2288,b,16,6,3.5380654335021973,0.37318255784408644,0.8987414836883545
2289,b,6,6,4.385649522145589,0.39590257503750165,0.925410270690918
2290,a,31,6,4.3627692858378095,0.22201858880318573,0.5803089141845703
2291,b,9,6,4.13813316822052,0.4142505356022251,0.9833402633666992
2292,a,2,6,3.720438599586487,0.22720841319461327,0.524066686630249
2293,b,34,6,4.489385922749837,0.27266397441966855,0.7301793098449707
2294,b,20,6,3.7943973938624063,0.42394321072081,1.1487882137298584
2295,a,4,6,3.4819213151931763,0.1562059945984247,0.37662625312805176
2296,b,19,6,3.996181925137838,0.21016367617345444,0.5505776405334473
2297,a,7,6,4.062898953755696,0.5213648167051579,1.2746832370758057
2298,b,30,6,3.6735723416010537,0.39044879301252783,0.9355299472808838
2299,b,20,6,3.848507563273112,0.27682730018484525,0.7907557487487793
2300,a,2,6,4.473952213923137,0.16346590408394834,0.4011683464050293
2301,b,36,6,4.106842438379924,0.3886568445045428,1.038102388381958
2302,a,7,6,3.9591583410898843,0.25151201326046624,0.5878438949584961
2303,a,20,6,4.286129315694173,0.2706041251401653,0.6377339363098145
2304,b,2,6,4.1152061223983765,0.4357226684816247,1.1176228523254395
2305,b,3,6,3.6236360470453897,0.3612018078593023,0.9230003356933594
2306,a,0,6,3.7699012756347656,0.12456346045181275,0.3270909786224365
2307,a,12,6,3.923500140508016,0.20498310925416474,0.5304114818572998
2308,b,10,6,4.248082121213277,0.42607359656700206,1.058805227279663
2309,b,10,6,3.5415149529774985,0.16057611069027689,0.42229604721069336
2310,b,33,6,4.387169520060222,0.3966194759929294,1.0533761978149414
2311,b,9,6,3.522926131884257,0.2661023120879375,0.7076458930969238
2312,b,9,6,4.721318483352661,0.36192115308470324,0.9519271850585938
2313,a,10,6,3.801848888397217,0.18522314145402355,0.5212869644165039
2314,b,26,6,4.185215950012207,0.3188025332329747,0.7884869575500488
2315,a,0,6,3.7702502806981406,0.22647624696370489,0.5754671096801758
2316,b,23,6,3.3147089083989463,0.5658433038339511,1.4943764209747314
2317,a,10,6,3.5599432388941445,0.26428149982545324,0.6572091579437256
2318,a,21,6,4.124507466952006,0.2106388911575755,0.5438556671142578
2319,a,9,6,4.110186576843262,0.1707502087217049,0.415513277053833
2320,b,23,6,3.893480738004049,0.7409084456689246,1.838291883468628
2321,a,2,6,3.6998464266459146,0.3261054256338243,0.7746427059173584
2322,a,10,6,4.293979565302531,0.21085249744773082,0.5168194770812988
2323,b,7,6,3.6859353383382163,0.35624357708904664,0.8628160953521729
2324,b,29,6,4.255797266960144,0.5411290761542721,1.437847375869751
2325,a,24,6,4.625589768091838,0.12154526310643328,0.3206768035888672
2326,b,25,6,3.723507046699524,0.6500480894900655,1.5936477184295654
2327,b,41,6,4.177679379781087,0.29523736164963404,0.7229788303375244
2328,a,4,6,3.647582252820333,0.300170897809246,0.7543857097625732
2329,b,8,6,3.185842434565226,0.5943699254293796,1.5683317184448242
2330,b,52,6,4.095672369003296,0.5143811525830908,1.2641425132751465
2331,b,16,6,3.085755944252014,0.3091144134201194,0.7370162010192871
2332,b,24,6,3.5309937795003257,0.3476934805898079,0.857562780380249
2333,b,34,6,3.9803810516993203,0.364216978563669,0.9734501838684082
2334,b,36,6,3.74103053410848,0.5057972365622155,1.3168787956237793
2335,a,11,6,3.697243014971415,0.16470428234249604,0.42047595977783203
2336,b,29,6,4.280368407567342,0.4080625568733749,1.0385479927062988
2337,b,40,6,4.292437712351481,0.310589245889465,0.7864985466003418
2338,b,25,6,3.8209956089655557,0.24081333833158308,0.5986490249633789
2339,b,5,6,3.2139988342920938,0.22404156778920853,0.5546722412109375
2340,a,12,6,3.3567850987116494,0.3041457548165701,0.753514289855957
2341,a,0,6,4.321306864420573,0.23711008148213927,0.6233386993408203
2342,b,23,6,3.9866796334584556,0.5320740991956008,1.3243162631988525
2343,b,18,6,3.9147843519846597,0.29839510485265347,0.7396936416625977
2344,b,7,6,3.563616951306661,0.5332704703798764,1.3532888889312744
2345,b,19,6,3.625898996988932,0.2815627193283658,0.6715178489685059
2346,a,5,6,4.501036723454793,0.1776046576517906,0.39708948135375977
2347,b,35,6,3.965753674507141,0.38393387854267663,0.9788153171539307
2348,a,6,6,3.703983465830485,0.09999530064046575,0.2361907958984375
2349,b,7,6,3.1248526175816855,0.353230228276199,0.9270534515380859
2350,b,13,6,4.244595805803935,0.39626506100484515,1.0430359840393066
2351,b,20,6,4.261254032452901,0.31228053939743905,0.8090858459472656
2352,a,24,6,4.3193592230478925,0.31542878474265945,0.7594292163848877
2353,b,2,6,4.069622317949931,0.2975789711397427,0.7573630809783936
2354,b,23,6,4.336250344912211,0.3080865253750894,0.7393991947174072
2355,b,12,6,4.031224727630615,0.37138571065438397,0.8846988677978516
2356,a,18,6,3.9866017500559487,0.22765668361772914,0.5473954677581787
2357,b,19,6,4.310847043991089,0.3980093908138174,0.9024162292480469
2358,b,19,6,3.7705772717793784,0.22993677998275902,0.5529148578643799
2359,b,37,6,4.226281364758809,0.49834323982689754,1.2199764251708984
2360,b,8,6,3.5098124345143638,0.407321517524759,1.073606014251709
2361,b,1,6,3.600528041521708,0.17414481693760445,0.42287254333496094
2362,b,41,6,4.0749480326970415,0.38503849833516657,0.9815237522125244
2363,b,8,6,3.214263995488485,0.36690161436072544,0.909064769744873
2364,b,29,6,4.070476770401001,0.3103788390326768,0.7986268997192383
2365,b,20,6,3.171611467997233,0.48718005327165387,1.17388916015625
2366,b,18,6,3.7226749658584595,0.4525103550372258,1.1640934944152832
2367,a,0,6,3.522290746370951,0.17564350485473545,0.44823408126831055
2368,a,15,6,4.055339972178142,0.18240269636179543,0.43857336044311523
2369,a,0,6,3.9969467719395957,0.3187379135548571,0.7269935607910156
2370,b,34,6,4.101464549700419,0.5012446250053298,1.3422374725341797
2371,b,11,6,3.9394458532333374,0.40325830222029535,0.9371898174285889
2372,a,17,6,4.264251192410787,0.35293856391504763,0.8578431606292725
2373,b,4,6,3.667723774909973,0.3021794162419748,0.6733417510986328
2374,b,6,6,3.3735167582829795,0.296879680966365,0.7367775440216064
2375,b,10,6,4.140303254127502,0.40270493349979447,1.0420939922332764
2376,a,28,6,4.301132122675578,0.10787591820628771,0.2942013740539551
2377,b,24,6,3.863843321800232,0.4389620763399166,1.1258981227874756
2378,b,16,6,3.7168213923772178,0.35061729731419744,0.8449184894561768
2379,b,16,6,4.242069045702617,0.3170789191213598,0.8127763271331787
2380,b,9,6,4.219051480293274,0.43906707732790007,1.0770156383514404
2381,b,17,6,4.081143935521443,0.4437682780617626,1.0912683010101318
2382,b,49,6,4.269160946210225,0.332527702865681,0.8442368507385254
2383,b,1,6,3.3664427598317466,0.2665936571339367,0.688103199005127
2384,b,14,6,3.511767347653707,0.2310659740848715,0.5664153099060059
2385,b,2,6,3.8219568332036338,0.29093492344466104,0.7043623924255371
2386,b,12,6,3.3961567481358848,0.29187736821586163,0.8125059604644775
2387,a,17,6,4.5740799109141035,0.20918984905346227,0.5912599563598633
2388,a,11,6,3.9865780671437583,0.15715786578228388,0.37751030921936035
2389,b,9,6,4.361618876457214,0.3401724094349296,0.8726775646209717
2390,b,20,6,3.7182594537734985,0.36700087808022036,0.9850473403930664
2391,b,16,6,3.8617449601491294,0.39373077060277206,1.0377588272094727
2392,a,16,6,4.192524751027425,0.15975747430354223,0.3897824287414551
2393,b,17,6,3.889970898628235,0.32699540113394104,0.7780213356018066
2394,b,28,6,3.5231440464655557,0.20267555268173026,0.5715885162353516
2395,b,17,6,3.70168670018514,0.3012349893288417,0.7575070858001709
2396,b,18,6,3.6072343587875366,0.2804201294371401,0.6530170440673828
2397,b,38,6,4.0530169407526655,0.34926074673230517,0.8933610916137695
2398,b,66,6,4.796283721923828,0.3556261991172125,0.947545051574707
2399,b,19,6,4.074025511741638,0.47971401610475284,1.3864326477050781
2400,b,12,6,3.4780760208765664,0.30817301645566897,0.8089931011199951
2401,a,18,6,4.302518129348755,0.24244493010520615,0.6604294776916504
2402,b,33,6,3.5156659285227456,0.3659119821746377,0.8586788177490234
2403,b,13,6,3.569541811943054,0.42040903597175855,1.0060360431671143
2404,b,37,6,4.220547318458557,0.4304339318774282,1.0621345043182373
2405,b,2,6,3.4587210416793823,0.31168791355656195,0.8642017841339111
2406,a,54,6,4.975521167119344,0.2114173038941891,0.5536365509033203
2407,b,15,6,3.5463150342305503,0.32835689125018513,0.8723611831665039
2408,a,22,6,4.266943693161011,0.19106613698759606,0.5302863121032715
2409,b,7,6,3.873459060986837,0.24791372376955548,0.6229543685913086
2410,b,20,6,4.068219860394795,0.5260067142972057,1.433922290802002
2411,a,23,6,4.053746064503987,0.21583234013767955,0.5262126922607422
2412,b,61,6,4.18242605527242,0.3209390954743053,0.8402130603790283
2413,a,0,6,4.16496217250824,0.20284644124226933,0.48638916015625
2414,b,21,6,3.7934147914250693,0.5122085724171985,1.3952126502990723
2415,b,26,6,3.729136069615682,0.4508097484896262,1.0663349628448486
2416,b,16,6,3.056656082471212,0.44294972456266624,1.160557746887207
2417,a,3,6,3.8362642923990884,0.18446859797733753,0.41518735885620117
2418,b,26,6,4.06528902053833,0.5171905655600122,1.2559185028076172
2419,b,18,6,3.592744469642639,0.4043959473519846,0.9579949378967285
2420,b,28,6,4.021101315816243,0.2129578285829384,0.5492753982543945
2421,b,22,6,3.892080307006836,0.3244383415722125,0.8310225009918213
2422,b,20,6,3.534184535344442,0.24757416066008678,0.6005268096923828
2423,b,4,6,3.3343591690063477,0.3240828108638435,0.809788703918457
2424,b,3,6,3.984403649965922,0.48745196845385097,1.0867912769317627
2425,b,39,6,4.544721762339274,0.3870480586321027,0.9972414970397949
2426,b,27,6,3.975546360015869,0.3745459596421386,0.9761128425598145
2427,b,14,6,3.594188849131266,0.3490518416250616,0.8292465209960938
2428,b,3,6,4.164320866266887,0.37176150558560217,0.944554328918457
2429,a,0,6,3.4593218167622886,0.218117911945628,0.5680272579193115
2430,b,33,6,4.1433052221934,0.49616202263002784,1.1704013347625732
2431,b,5,6,3.1118549903233848,0.350749938647258,0.8531825542449951
2432,b,19,6,3.214053750038147,0.2910119228405859,0.7426283359527588
2433,b,33,6,4.02071479956309,0.5546692105733323,1.450134038925171
2434,a,11,6,3.4487605492273965,0.18100493121786648,0.4289708137512207
2435,a,21,6,3.9621100425720215,0.21427928414832748,0.5125184059143066
2436,b,27,6,4.223667502403259,0.49524586743115767,1.2966787815093994
2437,a,21,6,4.092048287391663,0.1805764214650447,0.4440004825592041
2438,b,5,6,4.060838341712952,0.28682815253043187,0.689434289932251
2439,b,25,6,3.815774838129679,0.33628492131964244,0.916496992111206
2440,b,33,6,3.714627981185913,0.7405547900255807,1.9125723838806152
2441,b,28,6,3.588469664255778,0.5944255777568896,1.509439468383789
2442,b,35,6,3.801040609677633,0.2708048471602445,0.6996376514434814
2443,b,32,6,3.7602141300837197,0.29747578536531116,0.7455863952636719
2444,a,23,6,4.213137189547221,0.1709543019803249,0.4368264675140381
2445,b,14,6,3.814425547917684,0.4426638408168426,1.1704058647155762
2446,b,16,6,4.042681097984314,0.45866815452065873,1.097787857055664
2447,b,27,6,3.848704139391581,0.33638307956665026,0.8914704322814941
2448,a,3,6,3.0655610958735147,0.08138981556176848,0.21217870712280273
2449,b,34,6,3.965343157450358,0.5250615252547483,1.3294525146484375
2450,a,25,6,4.488641977310181,0.21633277302733364,0.5233845710754395
2451,b,16,6,4.249451359113057,0.3083958147933784,0.7693908214569092
2452,b,7,6,3.2337030172348022,0.37351157391365486,0.9124100208282471
2453,a,24,6,4.149331172307332,0.20694286903542006,0.4919884204864502
2454,b,32,6,4.101937572161357,0.46922912984168186,1.1254043579101562
2455,a,1,6,3.9800758361816406,0.06312145362712931,0.16083836555480957
2456,b,10,6,3.5765077273050943,0.38753868474224173,0.9380953311920166
2457,b,21,6,4.309625784556071,0.4317428791126401,1.1673552989959717
2458,b,22,6,4.407046874364217,0.5398166268291702,1.2697958946228027
2459,b,18,6,4.0448877811431885,0.2956978917331177,0.734900712966919
2460,b,8,6,3.1510363817214966,0.38398587949058344,0.9450960159301758
2461,b,34,6,4.181315461794536,0.4442876794155466,1.1304643154144287
2462,b,46,6,3.8934999306996665,0.3159099723058751,0.7598462104797363
2463,a,0,6,3.6477775971094766,0.1958561153113389,0.47379064559936523
2464,b,3,6,3.1032359997431436,0.30561788944172574,0.8320527076721191
2465,b,12,6,3.7847863038380942,0.748007438295805,1.9278087615966797
2466,b,50,6,4.179816365242004,0.31938061220831093,0.8069624900817871
2467,b,35,6,4.332668662071228,0.3147293882892171,0.8374474048614502
2468,b,13,6,4.154196103413899,0.2615654210816383,0.6580972671508789
2469,b,7,6,3.178062399228414,0.3934185055249799,0.9371733665466309
2470,b,32,6,4.129813472429912,0.4706953759883901,1.1051089763641357
2471,b,9,6,4.062580784161885,0.24013558837064278,0.5863275527954102
2472,a,23,6,4.2798417409261065,0.17873319225297402,0.41519784927368164
2473,b,13,6,3.475128491719564,0.37986030552077066,0.9615962505340576
2474,b,11,6,4.195945541063945,0.39741369619545885,0.9242866039276123
2475,b,39,6,4.141722718874614,0.4785241168867168,1.2233448028564453
2476,b,14,6,4.150360981623332,0.46358093194020145,1.2600157260894775
2477,b,18,6,3.8738174041112265,0.2679422569271049,0.7353382110595703
2478,b,12,6,3.8403881788253784,0.3089624563625574,0.815718412399292
2479,b,9,6,3.871432582537333,0.2927339200530819,0.7435991764068604
2480,a,6,6,2.9734827280044556,0.23756838875295644,0.5911369323730469
2481,a,24,6,4.464930534362793,0.19519451644388044,0.5045723915100098
2482,b,11,6,3.952650547027588,0.3910838136511427,1.0765032768249512
2483,b,22,6,4.2491401831309,0.49761858072218157,1.3578402996063232
2484,a,18,6,3.7674235105514526,0.24557345029394206,0.6047697067260742
2485,b,15,6,4.071199377377828,0.45090167489021526,1.1280436515808105
2486,b,44,6,4.065397302309672,0.3526914443970973,1.0383765697479248
2487,b,19,6,4.324954509735107,0.23384522014489395,0.5835304260253906
2488,b,9,6,3.8269423246383667,0.570230205348305,1.420248031616211
2489,b,42,6,4.134629885355632,0.3927283183799571,0.9502241611480713
2490,a,11,6,3.915427287419637,0.1636152731952896,0.3836085796356201
2491,b,21,6,3.782262166341146,0.2228396996081894,0.5964057445526123
2492,a,9,6,3.853539784749349,0.1985575882525612,0.5093634128570557
2493,b,12,6,3.9547154108683267,0.4780570443453366,1.1538429260253906
2494,a,32,6,4.558200120925903,0.2645175938910651,0.576019287109375
2495,b,1,6,3.533442815144857,0.3909348101948667,0.974597692489624
2496,b,5,6,3.0490283171335855,0.34664603808925015,0.8638885021209717
2497,b,10,6,4.179614583651225,0.4597021675961828,1.1915082931518555
2498,b,10,6,3.1777761379877725,0.44281446562901927,1.1970806121826172
2499,a,1,6,3.1667755444844565,0.22707651464277886,0.5320546627044678
2500,b,13,6,3.23954971631368,0.4749144492904118,1.1572368144989014
2501,b,23,6,4.357924222946167,0.21954061035673236,0.5415797233581543
2502,b,24,6,4.0258926550547285,0.32123954469442495,0.8275461196899414
2503,a,5,6,4.393176952997844,0.25507972561074066,0.6682806015014648
2504,a,19,6,4.5874284108479815,0.2771278533313822,0.6827712059020996
2505,b,14,6,4.3075105746587115,0.4923311856960398,1.312659740447998
2506,b,5,6,3.4264439741770425,0.30507861002647585,0.7164711952209473
2507,b,18,6,4.004133661588033,0.2783359679301999,0.784210205078125
2508,a,28,6,4.564426024754842,0.2091021994798572,0.4876260757446289
2509,b,11,6,3.7135696411132812,0.5182197969638834,1.4180152416229248
2510,b,9,6,4.176417708396912,0.28506156334623145,0.7321510314941406
2511,b,13,6,3.4037717978159585,0.30438097384933616,0.7488594055175781
2512,b,12,6,4.040135820706685,0.47936453087531383,1.2146797180175781
2513,b,2,6,2.9412330786387124,0.3295840815409111,0.8125228881835938
2514,b,9,6,3.9854840437571206,0.33643204847312264,0.801673412322998
2515,b,6,6,3.2472055753072104,0.36444424644154305,0.9754974842071533
2516,b,14,6,3.9063984155654907,0.34517246041968663,0.9149818420410156
2517,b,42,6,3.6035697062810264,0.6428225310373534,1.5443501472473145
2518,b,35,6,3.9265743494033813,0.30350969024334945,0.8448410034179688
2519,a,12,6,3.597402731577555,0.08271779189009866,0.2281970977783203
2520,b,21,6,4.083227793375651,0.28968017131219176,0.7530264854431152
2521,a,8,6,3.3786340157190957,0.1931561073777322,0.4489603042602539
2522,a,7,6,3.6415199836095176,0.12529995186887236,0.3014678955078125
2523,a,16,6,3.9910359382629395,0.13055102427195267,0.3034965991973877
2524,b,13,6,3.9099483092625937,0.4489699999292405,1.155562162399292
2525,a,30,6,4.375339905420939,0.3214943850927024,0.7522163391113281
2526,b,26,6,4.2193894783655805,0.28246459351516906,0.6933410167694092
2527,b,12,6,4.574113368988037,0.4548067543141448,1.062608242034912
2528,b,14,6,3.8999032179514566,0.25381112540348255,0.6513853073120117
2529,b,25,6,3.988155404726664,0.42638778547737927,1.0006554126739502
2530,b,58,6,4.18272336324056,0.4729985767816248,1.1003475189208984
2531,b,30,6,3.4434289932250977,0.3968079703906416,1.0620770454406738
2532,a,1,6,3.885717789332072,0.13701990340719283,0.33347558975219727
2533,b,33,6,3.9220813512802124,0.27028838999640215,0.6849236488342285
2534,b,20,6,3.703225056330363,0.5271034683387512,1.3245415687561035
2535,b,2,6,3.746628443400065,0.3444831218391821,0.9398021697998047
2536,b,32,6,4.10433554649353,0.2701000534775804,0.7421393394470215
2537,a,13,6,3.7348482608795166,0.2567169192328204,0.7167367935180664
2538,b,12,6,3.8413172562917075,0.3244270504345351,0.8726410865783691
2539,b,16,6,3.73991064230601,0.5146875064889087,1.2299137115478516
2540,b,64,6,4.440538167953491,0.2542405336996485,0.661198616027832
2541,b,2,6,3.350143074989319,0.203350535547864,0.49988842010498047
2542,a,16,6,3.724371870358785,0.2009405673694773,0.46474742889404297
2543,b,12,6,4.030185063680013,0.3191769761795983,0.8042919635772705
2544,b,23,6,3.6438015699386597,0.3666054970856042,1.0997624397277832
2545,b,2,6,3.797264297803243,0.22067770479328255,0.6349492073059082
2546,b,46,6,4.1456360419591265,0.33041342612396823,0.858729362487793
2547,b,1,6,3.859997828801473,0.17564266835292883,0.40366077423095703
2548,b,42,6,4.1367307504018145,0.23314740737812445,0.6261293888092041
2549,b,8,6,3.663891156514486,0.2835675117067688,0.7490448951721191
2550,b,10,6,3.460900068283081,0.45525220008315975,1.1536991596221924
2551,b,64,6,3.9051353136698403,0.7471565332700028,1.740778923034668
2552,a,1,6,4.164572795232137,0.19955462347412986,0.5900850296020508
2553,b,11,6,3.541687488555908,0.3973000053831071,1.035287618637085
2554,b,11,6,4.042611757914226,0.37529835760200764,0.9181711673736572
2555,a,29,6,4.2502239147822065,0.2374859435267876,0.5840194225311279
2556,a,21,6,3.981435497601827,0.2825938474203731,0.6689333915710449
2557,b,10,6,4.139042218526204,0.2786072519610602,0.6942615509033203
2558,b,6,6,3.4378384351730347,0.2700675198547865,0.6837399005889893
2559,b,14,6,3.4432994524637857,0.40819230258758804,0.9504120349884033
2560,b,11,6,3.7082940340042114,0.3102678872187573,0.7676396369934082
2561,b,34,6,4.046855648358663,0.5395614232537735,1.308821678161621
2562,b,31,6,4.1757421890894575,0.43731352372876947,1.1377742290496826
2563,b,15,6,4.458744565645854,0.3349707033282393,0.8884985446929932
2564,a,16,6,3.9520740111668906,0.17232625922164266,0.4062669277191162
2565,b,3,6,2.98897115389506,0.4405222756101678,1.035111427307129
2566,b,3,6,4.23213529586792,0.4652638433832515,1.1315960884094238
2567,a,10,6,4.267680644989014,0.20429597237309183,0.45928096771240234
2568,b,15,6,3.7694745461146035,0.4766052463480446,1.2597646713256836
2569,b,20,6,3.654758334159851,0.3022114440403088,0.783118486404419
2570,a,20,6,4.129697879155477,0.20375709045760518,0.5244350433349609
2571,b,29,6,4.052889704704285,0.4209352976042728,1.1568775177001953
2572,b,3,6,4.05184539159139,0.34599967510881574,0.8920571804046631
2573,b,64,6,4.374626239140828,0.32463767577133085,0.8037071228027344
2574,b,9,6,3.9151689211527505,0.23704692223481413,0.546410322189331
2575,b,15,6,3.7670834064483643,0.4597055648429089,1.1542563438415527
2576,b,2,6,3.4805264472961426,0.37257392963592345,0.8915226459503174
2577,b,16,6,3.318382660547892,0.5693560838132413,1.4156386852264404
2578,b,41,6,3.777778228123983,0.48800041792446835,1.2258667945861816
2579,b,38,6,4.1604652007420855,0.4740840578947149,1.1520543098449707
2580,b,31,6,3.8547854820887246,0.40774599932244787,1.0126702785491943
2581,b,19,6,3.933621366818746,0.4321904280654991,1.0067787170410156
2582,b,5,6,3.827000300089518,0.18709305293666886,0.46857595443725586
2583,b,36,6,3.8510426680246987,0.32369926624506834,0.7396540641784668
2584,b,1,6,3.396406372388204,0.3281957821816824,0.7643232345581055
2585,b,51,6,4.258046627044678,0.344897335611838,0.9206264019012451
2586,b,9,6,3.3349347511927285,0.39999085658689804,0.9409737586975098
2587,b,14,6,3.192920366923014,0.4826789334900144,1.1449291706085205
2588,b,14,6,4.277386744817098,0.38517476128072264,0.9630000591278076
2589,b,2,6,3.922765374183655,0.3756053115856903,0.8957633972167969
2590,b,24,6,3.551785667737325,0.34781852926121537,0.8649444580078125
2591,a,9,6,4.3228834470113116,0.26994286347034574,0.6146450042724609
2592,b,23,6,4.104269703229268,0.5405838994515932,1.4506700038909912
2593,b,7,6,3.7887432177861533,0.3370827989910631,0.8428928852081299
2594,b,21,6,4.217282970746358,0.43917633415723606,1.127410650253296
2595,a,26,6,4.466310580571492,0.15538936103495493,0.3911623954772949
2596,b,13,6,3.7009000380833945,0.4424542009478036,1.1331610679626465
2597,a,15,6,3.89814825852712,0.17915913879291498,0.4236011505126953
2598,b,15,6,3.8778191804885864,0.4384433051721295,1.2548432350158691
2599,b,8,6,3.459378957748413,0.4092274799289814,1.1835010051727295
2600,b,17,6,3.510041435559591,0.39891845026303957,0.9813761711120605
2601,b,10,6,3.654138366381327,0.4513088872368471,1.1504061222076416
2602,b,15,6,4.222464720408122,0.37774206362874324,0.9643449783325195
2603,a,18,6,4.021081407864888,0.15370371954938566,0.368560791015625
2604,b,15,6,4.171690464019775,0.29106729914823565,0.8242082595825195
2605,a,13,6,3.6872901121775308,0.211549554502873,0.5006999969482422
2606,b,72,6,4.451430002848308,0.45985292132179983,1.1896440982818604
2607,b,6,6,3.3004810015360513,0.4339397963344951,1.0297150611877441
2608,b,10,6,4.026142954826355,0.4569228027383444,1.1301720142364502
2609,b,15,6,3.9739853143692017,0.4273355089576157,1.1202640533447266
2610,a,12,6,3.5466063419977822,0.23706916561325583,0.538245439529419
2611,b,0,6,3.8481025298436484,0.3304139510170728,0.8609557151794434
2612,b,38,6,4.118538737297058,0.39614808195614737,0.9688782691955566
2613,b,1,6,4.330089330673218,0.16442821861276588,0.3980436325073242
2614,a,20,6,4.676560242970784,0.10875954467724527,0.24910402297973633
2615,b,22,6,3.4017728169759116,0.5637529047523021,1.2913012504577637
2616,a,18,6,4.496985673904419,0.26613246073012947,0.6218376159667969
2617,b,2,6,3.3971698681513467,0.3232134293287178,0.8141424655914307
2618,b,29,6,3.1955380042394004,0.4820504928766315,1.2304987907409668
2619,b,5,6,3.405342618624369,0.20167202441963722,0.47746968269348145
2620,b,75,6,4.589648167292277,0.40346564107917715,1.0103192329406738
2621,a,5,6,3.4103320042292276,0.15749731330805297,0.3836328983306885
2622,b,11,6,4.110358198483785,0.44463427300530717,1.072735071182251
2623,b,25,6,4.163219769795735,0.302941216622145,0.7253584861755371
2624,b,5,6,3.4056701262791953,0.30934353278494664,0.7326376438140869
2625,b,19,6,3.669155478477478,0.5567452783259467,1.2813456058502197
2626,b,9,6,3.13873028755188,0.25768190115790723,0.6107239723205566
2627,a,1,6,3.7880536317825317,0.1671149429335333,0.4221656322479248
2628,b,27,6,3.682173728942871,0.5120808181011242,1.2305908203125
2629,b,30,6,3.3338038126627603,0.3782663533866996,0.8987669944763184
2630,b,11,6,3.6622933944066367,0.3655985469922621,0.9237792491912842
2631,b,4,6,4.192423303922017,0.2530527196068589,0.6558282375335693
2632,a,1,6,3.2096953789393106,0.17874565157953615,0.4175405502319336
2633,b,45,6,4.253164251645406,0.3272275444354045,0.8641078472137451
2634,a,27,6,4.286002000172933,0.19405119277126423,0.4852585792541504
2635,b,10,6,4.223258336385091,0.38080928749668663,0.9886109828948975
2636,a,0,6,4.117572585741679,0.19382594417378682,0.45784521102905273
2637,b,13,6,3.508074998855591,0.6091173654489529,1.5611162185668945
2638,b,14,6,3.664483348528544,0.44974225137308593,1.1914467811584473
2639,b,13,6,3.215607484181722,0.3349292347871129,0.9019238948822021
2640,b,41,6,4.174944678942363,0.5160253506195976,1.2679920196533203
2641,b,86,6,4.876563946406047,0.20545391201045854,0.4841036796569824
2642,b,32,6,4.505232532819112,0.5098196036952533,1.2065680027008057
2643,b,1,6,3.4931482474009194,0.2860940450629488,0.6927764415740967
2644,b,12,6,3.872896432876587,0.21247975687368262,0.5599637031555176
2645,a,31,6,4.3984066645304365,0.19292629979102777,0.45333099365234375
2646,a,15,6,3.5932605266571045,0.28327014650858123,0.7121555805206299
2647,a,0,6,3.422978321711222,0.09040161359875165,0.2293565273284912
2648,b,7,6,2.937120795249939,0.46118009868623694,1.0991427898406982
2649,b,8,6,3.200605312983195,0.4269215390978647,1.1524348258972168
2650,b,15,6,4.151461243629456,0.2750109808002386,0.7281231880187988
2651,b,15,6,4.207833449045817,0.37728960552926477,0.9927620887756348
2652,b,18,6,4.22506320476532,0.3946620540322099,0.9719996452331543
2653,b,8,6,4.1884223620096845,0.2568680277175955,0.7063083648681641
2654,b,1,6,3.7624913851420083,0.24335858458177426,0.609302282333374
2655,b,66,6,4.751254558563232,0.40531319609517963,1.0504693984985352
2656,b,7,6,3.592024286588033,0.4693243545979953,1.148798942565918
2657,a,29,6,4.478645881017049,0.1875597448245215,0.46878528594970703
2658,b,15,6,4.269478003184001,0.42185899200682525,1.1102211475372314
2659,b,34,6,4.021061619122823,0.3811891811875024,0.972661018371582
2660,b,38,6,3.683792153994242,0.4852951741812463,1.3539273738861084
2661,a,24,6,4.069056272506714,0.2029544438950364,0.483074426651001
2662,b,34,6,4.103581229845683,0.33464206030875937,0.9055068492889404
2663,a,2,6,4.091633836428325,0.3643496958582482,0.9300594329833984
2664,b,10,6,3.827421188354492,0.29575045306775033,0.7036623954772949
2665,a,3,6,4.135906418164571,0.2744866776219878,0.6756477355957031
2666,a,14,6,3.7313313086827598,0.19868161980228213,0.44802165031433105
2667,a,21,6,4.229752937952678,0.15230251604927714,0.3462505340576172
2668,b,24,6,3.9887733856836953,0.29717793412757326,0.8138768672943115
2669,b,26,6,3.8846092224121094,0.4961155967874619,1.4112975597381592
2670,b,6,6,2.9669147729873657,0.2563028459575194,0.6094973087310791
2671,b,34,6,4.330978949864705,0.4501768623720999,1.137908935546875
2672,b,23,6,3.552471915880839,0.27865165181339185,0.7586674690246582
2673,a,8,6,3.0963406562805176,0.21735566745116078,0.5372617244720459
2674,b,4,6,3.1802393198013306,0.3525233479384415,0.8289761543273926
2675,b,37,6,4.015986363093059,0.45879722440805115,1.1243963241577148
2676,b,36,6,3.942980925242106,0.3540349198314721,0.8048136234283447
2677,b,10,6,2.8747730255126953,0.3456861737623017,0.8556585311889648
2678,b,11,6,4.155429641405742,0.5326610222010792,1.308788776397705
2679,b,16,6,3.6844433148701987,0.38135684712457246,1.0120422840118408
2680,a,11,6,4.536434332529704,0.09342313508099291,0.2200322151184082
2681,b,42,6,4.232093969980876,0.3500584675109602,0.8496160507202148
2682,a,16,6,4.196217934290568,0.23178475185176978,0.5605378150939941
2683,a,18,6,4.067058801651001,0.2669313146793229,0.6853420734405518
2684,a,8,6,3.6146656274795532,0.23926858325389821,0.558098554611206
2685,a,26,6,4.38314692179362,0.11989446142494266,0.3138556480407715
2686,b,3,6,4.14535407225291,0.41374133231641774,1.0523686408996582
2687,b,10,6,4.388549407323201,0.5136381753301903,1.278620958328247
2688,b,5,6,3.1140865882237754,0.2864728648909436,0.7098548412322998
2689,b,0,6,3.2395536502202353,0.31251292743947084,0.750192403793335
2690,b,26,6,3.593377153078715,0.35022448469587897,0.828960657119751
2691,b,34,6,3.7682222525278726,0.48972145389573596,1.1739106178283691
2692,a,0,6,3.327309012413025,0.15546724470518752,0.3773033618927002
2693,b,55,6,4.331574440002441,0.3165053136076904,0.8162441253662109
2694,b,19,6,3.7429060141245523,0.327756095560542,0.8110053539276123
2695,b,15,6,4.299776554107666,0.3798494854234642,0.9130916595458984
2696,b,33,6,3.9409825007120767,0.49922706752402973,1.2154178619384766
2697,b,11,6,3.16006608804067,0.30555810921109766,0.7593021392822266
2698,b,28,6,3.6686883767445884,0.3724322340934257,1.0134520530700684
2699,b,7,6,3.588729421297709,0.45912530168830845,1.1645426750183105
2700,b,2,6,3.9260926644007363,0.42706927598166883,1.0535712242126465
2701,b,24,6,3.3781474828720093,0.5179462298749202,1.6422245502471924
2702,a,8,6,3.8375704685846963,0.3470498822482643,0.8344733715057373
2703,b,3,6,3.588523268699646,0.5766674912152202,1.4700438976287842
2704,b,5,6,4.414991458257039,0.26278072216412224,0.6626701354980469
2705,b,28,6,4.105057795842488,0.4364436177128034,1.0314228534698486
2706,b,56,6,4.8102312088012695,0.24987401713554863,0.6092596054077148
2707,a,9,6,4.6529750029246015,0.17945950851762055,0.4648571014404297
2708,b,14,6,4.0602290232976275,0.44591913213846085,1.101940631866455
2709,a,9,6,4.396641731262207,0.19688628566736546,0.4987668991088867
2710,b,5,6,3.8000693718592324,0.26603771667067283,0.6623730659484863
2711,b,37,6,4.421729962031047,0.2840213467077493,0.6892199516296387
2712,b,3,6,3.7222913106282554,0.4130812272763061,1.0192615985870361
2713,a,18,6,3.918104648590088,0.15167165590587534,0.37029194831848145
2714,b,22,6,3.674192269643148,0.2755218235571734,0.687152624130249
2715,b,11,6,3.4344225327173867,0.31256608519939627,0.7921638488769531
2716,b,3,6,3.632577975591024,0.31778983911115305,0.8848023414611816
2717,b,7,6,4.080340941747029,0.40355331060361177,1.015934944152832
2718,b,7,6,3.197935461997986,0.33578037492268215,0.8213019371032715
2719,b,17,6,3.5183224280675254,0.2434039767476483,0.6555960178375244
2720,b,3,6,4.3449697097142534,0.31888600597185024,0.8245370388031006
2721,b,37,6,3.8874926964441934,0.4898121933212515,1.1432867050170898
2722,b,6,6,3.8085484504699707,0.3283555024994383,0.906959056854248
2723,a,2,6,3.6863443851470947,0.45857137178873497,1.1107127666473389
2724,b,29,6,3.920669992764791,0.5870622343409855,1.517385721206665
2725,b,25,6,4.40994389851888,0.3865772970266607,1.0144038200378418
2726,b,20,6,3.816907842954,0.28425613066330424,0.7194156646728516
2727,b,16,6,3.477003335952759,0.3738785715805578,0.9750127792358398
2728,b,15,6,4.460459391276042,0.3711794639257413,0.9949169158935547
2729,a,1,6,3.7000286976496377,0.19041811425712107,0.4317314624786377
2730,a,23,6,4.402108828226726,0.23029255986041547,0.5401992797851562
2731,b,7,6,4.157373468081157,0.4443496106726262,1.0685133934020996
2732,b,33,6,3.2207998832066855,0.5882297986779199,1.5495119094848633
2733,b,28,6,3.7516143719355264,0.5505433108220802,1.3080384731292725
2734,b,23,6,4.115964651107788,0.6129417598762101,1.5105531215667725
2735,b,17,6,3.5622669458389282,0.37888212864150983,0.9226222038269043
2736,a,28,6,4.202531933784485,0.2740406747108612,0.6681671142578125
2737,a,21,6,4.061324675877889,0.16221318942376195,0.41991233825683594
2738,b,13,6,3.7709867556889853,0.550839716714647,1.4539332389831543
2739,b,20,6,3.7570553620656333,0.3407572396156151,0.8580567836761475
2740,b,26,6,3.726484219233195,0.4405256997643602,1.0637447834014893
2741,b,11,6,4.212566256523132,0.5153688220106224,1.3590450286865234
2742,a,18,6,4.368191242218018,0.3392074359313294,0.8436880111694336
2743,b,14,6,3.790160814921061,0.3848851264331889,1.057610034942627
2744,b,10,6,3.5610320568084717,0.6263119820921063,1.489739179611206
2745,b,8,6,3.3380545377731323,0.4746815149507695,1.130720853805542
2746,b,36,6,4.171157201131185,0.5126303300176289,1.2893431186676025
2747,b,26,6,4.229020436604817,0.5470943726247578,1.3988559246063232
2748,b,24,6,3.348554015159607,0.2807954767572607,0.6528732776641846
2749,b,18,6,3.937069813410441,0.48176853746947046,1.1627087593078613
2750,b,13,6,4.137594103813171,0.40190657532211743,0.9971857070922852
2751,b,46,6,4.011397043863933,0.44440539777402654,1.1449029445648193
2752,b,35,6,4.217796087265015,0.4683794973151872,1.157092571258545
2753,b,3,6,3.4413578510284424,0.4540669428619261,1.181636095046997
2754,b,5,6,3.663632790247599,0.47382993353945935,1.2682297229766846
2755,b,18,6,3.9779035647710166,0.3887533924842984,1.0098693370819092
2756,b,16,6,4.00470244884491,0.42951242955499763,1.111147165298462
2757,b,62,6,4.67362904548645,0.41114526494553477,0.9518771171569824
2758,b,23,6,3.6593995491663613,0.3913054739467049,0.9537243843078613
2759,b,9,6,3.481963356335958,0.24400160156068584,0.6021790504455566
2760,b,14,6,4.078617413838704,0.40731071129272084,0.991276741027832
2761,b,34,6,4.081535299619039,0.40560459218313205,1.0649933815002441
2762,b,18,6,3.5014317433039346,0.20115427753864268,0.5206327438354492
2763,b,36,6,3.756200671195984,0.35069203631117135,0.8466882705688477
2764,a,31,6,4.315402348836263,0.23964296401802823,0.5521173477172852
2765,b,40,6,3.8551294008890786,0.24001632196606257,0.5901165008544922
2766,b,43,6,4.156193017959595,0.38826282959108177,0.9939744472503662
2767,a,29,6,4.360040505727132,0.15576428142590748,0.3686695098876953
2768,a,23,6,4.177762786547343,0.16350986013857818,0.4147326946258545
2769,b,1,6,3.5343387126922607,0.19785183654625277,0.4990396499633789
2770,b,14,6,3.680485169092814,0.4705319681191772,1.1994285583496094
2771,b,12,6,4.099986394246419,0.3131117832800187,0.741966724395752
2772,b,11,6,3.1712215344111123,0.2748894251288649,0.6413166522979736
2773,b,16,6,4.0391818682352705,0.43370769150635874,1.036024570465088
2774,b,41,6,4.348191936810811,0.3328053113706835,0.8308629989624023
2775,b,18,6,3.986685037612915,0.26617248713243935,0.6879596710205078
2776,b,17,6,4.422652681668599,0.527789453485921,1.2960898876190186
2777,b,41,6,4.08397650718689,0.5562357942059035,1.5024008750915527
2778,b,18,6,3.6883022785186768,0.33136978762826375,0.8248584270477295
2779,b,31,6,4.25908084710439,0.33580218906672515,0.8297460079193115
2780,b,21,6,3.7083826065063477,0.24044047236248048,0.571347713470459
2781,a,6,6,4.325659275054932,0.31451776631731426,0.7605752944946289
2782,b,10,6,3.812764286994934,0.2643185154051417,0.7019975185394287
2783,b,16,6,3.387489080429077,0.35797727783079347,0.8835406303405762
2784,b,1,6,3.2128161589304605,0.32083595631892664,0.7371206283569336
2785,a,2,6,4.3213445742925005,0.2981610653005661,0.7374598979949951
2786,a,4,6,3.4395490884780884,0.20412538363927238,0.49784255027770996
2787,a,19,6,4.278957684834798,0.03949912740964832,0.12008190155029297
2788,b,17,6,4.346861004829407,0.33021445657055654,0.8903415203094482
2789,b,17,6,3.6692110300064087,0.6887969278916127,1.6693625450134277
2790,b,31,6,4.103867610295613,0.384501612484643,0.9257686138153076
2791,b,16,6,3.5375253756841025,0.2925088609463031,0.6787996292114258
2792,b,4,6,4.072983225186666,0.2664041142244117,0.6799225807189941
2793,b,7,6,3.7608046929041543,0.31797816413686525,0.8058516979217529
2794,a,2,6,3.795344829559326,0.4308132003875636,1.0974371433258057
2795,b,11,6,3.2281055450439453,0.2385217411010208,0.584200382232666
2796,a,0,6,3.521296819051107,0.4710639288978809,1.1645610332489014
2797,a,10,6,3.571274757385254,0.2575166490327907,0.6930923461914062
2798,b,18,6,4.1079215208689375,0.33608096750093125,0.7935478687286377
2799,b,3,6,3.886425336201986,0.3823642276765859,0.999108076095581
2800,b,39,6,4.3674693902333575,0.2142045180361015,0.5426201820373535
2801,b,18,6,4.015698750813802,0.2997223064235165,0.7637903690338135
2802,b,8,6,4.0122584501902265,0.5038493905652016,1.2569191455841064
2803,b,72,6,4.388782223065694,0.46590358989487696,1.0781748294830322
2804,b,10,6,3.3987046082814536,0.33925765023748267,0.8896036148071289
2805,b,24,6,3.7611788511276245,0.41544121772199555,1.095245361328125
2806,b,3,6,3.963433345158895,0.40143355869110087,1.0695538520812988
2807,b,4,6,3.092910091082255,0.27976527204119195,0.6673126220703125
2808,a,2,6,3.68395725886027,0.47392506685098185,1.220278024673462
2809,b,71,6,4.644656578699748,0.42378344783140115,1.0220975875854492
2810,b,19,6,3.5653810103734336,0.5331930794529325,1.3490221500396729
2811,b,20,6,3.7429917653401694,0.2727316589678913,0.6733031272888184
2812,a,2,6,4.087535977363586,0.44939203450724885,1.0913136005401611
2813,a,15,6,3.738976756731669,0.17314437694236856,0.4244840145111084
2814,b,9,6,4.133206685384114,0.3140919745877089,0.9388959407806396
2815,a,2,6,4.688993692398071,0.248661802705727,0.5924100875854492
2816,b,13,6,4.022769610087077,0.4204383595019598,1.0962638854980469
2817,b,7,6,4.181768933931987,0.3555023686334418,0.7966816425323486
2818,b,19,6,3.5775041580200195,0.4713942782598593,1.1288414001464844
2819,b,13,6,4.245302001635234,0.4778626860837914,1.2299504280090332
2820,b,9,6,4.02254331111908,0.3408014891724383,0.8104360103607178
2821,a,4,6,4.048628767331441,0.10964966500780321,0.25629210472106934
2822,b,19,6,3.8078267574310303,0.5897899511461091,1.665004014968872
2823,b,7,6,3.3338561058044434,0.4200548327963561,1.0324251651763916
2824,a,29,6,4.344806432723999,0.18386134844539237,0.49750661849975586
2825,b,10,6,3.3590161403020224,0.4333473087487619,1.1669120788574219
2826,a,18,6,4.067058960596721,0.22779486733318285,0.538933515548706
2827,b,13,6,3.963821609814962,0.43640441180155154,1.0937724113464355
2828,b,16,6,3.951166828473409,0.4210317374852534,1.1313345432281494
2829,a,29,6,4.4766615231831866,0.1273833217705292,0.30767154693603516
2830,b,19,6,3.233184734980265,0.47932674507000494,1.2294416427612305
2831,a,14,6,3.9492037693659463,0.233263025129241,0.5655961036682129
2832,b,17,6,3.5831352869669595,0.486845810850542,1.1219682693481445
2833,b,28,6,3.791755755742391,0.31833245287659867,0.8106048107147217
2834,b,18,6,3.7670026222864785,0.38637974176337764,1.0102503299713135
2835,b,25,6,3.811306635538737,0.23173222270641236,0.5654332637786865
2836,b,15,6,3.8497612476348877,0.3585130780617942,0.9323976039886475
2837,b,7,6,3.873154123624166,0.5568813222336233,1.4674835205078125
2838,a,11,6,3.3642069896062217,0.2140468960910842,0.5522902011871338
2839,a,0,6,3.843441287676493,0.22110578972743622,0.5347094535827637
2840,b,34,6,4.164377689361572,0.4963676123677166,1.2796473503112793
2841,b,21,6,3.7720288832982383,0.23125719335574885,0.6297712326049805
2842,b,24,6,4.411553541819255,0.26969175254200145,0.6436862945556641
2843,a,0,6,4.0337339242299395,0.19315301346831235,0.45629334449768066
2844,b,16,6,3.5551935831705728,0.46813563208611625,1.1706085205078125
2845,b,29,6,4.157465577125549,0.4237987165985774,1.1024491786956787
2846,b,3,6,4.245582461357117,0.42495820637642995,1.0829031467437744
2847,a,4,6,3.5763846238454184,0.334603444091367,0.8190200328826904
2848,b,39,6,4.149731794993083,0.30583013996809727,0.7482187747955322
2849,b,28,6,4.062793890635173,0.5137287541760113,1.3020431995391846
2850,b,25,6,4.582569360733032,0.3851873386592747,0.9810538291931152
2851,b,8,6,3.870633284250895,0.27789614834054277,0.7416181564331055
2852,b,7,6,3.101992130279541,0.27287452185204647,0.6529831886291504
2853,b,17,6,4.000285863876343,0.40823357237230296,1.007622480392456
2854,a,0,6,3.6047308444976807,0.3961681823894774,0.8965973854064941
2855,b,36,6,4.198556939760844,0.28712240046486415,0.7699167728424072
2856,b,10,6,3.6976085901260376,0.5009684934261575,1.2450659275054932
2857,b,8,6,4.224119544029236,0.37586582509935995,0.9981234073638916
2858,b,19,6,3.7869812647501626,0.4095966026943676,1.0071837902069092
2859,b,15,6,3.908107320467631,0.255027526979355,0.6948344707489014
2860,a,27,6,4.150254885355632,0.3080565175021316,0.7192549705505371
2861,a,23,6,4.262706557909648,0.2258755247533155,0.5365421772003174
2862,b,15,6,3.6675049861272178,0.5329937330500303,1.5481061935424805
2863,b,22,6,4.348658442497253,0.4689472574555371,1.126662015914917
2864,b,14,6,4.480586449305217,0.3083933718619018,0.8014516830444336
2865,b,30,6,3.832081397374471,0.4665840579316524,1.118424892425537
2866,a,1,6,3.184609572092692,0.21652673418241236,0.4943225383758545
2867,b,33,6,4.056724190711975,0.2745884005223874,0.728015661239624
2868,b,19,6,4.14785631497701,0.36586394845879167,0.9173502922058105
2869,b,21,6,3.8975054820378623,0.25616594776579316,0.6480662822723389
2870,b,42,6,4.1674877007802325,0.34375709235695207,0.8967127799987793
2871,b,16,6,3.612764000892639,0.3538340718475583,0.9157838821411133
2872,b,17,6,3.767709215482076,0.3020158436400939,0.7580702304840088
2873,b,50,6,4.106042782465617,0.6164198399866372,1.4502098560333252
2874,a,2,6,3.5548245906829834,0.1831959949394265,0.4786036014556885
2875,b,49,6,4.4356898466746015,0.31775296724789376,0.8842592239379883
2876,b,2,6,4.552124897638957,0.3649748539405947,0.9260091781616211
2877,b,13,6,3.7645434935887656,0.4739858964604033,1.1628811359405518
2878,b,4,6,2.78351898988088,0.40054554959907523,0.9539425373077393
2879,b,15,6,2.79087499777476,0.3228149393469576,0.8091535568237305
2880,a,7,6,3.454145391782125,0.11238689245012531,0.28487586975097656
2881,b,60,6,3.9897547165552774,0.59919839169631,1.430391788482666
2882,b,4,6,3.0592976411183677,0.22919906368057014,0.5629937648773193
2883,b,24,6,3.997552235921224,0.39378118018045627,0.936737060546875
2884,a,2,6,3.850501298904419,0.3100297491254149,0.7455666065216064
2885,b,13,6,3.8589197397232056,0.5288295812953939,1.244187355041504
2886,b,32,6,4.058342615763347,0.3707787361378895,0.9375839233398438
2887,b,18,6,3.3188750743865967,0.5848328764119957,1.4073362350463867
2888,b,19,6,3.4083702166875205,0.2480488597520466,0.6544516086578369
2889,b,10,6,3.426758646965027,0.2966238909865384,0.751915693283081
2890,a,12,6,3.706254720687866,0.18165465900920003,0.45598626136779785
2891,b,36,6,3.9795004526774087,0.4669170518523917,1.0989453792572021
2892,b,8,6,3.614551822344462,0.43652632076043896,1.0709357261657715
2893,b,41,6,4.133252024650574,0.38080936635669127,0.9383060932159424
2894,b,38,6,3.6898818810780845,0.3854260274397102,0.9264967441558838
2895,a,12,6,3.6322027444839478,0.23123317046366168,0.5557985305786133
2896,b,13,6,3.801343083381653,0.3976843405299158,0.9909553527832031
2897,a,15,6,3.8628116448720298,0.22094239833368373,0.5982084274291992
2898,b,20,6,3.802642067273458,0.34323027608605783,0.8609426021575928
2899,b,7,6,3.2596601247787476,0.23118582241394345,0.5566885471343994
2900,b,12,6,3.401616414388021,0.3469669875187912,0.8388395309448242
2901,b,10,6,3.842369278271993,0.2935059023190002,0.8025546073913574
2902,b,17,6,3.9299535751342773,0.4435239429921402,1.1524837017059326
2903,b,9,6,2.9917837381362915,0.4965431318521365,1.1806464195251465
2904,b,21,6,3.7560280561447144,0.5174262369386992,1.294670820236206
2905,b,33,6,3.9713507095972695,0.35208685762175745,0.8908822536468506
2906,b,43,6,4.403541247049968,0.32056149238660975,0.8394694328308105
2907,a,22,6,4.3362049261728925,0.1741824178284669,0.42294883728027344
2908,a,46,6,4.867648045221965,0.14466200887317962,0.3375358581542969
2909,b,2,6,2.9720800717671714,0.441906016142715,1.1709914207458496
2910,b,22,6,3.970021446545919,0.24874184490148607,0.6242227554321289
2911,b,27,6,4.058841268221538,0.4599494861695608,1.1868574619293213
2912,b,1,6,4.177044868469238,0.2090092453335557,0.5138900279998779
2913,b,10,6,3.4939846197764077,0.46447618444818206,1.1388130187988281
2914,b,13,6,3.5698773860931396,0.314429661337214,0.7693283557891846
2915,b,26,6,3.660669724146525,0.4498159459586654,1.0985543727874756
2916,b,7,6,4.034596999486287,0.3042061381011315,0.7976298332214355
2917,b,14,6,4.480400005976359,0.25688445685691097,0.6238417625427246
2918,b,15,6,4.003135760625203,0.22605713239413394,0.5816433429718018
2919,a,17,6,4.322885354359944,0.34210663999891217,0.8589615821838379
2920,b,31,6,4.155415296554565,0.32395511986634856,0.890655517578125
2921,b,4,6,3.4654181400934854,0.3006082086801451,0.7628839015960693
2922,b,5,6,3.2737842798233032,0.3483658779498005,0.8529689311981201
2923,b,14,6,4.145852406819661,0.358139658082145,0.9292256832122803
2924,a,15,6,4.0938884019851685,0.1712911636845055,0.3789350986480713
2925,b,3,6,3.102999289830526,0.22644508487916293,0.5161604881286621
2926,a,8,6,3.3226794799168906,0.14590514455065118,0.39128708839416504
2927,a,39,6,4.779805819193522,0.25991974681570074,0.7007870674133301
2928,b,8,6,3.192347447077433,0.26639263596551027,0.6350767612457275
2929,a,19,6,4.567840099334717,0.10852190585696328,0.2701272964477539
2930,b,29,6,3.9464708964029946,0.36306919158205575,0.8447110652923584
2931,b,9,6,3.514703909556071,0.5174937627589359,1.2486681938171387
2932,b,7,6,4.076418320337932,0.3790757781892612,1.0173051357269287
2933,b,18,6,3.350619991620382,0.42727424889598475,1.0526843070983887
2934,b,16,6,3.9154409964879355,0.28417559429958567,0.7668781280517578
2935,a,11,6,3.573120951652527,0.3081902927941482,0.7718720436096191
2936,b,2,6,3.5920737187067666,0.321803688767137,0.8397541046142578
2937,b,28,6,3.853704571723938,0.38685274173467127,0.9548165798187256
2938,b,17,6,3.6136236985524497,0.418789504773428,1.0220227241516113
2939,a,2,6,3.9521167278289795,0.4131674555345278,0.9657554626464844
2940,b,15,6,3.376301964124044,0.42101186904503113,1.0452373027801514
2941,b,9,6,4.32395871480306,0.49525778376724233,1.2045905590057373
2942,b,13,6,3.4262500603993735,0.466554736122553,1.1962170600891113
2943,b,11,6,3.9214083353678384,0.48129156785616933,1.2926418781280518
2944,b,10,6,3.739316542943319,0.2803307980009988,0.7202825546264648
2945,b,20,6,3.7482282320658364,0.3472274526883323,0.865225076675415
2946,a,2,6,4.554760773976644,0.12502197568689555,0.3138260841369629
2947,b,20,6,3.761888861656189,0.36339565478077007,0.8956725597381592
2948,b,15,6,3.7634485165278115,0.49725644329810337,1.310497522354126
2949,b,2,6,3.1725825866063437,0.2399479393663301,0.6668925285339355
2950,b,7,6,3.6089003483454385,0.5136945027841151,1.3274815082550049
2951,b,18,6,3.4055574337641397,0.2438975965879563,0.5930161476135254
2952,b,3,6,3.5581736167271933,0.3140839942106905,0.7537803649902344
2953,b,22,6,3.935088833173116,0.48148638078296574,1.211519479751587
2954,b,32,6,3.850529670715332,0.4575626866275084,1.2044720649719238
2955,b,23,6,4.178709626197815,0.33933200035384475,0.8111138343811035
2956,b,75,6,4.161123116811116,0.42019311667942855,1.0381016731262207
2957,b,71,6,4.466246525446574,0.4399325993117795,1.0721783638000488
2958,b,22,6,3.7142067750295005,0.3678325342810631,0.9587020874023438
2959,b,57,6,4.30862299601237,0.4705894136141641,1.1322789192199707
2960,b,17,6,4.108686129252116,0.43509229080835166,1.0292210578918457
2961,b,14,6,3.7745105822881064,0.2982323750744777,0.6800875663757324
2962,b,25,6,3.9546026388804116,0.40479006059122,1.0847439765930176
2963,b,27,6,3.933501958847046,0.3215115845251293,0.8361623287200928
2964,a,11,6,3.4346648852030435,0.09037425177543217,0.21894502639770508
2965,b,20,6,3.857985258102417,0.42078812341282806,1.1016523838043213
2966,b,21,6,4.107571721076965,0.4467407428337786,1.1248295307159424
2967,b,24,6,3.773179610570272,0.3711806139067702,0.8890097141265869
2968,b,28,6,3.8526769876480103,0.3636450933424727,0.8796753883361816
2969,a,2,6,3.5334546168645224,0.4412509918166406,1.0808050632476807
2970,b,9,6,3.2402693827946982,0.3634765769806305,0.9194507598876953
2971,b,71,6,4.150068044662476,0.3746408394744262,0.9695847034454346
2972,a,27,6,4.273457606633504,0.3633199027482967,0.9648838043212891
2973,a,32,6,4.439982255299886,0.2981462949782925,0.8006768226623535
2974,b,17,6,3.966626445452372,0.4328795299238482,1.024796485900879
2975,b,11,6,3.3021300633748374,0.3347491743855633,0.8280215263366699
2976,a,13,6,3.6190510193506875,0.2032664942976642,0.5506134033203125
2977,b,22,6,3.61085577805837,0.5042212337718507,1.178184986114502
2978,a,24,6,4.369046608606975,0.18785540185295505,0.4626884460449219
2979,b,29,6,3.9373289744059243,0.4317014761238737,1.0689587593078613
2980,b,25,6,3.5261929432551065,0.3790926708848055,0.8949339389801025
2981,b,1,6,3.3515137434005737,0.29452540626715196,0.6977319717407227
2982,b,48,6,4.451592763264974,0.44804607333993013,1.0852909088134766
2983,b,17,6,3.6721260945002236,0.3977336967940176,1.0852718353271484
2984,b,27,6,3.5806221961975098,0.5552532219070354,1.3817856311798096
2985,b,21,6,4.178486426671346,0.35893853784532653,0.8841278553009033
2986,b,19,6,3.363881786664327,0.5070293724598902,1.2023060321807861
2987,b,11,6,4.1880863904953,0.41236899077642525,1.0133521556854248
2988,b,26,6,4.301970720291138,0.27674944711387983,0.6948871612548828
2989,b,5,6,3.4457477728525796,0.2771531095357341,0.6484885215759277
2990,b,20,6,4.126319368680318,0.2981484564643558,0.7268381118774414
2991,b,22,6,4.088615417480469,0.7168428093887499,1.6996386051177979
2992,a,10,6,3.4565738836924234,0.2076261121825155,0.5289947986602783
2993,b,16,6,3.5313607851664224,0.3020287746610699,0.7410485744476318
2994,b,33,6,3.868517438570658,0.3589587882479847,0.94972825050354
2995,a,21,6,4.229097286860148,0.1293525388878503,0.33399295806884766
2996,b,32,6,3.756499926249186,0.6064522934719156,1.6691794395446777
2997,b,9,6,3.9730640252431235,0.3743200404791711,0.9389681816101074
2998,a,16,6,3.907037695248922,0.15583489113501162,0.4259614944458008
2999,b,26,6,3.9276684522628784,0.3603447841599914,0.9506208896636963
3000,b,0,6,3.2765163580576577,0.2707230053476304,0.6298837661743164
3001,b,14,6,3.581762512524923,0.44082147859550613,1.1947431564331055
3002,b,25,6,3.7351719538370767,0.29712884192492306,0.7094285488128662
3003,a,25,6,4.28911034266154,0.34602850109933364,0.8621523380279541
3004,b,11,6,3.5309184789657593,0.372231820895324,1.014993667602539
3005,b,15,6,3.7845099369684854,0.4778650969665587,1.1790993213653564
3006,b,10,6,4.122970819473267,0.3977297800983369,1.0809156894683838
3007,b,40,6,4.210078716278076,0.09519306869109019,0.2364029884338379
3008,a,15,6,3.865577975908915,0.21294356908968903,0.5475332736968994
3009,b,17,6,4.600403428077698,0.5237229412701359,1.2957408428192139
3010,a,16,6,4.046243866284688,0.23795486087587386,0.5810232162475586
3011,a,2,6,3.9855770667394004,0.3431043880795528,0.7791283130645752
3012,b,35,6,4.16572908560435,0.4892390169041285,1.208458423614502
3013,b,7,6,3.115331451098124,0.5158914471838671,1.2037756443023682
3014,a,24,6,4.359051744143168,0.2637245641873534,0.6520373821258545
3015,a,9,6,3.987405856450399,0.3004279399095336,0.7070996761322021
3016,b,32,6,4.088003834088643,0.21960554370979224,0.5773606300354004
3017,b,8,6,4.223642468452454,0.4758045672632995,1.2107765674591064
3018,b,26,6,3.541987578074137,0.29960579513641955,0.6986367702484131
3019,b,16,6,2.9485062758127847,0.5606878264861557,1.3347885608673096
3020,b,19,6,3.463179349899292,0.5015378608840588,1.2765960693359375
3021,b,28,6,3.497738798459371,0.4192357006532711,1.027014970779419
3022,b,15,6,3.122210144996643,0.1368748758462451,0.3289802074432373
3023,a,0,6,3.643469055493673,0.4318974256873708,0.98763108253479
3024,b,21,6,3.8190885384877524,0.5610885158070452,1.4928936958312988
3025,a,21,6,4.0776669184366865,0.17666701215933353,0.4415435791015625
3026,b,7,6,2.8536552588144937,0.45956431598758235,1.1500434875488281
3027,b,10,6,4.131892442703247,0.2877702409159012,0.7091941833496094
3028,b,56,6,4.371187051137288,0.3725407361593446,0.8945910930633545
3029,b,32,6,3.978147864341736,0.441228774820397,1.095684289932251
3030,b,24,6,4.299811164538066,0.30089542298071,0.7841970920562744
3031,b,40,6,4.272105058034261,0.4178383970611495,1.1200370788574219
3032,b,19,6,4.289378046989441,0.525281633754849,1.3138115406036377
3033,b,0,6,3.390276630719503,0.23907585671134846,0.5685389041900635
3034,b,13,6,3.8833837509155273,0.42137644962688264,1.1671671867370605
3035,b,50,6,4.1307698885599775,0.3966392435302653,0.9789812564849854
3036,a,15,6,3.876208265622457,0.1559973413998777,0.40197134017944336
3037,b,5,6,3.482922593752543,0.4942875199592176,1.185755729675293
3038,b,16,6,4.180863897005717,0.5404206243303685,1.4116344451904297
3039,a,23,6,4.264727195103963,0.10108503818526522,0.2791910171508789
3040,b,19,6,4.0482155084609985,0.3183924624597763,0.8160810470581055
3041,a,10,6,3.6258135636647544,0.1551877152446724,0.38226842880249023
3042,b,15,6,3.676506996154785,0.36972501540127106,0.9862971305847168
3043,a,16,6,4.237512032190959,0.11359010829392995,0.262514591217041
3044,b,15,6,3.6016238927841187,0.3443541361662933,0.7998924255371094
3045,b,52,6,4.278412342071533,0.17888947398822913,0.42214393615722656
3046,b,12,6,4.08171542485555,0.23895680384438467,0.6204817295074463
3047,b,3,6,4.292952259381612,0.4648133943058278,1.2025649547576904
3048,b,10,6,3.0461283524831138,0.38112184584471465,0.8888204097747803
3049,b,9,6,4.241185744603475,0.3241258098908176,0.7996265888214111
3050,a,24,6,4.186684767405192,0.23250246709614508,0.5496795177459717
3051,b,5,6,3.9975112676620483,0.5632165351367725,1.3106834888458252
3052,a,2,6,4.119231383005778,0.273116366222588,0.6691081523895264
3053,b,13,6,3.8372664054234824,0.2814614649943987,0.7426753044128418
3054,b,15,6,3.7809186379114785,0.47943329214630354,1.28513503074646
3055,b,5,6,3.6965169111887612,0.40671759666627433,1.0713047981262207
3056,b,6,6,4.111908872922261,0.2721711208228985,0.7138104438781738
3057,b,2,6,4.197884559631348,0.4489397056417334,1.1357531547546387
3058,b,18,6,3.730912446975708,0.3059472774754422,0.7165884971618652
3059,b,3,6,3.6600720485051474,0.6323290902626946,1.8260982036590576
3060,b,20,6,3.7521970669428506,0.49117009218522484,1.2277827262878418
3061,a,1,6,3.235517223676046,0.18009269373128803,0.45255446434020996
3062,b,4,6,4.526159922281901,0.4151719439975852,1.012192726135254
3063,b,14,6,3.5558547576268515,0.3464089108664888,0.9371633529663086
3064,a,7,6,4.053708434104919,0.3407746243807895,0.7914638519287109
3065,b,27,6,3.8992191553115845,0.394551900056829,1.0876355171203613
3066,b,27,6,3.9038052558898926,0.4698589751089373,1.235206127166748
3067,b,42,6,4.040420055389404,0.36590104083969427,0.9160284996032715
3068,a,11,6,3.2515471378962197,0.28035652888314344,0.6688365936279297
3069,b,9,6,4.2411733865737915,0.3605186724774261,0.844031572341919
3070,a,23,6,4.1983176072438555,0.21990912623873296,0.556964635848999
3071,a,12,6,3.4716779390970864,0.20003989334629554,0.5426652431488037
3072,b,28,6,4.161425352096558,0.4319999690739273,1.0197010040283203
3073,a,43,6,4.759482383728027,0.2747780917115824,0.6553115844726562
3074,a,33,6,4.622051318486531,0.1851313249543225,0.44167518615722656
3075,b,7,6,3.5504367351531982,0.4092669650850157,1.0786850452423096
3076,b,17,6,4.3185575405756635,0.4274203497070933,1.088226079940796
3077,b,18,6,4.103884855906169,0.16613623221481094,0.42848801612854004
3078,b,26,6,4.241074840227763,0.3733356682610353,0.9783599376678467
3079,b,12,6,4.184248089790344,0.3909042948695276,0.9818000793457031
3080,b,16,6,3.630204439163208,0.4119478446497664,1.1714026927947998
3081,b,33,6,3.9305835167566934,0.32161191668399175,0.799849271774292
3082,b,12,6,4.160796046257019,0.46898905856102446,1.1716547012329102
3083,a,21,6,4.4357954661051435,0.2919303640499004,0.7423529624938965
3084,b,16,6,3.3085144758224487,0.3622677750160487,0.817023754119873
3085,b,10,6,4.1578149398167925,0.5305174693330119,1.2631025314331055
3086,a,11,6,3.571548104286194,0.3127521848029196,0.7107193470001221
3087,b,19,6,3.9152634143829346,0.42095994845390283,1.0472965240478516
3088,b,42,6,3.9236466884613037,0.3811281820309594,0.9469025135040283
3089,b,23,6,3.811150828997294,0.3645992064288923,0.8981986045837402
3090,b,25,6,4.445119539896647,0.27967014304908744,0.6967563629150391
3091,b,40,6,4.095229824384053,0.46001225024576287,1.1249406337738037
3092,b,6,6,3.596318999926249,0.2996319767721062,0.773820161819458
3093,a,8,6,3.595427473386129,0.06906128485194392,0.17948031425476074
3094,a,3,6,4.075337807337443,0.17424083833849677,0.38986635208129883
3095,b,13,6,4.372542858123779,0.33773040531698667,0.8161306381225586
3096,b,15,6,3.194101413091024,0.46556767134392535,1.1786267757415771
3097,b,15,6,3.739351749420166,0.5274842274910686,1.2699973583221436
3098,b,22,6,3.49407951037089,0.4785365959360272,1.2256462574005127
3099,b,2,6,3.2401812076568604,0.21867597854855192,0.570976972579956
3100,b,7,6,3.7906806468963623,0.37812376655980634,0.85502028465271
3101,b,14,6,3.6520044406255088,0.4748066369651263,1.1749634742736816
3102,a,20,6,4.183691501617432,0.17254574753120466,0.40140604972839355
3103,b,9,6,4.238155682881673,0.43888713908023447,1.148148775100708
3104,b,39,6,3.517192999521891,0.41306173183171263,1.0563981533050537
3105,b,19,6,4.0011699597040815,0.4383385457558987,1.168219804763794
3106,b,18,6,3.978143294652303,0.3992818361075866,0.9391660690307617
3107,b,49,6,4.214356104532878,0.211578340075454,0.47821474075317383
3108,b,13,6,3.204149524370829,0.6266120800890095,1.5802960395812988
3109,a,2,6,3.7224300305048623,0.49178119234222606,1.215545892715454
3110,b,19,6,4.487106800079346,0.3871983094407407,0.9479508399963379
3111,b,6,6,3.5623774925867715,0.3489781106599621,0.8332364559173584
3112,a,27,6,4.422767877578735,0.14466548414362831,0.36304521560668945
3113,a,18,6,4.275709470113118,0.2628721711246769,0.6424016952514648
3114,b,3,6,3.9618730942408242,0.3105016511700733,0.8199934959411621
3115,b,5,6,3.3371861775716147,0.3082972407676603,0.729839563369751
3116,b,9,6,3.819890260696411,0.37699099850615814,0.9722945690155029
3117,b,18,6,3.1802159547805786,0.3676957203579003,0.8645186424255371
3118,a,37,6,4.567002614339192,0.3473987941079544,0.9108190536499023
3119,a,29,6,4.293746630350749,0.2059910207520101,0.5019345283508301
3120,b,10,6,4.260428706804912,0.5108246311771797,1.2349119186401367
3121,b,28,6,3.744358936945597,0.15989687205773498,0.3724544048309326
3122,b,15,6,3.592353940010071,0.3856271647574755,0.9565765857696533
3123,b,23,6,3.664342482884725,0.4204078623591181,1.0510194301605225
3124,a,9,6,3.8817871809005737,0.19592632382558067,0.5002007484436035
3125,b,12,6,3.2899584770202637,0.42043953523391203,1.0461714267730713
3126,b,40,6,4.343266725540161,0.29621877862796725,0.7283530235290527
3127,b,31,6,3.9967737595240274,0.42300084533845483,1.0551660060882568
3128,a,12,6,3.624661127726237,0.1442130733525759,0.38442206382751465
3129,b,15,6,3.4435434341430664,0.5780668698484696,1.3496007919311523
3130,b,17,6,3.3134716351826987,0.4131012812459291,1.1009702682495117
3131,b,25,6,3.961362600326538,0.35800833778062313,0.883636474609375
3132,b,26,6,3.9529212713241577,0.2867392847394006,0.7081711292266846
3133,b,35,6,4.424980799357097,0.4661306535336158,1.2998709678649902
3134,a,8,6,3.957126259803772,0.2145415124815534,0.548722505569458
3135,a,6,6,3.7511408726374307,0.23265723631463647,0.6365408897399902
3136,b,13,6,4.136938254038493,0.3683560895639637,0.9566693305969238
3137,b,10,6,3.205063501993815,0.41995385441102895,1.0324203968048096
3138,b,9,6,3.3018958965937295,0.4472393750032549,1.1506397724151611
3139,b,19,6,3.870149612426758,0.5676026065372772,1.3431341648101807
3140,b,17,6,2.902845621109009,0.3775733749574466,0.9199135303497314
3141,b,19,6,3.7729098796844482,0.24198996722438693,0.6483888626098633
3142,b,28,6,4.4090507825215655,0.45840912968465686,1.2256598472595215
3143,b,19,6,3.6775241692860923,0.40716126691597265,1.0498523712158203
3144,b,31,6,3.8111068407694497,0.4901413456838766,1.260566234588623
3145,b,5,6,3.829009691874186,0.16658794045404046,0.4203927516937256
3146,a,1,6,3.6511553128560386,0.12572339850807443,0.31856250762939453
3147,a,0,6,3.9657698472340903,0.22232501051809223,0.5642859935760498
3148,a,35,6,4.517770528793335,0.23068097826514836,0.5462193489074707
3149,b,43,6,4.079834580421448,0.5181872098776699,1.3050780296325684
3150,b,21,6,3.7944322427113852,0.3938527596170963,0.9897282123565674
3151,b,23,6,4.168430844942729,0.35447317791731475,0.8403866291046143
3152,b,23,6,3.6872336864471436,0.2544887094304093,0.6752068996429443
3153,b,14,6,3.8559292952219644,0.24329696492614836,0.6332814693450928
3154,b,18,6,3.652644077936808,0.3204684589037505,0.8356797695159912
3155,a,7,6,3.8101209799448648,0.312320886367079,0.7122509479522705
3156,b,15,6,3.6202652851740518,0.5529722640327139,1.3978984355926514
3157,a,5,6,3.758765697479248,0.19191270954338036,0.4853959083557129
3158,b,34,6,3.694406827290853,0.5487629916958415,1.3842849731445312
3159,b,64,6,4.220636208852132,0.5253019478775497,1.2785634994506836
3160,b,8,6,3.7133867343266806,0.3185774061481355,0.8383395671844482
3161,b,34,6,3.7714738051096597,0.49032204757265585,1.1983437538146973
3162,b,12,6,3.760780175526937,0.3639947003995819,1.0263078212738037
3163,b,15,6,4.096643169720967,0.4006277132682911,0.9859030246734619
3164,b,16,6,4.030006527900696,0.406676169724862,1.0503301620483398
3165,b,38,6,3.9729822476704917,0.539262827661557,1.3702893257141113
3166,a,2,6,4.497575283050537,0.23874465690886237,0.5837149620056152
3167,b,14,6,3.9919909636179605,0.20865010462386568,0.5287363529205322
3168,a,5,6,2.576333165168762,0.18128477609805396,0.46269869804382324
3169,b,17,6,3.4398842652638755,0.41020329884368034,0.9542019367218018
3170,a,9,6,3.6807990074157715,0.12897045413028627,0.36376452445983887
3171,a,15,6,3.6543788512547812,0.214516200141888,0.49014925956726074
3172,a,5,6,3.487843672434489,0.21292242284206028,0.5891807079315186
3173,b,28,6,4.072820623715718,0.19335075936822188,0.5025501251220703
3174,b,19,6,3.709001104036967,0.3650049456805941,0.9654536247253418
3175,b,8,6,3.9824241399765015,0.29107153978691813,0.7064085006713867
3176,a,16,6,3.95994242032369,0.09625415218176311,0.24654579162597656
3177,a,5,6,3.341278354326884,0.14384870297302785,0.39587926864624023
3178,b,21,6,4.003691395123799,0.46531613499234353,1.2877559661865234
3179,a,18,6,4.030483961105347,0.1527093065487925,0.3911099433898926
3180,a,2,6,4.200409372647603,0.32601760710572353,0.7567219734191895
3181,b,16,6,4.4600231647491455,0.2601840842067576,0.678865909576416
3182,b,27,6,3.7409810622533164,0.5735940336595116,1.3691153526306152
3183,a,29,6,4.447059949239095,0.17775908780521865,0.4299039840698242
3184,b,11,6,3.437084118525187,0.4949873336237946,1.2873213291168213
3185,b,10,6,3.4862635135650635,0.5065249671180069,1.3806161880493164
3186,b,6,6,4.243077039718628,0.3856985540899221,0.9614343643188477
3187,b,36,6,4.597477674484253,0.28500396684143553,0.7006144523620605
3188,a,3,6,3.3702893257141113,0.18059151261471917,0.4333822727203369
3189,a,2,6,4.101174473762512,0.461755102565663,1.1267476081848145
3190,a,10,6,3.299065192540487,0.23678490642810723,0.5243899822235107
3191,b,24,6,3.7383817434310913,0.525268873729752,1.3845899105072021
3192,b,77,6,4.133092761039734,0.41765689368110714,1.0021400451660156
3193,b,10,6,3.584103306134542,0.38964802897387457,0.9092605113983154
3194,a,0,6,3.844886898994446,0.38732856672442917,0.9439959526062012
3195,b,8,6,3.682186007499695,0.3485005890248994,0.8905868530273438
3196,b,12,6,3.4960372845331826,0.4311950758542298,1.0143351554870605
3197,b,13,6,3.1555269161860147,0.29145751145144266,0.8111732006072998
3198,b,12,6,3.1506927808125815,0.34432949502143906,0.8314921855926514
3199,b,2,6,3.1600480874379477,0.16136704438920324,0.43296313285827637
3200,a,3,6,3.4932915369669595,0.16185954270161684,0.3824577331542969
3201,a,0,6,3.774697462717692,0.24085955712501722,0.6288795471191406
3202,b,10,6,3.5346533060073853,0.5477816048584832,1.3457536697387695
3203,b,21,6,3.941233197848002,0.31740845758076425,0.79402756690979
3204,a,2,6,3.8161629835764566,0.2247729783599421,0.551079273223877
3205,b,44,6,4.379943132400513,0.46398322807822434,1.157806396484375
3206,b,37,6,3.77986478805542,0.27073854505581274,0.6463558673858643
3207,a,5,6,3.3269023497899375,0.3192061632146889,0.7691912651062012
3208,b,7,6,3.9655966758728027,0.4499128249513913,1.191676378250122
3209,a,26,6,4.345237096150716,0.22710382252053452,0.5251827239990234
3210,b,19,6,4.020732243855794,0.34186495098125147,0.8281745910644531
3211,b,22,6,3.9646087090174356,0.44756270043683355,1.1146221160888672
3212,b,4,6,4.184722105662028,0.2684503417212456,0.6330718994140625
3213,a,11,6,3.7723745505015054,0.2076906386663745,0.47219038009643555
3214,b,54,6,4.2791738112767534,0.3880238120178153,0.9308702945709229
3215,b,16,6,3.9208690325419107,0.260966322274374,0.6580281257629395
3216,b,6,6,3.9298697312672934,0.3197270677185166,0.7760486602783203
3217,b,13,6,3.3822865088780723,0.3215442971673799,0.756572961807251
3218,b,2,6,3.2239135106404624,0.2940144264620683,0.7590599060058594
3219,b,20,6,4.148357113202413,0.3491539688706254,0.8631687164306641
3220,a,14,6,3.7516735394795737,0.2688192887999608,0.6543827056884766
3221,b,5,6,3.7042781909306846,0.3541156861823594,0.8748829364776611
3222,a,14,6,4.698646545410156,0.12841117482234377,0.33955860137939453
3223,b,13,6,3.2404592037200928,0.558075192314021,1.2595090866088867
3224,b,26,6,3.59329624970754,0.46745035109418753,1.1946702003479004
3225,b,10,6,3.40896729628245,0.23544050818293935,0.5611703395843506
3226,b,16,6,4.095420479774475,0.4090444323211729,1.0105183124542236
3227,a,8,6,3.2008325258890786,0.25267052527444034,0.583240270614624
3228,b,17,6,3.9265737533569336,0.34686841804211443,0.8402414321899414
3229,b,31,6,3.894247055053711,0.3963750826814185,1.0592467784881592
3230,b,21,6,4.057850360870361,0.36987357125106535,0.7970807552337646
3231,b,2,6,3.730393886566162,0.3944865471080292,1.0034527778625488
3232,a,2,6,3.9163782199223838,0.307367593464526,0.745140790939331
3233,b,34,6,4.254139860471089,0.4527104847806496,1.1042332649230957
3234,b,21,6,3.7531212170918784,0.2711623188476343,0.6956110000610352
3235,b,5,6,4.0133055448532104,0.46432765321220343,1.0953762531280518
3236,a,0,6,4.1153950691223145,0.22514168777601531,0.5812010765075684
3237,b,49,6,3.590960423151652,0.4717941996761092,1.159754753112793
3238,a,15,6,3.70383087793986,0.17721490694729616,0.4427952766418457
3239,a,41,6,4.621196587880452,0.2312957876068718,0.5396585464477539
3240,a,1,6,4.279226978619893,0.26748970204575895,0.6340363025665283
3241,a,16,6,4.582651456197103,0.1827160345285904,0.48207616806030273
3242,a,0,6,3.731985092163086,0.22758632082509564,0.5790326595306396
3243,b,22,6,4.023540059725444,0.2555338573764329,0.6085052490234375
3244,b,24,6,4.0424636999766035,0.3608776775093242,0.8738877773284912
3245,b,9,6,3.416418711344401,0.43778855421961266,1.0684266090393066
3246,b,15,6,3.4473664363225303,0.5908581604727564,1.4953584671020508
3247,b,29,6,4.0250786145528155,0.3535538552274883,0.9789094924926758
3248,b,36,6,3.9774452447891235,0.5017022002473408,1.1582715511322021
3249,b,16,6,3.5850135485331216,0.37355838273538566,0.9212925434112549
3250,b,62,6,4.476729154586792,0.36985069794496445,0.9180426597595215
3251,a,21,6,4.387884696324666,0.06726102527370666,0.1693105697631836
3252,b,36,6,4.009769598642985,0.36929236803176824,0.8389565944671631
3253,b,33,6,3.6864165465037027,0.34724165105304183,0.8297693729400635
3254,b,12,6,3.8580501079559326,0.425845088727021,0.9986884593963623
3255,b,20,6,3.7758569717407227,0.44636628921879895,1.0811989307403564
3256,b,15,6,3.7986642122268677,0.49129292274506564,1.1850824356079102
3257,b,14,6,3.5772335529327393,0.3184448260825292,0.8027901649475098
3258,b,12,6,4.1111377875010175,0.3805926811700611,0.9613857269287109
3259,b,9,6,4.229941646258037,0.3026864517949552,0.8038063049316406
3260,b,50,6,3.7777723471323648,0.4259889719958686,1.0646071434020996
3261,b,22,6,3.806760549545288,0.3946750068321259,0.9663512706756592
3262,b,22,6,4.248136520385742,0.29463203228543694,0.8014578819274902
3263,b,20,6,3.5330501000086465,0.435028263164169,1.0977435111999512
3264,a,9,6,3.4847174088160195,0.23798405425688957,0.633425235748291
3265,b,20,6,4.016122659047444,0.4263355820473752,1.0903971195220947
3266,b,67,6,3.9019429286321006,0.5014775873794692,1.2756788730621338
3267,b,19,6,3.813967307408651,0.41843664742878445,1.0700736045837402
3268,b,3,6,3.0696924527486167,0.31232132742973195,0.767789363861084
3269,a,12,6,4.139456431070964,0.14596223482204604,0.3398752212524414
3270,b,15,6,3.3101497491200766,0.3523478940629757,0.8904454708099365
3271,b,2,6,3.808477600415548,0.515686945512156,1.2962040901184082
3272,b,21,6,4.075074990590413,0.3840229743714876,0.9051494598388672
3273,b,40,6,4.023656924565633,0.4396281529765489,1.1215271949768066
3274,b,41,6,4.127288738886516,0.5504421460787999,1.3443913459777832
3275,a,12,6,4.363584280014038,0.2600082904877306,0.6586246490478516
3276,b,3,6,4.222123146057129,0.23511914579755153,0.6261558532714844
3277,b,2,6,3.974221666653951,0.5462657999017767,1.2952752113342285
3278,b,30,6,4.0176752010981245,0.43147125186577034,1.0997200012207031
3279,b,16,6,4.498350620269775,0.3106025039438613,0.7506060600280762
3280,b,40,6,4.583714246749878,0.30884988977242067,0.8141894340515137
3281,a,2,6,3.7495948870976767,0.3338664520467656,0.8818914890289307
3282,a,7,6,3.3088260094324746,0.23573694134530943,0.5782527923583984
3283,b,14,6,4.055593887964885,0.34712999149545154,0.8181240558624268
3284,a,8,6,3.7830750942230225,0.12095605033471743,0.3319113254547119
3285,b,44,6,4.251284241676331,0.4420626714592546,1.137206792831421
3286,a,16,6,3.636699597040812,0.21723738167899467,0.5842950344085693
3287,b,24,6,3.426517049471537,0.42682698060251223,1.023324728012085
3288,b,7,6,4.13898519674937,0.3004200889714119,0.7678282260894775
3289,b,3,6,3.1281073093414307,0.4300773227452994,1.1264636516571045
3290,b,13,6,3.4512168963750205,0.38861588813309106,0.9166007041931152
3291,b,12,6,3.638630986213684,0.41669856826730983,1.0072243213653564
3292,b,7,6,3.9592729409535727,0.3746561215695218,0.8919827938079834
3293,a,25,6,4.267375707626343,0.18767328462913066,0.4698328971862793
3294,b,47,6,4.421440442403157,0.42222078988237327,1.0281052589416504
3295,a,26,6,4.522502978642781,0.1983196809214186,0.4960622787475586
3296,a,1,6,3.077829639116923,0.18937308769753017,0.4338388442993164
3297,a,20,6,4.401794672012329,0.1452973123371635,0.4120364189147949
3298,a,21,6,4.291283011436462,0.25398782552267185,0.615058183670044
3299,b,9,6,3.6209812561670938,0.39451459214424883,0.9481790065765381
3300,b,3,6,4.09641706943512,0.434934146391316,1.053650140762329
3301,b,18,6,3.40529735883077,0.2100748681100625,0.519317626953125
3302,a,19,6,3.9887429078420005,0.16757165024699583,0.416837215423584
3303,b,10,6,3.3521189292271933,0.4652352213246572,1.1588950157165527
3304,a,6,6,4.281854152679443,0.3491054045287708,0.8987452983856201
3305,b,10,6,2.9595303535461426,0.5454758396291038,1.3314874172210693
3306,b,35,6,3.8290154933929443,0.5347288041996902,1.4164421558380127
3307,b,84,6,4.242297887802124,0.6731568540022288,1.6741962432861328
3308,b,28,6,4.043436249097188,0.4797152514696586,1.2323169708251953
3309,b,8,6,3.371683875719706,0.5017214821708603,1.1581368446350098
3310,b,6,6,3.983229915301005,0.5058992846110346,1.2565083503723145
3311,b,3,6,3.5184681018193564,0.4817509533412622,1.2024669647216797
3312,b,20,6,3.303261319796244,0.35021712151203094,0.8728358745574951
3313,b,8,6,4.255459308624268,0.19518294326962501,0.4673948287963867
3314,b,9,6,3.7763870557149253,0.1230290482988811,0.2902212142944336
3315,b,15,6,4.007081826527913,0.43104596459136274,1.1426451206207275
3316,b,21,6,4.120694518089294,0.38694353292015754,1.0532007217407227
3317,b,9,6,3.164801994959513,0.37549635979571677,0.8768014907836914
3318,b,65,6,4.0736798842748,0.5249092547979161,1.2401678562164307
3319,b,44,6,3.852300008138021,0.49022651930661987,1.274437665939331
3320,b,12,6,3.9151941537857056,0.3334305036864501,0.8608195781707764
3321,b,1,6,3.394628922144572,0.30719679376362935,0.7615635395050049
3322,b,9,6,3.9492028951644897,0.26798558448981735,0.6755454540252686
3323,b,9,6,3.1502530574798584,0.430697545605697,1.0301434993743896
3324,b,13,6,4.2209004163742065,0.2989295187013595,0.751441478729248
3325,a,11,6,3.60593310991923,0.0928527318309081,0.23771238327026367
3326,b,12,6,3.8235579331715903,0.3239928418827004,0.8378667831420898
3327,b,6,6,3.37008806069692,0.35039961178729695,0.8447329998016357
3328,b,35,6,4.132823665936788,0.45189847761598084,1.1034846305847168
3329,b,10,6,3.9577401081720986,0.4306045095244307,1.1001689434051514
3330,b,15,6,3.6788537899653115,0.3242585248388096,0.8344976902008057
3331,a,19,6,4.562865654627482,0.236123516663114,0.5372128486633301
3332,b,26,6,4.077796220779419,0.5182885567860093,1.3749139308929443
3333,a,8,6,3.793014129002889,0.17250954696401233,0.39857959747314453
3334,b,24,6,4.1682034730911255,0.3839237472766399,0.930656909942627
3335,b,7,6,4.3272188901901245,0.35021948524371393,0.907306432723999
3336,b,9,6,3.781691789627075,0.36629002922866905,0.9362194538116455
3337,b,16,6,3.444581667582194,0.21284914820834316,0.547992467880249
3338,b,18,6,3.4184905290603638,0.29707062923424216,0.7286393642425537
3339,b,17,6,4.27530566851298,0.31674093641997436,0.855116605758667
3340,a,8,6,4.105068167050679,0.1792376704577093,0.4199187755584717
3341,b,14,6,3.390552202860514,0.1910055440549809,0.4704420566558838
3342,a,16,6,4.882990121841431,0.21567978431674298,0.49175596237182617
3343,a,0,6,4.133067448933919,0.22366207193503473,0.5494480133056641
3344,b,7,6,3.909041961034139,0.3737153080900772,0.9135000705718994
3345,b,11,6,4.050577759742737,0.45353524748674895,1.1127979755401611
3346,b,28,6,4.099671483039856,0.3967058782264759,1.0544662475585938
3347,a,6,6,3.2565544048945108,0.22720467616123885,0.5657553672790527
3348,b,37,6,4.309543291727702,0.36236565547243055,0.8967478275299072
3349,b,8,6,3.972991387049357,0.39306784045996546,1.0404090881347656
3350,b,1,6,3.530687928199768,0.30385360832390157,0.7655477523803711
3351,a,22,6,3.9856688578923545,0.23250724009608062,0.6099395751953125
3352,a,6,6,4.133812387784322,0.15483149769429536,0.38947081565856934
3353,b,5,6,4.357440153757731,0.38864164908129717,0.9518122673034668
3354,b,23,6,4.102190415064494,0.31784379591740436,0.8475675582885742
3355,b,9,6,4.014291246732076,0.30720185914593656,0.7578945159912109
3356,a,2,6,3.7875537077585855,0.37069442888039206,0.9162054061889648
3357,b,20,6,4.063301126162211,0.3090916425146977,0.7707362174987793
3358,b,32,6,4.547905325889587,0.4847008788434346,1.2604496479034424
3359,b,22,6,3.486215114593506,0.3424798926718606,0.8192276954650879
3360,b,25,6,4.086474736531575,0.2815445650935007,0.740997314453125
3361,b,1,6,3.127376675605774,0.3592851421358601,0.8486981391906738
3362,a,28,6,4.1488332351048784,0.2816408340860363,0.6905064582824707
3363,b,12,6,3.5981064637502036,0.2751144191610839,0.745166540145874
3364,b,49,6,3.6484264135360718,0.5438554972560122,1.2773196697235107
3365,b,13,6,3.873198707898458,0.3783131684945852,0.9790782928466797
3366,b,25,6,3.6670731703440347,0.5309663919245028,1.3688247203826904
3367,b,30,6,3.912864406903585,0.4544790097136609,1.0596468448638916
3368,b,38,6,4.078223903973897,0.33269938924892395,0.8921055793762207
3369,b,26,6,4.295721610387166,0.5340581192663093,1.3745622634887695
3370,b,19,6,3.771437128384908,0.31251734166340456,0.8274006843566895
3371,a,20,6,3.8819017012914023,0.2199131552885786,0.5489256381988525
3372,b,13,6,3.9702254136403403,0.33759304449734295,0.8809216022491455
3373,b,19,6,3.2076969544092813,0.27298922803979114,0.7782690525054932
3374,b,9,6,3.217353026072184,0.33052733613091384,0.8493633270263672
3375,a,29,6,4.573913176854451,0.21376354216381027,0.5709376335144043
3376,b,10,6,4.153469522794087,0.514607178528014,1.2816188335418701
3377,b,3,6,3.8897809584935508,0.5479772190033659,1.402923345565796
3378,b,20,6,3.635252078374227,0.379299710446364,0.9036691188812256
3379,b,14,6,3.4159956773122153,0.6365748734028229,1.6310606002807617
3380,a,26,6,4.246063470840454,0.1416150168578232,0.3599104881286621
3381,b,34,6,3.890617291132609,0.316062957023166,0.8277525901794434
3382,b,7,6,3.530836741129557,0.3811803430709402,0.9504683017730713
3383,b,9,6,3.647645195325216,0.33562925660423426,0.7763509750366211
3384,b,35,6,3.9999519983927407,0.4886927629531264,1.2367186546325684
3385,b,45,6,4.283407886823018,0.23547816286694614,0.625260591506958
3386,a,16,6,4.0202707052230835,0.2154473132648106,0.5246982574462891
3387,b,9,6,3.76456085840861,0.3229397012770135,0.9062604904174805
3388,b,28,6,3.922070622444153,0.47680521446193086,1.1805760860443115
3389,b,9,6,4.283387502034505,0.3406358510675676,0.8569850921630859
3390,b,15,6,3.3959233363469443,0.40614424818874145,1.057229995727539
3391,b,5,6,3.2067344188690186,0.2192694356182654,0.5503981113433838
3392,b,23,6,4.129412531852722,0.42542299878746054,1.0387365818023682
3393,b,41,6,4.390714208285014,0.48494498423938986,1.2946999073028564
3394,b,38,6,4.448922395706177,0.4089752242797812,1.0819034576416016
3395,a,11,6,4.099321643511455,0.11400718985832459,0.32524609565734863
3396,b,39,6,4.0052525997161865,0.3519077166513187,0.9856910705566406
3397,b,23,6,4.208184878031413,0.35052273203990125,0.971153974533081
3398,b,22,6,3.929157535235087,0.3017056288380971,0.7681112289428711
3399,b,1,6,3.9126100540161133,0.4322249909662366,1.1045737266540527
3400,a,30,6,4.407428026199341,0.1689764985731496,0.46466732025146484
3401,b,5,6,3.6037789583206177,0.2935395657359724,0.6904933452606201
3402,a,9,6,3.41607658068339,0.27433250049540003,0.6413700580596924
3403,b,28,6,3.698061227798462,0.46271876183312305,1.1363584995269775
3404,b,25,6,4.251676122347514,0.28322101603654226,0.7205777168273926
3405,a,12,6,3.9039878845214844,0.1579069427327878,0.39199185371398926
3406,b,5,6,2.9547274112701416,0.5934346145356658,1.4677402973175049
3407,a,19,6,4.013581196467082,0.15133267081019533,0.3855586051940918
3408,b,47,6,3.985563079516093,0.33315017660003726,0.8042933940887451
3409,b,5,6,3.58172078927358,0.554566663810487,1.3724567890167236
3410,b,9,6,2.99404505888621,0.38566541414911265,0.9955878257751465
3411,b,0,6,4.4096299807230634,0.37270190588673485,0.850250244140625
3412,b,15,6,3.8098204930623374,0.5563176031979222,1.3472614288330078
3413,b,11,6,4.238720933596293,0.3395065087717339,0.9164435863494873
3414,b,18,6,4.185428778330485,0.3373557268929775,0.9299137592315674
3415,b,10,6,3.8335015773773193,0.38073821091663584,0.9376273155212402
3416,b,26,6,4.1617705424626665,0.3558699037316412,0.946434736251831
3417,b,7,6,3.6104101737340293,0.33957453281157574,0.8508195877075195
3418,b,12,6,3.865676442782084,0.3042417224297984,0.7368574142456055
3419,b,23,6,4.0947093566258745,0.421533958667869,1.0706706047058105
3420,b,1,6,3.9149683316548667,0.3333459682703126,0.9406163692474365
3421,b,33,6,3.625062942504883,0.34441989132425527,0.8249733448028564
3422,b,6,6,3.916272004445394,0.37462055059619737,0.8981547355651855
3423,b,15,6,3.899003187815348,0.28668316807945116,0.6789333820343018
3424,a,17,6,3.7939193646113076,0.16549619784001193,0.376434326171875
3425,b,18,6,4.095100522041321,0.46582039714547824,1.28963041305542
3426,b,32,6,4.446466247240703,0.43382162879151875,1.1013822555541992
3427,b,15,6,4.35469404856364,0.32595015468682376,0.8413195610046387
3428,b,47,6,3.8092683951059976,0.32400947889503895,0.8596577644348145
3429,b,7,6,3.4126175244649253,0.4657169318609772,1.233710765838623
3430,a,12,6,3.826586365699768,0.1490339323892171,0.3609480857849121
3431,b,14,6,4.071419914563497,0.4699976092281546,1.226022481918335
3432,a,11,6,3.6584644317626953,0.16836417890276553,0.40427327156066895
3433,b,5,6,4.220818400382996,0.5004731850269687,1.238783359527588
3434,b,23,6,3.5564454793930054,0.36068659506232154,0.8717308044433594
3435,b,13,6,3.9105393489201865,0.3895702186693957,0.9827942848205566
3436,b,30,6,4.073264877001445,0.3135998831343822,0.7815873622894287
3437,b,19,6,3.199457844098409,0.28223441276897127,0.6872038841247559
3438,b,12,6,3.381261428197225,0.41419411685993607,1.0485649108886719
3439,a,14,6,3.8830685218175254,0.13495119860232063,0.32494640350341797
3440,b,16,6,3.951952894528707,0.5310006884974566,1.3123416900634766
3441,b,13,6,4.400437196095784,0.4339017153000055,1.0505213737487793
3442,b,24,6,4.324493130048116,0.31828585259170183,0.8342468738555908
3443,b,12,6,3.3076372543970742,0.458669481259985,1.149871587753296
3444,a,6,6,3.4985230366388955,0.17826063335111367,0.4266011714935303
3445,b,26,6,3.514703392982483,0.5731903578227571,1.4060075283050537
3446,b,14,6,3.6825989484786987,0.36951094398379036,0.9873359203338623
3447,b,19,6,4.040322780609131,0.32032325195049904,0.7762846946716309
3448,b,18,6,3.701643466949463,0.32612504814614285,0.8080198764801025
3449,b,10,6,3.543654203414917,0.4628702421932799,1.1676819324493408
3450,b,12,6,3.5194323857625327,0.30645583306724067,0.7564563751220703
3451,b,17,6,4.6394970417022705,0.378580383461793,0.9548654556274414
3452,a,22,6,4.425890207290649,0.18770688564665625,0.4940800666809082
3453,a,2,6,3.489153504371643,0.24028237266070918,0.5833737850189209
3454,b,5,6,4.193258007367452,0.28966299532936285,0.7210366725921631
3455,b,22,6,4.244699875513713,0.41815546911723595,1.0129077434539795
3456,b,33,6,3.995676875114441,0.37978801946441026,0.9272332191467285
3457,b,31,6,4.173781673113505,0.36590382964865287,0.9159665107727051
3458,b,15,6,3.429761528968811,0.38721505677595924,0.9544804096221924
3459,b,24,6,3.749258875846863,0.35586086765732367,0.9149999618530273
3460,b,35,6,4.002820412317912,0.48587155733500437,1.3006420135498047
3461,a,4,6,4.223880132039388,0.15688086487416292,0.3596310615539551
3462,b,15,6,4.0696301857630415,0.373805384855949,1.0032925605773926
3463,a,19,6,4.200023333231608,0.15056387880141936,0.36962318420410156
3464,b,13,6,3.1349645058314004,0.4454729459065806,1.0848939418792725
3465,a,1,6,3.824220339457194,0.0980401108690228,0.2423839569091797
3466,b,25,6,3.9534942309061685,0.42986606072655664,1.1191511154174805
3467,b,17,6,4.092359145482381,0.20444304091468382,0.514378547668457
3468,b,48,6,4.416126251220703,0.5750141174781686,1.3563897609710693
3469,a,22,6,4.159209330876668,0.19146313383501493,0.46268510818481445
3470,a,2,6,4.078437527020772,0.31789938571929116,0.7273824214935303
3471,b,0,6,3.5985345045725503,0.20862660892635038,0.5110971927642822
3472,b,20,6,4.1272852420806885,0.3161780316319773,0.7957098484039307
3473,b,22,6,4.106596191724141,0.36591325939352487,0.9146592617034912
3474,b,15,6,3.9837424755096436,0.48381934075982586,1.3556818962097168
3475,b,17,6,3.6222116152445474,0.48603425717587856,1.2219440937042236
3476,b,12,6,3.453528086344401,0.41417013953590787,1.0919649600982666
3477,b,3,6,3.8639822006225586,0.347684082494092,0.9145843982696533
3478,b,30,6,3.92596169312795,0.4867542901526711,1.349107265472412
3479,b,16,6,3.798875411351522,0.3796764078368044,0.9146218299865723
3480,b,23,6,4.299685915311177,0.31000565209477576,0.7573120594024658
3481,b,18,6,3.7320350408554077,0.33410448767745277,1.050494909286499
3482,a,9,6,3.7481531699498496,0.2809714499185236,0.6790480613708496
3483,b,14,6,3.730449159940084,0.44294494543400564,1.1760673522949219
3484,b,15,6,3.636589010556539,0.4811498731946367,1.1482875347137451
3485,a,16,6,3.9091816345850625,0.06406827038833916,0.17745637893676758
3486,a,13,6,4.2956414222717285,0.17264772092347908,0.4503316879272461
3487,b,21,6,3.3586925268173218,0.3263197607327377,0.9934155941009521
3488,b,26,6,4.031384547551473,0.46631191096148156,1.151625156402588
3489,b,19,6,3.468088467915853,0.4505036779978044,1.206266164779663
3490,b,6,6,4.00360369682312,0.4115677886226927,0.9805252552032471
3491,b,22,6,3.811346650123596,0.30691127459890877,0.7008285522460938
3492,b,21,6,4.399901946385701,0.33257619480922174,0.9038000106811523
3493,a,13,6,3.9825361172358194,0.3564754956188957,0.8434374332427979
3494,b,1,6,3.3090548117955527,0.34875630886737957,0.8332939147949219
3495,a,2,6,3.489470958709717,0.194532064600107,0.4624805450439453
3496,b,16,6,3.607900102933248,0.2540649019970283,0.677191972732544
3497,b,20,6,3.908254702885946,0.3237124681902678,0.8361096382141113
3498,b,17,6,4.109100143114726,0.5148888401856904,1.2504074573516846
3499,b,42,6,4.285752773284912,0.3218673244220405,0.8696818351745605
3500,a,3,6,3.8090447584788003,0.2860477220016827,0.6951394081115723
3501,b,19,6,3.6880668799082437,0.5057062205985101,1.3334944248199463
3502,b,13,6,3.4037717978159585,0.30438097384933616,0.7488594055175781
3503,b,10,6,3.757517178853353,0.367623852079722,0.8898813724517822
3504,a,2,6,4.779498100280762,0.24336320429294528,0.5666494369506836
3505,b,21,6,3.5411218404769897,0.3587821415913025,0.8895261287689209
3506,b,16,6,3.6074944734573364,0.3541755991092224,0.8541989326477051
3507,b,15,6,3.4359904130299888,0.3424757398637471,0.8349533081054688
3508,b,13,6,3.41102135181427,0.329224799216154,0.8608999252319336
3509,b,12,6,3.9737884600957236,0.2897381685779347,0.7847504615783691
3510,b,17,6,3.771694223086039,0.45968406869372014,1.1721572875976562
3511,b,16,6,4.072951515515645,0.46346572803885727,1.1807317733764648
3512,a,2,6,3.7604127327601113,0.43704596449222577,1.1082699298858643
3513,a,23,6,4.088599721590678,0.14824477545065687,0.38076066970825195
3514,b,11,6,3.831217368443807,0.535807597760959,1.4427030086517334
3515,a,11,6,3.5321115255355835,0.19619370070424524,0.5192036628723145
3516,a,6,6,3.244879166285197,0.19243399076757814,0.4556612968444824
3517,b,29,6,3.862646460533142,0.5651107831051451,1.3973910808563232
3518,b,9,6,3.6456061601638794,0.3356792637739045,0.807300329208374
3519,b,31,6,4.1140464544296265,0.44486032238139667,1.0964913368225098
3520,b,14,6,3.110590855280558,0.38861859548529865,0.9551808834075928
3521,b,15,6,3.9261431296666465,0.3667692748771284,0.9428219795227051
3522,b,24,6,3.7352036237716675,0.3454486050328223,0.8438653945922852
3523,b,16,6,3.834473133087158,0.20862225919203414,0.5081946849822998
3524,a,18,6,3.828639268875122,0.20304427278065867,0.5613217353820801
3525,b,23,6,4.054067015647888,0.3601711558671148,0.9533376693725586
3526,b,15,6,4.375613768895467,0.476629176976677,1.209195852279663
3527,b,14,6,3.8802392880121865,0.25600131547659977,0.6590087413787842
3528,b,50,6,4.01245899995168,0.5000585971633005,1.3839576244354248
3529,b,14,6,3.4740070899327598,0.3429917359251857,0.8774538040161133
3530,b,31,6,4.085115551948547,0.34312949803642,0.8333580493927002
3531,b,21,6,3.8796618779500327,0.4340291518809232,1.1058683395385742
3532,a,2,6,3.8920748233795166,0.5067343393897339,1.205113172531128
3533,b,8,6,3.2150447765986123,0.37906820318062107,0.929945707321167
3534,a,24,6,4.200572967529297,0.11521428988831128,0.27372169494628906
3535,b,5,6,3.453768769900004,0.40642866162451197,0.9980878829956055
3536,a,11,6,4.1756724913914995,0.14584255398044463,0.4066145420074463
3537,b,15,6,3.9911417961120605,0.2861638852182783,0.7184371948242188
3538,b,9,6,4.251826922098796,0.3844835299565884,0.9393024444580078
3539,b,36,6,4.038922031720479,0.34180451923855054,0.9009971618652344
3540,b,9,6,3.805508255958557,0.3375626252927312,0.9404325485229492
3541,b,38,6,4.273480415344238,0.25464792781497647,0.619415283203125
3542,b,43,6,3.9843848943710327,0.4299290196095721,1.0719614028930664
3543,b,5,6,3.6615883906682334,0.2007320824984173,0.4900474548339844
3544,b,13,6,3.7271066506703696,0.41676261881225474,0.9823706150054932
3545,a,33,6,4.641249656677246,0.06959966504352863,0.19875860214233398
3546,b,23,6,3.473681886990865,0.4590923697380264,1.148658275604248
3547,b,20,6,3.870500922203064,0.3235615402663004,0.8181393146514893
3548,a,5,6,4.130980173746745,0.31228002969637014,0.6909055709838867
3549,b,14,6,4.2041237354278564,0.36958888102528714,1.0223100185394287
3550,a,13,6,3.7316213846206665,0.23595015878757902,0.5612897872924805
3551,b,13,6,3.6592540740966797,0.377586641633846,0.9368689060211182
3552,b,7,6,4.067367434501648,0.6052226904133464,1.4807038307189941
3553,b,46,6,3.8423720598220825,0.466701648405416,1.1641724109649658
3554,a,14,6,4.116681098937988,0.2730792138914489,0.6526055335998535
3555,b,24,6,4.135082443555196,0.3884170776694111,0.9504702091217041
3556,a,6,6,4.6243471304575605,0.278624625094301,0.7082490921020508
3557,b,20,6,4.428980231285095,0.559528990207509,1.354539155960083
3558,b,11,6,3.2249974409739175,0.3792328920861311,0.9570446014404297
3559,a,16,6,4.430587689081828,0.25590169737780366,0.640474796295166
3560,b,12,6,3.929657538731893,0.3356912876190375,0.8508241176605225
3561,b,20,6,3.766268769900004,0.4139682575816247,1.0272324085235596
3562,b,9,6,4.0624847412109375,0.43583236905444167,1.0765292644500732
3563,b,22,6,3.6081507205963135,0.4998796994103792,1.3823754787445068
3564,b,13,6,3.5537128845850625,0.35116595376697163,0.9167215824127197
3565,a,3,6,3.4835086663564048,0.1493809917645288,0.39680957794189453
3566,b,20,6,4.008492588996887,0.28175823897772434,0.6783854961395264
3567,b,41,6,4.215825915336609,0.5724478939523909,1.5176639556884766
3568,b,14,6,3.775708874066671,0.39910635501513647,0.9482402801513672
3569,a,19,6,4.476231733957927,0.17493594635577256,0.4212918281555176
3570,b,3,6,3.6285683314005532,0.3986537832010714,0.9788823127746582
3571,b,36,6,4.3015806674957275,0.4329823420136727,1.098128080368042
3572,b,17,6,4.448207139968872,0.5507063799290878,1.3630681037902832
3573,b,16,6,3.545672575632731,0.4077946653138764,1.1134474277496338
3574,b,48,6,4.392564614613851,0.4143789993933559,1.052731990814209
3575,a,14,6,3.9689775705337524,0.2202630757847439,0.5031418800354004
3576,a,1,6,3.6730873187383017,0.09861860619574556,0.2379443645477295
3577,b,8,6,4.2561938762664795,0.4832032036898591,1.162743330001831
3578,a,20,6,4.519087394078572,0.1194967777658231,0.2979879379272461
3579,a,29,6,4.516373475392659,0.1996943879617049,0.49802589416503906
3580,a,9,6,3.685658613840739,0.2663701693609407,0.677487850189209
3581,b,12,6,3.2841964960098267,0.3703014315951622,0.8694179058074951
3582,a,9,6,3.245691736539205,0.08591205763695174,0.22108983993530273
3583,b,11,6,4.191010077794393,0.38002315489962196,0.8972024917602539
3584,b,3,6,4.036905447642009,0.3687011807027262,0.9713082313537598
3585,a,10,6,3.79857603708903,0.317979028060367,0.8087174892425537
3586,b,10,6,3.8282763560613,0.4742085779235591,1.1980445384979248
3587,a,17,6,4.435670932133992,0.2730535014096867,0.6637072563171387
3588,b,6,6,3.9288046757380166,0.15039891938408279,0.3832099437713623
3589,a,0,6,4.170466860135396,0.3283536292293513,0.8436775207519531
3590,b,14,6,3.8022282918294272,0.2999232064627402,0.7942800521850586
3591,a,37,6,4.795286814371745,0.2135257858192094,0.5678267478942871
3592,b,11,6,4.023180921872457,0.5772721348787719,1.4494335651397705
3593,b,0,6,3.1138013203938804,0.3659711104055689,0.8977212905883789
3594,b,5,6,4.247002204259236,0.25075994286789394,0.6766533851623535
3595,a,18,6,4.035126606623332,0.10271956669935395,0.26483702659606934
3596,b,25,6,4.2677297194798784,0.4831715264186193,1.2497527599334717
3597,b,27,6,3.8686040242513022,0.4968381760253802,1.224938154220581
3598,a,14,6,3.8203712701797485,0.13507622090688126,0.31793737411499023
3599,a,15,6,3.6117059787114463,0.23932463376082028,0.5931026935577393
3600,a,20,6,3.8474889198939004,0.29817364520237155,0.6792087554931641
3601,b,34,6,3.9502519369125366,0.27775929979978436,0.6681613922119141
3602,b,16,6,3.249573508898417,0.3634684320490845,0.9467823505401611
3603,b,58,6,4.358513196309407,0.3965705306704461,1.0569288730621338
3604,b,38,6,4.289607524871826,0.4838026599655149,1.2004461288452148
3605,b,11,6,3.8049315214157104,0.31171380572605994,0.7919397354125977
3606,b,31,6,3.7669119834899902,0.3874640848302565,1.0531485080718994
3607,b,47,6,4.157565514246623,0.3394654222353766,0.8180892467498779
3608,a,11,6,4.235747734705607,0.22678451888188716,0.5623912811279297
3609,b,2,6,4.168366114298503,0.3394577810885697,0.8209953308105469
3610,a,5,6,3.893808444341024,0.2203046424445149,0.5258197784423828
3611,b,47,6,4.223113457361857,0.35964080251440805,0.8956019878387451
3612,b,21,6,3.6545095443725586,0.30148637753717367,0.7471277713775635
3613,b,32,6,4.067033251126607,0.4826165629179612,1.2619481086730957
3614,a,9,6,3.3598697980244956,0.17718797660367877,0.4490242004394531
3615,b,23,6,4.084459026654561,0.5602284357854463,1.3752319812774658
3616,b,23,6,3.951862653096517,0.3528097657644141,0.9095633029937744
3617,b,11,6,3.7732075850168862,0.4986991976325678,1.2193191051483154
3618,b,30,6,4.237024466196696,0.2992494809171422,0.7434289455413818
3619,b,24,6,4.02086345354716,0.4575770954254592,1.2130606174468994
3620,b,3,6,4.106149077415466,0.5098732531789893,1.3703575134277344
3621,b,12,6,3.034936269124349,0.4367386692774566,1.096872329711914
3622,b,30,6,4.415098547935486,0.3030450774906236,0.8261997699737549
3623,b,41,6,3.926421562830607,0.6393539112398399,1.5512769222259521
3624,a,10,6,3.52336049079895,0.19037812957735822,0.5119020938873291
3625,b,9,6,4.164609670639038,0.4054765334188759,1.1496844291687012
3626,b,30,6,4.205590923627217,0.2573346260319233,0.6892211437225342
3627,b,30,6,3.8374436299006143,0.44275840750718254,1.0886471271514893
3628,b,6,6,4.17201042175293,0.3906415717616456,1.1054179668426514
3629,b,12,6,4.312482436498006,0.21946891281893935,0.6031322479248047
3630,b,3,6,4.362159252166748,0.47868234756830913,1.213665246963501
3631,a,15,6,3.7946638266245523,0.024243625908416538,0.06399154663085938
3632,a,16,6,3.987395087877909,0.18099852551172432,0.473344087600708
3633,b,11,6,3.995086193084717,0.6654697282829102,1.5413818359375
3634,b,11,6,3.9258877833684287,0.42481517878286684,1.1750364303588867
3635,b,2,6,3.323842485745748,0.40895310911988014,1.0647566318511963
3636,b,2,6,3.616995334625244,0.3235042305989539,0.7455594539642334
3637,b,4,6,3.386505683263143,0.3969433747139078,0.9139771461486816
3638,b,32,6,4.266103307406108,0.49296799986996365,1.2093181610107422
3639,b,28,6,3.636871059735616,0.3729596935629247,0.9825913906097412
3640,b,18,6,4.406611998875936,0.2352219947037107,0.5322341918945312
3641,b,44,6,4.204923748970032,0.2768794691214868,0.698631763458252
3642,b,11,6,3.3309854666392007,0.403051392499329,1.091627597808838
3643,a,9,6,3.7644612391789756,0.17506201980043132,0.45777106285095215
3644,b,28,6,4.018958568572998,0.39553276552384425,0.9549572467803955
3645,b,13,6,3.4110032320022583,0.36485639608211534,0.9689831733703613
3646,b,29,6,4.248336315155029,0.31301742529773946,0.8110320568084717
3647,a,0,6,3.900690714518229,0.2249646957410688,0.5700855255126953
3648,a,0,6,3.712024211883545,0.20686938031171093,0.4993400573730469
3649,b,13,6,4.908927917480469,0.334688422954818,0.8582372665405273
3650,b,9,6,3.5421900351842246,0.31656376264157193,0.803441047668457
3651,b,16,6,3.4096742471059165,0.4465782849447596,1.1154263019561768
3652,b,41,6,4.294380744298299,0.35278038084510444,0.9506053924560547
3653,b,6,6,3.9959113200505576,0.41046912509582995,1.0250964164733887
3654,a,22,6,4.34024961789449,0.13693802986358233,0.33063459396362305
3655,b,4,6,4.153333783149719,0.4065954650947879,1.0120553970336914
3656,b,3,6,4.515662590662639,0.29629043031314084,0.7017841339111328
3657,a,15,6,3.586509108543396,0.303476230578832,0.7015554904937744
3658,a,7,6,4.093896150588989,0.20232133671049438,0.474132776260376
3659,b,9,6,3.89176336924235,0.4302727325307638,1.1355559825897217
3660,a,32,6,4.616768042246501,0.20588098661950957,0.5434255599975586
3661,b,25,6,4.179387331008911,0.4150063221523923,1.1286942958831787
3662,b,31,6,3.941329757372538,0.5353570999819167,1.2968273162841797
3663,b,16,6,3.603922486305237,0.2605606217509183,0.637092113494873
3664,b,23,6,3.9498369296391806,0.41424350514669495,1.036841630935669
3665,b,29,6,4.074216326077779,0.4779785273287474,1.1930789947509766
3666,b,20,6,4.2951025168101,0.277753042145338,0.6953892707824707
3667,a,23,6,4.227311213811238,0.24171910115095807,0.5832173824310303
3668,b,14,6,3.9134172598520913,0.47519178161096426,1.170531988143921
3669,b,11,6,3.7718743085861206,0.4287334326388199,1.057135820388794
3670,b,1,6,3.3110238313674927,0.23563018906148392,0.6401817798614502
3671,a,35,6,4.69059173266093,0.08660586169800333,0.25473546981811523
3672,b,43,6,3.9184728860855103,0.427852348981365,1.0554234981536865
3673,a,20,6,4.006826361020406,0.09847642932839233,0.27733802795410156
3674,b,4,6,3.8802133401234946,0.433365735582362,1.1081972122192383
3675,a,2,6,3.907088796297709,0.4541278047874447,1.151547908782959
3676,b,52,6,4.364920775095622,0.22910383113388122,0.6087231636047363
3677,b,28,6,4.096921284993489,0.293423030578603,0.7040209770202637
3678,b,25,6,4.298153400421143,0.2413144587294509,0.6145434379577637
3679,b,9,6,3.0770670970280967,0.3136983058073383,0.8476064205169678
3680,b,42,6,4.17126480738322,0.25228333316951573,0.6458175182342529
3681,b,5,6,4.074970602989197,0.46880096471676036,1.2383854389190674
3682,b,27,6,3.6807772318522134,0.25846709120400563,0.6202330589294434
3683,b,32,6,4.031053026517232,0.30157463510843463,0.7458856105804443
3684,b,29,6,4.001353184382121,0.25279328432029013,0.6776776313781738
3685,a,2,6,4.126744667689006,0.400199384962384,0.9055981636047363
3686,b,19,6,4.342292070388794,0.3584984576756455,0.8677949905395508
3687,b,6,6,3.198173920313517,0.5285954390324381,1.3420350551605225
3688,b,22,6,4.293957789738973,0.2234050278921233,0.5927705764770508
3689,b,9,6,3.40644903977712,0.2967145359867917,0.7741591930389404
3690,b,30,6,4.539832353591919,0.3714707902743153,0.954831600189209
3691,b,18,6,4.278270443280538,0.4127254312998941,1.023864507675171
3692,b,17,6,4.085765719413757,0.48119401620399255,1.2197160720825195
3693,b,38,6,4.344754934310913,0.3405113104048619,0.8288707733154297
3694,b,20,6,3.5527165730794272,0.3243040538985551,0.7734544277191162
3695,a,16,6,3.93632964293162,0.18673708138037345,0.5135841369628906
3696,b,23,6,3.70523738861084,0.5795113628307137,1.5778229236602783
3697,b,23,6,3.0061931212743125,0.384010473458544,0.9374465942382812
3698,b,21,6,3.3159876664479575,0.42336037952853284,1.0835585594177246
3699,b,29,6,4.328921000162761,0.31189140679030086,0.7426638603210449
3700,b,17,6,4.240984916687012,0.43708083669545017,1.0822131633758545
3701,b,18,6,3.9609712759653726,0.3577274374458999,0.874321460723877
3702,b,19,6,4.262166341145833,0.425670570555445,1.1433038711547852
3703,b,9,6,4.072388847668965,0.431612056515769,1.1635627746582031
3704,b,5,6,4.310550371805827,0.4045349360866176,0.9810278415679932
3705,a,6,6,4.169433037439982,0.26734222911456124,0.6247062683105469
3706,b,26,6,4.104636947313945,0.3397919507134703,0.8847978115081787
3707,b,5,6,3.129236340522766,0.37070756847830094,0.9383172988891602
3708,b,4,6,3.28503688176473,0.38224553004940826,1.0629572868347168
3709,b,23,6,3.890873392422994,0.5125268355269662,1.2533211708068848
3710,b,10,6,4.035947839419047,0.4220956942585414,1.1080906391143799
3711,a,8,6,4.152064959208171,0.05271801343560297,0.1466078758239746
3712,b,14,6,3.6707707246144614,0.40748550630547237,1.0486700534820557
3713,b,46,6,4.006928364435832,0.30926688894444904,0.932363748550415
3714,b,23,6,3.3638723293940225,0.4701375152850251,1.1565625667572021
3715,b,0,6,3.7255396445592246,0.35249348959081994,0.8867220878601074
3716,a,1,6,3.9146742820739746,0.10981603296176742,0.2898125648498535
3717,b,8,6,4.156713088353475,0.23803463516022907,0.5974628925323486
3718,b,10,6,3.065281629562378,0.7851997014659748,1.9585587978363037
3719,b,1,6,3.076942563056946,0.4498166044962609,1.0071589946746826
3720,b,45,6,4.011917948722839,0.28344604050319383,0.6655609607696533
3721,b,5,6,3.9316000938415527,0.18898345614988568,0.48862671852111816
3722,a,12,6,3.614260276158651,0.21202307292362368,0.5753626823425293
3723,b,24,6,3.5243187745412192,0.2683879293805421,0.5920777320861816
3724,b,5,6,3.9994657039642334,0.43329461863147795,1.11568284034729
3725,b,9,6,3.7642017205556235,0.32261009222732634,0.7699050903320312
3726,b,29,6,3.9003305037816367,0.5322769959363869,1.2934956550598145
3727,a,43,6,4.744719823201497,0.23427789370677846,0.5633516311645508
3728,b,26,6,3.915743668874105,0.333200750563395,0.8056449890136719
3729,b,18,6,3.935730497042338,0.4882135307683629,1.3306829929351807
3730,b,2,6,4.20753546555837,0.4190462030210688,1.033947467803955
3731,a,28,6,4.415964841842651,0.17076111618073553,0.40899181365966797
3732,a,24,6,3.9956407149632773,0.3094657399913497,0.709484338760376
3733,b,13,6,4.149720589319865,0.42222820066339123,1.1085469722747803
3734,b,17,6,4.0122443834940595,0.3980941608697248,1.118149995803833
3735,b,23,6,3.859989325205485,0.49001691531969127,1.2403342723846436
3736,b,10,6,3.4545310735702515,0.3498034102749645,0.8743987083435059
3737,b,38,6,4.3707122802734375,0.33691058986546835,0.8640737533569336
3738,a,20,6,4.208773692448934,0.12137609503469775,0.2872614860534668
3739,b,27,6,4.067230065663655,0.44186679526736145,1.111069679260254
3740,b,11,6,3.5791391928990683,0.4862372831010872,1.2674810886383057
3741,b,33,6,3.6554372708002725,0.43504767739823746,1.0160131454467773
3742,b,12,6,3.389257868131002,0.2691923528978212,0.6621842384338379
3743,a,0,6,3.676646629969279,0.46172555206342447,1.1113181114196777
3744,b,17,6,4.122443914413452,0.46327656866674655,1.1591358184814453
3745,a,5,6,3.988044261932373,0.05153495428106462,0.15247154235839844
3746,b,7,6,2.816738486289978,0.29339906611577043,0.7208404541015625
3747,a,14,6,4.042252103487651,0.2581713405937001,0.5921714305877686
3748,a,33,6,4.442969799041748,0.22641273591972394,0.5539669990539551
3749,b,6,6,3.4635436137517295,0.36689161778648044,0.9763636589050293
3750,b,70,6,4.216205517450969,0.6031190979094172,1.4021549224853516
3751,b,25,6,3.7726951837539673,0.4934942707612847,1.1747934818267822
3752,a,5,6,3.1676820516586304,0.23632452391780867,0.5945887565612793
3753,a,16,6,4.057681878407796,0.2531413283972016,0.601473331451416
3754,b,23,6,4.171128988265991,0.30723468520445785,0.7669281959533691
3755,b,22,6,4.053117394447327,0.29511801625469164,0.7431058883666992
3756,b,15,6,3.4591381549835205,0.27290030906144586,0.6504597663879395
3757,b,32,6,3.4741565386454263,0.6202019936168712,1.5909178256988525
3758,b,24,6,3.7855618397394815,0.2768095766753119,0.683539867401123
3759,b,28,6,4.017407576243083,0.39226168644820236,0.9781327247619629
3760,b,39,6,3.3006842136383057,0.58276763922241,1.5451407432556152
3761,b,8,6,3.878713011741638,0.6046580045035581,1.644949197769165
3762,b,14,6,3.882124940554301,0.3960000008223635,1.0084426403045654
3763,a,12,6,4.547794659932454,0.26860027120588403,0.6781387329101562
3764,b,36,6,3.658261299133301,0.49443708307089623,1.3460018634796143
3765,a,7,6,3.755856990814209,0.3367907943535661,0.8268013000488281
3766,b,3,6,3.005898873011271,0.31899403046284663,0.7667577266693115
3767,b,11,6,3.6942869822184243,0.25806682307026874,0.6520333290100098
3768,b,2,6,3.856969714164734,0.20517473416789356,0.5412538051605225
3769,b,2,6,4.409390449523926,0.4373901041407935,1.1494688987731934
3770,b,8,6,2.6516982316970825,0.5465985850758223,1.3796522617340088
3771,a,36,6,4.601708809534709,0.22244703930701523,0.5554394721984863
3772,b,45,6,4.467645168304443,0.31012077850211534,0.7993135452270508
3773,a,20,6,4.278953154881795,0.19549668477382884,0.5201587677001953
3774,b,1,6,3.202122171719869,0.33723056482521097,0.8448970317840576
3775,b,22,6,4.104257225990295,0.37364116016612353,0.9873323440551758
3776,b,55,6,4.4893107414245605,0.25716884934537565,0.6633052825927734
3777,b,37,6,3.8151676257451377,0.2265327506809983,0.6916289329528809
3778,b,42,6,4.10263975461324,0.5075787365058587,1.270874261856079
3779,b,17,6,3.796160022417704,0.4158971179448309,1.148942470550537
3780,b,13,6,4.055484771728516,0.276783538458603,0.715817928314209
3781,b,25,6,3.754310727119446,0.5456971018341457,1.4010441303253174
3782,b,15,6,3.9959530035654702,0.4407328438034391,1.0720102787017822
3783,b,24,6,3.9174695014953613,0.39534093625930505,0.9375467300415039
3784,a,2,6,3.887841542561849,0.3331273845659507,0.8344004154205322
3785,b,25,6,3.3616249163945517,0.4809798270086186,1.1160309314727783
3786,b,2,6,3.625266989072164,0.41851632904970504,1.113800048828125
3787,b,19,6,4.351049900054932,0.2725210150333067,0.7082614898681641
3788,b,1,6,3.9802427291870117,0.40908614250055664,1.1350071430206299
3789,b,3,6,4.016720334688823,0.414063662913721,1.1266307830810547
3790,b,9,6,4.0380460023880005,0.41994333050220667,1.053184986114502
3791,a,2,6,3.0059773127237954,0.2010117869155421,0.5228679180145264
3792,b,31,6,3.9753828048706055,0.30983313541185886,0.7951958179473877
3793,b,34,6,3.9918320973714194,0.466151388936974,1.1870005130767822
3794,a,13,6,3.703770716985067,0.15787258194734485,0.3997476100921631
3795,b,12,6,3.780946890513102,0.27599869212582057,0.6880295276641846
3796,a,8,6,4.400189717610677,0.13150812953647795,0.3306441307067871
3797,b,5,6,3.5147696336110434,0.3605851543131587,0.908916711807251
3798,b,12,6,3.2928906281789145,0.260655425792456,0.7543518543243408
3799,a,6,6,4.063677628835042,0.24378858923431165,0.5921647548675537
3800,a,15,6,4.206332445144653,0.23379802559255589,0.6681537628173828
3801,b,31,6,3.6981754302978516,0.4592108123325374,1.1582527160644531
3802,b,35,6,3.9546157121658325,0.41798191713982696,1.0502328872680664
3803,a,12,6,3.8230212132136026,0.05671385122700502,0.16458463668823242
3804,b,13,6,4.02048397064209,0.5461735017123835,1.3747608661651611
3805,b,9,6,3.5619515577952066,0.347230753204639,0.8774359226226807
3806,b,15,6,3.88846492767334,0.46263238336883145,1.146953821182251
3807,a,7,6,4.017524162928264,0.12466886591638954,0.3316762447357178
3808,a,20,6,3.8802968660990396,0.26192950959164835,0.6098496913909912
3809,a,11,6,4.10154660542806,0.17092589581980017,0.462860107421875
3810,b,20,6,3.975215713183085,0.366033668025532,0.9762129783630371
3811,b,36,6,4.189615885416667,0.35736706057906853,0.9044322967529297
3812,b,13,6,4.431110660235087,0.34474936533028283,0.8986771106719971
3813,b,12,6,3.740642031033834,0.4910356445506794,1.3144612312316895
3814,a,35,6,4.507182280222575,0.2476989972391894,0.5741915702819824
3815,b,0,6,3.1910876433054605,0.3168590914491458,0.8795289993286133
3816,b,2,6,3.4938228130340576,0.40041557423867596,1.07537841796875
3817,a,1,6,4.0865592161814375,0.2614095007435855,0.6075212955474854
3818,b,47,6,4.185313542683919,0.3162585195055107,0.8365161418914795
3819,b,16,6,3.828768571217855,0.2395689618832838,0.6168324947357178
3820,b,3,6,4.181931138038635,0.47533072804273363,1.1655786037445068
3821,b,16,6,4.291892806688945,0.32900965520334274,0.8591325283050537
3822,b,30,6,3.8663562536239624,0.5258005576112313,1.3221402168273926
3823,b,20,6,3.4867451588312783,0.5671201635508377,1.4313738346099854
3824,b,8,6,3.1376744906107583,0.34589000292838074,0.8490650653839111
3825,b,21,6,4.014522552490234,0.368109909166004,0.9314484596252441
3826,b,30,6,4.057550231615703,0.28604703970221124,0.6833438873291016
3827,b,4,6,4.284051934878032,0.3298782423334236,0.8749918937683105
3828,b,17,6,3.9326587518056235,0.2640680700270336,0.697624921798706
3829,b,27,6,4.056251009305318,0.4575099890106512,1.2203214168548584
3830,a,0,6,3.5910714070002236,0.26079405203121375,0.6439568996429443
3831,b,46,6,4.320803125699361,0.3599354166430114,0.8689188957214355
3832,b,30,6,3.8153592348098755,0.5257773322093378,1.3631250858306885
3833,a,2,6,4.259637872378032,0.30049286869575925,0.7031192779541016
3834,b,27,6,3.959778348604838,0.28319687552428896,0.6651303768157959
3835,b,13,6,3.9795066118240356,0.3575849021974958,0.9211127758026123
3836,a,7,6,3.88950522740682,0.22921642671260176,0.5873715877532959
3837,b,24,6,3.465441584587097,0.421752128624896,1.002842664718628
3838,b,61,6,4.28170112768809,0.3664116650169876,0.8822822570800781
3839,b,38,6,4.077019055684407,0.47531568387358425,1.1600978374481201
3840,a,20,6,4.198233246803284,0.3312423306352689,0.7668411731719971
3841,a,12,6,3.691878875096639,0.23949480473384813,0.5676093101501465
3842,b,40,6,4.117286046346028,0.5202183380428508,1.2478880882263184
3843,b,20,6,3.8578497568766275,0.392430107866051,1.0506908893585205
3844,b,29,6,4.181358853975932,0.42090379427229807,1.0781238079071045
3845,b,11,6,3.360886891682943,0.4360965048872014,1.0834369659423828
3846,b,34,6,3.832096219062805,0.5839478204921448,1.3944995403289795
3847,b,1,6,3.1251333951950073,0.36767288078698673,0.9363455772399902
3848,b,9,6,3.240714987119039,0.44444483641803617,1.0895543098449707
3849,b,29,6,3.994645078976949,0.42404185573530784,0.9975974559783936
3850,b,10,6,3.541683316230774,0.63534204753585,1.6805095672607422
3851,b,8,6,3.818394144376119,0.3113459915168643,0.9034874439239502
3852,b,34,6,4.130767583847046,0.45380559888272265,1.1532468795776367
3853,b,25,6,4.5137245655059814,0.355051556645069,0.8221917152404785
3854,b,65,6,4.406075199445088,0.4018070168072704,0.9444286823272705
3855,a,15,6,3.9534120559692383,0.0948625985813592,0.22049212455749512
3856,b,13,6,4.347238183021545,0.2840009714632584,0.7846300601959229
3857,a,8,6,3.805942177772522,0.16830901402843834,0.3831048011779785
3858,b,10,6,4.003861467043559,0.4242318510470202,1.0384254455566406
3859,b,6,6,3.19097908337911,0.36581553449354626,1.0350756645202637
3860,b,41,6,4.579382419586182,0.39339869293036206,0.9884114265441895
3861,b,22,6,3.2720070679982505,0.6177711112732283,1.4318418502807617
3862,b,33,6,4.178483366966248,0.4295763716976452,1.0382168292999268
3863,a,19,6,4.070964455604553,0.1518603042610132,0.37226343154907227
3864,b,6,6,3.7616384426752725,0.29081984711986947,0.7075133323669434
3865,b,15,6,4.288800438245137,0.4191676466374092,1.1109697818756104
3866,a,11,6,4.155758857727051,0.32689002942076384,0.8138151168823242
3867,b,43,6,4.032797654469808,0.4479727204746819,1.0534732341766357
3868,a,1,6,4.0010082721710205,0.16212795521311762,0.4008450508117676
3869,b,16,6,3.24690842628479,0.4144966247070164,1.2801671028137207
3870,a,22,6,4.209009091059367,0.23427186544995016,0.5269670486450195
3871,b,28,6,3.652038852373759,0.37258084160606225,0.9277970790863037
3872,a,15,6,4.260264317194621,0.2907694538313944,0.7471990585327148
3873,b,37,6,4.1951061089833575,0.34039491359241275,0.8693265914916992
3874,a,7,6,3.1912250916163125,0.23724620985622003,0.5955169200897217
3875,a,14,6,4.54673965771993,0.15029471292150726,0.37596988677978516
3876,b,20,6,3.3767398595809937,0.38040488721734794,0.850111722946167
3877,b,9,6,2.9846728245417276,0.5618632393359853,1.3470561504364014
3878,b,4,6,3.7385111649831138,0.4011780474179221,1.0300507545471191
3879,b,10,6,4.251200596491496,0.3657851782399739,0.8535976409912109
3880,b,8,6,4.105703711509705,0.32692846531985875,0.8092091083526611
3881,b,11,6,3.853250503540039,0.2563533967933621,0.6526331901550293
3882,a,20,6,4.147468487421672,0.2606997877750389,0.646090030670166
3883,b,36,6,4.090808391571045,0.45901395508752985,1.139394998550415
3884,b,20,6,3.6550877491633096,0.5322603868573429,1.3440215587615967
3885,a,12,6,4.099857568740845,0.16720695925790485,0.43625497817993164
3886,b,12,6,3.556909521420797,0.28013246365347555,0.6803252696990967
3887,a,6,6,3.95255708694458,0.13171373891415245,0.30857014656066895
3888,b,60,6,4.46838132540385,0.35533235686959785,0.8636670112609863
3889,b,13,6,3.600652575492859,0.43979752197280586,1.102806806564331
3890,b,30,6,4.148882945378621,0.5165084400882484,1.2026245594024658
3891,b,9,6,3.45336643854777,0.3000396851866704,0.7824034690856934
3892,b,3,6,4.341555714607239,0.43836986560800417,1.0646755695343018
3893,a,6,6,3.6350769996643066,0.22198383853798104,0.5798633098602295
3894,a,0,6,3.982393821080526,0.2898104380417851,0.7006092071533203
3895,b,16,6,3.7152419884999595,0.37898052674061095,0.9482302665710449
3896,b,16,6,3.4638314644495645,0.269173127608477,0.6446390151977539
3897,b,18,6,3.234373172124227,0.4953699637309889,1.174971580505371
3898,a,0,6,3.6602140267690024,0.19008790812272278,0.4705822467803955
3899,b,7,6,3.152571757634481,0.4420198252170701,1.1021065711975098
3900,b,50,6,4.11810580889384,0.3411042481237708,0.8275299072265625
3901,b,16,6,4.21311370531718,0.47711114186367065,1.1588857173919678
3902,a,29,6,4.400724728902181,0.23221002642395133,0.5972304344177246
3903,a,11,6,3.763607939084371,0.1514001830263388,0.3631737232208252
3904,a,1,6,4.091863671938579,0.13310258151843904,0.3175323009490967
3905,b,9,6,4.335437695185344,0.3285302555520538,0.8944864273071289
3906,b,36,6,3.945606748263041,0.534784899850774,1.3819069862365723
3907,a,2,6,4.105374614397685,0.1772177946160705,0.45671772956848145
3908,b,18,6,3.814744750658671,0.2892071341538161,0.7814455032348633
3909,b,14,6,4.008913437525432,0.444929317909875,1.1371374130249023
3910,b,15,6,3.7994637886683145,0.4293133056417415,0.9956047534942627
3911,b,22,6,4.20483402411143,0.3705136136586966,0.9700212478637695
3912,b,26,6,4.3261212905248,0.5680765863378849,1.413501501083374
3913,b,13,6,3.8847922484079995,0.36602827757843864,0.9361815452575684
3914,a,8,6,3.8473735650380454,0.2504319112162463,0.6528360843658447
3915,b,21,6,3.557588577270508,0.43954416606984303,1.0560519695281982
3916,b,19,6,3.672701040903727,0.6064224617888319,1.563361644744873
3917,b,28,6,4.160350402196248,0.3598418120436165,0.8732483386993408
3918,b,53,6,4.32210644086202,0.3862694166182723,0.982978105545044
3919,b,28,6,3.662761410077413,0.37163068878503497,0.9011032581329346
3920,b,29,6,4.109032948811849,0.5194763882386184,1.4501829147338867
3921,b,52,6,3.761642416318258,0.5472197229341503,1.380004644393921
3922,a,19,6,4.46597949663798,0.07136410775266658,0.2092576026916504
3923,b,15,6,4.096474846204122,0.27792607724771645,0.7135887145996094
3924,b,26,6,3.635116378466288,0.4145622508749985,1.0406715869903564
3925,b,31,6,4.44011664390564,0.42949834531412096,1.0565896034240723
3926,a,12,6,3.7578233083089194,0.23294686819006885,0.6167058944702148
3927,b,17,6,4.471742391586304,0.30876799593364795,0.7820653915405273
3928,b,29,6,4.114588340123494,0.41222254538351477,1.0322978496551514
3929,b,41,6,4.22436801592509,0.45633155983498486,1.2307467460632324
3930,a,14,6,4.01930038134257,0.27505151986739557,0.6974644660949707
3931,b,8,6,3.465776562690735,0.3198182539943307,0.7476985454559326
3932,b,9,6,3.4432900746663413,0.24715482050115217,0.6345670223236084
3933,a,12,6,4.440473159154256,0.21289951014556663,0.48516321182250977
3934,a,0,6,3.6589243014653525,0.19898148807788474,0.5303637981414795
3935,a,2,6,3.8412318229675293,0.3008038549678883,0.7120487689971924
3936,a,0,6,3.1393757263819375,0.30571480910152105,0.6904096603393555
3937,a,0,6,3.7395918369293213,0.14840566233791178,0.38769984245300293
3938,b,29,6,4.182699521382649,0.3806499945900819,1.0199308395385742
3939,a,7,6,3.606925288836161,0.23295925041153268,0.580481767654419
3940,b,5,6,3.144597808519999,0.44796428577513575,1.0947353839874268
3941,b,13,6,3.7769965728123984,0.33640417832031966,0.8465902805328369
3942,a,29,6,4.579766035079956,0.08090582725411173,0.21976470947265625
3943,b,17,6,3.9689204692840576,0.469984368412822,1.1410584449768066
3944,b,13,6,4.028025110562642,0.3292142595320893,0.9183433055877686
3945,a,6,6,3.4709052244822183,0.2837330556880328,0.6560671329498291
3946,b,24,6,4.038391550381978,0.4665282734450041,1.1231839656829834
3947,b,30,6,3.5200477043787637,0.3141085057578049,0.8542368412017822
3948,b,14,6,4.011629541714986,0.3390144134726399,0.821582555770874
3949,b,35,6,4.381065646807353,0.3902151204029817,1.0426013469696045
3950,b,7,6,4.268108407656352,0.4647620502250178,1.2098824977874756
3951,a,17,6,3.6590996980667114,0.31392312828291435,0.758857011795044
3952,a,32,6,4.479498068491618,0.17223516658746482,0.41712236404418945
3953,a,0,6,3.483240524927775,0.22776019719279683,0.5885252952575684
3954,b,22,6,3.7107372681299844,0.5810086189727345,1.372694730758667
3955,b,18,6,3.8663574854532876,0.4018267380382895,1.0184712409973145
3956,b,31,6,3.839839537938436,0.36307514752311,0.9136970043182373
3957,b,13,6,4.113538424173991,0.4096944928666419,0.9750204086303711
3958,a,17,6,4.161770264307658,0.26083624084764295,0.6321010589599609
3959,a,2,6,3.11064879099528,0.43504407913601806,1.0582704544067383
3960,b,30,6,3.903988242149353,0.300515310796183,0.7943286895751953
3961,b,15,6,3.6386895179748535,0.43706423835067915,1.1479120254516602
3962,b,30,6,3.9999413092931113,0.4116452764241587,0.9812686443328857
3963,b,5,6,3.465525190035502,0.6013677280544082,1.433868646621704
3964,b,12,6,3.046705961227417,0.632266662665687,1.6147983074188232
3965,b,20,6,3.6493386030197144,0.5205103851041252,1.379525899887085
3966,b,54,6,4.478228569030762,0.2846999747353748,0.7076311111450195
3967,a,4,6,3.591776410738627,0.25499318571799523,0.6576111316680908
3968,a,5,6,3.329304893811544,0.31097181058662354,0.7015886306762695
3969,a,1,6,4.342970848083496,0.2536752787100039,0.6803507804870605
3970,b,2,6,3.5702046553293862,0.3050172208496083,0.8035538196563721
3971,b,13,6,4.099684198697408,0.46660402811467533,1.2071735858917236
3972,b,8,6,3.398972471555074,0.40741745080977,1.0752549171447754
3973,a,4,6,3.8454984029134116,0.1263446381576654,0.32225537300109863
3974,b,10,6,4.501282453536987,0.2829473990289738,0.7239341735839844
3975,b,20,6,3.544991890589396,0.5557802928538563,1.5106797218322754
3976,b,21,6,3.9046020905176797,0.45674692154972824,1.1832771301269531
3977,b,58,6,4.3871660232543945,0.3298802181717003,0.8551592826843262
3978,b,9,6,3.4316781759262085,0.3479186557757178,0.8652646541595459
3979,b,18,6,4.108693440755208,0.3560333262134666,0.9415836334228516
3980,b,21,6,3.953978498776754,0.2915159776875809,0.7092692852020264
3981,a,1,6,4.080087343851726,0.2255257797895461,0.5463924407958984
3982,b,6,6,3.0773165225982666,0.22706259439009274,0.5219879150390625
3983,b,5,6,3.28281033039093,0.40599871517645375,1.0126194953918457
3984,a,1,6,3.463446855545044,0.11449759410164276,0.2713778018951416
3985,b,25,6,3.8212267557779946,0.3272550505280011,0.8760461807250977
3986,b,5,6,3.450257658958435,0.3665926144459835,0.8928577899932861
3987,b,23,6,4.312713543574016,0.32948961323274034,0.8384678363800049
3988,b,12,6,4.1610107421875,0.26365888809973265,0.7671103477478027
3989,a,6,6,3.230825583140055,0.11131677813062174,0.2887399196624756
3990,b,43,6,4.1384808619817095,0.4094383412766337,1.0186643600463867
3991,b,31,6,3.9809056917826333,0.4315939973135068,1.1098463535308838
3992,a,20,6,4.512196222941081,0.16072308492589513,0.35265493392944336
3993,b,53,6,4.236130714416504,0.4775664051873873,1.2525300979614258
3994,b,15,6,4.402449766794841,0.340919795177227,0.9146785736083984
3995,b,22,6,3.9239443937937417,0.39553860372391436,1.0175745487213135
3996,b,56,6,3.945799231529236,0.6452626211142177,1.5671541690826416
3997,b,29,6,3.936750888824463,0.4359107831214468,1.1654539108276367
3998,a,12,6,3.651820103327433,0.17368010992869495,0.4137911796569824
3999,b,22,6,3.955678105354309,0.540249718293268,1.412703037261963
4000,a,9,6,3.888473471005758,0.24153555821588274,0.6372551918029785
4001,b,21,6,4.14729372660319,0.44833252079942226,1.0885140895843506
4002,b,7,6,3.3008357286453247,0.27022911417170226,0.6963956356048584
4003,b,23,6,4.5809257825215655,0.24270133082492346,0.5745081901550293
4004,a,32,6,4.458488941192627,0.26096600403317977,0.6728682518005371
4005,b,8,6,3.719614624977112,0.4539013960037621,1.2367215156555176
4006,a,8,6,4.349971214930217,0.27656248942883316,0.6418733596801758
4007,b,21,6,4.1117680470148725,0.3910283951199519,0.9456944465637207
4008,a,13,6,3.844646612803141,0.23533913296804373,0.5603766441345215
4009,b,17,6,3.709421674410502,0.5869363635150374,1.694777011871338
4010,b,30,6,4.441418806711833,0.3937664043512474,0.9955840110778809
4011,a,27,6,4.550012667973836,0.23442306178845163,0.6607060432434082
4012,b,17,6,4.335391124089559,0.383424167627206,0.9965968132019043
4013,a,26,6,4.24897825717926,0.2755874115268082,0.631648063659668
4014,b,6,6,3.405437390009562,0.4754487359286023,1.2511987686157227
4015,a,0,6,3.8095284700393677,0.20638310088949519,0.5599448680877686
4016,b,13,6,4.097323338190715,0.4578186155556467,1.136465311050415
4017,b,10,6,3.7560007572174072,0.3813314146642109,0.9207215309143066
4018,b,21,6,4.011077920595805,0.3077865873262162,0.7473363876342773
4019,b,8,6,3.3193147579828897,0.3953904544667244,0.9627013206481934
4020,b,23,6,3.8157560427983603,0.540309849738153,1.3569188117980957
4021,a,15,6,4.441321690877278,0.23404752396484302,0.5832653045654297
4022,b,12,6,4.155867576599121,0.3937037324279268,0.9756016731262207
4023,b,2,6,2.837987542152405,0.45726671553397236,1.2402160167694092
4024,b,11,6,4.164993524551392,0.22732780647591264,0.5773324966430664
4025,b,20,6,3.983688791592916,0.163542405172343,0.39104247093200684
4026,b,10,6,4.127110282580058,0.20650320194288904,0.48838043212890625
4027,b,37,6,4.080735921859741,0.5175939509143128,1.222853422164917
4028,b,10,6,3.28453000386556,0.2548622876800822,0.6637065410614014
4029,b,49,6,4.115453600883484,0.4075787683873677,1.0660464763641357
4030,b,12,6,4.014715711275737,0.22788906240863685,0.527930498123169
4031,b,18,6,3.51681387424469,0.3833741708516622,0.9456205368041992
4032,b,23,6,3.7366109689076743,0.5467594767575377,1.3747942447662354
4033,b,2,6,3.4981708923975625,0.2844844875915968,0.705561637878418
4034,b,26,6,3.366438309351603,0.4216257348913244,1.0112190246582031
4035,a,2,6,3.731768012046814,0.1483043867751578,0.3608529567718506
4036,b,28,6,3.956364631652832,0.29309817099124247,0.7178530693054199
4037,b,11,6,3.4900153080622354,0.42501782582097075,1.0719170570373535
4038,b,9,6,3.3573668003082275,0.29310215068149964,0.7762808799743652
4039,b,47,6,4.296949982643127,0.45392734513953714,1.112398624420166
4040,b,19,6,4.27595321337382,0.4617033840994731,1.2409000396728516
4041,b,30,6,3.8644403219223022,0.4072386781884078,1.0824384689331055
4042,b,2,6,3.34612246354421,0.2801407523264808,0.6892650127410889
4043,b,16,6,3.8552008867263794,0.33510280818327437,0.7999067306518555
4044,b,9,6,4.33007554213206,0.34676319142212425,0.8655352592468262
4045,b,11,6,4.246535301208496,0.36928930411509625,0.9117157459259033
4046,b,20,6,3.4236690600713096,0.3535908460040114,0.8737931251525879
4047,b,17,6,3.753704826037089,0.47055314258441516,1.3570196628570557
4048,b,15,6,3.7325852314631143,0.3395211400538781,0.873507022857666
4049,b,0,6,3.0057559808095298,0.25927623430619895,0.6626067161560059
4050,b,16,6,3.262091875076294,0.38971060927168233,0.9759166240692139
4051,b,29,6,4.060836513837178,0.35371858461924627,0.8451840877532959
4052,b,20,6,3.8572262128194175,0.40548696034300835,1.1416237354278564
4053,b,10,6,3.558102528254191,0.234125696730904,0.6120479106903076
4054,b,26,6,4.0324768622716265,0.3144693472414127,0.798090934753418
4055,b,8,6,3.3886954387029014,0.2738560907474508,0.6950113773345947
4056,a,34,6,4.3224122524261475,0.31980515754799804,0.8096780776977539
4057,a,2,6,3.6734636624654136,0.24994126163756838,0.5700147151947021
4058,b,28,6,3.4522973696390786,0.5452757086601786,1.3730356693267822
4059,b,23,6,3.9040666421254477,0.4785126802379855,1.2170376777648926
4060,b,12,6,3.511008342107137,0.5809289704616484,1.5535356998443604
4061,a,8,6,3.8086140553156533,0.14251844713952236,0.32145166397094727
4062,b,39,6,4.219445149103801,0.29181749373227567,0.7239153385162354
4063,a,6,6,3.635317802429199,0.1002486275058287,0.2613067626953125
4064,b,54,6,4.363049348195394,0.4109917444311039,1.006554126739502
4065,b,9,6,3.2157687743504844,0.7282810101453787,1.7848763465881348
4066,a,35,6,4.476824601491292,0.2108045690273886,0.5035395622253418
4067,b,9,6,3.330880959828695,0.32793714121360074,0.8003814220428467
4068,a,14,6,3.8207494815190635,0.20055598179617493,0.48033881187438965
4069,b,6,6,3.50648566087087,0.3609139151615407,0.9485681056976318
4070,b,9,6,3.179982384045919,0.38837735377602217,0.9855568408966064
4071,b,8,6,3.56777024269104,0.38512949046269174,0.9715728759765625
4072,b,29,6,3.6653335094451904,0.2905630086536884,0.7673473358154297
4073,b,32,6,3.8707175254821777,0.49584269535417064,1.1596577167510986
4074,b,0,6,3.0411572456359863,0.3905164378347159,0.9132905006408691
4075,b,58,6,5.0409665902455645,0.27316657257359694,0.6514596939086914
4076,b,24,6,3.962017218271891,0.49355711674116837,1.1695623397827148
4077,a,15,6,3.971804658571879,0.3956400010626656,0.890531063079834
4078,a,5,6,3.852866768836975,0.1463164831928269,0.36897850036621094
4079,b,29,6,4.307437300682068,0.39926452242763527,1.0483458042144775
4080,b,8,6,3.281200925509135,0.2939740794866786,0.7051761150360107
4081,b,21,6,3.9546528657277427,0.3804630424830373,1.0444254875183105
4082,b,18,6,3.892662525177002,0.3175744392784155,0.8225574493408203
4083,b,8,6,4.452555179595947,0.3109868120501959,0.8772692680358887
4084,b,8,6,4.2543312311172485,0.3801635697391249,1.034062147140503
4085,a,16,6,4.634679079055786,0.18806023167504482,0.5045928955078125
4086,a,15,6,4.190865159034729,0.2001695257969225,0.48728513717651367
4087,b,11,6,3.3708603779474893,0.2837835197316314,0.7083840370178223
4088,a,0,6,3.417749603589376,0.22513440301998666,0.5614044666290283
4089,a,0,6,3.6759543418884277,0.12969187798680606,0.36328816413879395
4090,b,22,6,3.5069905122121177,0.4607100699160427,1.1639034748077393
4091,b,1,6,3.2602797746658325,0.2085929792175385,0.5075480937957764
4092,a,12,6,3.873279849688212,0.2920004353835739,0.6994738578796387
4093,b,16,6,4.196544210116069,0.3775160721438874,0.9724984169006348
4094,b,3,6,4.05077846844991,0.37235682989033086,0.9075226783752441
4095,a,0,6,4.140081246693929,0.2593701972703757,0.7355077266693115
4096,b,7,6,4.234088778495789,0.3318598545896333,0.9027485847473145
4097,b,21,6,4.332552909851074,0.3473496236113969,0.8150954246520996
4098,b,21,6,4.048138936360677,0.43628461942947483,1.1940171718597412
4099,b,3,6,3.9390234549840293,0.45753813090815,1.158440351486206
4100,b,20,6,3.889717698097229,0.5735438748574173,1.4137156009674072
4101,b,15,6,3.163599371910095,0.4810772412541666,1.282395839691162
4102,b,17,6,3.358153144518534,0.40145694288754996,0.9831240177154541
4103,b,14,6,4.057264884312947,0.508434295258031,1.1849980354309082
4104,b,20,6,3.791448394457499,0.3391767640273464,0.8742256164550781
4105,a,8,6,3.6978630224863687,0.22801190279462066,0.5883293151855469
4106,b,31,6,4.110255002975464,0.4251043307228254,1.1791291236877441
4107,b,11,6,3.634350339571635,0.4988995190744344,1.2250828742980957
4108,b,8,6,4.113520820935567,0.36233071757735696,0.8356812000274658
4109,b,27,6,3.773984432220459,0.5202238634253712,1.3088927268981934
4110,b,22,6,3.697532574335734,0.2671376694606218,0.6778547763824463
4111,b,25,6,3.949136217435201,0.3696342403295817,0.9312334060668945
4112,b,55,6,4.187967975934346,0.5479676157690808,1.34804105758667
4113,b,27,6,3.75702965259552,0.4675821944103436,1.2116961479187012
4114,a,0,6,3.86943527062734,0.24161618354700645,0.6963109970092773
4115,b,36,6,4.121717890103658,0.27897443508373004,0.6624925136566162
4116,a,8,6,4.094479521115621,0.10855897015005876,0.2710719108581543
4117,b,30,6,3.5490591128667197,0.5218628796197476,1.3429560661315918
4118,a,15,6,3.672204613685608,0.23918305830009573,0.5459609031677246
4119,a,28,6,4.367270231246948,0.1758865535998571,0.4532127380371094
4120,b,17,6,3.30302095413208,0.2988828609849746,0.7102315425872803
4121,a,0,6,2.936608592669169,0.37961241089254366,0.9212958812713623
4122,b,3,6,3.458353281021118,0.21541915510323642,0.5282483100891113
4123,b,16,6,3.4401187896728516,0.47145896604958115,1.1128928661346436
4124,b,11,6,3.4702662229537964,0.385906555534144,0.9667966365814209
4125,b,5,6,3.3985706170399985,0.36465090863169203,0.8514459133148193
4126,b,6,6,3.255274693171183,0.44414806675648777,1.0325241088867188
4127,a,22,6,4.3089033762613935,0.24998141476472577,0.5841517448425293
4128,b,9,6,4.12942902247111,0.51036899113952,1.380979299545288
4129,b,7,6,3.7152759234110513,0.291453341174824,0.7250149250030518
4130,b,23,6,4.051060318946838,0.6410699546471939,1.4771099090576172
4131,b,11,6,4.4429698785146075,0.3366279434229053,0.8379817008972168
4132,b,29,6,4.297163009643555,0.4920448971371123,1.366513729095459
4133,b,26,6,3.5480840603510537,0.384221064677486,0.9236314296722412
4134,b,10,6,3.730692982673645,0.14858651365562767,0.39522385597229004
4135,b,11,6,3.84065842628479,0.47018361779980694,1.1159019470214844
4136,a,2,6,4.0532892147699995,0.37042537966959854,0.8940868377685547
4137,b,18,6,3.3140455881754556,0.40045360419406684,0.9500174522399902
4138,a,10,6,3.478219429651896,0.350313082373594,0.8000707626342773
4139,a,2,6,4.006684303283691,0.3816723148697696,0.8884186744689941
4140,b,19,6,3.6240779161453247,0.2134582047666699,0.49113035202026367
4141,b,5,6,3.5028987725575766,0.4057326797996811,1.0136423110961914
4142,b,83,6,4.761203130086263,0.3699865478360999,0.9371628761291504
4143,b,13,6,3.740817586580912,0.6729625830740767,1.75083589553833
4144,a,0,6,3.391863783200582,0.11818369572666741,0.34503984451293945
4145,b,12,6,3.501213312149048,0.3740688677933585,0.8755912780761719
4146,b,40,6,4.162881096204122,0.46063261293829166,1.2111549377441406
4147,b,3,6,3.9038306872049966,0.32232290726085644,0.8836750984191895
4148,b,9,6,4.265327334403992,0.3153811580315276,0.8932936191558838
4149,a,18,6,4.047800898551941,0.27459738135510564,0.694251537322998
4150,b,35,6,4.172190546989441,0.41817964113632766,1.0930228233337402
4151,b,14,6,3.0895829598108926,0.3384820866238582,0.8947157859802246
4152,b,10,6,3.6932246685028076,0.4192189083892752,1.0598983764648438
4153,b,21,6,3.9924799601236978,0.43758888207848934,1.248809814453125
4154,b,19,6,3.478549083073934,0.30966397515757565,0.8607256412506104
4155,a,23,6,4.417028745015462,0.1279656481666692,0.33327341079711914
4156,b,14,6,3.7504214445749917,0.23785254609237041,0.613023042678833
4157,a,10,6,3.2695303757985434,0.1759856701674779,0.40740132331848145
4158,b,32,6,4.015853524208069,0.37777355331693363,0.9411864280700684
4159,b,41,6,4.1136863231658936,0.32853051066886974,0.8956384658813477
4160,b,34,6,4.0475573142369585,0.3944157066896103,1.0911328792572021
4161,b,46,6,4.282993237177531,0.5036333772628006,1.2368931770324707
4162,b,56,6,4.261562784512837,0.38609300655688455,0.9156279563903809
4163,a,2,6,4.381855487823486,0.4388285909453247,0.9995043277740479
4164,a,1,6,3.6931055784225464,0.15680802899990062,0.39758801460266113
4165,b,3,6,3.8460002740224204,0.3957892458159059,0.9328346252441406
4166,b,5,6,3.407798926035563,0.36435392502411046,0.8538055419921875
4167,b,29,6,3.694409211476644,0.36116208887085627,0.8417556285858154
4168,b,13,6,3.27239990234375,0.4983722118605479,1.1870887279510498
4169,a,10,6,3.8036615451176963,0.056287041066401894,0.16259527206420898
4170,b,35,6,4.117678840955098,0.4826507734544782,1.2282018661499023
4171,b,39,6,4.041435321172078,0.27401163112565896,0.6709997653961182
4172,a,19,6,4.226817846298218,0.1890302842291654,0.45012617111206055
4173,b,42,6,3.746545751889547,0.33749095965875864,0.794654369354248
4174,a,5,6,3.628803292910258,0.2267227558271389,0.5504145622253418
4175,b,12,6,3.7908010880152383,0.6445247580122977,1.9138164520263672
4176,a,34,6,4.518024841944377,0.2522263797911548,0.6269664764404297
4177,b,2,6,3.487651069959005,0.4958991303341029,1.17893648147583
4178,b,44,6,4.023384968439738,0.5598528984364775,1.3842508792877197
4179,b,5,6,4.04998517036438,0.4130490625270042,1.0971779823303223
4180,b,28,6,4.313848813374837,0.35095825388701873,1.007309913635254
4181,a,0,6,3.4873103300730386,0.2547022823300144,0.61008620262146
4182,a,1,6,3.2175660928090415,0.283044996185261,0.7403731346130371
4183,b,10,6,3.258476495742798,0.36983397954346553,0.8948836326599121
4184,b,23,6,4.234391093254089,0.34622209093096257,0.8741378784179688
4185,b,60,6,4.316920638084412,0.5919210001769579,1.4441547393798828
4186,b,3,6,3.872649153073629,0.1924392509499096,0.4581277370452881
4187,b,10,6,3.7894280354181924,0.35063353410739223,0.9981064796447754
4188,b,13,6,3.8116076787312827,0.5334479831063833,1.3851714134216309
4189,b,1,6,3.3888761599858603,0.15344119582576746,0.3451709747314453
4190,b,15,6,3.8222204049428306,0.49204475214733684,1.0921645164489746
4191,b,19,6,4.154472788174947,0.3454639880161631,0.8952252864837646
4192,b,20,6,3.564805547396342,0.5431139876288613,1.4096565246582031
4193,b,27,6,3.7694645722707114,0.2380337843773007,0.5953364372253418
4194,b,34,6,3.9841124216715493,0.34426388161272986,0.8729038238525391
4195,b,4,6,4.218987544377645,0.36248220952134885,0.978172779083252
4196,a,23,6,4.27957816918691,0.2807634741143403,0.7811629772186279
4197,b,40,6,4.250923275947571,0.37101021384622423,0.8623647689819336
4198,b,9,6,3.8029975493748984,0.2612761981894477,0.6705231666564941
4199,b,5,6,3.0978204806645713,0.28113588389662714,0.7046833038330078
4200,b,38,6,3.994224468866984,0.24996673557341334,0.5845682621002197
4201,b,13,6,3.7720245917638144,0.47379836040098505,1.1606545448303223
4202,b,11,6,3.284530679384867,0.34981374575938534,0.8780043125152588
4203,a,1,6,3.9740538199742637,0.20418851739484228,0.49259233474731445
4204,b,26,6,3.961652994155884,0.49772349206757277,1.2611594200134277
4205,b,68,6,4.617340962092082,0.4958404269698823,1.261789321899414
4206,b,18,6,4.050536592801412,0.3513949354954076,0.8836109638214111
4207,b,11,6,4.099269429842631,0.3490806778505316,0.9073665142059326
4208,b,14,6,3.8336751461029053,0.49345948781780236,1.2672243118286133
4209,b,42,6,3.847200870513916,0.36669926286613386,0.8551938533782959
4210,b,28,6,3.8269370794296265,0.3952371543889198,1.0070912837982178
4211,a,5,6,3.7069116036097207,0.17443385815099882,0.4078235626220703
4212,b,3,6,3.7769580284754434,0.3157774324665622,0.8054158687591553
4213,b,9,6,4.115767121315002,0.30430687909597576,0.7716431617736816
4214,b,5,6,4.143356164296468,0.2669512431305691,0.6328520774841309
4215,a,2,6,3.5480599800745645,0.3345939781545121,0.8044307231903076
4216,a,23,6,4.560329755147298,0.1029535225143871,0.2692241668701172
4217,b,9,6,3.519633928934733,0.14995593476904098,0.3571460247039795
4218,b,9,6,3.6228638887405396,0.34150876151590176,0.8706028461456299
4219,b,7,6,3.645481983820597,0.33811823360513293,0.8251283168792725
4220,a,16,6,4.036723097165425,0.16090876189552122,0.376558780670166
4221,b,7,6,3.4442625045776367,0.26388825198218696,0.6701040267944336
4222,b,35,6,4.1607474486033125,0.3782420488942287,0.9535458087921143
4223,b,26,6,4.103785951932271,0.5038369571534491,1.208143949508667
4224,b,2,6,3.252467155456543,0.17619458860901357,0.4995405673980713
4225,a,29,6,4.615825653076172,0.30883697875394145,0.748650074005127
4226,b,36,6,4.082148551940918,0.37449407045594,0.8565080165863037
4227,b,23,6,3.509239395459493,0.5490574730624932,1.3328356742858887
4228,b,10,6,3.731425642967224,0.25684369188276707,0.6269955635070801
4229,b,24,6,3.8904099067052207,0.37633224945366944,1.0183048248291016
4230,b,39,6,4.055771827697754,0.26139256129439825,0.6123495101928711
4231,b,15,6,3.9071669578552246,0.541327212523185,1.3947622776031494
4232,b,15,6,3.6363023122151694,0.4100167821690694,1.0012235641479492
4233,b,1,6,3.613576134045919,0.4203152850932051,1.1065504550933838
4234,b,23,6,3.6285749673843384,0.3299217783961634,0.9305100440979004
4235,b,9,6,3.5545865297317505,0.2960795029264282,0.7163193225860596
4236,b,1,6,3.4297293424606323,0.3720482883087253,0.8766324520111084
4237,a,22,6,4.22940190633138,0.12831979852182424,0.3300189971923828
4238,b,10,6,3.391459862391154,0.3567257989286393,0.8893752098083496
4239,b,10,6,4.543542464574178,0.19385310784898893,0.4859004020690918
4240,b,17,6,3.735131780306498,0.5200367765290845,1.2028601169586182
4241,b,24,6,4.082969466845195,0.43669481290318757,1.0493261814117432
4242,b,19,6,4.156679352124532,0.3219722685193066,0.8760268688201904
4243,b,22,6,3.624234199523926,0.34918474364634017,0.8577897548675537
4244,b,1,6,3.505362590154012,0.263175425087338,0.6392028331756592
4245,b,20,6,3.591133952140808,0.4374298179935603,1.0735044479370117
4246,a,23,6,3.989664634068807,0.2725998859620141,0.6388165950775146
4247,b,1,6,3.833754221598307,0.29732378961977746,0.6977794170379639
4248,b,36,6,4.198757688204448,0.5974780621365972,1.503068447113037
4249,b,14,6,4.082778970400493,0.46310766941480874,1.1244909763336182
4250,b,17,6,3.8901995023091636,0.30323825654386144,0.8323526382446289
4251,b,5,6,4.114787459373474,0.34466679599208705,0.8344788551330566
4252,b,15,6,3.9645785888036094,0.3316887324557225,0.8821587562561035
4253,a,17,6,4.0368919769922895,0.1956565525877528,0.4874100685119629
4254,b,30,6,4.167340358098348,0.422643723556888,1.0391592979431152
4255,a,14,6,3.6960244178771973,0.19094549780515743,0.44002628326416016
4256,b,29,6,3.984521508216858,0.3578556949236799,0.8531875610351562
4257,b,16,6,4.207515478134155,0.3017513675405655,0.794196367263794
4258,b,39,6,4.5759373505910235,0.3418303553316205,0.8730645179748535
4259,b,16,6,3.882824420928955,0.3681646191468001,0.952824592590332
4260,b,34,6,4.220665613810222,0.37218057434233687,0.9759559631347656
4261,b,34,6,4.059926668802897,0.4034319782777638,1.0507557392120361
4262,b,13,6,3.9094717105229697,0.29112333929057554,0.708167552947998
4263,b,18,6,3.8135919173558555,0.2633431394472283,0.6777148246765137
4264,a,8,6,3.008441925048828,0.3526391935730573,0.8512077331542969
4265,a,25,6,4.382103204727173,0.2635853293535334,0.6858563423156738
4266,a,21,6,4.038544615109761,0.1640127746942895,0.3592872619628906
4267,b,28,6,4.346500674883525,0.41766596158148145,1.1160154342651367
4268,b,52,6,3.9788280725479126,0.41444515898952355,1.1183555126190186
4269,b,20,6,3.8757620255152383,0.4442571425367276,1.20735502243042
4270,b,35,6,3.934150775273641,0.49801667871740024,1.326328992843628
4271,b,11,6,3.7541422843933105,0.37195077873203597,1.0037996768951416
4272,a,2,6,3.9504752159118652,0.4493641420715472,1.0952320098876953
4273,b,25,6,4.4710618654886884,0.3198749219005837,0.8266448974609375
4274,b,25,6,4.1927253405253095,0.49773545214655496,1.334038496017456
4275,b,31,6,4.316858768463135,0.36774204972349717,0.9868927001953125
4276,b,13,6,3.5447785456975303,0.32957941514226186,0.8554389476776123
4277,a,54,6,4.872293313344319,0.31602720822425623,0.7241911888122559
4278,b,1,6,3.478450894355774,0.28599833939385366,0.7199504375457764
4279,b,30,6,4.24468731880188,0.29277749145770454,0.7069339752197266
4280,b,12,6,3.3545416990915933,0.33855809884753274,0.7438914775848389
4281,b,54,6,4.125013828277588,0.39531216191951507,0.9601263999938965
4282,b,41,6,4.276193777720134,0.36973444675777684,0.9622418880462646
4283,a,10,6,3.6267936627070108,0.19183146322089528,0.4552450180053711
4284,b,21,6,3.9219373067220054,0.2464590507262085,0.5733919143676758
4285,b,13,6,3.83463978767395,0.5908137028247037,1.4059765338897705
4286,a,8,6,3.359382152557373,0.16799246296863493,0.42838263511657715
4287,a,25,6,4.2231667041778564,0.10137668740325627,0.26667165756225586
4288,b,3,6,2.8897670904795327,0.32133317959331603,0.8236596584320068
4289,b,44,6,3.8396534522374473,0.6361794171447065,1.4521899223327637
4290,b,17,6,3.6383062601089478,0.49463802078153696,1.1804635524749756
4291,b,33,6,4.19979453086853,0.28950398716026954,0.7423558235168457
4292,b,13,6,3.673560897509257,0.34377891085270773,0.8844552040100098
4293,b,27,6,4.345330874125163,0.4192820334845255,1.0802998542785645
4294,b,19,6,3.677271842956543,0.40956868842683947,1.064682960510254
4295,a,9,6,4.230523188908895,0.20278175551084426,0.505424976348877
4296,b,53,6,4.31897246837616,0.5043945584308873,1.3037757873535156
4297,b,17,6,4.042341748873393,0.356690152522665,0.9226295948028564
4298,b,14,6,3.3106903235117593,0.3799323297495018,0.9526300430297852
4299,b,9,6,2.9583579699198403,0.28044769796215957,0.7002193927764893
4300,b,18,6,3.944748838742574,0.49341799163369615,1.1497671604156494
4301,b,24,6,4.282960255940755,0.26480484785916353,0.6933917999267578
4302,b,17,6,3.2874184052149453,0.4181278621680851,1.0588514804840088
4303,a,0,6,4.136665900548299,0.24033004046046139,0.5742025375366211
4304,b,8,6,3.530992110570272,0.3767265552944424,0.9266571998596191
4305,a,2,6,3.6293043295542398,0.46705403161496334,1.2007982730865479
4306,b,23,6,3.787225286165873,0.4239212592299581,0.997699499130249
4307,b,19,6,3.73993448416392,0.470813444446578,1.2131545543670654
4308,b,3,6,3.318960189819336,0.40121873500296684,0.9548318386077881
4309,b,8,6,3.4999485413233438,0.4475034609776946,1.1736259460449219
4310,b,26,6,3.402569611867269,0.23622764534368032,0.5774905681610107
4311,a,10,6,3.627735455830892,0.16005143146745146,0.3966186046600342
4312,b,14,6,3.6938188870747886,0.40017691541645783,0.9908287525177002
4313,b,26,6,3.802812616030375,0.5486135525570253,1.4329633712768555
4314,b,17,6,3.697152256965637,0.31316266439741014,0.7970068454742432
4315,b,5,6,4.311712423960368,0.23196531432889725,0.5845532417297363
4316,b,30,6,4.252987106641133,0.4426980030146334,1.1540594100952148
4317,b,22,6,3.8485255241394043,0.536326434002717,1.3059492111206055
4318,b,10,6,4.030204693476359,0.34919109330927195,0.8953707218170166
4319,a,14,6,3.8140553633371987,0.061757869577693796,0.18308496475219727
4320,b,28,6,3.6281075874964395,0.47485147207917966,1.1645832061767578
4321,b,7,6,4.422653595606486,0.2946082533233743,0.7468767166137695
4322,b,16,6,3.703060428301493,0.4150585942262705,1.0173604488372803
4323,b,4,6,3.7064385414123535,0.4132009708438957,1.0280699729919434
4324,b,43,6,3.7059726317723594,0.43148704448900066,1.1558306217193604
4325,b,19,6,4.416607181231181,0.4164531140792007,0.9721038341522217
4326,b,29,6,3.7756866614023843,0.4785431171311896,1.2866613864898682
4327,b,11,6,3.706223209698995,0.3914777746244882,0.9888999462127686
4328,b,42,6,4.0152058601379395,0.38224710086622604,0.9736201763153076
4329,a,13,6,3.4347360928853354,0.25094735352550446,0.5628855228424072
4330,b,36,6,4.222989281018575,0.4509742337941409,1.1613764762878418
4331,a,2,6,4.1069512367248535,0.17198975391235646,0.4396500587463379
4332,b,36,6,4.045387148857117,0.2447426145547726,0.6074919700622559
4333,b,33,6,4.357868075370789,0.5257015955719069,1.2414274215698242
4334,b,9,6,3.4636885722478232,0.29932273368312273,0.8422183990478516
4335,b,10,6,3.377088268597921,0.32549097087642853,0.7891941070556641
4336,b,3,6,4.199207584063212,0.3983660390571302,1.125403642654419
4337,b,8,6,4.232792894045512,0.3439093381368003,0.9206433296203613
4338,b,14,6,3.536094546318054,0.5746310832906725,1.4926152229309082
4339,b,3,6,4.191057920455933,0.4539158560831242,1.212951421737671
4340,b,13,6,3.432681361834208,0.35777257050481903,0.8685016632080078
4341,a,30,6,4.320448478062947,0.20789817675267833,0.5394797325134277
4342,a,0,6,4.14836057027181,0.24188682915676835,0.6135683059692383
4343,b,14,6,3.851436972618103,0.2778208743958703,0.7080376148223877
4344,b,29,6,3.8916074434916177,0.27467341058281153,0.6669285297393799
4345,a,6,6,3.322695771853129,0.07468481679118366,0.18575096130371094
4346,b,44,6,3.7186305920283,0.6708767111527856,1.588752269744873
4347,a,13,6,3.788919965426127,0.14872029684550447,0.38019776344299316
4348,b,9,6,3.518737475077311,0.33909521471764054,0.8770215511322021
4349,a,2,6,3.5485050678253174,0.32591256831368864,0.7885894775390625
4350,b,12,6,3.2675194342931113,0.45999727476375823,1.1418766975402832
4351,b,9,6,3.3717438777287803,0.35642796058710574,0.8741636276245117
4352,b,24,6,3.599856734275818,0.5553344600160374,1.3764264583587646
4353,b,28,6,3.8866687218348184,0.40058753734726654,0.9979336261749268
4354,a,12,6,3.8465876976648965,0.29073577171731246,0.6957156658172607
4355,a,12,6,4.1024149258931475,0.15452225985239074,0.372891902923584
4356,b,50,6,4.267409125963847,0.44495715095546606,1.1306939125061035
4357,b,12,6,3.959592262903849,0.7038400716919815,1.7856674194335938
4358,b,52,6,4.127565582593282,0.5446493847766785,1.4250352382659912
4359,b,25,6,3.965701937675476,0.41923378822828716,1.0654950141906738
4360,b,34,6,4.261643211046855,0.5006707477354679,1.2782304286956787
4361,a,16,6,4.125845551490784,0.17844746609298742,0.4155395030975342
4362,b,3,6,3.905105551083883,0.3300361193853801,0.7635409832000732
4363,a,8,6,3.2948922713597617,0.17244131262245369,0.3766794204711914
4364,b,15,6,4.145614107449849,0.3370780542175531,0.8332691192626953
4365,a,1,6,3.741483688354492,0.10910071586348717,0.2848846912384033
4366,b,25,6,3.723740021387736,0.4015481627184652,1.0309720039367676
4367,a,21,6,4.050909082094829,0.2738444065684739,0.6507472991943359
4368,b,2,6,3.5796350240707397,0.2002874682103074,0.5436034202575684
4369,a,13,6,3.9308063983917236,0.288674222374628,0.6796181201934814
4370,b,44,6,4.150990804036458,0.22233326250663252,0.5267117023468018
4371,b,10,6,3.595725337664286,0.22411881864520658,0.6006922721862793
4372,b,13,6,4.365286032358806,0.18449646656730326,0.5064253807067871
4373,b,42,6,4.278387029965718,0.3399558276227428,0.8346338272094727
4374,b,79,6,4.603478670120239,0.22689110821187117,0.5487442016601562
4375,a,7,6,3.458760142326355,0.1359911440247367,0.3561089038848877
4376,b,12,6,4.1752264102300005,0.5681851295509512,1.4045116901397705
4377,a,7,6,3.7093127171198526,0.12180241239927342,0.2759418487548828
4378,b,10,6,3.920107841491699,0.5831064325741151,1.5367953777313232
4379,a,16,6,3.890188972155253,0.1669697999409056,0.38520002365112305
4380,a,12,6,4.191394289334615,0.28390923043053834,0.6917083263397217
4381,a,16,6,4.042327602704366,0.13249585610828069,0.3244812488555908
4382,b,45,6,4.078588763872783,0.3828109657131302,0.9315941333770752
4383,b,16,6,3.1802311738332114,0.4468664608561525,1.0627620220184326
4384,b,21,6,3.5032505989074707,0.5036859164844015,1.1810996532440186
4385,b,13,6,3.649507761001587,0.3889670864813549,1.0354692935943604
4386,b,7,6,3.1970200141270957,0.30588261010534795,0.7353289127349854
4387,b,41,6,4.42228086789449,0.33250020088061444,0.8771181106567383
4388,a,5,6,2.97015909353892,0.34402489066509956,0.8282032012939453
4389,a,0,6,3.4326016902923584,0.1375161619411689,0.36635613441467285
4390,b,12,6,3.823141018549601,0.41260486965099225,1.0894081592559814
4391,b,7,6,3.2961018880208335,0.3363858956966757,0.8741798400878906
4392,a,32,6,4.3659210205078125,0.275546374839805,0.6532301902770996
4393,a,16,6,3.7317396799723306,0.23952822513888072,0.6056957244873047
4394,b,24,6,4.374160011609395,0.29089128818410964,0.822826623916626
4395,b,4,6,3.956835905710856,0.30456750947210576,0.821587085723877
4396,b,8,6,3.4953637520472207,0.34767826090569404,0.8911139965057373
4397,b,7,6,3.7572750250498452,0.5413023200482165,1.2916502952575684
4398,b,15,6,4.110235333442688,0.32257358677205683,0.7159678936004639
4399,a,21,6,3.926005204518636,0.22926007741789073,0.5628807544708252
4400,b,9,6,4.21485694249471,0.38553614287462323,1.025986909866333
4401,a,17,6,4.554570198059082,0.14222659379535232,0.33678293228149414
4402,b,24,6,3.914238969484965,0.42495874676557266,0.9968161582946777
4403,a,11,6,3.917486627896627,0.12699086089379108,0.3386874198913574
4404,b,18,6,3.3279860814412436,0.33169345472956074,0.8687379360198975
4405,b,38,6,4.316986560821533,0.32252639916374554,0.8571310043334961
4406,b,60,6,4.239200830459595,0.6010896343478869,1.5784871578216553
4407,b,5,6,3.7634958823521933,0.3351676427601184,0.782829999923706
4408,b,5,6,3.4514075915018716,0.44838366909587274,1.1330366134643555
4409,b,19,6,3.474010984102885,0.4622215315518113,1.0607664585113525
4410,b,1,6,3.9004944562911987,0.3345646215138289,0.7873578071594238
4411,a,10,6,3.6485132376352944,0.09637604112355054,0.23007941246032715
4412,b,30,6,4.107526024182637,0.3480021903398458,0.9838824272155762
4413,b,3,6,4.1934555768966675,0.36721867949496373,0.9434351921081543
4414,b,26,6,4.170385718345642,0.3466014218004503,0.8293247222900391
4415,b,28,6,3.8380616903305054,0.4738980606231977,1.191805362701416
4416,b,20,6,3.9196231762568154,0.4484748460963313,1.097736120223999
4417,b,25,6,3.767303188641866,0.3810532863901838,0.8842923641204834
4418,a,9,6,3.252975583076477,0.21506660987293252,0.5492041110992432
4419,a,10,6,3.5454506476720176,0.16886220251831868,0.4234282970428467
4420,b,39,6,4.008081833521525,0.29746114262154744,0.7139701843261719
4421,b,3,6,4.238085190455119,0.25733971645738984,0.6366491317749023
4422,a,26,6,4.246158679326375,0.13018990535991892,0.3190188407897949
4423,a,2,6,3.9108484188715615,0.31867744107623597,0.7334141731262207
4424,b,9,6,4.161508361498515,0.39962040533169724,1.0436177253723145
4425,a,1,6,3.6700599988301597,0.26406720616785223,0.6020305156707764
4426,b,46,6,4.155805627504985,0.5023155419895798,1.2617924213409424
4427,b,14,6,3.4039427042007446,0.38459026695447335,0.9772579669952393
4428,b,18,6,3.65229324499766,0.4158732375232231,1.072716236114502
4429,b,26,6,3.8489067951838174,0.4962395223714687,1.4288568496704102
4430,b,23,6,3.6518801848093667,0.3588262975085477,0.8408792018890381
4431,b,16,6,3.57290252049764,0.262197173597458,0.7275538444519043
4432,b,16,6,3.2503451903661094,0.1844328876251049,0.48021626472473145
4433,a,9,6,4.163322687149048,0.20323683460282263,0.5209300518035889
4434,b,11,6,3.2488209009170532,0.17554715879120764,0.4507594108581543
4435,b,2,6,3.355889836947123,0.33042401174647634,0.8519792556762695
4436,b,16,6,4.18770690759023,0.3917428134879427,1.0022785663604736
4437,b,40,6,4.258615414301555,0.3245944163446687,0.8345065116882324
4438,b,51,6,3.9848822752634683,0.48611130558931537,1.2591218948364258
4439,b,11,6,4.297190507253011,0.3186764691218479,0.8299789428710938
4440,a,7,6,3.20130987962087,0.08009932839951384,0.2044665813446045
4441,a,0,6,3.969657222429911,0.21394210673971387,0.5402719974517822
4442,b,5,6,3.1514939069747925,0.34777486638739674,0.8142604827880859
4443,b,2,6,3.196556727091471,0.26672278693645946,0.7246506214141846
4444,b,21,6,3.7598208586374917,0.4115667402819396,0.9558334350585938
4445,b,23,6,3.8450191815694175,0.458962312343071,1.184572696685791
4446,b,80,6,4.724394877751668,0.34276512390990244,0.9017376899719238
4447,b,42,6,4.560450315475464,0.34771667839230624,0.8677120208740234
4448,b,43,6,4.074612696965535,0.4087253652519474,1.1610321998596191
4449,b,31,6,4.167678674062093,0.30077509203230984,0.7971386909484863
4450,a,21,6,4.356904745101929,0.22728710895279453,0.5700445175170898
4451,b,6,6,3.5998405615488687,0.3645973929458579,0.8603670597076416
4452,b,18,6,3.449218432108561,0.23338044236889177,0.5743038654327393
4453,b,9,6,3.3659587701161704,0.38697988222496904,0.959998607635498
4454,b,9,6,3.8625408411026,0.41884031149283996,1.0579750537872314
4455,b,3,6,3.4012457927068076,0.32998192070109755,0.8011209964752197
4456,b,13,6,3.9245911041895547,0.36457336988817735,0.9259042739868164
4457,a,9,6,3.99553116162618,0.14795999123707518,0.39347338676452637
4458,b,12,6,3.476572632789612,0.5253343982922205,1.2984213829040527
4459,a,13,6,3.8177449703216553,0.13731835053528924,0.36137866973876953
4460,a,2,6,3.346616546312968,0.24231478758382458,0.558889627456665
4461,a,14,6,3.7167347272237143,0.18588493978339493,0.4328289031982422
4462,b,20,6,4.166068196296692,0.3557641559939388,0.9205055236816406
4463,b,34,6,3.947391986846924,0.3020236143643749,0.7546176910400391
4464,a,11,6,3.4179060459136963,0.24440265853049548,0.6313507556915283
4465,b,18,6,4.016632994016011,0.43914685613188076,1.0741853713989258
4466,a,2,6,3.912725329399109,0.48536306736436496,1.2282495498657227
4467,b,21,6,3.8580685456593833,0.3944613793776138,0.9534070491790771
4468,b,6,6,3.4552504618962607,0.3066946679378151,0.7367005348205566
4469,b,1,6,4.142658909161885,0.3292025384692295,0.8815312385559082
4470,b,21,6,3.1587745745976767,0.4252012119101793,1.0170652866363525
4471,b,11,6,4.145529389381409,0.37013716998306745,0.9739344120025635
4472,b,16,6,3.92920184135437,0.2137891130224717,0.5483241081237793
4473,b,43,6,3.766309221585592,0.6220323967689075,1.7553162574768066
4474,b,22,6,3.830012321472168,0.3887005676365928,0.9308960437774658
4475,a,16,6,4.392947832743327,0.14506763488828686,0.3466353416442871
4476,b,28,6,3.727593421936035,0.38912598218958117,1.0212163925170898
4477,b,1,6,3.620254119237264,0.19917986567642565,0.5221066474914551
4478,b,13,6,3.6333776315053306,0.3098972731708712,0.7574553489685059
4479,b,3,6,3.5157317320505777,0.2582713926180774,0.6254441738128662
4480,b,4,6,3.2006857792536416,0.308959803955988,0.817509651184082
4481,b,38,6,4.0696715116500854,0.38881679653494117,0.9748015403747559
4482,b,8,6,3.8778095642725625,0.38110163757654175,0.9603843688964844
4483,b,6,6,2.754749576250712,0.348073175089134,0.8724417686462402
4484,b,46,6,4.362882892290751,0.32948003161973166,0.8099806308746338
4485,b,11,6,3.485331932703654,0.2996707239474816,0.7887411117553711
4486,b,50,6,4.058465003967285,0.5347298136811545,1.367063283920288
4487,a,8,6,3.399073759714762,0.15708157754857505,0.41991186141967773
4488,a,1,6,3.5242002407709756,0.15680997789993184,0.37432336807250977
4489,a,0,6,4.134819507598877,0.4152860437522754,0.9948885440826416
4490,b,7,6,4.315761725107829,0.44164880854799615,1.053084373474121
4491,b,30,6,4.739174286524455,0.4009702351446558,1.137730598449707
4492,a,10,6,3.339455246925354,0.15350001117233147,0.4177241325378418
4493,a,15,6,3.7691678603490195,0.18024654336503426,0.44805264472961426
4494,b,15,6,3.873594125111898,0.3893478120337073,0.9324734210968018
4495,b,2,6,3.7576634089152017,0.41502519601015136,1.0029406547546387
4496,a,18,6,3.8416695594787598,0.30427515001261973,0.7292704582214355
4497,b,24,6,3.292059063911438,0.46095552257225486,1.0737483501434326
4498,a,15,6,4.052603681882222,0.15005691051135572,0.3432929515838623
4499,b,5,6,3.2679432233174643,0.2036158474815349,0.4795873165130615
4500,b,25,6,3.588701764742533,0.2693239121189553,0.7286014556884766
4501,b,44,6,4.069767514864604,0.4961303539667936,1.2343199253082275
4502,b,19,6,4.264650424321492,0.41872945414522994,1.0236091613769531
4503,b,37,6,4.245764454205831,0.42884041930806677,1.0416467189788818
4504,b,15,6,3.666744828224182,0.4131068464918362,0.9821312427520752
4505,b,18,6,3.9013230005900064,0.43256071959492237,1.0952098369598389
4506,b,50,6,4.37435777982076,0.4435761521893985,1.1356911659240723
4507,b,19,6,3.8060686588287354,0.4607031296911019,1.111297845840454
4508,b,36,6,4.2360548575719195,0.39334236395314526,0.9951956272125244
4509,a,0,6,4.144365866978963,0.4453344499768749,1.1365611553192139
4510,b,12,6,3.8753132422765098,0.565381640035905,1.4043989181518555
4511,a,0,6,4.167815128962199,0.18408586579914804,0.4468801021575928
4512,b,23,6,4.428195476531982,0.3732090040428555,0.9752135276794434
4513,b,42,6,4.2965779304504395,0.4097627180433209,1.0312302112579346
4514,b,11,6,3.70415469010671,0.2450840561129754,0.6266927719116211
4515,b,24,6,4.284227927525838,0.4713149266735526,1.1657531261444092
4516,b,32,6,4.212780117988586,0.37202825057028877,0.9428300857543945
4517,b,15,6,4.160437385241191,0.3696801270466688,0.896155834197998
4518,b,31,6,4.86800495783488,0.1791055349047219,0.45849132537841797
4519,b,16,6,3.988484740257263,0.20818857634067664,0.4762578010559082
4520,b,11,6,3.3173538049062095,0.15579327129198123,0.3691575527191162
4521,b,21,6,3.755861838658651,0.4698455940018156,1.2020916938781738
4522,a,2,6,4.081316073735555,0.4544392905696726,1.1270804405212402
4523,b,32,6,4.284910519917806,0.4934837847459695,1.2653558254241943
4524,b,7,6,3.8417579332987466,0.44550908068972933,1.1207382678985596
4525,b,14,6,3.7231478293736777,0.3066027235501568,0.8072524070739746
4526,b,8,6,3.1108388106028237,0.4301663255315009,1.1131272315979004
4527,b,59,6,4.406402985254924,0.34811408410669026,0.8885912895202637
4528,a,4,6,4.427311420440674,0.2779241471680403,0.6768226623535156
4529,b,19,6,4.29554299513499,0.4501240143354055,1.1629414558410645
4530,b,10,6,3.5087920824686685,0.44417993471561806,1.0700976848602295
4531,b,44,6,4.185024817784627,0.47764211408841445,1.1528942584991455
4532,b,1,6,3.8023386001586914,0.2965800064074083,0.7444050312042236
4533,b,12,6,4.146488229433696,0.4319456071570987,1.1017260551452637
4534,b,23,6,4.1331177949905396,0.3554370025991786,0.973210334777832
4535,b,15,6,4.076809366544087,0.3926594298970005,0.9910218715667725
4536,a,8,6,3.120082974433899,0.08746709792055149,0.20621728897094727
4537,b,54,6,4.332621932029724,0.3583257082547513,0.8210494518280029
4538,b,5,6,3.4900545676549277,0.612737996050337,1.4625320434570312
4539,a,2,6,4.019197106361389,0.5875435770978421,1.4776413440704346
4540,b,10,6,3.3784145514170327,0.3568756458046056,0.8849198818206787
4541,b,22,6,4.027369777361552,0.26148377149851776,0.7163457870483398
4542,b,24,6,4.110271414120992,0.31435799039180945,0.8073215484619141
4543,b,11,6,3.6464969317118325,0.26451276361648135,0.7231688499450684
4544,b,39,6,4.142915368080139,0.38807411606137215,1.0214595794677734
4545,b,18,6,4.165400783220927,0.3314759185049111,0.8515214920043945
4546,b,6,6,3.2488903204600015,0.3796762034327351,0.9629795551300049
4547,b,17,6,3.8398693402608237,0.45951362343375113,1.13447904586792
4548,b,7,6,4.544109582901001,0.3554567074455292,0.880763053894043
4549,b,5,6,3.877868930498759,0.17930835698187145,0.4342210292816162
4550,a,5,6,3.588040749231974,0.1835755881063825,0.4552946090698242
4551,b,17,6,3.502348264058431,0.33255320285794904,0.8524668216705322
4552,a,20,6,4.304731686909993,0.17375358025003,0.4221949577331543
4553,b,4,6,3.7025924921035767,0.28250370276121045,0.6793003082275391
4554,b,18,6,3.574090083440145,0.49993694788031035,1.2995095252990723
4555,b,26,6,3.7029619216918945,0.45550894634420025,1.2198493480682373
4556,b,40,6,4.0343717734018965,0.5793183286185215,1.4510834217071533
4557,b,39,6,3.7222814559936523,0.57793457785534,1.3476159572601318
4558,b,20,6,3.9070874055226645,0.36031840293403417,1.0324420928955078
4559,a,15,6,4.071743726730347,0.03655386221718966,0.10626363754272461
4560,a,5,6,3.487381418546041,0.14316081596177474,0.313809871673584
4561,b,12,6,2.915203849474589,0.29478120937862623,0.7575333118438721
4562,b,12,6,3.603538393974304,0.474378031425592,1.2487778663635254
4563,b,29,6,4.097474972407023,0.3752126288377567,0.9315962791442871
4564,b,22,6,4.0506696701049805,0.45049088587773467,1.1741690635681152
4565,b,20,6,3.5472269455591836,0.576300441544622,1.3368182182312012
4566,a,0,6,3.7301189502080283,0.2895224908525252,0.7878115177154541
4567,b,11,6,3.4640007416407266,0.49881293735704424,1.1368024349212646
4568,b,15,6,4.096294005711873,0.3623362552590067,0.9951109886169434
4569,b,37,6,4.289652188618978,0.2875026752383532,0.7109682559967041
4570,b,25,6,4.079027692476909,0.374899517097329,0.9489724636077881
4571,b,26,6,4.000876625378926,0.30581013573597937,0.7127516269683838
4572,b,9,6,3.2652728160222373,0.38444117301185843,1.0374982357025146
4573,a,2,6,4.479143540064494,0.32441202879929404,0.7353835105895996
4574,b,9,6,3.8709006309509277,0.39730051727266086,0.9400959014892578
4575,b,16,6,4.343206167221069,0.33835599835294566,0.8150420188903809
4576,a,13,6,3.587675094604492,0.15385660047311162,0.36872363090515137
4577,b,18,6,3.7531224489212036,0.34439857188495576,0.8248803615570068
4578,b,52,6,4.026884277661641,0.4089163240610729,1.0499460697174072
4579,b,21,6,3.7524657249450684,0.24850570560837965,0.6702609062194824
4580,b,13,6,4.240353385607402,0.3762687428807195,1.0052542686462402
4581,b,11,6,3.2060455878575644,0.47196767622048086,1.2767021656036377
4582,b,19,6,3.9753380616505942,0.39515168460559447,0.9556436538696289
4583,b,29,6,3.489604910214742,0.2517096585552651,0.5780749320983887
4584,b,15,6,3.6157451073328652,0.35697284746641056,0.9399003982543945
4585,a,23,6,4.580255349477132,0.19114629904762442,0.46747398376464844
4586,b,35,6,4.080799341201782,0.3414064032455999,0.8319916725158691
4587,b,19,6,3.377268075942993,0.6424834552974114,1.7017097473144531
4588,b,7,6,3.703723112742106,0.25777066513162533,0.5863370895385742
4589,b,9,6,3.3973152240117392,0.5303420898694203,1.3070955276489258
4590,b,40,6,4.302721977233887,0.5734638495087238,1.4103775024414062
4591,b,20,6,3.108920415242513,0.432475756866433,0.9859161376953125
4592,a,6,6,4.084427714347839,0.06730106734883179,0.17172598838806152
4593,b,14,6,3.693967580795288,0.2031751274291692,0.5608088970184326
4594,a,2,6,3.8632829984029136,0.3105269204257983,0.7161865234375
4595,a,2,6,3.7689956029256186,0.11244470937710808,0.272289514541626
4596,b,23,6,4.287768363952637,0.3175677069186851,0.7999200820922852
4597,b,20,6,3.2654884656270347,0.32499960300722514,0.7733199596405029
4598,b,20,6,3.386184016863505,0.46787106541057777,1.089479923248291
4599,b,13,6,3.5312479734420776,0.33203429261713163,0.7819139957427979
4600,b,18,6,4.521338264147441,0.44806053028922826,1.1643879413604736
4601,a,10,6,3.7738513151804605,0.10364574296964925,0.24969482421875
4602,a,20,6,4.2933924198150635,0.16340212955713984,0.4137239456176758
4603,b,7,6,3.0980164607365928,0.44032979687643026,1.0718016624450684
4604,b,24,6,3.7810992002487183,0.39547742773663386,0.9764256477355957
4605,b,12,6,4.108784317970276,0.5178347780492647,1.2506844997406006
4606,b,62,6,4.538194894790649,0.34202034316907237,0.9109640121459961
4607,b,4,6,3.77337376276652,0.4646302026567609,1.117009162902832
4608,b,24,6,3.40085240205129,0.6238218697711753,1.6357409954071045
4609,b,36,6,4.6609275341033936,0.4510735936870333,1.0900650024414062
4610,b,25,6,4.240142663319905,0.3665729597212508,0.9559097290039062
4611,b,10,6,4.518616596857707,0.319058759510831,0.8324308395385742
4612,b,9,6,4.182502786318461,0.32526063932222404,0.8017361164093018
4613,b,29,6,4.500812451044719,0.40594578900649775,0.9930882453918457
4614,b,14,6,3.6937673886617026,0.2780553311603734,0.7276749610900879
4615,b,18,6,3.8330755631128945,0.4581722189043021,1.086653232574463
4616,b,13,6,3.912888487180074,0.43968098492469077,1.1708240509033203
4617,a,21,6,4.59932017326355,0.17036092808132694,0.41370582580566406
4618,b,10,6,4.40381904443105,0.3755763389435669,0.9649474620819092
4619,b,16,6,3.8851973613103232,0.3648744000749441,0.949730634689331
4620,b,4,6,3.9905743996302285,0.274465777919957,0.7849757671356201
4621,b,10,6,3.6792730490366616,0.2981551248662922,0.7417821884155273
4622,b,41,6,3.7940905888875327,0.44569216920288474,1.0811643600463867
4623,b,11,6,4.158370018005371,0.25793415914522955,0.7250137329101562
4624,a,14,6,4.397524356842041,0.19661808444645043,0.4690227508544922
4625,b,22,6,4.297478993733724,0.3562466786488369,0.8690283298492432
4626,b,5,6,3.5074223279953003,0.5195216959155898,1.3686387538909912
4627,b,4,6,3.699371059735616,0.23993560554450902,0.5688109397888184
4628,b,36,6,4.341386238733928,0.4156588464657651,1.0351929664611816
4629,b,24,6,4.076387961705525,0.4117373093906305,1.0721006393432617
4630,b,22,6,4.182711402575175,0.3329715120434951,0.861884593963623
4631,b,15,6,4.105838775634766,0.5080415417955738,1.3620045185089111
4632,b,19,6,4.104565699895223,0.42746836250087733,1.1030428409576416
4633,b,28,6,3.536971131960551,0.3101843415512798,0.7352194786071777
4634,b,60,6,4.087709307670593,0.5608412111611936,1.4192090034484863
4635,b,22,6,3.9922534624735513,0.47122319882044833,1.114717721939087
4636,a,19,6,3.850865125656128,0.2130356744981714,0.5300648212432861
4637,b,4,6,3.0485286315282187,0.4414559207623074,1.0902073383331299
4638,b,31,6,4.129565556844075,0.35072199122261355,0.987525224685669
4639,b,7,6,3.711342732111613,0.32030260940698935,0.8065476417541504
4640,b,23,6,4.011319994926453,0.34789704324428117,0.8848254680633545
4641,b,17,6,3.6662805477778115,0.4756320848637455,1.2323927879333496
4642,b,24,6,3.8846784830093384,0.30367280429998117,0.7815897464752197
4643,b,22,6,3.3608490228652954,0.41485710711300544,1.072730541229248
4644,b,30,6,3.9416459004084268,0.35739756857457916,0.8928086757659912
4645,b,56,6,4.1302480300267534,0.32635942789681066,0.7745194435119629
4646,b,15,6,3.9802223443984985,0.35718938801613487,0.9355254173278809
4647,b,31,6,3.9154449303944907,0.2928225542103776,0.8089570999145508
4648,b,13,6,4.344997604688008,0.37310169072231697,0.9916503429412842
4649,b,13,6,3.5754743019739785,0.3143597877014098,0.7843348979949951
4650,a,1,6,3.6611552238464355,0.2002436896844906,0.5054037570953369
4651,b,21,6,4.07978093624115,0.47472802136626113,1.2645835876464844
4652,b,25,6,4.168768723805745,0.36494430477508827,0.9698007106781006
4653,a,33,6,4.643244504928589,0.11199305389875294,0.3215470314025879
4654,b,12,6,4.065098126729329,0.26018833216047765,0.6881153583526611
4655,b,15,6,3.4272525707880654,0.5854383838641574,1.525634765625
4656,b,8,6,3.6722099781036377,0.17638477487470347,0.44718265533447266
4657,b,13,6,3.9469695885976157,0.3102696197161571,0.7435297966003418
4658,b,28,6,4.168897271156311,0.47504759012790304,1.1856164932250977
4659,b,57,6,3.972575863202413,0.3746935226138596,0.9565024375915527
4660,a,11,6,3.4727529684702554,0.33357859106338766,0.8598167896270752
4661,b,14,6,3.219638228416443,0.3314827536966502,0.8740618228912354
4662,a,2,6,3.9224844376246133,0.261265808614778,0.6271944046020508
4663,b,21,6,3.685414950052897,0.32411678634466096,0.8373782634735107
4664,b,2,6,4.005863746007283,0.3268084071468631,0.945918083190918
4665,b,16,6,3.815631151199341,0.533281002601096,1.3678607940673828
4666,b,58,6,4.416320164998372,0.2889720477764264,0.7676081657409668
4667,b,1,6,4.013135274251302,0.3192619935004446,0.8609864711761475
4668,b,10,6,4.217186013857524,0.4001736078885311,0.9965653419494629
4669,b,19,6,3.727182706197103,0.473299341445891,1.110452651977539
4670,b,13,6,3.793066223462423,0.4357980724531127,1.0360729694366455
4671,a,8,6,3.473740021387736,0.3600181297656113,0.8430657386779785
4672,b,11,6,3.6716266870498657,0.30349698675949915,0.7564535140991211
4673,b,11,6,4.081826368967692,0.3067206844333346,0.7701020240783691
4674,b,13,6,3.9956268866856894,0.358493507950135,0.8459813594818115
4675,b,16,6,3.838378071784973,0.5847029796364501,1.4626190662384033
4676,b,24,6,3.8072659571965537,0.2978988149945431,0.7430405616760254
4677,b,16,6,4.256847858428955,0.42734767639171223,1.0874583721160889
4678,a,12,6,4.384488026301066,0.1760770850297261,0.4491739273071289
4679,a,2,6,4.049660801887512,0.4740797887482461,1.1700050830841064
4680,b,16,6,4.313406785329183,0.3928829112520423,0.9739787578582764
4681,b,2,6,3.1847514311472573,0.2929539677049334,0.7020020484924316
4682,b,25,6,4.364444335301717,0.2740044999678051,0.6579122543334961
4683,b,24,6,4.2418737808863325,0.41543589412536125,1.0334100723266602
4684,b,15,6,3.9876242876052856,0.30827214314462503,0.8000874519348145
4685,a,33,6,4.508176326751709,0.16106300802505852,0.38997364044189453
4686,b,34,6,3.922764460245768,0.34781861093549904,0.9380571842193604
4687,a,4,6,3.980957825978597,0.15687512162549844,0.3744473457336426
4688,a,17,6,3.592562516530355,0.31927952559846196,0.7804064750671387
4689,b,29,6,3.7868396838506064,0.4960248424872027,1.2714295387268066
4690,b,4,6,4.177023808161418,0.2794650420502885,0.742966890335083
4691,b,21,6,3.8439314365386963,0.26659209234745895,0.6972956657409668
4692,b,4,6,3.2136224110921225,0.3565091652224668,0.8905611038208008
4693,b,33,6,4.184915820757548,0.3273494809730499,0.8122329711914062
4694,b,5,6,4.281530737876892,0.356498810098832,0.8762397766113281
4695,b,20,6,3.904646555582682,0.4599156664780467,1.0397326946258545
4696,b,16,6,3.206648270289103,0.3048600956795486,0.7282733917236328
4697,b,5,6,3.3532556295394897,0.4318684451489386,1.2112700939178467
4698,b,35,6,3.2737932205200195,0.5510495227092161,1.4216058254241943
4699,b,8,6,3.947424332300822,0.37627892836648297,0.9573910236358643
4700,b,11,6,3.340449333190918,0.3469949004340553,0.8073780536651611
4701,b,6,6,3.4770419597625732,0.3041256933584861,0.7091495990753174
4702,b,53,6,4.181271870930989,0.44379271298866696,1.202718734741211
4703,b,9,6,3.540905714035034,0.3722715590089401,0.9440562725067139
4704,b,31,6,4.022700587908427,0.3917184062844281,0.9536550045013428
4705,b,15,6,3.9902098576227822,0.3896663209303743,0.9406354427337646
4706,a,29,6,4.535686254501343,0.05255478025472811,0.1502995491027832
4707,a,18,6,4.3703014850616455,0.1699580572180234,0.39457035064697266
4708,b,15,6,4.052220582962036,0.2913134448558555,0.8042325973510742
4709,b,4,6,3.136892835299174,0.4476267303825673,1.171769380569458
4710,a,0,6,3.776733636856079,0.17665714700017493,0.4424574375152588
4711,b,15,6,3.701470216115316,0.3193241010117161,0.8203363418579102
4712,b,8,6,3.081574638684591,0.3211953501903364,0.7788281440734863
4713,b,3,6,3.568984111150106,0.3507121414129977,0.8453271389007568
4714,a,36,6,4.702591737111409,0.09274252842465106,0.24939489364624023
4715,a,0,6,3.8268481492996216,0.3588460980251453,0.8846666812896729
4716,b,15,6,3.3727111419041953,0.38934395295841945,0.9973156452178955
4717,b,10,6,3.2923229932785034,0.44473141227246826,1.097581386566162
4718,b,11,6,4.645326534907023,0.36869874611039194,0.9435110092163086
4719,b,12,6,4.222984631856282,0.34743205700882984,0.8399083614349365
4720,b,33,6,4.12978978951772,0.4262986042713691,1.0532090663909912
4721,a,0,6,3.3619089921315513,0.14683863007715175,0.4091770648956299
4722,a,0,6,4.079899907112122,0.3399193181670543,0.7966399192810059
4723,b,7,6,4.364703138669332,0.4116199312834251,1.1553032398223877
4724,a,10,6,4.176414410273234,0.16428079031819906,0.4136509895324707
4725,b,10,6,3.301417072614034,0.3424351648643566,0.9074199199676514
4726,b,22,6,3.9265833695729575,0.34695271861273713,0.905989408493042
4727,b,26,6,4.001846075057983,0.3382328390950079,0.8746631145477295
4728,b,3,6,3.598134756088257,0.35775086737018424,0.8871617317199707
4729,b,13,6,3.4587963024775186,0.366746892983039,0.9109480381011963
4730,a,8,6,3.1892475684483848,0.19811911718575,0.4674234390258789
4731,b,7,6,3.8556798696517944,0.4044889093305155,0.9952623844146729
4732,b,9,6,3.8599416812260947,0.4645029510800714,1.2355263233184814
4733,b,35,6,4.3176036675771075,0.47426191042244525,1.1325883865356445
4734,a,0,6,3.7316011985143027,0.3586549680320541,0.9321613311767578
4735,b,3,6,4.020415147145589,0.3403729526387344,0.8564999103546143
4736,b,30,6,3.9981563886006675,0.5605271308221127,1.417691946029663
4737,b,16,6,4.020668586095174,0.3472985442746322,0.8481349945068359
4738,b,30,6,3.9597421089808145,0.39508209534819616,0.9476196765899658
4739,a,17,6,3.61008354028066,0.46831673167479065,1.071847677230835
4740,b,9,6,3.8795306285222373,0.4619801433144514,1.107947826385498
4741,b,17,6,4.06125791867574,0.36974123596879915,0.9682459831237793
4742,b,15,6,3.724923570950826,0.449638316831851,1.1176872253417969
4743,b,15,6,3.5924551486968994,0.4161472287448868,1.0856692790985107
4744,b,44,6,3.955247640609741,0.41871919054802514,1.1788990497589111
4745,a,0,6,3.8225712378819785,0.31409571682233267,0.7757830619812012
4746,a,12,6,3.938674807548523,0.11321480657641504,0.2505626678466797
4747,b,40,6,3.7102646430333457,0.33746928827536904,0.8687663078308105
4748,b,20,6,4.24420980612437,0.5668325422644371,1.4210877418518066
4749,b,16,6,3.620243032773336,0.247535898570409,0.5913896560668945
4750,a,7,6,3.5743382771809897,0.4769736583707179,1.1494965553283691
4751,b,9,6,4.2444987297058105,0.21065527356360259,0.5196189880371094
4752,b,11,6,3.592941721280416,0.3432672134874749,0.8814306259155273
4753,a,4,6,4.139620502789815,0.1836838444817004,0.4498417377471924
4754,b,11,6,3.6464356184005737,0.2623278610346381,0.7646746635437012
4755,a,1,6,3.5693872372309365,0.12339169683538523,0.2923440933227539
4756,b,3,6,4.052700161933899,0.40695725365905894,1.0321142673492432
4757,a,0,6,3.7891326745351157,0.1801224526256407,0.4962637424468994
4758,b,18,6,4.343965848286946,0.34401765621686997,0.8566863536834717
4759,a,2,6,3.928275187810262,0.25442997938953327,0.5708129405975342
4760,b,16,6,3.6551321347554526,0.3715883723359927,0.951298713684082
4761,b,15,6,4.063724398612976,0.5526718830794997,1.4099464416503906
4762,b,47,6,4.001839478810628,0.28475487417490725,0.6825814247131348
4763,a,10,6,3.401101072629293,0.1870602061064953,0.4902629852294922
4764,b,56,6,4.3700547615687055,0.35584066502802225,0.9025533199310303
4765,b,14,6,3.3626208702723184,0.3602698776973853,0.8392543792724609
4766,a,2,6,4.348594029744466,0.1256274980985374,0.31684303283691406
4767,b,7,6,3.299594442049662,0.5193984508997297,1.2434096336364746
4768,b,14,6,3.4972227017084756,0.36388308631879973,0.9251468181610107
4769,b,58,6,4.157178084055583,0.5391058521481276,1.3761687278747559
4770,a,15,6,3.969948093096415,0.28583724158454415,0.7035200595855713
4771,b,7,6,3.9238826831181846,0.5574230048842792,1.3961865901947021
4772,b,37,6,4.140272895495097,0.3590346774193337,0.868328332901001
4773,b,26,6,3.848918398221334,0.36506773812955645,0.9612290859222412
4774,b,31,6,4.096756378809611,0.4256349750452323,1.0315630435943604
4775,b,21,6,3.4921451012293496,0.3058762310325506,0.7488598823547363
4776,b,11,6,3.4661914904912314,0.43334093898622017,1.0469732284545898
4777,b,20,6,3.8503410816192627,0.3057325510580873,0.7575628757476807
4778,b,51,6,4.179684400558472,0.394489303526487,1.0244925022125244
4779,b,5,6,3.795117735862732,0.49251315238902377,1.2882640361785889
4780,b,9,6,4.340419212977092,0.4029674066983107,0.9583520889282227
4781,b,1,6,3.294512391090393,0.10410536017808705,0.28313612937927246
4782,b,38,6,4.2099846204121905,0.25280671177704617,0.6933636665344238
4783,b,27,6,4.21769638856252,0.2734581863412702,0.644568920135498
4784,a,7,6,3.8829806645711265,0.14561178460527002,0.3626382350921631
4785,b,8,6,3.719289541244507,0.2650535276896335,0.7047550678253174
4786,a,16,6,3.946904102961222,0.22182638573971677,0.5538637638092041
4787,b,25,6,4.3825083176294966,0.34808853433306547,0.9768569469451904
4788,b,26,6,4.020790020624797,0.4356243271377025,0.9947123527526855
4789,b,24,6,4.002489447593689,0.4303433230461608,1.1874451637268066
4790,a,7,6,3.169782280921936,0.0448186119496428,0.12120795249938965
4791,b,12,6,3.537638505299886,0.41000786162644587,1.0200836658477783
4792,a,21,6,4.035143216451009,0.22828753021694026,0.539433479309082
4793,b,21,6,3.3413791259129844,0.3128773698771223,0.799015998840332
4794,b,38,6,3.8142549991607666,0.3107156834438881,0.8011999130249023
4795,a,21,6,4.102737347284953,0.15314342171266027,0.3811919689178467
4796,b,10,6,3.9878611962000527,0.4577980355833234,1.1396467685699463
4797,a,2,6,3.8678001960118613,0.18358560705108984,0.4639625549316406
4798,b,15,6,3.9338379303614297,0.37639814961067,0.8835117816925049
4799,b,16,6,3.6773762305577598,0.3389806393161196,0.8411660194396973
4800,b,3,6,3.7676916122436523,0.3200632286156241,0.8093826770782471
4801,a,2,6,3.731377124786377,0.35553013360387864,0.8230588436126709
4802,b,26,6,3.8629839420318604,0.47546309985694113,1.1907074451446533
4803,b,4,6,4.113921840985616,0.3152307984434083,0.871537446975708
4804,b,4,6,3.6679189205169678,0.1643422563341694,0.4491727352142334
4805,b,37,6,4.20292083422343,0.3766766788585639,0.9426016807556152
4806,b,2,6,3.0549652576446533,0.3175161605510387,0.7296938896179199
4807,b,18,6,4.019571781158447,0.5042113715618362,1.1793465614318848
4808,b,21,6,3.778717041015625,0.508614493640367,1.4439189434051514
4809,b,13,6,3.9342689514160156,0.488357154180893,1.215817928314209
4810,b,4,6,3.325377424558004,0.22985178462228495,0.6609289646148682
4811,a,5,6,3.075898806254069,0.1734787850762846,0.43541955947875977
4812,b,3,6,4.304528911908467,0.32955936114335393,0.8936131000518799
4813,a,7,6,3.7707529862721763,0.1737270814640436,0.4659445285797119
4814,b,38,6,4.115139484405518,0.37970616154482,0.8662467002868652
4815,a,11,6,3.7274377743403115,0.18093513015971097,0.4203493595123291
4816,a,10,6,3.719483971595764,0.3099510514642964,0.7400128841400146
4817,b,36,6,3.821773807207743,0.47852991615335133,1.271068811416626
4818,b,3,6,4.669886827468872,0.47192272496013615,1.2017631530761719
4819,a,0,6,3.62609334786733,0.23491295027306744,0.5853707790374756
4820,b,7,6,3.9645158449808755,0.32649998696494287,0.7738196849822998
4821,a,12,6,4.061333894729614,0.13569795927931075,0.3558030128479004
4822,a,0,6,3.8093400796254477,0.20836004234491695,0.6059727668762207
4823,a,30,6,4.80925456682841,0.12299939525229876,0.3404231071472168
4824,b,10,6,3.8896090586980185,0.28550557581392977,0.7117433547973633
4825,b,2,6,3.5019613107045493,0.3131032652271373,0.7168025970458984
4826,b,26,6,3.837516943613688,0.4187994710359413,1.0626118183135986
4827,b,5,6,3.7520973285039267,0.27814071284486047,0.7459008693695068
4828,b,13,6,3.361062248547872,0.5207642518293978,1.251161813735962
4829,b,11,6,3.667782465616862,0.2248068655442104,0.5719196796417236
4830,b,14,6,3.3979708751042685,0.42132021292037497,1.0380334854125977
4831,b,14,6,3.9015499353408813,0.37313880076857026,0.8938908576965332
4832,b,22,6,3.8507725397745767,0.476426691294838,1.2546231746673584
4833,b,2,6,3.4156618118286133,0.36417267849254337,0.9237136840820312
4834,b,9,6,4.06373397509257,0.5113286988824431,1.4118413925170898
4835,b,3,6,3.472244381904602,0.3834045012667104,0.9529709815979004
4836,b,22,6,4.186227917671204,0.44241803466574153,1.1335432529449463
4837,b,15,6,3.8365811904271445,0.622772978785025,1.427809476852417
4838,b,22,6,4.482263724009196,0.33200654961330855,0.7495040893554688
4839,b,25,6,4.081630349159241,0.41412500158621823,1.00882887840271
4840,b,17,6,4.0652391115824384,0.3033440240618725,0.7706477642059326
4841,b,9,6,4.267989277839661,0.413581364807189,1.0187411308288574
4842,b,13,6,3.3578215837478638,0.31134921799487236,0.8029763698577881
4843,a,13,6,3.9847135146458945,0.19217485638438506,0.4860959053039551
4844,b,14,6,3.225372831026713,0.42013044725443516,1.0492796897888184
4845,b,38,6,3.8011699120203652,0.42383415232293054,1.006361722946167
4846,b,20,6,3.7374759515126548,0.2994243951728128,0.795849084854126
4847,b,1,6,3.4707609017690024,0.2645508467048463,0.6729061603546143
4848,b,21,6,3.5617379744847617,0.418601050889559,1.1245267391204834
4849,b,11,6,3.3163485129674277,0.4676376863469437,1.0644805431365967
4850,a,7,6,3.644006331761678,0.1861077745614834,0.42508792877197266
4851,b,27,6,4.018395860989888,0.3733216328567948,0.870741605758667
4852,b,18,6,4.276253620783488,0.31534190763537634,0.815162181854248
4853,b,8,6,3.069578170776367,0.2929124981902205,0.7417881488800049
4854,b,22,6,4.134094913800557,0.6126327814329176,1.3886067867279053
4855,b,56,6,4.467382828394572,0.38669461351822376,1.023564338684082
4856,a,1,6,4.520939350128174,0.14759765881892295,0.37445688247680664
4857,b,15,6,3.9089686473210654,0.31904802474753047,0.8706424236297607
4858,b,8,6,4.042120059331258,0.4995565506705019,1.24997878074646
4859,b,22,6,3.789247751235962,0.7774669807825527,1.927612543106079
4860,b,43,6,4.1216797431310015,0.5743414731518747,1.5285639762878418
4861,a,13,6,3.861485719680786,0.19355893434144522,0.45963573455810547
4862,b,19,6,4.4508851369222,0.2785545798897239,0.6605129241943359
4863,b,8,6,3.3686763842900596,0.35126206649553965,0.9139268398284912
4864,b,13,6,3.6965008974075317,0.2801337765285265,0.7314639091491699
4865,b,10,6,4.1118336121241255,0.33838839673951626,0.832108736038208
4866,b,0,6,3.6292562087376914,0.4508005019018178,1.0564265251159668
4867,b,24,6,4.338719129562378,0.46110074396065676,1.2638163566589355
4868,b,32,6,4.226523915926616,0.3184268596127179,0.8497490882873535
4869,b,11,6,4.103451093037923,0.43279321442736096,1.1223423480987549
4870,b,13,6,3.8793527682622275,0.5261647027290381,1.2613041400909424
4871,a,2,6,3.9226421117782593,0.4907149911338793,1.2201621532440186
4872,b,32,6,3.6918375889460244,0.37537184770800885,1.0653491020202637
4873,b,27,6,3.326515793800354,0.38627157651428135,0.9290800094604492
4874,b,11,6,3.772344628969828,0.3962896317707706,1.0131945610046387
4875,b,8,6,3.3392039140065513,0.4719344203972214,1.256310224533081
4876,b,44,6,4.061916669209798,0.3689470559879179,0.8522782325744629
4877,b,9,6,3.496753533681234,0.5128921095608164,1.2903575897216797
4878,a,26,6,3.9640591541926065,0.3805880815928707,0.9353768825531006
4879,b,16,6,3.6481869220733643,0.4496123638201627,1.0696275234222412
4880,b,6,6,3.6086968580881753,0.18673854112831376,0.4746558666229248
4881,b,16,6,4.1985790729522705,0.4641923742479486,1.3068325519561768
4882,b,36,6,3.970981001853943,0.4143066126513359,1.0894012451171875
4883,b,33,6,3.896009882291158,0.5281920397386975,1.2854037284851074
4884,b,25,6,3.5198843081792197,0.5681428264645266,1.542083978652954
4885,b,15,6,3.076435605684916,0.44648697799905523,1.096369981765747
4886,b,29,6,4.578298330307007,0.3500137710134284,0.9207277297973633
4887,b,11,6,4.289768536885579,0.48195593916768664,1.1969521045684814
4888,b,17,6,4.194728970527649,0.4127522385792876,0.9697976112365723
4889,a,13,6,3.9558298190434775,0.2500827133712278,0.6556711196899414
4890,b,35,6,4.422369400660197,0.2795020551977692,0.7201786041259766
4891,a,14,6,3.6077955961227417,0.21857278572715147,0.5123209953308105
4892,a,4,6,3.349419434865316,0.31356776951702253,0.7486152648925781
4893,b,3,6,4.297837853431702,0.5733561145516668,1.4208903312683105
4894,b,16,6,3.7512046496073403,0.36752515199148694,0.9200291633605957
4895,a,14,6,3.9847431977589927,0.24405534166259418,0.6360146999359131
4896,b,19,6,3.4816691478093467,0.4161025345280296,1.0783259868621826
4897,a,8,6,3.249762256940206,0.1699095437662606,0.4381418228149414
4898,b,1,6,3.1628071069717407,0.5891255133979308,1.4702270030975342
4899,b,23,6,4.099826415379842,0.35368740486381955,0.9253439903259277
4900,b,21,6,4.0758351882298784,0.46725769511225296,1.2689931392669678
4901,b,18,6,3.4081521034240723,0.3819832439289019,1.04164457321167
4902,b,7,6,3.3988449573516846,0.3787770589791778,0.9864218235015869
4903,a,15,6,3.7755800088246665,0.19163543666937025,0.440065860748291
4904,b,31,6,4.1952446301778155,0.4025020321451444,1.0340211391448975
4905,a,7,6,3.544069488843282,0.38452791899798044,0.9141693115234375
4906,a,3,6,3.7096309264500937,0.16550476251720936,0.4215824604034424
4907,a,25,6,4.359105110168457,0.2902171699663058,0.7162599563598633
4908,b,16,6,3.600537339846293,0.2087175019892159,0.5599005222320557
4909,b,27,6,3.9025156497955322,0.45552676113928214,1.1232669353485107
4910,b,23,6,4.1572258075078325,0.2573759780813566,0.7050089836120605
4911,b,15,6,4.18445360660553,0.4444346306477594,1.1413445472717285
4912,b,4,6,4.233199119567871,0.39677462699520755,1.0119152069091797
4913,b,44,6,4.1051193078358965,0.32959366983360605,0.8240182399749756
4914,b,14,6,3.861292322476705,0.33472144271010973,0.8700339794158936
4915,b,4,6,4.032320777575175,0.2444842731374209,0.5773220062255859
4916,b,5,6,3.3965203762054443,0.21066804203188633,0.5343115329742432
4917,b,10,6,4.2373552322387695,0.23308179097861606,0.5690288543701172
4918,a,0,6,4.268028338750203,0.2656860118723526,0.6942226886749268
4919,b,32,6,3.908562501271566,0.4787349710582151,1.1776177883148193
4920,a,0,6,3.2407772143681846,0.16940564509884098,0.4302947521209717
4921,b,9,6,3.598154822985331,0.3877369407083617,0.9985818862915039
4922,b,37,6,4.1302443742752075,0.4190178794533414,1.1013731956481934
4923,b,16,6,3.9965128898620605,0.3560265471802079,0.9530074596405029
4924,b,20,6,4.061756491661072,0.31997990852185876,0.827070951461792
4925,a,24,6,4.62957231203715,0.29849283331920246,0.7528738975524902
4926,b,27,6,4.206928133964539,0.3779196062738028,0.8977651596069336
4927,b,14,6,4.0552215576171875,0.3103978531011142,0.7066652774810791
4928,b,30,6,4.176010012626648,0.4022930166014265,1.0480196475982666
4929,b,8,6,3.8554982344309487,0.30306228368015525,0.7258846759796143
4930,b,21,6,2.9591458638509116,0.377951836087744,0.9361615180969238
4931,a,17,6,4.479094425837199,0.2562308962983467,0.6467041969299316
4932,b,10,6,3.6598623991012573,0.4017939081539272,0.9638388156890869
4933,b,13,6,4.327894687652588,0.3471880893090827,0.8455991744995117
4934,b,14,6,3.4374807278315225,0.4042638604568212,1.0011019706726074
4935,b,21,6,4.006346742312114,0.5674863463166769,1.4494049549102783
4936,b,26,6,4.695894161860148,0.2902770440737915,0.7471652030944824
4937,b,13,6,3.354300061861674,0.35416961199740066,0.8453950881958008
4938,a,1,6,3.290484070777893,0.12806191341985285,0.31984567642211914
4939,b,17,6,4.083531737327576,0.39314455073540133,0.986555814743042
4940,b,10,6,3.3015874226888022,0.3639488687697589,0.8919024467468262
4941,b,5,6,4.216960986455281,0.3451585856826616,0.8659214973449707
4942,a,16,6,4.433626810709636,0.29476057922757837,0.6476631164550781
4943,b,37,6,3.908215641975403,0.4962361787419435,1.3063697814941406
4944,b,42,6,4.562593738238017,0.43774415946498557,1.171349287033081
4945,b,26,6,3.9650173584620156,0.32824068755460495,0.9166762828826904
4946,b,11,6,3.8476151625315347,0.2931277347977489,0.7151124477386475
4947,a,32,6,4.473566611607869,0.22610334971732837,0.535285472869873
4948,b,12,6,4.070792396863301,0.4089295705630595,1.0176539421081543
4949,a,14,6,4.332041382789612,0.2679059333555874,0.6960995197296143
4950,b,28,6,3.7704437176386514,0.448801389853824,1.1622560024261475
4951,a,1,6,4.034359335899353,0.10466930101080618,0.2819209098815918
4952,b,8,6,3.274538278579712,0.3861363989172443,0.8888366222381592
4953,a,26,6,4.4034474690755205,0.20606368081672277,0.5384354591369629
4954,b,13,6,4.043201406796773,0.2181579657118165,0.6367173194885254
4955,b,33,6,4.263043800989787,0.4321347761063331,1.0677838325500488
4956,a,24,6,4.199026783307393,0.20547975837139099,0.4938323497772217
4957,b,13,6,4.182386954625447,0.49540212445904636,1.1308586597442627
4958,b,13,6,3.7032376527786255,0.4688045827658889,1.10239577293396
4959,b,17,6,2.9223602612813315,0.3863111442591169,0.904979944229126
4960,b,27,6,4.117503364880879,0.3579815318403382,0.9064316749572754
4961,a,26,6,4.299266497294108,0.14347293275194214,0.3421945571899414
4962,a,24,6,4.49539573987325,0.22989691677717888,0.5961427688598633
4963,b,4,6,3.7735272645950317,0.25772914151220644,0.6165173053741455
4964,b,25,6,3.786257743835449,0.26632557813077956,0.7084522247314453
4965,b,25,6,3.715268611907959,0.36764424030830756,0.921032190322876
4966,b,36,6,4.052860061327617,0.3365637767272412,0.8572909832000732
4967,b,58,6,4.372576673825582,0.3948179316737607,1.0411372184753418
4968,b,20,6,3.139394481976827,0.39929409971285407,0.9857871532440186
4969,b,13,6,3.9534213145573935,0.3334794509466518,0.8630554676055908
4970,b,28,6,3.997166315714518,0.5358669497373058,1.2533314228057861
4971,b,26,6,4.2247679233551025,0.2856143986306191,0.7053253650665283
4972,b,33,6,3.9984240531921387,0.4381766637465394,1.195392370223999
4973,b,13,6,4.217338760693868,0.4449524404285035,1.151304006576538
4974,b,4,6,4.45390788714091,0.47750547915068287,1.2388348579406738
4975,b,9,6,4.055138071378072,0.5359392868798174,1.2366445064544678
4976,b,35,6,3.993293285369873,0.32712140915578486,0.8461771011352539
4977,b,1,6,3.491870323816935,0.3719780833464624,0.9284446239471436
4978,a,40,6,4.470308780670166,0.30880497875853197,0.7012042999267578
4979,b,5,6,3.7109479109446206,0.35563789567784443,0.8434994220733643
4980,b,9,6,4.162309487660726,0.30259942334615003,0.7275879383087158
4981,a,11,6,3.627421577771505,0.14209655899578247,0.35322070121765137
4982,b,11,6,3.384800752003988,0.373497218202535,1.0042390823364258
4983,b,10,6,3.766571839650472,0.42947034248943805,1.153174638748169
4984,a,2,6,3.5554105838139853,0.31898502503751197,0.7986242771148682
4985,b,9,6,3.9936293363571167,0.5911884418761647,1.4773585796356201
4986,b,13,6,4.03541624546051,0.2978017094661116,0.8264074325561523
4987,b,22,6,3.5601700146993003,0.46542085808636147,1.4407896995544434
4988,b,35,6,4.39102844397227,0.313044459436076,0.8345706462860107
4989,b,17,6,4.4106911818186445,0.28970605603547706,0.7611026763916016
4990,b,22,6,3.993920008341471,0.466818043359455,1.2269210815429688
4991,b,13,6,3.5016940434773765,0.5256413828081653,1.3378703594207764
4992,a,8,6,3.621643900871277,0.17120186470482088,0.43599462509155273
4993,b,14,6,4.092536409695943,0.36752147319962625,0.9513809680938721
4994,b,21,6,4.063603560129802,0.280802805763241,0.7023775577545166
4995,b,37,6,4.342686851819356,0.3354264276970182,0.9384768009185791
4996,a,2,6,3.896146853764852,0.33360680444876384,0.8194456100463867
4997,a,14,6,3.890246351559957,0.10168228587083433,0.26173973083496094
4998,b,7,6,4.485832452774048,0.4277541786056827,1.0414223670959473
4999,b,14,6,3.8889530499776206,0.4223135651731771,1.0885026454925537
5000,a,2,6,3.7550357977549234,0.18465013142929193,0.44503045082092285
5001,b,1,6,3.4334524869918823,0.4335328981951989,1.0894365310668945
5002,b,10,6,3.430278698603312,0.4345190694175253,1.0684237480163574
5003,b,6,6,4.0429527759552,0.3570512410886519,0.8807992935180664
5004,b,12,6,4.086298743883769,0.3636483336168748,0.9276876449584961
5005,a,2,6,3.5545596281687417,0.418675007414324,1.1127581596374512
5006,a,28,6,4.241854985555013,0.13783147856777883,0.3637733459472656
