mol_idx,frequency,bucket,uq,top_score,error
0,42,3) common (21-100),0.22899999999999998,0.771,0
1,323,4) very common (100+),0.619,0.381,1
2,157,4) very common (100+),0.11599999999999999,0.884,0
3,323,4) very common (100+),0.254,0.746,1
4,76,3) common (21-100),0.29100000000000004,0.709,0
5,157,4) very common (100+),0.512,0.488,0
6,109,4) very common (100+),0.16000000000000003,0.84,0
7,42,3) common (21-100),0.18600000000000005,0.814,0
8,157,4) very common (100+),0.04600000000000004,0.954,0
9,413,4) very common (100+),0.44099999999999995,0.559,0
10,413,4) very common (100+),0.375,0.625,0
11,47,3) common (21-100),0.8160000000000001,0.184,0
12,413,4) very common (100+),0.501,0.499,1
13,41,3) common (21-100),0.05800000000000005,0.942,0
14,413,4) very common (100+),0.6699999999999999,0.33,0
15,6,2) rare (6-20),0.698,0.302,1
16,452,4) very common (100+),0.31799999999999995,0.682,1
17,88,3) common (21-100),0.637,0.363,1
18,8,2) rare (6-20),0.9,0.1,1
19,452,4) very common (100+),0.795,0.205,1
20,48,3) common (21-100),0.478,0.522,0
21,142,4) very common (100+),0.732,0.268,1
22,15,2) rare (6-20),0.6890000000000001,0.311,1
23,900,4) very common (100+),0.685,0.315,0
24,452,4) very common (100+),0.833,0.167,0
25,900,4) very common (100+),0.46699999999999997,0.533,0
26,452,4) very common (100+),0.833,0.167,0
27,265,4) very common (100+),0.736,0.264,1
28,146,4) very common (100+),0.688,0.312,1
29,157,4) very common (100+),0.41500000000000004,0.585,0
30,452,4) very common (100+),0.486,0.514,1
31,900,4) very common (100+),0.30300000000000005,0.697,0
32,1277,4) very common (100+),0.14400000000000002,0.856,0
33,1277,4) very common (100+),0.10699999999999998,0.893,0
34,1277,4) very common (100+),0.395,0.605,1
35,573,4) very common (100+),0.41500000000000004,0.585,1
36,1277,4) very common (100+),0.125,0.875,0
37,573,4) very common (100+),0.358,0.642,0
38,212,4) very common (100+),0.5509999999999999,0.449,1
39,157,4) very common (100+),0.06299999999999994,0.937,0
40,442,4) very common (100+),0.07899999999999996,0.921,0
41,41,3) common (21-100),0.031000000000000028,0.969,0
42,4537,4) very common (100+),0.31899999999999995,0.681,0
43,955,4) very common (100+),0.42200000000000004,0.578,1
44,2537,4) very common (100+),0.596,0.404,1
45,43,3) common (21-100),0.515,0.485,1
46,1299,4) very common (100+),0.844,0.156,1
47,287,4) very common (100+),0.827,0.173,1
48,452,4) very common (100+),0.518,0.482,0
49,1916,4) very common (100+),0.402,0.598,0
50,258,4) very common (100+),0.392,0.608,1
51,28,3) common (21-100),0.6970000000000001,0.303,1
52,4537,4) very common (100+),0.31000000000000005,0.69,1
53,265,4) very common (100+),0.401,0.599,0
54,1916,4) very common (100+),0.482,0.518,0
55,1299,4) very common (100+),0.119,0.881,1
56,4537,4) very common (100+),0.08599999999999997,0.914,1
57,573,4) very common (100+),0.05500000000000005,0.945,0
58,258,4) very common (100+),0.79,0.21,1
59,433,4) very common (100+),0.673,0.327,1
60,955,4) very common (100+),0.505,0.495,1
61,4537,4) very common (100+),0.257,0.743,0
62,828,4) very common (100+),0.136,0.864,0
63,7,2) rare (6-20),0.7030000000000001,0.297,1
64,2537,4) very common (100+),0.5920000000000001,0.408,1
65,4537,4) very common (100+),0.5369999999999999,0.463,1
66,42,3) common (21-100),0.30400000000000005,0.696,1
67,1916,4) very common (100+),0.503,0.497,1
68,924,4) very common (100+),0.5760000000000001,0.424,1
69,4537,4) very common (100+),0.6659999999999999,0.334,1
70,782,4) very common (100+),0.17300000000000004,0.827,0
71,4537,4) very common (100+),0.43700000000000006,0.563,1
72,56,3) common (21-100),0.5469999999999999,0.453,1
73,955,4) very common (100+),0.7030000000000001,0.297,1
74,2537,4) very common (100+),0.08799999999999997,0.912,0
75,40,3) common (21-100),0.46699999999999997,0.533,1
76,4537,4) very common (100+),0.383,0.617,0
77,804,4) very common (100+),0.698,0.302,0
78,1277,4) very common (100+),0.10299999999999998,0.897,0
79,900,4) very common (100+),0.484,0.516,1
80,1916,4) very common (100+),0.29900000000000004,0.701,0
81,119,4) very common (100+),0.708,0.292,1
82,924,4) very common (100+),0.15100000000000002,0.849,0
83,264,4) very common (100+),0.44399999999999995,0.556,0
84,174,4) very common (100+),0.32299999999999995,0.677,0
85,2537,4) very common (100+),0.601,0.399,1
86,2537,4) very common (100+),0.34099999999999997,0.659,1
87,2,1) very rare (1-5),0.765,0.235,0
88,1277,4) very common (100+),0.16000000000000003,0.84,0
89,413,4) very common (100+),0.33599999999999997,0.664,1
90,4537,4) very common (100+),0.394,0.606,0
91,40,3) common (21-100),0.579,0.421,1
92,287,4) very common (100+),0.581,0.419,0
93,235,4) very common (100+),0.737,0.263,1
94,196,4) very common (100+),0.61,0.39,0
95,924,4) very common (100+),0.11299999999999999,0.887,1
96,804,4) very common (100+),0.261,0.739,0
97,1299,4) very common (100+),0.22399999999999998,0.776,0
98,446,4) very common (100+),0.0040000000000000036,0.996,0
99,2537,4) very common (100+),0.20999999999999996,0.79,1
100,4537,4) very common (100+),0.22399999999999998,0.776,0
101,782,4) very common (100+),0.09499999999999997,0.905,0
102,782,4) very common (100+),0.667,0.333,0
103,433,4) very common (100+),0.742,0.258,1
104,782,4) very common (100+),0.365,0.635,0
105,2537,4) very common (100+),0.723,0.277,1
106,28,3) common (21-100),0.876,0.124,1
107,900,4) very common (100+),0.399,0.601,0
108,31,3) common (21-100),0.594,0.406,1
109,924,4) very common (100+),0.629,0.371,0
110,566,4) very common (100+),0.031000000000000028,0.969,0
111,782,4) very common (100+),0.18700000000000006,0.813,0
112,264,4) very common (100+),0.041000000000000036,0.959,0
113,119,4) very common (100+),0.22999999999999998,0.77,1
114,174,4) very common (100+),0.623,0.377,1
115,6,2) rare (6-20),0.585,0.415,1
116,4537,4) very common (100+),0.29200000000000004,0.708,0
117,452,4) very common (100+),0.30900000000000005,0.691,0
118,1299,4) very common (100+),0.855,0.145,0
119,4537,4) very common (100+),0.43300000000000005,0.567,0
120,4537,4) very common (100+),0.556,0.444,0
121,924,4) very common (100+),0.611,0.389,1
122,1,1) very rare (1-5),0.992,0.008,1
123,828,4) very common (100+),0.351,0.649,0
124,142,4) very common (100+),0.534,0.466,0
125,1299,4) very common (100+),0.43600000000000005,0.564,0
126,323,4) very common (100+),0.6619999999999999,0.338,0
127,2537,4) very common (100+),0.6819999999999999,0.318,0
128,433,4) very common (100+),0.625,0.375,1
129,782,4) very common (100+),0.493,0.507,1
130,955,4) very common (100+),0.482,0.518,0
131,1277,4) very common (100+),0.08999999999999997,0.91,0
132,573,4) very common (100+),0.5820000000000001,0.418,1
133,48,3) common (21-100),0.394,0.606,0
134,30,3) common (21-100),0.492,0.508,1
135,1277,4) very common (100+),0.23099999999999998,0.769,0
136,91,3) common (21-100),0.09399999999999997,0.906,0
137,16,2) rare (6-20),0.856,0.144,1
138,1277,4) very common (100+),0.09899999999999998,0.901,0
139,804,4) very common (100+),0.534,0.466,0
140,52,3) common (21-100),0.04300000000000004,0.957,0
141,12,2) rare (6-20),0.643,0.357,1
142,1277,4) very common (100+),0.51,0.49,1
143,955,4) very common (100+),0.474,0.526,0
144,573,4) very common (100+),0.21099999999999997,0.789,1
145,553,4) very common (100+),0.665,0.335,0
146,41,3) common (21-100),0.749,0.251,1
147,2537,4) very common (100+),0.554,0.446,0
148,782,4) very common (100+),0.6890000000000001,0.311,0
149,323,4) very common (100+),0.08599999999999997,0.914,0
150,40,3) common (21-100),0.74,0.26,1
151,366,4) very common (100+),0.040000000000000036,0.96,0
152,4537,4) very common (100+),0.585,0.415,1
153,4537,4) very common (100+),0.528,0.472,0
154,1277,4) very common (100+),0.09299999999999997,0.907,0
155,4537,4) very common (100+),0.399,0.601,0
156,782,4) very common (100+),0.17300000000000004,0.827,1
157,21,3) common (21-100),0.32199999999999995,0.678,1
158,452,4) very common (100+),0.831,0.169,1
159,1916,4) very common (100+),0.597,0.403,0
160,1916,4) very common (100+),0.05500000000000005,0.945,0
161,955,4) very common (100+),0.6619999999999999,0.338,0
162,2537,4) very common (100+),0.277,0.723,1
163,413,4) very common (100+),0.484,0.516,0
164,42,3) common (21-100),0.6890000000000001,0.311,1
165,2537,4) very common (100+),0.06699999999999995,0.933,0
166,452,4) very common (100+),0.637,0.363,0
167,42,3) common (21-100),0.18500000000000005,0.815,1
168,1277,4) very common (100+),0.17700000000000005,0.823,0
169,1916,4) very common (100+),0.521,0.479,0
170,442,4) very common (100+),0.7030000000000001,0.297,1
171,307,4) very common (100+),0.64,0.36,0
172,4537,4) very common (100+),0.371,0.629,0
173,553,4) very common (100+),0.41600000000000004,0.584,0
174,164,4) very common (100+),0.10399999999999998,0.896,1
175,1916,4) very common (100+),0.5,0.5,0
176,1299,4) very common (100+),0.5640000000000001,0.436,1
177,5,1) very rare (1-5),0.589,0.411,1
178,566,4) very common (100+),0.16500000000000004,0.835,0
179,566,4) very common (100+),0.013000000000000012,0.987,1
180,900,4) very common (100+),0.23199999999999998,0.768,1
181,307,4) very common (100+),0.364,0.636,1
182,1299,4) very common (100+),0.54,0.46,0
183,1299,4) very common (100+),0.614,0.386,1
184,573,4) very common (100+),0.22299999999999998,0.777,0
185,452,4) very common (100+),0.269,0.731,0
186,828,4) very common (100+),0.34299999999999997,0.657,0
187,323,4) very common (100+),0.604,0.396,1
188,4537,4) very common (100+),0.06699999999999995,0.933,1
189,16,2) rare (6-20),0.599,0.401,1
190,924,4) very common (100+),0.675,0.325,1
191,804,4) very common (100+),0.42700000000000005,0.573,1
192,27,3) common (21-100),0.8089999999999999,0.191,1
193,828,4) very common (100+),0.359,0.641,0
194,1916,4) very common (100+),0.344,0.656,1
195,1299,4) very common (100+),0.28300000000000003,0.717,0
196,4537,4) very common (100+),0.05300000000000005,0.947,0
197,1916,4) very common (100+),0.357,0.643,0
198,4537,4) very common (100+),0.17200000000000004,0.828,0
199,955,4) very common (100+),0.32699999999999996,0.673,1
200,1299,4) very common (100+),0.43000000000000005,0.57,0
201,1277,4) very common (100+),0.344,0.656,0
202,1299,4) very common (100+),0.401,0.599,0
203,52,3) common (21-100),0.723,0.277,1
204,924,4) very common (100+),0.5920000000000001,0.408,0
205,264,4) very common (100+),0.139,0.861,0
206,1277,4) very common (100+),0.07399999999999995,0.926,0
207,32,3) common (21-100),0.599,0.401,0
208,4537,4) very common (100+),0.389,0.611,0
209,56,3) common (21-100),0.352,0.648,1
210,142,4) very common (100+),0.5389999999999999,0.461,0
211,924,4) very common (100+),0.708,0.292,1
212,1797,4) very common (100+),0.44599999999999995,0.554,0
213,1797,4) very common (100+),0.355,0.645,0
214,1797,4) very common (100+),0.44399999999999995,0.556,0
215,6,2) rare (6-20),0.654,0.346,1
216,955,4) very common (100+),0.362,0.638,0
217,385,4) very common (100+),0.32199999999999995,0.678,1
218,1797,4) very common (100+),0.484,0.516,1
219,1123,4) very common (100+),0.404,0.596,1
220,91,3) common (21-100),0.45899999999999996,0.541,0
221,4537,4) very common (100+),0.33199999999999996,0.668,0
222,1123,4) very common (100+),0.21399999999999997,0.786,1
223,307,4) very common (100+),0.643,0.357,0
224,2537,4) very common (100+),0.474,0.526,1
225,1493,4) very common (100+),0.808,0.192,1
226,782,4) very common (100+),0.615,0.385,1
227,804,4) very common (100+),0.21499999999999997,0.785,1
228,1,1) very rare (1-5),0.763,0.237,1
229,385,4) very common (100+),0.677,0.323,1
230,1797,4) very common (100+),0.52,0.48,0
231,804,4) very common (100+),0.608,0.392,1
232,4537,4) very common (100+),0.33799999999999997,0.662,0
233,1123,4) very common (100+),0.42900000000000005,0.571,1
234,91,3) common (21-100),0.262,0.738,0
235,1277,4) very common (100+),0.585,0.415,0
236,1797,4) very common (100+),0.248,0.752,0
237,1797,4) very common (100+),0.5900000000000001,0.41,1
238,446,4) very common (100+),0.0030000000000000027,0.997,0
239,1797,4) very common (100+),0.527,0.473,1
240,307,4) very common (100+),0.914,0.086,1
241,265,4) very common (100+),0.536,0.464,1
242,457,4) very common (100+),0.21799999999999997,0.782,1
243,955,4) very common (100+),0.654,0.346,0
244,1123,4) very common (100+),0.624,0.376,0
245,1123,4) very common (100+),0.43300000000000005,0.567,0
246,52,3) common (21-100),0.039000000000000035,0.961,0
247,1123,4) very common (100+),0.345,0.655,0
248,265,4) very common (100+),0.266,0.734,1
249,13,2) rare (6-20),0.7130000000000001,0.287,1
250,452,4) very common (100+),0.345,0.655,0
251,2537,4) very common (100+),0.16700000000000004,0.833,0
252,924,4) very common (100+),0.514,0.486,1
253,1123,4) very common (100+),0.378,0.622,0
254,258,4) very common (100+),0.785,0.215,1
255,385,4) very common (100+),0.252,0.748,1
256,307,4) very common (100+),0.475,0.525,0
257,955,4) very common (100+),0.65,0.35,1
258,457,4) very common (100+),0.6890000000000001,0.311,0
259,1299,4) very common (100+),0.46399999999999997,0.536,0
260,393,4) very common (100+),0.257,0.743,0
261,153,4) very common (100+),0.51,0.49,1
262,452,4) very common (100+),0.389,0.611,0
263,1123,4) very common (100+),0.6659999999999999,0.334,1
264,1277,4) very common (100+),0.739,0.261,0
265,1916,4) very common (100+),0.74,0.26,0
266,955,4) very common (100+),0.61,0.39,0
267,366,4) very common (100+),0.009000000000000008,0.991,0
268,828,4) very common (100+),0.5860000000000001,0.414,1
269,452,4) very common (100+),0.76,0.24,1
270,1797,4) very common (100+),0.5740000000000001,0.426,1
271,900,4) very common (100+),0.524,0.476,0
272,4537,4) very common (100+),0.494,0.506,1
273,196,4) very common (100+),0.714,0.286,0
274,955,4) very common (100+),0.563,0.437,0
275,258,4) very common (100+),0.522,0.478,1
276,828,4) very common (100+),0.789,0.211,0
277,573,4) very common (100+),0.19799999999999995,0.802,0
278,1299,4) very common (100+),0.704,0.296,0
279,4537,4) very common (100+),0.33099999999999996,0.669,1
280,0,1) very rare (1-5),0.33599999999999997,0.664,1
281,193,4) very common (100+),0.512,0.488,1
282,2537,4) very common (100+),0.392,0.608,1
283,4537,4) very common (100+),0.22899999999999998,0.771,0
284,1277,4) very common (100+),0.129,0.871,0
285,193,4) very common (100+),0.747,0.253,1
286,1797,4) very common (100+),0.277,0.723,0
287,457,4) very common (100+),0.492,0.508,1
288,111,4) very common (100+),0.602,0.398,1
289,59,3) common (21-100),0.38,0.62,1
290,107,4) very common (100+),0.53,0.47,1
291,15,2) rare (6-20),0.656,0.344,1
292,955,4) very common (100+),0.554,0.446,0
293,2537,4) very common (100+),0.5780000000000001,0.422,1
294,2537,4) very common (100+),0.779,0.221,1
295,566,4) very common (100+),0.16700000000000004,0.833,0
296,245,4) very common (100+),0.44299999999999995,0.557,0
297,2537,4) very common (100+),0.45499999999999996,0.545,1
298,26,3) common (21-100),0.18200000000000005,0.818,1
299,153,4) very common (100+),0.12,0.88,0
300,19,2) rare (6-20),0.673,0.327,1
301,258,4) very common (100+),0.5800000000000001,0.42,1
302,307,4) very common (100+),0.789,0.211,1
303,1277,4) very common (100+),0.238,0.762,0
304,1299,4) very common (100+),0.474,0.526,0
305,2,1) very rare (1-5),0.772,0.228,1
306,566,4) very common (100+),0.248,0.752,0
307,924,4) very common (100+),0.565,0.435,1
308,0,1) very rare (1-5),0.33499999999999996,0.665,1
309,4537,4) very common (100+),0.268,0.732,0
310,804,4) very common (100+),0.607,0.393,1
311,442,4) very common (100+),0.8180000000000001,0.182,1
312,393,4) very common (100+),0.508,0.492,0
313,900,4) very common (100+),0.632,0.368,0
314,271,4) very common (100+),0.21599999999999997,0.784,1
315,1797,4) very common (100+),0.624,0.376,0
316,30,3) common (21-100),0.255,0.745,1
317,1277,4) very common (100+),0.29200000000000004,0.708,0
318,955,4) very common (100+),0.118,0.882,0
319,30,3) common (21-100),0.648,0.352,1
320,4537,4) very common (100+),0.06899999999999995,0.931,0
321,108,4) very common (100+),0.507,0.493,1
322,955,4) very common (100+),0.43500000000000005,0.565,1
323,49,3) common (21-100),0.41400000000000003,0.586,0
324,955,4) very common (100+),0.20899999999999996,0.791,1
325,955,4) very common (100+),0.7010000000000001,0.299,0
326,109,4) very common (100+),0.42100000000000004,0.579,0
327,323,4) very common (100+),0.44699999999999995,0.553,1
328,1277,4) very common (100+),0.17700000000000005,0.823,0
329,553,4) very common (100+),0.669,0.331,0
330,1277,4) very common (100+),0.391,0.609,0
331,2537,4) very common (100+),0.29400000000000004,0.706,0
332,1277,4) very common (100+),0.06000000000000005,0.94,0
333,1299,4) very common (100+),0.238,0.762,0
334,782,4) very common (100+),0.514,0.486,0
335,924,4) very common (100+),0.5609999999999999,0.439,0
336,385,4) very common (100+),0.8069999999999999,0.193,0
337,1277,4) very common (100+),0.09699999999999998,0.903,1
338,1299,4) very common (100+),0.526,0.474,1
339,154,4) very common (100+),0.19299999999999995,0.807,1
340,1493,4) very common (100+),0.43899999999999995,0.561,0
341,433,4) very common (100+),0.27,0.73,1
342,1797,4) very common (100+),0.45099999999999996,0.549,0
343,1916,4) very common (100+),0.254,0.746,1
344,1493,4) very common (100+),0.46399999999999997,0.536,1
345,452,4) very common (100+),0.606,0.394,1
346,1123,4) very common (100+),0.348,0.652,1
347,1277,4) very common (100+),0.43899999999999995,0.561,1
348,0,1) very rare (1-5),0.19299999999999995,0.807,1
349,111,4) very common (100+),0.804,0.196,1
350,4537,4) very common (100+),0.8109999999999999,0.189,0
351,385,4) very common (100+),0.786,0.214,0
352,193,4) very common (100+),0.7170000000000001,0.283,1
353,573,4) very common (100+),0.30200000000000005,0.698,0
354,452,4) very common (100+),0.11599999999999999,0.884,0
355,37,3) common (21-100),0.09899999999999998,0.901,0
356,15,2) rare (6-20),0.52,0.48,0
357,924,4) very common (100+),0.41400000000000003,0.586,0
358,366,4) very common (100+),0.271,0.729,0
359,955,4) very common (100+),0.21899999999999997,0.781,0
360,442,4) very common (100+),0.607,0.393,0
361,1277,4) very common (100+),0.15800000000000003,0.842,0
362,804,4) very common (100+),0.631,0.369,0
363,828,4) very common (100+),0.14800000000000002,0.852,0
364,1797,4) very common (100+),0.388,0.612,0
365,1299,4) very common (100+),0.753,0.247,1
366,442,4) very common (100+),0.039000000000000035,0.961,1
367,1493,4) very common (100+),0.663,0.337,0
368,23,3) common (21-100),0.41100000000000003,0.589,1
369,1916,4) very common (100+),0.42400000000000004,0.576,0
370,573,4) very common (100+),0.7030000000000001,0.297,0
371,385,4) very common (100+),0.513,0.487,0
372,4537,4) very common (100+),0.125,0.875,0
373,1123,4) very common (100+),0.22999999999999998,0.77,1
374,46,3) common (21-100),0.42800000000000005,0.572,0
375,1797,4) very common (100+),0.6890000000000001,0.311,1
376,4537,4) very common (100+),0.17500000000000004,0.825,0
377,142,4) very common (100+),0.634,0.366,1
378,196,4) very common (100+),0.486,0.514,1
379,955,4) very common (100+),0.5589999999999999,0.441,1
380,1797,4) very common (100+),0.606,0.394,0
381,2537,4) very common (100+),0.41000000000000003,0.59,0
382,1797,4) very common (100+),0.685,0.315,0
383,1797,4) very common (100+),0.355,0.645,0
384,307,4) very common (100+),0.45299999999999996,0.547,0
385,2537,4) very common (100+),0.6779999999999999,0.322,1
386,271,4) very common (100+),0.29700000000000004,0.703,1
387,2537,4) very common (100+),0.276,0.724,0
388,4537,4) very common (100+),0.47,0.53,0
389,1277,4) very common (100+),0.06699999999999995,0.933,0
390,955,4) very common (100+),0.377,0.623,0
391,2537,4) very common (100+),0.17300000000000004,0.827,0
392,1299,4) very common (100+),0.38,0.62,0
393,828,4) very common (100+),0.11699999999999999,0.883,1
394,1123,4) very common (100+),0.45099999999999996,0.549,1
395,452,4) very common (100+),0.30600000000000005,0.694,0
396,228,4) very common (100+),0.644,0.356,0
397,442,4) very common (100+),0.08399999999999996,0.916,1
398,804,4) very common (100+),0.15400000000000003,0.846,1
399,433,4) very common (100+),0.7,0.3,1
400,153,4) very common (100+),0.20199999999999996,0.798,0
401,924,4) very common (100+),0.51,0.49,0
402,142,4) very common (100+),0.494,0.506,1
403,4537,4) very common (100+),0.249,0.751,0
404,2537,4) very common (100+),0.746,0.254,0
405,4537,4) very common (100+),0.41400000000000003,0.586,0
406,4537,4) very common (100+),0.532,0.468,0
407,14,2) rare (6-20),0.776,0.224,1
408,1493,4) very common (100+),0.06499999999999995,0.935,0
409,1797,4) very common (100+),0.132,0.868,0
410,76,3) common (21-100),0.41500000000000004,0.585,0
411,258,4) very common (100+),0.28200000000000003,0.718,1
412,29,3) common (21-100),0.364,0.636,0
413,287,4) very common (100+),0.395,0.605,1
414,245,4) very common (100+),0.8089999999999999,0.191,1
415,265,4) very common (100+),0.629,0.371,1
416,1123,4) very common (100+),0.5369999999999999,0.463,0
417,442,4) very common (100+),0.591,0.409,1
418,235,4) very common (100+),0.768,0.232,0
419,573,4) very common (100+),0.5609999999999999,0.439,0
420,452,4) very common (100+),0.30400000000000005,0.696,0
421,457,4) very common (100+),0.35,0.65,0
422,553,4) very common (100+),0.698,0.302,1
423,271,4) very common (100+),0.269,0.731,1
424,287,4) very common (100+),0.265,0.735,1
425,828,4) very common (100+),0.792,0.208,0
426,265,4) very common (100+),0.748,0.252,0
427,457,4) very common (100+),0.5660000000000001,0.434,1
428,0,1) very rare (1-5),0.708,0.292,1
429,1123,4) very common (100+),0.31100000000000005,0.689,0
430,119,4) very common (100+),0.726,0.274,1
431,1916,4) very common (100+),0.764,0.236,0
432,1797,4) very common (100+),0.365,0.635,0
433,1123,4) very common (100+),0.44899999999999995,0.551,0
434,88,3) common (21-100),0.714,0.286,1
435,442,4) very common (100+),0.64,0.36,0
436,307,4) very common (100+),0.73,0.27,1
437,196,4) very common (100+),0.65,0.35,1
438,2537,4) very common (100+),0.131,0.869,1
439,228,4) very common (100+),0.278,0.722,1
440,174,4) very common (100+),0.785,0.215,0
441,452,4) very common (100+),0.916,0.084,0
442,235,4) very common (100+),0.5509999999999999,0.449,1
443,49,3) common (21-100),0.386,0.614,0
444,111,4) very common (100+),0.29000000000000004,0.71,1
445,258,4) very common (100+),0.776,0.224,0
446,1916,4) very common (100+),0.391,0.609,1
447,2537,4) very common (100+),0.22399999999999998,0.776,1
448,1916,4) very common (100+),0.21099999999999997,0.789,0
449,271,4) very common (100+),0.498,0.502,1
450,1916,4) very common (100+),0.654,0.346,1
451,1797,4) very common (100+),0.243,0.757,0
452,4537,4) very common (100+),0.597,0.403,1
453,442,4) very common (100+),0.5609999999999999,0.439,1
454,553,4) very common (100+),0.41600000000000004,0.584,1
455,1493,4) very common (100+),0.18400000000000005,0.816,0
456,323,4) very common (100+),0.03600000000000003,0.964,0
457,197,4) very common (100+),0.765,0.235,1
458,4537,4) very common (100+),0.5860000000000001,0.414,0
459,924,4) very common (100+),0.44899999999999995,0.551,0
460,393,4) very common (100+),0.677,0.323,1
461,1493,4) very common (100+),0.904,0.096,1
462,12,2) rare (6-20),0.391,0.609,1
463,271,4) very common (100+),0.394,0.606,1
464,2537,4) very common (100+),0.33599999999999997,0.664,0
465,1916,4) very common (100+),0.258,0.742,1
466,566,4) very common (100+),0.04200000000000004,0.958,0
467,1493,4) very common (100+),0.20799999999999996,0.792,0
468,573,4) very common (100+),0.491,0.509,0
469,245,4) very common (100+),0.832,0.168,1
470,65,3) common (21-100),0.05900000000000005,0.941,0
471,442,4) very common (100+),0.789,0.211,1
472,4537,4) very common (100+),0.09499999999999997,0.905,0
473,15,2) rare (6-20),0.382,0.618,0
474,1916,4) very common (100+),0.45999999999999996,0.54,1
475,2537,4) very common (100+),0.127,0.873,0
476,271,4) very common (100+),0.481,0.519,1
477,1299,4) very common (100+),0.7030000000000001,0.297,0
478,2537,4) very common (100+),0.32099999999999995,0.679,1
479,235,4) very common (100+),0.488,0.512,0
480,21,3) common (21-100),0.5449999999999999,0.455,1
481,828,4) very common (100+),0.632,0.368,0
482,1797,4) very common (100+),0.30300000000000005,0.697,0
483,164,4) very common (100+),0.22799999999999998,0.772,0
484,413,4) very common (100+),0.6,0.4,0
485,2537,4) very common (100+),0.627,0.373,1
486,4537,4) very common (100+),0.18300000000000005,0.817,0
487,4537,4) very common (100+),0.601,0.399,0
488,1493,4) very common (100+),0.706,0.294,0
489,115,4) very common (100+),0.787,0.213,1
490,1493,4) very common (100+),0.14200000000000002,0.858,0
491,804,4) very common (100+),0.5549999999999999,0.445,1
492,413,4) very common (100+),0.831,0.169,1
493,452,4) very common (100+),0.235,0.765,0
494,281,4) very common (100+),0.531,0.469,1
495,442,4) very common (100+),0.893,0.107,0
496,442,4) very common (100+),0.478,0.522,1
497,573,4) very common (100+),0.493,0.507,0
498,1123,4) very common (100+),0.64,0.36,1
499,4537,4) very common (100+),0.32199999999999995,0.678,0
500,14,2) rare (6-20),0.552,0.448,1
501,154,4) very common (100+),0.739,0.261,1
502,4537,4) very common (100+),0.546,0.454,1
503,1123,4) very common (100+),0.371,0.629,1
504,1123,4) very common (100+),0.548,0.452,0
505,88,3) common (21-100),0.756,0.244,1
506,566,4) very common (100+),0.577,0.423,0
507,2537,4) very common (100+),0.31499999999999995,0.685,0
508,1277,4) very common (100+),0.248,0.752,1
509,955,4) very common (100+),0.43000000000000005,0.57,1
510,1299,4) very common (100+),0.741,0.259,1
511,955,4) very common (100+),0.593,0.407,0
512,1916,4) very common (100+),0.508,0.492,1
513,271,4) very common (100+),0.637,0.363,1
514,385,4) very common (100+),0.7170000000000001,0.283,0
515,18,2) rare (6-20),0.46399999999999997,0.536,0
516,553,4) very common (100+),0.41200000000000003,0.588,0
517,433,4) very common (100+),0.7110000000000001,0.289,1
518,4537,4) very common (100+),0.522,0.478,0
519,1299,4) very common (100+),0.5369999999999999,0.463,0
520,900,4) very common (100+),0.735,0.265,0
521,24,3) common (21-100),0.621,0.379,1
522,452,4) very common (100+),0.29000000000000004,0.71,0
523,1123,4) very common (100+),0.498,0.502,0
524,12,2) rare (6-20),0.43400000000000005,0.566,1
525,1,1) very rare (1-5),0.685,0.315,1
526,2537,4) very common (100+),0.859,0.141,1
527,281,4) very common (100+),0.762,0.238,1
528,452,4) very common (100+),0.22199999999999998,0.778,0
529,2537,4) very common (100+),0.43100000000000005,0.569,0
530,1916,4) very common (100+),0.11099999999999999,0.889,0
531,828,4) very common (100+),0.663,0.337,1
532,955,4) very common (100+),0.19799999999999995,0.802,0
533,42,3) common (21-100),0.643,0.357,0
534,142,4) very common (100+),0.349,0.651,1
535,804,4) very common (100+),0.19899999999999995,0.801,0
536,1797,4) very common (100+),0.352,0.648,0
537,1299,4) very common (100+),0.472,0.528,1
538,924,4) very common (100+),0.471,0.529,1
539,30,3) common (21-100),0.64,0.36,1
540,804,4) very common (100+),0.31000000000000005,0.69,0
541,4537,4) very common (100+),0.33099999999999996,0.669,1
542,1299,4) very common (100+),0.8069999999999999,0.193,1
543,19,2) rare (6-20),0.393,0.607,1
544,1277,4) very common (100+),0.06999999999999995,0.93,0
545,196,4) very common (100+),0.8069999999999999,0.193,0
546,56,3) common (21-100),0.16200000000000003,0.838,1
547,142,4) very common (100+),0.528,0.472,1
548,4537,4) very common (100+),0.394,0.606,1
549,2537,4) very common (100+),0.008000000000000007,0.992,0
550,828,4) very common (100+),0.238,0.762,0
551,258,4) very common (100+),0.16300000000000003,0.837,1
552,22,3) common (21-100),0.909,0.091,0
553,164,4) very common (100+),0.5860000000000001,0.414,0
554,782,4) very common (100+),0.644,0.356,0
555,452,4) very common (100+),0.5640000000000001,0.436,0
556,452,4) very common (100+),0.619,0.381,1
557,804,4) very common (100+),0.577,0.423,0
558,1299,4) very common (100+),0.927,0.073,1
559,924,4) very common (100+),0.268,0.732,0
560,4537,4) very common (100+),0.7170000000000001,0.283,0
561,4537,4) very common (100+),0.17000000000000004,0.83,0
562,1797,4) very common (100+),0.383,0.617,0
563,179,4) very common (100+),0.29100000000000004,0.709,0
564,56,3) common (21-100),0.5509999999999999,0.449,1
565,4537,4) very common (100+),0.267,0.733,0
566,23,3) common (21-100),0.853,0.147,1
567,0,1) very rare (1-5),0.41600000000000004,0.584,1
568,1916,4) very common (100+),0.569,0.431,0
569,900,4) very common (100+),0.869,0.131,1
570,2537,4) very common (100+),0.7010000000000001,0.299,1
571,4537,4) very common (100+),0.655,0.345,0
572,1493,4) very common (100+),0.14300000000000002,0.857,0
573,2537,4) very common (100+),0.9390000000000001,0.061,1
574,100,3) common (21-100),0.43600000000000005,0.564,0
575,287,4) very common (100+),0.119,0.881,1
576,4537,4) very common (100+),0.244,0.756,0
577,566,4) very common (100+),0.29900000000000004,0.701,0
578,3,1) very rare (1-5),0.10899999999999999,0.891,0
579,393,4) very common (100+),0.745,0.255,1
580,900,4) very common (100+),0.7989999999999999,0.201,0
581,12,2) rare (6-20),0.69,0.31,1
582,1493,4) very common (100+),0.28300000000000003,0.717,0
583,1277,4) very common (100+),0.11199999999999999,0.888,0
584,265,4) very common (100+),0.481,0.519,0
585,2537,4) very common (100+),0.273,0.727,1
586,4537,4) very common (100+),0.17400000000000004,0.826,0
587,442,4) very common (100+),0.7030000000000001,0.297,1
588,4537,4) very common (100+),0.45799999999999996,0.542,0
589,4537,4) very common (100+),0.30000000000000004,0.7,0
590,28,3) common (21-100),0.472,0.528,1
591,955,4) very common (100+),0.727,0.273,1
592,4537,4) very common (100+),0.246,0.754,0
593,924,4) very common (100+),0.281,0.719,0
594,1916,4) very common (100+),0.09099999999999997,0.909,0
595,457,4) very common (100+),0.775,0.225,1
596,452,4) very common (100+),0.772,0.228,0
597,281,4) very common (100+),0.45799999999999996,0.542,1
598,287,4) very common (100+),0.898,0.102,1
599,573,4) very common (100+),0.20099999999999996,0.799,0
600,442,4) very common (100+),0.404,0.596,1
601,4537,4) very common (100+),0.661,0.339,0
602,804,4) very common (100+),0.378,0.622,1
603,955,4) very common (100+),0.6890000000000001,0.311,1
604,4537,4) very common (100+),0.44299999999999995,0.557,1
605,955,4) very common (100+),0.593,0.407,1
606,4537,4) very common (100+),0.6699999999999999,0.33,1
607,924,4) very common (100+),0.627,0.373,0
608,1277,4) very common (100+),0.138,0.862,0
609,179,4) very common (100+),0.41500000000000004,0.585,0
610,955,4) very common (100+),0.23299999999999998,0.767,0
611,1,1) very rare (1-5),0.729,0.271,1
612,900,4) very common (100+),0.491,0.509,0
613,88,3) common (21-100),0.521,0.479,0
614,413,4) very common (100+),0.31100000000000005,0.689,1
615,1916,4) very common (100+),0.22199999999999998,0.778,0
616,271,4) very common (100+),0.06000000000000005,0.94,1
617,1277,4) very common (100+),0.30300000000000005,0.697,0
618,1916,4) very common (100+),0.30500000000000005,0.695,0
619,287,4) very common (100+),0.08099999999999996,0.919,1
620,4537,4) very common (100+),0.486,0.514,1
621,4537,4) very common (100+),0.33699999999999997,0.663,0
622,2537,4) very common (100+),0.41000000000000003,0.59,1
623,828,4) very common (100+),0.19899999999999995,0.801,0
624,193,4) very common (100+),0.565,0.435,1
625,18,2) rare (6-20),0.18300000000000005,0.817,1
626,4537,4) very common (100+),0.17200000000000004,0.828,0
627,4537,4) very common (100+),0.361,0.639,0
628,4537,4) very common (100+),0.252,0.748,0
629,955,4) very common (100+),0.53,0.47,0
630,1123,4) very common (100+),0.575,0.425,0
631,29,3) common (21-100),0.587,0.413,0
632,1299,4) very common (100+),0.506,0.494,0
633,413,4) very common (100+),0.683,0.317,1
634,49,3) common (21-100),0.544,0.456,0
635,413,4) very common (100+),0.746,0.254,1
636,955,4) very common (100+),0.788,0.212,0
637,157,4) very common (100+),0.42800000000000005,0.572,0
638,4537,4) very common (100+),0.11299999999999999,0.887,0
639,2537,4) very common (100+),0.624,0.376,1
640,553,4) very common (100+),0.379,0.621,0
641,1123,4) very common (100+),0.562,0.438,1
642,924,4) very common (100+),0.504,0.496,0
643,264,4) very common (100+),0.30600000000000005,0.694,0
644,271,4) very common (100+),0.363,0.637,1
645,2537,4) very common (100+),0.503,0.497,0
646,307,4) very common (100+),0.748,0.252,1
647,457,4) very common (100+),0.815,0.185,0
648,900,4) very common (100+),0.737,0.263,0
649,2537,4) very common (100+),0.43000000000000005,0.57,1
650,4537,4) very common (100+),0.18600000000000005,0.814,1
651,1797,4) very common (100+),0.562,0.438,1
652,366,4) very common (100+),0.07099999999999995,0.929,1
653,1493,4) very common (100+),0.08799999999999997,0.912,0
654,4537,4) very common (100+),0.11599999999999999,0.884,0
655,900,4) very common (100+),0.5489999999999999,0.451,1
656,8,2) rare (6-20),0.351,0.649,0
657,1493,4) very common (100+),0.17000000000000004,0.83,0
658,154,4) very common (100+),0.681,0.319,1
659,4537,4) very common (100+),0.15000000000000002,0.85,0
660,1299,4) very common (100+),0.512,0.488,1
661,27,3) common (21-100),0.398,0.602,1
662,142,4) very common (100+),0.772,0.228,0
663,2537,4) very common (100+),0.16800000000000004,0.832,0
664,2537,4) very common (100+),0.49,0.51,0
665,169,4) very common (100+),0.531,0.469,1
666,94,3) common (21-100),0.538,0.462,1
667,385,4) very common (100+),0.577,0.423,0
668,924,4) very common (100+),0.644,0.356,1
669,28,3) common (21-100),0.598,0.402,1
670,258,4) very common (100+),0.7,0.3,1
671,385,4) very common (100+),0.41900000000000004,0.581,0
672,1123,4) very common (100+),0.16700000000000004,0.833,0
673,164,4) very common (100+),0.134,0.866,1
674,413,4) very common (100+),0.725,0.275,0
675,366,4) very common (100+),0.029000000000000026,0.971,0
676,4537,4) very common (100+),0.23299999999999998,0.767,0
677,1277,4) very common (100+),0.29700000000000004,0.703,0
678,15,2) rare (6-20),0.894,0.106,1
679,1916,4) very common (100+),0.05900000000000005,0.941,0
680,164,4) very common (100+),0.908,0.092,1
681,1797,4) very common (100+),0.44799999999999995,0.552,0
682,804,4) very common (100+),0.244,0.756,0
683,1123,4) very common (100+),0.276,0.724,0
684,782,4) very common (100+),0.124,0.876,0
685,566,4) very common (100+),0.749,0.251,1
686,27,3) common (21-100),0.488,0.512,1
687,385,4) very common (100+),0.46699999999999997,0.533,1
688,553,4) very common (100+),0.786,0.214,1
689,235,4) very common (100+),0.14900000000000002,0.851,0
690,4537,4) very common (100+),0.619,0.381,0
691,457,4) very common (100+),0.31499999999999995,0.685,0
692,258,4) very common (100+),0.5800000000000001,0.42,1
693,115,4) very common (100+),0.671,0.329,1
694,573,4) very common (100+),0.585,0.415,1
695,1797,4) very common (100+),0.55,0.45,1
696,323,4) very common (100+),0.137,0.863,0
697,385,4) very common (100+),0.5840000000000001,0.416,1
698,37,3) common (21-100),0.28,0.72,1
699,900,4) very common (100+),0.401,0.599,1
700,1277,4) very common (100+),0.29300000000000004,0.707,1
701,30,3) common (21-100),0.392,0.608,1
702,109,4) very common (100+),0.405,0.595,1
703,393,4) very common (100+),0.22199999999999998,0.778,0
704,154,4) very common (100+),0.772,0.228,1
705,4537,4) very common (100+),0.741,0.259,0
706,1277,4) very common (100+),0.261,0.739,0
707,1493,4) very common (100+),0.618,0.382,1
708,37,3) common (21-100),0.276,0.724,1
709,109,4) very common (100+),0.542,0.458,1
710,30,3) common (21-100),0.527,0.473,1
711,193,4) very common (100+),0.14,0.86,1
712,413,4) very common (100+),0.552,0.448,1
713,4537,4) very common (100+),0.235,0.765,0
714,1916,4) very common (100+),0.41900000000000004,0.581,0
715,8,2) rare (6-20),0.08499999999999996,0.915,1
716,1299,4) very common (100+),0.739,0.261,0
717,452,4) very common (100+),0.629,0.371,1
718,4537,4) very common (100+),0.30800000000000005,0.692,1
719,442,4) very common (100+),0.83,0.17,1
720,457,4) very common (100+),0.44899999999999995,0.551,1
721,4537,4) very common (100+),0.534,0.466,1
722,154,4) very common (100+),0.137,0.863,1
723,4537,4) very common (100+),0.398,0.602,0
724,1299,4) very common (100+),0.42500000000000004,0.575,1
725,1493,4) very common (100+),0.21299999999999997,0.787,0
726,2537,4) very common (100+),0.06000000000000005,0.94,0
727,323,4) very common (100+),0.06499999999999995,0.935,0
728,19,2) rare (6-20),0.371,0.629,1
729,442,4) very common (100+),0.654,0.346,1
730,14,2) rare (6-20),0.785,0.215,1
731,77,3) common (21-100),0.279,0.721,0
732,4537,4) very common (100+),0.365,0.635,0
733,235,4) very common (100+),0.28300000000000003,0.717,1
734,1916,4) very common (100+),0.772,0.228,1
735,553,4) very common (100+),0.5760000000000001,0.424,1
736,1299,4) very common (100+),0.267,0.733,0
737,446,4) very common (100+),0.0020000000000000018,0.998,0
738,1123,4) very common (100+),0.546,0.454,0
739,955,4) very common (100+),0.825,0.175,0
740,4537,4) very common (100+),0.631,0.369,1
741,1493,4) very common (100+),0.07799999999999996,0.922,0
742,413,4) very common (100+),0.15300000000000002,0.847,0
743,1299,4) very common (100+),0.5720000000000001,0.428,0
744,1797,4) very common (100+),0.17900000000000005,0.821,1
745,142,4) very common (100+),0.10599999999999998,0.894,0
746,97,3) common (21-100),0.6910000000000001,0.309,1
747,7,2) rare (6-20),0.787,0.213,1
748,1916,4) very common (100+),0.05300000000000005,0.947,0
749,307,4) very common (100+),0.772,0.228,1
750,446,4) very common (100+),0.0050000000000000044,0.995,0
751,924,4) very common (100+),0.08799999999999997,0.912,0
752,4537,4) very common (100+),0.5920000000000001,0.408,0
753,1123,4) very common (100+),0.495,0.505,0
754,235,4) very common (100+),0.5880000000000001,0.412,0
755,782,4) very common (100+),0.8200000000000001,0.18,1
756,1493,4) very common (100+),0.126,0.874,1
757,1277,4) very common (100+),0.05800000000000005,0.942,0
758,228,4) very common (100+),0.849,0.151,1
759,1916,4) very common (100+),0.389,0.611,0
760,955,4) very common (100+),0.675,0.325,0
761,3,1) very rare (1-5),0.243,0.757,1
762,828,4) very common (100+),0.647,0.353,0
763,1277,4) very common (100+),0.07399999999999995,0.926,0
764,457,4) very common (100+),0.19399999999999995,0.806,0
765,2537,4) very common (100+),0.09099999999999997,0.909,0
766,1797,4) very common (100+),0.271,0.729,0
767,1277,4) very common (100+),0.19499999999999995,0.805,0
768,457,4) very common (100+),0.665,0.335,0
769,20,2) rare (6-20),0.606,0.394,1
770,2537,4) very common (100+),0.17500000000000004,0.825,0
771,385,4) very common (100+),0.132,0.868,0
772,24,3) common (21-100),0.5589999999999999,0.441,1
773,196,4) very common (100+),0.46699999999999997,0.533,0
774,154,4) very common (100+),0.619,0.381,1
775,27,3) common (21-100),0.21699999999999997,0.783,1
776,433,4) very common (100+),0.127,0.873,1
777,446,4) very common (100+),0.0040000000000000036,0.996,0
778,196,4) very common (100+),0.61,0.39,0
779,2537,4) very common (100+),0.886,0.114,0
780,14,2) rare (6-20),0.29400000000000004,0.706,0
781,2,1) very rare (1-5),0.275,0.725,1
782,393,4) very common (100+),0.45899999999999996,0.541,1
783,1916,4) very common (100+),0.648,0.352,0
784,4537,4) very common (100+),0.779,0.221,0
785,2537,4) very common (100+),0.43799999999999994,0.562,1
786,53,3) common (21-100),0.359,0.641,1
787,1277,4) very common (100+),0.04300000000000004,0.957,0
788,0,1) very rare (1-5),0.44599999999999995,0.554,1
789,1299,4) very common (100+),0.6619999999999999,0.338,0
790,88,3) common (21-100),0.471,0.529,0
791,258,4) very common (100+),0.45699999999999996,0.543,0
792,1299,4) very common (100+),0.6990000000000001,0.301,0
793,900,4) very common (100+),0.72,0.28,0
794,1493,4) very common (100+),0.404,0.596,1
795,264,4) very common (100+),0.651,0.349,1
796,88,3) common (21-100),0.387,0.613,0
797,566,4) very common (100+),0.14800000000000002,0.852,0
798,4537,4) very common (100+),0.41700000000000004,0.583,0
799,2,1) very rare (1-5),0.794,0.206,1
800,1797,4) very common (100+),0.529,0.471,1
801,4537,4) very common (100+),0.352,0.648,1
802,828,4) very common (100+),0.477,0.523,0
803,1123,4) very common (100+),0.544,0.456,0
804,66,3) common (21-100),0.75,0.25,0
805,442,4) very common (100+),0.729,0.271,1
806,452,4) very common (100+),0.472,0.528,1
807,1299,4) very common (100+),0.5640000000000001,0.436,1
808,1493,4) very common (100+),0.624,0.376,0
809,1123,4) very common (100+),0.268,0.732,0
810,452,4) very common (100+),0.41200000000000003,0.588,0
811,169,4) very common (100+),0.575,0.425,1
812,1277,4) very common (100+),0.249,0.751,0
813,2537,4) very common (100+),0.371,0.629,0
814,1916,4) very common (100+),0.738,0.262,0
815,1797,4) very common (100+),0.505,0.495,1
816,452,4) very common (100+),0.756,0.244,1
817,1299,4) very common (100+),0.31499999999999995,0.685,1
818,782,4) very common (100+),0.31999999999999995,0.68,1
819,2537,4) very common (100+),0.19599999999999995,0.804,0
820,264,4) very common (100+),0.04300000000000004,0.957,0
821,452,4) very common (100+),0.729,0.271,1
822,24,3) common (21-100),0.698,0.302,1
823,573,4) very common (100+),0.5760000000000001,0.424,0
824,1123,4) very common (100+),0.633,0.367,0
825,4537,4) very common (100+),0.365,0.635,0
826,566,4) very common (100+),0.279,0.721,0
827,1493,4) very common (100+),0.243,0.757,0
828,91,3) common (21-100),0.478,0.522,0
829,4537,4) very common (100+),0.18200000000000005,0.818,0
830,271,4) very common (100+),0.42800000000000005,0.572,1
831,4,1) very rare (1-5),0.6759999999999999,0.324,0
832,1916,4) very common (100+),0.375,0.625,1
833,1123,4) very common (100+),0.31100000000000005,0.689,1
834,2537,4) very common (100+),0.8180000000000001,0.182,0
835,924,4) very common (100+),0.09899999999999998,0.901,0
836,1493,4) very common (100+),0.28600000000000003,0.714,0
837,4537,4) very common (100+),0.251,0.749,1
838,955,4) very common (100+),0.34199999999999997,0.658,0
839,8,2) rare (6-20),0.736,0.264,1
840,1493,4) very common (100+),0.26,0.74,1
841,4537,4) very common (100+),0.18700000000000006,0.813,0
842,1916,4) very common (100+),0.47,0.53,1
843,1299,4) very common (100+),0.398,0.602,0
844,97,3) common (21-100),0.381,0.619,1
845,54,3) common (21-100),0.11699999999999999,0.883,1
846,433,4) very common (100+),0.19999999999999996,0.8,1
847,366,4) very common (100+),0.30400000000000005,0.696,1
848,1493,4) very common (100+),0.11699999999999999,0.883,0
849,452,4) very common (100+),0.728,0.272,0
850,1916,4) very common (100+),0.257,0.743,0
851,924,4) very common (100+),0.44699999999999995,0.553,0
852,2537,4) very common (100+),0.48,0.52,0
853,1493,4) very common (100+),0.352,0.648,0
854,307,4) very common (100+),0.399,0.601,1
855,804,4) very common (100+),0.8220000000000001,0.178,1
856,1277,4) very common (100+),0.356,0.644,0
857,452,4) very common (100+),0.16000000000000003,0.84,0
858,1797,4) very common (100+),0.401,0.599,0
859,196,4) very common (100+),0.757,0.243,1
860,107,4) very common (100+),0.15700000000000003,0.843,0
861,385,4) very common (100+),0.6970000000000001,0.303,1
862,828,4) very common (100+),0.02200000000000002,0.978,0
863,4537,4) very common (100+),0.136,0.864,0
864,4537,4) very common (100+),0.43500000000000005,0.565,0
865,14,2) rare (6-20),0.6799999999999999,0.32,1
866,36,3) common (21-100),0.495,0.505,1
867,573,4) very common (100+),0.659,0.341,0
868,2537,4) very common (100+),0.362,0.638,0
869,413,4) very common (100+),0.04300000000000004,0.957,0
870,573,4) very common (100+),0.21799999999999997,0.782,0
871,4537,4) very common (100+),0.06999999999999995,0.93,0
872,452,4) very common (100+),0.40800000000000003,0.592,0
873,1,1) very rare (1-5),0.673,0.327,1
874,7,2) rare (6-20),0.565,0.435,1
875,1916,4) very common (100+),0.613,0.387,0
876,2537,4) very common (100+),0.45499999999999996,0.545,0
877,553,4) very common (100+),0.273,0.727,0
878,4537,4) very common (100+),0.696,0.304,0
879,4537,4) very common (100+),0.10399999999999998,0.896,0
880,782,4) very common (100+),0.10899999999999999,0.891,0
881,433,4) very common (100+),0.29300000000000004,0.707,1
882,245,4) very common (100+),0.526,0.474,1
883,3,1) very rare (1-5),0.399,0.601,1
884,11,2) rare (6-20),0.808,0.192,1
885,91,3) common (21-100),0.371,0.629,1
886,4537,4) very common (100+),0.19799999999999995,0.802,0
887,1916,4) very common (100+),0.15700000000000003,0.843,1
888,25,3) common (21-100),0.09699999999999998,0.903,1
889,1916,4) very common (100+),0.788,0.212,1
890,442,4) very common (100+),0.731,0.269,1
891,196,4) very common (100+),0.735,0.265,1
892,2537,4) very common (100+),0.139,0.861,0
893,1299,4) very common (100+),0.31499999999999995,0.685,0
894,4537,4) very common (100+),0.09799999999999998,0.902,0
895,2537,4) very common (100+),0.20899999999999996,0.791,0
896,56,3) common (21-100),0.32699999999999996,0.673,1
897,924,4) very common (100+),0.353,0.647,0
898,2537,4) very common (100+),0.17700000000000005,0.823,0
899,366,4) very common (100+),0.641,0.359,1
900,566,4) very common (100+),0.10499999999999998,0.895,0
901,42,3) common (21-100),0.018000000000000016,0.982,0
902,1797,4) very common (100+),0.33899999999999997,0.661,0
903,323,4) very common (100+),0.10199999999999998,0.898,0
904,2537,4) very common (100+),0.5609999999999999,0.439,1
905,2537,4) very common (100+),0.20199999999999996,0.798,0
906,385,4) very common (100+),0.6679999999999999,0.332,1
907,446,4) very common (100+),0.18500000000000005,0.815,0
908,1299,4) very common (100+),0.621,0.379,0
909,1123,4) very common (100+),0.235,0.765,0
910,179,4) very common (100+),0.389,0.611,0
911,1299,4) very common (100+),0.43899999999999995,0.561,0
912,1797,4) very common (100+),0.405,0.595,0
913,197,4) very common (100+),0.19399999999999995,0.806,1
914,1299,4) very common (100+),0.494,0.506,1
915,4537,4) very common (100+),0.14100000000000001,0.859,0
916,433,4) very common (100+),0.8069999999999999,0.193,1
917,32,3) common (21-100),0.28300000000000003,0.717,0
918,271,4) very common (100+),0.5800000000000001,0.42,0
919,782,4) very common (100+),0.502,0.498,0
920,27,3) common (21-100),0.47,0.53,0
921,1797,4) very common (100+),0.5489999999999999,0.451,0
922,1493,4) very common (100+),0.744,0.256,1
923,385,4) very common (100+),0.276,0.724,1
924,78,3) common (21-100),0.22999999999999998,0.77,1
925,4537,4) very common (100+),0.15300000000000002,0.847,0
926,924,4) very common (100+),0.696,0.304,1
927,88,3) common (21-100),0.8109999999999999,0.189,1
928,1299,4) very common (100+),0.45599999999999996,0.544,0
929,4537,4) very common (100+),0.16300000000000003,0.837,0
930,1277,4) very common (100+),0.14800000000000002,0.852,1
931,433,4) very common (100+),0.383,0.617,1
932,452,4) very common (100+),0.712,0.288,0
933,924,4) very common (100+),0.621,0.379,0
934,258,4) very common (100+),0.275,0.725,0
935,2537,4) very common (100+),0.20799999999999996,0.792,1
936,1916,4) very common (100+),0.46199999999999997,0.538,0
937,828,4) very common (100+),0.6819999999999999,0.318,1
938,955,4) very common (100+),0.31999999999999995,0.68,1
939,955,4) very common (100+),0.16600000000000004,0.834,0
940,2537,4) very common (100+),0.618,0.382,1
941,553,4) very common (100+),0.5900000000000001,0.41,0
942,1277,4) very common (100+),0.396,0.604,0
943,457,4) very common (100+),0.15100000000000002,0.849,0
944,4537,4) very common (100+),0.354,0.646,1
945,1493,4) very common (100+),0.391,0.609,0
946,30,3) common (21-100),0.387,0.613,1
947,1797,4) very common (100+),0.495,0.505,1
948,40,3) common (21-100),0.48,0.52,1
949,2537,4) very common (100+),0.374,0.626,1
950,52,3) common (21-100),0.04800000000000004,0.952,0
951,828,4) very common (100+),0.02400000000000002,0.976,0
952,1916,4) very common (100+),0.616,0.384,1
953,146,4) very common (100+),0.621,0.379,1
954,924,4) very common (100+),0.491,0.509,0
955,1493,4) very common (100+),0.122,0.878,0
956,782,4) very common (100+),0.45599999999999996,0.544,1
957,1493,4) very common (100+),0.8,0.2,1
958,1123,4) very common (100+),0.485,0.515,0
959,566,4) very common (100+),0.133,0.867,0
960,553,4) very common (100+),0.618,0.382,1
961,4537,4) very common (100+),0.06699999999999995,0.933,0
962,804,4) very common (100+),0.31200000000000006,0.688,0
963,4537,4) very common (100+),0.121,0.879,0
964,1123,4) very common (100+),0.562,0.438,0
965,4537,4) very common (100+),0.263,0.737,1
966,4537,4) very common (100+),0.254,0.746,1
967,553,4) very common (100+),0.7050000000000001,0.295,1
968,212,4) very common (100+),0.833,0.167,1
969,1916,4) very common (100+),0.21799999999999997,0.782,0
970,111,4) very common (100+),0.33199999999999996,0.668,1
971,2537,4) very common (100+),0.479,0.521,1
972,1797,4) very common (100+),0.28800000000000003,0.712,0
973,193,4) very common (100+),0.45499999999999996,0.545,1
974,452,4) very common (100+),0.17600000000000005,0.824,0
975,1493,4) very common (100+),0.32199999999999995,0.678,0
976,442,4) very common (100+),0.644,0.356,1
977,566,4) very common (100+),0.16600000000000004,0.834,0
978,287,4) very common (100+),0.256,0.744,1
979,1916,4) very common (100+),0.772,0.228,1
980,1797,4) very common (100+),0.267,0.733,0
981,1797,4) very common (100+),0.835,0.165,0
982,1123,4) very common (100+),0.6759999999999999,0.324,0
983,393,4) very common (100+),0.43400000000000005,0.566,1
984,452,4) very common (100+),0.28200000000000003,0.718,0
985,2537,4) very common (100+),0.09999999999999998,0.9,0
986,1299,4) very common (100+),0.6779999999999999,0.322,1
987,245,4) very common (100+),0.33299999999999996,0.667,0
988,164,4) very common (100+),0.933,0.067,0
989,924,4) very common (100+),0.393,0.607,0
990,4537,4) very common (100+),0.29700000000000004,0.703,0
991,1916,4) very common (100+),0.704,0.296,1
992,955,4) very common (100+),0.661,0.339,1
993,2537,4) very common (100+),0.696,0.304,0
994,212,4) very common (100+),0.5489999999999999,0.451,0
995,1797,4) very common (100+),0.46599999999999997,0.534,0
996,2537,4) very common (100+),0.43200000000000005,0.568,1
997,955,4) very common (100+),0.31200000000000006,0.688,0
998,955,4) very common (100+),0.39,0.61,0
999,1493,4) very common (100+),0.45199999999999996,0.548,0
1000,2537,4) very common (100+),0.051000000000000045,0.949,0
1001,17,2) rare (6-20),0.42600000000000005,0.574,1
1002,174,4) very common (100+),0.8160000000000001,0.184,0
1003,1797,4) very common (100+),0.22399999999999998,0.776,0
1004,804,4) very common (100+),0.744,0.256,0
1005,452,4) very common (100+),0.772,0.228,1
1006,924,4) very common (100+),0.15400000000000003,0.846,0
1007,1493,4) very common (100+),0.396,0.604,0
1008,86,3) common (21-100),0.679,0.321,0
1009,258,4) very common (100+),0.08599999999999997,0.914,1
1010,457,4) very common (100+),0.30200000000000005,0.698,0
1011,4537,4) very common (100+),0.42400000000000004,0.576,0
1012,1797,4) very common (100+),0.42900000000000005,0.571,0
1013,573,4) very common (100+),0.36,0.64,0
1014,4537,4) very common (100+),0.45399999999999996,0.546,1
1015,109,4) very common (100+),0.22499999999999998,0.775,0
1016,1916,4) very common (100+),0.10299999999999998,0.897,0
1017,54,3) common (21-100),0.688,0.312,1
1018,566,4) very common (100+),0.656,0.344,0
1019,955,4) very common (100+),0.607,0.393,1
1020,955,4) very common (100+),0.768,0.232,1
1021,14,2) rare (6-20),0.755,0.245,1
1022,457,4) very common (100+),0.661,0.339,0
1023,452,4) very common (100+),0.591,0.409,0
1024,452,4) very common (100+),0.493,0.507,1
1025,452,4) very common (100+),0.31000000000000005,0.69,1
1026,1493,4) very common (100+),0.08199999999999996,0.918,0
1027,1797,4) very common (100+),0.30600000000000005,0.694,0
1028,30,3) common (21-100),0.782,0.218,1
1029,2537,4) very common (100+),0.618,0.382,1
1030,4537,4) very common (100+),0.351,0.649,0
1031,4537,4) very common (100+),0.34299999999999997,0.657,1
1032,1277,4) very common (100+),0.365,0.635,0
1033,4537,4) very common (100+),0.30300000000000005,0.697,0
1034,78,3) common (21-100),0.511,0.489,1
1035,14,2) rare (6-20),0.385,0.615,1
1036,1277,4) very common (100+),0.133,0.867,0
1037,281,4) very common (100+),0.696,0.304,1
1038,264,4) very common (100+),0.03600000000000003,0.964,0
1039,1299,4) very common (100+),0.6659999999999999,0.334,0
1040,1916,4) very common (100+),0.22099999999999997,0.779,0
1041,88,3) common (21-100),0.631,0.369,1
1042,119,4) very common (100+),0.657,0.343,1
1043,142,4) very common (100+),0.798,0.202,1
1044,366,4) very common (100+),0.02100000000000002,0.979,0
1045,52,3) common (21-100),0.052000000000000046,0.948,0
1046,1123,4) very common (100+),0.626,0.374,0
1047,1123,4) very common (100+),0.478,0.522,0
1048,307,4) very common (100+),0.19999999999999996,0.8,0
1049,2537,4) very common (100+),0.599,0.401,0
1050,1916,4) very common (100+),0.07799999999999996,0.922,0
1051,4,1) very rare (1-5),0.538,0.462,1
1052,10,2) rare (6-20),0.685,0.315,1
1053,245,4) very common (100+),0.31299999999999994,0.687,0
1054,6,2) rare (6-20),0.87,0.13,1
1055,4537,4) very common (100+),0.736,0.264,1
1056,804,4) very common (100+),0.6839999999999999,0.316,1
1057,134,4) very common (100+),0.76,0.24,1
1058,281,4) very common (100+),0.31799999999999995,0.682,1
1059,71,3) common (21-100),0.32299999999999995,0.677,1
1060,1493,4) very common (100+),0.392,0.608,1
1061,393,4) very common (100+),0.32599999999999996,0.674,0
1062,446,4) very common (100+),0.008000000000000007,0.992,0
1063,828,4) very common (100+),0.396,0.604,0
1064,1916,4) very common (100+),0.10399999999999998,0.896,0
1065,782,4) very common (100+),0.834,0.166,0
1066,924,4) very common (100+),0.256,0.744,1
1067,153,4) very common (100+),0.486,0.514,0
1068,142,4) very common (100+),0.667,0.333,1
1069,4537,4) very common (100+),0.17700000000000005,0.823,0
1070,2,1) very rare (1-5),0.7170000000000001,0.283,1
1071,108,4) very common (100+),0.635,0.365,1
1072,1916,4) very common (100+),0.754,0.246,1
1073,228,4) very common (100+),0.43799999999999994,0.562,1
1074,12,2) rare (6-20),0.14,0.86,1
1075,924,4) very common (100+),0.31799999999999995,0.682,0
1076,77,3) common (21-100),0.6619999999999999,0.338,1
1077,196,4) very common (100+),0.8140000000000001,0.186,0
1078,2537,4) very common (100+),0.538,0.462,0
1079,452,4) very common (100+),0.269,0.731,0
1080,782,4) very common (100+),0.534,0.466,1
1081,1916,4) very common (100+),0.14,0.86,0
1082,142,4) very common (100+),0.571,0.429,0
1083,265,4) very common (100+),0.264,0.736,0
1084,235,4) very common (100+),0.526,0.474,1
1085,235,4) very common (100+),0.258,0.742,0
1086,955,4) very common (100+),0.6619999999999999,0.338,0
1087,5,1) very rare (1-5),0.71,0.29,1
1088,1277,4) very common (100+),0.10499999999999998,0.895,0
1089,2537,4) very common (100+),0.355,0.645,0
1090,413,4) very common (100+),0.16300000000000003,0.837,1
1091,457,4) very common (100+),0.721,0.279,1
1092,1123,4) very common (100+),0.345,0.655,1
1093,14,2) rare (6-20),0.43500000000000005,0.565,1
1094,264,4) very common (100+),0.596,0.404,1
1095,1277,4) very common (100+),0.237,0.763,0
1096,828,4) very common (100+),0.853,0.147,1
1097,56,3) common (21-100),0.875,0.125,0
1098,271,4) very common (100+),0.639,0.361,0
1099,134,4) very common (100+),0.257,0.743,1
1100,245,4) very common (100+),0.725,0.275,1
1101,307,4) very common (100+),0.724,0.276,1
1102,1277,4) very common (100+),0.8260000000000001,0.174,1
1103,1916,4) very common (100+),0.30300000000000005,0.697,0
1104,955,4) very common (100+),0.5700000000000001,0.43,0
1105,2537,4) very common (100+),0.11499999999999999,0.885,0
1106,24,3) common (21-100),0.648,0.352,1
1107,433,4) very common (100+),0.5720000000000001,0.428,1
1108,924,4) very common (100+),0.757,0.243,1
1109,157,4) very common (100+),0.492,0.508,1
1110,197,4) very common (100+),0.544,0.456,1
1111,566,4) very common (100+),0.786,0.214,1
1112,1493,4) very common (100+),0.6699999999999999,0.33,0
1113,4,1) very rare (1-5),0.729,0.271,1
1114,97,3) common (21-100),0.786,0.214,1
1115,457,4) very common (100+),0.20499999999999996,0.795,0
1116,955,4) very common (100+),0.16900000000000004,0.831,0
1117,4537,4) very common (100+),0.538,0.462,1
1118,366,4) very common (100+),0.08699999999999997,0.913,1
1119,2537,4) very common (100+),0.694,0.306,0
1120,169,4) very common (100+),0.864,0.136,1
1121,553,4) very common (100+),0.521,0.479,0
1122,452,4) very common (100+),0.663,0.337,1
1123,12,2) rare (6-20),0.599,0.401,0
1124,235,4) very common (100+),0.40800000000000003,0.592,0
1125,2537,4) very common (100+),0.40900000000000003,0.591,1
1126,4537,4) very common (100+),0.18200000000000005,0.818,0
1127,4537,4) very common (100+),0.11699999999999999,0.883,0
1128,1277,4) very common (100+),0.03700000000000003,0.963,0
1129,5,1) very rare (1-5),0.346,0.654,1
1130,413,4) very common (100+),0.061000000000000054,0.939,0
1131,1797,4) very common (100+),0.491,0.509,0
1132,924,4) very common (100+),0.373,0.627,0
1133,924,4) very common (100+),0.5549999999999999,0.445,0
1134,179,4) very common (100+),0.29700000000000004,0.703,0
1135,264,4) very common (100+),0.654,0.346,0
1136,197,4) very common (100+),0.46499999999999997,0.535,1
1137,4537,4) very common (100+),0.344,0.656,0
1138,433,4) very common (100+),0.632,0.368,1
1139,5,1) very rare (1-5),0.377,0.623,1
1140,1916,4) very common (100+),0.06000000000000005,0.94,0
1141,553,4) very common (100+),0.544,0.456,0
1142,2537,4) very common (100+),0.661,0.339,1
1143,442,4) very common (100+),0.374,0.626,1
1144,900,4) very common (100+),0.18799999999999994,0.812,0
1145,433,4) very common (100+),0.73,0.27,0
1146,154,4) very common (100+),0.614,0.386,1
1147,2537,4) very common (100+),0.778,0.222,1
1148,228,4) very common (100+),0.889,0.111,1
1149,2537,4) very common (100+),0.478,0.522,1
1150,924,4) very common (100+),0.122,0.878,0
1151,1916,4) very common (100+),0.552,0.448,0
1152,1797,4) very common (100+),0.42800000000000005,0.572,0
1153,1299,4) very common (100+),0.30600000000000005,0.694,0
1154,52,3) common (21-100),0.10599999999999998,0.894,0
1155,828,4) very common (100+),0.481,0.519,0
1156,287,4) very common (100+),0.40800000000000003,0.592,1
1157,134,4) very common (100+),0.48,0.52,0
1158,900,4) very common (100+),0.694,0.306,1
1159,33,3) common (21-100),0.591,0.409,1
1160,4537,4) very common (100+),0.45599999999999996,0.544,0
1161,955,4) very common (100+),0.524,0.476,0
1162,307,4) very common (100+),0.722,0.278,1
1163,197,4) very common (100+),0.585,0.415,1
1164,782,4) very common (100+),0.663,0.337,1
1165,2537,4) very common (100+),0.18500000000000005,0.815,0
1166,1797,4) very common (100+),0.593,0.407,1
1167,553,4) very common (100+),0.20499999999999996,0.795,1
1168,900,4) very common (100+),0.401,0.599,0
1169,900,4) very common (100+),0.796,0.204,1
1170,4537,4) very common (100+),0.22399999999999998,0.776,0
1171,1493,4) very common (100+),0.139,0.861,0
1172,4537,4) very common (100+),0.774,0.226,1
1173,1797,4) very common (100+),0.583,0.417,0
1174,40,3) common (21-100),0.548,0.452,1
1175,109,4) very common (100+),0.45999999999999996,0.54,0
1176,828,4) very common (100+),0.28800000000000003,0.712,0
1177,109,4) very common (100+),0.16800000000000004,0.832,0
1178,393,4) very common (100+),0.29000000000000004,0.71,0
1179,1916,4) very common (100+),0.583,0.417,0
1180,924,4) very common (100+),0.377,0.623,0
1181,1299,4) very common (100+),0.5640000000000001,0.436,0
1182,2,1) very rare (1-5),0.729,0.271,0
1183,1277,4) very common (100+),0.18700000000000006,0.813,0
1184,955,4) very common (100+),0.45199999999999996,0.548,1
1185,457,4) very common (100+),0.636,0.364,0
1186,1277,4) very common (100+),0.23299999999999998,0.767,0
1187,782,4) very common (100+),0.09399999999999997,0.906,0
1188,4537,4) very common (100+),0.499,0.501,0
1189,134,4) very common (100+),0.277,0.723,1
1190,8,2) rare (6-20),0.32299999999999995,0.677,1
1191,323,4) very common (100+),0.46599999999999997,0.534,0
1192,385,4) very common (100+),0.827,0.173,1
1193,28,3) common (21-100),0.562,0.438,0
1194,4537,4) very common (100+),0.46499999999999997,0.535,0
1195,228,4) very common (100+),0.44299999999999995,0.557,1
1196,4537,4) very common (100+),0.7,0.3,1
1197,1797,4) very common (100+),0.5800000000000001,0.42,0
1198,54,3) common (21-100),0.712,0.288,1
1199,1797,4) very common (100+),0.257,0.743,0
1200,393,4) very common (100+),0.909,0.091,0
1201,924,4) very common (100+),0.31899999999999995,0.681,0
1202,1493,4) very common (100+),0.19099999999999995,0.809,0
1203,271,4) very common (100+),0.377,0.623,1
1204,228,4) very common (100+),0.812,0.188,0
1205,828,4) very common (100+),0.483,0.517,0
1206,1123,4) very common (100+),0.37,0.63,0
1207,955,4) very common (100+),0.747,0.253,1
1208,42,3) common (21-100),0.501,0.499,1
1209,1277,4) very common (100+),0.7070000000000001,0.293,0
1210,1123,4) very common (100+),0.6930000000000001,0.307,1
1211,782,4) very common (100+),0.25,0.75,0
1212,955,4) very common (100+),0.5609999999999999,0.439,1
1213,828,4) very common (100+),0.381,0.619,0
1214,782,4) very common (100+),0.605,0.395,1
1215,553,4) very common (100+),0.675,0.325,0
1216,955,4) very common (100+),0.602,0.398,0
1217,900,4) very common (100+),0.7,0.3,1
1218,1277,4) very common (100+),0.44299999999999995,0.557,0
1219,4537,4) very common (100+),0.33999999999999997,0.66,0
1220,1916,4) very common (100+),0.07899999999999996,0.921,0
1221,1493,4) very common (100+),0.252,0.748,0
1222,457,4) very common (100+),0.17900000000000005,0.821,0
1223,553,4) very common (100+),0.663,0.337,1
1224,4537,4) very common (100+),0.40900000000000003,0.591,0
1225,1493,4) very common (100+),0.08499999999999996,0.915,0
1226,1797,4) very common (100+),0.387,0.613,0
1227,307,4) very common (100+),0.23399999999999999,0.766,1
1228,457,4) very common (100+),0.21799999999999997,0.782,0
1229,5,1) very rare (1-5),0.504,0.496,1
1230,1916,4) very common (100+),0.32799999999999996,0.672,0
1231,5,1) very rare (1-5),0.469,0.531,1
1232,271,4) very common (100+),0.514,0.486,1
1233,1916,4) very common (100+),0.616,0.384,1
1234,1797,4) very common (100+),0.583,0.417,0
1235,2537,4) very common (100+),0.534,0.466,1
1236,4537,4) very common (100+),0.09499999999999997,0.905,0
1237,235,4) very common (100+),0.629,0.371,1
1238,566,4) very common (100+),0.264,0.736,1
1239,900,4) very common (100+),0.741,0.259,1
1240,1299,4) very common (100+),0.41100000000000003,0.589,1
1241,71,3) common (21-100),0.476,0.524,1
1242,14,2) rare (6-20),0.5349999999999999,0.465,1
1243,924,4) very common (100+),0.32099999999999995,0.679,1
1244,1277,4) very common (100+),0.269,0.731,0
1245,1916,4) very common (100+),0.274,0.726,0
1246,42,3) common (21-100),0.562,0.438,1
1247,212,4) very common (100+),0.46099999999999997,0.539,0
1248,1277,4) very common (100+),0.052000000000000046,0.948,0
1249,14,2) rare (6-20),0.22499999999999998,0.775,1
1250,452,4) very common (100+),0.30800000000000005,0.692,0
1251,245,4) very common (100+),0.6599999999999999,0.34,0
1252,2,1) very rare (1-5),0.532,0.468,1
1253,924,4) very common (100+),0.16600000000000004,0.834,1
1254,271,4) very common (100+),0.5409999999999999,0.459,1
1255,1493,4) very common (100+),0.627,0.373,0
1256,2537,4) very common (100+),0.06399999999999995,0.936,0
1257,2537,4) very common (100+),0.349,0.651,1
1258,804,4) very common (100+),0.6779999999999999,0.322,1
1259,1797,4) very common (100+),0.759,0.241,0
1260,14,2) rare (6-20),0.21999999999999997,0.78,0
1261,193,4) very common (100+),0.619,0.381,1
1262,1916,4) very common (100+),0.32499999999999996,0.675,1
1263,1493,4) very common (100+),0.569,0.431,0
1264,18,2) rare (6-20),0.09999999999999998,0.9,0
1265,265,4) very common (100+),0.6970000000000001,0.303,1
1266,307,4) very common (100+),0.22799999999999998,0.772,1
1267,452,4) very common (100+),0.634,0.366,1
1268,13,2) rare (6-20),0.44899999999999995,0.551,0
1269,452,4) very common (100+),0.474,0.526,1
1270,955,4) very common (100+),0.372,0.628,1
1271,0,1) very rare (1-5),0.627,0.373,1
1272,271,4) very common (100+),0.536,0.464,1
1273,107,4) very common (100+),0.581,0.419,1
1274,4537,4) very common (100+),0.648,0.352,1
1275,18,2) rare (6-20),0.138,0.862,1
1276,1797,4) very common (100+),0.511,0.489,0
1277,1493,4) very common (100+),0.33099999999999996,0.669,0
1278,4537,4) very common (100+),0.29100000000000004,0.709,0
1279,4537,4) very common (100+),0.381,0.619,0
1280,323,4) very common (100+),0.06699999999999995,0.933,0
1281,4537,4) very common (100+),0.6970000000000001,0.303,1
1282,1916,4) very common (100+),0.615,0.385,1
1283,1299,4) very common (100+),0.42100000000000004,0.579,1
1284,307,4) very common (100+),0.792,0.208,1
1285,413,4) very common (100+),0.77,0.23,0
1286,828,4) very common (100+),0.829,0.171,1
1287,10,2) rare (6-20),0.502,0.498,1
1288,4537,4) very common (100+),0.6819999999999999,0.318,0
1289,828,4) very common (100+),0.20499999999999996,0.795,0
1290,90,3) common (21-100),0.373,0.627,1
1291,782,4) very common (100+),0.563,0.437,1
1292,4537,4) very common (100+),0.30500000000000005,0.695,0
1293,179,4) very common (100+),0.32599999999999996,0.674,0
1294,12,2) rare (6-20),0.756,0.244,1
1295,6,2) rare (6-20),0.45699999999999996,0.543,1
1296,1916,4) very common (100+),0.16400000000000003,0.836,0
1297,385,4) very common (100+),0.728,0.272,1
1298,553,4) very common (100+),0.759,0.241,1
1299,2537,4) very common (100+),0.42300000000000004,0.577,0
1300,7,2) rare (6-20),0.977,0.023,1
1301,900,4) very common (100+),0.41800000000000004,0.582,0
1302,955,4) very common (100+),0.534,0.466,1
1303,804,4) very common (100+),0.636,0.364,1
1304,452,4) very common (100+),0.7090000000000001,0.291,0
1305,1123,4) very common (100+),0.681,0.319,1
1306,1916,4) very common (100+),0.743,0.257,1
1307,265,4) very common (100+),0.26,0.74,1
1308,900,4) very common (100+),0.753,0.247,0
1309,1916,4) very common (100+),0.041000000000000036,0.959,0
1310,245,4) very common (100+),0.365,0.635,1
1311,115,4) very common (100+),0.6619999999999999,0.338,1
1312,366,4) very common (100+),0.010000000000000009,0.99,0
1313,804,4) very common (100+),0.755,0.245,1
1314,413,4) very common (100+),0.123,0.877,0
1315,1493,4) very common (100+),0.20899999999999996,0.791,0
1316,2537,4) very common (100+),0.252,0.748,0
1317,452,4) very common (100+),0.85,0.15,1
1318,4537,4) very common (100+),0.15000000000000002,0.85,0
1319,1277,4) very common (100+),0.22099999999999997,0.779,0
1320,4537,4) very common (100+),0.38,0.62,0
1321,4537,4) very common (100+),0.615,0.385,1
1322,1299,4) very common (100+),0.861,0.139,1
1323,452,4) very common (100+),0.36,0.64,0
1324,4537,4) very common (100+),0.16500000000000004,0.835,1
1325,97,3) common (21-100),0.615,0.385,1
1326,573,4) very common (100+),0.751,0.249,1
1327,179,4) very common (100+),0.21099999999999997,0.789,0
1328,4537,4) very common (100+),0.265,0.735,0
1329,566,4) very common (100+),0.08199999999999996,0.918,0
1330,1277,4) very common (100+),0.123,0.877,0
1331,146,4) very common (100+),0.84,0.16,1
1332,385,4) very common (100+),0.406,0.594,1
1333,566,4) very common (100+),0.025000000000000022,0.975,0
1334,1916,4) very common (100+),0.765,0.235,0
1335,323,4) very common (100+),0.346,0.654,0
1336,1916,4) very common (100+),0.04800000000000004,0.952,0
1337,4537,4) very common (100+),0.04300000000000004,0.957,1
1338,2537,4) very common (100+),0.5840000000000001,0.416,1
1339,40,3) common (21-100),0.601,0.399,1
1340,4537,4) very common (100+),0.06399999999999995,0.936,0
1341,146,4) very common (100+),0.521,0.479,1
1342,4537,4) very common (100+),0.28800000000000003,0.712,1
1343,6,2) rare (6-20),0.09699999999999998,0.903,1
1344,1123,4) very common (100+),0.369,0.631,1
1345,235,4) very common (100+),0.544,0.456,1
1346,4537,4) very common (100+),0.615,0.385,0
1347,2,1) very rare (1-5),0.924,0.076,0
1348,1123,4) very common (100+),0.35,0.65,1
1349,2537,4) very common (100+),0.5509999999999999,0.449,1
1350,2537,4) very common (100+),0.31000000000000005,0.69,0
1351,5,1) very rare (1-5),0.534,0.466,1
1352,1123,4) very common (100+),0.43799999999999994,0.562,0
1353,1299,4) very common (100+),0.33899999999999997,0.661,1
1354,1797,4) very common (100+),0.44899999999999995,0.551,0
1355,782,4) very common (100+),0.819,0.181,1
1356,1797,4) very common (100+),0.506,0.494,1
1357,955,4) very common (100+),0.19799999999999995,0.802,0
1358,1,1) very rare (1-5),0.41800000000000004,0.582,1
1359,4537,4) very common (100+),0.05900000000000005,0.941,0
1360,1916,4) very common (100+),0.30800000000000005,0.692,1
1361,433,4) very common (100+),0.491,0.509,0
1362,1797,4) very common (100+),0.18100000000000005,0.819,0
1363,1916,4) very common (100+),0.243,0.757,1
1364,566,4) very common (100+),0.31200000000000006,0.688,0
1365,1299,4) very common (100+),0.739,0.261,1
1366,111,4) very common (100+),0.632,0.368,1
1367,10,2) rare (6-20),0.32499999999999996,0.675,0
1368,1299,4) very common (100+),0.722,0.278,1
1369,573,4) very common (100+),0.31999999999999995,0.68,1
1370,86,3) common (21-100),0.18200000000000005,0.818,1
1371,566,4) very common (100+),0.09799999999999998,0.902,0
1372,1797,4) very common (100+),0.45599999999999996,0.544,0
1373,264,4) very common (100+),0.18999999999999995,0.81,0
1374,924,4) very common (100+),0.745,0.255,0
1375,553,4) very common (100+),0.756,0.244,1
1376,42,3) common (21-100),0.15800000000000003,0.842,1
1377,1916,4) very common (100+),0.34299999999999997,0.657,1
1378,446,4) very common (100+),0.17500000000000004,0.825,0
1379,900,4) very common (100+),0.606,0.394,0
1380,2537,4) very common (100+),0.11499999999999999,0.885,0
1381,197,4) very common (100+),0.7150000000000001,0.285,1
1382,228,4) very common (100+),0.617,0.383,1
1383,828,4) very common (100+),0.03200000000000003,0.968,0
1384,4537,4) very common (100+),0.11199999999999999,0.888,0
1385,433,4) very common (100+),0.842,0.158,1
1386,65,3) common (21-100),0.07199999999999995,0.928,0
1387,4537,4) very common (100+),0.349,0.651,0
1388,1123,4) very common (100+),0.523,0.477,0
1389,4537,4) very common (100+),0.121,0.879,0
1390,8,2) rare (6-20),0.81,0.19,1
1391,1493,4) very common (100+),0.245,0.755,0
1392,1277,4) very common (100+),0.274,0.726,0
1393,1916,4) very common (100+),0.6,0.4,1
1394,59,3) common (21-100),0.5609999999999999,0.439,1
1395,4537,4) very common (100+),0.376,0.624,0
1396,2537,4) very common (100+),0.07699999999999996,0.923,1
1397,782,4) very common (100+),0.23399999999999999,0.766,1
1398,1493,4) very common (100+),0.625,0.375,0
1399,4537,4) very common (100+),0.5820000000000001,0.418,0
1400,281,4) very common (100+),0.627,0.373,1
1401,4537,4) very common (100+),0.17200000000000004,0.828,0
1402,1493,4) very common (100+),0.538,0.462,1
1403,900,4) very common (100+),0.31599999999999995,0.684,0
1404,1916,4) very common (100+),0.07599999999999996,0.924,0
1405,452,4) very common (100+),0.878,0.122,0
1406,1797,4) very common (100+),0.33599999999999997,0.664,1
1407,4537,4) very common (100+),0.656,0.344,0
1408,452,4) very common (100+),0.374,0.626,1
1409,2537,4) very common (100+),0.17900000000000005,0.821,1
1410,6,2) rare (6-20),0.14,0.86,1
1411,1299,4) very common (100+),0.698,0.302,1
1412,452,4) very common (100+),0.637,0.363,1
1413,4537,4) very common (100+),0.16700000000000004,0.833,0
1414,4537,4) very common (100+),0.30700000000000005,0.693,0
1415,4537,4) very common (100+),0.567,0.433,0
1416,442,4) very common (100+),0.875,0.125,0
1417,235,4) very common (100+),0.698,0.302,1
1418,1299,4) very common (100+),0.267,0.733,0
1419,212,4) very common (100+),0.598,0.402,1
1420,955,4) very common (100+),0.31000000000000005,0.69,1
1421,228,4) very common (100+),0.79,0.21,1
1422,900,4) very common (100+),0.732,0.268,1
1423,94,3) common (21-100),0.755,0.245,1
1424,1493,4) very common (100+),0.15200000000000002,0.848,0
1425,366,4) very common (100+),0.05500000000000005,0.945,0
1426,179,4) very common (100+),0.44799999999999995,0.552,0
1427,1493,4) very common (100+),0.18600000000000005,0.814,0
1428,366,4) very common (100+),0.009000000000000008,0.991,0
1429,10,2) rare (6-20),0.63,0.37,1
1430,196,4) very common (100+),0.764,0.236,1
1431,2537,4) very common (100+),0.496,0.504,1
1432,366,4) very common (100+),0.32699999999999996,0.673,0
1433,4537,4) very common (100+),0.629,0.371,0
1434,52,3) common (21-100),0.742,0.258,1
1435,11,2) rare (6-20),0.485,0.515,0
1436,1493,4) very common (100+),0.34199999999999997,0.658,1
1437,1123,4) very common (100+),0.346,0.654,1
1438,446,4) very common (100+),0.014000000000000012,0.986,0
1439,265,4) very common (100+),0.359,0.641,1
1440,457,4) very common (100+),0.256,0.744,1
1441,2537,4) very common (100+),0.865,0.135,0
1442,4537,4) very common (100+),0.265,0.735,1
1443,1493,4) very common (100+),0.44199999999999995,0.558,0
1444,33,3) common (21-100),0.6619999999999999,0.338,0
1445,134,4) very common (100+),0.395,0.605,0
1446,88,3) common (21-100),0.916,0.084,1
1447,33,3) common (21-100),0.659,0.341,1
1448,78,3) common (21-100),0.31100000000000005,0.689,1
1449,115,4) very common (100+),0.31999999999999995,0.68,1
1450,4537,4) very common (100+),0.274,0.726,1
1451,307,4) very common (100+),0.524,0.476,1
1452,142,4) very common (100+),0.501,0.499,1
1453,107,4) very common (100+),0.29100000000000004,0.709,1
1454,47,3) common (21-100),0.853,0.147,1
1455,2537,4) very common (100+),0.544,0.456,1
1456,804,4) very common (100+),0.6910000000000001,0.309,0
1457,1493,4) very common (100+),0.20399999999999996,0.796,0
1458,15,2) rare (6-20),0.794,0.206,1
1459,1916,4) very common (100+),0.646,0.354,0
1460,2537,4) very common (100+),0.6659999999999999,0.334,0
1461,1299,4) very common (100+),0.5449999999999999,0.455,0
1462,212,4) very common (100+),0.41300000000000003,0.587,1
1463,28,3) common (21-100),0.42600000000000005,0.574,1
1464,1797,4) very common (100+),0.31399999999999995,0.686,0
1465,56,3) common (21-100),0.29300000000000004,0.707,1
1466,1493,4) very common (100+),0.15700000000000003,0.843,1
1467,0,1) very rare (1-5),0.836,0.164,1
1468,49,3) common (21-100),0.344,0.656,0
1469,393,4) very common (100+),0.708,0.292,1
1470,1299,4) very common (100+),0.652,0.348,0
1471,4537,4) very common (100+),0.769,0.231,1
1472,78,3) common (21-100),0.621,0.379,1
1473,828,4) very common (100+),0.392,0.608,0
1474,1277,4) very common (100+),0.623,0.377,0
1475,4537,4) very common (100+),0.11599999999999999,0.884,0
1476,287,4) very common (100+),0.32099999999999995,0.679,1
1477,323,4) very common (100+),0.06999999999999995,0.93,0
1478,39,3) common (21-100),0.484,0.516,1
1479,4537,4) very common (100+),0.14600000000000002,0.854,0
1480,134,4) very common (100+),0.8049999999999999,0.195,0
1481,924,4) very common (100+),0.44299999999999995,0.557,0
1482,88,3) common (21-100),0.488,0.512,1
1483,4537,4) very common (100+),0.11199999999999999,0.888,0
1484,1916,4) very common (100+),0.46299999999999997,0.537,1
1485,2537,4) very common (100+),0.42000000000000004,0.58,1
1486,955,4) very common (100+),0.83,0.17,1
1487,452,4) very common (100+),0.34299999999999997,0.657,0
1488,2537,4) very common (100+),0.46699999999999997,0.533,0
1489,157,4) very common (100+),0.19399999999999995,0.806,0
1490,2,1) very rare (1-5),0.37,0.63,1
1491,4537,4) very common (100+),0.763,0.237,1
1492,782,4) very common (100+),0.504,0.496,1
1493,24,3) common (21-100),0.634,0.366,1
1494,804,4) very common (100+),0.642,0.358,1
1495,197,4) very common (100+),0.755,0.245,1
1496,2537,4) very common (100+),0.36,0.64,1
1497,1916,4) very common (100+),0.278,0.722,0
1498,36,3) common (21-100),0.30600000000000005,0.694,1
1499,12,2) rare (6-20),0.721,0.279,1
1500,1916,4) very common (100+),0.746,0.254,0
1501,2537,4) very common (100+),0.573,0.427,1
1502,393,4) very common (100+),0.22199999999999998,0.778,0
1503,197,4) very common (100+),0.47,0.53,1
1504,1299,4) very common (100+),0.18700000000000006,0.813,0
1505,782,4) very common (100+),0.06000000000000005,0.94,0
1506,4537,4) very common (100+),0.607,0.393,0
1507,955,4) very common (100+),0.767,0.233,1
1508,0,1) very rare (1-5),0.22199999999999998,0.778,1
1509,804,4) very common (100+),0.596,0.404,1
1510,955,4) very common (100+),0.835,0.165,1
1511,264,4) very common (100+),0.119,0.881,0
1512,235,4) very common (100+),0.538,0.462,1
1513,4537,4) very common (100+),0.374,0.626,0
1514,4537,4) very common (100+),0.42400000000000004,0.576,0
1515,281,4) very common (100+),0.656,0.344,1
1516,153,4) very common (100+),0.5349999999999999,0.465,1
1517,1299,4) very common (100+),0.32199999999999995,0.678,0
1518,900,4) very common (100+),0.5389999999999999,0.461,1
1519,955,4) very common (100+),0.43600000000000005,0.564,0
1520,955,4) very common (100+),0.786,0.214,0
1521,573,4) very common (100+),0.494,0.506,1
1522,1916,4) very common (100+),0.34299999999999997,0.657,0
1523,1299,4) very common (100+),0.644,0.356,0
1524,457,4) very common (100+),0.31899999999999995,0.681,0
1525,1123,4) very common (100+),0.727,0.273,0
1526,782,4) very common (100+),0.40900000000000003,0.591,1
1527,1123,4) very common (100+),0.481,0.519,1
1528,1123,4) very common (100+),0.606,0.394,0
1529,287,4) very common (100+),0.471,0.529,1
1530,4537,4) very common (100+),0.397,0.603,0
1531,197,4) very common (100+),0.15800000000000003,0.842,1
1532,37,3) common (21-100),0.5920000000000001,0.408,1
1533,235,4) very common (100+),0.19199999999999995,0.808,0
1534,828,4) very common (100+),0.616,0.384,0
1535,553,4) very common (100+),0.808,0.192,0
1536,4537,4) very common (100+),0.44799999999999995,0.552,0
1537,1916,4) very common (100+),0.763,0.237,1
1538,4537,4) very common (100+),0.10399999999999998,0.896,0
1539,1916,4) very common (100+),0.45399999999999996,0.546,0
1540,1277,4) very common (100+),0.41900000000000004,0.581,0
1541,179,4) very common (100+),0.605,0.395,0
1542,0,1) very rare (1-5),0.679,0.321,1
1543,924,4) very common (100+),0.753,0.247,1
1544,271,4) very common (100+),0.15700000000000003,0.843,1
1545,457,4) very common (100+),0.45999999999999996,0.54,0
1546,4537,4) very common (100+),0.563,0.437,1
1547,58,3) common (21-100),0.721,0.279,0
1548,366,4) very common (100+),0.007000000000000006,0.993,0
1549,1123,4) very common (100+),0.514,0.486,1
1550,47,3) common (21-100),0.677,0.323,0
1551,1277,4) very common (100+),0.10599999999999998,0.894,0
1552,1797,4) very common (100+),0.20399999999999996,0.796,0
1553,442,4) very common (100+),0.77,0.23,1
1554,4537,4) very common (100+),0.237,0.763,0
1555,1797,4) very common (100+),0.391,0.609,0
1556,307,4) very common (100+),0.17000000000000004,0.83,1
1557,4537,4) very common (100+),0.08899999999999997,0.911,0
1558,307,4) very common (100+),0.528,0.472,1
1559,264,4) very common (100+),0.254,0.746,0
1560,4537,4) very common (100+),0.28400000000000003,0.716,1
1561,924,4) very common (100+),0.46299999999999997,0.537,0
1562,323,4) very common (100+),0.264,0.736,1
1563,109,4) very common (100+),0.353,0.647,1
1564,1493,4) very common (100+),0.648,0.352,0
1565,955,4) very common (100+),0.44099999999999995,0.559,0
1566,553,4) very common (100+),0.41700000000000004,0.583,1
1567,287,4) very common (100+),0.7030000000000001,0.297,1
1568,900,4) very common (100+),0.704,0.296,1
1569,1299,4) very common (100+),0.522,0.478,0
1570,88,3) common (21-100),0.8260000000000001,0.174,1
1571,1916,4) very common (100+),0.62,0.38,0
1572,442,4) very common (100+),0.42700000000000005,0.573,0
1573,955,4) very common (100+),0.621,0.379,1
1574,385,4) very common (100+),0.575,0.425,1
1575,271,4) very common (100+),0.649,0.351,1
1576,2537,4) very common (100+),0.21099999999999997,0.789,0
1577,196,4) very common (100+),0.6,0.4,0
1578,287,4) very common (100+),0.30200000000000005,0.698,1
1579,782,4) very common (100+),0.254,0.746,1
1580,1493,4) very common (100+),0.17800000000000005,0.822,0
1581,1299,4) very common (100+),0.5509999999999999,0.449,0
1582,566,4) very common (100+),0.33999999999999997,0.66,0
1583,4537,4) very common (100+),0.53,0.47,0
1584,413,4) very common (100+),0.897,0.103,1
1585,7,2) rare (6-20),0.366,0.634,1
1586,1916,4) very common (100+),0.43100000000000005,0.569,0
1587,366,4) very common (100+),0.007000000000000006,0.993,0
1588,287,4) very common (100+),0.16100000000000003,0.839,0
1589,782,4) very common (100+),0.495,0.505,1
1590,58,3) common (21-100),0.5840000000000001,0.416,1
1591,1916,4) very common (100+),0.243,0.757,0
1592,24,3) common (21-100),0.08899999999999997,0.911,1
1593,197,4) very common (100+),0.42300000000000004,0.577,1
1594,157,4) very common (100+),0.040000000000000036,0.96,0
1595,566,4) very common (100+),0.15500000000000003,0.845,1
1596,97,3) common (21-100),0.46699999999999997,0.533,1
1597,146,4) very common (100+),0.8009999999999999,0.199,1
1598,153,4) very common (100+),0.21799999999999997,0.782,0
1599,197,4) very common (100+),0.748,0.252,1
1600,4537,4) very common (100+),0.359,0.641,0
1601,782,4) very common (100+),0.45099999999999996,0.549,1
1602,804,4) very common (100+),0.345,0.655,0
1603,1123,4) very common (100+),0.694,0.306,1
1604,4537,4) very common (100+),0.43200000000000005,0.568,1
1605,804,4) very common (100+),0.375,0.625,0
1606,264,4) very common (100+),0.19499999999999995,0.805,0
1607,27,3) common (21-100),0.873,0.127,1
1608,1277,4) very common (100+),0.126,0.874,0
1609,782,4) very common (100+),0.834,0.166,1
1610,1797,4) very common (100+),0.364,0.636,0
1611,1797,4) very common (100+),0.43300000000000005,0.567,1
1612,900,4) very common (100+),0.736,0.264,1
1613,1797,4) very common (100+),0.46399999999999997,0.536,0
1614,32,3) common (21-100),0.404,0.596,1
1615,157,4) very common (100+),0.14200000000000002,0.858,0
1616,307,4) very common (100+),0.484,0.516,1
1617,4537,4) very common (100+),0.483,0.517,0
1618,323,4) very common (100+),0.27,0.73,1
1619,828,4) very common (100+),0.24,0.76,0
1620,452,4) very common (100+),0.5640000000000001,0.436,1
1621,4537,4) very common (100+),0.679,0.321,0
1622,212,4) very common (100+),0.496,0.504,0
1623,157,4) very common (100+),0.04600000000000004,0.954,0
1624,2537,4) very common (100+),0.708,0.292,0
1625,265,4) very common (100+),0.264,0.736,1
1626,553,4) very common (100+),0.471,0.529,1
1627,4537,4) very common (100+),0.624,0.376,0
1628,828,4) very common (100+),0.11099999999999999,0.889,0
1629,433,4) very common (100+),0.469,0.531,1
1630,258,4) very common (100+),0.7010000000000001,0.299,0
1631,433,4) very common (100+),0.665,0.335,1
1632,413,4) very common (100+),0.17700000000000005,0.823,0
1633,212,4) very common (100+),0.585,0.415,1
1634,9,2) rare (6-20),0.779,0.221,1
1635,4537,4) very common (100+),0.20699999999999996,0.793,1
1636,88,3) common (21-100),0.629,0.371,0
1637,452,4) very common (100+),0.634,0.366,0
1638,4537,4) very common (100+),0.20699999999999996,0.793,0
1639,828,4) very common (100+),0.010000000000000009,0.99,0
1640,1797,4) very common (100+),0.352,0.648,0
1641,553,4) very common (100+),0.5549999999999999,0.445,0
1642,2537,4) very common (100+),0.516,0.484,1
1643,2537,4) very common (100+),0.16200000000000003,0.838,0
1644,30,3) common (21-100),0.7050000000000001,0.295,0
1645,452,4) very common (100+),0.128,0.872,1
1646,271,4) very common (100+),0.484,0.516,0
1647,1299,4) very common (100+),0.638,0.362,0
1648,115,4) very common (100+),0.554,0.446,1
1649,235,4) very common (100+),0.694,0.306,1
1650,553,4) very common (100+),0.29900000000000004,0.701,1
1651,2537,4) very common (100+),0.378,0.622,0
1652,4537,4) very common (100+),0.607,0.393,0
1653,1916,4) very common (100+),0.275,0.725,0
1654,1797,4) very common (100+),0.581,0.419,1
1655,1299,4) very common (100+),0.6,0.4,0
1656,43,3) common (21-100),0.511,0.489,1
1657,174,4) very common (100+),0.39,0.61,0
1658,258,4) very common (100+),0.758,0.242,1
1659,1797,4) very common (100+),0.389,0.611,0
1660,1797,4) very common (100+),0.514,0.486,0
1661,281,4) very common (100+),0.484,0.516,1
1662,4537,4) very common (100+),0.43100000000000005,0.569,0
1663,4537,4) very common (100+),0.351,0.649,0
1664,1277,4) very common (100+),0.23299999999999998,0.767,0
1665,900,4) very common (100+),0.44399999999999995,0.556,1
1666,924,4) very common (100+),0.06899999999999995,0.931,0
1667,782,4) very common (100+),0.5389999999999999,0.461,1
1668,1797,4) very common (100+),0.501,0.499,1
1669,18,2) rare (6-20),0.8280000000000001,0.172,1
1670,1277,4) very common (100+),0.46399999999999997,0.536,0
1671,307,4) very common (100+),0.681,0.319,1
1672,1797,4) very common (100+),0.646,0.354,1
1673,385,4) very common (100+),0.44499999999999995,0.555,1
1674,235,4) very common (100+),0.514,0.486,1
1675,566,4) very common (100+),0.43799999999999994,0.562,1
1676,393,4) very common (100+),0.359,0.641,1
1677,955,4) very common (100+),0.34299999999999997,0.657,0
1678,174,4) very common (100+),0.372,0.628,0
1679,134,4) very common (100+),0.729,0.271,0
1680,1299,4) very common (100+),0.478,0.522,0
1681,1299,4) very common (100+),0.618,0.382,0
1682,4537,4) very common (100+),0.16100000000000003,0.839,0
1683,900,4) very common (100+),0.30900000000000005,0.691,1
1684,1916,4) very common (100+),0.385,0.615,0
1685,4537,4) very common (100+),0.118,0.882,0
1686,111,4) very common (100+),0.567,0.433,1
1687,4537,4) very common (100+),0.622,0.378,1
1688,1493,4) very common (100+),0.521,0.479,0
1689,1493,4) very common (100+),0.248,0.752,0
1690,1277,4) very common (100+),0.09399999999999997,0.906,0
1691,452,4) very common (100+),0.636,0.364,1
1692,21,3) common (21-100),0.19299999999999995,0.807,1
1693,1277,4) very common (100+),0.372,0.628,0
1694,2537,4) very common (100+),0.653,0.347,0
1695,924,4) very common (100+),0.487,0.513,0
1696,1299,4) very common (100+),0.359,0.641,1
1697,4537,4) very common (100+),0.81,0.19,0
1698,2537,4) very common (100+),0.44799999999999995,0.552,0
1699,29,3) common (21-100),0.625,0.375,1
1700,1797,4) very common (100+),0.671,0.329,0
1701,1277,4) very common (100+),0.32699999999999996,0.673,1
1702,4537,4) very common (100+),0.558,0.442,1
1703,11,2) rare (6-20),0.5660000000000001,0.434,1
1704,828,4) very common (100+),0.542,0.458,0
1705,2537,4) very common (100+),0.55,0.45,1
1706,258,4) very common (100+),0.782,0.218,1
1707,457,4) very common (100+),0.5489999999999999,0.451,0
1708,307,4) very common (100+),0.552,0.448,1
1709,1797,4) very common (100+),0.499,0.501,0
1710,924,4) very common (100+),0.42800000000000005,0.572,1
1711,1123,4) very common (100+),0.614,0.386,1
1712,452,4) very common (100+),0.665,0.335,0
1713,193,4) very common (100+),0.20799999999999996,0.792,1
1714,193,4) very common (100+),0.618,0.382,1
1715,1916,4) very common (100+),0.119,0.881,0
1716,78,3) common (21-100),0.899,0.101,1
1717,446,4) very common (100+),0.01200000000000001,0.988,0
1718,457,4) very common (100+),0.508,0.492,1
1719,1797,4) very common (100+),0.8200000000000001,0.18,0
1720,193,4) very common (100+),0.45799999999999996,0.542,1
1721,446,4) very common (100+),0.677,0.323,1
1722,828,4) very common (100+),0.7010000000000001,0.299,1
1723,2,1) very rare (1-5),0.10999999999999999,0.89,1
1724,924,4) very common (100+),0.22299999999999998,0.777,0
1725,134,4) very common (100+),0.562,0.438,0
1726,1493,4) very common (100+),0.577,0.423,0
1727,553,4) very common (100+),0.373,0.627,0
1728,924,4) very common (100+),0.364,0.636,0
1729,1299,4) very common (100+),0.623,0.377,1
1730,3,1) very rare (1-5),0.19099999999999995,0.809,1
1731,4537,4) very common (100+),0.379,0.621,0
1732,828,4) very common (100+),0.15100000000000002,0.849,0
1733,3,1) very rare (1-5),0.643,0.357,1
1734,1797,4) very common (100+),0.5900000000000001,0.41,1
1735,1797,4) very common (100+),0.626,0.374,1
1736,4537,4) very common (100+),0.20799999999999996,0.792,0
1737,2537,4) very common (100+),0.604,0.396,1
1738,1493,4) very common (100+),0.544,0.456,0
1739,2537,4) very common (100+),0.5,0.5,0
1740,281,4) very common (100+),0.33299999999999996,0.667,1
1741,1123,4) very common (100+),0.5860000000000001,0.414,0
1742,4537,4) very common (100+),0.33399999999999996,0.666,0
1743,393,4) very common (100+),0.253,0.747,0
1744,446,4) very common (100+),0.0020000000000000018,0.998,0
1745,1916,4) very common (100+),0.28,0.72,0
1746,54,3) common (21-100),0.563,0.437,1
1747,2537,4) very common (100+),0.748,0.252,1
1748,900,4) very common (100+),0.18700000000000006,0.813,0
1749,573,4) very common (100+),0.604,0.396,1
1750,4537,4) very common (100+),0.503,0.497,0
1751,452,4) very common (100+),0.776,0.224,1
1752,385,4) very common (100+),0.739,0.261,1
1753,115,4) very common (100+),0.478,0.522,1
1754,1916,4) very common (100+),0.552,0.448,0
1755,4537,4) very common (100+),0.19099999999999995,0.809,0
1756,228,4) very common (100+),0.73,0.27,1
1757,452,4) very common (100+),0.5509999999999999,0.449,1
1758,258,4) very common (100+),0.34299999999999997,0.657,1
1759,4537,4) very common (100+),0.474,0.526,1
1760,1277,4) very common (100+),0.09899999999999998,0.901,0
1761,1916,4) very common (100+),0.757,0.243,0
1762,307,4) very common (100+),0.652,0.348,1
1763,1797,4) very common (100+),0.943,0.057,1
1764,828,4) very common (100+),0.20499999999999996,0.795,0
1765,4537,4) very common (100+),0.257,0.743,0
1766,1916,4) very common (100+),0.08099999999999996,0.919,0
1767,109,4) very common (100+),0.42700000000000005,0.573,1
1768,1493,4) very common (100+),0.489,0.511,0
1769,56,3) common (21-100),0.61,0.39,1
1770,52,3) common (21-100),0.71,0.29,1
1771,7,2) rare (6-20),0.42900000000000005,0.571,1
1772,7,2) rare (6-20),0.244,0.756,1
1773,573,4) very common (100+),0.6970000000000001,0.303,1
1774,804,4) very common (100+),0.41700000000000004,0.583,0
1775,193,4) very common (100+),0.75,0.25,1
1776,442,4) very common (100+),0.683,0.317,1
1777,553,4) very common (100+),0.354,0.646,0
1778,4537,4) very common (100+),0.45299999999999996,0.547,0
1779,1,1) very rare (1-5),0.795,0.205,1
1780,196,4) very common (100+),0.702,0.298,1
1781,193,4) very common (100+),0.606,0.394,1
1782,323,4) very common (100+),0.888,0.112,0
1783,1277,4) very common (100+),0.19399999999999995,0.806,0
1784,2537,4) very common (100+),0.15600000000000003,0.844,1
1785,56,3) common (21-100),0.30000000000000004,0.7,1
1786,4537,4) very common (100+),0.602,0.398,0
1787,804,4) very common (100+),0.645,0.355,0
1788,566,4) very common (100+),0.15900000000000003,0.841,0
1789,1797,4) very common (100+),0.5700000000000001,0.43,0
1790,1916,4) very common (100+),0.34299999999999997,0.657,0
1791,24,3) common (21-100),0.839,0.161,1
1792,1797,4) very common (100+),0.21799999999999997,0.782,0
1793,782,4) very common (100+),0.42700000000000005,0.573,1
1794,46,3) common (21-100),0.362,0.638,0
1795,4537,4) very common (100+),0.33599999999999997,0.664,0
1796,258,4) very common (100+),0.369,0.631,0
1797,804,4) very common (100+),0.5409999999999999,0.459,0
1798,1493,4) very common (100+),0.09799999999999998,0.902,0
1799,446,4) very common (100+),0.04200000000000004,0.958,0
1800,228,4) very common (100+),0.46399999999999997,0.536,0
1801,154,4) very common (100+),0.7050000000000001,0.295,1
1802,4537,4) very common (100+),0.271,0.729,0
1803,134,4) very common (100+),0.41100000000000003,0.589,1
1804,1299,4) very common (100+),0.20499999999999996,0.795,0
1805,1493,4) very common (100+),0.669,0.331,1
1806,924,4) very common (100+),0.04500000000000004,0.955,1
1807,955,4) very common (100+),0.398,0.602,1
1808,60,3) common (21-100),0.31999999999999995,0.68,1
1809,281,4) very common (100+),0.624,0.376,1
1810,442,4) very common (100+),0.15800000000000003,0.842,1
1811,4537,4) very common (100+),0.41500000000000004,0.585,1
1812,1299,4) very common (100+),0.43899999999999995,0.561,0
1813,1916,4) very common (100+),0.498,0.502,0
1814,2537,4) very common (100+),0.657,0.343,0
1815,1916,4) very common (100+),0.05600000000000005,0.944,0
1816,955,4) very common (100+),0.753,0.247,1
1817,4537,4) very common (100+),0.41100000000000003,0.589,0
1818,28,3) common (21-100),0.768,0.232,0
1819,553,4) very common (100+),0.716,0.284,0
1820,4537,4) very common (100+),0.42800000000000005,0.572,1
1821,2537,4) very common (100+),0.020000000000000018,0.98,0
1822,4537,4) very common (100+),0.21799999999999997,0.782,0
1823,1916,4) very common (100+),0.41100000000000003,0.589,0
1824,1299,4) very common (100+),0.476,0.524,0
1825,245,4) very common (100+),0.735,0.265,1
1826,413,4) very common (100+),0.63,0.37,1
1827,1493,4) very common (100+),0.28300000000000003,0.717,1
1828,41,3) common (21-100),0.03400000000000003,0.966,0
1829,4537,4) very common (100+),0.265,0.735,1
1830,553,4) very common (100+),0.681,0.319,1
1831,179,4) very common (100+),0.28,0.72,0
1832,59,3) common (21-100),0.32699999999999996,0.673,1
1833,804,4) very common (100+),0.5900000000000001,0.41,1
1834,452,4) very common (100+),0.5529999999999999,0.447,1
1835,553,4) very common (100+),0.765,0.235,0
1836,924,4) very common (100+),0.31100000000000005,0.689,0
1837,30,3) common (21-100),0.039000000000000035,0.961,0
1838,804,4) very common (100+),0.857,0.143,0
1839,566,4) very common (100+),0.08399999999999996,0.916,0
1840,94,3) common (21-100),0.723,0.277,1
1841,955,4) very common (100+),0.5449999999999999,0.455,1
1842,955,4) very common (100+),0.796,0.204,0
1843,179,4) very common (100+),0.23399999999999999,0.766,0
1844,452,4) very common (100+),0.575,0.425,1
1845,452,4) very common (100+),0.594,0.406,1
1846,924,4) very common (100+),0.6779999999999999,0.322,1
1847,4537,4) very common (100+),0.133,0.867,1
1848,24,3) common (21-100),0.573,0.427,1
1849,452,4) very common (100+),0.31999999999999995,0.68,0
1850,29,3) common (21-100),0.653,0.347,1
1851,307,4) very common (100+),0.22899999999999998,0.771,0
1852,6,2) rare (6-20),0.779,0.221,1
1853,4537,4) very common (100+),0.05300000000000005,0.947,0
1854,442,4) very common (100+),0.923,0.077,1
1855,4537,4) very common (100+),0.37,0.63,0
1856,258,4) very common (100+),0.275,0.725,1
1857,2537,4) very common (100+),0.81,0.19,0
1858,1299,4) very common (100+),0.16600000000000004,0.834,0
1859,433,4) very common (100+),0.263,0.737,0
1860,452,4) very common (100+),0.727,0.273,1
1861,4537,4) very common (100+),0.42000000000000004,0.58,0
1862,193,4) very common (100+),0.09199999999999997,0.908,1
1863,179,4) very common (100+),0.23199999999999998,0.768,0
1864,1,1) very rare (1-5),0.79,0.21,1
1865,30,3) common (21-100),0.6859999999999999,0.314,0
1866,900,4) very common (100+),0.366,0.634,0
1867,1277,4) very common (100+),0.637,0.363,0
1868,4537,4) very common (100+),0.523,0.477,1
1869,193,4) very common (100+),0.492,0.508,1
1870,2537,4) very common (100+),0.44699999999999995,0.553,1
1871,29,3) common (21-100),0.587,0.413,0
1872,78,3) common (21-100),0.876,0.124,1
1873,828,4) very common (100+),0.263,0.737,0
1874,1797,4) very common (100+),0.482,0.518,0
1875,446,4) very common (100+),0.15800000000000003,0.842,1
1876,197,4) very common (100+),0.44399999999999995,0.556,1
1877,174,4) very common (100+),0.76,0.24,1
1878,2537,4) very common (100+),0.45899999999999996,0.541,1
1879,457,4) very common (100+),0.375,0.625,0
1880,433,4) very common (100+),0.683,0.317,1
1881,142,4) very common (100+),0.485,0.515,1
1882,1493,4) very common (100+),0.11399999999999999,0.886,0
1883,193,4) very common (100+),0.726,0.274,1
1884,1277,4) very common (100+),0.258,0.742,0
1885,111,4) very common (100+),0.759,0.241,1
1886,88,3) common (21-100),0.6659999999999999,0.334,1
1887,2,1) very rare (1-5),0.802,0.198,1
1888,4537,4) very common (100+),0.519,0.481,0
1889,18,2) rare (6-20),0.052000000000000046,0.948,0
1890,1123,4) very common (100+),0.598,0.402,0
1891,111,4) very common (100+),0.14900000000000002,0.851,1
1892,1916,4) very common (100+),0.17900000000000005,0.821,0
1893,900,4) very common (100+),0.7030000000000001,0.297,0
1894,1797,4) very common (100+),0.32099999999999995,0.679,0
1895,955,4) very common (100+),0.33799999999999997,0.662,1
1896,212,4) very common (100+),0.685,0.315,1
1897,442,4) very common (100+),0.42400000000000004,0.576,0
1898,413,4) very common (100+),0.706,0.294,1
1899,56,3) common (21-100),0.15900000000000003,0.841,1
1900,1797,4) very common (100+),0.65,0.35,1
1901,446,4) very common (100+),0.29600000000000004,0.704,0
1902,0,1) very rare (1-5),0.7989999999999999,0.201,1
1903,0,1) very rare (1-5),0.913,0.087,0
1904,323,4) very common (100+),0.31899999999999995,0.681,1
1905,452,4) very common (100+),0.646,0.354,1
1906,1493,4) very common (100+),0.267,0.733,0
1907,65,3) common (21-100),0.18400000000000005,0.816,0
1908,828,4) very common (100+),0.16400000000000003,0.836,0
1909,782,4) very common (100+),0.32599999999999996,0.674,1
1910,2537,4) very common (100+),0.656,0.344,0
1911,4537,4) very common (100+),0.5449999999999999,0.455,1
1912,782,4) very common (100+),0.42600000000000005,0.574,1
1913,1493,4) very common (100+),0.43799999999999994,0.562,1
1914,1797,4) very common (100+),0.679,0.321,0
1915,1797,4) very common (100+),0.389,0.611,0
1916,900,4) very common (100+),0.401,0.599,0
1917,164,4) very common (100+),0.372,0.628,1
1918,573,4) very common (100+),0.739,0.261,0
1919,553,4) very common (100+),0.69,0.31,1
1920,1123,4) very common (100+),0.239,0.761,1
1921,4537,4) very common (100+),0.30700000000000005,0.693,0
1922,1797,4) very common (100+),0.41400000000000003,0.586,0
1923,146,4) very common (100+),0.405,0.595,1
1924,4537,4) very common (100+),0.33999999999999997,0.66,0
1925,42,3) common (21-100),0.721,0.279,1
1926,4537,4) very common (100+),0.254,0.746,0
1927,828,4) very common (100+),0.514,0.486,0
1928,1916,4) very common (100+),0.42700000000000005,0.573,1
1929,1916,4) very common (100+),0.565,0.435,0
1930,4537,4) very common (100+),0.5449999999999999,0.455,0
1931,900,4) very common (100+),0.44599999999999995,0.554,0
1932,264,4) very common (100+),0.06599999999999995,0.934,0
1933,307,4) very common (100+),0.633,0.367,1
1934,2537,4) very common (100+),0.31299999999999994,0.687,1
1935,433,4) very common (100+),0.867,0.133,1
1936,4537,4) very common (100+),0.27,0.73,1
1937,4537,4) very common (100+),0.687,0.313,1
1938,4537,4) very common (100+),0.17700000000000005,0.823,0
1939,287,4) very common (100+),0.481,0.519,1
1940,4537,4) very common (100+),0.14900000000000002,0.851,0
1941,10,2) rare (6-20),0.667,0.333,1
1942,442,4) very common (100+),0.10899999999999999,0.891,1
1943,146,4) very common (100+),0.77,0.23,1
1944,804,4) very common (100+),0.73,0.27,1
1945,142,4) very common (100+),0.843,0.157,1
1946,307,4) very common (100+),0.81,0.19,1
1947,2537,4) very common (100+),0.22599999999999998,0.774,0
1948,446,4) very common (100+),0.613,0.387,0
1949,58,3) common (21-100),0.44399999999999995,0.556,1
1950,1277,4) very common (100+),0.567,0.433,0
1951,4537,4) very common (100+),0.577,0.423,0
1952,287,4) very common (100+),0.44599999999999995,0.554,1
1953,4537,4) very common (100+),0.681,0.319,1
1954,782,4) very common (100+),0.743,0.257,1
1955,955,4) very common (100+),0.657,0.343,0
1956,1916,4) very common (100+),0.15000000000000002,0.85,1
1957,1916,4) very common (100+),0.759,0.241,0
1958,228,4) very common (100+),0.556,0.444,0
1959,1123,4) very common (100+),0.593,0.407,1
1960,281,4) very common (100+),0.388,0.612,1
1961,1299,4) very common (100+),0.6579999999999999,0.342,0
1962,828,4) very common (100+),0.33899999999999997,0.661,0
1963,142,4) very common (100+),0.753,0.247,1
1964,30,3) common (21-100),0.42700000000000005,0.573,1
1965,142,4) very common (100+),0.529,0.471,1
1966,1277,4) very common (100+),0.11299999999999999,0.887,0
1967,4537,4) very common (100+),0.746,0.254,1
1968,955,4) very common (100+),0.10599999999999998,0.894,0
1969,40,3) common (21-100),0.34099999999999997,0.659,1
1970,413,4) very common (100+),0.040000000000000036,0.96,0
1971,385,4) very common (100+),0.29800000000000004,0.702,1
1972,413,4) very common (100+),0.653,0.347,1
1973,1797,4) very common (100+),0.573,0.427,1
1974,1277,4) very common (100+),0.16600000000000004,0.834,0
1975,1299,4) very common (100+),0.16100000000000003,0.839,0
1976,2537,4) very common (100+),0.11399999999999999,0.886,0
1977,33,3) common (21-100),0.638,0.362,0
1978,782,4) very common (100+),0.355,0.645,1
1979,924,4) very common (100+),0.42700000000000005,0.573,0
1980,1493,4) very common (100+),0.17300000000000004,0.827,1
1981,452,4) very common (100+),0.821,0.179,1
1982,566,4) very common (100+),0.374,0.626,1
1983,75,3) common (21-100),0.589,0.411,1
1984,553,4) very common (100+),0.257,0.743,0
1985,157,4) very common (100+),0.052000000000000046,0.948,0
1986,2537,4) very common (100+),0.376,0.624,1
1987,1277,4) very common (100+),0.11699999999999999,0.883,0
1988,212,4) very common (100+),0.643,0.357,0
1989,4537,4) very common (100+),0.353,0.647,1
1990,4537,4) very common (100+),0.31100000000000005,0.689,1
1991,41,3) common (21-100),0.6930000000000001,0.307,1
1992,442,4) very common (100+),0.118,0.882,0
1993,1916,4) very common (100+),0.601,0.399,0
1994,4537,4) very common (100+),0.5369999999999999,0.463,1
1995,2537,4) very common (100+),0.23399999999999999,0.766,1
1996,385,4) very common (100+),0.487,0.513,0
1997,452,4) very common (100+),0.16200000000000003,0.838,1
1998,235,4) very common (100+),0.603,0.397,1
1999,446,4) very common (100+),0.17000000000000004,0.83,0
2000,94,3) common (21-100),0.473,0.527,1
2001,452,4) very common (100+),0.832,0.168,1
2002,1797,4) very common (100+),0.6890000000000001,0.311,1
2003,1299,4) very common (100+),0.405,0.595,1
2004,1493,4) very common (100+),0.888,0.112,1
2005,30,3) common (21-100),0.89,0.11,1
2006,12,2) rare (6-20),0.18700000000000006,0.813,0
2007,115,4) very common (100+),0.81,0.19,1
2008,2537,4) very common (100+),0.712,0.288,0
2009,4537,4) very common (100+),0.29700000000000004,0.703,0
2010,1797,4) very common (100+),0.5489999999999999,0.451,1
2011,1916,4) very common (100+),0.17200000000000004,0.828,0
2012,17,2) rare (6-20),0.944,0.056,0
2013,228,4) very common (100+),0.696,0.304,0
2014,4537,4) very common (100+),0.6679999999999999,0.332,1
2015,4537,4) very common (100+),0.18400000000000005,0.816,1
2016,245,4) very common (100+),0.501,0.499,1
2017,245,4) very common (100+),0.8140000000000001,0.186,1
2018,19,2) rare (6-20),0.13,0.87,1
2019,1916,4) very common (100+),0.17600000000000005,0.824,0
2020,433,4) very common (100+),0.123,0.877,0
2021,433,4) very common (100+),0.06799999999999995,0.932,1
2022,1123,4) very common (100+),0.562,0.438,1
2023,1493,4) very common (100+),0.19599999999999995,0.804,1
2024,77,3) common (21-100),0.19799999999999995,0.802,0
2025,25,3) common (21-100),0.745,0.255,1
2026,573,4) very common (100+),0.8069999999999999,0.193,1
2027,146,4) very common (100+),0.19299999999999995,0.807,1
2028,828,4) very common (100+),0.62,0.38,0
2029,828,4) very common (100+),0.29300000000000004,0.707,0
2030,27,3) common (21-100),0.252,0.748,0
2031,1299,4) very common (100+),0.269,0.731,0
2032,258,4) very common (100+),0.371,0.629,0
2033,4537,4) very common (100+),0.235,0.765,0
2034,4537,4) very common (100+),0.20599999999999996,0.794,1
2035,1916,4) very common (100+),0.03300000000000003,0.967,0
2036,1797,4) very common (100+),0.495,0.505,0
2037,452,4) very common (100+),0.6639999999999999,0.336,1
2038,446,4) very common (100+),0.839,0.161,1
2039,2537,4) very common (100+),0.251,0.749,0
2040,4537,4) very common (100+),0.244,0.756,0
2041,1299,4) very common (100+),0.29100000000000004,0.709,0
2042,0,1) very rare (1-5),0.265,0.735,1
2043,111,4) very common (100+),0.6659999999999999,0.334,0
2044,1299,4) very common (100+),0.253,0.747,1
2045,413,4) very common (100+),0.10999999999999999,0.89,0
2046,828,4) very common (100+),0.21099999999999997,0.789,0
2047,1493,4) very common (100+),0.18300000000000005,0.817,0
2048,452,4) very common (100+),0.8009999999999999,0.199,1
2049,142,4) very common (100+),0.845,0.155,1
2050,553,4) very common (100+),0.5329999999999999,0.467,1
2051,1299,4) very common (100+),0.21199999999999997,0.788,0
2052,146,4) very common (100+),0.758,0.242,1
2053,2537,4) very common (100+),0.386,0.614,1
2054,1916,4) very common (100+),0.51,0.49,0
2055,828,4) very common (100+),0.32799999999999996,0.672,1
2056,20,2) rare (6-20),0.603,0.397,1
2057,1493,4) very common (100+),0.349,0.651,0
2058,924,4) very common (100+),0.518,0.482,0
2059,164,4) very common (100+),0.261,0.739,0
2060,196,4) very common (100+),0.5860000000000001,0.414,0
2061,109,4) very common (100+),0.22099999999999997,0.779,0
2062,4537,4) very common (100+),0.06899999999999995,0.931,0
2063,955,4) very common (100+),0.517,0.483,1
2064,4537,4) very common (100+),0.617,0.383,0
2065,90,3) common (21-100),0.17500000000000004,0.825,0
2066,154,4) very common (100+),0.771,0.229,1
2067,107,4) very common (100+),0.842,0.158,1
2068,385,4) very common (100+),0.513,0.487,1
2069,29,3) common (21-100),0.714,0.286,1
2070,197,4) very common (100+),0.71,0.29,1
2071,15,2) rare (6-20),0.88,0.12,0
2072,433,4) very common (100+),0.724,0.276,1
2073,1123,4) very common (100+),0.18100000000000005,0.819,0
2074,30,3) common (21-100),0.32199999999999995,0.678,0
2075,1916,4) very common (100+),0.126,0.874,1
2076,1797,4) very common (100+),0.78,0.22,1
2077,828,4) very common (100+),0.254,0.746,1
2078,2537,4) very common (100+),0.616,0.384,1
2079,2537,4) very common (100+),0.22299999999999998,0.777,1
2080,33,3) common (21-100),0.36,0.64,1
2081,553,4) very common (100+),0.31699999999999995,0.683,1
2082,2537,4) very common (100+),0.050000000000000044,0.95,0
2083,2,1) very rare (1-5),0.868,0.132,1
2084,553,4) very common (100+),0.381,0.619,0
2085,900,4) very common (100+),0.42700000000000005,0.573,0
2086,1797,4) very common (100+),0.364,0.636,0
2087,393,4) very common (100+),0.18700000000000006,0.813,1
2088,924,4) very common (100+),0.851,0.149,1
2089,60,3) common (21-100),0.17600000000000005,0.824,1
2090,1916,4) very common (100+),0.45599999999999996,0.544,0
2091,782,4) very common (100+),0.552,0.448,1
2092,413,4) very common (100+),0.786,0.214,1
2093,566,4) very common (100+),0.41000000000000003,0.59,1
2094,4537,4) very common (100+),0.09899999999999998,0.901,0
2095,955,4) very common (100+),0.603,0.397,1
2096,924,4) very common (100+),0.354,0.646,0
2097,2537,4) very common (100+),0.759,0.241,0
2098,2537,4) very common (100+),0.45399999999999996,0.546,1
2099,1123,4) very common (100+),0.7070000000000001,0.293,0
2100,27,3) common (21-100),0.527,0.473,0
2101,235,4) very common (100+),0.706,0.294,1
2102,48,3) common (21-100),0.32899999999999996,0.671,1
2103,4537,4) very common (100+),0.511,0.489,1
2104,49,3) common (21-100),0.895,0.105,1
2105,1493,4) very common (100+),0.133,0.867,0
2106,1493,4) very common (100+),0.7050000000000001,0.295,0
2107,323,4) very common (100+),0.14400000000000002,0.856,0
2108,1123,4) very common (100+),0.43000000000000005,0.57,1
2109,1916,4) very common (100+),0.42700000000000005,0.573,0
2110,1916,4) very common (100+),0.274,0.726,0
2111,1916,4) very common (100+),0.46199999999999997,0.538,1
2112,433,4) very common (100+),0.22099999999999997,0.779,0
2113,1493,4) very common (100+),0.396,0.604,0
2114,804,4) very common (100+),0.917,0.083,1
2115,442,4) very common (100+),0.039000000000000035,0.961,1
2116,1277,4) very common (100+),0.20899999999999996,0.791,0
2117,2537,4) very common (100+),0.491,0.509,1
2118,2537,4) very common (100+),0.528,0.472,1
2119,452,4) very common (100+),0.28200000000000003,0.718,0
2120,2537,4) very common (100+),0.45399999999999996,0.546,0
2121,287,4) very common (100+),0.775,0.225,1
2122,2537,4) very common (100+),0.383,0.617,0
2123,828,4) very common (100+),0.028000000000000025,0.972,0
2124,924,4) very common (100+),0.28400000000000003,0.716,1
2125,4537,4) very common (100+),0.15700000000000003,0.843,0
2126,60,3) common (21-100),0.266,0.734,1
2127,393,4) very common (100+),0.17200000000000004,0.828,0
2128,900,4) very common (100+),0.624,0.376,0
2129,1797,4) very common (100+),0.23399999999999999,0.766,0
2130,924,4) very common (100+),0.5369999999999999,0.463,1
2131,264,4) very common (100+),0.15800000000000003,0.842,0
2132,77,3) common (21-100),0.88,0.12,1
2133,42,3) common (21-100),0.44799999999999995,0.552,1
2134,924,4) very common (100+),0.597,0.403,1
2135,4537,4) very common (100+),0.15600000000000003,0.844,0
2136,4537,4) very common (100+),0.43000000000000005,0.57,1
2137,4537,4) very common (100+),0.28200000000000003,0.718,0
2138,48,3) common (21-100),0.64,0.36,0
2139,1123,4) very common (100+),0.6,0.4,1
2140,1277,4) very common (100+),0.17400000000000004,0.826,0
2141,1493,4) very common (100+),0.473,0.527,1
2142,265,4) very common (100+),0.527,0.473,0
2143,924,4) very common (100+),0.5,0.5,0
2144,1797,4) very common (100+),0.354,0.646,1
2145,2537,4) very common (100+),0.344,0.656,0
2146,4537,4) very common (100+),0.501,0.499,0
2147,4537,4) very common (100+),0.22899999999999998,0.771,0
2148,1277,4) very common (100+),0.07699999999999996,0.923,0
2149,955,4) very common (100+),0.506,0.494,0
2150,955,4) very common (100+),0.665,0.335,1
2151,1797,4) very common (100+),0.18400000000000005,0.816,0
2152,1493,4) very common (100+),0.708,0.292,0
2153,2537,4) very common (100+),0.637,0.363,0
2154,169,4) very common (100+),0.643,0.357,1
2155,245,4) very common (100+),0.692,0.308,0
2156,1277,4) very common (100+),0.16700000000000004,0.833,0
2157,52,3) common (21-100),0.10999999999999999,0.89,0
2158,287,4) very common (100+),0.722,0.278,1
2159,446,4) very common (100+),0.17300000000000004,0.827,0
2160,1916,4) very common (100+),0.515,0.485,1
2161,2537,4) very common (100+),0.6970000000000001,0.303,1
2162,52,3) common (21-100),0.479,0.521,0
2163,1493,4) very common (100+),0.19899999999999995,0.801,0
2164,4537,4) very common (100+),0.15700000000000003,0.843,0
2165,1493,4) very common (100+),0.65,0.35,0
2166,4537,4) very common (100+),0.41500000000000004,0.585,1
2167,1277,4) very common (100+),0.19999999999999996,0.8,0
2168,1493,4) very common (100+),0.608,0.392,0
2169,28,3) common (21-100),0.39,0.61,1
2170,34,3) common (21-100),0.20799999999999996,0.792,1
2171,457,4) very common (100+),0.595,0.405,0
2172,804,4) very common (100+),0.42200000000000004,0.578,0
2173,4537,4) very common (100+),0.21999999999999997,0.78,0
2174,169,4) very common (100+),0.908,0.092,1
2175,108,4) very common (100+),0.644,0.356,0
2176,2537,4) very common (100+),0.6950000000000001,0.305,1
2177,782,4) very common (100+),0.825,0.175,0
2178,197,4) very common (100+),0.41800000000000004,0.582,1
2179,32,3) common (21-100),0.779,0.221,0
2180,2537,4) very common (100+),0.03700000000000003,0.963,0
2181,174,4) very common (100+),0.646,0.354,0
2182,2537,4) very common (100+),0.33899999999999997,0.661,0
2183,1797,4) very common (100+),0.677,0.323,1
2184,48,3) common (21-100),0.869,0.131,0
2185,452,4) very common (100+),0.7070000000000001,0.293,1
2186,146,4) very common (100+),0.8240000000000001,0.176,1
2187,1123,4) very common (100+),0.77,0.23,1
2188,4537,4) very common (100+),0.21499999999999997,0.785,0
2189,245,4) very common (100+),0.681,0.319,1
2190,2537,4) very common (100+),0.137,0.863,1
2191,1493,4) very common (100+),0.11299999999999999,0.887,1
2192,573,4) very common (100+),0.30800000000000005,0.692,0
2193,446,4) very common (100+),0.6,0.4,1
2194,1797,4) very common (100+),0.405,0.595,0
2195,1493,4) very common (100+),0.08699999999999997,0.913,0
2196,1,1) very rare (1-5),0.776,0.224,1
2197,457,4) very common (100+),0.544,0.456,0
2198,1,1) very rare (1-5),0.5660000000000001,0.434,1
2199,154,4) very common (100+),0.6639999999999999,0.336,1
2200,228,4) very common (100+),0.663,0.337,1
2201,2537,4) very common (100+),0.613,0.387,1
2202,287,4) very common (100+),0.42100000000000004,0.579,1
2203,12,2) rare (6-20),0.397,0.603,1
2204,4537,4) very common (100+),0.20199999999999996,0.798,0
2205,94,3) common (21-100),0.33399999999999996,0.666,1
2206,924,4) very common (100+),0.265,0.735,0
2207,287,4) very common (100+),0.5429999999999999,0.457,1
2208,924,4) very common (100+),0.608,0.392,0
2209,433,4) very common (100+),0.789,0.211,1
2210,452,4) very common (100+),0.56,0.44,1
2211,258,4) very common (100+),0.32899999999999996,0.671,1
2212,40,3) common (21-100),0.802,0.198,1
2213,804,4) very common (100+),0.5549999999999999,0.445,0
2214,828,4) very common (100+),0.268,0.732,1
2215,1299,4) very common (100+),0.09699999999999998,0.903,0
2216,573,4) very common (100+),0.44699999999999995,0.553,0
2217,900,4) very common (100+),0.30400000000000005,0.696,1
2218,174,4) very common (100+),0.31799999999999995,0.682,1
2219,1916,4) very common (100+),0.716,0.284,1
2220,385,4) very common (100+),0.542,0.458,1
2221,1493,4) very common (100+),0.06399999999999995,0.936,0
2222,60,3) common (21-100),0.52,0.48,1
2223,3,1) very rare (1-5),0.795,0.205,1
2224,20,2) rare (6-20),0.401,0.599,1
2225,4537,4) very common (100+),0.19799999999999995,0.802,0
2226,4537,4) very common (100+),0.604,0.396,1
2227,1493,4) very common (100+),0.528,0.472,0
2228,955,4) very common (100+),0.25,0.75,0
2229,281,4) very common (100+),0.46099999999999997,0.539,1
2230,433,4) very common (100+),0.08799999999999997,0.912,1
2231,804,4) very common (100+),0.18700000000000006,0.813,1
2232,1123,4) very common (100+),0.753,0.247,1
2233,1277,4) very common (100+),0.18500000000000005,0.815,0
2234,1916,4) very common (100+),0.07599999999999996,0.924,0
2235,2537,4) very common (100+),0.29600000000000004,0.704,0
2236,573,4) very common (100+),0.07399999999999995,0.926,0
2237,2537,4) very common (100+),0.825,0.175,1
2238,442,4) very common (100+),0.31000000000000005,0.69,1
2239,1797,4) very common (100+),0.397,0.603,0
2240,553,4) very common (100+),0.627,0.373,1
2241,10,2) rare (6-20),0.655,0.345,1
2242,900,4) very common (100+),0.494,0.506,0
2243,4537,4) very common (100+),0.30000000000000004,0.7,0
2244,1797,4) very common (100+),0.492,0.508,1
2245,2537,4) very common (100+),0.40900000000000003,0.591,0
2246,1493,4) very common (100+),0.502,0.498,0
2247,955,4) very common (100+),0.661,0.339,1
2248,109,4) very common (100+),0.39,0.61,1
2249,42,3) common (21-100),0.275,0.725,0
2250,1123,4) very common (100+),0.16700000000000004,0.833,0
2251,307,4) very common (100+),0.5569999999999999,0.443,1
2252,66,3) common (21-100),0.482,0.518,0
2253,4537,4) very common (100+),0.31000000000000005,0.69,0
2254,1493,4) very common (100+),0.22499999999999998,0.775,0
2255,452,4) very common (100+),0.43500000000000005,0.565,1
2256,4537,4) very common (100+),0.266,0.734,0
2257,41,3) common (21-100),0.049000000000000044,0.951,0
2258,4537,4) very common (100+),0.039000000000000035,0.961,0
2259,433,4) very common (100+),0.30200000000000005,0.698,1
2260,115,4) very common (100+),0.473,0.527,1
2261,924,4) very common (100+),0.5369999999999999,0.463,0
2262,1277,4) very common (100+),0.28200000000000003,0.718,0
2263,393,4) very common (100+),0.694,0.306,1
2264,393,4) very common (100+),0.34299999999999997,0.657,1
2265,245,4) very common (100+),0.353,0.647,1
2266,21,3) common (21-100),0.523,0.477,1
2267,1493,4) very common (100+),0.649,0.351,1
2268,393,4) very common (100+),0.532,0.468,0
2269,109,4) very common (100+),0.22499999999999998,0.775,0
2270,60,3) common (21-100),0.238,0.762,1
2271,109,4) very common (100+),0.237,0.763,0
2272,4537,4) very common (100+),0.42700000000000005,0.573,0
2273,48,3) common (21-100),0.643,0.357,1
2274,24,3) common (21-100),0.14200000000000002,0.858,1
2275,1123,4) very common (100+),0.21499999999999997,0.785,1
2276,433,4) very common (100+),0.587,0.413,1
2277,804,4) very common (100+),0.44099999999999995,0.559,0
2278,4537,4) very common (100+),0.718,0.282,1
2279,307,4) very common (100+),0.251,0.749,0
2280,1916,4) very common (100+),0.274,0.726,0
2281,4537,4) very common (100+),0.17000000000000004,0.83,0
2282,900,4) very common (100+),0.507,0.493,0
2283,271,4) very common (100+),0.7170000000000001,0.283,1
2284,2537,4) very common (100+),0.15400000000000003,0.846,0
2285,1493,4) very common (100+),0.508,0.492,0
2286,1493,4) very common (100+),0.5780000000000001,0.422,0
2287,1916,4) very common (100+),0.5720000000000001,0.428,0
2288,900,4) very common (100+),0.373,0.627,0
2289,1299,4) very common (100+),0.44899999999999995,0.551,1
2290,111,4) very common (100+),0.348,0.652,1
2291,1299,4) very common (100+),0.5700000000000001,0.43,1
2292,1123,4) very common (100+),0.41200000000000003,0.588,0
2293,900,4) very common (100+),0.45199999999999996,0.548,1
2294,21,3) common (21-100),0.7090000000000001,0.291,1
2295,433,4) very common (100+),0.23299999999999998,0.767,0
2296,11,2) rare (6-20),0.04300000000000004,0.957,0
2297,281,4) very common (100+),0.544,0.456,1
2298,924,4) very common (100+),0.44999999999999996,0.55,0
2299,264,4) very common (100+),0.09899999999999998,0.901,0
2300,1797,4) very common (100+),0.42300000000000004,0.577,0
2301,924,4) very common (100+),0.41000000000000003,0.59,0
2302,1277,4) very common (100+),0.17500000000000004,0.825,0
2303,457,4) very common (100+),0.44299999999999995,0.557,1
2304,1299,4) very common (100+),0.352,0.648,1
2305,782,4) very common (100+),0.399,0.601,0
2306,13,2) rare (6-20),0.30100000000000005,0.699,0
2307,30,3) common (21-100),0.777,0.223,1
2308,1916,4) very common (100+),0.29700000000000004,0.703,1
2309,413,4) very common (100+),0.06999999999999995,0.93,0
2310,4537,4) very common (100+),0.14,0.86,0
2311,90,3) common (21-100),0.8200000000000001,0.18,1
2312,828,4) very common (100+),0.5349999999999999,0.465,1
2313,1797,4) very common (100+),0.646,0.354,0
2314,782,4) very common (100+),0.5780000000000001,0.422,0
2315,1493,4) very common (100+),0.53,0.47,0
2316,49,3) common (21-100),0.516,0.484,0
2317,1123,4) very common (100+),0.5740000000000001,0.426,0
2318,1493,4) very common (100+),0.238,0.762,0
2319,1797,4) very common (100+),0.29100000000000004,0.709,0
2320,1299,4) very common (100+),0.504,0.496,0
2321,1797,4) very common (100+),0.603,0.397,1
2322,1493,4) very common (100+),0.355,0.645,0
2323,1916,4) very common (100+),0.637,0.363,1
2324,287,4) very common (100+),0.278,0.722,0
2325,1123,4) very common (100+),0.43500000000000005,0.565,1
2326,1299,4) very common (100+),0.28800000000000003,0.712,0
2327,4537,4) very common (100+),0.19999999999999996,0.8,0
2328,1277,4) very common (100+),0.09999999999999998,0.9,0
2329,900,4) very common (100+),0.33099999999999996,0.669,0
2330,2537,4) very common (100+),0.20999999999999996,0.79,0
2331,9,2) rare (6-20),0.779,0.221,1
2332,366,4) very common (100+),0.006000000000000005,0.994,0
2333,100,3) common (21-100),0.504,0.496,0
2334,307,4) very common (100+),0.751,0.249,0
2335,1123,4) very common (100+),0.44299999999999995,0.557,1
2336,1299,4) very common (100+),0.42900000000000005,0.571,0
2337,828,4) very common (100+),0.129,0.871,0
2338,804,4) very common (100+),0.8240000000000001,0.176,0
2339,2537,4) very common (100+),0.5529999999999999,0.447,1
2340,1277,4) very common (100+),0.18999999999999995,0.81,0
2341,1493,4) very common (100+),0.601,0.399,0
2342,1916,4) very common (100+),0.524,0.476,1
2343,442,4) very common (100+),0.29900000000000004,0.701,1
2344,828,4) very common (100+),0.65,0.35,0
2345,924,4) very common (100+),0.823,0.177,1
2346,1797,4) very common (100+),0.48,0.52,1
2347,18,2) rare (6-20),0.33099999999999996,0.669,1
2348,228,4) very common (100+),0.61,0.39,0
2349,78,3) common (21-100),0.583,0.417,1
2350,4537,4) very common (100+),0.31200000000000006,0.688,0
2351,900,4) very common (100+),0.358,0.642,1
2352,1797,4) very common (100+),0.511,0.489,1
2353,4537,4) very common (100+),0.246,0.754,0
2354,4537,4) very common (100+),0.18100000000000005,0.819,0
2355,452,4) very common (100+),0.46099999999999997,0.539,1
2356,1277,4) very common (100+),0.661,0.339,0
2357,566,4) very common (100+),0.862,0.138,0
2358,4537,4) very common (100+),0.482,0.518,0
2359,4537,4) very common (100+),0.837,0.163,1
2360,1916,4) very common (100+),0.583,0.417,1
2361,4,1) very rare (1-5),0.896,0.104,1
2362,1916,4) very common (100+),0.28,0.72,0
2363,1916,4) very common (100+),0.04500000000000004,0.955,0
2364,4537,4) very common (100+),0.251,0.749,0
2365,307,4) very common (100+),0.061000000000000054,0.939,1
2366,457,4) very common (100+),0.605,0.395,0
2367,1277,4) very common (100+),0.10599999999999998,0.894,0
2368,1797,4) very common (100+),0.32599999999999996,0.674,0
2369,52,3) common (21-100),0.28700000000000003,0.713,0
2370,1299,4) very common (100+),0.589,0.411,0
2371,828,4) very common (100+),0.22899999999999998,0.771,0
2372,1123,4) very common (100+),0.5589999999999999,0.441,1
2373,4537,4) very common (100+),0.16900000000000004,0.831,0
2374,287,4) very common (100+),0.127,0.873,1
2375,553,4) very common (100+),0.6699999999999999,0.33,1
2376,4537,4) very common (100+),0.753,0.247,1
2377,452,4) very common (100+),0.636,0.364,0
2378,31,3) common (21-100),0.21899999999999997,0.781,1
2379,4537,4) very common (100+),0.11399999999999999,0.886,0
2380,1916,4) very common (100+),0.404,0.596,0
2381,212,4) very common (100+),0.669,0.331,1
2382,924,4) very common (100+),0.19999999999999996,0.8,1
2383,804,4) very common (100+),0.345,0.655,0
2384,413,4) very common (100+),0.19199999999999995,0.808,0
2385,1493,4) very common (100+),0.528,0.472,1
2386,212,4) very common (100+),0.45399999999999996,0.546,1
2387,1493,4) very common (100+),0.08499999999999996,0.915,0
2388,15,2) rare (6-20),0.692,0.308,1
2389,2537,4) very common (100+),0.399,0.601,0
2390,1916,4) very common (100+),0.04800000000000004,0.952,0
2391,258,4) very common (100+),0.272,0.728,1
2392,566,4) very common (100+),0.367,0.633,1
2393,43,3) common (21-100),0.644,0.356,1
2394,47,3) common (21-100),0.35,0.65,0
2395,108,4) very common (100+),0.44799999999999995,0.552,0
2396,323,4) very common (100+),0.09799999999999998,0.902,0
2397,43,3) common (21-100),0.16700000000000004,0.833,1
2398,452,4) very common (100+),0.542,0.458,1
2399,307,4) very common (100+),0.591,0.409,1
2400,196,4) very common (100+),0.503,0.497,1
2401,4537,4) very common (100+),0.43600000000000005,0.564,1
2402,179,4) very common (100+),0.46699999999999997,0.533,0
2403,1299,4) very common (100+),0.69,0.31,1
2404,804,4) very common (100+),0.727,0.273,1
2405,1299,4) very common (100+),0.261,0.739,0
2406,1797,4) very common (100+),0.723,0.277,1
2407,457,4) very common (100+),0.511,0.489,0
2408,115,4) very common (100+),0.19499999999999995,0.805,1
2409,258,4) very common (100+),0.61,0.39,1
2410,1299,4) very common (100+),0.823,0.177,1
2411,1123,4) very common (100+),0.41800000000000004,0.582,0
2412,27,3) common (21-100),0.775,0.225,0
2413,1493,4) very common (100+),0.368,0.632,0
2414,2537,4) very common (100+),0.832,0.168,1
2415,245,4) very common (100+),0.32299999999999995,0.677,0
2416,271,4) very common (100+),0.603,0.397,1
2417,433,4) very common (100+),0.773,0.227,0
2418,59,3) common (21-100),0.552,0.448,1
2419,828,4) very common (100+),0.17000000000000004,0.83,0
2420,265,4) very common (100+),0.532,0.468,0
2421,1299,4) very common (100+),0.274,0.726,1
2422,4537,4) very common (100+),0.48,0.52,1
2423,452,4) very common (100+),0.488,0.512,1
2424,146,4) very common (100+),0.652,0.348,1
2425,4537,4) very common (100+),0.41700000000000004,0.583,1
2426,393,4) very common (100+),0.73,0.27,1
2427,366,4) very common (100+),0.009000000000000008,0.991,0
2428,828,4) very common (100+),0.241,0.759,1
2429,111,4) very common (100+),0.747,0.253,1
2430,174,4) very common (100+),0.745,0.255,1
2431,782,4) very common (100+),0.08999999999999997,0.91,0
2432,287,4) very common (100+),0.5840000000000001,0.416,0
2433,1916,4) very common (100+),0.5,0.5,0
2434,433,4) very common (100+),0.51,0.49,0
2435,433,4) very common (100+),0.654,0.346,1
2436,553,4) very common (100+),0.902,0.098,1
2437,107,4) very common (100+),0.489,0.511,1
2438,782,4) very common (100+),0.751,0.249,0
2439,4537,4) very common (100+),0.45399999999999996,0.546,0
2440,1916,4) very common (100+),0.30500000000000005,0.695,0
2441,900,4) very common (100+),0.376,0.624,0
2442,4537,4) very common (100+),0.704,0.296,0
2443,2537,4) very common (100+),0.17100000000000004,0.829,1
2444,1493,4) very common (100+),0.687,0.313,0
2445,4,1) very rare (1-5),0.895,0.105,1
2446,4537,4) very common (100+),0.33899999999999997,0.661,0
2447,58,3) common (21-100),0.44399999999999995,0.556,1
2448,193,4) very common (100+),0.673,0.327,1
2449,955,4) very common (100+),0.733,0.267,1
2450,566,4) very common (100+),0.922,0.078,1
2451,442,4) very common (100+),0.119,0.881,1
2452,828,4) very common (100+),0.32599999999999996,0.674,0
2453,77,3) common (21-100),0.635,0.365,0
2454,924,4) very common (100+),0.504,0.496,0
2455,8,2) rare (6-20),0.774,0.226,1
2456,1797,4) very common (100+),0.5469999999999999,0.453,1
2457,307,4) very common (100+),0.5529999999999999,0.447,1
2458,4537,4) very common (100+),0.644,0.356,0
2459,4537,4) very common (100+),0.17600000000000005,0.824,0
2460,924,4) very common (100+),0.386,0.614,0
2461,1916,4) very common (100+),0.44999999999999996,0.55,1
2462,37,3) common (21-100),0.273,0.727,0
2463,1493,4) very common (100+),0.643,0.357,0
2464,287,4) very common (100+),0.565,0.435,1
2465,1299,4) very common (100+),0.475,0.525,0
2466,2537,4) very common (100+),0.731,0.269,0
2467,307,4) very common (100+),0.14300000000000002,0.857,1
2468,1299,4) very common (100+),0.31599999999999995,0.684,0
2469,924,4) very common (100+),0.45999999999999996,0.54,0
2470,782,4) very common (100+),0.522,0.478,1
2471,566,4) very common (100+),0.34099999999999997,0.659,0
2472,1493,4) very common (100+),0.21099999999999997,0.789,0
2473,1299,4) very common (100+),0.16300000000000003,0.837,1
2474,2537,4) very common (100+),0.20499999999999996,0.795,1
2475,2537,4) very common (100+),0.5549999999999999,0.445,1
2476,457,4) very common (100+),0.237,0.763,0
2477,446,4) very common (100+),0.08899999999999997,0.911,0
2478,924,4) very common (100+),0.21599999999999997,0.784,1
2479,265,4) very common (100+),0.719,0.281,1
2480,111,4) very common (100+),0.631,0.369,1
2481,76,3) common (21-100),0.5449999999999999,0.455,1
2482,900,4) very common (100+),0.46799999999999997,0.532,0
2483,782,4) very common (100+),0.621,0.379,1
2484,1277,4) very common (100+),0.08699999999999997,0.913,0
2485,2537,4) very common (100+),0.17600000000000005,0.824,0
2486,43,3) common (21-100),0.558,0.442,1
2487,146,4) very common (100+),0.72,0.28,1
2488,2537,4) very common (100+),0.627,0.373,0
2489,56,3) common (21-100),0.6970000000000001,0.303,1
2490,1493,4) very common (100+),0.268,0.732,0
2491,442,4) very common (100+),0.813,0.187,1
2492,1493,4) very common (100+),0.23099999999999998,0.769,0
2493,2,1) very rare (1-5),0.556,0.444,1
2494,107,4) very common (100+),0.7010000000000001,0.299,1
2495,60,3) common (21-100),0.5920000000000001,0.408,1
2496,782,4) very common (100+),0.10399999999999998,0.896,0
2497,4537,4) very common (100+),0.55,0.45,0
2498,393,4) very common (100+),0.471,0.529,0
2499,573,4) very common (100+),0.365,0.635,1
2500,393,4) very common (100+),0.481,0.519,0
2501,782,4) very common (100+),0.375,0.625,1
2502,457,4) very common (100+),0.32899999999999996,0.671,0
2503,1493,4) very common (100+),0.08999999999999997,0.91,0
2504,1797,4) very common (100+),0.508,0.492,1
2505,12,2) rare (6-20),0.649,0.351,1
2506,782,4) very common (100+),0.11099999999999999,0.889,0
2507,4537,4) very common (100+),0.06000000000000005,0.94,0
2508,1797,4) very common (100+),0.257,0.743,0
2509,442,4) very common (100+),0.20599999999999996,0.794,1
2510,4537,4) very common (100+),0.372,0.628,0
2511,323,4) very common (100+),0.629,0.371,0
2512,28,3) common (21-100),0.77,0.23,0
2513,14,2) rare (6-20),0.384,0.616,0
2514,154,4) very common (100+),0.43200000000000005,0.568,1
2515,31,3) common (21-100),0.41500000000000004,0.585,1
2516,1299,4) very common (100+),0.608,0.392,1
2517,804,4) very common (100+),0.738,0.262,1
2518,457,4) very common (100+),0.388,0.612,0
2519,804,4) very common (100+),0.33099999999999996,0.669,1
2520,4537,4) very common (100+),0.05700000000000005,0.943,1
2521,433,4) very common (100+),0.492,0.508,0
2522,1797,4) very common (100+),0.29700000000000004,0.703,0
2523,2537,4) very common (100+),0.733,0.267,1
2524,323,4) very common (100+),0.396,0.604,0
2525,1797,4) very common (100+),0.387,0.613,0
2526,924,4) very common (100+),0.15000000000000002,0.85,1
2527,1916,4) very common (100+),0.398,0.602,0
2528,264,4) very common (100+),0.12,0.88,0
2529,566,4) very common (100+),0.615,0.385,0
2530,1299,4) very common (100+),0.43899999999999995,0.561,1
2531,75,3) common (21-100),0.511,0.489,0
2532,228,4) very common (100+),0.544,0.456,1
2533,4537,4) very common (100+),0.594,0.406,0
2534,2537,4) very common (100+),0.654,0.346,0
2535,4537,4) very common (100+),0.33099999999999996,0.669,0
2536,264,4) very common (100+),0.016000000000000014,0.984,0
2537,90,3) common (21-100),0.45999999999999996,0.54,0
2538,446,4) very common (100+),0.28300000000000003,0.717,0
2539,1299,4) very common (100+),0.43899999999999995,0.561,0
2540,2537,4) very common (100+),0.7130000000000001,0.287,0
2541,1299,4) very common (100+),0.5900000000000001,0.41,0
2542,433,4) very common (100+),0.685,0.315,1
2543,446,4) very common (100+),0.015000000000000013,0.985,0
2544,1,1) very rare (1-5),0.43500000000000005,0.565,1
2545,30,3) common (21-100),0.18799999999999994,0.812,0
2546,782,4) very common (100+),0.10599999999999998,0.894,0
2547,78,3) common (21-100),0.785,0.215,1
2548,307,4) very common (100+),0.595,0.405,1
2549,2537,4) very common (100+),0.46399999999999997,0.536,1
2550,828,4) very common (100+),0.03700000000000003,0.963,0
2551,2537,4) very common (100+),0.675,0.325,1
2552,1299,4) very common (100+),0.87,0.13,1
2553,1916,4) very common (100+),0.06599999999999995,0.934,0
2554,924,4) very common (100+),0.19499999999999995,0.805,0
2555,1277,4) very common (100+),0.24,0.76,0
2556,1123,4) very common (100+),0.45099999999999996,0.549,1
2557,142,4) very common (100+),0.751,0.249,1
2558,2537,4) very common (100+),0.22999999999999998,0.77,1
2559,782,4) very common (100+),0.45099999999999996,0.549,0
2560,955,4) very common (100+),0.483,0.517,0
2561,566,4) very common (100+),0.41600000000000004,0.584,1
2562,4537,4) very common (100+),0.722,0.278,0
2563,782,4) very common (100+),0.16900000000000004,0.831,0
2564,1493,4) very common (100+),0.544,0.456,0
2565,63,3) common (21-100),0.646,0.354,1
2566,4537,4) very common (100+),0.29300000000000004,0.707,0
2567,169,4) very common (100+),0.892,0.108,0
2568,33,3) common (21-100),0.659,0.341,1
2569,446,4) very common (100+),0.008000000000000007,0.992,0
2570,924,4) very common (100+),0.556,0.444,1
2571,4537,4) very common (100+),0.498,0.502,0
2572,2537,4) very common (100+),0.15000000000000002,0.85,0
2573,1299,4) very common (100+),0.28600000000000003,0.714,0
2574,828,4) very common (100+),0.03300000000000003,0.967,1
2575,2537,4) very common (100+),0.673,0.327,1
2576,153,4) very common (100+),0.20199999999999996,0.798,0
2577,4,1) very rare (1-5),0.16800000000000004,0.832,1
2578,1916,4) very common (100+),0.375,0.625,1
2579,4537,4) very common (100+),0.524,0.476,1
2580,1299,4) very common (100+),0.138,0.862,0
2581,33,3) common (21-100),0.03600000000000003,0.964,1
2582,142,4) very common (100+),0.10899999999999999,0.891,1
2583,134,4) very common (100+),0.475,0.525,1
2584,179,4) very common (100+),0.29500000000000004,0.705,0
2585,271,4) very common (100+),0.622,0.378,1
2586,385,4) very common (100+),0.507,0.493,1
2587,154,4) very common (100+),0.476,0.524,1
2588,4537,4) very common (100+),0.245,0.755,0
2589,109,4) very common (100+),0.129,0.871,0
2590,15,2) rare (6-20),0.888,0.112,0
2591,53,3) common (21-100),0.482,0.518,0
2592,553,4) very common (100+),0.484,0.516,1
2593,457,4) very common (100+),0.20399999999999996,0.796,0
2594,4537,4) very common (100+),0.474,0.526,1
2595,1797,4) very common (100+),0.373,0.627,0
2596,258,4) very common (100+),0.45299999999999996,0.547,1
2597,1797,4) very common (100+),0.17400000000000004,0.826,0
2598,900,4) very common (100+),0.17300000000000004,0.827,0
2599,1299,4) very common (100+),0.30800000000000005,0.692,0
2600,235,4) very common (100+),0.125,0.875,0
2601,4,1) very rare (1-5),0.19199999999999995,0.808,1
2602,955,4) very common (100+),0.33499999999999996,0.665,0
2603,154,4) very common (100+),0.706,0.294,1
2604,1299,4) very common (100+),0.11299999999999999,0.887,0
2605,1493,4) very common (100+),0.46799999999999997,0.532,0
2606,2537,4) very common (100+),0.46099999999999997,0.539,0
2607,452,4) very common (100+),0.721,0.279,1
2608,52,3) common (21-100),0.13,0.87,0
2609,4537,4) very common (100+),0.507,0.493,1
2610,1493,4) very common (100+),0.371,0.629,0
2611,179,4) very common (100+),0.30000000000000004,0.7,0
2612,828,4) very common (100+),0.351,0.649,0
2613,413,4) very common (100+),0.07399999999999995,0.926,0
2614,924,4) very common (100+),0.731,0.269,1
2615,955,4) very common (100+),0.759,0.241,1
2616,1123,4) very common (100+),0.55,0.45,0
2617,828,4) very common (100+),0.03600000000000003,0.964,0
2618,32,3) common (21-100),0.771,0.229,0
2619,5,1) very rare (1-5),0.604,0.396,1
2620,4537,4) very common (100+),0.609,0.391,0
2621,197,4) very common (100+),0.741,0.259,1
2622,828,4) very common (100+),0.478,0.522,0
2623,4537,4) very common (100+),0.44999999999999996,0.55,0
2624,174,4) very common (100+),0.493,0.507,0
2625,164,4) very common (100+),0.766,0.234,1
2626,446,4) very common (100+),0.01200000000000001,0.988,0
2627,258,4) very common (100+),0.894,0.106,1
2628,828,4) very common (100+),0.16000000000000003,0.84,0
2629,48,3) common (21-100),0.5880000000000001,0.412,0
2630,109,4) very common (100+),0.26,0.74,0
2631,4537,4) very common (100+),0.28600000000000003,0.714,1
2632,196,4) very common (100+),0.46699999999999997,0.533,1
2633,900,4) very common (100+),0.401,0.599,1
2634,1123,4) very common (100+),0.479,0.521,1
2635,4537,4) very common (100+),0.262,0.738,0
2636,59,3) common (21-100),0.381,0.619,1
2637,1299,4) very common (100+),0.573,0.427,1
2638,3,1) very rare (1-5),0.589,0.411,1
2639,1493,4) very common (100+),0.275,0.725,1
2640,553,4) very common (100+),0.622,0.378,1
2641,413,4) very common (100+),0.29200000000000004,0.708,0
2642,1916,4) very common (100+),0.552,0.448,0
2643,307,4) very common (100+),0.07899999999999996,0.921,0
2644,8,2) rare (6-20),0.768,0.232,1
2645,1493,4) very common (100+),0.21899999999999997,0.781,0
2646,828,4) very common (100+),0.45399999999999996,0.546,1
2647,1277,4) very common (100+),0.389,0.611,0
2648,433,4) very common (100+),0.569,0.431,1
2649,955,4) very common (100+),0.42500000000000004,0.575,1
2650,2537,4) very common (100+),0.22399999999999998,0.776,0
2651,955,4) very common (100+),0.663,0.337,0
2652,4537,4) very common (100+),0.18200000000000005,0.818,0
2653,4537,4) very common (100+),0.16500000000000004,0.835,1
2654,1299,4) very common (100+),0.394,0.606,0
2655,153,4) very common (100+),0.8049999999999999,0.195,1
2656,323,4) very common (100+),0.6890000000000001,0.311,1
2657,1493,4) very common (100+),0.518,0.482,0
2658,4537,4) very common (100+),0.698,0.302,1
2659,245,4) very common (100+),0.248,0.752,1
2660,442,4) very common (100+),0.347,0.653,1
2661,573,4) very common (100+),0.483,0.517,1
2662,4537,4) very common (100+),0.33899999999999997,0.661,1
2663,1123,4) very common (100+),0.45899999999999996,0.541,0
2664,2537,4) very common (100+),0.119,0.881,0
2665,154,4) very common (100+),0.808,0.192,0
2666,1277,4) very common (100+),0.29200000000000004,0.708,0
2667,1493,4) very common (100+),0.11399999999999999,0.886,0
2668,2537,4) very common (100+),0.5820000000000001,0.418,1
2669,169,4) very common (100+),0.622,0.378,1
2670,2537,4) very common (100+),0.496,0.504,0
2671,1493,4) very common (100+),0.391,0.609,1
2672,393,4) very common (100+),0.43100000000000005,0.569,1
2673,1123,4) very common (100+),0.511,0.489,0
2674,1299,4) very common (100+),0.37,0.63,1
2675,955,4) very common (100+),0.706,0.294,1
2676,142,4) very common (100+),0.806,0.194,1
2677,258,4) very common (100+),0.675,0.325,1
2678,1916,4) very common (100+),0.618,0.382,1
2679,4537,4) very common (100+),0.16400000000000003,0.836,0
2680,71,3) common (21-100),0.397,0.603,1
2681,457,4) very common (100+),0.384,0.616,0
2682,281,4) very common (100+),0.502,0.498,1
2683,1493,4) very common (100+),0.07899999999999996,0.921,0
2684,1123,4) very common (100+),0.40900000000000003,0.591,0
2685,1277,4) very common (100+),0.359,0.641,0
2686,4537,4) very common (100+),0.43300000000000005,0.567,0
2687,4537,4) very common (100+),0.624,0.376,0
2688,154,4) very common (100+),0.793,0.207,1
2689,134,4) very common (100+),0.781,0.219,1
2690,134,4) very common (100+),0.241,0.759,1
2691,366,4) very common (100+),0.46599999999999997,0.534,1
2692,115,4) very common (100+),0.596,0.404,1
2693,4537,4) very common (100+),0.353,0.647,0
2694,65,3) common (21-100),0.139,0.861,0
2695,366,4) very common (100+),0.09099999999999997,0.909,0
2696,4537,4) very common (100+),0.773,0.227,1
2697,1299,4) very common (100+),0.65,0.35,0
2698,457,4) very common (100+),0.267,0.733,0
2699,193,4) very common (100+),0.727,0.273,1
2700,24,3) common (21-100),0.788,0.212,0
2701,900,4) very common (100+),0.696,0.304,0
2702,78,3) common (21-100),0.7150000000000001,0.285,1
2703,573,4) very common (100+),0.375,0.625,0
2704,2537,4) very common (100+),0.46099999999999997,0.539,1
2705,1299,4) very common (100+),0.33299999999999996,0.667,1
2706,4537,4) very common (100+),0.40700000000000003,0.593,0
2707,1916,4) very common (100+),0.46199999999999997,0.538,1
2708,48,3) common (21-100),0.32399999999999995,0.676,0
2709,1797,4) very common (100+),0.712,0.288,0
2710,955,4) very common (100+),0.25,0.75,0
2711,4537,4) very common (100+),0.28700000000000003,0.713,0
2712,48,3) common (21-100),0.836,0.164,0
2713,1123,4) very common (100+),0.392,0.608,1
2714,573,4) very common (100+),0.802,0.198,1
2715,413,4) very common (100+),0.499,0.501,1
2716,1299,4) very common (100+),0.128,0.872,0
2717,1299,4) very common (100+),0.11399999999999999,0.886,0
2718,107,4) very common (100+),0.922,0.078,1
2719,264,4) very common (100+),0.04400000000000004,0.956,0
2720,446,4) very common (100+),0.007000000000000006,0.993,0
2721,4537,4) very common (100+),0.706,0.294,0
2722,323,4) very common (100+),0.14700000000000002,0.853,0
2723,1123,4) very common (100+),0.281,0.719,0
2724,4537,4) very common (100+),0.41000000000000003,0.59,1
2725,4537,4) very common (100+),0.5569999999999999,0.443,0
2726,307,4) very common (100+),0.19799999999999995,0.802,1
2727,4537,4) very common (100+),0.11099999999999999,0.889,0
2728,4,1) very rare (1-5),0.18200000000000005,0.818,1
2729,1493,4) very common (100+),0.5900000000000001,0.41,0
2730,281,4) very common (100+),0.546,0.454,1
2731,366,4) very common (100+),0.05300000000000005,0.947,0
2732,2537,4) very common (100+),0.782,0.218,1
2733,955,4) very common (100+),0.05400000000000005,0.946,1
2734,828,4) very common (100+),0.659,0.341,0
2735,107,4) very common (100+),0.823,0.177,1
2736,4537,4) very common (100+),0.46799999999999997,0.532,1
2737,6,2) rare (6-20),0.9339999999999999,0.066,1
2738,573,4) very common (100+),0.653,0.347,1
2739,1797,4) very common (100+),0.723,0.277,1
2740,828,4) very common (100+),0.04300000000000004,0.957,0
2741,1916,4) very common (100+),0.398,0.602,0
2742,1493,4) very common (100+),0.273,0.727,0
2743,4537,4) very common (100+),0.11299999999999999,0.887,0
2744,828,4) very common (100+),0.344,0.656,0
2745,955,4) very common (100+),0.5660000000000001,0.434,1
2746,566,4) very common (100+),0.118,0.882,0
2747,4537,4) very common (100+),0.5820000000000001,0.418,1
2748,157,4) very common (100+),0.04800000000000004,0.952,0
2749,553,4) very common (100+),0.6759999999999999,0.324,1
2750,4537,4) very common (100+),0.271,0.729,0
2751,900,4) very common (100+),0.796,0.204,1
2752,212,4) very common (100+),0.696,0.304,1
2753,804,4) very common (100+),0.729,0.271,0
2754,24,3) common (21-100),0.41500000000000004,0.585,1
2755,457,4) very common (100+),0.842,0.158,1
2756,924,4) very common (100+),0.663,0.337,1
2757,77,3) common (21-100),0.629,0.371,1
2758,2537,4) very common (100+),0.876,0.124,0
2759,271,4) very common (100+),0.688,0.312,0
2760,4537,4) very common (100+),0.44199999999999995,0.558,0
2761,1299,4) very common (100+),0.41900000000000004,0.581,0
2762,2537,4) very common (100+),0.348,0.652,1
2763,24,3) common (21-100),0.126,0.874,1
2764,1797,4) very common (100+),0.506,0.494,1
2765,804,4) very common (100+),0.813,0.187,1
2766,804,4) very common (100+),0.63,0.37,1
2767,9,2) rare (6-20),0.694,0.306,1
2768,1123,4) very common (100+),0.573,0.427,0
2769,804,4) very common (100+),0.362,0.638,0
2770,900,4) very common (100+),0.6950000000000001,0.305,1
2771,804,4) very common (100+),0.274,0.726,1
2772,924,4) very common (100+),0.6910000000000001,0.309,1
2773,164,4) very common (100+),0.28200000000000003,0.718,1
2774,2537,4) very common (100+),0.77,0.23,1
2775,307,4) very common (100+),0.398,0.602,1
2776,52,3) common (21-100),0.30900000000000005,0.691,0
2777,2537,4) very common (100+),0.39,0.61,1
2778,2537,4) very common (100+),0.42800000000000005,0.572,0
2779,4537,4) very common (100+),0.08199999999999996,0.918,0
2780,782,4) very common (100+),0.6990000000000001,0.301,1
2781,1123,4) very common (100+),0.527,0.473,1
2782,264,4) very common (100+),0.06599999999999995,0.934,0
2783,28,3) common (21-100),0.7010000000000001,0.299,0
2784,307,4) very common (100+),0.38,0.62,0
2785,281,4) very common (100+),0.729,0.271,1
2786,1277,4) very common (100+),0.134,0.866,0
2787,442,4) very common (100+),0.918,0.082,1
2788,4537,4) very common (100+),0.6699999999999999,0.33,0
2789,1299,4) very common (100+),0.482,0.518,1
2790,4537,4) very common (100+),0.17300000000000004,0.827,1
2791,107,4) very common (100+),0.41600000000000004,0.584,0
2792,804,4) very common (100+),0.493,0.507,1
2793,2537,4) very common (100+),0.8220000000000001,0.178,0
2794,1797,4) very common (100+),0.389,0.611,0
2795,7,2) rare (6-20),0.544,0.456,1
2796,97,3) common (21-100),0.798,0.202,1
2797,196,4) very common (100+),0.6,0.4,0
2798,782,4) very common (100+),0.628,0.372,1
2799,4537,4) very common (100+),0.19199999999999995,0.808,0
2800,1299,4) very common (100+),0.627,0.373,0
2801,264,4) very common (100+),0.16400000000000003,0.836,0
2802,553,4) very common (100+),0.775,0.225,1
2803,828,4) very common (100+),0.244,0.756,0
2804,442,4) very common (100+),0.10199999999999998,0.898,0
2805,393,4) very common (100+),0.62,0.38,0
2806,4537,4) very common (100+),0.35,0.65,0
2807,11,2) rare (6-20),0.763,0.237,1
2808,924,4) very common (100+),0.33699999999999997,0.663,1
2809,2537,4) very common (100+),0.525,0.475,1
2810,6,2) rare (6-20),0.613,0.387,1
2811,3,1) very rare (1-5),0.521,0.479,1
2812,1797,4) very common (100+),0.517,0.483,0
2813,1277,4) very common (100+),0.11699999999999999,0.883,0
2814,264,4) very common (100+),0.05300000000000005,0.947,0
2815,1123,4) very common (100+),0.633,0.367,0
2816,955,4) very common (100+),0.766,0.234,1
2817,0,1) very rare (1-5),0.651,0.349,1
2818,955,4) very common (100+),0.5329999999999999,0.467,1
2819,452,4) very common (100+),0.6739999999999999,0.326,0
2820,924,4) very common (100+),0.17100000000000004,0.829,0
2821,573,4) very common (100+),0.911,0.089,1
2822,452,4) very common (100+),0.403,0.597,0
2823,1916,4) very common (100+),0.06899999999999995,0.931,0
2824,442,4) very common (100+),0.506,0.494,1
2825,1916,4) very common (100+),0.43799999999999994,0.562,1
2826,385,4) very common (100+),0.773,0.227,0
2827,4537,4) very common (100+),0.42700000000000005,0.573,0
2828,393,4) very common (100+),0.22699999999999998,0.773,0
2829,174,4) very common (100+),0.737,0.263,1
2830,393,4) very common (100+),0.5,0.5,0
2831,1797,4) very common (100+),0.248,0.752,0
2832,828,4) very common (100+),0.378,0.622,0
2833,2537,4) very common (100+),0.119,0.881,0
2834,955,4) very common (100+),0.484,0.516,0
2835,4537,4) very common (100+),0.138,0.862,0
2836,457,4) very common (100+),0.6599999999999999,0.34,0
2837,955,4) very common (100+),0.806,0.194,1
2838,1277,4) very common (100+),0.508,0.492,0
2839,1493,4) very common (100+),0.745,0.255,1
2840,42,3) common (21-100),0.09099999999999997,0.909,0
2841,77,3) common (21-100),0.606,0.394,0
2842,804,4) very common (100+),0.45199999999999996,0.548,0
2843,1916,4) very common (100+),0.377,0.623,1
2844,457,4) very common (100+),0.395,0.605,0
2845,900,4) very common (100+),0.34299999999999997,0.657,1
2846,4537,4) very common (100+),0.26,0.74,0
2847,1277,4) very common (100+),0.136,0.864,0
2848,4537,4) very common (100+),0.34299999999999997,0.657,0
2849,1299,4) very common (100+),0.362,0.638,0
2850,4537,4) very common (100+),0.264,0.736,1
2851,4537,4) very common (100+),0.238,0.762,0
2852,2537,4) very common (100+),0.19299999999999995,0.807,0
2853,393,4) very common (100+),0.391,0.609,1
2854,1493,4) very common (100+),0.31899999999999995,0.681,0
2855,4537,4) very common (100+),0.252,0.748,0
2856,1916,4) very common (100+),0.597,0.403,0
2857,146,4) very common (100+),0.43799999999999994,0.562,1
2858,18,2) rare (6-20),0.15900000000000003,0.841,1
2859,91,3) common (21-100),0.04500000000000004,0.955,0
2860,1493,4) very common (100+),0.122,0.878,1
2861,1493,4) very common (100+),0.31799999999999995,0.682,0
2862,900,4) very common (100+),0.538,0.462,0
2863,91,3) common (21-100),0.21999999999999997,0.78,0
2864,900,4) very common (100+),0.78,0.22,1
2865,78,3) common (21-100),0.926,0.074,1
2866,433,4) very common (100+),0.404,0.596,0
2867,553,4) very common (100+),0.23099999999999998,0.769,0
2868,4537,4) very common (100+),0.522,0.478,0
2869,29,3) common (21-100),0.712,0.288,0
2870,4537,4) very common (100+),0.28400000000000003,0.716,0
2871,4537,4) very common (100+),0.30300000000000005,0.697,0
2872,4537,4) very common (100+),0.21499999999999997,0.785,0
2873,1916,4) very common (100+),0.86,0.14,1
2874,900,4) very common (100+),0.622,0.378,1
2875,924,4) very common (100+),0.51,0.49,0
2876,4537,4) very common (100+),0.483,0.517,0
2877,1916,4) very common (100+),0.14400000000000002,0.856,0
2878,955,4) very common (100+),0.505,0.495,0
2879,111,4) very common (100+),0.527,0.473,1
2880,1797,4) very common (100+),0.243,0.757,0
2881,900,4) very common (100+),0.761,0.239,0
2882,2537,4) very common (100+),0.20799999999999996,0.792,0
2883,6,2) rare (6-20),0.42200000000000004,0.578,1
2884,1123,4) very common (100+),0.44899999999999995,0.551,0
2885,107,4) very common (100+),0.673,0.327,1
2886,65,3) common (21-100),0.09799999999999998,0.902,0
2887,1277,4) very common (100+),0.5449999999999999,0.455,1
2888,77,3) common (21-100),0.381,0.619,0
2889,157,4) very common (100+),0.403,0.597,1
2890,1797,4) very common (100+),0.251,0.749,1
2891,0,1) very rare (1-5),0.898,0.102,1
2892,1299,4) very common (100+),0.15000000000000002,0.85,0
2893,4537,4) very common (100+),0.16900000000000004,0.831,0
2894,157,4) very common (100+),0.20999999999999996,0.79,0
2895,1797,4) very common (100+),0.42500000000000004,0.575,0
2896,56,3) common (21-100),0.43999999999999995,0.56,1
2897,1277,4) very common (100+),0.05700000000000005,0.943,0
2898,4537,4) very common (100+),0.366,0.634,0
2899,9,2) rare (6-20),0.869,0.131,1
2900,281,4) very common (100+),0.41800000000000004,0.582,1
2901,4537,4) very common (100+),0.579,0.421,1
2902,566,4) very common (100+),0.10299999999999998,0.897,0
2903,33,3) common (21-100),0.518,0.482,1
2904,42,3) common (21-100),0.7030000000000001,0.297,0
2905,265,4) very common (100+),0.538,0.462,0
2906,955,4) very common (100+),0.44899999999999995,0.551,1
2907,900,4) very common (100+),0.7170000000000001,0.283,1
2908,4537,4) very common (100+),0.478,0.522,1
2909,433,4) very common (100+),0.744,0.256,1
2910,2537,4) very common (100+),0.527,0.473,1
2911,14,2) rare (6-20),0.727,0.273,1
2912,413,4) very common (100+),0.384,0.616,0
2913,4537,4) very common (100+),0.6930000000000001,0.307,1
2914,1916,4) very common (100+),0.31100000000000005,0.689,0
2915,212,4) very common (100+),0.42300000000000004,0.577,1
2916,1916,4) very common (100+),0.31000000000000005,0.69,0
2917,4537,4) very common (100+),0.18600000000000005,0.814,0
2918,2537,4) very common (100+),0.42300000000000004,0.577,0
2919,4537,4) very common (100+),0.269,0.731,1
2920,4537,4) very common (100+),0.08599999999999997,0.914,0
2921,804,4) very common (100+),0.609,0.391,0
2922,446,4) very common (100+),0.929,0.071,0
2923,258,4) very common (100+),0.378,0.622,1
2924,1277,4) very common (100+),0.33599999999999997,0.664,0
2925,97,3) common (21-100),0.5860000000000001,0.414,1
2926,1797,4) very common (100+),0.721,0.279,1
2927,1797,4) very common (100+),0.245,0.755,0
2928,323,4) very common (100+),0.375,0.625,0
2929,1797,4) very common (100+),0.487,0.513,0
2930,924,4) very common (100+),0.501,0.499,0
2931,955,4) very common (100+),0.51,0.49,0
2932,955,4) very common (100+),0.654,0.346,0
2933,452,4) very common (100+),0.834,0.166,1
2934,457,4) very common (100+),0.404,0.596,0
2935,900,4) very common (100+),0.46599999999999997,0.534,1
2936,1916,4) very common (100+),0.392,0.608,1
2937,264,4) very common (100+),0.46099999999999997,0.539,1
2938,1916,4) very common (100+),0.051000000000000045,0.949,0
2939,1123,4) very common (100+),0.56,0.44,0
2940,566,4) very common (100+),0.06599999999999995,0.934,0
2941,1916,4) very common (100+),0.19899999999999995,0.801,0
2942,457,4) very common (100+),0.827,0.173,1
2943,1299,4) very common (100+),0.789,0.211,1
2944,2537,4) very common (100+),0.21499999999999997,0.785,0
2945,433,4) very common (100+),0.491,0.509,1
2946,1797,4) very common (100+),0.604,0.396,0
2947,955,4) very common (100+),0.503,0.497,1
2948,1916,4) very common (100+),0.261,0.739,0
2949,30,3) common (21-100),0.039000000000000035,0.961,0
2950,393,4) very common (100+),0.7130000000000001,0.287,0
2951,40,3) common (21-100),0.6930000000000001,0.307,1
2952,76,3) common (21-100),0.08799999999999997,0.912,0
2953,566,4) very common (100+),0.15300000000000002,0.847,0
2954,2537,4) very common (100+),0.43400000000000005,0.566,0
2955,900,4) very common (100+),0.257,0.743,1
2956,29,3) common (21-100),0.477,0.523,0
2957,2537,4) very common (100+),0.07799999999999996,0.922,0
2958,65,3) common (21-100),0.134,0.866,0
2959,924,4) very common (100+),0.47,0.53,1
2960,566,4) very common (100+),0.14,0.86,0
2961,2537,4) very common (100+),0.07399999999999995,0.926,0
2962,18,2) rare (6-20),0.636,0.364,1
2963,4537,4) very common (100+),0.14400000000000002,0.856,0
2964,1797,4) very common (100+),0.7170000000000001,0.283,0
2965,955,4) very common (100+),0.259,0.741,0
2966,2537,4) very common (100+),0.507,0.493,1
2967,804,4) very common (100+),0.29900000000000004,0.701,0
2968,1916,4) very common (100+),0.235,0.765,0
2969,1797,4) very common (100+),0.40900000000000003,0.591,1
2970,21,3) common (21-100),0.806,0.194,1
2971,39,3) common (21-100),0.44399999999999995,0.556,1
2972,197,4) very common (100+),0.33599999999999997,0.664,1
2973,1797,4) very common (100+),0.376,0.624,0
2974,17,2) rare (6-20),0.41400000000000003,0.586,1
2975,53,3) common (21-100),0.489,0.511,1
2976,1277,4) very common (100+),0.29400000000000004,0.706,0
2977,924,4) very common (100+),0.28300000000000003,0.717,0
2978,1123,4) very common (100+),0.354,0.646,1
2979,4537,4) very common (100+),0.31000000000000005,0.69,0
2980,142,4) very common (100+),0.20899999999999996,0.791,0
2981,21,3) common (21-100),0.632,0.368,1
2982,955,4) very common (100+),0.477,0.523,1
2983,1299,4) very common (100+),0.22799999999999998,0.772,1
2984,452,4) very common (100+),0.754,0.246,1
2985,287,4) very common (100+),0.598,0.402,1
2986,287,4) very common (100+),0.33799999999999997,0.662,1
2987,452,4) very common (100+),0.575,0.425,1
2988,4537,4) very common (100+),0.20899999999999996,0.791,1
2989,33,3) common (21-100),0.7130000000000001,0.287,1
2990,2537,4) very common (100+),0.33499999999999996,0.665,0
2991,1916,4) very common (100+),0.32599999999999996,0.674,0
2992,924,4) very common (100+),0.357,0.643,1
2993,34,3) common (21-100),0.606,0.394,1
2994,1299,4) very common (100+),0.8029999999999999,0.197,1
2995,393,4) very common (100+),0.279,0.721,1
2996,4537,4) very common (100+),0.84,0.16,1
2997,1916,4) very common (100+),0.20299999999999996,0.797,0
2998,228,4) very common (100+),0.677,0.323,1
2999,442,4) very common (100+),0.345,0.655,1
3000,111,4) very common (100+),0.43000000000000005,0.57,1
3001,393,4) very common (100+),0.263,0.737,0
3002,442,4) very common (100+),0.31499999999999995,0.685,1
3003,1797,4) very common (100+),0.259,0.741,0
3004,88,3) common (21-100),0.851,0.149,1
3005,452,4) very common (100+),0.671,0.329,1
3006,393,4) very common (100+),0.14100000000000001,0.859,0
3007,413,4) very common (100+),0.17900000000000005,0.821,0
3008,1493,4) very common (100+),0.243,0.757,0
3009,2537,4) very common (100+),0.723,0.277,1
3010,111,4) very common (100+),0.7150000000000001,0.285,1
3011,1123,4) very common (100+),0.56,0.44,1
3012,1916,4) very common (100+),0.354,0.646,0
3013,1916,4) very common (100+),0.508,0.492,0
3014,1493,4) very common (100+),0.09899999999999998,0.901,0
3015,281,4) very common (100+),0.394,0.606,0
3016,413,4) very common (100+),0.485,0.515,0
3017,4537,4) very common (100+),0.634,0.366,0
3018,1916,4) very common (100+),0.10399999999999998,0.896,1
3019,924,4) very common (100+),0.22699999999999998,0.773,0
3020,235,4) very common (100+),0.17200000000000004,0.828,0
3021,20,2) rare (6-20),0.712,0.288,1
3022,157,4) very common (100+),0.757,0.243,1
3023,1797,4) very common (100+),0.9,0.1,1
3024,287,4) very common (100+),0.43799999999999994,0.562,0
3025,433,4) very common (100+),0.6930000000000001,0.307,1
3026,108,4) very common (100+),0.696,0.304,0
3027,4537,4) very common (100+),0.28200000000000003,0.718,0
3028,4537,4) very common (100+),0.23099999999999998,0.769,0
3029,56,3) common (21-100),0.771,0.229,1
3030,4537,4) very common (100+),0.33099999999999996,0.669,0
3031,287,4) very common (100+),0.122,0.878,1
3032,4537,4) very common (100+),0.28600000000000003,0.714,0
3033,413,4) very common (100+),0.269,0.731,0
3034,452,4) very common (100+),0.6799999999999999,0.32,0
3035,4537,4) very common (100+),0.344,0.656,1
3036,1123,4) very common (100+),0.565,0.435,0
3037,828,4) very common (100+),0.03600000000000003,0.964,0
3038,1916,4) very common (100+),0.725,0.275,0
3039,323,4) very common (100+),0.607,0.393,1
3040,142,4) very common (100+),0.612,0.388,1
3041,1797,4) very common (100+),0.243,0.757,0
3042,108,4) very common (100+),0.267,0.733,0
3043,1277,4) very common (100+),0.276,0.724,0
3044,366,4) very common (100+),0.014000000000000012,0.986,0
3045,413,4) very common (100+),0.06999999999999995,0.93,0
3046,4537,4) very common (100+),0.33499999999999996,0.665,0
3047,4537,4) very common (100+),0.42200000000000004,0.578,0
3048,245,4) very common (100+),0.43799999999999994,0.562,1
3049,15,2) rare (6-20),0.646,0.354,1
3050,1493,4) very common (100+),0.613,0.387,0
3051,307,4) very common (100+),0.30600000000000005,0.694,1
3052,1123,4) very common (100+),0.562,0.438,1
3053,19,2) rare (6-20),0.502,0.498,1
3054,828,4) very common (100+),0.511,0.489,0
3055,955,4) very common (100+),0.09399999999999997,0.906,0
3056,393,4) very common (100+),0.244,0.756,1
3057,2537,4) very common (100+),0.665,0.335,0
3058,782,4) very common (100+),0.369,0.631,0
3059,307,4) very common (100+),0.5740000000000001,0.426,1
3060,955,4) very common (100+),0.603,0.397,0
3061,433,4) very common (100+),0.5880000000000001,0.412,1
3062,452,4) very common (100+),0.6859999999999999,0.314,1
3063,4537,4) very common (100+),0.506,0.494,0
3064,1277,4) very common (100+),0.35,0.65,0
3065,1916,4) very common (100+),0.6799999999999999,0.32,0
3066,4537,4) very common (100+),0.648,0.352,1
3067,63,3) common (21-100),0.851,0.149,1
3068,1277,4) very common (100+),0.243,0.757,0
3069,573,4) very common (100+),0.6890000000000001,0.311,1
3070,804,4) very common (100+),0.507,0.493,1
3071,1493,4) very common (100+),0.649,0.351,1
3072,452,4) very common (100+),0.751,0.249,0
3073,1123,4) very common (100+),0.45999999999999996,0.54,1
3074,1797,4) very common (100+),0.31599999999999995,0.684,0
3075,393,4) very common (100+),0.5800000000000001,0.42,0
3076,4537,4) very common (100+),0.6839999999999999,0.316,1
3077,782,4) very common (100+),0.14700000000000002,0.853,0
3078,287,4) very common (100+),0.346,0.654,1
3079,6,2) rare (6-20),0.347,0.653,1
3080,955,4) very common (100+),0.687,0.313,1
3081,212,4) very common (100+),0.346,0.654,0
3082,553,4) very common (100+),0.591,0.409,1
3083,1123,4) very common (100+),0.512,0.488,0
3084,782,4) very common (100+),0.06699999999999995,0.933,0
3085,1916,4) very common (100+),0.613,0.387,0
3086,6,2) rare (6-20),0.688,0.312,1
3087,828,4) very common (100+),0.399,0.601,0
3088,924,4) very common (100+),0.5820000000000001,0.418,1
3089,265,4) very common (100+),0.6619999999999999,0.338,1
3090,4537,4) very common (100+),0.14400000000000002,0.856,1
3091,52,3) common (21-100),0.20799999999999996,0.792,0
3092,4537,4) very common (100+),0.061000000000000054,0.939,0
3093,1493,4) very common (100+),0.552,0.448,0
3094,446,4) very common (100+),0.729,0.271,1
3095,900,4) very common (100+),0.708,0.292,1
3096,39,3) common (21-100),0.10099999999999998,0.899,0
3097,553,4) very common (100+),0.7030000000000001,0.297,1
3098,1493,4) very common (100+),0.65,0.35,1
3099,77,3) common (21-100),0.7130000000000001,0.287,1
3100,828,4) very common (100+),0.05800000000000005,0.942,0
3101,265,4) very common (100+),0.784,0.216,1
3102,1493,4) very common (100+),0.368,0.632,0
3103,2537,4) very common (100+),0.45299999999999996,0.547,1
3104,48,3) common (21-100),0.401,0.599,0
3105,66,3) common (21-100),0.21799999999999997,0.782,0
3106,212,4) very common (100+),0.764,0.236,0
3107,413,4) very common (100+),0.29900000000000004,0.701,0
3108,452,4) very common (100+),0.28600000000000003,0.714,0
3109,1123,4) very common (100+),0.6859999999999999,0.314,0
3110,4537,4) very common (100+),0.505,0.495,0
3111,1123,4) very common (100+),0.43799999999999994,0.562,1
3112,1493,4) very common (100+),0.17200000000000004,0.828,0
3113,1797,4) very common (100+),0.43600000000000005,0.564,0
3114,4537,4) very common (100+),0.19799999999999995,0.802,0
3115,4537,4) very common (100+),0.77,0.23,1
3116,4537,4) very common (100+),0.10699999999999998,0.893,0
3117,37,3) common (21-100),0.07799999999999996,0.922,0
3118,1493,4) very common (100+),0.16200000000000003,0.838,0
3119,1797,4) very common (100+),0.5489999999999999,0.451,1
3120,955,4) very common (100+),0.771,0.229,0
3121,40,3) common (21-100),0.40700000000000003,0.593,1
3122,235,4) very common (100+),0.63,0.37,0
3123,4537,4) very common (100+),0.46799999999999997,0.532,0
3124,433,4) very common (100+),0.548,0.452,0
3125,573,4) very common (100+),0.41200000000000003,0.588,0
3126,442,4) very common (100+),0.527,0.473,1
3127,4537,4) very common (100+),0.573,0.427,0
3128,782,4) very common (100+),0.621,0.379,1
3129,828,4) very common (100+),0.274,0.726,0
3130,65,3) common (21-100),0.062000000000000055,0.938,0
3131,2537,4) very common (100+),0.33299999999999996,0.667,1
3132,452,4) very common (100+),0.5740000000000001,0.426,0
3133,265,4) very common (100+),0.632,0.368,1
3134,385,4) very common (100+),0.21099999999999997,0.789,1
3135,1493,4) very common (100+),0.522,0.478,0
3136,955,4) very common (100+),0.36,0.64,0
3137,900,4) very common (100+),0.722,0.278,0
3138,100,3) common (21-100),0.487,0.513,1
3139,1916,4) very common (100+),0.744,0.256,1
3140,1493,4) very common (100+),0.17000000000000004,0.83,1
3141,1299,4) very common (100+),0.19799999999999995,0.802,0
3142,42,3) common (21-100),0.10799999999999998,0.892,0
3143,955,4) very common (100+),0.489,0.511,1
3144,4,1) very rare (1-5),0.635,0.365,1
3145,142,4) very common (100+),0.02400000000000002,0.976,0
3146,142,4) very common (100+),0.30500000000000005,0.695,1
3147,20,2) rare (6-20),0.5760000000000001,0.424,1
3148,1797,4) very common (100+),0.626,0.374,1
3149,1916,4) very common (100+),0.39,0.61,0
3150,955,4) very common (100+),0.33599999999999997,0.664,0
3151,66,3) common (21-100),0.477,0.523,1
3152,4537,4) very common (100+),0.11299999999999999,0.887,0
3153,2537,4) very common (100+),0.04300000000000004,0.957,0
3154,446,4) very common (100+),0.02300000000000002,0.977,0
3155,1797,4) very common (100+),0.6779999999999999,0.322,0
3156,287,4) very common (100+),0.769,0.231,1
3157,111,4) very common (100+),0.601,0.399,1
3158,323,4) very common (100+),0.657,0.343,1
3159,27,3) common (21-100),0.389,0.611,0
3160,307,4) very common (100+),0.8029999999999999,0.197,1
3161,900,4) very common (100+),0.405,0.595,0
3162,1299,4) very common (100+),0.241,0.759,0
3163,2537,4) very common (100+),0.32099999999999995,0.679,0
3164,457,4) very common (100+),0.5569999999999999,0.443,0
3165,2537,4) very common (100+),0.7070000000000001,0.293,1
3166,1797,4) very common (100+),0.367,0.633,0
3167,119,4) very common (100+),0.783,0.217,1
3168,8,2) rare (6-20),0.531,0.469,1
3169,4537,4) very common (100+),0.488,0.512,0
3170,4,1) very rare (1-5),0.883,0.117,1
3171,1123,4) very common (100+),0.374,0.626,1
3172,1493,4) very common (100+),0.21299999999999997,0.787,0
3173,2537,4) very common (100+),0.019000000000000017,0.981,0
3174,4537,4) very common (100+),0.347,0.653,0
3175,33,3) common (21-100),0.30100000000000005,0.699,1
3176,154,4) very common (100+),0.815,0.185,1
3177,4,1) very rare (1-5),0.5429999999999999,0.457,1
3178,1916,4) very common (100+),0.656,0.344,1
3179,197,4) very common (100+),0.501,0.499,1
3180,1123,4) very common (100+),0.638,0.362,1
3181,4537,4) very common (100+),0.17300000000000004,0.827,0
3182,924,4) very common (100+),0.648,0.352,0
3183,134,4) very common (100+),0.386,0.614,1
3184,566,4) very common (100+),0.606,0.394,0
3185,573,4) very common (100+),0.514,0.486,0
3186,245,4) very common (100+),0.366,0.634,1
3187,142,4) very common (100+),0.484,0.516,1
3188,433,4) very common (100+),0.348,0.652,0
3189,1123,4) very common (100+),0.5489999999999999,0.451,0
3190,63,3) common (21-100),0.739,0.261,1
3191,446,4) very common (100+),0.277,0.723,0
3192,29,3) common (21-100),0.523,0.477,0
3193,11,2) rare (6-20),0.792,0.208,1
3194,1277,4) very common (100+),0.371,0.629,0
3195,1299,4) very common (100+),0.498,0.502,0
3196,566,4) very common (100+),0.04300000000000004,0.957,0
3197,30,3) common (21-100),0.16300000000000003,0.837,0
3198,179,4) very common (100+),0.18799999999999994,0.812,0
3199,30,3) common (21-100),0.31299999999999994,0.687,0
3200,33,3) common (21-100),0.938,0.062,1
3201,1277,4) very common (100+),0.07799999999999996,0.922,0
3202,1916,4) very common (100+),0.371,0.629,0
3203,264,4) very common (100+),0.039000000000000035,0.961,0
3204,1123,4) very common (100+),0.48,0.52,0
3205,4537,4) very common (100+),0.842,0.158,1
3206,75,3) common (21-100),0.25,0.75,1
3207,1123,4) very common (100+),0.475,0.525,1
3208,1797,4) very common (100+),0.687,0.313,1
3209,1277,4) very common (100+),0.774,0.226,0
3210,4537,4) very common (100+),0.505,0.495,0
3211,4537,4) very common (100+),0.32999999999999996,0.67,0
3212,109,4) very common (100+),0.131,0.869,0
3213,1797,4) very common (100+),0.571,0.429,0
3214,924,4) very common (100+),0.523,0.477,0
3215,307,4) very common (100+),0.494,0.506,0
3216,4537,4) very common (100+),0.355,0.645,0
3217,924,4) very common (100+),0.45599999999999996,0.544,1
3218,1299,4) very common (100+),0.44199999999999995,0.558,0
3219,900,4) very common (100+),0.575,0.425,1
3220,1493,4) very common (100+),0.129,0.871,0
3221,2537,4) very common (100+),0.633,0.367,1
3222,1493,4) very common (100+),0.09699999999999998,0.903,1
3223,782,4) very common (100+),0.63,0.37,1
3224,553,4) very common (100+),0.395,0.605,0
3225,245,4) very common (100+),0.516,0.484,1
3226,1916,4) very common (100+),0.404,0.596,0
3227,1277,4) very common (100+),0.15900000000000003,0.841,0
3228,393,4) very common (100+),0.26,0.74,1
3229,452,4) very common (100+),0.671,0.329,1
3230,91,3) common (21-100),0.03600000000000003,0.964,0
3231,109,4) very common (100+),0.19099999999999995,0.809,0
3232,1123,4) very common (100+),0.21499999999999997,0.785,1
3233,566,4) very common (100+),0.08699999999999997,0.913,0
3234,63,3) common (21-100),0.723,0.277,1
3235,924,4) very common (100+),0.563,0.437,0
3236,1916,4) very common (100+),0.491,0.509,1
3237,32,3) common (21-100),0.562,0.438,0
3238,1123,4) very common (100+),0.17300000000000004,0.827,0
3239,1797,4) very common (100+),0.587,0.413,0
3240,1493,4) very common (100+),0.5349999999999999,0.465,0
3241,12,2) rare (6-20),0.44299999999999995,0.557,1
3242,1277,4) very common (100+),0.19699999999999995,0.803,0
3243,154,4) very common (100+),0.563,0.437,1
3244,452,4) very common (100+),0.41500000000000004,0.585,1
3245,804,4) very common (100+),0.45899999999999996,0.541,1
3246,1299,4) very common (100+),0.482,0.518,0
3247,1299,4) very common (100+),0.31999999999999995,0.68,0
3248,1797,4) very common (100+),0.347,0.653,1
3249,235,4) very common (100+),0.273,0.727,0
3250,2537,4) very common (100+),0.29900000000000004,0.701,1
3251,1123,4) very common (100+),0.71,0.29,1
3252,924,4) very common (100+),0.832,0.168,0
3253,1493,4) very common (100+),0.605,0.395,1
3254,828,4) very common (100+),0.403,0.597,0
3255,258,4) very common (100+),0.529,0.471,0
3256,828,4) very common (100+),0.015000000000000013,0.985,0
3257,164,4) very common (100+),0.728,0.272,1
3258,7,2) rare (6-20),0.30000000000000004,0.7,1
3259,6,2) rare (6-20),0.137,0.863,1
3260,47,3) common (21-100),0.493,0.507,1
3261,2537,4) very common (100+),0.33299999999999996,0.667,0
3262,804,4) very common (100+),0.532,0.468,1
3263,955,4) very common (100+),0.575,0.425,0
3264,1277,4) very common (100+),0.07399999999999995,0.926,0
3265,1916,4) very common (100+),0.5509999999999999,0.449,1
3266,29,3) common (21-100),0.625,0.375,0
3267,65,3) common (21-100),0.028000000000000025,0.972,0
3268,142,4) very common (100+),0.19399999999999995,0.806,0
3269,1123,4) very common (100+),0.43600000000000005,0.564,0
3270,1916,4) very common (100+),0.29100000000000004,0.709,0
3271,446,4) very common (100+),0.0020000000000000018,0.998,0
3272,924,4) very common (100+),0.346,0.654,1
3273,1299,4) very common (100+),0.08299999999999996,0.917,0
3274,4537,4) very common (100+),0.49,0.51,1
3275,1123,4) very common (100+),0.44099999999999995,0.559,0
3276,2537,4) very common (100+),0.33099999999999996,0.669,0
3277,108,4) very common (100+),0.44899999999999995,0.551,1
3278,442,4) very common (100+),0.5680000000000001,0.432,1
3279,1299,4) very common (100+),0.625,0.375,1
3280,828,4) very common (100+),0.28800000000000003,0.712,1
3281,1797,4) very common (100+),0.601,0.399,0
3282,1797,4) very common (100+),0.23299999999999998,0.767,0
3283,566,4) very common (100+),0.278,0.722,1
3284,4537,4) very common (100+),0.18500000000000005,0.815,1
3285,4537,4) very common (100+),0.704,0.296,0
3286,281,4) very common (100+),0.41600000000000004,0.584,1
3287,924,4) very common (100+),0.744,0.256,1
3288,1797,4) very common (100+),0.42500000000000004,0.575,1
3289,1299,4) very common (100+),0.5840000000000001,0.416,0
3290,323,4) very common (100+),0.09999999999999998,0.9,0
3291,900,4) very common (100+),0.7989999999999999,0.201,0
3292,65,3) common (21-100),0.17100000000000004,0.829,0
3293,1493,4) very common (100+),0.123,0.877,0
3294,1299,4) very common (100+),0.34099999999999997,0.659,1
3295,1797,4) very common (100+),0.45099999999999996,0.549,0
3296,228,4) very common (100+),0.655,0.345,1
3297,197,4) very common (100+),0.394,0.606,0
3298,111,4) very common (100+),0.687,0.313,1
3299,7,2) rare (6-20),0.839,0.161,1
3300,4537,4) very common (100+),0.30200000000000005,0.698,0
3301,18,2) rare (6-20),0.07499999999999996,0.925,0
3302,1123,4) very common (100+),0.44099999999999995,0.559,1
3303,553,4) very common (100+),0.587,0.413,0
3304,1797,4) very common (100+),0.29400000000000004,0.706,0
3305,197,4) very common (100+),0.399,0.601,1
3306,14,2) rare (6-20),0.777,0.223,1
3307,2537,4) very common (100+),0.473,0.527,1
3308,1299,4) very common (100+),0.41700000000000004,0.583,1
3309,782,4) very common (100+),0.696,0.304,0
3310,828,4) very common (100+),0.7170000000000001,0.283,1
3311,46,3) common (21-100),0.661,0.339,1
3312,1299,4) very common (100+),0.22799999999999998,0.772,1
3313,264,4) very common (100+),0.18799999999999994,0.812,0
3314,4,1) very rare (1-5),0.30200000000000005,0.698,1
3315,1299,4) very common (100+),0.41500000000000004,0.585,0
3316,1299,4) very common (100+),0.688,0.312,1
3317,955,4) very common (100+),0.747,0.253,0
3318,1299,4) very common (100+),0.501,0.499,1
3319,4537,4) very common (100+),0.8280000000000001,0.172,1
3320,245,4) very common (100+),0.644,0.356,1
3321,111,4) very common (100+),0.631,0.369,1
3322,32,3) common (21-100),0.18600000000000005,0.814,0
3323,573,4) very common (100+),0.764,0.236,1
3324,258,4) very common (100+),0.09499999999999997,0.905,1
3325,42,3) common (21-100),0.5569999999999999,0.443,1
3326,2537,4) very common (100+),0.19299999999999995,0.807,1
3327,366,4) very common (100+),0.013000000000000012,0.987,0
3328,385,4) very common (100+),0.506,0.494,1
3329,452,4) very common (100+),0.6,0.4,0
3330,446,4) very common (100+),0.0030000000000000027,0.997,0
3331,193,4) very common (100+),0.16500000000000004,0.835,1
3332,42,3) common (21-100),0.05300000000000005,0.947,0
3333,393,4) very common (100+),0.28400000000000003,0.716,1
3334,457,4) very common (100+),0.372,0.628,0
3335,4537,4) very common (100+),0.19099999999999995,0.809,0
3336,1299,4) very common (100+),0.571,0.429,1
3337,142,4) very common (100+),0.04800000000000004,0.952,1
3338,27,3) common (21-100),0.362,0.638,1
3339,4537,4) very common (100+),0.495,0.505,0
3340,413,4) very common (100+),0.88,0.12,1
3341,157,4) very common (100+),0.06399999999999995,0.936,0
3342,1123,4) very common (100+),0.5800000000000001,0.42,1
3343,1277,4) very common (100+),0.519,0.481,0
3344,782,4) very common (100+),0.527,0.473,0
3345,828,4) very common (100+),0.508,0.492,0
3346,12,2) rare (6-20),0.734,0.266,1
3347,1493,4) very common (100+),0.134,0.866,1
3348,4537,4) very common (100+),0.482,0.518,1
3349,4537,4) very common (100+),0.64,0.36,0
3350,164,4) very common (100+),0.45499999999999996,0.545,0
3351,287,4) very common (100+),0.687,0.313,1
3352,43,3) common (21-100),0.8220000000000001,0.178,1
3353,900,4) very common (100+),0.625,0.375,1
3354,457,4) very common (100+),0.274,0.726,0
3355,804,4) very common (100+),0.07699999999999996,0.923,0
3356,1797,4) very common (100+),0.23299999999999998,0.767,0
3357,4537,4) very common (100+),0.392,0.608,0
3358,2537,4) very common (100+),0.636,0.364,1
3359,13,2) rare (6-20),0.6719999999999999,0.328,1
3360,0,1) very rare (1-5),0.344,0.656,1
3361,804,4) very common (100+),0.27,0.73,0
3362,1797,4) very common (100+),0.9,0.1,1
3363,4537,4) very common (100+),0.252,0.748,0
3364,2537,4) very common (100+),0.44899999999999995,0.551,1
3365,782,4) very common (100+),0.6,0.4,1
3366,4537,4) very common (100+),0.8069999999999999,0.193,0
3367,924,4) very common (100+),0.484,0.516,1
3368,4537,4) very common (100+),0.43200000000000005,0.568,0
3369,42,3) common (21-100),0.04400000000000004,0.956,0
3370,900,4) very common (100+),0.46799999999999997,0.532,0
3371,1797,4) very common (100+),0.5349999999999999,0.465,1
3372,413,4) very common (100+),0.786,0.214,0
3373,955,4) very common (100+),0.524,0.476,1
3374,457,4) very common (100+),0.050000000000000044,0.95,0
3375,1797,4) very common (100+),0.395,0.605,0
3376,4537,4) very common (100+),0.6679999999999999,0.332,0
3377,457,4) very common (100+),0.745,0.255,1
3378,804,4) very common (100+),0.34099999999999997,0.659,0
3379,1299,4) very common (100+),0.5409999999999999,0.459,0
3380,1493,4) very common (100+),0.476,0.524,0
3381,4537,4) very common (100+),0.848,0.152,1
3382,6,2) rare (6-20),0.34199999999999997,0.658,1
3383,2537,4) very common (100+),0.16200000000000003,0.838,0
3384,1277,4) very common (100+),0.724,0.276,1
3385,2537,4) very common (100+),0.648,0.352,0
3386,12,2) rare (6-20),0.669,0.331,1
3387,442,4) very common (100+),0.399,0.601,0
3388,42,3) common (21-100),0.05800000000000005,0.942,0
3389,4537,4) very common (100+),0.17000000000000004,0.83,0
3390,393,4) very common (100+),0.15300000000000002,0.847,0
3391,174,4) very common (100+),0.823,0.177,0
3392,1,1) very rare (1-5),0.31499999999999995,0.685,1
3393,1299,4) very common (100+),0.759,0.241,0
3394,4537,4) very common (100+),0.386,0.614,0
3395,323,4) very common (100+),0.491,0.509,1
3396,4537,4) very common (100+),0.06799999999999995,0.932,1
3397,1916,4) very common (100+),0.376,0.624,1
3398,4537,4) very common (100+),0.28500000000000003,0.715,0
3399,258,4) very common (100+),0.6619999999999999,0.338,0
3400,1123,4) very common (100+),0.43600000000000005,0.564,0
3401,174,4) very common (100+),0.747,0.253,1
3402,1797,4) very common (100+),0.269,0.731,0
3403,41,3) common (21-100),0.14400000000000002,0.856,0
3404,4537,4) very common (100+),0.371,0.629,0
3405,1123,4) very common (100+),0.7,0.3,1
3406,60,3) common (21-100),0.502,0.498,1
3407,1277,4) very common (100+),0.05500000000000005,0.945,0
3408,153,4) very common (100+),0.45199999999999996,0.548,0
3409,955,4) very common (100+),0.522,0.478,0
3410,4537,4) very common (100+),0.63,0.37,1
3411,97,3) common (21-100),0.29200000000000004,0.708,1
3412,804,4) very common (100+),0.616,0.384,1
3413,4537,4) very common (100+),0.123,0.877,0
3414,4537,4) very common (100+),0.33199999999999996,0.668,0
3415,1916,4) very common (100+),0.10499999999999998,0.895,0
3416,4537,4) very common (100+),0.21799999999999997,0.782,0
3417,828,4) very common (100+),0.83,0.17,0
3418,4537,4) very common (100+),0.07199999999999995,0.928,0
3419,2537,4) very common (100+),0.835,0.165,1
3420,2537,4) very common (100+),0.372,0.628,1
3421,153,4) very common (100+),0.838,0.162,0
3422,442,4) very common (100+),0.357,0.643,1
3423,2537,4) very common (100+),0.18100000000000005,0.819,0
3424,4,1) very rare (1-5),0.7050000000000001,0.295,1
3425,4537,4) very common (100+),0.385,0.615,0
3426,7,2) rare (6-20),0.688,0.312,1
3427,4537,4) very common (100+),0.5349999999999999,0.465,1
3428,12,2) rare (6-20),0.31599999999999995,0.684,0
3429,1493,4) very common (100+),0.08799999999999997,0.912,1
3430,49,3) common (21-100),0.623,0.377,1
3431,452,4) very common (100+),0.253,0.747,0
3432,385,4) very common (100+),0.644,0.356,0
3433,2537,4) very common (100+),0.43600000000000005,0.564,1
3434,153,4) very common (100+),0.45299999999999996,0.547,0
3435,100,3) common (21-100),0.274,0.726,1
3436,265,4) very common (100+),0.651,0.349,0
3437,287,4) very common (100+),0.593,0.407,0
3438,900,4) very common (100+),0.31499999999999995,0.685,0
3439,115,4) very common (100+),0.65,0.35,1
3440,955,4) very common (100+),0.687,0.313,1
3441,119,4) very common (100+),0.42700000000000005,0.573,1
3442,4537,4) very common (100+),0.43500000000000005,0.565,0
3443,39,3) common (21-100),0.267,0.733,0
3444,1123,4) very common (100+),0.752,0.248,1
3445,804,4) very common (100+),0.6779999999999999,0.322,1
3446,78,3) common (21-100),0.779,0.221,1
3447,1299,4) very common (100+),0.497,0.503,1
3448,54,3) common (21-100),0.268,0.732,1
3449,393,4) very common (100+),0.29300000000000004,0.707,0
3450,28,3) common (21-100),0.653,0.347,1
3451,457,4) very common (100+),0.258,0.742,1
3452,245,4) very common (100+),0.5549999999999999,0.445,1
3453,1123,4) very common (100+),0.278,0.722,1
3454,2537,4) very common (100+),0.7969999999999999,0.203,1
3455,88,3) common (21-100),0.487,0.513,0
3456,94,3) common (21-100),0.43400000000000005,0.566,1
3457,287,4) very common (100+),0.483,0.517,0
3458,924,4) very common (100+),0.29400000000000004,0.706,0
3459,323,4) very common (100+),0.79,0.21,1
3460,2537,4) very common (100+),0.5489999999999999,0.451,0
3461,452,4) very common (100+),0.784,0.216,1
3462,804,4) very common (100+),0.277,0.723,1
3463,1493,4) very common (100+),0.33599999999999997,0.664,0
3464,2537,4) very common (100+),0.783,0.217,1
3465,442,4) very common (100+),0.653,0.347,1
3466,4537,4) very common (100+),0.73,0.27,0
3467,782,4) very common (100+),0.708,0.292,0
3468,1299,4) very common (100+),0.556,0.444,1
3469,193,4) very common (100+),0.17900000000000005,0.821,1
3470,1797,4) very common (100+),0.639,0.361,0
3471,7,2) rare (6-20),0.688,0.312,1
3472,36,3) common (21-100),0.681,0.319,1
3473,1916,4) very common (100+),0.18300000000000005,0.817,1
3474,4537,4) very common (100+),0.32499999999999996,0.675,0
3475,566,4) very common (100+),0.21099999999999997,0.789,0
3476,1916,4) very common (100+),0.41900000000000004,0.581,0
3477,2537,4) very common (100+),0.122,0.878,1
3478,88,3) common (21-100),0.774,0.226,1
3479,18,2) rare (6-20),0.21299999999999997,0.787,1
3480,4537,4) very common (100+),0.21999999999999997,0.78,0
3481,900,4) very common (100+),0.56,0.44,0
3482,385,4) very common (100+),0.6719999999999999,0.328,1
3483,1916,4) very common (100+),0.03200000000000003,0.968,0
3484,2537,4) very common (100+),0.6739999999999999,0.326,0
3485,442,4) very common (100+),0.688,0.312,1
3486,97,3) common (21-100),0.967,0.033,1
3487,4,1) very rare (1-5),0.5529999999999999,0.447,1
3488,265,4) very common (100+),0.546,0.454,1
3489,108,4) very common (100+),0.18100000000000005,0.819,1
3490,264,4) very common (100+),0.734,0.266,0
3491,235,4) very common (100+),0.607,0.393,0
3492,119,4) very common (100+),0.43799999999999994,0.562,1
3493,1277,4) very common (100+),0.15000000000000002,0.85,0
3494,573,4) very common (100+),0.51,0.49,0
3495,29,3) common (21-100),0.698,0.302,1
3496,442,4) very common (100+),0.09199999999999997,0.908,1
3497,782,4) very common (100+),0.391,0.609,1
3498,828,4) very common (100+),0.503,0.497,0
3499,1916,4) very common (100+),0.708,0.292,1
3500,1277,4) very common (100+),0.136,0.864,0
3501,452,4) very common (100+),0.5449999999999999,0.455,0
3502,433,4) very common (100+),0.629,0.371,1
3503,5,1) very rare (1-5),0.009000000000000008,0.991,1
3504,281,4) very common (100+),0.536,0.464,1
3505,4537,4) very common (100+),0.6599999999999999,0.34,0
3506,804,4) very common (100+),0.519,0.481,1
3507,1493,4) very common (100+),0.499,0.501,1
3508,307,4) very common (100+),0.45599999999999996,0.544,1
3509,4537,4) very common (100+),0.09599999999999997,0.904,0
3510,4537,4) very common (100+),0.62,0.38,1
3511,1916,4) very common (100+),0.43100000000000005,0.569,0
3512,1123,4) very common (100+),0.29700000000000004,0.703,1
3513,196,4) very common (100+),0.8069999999999999,0.193,1
3514,2537,4) very common (100+),0.895,0.105,0
3515,197,4) very common (100+),0.5489999999999999,0.451,1
3516,1493,4) very common (100+),0.5780000000000001,0.422,0
3517,27,3) common (21-100),0.46799999999999997,0.532,1
3518,307,4) very common (100+),0.028000000000000025,0.972,0
3519,782,4) very common (100+),0.351,0.649,0
3520,12,2) rare (6-20),0.10099999999999998,0.899,0
3521,26,3) common (21-100),0.734,0.266,1
3522,107,4) very common (100+),0.123,0.877,0
3523,109,4) very common (100+),0.19099999999999995,0.809,0
3524,1277,4) very common (100+),0.11099999999999999,0.889,0
3525,2537,4) very common (100+),0.675,0.325,1
3526,4537,4) very common (100+),0.33299999999999996,0.667,0
3527,323,4) very common (100+),0.31999999999999995,0.68,0
3528,49,3) common (21-100),0.683,0.317,1
3529,2537,4) very common (100+),0.573,0.427,0
3530,4537,4) very common (100+),0.09699999999999998,0.903,0
3531,1299,4) very common (100+),0.651,0.349,0
3532,1797,4) very common (100+),0.5569999999999999,0.443,1
3533,1916,4) very common (100+),0.121,0.879,0
3534,2537,4) very common (100+),0.499,0.501,1
3535,924,4) very common (100+),0.14400000000000002,0.856,0
3536,385,4) very common (100+),0.687,0.313,1
3537,553,4) very common (100+),0.74,0.26,0
3538,4537,4) very common (100+),0.358,0.642,1
3539,4537,4) very common (100+),0.729,0.271,0
3540,212,4) very common (100+),0.496,0.504,1
3541,88,3) common (21-100),0.636,0.364,1
3542,4537,4) very common (100+),0.503,0.497,0
3543,5,1) very rare (1-5),0.509,0.491,0
3544,924,4) very common (100+),0.43200000000000005,0.568,0
3545,1277,4) very common (100+),0.20499999999999996,0.795,0
3546,287,4) very common (100+),0.876,0.124,1
3547,804,4) very common (100+),0.508,0.492,1
3548,1797,4) very common (100+),0.355,0.645,0
3549,4537,4) very common (100+),0.383,0.617,0
3550,169,4) very common (100+),0.868,0.132,0
3551,4537,4) very common (100+),0.22199999999999998,0.778,0
3552,452,4) very common (100+),0.748,0.252,1
3553,573,4) very common (100+),0.15900000000000003,0.841,0
3554,6,2) rare (6-20),0.635,0.365,1
3555,2537,4) very common (100+),0.15100000000000002,0.849,0
3556,1493,4) very common (100+),0.14800000000000002,0.852,0
3557,1916,4) very common (100+),0.244,0.756,0
3558,108,4) very common (100+),0.486,0.514,1
3559,1123,4) very common (100+),0.43300000000000005,0.567,0
3560,287,4) very common (100+),0.546,0.454,1
3561,4537,4) very common (100+),0.14700000000000002,0.853,0
3562,33,3) common (21-100),0.5900000000000001,0.41,1
3563,553,4) very common (100+),0.265,0.735,0
3564,4537,4) very common (100+),0.35,0.65,0
3565,433,4) very common (100+),0.605,0.395,0
3566,4537,4) very common (100+),0.15300000000000002,0.847,0
3567,1916,4) very common (100+),0.645,0.355,1
3568,457,4) very common (100+),0.5369999999999999,0.463,1
3569,1277,4) very common (100+),0.257,0.743,0
3570,2537,4) very common (100+),0.18200000000000005,0.818,0
3571,4537,4) very common (100+),0.41700000000000004,0.583,0
3572,828,4) very common (100+),0.608,0.392,0
3573,1299,4) very common (100+),0.251,0.749,0
3574,4537,4) very common (100+),0.10799999999999998,0.892,1
3575,281,4) very common (100+),0.623,0.377,1
3576,196,4) very common (100+),0.583,0.417,0
3577,393,4) very common (100+),0.5349999999999999,0.465,1
3578,1797,4) very common (100+),0.513,0.487,0
3579,1123,4) very common (100+),0.508,0.492,1
3580,2537,4) very common (100+),0.659,0.341,1
3581,452,4) very common (100+),0.10099999999999998,0.899,0
3582,179,4) very common (100+),0.783,0.217,1
3583,924,4) very common (100+),0.249,0.751,0
3584,828,4) very common (100+),0.256,0.744,1
3585,1916,4) very common (100+),0.589,0.411,1
3586,265,4) very common (100+),0.548,0.452,0
3587,1797,4) very common (100+),0.5509999999999999,0.449,0
3588,264,4) very common (100+),0.03400000000000003,0.966,0
3589,1493,4) very common (100+),0.607,0.393,0
3590,212,4) very common (100+),0.706,0.294,1
3591,1493,4) very common (100+),0.45699999999999996,0.543,0
3592,1916,4) very common (100+),0.583,0.417,0
3593,179,4) very common (100+),0.8260000000000001,0.174,0
3594,4537,4) very common (100+),0.771,0.229,1
3595,1797,4) very common (100+),0.594,0.406,1
3596,1299,4) very common (100+),0.344,0.656,1
3597,90,3) common (21-100),0.44299999999999995,0.557,1
3598,433,4) very common (100+),0.771,0.229,0
3599,88,3) common (21-100),0.903,0.097,1
3600,1277,4) very common (100+),0.16800000000000004,0.832,0
3601,48,3) common (21-100),0.272,0.728,1
3602,1299,4) very common (100+),0.654,0.346,0
3603,2537,4) very common (100+),0.242,0.758,1
3604,828,4) very common (100+),0.35,0.65,1
3605,4537,4) very common (100+),0.37,0.63,0
3606,828,4) very common (100+),0.839,0.161,1
3607,4537,4) very common (100+),0.526,0.474,0
3608,193,4) very common (100+),0.35,0.65,1
3609,271,4) very common (100+),0.562,0.438,1
3610,1797,4) very common (100+),0.08599999999999997,0.914,0
3611,4537,4) very common (100+),0.34299999999999997,0.657,0
3612,235,4) very common (100+),0.31200000000000006,0.688,0
3613,258,4) very common (100+),0.754,0.246,1
3614,1493,4) very common (100+),0.07899999999999996,0.921,1
3615,1916,4) very common (100+),0.8109999999999999,0.189,0
3616,452,4) very common (100+),0.842,0.158,1
3617,2537,4) very common (100+),0.815,0.185,1
3618,2537,4) very common (100+),0.42000000000000004,0.58,0
3619,1916,4) very common (100+),0.841,0.159,1
3620,287,4) very common (100+),0.16200000000000003,0.838,0
3621,108,4) very common (100+),0.23299999999999998,0.767,0
3622,4537,4) very common (100+),0.373,0.627,0
3623,1916,4) very common (100+),0.6699999999999999,0.33,0
3624,452,4) very common (100+),0.41800000000000004,0.582,1
3625,4537,4) very common (100+),0.65,0.35,0
3626,4537,4) very common (100+),0.11699999999999999,0.883,0
3627,153,4) very common (100+),0.30600000000000005,0.694,1
3628,955,4) very common (100+),0.395,0.605,1
3629,307,4) very common (100+),0.07899999999999996,0.921,0
3630,4537,4) very common (100+),0.366,0.634,0
3631,1123,4) very common (100+),0.495,0.505,1
3632,1493,4) very common (100+),0.21099999999999997,0.789,0
3633,1916,4) very common (100+),0.31699999999999995,0.683,1
3634,4537,4) very common (100+),0.5469999999999999,0.453,0
3635,1916,4) very common (100+),0.21099999999999997,0.789,0
3636,828,4) very common (100+),0.06399999999999995,0.936,0
3637,43,3) common (21-100),0.819,0.181,1
3638,4537,4) very common (100+),0.33399999999999996,0.666,0
3639,553,4) very common (100+),0.779,0.221,1
3640,413,4) very common (100+),0.40900000000000003,0.591,0
3641,2537,4) very common (100+),0.34199999999999997,0.658,1
3642,393,4) very common (100+),0.32699999999999996,0.673,0
3643,1123,4) very common (100+),0.5680000000000001,0.432,1
3644,24,3) common (21-100),0.605,0.395,1
3645,323,4) very common (100+),0.020000000000000018,0.98,0
3646,4537,4) very common (100+),0.921,0.079,0
3647,1277,4) very common (100+),0.472,0.528,0
3648,13,2) rare (6-20),0.135,0.865,1
3649,2537,4) very common (100+),0.579,0.421,0
3650,924,4) very common (100+),0.32299999999999995,0.677,0
3651,924,4) very common (100+),0.21299999999999997,0.787,0
3652,65,3) common (21-100),0.721,0.279,1
3653,42,3) common (21-100),0.796,0.204,0
3654,4537,4) very common (100+),0.364,0.636,1
3655,1916,4) very common (100+),0.636,0.364,1
3656,4537,4) very common (100+),0.137,0.863,0
3657,1277,4) very common (100+),0.606,0.394,0
3658,2537,4) very common (100+),0.766,0.234,1
3659,1916,4) very common (100+),0.07399999999999995,0.926,0
3660,1916,4) very common (100+),0.5780000000000001,0.422,1
3661,245,4) very common (100+),0.774,0.226,1
3662,107,4) very common (100+),0.41300000000000003,0.587,1
3663,457,4) very common (100+),0.244,0.756,0
3664,955,4) very common (100+),0.42600000000000005,0.574,0
3665,2537,4) very common (100+),0.349,0.651,1
3666,15,2) rare (6-20),0.506,0.494,1
3667,566,4) very common (100+),0.593,0.407,1
3668,19,2) rare (6-20),0.722,0.278,1
3669,2537,4) very common (100+),0.78,0.22,0
3670,164,4) very common (100+),0.41900000000000004,0.581,0
3671,4537,4) very common (100+),0.32499999999999996,0.675,1
3672,24,3) common (21-100),0.41600000000000004,0.584,1
3673,385,4) very common (100+),0.781,0.219,0
3674,804,4) very common (100+),0.477,0.523,0
3675,1123,4) very common (100+),0.639,0.361,0
3676,413,4) very common (100+),0.498,0.502,0
3677,804,4) very common (100+),0.5389999999999999,0.461,1
3678,1299,4) very common (100+),0.5409999999999999,0.459,1
3679,955,4) very common (100+),0.18500000000000005,0.815,0
3680,53,3) common (21-100),0.5549999999999999,0.445,1
3681,28,3) common (21-100),0.657,0.343,1
3682,413,4) very common (100+),0.19199999999999995,0.808,0
3683,573,4) very common (100+),0.14800000000000002,0.852,0
3684,264,4) very common (100+),0.17800000000000005,0.822,0
3685,1797,4) very common (100+),0.519,0.481,1
3686,4537,4) very common (100+),0.28200000000000003,0.718,0
3687,4537,4) very common (100+),0.655,0.345,0
3688,955,4) very common (100+),0.136,0.864,1
3689,2537,4) very common (100+),0.44499999999999995,0.555,0
3690,4537,4) very common (100+),0.513,0.487,1
3691,1916,4) very common (100+),0.31599999999999995,0.684,0
3692,566,4) very common (100+),0.08199999999999996,0.918,0
3693,782,4) very common (100+),0.9390000000000001,0.061,1
3694,782,4) very common (100+),0.07399999999999995,0.926,0
3695,1493,4) very common (100+),0.626,0.374,0
3696,553,4) very common (100+),0.595,0.405,1
3697,97,3) common (21-100),0.738,0.262,1
3698,393,4) very common (100+),0.18600000000000005,0.814,0
3699,1916,4) very common (100+),0.365,0.635,1
3700,4537,4) very common (100+),0.33499999999999996,0.665,0
3701,1916,4) very common (100+),0.134,0.866,0
3702,1299,4) very common (100+),0.34199999999999997,0.658,0
3703,1916,4) very common (100+),0.363,0.637,0
3704,142,4) very common (100+),0.759,0.241,1
3705,1797,4) very common (100+),0.256,0.744,0
3706,91,3) common (21-100),0.10699999999999998,0.893,0
3707,3,1) very rare (1-5),0.627,0.373,0
3708,1916,4) very common (100+),0.23399999999999999,0.766,0
3709,287,4) very common (100+),0.7050000000000001,0.295,1
3710,4537,4) very common (100+),0.42100000000000004,0.579,0
3711,1277,4) very common (100+),0.275,0.725,0
3712,4537,4) very common (100+),0.278,0.722,0
3713,2537,4) very common (100+),0.648,0.352,1
3714,955,4) very common (100+),0.51,0.49,0
3715,573,4) very common (100+),0.406,0.594,1
3716,90,3) common (21-100),0.363,0.637,0
3717,452,4) very common (100+),0.42100000000000004,0.579,1
3718,1916,4) very common (100+),0.44299999999999995,0.557,0
3719,413,4) very common (100+),0.597,0.403,0
3720,17,2) rare (6-20),0.95,0.05,1
3721,174,4) very common (100+),0.599,0.401,1
3722,1493,4) very common (100+),0.268,0.732,0
3723,782,4) very common (100+),0.18000000000000005,0.82,0
3724,2537,4) very common (100+),0.749,0.251,1
3725,265,4) very common (100+),0.525,0.475,1
3726,235,4) very common (100+),0.719,0.281,1
3727,8,2) rare (6-20),0.487,0.513,1
3728,452,4) very common (100+),0.6679999999999999,0.332,0
3729,4537,4) very common (100+),0.525,0.475,0
3730,1299,4) very common (100+),0.45699999999999996,0.543,1
3731,1123,4) very common (100+),0.344,0.656,1
3732,1797,4) very common (100+),0.511,0.489,0
3733,828,4) very common (100+),0.33399999999999996,0.666,0
3734,900,4) very common (100+),0.716,0.284,0
3735,1299,4) very common (100+),0.48,0.52,0
3736,197,4) very common (100+),0.585,0.415,1
3737,4537,4) very common (100+),0.07399999999999995,0.926,0
3738,1797,4) very common (100+),0.267,0.733,0
3739,924,4) very common (100+),0.647,0.353,0
3740,385,4) very common (100+),0.5900000000000001,0.41,1
3741,179,4) very common (100+),0.614,0.386,0
3742,169,4) very common (100+),0.669,0.331,1
3743,1797,4) very common (100+),0.267,0.733,0
3744,2537,4) very common (100+),0.665,0.335,0
3745,1493,4) very common (100+),0.595,0.405,1
3746,446,4) very common (100+),0.018000000000000016,0.982,0
3747,1797,4) very common (100+),0.20299999999999996,0.797,0
3748,281,4) very common (100+),0.546,0.454,1
3749,4537,4) very common (100+),0.531,0.469,1
3750,452,4) very common (100+),0.887,0.113,1
3751,258,4) very common (100+),0.483,0.517,1
3752,1277,4) very common (100+),0.12,0.88,0
3753,1277,4) very common (100+),0.28200000000000003,0.718,0
3754,4537,4) very common (100+),0.19599999999999995,0.804,0
3755,413,4) very common (100+),0.827,0.173,0
3756,573,4) very common (100+),0.16700000000000004,0.833,1
3757,955,4) very common (100+),0.31000000000000005,0.69,0
3758,2537,4) very common (100+),0.363,0.637,0
3759,2537,4) very common (100+),0.79,0.21,1
3760,49,3) common (21-100),0.548,0.452,0
3761,1299,4) very common (100+),0.677,0.323,1
3762,393,4) very common (100+),0.34299999999999997,0.657,0
3763,212,4) very common (100+),0.485,0.515,1
3764,146,4) very common (100+),0.44099999999999995,0.559,1
3765,1,1) very rare (1-5),0.642,0.358,1
3766,164,4) very common (100+),0.05900000000000005,0.941,0
3767,452,4) very common (100+),0.573,0.427,0
3768,1916,4) very common (100+),0.784,0.216,1
3769,4537,4) very common (100+),0.653,0.347,0
3770,4,1) very rare (1-5),0.05500000000000005,0.945,0
3771,281,4) very common (100+),0.40800000000000003,0.592,1
3772,1916,4) very common (100+),0.345,0.655,1
3773,1797,4) very common (100+),0.472,0.528,0
3774,228,4) very common (100+),0.613,0.387,1
3775,457,4) very common (100+),0.33799999999999997,0.662,0
3776,88,3) common (21-100),0.694,0.306,1
3777,13,2) rare (6-20),0.388,0.612,1
3778,955,4) very common (100+),0.41800000000000004,0.582,1
3779,1916,4) very common (100+),0.23399999999999999,0.766,0
3780,4537,4) very common (100+),0.44799999999999995,0.552,0
3781,442,4) very common (100+),0.6779999999999999,0.322,1
3782,366,4) very common (100+),0.03400000000000003,0.966,0
3783,56,3) common (21-100),0.6779999999999999,0.322,1
3784,1797,4) very common (100+),0.518,0.482,0
3785,2537,4) very common (100+),0.874,0.126,1
3786,24,3) common (21-100),0.926,0.074,0
3787,457,4) very common (100+),0.10399999999999998,0.896,1
3788,1299,4) very common (100+),0.5569999999999999,0.443,0
3789,4537,4) very common (100+),0.498,0.502,0
3790,1299,4) very common (100+),0.54,0.46,0
3791,228,4) very common (100+),0.831,0.169,0
3792,4537,4) very common (100+),0.15100000000000002,0.849,1
3793,828,4) very common (100+),0.02400000000000002,0.976,0
3794,433,4) very common (100+),0.646,0.354,1
3795,457,4) very common (100+),0.253,0.747,0
3796,3,1) very rare (1-5),0.5880000000000001,0.412,1
3797,457,4) very common (100+),0.18000000000000005,0.82,0
3798,457,4) very common (100+),0.618,0.382,1
3799,1797,4) very common (100+),0.6950000000000001,0.305,0
3800,1493,4) very common (100+),0.19099999999999995,0.809,0
3801,258,4) very common (100+),0.31200000000000006,0.688,1
3802,1916,4) very common (100+),0.16700000000000004,0.833,0
3803,34,3) common (21-100),0.269,0.731,1
3804,955,4) very common (100+),0.76,0.24,0
3805,30,3) common (21-100),0.8160000000000001,0.184,1
3806,4537,4) very common (100+),0.5329999999999999,0.467,0
3807,193,4) very common (100+),0.41900000000000004,0.581,0
3808,1277,4) very common (100+),0.08599999999999997,0.914,0
3809,29,3) common (21-100),0.642,0.358,1
3810,4537,4) very common (100+),0.618,0.382,0
3811,54,3) common (21-100),0.75,0.25,1
3812,4537,4) very common (100+),0.09599999999999997,0.904,0
3813,955,4) very common (100+),0.532,0.468,1
3814,924,4) very common (100+),0.353,0.647,1
3815,271,4) very common (100+),0.727,0.273,0
3816,142,4) very common (100+),0.85,0.15,0
3817,433,4) very common (100+),0.751,0.249,1
3818,4537,4) very common (100+),0.241,0.759,0
3819,91,3) common (21-100),0.394,0.606,0
3820,3,1) very rare (1-5),0.802,0.198,1
3821,4537,4) very common (100+),0.17400000000000004,0.826,0
3822,1299,4) very common (100+),0.706,0.294,0
3823,1916,4) very common (100+),0.126,0.874,0
3824,924,4) very common (100+),0.41300000000000003,0.587,0
3825,442,4) very common (100+),0.922,0.078,1
3826,2537,4) very common (100+),0.18899999999999995,0.811,0
3827,287,4) very common (100+),0.42800000000000005,0.572,1
3828,307,4) very common (100+),0.739,0.261,1
3829,393,4) very common (100+),0.626,0.374,0
3830,1277,4) very common (100+),0.15700000000000003,0.843,0
3831,307,4) very common (100+),0.513,0.487,1
3832,307,4) very common (100+),0.534,0.466,1
3833,1299,4) very common (100+),0.32199999999999995,0.678,1
3834,804,4) very common (100+),0.17400000000000004,0.826,0
3835,4537,4) very common (100+),0.17200000000000004,0.828,0
3836,235,4) very common (100+),0.503,0.497,1
3837,366,4) very common (100+),0.15200000000000002,0.848,0
3838,1797,4) very common (100+),0.45799999999999996,0.542,1
3839,1916,4) very common (100+),0.702,0.298,1
3840,1493,4) very common (100+),0.506,0.494,0
3841,1493,4) very common (100+),0.20199999999999996,0.798,0
3842,46,3) common (21-100),0.241,0.759,0
3843,258,4) very common (100+),0.29100000000000004,0.709,1
3844,169,4) very common (100+),0.6970000000000001,0.303,1
3845,307,4) very common (100+),0.22599999999999998,0.774,1
3846,2537,4) very common (100+),0.623,0.377,1
3847,573,4) very common (100+),0.049000000000000044,0.951,0
3848,2537,4) very common (100+),0.22899999999999998,0.771,0
3849,828,4) very common (100+),0.505,0.495,0
3850,955,4) very common (100+),0.791,0.209,1
3851,1493,4) very common (100+),0.22399999999999998,0.776,1
3852,804,4) very common (100+),0.687,0.313,1
3853,142,4) very common (100+),0.353,0.647,1
3854,782,4) very common (100+),0.616,0.384,0
3855,1493,4) very common (100+),0.19699999999999995,0.803,0
3856,2537,4) very common (100+),0.017000000000000015,0.983,0
3857,154,4) very common (100+),0.848,0.152,1
3858,924,4) very common (100+),0.45499999999999996,0.545,1
3859,56,3) common (21-100),0.95,0.05,1
3860,4537,4) very common (100+),0.32299999999999995,0.677,0
3861,924,4) very common (100+),0.16700000000000004,0.833,0
3862,1493,4) very common (100+),0.5429999999999999,0.457,1
3863,19,2) rare (6-20),0.8240000000000001,0.176,1
3864,2537,4) very common (100+),0.484,0.516,1
3865,31,3) common (21-100),0.09499999999999997,0.905,1
3866,1797,4) very common (100+),0.32999999999999996,0.67,0
3867,2,1) very rare (1-5),0.30500000000000005,0.695,1
3868,97,3) common (21-100),0.71,0.29,0
3869,366,4) very common (100+),0.563,0.437,1
3870,1797,4) very common (100+),0.499,0.501,0
3871,307,4) very common (100+),0.348,0.652,1
3872,1493,4) very common (100+),0.515,0.485,0
3873,4537,4) very common (100+),0.18200000000000005,0.818,0
3874,17,2) rare (6-20),0.884,0.116,1
3875,1797,4) very common (100+),0.525,0.475,0
3876,804,4) very common (100+),0.47,0.53,1
3877,804,4) very common (100+),0.554,0.446,1
3878,2537,4) very common (100+),0.52,0.48,1
3879,77,3) common (21-100),0.16800000000000004,0.832,0
3880,4537,4) very common (100+),0.24,0.76,0
3881,457,4) very common (100+),0.18600000000000005,0.814,0
3882,1493,4) very common (100+),0.30000000000000004,0.7,0
3883,4537,4) very common (100+),0.5,0.5,0
3884,1916,4) very common (100+),0.244,0.756,0
3885,193,4) very common (100+),0.31699999999999995,0.683,1
3886,164,4) very common (100+),0.644,0.356,1
3887,97,3) common (21-100),0.704,0.296,0
3888,4537,4) very common (100+),0.08099999999999996,0.919,0
3889,323,4) very common (100+),0.41400000000000003,0.586,0
3890,9,2) rare (6-20),0.5589999999999999,0.441,1
3891,924,4) very common (100+),0.31899999999999995,0.681,0
3892,2537,4) very common (100+),0.603,0.397,1
3893,1493,4) very common (100+),0.536,0.464,1
3894,33,3) common (21-100),0.7010000000000001,0.299,1
3895,4537,4) very common (100+),0.28900000000000003,0.711,0
3896,157,4) very common (100+),0.08499999999999996,0.915,0
3897,924,4) very common (100+),0.15200000000000002,0.848,0
3898,1277,4) very common (100+),0.09099999999999997,0.909,0
3899,12,2) rare (6-20),0.07699999999999996,0.923,0
3900,14,2) rare (6-20),0.794,0.206,1
3901,4537,4) very common (100+),0.23099999999999998,0.769,0
3902,553,4) very common (100+),0.643,0.357,1
3903,782,4) very common (100+),0.15800000000000003,0.842,1
3904,197,4) very common (100+),0.43600000000000005,0.564,1
3905,307,4) very common (100+),0.507,0.493,1
3906,33,3) common (21-100),0.855,0.145,0
3907,281,4) very common (100+),0.5760000000000001,0.424,1
3908,2537,4) very common (100+),0.358,0.642,0
3909,235,4) very common (100+),0.377,0.623,0
3910,366,4) very common (100+),0.16800000000000004,0.832,0
3911,307,4) very common (100+),0.32799999999999996,0.672,1
3912,235,4) very common (100+),0.5760000000000001,0.424,1
3913,2537,4) very common (100+),0.602,0.398,1
3914,1277,4) very common (100+),0.595,0.405,0
3915,142,4) very common (100+),0.761,0.239,1
3916,142,4) very common (100+),0.72,0.28,1
3917,75,3) common (21-100),0.907,0.093,1
3918,4537,4) very common (100+),0.353,0.647,0
3919,366,4) very common (100+),0.015000000000000013,0.985,0
3920,1493,4) very common (100+),0.8200000000000001,0.18,1
3921,32,3) common (21-100),0.862,0.138,0
3922,1797,4) very common (100+),0.5489999999999999,0.451,1
3923,4537,4) very common (100+),0.07899999999999996,0.921,0
3924,924,4) very common (100+),0.894,0.106,1
3925,955,4) very common (100+),0.687,0.313,0
3926,1797,4) very common (100+),0.28600000000000003,0.714,0
3927,4537,4) very common (100+),0.08799999999999997,0.912,0
3928,4537,4) very common (100+),0.279,0.721,0
3929,2537,4) very common (100+),0.536,0.464,1
3930,1493,4) very common (100+),0.6819999999999999,0.318,1
3931,2537,4) very common (100+),0.14300000000000002,0.857,0
3932,77,3) common (21-100),0.357,0.643,0
3933,900,4) very common (100+),0.44599999999999995,0.554,1
3934,1277,4) very common (100+),0.12,0.88,0
3935,281,4) very common (100+),0.5880000000000001,0.412,1
3936,52,3) common (21-100),0.026000000000000023,0.974,0
3937,553,4) very common (100+),0.49,0.51,1
3938,56,3) common (21-100),0.53,0.47,1
3939,1797,4) very common (100+),0.22599999999999998,0.774,0
3940,804,4) very common (100+),0.481,0.519,1
3941,1299,4) very common (100+),0.20699999999999996,0.793,0
3942,1797,4) very common (100+),0.32099999999999995,0.679,0
3943,955,4) very common (100+),0.483,0.517,0
3944,9,2) rare (6-20),0.8089999999999999,0.191,1
3945,433,4) very common (100+),0.653,0.347,0
3946,566,4) very common (100+),0.257,0.743,0
3947,573,4) very common (100+),0.038000000000000034,0.962,0
3948,452,4) very common (100+),0.43899999999999995,0.561,0
3949,1299,4) very common (100+),0.31899999999999995,0.681,1
3950,2537,4) very common (100+),0.43500000000000005,0.565,1
3951,66,3) common (21-100),0.603,0.397,1
3952,1493,4) very common (100+),0.18500000000000005,0.815,0
3953,4537,4) very common (100+),0.46599999999999997,0.534,1
3954,566,4) very common (100+),0.44899999999999995,0.551,0
3955,1916,4) very common (100+),0.721,0.279,1
3956,1916,4) very common (100+),0.42300000000000004,0.577,0
3957,146,4) very common (100+),0.05800000000000005,0.942,1
3958,1277,4) very common (100+),0.08499999999999996,0.915,0
3959,782,4) very common (100+),0.702,0.298,1
3960,29,3) common (21-100),0.509,0.491,0
3961,88,3) common (21-100),0.567,0.433,1
3962,366,4) very common (100+),0.013000000000000012,0.987,0
3963,34,3) common (21-100),0.509,0.491,0
3964,955,4) very common (100+),0.278,0.722,0
3965,1916,4) very common (100+),0.09199999999999997,0.908,0
3966,2537,4) very common (100+),0.052000000000000046,0.948,0
3967,1493,4) very common (100+),0.16700000000000004,0.833,0
3968,1123,4) very common (100+),0.34299999999999997,0.657,1
3969,1493,4) very common (100+),0.16500000000000004,0.835,0
3970,4537,4) very common (100+),0.744,0.256,0
3971,1299,4) very common (100+),0.35,0.65,0
3972,323,4) very common (100+),0.5700000000000001,0.43,0
3973,1277,4) very common (100+),0.11299999999999999,0.887,0
3974,900,4) very common (100+),0.526,0.474,1
3975,553,4) very common (100+),0.386,0.614,1
3976,212,4) very common (100+),0.7969999999999999,0.203,0
3977,924,4) very common (100+),0.46399999999999997,0.536,1
3978,307,4) very common (100+),0.33399999999999996,0.666,1
3979,4537,4) very common (100+),0.45199999999999996,0.548,0
3980,6,2) rare (6-20),0.567,0.433,1
3981,90,3) common (21-100),0.32799999999999996,0.672,0
3982,1797,4) very common (100+),0.767,0.233,1
3983,307,4) very common (100+),0.30900000000000005,0.691,1
3984,433,4) very common (100+),0.235,0.765,0
3985,271,4) very common (100+),0.766,0.234,0
3986,307,4) very common (100+),0.18700000000000006,0.813,1
3987,4537,4) very common (100+),0.374,0.626,0
3988,307,4) very common (100+),0.56,0.44,0
3989,1493,4) very common (100+),0.475,0.525,0
3990,10,2) rare (6-20),0.33299999999999996,0.667,1
3991,2537,4) very common (100+),0.504,0.496,1
3992,1123,4) very common (100+),0.52,0.48,1
3993,49,3) common (21-100),0.79,0.21,1
3994,4537,4) very common (100+),0.702,0.298,0
3995,307,4) very common (100+),0.21499999999999997,0.785,0
3996,2537,4) very common (100+),0.771,0.229,1
3997,4537,4) very common (100+),0.641,0.359,0
3998,433,4) very common (100+),0.726,0.274,1
3999,76,3) common (21-100),0.876,0.124,1
4000,385,4) very common (100+),0.32599999999999996,0.674,1
4001,452,4) very common (100+),0.787,0.213,1
4002,65,3) common (21-100),0.20299999999999996,0.797,0
4003,15,2) rare (6-20),0.44199999999999995,0.558,1
4004,1797,4) very common (100+),0.46399999999999997,0.536,0
4005,54,3) common (21-100),0.603,0.397,1
4006,1123,4) very common (100+),0.5900000000000001,0.41,0
4007,271,4) very common (100+),0.249,0.751,1
4008,228,4) very common (100+),0.44699999999999995,0.553,0
4009,452,4) very common (100+),0.661,0.339,0
4010,1299,4) very common (100+),0.30900000000000005,0.691,1
4011,12,2) rare (6-20),0.873,0.127,1
4012,900,4) very common (100+),0.54,0.46,1
4013,1493,4) very common (100+),0.635,0.365,0
4014,60,3) common (21-100),0.41800000000000004,0.582,1
4015,1277,4) very common (100+),0.44999999999999996,0.55,0
4016,828,4) very common (100+),0.469,0.531,1
4017,1916,4) very common (100+),0.07599999999999996,0.924,0
4018,566,4) very common (100+),0.819,0.181,0
4019,2537,4) very common (100+),0.726,0.274,1
4020,452,4) very common (100+),0.81,0.19,1
4021,1797,4) very common (100+),0.402,0.598,0
4022,457,4) very common (100+),0.528,0.472,1
4023,258,4) very common (100+),0.506,0.494,1
4024,2,1) very rare (1-5),0.528,0.472,1
4025,413,4) very common (100+),0.10799999999999998,0.892,0
4026,157,4) very common (100+),0.32199999999999995,0.678,0
4027,393,4) very common (100+),0.32499999999999996,0.675,1
4028,18,2) rare (6-20),0.04700000000000004,0.953,0
4029,955,4) very common (100+),0.34099999999999997,0.659,0
4030,10,2) rare (6-20),0.07299999999999995,0.927,1
4031,42,3) common (21-100),0.041000000000000036,0.959,0
4032,4537,4) very common (100+),0.5349999999999999,0.465,0
4033,153,4) very common (100+),0.08599999999999997,0.914,0
4034,134,4) very common (100+),0.486,0.514,1
4035,1,1) very rare (1-5),0.483,0.517,1
4036,442,4) very common (100+),0.725,0.275,1
4037,393,4) very common (100+),0.71,0.29,1
4038,457,4) very common (100+),0.08899999999999997,0.911,0
4039,1299,4) very common (100+),0.562,0.438,1
4040,1493,4) very common (100+),0.69,0.31,1
4041,212,4) very common (100+),0.772,0.228,0
4042,66,3) common (21-100),0.18600000000000005,0.814,1
4043,573,4) very common (100+),0.07899999999999996,0.921,0
4044,77,3) common (21-100),0.271,0.729,1
4045,566,4) very common (100+),0.16500000000000004,0.835,0
4046,179,4) very common (100+),0.20299999999999996,0.797,1
4047,900,4) very common (100+),0.16700000000000004,0.833,0
4048,2537,4) very common (100+),0.17000000000000004,0.83,0
4049,197,4) very common (100+),0.645,0.355,1
4050,1299,4) very common (100+),0.22099999999999997,0.779,0
4051,804,4) very common (100+),0.614,0.386,0
4052,94,3) common (21-100),0.669,0.331,1
4053,4537,4) very common (100+),0.34099999999999997,0.659,1
4054,452,4) very common (100+),0.10399999999999998,0.896,0
4055,2537,4) very common (100+),0.526,0.474,0
4056,1797,4) very common (100+),0.6719999999999999,0.328,0
4057,442,4) very common (100+),0.5860000000000001,0.414,1
4058,955,4) very common (100+),0.356,0.644,0
4059,91,3) common (21-100),0.23399999999999999,0.766,0
4060,385,4) very common (100+),0.5680000000000001,0.432,1
4061,6,2) rare (6-20),0.894,0.106,1
4062,164,4) very common (100+),0.886,0.114,1
4063,97,3) common (21-100),0.376,0.624,1
4064,4537,4) very common (100+),0.349,0.651,0
4065,1493,4) very common (100+),0.504,0.496,1
4066,1123,4) very common (100+),0.501,0.499,1
4067,94,3) common (21-100),0.692,0.308,1
4068,19,2) rare (6-20),0.821,0.179,1
4069,4537,4) very common (100+),0.6579999999999999,0.342,0
4070,924,4) very common (100+),0.41100000000000003,0.589,0
4071,366,4) very common (100+),0.04700000000000004,0.953,0
4072,197,4) very common (100+),0.565,0.435,1
4073,924,4) very common (100+),0.7030000000000001,0.297,1
4074,573,4) very common (100+),0.44799999999999995,0.552,1
4075,413,4) very common (100+),0.849,0.151,1
4076,955,4) very common (100+),0.30900000000000005,0.691,0
4077,1493,4) very common (100+),0.19299999999999995,0.807,0
4078,1,1) very rare (1-5),0.28400000000000003,0.716,1
4079,900,4) very common (100+),0.524,0.476,1
4080,49,3) common (21-100),0.856,0.144,0
4081,307,4) very common (100+),0.848,0.152,1
4082,2537,4) very common (100+),0.11599999999999999,0.884,0
4083,1299,4) very common (100+),0.266,0.734,0
4084,1916,4) very common (100+),0.502,0.498,1
4085,33,3) common (21-100),0.562,0.438,1
4086,197,4) very common (100+),0.241,0.759,1
4087,5,1) very rare (1-5),0.789,0.211,1
4088,442,4) very common (100+),0.46399999999999997,0.536,1
4089,115,4) very common (100+),0.685,0.315,1
4090,40,3) common (21-100),0.601,0.399,1
4091,782,4) very common (100+),0.131,0.869,1
4092,1277,4) very common (100+),0.05800000000000005,0.942,0
4093,17,2) rare (6-20),0.258,0.742,1
4094,4537,4) very common (100+),0.33799999999999997,0.662,0
4095,1277,4) very common (100+),0.15200000000000002,0.848,0
4096,955,4) very common (100+),0.40700000000000003,0.593,0
4097,4537,4) very common (100+),0.41200000000000003,0.588,0
4098,28,3) common (21-100),0.5509999999999999,0.449,0
4099,37,3) common (21-100),0.725,0.275,0
4100,452,4) very common (100+),0.663,0.337,0
4101,393,4) very common (100+),0.273,0.727,0
4102,900,4) very common (100+),0.511,0.489,0
4103,566,4) very common (100+),0.16600000000000004,0.834,0
4104,287,4) very common (100+),0.484,0.516,1
4105,1493,4) very common (100+),0.08199999999999996,0.918,0
4106,1299,4) very common (100+),0.31499999999999995,0.685,0
4107,36,3) common (21-100),0.351,0.649,1
4108,1299,4) very common (100+),0.46299999999999997,0.537,1
4109,1916,4) very common (100+),0.131,0.869,0
4110,323,4) very common (100+),0.20699999999999996,0.793,1
4111,271,4) very common (100+),0.261,0.739,0
4112,4537,4) very common (100+),0.32699999999999996,0.673,0
4113,1493,4) very common (100+),0.401,0.599,1
4114,1277,4) very common (100+),0.31399999999999995,0.686,1
4115,2537,4) very common (100+),0.44199999999999995,0.558,0
4116,281,4) very common (100+),0.607,0.393,0
4117,60,3) common (21-100),0.17500000000000004,0.825,1
4118,49,3) common (21-100),0.393,0.607,1
4119,1797,4) very common (100+),0.516,0.484,0
4120,179,4) very common (100+),0.272,0.728,0
4121,1797,4) very common (100+),0.16900000000000004,0.831,0
4122,782,4) very common (100+),0.5549999999999999,0.445,1
4123,433,4) very common (100+),0.53,0.47,1
4124,235,4) very common (100+),0.18799999999999994,0.812,0
4125,782,4) very common (100+),0.22299999999999998,0.777,0
4126,65,3) common (21-100),0.19999999999999996,0.8,0
4127,1123,4) very common (100+),0.649,0.351,0
4128,60,3) common (21-100),0.906,0.094,1
4129,115,4) very common (100+),0.737,0.263,1
4130,452,4) very common (100+),0.492,0.508,0
4131,2537,4) very common (100+),0.29800000000000004,0.702,1
4132,1916,4) very common (100+),0.31000000000000005,0.69,0
4133,433,4) very common (100+),0.249,0.751,1
4134,804,4) very common (100+),0.34299999999999997,0.657,1
4135,41,3) common (21-100),0.401,0.599,1
4136,1797,4) very common (100+),0.344,0.656,0
4137,366,4) very common (100+),0.007000000000000006,0.993,0
4138,1493,4) very common (100+),0.647,0.353,0
4139,1797,4) very common (100+),0.478,0.522,1
4140,9,2) rare (6-20),0.802,0.198,1
4141,828,4) very common (100+),0.02200000000000002,0.978,0
4142,2537,4) very common (100+),0.028000000000000025,0.972,1
4143,452,4) very common (100+),0.565,0.435,0
4144,33,3) common (21-100),0.31599999999999995,0.684,1
4145,366,4) very common (100+),0.013000000000000012,0.987,0
4146,1299,4) very common (100+),0.41200000000000003,0.588,1
4147,2537,4) very common (100+),0.07999999999999996,0.92,0
4148,804,4) very common (100+),0.485,0.515,1
4149,1797,4) very common (100+),0.31799999999999995,0.682,0
4150,4537,4) very common (100+),0.03500000000000003,0.965,0
4151,179,4) very common (100+),0.659,0.341,0
4152,573,4) very common (100+),0.815,0.185,0
4153,955,4) very common (100+),0.596,0.404,1
4154,1299,4) very common (100+),0.581,0.419,0
4155,1797,4) very common (100+),0.42100000000000004,0.579,0
4156,553,4) very common (100+),0.749,0.251,0
4157,1277,4) very common (100+),0.273,0.727,0
4158,4537,4) very common (100+),0.518,0.482,0
4159,86,3) common (21-100),0.43600000000000005,0.564,1
4160,264,4) very common (100+),0.07399999999999995,0.926,0
4161,452,4) very common (100+),0.609,0.391,1
4162,169,4) very common (100+),0.6970000000000001,0.303,1
4163,1797,4) very common (100+),0.506,0.494,0
4164,196,4) very common (100+),0.493,0.507,1
4165,271,4) very common (100+),0.27,0.73,0
4166,924,4) very common (100+),0.137,0.863,0
4167,7,2) rare (6-20),0.558,0.442,0
4168,235,4) very common (100+),0.32799999999999996,0.672,1
4169,1277,4) very common (100+),0.062000000000000055,0.938,0
4170,174,4) very common (100+),0.8220000000000001,0.178,1
4171,4537,4) very common (100+),0.28400000000000003,0.716,0
4172,228,4) very common (100+),0.843,0.157,1
4173,27,3) common (21-100),0.884,0.116,1
4174,1277,4) very common (100+),0.14600000000000002,0.854,0
4175,4537,4) very common (100+),0.46599999999999997,0.534,1
4176,1797,4) very common (100+),0.471,0.529,0
4177,553,4) very common (100+),0.18000000000000005,0.82,1
4178,142,4) very common (100+),0.44999999999999996,0.55,1
4179,955,4) very common (100+),0.5920000000000001,0.408,0
4180,4537,4) very common (100+),0.806,0.194,0
4181,1493,4) very common (100+),0.755,0.245,0
4182,60,3) common (21-100),0.73,0.27,1
4183,1916,4) very common (100+),0.34199999999999997,0.658,0
4184,4537,4) very common (100+),0.18799999999999994,0.812,0
4185,573,4) very common (100+),0.728,0.272,1
4186,5,1) very rare (1-5),0.896,0.104,1
4187,146,4) very common (100+),0.825,0.175,1
4188,1299,4) very common (100+),0.528,0.472,1
4189,60,3) common (21-100),0.09399999999999997,0.906,1
4190,2537,4) very common (100+),0.548,0.452,0
4191,1,1) very rare (1-5),0.33399999999999996,0.666,1
4192,782,4) very common (100+),0.30100000000000005,0.699,1
4193,212,4) very common (100+),0.5589999999999999,0.441,1
4194,307,4) very common (100+),0.396,0.604,1
4195,4537,4) very common (100+),0.357,0.643,0
4196,1493,4) very common (100+),0.124,0.876,0
4197,828,4) very common (100+),0.704,0.296,1
4198,2537,4) very common (100+),0.41400000000000003,0.586,0
4199,2537,4) very common (100+),0.22299999999999998,0.777,0
4200,0,1) very rare (1-5),0.273,0.727,0
4201,2537,4) very common (100+),0.569,0.431,0
4202,100,3) common (21-100),0.29300000000000004,0.707,0
4203,433,4) very common (100+),0.798,0.202,1
4204,2537,4) very common (100+),0.787,0.213,1
4205,782,4) very common (100+),0.601,0.399,0
4206,4537,4) very common (100+),0.121,0.879,0
4207,4537,4) very common (100+),0.273,0.727,0
4208,900,4) very common (100+),0.618,0.382,0
4209,573,4) very common (100+),0.785,0.215,0
4210,1123,4) very common (100+),0.637,0.363,1
4211,385,4) very common (100+),0.585,0.415,1
4212,2537,4) very common (100+),0.478,0.522,0
4213,782,4) very common (100+),0.552,0.448,0
4214,174,4) very common (100+),0.42800000000000005,0.572,1
4215,1123,4) very common (100+),0.5489999999999999,0.451,1
4216,1123,4) very common (100+),0.46099999999999997,0.539,1
4217,413,4) very common (100+),0.040000000000000036,0.96,0
4218,2537,4) very common (100+),0.364,0.636,0
4219,366,4) very common (100+),0.19999999999999996,0.8,0
4220,1493,4) very common (100+),0.276,0.724,0
4221,28,3) common (21-100),0.5860000000000001,0.414,1
4222,4537,4) very common (100+),0.30200000000000005,0.698,0
4223,4537,4) very common (100+),0.7070000000000001,0.293,0
4224,30,3) common (21-100),0.04300000000000004,0.957,0
4225,452,4) very common (100+),0.16000000000000003,0.84,1
4226,452,4) very common (100+),0.656,0.344,1
4227,100,3) common (21-100),0.28500000000000003,0.715,0
4228,2537,4) very common (100+),0.275,0.725,0
4229,48,3) common (21-100),0.648,0.352,1
4230,1493,4) very common (100+),0.637,0.363,1
4231,33,3) common (21-100),0.396,0.604,1
4232,452,4) very common (100+),0.29500000000000004,0.705,0
4233,258,4) very common (100+),0.374,0.626,0
4234,1299,4) very common (100+),0.16000000000000003,0.84,0
4235,2537,4) very common (100+),0.16900000000000004,0.831,0
4236,153,4) very common (100+),0.45199999999999996,0.548,1
4237,1277,4) very common (100+),0.10499999999999998,0.895,0
4238,323,4) very common (100+),0.43000000000000005,0.57,0
4239,157,4) very common (100+),0.18500000000000005,0.815,0
4240,153,4) very common (100+),0.6699999999999999,0.33,1
4241,4537,4) very common (100+),0.796,0.204,1
4242,4537,4) very common (100+),0.392,0.608,0
4243,7,2) rare (6-20),0.587,0.413,1
4244,179,4) very common (100+),0.363,0.637,0
4245,11,2) rare (6-20),0.273,0.727,1
4246,1277,4) very common (100+),0.15900000000000003,0.841,0
4247,179,4) very common (100+),0.356,0.644,0
4248,566,4) very common (100+),0.129,0.871,0
4249,4537,4) very common (100+),0.23099999999999998,0.769,0
4250,452,4) very common (100+),0.19499999999999995,0.805,0
4251,1916,4) very common (100+),0.763,0.237,1
4252,4537,4) very common (100+),0.514,0.486,1
4253,1797,4) very common (100+),0.475,0.525,0
4254,900,4) very common (100+),0.5740000000000001,0.426,0
4255,1493,4) very common (100+),0.254,0.746,0
4256,4537,4) very common (100+),0.22199999999999998,0.778,0
4257,4537,4) very common (100+),0.367,0.633,0
4258,4537,4) very common (100+),0.30600000000000005,0.694,0
4259,100,3) common (21-100),0.22999999999999998,0.77,0
4260,235,4) very common (100+),0.529,0.471,0
4261,2537,4) very common (100+),0.44199999999999995,0.558,0
4262,264,4) very common (100+),0.23199999999999998,0.768,0
4263,900,4) very common (100+),0.8,0.2,1
4264,1277,4) very common (100+),0.129,0.871,0
4265,385,4) very common (100+),0.44099999999999995,0.559,1
4266,385,4) very common (100+),0.41000000000000003,0.59,0
4267,1916,4) very common (100+),0.08999999999999997,0.91,0
4268,4,1) very rare (1-5),0.5820000000000001,0.418,1
4269,1916,4) very common (100+),0.04800000000000004,0.952,0
4270,4537,4) very common (100+),0.585,0.415,1
4271,924,4) very common (100+),0.507,0.493,1
4272,1123,4) very common (100+),0.4,0.6,1
4273,1493,4) very common (100+),0.506,0.494,1
4274,4537,4) very common (100+),0.245,0.755,0
4275,4537,4) very common (100+),0.44399999999999995,0.556,0
4276,27,3) common (21-100),0.853,0.147,0
4277,1299,4) very common (100+),0.30800000000000005,0.692,1
4278,179,4) very common (100+),0.21699999999999997,0.783,0
4279,56,3) common (21-100),0.383,0.617,1
4280,245,4) very common (100+),0.362,0.638,0
4281,179,4) very common (100+),0.21099999999999997,0.789,0
4282,4537,4) very common (100+),0.22099999999999997,0.779,0
4283,1493,4) very common (100+),0.20199999999999996,0.798,0
4284,804,4) very common (100+),0.30800000000000005,0.692,0
4285,782,4) very common (100+),0.30500000000000005,0.695,0
4286,197,4) very common (100+),0.34199999999999997,0.658,1
4287,53,3) common (21-100),0.54,0.46,1
4288,4537,4) very common (100+),0.795,0.205,1
4289,442,4) very common (100+),0.629,0.371,1
4290,1916,4) very common (100+),0.29800000000000004,0.702,0
4291,4537,4) very common (100+),0.07899999999999996,0.921,0
4292,60,3) common (21-100),0.483,0.517,1
4293,2537,4) very common (100+),0.6839999999999999,0.316,0
4294,4537,4) very common (100+),0.756,0.244,1
4295,36,3) common (21-100),0.403,0.597,1
4296,4537,4) very common (100+),0.41500000000000004,0.585,1
4297,4537,4) very common (100+),0.258,0.742,0
4298,76,3) common (21-100),0.258,0.742,0
4299,307,4) very common (100+),0.5509999999999999,0.449,1
4300,1916,4) very common (100+),0.489,0.511,0
4301,4537,4) very common (100+),0.08699999999999997,0.913,0
4302,1299,4) very common (100+),0.567,0.433,0
4303,1797,4) very common (100+),0.723,0.277,1
4304,900,4) very common (100+),0.364,0.636,0
4305,1797,4) very common (100+),0.806,0.194,0
4306,4537,4) very common (100+),0.636,0.364,1
4307,1916,4) very common (100+),0.33999999999999997,0.66,1
4308,804,4) very common (100+),0.563,0.437,0
4309,553,4) very common (100+),0.565,0.435,0
4310,47,3) common (21-100),0.389,0.611,0
4311,154,4) very common (100+),0.6990000000000001,0.301,1
4312,119,4) very common (100+),0.33499999999999996,0.665,1
4313,1797,4) very common (100+),0.573,0.427,1
4314,457,4) very common (100+),0.18799999999999994,0.812,0
4315,174,4) very common (100+),0.583,0.417,0
4316,924,4) very common (100+),0.594,0.406,1
4317,36,3) common (21-100),0.33599999999999997,0.664,1
4318,4537,4) very common (100+),0.14900000000000002,0.851,0
4319,1123,4) very common (100+),0.26,0.74,0
4320,573,4) very common (100+),0.845,0.155,1
4321,2537,4) very common (100+),0.18400000000000005,0.816,0
4322,154,4) very common (100+),0.7130000000000001,0.287,1
4323,1493,4) very common (100+),0.729,0.271,1
4324,782,4) very common (100+),0.28600000000000003,0.714,0
4325,566,4) very common (100+),0.847,0.153,0
4326,1916,4) very common (100+),0.07799999999999996,0.922,0
4327,1916,4) very common (100+),0.44799999999999995,0.552,0
4328,307,4) very common (100+),0.738,0.262,1
4329,1277,4) very common (100+),0.505,0.495,0
4330,2537,4) very common (100+),0.471,0.529,0
4331,281,4) very common (100+),0.632,0.368,1
4332,153,4) very common (100+),0.853,0.147,1
4333,804,4) very common (100+),0.387,0.613,0
4334,955,4) very common (100+),0.495,0.505,0
4335,900,4) very common (100+),0.526,0.474,0
4336,4537,4) very common (100+),0.7130000000000001,0.287,0
4337,4537,4) very common (100+),0.44299999999999995,0.557,0
4338,228,4) very common (100+),0.6839999999999999,0.316,1
4339,4537,4) very common (100+),0.645,0.355,1
4340,924,4) very common (100+),0.5840000000000001,0.416,0
4341,804,4) very common (100+),0.778,0.222,1
4342,1277,4) very common (100+),0.050000000000000044,0.95,0
4343,271,4) very common (100+),0.25,0.75,1
4344,4537,4) very common (100+),0.495,0.505,0
4345,1493,4) very common (100+),0.653,0.347,1
4346,452,4) very common (100+),0.688,0.312,1
4347,2,1) very rare (1-5),0.5589999999999999,0.441,1
4348,2537,4) very common (100+),0.41300000000000003,0.587,0
4349,385,4) very common (100+),0.617,0.383,1
4350,1299,4) very common (100+),0.769,0.231,1
4351,924,4) very common (100+),0.17100000000000004,0.829,0
4352,433,4) very common (100+),0.605,0.395,1
4353,442,4) very common (100+),0.895,0.105,1
4354,4537,4) very common (100+),0.08399999999999996,0.916,1
4355,433,4) very common (100+),0.652,0.348,1
4356,828,4) very common (100+),0.5429999999999999,0.457,1
4357,2537,4) very common (100+),0.41400000000000003,0.586,1
4358,553,4) very common (100+),0.791,0.209,1
4359,63,3) common (21-100),0.5700000000000001,0.43,1
4360,2537,4) very common (100+),0.8089999999999999,0.191,1
4361,1797,4) very common (100+),0.505,0.495,0
4362,142,4) very common (100+),0.74,0.26,1
4363,385,4) very common (100+),0.622,0.378,1
4364,924,4) very common (100+),0.357,0.643,0
4365,15,2) rare (6-20),0.635,0.365,1
4366,7,2) rare (6-20),0.599,0.401,1
4367,12,2) rare (6-20),0.6619999999999999,0.338,1
4368,77,3) common (21-100),0.10499999999999998,0.895,1
4369,1299,4) very common (100+),0.821,0.179,1
4370,157,4) very common (100+),0.04800000000000004,0.952,0
4371,97,3) common (21-100),0.552,0.448,1
4372,2537,4) very common (100+),0.665,0.335,0
4373,566,4) very common (100+),0.06699999999999995,0.933,0
4374,442,4) very common (100+),0.271,0.729,1
4375,1493,4) very common (100+),0.19299999999999995,0.807,0
4376,566,4) very common (100+),0.382,0.618,0
4377,9,2) rare (6-20),0.722,0.278,1
4378,553,4) very common (100+),0.78,0.22,1
4379,59,3) common (21-100),0.679,0.321,1
4380,53,3) common (21-100),0.7090000000000001,0.291,1
4381,1277,4) very common (100+),0.20199999999999996,0.798,0
4382,4537,4) very common (100+),0.238,0.762,0
4383,281,4) very common (100+),0.5820000000000001,0.418,1
4384,258,4) very common (100+),0.763,0.237,1
4385,553,4) very common (100+),0.16600000000000004,0.834,1
4386,108,4) very common (100+),0.76,0.24,0
4387,264,4) very common (100+),0.20199999999999996,0.798,0
4388,433,4) very common (100+),0.34299999999999997,0.657,0
4389,1277,4) very common (100+),0.15000000000000002,0.85,0
4390,1916,4) very common (100+),0.519,0.481,0
4391,566,4) very common (100+),0.051000000000000045,0.949,0
4392,2537,4) very common (100+),0.529,0.471,1
4393,5,1) very rare (1-5),0.33699999999999997,0.663,1
4394,4537,4) very common (100+),0.385,0.615,1
4395,1299,4) very common (100+),0.657,0.343,1
4396,446,4) very common (100+),0.0040000000000000036,0.996,0
4397,37,3) common (21-100),0.05300000000000005,0.947,0
4398,264,4) very common (100+),0.02300000000000002,0.977,0
4399,1277,4) very common (100+),0.503,0.497,0
4400,393,4) very common (100+),0.45599999999999996,0.544,0
4401,1277,4) very common (100+),0.5660000000000001,0.434,0
4402,235,4) very common (100+),0.642,0.358,1
4403,4537,4) very common (100+),0.06999999999999995,0.93,1
4404,828,4) very common (100+),0.18200000000000005,0.818,0
4405,4537,4) very common (100+),0.32899999999999996,0.671,0
4406,1299,4) very common (100+),0.75,0.25,1
4407,164,4) very common (100+),0.31299999999999994,0.687,0
4408,4537,4) very common (100+),0.729,0.271,1
4409,924,4) very common (100+),0.724,0.276,1
4410,307,4) very common (100+),0.132,0.868,0
4411,1797,4) very common (100+),0.379,0.621,0
4412,442,4) very common (100+),0.43700000000000006,0.563,1
4413,2537,4) very common (100+),0.20999999999999996,0.79,0
4414,955,4) very common (100+),0.835,0.165,1
4415,2537,4) very common (100+),0.43300000000000005,0.567,0
4416,2537,4) very common (100+),0.373,0.627,0
4417,955,4) very common (100+),0.6599999999999999,0.34,1
4418,193,4) very common (100+),0.704,0.296,0
4419,1797,4) very common (100+),0.49,0.51,0
4420,34,3) common (21-100),0.75,0.25,1
4421,4537,4) very common (100+),0.378,0.622,0
4422,142,4) very common (100+),0.519,0.481,1
4423,1123,4) very common (100+),0.486,0.514,1
4424,4537,4) very common (100+),0.643,0.357,1
4425,433,4) very common (100+),0.867,0.133,1
4426,566,4) very common (100+),0.29900000000000004,0.701,0
4427,258,4) very common (100+),0.54,0.46,1
4428,1916,4) very common (100+),0.06399999999999995,0.936,0
4429,76,3) common (21-100),0.758,0.242,1
4430,828,4) very common (100+),0.02200000000000002,0.978,0
4431,446,4) very common (100+),0.006000000000000005,0.994,0
4432,413,4) very common (100+),0.256,0.744,0
4433,97,3) common (21-100),0.733,0.267,0
4434,5,1) very rare (1-5),0.6,0.4,1
4435,0,1) very rare (1-5),0.661,0.339,1
4436,457,4) very common (100+),0.22199999999999998,0.778,0
4437,4537,4) very common (100+),0.32799999999999996,0.672,1
4438,2537,4) very common (100+),0.671,0.329,1
4439,955,4) very common (100+),0.29500000000000004,0.705,1
4440,1493,4) very common (100+),0.565,0.435,0
4441,197,4) very common (100+),0.554,0.446,1
4442,782,4) very common (100+),0.386,0.614,1
4443,1916,4) very common (100+),0.07499999999999996,0.925,0
4444,2537,4) very common (100+),0.362,0.638,0
4445,2537,4) very common (100+),0.03400000000000003,0.966,0
4446,804,4) very common (100+),0.32399999999999995,0.676,1
4447,4537,4) very common (100+),0.29600000000000004,0.704,1
4448,4537,4) very common (100+),0.5640000000000001,0.436,1
4449,56,3) common (21-100),0.5429999999999999,0.457,1
4450,265,4) very common (100+),0.248,0.752,1
4451,264,4) very common (100+),0.239,0.761,0
4452,34,3) common (21-100),0.474,0.526,1
4453,37,3) common (21-100),0.484,0.516,0
4454,1916,4) very common (100+),0.46299999999999997,0.537,1
4455,164,4) very common (100+),0.18400000000000005,0.816,0
4456,900,4) very common (100+),0.20299999999999996,0.797,0
4457,1277,4) very common (100+),0.10799999999999998,0.892,0
4458,828,4) very common (100+),0.07899999999999996,0.921,0
4459,169,4) very common (100+),0.512,0.488,1
4460,1797,4) very common (100+),0.32499999999999996,0.675,0
4461,196,4) very common (100+),0.479,0.521,0
4462,4537,4) very common (100+),0.42500000000000004,0.575,1
4463,1916,4) very common (100+),0.6659999999999999,0.334,1
4464,1277,4) very common (100+),0.09399999999999997,0.906,0
4465,119,4) very common (100+),0.643,0.357,1
4466,1797,4) very common (100+),0.375,0.625,1
4467,446,4) very common (100+),0.019000000000000017,0.981,0
4468,4537,4) very common (100+),0.20399999999999996,0.796,0
4469,804,4) very common (100+),0.739,0.261,1
4470,446,4) very common (100+),0.0020000000000000018,0.998,0
4471,4537,4) very common (100+),0.239,0.761,0
4472,15,2) rare (6-20),0.5409999999999999,0.459,0
4473,65,3) common (21-100),0.718,0.282,1
4474,19,2) rare (6-20),0.54,0.46,1
4475,1797,4) very common (100+),0.567,0.433,1
4476,900,4) very common (100+),0.18400000000000005,0.816,0
4477,413,4) very common (100+),0.827,0.173,0
4478,782,4) very common (100+),0.542,0.458,1
4479,4537,4) very common (100+),0.249,0.751,0
4480,1299,4) very common (100+),0.571,0.429,1
4481,924,4) very common (100+),0.399,0.601,0
4482,265,4) very common (100+),0.493,0.507,0
4483,1299,4) very common (100+),0.696,0.304,1
4484,4537,4) very common (100+),0.657,0.343,1
4485,212,4) very common (100+),0.43999999999999995,0.56,0
4486,4537,4) very common (100+),0.6619999999999999,0.338,0
4487,433,4) very common (100+),0.569,0.431,0
4488,433,4) very common (100+),0.8160000000000001,0.184,1
4489,1493,4) very common (100+),0.361,0.639,0
4490,4537,4) very common (100+),0.403,0.597,1
4491,924,4) very common (100+),0.32899999999999996,0.671,1
4492,1493,4) very common (100+),0.345,0.655,0
4493,1493,4) very common (100+),0.23099999999999998,0.769,0
4494,442,4) very common (100+),0.17100000000000004,0.829,1
4495,33,3) common (21-100),0.679,0.321,1
4496,1797,4) very common (100+),0.488,0.512,0
4497,924,4) very common (100+),0.372,0.628,0
4498,1277,4) very common (100+),0.14800000000000002,0.852,0
4499,385,4) very common (100+),0.43000000000000005,0.57,1
4500,287,4) very common (100+),0.6579999999999999,0.342,1
4501,18,2) rare (6-20),0.366,0.634,1
4502,4537,4) very common (100+),0.46499999999999997,0.535,0
4503,4537,4) very common (100+),0.11099999999999999,0.889,0
4504,2537,4) very common (100+),0.013000000000000012,0.987,1
4505,1299,4) very common (100+),0.378,0.622,0
4506,4537,4) very common (100+),0.18799999999999994,0.812,1
4507,828,4) very common (100+),0.08899999999999997,0.911,0
4508,1299,4) very common (100+),0.10099999999999998,0.899,0
4509,1797,4) very common (100+),0.6599999999999999,0.34,0
4510,245,4) very common (100+),0.5760000000000001,0.424,1
4511,42,3) common (21-100),0.8260000000000001,0.174,1
4512,4,1) very rare (1-5),0.16200000000000003,0.838,1
4513,566,4) very common (100+),0.22599999999999998,0.774,1
4514,804,4) very common (100+),0.625,0.375,1
4515,566,4) very common (100+),0.05400000000000005,0.946,0
4516,1299,4) very common (100+),0.28800000000000003,0.712,0
4517,457,4) very common (100+),0.523,0.477,1
4518,804,4) very common (100+),0.11599999999999999,0.884,0
4519,366,4) very common (100+),0.864,0.136,0
4520,6,2) rare (6-20),0.849,0.151,1
4521,1916,4) very common (100+),0.244,0.756,0
4522,281,4) very common (100+),0.687,0.313,1
4523,457,4) very common (100+),0.18500000000000005,0.815,0
4524,566,4) very common (100+),0.17300000000000004,0.827,0
4525,446,4) very common (100+),0.0030000000000000027,0.997,0
4526,553,4) very common (100+),0.5549999999999999,0.445,0
4527,1916,4) very common (100+),0.31499999999999995,0.685,0
4528,1277,4) very common (100+),0.19199999999999995,0.808,0
4529,1493,4) very common (100+),0.6890000000000001,0.311,1
4530,8,2) rare (6-20),0.6859999999999999,0.314,1
4531,4537,4) very common (100+),0.354,0.646,0
4532,179,4) very common (100+),0.506,0.494,0
4533,235,4) very common (100+),0.28200000000000003,0.718,0
4534,307,4) very common (100+),0.395,0.605,1
4535,4537,4) very common (100+),0.403,0.597,0
4536,100,3) common (21-100),0.636,0.364,1
4537,2537,4) very common (100+),0.736,0.264,0
4538,828,4) very common (100+),0.44999999999999996,0.55,0
4539,1797,4) very common (100+),0.567,0.433,1
4540,900,4) very common (100+),0.30700000000000005,0.693,0
4541,4537,4) very common (100+),0.04400000000000004,0.956,0
4542,29,3) common (21-100),0.5920000000000001,0.408,0
4543,446,4) very common (100+),0.962,0.038,0
4544,119,4) very common (100+),0.546,0.454,1
4545,107,4) very common (100+),0.544,0.456,1
4546,566,4) very common (100+),0.20499999999999996,0.795,0
4547,955,4) very common (100+),0.5660000000000001,0.434,1
4548,94,3) common (21-100),0.753,0.247,1
4549,442,4) very common (100+),0.692,0.308,1
4550,1797,4) very common (100+),0.5409999999999999,0.459,1
4551,446,4) very common (100+),0.027000000000000024,0.973,0
4552,1123,4) very common (100+),0.403,0.597,1
4553,169,4) very common (100+),0.683,0.317,1
4554,31,3) common (21-100),0.403,0.597,1
4555,452,4) very common (100+),0.652,0.348,0
4556,828,4) very common (100+),0.5920000000000001,0.408,0
4557,553,4) very common (100+),0.49,0.51,1
4558,15,2) rare (6-20),0.594,0.406,1
4559,115,4) very common (100+),0.372,0.628,1
4560,14,2) rare (6-20),0.834,0.166,1
4561,111,4) very common (100+),0.24,0.76,1
4562,34,3) common (21-100),0.07299999999999995,0.927,0
4563,452,4) very common (100+),0.757,0.243,1
4564,2537,4) very common (100+),0.61,0.39,1
4565,146,4) very common (100+),0.755,0.245,1
4566,1277,4) very common (100+),0.126,0.874,0
4567,13,2) rare (6-20),0.615,0.385,1
4568,573,4) very common (100+),0.483,0.517,1
4569,4537,4) very common (100+),0.135,0.865,0
4570,393,4) very common (100+),0.738,0.262,0
4571,307,4) very common (100+),0.43500000000000005,0.565,1
4572,91,3) common (21-100),0.476,0.524,1
4573,1797,4) very common (100+),0.401,0.599,0
4574,446,4) very common (100+),0.0020000000000000018,0.998,0
4575,1493,4) very common (100+),0.379,0.621,1
4576,228,4) very common (100+),0.749,0.251,1
4577,1916,4) very common (100+),0.08099999999999996,0.919,0
4578,154,4) very common (100+),0.28500000000000003,0.715,1
4579,77,3) common (21-100),0.594,0.406,0
4580,169,4) very common (100+),0.133,0.867,1
4581,393,4) very common (100+),0.16600000000000004,0.834,0
4582,3,1) very rare (1-5),0.30000000000000004,0.7,1
4583,29,3) common (21-100),0.624,0.376,0
4584,2537,4) very common (100+),0.593,0.407,0
4585,1123,4) very common (100+),0.5469999999999999,0.453,0
4586,42,3) common (21-100),0.6759999999999999,0.324,1
4587,452,4) very common (100+),0.857,0.143,0
4588,828,4) very common (100+),0.08299999999999996,0.917,0
4589,553,4) very common (100+),0.65,0.35,0
4590,4537,4) very common (100+),0.511,0.489,0
4591,1,1) very rare (1-5),0.42100000000000004,0.579,1
4592,1493,4) very common (100+),0.17500000000000004,0.825,0
4593,264,4) very common (100+),0.03200000000000003,0.968,0
4594,1123,4) very common (100+),0.534,0.466,0
4595,196,4) very common (100+),0.45499999999999996,0.545,1
4596,4537,4) very common (100+),0.123,0.877,0
4597,2,1) very rare (1-5),0.04400000000000004,0.956,1
4598,2537,4) very common (100+),0.7110000000000001,0.289,1
4599,287,4) very common (100+),0.28300000000000003,0.717,1
4600,1299,4) very common (100+),0.6859999999999999,0.314,1
4601,10,2) rare (6-20),0.732,0.268,0
4602,385,4) very common (100+),0.6990000000000001,0.301,0
4603,433,4) very common (100+),0.5880000000000001,0.412,1
4604,1916,4) very common (100+),0.11499999999999999,0.885,0
4605,4537,4) very common (100+),0.494,0.506,0
4606,4537,4) very common (100+),0.7090000000000001,0.291,1
4607,19,2) rare (6-20),0.40800000000000003,0.592,1
4608,900,4) very common (100+),0.492,0.508,0
4609,1916,4) very common (100+),0.44499999999999995,0.555,0
4610,452,4) very common (100+),0.581,0.419,1
4611,4537,4) very common (100+),0.08799999999999997,0.912,0
4612,2537,4) very common (100+),0.09999999999999998,0.9,0
4613,9,2) rare (6-20),0.529,0.471,1
4614,1,1) very rare (1-5),0.725,0.275,1
4615,828,4) very common (100+),0.052000000000000046,0.948,0
4616,452,4) very common (100+),0.747,0.253,0
4617,1493,4) very common (100+),0.32199999999999995,0.678,0
4618,4537,4) very common (100+),0.29100000000000004,0.709,0
4619,2537,4) very common (100+),0.491,0.509,1
4620,258,4) very common (100+),0.10799999999999998,0.892,1
4621,2537,4) very common (100+),0.401,0.599,1
4622,393,4) very common (100+),0.681,0.319,1
4623,442,4) very common (100+),0.738,0.262,1
4624,281,4) very common (100+),0.32399999999999995,0.676,1
4625,307,4) very common (100+),0.04200000000000004,0.958,0
4626,30,3) common (21-100),0.529,0.471,1
4627,174,4) very common (100+),0.495,0.505,0
4628,4537,4) very common (100+),0.132,0.868,0
4629,1299,4) very common (100+),0.853,0.147,1
4630,433,4) very common (100+),0.7969999999999999,0.203,1
4631,287,4) very common (100+),0.244,0.756,0
4632,4537,4) very common (100+),0.502,0.498,0
4633,37,3) common (21-100),0.749,0.251,1
4634,212,4) very common (100+),0.6779999999999999,0.322,1
4635,4537,4) very common (100+),0.632,0.368,0
4636,154,4) very common (100+),0.724,0.276,1
4637,42,3) common (21-100),0.594,0.406,0
4638,264,4) very common (100+),0.041000000000000036,0.959,0
4639,154,4) very common (100+),0.552,0.448,1
4640,2537,4) very common (100+),0.137,0.863,0
4641,142,4) very common (100+),0.655,0.345,1
4642,4537,4) very common (100+),0.235,0.765,1
4643,1299,4) very common (100+),0.493,0.507,0
4644,52,3) common (21-100),0.42600000000000005,0.574,0
4645,142,4) very common (100+),0.542,0.458,1
4646,2537,4) very common (100+),0.272,0.728,1
4647,4537,4) very common (100+),0.41800000000000004,0.582,0
4648,4537,4) very common (100+),0.498,0.502,0
4649,60,3) common (21-100),0.656,0.344,1
4650,433,4) very common (100+),0.663,0.337,0
4651,1916,4) very common (100+),0.519,0.481,0
4652,265,4) very common (100+),0.528,0.472,1
4653,1797,4) very common (100+),0.45799999999999996,0.542,0
4654,4537,4) very common (100+),0.279,0.721,0
4655,66,3) common (21-100),0.22499999999999998,0.775,0
4656,264,4) very common (100+),0.016000000000000014,0.984,0
4657,60,3) common (21-100),0.8200000000000001,0.18,1
4658,1916,4) very common (100+),0.44499999999999995,0.555,0
4659,12,2) rare (6-20),0.509,0.491,0
4660,7,2) rare (6-20),0.21999999999999997,0.78,0
4661,2537,4) very common (100+),0.10599999999999998,0.894,0
4662,1797,4) very common (100+),0.485,0.515,0
4663,2537,4) very common (100+),0.17900000000000005,0.821,1
4664,4537,4) very common (100+),0.526,0.474,0
4665,2537,4) very common (100+),0.5349999999999999,0.465,0
4666,366,4) very common (100+),0.8049999999999999,0.195,1
4667,307,4) very common (100+),0.4,0.6,1
4668,1916,4) very common (100+),0.253,0.747,0
4669,1916,4) very common (100+),0.32999999999999996,0.67,0
4670,146,4) very common (100+),0.5569999999999999,0.443,1
4671,1493,4) very common (100+),0.28900000000000003,0.711,0
4672,2537,4) very common (100+),0.40800000000000003,0.592,0
4673,804,4) very common (100+),0.571,0.429,0
4674,33,3) common (21-100),0.43999999999999995,0.56,1
4675,955,4) very common (100+),0.6659999999999999,0.334,1
4676,107,4) very common (100+),0.35,0.65,1
4677,4537,4) very common (100+),0.22499999999999998,0.775,0
4678,1277,4) very common (100+),0.08499999999999996,0.915,0
4679,1123,4) very common (100+),0.40900000000000003,0.591,0
4680,4537,4) very common (100+),0.371,0.629,0
4681,4537,4) very common (100+),0.19299999999999995,0.807,0
4682,2,1) very rare (1-5),0.475,0.525,1
4683,900,4) very common (100+),0.599,0.401,0
4684,146,4) very common (100+),0.45599999999999996,0.544,1
4685,4537,4) very common (100+),0.10699999999999998,0.893,1
4686,457,4) very common (100+),0.28600000000000003,0.714,0
4687,0,1) very rare (1-5),0.976,0.024,1
4688,1493,4) very common (100+),0.542,0.458,0
4689,4537,4) very common (100+),0.6839999999999999,0.316,0
4690,828,4) very common (100+),0.139,0.861,0
4691,4537,4) very common (100+),0.375,0.625,0
4692,14,2) rare (6-20),0.624,0.376,0
4693,924,4) very common (100+),0.536,0.464,1
4694,900,4) very common (100+),0.7070000000000001,0.293,1
4695,804,4) very common (100+),0.696,0.304,1
4696,366,4) very common (100+),0.02200000000000002,0.978,0
4697,442,4) very common (100+),0.31399999999999995,0.686,0
4698,1493,4) very common (100+),0.526,0.474,1
4699,1299,4) very common (100+),0.244,0.756,0
4700,804,4) very common (100+),0.619,0.381,0
4701,4537,4) very common (100+),0.09199999999999997,0.908,0
4702,235,4) very common (100+),0.848,0.152,1
4703,955,4) very common (100+),0.22899999999999998,0.771,0
4704,446,4) very common (100+),0.027000000000000024,0.973,0
4705,804,4) very common (100+),0.88,0.12,0
4706,193,4) very common (100+),0.45899999999999996,0.541,1
4707,1797,4) very common (100+),0.516,0.484,0
4708,452,4) very common (100+),0.31399999999999995,0.686,1
4709,433,4) very common (100+),0.823,0.177,1
4710,33,3) common (21-100),0.594,0.406,1
4711,457,4) very common (100+),0.42700000000000005,0.573,0
4712,366,4) very common (100+),0.013000000000000012,0.987,0
4713,4537,4) very common (100+),0.37,0.63,0
4714,1123,4) very common (100+),0.521,0.479,1
4715,15,2) rare (6-20),0.776,0.224,1
4716,146,4) very common (100+),0.33399999999999996,0.666,1
4717,108,4) very common (100+),0.631,0.369,1
4718,4537,4) very common (100+),0.08299999999999996,0.917,0
4719,4537,4) very common (100+),0.41200000000000003,0.588,0
4720,2537,4) very common (100+),0.829,0.171,0
4721,13,2) rare (6-20),0.786,0.214,1
4722,1493,4) very common (100+),0.20399999999999996,0.796,0
4723,457,4) very common (100+),0.481,0.519,0
4724,1493,4) very common (100+),0.15100000000000002,0.849,0
4725,146,4) very common (100+),0.45999999999999996,0.54,1
4726,955,4) very common (100+),0.41800000000000004,0.582,1
4727,32,3) common (21-100),0.122,0.878,0
4728,164,4) very common (100+),0.393,0.607,0
4729,27,3) common (21-100),0.829,0.171,0
4730,1493,4) very common (100+),0.15000000000000002,0.85,0
4731,1916,4) very common (100+),0.16700000000000004,0.833,1
4732,86,3) common (21-100),0.17700000000000005,0.823,0
4733,900,4) very common (100+),0.7070000000000001,0.293,1
4734,1797,4) very common (100+),0.42700000000000005,0.573,0
4735,4537,4) very common (100+),0.476,0.524,0
4736,828,4) very common (100+),0.721,0.279,0
4737,828,4) very common (100+),0.31799999999999995,0.682,0
4738,1299,4) very common (100+),0.523,0.477,0
4739,193,4) very common (100+),0.47,0.53,1
4740,2537,4) very common (100+),0.512,0.488,1
4741,13,2) rare (6-20),0.363,0.637,1
4742,828,4) very common (100+),0.348,0.652,0
4743,1916,4) very common (100+),0.030000000000000027,0.97,0
4744,107,4) very common (100+),0.16500000000000004,0.835,1
4745,1493,4) very common (100+),0.20799999999999996,0.792,0
4746,1797,4) very common (100+),0.41000000000000003,0.59,0
4747,18,2) rare (6-20),0.357,0.643,0
4748,900,4) very common (100+),0.829,0.171,1
4749,2,1) very rare (1-5),0.371,0.629,1
4750,1797,4) very common (100+),0.363,0.637,1
4751,573,4) very common (100+),0.747,0.253,1
4752,154,4) very common (100+),0.271,0.729,1
4753,196,4) very common (100+),0.615,0.385,0
4754,88,3) common (21-100),0.16400000000000003,0.836,0
4755,15,2) rare (6-20),0.815,0.185,1
4756,4537,4) very common (100+),0.607,0.393,1
4757,1277,4) very common (100+),0.271,0.729,0
4758,4537,4) very common (100+),0.09799999999999998,0.902,0
4759,452,4) very common (100+),0.41900000000000004,0.581,1
4760,2537,4) very common (100+),0.07699999999999996,0.923,0
4761,955,4) very common (100+),0.558,0.442,0
4762,446,4) very common (100+),0.006000000000000005,0.994,0
4763,11,2) rare (6-20),0.636,0.364,1
4764,4537,4) very common (100+),0.348,0.652,0
4765,900,4) very common (100+),0.491,0.509,0
4766,385,4) very common (100+),0.7110000000000001,0.289,0
4767,452,4) very common (100+),0.17900000000000005,0.821,0
4768,235,4) very common (100+),0.5549999999999999,0.445,0
4769,1797,4) very common (100+),0.641,0.359,1
4770,1797,4) very common (100+),0.556,0.444,0
4771,900,4) very common (100+),0.486,0.514,1
4772,1916,4) very common (100+),0.6739999999999999,0.326,1
4773,169,4) very common (100+),0.877,0.123,1
4774,385,4) very common (100+),0.6819999999999999,0.318,1
4775,2537,4) very common (100+),0.09699999999999998,0.903,1
4776,566,4) very common (100+),0.062000000000000055,0.938,0
4777,782,4) very common (100+),0.522,0.478,1
4778,4537,4) very common (100+),0.16000000000000003,0.84,0
4779,2537,4) very common (100+),0.526,0.474,0
4780,955,4) very common (100+),0.647,0.353,1
4781,413,4) very common (100+),0.132,0.868,0
4782,12,2) rare (6-20),0.825,0.175,1
4783,56,3) common (21-100),0.752,0.248,1
4784,1797,4) very common (100+),0.356,0.644,0
4785,4537,4) very common (100+),0.75,0.25,1
4786,94,3) common (21-100),0.362,0.638,1
4787,900,4) very common (100+),0.845,0.155,1
4788,271,4) very common (100+),0.88,0.12,1
4789,42,3) common (21-100),0.509,0.491,1
4790,573,4) very common (100+),0.779,0.221,1
4791,271,4) very common (100+),0.46099999999999997,0.539,1
4792,193,4) very common (100+),0.255,0.745,1
4793,97,3) common (21-100),0.696,0.304,1
4794,442,4) very common (100+),0.48,0.52,1
4795,433,4) very common (100+),0.5680000000000001,0.432,0
4796,553,4) very common (100+),0.798,0.202,0
4797,245,4) very common (100+),0.42400000000000004,0.576,1
4798,804,4) very common (100+),0.5589999999999999,0.441,1
4799,41,3) common (21-100),0.04300000000000004,0.957,0
4800,4537,4) very common (100+),0.20699999999999996,0.793,0
4801,1123,4) very common (100+),0.471,0.529,0
4802,2537,4) very common (100+),0.532,0.468,0
4803,56,3) common (21-100),0.688,0.312,1
4804,804,4) very common (100+),0.381,0.619,0
4805,955,4) very common (100+),0.927,0.073,0
4806,446,4) very common (100+),0.0020000000000000018,0.998,0
4807,1916,4) very common (100+),0.31499999999999995,0.685,0
4808,804,4) very common (100+),0.29800000000000004,0.702,1
4809,1916,4) very common (100+),0.30200000000000005,0.698,0
4810,197,4) very common (100+),0.31499999999999995,0.685,1
4811,90,3) common (21-100),0.245,0.755,0
4812,1299,4) very common (100+),0.597,0.403,0
4813,97,3) common (21-100),0.593,0.407,1
4814,32,3) common (21-100),0.42700000000000005,0.573,0
4815,41,3) common (21-100),0.6859999999999999,0.314,1
4816,154,4) very common (100+),0.876,0.124,1
4817,452,4) very common (100+),0.473,0.527,0
4818,287,4) very common (100+),0.746,0.254,0
4819,433,4) very common (100+),0.28300000000000003,0.717,1
4820,2537,4) very common (100+),0.119,0.881,0
4821,1493,4) very common (100+),0.353,0.647,0
4822,1277,4) very common (100+),0.05300000000000005,0.947,0
4823,1493,4) very common (100+),0.129,0.871,0
4824,804,4) very common (100+),0.14900000000000002,0.851,1
4825,63,3) common (21-100),0.29200000000000004,0.708,0
4826,924,4) very common (100+),0.517,0.483,1
4827,446,4) very common (100+),0.16500000000000004,0.835,0
4828,782,4) very common (100+),0.32799999999999996,0.672,0
4829,94,3) common (21-100),0.532,0.468,1
4830,75,3) common (21-100),0.514,0.486,1
4831,66,3) common (21-100),0.752,0.248,1
4832,1797,4) very common (100+),0.779,0.221,1
4833,955,4) very common (100+),0.591,0.409,0
4834,393,4) very common (100+),0.51,0.49,0
4835,2537,4) very common (100+),0.134,0.866,0
4836,4537,4) very common (100+),0.44099999999999995,0.559,0
4837,109,4) very common (100+),0.514,0.486,1
4838,4537,4) very common (100+),0.11399999999999999,0.886,0
4839,1916,4) very common (100+),0.507,0.493,1
4840,65,3) common (21-100),0.23099999999999998,0.769,0
4841,1916,4) very common (100+),0.29900000000000004,0.701,0
4842,169,4) very common (100+),0.595,0.405,1
4843,1123,4) very common (100+),0.874,0.126,0
4844,33,3) common (21-100),0.30700000000000005,0.693,1
4845,323,4) very common (100+),0.747,0.253,1
4846,4537,4) very common (100+),0.33799999999999997,0.662,1
4847,77,3) common (21-100),0.725,0.275,1
4848,235,4) very common (100+),0.607,0.393,1
4849,235,4) very common (100+),0.782,0.218,1
4850,1123,4) very common (100+),0.38,0.62,1
4851,4537,4) very common (100+),0.349,0.651,0
4852,4537,4) very common (100+),0.137,0.863,0
4853,119,4) very common (100+),0.5369999999999999,0.463,1
4854,174,4) very common (100+),0.598,0.402,1
4855,924,4) very common (100+),0.22399999999999998,0.776,1
4856,573,4) very common (100+),0.612,0.388,1
4857,804,4) very common (100+),0.381,0.619,0
4858,1299,4) very common (100+),0.496,0.504,0
4859,1299,4) very common (100+),0.474,0.526,0
4860,385,4) very common (100+),0.511,0.489,1
4861,924,4) very common (100+),0.44999999999999996,0.55,1
4862,782,4) very common (100+),0.122,0.878,1
4863,4537,4) very common (100+),0.733,0.267,0
4864,413,4) very common (100+),0.651,0.349,0
4865,828,4) very common (100+),0.09299999999999997,0.907,0
4866,782,4) very common (100+),0.35,0.65,1
4867,9,2) rare (6-20),0.677,0.323,1
4868,4537,4) very common (100+),0.19499999999999995,0.805,0
4869,393,4) very common (100+),0.775,0.225,0
4870,323,4) very common (100+),0.605,0.395,0
4871,1123,4) very common (100+),0.40800000000000003,0.592,0
4872,19,2) rare (6-20),0.133,0.867,1
4873,573,4) very common (100+),0.694,0.306,1
4874,4537,4) very common (100+),0.28,0.72,0
4875,1916,4) very common (100+),0.28300000000000003,0.717,0
4876,366,4) very common (100+),0.09699999999999998,0.903,0
4877,323,4) very common (100+),0.5900000000000001,0.41,1
4878,281,4) very common (100+),0.7110000000000001,0.289,0
4879,0,1) very rare (1-5),0.718,0.282,1
4880,18,2) rare (6-20),0.04500000000000004,0.955,0
4881,1916,4) very common (100+),0.30300000000000005,0.697,0
4882,1299,4) very common (100+),0.608,0.392,0
4883,900,4) very common (100+),0.926,0.074,1
4884,71,3) common (21-100),0.44299999999999995,0.557,0
4885,393,4) very common (100+),0.6619999999999999,0.338,0
4886,1299,4) very common (100+),0.08899999999999997,0.911,1
4887,924,4) very common (100+),0.499,0.501,1
4888,2537,4) very common (100+),0.7170000000000001,0.283,1
4889,413,4) very common (100+),0.251,0.749,1
4890,4537,4) very common (100+),0.276,0.724,0
4891,1797,4) very common (100+),0.29700000000000004,0.703,1
4892,115,4) very common (100+),0.398,0.602,1
4893,828,4) very common (100+),0.6990000000000001,0.301,1
4894,109,4) very common (100+),0.615,0.385,0
4895,452,4) very common (100+),0.246,0.754,1
4896,21,3) common (21-100),0.241,0.759,1
4897,385,4) very common (100+),0.515,0.485,1
4898,573,4) very common (100+),0.19299999999999995,0.807,0
4899,4537,4) very common (100+),0.344,0.656,0
4900,955,4) very common (100+),0.723,0.277,0
4901,804,4) very common (100+),0.594,0.406,1
4902,265,4) very common (100+),0.491,0.509,1
4903,1797,4) very common (100+),0.591,0.409,1
4904,900,4) very common (100+),0.41100000000000003,0.589,1
4905,433,4) very common (100+),0.622,0.378,1
4906,573,4) very common (100+),0.736,0.264,1
4907,1493,4) very common (100+),0.28900000000000003,0.711,0
4908,265,4) very common (100+),0.30800000000000005,0.692,0
4909,1916,4) very common (100+),0.29300000000000004,0.707,0
4910,4537,4) very common (100+),0.07199999999999995,0.928,0
4911,4537,4) very common (100+),0.051000000000000045,0.949,1
4912,4537,4) very common (100+),0.494,0.506,1
4913,2537,4) very common (100+),0.628,0.372,1
4914,265,4) very common (100+),0.522,0.478,0
4915,77,3) common (21-100),0.5389999999999999,0.461,1
4916,174,4) very common (100+),0.563,0.437,0
4917,955,4) very common (100+),0.17700000000000005,0.823,1
4918,1277,4) very common (100+),0.48,0.52,0
4919,452,4) very common (100+),0.688,0.312,0
4920,1277,4) very common (100+),0.09199999999999997,0.908,0
4921,366,4) very common (100+),0.05300000000000005,0.947,0
4922,212,4) very common (100+),0.597,0.403,0
4923,86,3) common (21-100),0.46099999999999997,0.539,0
4924,271,4) very common (100+),0.237,0.763,1
4925,1797,4) very common (100+),0.487,0.513,0
4926,54,3) common (21-100),0.587,0.413,1
4927,413,4) very common (100+),0.486,0.514,0
4928,4537,4) very common (100+),0.347,0.653,1
4929,2537,4) very common (100+),0.241,0.759,0
4930,33,3) common (21-100),0.593,0.407,0
4931,281,4) very common (100+),0.34099999999999997,0.659,1
4932,924,4) very common (100+),0.37,0.63,1
4933,900,4) very common (100+),0.503,0.497,1
4934,393,4) very common (100+),0.236,0.764,0
4935,553,4) very common (100+),0.484,0.516,1
4936,804,4) very common (100+),0.488,0.512,0
4937,924,4) very common (100+),0.21899999999999997,0.781,0
4938,77,3) common (21-100),0.6910000000000001,0.309,0
4939,1916,4) very common (100+),0.21699999999999997,0.783,0
4940,900,4) very common (100+),0.677,0.323,0
4941,307,4) very common (100+),0.20999999999999996,0.79,1
4942,1797,4) very common (100+),0.577,0.423,1
4943,1299,4) very common (100+),0.723,0.277,0
4944,4537,4) very common (100+),0.46499999999999997,0.535,0
4945,2537,4) very common (100+),0.02300000000000002,0.977,0
4946,88,3) common (21-100),0.20299999999999996,0.797,0
4947,1797,4) very common (100+),0.6859999999999999,0.314,0
4948,4537,4) very common (100+),0.33699999999999997,0.663,1
4949,53,3) common (21-100),0.761,0.239,1
4950,900,4) very common (100+),0.704,0.296,0
4951,196,4) very common (100+),0.736,0.264,0
4952,1916,4) very common (100+),0.277,0.723,0
4953,452,4) very common (100+),0.521,0.479,1
4954,4537,4) very common (100+),0.391,0.609,1
4955,4537,4) very common (100+),0.523,0.477,0
4956,1797,4) very common (100+),0.31399999999999995,0.686,0
4957,828,4) very common (100+),0.20899999999999996,0.791,1
4958,1916,4) very common (100+),0.7030000000000001,0.297,1
4959,1493,4) very common (100+),0.75,0.25,1
4960,287,4) very common (100+),0.351,0.649,1
4961,1123,4) very common (100+),0.42800000000000005,0.572,1
4962,197,4) very common (100+),0.791,0.209,1
4963,452,4) very common (100+),0.245,0.755,0
4964,4537,4) very common (100+),0.18600000000000005,0.814,0
4965,900,4) very common (100+),0.33799999999999997,0.662,0
4966,4537,4) very common (100+),0.856,0.144,1
4967,2537,4) very common (100+),0.583,0.417,1
4968,179,4) very common (100+),0.30100000000000005,0.699,0
4969,77,3) common (21-100),0.39,0.61,0
4970,4537,4) very common (100+),0.26,0.74,1
4971,828,4) very common (100+),0.274,0.726,0
4972,442,4) very common (100+),0.607,0.393,1
4973,1299,4) very common (100+),0.29400000000000004,0.706,0
4974,258,4) very common (100+),0.735,0.265,1
4975,1916,4) very common (100+),0.355,0.645,1
4976,4537,4) very common (100+),0.503,0.497,0
4977,413,4) very common (100+),0.603,0.397,0
4978,1277,4) very common (100+),0.21999999999999997,0.78,0
4979,164,4) very common (100+),0.765,0.235,0
4980,4537,4) very common (100+),0.622,0.378,1
4981,281,4) very common (100+),0.625,0.375,1
4982,78,3) common (21-100),0.18999999999999995,0.81,1
4983,900,4) very common (100+),0.256,0.744,0
4984,433,4) very common (100+),0.746,0.254,0
4985,46,3) common (21-100),0.29800000000000004,0.702,0
4986,4537,4) very common (100+),0.43100000000000005,0.569,1
4987,56,3) common (21-100),0.5489999999999999,0.451,1
4988,1916,4) very common (100+),0.052000000000000046,0.948,0
4989,94,3) common (21-100),0.7,0.3,0
4990,1299,4) very common (100+),0.405,0.595,1
4991,1299,4) very common (100+),0.8160000000000001,0.184,1
4992,48,3) common (21-100),0.7150000000000001,0.285,1
4993,258,4) very common (100+),0.5840000000000001,0.416,1
4994,4537,4) very common (100+),0.16800000000000004,0.832,0
4995,1916,4) very common (100+),0.16200000000000003,0.838,0
4996,1123,4) very common (100+),0.44199999999999995,0.558,0
4997,1277,4) very common (100+),0.118,0.882,0
4998,4537,4) very common (100+),0.382,0.618,1
4999,100,3) common (21-100),0.61,0.39,0
5000,1123,4) very common (100+),0.349,0.651,0
5001,164,4) very common (100+),0.363,0.637,0
5002,782,4) very common (100+),0.614,0.386,1
5003,955,4) very common (100+),0.63,0.37,1
5004,457,4) very common (100+),0.29200000000000004,0.708,0
5005,1123,4) very common (100+),0.42700000000000005,0.573,0
5006,385,4) very common (100+),0.876,0.124,0
