mol_idx,edit_type,site_idx,template_id,exact_match,template_match,error
0,b,20,468,0,1,0
1,b,15,527,0,0,1
2,b,52,512,0,1,0
3,b,22,541,0,0,1
4,b,3,494,0,1,0
5,b,18,512,0,1,0
6,b,34,505,0,1,0
7,b,13,468,1,1,0
8,b,12,512,0,1,0
9,b,17,529,1,1,0
10,b,3,529,0,1,0
11,b,23,475,0,1,0
12,b,22,534,0,0,1
13,b,16,466,0,1,0
14,b,1,529,0,1,0
15,b,14,516,0,0,1
16,b,8,541,0,0,1
17,a,39,113,0,0,1
18,b,17,529,0,0,1
19,b,7,534,0,0,1
20,b,16,476,0,1,0
21,b,70,541,0,0,1
22,b,21,441,0,0,1
23,b,11,541,0,1,0
24,b,15,532,0,1,0
25,b,13,541,0,1,0
26,b,11,532,0,1,0
27,b,10,434,0,0,1
28,b,7,541,0,0,1
29,b,18,512,0,1,0
30,b,9,536,0,0,1
31,b,11,541,0,1,0
32,a,12,122,0,1,0
33,a,0,122,1,1,0
34,b,44,541,0,0,1
35,b,0,511,0,0,1
36,a,11,122,0,1,0
37,b,0,537,1,1,0
38,b,29,547,0,0,1
39,b,14,512,0,1,0
40,b,23,530,0,1,0
41,b,16,466,0,1,0
42,b,19,547,0,1,0
43,b,11,547,0,0,1
44,b,31,543,0,0,1
45,b,25,495,0,0,1
46,a,11,120,0,0,1
47,b,22,547,0,0,1
48,b,27,533,0,1,0
49,b,10,545,0,1,0
50,b,18,547,0,0,1
51,b,9,517,0,0,1
52,b,4,547,0,1,1
53,b,19,521,0,1,0
54,b,8,545,0,1,0
55,b,31,544,1,1,1
56,b,23,547,0,1,1
57,b,0,537,1,1,0
58,b,24,547,0,0,1
59,b,14,537,0,0,1
60,b,21,544,1,0,1
61,b,8,547,0,1,0
62,b,18,540,0,1,0
63,a,18,117,0,0,1
64,b,15,541,0,0,1
65,b,17,546,0,0,1
66,b,45,547,0,0,1
67,a,12,123,0,0,1
68,b,11,533,0,0,1
69,b,27,547,0,1,1
70,b,22,538,0,1,0
71,b,7,546,0,0,1
72,b,72,541,0,0,1
73,b,10,533,0,0,1
74,b,13,546,1,1,0
75,b,0,529,1,0,1
76,b,64,547,0,1,0
77,b,37,539,0,1,0
78,a,13,122,0,1,0
79,b,61,547,0,0,1
80,b,19,545,0,1,0
81,b,28,544,0,0,1
82,b,14,542,0,1,0
83,b,7,520,1,1,0
84,b,5,514,1,1,0
85,b,51,544,0,0,1
86,b,10,543,0,0,1
87,b,33,387,0,0,0
88,a,0,122,1,1,0
89,b,14,512,0,0,1
90,b,59,547,1,1,0
91,b,22,529,0,0,1
92,b,10,523,0,1,0
93,a,17,113,0,0,1
94,a,3,115,0,1,0
95,b,64,529,0,0,1
96,b,39,539,0,1,0
97,b,32,544,0,1,0
98,b,21,531,1,1,0
99,b,25,547,1,0,1
100,b,14,547,0,1,0
101,b,12,538,0,1,0
102,b,28,538,0,1,0
103,b,24,492,0,0,1
104,b,10,538,0,1,0
105,b,52,547,0,0,1
106,b,20,469,0,0,1
107,b,14,541,0,1,0
108,b,42,505,0,0,1
109,b,24,542,0,1,0
110,b,44,536,1,1,0
111,b,9,538,1,1,0
112,b,21,520,0,1,0
113,b,3,547,0,0,1
114,b,25,547,0,0,1
115,b,16,542,0,0,1
116,b,8,547,0,1,0
117,b,21,533,0,1,0
118,b,16,544,0,1,0
119,b,22,547,0,1,0
120,b,3,547,0,1,0
121,b,40,519,0,0,1
122,b,3,508,0,0,1
123,b,22,540,0,1,0
124,b,1,508,0,1,0
125,b,30,544,0,1,0
126,b,13,526,1,1,0
127,b,38,546,0,1,0
128,b,4,544,0,0,1
129,b,13,539,1,0,1
130,b,5,543,1,1,0
131,a,17,122,0,1,0
132,a,1,117,0,0,1
133,b,23,476,1,1,0
134,b,5,362,0,0,1
135,a,0,122,1,1,0
136,b,8,499,0,1,0
137,b,34,545,0,0,1
138,a,9,122,0,1,0
139,b,16,539,0,1,0
140,b,18,480,0,1,0
141,b,18,530,0,0,1
142,b,5,462,0,0,1
143,b,13,543,1,1,0
144,b,2,511,0,0,1
145,b,40,535,0,1,0
146,a,18,124,0,0,1
147,b,33,546,0,1,0
148,b,16,538,0,1,0
149,b,13,526,1,1,0
150,b,32,493,0,0,1
151,b,28,527,0,1,0
152,a,19,116,0,0,1
153,b,36,547,0,1,0
154,a,6,122,0,1,0
155,b,23,547,1,1,0
156,b,7,379,0,0,1
157,b,15,511,0,0,1
158,b,13,534,0,0,1
159,b,7,545,0,1,0
160,b,14,545,0,1,0
161,b,20,543,0,1,0
162,b,16,543,0,0,1
163,b,4,529,1,1,0
164,b,9,545,0,0,1
165,b,16,546,0,1,0
166,b,41,532,0,1,0
167,b,7,545,0,0,1
168,a,12,122,0,1,0
169,b,11,545,0,1,0
170,b,10,541,0,0,1
171,b,12,525,0,1,0
172,b,46,547,0,1,0
173,b,22,535,0,1,0
174,b,3,484,0,0,1
175,b,6,545,0,1,0
176,a,60,121,0,0,1
177,b,14,498,0,0,1
178,b,46,536,1,1,0
179,b,18,531,0,0,1
180,a,25,123,0,0,1
181,b,5,542,0,0,1
182,b,2,544,0,1,0
183,b,1,544,1,1,1
184,b,31,537,1,1,0
185,b,16,533,0,1,0
186,b,60,540,0,1,0
187,a,15,119,0,0,1
188,b,28,547,0,1,1
189,b,16,493,0,0,1
190,a,2,121,0,0,1
191,b,6,538,0,0,1
192,b,13,547,0,0,1
193,b,17,540,0,1,0
194,b,8,528,0,0,1
195,b,1,544,1,1,0
196,b,24,547,0,1,0
197,b,15,545,0,1,0
198,b,26,547,0,1,0
199,b,20,547,0,0,1
200,b,12,544,0,1,0
201,a,10,122,0,1,0
202,b,20,544,0,1,0
203,b,51,544,0,0,1
204,b,15,542,1,1,0
205,b,26,520,0,1,0
206,a,17,122,0,1,0
207,b,33,478,1,0,0
208,b,31,547,0,1,0
209,b,5,514,1,0,1
210,b,40,508,0,1,0
211,a,4,117,0,0,1
212,a,25,124,0,1,0
213,a,10,124,0,1,0
214,a,11,124,0,1,0
215,b,2,410,0,0,1
216,b,7,543,1,1,0
217,b,21,547,0,0,1
218,a,13,121,0,0,1
219,a,23,124,0,0,1
220,b,22,499,0,1,0
221,b,28,547,0,1,0
222,a,9,124,0,0,1
223,b,80,525,0,1,0
224,b,42,545,0,0,1
225,b,12,509,0,0,1
226,b,14,542,0,0,1
227,b,18,533,0,0,1
228,a,7,123,0,0,1
229,a,21,124,0,0,1
230,a,11,124,0,1,0
231,b,32,542,0,0,1
232,b,36,547,0,1,0
233,a,8,124,0,0,1
234,b,9,499,0,1,0
235,a,18,122,0,1,0
236,a,21,124,0,1,0
237,a,2,121,0,0,1
238,b,11,531,0,1,0
239,b,10,485,0,0,1
240,b,48,538,0,0,1
241,b,73,547,0,0,1
242,b,9,534,0,1,1
243,b,5,543,1,1,0
244,a,10,121,0,1,0
245,a,27,121,0,1,0
246,a,0,102,1,1,0
247,a,8,121,0,1,0
248,b,18,547,0,0,1
249,b,7,319,0,0,1
250,b,17,533,0,1,0
251,b,30,546,0,1,0
252,b,8,453,0,0,1
253,a,14,121,0,1,0
254,b,39,529,0,0,1
255,b,3,547,0,0,1
256,b,13,524,1,1,0
257,b,18,546,0,0,1
258,b,44,534,0,1,0
259,b,19,544,1,1,0
260,b,17,528,0,1,0
261,b,15,537,0,0,1
262,b,10,533,0,1,0
263,a,9,124,0,0,1
264,a,5,122,0,1,0
265,b,12,545,0,1,0
266,b,21,543,0,1,0
267,b,8,527,0,1,0
268,b,26,541,0,0,1
269,b,41,544,0,0,1
270,b,41,547,0,0,1
271,b,11,541,0,1,0
272,b,44,547,0,1,1
273,a,12,115,0,1,0
274,b,2,543,0,1,0
275,b,25,547,0,0,1
276,b,39,540,0,1,0
277,b,36,537,1,1,0
278,b,19,544,1,1,0
279,a,21,123,0,0,1
280,a,21,123,0,0,1
281,a,13,123,0,0,1
282,b,14,547,0,0,1
283,b,43,547,0,1,0
284,a,13,122,0,1,0
285,a,7,123,0,0,1
286,a,33,124,0,1,0
287,b,1,529,0,0,1
288,a,0,123,1,0,1
289,a,9,122,0,0,1
290,b,31,545,0,0,1
291,b,24,478,0,0,1
292,b,12,543,0,1,0
293,b,24,547,0,0,1
294,b,25,547,0,0,1
295,b,24,536,1,1,0
296,b,17,518,0,1,0
297,b,5,514,1,0,1
298,b,1,525,0,0,1
299,b,0,511,1,1,0
300,b,19,516,0,0,1
301,b,6,501,0,0,1
302,b,12,546,0,0,1
303,a,0,122,1,1,0
304,b,21,544,0,1,0
305,a,22,113,0,0,1
306,b,36,536,1,1,0
307,b,8,538,0,0,1
308,b,10,529,0,0,1
309,b,20,547,0,1,0
310,b,37,529,0,0,1
311,a,8,115,0,0,1
312,b,11,528,0,1,0
313,b,11,541,0,1,0
314,b,39,547,0,0,1
315,a,2,124,0,1,0
316,b,23,536,0,0,1
317,a,11,122,0,1,0
318,b,9,543,1,1,0
319,b,9,546,0,0,1
320,b,15,547,0,1,0
321,b,10,501,0,0,1
322,b,14,546,0,0,1
323,b,12,478,0,1,0
324,b,4,546,0,0,1
325,b,8,543,0,1,0
326,b,2,505,0,1,0
327,b,11,543,0,0,1
328,a,7,122,0,1,0
329,b,59,535,0,1,0
330,a,0,122,1,1,0
331,b,17,546,0,1,0
332,a,8,122,0,1,0
333,b,19,544,0,1,0
334,b,7,538,1,1,0
335,b,19,542,1,1,0
336,a,23,119,0,1,0
337,a,12,122,0,1,1
338,b,39,547,0,0,1
339,b,38,547,0,0,1
340,a,1,123,0,1,0
341,a,6,124,0,0,1
342,a,41,124,0,1,0
343,b,7,546,0,0,1
344,b,5,477,0,0,1
345,b,34,544,0,0,1
346,b,35,463,0,0,1
347,b,32,541,0,0,1
348,b,7,546,0,0,1
349,a,9,111,0,0,1
350,b,28,547,0,1,0
351,a,16,119,0,1,0
352,b,23,545,0,0,1
353,b,22,537,1,1,0
354,b,7,533,0,1,0
355,b,7,460,1,1,0
356,b,5,448,0,1,0
357,b,18,542,0,1,0
358,b,52,527,0,1,0
359,b,12,543,0,1,0
360,b,10,530,1,1,0
361,a,0,122,1,1,0
362,b,1,539,1,1,0
363,b,19,540,1,1,0
364,a,36,124,0,1,0
365,b,7,543,1,0,1
366,b,15,529,0,0,1
367,a,12,123,0,1,0
368,b,15,465,0,0,1
369,b,12,545,0,1,0
370,b,22,537,1,1,0
371,a,14,119,0,1,0
372,b,33,547,0,1,0
373,a,23,121,0,1,1
374,b,38,474,0,1,0
375,a,12,119,0,0,1
376,b,17,547,0,1,0
377,a,13,122,0,0,1
378,a,9,120,0,0,1
379,b,22,539,0,0,1
380,a,26,124,0,1,0
381,b,15,546,1,1,0
382,a,8,124,0,1,0
383,a,19,124,0,1,0
384,b,26,524,0,1,0
385,b,15,547,1,0,1
386,b,3,546,0,0,1
387,b,7,546,1,1,0
388,b,21,547,0,1,0
389,a,15,122,0,1,0
390,b,5,543,1,1,0
391,b,8,546,0,1,0
392,b,15,544,1,1,0
393,b,26,540,1,1,1
394,a,18,124,0,0,1
395,b,10,533,0,1,0
396,a,27,117,0,1,0
397,b,29,547,0,0,1
398,b,20,542,0,0,1
399,b,40,537,0,0,1
400,b,2,511,0,1,0
401,b,9,542,1,1,0
402,b,9,547,0,0,1
403,b,3,547,0,1,0
404,b,9,546,1,1,0
405,b,10,547,0,1,0
406,b,25,547,1,1,0
407,b,27,535,0,0,1
408,a,6,123,0,1,0
409,a,4,124,0,1,0
410,b,3,494,0,1,0
411,b,22,541,0,0,1
412,b,33,444,0,1,0
413,b,3,547,0,0,1
414,b,20,541,0,0,1
415,b,23,521,0,1,1
416,a,21,121,0,1,0
417,b,32,546,0,0,1
418,b,23,517,0,1,0
419,b,36,537,1,1,0
420,b,17,533,0,1,0
421,b,11,534,0,1,0
422,b,14,528,0,0,1
423,b,2,547,0,0,1
424,b,16,494,0,0,1
425,b,36,540,0,1,0
426,b,21,521,0,1,0
427,b,9,524,0,0,1
428,b,20,544,0,0,1
429,a,2,121,0,1,0
430,b,20,544,0,0,1
431,b,18,545,0,1,0
432,a,14,124,0,1,0
433,a,43,121,0,1,0
434,b,11,532,0,0,1
435,b,8,530,1,1,0
436,b,27,532,0,0,1
437,b,12,541,0,0,1
438,b,12,547,0,0,1
439,a,3,120,0,0,1
440,b,5,514,1,1,0
441,b,39,533,0,1,0
442,a,2,123,0,0,1
443,b,8,478,0,1,0
444,a,16,123,0,0,1
445,b,5,519,1,1,0
446,a,17,124,0,0,1
447,b,28,546,0,1,1
448,b,18,545,0,1,0
449,b,19,547,0,0,1
450,b,55,533,0,0,1
451,a,15,124,0,1,0
452,b,27,523,0,0,1
453,b,19,545,0,0,1
454,b,13,535,0,1,1
455,a,16,123,0,1,0
456,b,13,526,1,1,0
457,a,1,114,0,0,1
458,b,47,547,0,1,0
459,b,12,542,0,1,0
460,b,10,535,0,0,1
461,b,33,420,0,0,1
462,b,27,533,0,0,1
463,b,10,523,0,0,1
464,b,22,546,0,1,0
465,b,2,528,0,0,1
466,b,16,536,1,1,0
467,a,28,123,0,1,0
468,b,3,537,1,1,0
469,a,15,124,0,0,1
470,b,17,488,0,1,0
471,a,7,124,0,0,1
472,b,22,547,0,1,0
473,b,15,448,0,1,0
474,b,17,434,0,0,1
475,b,24,546,0,1,0
476,b,3,547,0,0,1
477,b,13,544,0,1,0
478,b,24,547,0,0,1
479,b,15,517,0,1,0
480,b,31,547,0,0,1
481,b,13,540,1,1,0
482,a,20,124,0,1,0
483,b,1,513,1,1,0
484,b,0,529,0,1,0
485,b,17,546,0,1,1
486,b,16,547,0,1,0
487,b,3,547,0,1,0
488,a,4,123,0,1,0
489,b,9,465,0,0,1
490,a,27,123,0,1,0
491,b,7,542,1,0,1
492,b,12,464,0,0,1
493,b,15,533,0,1,0
494,a,39,124,0,0,1
495,b,3,530,0,1,0
496,b,28,530,1,1,1
497,b,34,537,0,1,0
498,a,13,124,0,0,1
499,b,25,547,0,1,0
500,a,19,116,0,0,1
501,b,26,537,0,0,1
502,b,42,547,0,1,1
503,a,2,124,0,0,1
504,a,35,121,0,1,0
505,b,29,545,0,0,1
506,b,4,536,1,1,0
507,b,16,546,0,1,0
508,b,18,536,0,0,1
509,b,17,544,0,0,1
510,b,2,543,0,0,1
511,b,23,543,1,1,0
512,b,8,528,0,0,1
513,b,61,547,1,0,1
514,a,24,119,0,1,0
515,b,16,484,0,0,0
516,b,15,535,0,1,0
517,b,13,526,0,0,1
518,b,17,547,1,1,0
519,b,33,544,0,1,0
520,b,15,541,0,1,0
521,b,35,472,0,0,1
522,b,41,533,0,1,0
523,a,12,121,0,1,0
524,b,34,534,0,0,1
525,b,34,538,0,0,1
526,b,27,547,0,0,1
527,a,26,124,0,0,1
528,b,16,533,0,1,0
529,b,24,546,0,1,0
530,b,7,545,0,1,0
531,a,9,123,0,0,1
532,b,5,543,1,1,0
533,b,26,469,0,1,0
534,a,7,124,0,0,1
535,b,30,539,0,1,0
536,a,4,124,0,1,0
537,b,49,547,0,0,1
538,b,35,544,0,0,1
539,b,13,543,0,0,1
540,b,39,539,1,1,0
541,a,21,123,0,0,1
542,b,41,546,0,0,1
543,b,14,508,1,0,1
544,a,18,122,0,1,0
545,a,6,115,0,1,0
546,b,9,536,0,0,1
547,b,30,518,0,0,1
548,b,22,547,0,1,1
549,b,3,546,0,1,0
550,b,25,540,0,1,0
551,b,22,544,0,0,1
552,b,18,427,0,1,0
553,b,5,513,1,1,0
554,b,14,538,0,1,0
555,b,28,532,0,1,0
556,b,16,517,0,0,1
557,b,38,539,0,1,0
558,b,0,537,0,0,1
559,b,46,542,0,1,0
560,b,3,547,0,1,0
561,b,43,547,1,1,0
562,a,13,124,0,1,0
563,b,20,515,1,1,0
564,b,39,547,0,0,1
565,b,13,547,0,1,0
566,b,47,465,0,0,1
567,b,0,511,0,0,1
568,b,18,545,0,1,0
569,b,14,532,0,0,1
570,b,26,547,0,0,1
571,b,17,547,0,1,0
572,a,16,123,0,1,0
573,b,28,544,0,0,1
574,b,22,501,0,1,0
575,b,38,547,0,0,1
576,b,18,547,0,1,0
577,b,24,536,1,1,0
578,b,33,491,0,0,0
579,a,13,123,0,0,1
580,b,14,541,0,1,0
581,b,5,530,0,0,1
582,a,11,123,0,1,0
583,a,7,122,0,1,0
584,b,10,521,0,1,0
585,b,13,547,0,0,1
586,b,17,547,0,1,0
587,b,8,530,0,1,1
588,b,35,547,0,1,0
589,b,6,547,0,1,0
590,b,17,533,0,0,1
591,b,3,547,0,0,1
592,b,7,547,0,1,0
593,b,22,542,0,1,0
594,b,31,545,0,1,0
595,b,5,544,0,0,1
596,b,33,532,0,1,0
597,a,2,124,0,0,1
598,b,2,522,0,0,1
599,b,10,537,1,1,0
600,b,20,530,1,1,1
601,b,37,547,0,1,0
602,b,31,547,0,0,1
603,b,28,546,0,0,1
604,b,7,546,1,0,1
605,b,17,547,0,0,1
606,b,16,540,0,0,1
607,b,34,542,0,1,0
608,a,8,122,0,1,0
609,b,1,515,1,1,0
610,b,19,543,0,1,0
611,b,5,546,0,0,1
612,b,8,541,0,1,0
613,b,9,498,0,1,0
614,a,10,107,0,0,1
615,b,29,545,0,1,0
616,b,23,547,0,0,1
617,a,0,122,1,1,0
618,b,27,545,0,1,0
619,b,30,467,0,0,1
620,b,13,546,0,0,1
621,b,31,547,1,1,0
622,a,0,123,0,0,1
623,b,21,540,0,1,0
624,a,13,123,0,0,1
625,b,35,413,0,1,1
626,b,11,547,0,1,0
627,b,15,547,0,1,0
628,b,3,547,0,1,0
629,b,20,543,0,1,0
630,a,22,121,0,1,0
631,b,45,447,0,1,0
632,b,19,544,1,1,0
633,b,52,420,1,0,1
634,b,15,478,0,1,0
635,b,15,528,0,0,1
636,b,18,543,0,1,0
637,b,12,512,0,1,0
638,b,17,547,0,1,0
639,a,8,120,0,0,1
640,b,39,535,0,1,0
641,a,14,124,0,0,1
642,b,20,542,0,1,0
643,b,16,520,0,1,0
644,b,20,547,0,0,1
645,b,28,546,0,1,0
646,b,66,546,0,0,1
647,b,26,534,0,1,0
648,b,18,541,0,1,0
649,b,32,541,0,0,1
650,b,14,547,0,1,1
651,a,29,123,0,0,1
652,b,33,527,1,1,1
653,a,25,123,0,1,0
654,b,25,547,0,1,0
655,a,2,121,0,0,1
656,b,15,356,0,1,0
657,a,27,123,0,1,0
658,a,19,119,0,0,1
659,b,49,547,0,1,0
660,b,7,509,0,0,1
661,b,15,534,1,0,1
662,b,15,508,0,1,0
663,b,11,546,1,1,0
664,b,9,546,1,1,0
665,a,2,121,0,0,1
666,b,30,539,0,0,1
667,a,15,119,0,1,0
668,b,60,537,0,0,1
669,a,0,122,0,0,1
670,b,8,518,0,0,1
671,a,7,119,0,1,0
672,a,10,121,0,1,0
673,b,6,505,0,0,1
674,b,16,529,1,1,0
675,b,36,527,0,1,0
676,b,14,547,0,1,0
677,a,24,122,0,1,0
678,b,34,530,0,0,1
679,b,7,545,0,1,0
680,b,3,525,0,0,1
681,a,7,124,0,1,0
682,b,28,539,0,1,0
683,a,10,121,0,1,0
684,b,7,538,1,1,0
685,b,33,544,0,0,1
686,b,21,439,0,1,1
687,a,10,124,0,0,1
688,b,48,546,0,0,1
689,b,18,517,0,1,0
690,b,15,547,0,1,0
691,b,44,534,0,1,0
692,b,48,540,0,0,1
693,a,0,122,1,0,1
694,b,0,511,0,0,1
695,a,23,121,0,0,1
696,b,13,526,1,1,0
697,a,19,124,0,0,1
698,b,10,544,1,0,1
699,b,24,547,0,0,1
700,b,14,547,0,0,1
701,b,13,537,0,0,1
702,b,36,524,0,0,1
703,b,9,528,0,1,0
704,a,7,123,0,0,1
705,b,21,547,0,1,0
706,a,0,122,1,1,0
707,b,4,544,0,0,1
708,b,8,544,1,0,1
709,b,14,540,0,0,1
710,b,46,532,0,0,1
711,a,20,123,0,0,1
712,b,12,541,0,0,1
713,b,53,547,0,1,0
714,b,52,545,0,1,0
715,b,13,499,0,0,1
716,b,64,544,0,1,0
717,b,15,542,0,0,1
718,b,29,547,0,1,1
719,b,8,543,0,0,1
720,b,44,542,0,0,1
721,b,22,546,0,0,1
722,b,7,545,0,0,1
723,b,7,547,0,1,0
724,b,33,544,0,1,1
725,a,9,123,0,1,0
726,b,17,546,1,1,0
727,b,12,526,0,1,0
728,b,44,509,0,0,1
729,a,2,124,0,0,1
730,b,1,525,0,0,1
731,a,12,105,0,1,0
732,b,19,547,1,1,0
733,b,12,547,0,0,1
734,b,0,522,0,0,1
735,b,19,528,0,0,1
736,b,12,544,0,1,0
737,b,8,531,0,1,0
738,a,5,121,0,1,0
739,b,22,543,0,1,0
740,b,39,524,0,0,1
741,a,8,123,0,1,0
742,b,14,529,1,1,0
743,b,23,544,1,1,0
744,a,26,122,0,0,1
745,b,5,508,0,1,0
746,b,31,545,0,0,1
747,b,10,367,0,0,1
748,b,53,545,0,1,0
749,b,45,545,0,0,1
750,b,2,531,0,1,0
751,b,7,542,1,1,0
752,b,16,547,0,1,0
753,a,8,121,0,1,0
754,b,6,517,0,1,0
755,b,11,539,0,0,1
756,a,20,123,0,1,1
757,a,0,122,1,1,0
758,a,1,115,0,0,1
759,b,8,545,0,1,0
760,b,15,543,1,1,0
761,b,14,540,0,0,1
762,b,34,540,0,1,0
763,a,12,122,0,1,0
764,b,5,534,1,1,0
765,b,21,546,1,1,0
766,a,33,124,0,1,0
767,a,0,122,1,1,0
768,b,24,534,0,1,0
769,b,17,533,0,0,1
770,b,30,546,0,1,0
771,a,8,119,0,1,0
772,b,14,545,0,0,1
773,a,14,115,0,1,0
774,a,7,115,0,0,1
775,b,18,453,0,0,1
776,a,5,122,0,0,1
777,b,13,531,0,1,0
778,a,1,115,0,1,0
779,b,8,546,0,1,0
780,b,9,403,0,1,0
781,a,15,122,0,0,1
782,b,14,545,0,0,1
783,b,8,545,0,1,0
784,b,35,547,0,1,0
785,a,26,105,0,0,1
786,b,31,522,0,0,1
787,a,18,122,0,1,0
788,b,1,508,0,0,1
789,b,8,544,0,1,0
790,b,11,497,1,1,0
791,b,10,519,0,1,0
792,b,4,544,0,1,0
793,b,9,541,0,1,0
794,b,0,515,0,0,1
795,b,1,508,1,0,1
796,b,11,497,1,1,0
797,b,28,536,1,1,0
798,b,21,547,0,1,0
799,b,16,516,0,0,1
800,a,2,121,0,0,1
801,b,52,526,0,0,1
802,b,40,540,0,1,0
803,a,6,121,0,1,0
804,b,17,490,0,1,0
805,b,14,475,0,0,1
806,a,19,107,0,0,1
807,b,18,519,0,0,1
808,a,11,123,0,1,0
809,a,20,121,0,1,0
810,b,11,533,0,1,0
811,b,20,537,0,0,1
812,a,10,122,0,1,0
813,b,6,546,0,1,0
814,b,13,545,0,1,0
815,a,20,121,0,0,1
816,b,32,528,0,0,1
817,b,26,547,0,0,1
818,b,56,537,0,0,1
819,b,42,546,0,1,0
820,b,40,520,0,1,0
821,b,20,541,0,0,1
822,b,12,517,0,0,1
823,b,22,537,1,1,0
824,a,17,121,0,1,0
825,b,49,547,0,1,0
826,b,18,536,1,1,0
827,a,26,123,0,1,0
828,b,28,499,0,1,0
829,b,15,547,1,1,0
830,b,2,547,0,0,1
831,b,38,293,1,1,0
832,b,17,528,0,0,1
833,a,2,124,0,0,1
834,b,7,546,1,1,0
835,b,15,542,1,1,0
836,a,14,123,0,1,0
837,a,17,124,0,0,1
838,b,11,543,0,1,0
839,b,15,486,0,0,1
840,a,18,123,0,1,1
841,b,18,547,0,1,0
842,a,8,117,0,0,1
843,b,1,544,1,1,0
844,a,13,124,0,0,1
845,b,56,547,0,0,1
846,b,6,544,0,0,1
847,b,8,527,0,1,1
848,a,5,123,0,1,0
849,b,11,532,0,1,0
850,b,33,545,0,1,0
851,b,14,542,0,1,0
852,b,24,546,0,1,0
853,a,3,123,0,1,0
854,b,18,524,0,0,1
855,b,18,546,0,0,1
856,a,14,122,0,1,0
857,b,21,533,0,1,0
858,a,2,124,0,1,0
859,a,1,117,0,0,1
860,b,12,502,0,1,0
861,a,23,124,0,0,1
862,b,22,540,0,1,0
863,b,16,547,0,1,0
864,b,17,547,0,1,0
865,a,9,114,0,0,1
866,b,14,545,0,0,1
867,b,31,537,1,1,0
868,b,11,546,1,1,0
869,b,22,529,1,1,0
870,b,1,537,1,1,0
871,b,22,547,0,1,0
872,b,37,533,0,1,0
873,b,29,547,0,0,1
874,b,60,505,0,0,1
875,b,18,545,0,1,0
876,b,16,546,0,1,0
877,b,6,535,0,1,0
878,b,17,547,0,1,0
879,b,33,547,0,1,0
880,b,5,538,1,1,0
881,b,6,544,0,0,1
882,b,11,541,0,0,1
883,b,3,484,0,0,1
884,b,8,456,0,0,1
885,b,15,489,0,0,1
886,b,39,547,0,1,0
887,b,19,545,0,1,1
888,a,6,123,0,0,1
889,a,0,110,0,0,1
890,b,23,395,0,0,1
891,a,7,117,0,0,1
892,b,38,546,0,1,0
893,b,36,544,0,1,0
894,b,21,547,0,1,0
895,b,15,546,0,1,0
896,b,19,547,0,0,1
897,b,5,542,1,1,0
898,b,16,546,0,1,0
899,a,2,124,0,0,1
900,b,26,536,1,1,0
901,b,13,468,1,1,0
902,a,6,124,0,1,0
903,b,14,526,0,1,0
904,b,20,546,0,1,1
905,b,7,546,1,1,0
906,a,26,124,0,0,1
907,b,3,531,0,1,0
908,b,11,544,0,1,0
909,a,26,121,0,1,0
910,b,1,515,1,1,0
911,b,25,544,0,1,0
912,a,2,124,0,1,0
913,a,9,123,0,0,1
914,b,15,544,0,1,1
915,b,10,547,0,1,0
916,a,7,108,0,0,1
917,b,9,453,0,1,0
918,b,21,522,0,1,0
919,b,9,538,1,1,0
920,a,4,97,0,1,0
921,a,22,124,0,1,0
922,b,11,544,0,0,1
923,b,0,537,0,0,1
924,b,14,453,0,0,1
925,b,3,547,0,1,0
926,a,9,124,0,0,1
927,b,19,536,0,0,1
928,b,25,544,0,1,0
929,b,3,547,0,1,0
930,b,1,515,0,0,1
931,b,2,544,0,0,1
932,b,30,532,0,1,0
933,b,22,542,0,1,0
934,b,38,519,0,1,0
935,b,11,547,0,0,1
936,b,17,545,0,1,0
937,b,20,519,0,0,1
938,b,22,547,0,0,1
939,b,16,543,0,1,0
940,b,18,542,0,0,1
941,b,20,535,0,1,0
942,a,10,122,0,1,0
943,b,17,534,0,1,0
944,a,0,122,0,0,1
945,a,33,123,0,1,0
946,b,17,537,0,0,1
947,a,15,121,0,0,1
948,b,20,529,0,0,1
949,b,19,547,1,0,1
950,b,13,480,0,1,0
951,b,12,540,0,1,0
952,a,12,123,0,0,1
953,a,14,122,0,0,1
954,b,17,542,1,1,0
955,a,10,123,0,1,0
956,b,12,547,0,0,1
957,a,19,124,0,0,1
958,a,10,121,0,1,0
959,b,18,536,1,1,0
960,b,31,540,0,0,1
961,b,29,547,1,1,0
962,b,38,539,0,1,0
963,b,52,547,0,1,0
964,a,2,121,0,1,0
965,b,10,489,0,0,1
966,b,4,547,0,1,1
967,b,15,528,0,0,1
968,b,24,469,0,0,1
969,b,8,545,0,1,0
970,a,0,123,1,0,1
971,b,23,547,0,0,1
972,a,0,124,1,1,0
973,a,3,123,0,0,1
974,b,22,533,0,1,0
975,a,28,123,0,1,0
976,b,35,544,0,0,1
977,b,32,536,1,1,0
978,b,17,547,0,0,1
979,b,55,507,0,0,1
980,a,23,124,0,1,0
981,a,4,124,0,1,0
982,a,40,121,0,1,0
983,b,31,528,0,1,1
984,b,23,533,0,1,0
985,b,3,546,0,1,0
986,b,23,544,0,1,1
987,b,15,518,0,1,0
988,b,64,513,0,1,0
989,b,20,542,0,1,0
990,b,6,547,0,1,0
991,b,42,547,0,0,1
992,b,6,546,0,0,1
993,b,48,546,0,1,0
994,b,9,516,0,1,0
995,a,13,124,0,1,0
996,b,12,543,0,0,1
997,b,22,543,0,1,0
998,b,7,543,1,1,0
999,a,11,123,0,1,0
1000,b,28,546,0,1,0
1001,a,10,124,0,0,1
1002,b,5,514,1,1,0
1003,a,33,124,0,1,0
1004,b,22,539,0,1,0
1005,b,8,419,0,0,1
1006,b,16,542,0,1,0
1007,a,10,123,0,1,0
1008,b,8,496,0,1,0
1009,b,10,520,0,0,1
1010,b,32,534,0,1,0
1011,b,21,547,0,1,0
1012,a,33,124,0,1,0
1013,b,0,537,1,1,0
1014,b,41,535,0,0,1
1015,b,5,506,1,1,0
1016,b,2,545,0,1,0
1017,a,16,117,0,0,1
1018,b,17,536,1,1,0
1019,b,18,519,0,0,1
1020,b,81,544,0,0,1
1021,b,7,532,0,0,1
1022,b,14,534,0,1,0
1023,b,18,532,0,1,0
1024,b,7,540,0,0,1
1025,a,0,122,0,0,1
1026,a,15,123,0,1,0
1027,a,6,124,0,1,0
1028,b,3,539,0,0,1
1029,a,8,117,0,0,1
1030,b,49,547,1,1,0
1031,b,9,546,1,0,1
1032,a,25,122,0,1,0
1033,b,28,547,0,1,0
1034,a,2,124,0,0,1
1035,a,4,123,0,0,1
1036,a,12,122,0,1,0
1037,a,2,124,0,0,1
1038,b,14,520,0,1,0
1039,b,44,544,0,1,0
1040,b,16,545,0,1,0
1041,b,36,541,0,0,1
1042,b,2,545,0,0,1
1043,b,11,497,0,0,1
1044,b,28,527,0,1,0
1045,b,18,480,0,1,0
1046,a,2,121,0,1,0
1047,a,13,121,0,1,0
1048,b,1,525,1,1,0
1049,b,19,546,1,1,0
1050,b,23,545,0,1,0
1051,b,1,485,0,0,1
1052,b,18,529,0,0,1
1053,b,14,518,0,1,0
1054,b,1,508,0,0,1
1055,b,8,545,0,0,1
1056,b,10,541,0,0,1
1057,a,15,123,0,0,1
1058,a,2,124,0,0,1
1059,b,35,547,0,0,1
1060,a,0,122,1,0,1
1061,b,17,528,0,1,0
1062,b,33,531,1,1,0
1063,b,20,540,0,1,0
1064,b,2,545,0,1,0
1065,b,14,538,0,1,0
1066,b,5,542,0,1,1
1067,b,2,511,0,1,0
1068,a,32,122,0,0,1
1069,b,19,547,1,1,0
1070,b,13,534,0,0,1
1071,b,30,485,0,0,1
1072,b,36,539,0,0,1
1073,a,3,120,0,0,1
1074,b,16,538,0,0,1
1075,b,12,542,0,1,0
1076,b,8,431,0,0,1
1077,a,1,115,0,1,0
1078,b,24,546,0,1,0
1079,b,4,533,0,1,0
1080,b,20,542,0,0,1
1081,b,6,545,0,1,0
1082,b,15,509,0,1,0
1083,b,10,521,0,1,0
1084,b,34,546,0,0,1
1085,b,10,517,0,1,0
1086,b,20,543,0,1,0
1087,a,3,120,0,0,1
1088,a,20,122,0,1,0
1089,b,24,546,0,1,0
1090,b,34,536,0,0,1
1091,b,23,479,0,0,1
1092,a,18,124,0,0,1
1093,b,15,504,1,0,1
1094,b,9,520,1,1,1
1095,a,4,122,0,1,0
1096,b,32,498,0,0,1
1097,b,100,482,0,1,0
1098,b,6,522,0,1,0
1099,b,30,539,0,0,1
1100,b,24,532,0,0,1
1101,b,30,541,0,0,1
1102,a,15,107,0,0,1
1103,b,30,545,0,1,0
1104,b,12,543,0,1,0
1105,b,17,546,1,1,0
1106,b,27,495,0,0,1
1107,b,15,544,0,0,1
1108,b,29,543,0,0,1
1109,b,6,505,0,0,1
1110,a,7,114,0,0,1
1111,b,30,536,0,1,1
1112,a,22,123,0,1,0
1113,b,21,471,0,0,1
1114,b,17,529,0,0,1
1115,b,19,534,1,1,0
1116,b,10,543,0,1,0
1117,b,11,546,1,0,1
1118,b,7,527,1,1,1
1119,b,12,546,0,1,0
1120,b,5,544,0,0,1
1121,b,6,535,0,1,0
1122,b,22,538,0,0,1
1123,b,14,387,0,1,0
1124,b,19,517,0,1,0
1125,b,20,547,0,0,1
1126,b,20,547,0,1,0
1127,b,68,547,0,1,0
1128,a,19,122,0,1,0
1129,b,5,538,0,0,1
1130,b,48,529,1,1,0
1131,a,18,124,0,1,0
1132,b,9,542,1,1,0
1133,b,18,542,0,1,0
1134,b,20,515,1,1,0
1135,b,11,520,0,1,0
1136,a,27,123,0,0,1
1137,b,57,547,0,1,0
1138,a,10,117,0,0,1
1139,b,44,285,1,0,1
1140,b,2,545,0,1,0
1141,b,24,535,0,1,0
1142,b,23,501,0,0,1
1143,b,11,530,1,1,1
1144,b,20,541,0,1,0
1145,a,2,120,0,1,0
1146,b,15,537,0,0,1
1147,b,15,544,0,0,1
1148,a,19,115,0,0,1
1149,b,5,543,1,0,1
1150,b,20,542,0,1,0
1151,b,7,545,0,1,0
1152,a,26,124,0,1,0
1153,b,21,544,0,1,0
1154,b,15,480,0,1,0
1155,b,40,540,0,1,0
1156,b,42,546,0,0,1
1157,a,3,111,0,1,0
1158,b,15,546,0,0,1
1159,b,26,537,0,0,1
1160,b,0,547,0,1,0
1161,b,14,543,0,1,0
1162,b,4,542,0,0,1
1163,a,2,123,0,0,1
1164,b,10,537,0,0,1
1165,b,7,546,1,1,0
1166,b,5,544,0,0,1
1167,b,20,543,0,0,1
1168,b,16,541,0,1,0
1169,b,15,486,0,0,1
1170,b,33,547,0,1,0
1171,a,5,123,0,1,0
1172,b,38,542,0,0,1
1173,a,5,124,0,1,0
1174,b,1,529,0,0,1
1175,b,52,505,0,1,0
1176,b,17,540,0,1,0
1177,b,1,505,1,1,0
1178,b,6,528,0,1,0
1179,b,33,545,0,1,0
1180,b,6,542,0,1,0
1181,b,13,544,0,1,0
1182,b,89,190,0,1,0
1183,a,8,122,0,1,0
1184,b,19,544,0,0,1
1185,b,8,534,0,1,0
1186,a,27,122,0,1,0
1187,b,28,538,0,1,0
1188,b,24,547,0,1,0
1189,a,17,123,0,0,1
1190,b,24,545,0,0,1
1191,b,13,526,1,1,0
1192,b,15,546,0,0,1
1193,b,32,442,0,1,0
1194,b,19,547,0,1,0
1195,a,1,115,0,0,1
1196,b,5,514,0,0,1
1197,a,8,124,0,1,0
1198,b,17,517,0,0,1
1199,a,13,124,0,1,0
1200,b,50,528,0,1,0
1201,b,24,542,0,1,0
1202,a,11,123,0,1,0
1203,b,0,547,0,0,1
1204,a,19,117,0,1,0
1205,b,9,540,1,1,0
1206,a,2,121,0,1,0
1207,b,3,519,0,0,1
1208,b,1,529,1,0,1
1209,a,0,122,1,1,0
1210,b,6,530,0,0,1
1211,b,13,538,1,1,0
1212,b,26,544,0,0,1
1213,b,18,540,0,1,0
1214,b,19,524,0,0,1
1215,b,33,535,0,1,0
1216,b,15,543,1,1,0
1217,a,20,124,0,0,1
1218,a,0,122,1,1,0
1219,b,39,547,1,1,0
1220,b,19,545,0,1,0
1221,a,23,123,0,1,0
1222,b,7,534,1,1,0
1223,b,30,544,0,0,1
1224,b,8,547,0,1,0
1225,a,9,123,0,1,0
1226,a,6,124,0,1,0
1227,b,3,494,0,0,1
1228,b,30,534,0,1,0
1229,b,5,524,1,0,1
1230,b,29,545,0,1,0
1231,b,37,547,0,0,1
1232,b,9,536,0,0,1
1233,b,24,546,0,0,1
1234,a,0,124,1,1,0
1235,b,5,514,1,0,1
1236,b,18,547,0,1,0
1237,b,40,539,0,0,1
1238,b,24,536,0,1,1
1239,b,9,536,0,0,1
1240,b,23,543,1,0,1
1241,b,9,536,0,0,1
1242,a,3,116,0,0,1
1243,a,2,124,0,0,1
1244,a,0,122,1,1,0
1245,b,7,545,0,1,0
1246,b,20,518,0,0,1
1247,b,7,516,0,1,0
1248,a,13,122,0,1,0
1249,b,13,543,0,0,1
1250,b,12,533,0,1,0
1251,b,17,518,0,1,0
1252,b,15,545,0,0,1
1253,a,19,122,0,0,1
1254,b,19,523,0,0,1
1255,a,17,123,0,1,0
1256,b,21,546,0,1,0
1257,b,26,542,0,0,1
1258,b,14,542,0,0,1
1259,a,12,124,0,1,0
1260,b,9,403,0,1,0
1261,a,14,123,0,0,1
1262,b,13,547,0,0,1
1263,a,25,123,0,1,0
1264,b,8,414,0,1,0
1265,b,47,547,0,0,1
1266,b,18,502,0,0,1
1267,b,46,542,0,0,1
1268,b,18,396,0,1,0
1269,b,23,532,0,1,1
1270,b,11,547,0,0,1
1271,b,26,529,0,0,1
1272,b,13,523,0,0,1
1273,b,17,528,0,0,1
1274,b,39,547,0,1,1
1275,b,16,545,0,0,1
1276,a,16,124,0,1,0
1277,a,11,123,0,1,0
1278,b,23,547,1,1,0
1279,b,25,547,1,1,0
1280,b,13,526,1,1,0
1281,b,27,504,0,0,1
1282,a,12,124,0,0,1
1283,b,29,547,0,0,1
1284,b,1,530,0,0,1
1285,b,29,529,1,1,0
1286,b,3,525,0,0,1
1287,b,39,547,0,0,1
1288,b,33,547,0,1,0
1289,b,21,540,0,1,0
1290,b,10,501,0,0,1
1291,b,50,539,0,0,1
1292,b,10,547,0,1,0
1293,b,8,515,1,1,0
1294,b,18,525,0,0,1
1295,b,13,526,0,0,1
1296,b,27,545,0,1,0
1297,b,1,539,0,0,1
1298,b,29,547,0,0,1
1299,b,21,546,0,1,0
1300,b,37,463,0,0,1
1301,b,36,541,0,1,0
1302,b,13,544,0,0,1
1303,b,26,542,0,0,1
1304,b,22,532,0,1,0
1305,b,12,504,0,0,1
1306,b,21,544,0,0,1
1307,a,13,122,0,0,1
1308,b,19,541,0,1,0
1309,b,14,545,0,1,0
1310,b,54,509,0,0,1
1311,b,0,515,0,0,1
1312,b,18,527,0,1,0
1313,b,9,419,0,0,1
1314,b,17,529,1,1,0
1315,a,0,123,1,1,0
1316,b,19,546,1,1,0
1317,b,45,537,0,0,1
1318,b,3,547,0,1,0
1319,a,0,122,1,1,0
1320,b,15,547,0,1,0
1321,b,66,547,0,1,1
1322,b,10,546,0,0,1
1323,b,35,533,0,1,0
1324,b,36,547,0,1,1
1325,b,34,535,0,0,1
1326,b,13,535,0,0,1
1327,b,1,515,1,1,0
1328,b,3,547,0,1,0
1329,b,34,536,1,1,0
1330,a,15,122,0,1,0
1331,a,27,124,0,0,1
1332,a,15,124,0,0,1
1333,b,21,536,1,1,0
1334,b,13,545,0,1,0
1335,b,13,526,1,1,0
1336,b,10,545,0,1,0
1337,b,38,547,0,1,1
1338,b,26,543,0,0,1
1339,b,18,529,0,0,1
1340,b,41,547,0,1,0
1341,a,28,124,0,0,1
1342,b,21,546,1,0,1
1343,b,0,537,1,0,1
1344,a,21,124,0,0,1
1345,b,12,533,0,0,1
1346,b,30,547,0,1,0
1347,a,4,120,0,0,0
1348,a,2,124,0,0,1
1349,b,19,547,0,0,1
1350,b,9,546,1,1,0
1351,b,13,526,0,0,1
1352,a,2,121,0,1,0
1353,b,36,538,0,0,1
1354,a,2,124,0,1,0
1355,b,6,539,0,0,1
1356,a,16,121,0,0,1
1357,b,9,543,1,1,0
1358,b,8,508,1,0,1
1359,b,10,547,0,1,0
1360,b,14,546,0,0,1
1361,a,1,120,0,1,0
1362,a,17,124,0,1,0
1363,b,63,547,0,0,1
1364,b,28,536,1,1,0
1365,b,4,413,0,0,1
1366,b,16,515,0,0,1
1367,b,20,373,0,1,0
1368,b,5,519,1,0,1
1369,a,1,120,0,0,1
1370,b,20,489,0,0,1
1371,b,15,536,1,1,0
1372,a,5,124,0,1,0
1373,b,24,520,0,1,0
1374,b,18,542,0,1,0
1375,b,33,487,0,0,1
1376,b,19,499,0,0,1
1377,b,38,541,0,0,1
1378,b,13,531,1,1,0
1379,b,19,541,0,1,0
1380,b,7,546,1,1,0
1381,a,2,123,0,0,1
1382,a,1,120,0,0,1
1383,b,16,540,0,1,0
1384,b,4,547,0,1,0
1385,b,44,537,0,0,1
1386,b,17,488,0,1,0
1387,b,24,547,0,1,0
1388,a,30,121,0,1,0
1389,b,36,547,0,1,0
1390,a,6,64,0,0,1
1391,a,13,123,0,1,0
1392,a,19,122,0,1,0
1393,a,2,121,0,0,1
1394,b,9,544,0,0,1
1395,b,28,547,0,1,0
1396,b,22,547,0,0,1
1397,b,12,539,0,0,1
1398,a,17,123,0,1,0
1399,b,47,547,0,1,0
1400,b,18,538,0,0,1
1401,b,3,547,0,1,0
1402,a,1,120,0,0,1
1403,b,28,541,0,1,0
1404,b,27,545,0,1,0
1405,b,21,533,0,1,0
1406,a,2,121,0,0,1
1407,b,3,547,0,1,0
1408,b,30,532,0,1,1
1409,b,66,546,0,1,1
1410,b,20,544,0,0,1
1411,b,19,533,0,0,1
1412,b,23,517,0,0,1
1413,b,3,547,0,1,0
1414,b,57,547,0,1,0
1415,b,19,547,1,1,0
1416,b,0,530,1,1,0
1417,b,11,539,0,0,1
1418,b,21,544,0,1,0
1419,b,20,521,0,0,1
1420,b,5,544,1,0,1
1421,a,10,120,0,0,1
1422,b,5,542,0,0,1
1423,b,14,525,0,0,1
1424,a,12,123,0,1,0
1425,b,18,527,0,1,0
1426,b,6,515,1,1,0
1427,a,11,123,0,1,0
1428,b,26,527,0,1,0
1429,b,1,525,0,0,1
1430,a,15,117,0,0,1
1431,b,14,543,0,0,1
1432,b,14,527,0,1,0
1433,b,33,547,0,1,0
1434,a,4,122,0,0,1
1435,b,19,377,0,1,0
1436,b,28,515,0,0,1
1437,a,15,124,0,0,1
1438,b,14,531,0,1,0
1439,b,56,546,0,0,1
1440,b,17,545,1,0,1
1441,b,34,546,0,1,0
1442,b,58,547,0,1,1
1443,a,0,123,1,1,0
1444,b,45,455,0,1,0
1445,a,0,111,1,1,0
1446,b,13,526,0,0,1
1447,b,7,537,0,0,1
1448,a,5,124,0,0,1
1449,b,25,477,0,0,1
1450,a,45,122,0,0,1
1451,a,2,120,0,0,1
1452,b,9,547,0,0,1
1453,b,9,501,0,0,1
1454,b,27,542,0,0,1
1455,b,29,547,0,0,1
1456,b,17,539,1,1,0
1457,a,24,123,0,1,0
1458,b,10,518,0,0,1
1459,b,19,545,0,1,0
1460,b,52,546,0,1,0
1461,b,25,544,0,1,0
1462,b,20,434,0,0,1
1463,b,44,542,0,0,1
1464,a,9,124,0,1,0
1465,b,31,547,0,0,1
1466,a,9,122,0,0,1
1467,b,15,285,0,0,1
1468,b,15,478,0,1,0
1469,b,17,524,0,0,1
1470,b,15,544,0,1,0
1471,b,12,541,0,0,1
1472,b,73,547,0,0,1
1473,b,22,540,0,1,0
1474,a,0,122,1,1,0
1475,b,6,547,0,1,0
1476,b,17,547,1,0,1
1477,b,13,526,1,1,0
1478,b,26,539,0,0,1
1479,b,23,547,1,1,0
1480,a,18,111,0,1,0
1481,b,36,542,0,1,0
1482,b,10,508,0,0,1
1483,b,28,547,0,1,0
1484,b,39,547,0,0,1
1485,b,6,547,0,0,1
1486,b,41,546,1,0,1
1487,b,11,533,0,1,0
1488,b,11,546,1,1,0
1489,b,32,512,0,1,0
1490,b,1,525,0,0,1
1491,b,30,532,0,0,1
1492,b,30,538,0,1,1
1493,b,60,524,0,0,1
1494,b,5,542,0,0,1
1495,a,18,111,0,0,1
1496,b,20,547,0,0,1
1497,b,16,545,0,1,0
1498,b,23,545,0,0,1
1499,b,37,439,0,0,1
1500,b,29,545,0,1,0
1501,b,13,547,0,0,1
1502,b,9,528,0,1,0
1503,a,7,114,0,0,1
1504,b,6,544,0,1,0
1505,b,7,538,0,1,0
1506,b,69,547,0,1,0
1507,b,28,544,0,0,1
1508,b,12,545,0,0,1
1509,b,7,547,0,0,1
1510,b,15,546,1,0,1
1511,b,30,520,0,1,0
1512,b,37,547,0,0,1
1513,b,28,547,0,1,0
1514,b,45,547,0,1,0
1515,a,19,121,0,0,1
1516,b,22,534,0,0,1
1517,b,17,544,0,1,0
1518,b,16,489,0,0,1
1519,b,19,543,0,1,0
1520,b,15,543,1,1,0
1521,a,10,120,0,0,1
1522,b,15,545,0,1,0
1523,b,14,544,0,1,0
1524,b,7,534,1,1,0
1525,a,2,121,0,1,0
1526,b,4,539,0,0,1
1527,a,2,124,0,0,1
1528,a,10,121,0,1,0
1529,a,31,122,0,0,1
1530,b,3,547,0,1,0
1531,a,13,123,0,0,1
1532,b,38,514,0,0,1
1533,b,11,517,0,1,0
1534,b,30,540,0,1,0
1535,b,10,535,0,1,0
1536,b,23,547,1,1,0
1537,b,24,547,0,0,1
1538,b,30,547,0,1,0
1539,b,10,545,0,1,0
1540,a,15,122,0,1,0
1541,b,1,515,1,1,0
1542,a,9,123,0,0,1
1543,b,20,542,0,1,1
1544,b,55,547,1,0,1
1545,b,5,534,1,1,0
1546,b,38,546,0,0,1
1547,b,24,484,0,1,0
1548,b,48,527,0,1,0
1549,a,2,124,0,0,1
1550,b,21,475,0,1,0
1551,a,0,122,1,1,0
1552,a,0,124,1,1,0
1553,b,9,530,1,1,1
1554,b,14,547,0,1,0
1555,a,17,124,0,1,0
1556,b,24,534,0,0,1
1557,b,33,547,0,1,0
1558,b,15,533,0,0,1
1559,b,22,520,0,1,0
1560,b,42,539,0,0,1
1561,b,54,542,0,1,0
1562,b,20,535,0,0,1
1563,b,12,491,0,0,1
1564,a,2,123,0,1,0
1565,b,9,543,1,1,0
1566,b,15,545,0,0,1
1567,a,13,121,0,0,1
1568,b,8,545,0,0,1
1569,b,28,544,0,1,0
1570,b,29,544,0,0,1
1571,b,29,545,0,1,0
1572,b,37,530,1,1,0
1573,b,43,501,0,0,1
1574,a,13,118,0,0,1
1575,b,34,547,0,0,1
1576,b,28,546,0,1,0
1577,a,1,115,0,1,0
1578,b,16,547,0,0,1
1579,b,21,547,0,0,1
1580,a,20,123,0,1,0
1581,b,9,544,1,1,0
1582,b,29,536,1,1,0
1583,b,93,547,0,1,0
1584,b,20,477,0,0,1
1585,b,20,534,0,0,1
1586,b,14,545,0,1,0
1587,b,50,527,0,1,0
1588,b,15,523,0,1,0
1589,b,7,542,1,0,1
1590,b,15,541,1,0,1
1591,b,20,545,0,1,0
1592,b,13,546,0,0,1
1593,a,24,123,0,0,1
1594,b,16,512,0,1,0
1595,b,13,536,0,1,1
1596,b,1,529,0,0,1
1597,b,1,537,0,0,1
1598,b,2,511,0,1,0
1599,a,0,123,1,0,1
1600,b,22,547,0,1,0
1601,b,16,542,0,0,1
1602,b,1,539,1,1,0
1603,a,30,124,0,0,1
1604,b,32,547,0,1,1
1605,b,38,539,0,1,0
1606,b,7,520,0,1,0
1607,b,24,534,0,0,1
1608,a,0,122,1,1,0
1609,b,46,539,0,0,1
1610,a,5,124,0,1,0
1611,a,14,121,0,0,1
1612,b,14,532,0,0,1
1613,a,26,124,0,1,0
1614,b,5,519,0,0,1
1615,b,36,512,0,1,0
1616,b,4,533,0,0,1
1617,b,29,547,0,1,0
1618,b,12,502,0,0,1
1619,b,5,540,0,1,0
1620,a,23,124,0,0,1
1621,b,12,547,0,1,0
1622,b,10,516,0,1,0
1623,b,16,512,0,1,0
1624,b,29,546,1,1,0
1625,b,13,547,0,0,1
1626,b,11,535,0,1,1
1627,b,3,547,0,1,0
1628,b,8,540,0,1,0
1629,b,16,546,0,0,1
1630,b,6,519,0,1,0
1631,b,15,537,0,0,1
1632,b,69,529,1,1,0
1633,b,12,521,0,0,1
1634,b,29,545,0,0,1
1635,b,7,546,1,0,1
1636,b,11,497,1,1,0
1637,b,13,532,0,1,0
1638,b,39,547,0,1,0
1639,b,13,540,1,1,0
1640,a,18,124,0,1,0
1641,b,29,535,0,1,0
1642,b,2,544,0,0,1
1643,b,14,546,0,1,0
1644,b,2,450,0,1,0
1645,a,12,122,0,0,1
1646,b,2,522,0,1,0
1647,b,2,544,0,1,0
1648,a,2,120,0,0,1
1649,b,17,442,0,0,1
1650,b,6,528,0,0,1
1651,b,9,546,1,1,0
1652,b,22,547,0,1,0
1653,b,15,545,0,1,0
1654,a,15,121,0,0,1
1655,b,67,544,0,1,0
1656,b,12,541,0,0,1
1657,b,5,514,1,1,0
1658,b,14,518,0,0,1
1659,a,57,124,0,1,0
1660,a,9,124,0,1,0
1661,a,13,121,0,0,1
1662,b,33,547,1,1,0
1663,b,4,547,0,1,0
1664,a,9,122,0,1,0
1665,b,9,541,0,1,1
1666,b,28,542,0,1,0
1667,b,42,539,0,0,1
1668,a,10,121,0,0,1
1669,b,15,502,0,0,1
1670,a,20,122,0,1,0
1671,b,34,542,0,0,1
1672,b,14,530,0,0,1
1673,a,2,124,0,0,1
1674,b,36,546,0,0,1
1675,b,24,536,0,1,1
1676,b,42,545,0,0,1
1677,b,22,543,0,1,0
1678,b,5,514,1,1,0
1679,a,13,111,0,1,0
1680,b,7,544,1,1,0
1681,b,5,544,1,1,0
1682,b,3,547,0,1,0
1683,b,56,539,0,0,1
1684,b,19,545,0,1,0
1685,b,41,547,1,1,0
1686,b,29,501,0,0,1
1687,b,3,547,0,1,1
1688,a,9,123,0,1,0
1689,a,7,123,0,1,0
1690,a,0,122,1,1,0
1691,b,30,533,0,1,1
1692,b,46,529,0,0,1
1693,a,5,122,0,1,0
1694,b,40,546,0,1,0
1695,b,7,542,1,1,0
1696,b,25,547,0,0,1
1697,b,8,547,0,1,0
1698,b,11,546,1,1,0
1699,a,2,123,0,0,1
1700,a,0,124,1,1,0
1701,b,44,547,0,0,1
1702,b,9,546,1,0,1
1703,b,19,532,0,0,1
1704,b,28,540,0,1,0
1705,b,17,543,0,0,1
1706,a,17,123,0,0,1
1707,b,11,534,1,1,0
1708,b,4,487,0,0,1
1709,a,18,124,0,1,0
1710,b,22,539,0,0,1
1711,a,18,124,0,0,1
1712,b,19,532,0,1,0
1713,a,10,123,0,0,1
1714,b,1,544,0,0,1
1715,b,7,545,0,1,0
1716,b,6,301,0,0,1
1717,b,11,531,0,1,0
1718,b,24,534,0,1,1
1719,a,16,124,0,1,0
1720,a,4,123,0,0,1
1721,b,48,534,0,0,1
1722,b,30,545,0,0,1
1723,b,16,414,0,0,1
1724,b,5,542,1,1,0
1725,a,13,111,0,1,0
1726,a,0,123,1,1,0
1727,b,41,535,0,1,0
1728,b,18,542,0,1,0
1729,b,20,547,0,0,1
1730,b,38,531,0,0,1
1731,b,12,547,0,1,0
1732,b,5,540,0,1,0
1733,b,20,546,0,0,1
1734,a,11,121,0,0,1
1735,a,22,121,0,0,1
1736,b,21,547,0,1,0
1737,b,17,546,0,1,1
1738,a,0,123,1,1,0
1739,b,19,546,1,1,0
1740,a,0,123,1,0,1
1741,a,2,121,0,1,0
1742,b,40,547,0,1,0
1743,b,10,528,0,1,0
1744,b,15,531,0,1,0
1745,b,22,545,0,1,0
1746,b,21,539,0,0,1
1747,b,36,533,0,0,1
1748,b,10,541,0,1,0
1749,a,6,117,0,0,1
1750,b,47,547,0,1,0
1751,b,4,541,0,0,1
1752,b,29,547,0,0,1
1753,a,0,122,1,0,1
1754,b,33,545,0,1,0
1755,b,41,547,0,1,0
1756,a,17,115,0,0,1
1757,b,49,544,0,0,1
1758,b,2,528,0,0,1
1759,b,29,547,0,1,1
1760,a,0,122,1,1,0
1761,b,10,545,0,1,0
1762,b,15,532,0,0,1
1763,b,34,534,0,0,1
1764,b,14,540,0,1,0
1765,b,6,547,0,1,0
1766,b,13,545,0,1,0
1767,b,14,538,0,0,1
1768,a,21,123,0,1,0
1769,b,20,537,1,0,1
1770,b,21,529,0,0,1
1771,b,15,497,1,0,1
1772,b,15,497,1,0,1
1773,a,7,117,0,0,1
1774,b,36,539,0,1,0
1775,b,34,477,0,0,1
1776,b,16,530,1,1,1
1777,b,14,535,0,1,0
1778,b,16,547,0,1,0
1779,b,2,529,0,0,1
1780,b,23,547,0,0,1
1781,a,38,123,0,0,1
1782,b,13,526,1,1,0
1783,a,14,122,0,1,0
1784,b,22,547,0,0,1
1785,b,25,547,0,0,1
1786,b,12,547,0,1,0
1787,b,4,539,0,1,0
1788,b,19,536,0,1,0
1789,a,27,124,0,1,0
1790,b,42,545,0,1,0
1791,b,19,546,0,0,1
1792,a,2,124,0,1,0
1793,b,23,540,0,0,1
1794,b,11,474,0,1,0
1795,b,15,547,0,1,0
1796,b,5,519,1,1,0
1797,b,29,539,1,1,0
1798,a,32,123,0,1,0
1799,b,8,531,0,1,0
1800,a,5,117,0,1,0
1801,b,6,537,0,0,1
1802,b,51,547,1,1,0
1803,a,4,123,0,0,1
1804,b,17,544,0,1,0
1805,b,1,544,0,0,1
1806,b,7,527,0,0,1
1807,b,17,543,0,1,1
1808,b,34,542,0,0,1
1809,a,14,124,0,0,1
1810,b,10,530,1,1,1
1811,b,9,546,1,0,1
1812,b,31,544,1,1,0
1813,b,2,545,0,1,0
1814,b,17,546,1,1,0
1815,b,23,545,0,1,0
1816,b,22,536,0,0,1
1817,b,45,547,0,1,0
1818,b,8,442,0,1,0
1819,b,15,535,0,1,0
1820,b,11,546,0,0,1
1821,b,22,546,0,1,0
1822,b,14,547,0,1,0
1823,b,24,545,0,1,0
1824,b,47,544,0,1,0
1825,a,12,117,0,0,1
1826,b,17,471,0,0,1
1827,b,16,515,0,0,1
1828,b,1,466,1,1,0
1829,b,34,546,0,0,1
1830,b,11,543,0,0,1
1831,b,14,515,1,1,0
1832,a,18,123,0,0,1
1833,b,25,545,0,0,1
1834,b,18,541,0,0,1
1835,b,15,535,0,1,0
1836,b,12,542,0,1,0
1837,b,2,450,0,1,0
1838,b,35,539,1,1,0
1839,b,30,536,1,1,0
1840,b,9,525,0,0,1
1841,b,26,539,0,0,1
1842,b,18,543,0,1,0
1843,b,15,515,1,1,0
1844,b,7,534,0,0,1
1845,b,40,537,0,0,1
1846,b,28,502,0,0,1
1847,b,14,547,0,1,1
1848,b,21,284,0,0,1
1849,b,13,533,0,1,0
1850,a,0,123,0,0,1
1851,b,5,524,1,1,0
1852,b,20,523,1,0,1
1853,b,17,547,1,1,0
1854,b,41,500,0,0,1
1855,b,7,547,0,1,0
1856,b,102,540,0,0,1
1857,b,36,546,0,1,0
1858,b,12,544,0,1,0
1859,a,7,120,0,1,0
1860,b,47,547,0,0,1
1861,b,33,547,0,1,0
1862,a,15,123,0,0,1
1863,b,0,515,1,1,0
1864,b,32,497,0,0,1
1865,a,14,98,0,1,0
1866,b,8,541,0,1,0
1867,a,30,122,0,1,0
1868,b,46,359,0,0,1
1869,b,10,392,0,0,1
1870,b,8,547,0,0,1
1871,b,83,444,0,1,0
1872,b,18,500,0,0,1
1873,b,34,540,0,1,0
1874,a,2,124,0,1,0
1875,b,6,546,0,0,1
1876,a,9,122,0,0,1
1877,b,5,546,1,0,1
1878,b,48,544,0,0,1
1879,b,23,534,1,1,0
1880,b,20,526,0,0,1
1881,b,5,546,0,0,1
1882,a,29,123,0,1,0
1883,a,9,123,0,0,1
1884,a,0,122,1,1,0
1885,b,1,515,0,0,1
1886,b,9,532,0,0,1
1887,b,13,508,0,0,1
1888,b,12,547,0,1,0
1889,b,20,414,0,1,0
1890,a,23,121,0,1,0
1891,b,1,515,0,0,1
1892,b,13,545,0,1,0
1893,b,11,541,0,1,0
1894,a,23,124,0,1,0
1895,b,2,547,0,0,1
1896,b,16,547,0,0,1
1897,b,48,530,0,1,0
1898,b,14,506,0,0,1
1899,a,7,122,0,0,1
1900,a,10,121,0,0,1
1901,b,10,531,0,1,0
1902,b,7,539,0,0,1
1903,b,6,408,0,0,0
1904,b,13,526,1,1,1
1905,b,7,546,0,0,1
1906,a,12,123,0,1,0
1907,b,13,488,1,1,0
1908,b,32,540,0,1,0
1909,b,5,539,0,0,1
1910,b,7,546,1,1,0
1911,b,32,541,0,0,1
1912,b,36,539,0,0,1
1913,a,0,122,1,0,1
1914,a,23,124,0,1,0
1915,a,19,124,0,1,0
1916,b,22,541,0,1,0
1917,b,11,534,1,0,1
1918,b,15,537,1,1,0
1919,b,15,544,0,0,1
1920,b,13,526,0,0,1
1921,b,7,547,0,1,0
1922,a,21,124,0,1,0
1923,b,11,541,0,0,1
1924,b,15,547,0,1,0
1925,a,24,122,0,0,1
1926,b,10,547,0,1,0
1927,b,7,540,1,1,0
1928,b,68,484,0,0,1
1929,b,21,545,0,1,0
1930,b,28,547,0,1,0
1931,b,14,541,0,1,0
1932,b,18,520,0,1,0
1933,b,11,542,1,0,1
1934,b,0,547,0,0,1
1935,b,17,530,0,0,1
1936,b,14,547,0,1,1
1937,b,35,348,0,0,1
1938,b,3,547,0,1,0
1939,b,0,547,0,0,1
1940,b,27,547,0,1,0
1941,b,6,506,0,0,1
1942,b,9,530,1,1,1
1943,b,11,547,0,0,1
1944,a,6,123,0,0,1
1945,a,18,119,0,0,1
1946,b,11,437,0,0,1
1947,b,3,546,0,1,0
1948,b,7,531,1,1,0
1949,b,27,544,0,0,1
1950,a,18,122,0,1,0
1951,b,18,547,0,1,0
1952,b,19,546,0,0,1
1953,b,15,546,1,0,1
1954,b,9,542,1,0,1
1955,b,4,543,0,1,0
1956,a,23,123,0,0,1
1957,b,8,545,0,1,0
1958,a,1,117,0,1,0
1959,a,2,124,0,0,1
1960,b,10,544,0,0,1
1961,b,30,544,0,1,0
1962,b,5,540,0,1,0
1963,b,44,518,0,0,1
1964,b,12,541,0,0,1
1965,b,5,508,0,1,1
1966,a,0,122,1,1,0
1967,b,35,546,0,0,1
1968,b,22,543,0,1,0
1969,b,14,529,0,0,1
1970,b,25,529,1,1,0
1971,b,45,547,0,0,1
1972,b,50,475,0,0,1
1973,b,29,544,0,0,1
1974,a,0,122,1,1,0
1975,b,49,544,0,1,0
1976,b,23,546,0,1,0
1977,b,6,478,1,0,0
1978,b,12,520,0,0,1
1979,b,26,542,0,1,0
1980,a,10,122,0,0,1
1981,b,19,541,0,0,1
1982,b,27,536,0,1,1
1983,b,0,529,0,0,1
1984,b,28,535,0,1,0
1985,b,16,512,0,1,0
1986,b,18,529,0,0,1
1987,a,0,122,1,1,0
1988,b,21,516,0,1,0
1989,b,40,539,0,0,1
1990,b,30,546,0,0,1
1991,a,14,117,0,0,1
1992,b,15,530,1,1,0
1993,b,25,545,0,1,0
1994,b,54,546,0,0,1
1995,a,19,122,0,0,1
1996,a,38,119,0,1,0
1997,b,12,547,0,0,1
1998,a,7,124,0,0,1
1999,b,13,531,1,1,0
2000,b,10,517,0,0,1
2001,b,16,509,0,0,1
2002,a,4,124,0,1,1
2003,b,15,546,0,0,1
2004,a,0,114,1,0,1
2005,b,9,506,0,0,1
2006,b,4,391,0,1,0
2007,b,33,535,0,0,1
2008,b,23,546,1,1,0
2009,b,22,547,0,1,0
2010,a,2,121,0,0,1
2011,b,11,545,0,1,0
2012,a,10,123,0,0,0
2013,a,10,117,0,1,0
2014,b,15,541,0,0,1
2015,b,33,547,0,1,1
2016,b,70,509,0,0,1
2017,b,39,544,0,0,1
2018,a,12,123,0,0,1
2019,b,15,545,0,1,0
2020,a,7,120,0,1,0
2021,b,1,519,0,0,1
2022,a,30,124,0,0,1
2023,b,29,547,0,0,1
2024,a,10,105,0,1,0
2025,a,36,116,0,0,1
2026,b,9,537,1,1,1
2027,b,15,542,0,0,1
2028,b,30,540,0,1,0
2029,b,29,540,1,1,0
2030,b,30,437,0,1,0
2031,b,31,544,0,1,0
2032,b,3,519,1,1,0
2033,b,19,547,1,1,0
2034,b,28,547,0,1,1
2035,b,12,545,0,1,0
2036,a,25,124,0,1,0
2037,b,2,487,1,0,1
2038,a,2,121,0,0,1
2039,b,22,546,0,1,0
2040,b,16,547,0,1,0
2041,b,14,544,0,1,0
2042,b,4,505,0,0,1
2043,a,11,109,0,1,0
2044,b,7,528,0,0,1
2045,b,16,529,1,1,0
2046,b,28,540,0,1,0
2047,a,23,123,0,1,0
2048,b,20,537,0,0,1
2049,b,13,518,0,0,1
2050,b,9,545,0,0,1
2051,b,36,544,0,1,0
2052,b,8,541,0,0,1
2053,b,19,546,0,1,1
2054,b,13,545,0,1,0
2055,b,33,547,0,0,1
2056,b,5,263,0,0,1
2057,a,22,123,0,1,0
2058,b,30,542,0,1,0
2059,b,3,513,1,1,0
2060,a,1,115,0,1,0
2061,b,16,505,0,1,0
2062,b,24,547,0,1,0
2063,b,38,453,0,0,1
2064,b,20,547,0,1,0
2065,a,8,107,0,1,0
2066,b,28,543,0,0,1
2067,b,41,518,0,0,1
2068,a,12,124,0,0,1
2069,b,10,539,0,0,1
2070,a,10,123,0,0,1
2071,b,19,404,0,1,0
2072,b,23,544,0,0,1
2073,a,10,121,0,1,0
2074,b,29,449,0,1,0
2075,b,11,546,0,0,1
2076,a,2,121,0,0,1
2077,b,30,536,0,0,1
2078,b,24,547,0,0,1
2079,b,19,547,0,0,1
2080,b,16,537,0,0,1
2081,b,55,547,0,0,1
2082,b,8,546,0,1,0
2083,b,7,539,0,0,1
2084,b,17,535,0,1,0
2085,b,18,541,0,1,0
2086,a,2,124,0,1,0
2087,b,14,545,0,0,1
2088,b,21,530,0,0,1
2089,b,11,542,0,0,1
2090,b,19,545,0,1,0
2091,b,11,539,1,0,1
2092,b,9,542,0,0,1
2093,b,71,546,0,0,1
2094,b,28,547,0,1,0
2095,b,40,545,0,0,1
2096,b,15,542,1,1,0
2097,b,8,546,0,1,0
2098,b,13,547,0,0,1
2099,a,12,121,0,1,0
2100,b,23,438,0,1,0
2101,b,13,526,0,0,1
2102,b,21,476,1,1,1
2103,b,71,546,0,0,1
2104,b,28,541,0,0,1
2105,a,17,123,0,1,0
2106,a,10,123,0,1,0
2107,b,13,526,1,1,0
2108,a,36,124,0,0,1
2109,b,11,545,0,1,0
2110,b,8,545,0,1,0
2111,b,29,528,0,0,1
2112,a,1,120,0,1,0
2113,a,21,123,0,1,0
2114,b,26,529,0,0,1
2115,b,13,529,0,0,1
2116,a,32,122,0,1,0
2117,b,17,547,0,0,1
2118,b,19,544,0,0,1
2119,b,27,533,0,1,0
2120,b,15,546,0,1,0
2121,b,29,547,0,0,1
2122,b,9,546,1,1,0
2123,b,4,540,0,1,0
2124,b,20,538,0,0,1
2125,b,3,547,0,1,0
2126,b,26,485,0,1,1
2127,b,26,528,0,1,0
2128,b,52,541,0,1,0
2129,a,37,124,0,1,0
2130,b,21,547,0,0,1
2131,b,20,520,0,1,0
2132,b,34,539,0,0,1
2133,b,36,546,0,0,1
2134,b,1,525,0,0,1
2135,b,10,547,0,1,0
2136,b,30,546,0,0,1
2137,b,27,547,0,1,0
2138,b,10,476,1,1,0
2139,a,23,118,0,0,1
2140,a,0,122,1,1,0
2141,a,23,122,0,0,1
2142,b,34,521,0,1,0
2143,b,12,542,0,1,0
2144,a,25,124,0,1,1
2145,b,12,546,0,1,0
2146,b,19,547,0,1,0
2147,b,15,547,1,1,0
2148,a,26,122,0,1,0
2149,b,15,543,1,1,0
2150,b,24,420,0,0,1
2151,a,11,124,0,1,0
2152,a,7,123,0,1,0
2153,b,42,546,0,1,0
2154,b,9,541,0,0,1
2155,b,40,518,0,1,0
2156,a,8,122,0,1,0
2157,a,0,102,1,1,0
2158,b,50,530,0,0,1
2159,b,25,531,0,1,0
2160,b,23,528,0,0,1
2161,b,5,514,1,0,1
2162,a,0,102,1,1,0
2163,a,10,123,0,1,0
2164,b,14,547,0,1,0
2165,a,28,123,0,1,0
2166,a,24,122,0,0,1
2167,a,0,122,1,1,0
2168,a,17,123,0,1,0
2169,b,25,539,0,0,1
2170,b,11,497,0,0,1
2171,b,18,534,0,1,0
2172,b,47,539,0,1,0
2173,b,21,547,0,1,0
2174,b,23,544,0,0,1
2175,b,11,504,0,1,0
2176,b,76,538,0,0,1
2177,b,21,538,0,1,0
2178,b,2,546,0,0,1
2179,b,16,453,0,1,0
2180,b,9,546,1,1,0
2181,b,5,514,1,1,0
2182,b,17,546,0,1,0
2183,b,5,514,0,0,1
2184,b,26,476,1,1,0
2185,b,30,532,0,1,1
2186,b,53,544,0,0,1
2187,a,8,118,0,0,1
2188,b,17,547,0,1,0
2189,b,24,545,0,0,1
2190,b,20,547,0,0,1
2191,b,29,544,0,0,1
2192,b,13,537,1,1,0
2193,b,5,531,0,1,1
2194,a,9,124,0,1,0
2195,a,16,123,0,1,0
2196,b,17,529,0,0,1
2197,b,28,534,0,1,0
2198,b,19,546,0,0,1
2199,b,38,537,0,0,1
2200,a,2,115,0,0,1
2201,b,19,509,0,0,1
2202,b,3,536,0,0,1
2203,b,15,497,0,0,1
2204,b,14,547,0,1,0
2205,b,17,533,0,0,1
2206,b,22,542,0,1,0
2207,b,16,494,0,0,1
2208,b,12,542,0,1,0
2209,b,14,544,0,0,1
2210,b,16,532,0,1,1
2211,a,22,124,0,0,1
2212,b,6,528,0,0,1
2213,b,1,539,1,1,0
2214,b,50,540,0,1,1
2215,b,9,544,0,1,0
2216,b,17,537,1,1,0
2217,b,29,524,0,0,1
2218,b,16,547,0,0,1
2219,b,10,546,0,0,1
2220,b,3,536,0,0,1
2221,a,27,123,0,1,0
2222,b,20,540,0,0,1
2223,b,9,542,0,0,1
2224,b,37,545,0,0,1
2225,b,49,547,1,1,0
2226,b,28,546,0,0,1
2227,a,12,123,0,1,0
2228,b,14,543,0,1,0
2229,a,24,124,0,0,1
2230,a,15,122,0,0,1
2231,b,26,539,0,1,1
2232,a,9,124,0,0,1
2233,a,16,122,0,1,0
2234,b,22,545,0,1,0
2235,b,6,546,0,1,0
2236,b,22,537,0,1,0
2237,b,26,541,0,0,1
2238,b,35,547,0,0,1
2239,a,11,124,0,1,0
2240,b,27,535,0,1,1
2241,b,32,445,0,0,1
2242,b,20,541,0,1,0
2243,b,26,547,0,1,0
2244,b,2,526,0,0,1
2245,b,36,546,0,1,0
2246,a,5,123,0,1,0
2247,b,31,544,0,0,1
2248,a,12,124,0,0,1
2249,b,13,468,1,1,0
2250,a,21,121,0,1,0
2251,b,33,534,1,0,1
2252,b,16,490,0,1,0
2253,b,21,547,0,1,0
2254,a,34,123,0,1,0
2255,b,15,517,0,0,1
2256,b,51,547,1,1,0
2257,b,1,466,1,1,0
2258,b,16,547,0,1,0
2259,b,28,359,0,0,1
2260,b,6,505,0,0,1
2261,b,9,542,1,1,0
2262,a,0,122,1,1,0
2263,b,20,535,0,0,1
2264,b,13,489,0,0,1
2265,b,36,529,0,0,1
2266,a,17,124,0,0,1
2267,a,11,120,0,0,1
2268,b,11,528,0,1,0
2269,b,22,505,0,1,0
2270,b,38,494,0,0,1
2271,b,1,505,1,1,0
2272,b,18,547,0,1,0
2273,b,23,547,0,0,1
2274,b,19,544,0,0,1
2275,a,31,124,0,0,1
2276,a,7,114,0,0,1
2277,b,22,539,0,1,0
2278,b,23,547,0,1,1
2279,b,1,525,1,1,0
2280,b,14,545,0,1,0
2281,b,15,547,0,1,0
2282,b,11,541,0,1,0
2283,b,25,547,0,0,1
2284,b,7,546,1,1,0
2285,a,16,123,0,1,0
2286,a,20,123,0,1,0
2287,b,18,545,0,1,0
2288,b,16,541,0,1,0
2289,b,6,544,0,1,1
2290,a,31,123,0,0,1
2291,b,9,540,0,0,1
2292,a,2,121,0,1,0
2293,b,34,524,0,0,1
2294,b,20,543,0,0,1
2295,a,4,120,0,1,0
2296,b,19,377,0,1,0
2297,a,7,121,0,0,1
2298,b,30,542,0,1,0
2299,b,20,520,0,1,0
2300,a,2,124,0,1,0
2301,b,36,542,0,1,0
2302,a,7,122,0,1,0
2303,a,20,121,0,0,1
2304,b,2,547,0,0,1
2305,b,3,538,0,1,0
2306,a,0,80,1,1,0
2307,a,12,105,0,0,1
2308,b,10,545,0,1,1
2309,b,10,529,1,1,0
2310,b,33,547,0,1,0
2311,b,9,547,0,0,1
2312,b,9,547,0,0,1
2313,a,10,124,0,1,0
2314,b,26,538,0,1,0
2315,a,0,123,1,1,0
2316,b,23,478,0,1,0
2317,a,10,121,0,1,0
2318,a,21,123,0,1,0
2319,a,9,124,0,1,0
2320,b,23,544,0,1,0
2321,a,2,121,0,0,1
2322,a,10,123,0,1,0
2323,b,7,518,0,0,1
2324,b,29,523,0,1,0
2325,a,24,124,0,0,1
2326,b,25,544,0,1,0
2327,b,41,547,1,1,0
2328,a,4,122,0,1,0
2329,b,8,541,0,1,0
2330,b,52,546,0,1,0
2331,b,16,530,0,0,1
2332,b,24,527,0,1,0
2333,b,34,501,0,1,0
2334,b,36,524,0,1,0
2335,a,11,124,0,0,1
2336,b,29,544,0,1,0
2337,b,40,540,0,1,0
2338,b,25,539,1,1,0
2339,b,5,514,1,0,1
2340,a,12,122,0,1,0
2341,a,0,123,1,1,0
2342,b,23,528,0,0,1
2343,b,18,453,0,0,1
2344,b,7,540,1,1,0
2345,b,19,542,0,1,1
2346,a,5,121,0,0,1
2347,b,35,545,0,0,1
2348,a,6,117,0,1,0
2349,b,7,509,0,0,1
2350,b,13,547,0,1,0
2351,b,20,547,0,0,1
2352,a,24,121,0,0,1
2353,b,2,547,0,1,0
2354,b,23,547,0,1,0
2355,b,12,533,0,1,1
2356,a,18,122,0,1,0
2357,b,19,536,1,1,0
2358,b,19,547,0,1,0
2359,b,37,537,0,0,1
2360,b,8,528,0,0,1
2361,b,1,539,1,0,1
2362,b,41,545,0,1,0
2363,b,8,545,0,1,0
2364,b,29,547,0,1,0
2365,b,20,542,0,0,1
2366,b,18,534,0,1,0
2367,a,0,122,1,1,0
2368,a,15,124,0,1,0
2369,a,0,102,1,1,0
2370,b,34,544,0,1,0
2371,b,11,540,1,1,0
2372,a,17,124,0,0,1
2373,b,4,547,0,1,0
2374,b,6,547,0,0,1
2375,b,10,547,0,0,1
2376,a,28,121,0,0,1
2377,b,24,532,0,1,0
2378,b,16,505,0,0,1
2379,b,16,547,0,1,0
2380,b,9,545,0,1,0
2381,b,17,536,0,0,1
2382,b,49,547,0,0,1
2383,b,1,539,1,1,0
2384,b,14,529,1,1,0
2385,b,2,543,0,0,1
2386,b,12,521,0,0,1
2387,a,17,123,0,1,0
2388,a,11,119,0,0,1
2389,b,9,546,1,1,0
2390,b,20,545,0,1,0
2391,b,16,545,0,0,1
2392,a,16,124,0,0,1
2393,b,17,539,0,0,1
2394,b,28,475,0,1,0
2395,b,17,504,1,1,0
2396,b,18,526,0,1,0
2397,b,38,527,0,0,1
2398,b,66,547,0,0,1
2399,b,19,492,0,0,1
2400,b,12,524,0,0,1
2401,a,18,116,0,0,1
2402,b,33,515,1,1,0
2403,b,13,545,0,0,1
2404,b,37,529,0,0,1
2405,b,2,544,0,1,0
2406,a,54,119,0,0,1
2407,b,15,534,1,1,0
2408,a,22,122,0,0,1
2409,b,7,543,1,0,1
2410,b,20,544,0,1,1
2411,a,23,121,0,1,0
2412,b,61,437,1,1,0
2413,a,0,123,1,1,0
2414,b,21,532,0,0,1
2415,b,26,518,0,1,0
2416,b,16,543,0,0,1
2417,a,3,120,0,1,0
2418,b,26,544,0,0,1
2419,b,18,540,0,1,0
2420,b,28,521,0,1,0
2421,b,22,544,0,1,1
2422,b,20,546,0,0,1
2423,b,4,487,0,0,1
2424,b,3,547,0,0,1
2425,b,39,547,0,1,1
2426,b,27,544,0,0,1
2427,b,14,527,0,1,0
2428,b,3,547,0,0,1
2429,a,0,111,1,0,1
2430,b,33,544,0,0,1
2431,b,5,538,1,1,0
2432,b,19,523,1,1,0
2433,b,33,545,0,1,0
2434,a,11,120,0,1,0
2435,a,21,124,0,0,1
2436,b,27,545,0,0,1
2437,a,21,124,0,0,1
2438,b,5,538,1,1,0
2439,b,25,547,1,1,0
2440,b,33,545,0,1,0
2441,b,28,541,0,1,0
2442,b,35,547,1,1,0
2443,b,32,546,0,1,1
2444,a,23,123,0,1,0
2445,b,14,530,0,0,1
2446,b,16,547,0,1,0
2447,b,27,544,0,0,1
2448,a,3,116,0,0,1
2449,b,34,547,0,0,1
2450,a,25,105,0,0,1
2451,b,16,547,0,0,1
2452,b,7,540,1,1,0
2453,a,24,105,0,1,0
2454,b,32,542,0,1,0
2455,a,1,115,0,0,1
2456,b,10,546,0,0,1
2457,b,21,544,1,0,1
2458,b,22,547,0,1,0
2459,b,18,547,0,1,0
2460,b,8,542,0,1,0
2461,b,34,545,0,1,1
2462,b,46,461,1,1,0
2463,a,0,123,1,1,0
2464,b,3,547,0,0,1
2465,b,12,544,0,1,0
2466,b,50,546,0,1,0
2467,b,35,547,0,0,1
2468,b,13,544,0,1,0
2469,b,7,542,1,1,0
2470,b,32,539,0,0,1
2471,b,9,536,1,1,0
2472,a,23,123,0,1,0
2473,b,13,545,0,0,1
2474,b,11,547,1,0,1
2475,b,39,543,1,0,1
2476,b,14,534,0,1,0
2477,b,18,531,0,1,0
2478,b,12,547,0,0,1
2479,b,9,476,0,0,1
2480,a,6,123,0,0,1
2481,a,24,117,0,0,1
2482,b,11,541,0,1,0
2483,b,22,546,0,0,1
2484,a,18,122,0,1,0
2485,b,15,546,1,1,0
2486,b,44,541,0,0,1
2487,b,19,544,0,0,1
2488,b,9,546,0,1,0
2489,b,42,422,0,0,1
2490,a,11,123,0,1,0
2491,b,21,544,0,0,1
2492,a,9,123,0,1,0
2493,b,12,509,0,0,1
2494,a,32,121,0,0,1
2495,b,1,539,1,0,1
2496,b,5,538,1,1,0
2497,b,10,547,0,1,0
2498,b,10,528,0,1,0
2499,a,1,120,0,0,1
2500,b,13,528,0,1,0
2501,b,23,539,1,0,1
2502,b,24,534,0,1,0
2503,a,5,123,0,1,0
2504,a,19,124,0,1,1
2505,b,14,547,0,0,1
2506,b,5,538,1,1,0
2507,b,18,547,0,1,0
2508,a,28,124,0,1,0
2509,b,11,530,1,1,1
2510,b,9,547,1,1,0
2511,b,13,526,1,1,0
2512,b,12,441,0,1,0
2513,b,2,400,0,1,0
2514,b,9,537,0,0,1
2515,b,6,505,0,0,1
2516,b,14,543,0,0,1
2517,b,42,542,0,0,1
2518,b,35,534,1,1,0
2519,a,12,122,0,0,1
2520,b,21,547,0,1,1
2521,a,8,120,0,1,0
2522,a,7,124,0,1,0
2523,a,16,117,0,0,1
2524,b,13,526,1,1,0
2525,a,30,124,0,1,0
2526,b,26,547,0,0,1
2527,b,12,545,0,1,0
2528,b,14,520,0,1,0
2529,b,25,536,1,1,0
2530,b,58,445,0,0,1
2531,b,30,493,0,1,0
2532,a,1,115,0,0,1
2533,b,33,547,1,1,0
2534,b,20,546,0,1,0
2535,b,2,547,0,1,0
2536,b,32,520,0,1,0
2537,a,13,107,0,1,0
2538,b,12,531,0,1,0
2539,b,16,544,0,1,0
2540,b,64,546,0,1,0
2541,b,2,544,0,1,0
2542,a,16,117,0,0,1
2543,b,12,531,0,1,0
2544,b,23,521,0,0,1
2545,b,2,450,0,1,0
2546,b,46,538,0,1,0
2547,b,1,539,0,0,1
2548,b,42,299,0,0,1
2549,b,8,547,0,0,1
2550,b,10,540,0,1,0
2551,b,64,438,0,0,1
2552,a,1,123,0,0,1
2553,b,11,545,0,1,0
2554,b,11,542,1,1,0
2555,a,29,122,0,1,0
2556,a,21,124,0,0,1
2557,b,10,519,0,0,1
2558,b,6,547,0,0,1
2559,b,14,538,0,1,0
2560,b,11,543,1,1,0
2561,b,34,544,0,0,1
2562,b,31,547,0,1,0
2563,b,15,538,1,1,0
2564,a,16,123,0,1,0
2565,b,3,525,0,0,1
2566,b,3,547,0,1,0
2567,a,10,113,0,1,0
2568,b,15,531,0,0,1
2569,b,20,531,0,1,0
2570,a,20,123,0,0,1
2571,b,29,547,0,1,0
2572,b,3,546,0,1,0
2573,b,64,544,0,1,0
2574,b,9,524,0,0,1
2575,b,15,544,0,0,1
2576,b,2,511,0,1,0
2577,b,16,546,0,0,1
2578,b,41,545,0,1,1
2579,b,38,547,0,1,1
2580,b,31,544,0,1,0
2581,b,19,540,0,0,1
2582,b,5,508,0,1,1
2583,b,36,515,0,0,1
2584,b,1,515,1,1,0
2585,b,51,547,0,0,1
2586,b,9,542,0,0,1
2587,b,14,542,0,0,1
2588,b,14,547,0,1,0
2589,b,2,505,0,1,0
2590,b,24,404,0,1,0
2591,a,9,103,0,1,0
2592,b,23,523,0,0,1
2593,b,7,534,1,1,0
2594,b,21,547,0,1,1
2595,a,26,124,0,1,0
2596,b,13,543,1,0,1
2597,a,15,124,0,1,0
2598,b,15,541,0,1,0
2599,b,8,544,0,1,0
2600,b,17,517,0,1,0
2601,b,10,523,0,0,1
2602,b,15,543,1,1,0
2603,a,18,115,0,0,1
2604,b,15,544,0,1,0
2605,a,13,123,0,1,0
2606,b,72,546,0,1,0
2607,b,6,541,0,0,1
2608,b,10,480,0,1,0
2609,b,15,546,0,0,1
2610,a,12,123,0,1,0
2611,b,0,515,1,1,0
2612,b,38,540,0,1,0
2613,b,1,529,1,1,0
2614,a,20,115,0,0,1
2615,b,22,538,0,0,1
2616,a,18,121,0,1,0
2617,b,2,540,0,1,0
2618,b,29,455,0,0,0
2619,b,5,301,0,0,1
2620,b,75,547,0,1,0
2621,a,5,123,0,0,1
2622,b,11,540,1,1,0
2623,b,25,547,0,1,0
2624,b,5,514,1,1,0
2625,b,19,539,0,0,1
2626,b,9,531,0,1,0
2627,a,1,123,0,0,1
2628,b,27,540,0,1,0
2629,b,30,530,0,0,0
2630,b,11,506,0,1,0
2631,b,4,547,0,1,1
2632,a,1,120,0,0,1
2633,b,45,547,0,0,1
2634,a,27,124,0,0,1
2635,b,10,547,0,1,0
2636,a,0,122,1,0,1
2637,b,13,528,1,0,1
2638,b,14,537,0,0,1
2639,b,13,544,0,0,1
2640,b,41,547,0,0,1
2641,b,86,529,1,1,0
2642,b,32,545,0,1,0
2643,b,1,525,1,1,0
2644,b,12,529,0,0,1
2645,a,31,123,0,1,0
2646,a,15,124,0,0,1
2647,a,0,122,1,1,0
2648,b,7,542,0,0,1
2649,b,8,544,0,0,1
2650,b,15,546,1,1,0
2651,b,15,543,0,1,0
2652,b,18,547,0,1,0
2653,b,8,547,0,1,1
2654,b,1,544,1,1,0
2655,b,66,524,0,0,1
2656,b,7,544,0,0,1
2657,a,29,123,0,1,0
2658,b,15,544,0,0,1
2659,b,34,547,0,0,1
2660,b,38,530,1,1,1
2661,a,24,124,0,0,1
2662,b,34,546,0,0,1
2663,a,2,121,0,1,0
2664,b,10,546,0,1,0
2665,a,3,112,0,1,0
2666,a,14,122,0,1,0
2667,a,21,123,0,1,0
2668,b,24,546,0,1,1
2669,b,26,537,0,0,1
2670,b,6,546,0,1,0
2671,b,34,536,0,0,1
2672,b,23,535,0,0,1
2673,a,8,121,0,1,0
2674,b,4,543,0,0,1
2675,b,37,546,0,0,1
2676,b,36,542,0,0,1
2677,b,10,543,0,0,1
2678,b,11,545,0,1,1
2679,b,16,547,0,1,0
2680,a,11,124,0,0,1
2681,b,42,534,0,1,0
2682,a,16,124,0,0,1
2683,a,18,123,0,1,0
2684,a,8,121,0,1,0
2685,a,26,122,0,1,0
2686,b,3,547,0,1,0
2687,b,10,547,0,1,0
2688,b,5,514,0,0,1
2689,b,0,515,0,0,1
2690,b,26,515,0,0,1
2691,b,34,541,0,0,1
2692,a,0,123,1,0,1
2693,b,55,547,0,1,0
2694,b,19,488,0,1,0
2695,b,15,527,0,1,0
2696,b,33,541,0,0,1
2697,b,11,544,1,1,0
2698,b,28,534,0,1,0
2699,b,7,532,0,0,1
2700,b,2,431,0,1,0
2701,b,24,541,0,1,0
2702,a,8,122,0,0,1
2703,b,3,537,1,1,0
2704,b,5,546,1,1,1
2705,b,28,544,0,1,1
2706,b,56,547,0,1,0
2707,a,9,123,0,0,1
2708,b,14,476,0,1,0
2709,a,9,124,0,1,0
2710,b,5,543,1,1,0
2711,b,37,547,0,1,0
2712,b,3,476,0,1,0
2713,a,18,124,0,0,1
2714,b,22,537,0,1,1
2715,b,11,547,0,0,1
2716,b,3,544,0,1,0
2717,b,7,544,0,1,0
2718,b,7,540,0,0,1
2719,b,17,520,1,1,0
2720,b,3,531,0,1,0
2721,b,37,547,1,1,0
2722,b,6,526,0,1,0
2723,a,2,121,0,1,0
2724,b,29,535,0,0,1
2725,b,25,547,0,1,0
2726,b,20,534,0,0,1
2727,b,16,547,0,1,0
2728,b,15,547,0,0,1
2729,a,1,123,0,1,0
2730,a,23,121,0,0,1
2731,b,7,527,1,1,0
2732,b,33,389,0,0,1
2733,b,28,536,0,0,1
2734,b,23,540,1,1,0
2735,b,17,542,1,0,1
2736,a,28,123,0,0,1
2737,a,21,119,0,0,1
2738,b,13,532,0,0,1
2739,b,20,547,0,0,1
2740,b,26,540,0,1,0
2741,b,11,545,0,1,0
2742,a,18,123,0,1,0
2743,b,14,547,0,1,0
2744,b,10,540,0,1,0
2745,b,8,538,0,0,1
2746,b,36,536,1,1,0
2747,b,26,544,0,0,1
2748,b,24,512,0,1,0
2749,b,18,541,0,0,1
2750,b,13,547,0,1,0
2751,b,46,493,0,0,1
2752,b,35,521,0,0,1
2753,b,3,539,0,1,0
2754,b,5,535,0,0,1
2755,b,18,546,0,0,1
2756,b,16,546,0,0,1
2757,b,62,539,0,0,1
2758,b,23,546,0,1,0
2759,b,9,522,0,1,0
2760,b,14,547,0,1,0
2761,b,34,544,0,1,0
2762,b,18,514,0,0,1
2763,b,36,466,0,0,1
2764,a,31,121,0,0,1
2765,b,40,546,0,0,1
2766,b,43,539,0,1,1
2767,a,29,124,0,0,1
2768,a,23,121,0,1,0
2769,b,1,539,1,1,0
2770,b,14,541,0,1,1
2771,b,12,530,0,0,1
2772,b,11,517,0,0,1
2773,b,16,533,0,0,1
2774,b,41,544,0,0,1
2775,b,18,534,0,0,1
2776,b,17,480,0,1,0
2777,b,41,523,0,0,1
2778,b,18,546,0,1,0
2779,b,31,547,0,1,0
2780,b,21,502,1,0,1
2781,a,6,124,0,0,1
2782,b,10,520,0,1,0
2783,b,16,442,0,1,0
2784,b,1,525,1,1,0
2785,a,2,121,0,0,1
2786,a,4,122,0,1,0
2787,a,19,122,0,0,1
2788,b,17,547,0,1,0
2789,b,17,543,1,0,1
2790,b,31,547,0,1,1
2791,b,16,502,0,1,0
2792,b,4,453,0,0,1
2793,b,7,546,0,1,0
2794,a,2,124,0,1,0
2795,b,11,530,0,0,1
2796,a,0,124,1,0,1
2797,a,10,115,0,1,0
2798,b,18,542,0,0,1
2799,b,3,547,0,1,0
2800,b,39,544,0,1,0
2801,b,18,520,0,1,0
2802,b,8,544,0,0,1
2803,b,72,540,0,1,0
2804,b,10,530,1,1,0
2805,b,24,528,0,1,0
2806,b,3,547,0,1,0
2807,b,4,500,0,0,1
2808,a,2,124,0,0,1
2809,b,71,547,0,0,1
2810,b,19,530,0,0,1
2811,b,20,529,0,0,1
2812,a,2,124,0,1,0
2813,a,15,122,0,1,0
2814,b,9,520,0,1,0
2815,a,2,121,0,1,0
2816,b,13,547,0,0,1
2817,b,7,538,0,0,1
2818,b,19,544,1,0,1
2819,b,13,532,0,1,0
2820,b,9,542,0,1,0
2821,a,4,113,0,0,1
2822,b,19,532,0,1,0
2823,b,7,545,0,1,0
2824,a,29,124,0,0,1
2825,b,10,478,0,0,1
2826,a,18,119,0,1,0
2827,b,13,547,0,1,0
2828,b,16,528,0,1,0
2829,a,29,117,0,0,1
2830,b,19,528,0,1,0
2831,a,14,124,0,1,0
2832,b,17,540,0,1,0
2833,b,28,546,0,1,0
2834,b,18,543,0,1,0
2835,b,25,547,0,1,0
2836,b,15,534,1,1,0
2837,b,7,546,1,0,1
2838,a,11,122,0,1,0
2839,a,0,122,1,0,1
2840,b,34,467,0,1,0
2841,b,21,495,0,1,0
2842,b,24,539,0,1,0
2843,a,0,123,0,0,1
2844,b,16,534,0,1,0
2845,b,29,547,0,0,1
2846,b,3,547,0,1,0
2847,a,4,122,0,1,0
2848,b,39,547,0,1,0
2849,b,28,544,0,1,0
2850,b,25,547,0,1,1
2851,b,8,547,0,1,0
2852,b,7,546,1,1,0
2853,b,17,540,0,0,1
2854,a,0,123,1,1,0
2855,b,36,547,0,1,0
2856,b,10,545,0,1,0
2857,b,8,547,0,0,1
2858,b,19,545,0,0,1
2859,b,15,499,0,1,0
2860,a,27,123,0,1,1
2861,a,23,123,0,1,0
2862,b,15,541,0,1,0
2863,b,22,499,0,1,0
2864,b,14,541,0,1,1
2865,b,30,542,0,0,1
2866,a,1,120,0,1,0
2867,b,33,535,0,1,0
2868,b,19,547,0,1,0
2869,b,21,446,0,1,0
2870,b,42,547,0,1,0
2871,b,16,547,0,1,0
2872,b,17,547,0,1,0
2873,b,50,533,0,0,1
2874,a,2,124,0,0,1
2875,b,49,542,1,1,0
2876,b,2,547,0,1,0
2877,b,13,545,0,1,0
2878,b,4,543,0,1,0
2879,b,15,515,0,0,1
2880,a,7,124,0,1,0
2881,b,60,541,0,1,0
2882,b,4,546,0,1,0
2883,b,24,521,0,0,1
2884,a,2,121,0,1,0
2885,b,13,535,0,0,1
2886,b,32,488,1,1,0
2887,b,18,547,0,0,1
2888,b,19,495,0,1,0
2889,b,10,485,0,0,1
2890,a,12,122,0,0,1
2891,b,36,546,0,0,1
2892,b,8,544,0,1,0
2893,b,41,547,1,1,0
2894,b,38,512,0,1,0
2895,a,12,124,0,1,0
2896,b,13,537,0,0,1
2897,a,15,122,0,1,0
2898,b,20,547,0,1,0
2899,b,7,366,0,0,1
2900,b,12,546,0,0,1
2901,b,10,546,0,0,1
2902,b,17,536,1,1,0
2903,b,9,537,0,0,1
2904,b,21,471,0,1,0
2905,b,33,521,0,1,0
2906,b,43,546,0,0,1
2907,a,22,123,0,0,1
2908,a,46,119,0,0,1
2909,b,2,543,0,0,1
2910,b,22,543,0,0,1
2911,b,27,546,0,0,1
2912,b,1,529,0,1,0
2913,b,10,546,0,0,1
2914,b,13,545,0,1,0
2915,b,26,521,0,0,1
2916,b,7,545,0,1,0
2917,b,14,547,0,1,0
2918,b,15,546,1,1,0
2919,a,17,105,0,0,1
2920,b,31,547,1,1,0
2921,b,4,539,0,1,0
2922,b,5,531,0,1,0
2923,b,14,547,0,0,1
2924,a,15,122,0,1,0
2925,b,3,530,0,0,1
2926,a,8,123,0,0,1
2927,a,39,124,0,1,0
2928,b,8,526,0,1,0
2929,a,19,124,0,1,0
2930,b,29,542,0,1,0
2931,b,9,543,1,1,0
2932,b,7,543,1,1,0
2933,b,18,541,0,0,1
2934,b,16,534,0,1,0
2935,a,11,122,0,0,1
2936,b,2,545,0,1,1
2937,b,28,543,0,0,1
2938,b,17,545,0,1,0
2939,a,2,121,0,1,0
2940,b,15,536,1,1,0
2941,b,9,545,0,1,0
2942,b,13,517,0,0,1
2943,b,11,516,0,0,1
2944,b,10,546,0,1,0
2945,b,20,526,0,0,1
2946,a,2,124,0,1,0
2947,b,20,505,0,0,1
2948,b,15,545,0,1,0
2949,b,2,450,0,1,0
2950,b,7,528,0,1,0
2951,b,18,529,0,0,1
2952,b,3,494,0,1,0
2953,b,22,536,1,1,0
2954,b,32,546,0,1,0
2955,b,23,538,0,0,1
2956,b,75,445,0,0,0
2957,b,71,546,1,1,0
2958,b,22,488,1,1,0
2959,b,57,547,0,0,1
2960,b,17,536,0,1,0
2961,b,14,546,0,1,0
2962,b,25,545,0,0,1
2963,b,27,547,1,1,0
2964,a,11,124,0,1,0
2965,b,20,543,0,1,0
2966,b,21,547,1,0,1
2967,b,24,539,0,1,0
2968,b,28,545,0,1,0
2969,a,2,121,0,0,1
2970,b,9,541,0,0,1
2971,b,71,447,0,0,1
2972,a,27,123,0,0,1
2973,a,32,124,0,1,0
2974,b,17,536,1,0,1
2975,b,11,497,0,0,1
2976,a,13,122,0,1,0
2977,b,22,542,0,1,0
2978,a,24,124,0,0,1
2979,b,29,547,1,1,0
2980,b,25,508,0,1,0
2981,b,1,529,0,0,1
2982,b,48,547,0,0,1
2983,b,17,544,0,1,1
2984,b,27,543,0,0,1
2985,b,21,547,0,0,1
2986,b,19,534,0,0,1
2987,b,11,509,0,0,1
2988,b,26,547,0,1,1
2989,b,5,506,0,0,1
2990,b,20,546,0,1,0
2991,b,22,545,0,1,0
2992,a,10,124,0,0,1
2993,b,16,497,0,0,1
2994,b,33,546,0,0,1
2995,a,21,124,0,0,1
2996,b,32,541,0,0,1
2997,b,9,545,0,1,0
2998,a,16,115,0,0,1
2999,b,26,539,0,0,1
3000,b,0,515,0,0,1
3001,b,14,528,0,1,0
3002,b,25,546,0,0,1
3003,a,25,124,0,1,0
3004,b,11,510,0,0,1
3005,b,15,541,0,0,1
3006,b,10,528,0,1,0
3007,b,40,529,1,1,0
3008,a,15,123,0,1,0
3009,b,17,547,0,0,1
3010,a,16,123,0,0,1
3011,a,2,124,0,0,1
3012,b,35,545,0,1,0
3013,b,7,545,0,1,0
3014,a,24,123,0,1,0
3015,a,9,118,0,1,0
3016,b,32,529,1,1,0
3017,b,8,547,0,1,0
3018,b,26,466,0,0,1
3019,b,16,542,0,1,0
3020,b,19,517,0,1,0
3021,b,28,362,0,0,1
3022,b,15,529,0,0,1
3023,a,0,124,1,1,1
3024,b,21,523,0,1,0
3025,a,21,117,0,0,1
3026,b,7,504,1,1,0
3027,b,10,547,0,1,0
3028,b,56,547,0,1,0
3029,b,32,532,0,0,1
3030,b,24,547,0,1,0
3031,b,40,536,0,0,1
3032,b,19,547,1,1,0
3033,b,0,529,1,1,0
3034,b,13,532,0,1,0
3035,b,50,544,0,0,1
3036,a,15,121,0,1,0
3037,b,5,540,0,1,0
3038,b,16,545,0,1,0
3039,a,23,124,0,0,1
3040,b,19,518,0,0,1
3041,a,10,124,0,1,0
3042,b,15,504,1,1,0
3043,a,16,122,0,1,0
3044,b,15,527,0,1,0
3045,b,52,529,1,1,0
3046,b,12,547,0,1,0
3047,b,3,547,0,1,0
3048,b,10,541,0,0,1
3049,b,9,521,0,0,1
3050,a,24,123,0,1,0
3051,b,5,534,0,0,1
3052,a,2,124,0,0,1
3053,b,13,521,0,0,1
3054,b,15,540,0,1,0
3055,b,5,543,1,1,0
3056,b,6,545,0,0,1
3057,b,2,546,0,1,0
3058,b,18,538,0,1,0
3059,b,3,462,0,0,1
3060,b,20,543,0,1,0
3061,a,1,117,0,0,1
3062,b,4,523,0,0,1
3063,b,14,547,0,1,0
3064,a,7,122,0,1,0
3065,b,27,545,0,1,0
3066,b,27,547,0,1,1
3067,b,42,539,0,0,1
3068,a,11,122,0,1,0
3069,b,9,537,1,1,1
3070,a,23,119,0,0,1
3071,a,12,116,0,0,1
3072,b,28,533,0,1,0
3073,a,43,124,0,0,1
3074,a,33,124,0,1,0
3075,b,7,528,0,1,0
3076,b,17,547,0,1,1
3077,b,18,538,0,1,0
3078,b,26,547,0,0,1
3079,b,12,547,0,0,1
3080,b,16,528,0,0,1
3081,b,33,516,0,1,0
3082,b,12,545,0,0,1
3083,a,21,121,0,1,0
3084,b,16,538,0,1,0
3085,b,10,545,0,1,0
3086,a,11,123,0,0,1
3087,b,19,540,1,1,0
3088,b,42,541,0,0,1
3089,b,23,521,0,1,1
3090,b,25,547,0,1,1
3091,b,40,480,0,1,0
3092,b,6,547,0,1,0
3093,a,8,123,0,1,0
3094,a,3,120,0,0,1
3095,b,13,524,0,0,1
3096,b,15,463,0,1,0
3097,b,15,528,0,0,1
3098,b,22,433,0,0,1
3099,b,2,486,0,0,1
3100,b,7,540,1,1,0
3101,b,14,516,0,0,1
3102,a,20,123,0,1,0
3103,b,9,547,0,0,1
3104,b,39,477,0,1,0
3105,b,19,490,0,1,0
3106,b,18,516,0,1,0
3107,b,49,529,1,1,0
3108,b,13,533,0,1,0
3109,a,2,121,0,1,0
3110,b,19,547,0,1,0
3111,b,6,530,0,0,1
3112,a,27,123,0,1,0
3113,a,18,124,0,1,0
3114,b,3,547,0,1,0
3115,b,5,546,1,0,1
3116,b,9,547,0,1,0
3117,b,18,461,1,1,0
3118,a,37,123,0,1,0
3119,a,29,121,0,0,1
3120,b,10,543,0,1,0
3121,b,28,529,0,0,1
3122,b,15,517,0,1,0
3123,b,23,547,1,1,0
3124,a,9,120,0,1,0
3125,b,12,537,1,1,0
3126,b,40,547,0,0,1
3127,b,31,547,0,1,0
3128,a,12,118,0,0,1
3129,b,15,540,0,1,0
3130,b,17,489,0,1,0
3131,b,25,547,1,0,1
3132,b,26,533,0,1,0
3133,b,35,547,0,0,1
3134,a,8,124,0,0,1
3135,a,6,123,0,1,0
3136,b,13,543,0,1,0
3137,b,10,541,0,1,0
3138,b,9,504,1,0,1
3139,b,19,545,0,1,1
3140,b,17,477,0,0,1
3141,b,19,544,0,1,0
3142,b,28,467,0,1,0
3143,b,19,546,0,0,1
3144,b,31,523,0,0,1
3145,b,5,508,0,1,0
3146,a,1,107,0,0,1
3147,a,0,122,1,0,1
3148,a,35,121,0,0,1
3149,b,43,545,0,1,0
3150,b,21,543,1,1,0
3151,b,23,465,0,0,1
3152,b,23,547,1,1,0
3153,b,14,546,0,1,0
3154,b,18,531,0,1,0
3155,a,7,124,0,1,0
3156,b,15,541,0,0,1
3157,a,5,123,0,0,1
3158,b,34,539,0,0,1
3159,b,64,438,0,1,0
3160,b,8,529,0,0,1
3161,b,34,541,0,1,0
3162,b,12,544,0,1,0
3163,b,15,546,0,1,0
3164,b,16,534,0,1,0
3165,b,38,547,0,0,1
3166,a,2,124,0,1,0
3167,b,14,546,0,0,1
3168,a,5,124,0,0,1
3169,b,17,547,1,1,0
3170,a,9,123,0,0,1
3171,a,15,124,0,0,1
3172,a,5,123,0,1,0
3173,b,28,546,0,1,0
3174,b,19,547,1,1,0
3175,b,8,546,0,0,1
3176,a,16,113,0,0,1
3177,a,5,123,0,0,1
3178,b,21,539,0,0,1
3179,a,18,123,0,0,1
3180,a,2,124,0,0,1
3181,b,16,547,0,1,0
3182,b,27,542,1,1,0
3183,a,29,123,0,0,1
3184,b,11,536,1,1,0
3185,b,10,537,1,1,0
3186,b,6,546,0,0,1
3187,b,36,544,0,0,1
3188,a,3,120,0,1,0
3189,a,2,121,0,1,0
3190,a,10,110,0,0,1
3191,b,24,531,0,1,0
3192,b,77,445,0,0,0
3193,b,10,541,0,0,1
3194,a,0,122,1,1,0
3195,b,8,544,0,1,0
3196,b,12,536,0,1,0
3197,b,13,450,0,1,0
3198,b,12,515,1,1,0
3199,b,2,450,0,1,0
3200,a,3,89,0,0,1
3201,a,0,122,1,1,0
3202,b,10,545,0,1,0
3203,b,21,520,0,1,0
3204,a,2,121,0,1,0
3205,b,44,546,0,0,1
3206,b,37,529,0,0,1
3207,a,5,124,0,0,1
3208,b,7,543,0,0,1
3209,a,26,122,0,1,0
3210,b,19,547,1,1,0
3211,b,22,547,0,1,0
3212,b,4,505,0,1,0
3213,a,11,124,0,1,0
3214,b,54,542,0,1,0
3215,b,16,525,0,1,0
3216,b,6,547,0,1,0
3217,b,13,539,1,0,1
3218,b,2,544,0,1,0
3219,b,20,539,0,0,1
3220,a,14,123,0,1,0
3221,b,5,514,1,0,1
3222,a,14,123,0,1,1
3223,b,13,542,0,0,1
3224,b,26,535,0,1,0
3225,b,10,541,0,0,1
3226,b,16,545,0,1,0
3227,a,8,122,0,1,0
3228,b,17,539,0,0,1
3229,b,31,523,0,0,1
3230,b,21,499,0,1,0
3231,b,2,505,0,1,0
3232,a,2,124,0,0,1
3233,b,34,536,1,1,0
3234,b,21,376,0,0,1
3235,b,5,542,1,1,0
3236,a,0,123,0,0,1
3237,b,49,454,0,1,0
3238,a,15,121,0,1,0
3239,a,41,124,0,1,0
3240,a,1,123,0,1,0
3241,a,16,124,0,0,1
3242,a,0,122,1,1,0
3243,b,22,514,0,0,1
3244,b,24,517,0,0,1
3245,b,9,530,0,0,1
3246,b,15,544,0,1,0
3247,b,29,544,1,1,0
3248,b,36,540,0,0,1
3249,b,16,517,0,1,0
3250,b,62,547,0,0,1
3251,a,21,124,0,0,1
3252,b,36,542,0,1,0
3253,b,33,515,0,0,1
3254,b,12,540,0,1,0
3255,b,20,519,0,1,0
3256,b,15,540,0,1,0
3257,b,14,508,0,0,1
3258,b,12,547,0,0,1
3259,b,9,547,0,0,1
3260,b,50,387,0,0,1
3261,b,22,546,0,1,0
3262,b,22,539,0,1,1
3263,b,20,543,0,1,0
3264,a,9,122,0,1,0
3265,b,20,545,0,1,1
3266,b,67,447,0,1,0
3267,b,19,488,1,1,0
3268,b,3,508,0,1,0
3269,a,12,121,0,1,0
3270,b,15,545,0,1,0
3271,b,2,531,0,1,0
3272,b,21,535,0,0,1
3273,b,40,544,0,1,0
3274,b,41,545,0,0,1
3275,a,12,121,0,1,0
3276,b,3,546,0,1,0
3277,b,2,505,0,0,1
3278,b,30,518,0,0,1
3279,b,16,547,0,0,1
3280,b,40,539,0,0,1
3281,a,2,124,0,1,0
3282,a,7,124,0,1,0
3283,b,14,547,0,0,1
3284,a,8,121,0,0,1
3285,b,44,547,0,1,0
3286,a,16,119,0,0,1
3287,b,24,542,0,1,1
3288,b,7,546,0,0,1
3289,b,3,544,1,1,0
3290,b,13,526,1,1,0
3291,b,12,541,0,1,0
3292,b,7,489,0,1,0
3293,a,25,123,0,1,0
3294,b,47,547,0,0,1
3295,a,26,124,0,1,0
3296,a,1,120,0,0,1
3297,a,20,116,0,1,0
3298,a,21,123,0,0,1
3299,b,9,541,0,0,1
3300,b,3,547,0,1,0
3301,b,18,414,0,1,0
3302,a,19,124,0,0,1
3303,b,10,535,0,1,0
3304,a,6,124,0,1,0
3305,b,10,526,0,0,1
3306,b,35,532,0,0,1
3307,b,84,543,0,0,1
3308,b,28,543,0,0,1
3309,b,8,538,0,1,0
3310,b,6,546,0,0,1
3311,b,3,462,0,0,1
3312,b,20,544,0,1,1
3313,b,8,520,0,1,0
3314,b,9,403,0,0,1
3315,b,15,544,1,1,0
3316,b,21,547,0,0,1
3317,b,9,543,1,1,0
3318,b,65,438,0,0,1
3319,b,44,537,0,0,1
3320,b,12,541,0,0,1
3321,b,1,515,0,0,1
3322,b,9,453,0,1,0
3323,b,9,492,0,0,1
3324,b,13,547,0,0,1
3325,a,11,115,0,0,1
3326,b,12,547,0,0,1
3327,b,6,527,0,1,0
3328,b,35,539,0,0,1
3329,b,10,533,0,1,0
3330,b,15,531,0,1,0
3331,a,19,123,0,0,1
3332,b,26,467,0,1,0
3333,a,8,107,0,0,1
3334,b,24,534,0,1,0
3335,b,7,547,0,1,0
3336,b,9,543,1,0,1
3337,b,16,508,0,1,1
3338,b,18,542,0,0,1
3339,b,17,547,0,1,0
3340,a,8,89,0,0,1
3341,b,14,512,0,1,0
3342,a,16,124,0,0,1
3343,a,0,122,1,1,0
3344,b,7,538,0,1,0
3345,b,11,540,1,1,0
3346,b,28,532,0,0,1
3347,a,6,122,0,0,1
3348,b,37,545,0,0,1
3349,b,8,547,0,1,0
3350,b,1,513,1,1,0
3351,a,22,123,0,0,1
3352,a,6,117,0,0,1
3353,b,5,525,0,0,1
3354,b,23,534,1,1,0
3355,b,9,539,0,1,0
3356,a,2,124,0,1,0
3357,b,20,547,0,1,0
3358,b,32,544,0,0,1
3359,b,22,542,0,0,1
3360,b,25,547,0,0,1
3361,b,1,539,1,1,0
3362,a,28,119,0,0,1
3363,b,12,547,0,1,0
3364,b,49,438,0,0,1
3365,b,13,539,0,0,1
3366,b,25,547,0,1,0
3367,b,30,540,0,0,1
3368,b,38,547,0,1,0
3369,b,26,467,0,1,0
3370,b,19,541,0,1,0
3371,a,20,121,0,0,1
3372,b,13,529,1,1,0
3373,b,19,546,1,0,1
3374,b,9,534,1,1,0
3375,a,29,124,0,1,0
3376,b,10,547,0,1,0
3377,b,3,513,1,0,1
3378,b,20,539,0,1,0
3379,b,14,544,0,1,0
3380,a,26,123,0,1,0
3381,b,34,544,0,0,1
3382,b,7,546,1,0,1
3383,b,9,546,1,1,0
3384,b,35,547,0,0,1
3385,b,45,546,0,1,0
3386,a,16,119,0,0,1
3387,b,9,530,1,1,0
3388,b,28,468,0,1,0
3389,b,9,547,1,1,0
3390,b,15,528,0,1,0
3391,b,5,514,1,1,0
3392,b,23,547,0,0,1
3393,b,41,544,0,1,0
3394,b,38,547,0,1,0
3395,a,11,121,0,0,1
3396,b,39,520,0,0,1
3397,b,23,547,0,0,1
3398,b,22,547,0,1,0
3399,b,1,519,1,1,0
3400,a,30,121,0,1,0
3401,b,5,546,1,0,1
3402,a,9,124,0,1,0
3403,b,28,466,0,1,0
3404,b,25,547,0,1,0
3405,a,12,124,0,0,1
3406,b,5,542,0,0,1
3407,a,19,122,0,1,0
3408,b,47,511,0,1,0
3409,b,5,543,1,1,0
3410,b,9,543,1,0,1
3411,b,0,515,0,0,1
3412,b,15,538,1,0,1
3413,b,11,547,1,1,0
3414,b,18,547,0,1,0
3415,b,10,545,0,1,0
3416,b,26,547,0,1,0
3417,b,7,540,1,1,0
3418,b,12,547,0,1,0
3419,b,23,547,1,0,1
3420,b,1,544,0,0,1
3421,b,33,511,0,1,0
3422,b,6,547,0,0,1
3423,b,15,546,1,1,0
3424,a,17,124,0,0,1
3425,b,18,547,0,1,0
3426,b,32,545,0,0,1
3427,b,15,547,0,1,1
3428,b,47,437,0,0,0
3429,b,7,545,0,0,1
3430,a,12,124,0,0,1
3431,b,14,533,0,1,0
3432,a,11,119,0,1,0
3433,b,5,543,1,0,1
3434,b,23,511,0,1,0
3435,b,13,490,0,0,1
3436,b,30,521,0,1,0
3437,b,19,523,1,1,0
3438,b,12,541,0,1,0
3439,a,14,123,0,0,1
3440,b,16,547,0,0,1
3441,b,13,547,0,0,1
3442,b,24,547,0,1,0
3443,b,12,463,0,1,0
3444,a,6,118,0,0,1
3445,b,26,538,0,0,1
3446,b,14,541,0,0,1
3447,b,19,543,0,0,1
3448,b,18,539,0,0,1
3449,b,10,528,0,1,0
3450,b,12,521,0,0,1
3451,b,17,545,0,0,1
3452,a,22,124,0,0,1
3453,a,2,124,0,0,1
3454,b,5,514,1,0,1
3455,b,22,498,0,1,0
3456,b,33,547,0,0,1
3457,b,31,523,1,1,0
3458,b,15,542,1,1,0
3459,b,24,544,0,0,1
3460,b,35,546,0,1,0
3461,a,4,115,0,0,1
3462,b,15,547,1,0,1
3463,a,19,123,0,1,0
3464,b,13,460,0,0,1
3465,a,1,107,0,0,1
3466,b,25,547,0,1,0
3467,b,17,538,1,1,0
3468,b,48,547,0,0,1
3469,a,22,123,0,0,1
3470,a,2,124,0,1,0
3471,b,0,522,0,0,1
3472,b,20,528,0,0,1
3473,b,22,547,0,0,1
3474,b,15,547,0,1,0
3475,b,17,536,1,1,0
3476,b,12,545,0,1,0
3477,b,3,547,0,0,1
3478,b,30,541,0,0,1
3479,b,16,545,0,0,1
3480,b,23,547,0,1,0
3481,b,18,541,0,1,0
3482,a,9,124,0,0,1
3483,b,14,545,0,1,0
3484,b,15,546,0,1,0
3485,a,16,124,0,0,1
3486,a,13,71,0,0,1
3487,b,21,284,0,0,1
3488,b,26,547,0,0,1
3489,b,19,501,1,0,1
3490,b,6,520,0,1,0
3491,b,22,517,0,1,0
3492,b,21,547,0,0,1
3493,a,13,122,0,1,0
3494,b,1,537,1,1,0
3495,a,2,111,0,0,1
3496,b,16,526,0,0,1
3497,b,20,539,0,0,1
3498,b,17,540,0,1,0
3499,b,42,546,0,0,1
3500,a,3,122,0,1,0
3501,b,19,532,0,1,0
3502,b,13,526,0,0,1
3503,b,10,540,0,0,1
3504,a,2,121,0,0,1
3505,b,21,547,1,1,0
3506,b,16,542,0,0,1
3507,b,15,515,0,0,1
3508,b,13,533,0,0,1
3509,b,12,547,0,1,0
3510,b,17,541,0,0,1
3511,b,16,545,0,1,0
3512,a,2,124,0,0,1
3513,a,23,119,0,0,1
3514,b,11,546,1,1,0
3515,a,11,114,0,0,1
3516,a,6,123,0,1,0
3517,b,29,535,0,0,1
3518,b,9,524,1,1,0
3519,b,31,538,0,1,0
3520,b,14,391,0,1,0
3521,b,15,538,1,0,1
3522,b,24,502,1,1,0
3523,b,16,505,0,1,0
3524,a,18,122,0,1,0
3525,b,23,546,0,1,1
3526,b,15,547,0,1,0
3527,b,14,526,0,1,0
3528,b,50,541,0,0,1
3529,b,14,546,0,1,0
3530,b,31,547,1,1,0
3531,b,21,544,0,1,0
3532,a,2,121,0,0,1
3533,b,8,545,0,1,0
3534,a,24,119,0,0,1
3535,b,5,542,1,1,0
3536,a,11,124,0,0,1
3537,b,15,535,0,1,0
3538,b,9,547,0,1,1
3539,b,36,547,0,1,0
3540,b,9,516,0,1,1
3541,b,38,539,0,0,1
3542,b,43,547,1,1,0
3543,b,5,302,0,1,0
3544,b,13,542,1,1,0
3545,a,33,122,0,1,0
3546,b,23,535,0,0,1
3547,b,20,542,0,0,1
3548,a,5,124,0,1,0
3549,b,14,547,0,1,0
3550,a,13,113,0,1,0
3551,b,13,547,0,1,0
3552,b,7,545,0,0,1
3553,b,46,537,1,1,0
3554,a,14,124,0,0,1
3555,b,24,546,0,1,0
3556,a,6,123,0,1,0
3557,b,20,545,0,1,0
3558,b,11,504,0,1,1
3559,a,16,121,0,1,0
3560,b,12,546,0,0,1
3561,b,20,547,0,1,0
3562,b,9,546,0,0,1
3563,b,22,535,0,1,0
3564,b,13,547,0,1,0
3565,a,3,120,0,1,0
3566,b,20,547,0,1,0
3567,b,41,540,0,0,1
3568,b,14,539,0,0,1
3569,a,19,122,0,1,0
3570,b,3,546,0,1,0
3571,b,36,547,0,1,0
3572,b,17,540,0,1,0
3573,b,16,544,0,1,0
3574,b,48,547,0,1,1
3575,a,14,121,0,0,1
3576,a,1,115,0,1,0
3577,b,8,545,0,0,1
3578,a,20,124,0,1,0
3579,a,29,124,0,0,1
3580,a,9,119,0,0,1
3581,b,12,533,0,1,0
3582,a,9,123,0,0,1
3583,b,11,542,1,1,0
3584,b,3,547,0,0,1
3585,a,10,122,0,0,1
3586,b,10,521,0,1,0
3587,a,17,124,0,1,0
3588,b,6,520,0,1,0
3589,a,0,123,1,1,0
3590,b,14,521,0,0,1
3591,a,37,123,0,1,0
3592,b,11,545,0,1,0
3593,b,0,515,1,1,0
3594,b,5,546,1,0,1
3595,a,18,121,0,0,1
3596,b,25,544,0,1,1
3597,b,27,545,0,0,1
3598,a,14,120,0,1,0
3599,a,15,121,0,0,1
3600,a,20,122,0,1,0
3601,b,34,373,0,0,1
3602,b,16,544,0,1,0
3603,b,58,547,0,0,1
3604,b,38,545,0,0,1
3605,b,11,547,1,1,0
3606,b,31,535,0,0,1
3607,b,47,547,1,1,0
3608,a,11,123,0,0,1
3609,b,2,547,0,0,1
3610,a,5,124,0,1,0
3611,b,47,547,1,1,0
3612,b,21,517,0,1,0
3613,b,32,547,0,0,1
3614,a,9,122,0,0,1
3615,b,23,545,0,1,0
3616,b,23,535,0,0,1
3617,b,11,541,0,0,1
3618,b,30,546,0,1,0
3619,b,24,534,0,0,1
3620,b,3,523,0,1,0
3621,b,12,504,0,1,0
3622,b,30,547,0,1,0
3623,b,41,545,0,1,0
3624,a,10,124,0,0,1
3625,b,9,547,0,1,0
3626,b,30,547,0,1,0
3627,b,30,537,0,0,1
3628,b,6,546,0,0,1
3629,b,12,524,0,1,0
3630,b,3,547,0,1,0
3631,a,15,124,0,0,1
3632,a,16,123,0,1,0
3633,b,11,533,0,0,1
3634,b,11,547,0,1,0
3635,b,2,545,0,1,0
3636,b,2,540,0,1,0
3637,b,4,495,0,0,1
3638,b,32,547,0,1,0
3639,b,28,544,0,0,1
3640,b,18,529,1,1,0
3641,b,44,547,0,0,1
3642,b,11,528,0,1,0
3643,a,9,124,0,0,1
3644,b,28,536,0,0,1
3645,b,13,526,1,1,0
3646,b,29,547,0,1,0
3647,a,0,122,1,1,0
3648,a,0,122,1,0,1
3649,b,13,546,1,1,0
3650,b,9,542,0,1,0
3651,b,16,542,0,1,0
3652,b,41,546,0,0,1
3653,b,6,471,0,1,0
3654,a,22,122,0,0,1
3655,b,4,547,0,0,1
3656,b,3,547,0,1,0
3657,a,15,122,0,1,0
3658,a,7,117,0,0,1
3659,b,9,545,0,1,0
3660,a,32,121,0,0,1
3661,b,25,541,0,0,1
3662,b,31,535,0,0,1
3663,b,16,534,0,1,0
3664,b,23,543,1,1,0
3665,b,29,545,0,0,1
3666,b,20,546,0,0,1
3667,a,23,119,0,0,1
3668,b,14,521,0,0,1
3669,b,11,546,1,1,0
3670,b,1,513,1,1,0
3671,a,35,122,0,0,1
3672,b,43,547,0,0,1
3673,a,20,119,0,1,0
3674,b,4,539,0,1,0
3675,a,2,121,0,1,0
3676,b,52,529,1,1,0
3677,b,28,538,0,0,1
3678,b,25,516,0,0,1
3679,b,9,543,1,1,0
3680,b,42,543,0,0,1
3681,b,5,539,0,0,1
3682,b,27,529,1,1,0
3683,b,32,537,1,1,0
3684,b,29,520,0,1,0
3685,a,2,121,0,0,1
3686,b,19,547,0,1,0
3687,b,6,547,0,1,0
3688,b,22,544,0,0,1
3689,b,9,546,1,1,0
3690,b,30,546,0,0,1
3691,b,18,545,0,1,0
3692,b,17,536,1,1,0
3693,b,38,539,0,0,1
3694,b,20,538,0,1,0
3695,a,16,123,0,1,0
3696,b,23,545,0,0,1
3697,b,23,530,0,0,1
3698,b,21,528,0,1,0
3699,b,29,528,0,0,1
3700,b,17,547,0,1,0
3701,b,18,545,0,1,0
3702,b,19,544,1,1,0
3703,b,9,545,0,1,0
3704,b,5,546,0,0,1
3705,a,6,124,0,1,0
3706,b,26,499,0,1,0
3707,b,5,248,1,1,0
3708,b,4,545,0,1,0
3709,b,23,501,0,0,1
3710,b,10,547,0,1,0
3711,a,8,122,0,1,0
3712,b,14,547,0,1,0
3713,b,46,444,0,0,1
3714,b,23,543,1,1,0
3715,b,0,537,1,1,1
3716,a,1,107,1,1,0
3717,b,8,508,0,0,1
3718,b,10,545,0,1,0
3719,b,1,529,0,1,0
3720,b,45,457,0,0,1
3721,b,5,546,1,0,1
3722,a,12,123,0,1,0
3723,b,24,538,0,1,0
3724,b,5,514,1,0,1
3725,b,9,497,0,0,1
3726,b,29,535,0,0,1
3727,a,43,121,0,0,1
3728,b,26,532,0,1,0
3729,b,18,547,0,1,0
3730,b,2,545,0,0,1
3731,a,28,124,0,0,1
3732,a,24,124,0,1,0
3733,b,13,540,1,1,0
3734,b,17,541,0,1,0
3735,b,23,544,0,1,0
3736,b,10,515,0,0,1
3737,b,38,547,0,1,0
3738,a,20,124,0,1,0
3739,b,27,542,0,1,0
3740,b,11,504,0,0,1
3741,b,33,515,1,1,0
3742,b,12,526,0,0,1
3743,a,0,124,1,1,0
3744,b,17,546,0,1,0
3745,a,5,123,0,1,1
3746,b,7,531,0,1,0
3747,a,14,124,0,1,0
3748,a,33,124,0,0,1
3749,b,6,547,0,1,1
3750,b,70,538,0,0,1
3751,b,25,546,1,0,1
3752,a,5,122,0,1,0
3753,a,16,122,0,1,0
3754,b,23,547,1,1,0
3755,b,22,529,1,1,0
3756,b,15,537,1,1,1
3757,b,32,543,0,1,0
3758,b,24,546,0,1,0
3759,b,28,543,0,0,1
3760,b,39,478,0,1,0
3761,b,8,528,0,0,1
3762,b,14,528,0,1,0
3763,a,12,124,0,0,1
3764,b,36,541,0,0,1
3765,a,7,117,0,0,1
3766,b,3,513,1,1,0
3767,b,11,533,0,1,0
3768,b,2,511,0,0,1
3769,b,2,547,0,1,0
3770,b,8,390,1,0,0
3771,a,36,124,0,0,1
3772,b,45,547,0,0,1
3773,a,20,124,0,1,0
3774,b,1,513,0,0,1
3775,b,22,534,0,1,0
3776,b,55,544,0,0,1
3777,b,37,444,0,0,1
3778,b,42,540,0,0,1
3779,b,17,545,0,1,0
3780,b,13,547,0,1,0
3781,b,25,532,0,0,1
3782,b,15,527,0,1,0
3783,b,24,422,0,0,1
3784,a,2,124,0,1,0
3785,b,25,537,0,0,1
3786,b,2,431,0,1,0
3787,b,19,524,0,0,1
3788,b,1,544,1,1,0
3789,b,3,547,0,1,0
3790,b,9,544,0,1,0
3791,a,2,117,0,1,0
3792,b,31,520,0,0,1
3793,b,34,540,0,1,0
3794,a,13,115,0,0,1
3795,b,12,534,0,1,0
3796,a,8,108,0,0,1
3797,b,5,534,1,1,0
3798,b,12,437,0,0,1
3799,a,6,124,0,1,0
3800,a,15,123,0,1,0
3801,b,31,530,0,0,1
3802,b,35,545,0,1,0
3803,a,12,122,0,0,1
3804,b,13,543,0,1,0
3805,b,9,506,0,0,1
3806,b,15,547,0,1,0
3807,a,7,114,0,1,0
3808,a,20,122,0,1,0
3809,a,11,123,0,0,1
3810,b,20,547,0,1,0
3811,b,36,537,0,0,1
3812,b,13,547,0,1,0
3813,b,12,474,0,0,1
3814,a,35,123,0,0,1
3815,b,0,522,0,1,0
3816,b,2,508,0,1,0
3817,a,1,117,0,0,1
3818,b,47,547,1,1,0
3819,b,16,499,0,1,0
3820,b,3,547,0,0,1
3821,b,16,547,0,1,0
3822,b,30,544,0,1,0
3823,b,20,545,0,1,0
3824,b,8,542,0,1,0
3825,b,21,465,0,0,1
3826,b,30,546,0,1,0
3827,b,4,547,0,0,1
3828,b,17,534,0,0,1
3829,b,27,528,0,1,0
3830,a,0,122,1,1,0
3831,b,46,547,0,0,1
3832,b,30,539,0,0,1
3833,a,2,124,0,0,1
3834,b,27,539,1,1,0
3835,b,13,547,0,1,0
3836,a,7,123,0,0,1
3837,b,24,527,0,1,0
3838,b,61,547,0,0,1
3839,b,38,545,0,1,1
3840,a,20,123,0,1,0
3841,a,12,123,0,1,0
3842,b,40,474,0,1,0
3843,b,20,545,0,0,1
3844,b,29,547,0,0,1
3845,b,11,542,1,0,1
3846,b,34,540,0,0,1
3847,b,1,537,1,1,0
3848,b,9,546,1,1,0
3849,b,29,540,1,1,0
3850,b,10,463,0,0,1
3851,b,8,546,0,0,1
3852,b,34,541,0,0,1
3853,b,25,547,0,0,1
3854,b,65,538,0,1,0
3855,a,15,123,0,1,0
3856,b,13,546,1,1,0
3857,a,8,119,0,0,1
3858,b,10,542,0,1,1
3859,b,6,541,0,0,1
3860,b,41,547,0,1,0
3861,b,22,542,0,1,0
3862,b,33,515,0,0,1
3863,a,19,124,0,0,1
3864,b,6,547,0,0,1
3865,b,15,499,0,0,1
3866,a,11,124,0,1,0
3867,b,43,537,0,0,1
3868,a,1,108,0,1,0
3869,b,16,541,0,0,1
3870,a,22,124,0,1,0
3871,b,28,546,0,0,1
3872,a,15,123,0,1,0
3873,b,37,547,0,1,0
3874,a,7,123,0,0,1
3875,a,14,124,0,1,0
3876,b,20,542,0,0,1
3877,b,9,538,1,0,1
3878,b,4,543,0,0,1
3879,b,10,495,0,1,0
3880,b,8,547,0,1,0
3881,b,11,534,1,1,0
3882,a,20,123,0,1,0
3883,b,36,547,0,1,0
3884,b,20,545,0,1,0
3885,a,12,123,0,0,1
3886,b,12,544,0,0,1
3887,a,6,108,0,1,0
3888,b,60,547,0,1,0
3889,b,13,526,1,1,0
3890,b,30,545,0,0,1
3891,b,9,542,0,1,0
3892,b,3,547,0,0,1
3893,a,6,120,0,0,1
3894,a,0,124,1,0,1
3895,b,16,547,0,1,0
3896,b,16,512,0,1,0
3897,b,18,542,0,1,0
3898,a,0,122,1,1,0
3899,b,7,391,1,1,0
3900,b,50,542,0,0,1
3901,b,16,547,0,1,0
3902,a,29,124,0,0,1
3903,a,11,107,0,0,1
3904,a,1,123,0,0,1
3905,b,9,497,0,0,1
3906,b,36,455,0,1,0
3907,a,2,121,0,0,1
3908,b,18,546,0,1,0
3909,b,14,517,0,1,0
3910,b,15,527,0,1,0
3911,b,22,534,0,0,1
3912,b,26,547,0,0,1
3913,b,13,546,0,1,1
3914,a,8,122,0,1,0
3915,b,21,532,0,0,1
3916,b,19,532,0,0,1
3917,b,28,535,0,0,1
3918,b,53,547,0,1,0
3919,b,28,527,0,1,0
3920,b,29,547,0,0,1
3921,b,52,455,0,0,0
3922,a,19,121,0,0,1
3923,b,15,547,0,1,0
3924,b,26,541,0,0,1
3925,b,31,543,0,1,0
3926,a,12,124,0,1,0
3927,b,17,547,0,1,0
3928,b,29,547,1,1,0
3929,b,41,547,0,0,1
3930,a,14,109,0,0,1
3931,b,8,546,0,1,0
3932,b,9,495,0,1,0
3933,a,12,124,0,0,1
3934,a,0,122,1,1,0
3935,a,2,121,0,0,1
3936,a,0,102,1,1,0
3937,a,0,122,0,0,1
3938,b,29,547,0,0,1
3939,a,7,124,0,1,0
3940,b,5,542,1,0,1
3941,b,13,544,0,1,0
3942,a,29,124,0,1,0
3943,b,17,543,0,1,0
3944,b,13,534,0,0,1
3945,a,6,120,0,1,0
3946,b,24,536,1,1,0
3947,b,30,537,0,1,0
3948,b,14,533,0,1,0
3949,b,35,547,0,0,1
3950,b,7,543,1,0,1
3951,a,17,122,0,0,1
3952,a,32,123,0,1,0
3953,a,0,122,0,0,1
3954,b,22,536,1,1,0
3955,b,18,545,0,1,1
3956,b,31,545,0,1,0
3957,b,13,468,0,0,1
3958,a,17,122,0,1,0
3959,a,2,124,0,0,1
3960,b,30,447,0,1,0
3961,b,15,532,0,0,1
3962,b,30,527,0,1,0
3963,b,5,491,1,1,0
3964,b,12,543,0,1,0
3965,b,20,545,0,1,0
3966,b,54,546,0,1,0
3967,a,4,123,0,1,0
3968,a,5,124,0,0,1
3969,a,1,123,0,1,0
3970,b,2,547,0,1,0
3971,b,13,544,0,1,0
3972,b,8,526,0,1,0
3973,a,4,122,0,1,0
3974,b,10,434,0,0,1
3975,b,20,545,0,0,1
3976,b,21,516,0,1,0
3977,b,58,531,0,0,1
3978,b,9,534,1,0,1
3979,b,18,547,0,1,0
3980,b,21,539,0,0,1
3981,a,1,107,1,1,0
3982,b,6,537,0,0,1
3983,b,5,542,1,0,1
3984,a,1,120,0,1,0
3985,b,25,522,0,1,0
3986,b,5,542,1,0,1
3987,b,23,547,0,1,0
3988,b,12,524,0,1,0
3989,a,6,123,0,1,0
3990,b,43,547,0,0,1
3991,b,31,547,0,0,1
3992,a,20,124,0,0,1
3993,b,53,507,0,0,1
3994,b,15,547,0,1,0
3995,b,22,525,0,1,0
3996,b,56,537,0,0,1
3997,b,29,547,0,1,0
3998,a,12,117,0,0,1
3999,b,22,544,0,0,1
4000,a,9,124,0,0,1
4001,b,21,509,0,0,1
4002,b,7,488,1,1,0
4003,b,23,508,0,0,1
4004,a,32,124,0,1,0
4005,b,8,539,0,0,1
4006,a,8,121,0,1,0
4007,b,21,547,0,0,1
4008,a,13,117,0,1,0
4009,b,17,532,0,1,0
4010,b,30,543,0,0,1
4011,a,27,119,0,0,1
4012,b,17,534,0,0,1
4013,a,26,123,0,1,0
4014,b,6,528,0,0,1
4015,a,0,122,1,1,0
4016,b,13,547,0,0,1
4017,b,10,545,0,1,0
4018,b,21,536,1,1,0
4019,b,8,547,0,0,1
4020,b,23,540,0,0,1
4021,a,15,124,0,1,0
4022,b,12,547,0,0,1
4023,b,2,528,0,0,1
4024,b,11,319,0,0,1
4025,b,20,529,1,1,0
4026,b,10,512,0,1,0
4027,b,37,540,0,0,1
4028,b,10,413,0,1,0
4029,b,49,543,1,1,0
4030,b,12,512,0,0,1
4031,b,18,468,0,1,0
4032,b,23,547,1,1,0
4033,b,2,511,0,1,0
4034,b,26,515,0,0,1
4035,a,2,124,0,0,1
4036,b,28,537,0,0,1
4037,b,11,545,0,0,1
4038,b,9,534,1,1,0
4039,b,47,547,0,0,1
4040,b,19,535,0,0,1
4041,b,30,516,0,1,0
4042,b,2,410,0,0,1
4043,b,16,537,1,1,0
4044,b,9,524,0,0,1
4045,b,11,536,1,1,0
4046,b,20,515,1,1,1
4047,b,17,541,0,1,0
4048,b,15,546,0,1,0
4049,b,0,530,0,0,1
4050,b,16,544,0,1,0
4051,b,29,539,0,1,0
4052,b,20,497,0,0,1
4053,b,10,546,0,0,1
4054,b,26,533,0,1,0
4055,b,8,546,0,1,0
4056,a,34,124,0,1,0
4057,a,2,121,0,0,1
4058,b,28,543,0,1,0
4059,b,23,499,0,1,0
4060,b,12,545,0,0,1
4061,a,8,108,0,0,1
4062,b,39,500,0,0,1
4063,a,6,120,0,0,1
4064,b,54,547,0,1,0
4065,b,9,545,0,0,1
4066,a,35,124,0,0,1
4067,b,9,517,0,0,1
4068,a,14,124,0,0,1
4069,b,6,547,0,1,0
4070,b,9,542,1,1,0
4071,b,8,527,0,1,0
4072,b,29,546,0,0,1
4073,b,32,543,0,0,1
4074,b,0,511,0,0,1
4075,b,58,539,0,0,1
4076,b,24,543,0,1,0
4077,a,15,123,0,1,0
4078,a,5,83,0,0,1
4079,b,29,544,0,0,1
4080,b,8,455,0,0,0
4081,b,21,547,0,0,1
4082,b,18,546,0,1,0
4083,b,8,544,0,1,0
4084,b,8,547,0,0,1
4085,a,16,124,0,0,1
4086,a,15,123,0,0,1
4087,b,11,534,0,0,1
4088,a,0,124,0,0,1
4089,a,0,123,1,0,1
4090,b,22,542,0,0,1
4091,b,1,539,0,0,1
4092,a,12,122,0,1,0
4093,b,16,547,0,0,1
4094,b,3,547,0,1,0
4095,a,0,122,1,1,0
4096,b,7,543,0,1,0
4097,b,21,547,0,1,0
4098,b,21,441,0,1,0
4099,b,3,462,0,1,0
4100,b,20,532,0,1,0
4101,b,15,528,0,1,0
4102,b,17,541,0,1,0
4103,b,14,536,0,1,0
4104,b,20,547,0,0,1
4105,a,8,123,0,1,0
4106,b,31,544,0,1,0
4107,b,11,535,0,0,1
4108,b,8,547,0,0,1
4109,b,27,545,0,1,0
4110,b,22,494,0,0,1
4111,b,25,522,0,1,0
4112,b,55,547,0,1,0
4113,b,27,501,0,0,1
4114,a,0,122,1,1,1
4115,b,36,546,0,1,0
4116,a,8,118,0,1,0
4117,b,30,543,0,0,1
4118,a,15,121,0,0,1
4119,a,28,124,0,1,0
4120,b,17,515,1,1,0
4121,a,0,124,1,1,0
4122,b,3,539,0,0,1
4123,b,16,542,0,0,1
4124,b,11,517,0,1,0
4125,b,5,538,0,1,0
4126,b,6,489,0,1,0
4127,a,22,121,0,1,0
4128,b,9,545,0,0,1
4129,b,7,546,0,0,1
4130,b,23,533,0,1,0
4131,b,11,547,0,0,1
4132,b,29,545,0,1,0
4133,b,26,515,0,0,1
4134,b,10,538,0,0,1
4135,b,11,517,0,0,1
4136,a,2,124,0,1,0
4137,b,18,527,0,1,0
4138,a,10,123,0,1,0
4139,a,2,121,0,0,1
4140,b,19,530,0,0,1
4141,b,5,540,0,1,0
4142,b,83,546,1,1,1
4143,b,13,533,0,1,0
4144,a,0,122,1,0,1
4145,b,12,527,0,1,0
4146,b,40,544,0,1,1
4147,b,3,546,0,1,0
4148,b,9,538,0,0,1
4149,a,18,124,0,1,0
4150,b,35,547,1,1,0
4151,b,14,515,1,1,0
4152,b,10,537,1,1,0
4153,b,21,400,0,0,1
4154,b,19,544,1,1,0
4155,a,23,124,0,1,0
4156,b,14,535,0,1,0
4157,a,10,122,0,1,0
4158,b,32,547,0,1,0
4159,b,41,535,0,0,1
4160,b,34,520,0,1,0
4161,b,46,542,0,0,1
4162,b,56,537,0,0,1
4163,a,2,124,0,1,0
4164,a,1,117,0,0,1
4165,b,3,522,0,1,0
4166,b,5,542,1,1,0
4167,b,29,335,0,1,0
4168,b,13,538,0,0,1
4169,a,10,122,0,1,0
4170,b,35,543,0,0,1
4171,b,39,547,0,1,0
4172,a,19,115,0,0,1
4173,b,42,530,0,0,1
4174,a,5,122,0,1,0
4175,b,12,541,0,0,1
4176,a,34,124,0,1,0
4177,b,2,545,0,0,1
4178,b,44,540,0,0,1
4179,b,5,543,1,1,0
4180,b,28,547,0,1,0
4181,a,0,123,1,1,0
4182,a,1,120,0,0,1
4183,b,10,545,0,1,0
4184,b,23,547,0,1,0
4185,b,60,542,0,0,1
4186,b,3,539,0,0,1
4187,b,10,517,0,0,1
4188,b,13,544,0,1,1
4189,b,1,512,1,0,1
4190,b,15,546,0,1,0
4191,b,19,547,0,0,1
4192,b,20,542,0,0,1
4193,b,27,529,0,0,1
4194,b,34,534,0,0,1
4195,b,4,547,0,1,0
4196,a,23,123,0,1,0
4197,b,40,541,0,0,1
4198,b,9,546,1,1,0
4199,b,5,546,1,1,0
4200,b,38,505,0,0,0
4201,b,13,546,0,1,0
4202,b,11,501,1,1,0
4203,a,1,123,0,0,1
4204,b,26,544,0,0,1
4205,b,68,538,0,1,0
4206,b,18,547,0,1,0
4207,b,11,547,1,1,0
4208,b,14,541,0,1,0
4209,b,42,537,1,1,0
4210,b,28,547,0,0,1
4211,a,5,124,0,0,1
4212,b,3,546,0,1,0
4213,b,9,538,1,1,0
4214,b,5,546,1,0,1
4215,a,2,124,0,0,1
4216,a,23,124,0,0,1
4217,b,9,529,1,1,0
4218,b,9,546,1,1,0
4219,b,7,527,1,1,0
4220,a,16,123,0,1,0
4221,b,7,533,0,0,1
4222,b,35,547,0,1,0
4223,b,26,547,0,1,0
4224,b,2,450,0,1,0
4225,a,29,123,0,0,1
4226,b,36,517,0,0,1
4227,b,23,501,1,1,0
4228,b,10,546,0,1,0
4229,b,24,537,0,0,1
4230,b,39,446,0,0,1
4231,b,15,545,0,0,1
4232,b,15,533,0,1,0
4233,b,1,519,1,1,0
4234,b,23,544,0,1,0
4235,b,9,546,1,1,0
4236,b,1,537,0,0,1
4237,a,22,122,0,1,0
4238,b,10,526,0,1,0
4239,b,10,512,0,1,0
4240,b,17,532,0,0,1
4241,b,24,547,0,1,1
4242,b,19,547,0,1,0
4243,b,22,541,0,0,1
4244,b,1,515,1,1,0
4245,b,20,534,0,0,1
4246,a,23,122,0,1,0
4247,b,1,515,1,1,0
4248,b,36,536,1,1,0
4249,b,14,547,0,1,0
4250,b,17,533,0,1,0
4251,b,5,546,0,0,1
4252,b,15,547,0,1,1
4253,a,17,124,0,1,0
4254,b,30,541,0,1,0
4255,a,14,123,0,1,0
4256,b,29,547,0,1,0
4257,b,16,547,0,1,0
4258,b,39,547,0,1,0
4259,b,16,501,0,1,0
4260,b,34,517,0,1,0
4261,b,34,546,0,1,0
4262,b,13,520,0,1,0
4263,b,18,541,0,1,1
4264,a,8,122,0,1,0
4265,a,25,124,0,0,1
4266,a,21,119,0,1,0
4267,b,28,545,0,1,0
4268,b,52,541,0,0,1
4269,b,20,545,0,1,0
4270,b,35,544,0,0,1
4271,b,11,541,0,0,1
4272,a,2,124,0,0,1
4273,b,25,528,0,0,1
4274,b,25,547,0,1,0
4275,b,31,547,0,1,0
4276,b,13,439,0,1,0
4277,a,54,123,0,0,1
4278,b,1,515,1,1,0
4279,b,30,547,1,0,1
4280,b,12,518,0,1,0
4281,b,54,515,1,1,0
4282,b,41,547,0,1,0
4283,a,10,123,0,1,0
4284,b,21,539,0,1,0
4285,b,13,538,1,1,0
4286,a,8,123,0,0,1
4287,a,25,124,0,0,1
4288,b,3,544,1,0,1
4289,b,44,538,0,0,1
4290,b,17,545,0,1,0
4291,b,33,547,0,1,0
4292,b,13,526,0,0,1
4293,b,27,546,0,1,0
4294,b,19,528,0,0,1
4295,a,9,123,0,0,1
4296,b,53,544,0,0,1
4297,b,17,547,0,1,0
4298,b,14,494,0,1,0
4299,b,9,534,1,0,1
4300,b,18,545,0,1,0
4301,b,24,547,0,1,0
4302,b,17,544,1,1,0
4303,a,0,113,1,0,1
4304,b,8,541,0,1,0
4305,a,2,124,0,1,0
4306,b,23,546,1,0,1
4307,b,19,545,0,1,1
4308,b,3,539,1,1,0
4309,b,8,535,0,1,0
4310,b,26,475,0,1,0
4311,a,10,124,0,0,1
4312,b,14,546,0,0,1
4313,b,26,544,0,0,1
4314,b,17,534,0,1,0
4315,b,5,514,1,1,0
4316,b,30,545,0,0,1
4317,b,22,544,0,0,1
4318,b,10,547,0,1,0
4319,a,14,121,0,1,0
4320,b,28,522,0,0,1
4321,b,7,546,1,1,0
4322,b,16,543,0,0,1
4323,b,4,477,0,0,1
4324,b,43,538,0,1,0
4325,b,19,536,1,1,0
4326,b,29,545,0,1,0
4327,b,11,545,0,1,0
4328,b,42,537,0,0,1
4329,a,13,122,0,1,0
4330,b,36,546,0,1,0
4331,a,2,124,0,0,1
4332,b,36,526,0,0,1
4333,b,33,539,0,1,0
4334,b,9,543,0,1,0
4335,b,10,541,0,1,0
4336,b,3,547,0,1,0
4337,b,8,547,0,1,0
4338,b,14,541,0,0,1
4339,b,3,546,0,0,1
4340,b,13,542,1,1,0
4341,a,30,119,0,0,1
4342,a,0,122,1,1,0
4343,b,14,547,0,0,1
4344,b,29,547,1,1,0
4345,a,6,116,0,0,1
4346,b,44,542,0,0,1
4347,a,13,124,0,0,1
4348,b,9,546,1,1,0
4349,a,2,124,0,0,1
4350,b,12,535,0,0,1
4351,b,9,542,1,1,0
4352,b,24,541,0,0,1
4353,b,28,477,0,0,1
4354,a,12,123,0,0,1
4355,a,12,117,0,0,1
4356,b,50,547,0,0,1
4357,b,12,540,0,0,1
4358,b,52,528,0,0,1
4359,b,25,545,0,0,1
4360,b,34,544,0,0,1
4361,a,16,124,0,1,0
4362,b,3,537,0,0,1
4363,a,8,124,0,0,1
4364,b,15,542,1,1,0
4365,a,1,120,0,0,1
4366,b,25,463,0,0,1
4367,a,21,117,0,0,1
4368,b,2,450,0,0,1
4369,a,13,124,0,0,1
4370,b,44,512,0,1,0
4371,b,10,530,0,0,1
4372,b,13,546,0,1,0
4373,b,42,536,0,1,0
4374,b,79,533,0,0,1
4375,a,7,123,0,1,0
4376,b,12,536,0,1,0
4377,a,7,108,0,0,1
4378,b,10,532,0,0,1
4379,a,16,123,0,0,1
4380,a,12,124,0,0,1
4381,a,16,122,0,1,0
4382,b,45,547,0,1,0
4383,b,16,538,0,0,1
4384,b,21,538,0,0,1
4385,b,13,546,0,0,1
4386,b,7,504,1,1,0
4387,b,41,520,0,1,0
4388,a,5,120,0,1,0
4389,a,0,122,1,1,0
4390,b,12,545,0,1,0
4391,b,7,536,1,1,0
4392,a,32,124,0,0,1
4393,a,16,122,0,0,1
4394,b,24,547,0,1,1
4395,b,4,543,0,0,1
4396,b,8,531,0,1,0
4397,b,7,460,1,1,0
4398,b,15,520,0,1,0
4399,a,21,122,0,1,0
4400,b,9,528,0,1,0
4401,a,17,122,0,1,0
4402,b,24,541,0,0,1
4403,a,11,123,0,0,1
4404,b,18,540,0,1,0
4405,b,38,547,0,1,0
4406,b,60,547,0,0,1
4407,b,5,513,1,1,0
4408,b,5,413,1,0,1
4409,b,19,539,1,0,1
4410,b,1,525,1,1,0
4411,a,10,124,0,1,0
4412,b,30,547,0,0,1
4413,b,3,546,0,1,0
4414,b,26,535,0,0,1
4415,b,28,546,0,1,0
4416,b,20,546,0,1,0
4417,b,25,539,0,0,1
4418,a,9,114,0,1,0
4419,a,10,124,0,1,0
4420,b,39,529,0,0,1
4421,b,3,547,0,1,0
4422,a,26,124,0,0,1
4423,a,2,124,0,0,1
4424,b,9,547,0,1,1
4425,a,1,117,0,0,1
4426,b,46,536,1,1,0
4427,b,14,545,0,0,1
4428,b,18,545,0,1,0
4429,b,26,532,0,0,1
4430,b,23,540,0,1,0
4431,b,16,531,0,1,0
4432,b,16,529,1,1,0
4433,a,9,108,0,1,0
4434,b,11,547,0,0,1
4435,b,2,400,0,0,1
4436,b,16,534,0,1,0
4437,b,40,547,0,1,1
4438,b,51,522,1,0,1
4439,b,11,546,0,0,1
4440,a,7,123,0,1,0
4441,a,0,123,1,0,1
4442,b,5,542,1,0,1
4443,b,2,545,0,1,0
4444,b,21,546,1,1,0
4445,b,23,546,1,1,0
4446,b,80,538,0,0,1
4447,b,42,547,0,1,1
4448,b,43,546,1,0,1
4449,b,31,547,1,0,1
4450,a,21,123,0,0,1
4451,b,6,520,0,1,0
4452,b,18,497,0,0,1
4453,b,9,462,0,1,0
4454,b,9,546,0,0,1
4455,b,3,513,1,1,0
4456,b,13,541,0,1,0
4457,a,9,122,0,1,0
4458,b,12,540,0,1,0
4459,a,13,119,0,0,1
4460,a,2,124,0,1,0
4461,a,14,115,0,1,0
4462,b,20,547,0,1,1
4463,b,34,546,0,0,1
4464,a,11,122,0,1,0
4465,b,18,538,0,0,1
4466,a,2,121,0,0,1
4467,b,21,531,0,1,0
4468,b,6,547,0,1,0
4469,b,1,544,0,0,1
4470,b,21,531,1,1,0
4471,b,11,547,0,1,0
4472,b,16,404,0,1,0
4473,b,43,542,0,0,1
4474,b,22,527,0,0,1
4475,a,16,121,0,0,1
4476,b,28,541,0,1,0
4477,b,1,529,1,1,0
4478,b,13,542,0,0,1
4479,b,3,547,0,1,0
4480,b,4,546,0,0,1
4481,b,38,542,0,1,0
4482,b,8,521,0,1,0
4483,b,6,543,0,0,1
4484,b,46,546,0,0,1
4485,b,11,516,0,1,0
4486,b,50,547,0,1,0
4487,a,8,120,0,1,0
4488,a,1,115,0,0,1
4489,a,0,123,1,1,0
4490,b,7,546,0,0,1
4491,b,30,542,0,1,1
4492,a,10,123,0,1,0
4493,a,15,123,0,1,0
4494,b,15,540,0,0,1
4495,b,2,529,0,0,1
4496,a,18,124,0,1,0
4497,b,24,542,0,1,0
4498,a,15,122,0,1,0
4499,b,5,538,0,0,1
4500,b,25,547,0,0,1
4501,b,44,542,0,0,1
4502,b,19,547,0,1,0
4503,b,37,547,1,1,0
4504,b,15,527,0,0,1
4505,b,18,544,0,1,0
4506,b,50,547,0,1,1
4507,b,19,540,0,1,0
4508,b,36,544,0,1,0
4509,a,0,124,1,1,0
4510,b,12,546,0,0,1
4511,a,0,110,0,0,1
4512,b,23,547,0,0,1
4513,b,42,536,0,1,1
4514,b,11,497,0,0,1
4515,b,24,536,1,1,0
4516,b,32,544,0,1,0
4517,b,15,535,1,0,1
4518,b,31,539,1,1,0
4519,b,16,527,0,1,0
4520,b,11,529,0,0,1
4521,b,21,545,0,1,0
4522,a,2,121,0,0,1
4523,b,32,534,0,1,0
4524,b,7,536,1,1,0
4525,b,14,531,0,1,0
4526,b,8,535,0,1,0
4527,b,59,545,0,1,0
4528,a,4,122,0,1,0
4529,b,19,523,0,0,1
4530,b,10,506,0,0,1
4531,b,44,547,0,1,0
4532,b,1,515,1,1,0
4533,b,12,517,0,1,0
4534,b,23,547,0,0,1
4535,b,15,547,0,1,0
4536,a,8,121,0,0,1
4537,b,54,546,0,1,0
4538,b,5,540,0,1,0
4539,a,2,121,0,0,1
4540,b,10,541,0,1,0
4541,b,22,547,0,1,0
4542,b,24,447,1,0,0
4543,b,11,546,0,0,0
4544,b,39,547,0,0,1
4545,b,18,547,0,0,1
4546,b,6,536,1,1,0
4547,b,17,546,0,0,1
4548,b,7,500,0,1,1
4549,b,5,546,0,0,1
4550,a,5,119,0,0,1
4551,b,17,531,0,1,0
4552,a,20,124,0,0,1
4553,b,4,430,0,0,1
4554,b,18,505,0,0,1
4555,b,26,532,0,1,0
4556,b,40,540,0,1,0
4557,b,39,535,0,1,1
4558,b,20,541,0,0,1
4559,a,15,122,0,0,1
4560,a,5,123,0,0,1
4561,b,12,515,0,0,1
4562,b,12,491,0,1,0
4563,b,29,545,0,0,1
4564,b,22,547,0,0,1
4565,b,20,541,0,0,1
4566,a,0,122,1,1,0
4567,b,11,542,0,0,1
4568,b,15,547,0,0,1
4569,b,37,547,0,1,0
4570,b,25,528,0,1,0
4571,b,26,539,0,0,1
4572,b,9,437,0,0,1
4573,a,2,124,0,1,0
4574,b,9,531,0,1,0
4575,b,16,538,0,0,1
4576,a,13,120,0,0,1
4577,b,18,545,0,1,0
4578,b,52,537,0,0,1
4579,b,21,495,0,1,0
4580,b,13,547,0,0,1
4581,b,11,528,0,1,0
4582,b,19,538,0,0,1
4583,b,29,444,0,1,0
4584,b,15,546,1,1,0
4585,a,23,121,0,1,0
4586,b,35,529,0,0,1
4587,b,19,532,0,1,0
4588,b,7,540,1,1,0
4589,b,9,535,0,1,0
4590,b,40,547,0,1,0
4591,b,20,466,0,0,1
4592,a,6,123,0,1,0
4593,b,14,520,0,1,0
4594,a,2,121,0,1,0
4595,a,2,120,0,0,1
4596,b,23,547,0,1,0
4597,b,20,466,0,0,1
4598,b,20,505,0,0,1
4599,b,13,546,0,0,1
4600,b,18,544,0,1,1
4601,a,10,76,0,1,0
4602,a,20,119,0,1,0
4603,b,7,542,0,0,1
4604,b,24,545,0,1,0
4605,b,12,547,0,1,0
4606,b,62,547,0,1,1
4607,b,4,542,0,0,1
4608,b,24,541,0,1,0
4609,b,36,545,0,1,0
4610,b,25,547,0,0,1
4611,b,10,547,0,1,0
4612,b,9,546,1,1,0
4613,b,29,545,0,0,1
4614,b,14,366,0,0,1
4615,b,18,540,0,1,0
4616,b,13,532,0,1,0
4617,a,21,123,0,1,0
4618,b,10,547,0,1,0
4619,b,16,547,0,0,1
4620,b,4,544,0,0,1
4621,b,10,547,0,0,1
4622,b,41,529,0,0,1
4623,b,11,539,0,0,1
4624,a,14,124,0,0,1
4625,b,22,524,0,1,0
4626,b,5,543,0,0,1
4627,b,4,514,0,1,0
4628,b,36,547,0,1,0
4629,b,24,543,0,0,1
4630,b,22,545,0,0,1
4631,b,15,523,0,1,0
4632,b,19,547,0,1,0
4633,b,28,513,0,0,1
4634,b,60,529,0,0,1
4635,b,22,547,0,1,0
4636,a,19,124,0,0,1
4637,b,4,469,0,1,0
4638,b,31,520,0,1,0
4639,b,7,547,0,0,1
4640,b,23,546,1,1,0
4641,b,17,518,0,0,1
4642,b,24,546,0,0,1
4643,b,22,544,0,1,0
4644,b,30,480,0,1,0
4645,b,56,513,0,0,1
4646,b,15,547,0,0,1
4647,b,31,547,1,1,0
4648,b,13,547,0,1,0
4649,b,13,526,0,0,1
4650,a,1,120,0,1,0
4651,b,21,545,0,1,0
4652,b,25,516,0,0,1
4653,a,33,124,0,1,0
4654,b,12,547,0,1,0
4655,b,15,490,0,1,0
4656,b,8,520,0,1,0
4657,b,13,526,0,0,1
4658,b,28,545,0,1,0
4659,b,57,437,0,0,0
4660,a,11,70,0,1,0
4661,b,14,546,0,1,0
4662,a,2,124,0,1,0
4663,b,21,547,1,0,1
4664,b,2,547,0,1,0
4665,b,16,546,0,1,0
4666,b,58,539,0,0,1
4667,b,1,508,1,0,1
4668,b,10,545,0,1,0
4669,b,19,545,0,1,0
4670,b,13,532,0,0,1
4671,a,8,123,0,1,0
4672,b,11,546,1,1,0
4673,b,11,539,1,1,0
4674,b,13,529,0,0,1
4675,b,16,543,0,1,1
4676,b,24,535,0,0,1
4677,b,16,547,0,1,0
4678,a,12,122,0,1,0
4679,a,2,121,0,1,0
4680,b,16,547,0,1,0
4681,b,2,547,0,1,0
4682,b,25,367,1,0,1
4683,b,24,541,0,1,0
4684,b,15,541,0,0,1
4685,a,33,123,0,0,1
4686,b,34,534,0,1,0
4687,a,4,98,0,0,1
4688,a,17,123,0,1,0
4689,b,29,547,0,1,0
4690,b,4,540,0,1,0
4691,b,21,547,0,1,0
4692,b,4,400,0,1,0
4693,b,33,546,0,0,1
4694,b,5,546,0,0,1
4695,b,20,539,0,1,1
4696,b,16,527,0,1,0
4697,b,5,530,1,1,0
4698,b,35,433,0,0,1
4699,b,8,544,0,1,0
4700,b,11,437,0,0,0
4701,b,6,547,0,1,0
4702,b,53,547,0,0,1
4703,b,9,543,1,1,0
4704,b,31,531,0,1,0
4705,b,15,539,0,1,0
4706,a,29,123,0,0,1
4707,a,18,124,0,1,0
4708,b,15,517,0,0,1
4709,b,4,543,0,0,1
4710,a,0,122,0,0,1
4711,b,15,534,1,1,0
4712,b,8,527,0,1,0
4713,b,3,547,0,1,0
4714,a,36,124,0,0,1
4715,a,0,119,0,0,1
4716,b,15,541,0,0,1
4717,b,10,501,0,0,1
4718,b,11,547,0,1,0
4719,b,12,547,0,1,0
4720,b,33,546,0,1,0
4721,a,0,123,1,0,1
4722,a,0,123,1,1,0
4723,b,7,534,1,1,0
4724,a,10,123,0,1,0
4725,b,10,541,0,0,1
4726,b,22,544,0,0,1
4727,b,26,453,0,1,0
4728,b,3,513,1,1,0
4729,b,13,439,0,1,0
4730,a,8,123,0,1,0
4731,b,7,545,0,1,1
4732,b,9,496,0,1,0
4733,b,35,545,0,0,1
4734,a,0,124,1,1,0
4735,b,3,547,0,1,0
4736,b,30,540,0,1,0
4737,b,16,540,0,1,0
4738,b,30,544,0,1,0
4739,a,17,116,0,0,1
4740,b,9,523,0,0,1
4741,b,17,533,0,0,1
4742,b,15,540,0,1,0
4743,b,15,545,0,1,0
4744,b,44,537,0,0,1
4745,a,0,123,1,1,0
4746,a,12,124,0,1,0
4747,b,40,484,0,0,0
4748,b,20,532,0,0,1
4749,b,16,546,0,0,1
4750,a,7,124,0,1,1
4751,b,9,444,0,0,1
4752,b,11,520,0,0,1
4753,a,4,115,0,1,0
4754,b,11,497,1,1,0
4755,a,1,117,0,0,1
4756,b,3,523,0,0,1
4757,a,0,122,1,1,0
4758,b,18,547,0,1,0
4759,a,2,124,0,0,1
4760,b,16,546,0,1,0
4761,b,15,543,0,1,0
4762,b,47,531,0,1,0
4763,a,10,122,0,0,1
4764,b,56,547,0,1,0
4765,b,14,541,0,1,0
4766,a,2,119,0,1,0
4767,b,7,533,0,1,0
4768,b,14,517,0,1,0
4769,b,58,544,0,0,1
4770,a,15,124,0,1,0
4771,b,7,541,0,1,1
4772,b,37,535,0,0,1
4773,b,26,532,0,0,1
4774,b,31,545,0,0,1
4775,b,21,547,1,0,1
4776,b,11,536,1,1,0
4777,b,20,539,0,0,1
4778,b,51,547,1,1,0
4779,b,5,546,0,1,0
4780,b,9,546,0,0,1
4781,b,1,529,1,1,0
4782,b,38,535,0,0,1
4783,b,27,530,0,0,1
4784,a,7,124,0,1,0
4785,b,8,514,0,0,1
4786,a,16,124,0,0,1
4787,b,25,524,0,0,1
4788,b,26,539,0,0,1
4789,b,24,535,0,0,1
4790,a,7,115,0,0,1
4791,b,12,501,0,0,1
4792,a,21,123,0,0,1
4793,b,21,528,0,0,1
4794,b,38,537,0,0,1
4795,a,21,120,0,1,0
4796,b,10,535,0,1,0
4797,a,2,124,0,0,1
4798,b,15,542,0,0,1
4799,b,16,466,0,1,0
4800,b,3,547,0,1,0
4801,a,2,121,0,1,0
4802,b,26,546,0,1,0
4803,b,4,534,0,0,1
4804,b,4,539,0,1,0
4805,b,37,543,0,1,0
4806,b,2,531,0,1,0
4807,b,18,545,0,1,0
4808,b,21,539,0,1,1
4809,b,13,545,0,1,0
4810,b,4,544,0,0,1
4811,a,5,107,0,1,0
4812,b,3,544,1,1,0
4813,a,7,123,0,0,1
4814,b,38,453,0,1,0
4815,a,11,124,0,0,1
4816,a,10,117,0,0,1
4817,b,36,532,0,1,0
4818,b,3,523,0,1,0
4819,a,0,122,1,0,1
4820,b,7,546,1,1,0
4821,a,12,123,0,1,0
4822,a,0,122,1,1,0
4823,a,30,123,0,1,0
4824,b,10,530,0,0,1
4825,b,2,487,1,1,0
4826,b,26,526,0,0,1
4827,b,5,531,0,1,0
4828,b,13,538,1,1,0
4829,b,11,500,0,1,1
4830,b,14,541,0,0,1
4831,b,14,465,0,0,1
4832,b,22,545,0,0,1
4833,b,2,543,0,1,0
4834,b,9,528,0,1,0
4835,b,3,546,0,1,0
4836,b,22,547,0,1,0
4837,b,15,538,0,0,1
4838,b,22,547,0,1,0
4839,b,25,536,0,0,1
4840,b,17,488,0,1,0
4841,b,9,545,0,1,0
4842,b,13,547,0,0,1
4843,a,13,121,0,1,0
4844,b,14,501,0,0,1
4845,b,38,529,0,0,1
4846,b,20,546,0,0,1
4847,b,1,539,0,0,1
4848,b,21,539,0,0,1
4849,b,11,539,0,0,1
4850,a,7,124,0,0,1
4851,b,27,547,0,1,0
4852,b,18,547,0,1,0
4853,b,8,544,0,0,1
4854,b,22,545,0,0,1
4855,b,56,547,0,0,1
4856,a,1,117,0,0,1
4857,b,15,539,0,1,0
4858,b,8,544,0,1,0
4859,b,22,544,0,1,0
4860,b,43,523,0,0,1
4861,a,13,124,0,0,1
4862,b,19,539,0,0,1
4863,b,8,547,0,1,0
4864,b,13,529,1,1,0
4865,b,10,540,0,1,0
4866,b,0,537,0,0,1
4867,b,24,545,0,0,1
4868,b,32,547,0,1,0
4869,b,11,528,0,1,0
4870,b,13,526,1,1,0
4871,a,2,121,0,1,0
4872,b,32,537,0,0,1
4873,b,27,511,0,0,1
4874,b,11,547,0,1,0
4875,b,8,545,0,1,0
4876,b,44,527,0,1,0
4877,b,9,544,0,0,1
4878,a,26,118,0,1,0
4879,b,16,541,0,0,1
4880,b,6,414,0,1,0
4881,b,16,545,0,1,0
4882,b,36,544,0,1,0
4883,b,33,541,0,1,1
4884,b,25,492,1,1,0
4885,b,15,528,0,1,0
4886,b,29,547,0,0,1
4887,b,11,542,0,1,1
4888,b,17,547,0,0,1
4889,a,13,107,0,0,1
4890,b,35,547,0,1,0
4891,a,14,121,0,0,1
4892,a,4,122,0,0,1
4893,b,3,547,0,0,1
4894,b,16,506,0,1,0
4895,a,14,122,0,0,1
4896,b,19,528,0,0,1
4897,a,8,115,0,0,1
4898,b,1,537,1,1,0
4899,b,23,547,0,1,0
4900,b,21,543,0,1,0
4901,b,18,433,0,0,1
4902,b,7,539,0,0,1
4903,a,15,124,0,1,1
4904,b,31,531,0,0,1
4905,a,7,117,0,0,1
4906,a,3,123,0,0,1
4907,a,25,123,0,1,0
4908,b,16,521,0,1,0
4909,b,27,545,0,1,0
4910,b,23,547,1,1,0
4911,b,15,547,0,1,1
4912,b,4,547,0,1,1
4913,b,44,514,0,0,1
4914,b,14,521,0,1,0
4915,b,4,430,0,0,1
4916,b,5,514,1,1,0
4917,b,10,546,0,0,1
4918,a,0,122,1,1,0
4919,b,32,532,0,1,0
4920,a,0,122,1,1,0
4921,b,9,527,1,1,0
4922,b,37,516,0,1,0
4923,b,16,496,0,1,0
4924,b,20,547,0,0,1
4925,a,24,124,0,1,0
4926,b,27,539,0,0,1
4927,b,14,529,1,1,0
4928,b,30,546,0,0,1
4929,b,8,546,0,1,0
4930,b,21,478,1,0,0
4931,a,17,124,0,0,1
4932,b,10,537,0,0,1
4933,b,13,524,0,0,1
4934,b,14,528,0,1,0
4935,b,21,540,0,0,1
4936,b,26,539,0,1,0
4937,b,13,542,1,1,0
4938,a,1,105,0,1,0
4939,b,17,545,0,1,0
4940,b,10,541,0,1,0
4941,b,5,538,0,0,1
4942,a,16,121,0,0,1
4943,b,37,544,1,1,0
4944,b,42,547,0,1,0
4945,b,26,546,0,1,0
4946,b,11,497,1,1,0
4947,a,32,124,0,1,0
4948,b,12,546,0,0,1
4949,a,14,119,0,0,1
4950,b,28,541,0,1,0
4951,a,1,115,0,1,0
4952,b,8,545,0,1,0
4953,a,26,105,0,0,1
4954,b,13,546,0,0,1
4955,b,33,547,1,1,0
4956,a,24,124,0,1,0
4957,b,13,540,0,1,1
4958,b,13,532,0,0,1
4959,b,17,529,0,0,1
4960,b,27,547,1,0,1
4961,a,26,124,0,0,1
4962,a,24,119,0,0,1
4963,b,4,533,0,1,0
4964,b,25,547,1,1,0
4965,b,25,541,0,1,0
4966,b,36,545,0,0,1
4967,b,58,546,0,1,1
4968,b,20,515,1,1,0
4969,b,13,495,1,1,0
4970,b,28,536,0,0,1
4971,b,26,540,0,1,0
4972,b,33,532,0,0,1
4973,b,13,544,0,1,0
4974,b,4,518,0,0,1
4975,b,9,542,0,0,1
4976,b,35,547,0,1,0
4977,b,1,529,1,1,0
4978,a,40,122,0,1,0
4979,b,5,513,1,1,0
4980,b,9,546,1,0,1
4981,a,11,124,0,0,1
4982,b,11,541,0,0,1
4983,b,10,541,0,1,0
4984,a,2,120,0,1,0
4985,b,9,474,0,1,0
4986,b,13,546,1,0,1
4987,b,22,541,0,0,1
4988,b,35,545,0,1,0
4989,b,17,500,0,1,0
4990,b,22,545,0,0,1
4991,b,13,544,0,1,1
4992,a,8,124,0,0,1
4993,b,14,538,0,0,1
4994,b,21,547,0,1,0
4995,b,37,545,0,1,0
4996,a,2,121,0,1,0
4997,a,14,122,0,1,0
4998,b,7,546,0,0,1
4999,b,14,501,0,1,0
5000,a,2,121,0,1,0
5001,b,1,513,1,1,0
5002,b,10,542,0,0,1
5003,b,6,547,0,0,1
5004,b,12,534,0,1,0
5005,a,2,121,0,1,0
5006,a,28,119,0,1,0
