mol_idx,top_score,uq,error,frequency,tier
0,0.61492884,0.38507116,0,74,3) common (21-100)
1,0.12144463,0.87855536,0,0,1) very rare (1-5)
2,0.8183947,0.18160528,0,74,3) common (21-100)
3,0.2530692,0.74693084,1,0,1) very rare (1-5)
4,0.036005627,0.9639944,1,0,1) very rare (1-5)
5,0.51996124,0.48003876,0,7,2) rare (6-20)
6,0.5679062,0.4320938,0,2,1) very rare (1-5)
7,0.78755057,0.21244943,0,23,3) common (21-100)
8,0.40356535,0.59643465,1,4,1) very rare (1-5)
9,0.07895013,0.9210499,1,0,1) very rare (1-5)
10,0.06553696,0.934463,1,0,1) very rare (1-5)
11,0.6628748,0.33712518,0,3,1) very rare (1-5)
12,0.05907983,0.9409202,1,0,1) very rare (1-5)
13,0.47011986,0.52988017,1,0,1) very rare (1-5)
14,0.87946326,0.120536745,0,1,1) very rare (1-5)
15,0.5585686,0.4414314,1,6,2) rare (6-20)
16,0.5436198,0.4563802,0,5,1) very rare (1-5)
17,0.9276619,0.072338104,0,74,3) common (21-100)
18,0.92781866,0.072181344,1,2,1) very rare (1-5)
19,0.763525,0.23647499,0,3,1) very rare (1-5)
20,0.08961734,0.9103826,1,0,1) very rare (1-5)
21,0.81793183,0.18206817,0,74,3) common (21-100)
22,0.20643008,0.7935699,1,0,1) very rare (1-5)
23,0.6285445,0.3714555,1,14,2) rare (6-20)
24,0.72617966,0.27382034,0,108,4) very common (100+)
25,0.4486983,0.5513017,1,145,4) very common (100+)
26,0.20933992,0.7906601,1,7,2) rare (6-20)
27,0.10433798,0.895662,1,20,2) rare (6-20)
28,0.3576038,0.6423962,0,10,2) rare (6-20)
29,0.303593,0.69640696,1,0,1) very rare (1-5)
30,0.5322602,0.46773982,0,7,2) rare (6-20)
31,0.8671214,0.1328786,1,43,3) common (21-100)
32,0.226004,0.773996,0,1,1) very rare (1-5)
33,0.6540702,0.3459298,0,6,2) rare (6-20)
34,0.1263612,0.8736388,1,31,3) common (21-100)
35,0.19097176,0.80902827,1,0,1) very rare (1-5)
36,0.1345549,0.86544514,1,0,1) very rare (1-5)
37,0.64719194,0.35280806,1,3,1) very rare (1-5)
38,0.136257,0.863743,1,2,1) very rare (1-5)
39,0.30347225,0.6965277,1,84,3) common (21-100)
40,0.18874532,0.8112547,1,0,1) very rare (1-5)
41,0.08891317,0.9110868,1,0,1) very rare (1-5)
42,0.2430889,0.7569111,1,2,1) very rare (1-5)
43,0.43023834,0.56976163,0,3,1) very rare (1-5)
44,0.051549356,0.9484506,1,1,1) very rare (1-5)
45,0.7096392,0.2903608,1,0,1) very rare (1-5)
46,0.9166591,0.08334088,0,36,3) common (21-100)
47,0.19673201,0.80326796,1,3,1) very rare (1-5)
48,0.035016786,0.9649832,1,1,1) very rare (1-5)
49,0.13220644,0.86779356,1,0,1) very rare (1-5)
50,0.17325564,0.8267444,1,8,2) rare (6-20)
51,0.87328166,0.12671834,1,2,1) very rare (1-5)
52,0.9011495,0.09885049,1,5,1) very rare (1-5)
53,0.28205624,0.7179438,1,44,3) common (21-100)
54,0.13695425,0.86304575,1,0,1) very rare (1-5)
55,0.14476304,0.85523695,1,3,1) very rare (1-5)
56,0.6690364,0.3309636,1,1,1) very rare (1-5)
57,0.37612864,0.6238713,0,274,4) very common (100+)
58,0.047504548,0.95249546,1,14,2) rare (6-20)
59,0.6117794,0.3882206,1,2,1) very rare (1-5)
60,0.40385506,0.5961449,0,1,1) very rare (1-5)
61,0.42707992,0.5729201,1,2,1) very rare (1-5)
62,0.4207353,0.5792647,1,123,4) very common (100+)
63,0.09110173,0.9088983,1,1,1) very rare (1-5)
64,0.7827815,0.21721852,1,30,3) common (21-100)
65,0.9283187,0.07168132,0,15,2) rare (6-20)
66,0.80297995,0.19702005,0,6,2) rare (6-20)
67,0.52219224,0.47780776,0,13,2) rare (6-20)
68,0.9943408,0.0056592226,0,274,4) very common (100+)
69,0.11336003,0.88663995,1,0,1) very rare (1-5)
70,0.6930362,0.3069638,0,5,1) very rare (1-5)
71,0.30358014,0.69641984,0,14,2) rare (6-20)
72,0.05306481,0.9469352,1,2,1) very rare (1-5)
73,0.31734532,0.6826547,1,142,4) very common (100+)
74,0.07130234,0.92869765,1,0,1) very rare (1-5)
75,0.20329757,0.79670244,1,81,3) common (21-100)
76,0.5910582,0.4089418,1,30,3) common (21-100)
77,0.27133706,0.72866297,1,4,1) very rare (1-5)
78,0.20098364,0.79901636,1,2,1) very rare (1-5)
79,0.33683792,0.6631621,1,1070,4) very common (100+)
80,0.41614476,0.5838553,1,1,1) very rare (1-5)
81,0.27629846,0.72370154,1,0,1) very rare (1-5)
82,0.11479461,0.8852054,1,3,1) very rare (1-5)
83,0.92345,0.07655001,1,1290,4) very common (100+)
84,0.07346492,0.92653507,1,1,1) very rare (1-5)
85,0.57301944,0.42698056,1,19,2) rare (6-20)
86,0.30988604,0.69011396,0,75,3) common (21-100)
87,0.013215148,0.9867849,1,24,3) common (21-100)
88,0.17955953,0.8204405,1,0,1) very rare (1-5)
89,0.2642548,0.7357452,0,106,4) very common (100+)
90,0.6747208,0.32527918,0,81,3) common (21-100)
91,0.3828399,0.6171601,0,2,1) very rare (1-5)
92,0.32145345,0.67854655,1,6,2) rare (6-20)
93,0.79870784,0.20129216,1,146,4) very common (100+)
94,0.5617964,0.43820357,1,3,1) very rare (1-5)
95,0.9357169,0.06428307,0,1290,4) very common (100+)
96,0.12609008,0.87390995,1,26,3) common (21-100)
97,0.11077828,0.8892217,1,15,2) rare (6-20)
98,0.25154376,0.74845624,1,107,4) very common (100+)
99,0.784182,0.21581799,1,1070,4) very common (100+)
100,0.3096614,0.6903386,0,96,3) common (21-100)
101,0.17739202,0.822608,1,1,1) very rare (1-5)
102,0.6207963,0.37920368,0,118,4) very common (100+)
103,0.46844015,0.5315598,0,0,1) very rare (1-5)
104,0.5960982,0.40390182,1,54,3) common (21-100)
105,0.8817171,0.118282914,0,1290,4) very common (100+)
106,0.9983846,0.0016154051,0,89,3) common (21-100)
107,0.21669233,0.7833077,1,20,2) rare (6-20)
108,0.8029616,0.19703841,0,66,3) common (21-100)
109,0.27845523,0.72154474,1,9,2) rare (6-20)
110,0.9768082,0.02319181,1,89,3) common (21-100)
111,0.25011405,0.7498859,1,16,2) rare (6-20)
112,0.053672988,0.94632703,1,0,1) very rare (1-5)
113,0.5433193,0.45668072,0,43,3) common (21-100)
114,0.16824737,0.83175266,1,111,4) very common (100+)
115,0.8064766,0.1935234,0,145,4) very common (100+)
116,0.021815076,0.97818494,1,1,1) very rare (1-5)
117,0.9340341,0.06596589,0,70,3) common (21-100)
118,0.6551637,0.3448363,0,94,3) common (21-100)
119,0.7904302,0.20956981,0,123,4) very common (100+)
120,0.35816902,0.641831,0,33,3) common (21-100)
121,0.64412683,0.35587317,1,0,1) very rare (1-5)
122,0.46800262,0.5319974,1,0,1) very rare (1-5)
123,0.9264469,0.073553085,0,700,4) very common (100+)
124,0.5649309,0.43506908,1,37,3) common (21-100)
125,0.741362,0.25863802,0,52,3) common (21-100)
126,0.5537121,0.44628787,1,0,1) very rare (1-5)
127,0.28564298,0.714357,1,2,1) very rare (1-5)
128,0.22205432,0.7779457,1,0,1) very rare (1-5)
129,0.308589,0.691411,0,106,4) very common (100+)
130,0.89903504,0.10096496,1,11,2) rare (6-20)
131,0.30624312,0.6937569,1,2,1) very rare (1-5)
132,0.9192305,0.08076948,0,6,2) rare (6-20)
133,0.7527188,0.2472812,0,1,1) very rare (1-5)
134,0.9939615,0.006038487,0,274,4) very common (100+)
135,0.1150694,0.8849306,1,0,1) very rare (1-5)
136,0.82522607,0.17477393,0,78,3) common (21-100)
137,0.6301923,0.36980772,1,0,1) very rare (1-5)
138,0.7275072,0.27249283,0,1290,4) very common (100+)
139,0.63696027,0.36303973,1,1070,4) very common (100+)
140,0.9802822,0.019717813,0,343,4) very common (100+)
141,0.9183374,0.081662595,0,74,3) common (21-100)
142,0.59484446,0.40515554,0,66,3) common (21-100)
143,0.43152758,0.5684724,1,2,1) very rare (1-5)
144,0.20721063,0.79278934,1,13,2) rare (6-20)
145,0.7877243,0.21227568,0,5,1) very rare (1-5)
146,0.49032584,0.5096742,1,166,4) very common (100+)
147,0.015148661,0.98485136,1,3,1) very rare (1-5)
148,0.18031006,0.8196899,0,1,1) very rare (1-5)
149,0.57400566,0.42599434,0,33,3) common (21-100)
150,0.87440467,0.12559533,0,178,4) very common (100+)
151,0.46150523,0.53849477,0,5,1) very rare (1-5)
152,0.7326286,0.26737142,0,1290,4) very common (100+)
153,0.035290617,0.9647094,1,33,3) common (21-100)
154,0.027245143,0.97275484,1,0,1) very rare (1-5)
155,0.2778125,0.7221875,0,33,3) common (21-100)
156,0.922209,0.077790976,0,9,2) rare (6-20)
157,0.76394445,0.23605555,1,8,2) rare (6-20)
158,0.96563673,0.03436327,0,39,3) common (21-100)
159,0.19830938,0.80169064,1,4,1) very rare (1-5)
160,0.47324428,0.5267557,0,10,2) rare (6-20)
161,0.093151994,0.906848,1,0,1) very rare (1-5)
162,0.13872357,0.86127645,1,76,3) common (21-100)
163,0.38639227,0.61360776,0,4,1) very rare (1-5)
164,0.0629386,0.9370614,1,160,4) very common (100+)
165,0.059479546,0.94052047,0,4,1) very rare (1-5)
166,0.87470764,0.12529236,1,7,2) rare (6-20)
167,0.120176665,0.8798233,1,4,1) very rare (1-5)
168,0.36275464,0.63724536,1,223,4) very common (100+)
169,0.708434,0.291566,0,8,2) rare (6-20)
170,0.4348171,0.5651829,1,0,1) very rare (1-5)
171,0.14264238,0.8573576,1,26,3) common (21-100)
172,0.6777086,0.32229137,0,1290,4) very common (100+)
173,0.8634604,0.13653958,0,105,4) very common (100+)
174,0.3469346,0.65306544,1,1,1) very rare (1-5)
175,0.20200084,0.79799914,1,2,1) very rare (1-5)
176,0.37049133,0.6295087,1,15,2) rare (6-20)
177,0.24529499,0.754705,0,102,4) very common (100+)
178,0.7471061,0.25289392,0,1070,4) very common (100+)
179,0.9700539,0.029946089,0,15,2) rare (6-20)
180,0.68114454,0.31885546,0,1070,4) very common (100+)
181,0.5461636,0.45383638,0,79,3) common (21-100)
182,0.7515023,0.24849772,1,1070,4) very common (100+)
183,0.08161903,0.918381,1,36,3) common (21-100)
184,0.5874191,0.4125809,0,66,3) common (21-100)
185,0.8795282,0.120471776,0,1070,4) very common (100+)
186,0.9974511,0.0025488734,0,211,4) very common (100+)
187,0.51679844,0.48320156,1,81,3) common (21-100)
188,0.2605887,0.7394113,1,10,2) rare (6-20)
189,0.31504917,0.6849508,1,1,1) very rare (1-5)
190,0.89659315,0.10340685,0,1070,4) very common (100+)
191,0.09519725,0.90480274,1,2,1) very rare (1-5)
192,0.36509913,0.63490087,1,20,2) rare (6-20)
193,0.18456939,0.81543064,1,5,1) very rare (1-5)
194,0.32191148,0.67808855,1,4,1) very rare (1-5)
195,0.82109684,0.17890316,0,4,1) very rare (1-5)
196,0.5292392,0.47076082,0,6,2) rare (6-20)
197,0.5101991,0.48980087,0,45,3) common (21-100)
198,0.5472413,0.45275873,1,108,4) very common (100+)
199,0.36604968,0.63395035,0,44,3) common (21-100)
200,0.37011403,0.629886,1,30,3) common (21-100)
201,0.3347588,0.66524124,1,96,3) common (21-100)
202,0.9509284,0.04907161,0,70,3) common (21-100)
203,0.28769425,0.7123058,1,0,1) very rare (1-5)
204,0.059609104,0.9403909,1,2,1) very rare (1-5)
205,0.22162865,0.77837133,1,2,1) very rare (1-5)
206,0.48282686,0.5171732,1,372,4) very common (100+)
207,0.42848125,0.5715188,1,0,1) very rare (1-5)
208,0.23213264,0.7678673,1,11,2) rare (6-20)
209,0.11474305,0.88525695,1,0,1) very rare (1-5)
210,0.31521899,0.684781,0,274,4) very common (100+)
211,0.5971865,0.4028135,1,99,3) common (21-100)
212,0.2495364,0.7504636,1,5,1) very rare (1-5)
213,0.916062,0.083938,0,1290,4) very common (100+)
214,0.61827415,0.38172585,0,5,1) very rare (1-5)
215,0.22918233,0.77081764,1,1,1) very rare (1-5)
216,0.7612356,0.2387644,0,121,4) very common (100+)
217,0.40118816,0.59881186,1,1,1) very rare (1-5)
218,0.6685316,0.3314684,0,118,4) very common (100+)
219,0.97688746,0.023112535,0,118,4) very common (100+)
220,0.523507,0.476493,1,1,1) very rare (1-5)
221,0.28250223,0.71749777,1,6,2) rare (6-20)
222,0.3734783,0.6265217,1,4,1) very rare (1-5)
223,0.19208184,0.8079182,0,4,1) very rare (1-5)
224,0.1092111,0.8907889,1,1,1) very rare (1-5)
225,0.79036397,0.20963603,0,1290,4) very common (100+)
226,0.57887787,0.42112213,1,9,2) rare (6-20)
227,0.68215877,0.31784123,0,8,2) rare (6-20)
228,0.14895743,0.85104257,1,9,2) rare (6-20)
229,0.41012856,0.5898714,1,237,4) very common (100+)
230,0.6515397,0.34846032,0,261,4) very common (100+)
231,0.1267061,0.8732939,1,3,1) very rare (1-5)
232,0.34231013,0.65768987,1,3,1) very rare (1-5)
233,0.59159416,0.40840584,0,108,4) very common (100+)
234,0.5889921,0.41100788,0,118,4) very common (100+)
235,0.05975468,0.94024533,1,9,2) rare (6-20)
236,0.25355902,0.746441,1,20,2) rare (6-20)
237,0.36998275,0.6300173,0,22,3) common (21-100)
238,0.034104217,0.9658958,1,3,1) very rare (1-5)
239,0.32173705,0.67826295,1,145,4) very common (100+)
240,0.96696866,0.033031344,1,84,3) common (21-100)
241,0.32879537,0.6712046,0,33,3) common (21-100)
242,0.9072121,0.09278792,1,8,2) rare (6-20)
243,0.10206452,0.8979355,1,1,1) very rare (1-5)
244,0.1833924,0.8166076,1,39,3) common (21-100)
245,0.51819676,0.48180324,1,1070,4) very common (100+)
246,0.93869084,0.06130916,0,1070,4) very common (100+)
247,0.8272244,0.17277563,0,39,3) common (21-100)
248,0.27543744,0.7245625,0,3,1) very rare (1-5)
249,0.69566053,0.30433947,0,92,3) common (21-100)
250,0.27101752,0.72898245,1,0,1) very rare (1-5)
251,0.24052063,0.7594794,1,2,1) very rare (1-5)
252,0.28829676,0.71170324,0,5,1) very rare (1-5)
253,0.92193365,0.07806635,0,421,4) very common (100+)
254,0.12350375,0.87649626,1,0,1) very rare (1-5)
255,0.7430636,0.25693637,0,0,1) very rare (1-5)
256,0.1937115,0.8062885,1,16,2) rare (6-20)
257,0.42296022,0.5770398,1,0,1) very rare (1-5)
258,0.42802483,0.5719752,1,1070,4) very common (100+)
259,0.101849616,0.8981504,0,14,2) rare (6-20)
260,0.9407277,0.05927229,0,47,3) common (21-100)
261,0.60741735,0.39258265,1,0,1) very rare (1-5)
262,0.17728566,0.8227143,0,18,2) rare (6-20)
263,0.96640265,0.03359735,0,700,4) very common (100+)
264,0.70958966,0.29041034,1,79,3) common (21-100)
265,0.9518978,0.0481022,0,178,4) very common (100+)
266,0.9224641,0.07753593,0,261,4) very common (100+)
267,0.8267693,0.17323071,0,105,4) very common (100+)
268,0.6354853,0.3645147,0,5,1) very rare (1-5)
269,0.9073929,0.09260708,0,2,1) very rare (1-5)
270,0.20761287,0.7923871,1,0,1) very rare (1-5)
271,0.089322135,0.91067785,1,6,2) rare (6-20)
272,0.67062026,0.32937974,0,19,2) rare (6-20)
273,0.50993323,0.49006677,1,0,1) very rare (1-5)
274,0.22341013,0.7765899,1,3,1) very rare (1-5)
275,0.965957,0.034043014,0,372,4) very common (100+)
276,0.54139125,0.45860875,0,2,1) very rare (1-5)
277,0.8238753,0.17612469,0,1070,4) very common (100+)
278,0.2775813,0.72241867,1,58,3) common (21-100)
279,0.35703272,0.6429673,0,372,4) very common (100+)
280,0.897822,0.10217798,0,1290,4) very common (100+)
281,0.36205396,0.637946,1,0,1) very rare (1-5)
282,0.07427465,0.92572534,1,4,1) very rare (1-5)
283,0.736744,0.263256,1,58,3) common (21-100)
284,0.38515493,0.61484504,0,5,1) very rare (1-5)
285,0.6922913,0.30770868,1,66,3) common (21-100)
286,0.83736646,0.16263354,0,52,3) common (21-100)
287,0.66411835,0.33588165,1,178,4) very common (100+)
288,0.8186924,0.18130761,0,5,1) very rare (1-5)
289,0.902492,0.09750801,0,29,3) common (21-100)
290,0.43557566,0.56442434,1,1290,4) very common (100+)
291,0.8505401,0.1494599,1,7,2) rare (6-20)
292,0.94131565,0.05868435,0,105,4) very common (100+)
293,0.6006979,0.39930212,1,24,3) common (21-100)
294,0.93301755,0.06698245,0,94,3) common (21-100)
295,0.6660675,0.33393252,1,0,1) very rare (1-5)
296,0.8455144,0.15448558,1,2,1) very rare (1-5)
297,0.55289716,0.44710284,0,23,3) common (21-100)
298,0.8107799,0.18922007,0,1070,4) very common (100+)
299,0.7896156,0.21038443,0,79,3) common (21-100)
300,0.17752221,0.8224778,1,0,1) very rare (1-5)
301,0.2580657,0.7419343,1,5,1) very rare (1-5)
302,0.2991409,0.70085907,1,134,4) very common (100+)
303,0.11961434,0.88038564,1,700,4) very common (100+)
304,0.08629748,0.9137025,1,0,1) very rare (1-5)
305,0.018763509,0.9812365,1,1,1) very rare (1-5)
306,0.55682844,0.44317156,0,6,2) rare (6-20)
307,0.2170568,0.7829432,1,0,1) very rare (1-5)
308,0.2870316,0.7129684,0,13,2) rare (6-20)
309,0.5049619,0.4950381,1,1,1) very rare (1-5)
310,0.86101365,0.13898635,0,11,2) rare (6-20)
311,0.6516592,0.3483408,0,1,1) very rare (1-5)
312,0.19396304,0.80603695,1,107,4) very common (100+)
313,0.44179606,0.55820394,1,28,3) common (21-100)
314,0.9396133,0.060386717,0,99,3) common (21-100)
315,0.9771877,0.022812307,1,5,1) very rare (1-5)
316,0.8577342,0.1422658,0,4,1) very rare (1-5)
317,0.25301293,0.7469871,0,0,1) very rare (1-5)
318,0.49747396,0.50252604,0,23,3) common (21-100)
319,0.9084711,0.09152889,0,6,2) rare (6-20)
320,0.35676825,0.64323175,0,268,4) very common (100+)
321,0.9126814,0.0873186,0,76,3) common (21-100)
322,0.9161441,0.08385593,0,12,2) rare (6-20)
323,0.1698663,0.8301337,1,79,3) common (21-100)
324,0.31839576,0.68160427,0,6,2) rare (6-20)
325,0.5126558,0.4873442,1,105,4) very common (100+)
326,0.9887233,0.011276722,0,182,4) very common (100+)
327,0.7418048,0.25819522,1,106,4) very common (100+)
328,0.099912256,0.9000877,1,274,4) very common (100+)
329,0.3838662,0.6161338,1,39,3) common (21-100)
330,0.18939999,0.81060004,1,268,4) very common (100+)
331,0.9275879,0.07241207,0,1290,4) very common (100+)
332,0.89274216,0.10725784,0,10,2) rare (6-20)
333,0.5672938,0.43270618,0,106,4) very common (100+)
334,0.18291797,0.81708205,0,2,1) very rare (1-5)
335,0.81036854,0.18963146,0,4,1) very rare (1-5)
336,0.3297113,0.6702887,0,1,1) very rare (1-5)
337,0.7182674,0.28173262,0,14,2) rare (6-20)
338,0.7884248,0.21157521,1,0,1) very rare (1-5)
339,0.05617048,0.94382954,1,3,1) very rare (1-5)
340,0.48217246,0.5178275,1,1070,4) very common (100+)
341,0.7783557,0.22164428,0,1290,4) very common (100+)
342,0.86995876,0.13004124,1,38,3) common (21-100)
343,0.8767051,0.12329489,1,23,3) common (21-100)
344,0.8052224,0.19477761,0,372,4) very common (100+)
345,0.30522907,0.69477093,0,1,1) very rare (1-5)
346,0.8516656,0.14833438,0,700,4) very common (100+)
347,0.4774874,0.5225126,0,121,4) very common (100+)
348,0.12022293,0.8797771,1,58,3) common (21-100)
349,0.7160492,0.2839508,0,3,1) very rare (1-5)
350,0.48758945,0.5124105,1,268,4) very common (100+)
351,0.78056777,0.21943223,0,13,2) rare (6-20)
352,0.23920739,0.7607926,1,0,1) very rare (1-5)
353,0.921969,0.078031,0,85,3) common (21-100)
354,0.34050992,0.6594901,0,2,1) very rare (1-5)
355,0.10098821,0.8990118,1,0,1) very rare (1-5)
356,0.4638237,0.5361763,1,49,3) common (21-100)
357,0.903003,0.09699702,0,700,4) very common (100+)
358,0.6335511,0.36644888,0,46,3) common (21-100)
359,0.6080493,0.39195073,1,1,1) very rare (1-5)
360,0.3486955,0.6513045,0,23,3) common (21-100)
361,0.56064665,0.43935335,1,81,3) common (21-100)
362,0.8140455,0.18595451,0,1070,4) very common (100+)
363,0.5444168,0.4555832,0,108,4) very common (100+)
364,0.5306499,0.4693501,1,1290,4) very common (100+)
365,0.8066876,0.1933124,1,58,3) common (21-100)
366,0.10390217,0.89609784,1,4,1) very rare (1-5)
367,0.27893648,0.7210635,0,145,4) very common (100+)
368,0.49476254,0.50523746,0,1290,4) very common (100+)
369,0.027098244,0.97290176,1,0,1) very rare (1-5)
370,0.80563265,0.19436735,1,16,2) rare (6-20)
371,0.12718071,0.8728193,1,1,1) very rare (1-5)
372,0.30026495,0.69973505,1,1290,4) very common (100+)
373,0.45138785,0.5486121,1,166,4) very common (100+)
374,0.50171536,0.49828464,0,1070,4) very common (100+)
375,0.16651635,0.83348364,1,1,1) very rare (1-5)
376,0.8357143,0.16428572,0,74,3) common (21-100)
377,0.7749817,0.22501832,0,142,4) very common (100+)
378,0.8081241,0.19187587,1,99,3) common (21-100)
379,0.22331476,0.77668524,1,24,3) common (21-100)
380,0.27431077,0.72568923,0,12,2) rare (6-20)
381,0.41581982,0.5841802,0,6,2) rare (6-20)
382,0.25002906,0.7499709,1,166,4) very common (100+)
383,0.2686542,0.7313458,0,3,1) very rare (1-5)
384,0.58771384,0.41228616,1,166,4) very common (100+)
385,0.8401221,0.1598779,1,17,2) rare (6-20)
386,0.3493952,0.65060484,0,421,4) very common (100+)
387,0.17673343,0.82326657,0,3,1) very rare (1-5)
388,0.12896836,0.87103164,1,3,1) very rare (1-5)
389,0.65603435,0.34396565,1,160,4) very common (100+)
390,0.082375064,0.91762495,1,0,1) very rare (1-5)
391,0.65232253,0.34767747,0,78,3) common (21-100)
392,0.2679045,0.7320955,1,0,1) very rare (1-5)
393,0.84575665,0.15424335,1,275,4) very common (100+)
394,0.9289896,0.07101041,1,118,4) very common (100+)
395,0.052727204,0.9472728,1,0,1) very rare (1-5)
396,0.5549188,0.44508117,0,1,1) very rare (1-5)
397,0.8660212,0.13397878,0,142,4) very common (100+)
398,0.20331188,0.79668814,1,0,1) very rare (1-5)
399,0.061566003,0.938434,0,36,3) common (21-100)
400,0.50848585,0.49151415,0,372,4) very common (100+)
401,0.82497257,0.17502743,0,55,3) common (21-100)
402,0.7428514,0.25714862,1,3,1) very rare (1-5)
403,0.94843715,0.051562846,0,78,3) common (21-100)
404,0.58796036,0.41203964,0,700,4) very common (100+)
405,0.24820091,0.7517991,1,70,3) common (21-100)
406,0.98327404,0.016725957,0,421,4) very common (100+)
407,0.7696821,0.23031789,1,107,4) very common (100+)
408,0.52083755,0.47916245,1,96,3) common (21-100)
409,0.49836618,0.5016338,0,237,4) very common (100+)
410,0.7641056,0.23589438,0,124,4) very common (100+)
411,0.21509282,0.78490716,1,39,3) common (21-100)
412,0.1840348,0.8159652,0,2,1) very rare (1-5)
413,0.3260825,0.67391753,0,237,4) very common (100+)
414,0.039911907,0.9600881,1,2,1) very rare (1-5)
415,0.9801108,0.019889176,0,159,4) very common (100+)
416,0.42475328,0.5752467,0,39,3) common (21-100)
417,0.41463903,0.585361,1,1290,4) very common (100+)
418,0.9097092,0.090290785,1,6,2) rare (6-20)
419,0.94691014,0.053089857,0,124,4) very common (100+)
420,0.094438076,0.9055619,0,49,3) common (21-100)
421,0.01765246,0.98234755,1,0,1) very rare (1-5)
422,0.3650325,0.6349675,0,2,1) very rare (1-5)
423,0.7060079,0.2939921,1,118,4) very common (100+)
424,0.16661568,0.83338434,0,18,2) rare (6-20)
425,0.83045447,0.16954553,1,4,1) very rare (1-5)
426,0.13352607,0.8664739,1,66,3) common (21-100)
427,0.2226421,0.77735794,1,0,1) very rare (1-5)
428,0.24059333,0.7594067,1,32,3) common (21-100)
429,0.37017733,0.6298227,0,343,4) very common (100+)
430,0.47035593,0.5296441,1,41,3) common (21-100)
431,0.85304266,0.14695734,0,1290,4) very common (100+)
432,0.25727275,0.7427273,1,58,3) common (21-100)
433,0.47618946,0.5238105,0,2,1) very rare (1-5)
434,0.88561404,0.11438596,1,70,3) common (21-100)
435,0.34909955,0.6509005,0,2,1) very rare (1-5)
436,0.8653388,0.1346612,1,1,1) very rare (1-5)
437,0.056481045,0.94351894,1,0,1) very rare (1-5)
438,0.6643578,0.33564222,1,24,3) common (21-100)
439,0.74843943,0.25156057,1,42,3) common (21-100)
440,0.577843,0.422157,0,372,4) very common (100+)
441,0.16773586,0.8322641,1,0,1) very rare (1-5)
442,0.90498245,0.09501755,0,1070,4) very common (100+)
443,0.89674526,0.103254735,0,237,4) very common (100+)
444,0.2241572,0.7758428,0,0,1) very rare (1-5)
445,0.28828108,0.7117189,0,3,1) very rare (1-5)
446,0.94676983,0.053230166,0,1290,4) very common (100+)
447,0.8660768,0.13392317,1,12,2) rare (6-20)
448,0.4218136,0.5781864,0,105,4) very common (100+)
449,0.7143412,0.28565878,0,86,3) common (21-100)
450,0.9689326,0.031067371,0,47,3) common (21-100)
451,0.36208966,0.63791037,1,123,4) very common (100+)
452,0.30579242,0.69420755,1,49,3) common (21-100)
453,0.6904405,0.30955952,0,12,2) rare (6-20)
454,0.045925647,0.9540744,1,8,2) rare (6-20)
455,0.113130264,0.8868697,1,0,1) very rare (1-5)
456,0.2037395,0.7962605,0,7,2) rare (6-20)
457,0.14336337,0.85663664,0,5,1) very rare (1-5)
458,0.8316747,0.1683253,0,211,4) very common (100+)
459,0.43654317,0.56345683,0,20,2) rare (6-20)
460,0.095135,0.904865,1,0,1) very rare (1-5)
461,0.788185,0.211815,0,700,4) very common (100+)
462,0.21650806,0.78349197,1,1,1) very rare (1-5)
463,0.85009897,0.14990103,0,5,1) very rare (1-5)
464,0.96961075,0.03038925,0,1290,4) very common (100+)
465,0.07797178,0.92202824,1,0,1) very rare (1-5)
466,0.3349546,0.6650454,1,42,3) common (21-100)
467,0.09924284,0.90075713,1,4,1) very rare (1-5)
468,0.9993899,0.00061011314,0,211,4) very common (100+)
469,0.15028074,0.8497193,1,0,1) very rare (1-5)
470,0.93738985,0.06261015,0,700,4) very common (100+)
471,0.536265,0.46373498,1,34,3) common (21-100)
472,0.7781815,0.2218185,0,223,4) very common (100+)
473,0.08347748,0.9165225,1,0,1) very rare (1-5)
474,0.041473474,0.95852655,1,0,1) very rare (1-5)
475,0.3690838,0.63091624,1,47,3) common (21-100)
476,0.7063765,0.2936235,0,8,2) rare (6-20)
477,0.42332888,0.5766711,0,0,1) very rare (1-5)
478,0.34813812,0.6518619,1,13,2) rare (6-20)
479,0.35479617,0.6452038,1,0,1) very rare (1-5)
480,0.7117786,0.28822142,1,274,4) very common (100+)
481,0.2530567,0.7469433,1,0,1) very rare (1-5)
482,0.76053876,0.23946124,1,0,1) very rare (1-5)
483,0.28183597,0.718164,1,70,3) common (21-100)
484,0.05332323,0.9466768,1,10,2) rare (6-20)
485,0.64082736,0.35917264,1,0,1) very rare (1-5)
486,0.086722046,0.913278,1,58,3) common (21-100)
487,0.2347686,0.7652314,1,19,2) rare (6-20)
488,0.8537833,0.14621669,1,1,1) very rare (1-5)
489,0.27965388,0.7203461,1,6,2) rare (6-20)
490,0.850004,0.14999598,0,1070,4) very common (100+)
491,0.22252552,0.77747446,1,2,1) very rare (1-5)
492,0.9407299,0.059270084,0,1290,4) very common (100+)
493,0.9947583,0.005241692,0,142,4) very common (100+)
494,0.66649306,0.33350694,0,14,2) rare (6-20)
495,0.47527212,0.5247279,0,275,4) very common (100+)
496,0.7633618,0.23663819,0,23,3) common (21-100)
497,0.95348996,0.04651004,0,12,2) rare (6-20)
498,0.22313465,0.77686536,1,0,1) very rare (1-5)
499,0.33219332,0.6678067,0,37,3) common (21-100)
500,0.37589416,0.6241058,1,0,1) very rare (1-5)
501,0.46558475,0.53441525,1,0,1) very rare (1-5)
502,0.1551991,0.8448009,1,0,1) very rare (1-5)
503,0.39158425,0.6084157,0,1,1) very rare (1-5)
504,0.0699283,0.9300717,0,0,1) very rare (1-5)
505,0.31615958,0.6838404,1,0,1) very rare (1-5)
506,0.45784548,0.54215455,1,10,2) rare (6-20)
507,0.62724584,0.37275416,0,1290,4) very common (100+)
508,0.1115462,0.8884538,1,15,2) rare (6-20)
509,0.54403955,0.45596045,1,4,1) very rare (1-5)
510,0.48908547,0.51091456,1,76,3) common (21-100)
511,0.66654766,0.33345234,1,11,2) rare (6-20)
512,0.5704987,0.4295013,0,105,4) very common (100+)
513,0.66416204,0.33583796,1,62,3) common (21-100)
514,0.5984574,0.4015426,0,1290,4) very common (100+)
515,0.029049568,0.9709504,1,4,1) very rare (1-5)
516,0.09982542,0.90017456,1,36,3) common (21-100)
517,0.28449228,0.71550775,1,1,1) very rare (1-5)
518,0.49985078,0.50014925,1,6,2) rare (6-20)
519,0.1222928,0.8777072,1,46,3) common (21-100)
520,0.9255509,0.07444912,0,5,1) very rare (1-5)
521,0.5691712,0.4308288,1,0,1) very rare (1-5)
522,0.33711463,0.66288537,1,0,1) very rare (1-5)
523,0.40589222,0.59410775,1,18,2) rare (6-20)
524,0.49476144,0.50523853,1,1,1) very rare (1-5)
525,0.13693224,0.86306775,1,23,3) common (21-100)
526,0.40191576,0.5980842,1,4,1) very rare (1-5)
527,0.5667907,0.4332093,1,0,1) very rare (1-5)
528,0.58906114,0.41093886,1,2,1) very rare (1-5)
529,0.2592866,0.74071336,1,14,2) rare (6-20)
530,0.6139779,0.3860221,0,56,3) common (21-100)
531,0.86371756,0.13628244,1,2,1) very rare (1-5)
532,0.7947238,0.20527619,0,96,3) common (21-100)
533,0.26003614,0.7399639,1,2,1) very rare (1-5)
534,0.35127333,0.6487267,1,41,3) common (21-100)
535,0.59289825,0.40710175,0,62,3) common (21-100)
536,0.3467328,0.6532672,1,4,1) very rare (1-5)
537,0.7916876,0.20831239,1,1070,4) very common (100+)
538,0.28463933,0.71536064,0,36,3) common (21-100)
539,0.99241215,0.00758785,0,3,1) very rare (1-5)
540,0.063358665,0.93664134,1,372,4) very common (100+)
541,0.21003672,0.78996325,0,8,2) rare (6-20)
542,0.04276439,0.95723563,1,0,1) very rare (1-5)
543,0.16159688,0.8384031,1,21,3) common (21-100)
544,0.32000214,0.67999786,0,19,2) rare (6-20)
545,0.148893,0.851107,0,19,2) rare (6-20)
546,0.50276166,0.49723834,1,28,3) common (21-100)
547,0.71880347,0.28119653,0,372,4) very common (100+)
548,0.11928849,0.8807115,1,0,1) very rare (1-5)
549,0.13952938,0.86047065,1,62,3) common (21-100)
550,0.8569412,0.14305878,0,105,4) very common (100+)
551,0.15951127,0.84048873,1,0,1) very rare (1-5)
552,0.7059245,0.2940755,0,6,2) rare (6-20)
553,0.45766044,0.54233956,0,2,1) very rare (1-5)
554,0.20749505,0.79250497,0,5,1) very rare (1-5)
555,0.25086978,0.74913025,0,5,1) very rare (1-5)
556,0.73387223,0.26612777,0,49,3) common (21-100)
557,0.7789988,0.22100121,1,9,2) rare (6-20)
558,0.1283402,0.8716598,0,28,3) common (21-100)
559,0.85043687,0.14956313,0,26,3) common (21-100)
560,0.4969594,0.5030406,0,15,2) rare (6-20)
561,0.34004575,0.65995425,0,106,4) very common (100+)
562,0.33865944,0.6613406,1,2,1) very rare (1-5)
563,0.23346177,0.76653826,1,0,1) very rare (1-5)
564,0.22697258,0.7730274,1,20,2) rare (6-20)
565,0.16705076,0.8329492,1,1,1) very rare (1-5)
566,0.48021743,0.51978254,1,12,2) rare (6-20)
567,0.045312166,0.95468783,1,107,4) very common (100+)
568,0.8522773,0.14772272,1,124,4) very common (100+)
569,0.8033101,0.1966899,0,7,2) rare (6-20)
570,0.30400142,0.69599855,0,5,1) very rare (1-5)
571,0.7689509,0.23104912,0,237,4) very common (100+)
572,0.076659516,0.9233405,1,1,1) very rare (1-5)
573,0.045761097,0.9542389,1,16,2) rare (6-20)
574,0.6646993,0.33530068,0,1,1) very rare (1-5)
575,0.3494365,0.6505635,0,1290,4) very common (100+)
576,0.8015165,0.19848353,1,700,4) very common (100+)
577,0.42418793,0.5758121,0,5,1) very rare (1-5)
578,0.752649,0.24735099,0,14,2) rare (6-20)
579,0.3089856,0.6910144,0,178,4) very common (100+)
580,0.03408373,0.9659163,1,372,4) very common (100+)
581,0.68119913,0.31880087,0,3,1) very rare (1-5)
582,0.54193485,0.45806515,0,70,3) common (21-100)
583,0.43562904,0.564371,0,6,2) rare (6-20)
584,0.36499542,0.6350046,1,223,4) very common (100+)
585,0.72027993,0.27972007,1,1290,4) very common (100+)
586,0.6632455,0.3367545,0,62,3) common (21-100)
587,0.813283,0.18671697,0,421,4) very common (100+)
588,0.06325813,0.9367419,1,159,4) very common (100+)
589,0.96133065,0.038669348,0,1000,4) very common (100+)
590,0.1756312,0.82436883,1,7,2) rare (6-20)
591,0.12227441,0.8777256,1,3,1) very rare (1-5)
592,0.6947364,0.30526358,0,237,4) very common (100+)
593,0.75922155,0.24077845,0,34,3) common (21-100)
594,0.97665864,0.023341358,0,47,3) common (21-100)
595,0.23238125,0.7676188,1,10,2) rare (6-20)
596,0.63956845,0.36043155,0,3,1) very rare (1-5)
597,0.89522505,0.10477495,0,274,4) very common (100+)
598,0.19059353,0.80940646,1,2,1) very rare (1-5)
599,0.70173407,0.29826593,0,21,3) common (21-100)
600,0.22520863,0.77479136,1,17,2) rare (6-20)
601,0.3276154,0.6723846,1,1,1) very rare (1-5)
602,0.6405598,0.3594402,1,78,3) common (21-100)
603,0.82173276,0.17826724,1,78,3) common (21-100)
604,0.7133078,0.2866922,0,105,4) very common (100+)
605,0.7612731,0.23872691,0,10,2) rare (6-20)
606,0.6435755,0.3564245,1,3,1) very rare (1-5)
607,0.5127954,0.4872046,0,79,3) common (21-100)
608,0.61232084,0.38767916,0,275,4) very common (100+)
609,0.55627257,0.44372743,0,12,2) rare (6-20)
610,0.41029763,0.58970237,1,124,4) very common (100+)
611,0.84854436,0.15145564,0,1,1) very rare (1-5)
612,0.5558417,0.44415832,1,25,3) common (21-100)
613,0.69564545,0.30435455,1,1,1) very rare (1-5)
614,0.4054293,0.5945707,0,5,1) very rare (1-5)
615,0.4242011,0.57579887,1,142,4) very common (100+)
616,0.027148662,0.97285134,1,0,1) very rare (1-5)
617,0.20454407,0.79545593,1,76,3) common (21-100)
618,0.23936673,0.7606333,0,159,4) very common (100+)
619,0.58884007,0.41115993,0,106,4) very common (100+)
620,0.8132317,0.1867683,0,5,1) very rare (1-5)
621,0.33317786,0.66682214,0,14,2) rare (6-20)
622,0.021194926,0.97880507,1,0,1) very rare (1-5)
623,0.026587874,0.97341216,1,10,2) rare (6-20)
624,0.16361782,0.83638215,1,5,1) very rare (1-5)
625,0.35274148,0.6472585,0,86,3) common (21-100)
626,0.027155215,0.9728448,1,79,3) common (21-100)
627,0.3188943,0.68110573,1,8,2) rare (6-20)
628,0.62238187,0.37761813,1,38,3) common (21-100)
629,0.402916,0.597084,0,6,2) rare (6-20)
630,0.10714204,0.89285797,1,1,1) very rare (1-5)
631,0.28842357,0.71157646,1,3,1) very rare (1-5)
632,0.81885046,0.18114954,0,12,2) rare (6-20)
633,0.25524318,0.7447568,1,9,2) rare (6-20)
634,0.112974964,0.88702506,1,0,1) very rare (1-5)
635,0.47829878,0.5217012,1,2,1) very rare (1-5)
636,0.8008579,0.1991421,0,23,3) common (21-100)
637,0.25799847,0.74200153,1,0,1) very rare (1-5)
638,0.16172186,0.8382782,1,0,1) very rare (1-5)
639,0.28517777,0.71482223,0,2,1) very rare (1-5)
640,0.66311306,0.33688694,0,82,3) common (21-100)
641,0.50559956,0.49440044,0,2,1) very rare (1-5)
642,0.19101165,0.80898833,0,0,1) very rare (1-5)
643,0.56424826,0.43575174,1,1,1) very rare (1-5)
644,0.12526327,0.8747367,1,94,3) common (21-100)
645,0.79231644,0.20768356,0,2,1) very rare (1-5)
646,0.3769183,0.6230817,0,22,3) common (21-100)
647,0.22718336,0.77281666,0,4,1) very rare (1-5)
648,0.35917723,0.64082277,1,85,3) common (21-100)
649,0.8324805,0.16751951,0,13,2) rare (6-20)
650,0.45812592,0.54187405,1,15,2) rare (6-20)
651,0.14656435,0.85343564,1,1,1) very rare (1-5)
652,0.81452537,0.18547463,1,1,1) very rare (1-5)
653,0.27996644,0.7200335,0,9,2) rare (6-20)
654,0.16731748,0.8326825,1,0,1) very rare (1-5)
655,0.026541894,0.9734581,1,0,1) very rare (1-5)
656,0.6309108,0.3690892,1,8,2) rare (6-20)
657,0.53155726,0.46844274,1,268,4) very common (100+)
658,0.43363243,0.56636757,1,18,2) rare (6-20)
659,0.15696761,0.84303236,1,0,1) very rare (1-5)
660,0.20925659,0.7907434,0,6,2) rare (6-20)
661,0.0726794,0.9273206,1,275,4) very common (100+)
662,0.60082436,0.39917564,1,8,2) rare (6-20)
663,0.529782,0.470218,0,0,1) very rare (1-5)
664,0.4233199,0.57668006,0,5,1) very rare (1-5)
665,0.7746924,0.22530758,1,0,1) very rare (1-5)
666,0.7638092,0.2361908,0,100,3) common (21-100)
667,0.29629254,0.70370746,1,1,1) very rare (1-5)
668,0.944074,0.055926025,0,118,4) very common (100+)
669,0.30352488,0.69647515,1,106,4) very common (100+)
670,0.18670228,0.81329775,1,0,1) very rare (1-5)
671,0.50710773,0.49289227,0,19,2) rare (6-20)
672,0.3093274,0.69067264,1,3,1) very rare (1-5)
673,0.95130396,0.04869604,0,1070,4) very common (100+)
674,0.33151552,0.66848445,1,0,1) very rare (1-5)
675,0.57861394,0.42138606,1,28,3) common (21-100)
676,0.3708032,0.62919676,0,5,1) very rare (1-5)
677,0.42170995,0.57829005,1,0,1) very rare (1-5)
678,0.29880512,0.7011949,1,1290,4) very common (100+)
679,0.31208545,0.68791455,0,1000,4) very common (100+)
680,0.076413795,0.9235862,1,7,2) rare (6-20)
681,0.20818906,0.7918109,1,0,1) very rare (1-5)
682,0.028505225,0.9714948,1,2,1) very rare (1-5)
683,0.80122685,0.19877315,0,421,4) very common (100+)
684,0.16029015,0.8397099,1,0,1) very rare (1-5)
685,0.80355823,0.19644177,0,89,3) common (21-100)
686,0.30885983,0.6911402,1,0,1) very rare (1-5)
687,0.39627787,0.6037221,1,1,1) very rare (1-5)
688,0.9081234,0.091876626,1,0,1) very rare (1-5)
689,0.08828827,0.91171175,1,2,1) very rare (1-5)
690,0.16381752,0.8361825,1,0,1) very rare (1-5)
691,0.20815963,0.7918404,0,13,2) rare (6-20)
692,0.7711661,0.22883391,0,106,4) very common (100+)
693,0.25933826,0.74066174,0,7,2) rare (6-20)
694,0.50061464,0.49938536,0,28,3) common (21-100)
695,0.7505674,0.24943262,1,7,2) rare (6-20)
696,0.1738823,0.8261177,1,70,3) common (21-100)
697,0.14118326,0.85881674,0,7,2) rare (6-20)
698,0.44736195,0.55263805,0,82,3) common (21-100)
699,0.84330356,0.15669644,0,7,2) rare (6-20)
700,0.69381106,0.30618894,0,5,1) very rare (1-5)
701,0.7371225,0.26287752,1,107,4) very common (100+)
702,0.56739837,0.43260163,1,7,2) rare (6-20)
703,0.4597719,0.5402281,0,1,1) very rare (1-5)
704,0.7543873,0.24561268,0,7,2) rare (6-20)
705,0.8156144,0.1843856,1,372,4) very common (100+)
706,0.093983866,0.9060161,1,0,1) very rare (1-5)
707,0.15818484,0.8418152,1,2,1) very rare (1-5)
708,0.056503955,0.94349605,1,20,2) rare (6-20)
709,0.73683876,0.26316124,0,261,4) very common (100+)
710,0.27049425,0.7295058,1,0,1) very rare (1-5)
711,0.14759542,0.8524046,1,3,1) very rare (1-5)
712,0.19871137,0.8012886,0,3,1) very rare (1-5)
713,0.21095107,0.7890489,0,96,3) common (21-100)
714,0.23685531,0.7631447,1,66,3) common (21-100)
715,0.3291883,0.6708117,1,44,3) common (21-100)
716,0.42379168,0.57620835,1,268,4) very common (100+)
717,0.89462864,0.105371356,1,1290,4) very common (100+)
718,0.27769884,0.7223011,0,6,2) rare (6-20)
719,0.40026835,0.5997317,0,4,1) very rare (1-5)
720,0.73677003,0.26322997,0,12,2) rare (6-20)
721,0.45730644,0.54269356,0,4,1) very rare (1-5)
722,0.68561363,0.31438637,1,111,4) very common (100+)
723,0.8975806,0.10241938,0,1070,4) very common (100+)
724,0.50386715,0.49613285,0,15,2) rare (6-20)
725,0.20354955,0.79645044,0,1,1) very rare (1-5)
726,0.3999185,0.6000815,0,275,4) very common (100+)
727,0.17571314,0.8242869,0,1,1) very rare (1-5)
728,0.14391857,0.8560814,1,0,1) very rare (1-5)
729,0.46491876,0.53508127,0,1070,4) very common (100+)
730,0.10409202,0.895908,1,275,4) very common (100+)
731,0.76303315,0.23696685,0,142,4) very common (100+)
732,0.59585375,0.40414625,1,41,3) common (21-100)
733,0.023785511,0.97621447,1,0,1) very rare (1-5)
734,0.11194464,0.8880554,1,107,4) very common (100+)
735,0.16184673,0.83815324,1,6,2) rare (6-20)
736,0.47853488,0.5214651,1,1,1) very rare (1-5)
737,0.66967714,0.33032286,0,39,3) common (21-100)
738,0.2435114,0.7564886,0,1,1) very rare (1-5)
739,0.4701151,0.52988493,1,17,2) rare (6-20)
740,0.6845466,0.3154534,0,15,2) rare (6-20)
741,0.11008944,0.8899106,1,70,3) common (21-100)
742,0.8143451,0.18565488,0,1070,4) very common (100+)
743,0.16302073,0.83697927,1,0,1) very rare (1-5)
744,0.93900776,0.06099224,1,4,1) very rare (1-5)
745,0.8310993,0.16890073,0,60,3) common (21-100)
746,0.57626796,0.42373204,0,2,1) very rare (1-5)
747,0.2656031,0.73439693,1,4,1) very rare (1-5)
748,0.17908078,0.8209192,1,17,2) rare (6-20)
749,0.6530543,0.3469457,0,0,1) very rare (1-5)
750,0.74803865,0.25196135,1,0,1) very rare (1-5)
751,0.9360748,0.06392521,0,15,2) rare (6-20)
752,0.6402462,0.3597538,0,0,1) very rare (1-5)
753,0.876763,0.123237014,0,1000,4) very common (100+)
754,0.6700008,0.3299992,1,20,2) rare (6-20)
755,0.86894083,0.13105917,0,12,2) rare (6-20)
756,0.8365947,0.1634053,0,237,4) very common (100+)
757,0.9488882,0.051111817,0,9,2) rare (6-20)
758,0.21998388,0.7800161,1,47,3) common (21-100)
759,0.3471109,0.65288913,1,10,2) rare (6-20)
760,0.87737477,0.12262523,0,421,4) very common (100+)
761,0.055466488,0.9445335,1,261,4) very common (100+)
762,0.44600886,0.55399114,1,58,3) common (21-100)
763,0.7117223,0.2882777,1,1290,4) very common (100+)
764,0.62637144,0.37362856,0,102,4) very common (100+)
765,0.46115708,0.5388429,0,6,2) rare (6-20)
766,0.9930704,0.0069295764,0,223,4) very common (100+)
767,0.105962805,0.8940372,0,0,1) very rare (1-5)
768,0.6216803,0.37831968,0,1070,4) very common (100+)
769,0.8611739,0.13882607,0,22,3) common (21-100)
770,0.9160141,0.083985925,0,94,3) common (21-100)
771,0.3518557,0.6481443,0,99,3) common (21-100)
772,0.36753038,0.63246965,1,23,3) common (21-100)
773,0.8587443,0.14125568,1,0,1) very rare (1-5)
774,0.074211955,0.92578804,0,81,3) common (21-100)
775,0.973375,0.026624978,0,39,3) common (21-100)
776,0.05200292,0.9479971,0,1,1) very rare (1-5)
777,0.3736792,0.62632084,1,47,3) common (21-100)
778,0.4160149,0.5839851,0,0,1) very rare (1-5)
779,0.88644713,0.11355287,0,118,4) very common (100+)
780,0.71957916,0.28042084,0,4,1) very rare (1-5)
781,0.6546416,0.34535837,1,275,4) very common (100+)
782,0.4869452,0.5130548,1,0,1) very rare (1-5)
783,0.41087037,0.5891296,0,36,3) common (21-100)
784,0.23164475,0.76835525,0,40,3) common (21-100)
785,0.4465866,0.5534134,1,2,1) very rare (1-5)
786,0.96891886,0.03108114,1,19,2) rare (6-20)
787,0.3932051,0.6067949,0,1000,4) very common (100+)
788,0.75226104,0.24773896,0,90,3) common (21-100)
789,0.27676544,0.72323453,1,1290,4) very common (100+)
790,0.6889122,0.3110878,1,0,1) very rare (1-5)
791,0.5589534,0.4410466,1,1290,4) very common (100+)
792,0.09223398,0.90776604,1,0,1) very rare (1-5)
793,0.17471421,0.8252858,0,700,4) very common (100+)
794,0.96878237,0.031217635,0,44,3) common (21-100)
795,0.6999331,0.3000669,0,100,3) common (21-100)
796,0.4196627,0.5803373,1,0,1) very rare (1-5)
797,0.017915614,0.9820844,1,0,1) very rare (1-5)
798,0.42821315,0.5717869,1,0,1) very rare (1-5)
799,0.25706738,0.7429326,1,0,1) very rare (1-5)
800,0.069043025,0.93095696,1,372,4) very common (100+)
801,0.51440454,0.48559546,0,30,3) common (21-100)
802,0.95112276,0.04887724,0,421,4) very common (100+)
803,0.870547,0.129453,1,47,3) common (21-100)
804,0.74878484,0.25121516,1,66,3) common (21-100)
805,0.47334287,0.5266571,0,15,2) rare (6-20)
806,0.62403125,0.37596875,0,14,2) rare (6-20)
807,0.6879315,0.31206852,0,5,1) very rare (1-5)
808,0.6008842,0.3991158,0,14,2) rare (6-20)
809,0.40035546,0.59964454,1,86,3) common (21-100)
810,0.12691844,0.87308156,1,0,1) very rare (1-5)
811,0.2263606,0.7736394,1,19,2) rare (6-20)
812,0.19415681,0.8058432,1,1,1) very rare (1-5)
813,0.9333341,0.06666589,0,108,4) very common (100+)
814,0.75103307,0.24896693,1,118,4) very common (100+)
815,0.27064866,0.72935134,1,41,3) common (21-100)
816,0.19327024,0.8067298,1,108,4) very common (100+)
817,0.9006461,0.09935391,1,0,1) very rare (1-5)
818,0.86370504,0.13629496,0,421,4) very common (100+)
819,0.33439997,0.66560006,1,13,2) rare (6-20)
820,0.36889258,0.63110745,0,1,1) very rare (1-5)
821,0.3846803,0.6153197,1,2,1) very rare (1-5)
822,0.88206035,0.11793965,1,275,4) very common (100+)
823,0.90915585,0.090844154,0,700,4) very common (100+)
824,0.18907037,0.81092966,1,0,1) very rare (1-5)
825,0.46722245,0.53277755,1,1,1) very rare (1-5)
826,0.51913065,0.48086935,0,1,1) very rare (1-5)
827,0.5984351,0.4015649,1,700,4) very common (100+)
828,0.7338934,0.2661066,0,1,1) very rare (1-5)
829,0.703587,0.296413,0,68,3) common (21-100)
830,0.23593342,0.7640666,1,11,2) rare (6-20)
831,0.21099623,0.7890038,1,18,2) rare (6-20)
832,0.2588388,0.7411612,0,1,1) very rare (1-5)
833,0.9589976,0.041002393,0,105,4) very common (100+)
834,0.9352356,0.06476438,0,15,2) rare (6-20)
835,0.057366658,0.94263333,0,1,1) very rare (1-5)
836,0.28400198,0.71599805,1,70,3) common (21-100)
837,0.6813123,0.31868768,0,1000,4) very common (100+)
838,0.20668165,0.79331833,1,3,1) very rare (1-5)
839,0.61462295,0.38537705,0,372,4) very common (100+)
840,0.9036571,0.09634292,0,142,4) very common (100+)
841,0.048963986,0.95103604,1,0,1) very rare (1-5)
842,0.99261886,0.007381141,0,1000,4) very common (100+)
843,0.29889455,0.7011055,1,58,3) common (21-100)
844,0.7764584,0.22354162,0,70,3) common (21-100)
845,0.09084075,0.90915924,0,84,3) common (21-100)
846,0.9157606,0.08423942,0,100,3) common (21-100)
847,0.53418654,0.46581346,0,121,4) very common (100+)
848,0.4374807,0.5625193,1,0,1) very rare (1-5)
849,0.3842185,0.6157815,1,22,3) common (21-100)
850,0.84198546,0.15801454,0,182,4) very common (100+)
851,0.8065297,0.1934703,0,14,2) rare (6-20)
852,0.3120296,0.6879704,1,36,3) common (21-100)
853,0.41018716,0.5898129,1,1,1) very rare (1-5)
854,0.33739957,0.6626004,1,0,1) very rare (1-5)
855,0.6255747,0.3744253,0,100,3) common (21-100)
856,0.4036733,0.5963267,1,20,2) rare (6-20)
857,0.38968194,0.61031806,1,3,1) very rare (1-5)
858,0.17807066,0.82192934,1,17,2) rare (6-20)
859,0.27928028,0.7207197,1,4,1) very rare (1-5)
860,0.21601097,0.783989,1,6,2) rare (6-20)
861,0.989734,0.010266006,0,35,3) common (21-100)
862,0.41102868,0.5889713,0,1,1) very rare (1-5)
863,0.5824967,0.4175033,0,274,4) very common (100+)
864,0.7869907,0.2130093,0,121,4) very common (100+)
865,0.27841666,0.72158337,1,0,1) very rare (1-5)
866,0.117764756,0.8822352,1,0,1) very rare (1-5)
867,0.17309973,0.82690024,1,7,2) rare (6-20)
868,0.97030973,0.029690266,0,700,4) very common (100+)
869,0.56290257,0.43709743,0,79,3) common (21-100)
870,0.2451637,0.7548363,0,17,2) rare (6-20)
871,0.23832375,0.76167625,0,14,2) rare (6-20)
872,0.12411529,0.8758847,1,0,1) very rare (1-5)
873,0.9917163,0.008283675,0,24,3) common (21-100)
874,0.95486486,0.04513514,1,0,1) very rare (1-5)
875,0.05434629,0.94565374,0,0,1) very rare (1-5)
876,0.15071645,0.8492836,0,237,4) very common (100+)
877,0.74506736,0.25493264,0,21,3) common (21-100)
878,0.050946027,0.949054,1,79,3) common (21-100)
879,0.47584993,0.5241501,1,0,1) very rare (1-5)
880,0.54944205,0.45055795,1,1,1) very rare (1-5)
881,0.17251793,0.8274821,1,36,3) common (21-100)
882,0.3555101,0.6444899,1,30,3) common (21-100)
883,0.21911617,0.78088385,1,343,4) very common (100+)
884,0.39788482,0.60211515,0,372,4) very common (100+)
885,0.11207619,0.88792384,1,0,1) very rare (1-5)
886,0.045675322,0.95432466,1,4,1) very rare (1-5)
887,0.9861805,0.013819516,1,0,1) very rare (1-5)
888,0.15861553,0.8413845,1,8,2) rare (6-20)
889,0.9758002,0.024199784,0,78,3) common (21-100)
890,0.25039825,0.7496017,1,1,1) very rare (1-5)
891,0.976605,0.023395002,0,89,3) common (21-100)
892,0.63330394,0.36669606,1,0,1) very rare (1-5)
893,0.35448053,0.6455195,0,372,4) very common (100+)
894,0.2599609,0.7400391,1,18,2) rare (6-20)
895,0.6869042,0.3130958,1,28,3) common (21-100)
896,0.35774893,0.6422511,0,71,3) common (21-100)
897,0.7107357,0.28926432,1,14,2) rare (6-20)
898,0.35435018,0.6456498,0,1,1) very rare (1-5)
899,0.0412823,0.9587177,0,0,1) very rare (1-5)
900,0.30482212,0.6951779,1,268,4) very common (100+)
901,0.67820716,0.32179284,1,4,1) very rare (1-5)
902,0.8000268,0.19997323,0,2,1) very rare (1-5)
903,0.6202741,0.37972587,0,1070,4) very common (100+)
904,0.3517114,0.6482886,1,7,2) rare (6-20)
905,0.04435165,0.95564836,1,275,4) very common (100+)
906,0.15924226,0.8407577,0,17,2) rare (6-20)
907,0.4628245,0.53717554,0,63,3) common (21-100)
908,0.8966277,0.103372276,0,63,3) common (21-100)
909,0.2361706,0.7638294,1,1290,4) very common (100+)
910,0.3277653,0.6722347,0,13,2) rare (6-20)
911,0.7689506,0.23104942,0,17,2) rare (6-20)
912,0.19431306,0.80568695,1,1290,4) very common (100+)
913,0.6129271,0.38707292,0,2,1) very rare (1-5)
914,0.7149901,0.28500992,0,6,2) rare (6-20)
915,0.37846577,0.6215342,0,18,2) rare (6-20)
916,0.09464316,0.9053568,0,178,4) very common (100+)
917,0.31317478,0.6868252,1,0,1) very rare (1-5)
918,0.78571326,0.21428674,0,166,4) very common (100+)
919,0.62330055,0.37669945,1,1290,4) very common (100+)
920,0.82133216,0.17866784,0,82,3) common (21-100)
921,0.0875299,0.9124701,1,0,1) very rare (1-5)
922,0.9534199,0.046580076,0,1000,4) very common (100+)
923,0.4253924,0.5746076,0,105,4) very common (100+)
924,0.96899945,0.031000555,0,118,4) very common (100+)
925,0.31541684,0.6845832,1,23,3) common (21-100)
926,0.83116513,0.16883487,1,4,1) very rare (1-5)
927,0.865239,0.13476098,0,4,1) very rare (1-5)
928,0.7924467,0.20755333,1,343,4) very common (100+)
929,0.27047002,0.72953,1,2,1) very rare (1-5)
930,0.59443384,0.40556616,0,275,4) very common (100+)
931,0.43497303,0.565027,1,20,2) rare (6-20)
932,0.10150942,0.89849055,1,11,2) rare (6-20)
933,0.16607483,0.8339252,0,1,1) very rare (1-5)
934,0.2848854,0.7151146,1,6,2) rare (6-20)
935,0.6906903,0.30930972,1,0,1) very rare (1-5)
936,0.986684,0.013315976,0,18,2) rare (6-20)
937,0.26749685,0.7325032,1,13,2) rare (6-20)
938,0.8859497,0.11405033,0,1290,4) very common (100+)
939,0.101170406,0.8988296,1,0,1) very rare (1-5)
940,0.33107057,0.66892946,1,0,1) very rare (1-5)
941,0.087197185,0.9128028,1,1,1) very rare (1-5)
942,0.52731043,0.47268957,0,5,1) very rare (1-5)
943,0.37263137,0.6273686,0,28,3) common (21-100)
944,0.8099983,0.19000173,1,261,4) very common (100+)
945,0.39666387,0.6033361,0,178,4) very common (100+)
946,0.09015185,0.90984815,1,0,1) very rare (1-5)
947,0.24228983,0.75771016,1,6,2) rare (6-20)
948,0.025068164,0.97493184,1,0,1) very rare (1-5)
949,0.8697192,0.1302808,0,69,3) common (21-100)
950,0.070453204,0.9295468,1,0,1) very rare (1-5)
951,0.15252209,0.8474779,1,5,1) very rare (1-5)
952,0.6525785,0.34742153,0,223,4) very common (100+)
953,0.94235206,0.057647943,0,12,2) rare (6-20)
954,0.12503222,0.8749678,1,111,4) very common (100+)
955,0.34028783,0.6597122,1,159,4) very common (100+)
956,0.55785793,0.44214207,0,90,3) common (21-100)
957,0.529672,0.47032797,1,44,3) common (21-100)
958,0.53632426,0.46367574,1,1,1) very rare (1-5)
959,0.3455741,0.65442586,1,14,2) rare (6-20)
960,0.101187095,0.8988129,0,0,1) very rare (1-5)
961,0.11244788,0.88755214,1,1,1) very rare (1-5)
962,0.08800333,0.91199666,1,0,1) very rare (1-5)
963,0.11214045,0.8878596,1,70,3) common (21-100)
964,0.09411634,0.90588367,1,8,2) rare (6-20)
965,0.7870136,0.21298641,0,1070,4) very common (100+)
966,0.8698297,0.13017029,1,96,3) common (21-100)
967,0.41684628,0.5831537,1,10,2) rare (6-20)
968,0.6462662,0.35373378,0,45,3) common (21-100)
969,0.18613188,0.8138681,1,105,4) very common (100+)
970,0.40567505,0.59432495,0,4,1) very rare (1-5)
971,0.9421673,0.057832718,1,20,2) rare (6-20)
972,0.2642339,0.7357661,0,68,3) common (21-100)
973,0.4927164,0.50728357,0,63,3) common (21-100)
974,0.6487005,0.35129952,0,46,3) common (21-100)
975,0.3290551,0.6709449,0,1,1) very rare (1-5)
976,0.7197205,0.28027952,1,0,1) very rare (1-5)
977,0.64629513,0.35370487,1,261,4) very common (100+)
978,0.84435457,0.15564543,1,2,1) very rare (1-5)
979,0.07022237,0.9297776,1,6,2) rare (6-20)
980,0.46803054,0.5319694,0,111,4) very common (100+)
981,0.53672206,0.46327794,1,18,2) rare (6-20)
982,0.873982,0.12601799,0,1290,4) very common (100+)
983,0.2297365,0.7702635,1,1070,4) very common (100+)
984,0.5939862,0.4060138,0,62,3) common (21-100)
985,0.03939176,0.96060824,0,0,1) very rare (1-5)
986,0.7048988,0.29510123,1,142,4) very common (100+)
987,0.7913763,0.2086237,0,1290,4) very common (100+)
988,0.8003702,0.19962978,0,47,3) common (21-100)
989,0.76491433,0.23508567,1,76,3) common (21-100)
990,0.023737159,0.97626287,1,3,1) very rare (1-5)
991,0.36083773,0.6391623,1,0,1) very rare (1-5)
992,0.87276363,0.12723637,0,1070,4) very common (100+)
993,0.04064347,0.95935655,1,32,3) common (21-100)
994,0.2798711,0.7201289,1,1,1) very rare (1-5)
995,0.122228354,0.8777716,1,38,3) common (21-100)
996,0.05710053,0.94289947,1,0,1) very rare (1-5)
997,0.77069914,0.22930086,0,118,4) very common (100+)
998,0.97971046,0.02028954,0,62,3) common (21-100)
999,0.3086937,0.6913063,1,13,2) rare (6-20)
1000,0.45729,0.54271,1,2,1) very rare (1-5)
1001,0.4268051,0.57319486,0,0,1) very rare (1-5)
1002,0.13325708,0.8667429,0,7,2) rare (6-20)
1003,0.17902425,0.8209758,1,68,3) common (21-100)
1004,0.38079593,0.61920404,1,16,2) rare (6-20)
1005,0.38770354,0.61229646,0,5,1) very rare (1-5)
1006,0.04790033,0.9520997,1,1,1) very rare (1-5)
1007,0.9438645,0.056135476,0,53,3) common (21-100)
1008,0.4458957,0.5541043,1,7,2) rare (6-20)
1009,0.97797614,0.022023857,0,421,4) very common (100+)
1010,0.9847727,0.015227318,0,24,3) common (21-100)
1011,0.12530147,0.8746985,0,0,1) very rare (1-5)
1012,0.65709686,0.34290314,1,22,3) common (21-100)
1013,0.7252492,0.27475083,1,76,3) common (21-100)
1014,0.99329245,0.006707549,0,159,4) very common (100+)
1015,0.33436295,0.665637,0,118,4) very common (100+)
1016,0.9366083,0.063391685,0,178,4) very common (100+)
1017,0.46322587,0.53677416,0,146,4) very common (100+)
1018,0.049561147,0.95043886,1,94,3) common (21-100)
1019,0.8165719,0.18342811,0,27,3) common (21-100)
1020,0.7967963,0.20320368,0,39,3) common (21-100)
1021,0.89457285,0.105427146,1,1,1) very rare (1-5)
1022,0.3971164,0.6028836,0,1,1) very rare (1-5)
1023,0.5468287,0.4531713,0,223,4) very common (100+)
1024,0.8157581,0.18424189,1,1,1) very rare (1-5)
1025,0.21543369,0.7845663,0,0,1) very rare (1-5)
1026,0.5506602,0.4493398,0,85,3) common (21-100)
1027,0.049994156,0.9500058,1,8,2) rare (6-20)
1028,0.11122845,0.88877153,1,0,1) very rare (1-5)
1029,0.4943529,0.50564706,1,0,1) very rare (1-5)
1030,0.91482115,0.08517885,0,372,4) very common (100+)
1031,0.05298395,0.94701606,1,5,1) very rare (1-5)
1032,0.0889526,0.9110474,0,27,3) common (21-100)
1033,0.16325851,0.8367415,1,6,2) rare (6-20)
1034,0.6087304,0.39126962,1,1,1) very rare (1-5)
1035,0.5553212,0.44467878,1,3,1) very rare (1-5)
1036,0.38942382,0.61057615,1,5,1) very rare (1-5)
1037,0.36776814,0.63223183,0,134,4) very common (100+)
1038,0.71738124,0.28261876,0,107,4) very common (100+)
1039,0.06373891,0.93626106,0,5,1) very rare (1-5)
1040,0.9125642,0.08743578,0,1070,4) very common (100+)
1041,0.86681515,0.13318485,1,105,4) very common (100+)
1042,0.18817018,0.8118298,1,20,2) rare (6-20)
1043,0.99115807,0.008841932,0,89,3) common (21-100)
1044,0.27569264,0.72430736,1,3,1) very rare (1-5)
1045,0.46853822,0.5314618,1,70,3) common (21-100)
1046,0.4026095,0.59739053,1,66,3) common (21-100)
1047,0.0553157,0.9446843,1,24,3) common (21-100)
1048,0.24259907,0.75740093,1,0,1) very rare (1-5)
1049,0.42976725,0.57023275,1,42,3) common (21-100)
1050,0.76026785,0.23973215,0,1070,4) very common (100+)
1051,0.02664338,0.9733566,1,13,2) rare (6-20)
1052,0.41114518,0.5888548,0,700,4) very common (100+)
1053,0.67083573,0.32916427,1,75,3) common (21-100)
1054,0.7582142,0.24178582,1,4,1) very rare (1-5)
1055,0.38205403,0.61794597,0,10,2) rare (6-20)
1056,0.10754047,0.8924595,1,19,2) rare (6-20)
1057,0.7248846,0.27511537,1,42,3) common (21-100)
1058,0.034688003,0.965312,1,23,3) common (21-100)
1059,0.91649556,0.08350444,0,0,1) very rare (1-5)
1060,0.3499834,0.6500166,1,0,1) very rare (1-5)
1061,0.8359865,0.1640135,0,1290,4) very common (100+)
1062,0.59969854,0.40030146,0,1070,4) very common (100+)
1063,0.12738092,0.8726191,1,3,1) very rare (1-5)
1064,0.7393577,0.2606423,0,16,2) rare (6-20)
1065,0.46498823,0.53501177,0,18,2) rare (6-20)
1066,0.62009287,0.37990713,0,1000,4) very common (100+)
1067,0.06933834,0.9306617,1,0,1) very rare (1-5)
1068,0.7580164,0.24198359,0,421,4) very common (100+)
1069,0.43035483,0.56964517,1,0,1) very rare (1-5)
1070,0.09999901,0.900001,1,3,1) very rare (1-5)
1071,0.11075861,0.8892414,0,105,4) very common (100+)
1072,0.7554852,0.24451482,1,91,3) common (21-100)
1073,0.74156314,0.25843686,1,2,1) very rare (1-5)
1074,0.6101629,0.3898371,1,7,2) rare (6-20)
1075,0.22688013,0.77311987,1,1,1) very rare (1-5)
1076,0.79498684,0.20501316,1,20,2) rare (6-20)
1077,0.80347294,0.19652706,0,1290,4) very common (100+)
1078,0.9328748,0.0671252,0,22,3) common (21-100)
1079,0.46277338,0.5372266,1,3,1) very rare (1-5)
1080,0.24341261,0.7565874,0,0,1) very rare (1-5)
1081,0.10845529,0.8915447,1,2,1) very rare (1-5)
1082,0.7406971,0.2593029,0,1290,4) very common (100+)
1083,0.81968147,0.18031853,0,106,4) very common (100+)
1084,0.2884623,0.7115377,0,17,2) rare (6-20)
1085,0.46877527,0.5312247,0,2,1) very rare (1-5)
1086,0.8526218,0.1473782,1,3,1) very rare (1-5)
1087,0.48270756,0.51729244,0,3,1) very rare (1-5)
1088,0.16594344,0.83405656,1,2,1) very rare (1-5)
1089,0.26952243,0.7304776,1,134,4) very common (100+)
1090,0.2949447,0.7050553,1,14,2) rare (6-20)
1091,0.26751745,0.73248255,0,1,1) very rare (1-5)
1092,0.457975,0.54202497,0,0,1) very rare (1-5)
1093,0.95492214,0.04507786,0,11,2) rare (6-20)
1094,0.4425215,0.5574785,1,1,1) very rare (1-5)
1095,0.91710037,0.08289963,0,274,4) very common (100+)
1096,0.18307285,0.81692713,0,166,4) very common (100+)
1097,0.93604314,0.06395686,0,1290,4) very common (100+)
1098,0.8741326,0.12586743,0,7,2) rare (6-20)
1099,0.26799133,0.7320087,0,1,1) very rare (1-5)
1100,0.5660104,0.43398958,1,1,1) very rare (1-5)
1101,0.7501304,0.24986959,0,1000,4) very common (100+)
1102,0.77642924,0.22357076,0,1,1) very rare (1-5)
1103,0.068933085,0.93106693,0,81,3) common (21-100)
1104,0.24865164,0.7513484,0,105,4) very common (100+)
1105,0.7027978,0.29720223,0,237,4) very common (100+)
1106,0.7355212,0.2644788,1,4,1) very rare (1-5)
1107,0.5926664,0.4073336,1,62,3) common (21-100)
1108,0.15444012,0.8455599,1,0,1) very rare (1-5)
1109,0.9469652,0.053034782,0,84,3) common (21-100)
1110,0.531344,0.468656,1,81,3) common (21-100)
1111,0.84764254,0.15235746,0,1290,4) very common (100+)
1112,0.84229136,0.15770864,0,1290,4) very common (100+)
1113,0.35000798,0.649992,1,700,4) very common (100+)
1114,0.040795214,0.9592048,1,0,1) very rare (1-5)
1115,0.4937264,0.5062736,1,8,2) rare (6-20)
1116,0.094466284,0.90553373,1,2,1) very rare (1-5)
1117,0.061927177,0.9380728,1,274,4) very common (100+)
1118,0.10983148,0.89016855,1,4,1) very rare (1-5)
1119,0.023220748,0.9767792,1,0,1) very rare (1-5)
1120,0.7820076,0.21799242,0,145,4) very common (100+)
1121,0.97851485,0.02148515,0,421,4) very common (100+)
1122,0.28690124,0.71309876,0,0,1) very rare (1-5)
1123,0.33879724,0.6612028,1,76,3) common (21-100)
1124,0.3931153,0.6068847,1,0,1) very rare (1-5)
1125,0.8299168,0.17008322,1,28,3) common (21-100)
1126,0.4540149,0.5459851,1,0,1) very rare (1-5)
1127,0.38347855,0.6165215,1,39,3) common (21-100)
1128,0.63688684,0.36311316,1,1,1) very rare (1-5)
1129,0.873902,0.12609798,0,21,3) common (21-100)
1130,0.048992455,0.95100754,1,6,2) rare (6-20)
1131,0.0991037,0.9008963,1,4,1) very rare (1-5)
1132,0.6755503,0.32444972,0,1,1) very rare (1-5)
1133,0.4050581,0.5949419,1,36,3) common (21-100)
1134,0.7594007,0.24059927,0,1000,4) very common (100+)
1135,0.3534352,0.64656484,1,4,1) very rare (1-5)
1136,0.3326626,0.6673374,0,5,1) very rare (1-5)
1137,0.043458886,0.9565411,1,0,1) very rare (1-5)
1138,0.69103193,0.30896807,1,3,1) very rare (1-5)
1139,0.034485944,0.96551406,1,3,1) very rare (1-5)
1140,0.3996884,0.60031164,0,700,4) very common (100+)
1141,0.1514469,0.8485531,1,1,1) very rare (1-5)
1142,0.56432414,0.43567586,0,71,3) common (21-100)
1143,0.016319755,0.98368025,1,6,2) rare (6-20)
1144,0.24779886,0.75220114,0,8,2) rare (6-20)
1145,0.98249453,0.017505467,1,89,3) common (21-100)
1146,0.7374922,0.2625078,1,1290,4) very common (100+)
1147,0.7500744,0.24992561,1,54,3) common (21-100)
1148,0.4464936,0.5535064,0,22,3) common (21-100)
1149,0.86305577,0.13694423,1,3,1) very rare (1-5)
1150,0.018792275,0.9812077,1,39,3) common (21-100)
1151,0.65128696,0.34871304,1,0,1) very rare (1-5)
1152,0.5849919,0.41500813,0,3,1) very rare (1-5)
1153,0.62470406,0.37529594,0,1,1) very rare (1-5)
1154,0.91736895,0.08263105,1,160,4) very common (100+)
1155,0.7871369,0.21286309,1,0,1) very rare (1-5)
1156,0.18836513,0.8116349,1,4,1) very rare (1-5)
1157,0.33529997,0.66470003,0,37,3) common (21-100)
1158,0.9094992,0.09050077,0,4,1) very rare (1-5)
1159,0.079669386,0.92033064,1,0,1) very rare (1-5)
1160,0.2701896,0.72981036,0,55,3) common (21-100)
1161,0.6983662,0.30163378,1,1070,4) very common (100+)
1162,0.9653367,0.03466332,0,421,4) very common (100+)
1163,0.636247,0.36375302,0,700,4) very common (100+)
1164,0.25466973,0.7453303,0,237,4) very common (100+)
1165,0.34710953,0.65289044,1,142,4) very common (100+)
1166,0.60491043,0.39508957,1,76,3) common (21-100)
1167,0.98185056,0.018149436,0,89,3) common (21-100)
1168,0.096239135,0.90376085,1,1,1) very rare (1-5)
1169,0.11723542,0.8827646,1,1,1) very rare (1-5)
1170,0.66389847,0.33610153,0,42,3) common (21-100)
1171,0.5347688,0.46523118,1,1,1) very rare (1-5)
1172,0.32911623,0.6708838,1,25,3) common (21-100)
1173,0.9603448,0.03965521,0,10,2) rare (6-20)
1174,0.712218,0.287782,1,105,4) very common (100+)
1175,0.44427234,0.55572766,0,17,2) rare (6-20)
1176,0.2687613,0.7312387,1,0,1) very rare (1-5)
1177,0.40691835,0.59308165,1,4,1) very rare (1-5)
1178,0.57487977,0.42512023,1,0,1) very rare (1-5)
1179,0.23758808,0.76241195,1,0,1) very rare (1-5)
1180,0.06362914,0.93637085,1,0,1) very rare (1-5)
1181,0.4771804,0.52281964,0,1290,4) very common (100+)
1182,0.33890015,0.66109985,1,11,2) rare (6-20)
1183,0.111634344,0.8883656,1,4,1) very rare (1-5)
1184,0.97180015,0.028199852,0,70,3) common (21-100)
1185,0.58627206,0.41372794,0,1290,4) very common (100+)
1186,0.30431342,0.6956866,1,275,4) very common (100+)
1187,0.3096272,0.6903728,1,78,3) common (21-100)
1188,0.6921423,0.3078577,0,142,4) very common (100+)
1189,0.4954663,0.5045337,1,1,1) very rare (1-5)
1190,0.78718686,0.21281314,1,1070,4) very common (100+)
1191,0.94786316,0.05213684,0,211,4) very common (100+)
1192,0.23797172,0.7620283,1,1,1) very rare (1-5)
1193,0.5350154,0.4649846,1,5,1) very rare (1-5)
1194,0.048807267,0.95119274,1,2,1) very rare (1-5)
1195,0.21679705,0.78320295,1,275,4) very common (100+)
1196,0.52678317,0.47321683,1,18,2) rare (6-20)
1197,0.05531216,0.94468784,1,3,1) very rare (1-5)
1198,0.081041664,0.9189583,1,24,3) common (21-100)
1199,0.10163467,0.8983653,0,0,1) very rare (1-5)
1200,0.6407982,0.3592018,1,142,4) very common (100+)
1201,0.35366136,0.64633864,1,86,3) common (21-100)
1202,0.12663065,0.87336934,1,0,1) very rare (1-5)
1203,0.035029188,0.9649708,1,92,3) common (21-100)
1204,0.6044139,0.39558607,1,0,1) very rare (1-5)
1205,0.1969097,0.80309033,1,1,1) very rare (1-5)
1206,0.3319882,0.6680118,1,160,4) very common (100+)
1207,0.86206436,0.13793564,1,69,3) common (21-100)
1208,0.26928687,0.7307131,1,1,1) very rare (1-5)
1209,0.07829674,0.9217033,1,0,1) very rare (1-5)
1210,0.7090479,0.2909521,0,1070,4) very common (100+)
1211,0.15072402,0.84927595,1,5,1) very rare (1-5)
1212,0.32146204,0.67853796,1,1,1) very rare (1-5)
1213,0.4008572,0.5991428,1,372,4) very common (100+)
1214,0.79758507,0.20241493,0,2,1) very rare (1-5)
1215,0.16434191,0.8356581,1,1,1) very rare (1-5)
1216,0.17597736,0.82402265,1,86,3) common (21-100)
1217,0.9380651,0.06193489,0,700,4) very common (100+)
1218,0.18060815,0.81939185,1,4,1) very rare (1-5)
1219,0.8734595,0.12654048,0,372,4) very common (100+)
1220,0.6394488,0.36055118,0,2,1) very rare (1-5)
1221,0.18259698,0.817403,1,0,1) very rare (1-5)
1222,0.37100533,0.6289947,0,1070,4) very common (100+)
1223,0.4504378,0.5495622,1,5,1) very rare (1-5)
1224,0.28941903,0.71058095,1,0,1) very rare (1-5)
1225,0.88811064,0.11188936,0,4,1) very rare (1-5)
1226,0.27253562,0.7274644,1,3,1) very rare (1-5)
1227,0.059613645,0.94038635,1,0,1) very rare (1-5)
1228,0.121498436,0.87850153,1,17,2) rare (6-20)
1229,0.18354248,0.8164575,1,0,1) very rare (1-5)
1230,0.4648883,0.53511167,1,268,4) very common (100+)
1231,0.08677311,0.9132269,0,1,1) very rare (1-5)
1232,0.15718906,0.8428109,0,1,1) very rare (1-5)
1233,0.43263614,0.56736386,0,421,4) very common (100+)
1234,0.22207548,0.77792454,1,1290,4) very common (100+)
1235,0.27506843,0.7249316,1,2,1) very rare (1-5)
1236,0.74014235,0.25985765,1,58,3) common (21-100)
1237,0.27203977,0.7279602,0,14,2) rare (6-20)
1238,0.22309339,0.7769066,1,36,3) common (21-100)
1239,0.14234921,0.85765076,1,0,1) very rare (1-5)
1240,0.93391985,0.06608015,1,5,1) very rare (1-5)
1241,0.77539796,0.22460204,1,15,2) rare (6-20)
1242,0.28330326,0.71669674,1,18,2) rare (6-20)
1243,0.8663416,0.13365841,1,1290,4) very common (100+)
1244,0.34551954,0.65448046,1,14,2) rare (6-20)
1245,0.3526084,0.64739156,0,66,3) common (21-100)
1246,0.061260242,0.9387398,1,88,3) common (21-100)
1247,0.075362116,0.9246379,0,19,2) rare (6-20)
1248,0.27798492,0.7220151,1,19,2) rare (6-20)
1249,0.60220987,0.39779013,1,3,1) very rare (1-5)
1250,0.060991853,0.9390081,1,7,2) rare (6-20)
1251,0.44800472,0.5519953,0,1070,4) very common (100+)
1252,0.59048826,0.40951174,0,700,4) very common (100+)
1253,0.74278444,0.25721556,0,261,4) very common (100+)
1254,0.6095015,0.39049852,0,96,3) common (21-100)
1255,0.64907616,0.35092384,0,223,4) very common (100+)
1256,0.20298143,0.7970186,0,9,2) rare (6-20)
1257,0.92778236,0.07221764,0,106,4) very common (100+)
1258,0.05410567,0.94589436,1,0,1) very rare (1-5)
1259,0.8657481,0.1342519,1,0,1) very rare (1-5)
1260,0.29395425,0.70604575,0,5,1) very rare (1-5)
1261,0.38623703,0.613763,1,3,1) very rare (1-5)
1262,0.5553618,0.4446382,1,86,3) common (21-100)
1263,0.24921735,0.75078267,1,4,1) very rare (1-5)
1264,0.38166752,0.6183325,1,5,1) very rare (1-5)
1265,0.2074544,0.7925456,1,76,3) common (21-100)
1266,0.25552455,0.7444755,0,0,1) very rare (1-5)
1267,0.19706745,0.80293256,0,17,2) rare (6-20)
1268,0.388458,0.611542,1,9,2) rare (6-20)
1269,0.19439805,0.80560195,1,0,1) very rare (1-5)
1270,0.91438276,0.085617244,1,0,1) very rare (1-5)
1271,0.672921,0.327079,1,0,1) very rare (1-5)
1272,0.2554871,0.7445129,1,23,3) common (21-100)
1273,0.3107734,0.6892266,0,9,2) rare (6-20)
1274,0.62353855,0.37646145,0,700,4) very common (100+)
1275,0.09399644,0.90600353,0,3,1) very rare (1-5)
1276,0.7011314,0.2988686,1,3,1) very rare (1-5)
1277,0.3889526,0.6110474,0,31,3) common (21-100)
1278,0.6355681,0.36443192,0,134,4) very common (100+)
1279,0.3751747,0.6248253,0,10,2) rare (6-20)
1280,0.20889576,0.79110426,1,15,2) rare (6-20)
1281,0.42602596,0.573974,0,9,2) rare (6-20)
1282,0.62948745,0.37051255,0,0,1) very rare (1-5)
1283,0.8187817,0.18121833,0,261,4) very common (100+)
1284,0.29556128,0.7044387,0,43,3) common (21-100)
1285,0.83784014,0.16215986,1,37,3) common (21-100)
1286,0.015466506,0.9845335,1,4,1) very rare (1-5)
1287,0.058577623,0.9414224,1,0,1) very rare (1-5)
1288,0.26229557,0.7377044,0,1,1) very rare (1-5)
1289,0.14450166,0.8554983,1,1,1) very rare (1-5)
1290,0.47275594,0.5272441,0,1,1) very rare (1-5)
1291,0.9482101,0.05178988,0,700,4) very common (100+)
1292,0.40844494,0.59155506,0,700,4) very common (100+)
1293,0.72567165,0.27432835,1,3,1) very rare (1-5)
1294,0.5360425,0.4639575,1,12,2) rare (6-20)
1295,0.03336673,0.96663326,1,3,1) very rare (1-5)
1296,0.89725363,0.10274637,0,1000,4) very common (100+)
1297,0.2204486,0.7795514,1,0,1) very rare (1-5)
1298,0.557955,0.44204497,1,3,1) very rare (1-5)
1299,0.29475117,0.70524883,1,3,1) very rare (1-5)
1300,0.8829776,0.117022395,0,78,3) common (21-100)
1301,0.27395558,0.7260444,0,24,3) common (21-100)
1302,0.87137413,0.12862587,0,11,2) rare (6-20)
1303,0.1614721,0.8385279,0,0,1) very rare (1-5)
1304,0.6166658,0.38333422,0,1290,4) very common (100+)
1305,0.44154885,0.5584512,0,7,2) rare (6-20)
1306,0.7544141,0.24558592,0,1290,4) very common (100+)
1307,0.89095646,0.10904354,0,4,1) very rare (1-5)
1308,0.8895633,0.11043668,1,1070,4) very common (100+)
1309,0.34167668,0.6583233,1,0,1) very rare (1-5)
1310,0.4551891,0.5448109,0,421,4) very common (100+)
1311,0.324506,0.67549396,1,7,2) rare (6-20)
1312,0.96778697,0.032213032,0,20,2) rare (6-20)
1313,0.9411356,0.058864415,0,1290,4) very common (100+)
1314,0.38756385,0.6124362,0,1000,4) very common (100+)
1315,0.6499873,0.35001272,0,0,1) very rare (1-5)
1316,0.22366396,0.7763361,1,16,2) rare (6-20)
1317,0.97820187,0.021798134,0,94,3) common (21-100)
1318,0.051135216,0.94886476,1,14,2) rare (6-20)
1319,0.3698985,0.6301015,1,27,3) common (21-100)
1320,0.22715984,0.77284014,1,65,3) common (21-100)
1321,0.59980506,0.40019494,0,18,2) rare (6-20)
1322,0.55231726,0.44768274,1,0,1) very rare (1-5)
1323,0.060556367,0.93944365,0,17,2) rare (6-20)
1324,0.18337603,0.816624,1,1070,4) very common (100+)
1325,0.4480361,0.5519639,0,21,3) common (21-100)
1326,0.95406586,0.04593414,1,268,4) very common (100+)
1327,0.09171865,0.9082813,1,0,1) very rare (1-5)
1328,0.059732925,0.9402671,1,4,1) very rare (1-5)
1329,0.19728363,0.8027164,1,0,1) very rare (1-5)
1330,0.40586066,0.59413934,0,7,2) rare (6-20)
1331,0.88328534,0.11671466,0,5,1) very rare (1-5)
1332,0.8353508,0.16464919,0,20,2) rare (6-20)
1333,0.5001275,0.4998725,1,14,2) rare (6-20)
1334,0.9072016,0.09279841,1,70,3) common (21-100)
1335,0.33227634,0.66772366,0,42,3) common (21-100)
1336,0.520806,0.479194,1,1,1) very rare (1-5)
1337,0.15950014,0.8404999,1,18,2) rare (6-20)
1338,0.6921373,0.3078627,1,2,1) very rare (1-5)
1339,0.92534393,0.07465607,0,8,2) rare (6-20)
1340,0.7869699,0.2130301,0,223,4) very common (100+)
1341,0.56373495,0.43626505,1,1,1) very rare (1-5)
1342,0.16976146,0.8302385,1,0,1) very rare (1-5)
1343,0.8760359,0.12396407,1,1290,4) very common (100+)
1344,0.06190848,0.9380915,1,0,1) very rare (1-5)
1345,0.44868448,0.55131555,0,3,1) very rare (1-5)
1346,0.6539716,0.3460284,0,0,1) very rare (1-5)
1347,0.9584985,0.041501522,0,12,2) rare (6-20)
1348,0.73699856,0.26300144,0,261,4) very common (100+)
1349,0.20255314,0.79744685,1,160,4) very common (100+)
1350,0.22683886,0.7731612,0,9,2) rare (6-20)
1351,0.92273504,0.077264965,0,28,3) common (21-100)
1352,0.13793062,0.86206937,1,372,4) very common (100+)
1353,0.0152521515,0.9847478,1,0,1) very rare (1-5)
1354,0.71359867,0.28640133,0,12,2) rare (6-20)
1355,0.49399105,0.506009,0,1,1) very rare (1-5)
1356,0.2788565,0.7211435,1,0,1) very rare (1-5)
1357,0.11028952,0.8897105,1,100,3) common (21-100)
1358,0.64139426,0.35860574,1,5,1) very rare (1-5)
1359,0.5555924,0.44440758,1,76,3) common (21-100)
1360,0.6532299,0.3467701,1,160,4) very common (100+)
1361,0.91482043,0.08517957,0,12,2) rare (6-20)
1362,0.12036233,0.87963766,1,0,1) very rare (1-5)
1363,0.081234775,0.91876525,0,3,1) very rare (1-5)
1364,0.1869735,0.8130265,0,4,1) very rare (1-5)
1365,0.09904359,0.9009564,1,75,3) common (21-100)
1366,0.10158354,0.89841646,1,0,1) very rare (1-5)
1367,0.23008598,0.76991403,1,3,1) very rare (1-5)
1368,0.9532066,0.0467934,0,1000,4) very common (100+)
1369,0.6687928,0.33120722,0,2,1) very rare (1-5)
1370,0.72975034,0.27024966,0,700,4) very common (100+)
1371,0.16184689,0.8381531,1,3,1) very rare (1-5)
1372,0.31784788,0.68215215,1,0,1) very rare (1-5)
1373,0.048976596,0.9510234,1,17,2) rare (6-20)
1374,0.024164347,0.9758357,1,0,1) very rare (1-5)
1375,0.8693165,0.13068348,0,68,3) common (21-100)
1376,0.668046,0.331954,0,2,1) very rare (1-5)
1377,0.9831117,0.01688832,1,4,1) very rare (1-5)
1378,0.2810359,0.7189641,1,62,3) common (21-100)
1379,0.12127157,0.87872845,1,0,1) very rare (1-5)
1380,0.12626527,0.8737347,1,6,2) rare (6-20)
1381,0.90668577,0.09331423,0,211,4) very common (100+)
1382,0.21319234,0.78680766,1,13,2) rare (6-20)
1383,0.25364205,0.7463579,1,0,1) very rare (1-5)
1384,0.16965531,0.8303447,1,0,1) very rare (1-5)
1385,0.26751634,0.7324836,1,0,1) very rare (1-5)
1386,0.60160035,0.39839965,0,105,4) very common (100+)
1387,0.6170652,0.3829348,0,2,1) very rare (1-5)
1388,0.9858862,0.014113784,0,1000,4) very common (100+)
1389,0.22212021,0.7778798,1,1,1) very rare (1-5)
1390,0.86035365,0.13964635,1,8,2) rare (6-20)
1391,0.1125751,0.8874249,1,30,3) common (21-100)
1392,0.43119082,0.56880915,1,1,1) very rare (1-5)
1393,0.4383663,0.5616337,1,0,1) very rare (1-5)
1394,0.16769356,0.83230644,0,0,1) very rare (1-5)
1395,0.8683931,0.13160688,0,62,3) common (21-100)
1396,0.75474584,0.24525416,0,2,1) very rare (1-5)
1397,0.9521096,0.047890425,0,142,4) very common (100+)
1398,0.13988218,0.8601178,1,0,1) very rare (1-5)
1399,0.32928926,0.67071074,0,7,2) rare (6-20)
1400,0.8346607,0.16533929,1,0,1) very rare (1-5)
1401,0.13756329,0.8624367,0,2,1) very rare (1-5)
1402,0.5039564,0.49604362,1,6,2) rare (6-20)
1403,0.39440683,0.6055932,0,274,4) very common (100+)
1404,0.66087055,0.33912945,0,5,1) very rare (1-5)
1405,0.39856914,0.6014309,0,142,4) very common (100+)
1406,0.750473,0.24952698,1,58,3) common (21-100)
1407,0.95130605,0.048693955,0,166,4) very common (100+)
1408,0.20790985,0.7920902,0,261,4) very common (100+)
1409,0.42528126,0.5747187,0,107,4) very common (100+)
1410,0.6572308,0.3427692,1,0,1) very rare (1-5)
1411,0.79121816,0.20878184,0,3,1) very rare (1-5)
1412,0.94761807,0.052381933,1,1070,4) very common (100+)
1413,0.17841128,0.82158875,1,32,3) common (21-100)
1414,0.25681892,0.7431811,0,2,1) very rare (1-5)
1415,0.8580894,0.14191061,1,0,1) very rare (1-5)
1416,0.542707,0.45729297,1,1,1) very rare (1-5)
1417,0.8243741,0.17562592,0,47,3) common (21-100)
1418,0.31478405,0.68521595,1,0,1) very rare (1-5)
1419,0.66559184,0.33440816,0,421,4) very common (100+)
1420,0.98302877,0.01697123,0,700,4) very common (100+)
1421,0.031203872,0.96879613,1,3,1) very rare (1-5)
1422,0.47743157,0.52256846,1,0,1) very rare (1-5)
1423,0.2275536,0.7724464,1,421,4) very common (100+)
1424,0.25021052,0.7497895,1,92,3) common (21-100)
1425,0.68616205,0.31383795,0,1,1) very rare (1-5)
1426,0.10693832,0.8930617,1,0,1) very rare (1-5)
1427,0.26406473,0.7359353,1,3,1) very rare (1-5)
1428,0.18400282,0.8159972,0,0,1) very rare (1-5)
1429,0.69345987,0.30654013,0,1000,4) very common (100+)
1430,0.20947118,0.79052883,1,0,1) very rare (1-5)
1431,0.5173707,0.4826293,0,237,4) very common (100+)
1432,0.08684903,0.91315097,1,6,2) rare (6-20)
1433,0.68911976,0.31088024,0,9,2) rare (6-20)
1434,0.48903996,0.51096004,1,0,1) very rare (1-5)
1435,0.3285253,0.6714747,0,1290,4) very common (100+)
1436,0.67754185,0.32245815,0,13,2) rare (6-20)
1437,0.30508736,0.6949127,1,421,4) very common (100+)
1438,0.11084657,0.8891534,0,105,4) very common (100+)
1439,0.24855305,0.75144696,1,31,3) common (21-100)
1440,0.29079407,0.7092059,0,237,4) very common (100+)
1441,0.89282656,0.10717344,1,89,3) common (21-100)
1442,0.45673472,0.5432653,1,0,1) very rare (1-5)
1443,0.8565787,0.14342129,1,2,1) very rare (1-5)
1444,0.17291154,0.8270885,1,0,1) very rare (1-5)
1445,0.30837667,0.69162333,0,1,1) very rare (1-5)
1446,0.85607123,0.14392877,0,35,3) common (21-100)
1447,0.63614655,0.36385345,0,1070,4) very common (100+)
1448,0.28876194,0.711238,0,3,1) very rare (1-5)
1449,0.34441948,0.6555805,1,1290,4) very common (100+)
1450,0.2638552,0.7361448,1,3,1) very rare (1-5)
1451,0.94171566,0.058284342,0,89,3) common (21-100)
1452,0.040162392,0.9598376,1,0,1) very rare (1-5)
1453,0.7808276,0.21917242,0,237,4) very common (100+)
1454,0.9936545,0.0063455105,0,211,4) very common (100+)
1455,0.84510154,0.15489846,0,1290,4) very common (100+)
1456,0.9277248,0.07227522,0,211,4) very common (100+)
1457,0.07858166,0.9214183,0,0,1) very rare (1-5)
1458,0.5808991,0.41910088,0,39,3) common (21-100)
1459,0.99258435,0.0074156523,0,700,4) very common (100+)
1460,0.68830496,0.31169504,0,3,1) very rare (1-5)
1461,0.13789971,0.8621003,1,96,3) common (21-100)
1462,0.5404293,0.4595707,1,3,1) very rare (1-5)
1463,0.6404051,0.35959488,0,421,4) very common (100+)
1464,0.9414476,0.058552384,0,1000,4) very common (100+)
1465,0.72430074,0.27569926,0,118,4) very common (100+)
1466,0.42421588,0.5757841,0,28,3) common (21-100)
1467,0.029929662,0.97007036,1,79,3) common (21-100)
1468,0.227446,0.772554,0,29,3) common (21-100)
1469,0.13780177,0.86219823,1,96,3) common (21-100)
1470,0.48650926,0.51349074,1,0,1) very rare (1-5)
1471,0.28441894,0.71558106,1,8,2) rare (6-20)
1472,0.056739125,0.94326085,0,8,2) rare (6-20)
1473,0.9148644,0.08513558,0,6,2) rare (6-20)
1474,0.46003053,0.53996944,0,5,1) very rare (1-5)
1475,0.19059506,0.80940497,1,3,1) very rare (1-5)
1476,0.44134402,0.558656,1,372,4) very common (100+)
1477,0.7451772,0.2548228,0,3,1) very rare (1-5)
1478,0.131755,0.868245,1,4,1) very rare (1-5)
1479,0.13754849,0.8624515,0,4,1) very rare (1-5)
1480,0.44074884,0.5592512,0,2,1) very rare (1-5)
1481,0.46377057,0.53622943,1,66,3) common (21-100)
1482,0.41041073,0.58958924,0,9,2) rare (6-20)
1483,0.28662464,0.71337533,0,82,3) common (21-100)
1484,0.9520806,0.047919393,0,1000,4) very common (100+)
1485,0.62554735,0.37445265,0,105,4) very common (100+)
1486,0.23041613,0.7695839,0,9,2) rare (6-20)
1487,0.95281714,0.047182858,1,142,4) very common (100+)
1488,0.5866112,0.4133888,0,3,1) very rare (1-5)
1489,0.19869053,0.80130947,1,0,1) very rare (1-5)
1490,0.053063493,0.9469365,1,6,2) rare (6-20)
1491,0.39489332,0.6051067,1,0,1) very rare (1-5)
1492,0.26245913,0.73754084,1,1290,4) very common (100+)
1493,0.07538315,0.9246169,0,35,3) common (21-100)
1494,0.017371943,0.98262805,1,4,1) very rare (1-5)
1495,0.7912822,0.20871782,0,74,3) common (21-100)
1496,0.41958398,0.580416,0,96,3) common (21-100)
1497,0.2837819,0.7162181,1,2,1) very rare (1-5)
1498,0.19916628,0.8008337,1,1,1) very rare (1-5)
1499,0.8818126,0.11818743,0,700,4) very common (100+)
1500,0.3821911,0.61780894,1,1,1) very rare (1-5)
1501,0.0851892,0.9148108,1,0,1) very rare (1-5)
1502,0.07458793,0.92541206,1,7,2) rare (6-20)
1503,0.5089063,0.4910937,1,15,2) rare (6-20)
1504,0.22888595,0.77111405,0,3,1) very rare (1-5)
1505,0.9154346,0.0845654,0,700,4) very common (100+)
1506,0.53040224,0.46959776,0,268,4) very common (100+)
1507,0.94191444,0.05808556,0,85,3) common (21-100)
1508,0.32342106,0.67657894,0,3,1) very rare (1-5)
1509,0.20631133,0.79368865,0,0,1) very rare (1-5)
1510,0.41180095,0.588199,1,5,1) very rare (1-5)
1511,0.06227779,0.9377222,1,5,1) very rare (1-5)
1512,0.4988779,0.5011221,0,3,1) very rare (1-5)
1513,0.3883126,0.6116874,1,3,1) very rare (1-5)
1514,0.6804501,0.31954992,1,0,1) very rare (1-5)
1515,0.30505607,0.6949439,0,372,4) very common (100+)
1516,0.61817384,0.38182616,0,223,4) very common (100+)
1517,0.39401945,0.6059805,1,8,2) rare (6-20)
1518,0.7216467,0.27835327,0,1000,4) very common (100+)
1519,0.82625633,0.17374367,1,15,2) rare (6-20)
1520,0.9299564,0.07004362,0,275,4) very common (100+)
1521,0.14578375,0.8542162,1,0,1) very rare (1-5)
1522,0.95516765,0.04483235,0,14,2) rare (6-20)
1523,0.30749276,0.69250727,0,14,2) rare (6-20)
1524,0.35416156,0.64583844,0,142,4) very common (100+)
1525,0.6049315,0.39506853,0,1000,4) very common (100+)
1526,0.25197378,0.74802625,0,0,1) very rare (1-5)
1527,0.41696692,0.5830331,0,65,3) common (21-100)
1528,0.5480174,0.45198262,1,0,1) very rare (1-5)
1529,0.44977993,0.5502201,0,9,2) rare (6-20)
1530,0.9408275,0.05917251,0,159,4) very common (100+)
1531,0.07004532,0.92995465,1,0,1) very rare (1-5)
1532,0.59084296,0.40915704,1,1290,4) very common (100+)
1533,0.3069372,0.6930628,1,0,1) very rare (1-5)
1534,0.5968172,0.4031828,1,8,2) rare (6-20)
1535,0.6147082,0.3852918,0,18,2) rare (6-20)
1536,0.35567853,0.64432144,1,2,1) very rare (1-5)
1537,0.18010613,0.81989384,0,4,1) very rare (1-5)
1538,0.0426032,0.9573968,1,118,4) very common (100+)
1539,0.46169448,0.5383055,1,92,3) common (21-100)
1540,0.5846817,0.4153183,1,62,3) common (21-100)
1541,0.9088552,0.0911448,0,1,1) very rare (1-5)
1542,0.077435404,0.9225646,1,3,1) very rare (1-5)
1543,0.26199698,0.738003,1,1290,4) very common (100+)
1544,0.8139149,0.1860851,0,19,2) rare (6-20)
1545,0.73455995,0.26544005,0,1290,4) very common (100+)
1546,0.1512956,0.8487044,1,0,1) very rare (1-5)
1547,0.38702774,0.61297226,1,1070,4) very common (100+)
1548,0.2949476,0.7050524,1,4,1) very rare (1-5)
1549,0.46738243,0.53261757,0,106,4) very common (100+)
1550,0.59402996,0.40597004,0,19,2) rare (6-20)
1551,0.47361568,0.52638435,1,142,4) very common (100+)
1552,0.21640597,0.783594,1,39,3) common (21-100)
1553,0.80384386,0.19615614,0,32,3) common (21-100)
1554,0.26913223,0.73086774,0,2,1) very rare (1-5)
1555,0.123132005,0.876868,1,0,1) very rare (1-5)
1556,0.3309039,0.6690961,1,123,4) very common (100+)
1557,0.68920475,0.31079525,1,90,3) common (21-100)
1558,0.05149151,0.9485085,1,17,2) rare (6-20)
1559,0.72376126,0.27623874,1,5,1) very rare (1-5)
1560,0.07966632,0.9203337,1,89,3) common (21-100)
1561,0.7534851,0.24651492,1,2,1) very rare (1-5)
1562,0.21599811,0.7840019,1,1070,4) very common (100+)
1563,0.51002604,0.48997396,0,2,1) very rare (1-5)
1564,0.28247708,0.7175229,0,8,2) rare (6-20)
1565,0.25944877,0.74055123,1,2,1) very rare (1-5)
1566,0.2911564,0.7088436,1,123,4) very common (100+)
1567,0.11652233,0.8834777,1,0,1) very rare (1-5)
1568,0.43225163,0.56774837,0,3,1) very rare (1-5)
1569,0.52729964,0.47270036,0,372,4) very common (100+)
1570,0.5846303,0.4153697,0,23,3) common (21-100)
1571,0.13430314,0.86569685,1,16,2) rare (6-20)
1572,0.20762295,0.79237705,1,111,4) very common (100+)
1573,0.18857746,0.8114225,1,1,1) very rare (1-5)
1574,0.19084159,0.80915844,0,16,2) rare (6-20)
1575,0.92455256,0.07544744,0,8,2) rare (6-20)
1576,0.748389,0.251611,0,7,2) rare (6-20)
1577,0.45566824,0.5443318,1,70,3) common (21-100)
1578,0.6269238,0.3730762,1,11,2) rare (6-20)
1579,0.14090581,0.8590942,0,1,1) very rare (1-5)
1580,0.7034007,0.29659933,0,0,1) very rare (1-5)
1581,0.7560412,0.24395877,0,123,4) very common (100+)
1582,0.10646809,0.8935319,1,0,1) very rare (1-5)
1583,0.57090497,0.42909503,1,76,3) common (21-100)
1584,0.70170534,0.29829466,0,13,2) rare (6-20)
1585,0.31674433,0.6832557,0,237,4) very common (100+)
1586,0.50298226,0.49701774,1,0,1) very rare (1-5)
1587,0.4006752,0.5993248,0,8,2) rare (6-20)
1588,0.703758,0.296242,0,15,2) rare (6-20)
1589,0.42413598,0.575864,0,72,3) common (21-100)
1590,0.3433894,0.6566106,1,0,1) very rare (1-5)
1591,0.29498804,0.70501196,1,0,1) very rare (1-5)
1592,0.070716605,0.9292834,1,0,1) very rare (1-5)
1593,0.16740647,0.83259356,1,9,2) rare (6-20)
1594,0.90054953,0.09945047,0,17,2) rare (6-20)
1595,0.37573084,0.6242691,0,1000,4) very common (100+)
1596,0.4423046,0.5576954,0,3,1) very rare (1-5)
1597,0.31018615,0.68981385,0,1,1) very rare (1-5)
1598,0.77388126,0.22611874,1,5,1) very rare (1-5)
1599,0.6077881,0.3922119,1,5,1) very rare (1-5)
1600,0.33062136,0.66937864,0,1,1) very rare (1-5)
1601,0.050669502,0.9493305,1,0,1) very rare (1-5)
1602,0.60568213,0.39431787,1,0,1) very rare (1-5)
1603,0.84733224,0.15266776,0,2,1) very rare (1-5)
1604,0.64886475,0.35113525,0,24,3) common (21-100)
1605,0.55708545,0.44291455,0,4,1) very rare (1-5)
1606,0.68888324,0.31111676,1,3,1) very rare (1-5)
1607,0.57226086,0.42773914,0,1070,4) very common (100+)
1608,0.68435615,0.31564385,1,106,4) very common (100+)
1609,0.08968826,0.91031176,1,79,3) common (21-100)
1610,0.035153776,0.96484625,1,5,1) very rare (1-5)
1611,0.36859584,0.63140416,0,1,1) very rare (1-5)
1612,0.16715525,0.83284473,1,39,3) common (21-100)
1613,0.9864944,0.013505578,1,1,1) very rare (1-5)
1614,0.96324867,0.03675133,0,182,4) very common (100+)
1615,0.025298713,0.9747013,1,11,2) rare (6-20)
1616,0.3683832,0.63161683,0,1,1) very rare (1-5)
1617,0.5095718,0.4904282,1,105,4) very common (100+)
1618,0.19903006,0.80096996,0,18,2) rare (6-20)
1619,0.015231433,0.98476857,1,0,1) very rare (1-5)
1620,0.8002276,0.19977242,0,1000,4) very common (100+)
1621,0.45585817,0.5441418,0,421,4) very common (100+)
1622,0.58087295,0.41912705,0,343,4) very common (100+)
1623,0.68014866,0.31985134,1,1070,4) very common (100+)
1624,0.3913925,0.60860753,1,79,3) common (21-100)
1625,0.8051509,0.19484907,0,99,3) common (21-100)
1626,0.08979059,0.9102094,0,0,1) very rare (1-5)
1627,0.53488594,0.46511406,1,146,4) very common (100+)
1628,0.12848905,0.871511,1,118,4) very common (100+)
1629,0.5061616,0.49383843,0,0,1) very rare (1-5)
1630,0.7479522,0.25204778,1,0,1) very rare (1-5)
1631,0.81315416,0.18684584,1,1,1) very rare (1-5)
1632,0.8359971,0.1640029,0,1000,4) very common (100+)
1633,0.17345753,0.8265425,1,0,1) very rare (1-5)
1634,0.09423423,0.9057658,1,0,1) very rare (1-5)
1635,0.56723094,0.43276906,0,14,2) rare (6-20)
1636,0.7394134,0.26058662,1,2,1) very rare (1-5)
1637,0.15277034,0.84722966,1,9,2) rare (6-20)
1638,0.32164472,0.6783553,1,79,3) common (21-100)
1639,0.8284452,0.1715548,0,1290,4) very common (100+)
1640,0.66210175,0.33789825,0,63,3) common (21-100)
1641,0.92302024,0.07697976,0,1290,4) very common (100+)
1642,0.8127114,0.18728858,0,106,4) very common (100+)
1643,0.5047983,0.4952017,1,0,1) very rare (1-5)
1644,0.16083017,0.83916986,1,23,3) common (21-100)
1645,0.38036725,0.6196327,0,223,4) very common (100+)
1646,0.64616287,0.35383713,1,1,1) very rare (1-5)
1647,0.05313023,0.9468698,1,14,2) rare (6-20)
1648,0.7153337,0.2846663,0,421,4) very common (100+)
1649,0.66596997,0.33403003,0,700,4) very common (100+)
1650,0.686697,0.313303,0,39,3) common (21-100)
1651,0.36415222,0.6358478,1,58,3) common (21-100)
1652,0.6413671,0.35863292,1,0,1) very rare (1-5)
1653,0.53713673,0.46286327,0,71,3) common (21-100)
1654,0.6651908,0.33480918,0,134,4) very common (100+)
1655,0.058226686,0.9417733,1,2,1) very rare (1-5)
1656,0.8915965,0.108403504,0,182,4) very common (100+)
1657,0.72396845,0.27603155,1,1070,4) very common (100+)
1658,0.04389063,0.95610934,1,55,3) common (21-100)
1659,0.1694032,0.8305968,1,22,3) common (21-100)
1660,0.023098119,0.9769019,1,2,1) very rare (1-5)
1661,0.78166234,0.21833766,1,99,3) common (21-100)
1662,0.9866375,0.013362527,0,62,3) common (21-100)
1663,0.80397797,0.19602203,1,10,2) rare (6-20)
1664,0.11800032,0.8819997,1,0,1) very rare (1-5)
1665,0.6252829,0.37471712,1,2,1) very rare (1-5)
1666,0.9319013,0.068098724,0,421,4) very common (100+)
1667,0.2991756,0.7008244,0,4,1) very rare (1-5)
1668,0.7593197,0.24068028,0,22,3) common (21-100)
1669,0.9190416,0.080958426,0,211,4) very common (100+)
1670,0.58409894,0.41590106,1,1070,4) very common (100+)
1671,0.026317118,0.9736829,1,0,1) very rare (1-5)
1672,0.97030085,0.029699147,0,106,4) very common (100+)
1673,0.06642727,0.9335727,1,24,3) common (21-100)
1674,0.63004273,0.36995727,0,26,3) common (21-100)
1675,0.38914198,0.610858,1,66,3) common (21-100)
1676,0.42734826,0.57265174,1,86,3) common (21-100)
1677,0.2611733,0.7388267,0,343,4) very common (100+)
1678,0.97459066,0.02540934,1,88,3) common (21-100)
1679,0.09447205,0.90552795,1,0,1) very rare (1-5)
1680,0.8904618,0.1095382,0,37,3) common (21-100)
1681,0.4946868,0.50531316,1,24,3) common (21-100)
1682,0.65228534,0.34771466,0,1290,4) very common (100+)
1683,0.34278047,0.6572195,0,343,4) very common (100+)
1684,0.3357366,0.66426337,0,2,1) very rare (1-5)
1685,0.32008752,0.67991245,0,66,3) common (21-100)
1686,0.13233505,0.86766493,1,118,4) very common (100+)
1687,0.83771163,0.16228837,0,1070,4) very common (100+)
1688,0.24972549,0.75027454,0,343,4) very common (100+)
1689,0.23551397,0.764486,1,0,1) very rare (1-5)
1690,0.81581295,0.18418705,0,1290,4) very common (100+)
1691,0.32034275,0.6796572,1,39,3) common (21-100)
1692,0.74109495,0.25890505,0,17,2) rare (6-20)
1693,0.50686026,0.49313974,0,79,3) common (21-100)
1694,0.3891448,0.6108552,1,70,3) common (21-100)
1695,0.1455934,0.8544066,1,1,1) very rare (1-5)
1696,0.23772217,0.76227784,1,0,1) very rare (1-5)
1697,0.032762516,0.9672375,1,0,1) very rare (1-5)
1698,0.26727134,0.73272866,0,6,2) rare (6-20)
1699,0.52380925,0.47619075,1,0,1) very rare (1-5)
1700,0.42063403,0.57936597,1,0,1) very rare (1-5)
1701,0.1094907,0.8905093,0,3,1) very rare (1-5)
1702,0.9631847,0.036815286,0,23,3) common (21-100)
1703,0.31003603,0.68996394,1,5,1) very rare (1-5)
1704,0.93264484,0.067355156,1,7,2) rare (6-20)
1705,0.029555544,0.97044444,1,7,2) rare (6-20)
1706,0.07235963,0.9276404,1,8,2) rare (6-20)
1707,0.106028974,0.893971,1,0,1) very rare (1-5)
1708,0.6622139,0.33778608,0,2,1) very rare (1-5)
1709,0.06802499,0.931975,1,2,1) very rare (1-5)
1710,0.20263852,0.7973615,1,0,1) very rare (1-5)
1711,0.9411246,0.058875382,0,1000,4) very common (100+)
1712,0.29643422,0.7035658,1,16,2) rare (6-20)
1713,0.1622981,0.8377019,1,0,1) very rare (1-5)
1714,0.57994753,0.42005247,0,1,1) very rare (1-5)
1715,0.6849187,0.3150813,0,1070,4) very common (100+)
1716,0.6595421,0.34045792,0,178,4) very common (100+)
1717,0.35702702,0.64297295,1,123,4) very common (100+)
1718,0.52905333,0.47094667,0,41,3) common (21-100)
1719,0.18953261,0.81046736,0,178,4) very common (100+)
1720,0.77771527,0.22228473,1,111,4) very common (100+)
1721,0.48793286,0.51206714,1,1,1) very rare (1-5)
1722,0.97671354,0.023286462,0,421,4) very common (100+)
1723,0.326476,0.673524,1,9,2) rare (6-20)
1724,0.254541,0.74545896,1,0,1) very rare (1-5)
1725,0.98412377,0.015876234,0,1070,4) very common (100+)
1726,0.072144546,0.92785543,1,1,1) very rare (1-5)
1727,0.03657963,0.9634204,1,3,1) very rare (1-5)
1728,0.74776685,0.25223315,1,1000,4) very common (100+)
1729,0.59061235,0.40938765,1,118,4) very common (100+)
1730,0.19757909,0.8024209,1,8,2) rare (6-20)
1731,0.9297443,0.0702557,0,1000,4) very common (100+)
1732,0.70619905,0.29380095,0,372,4) very common (100+)
1733,0.82284594,0.17715406,0,105,4) very common (100+)
1734,0.9460084,0.053991616,0,89,3) common (21-100)
1735,0.024244612,0.9757554,1,17,2) rare (6-20)
1736,0.22736154,0.77263844,1,17,2) rare (6-20)
1737,0.85320175,0.14679825,0,7,2) rare (6-20)
1738,0.6599996,0.3400004,1,89,3) common (21-100)
1739,0.6108193,0.38918072,1,343,4) very common (100+)
1740,0.85468984,0.14531016,0,44,3) common (21-100)
1741,0.058345817,0.9416542,1,0,1) very rare (1-5)
1742,0.22384122,0.7761588,1,3,1) very rare (1-5)
1743,0.24852519,0.7514748,1,16,2) rare (6-20)
1744,0.6965533,0.3034467,0,99,3) common (21-100)
1745,0.92418313,0.07581687,0,79,3) common (21-100)
1746,0.053761587,0.9462384,1,0,1) very rare (1-5)
1747,0.9206874,0.07931262,0,55,3) common (21-100)
1748,0.21329054,0.7867094,0,26,3) common (21-100)
1749,0.6550339,0.3449661,0,34,3) common (21-100)
1750,0.22761747,0.7723825,0,22,3) common (21-100)
1751,0.38843524,0.61156476,1,47,3) common (21-100)
1752,0.928289,0.071711004,1,1000,4) very common (100+)
1753,0.24328339,0.7567166,1,0,1) very rare (1-5)
1754,0.8757003,0.124299705,1,0,1) very rare (1-5)
1755,0.46893466,0.53106534,1,1290,4) very common (100+)
1756,0.059811644,0.94018835,1,0,1) very rare (1-5)
1757,0.24303718,0.75696284,0,134,4) very common (100+)
1758,0.7642943,0.23570567,1,0,1) very rare (1-5)
1759,0.12050381,0.8794962,1,0,1) very rare (1-5)
1760,0.36707532,0.6329247,0,9,2) rare (6-20)
1761,0.03185291,0.9681471,1,12,2) rare (6-20)
1762,0.13721925,0.86278075,1,2,1) very rare (1-5)
1763,0.47871968,0.5212803,0,39,3) common (21-100)
1764,0.48198426,0.51801574,1,81,3) common (21-100)
1765,0.34558573,0.6544143,0,3,1) very rare (1-5)
1766,0.5838849,0.4161151,1,6,2) rare (6-20)
1767,0.23930216,0.76069784,0,159,4) very common (100+)
1768,0.17729883,0.82270116,1,7,2) rare (6-20)
1769,0.10492837,0.8950716,1,8,2) rare (6-20)
1770,0.40890577,0.59109426,0,17,2) rare (6-20)
1771,0.50226444,0.49773556,0,24,3) common (21-100)
1772,0.776209,0.223791,0,700,4) very common (100+)
1773,0.18829542,0.8117046,1,6,2) rare (6-20)
1774,0.2615584,0.7384416,1,2,1) very rare (1-5)
1775,0.79297423,0.20702577,0,2,1) very rare (1-5)
1776,0.8788429,0.12115711,0,700,4) very common (100+)
1777,0.8384747,0.16152531,0,1290,4) very common (100+)
1778,0.5005068,0.49949318,0,5,1) very rare (1-5)
1779,0.06723454,0.9327655,1,0,1) very rare (1-5)
1780,0.66682523,0.33317477,0,27,3) common (21-100)
1781,0.0868319,0.9131681,0,84,3) common (21-100)
1782,0.71362585,0.28637415,0,146,4) very common (100+)
1783,0.17053708,0.8294629,0,43,3) common (21-100)
1784,0.10691373,0.89308625,1,0,1) very rare (1-5)
1785,0.6015439,0.3984561,1,89,3) common (21-100)
1786,0.5465998,0.4534002,0,1,1) very rare (1-5)
1787,0.8522654,0.14773458,0,1290,4) very common (100+)
1788,0.13565308,0.8643469,1,0,1) very rare (1-5)
1789,0.6574734,0.3425266,0,8,2) rare (6-20)
1790,0.08407867,0.91592133,1,0,1) very rare (1-5)
1791,0.98001456,0.019985437,1,2,1) very rare (1-5)
1792,0.21299675,0.7870033,1,0,1) very rare (1-5)
1793,0.10796515,0.8920348,1,0,1) very rare (1-5)
1794,0.46712804,0.53287196,0,33,3) common (21-100)
1795,0.5862693,0.41373068,1,8,2) rare (6-20)
1796,0.82991743,0.17008257,1,1070,4) very common (100+)
1797,0.3352035,0.6647965,1,70,3) common (21-100)
1798,0.051942762,0.94805723,0,88,3) common (21-100)
1799,0.9538587,0.046141326,0,99,3) common (21-100)
1800,0.5205245,0.4794755,1,96,3) common (21-100)
1801,0.6289957,0.37100428,0,27,3) common (21-100)
1802,0.26437184,0.7356281,0,1,1) very rare (1-5)
1803,0.08472055,0.91527945,1,92,3) common (21-100)
1804,0.89690185,0.103098154,0,1000,4) very common (100+)
1805,0.2119454,0.7880546,1,1000,4) very common (100+)
1806,0.13863972,0.8613603,0,105,4) very common (100+)
1807,0.30069393,0.6993061,0,20,2) rare (6-20)
1808,0.05327419,0.9467258,1,7,2) rare (6-20)
1809,0.36036873,0.6396313,1,70,3) common (21-100)
1810,0.5807118,0.41928822,0,121,4) very common (100+)
1811,0.96553814,0.034461856,1,54,3) common (21-100)
1812,0.32354522,0.6764548,0,275,4) very common (100+)
1813,0.5725065,0.4274935,1,107,4) very common (100+)
1814,0.29807565,0.7019243,1,28,3) common (21-100)
1815,0.24101211,0.7589879,1,2,1) very rare (1-5)
1816,0.62746423,0.37253577,0,5,1) very rare (1-5)
1817,0.80308425,0.19691575,0,23,3) common (21-100)
1818,0.6757009,0.3242991,1,1290,4) very common (100+)
1819,0.9163896,0.083610415,1,54,3) common (21-100)
1820,0.82056653,0.17943347,0,85,3) common (21-100)
1821,0.3603521,0.6396479,1,2,1) very rare (1-5)
1822,0.17603567,0.82396436,1,32,3) common (21-100)
1823,0.06853458,0.9314654,1,0,1) very rare (1-5)
1824,0.48326373,0.51673627,0,12,2) rare (6-20)
1825,0.8242768,0.1757232,0,700,4) very common (100+)
1826,0.8656765,0.13432348,0,1290,4) very common (100+)
1827,0.448579,0.551421,1,134,4) very common (100+)
1828,0.7402043,0.25979573,0,3,1) very rare (1-5)
1829,0.48081532,0.5191847,0,9,2) rare (6-20)
1830,0.2013425,0.79865754,1,223,4) very common (100+)
1831,0.8108178,0.18918222,0,223,4) very common (100+)
1832,0.043187007,0.956813,1,70,3) common (21-100)
1833,0.24080147,0.75919855,1,4,1) very rare (1-5)
1834,0.19415618,0.80584383,0,17,2) rare (6-20)
1835,0.58248436,0.41751564,0,261,4) very common (100+)
1836,0.91521007,0.08478993,0,1000,4) very common (100+)
1837,0.47510615,0.5248939,1,35,3) common (21-100)
1838,0.5313704,0.4686296,1,1290,4) very common (100+)
1839,0.5065913,0.49340868,0,9,2) rare (6-20)
1840,0.7907883,0.2092117,0,1290,4) very common (100+)
1841,0.037585087,0.9624149,1,0,1) very rare (1-5)
1842,0.935048,0.064952016,0,1000,4) very common (100+)
1843,0.34651515,0.6534848,1,91,3) common (21-100)
1844,0.4699546,0.5300454,0,6,2) rare (6-20)
1845,0.84761626,0.15238374,0,1290,4) very common (100+)
1846,0.37228337,0.62771666,1,18,2) rare (6-20)
1847,0.8778476,0.12215239,1,16,2) rare (6-20)
1848,0.025709989,0.97429,1,0,1) very rare (1-5)
1849,0.58522123,0.41477877,1,24,3) common (21-100)
1850,0.4574214,0.5425786,1,118,4) very common (100+)
1851,0.521998,0.478002,0,14,2) rare (6-20)
1852,0.09250695,0.90749305,1,3,1) very rare (1-5)
1853,0.85900015,0.14099985,1,102,4) very common (100+)
1854,0.96635926,0.033640742,0,66,3) common (21-100)
1855,0.93965024,0.060349762,0,35,3) common (21-100)
1856,0.92637354,0.07362646,0,52,3) common (21-100)
1857,0.5044747,0.4955253,0,1290,4) very common (100+)
1858,0.0853719,0.9146281,1,0,1) very rare (1-5)
1859,0.92415726,0.07584274,0,50,3) common (21-100)
1860,0.6269538,0.37304622,0,1000,4) very common (100+)
1861,0.6616103,0.3383897,0,4,1) very rare (1-5)
1862,0.27442452,0.72557545,0,5,1) very rare (1-5)
1863,0.27380416,0.7261958,1,92,3) common (21-100)
1864,0.9523543,0.047645688,0,53,3) common (21-100)
1865,0.7815009,0.21849912,0,2,1) very rare (1-5)
1866,0.29568925,0.7043108,1,3,1) very rare (1-5)
1867,0.6184177,0.38158232,0,68,3) common (21-100)
1868,0.58369356,0.41630644,1,0,1) very rare (1-5)
1869,0.68215877,0.31784123,0,8,2) rare (6-20)
1870,0.7299109,0.2700891,1,0,1) very rare (1-5)
1871,0.114605986,0.88539404,0,47,3) common (21-100)
1872,0.23491745,0.76508254,0,0,1) very rare (1-5)
1873,0.7531898,0.2468102,1,19,2) rare (6-20)
1874,0.07714898,0.922851,0,0,1) very rare (1-5)
1875,0.854394,0.14560598,0,372,4) very common (100+)
1876,0.6551146,0.3448854,0,142,4) very common (100+)
1877,0.9907645,0.009235501,0,1000,4) very common (100+)
1878,0.5224571,0.47754288,0,178,4) very common (100+)
1879,0.11880298,0.88119704,1,9,2) rare (6-20)
1880,0.049154967,0.950845,1,14,2) rare (6-20)
1881,0.04253277,0.9574672,1,2,1) very rare (1-5)
1882,0.7639433,0.23605669,1,1,1) very rare (1-5)
1883,0.0749342,0.9250658,1,4,1) very rare (1-5)
1884,0.109148204,0.8908518,1,0,1) very rare (1-5)
1885,0.43512568,0.5648743,1,0,1) very rare (1-5)
1886,0.5285036,0.4714964,1,1290,4) very common (100+)
1887,0.18517436,0.81482565,1,5,1) very rare (1-5)
1888,0.8828153,0.1171847,0,700,4) very common (100+)
1889,0.9523129,0.047687113,0,1000,4) very common (100+)
1890,0.07521286,0.92478716,0,237,4) very common (100+)
1891,0.38759598,0.612404,1,8,2) rare (6-20)
1892,0.34135136,0.6586486,1,1,1) very rare (1-5)
1893,0.42845905,0.57154095,1,2,1) very rare (1-5)
1894,0.44264472,0.5573553,0,47,3) common (21-100)
1895,0.8458226,0.15417743,1,6,2) rare (6-20)
1896,0.11972045,0.88027954,1,0,1) very rare (1-5)
1897,0.41474408,0.5852559,0,2,1) very rare (1-5)
1898,0.6261509,0.3738491,1,71,3) common (21-100)
1899,0.50703573,0.49296427,1,7,2) rare (6-20)
1900,0.48224238,0.51775765,0,1000,4) very common (100+)
1901,0.052219443,0.94778055,1,2,1) very rare (1-5)
1902,0.24863961,0.7513604,1,2,1) very rare (1-5)
1903,0.57483983,0.42516017,1,44,3) common (21-100)
1904,0.56846905,0.43153095,1,44,3) common (21-100)
1905,0.9356606,0.0643394,0,50,3) common (21-100)
1906,0.288947,0.711053,1,39,3) common (21-100)
1907,0.40355125,0.5964488,0,3,1) very rare (1-5)
1908,0.44563764,0.55436236,1,1,1) very rare (1-5)
1909,0.47131327,0.52868676,1,159,4) very common (100+)
1910,0.6415245,0.3584755,1,7,2) rare (6-20)
1911,0.8887774,0.111222625,1,1290,4) very common (100+)
1912,0.98397,0.016030014,0,53,3) common (21-100)
1913,0.8924806,0.10751939,1,17,2) rare (6-20)
1914,0.42408958,0.57591045,0,343,4) very common (100+)
1915,0.32670185,0.6732981,1,7,2) rare (6-20)
1916,0.5995235,0.40047652,1,99,3) common (21-100)
1917,0.66063046,0.33936954,0,3,1) very rare (1-5)
1918,0.054966856,0.94503313,1,0,1) very rare (1-5)
1919,0.05036193,0.94963807,1,0,1) very rare (1-5)
1920,0.40481558,0.59518445,1,0,1) very rare (1-5)
1921,0.08880027,0.91119975,1,41,3) common (21-100)
1922,0.37627706,0.6237229,1,33,3) common (21-100)
1923,0.25573856,0.74426144,1,17,2) rare (6-20)
1924,0.052461892,0.94753814,0,36,3) common (21-100)
1925,0.12915282,0.87084717,0,5,1) very rare (1-5)
1926,0.49443367,0.50556636,0,223,4) very common (100+)
1927,0.99248487,0.0075151324,0,1000,4) very common (100+)
1928,0.36228156,0.63771844,1,146,4) very common (100+)
1929,0.13845305,0.86154693,1,1,1) very rare (1-5)
1930,0.433252,0.566748,1,4,1) very rare (1-5)
1931,0.34055564,0.65944433,1,0,1) very rare (1-5)
1932,0.9769488,0.023051202,0,1000,4) very common (100+)
1933,0.4363058,0.56369424,0,100,3) common (21-100)
1934,0.24582103,0.754179,0,343,4) very common (100+)
1935,0.2668091,0.7331909,1,0,1) very rare (1-5)
1936,0.32951742,0.6704826,1,2,1) very rare (1-5)
1937,0.58060783,0.41939217,1,88,3) common (21-100)
1938,0.6094615,0.3905385,1,96,3) common (21-100)
1939,0.46341854,0.53658146,0,25,3) common (21-100)
1940,0.58329934,0.41670066,0,1290,4) very common (100+)
1941,0.27891743,0.72108257,1,0,1) very rare (1-5)
1942,0.31027028,0.6897297,1,5,1) very rare (1-5)
1943,0.65865517,0.34134483,0,1290,4) very common (100+)
1944,0.47524843,0.52475154,0,0,1) very rare (1-5)
1945,0.09634351,0.9036565,0,142,4) very common (100+)
1946,0.97275895,0.027241051,0,421,4) very common (100+)
1947,0.26553106,0.73446894,1,12,2) rare (6-20)
1948,0.6709371,0.32906288,1,1070,4) very common (100+)
1949,0.4655463,0.5344537,1,1,1) very rare (1-5)
1950,0.45647746,0.54352254,0,118,4) very common (100+)
1951,0.02345271,0.9765473,1,0,1) very rare (1-5)
1952,0.3586399,0.6413601,1,23,3) common (21-100)
1953,0.6381053,0.36189473,0,21,3) common (21-100)
1954,0.657268,0.342732,0,3,1) very rare (1-5)
1955,0.5945586,0.4054414,0,40,3) common (21-100)
1956,0.41633093,0.58366907,1,14,2) rare (6-20)
1957,0.84881115,0.15118885,0,5,1) very rare (1-5)
1958,0.617793,0.38220698,1,21,3) common (21-100)
1959,0.8340674,0.1659326,0,421,4) very common (100+)
1960,0.7329345,0.26706553,1,8,2) rare (6-20)
1961,0.035451464,0.9645485,1,1,1) very rare (1-5)
1962,0.09138276,0.90861726,1,38,3) common (21-100)
1963,0.45989203,0.54010797,1,160,4) very common (100+)
1964,0.3444398,0.6555602,1,5,1) very rare (1-5)
1965,0.21695456,0.7830454,1,134,4) very common (100+)
1966,0.37948853,0.6205115,1,22,3) common (21-100)
1967,0.61225665,0.38774335,1,142,4) very common (100+)
1968,0.19721532,0.8027847,1,2,1) very rare (1-5)
1969,0.65235776,0.34764224,0,3,1) very rare (1-5)
1970,0.7856966,0.21430337,0,1290,4) very common (100+)
1971,0.7736135,0.22638649,0,10,2) rare (6-20)
1972,0.09018135,0.90981865,0,0,1) very rare (1-5)
1973,0.0588933,0.9411067,1,14,2) rare (6-20)
1974,0.24013835,0.75986165,1,0,1) very rare (1-5)
1975,0.050682742,0.9493173,1,2,1) very rare (1-5)
1976,0.8668433,0.13315672,0,700,4) very common (100+)
1977,0.14776677,0.85223323,1,4,1) very rare (1-5)
1978,0.16576833,0.8342317,0,7,2) rare (6-20)
1979,0.107072905,0.8929271,1,2,1) very rare (1-5)
1980,0.33271605,0.66728395,1,58,3) common (21-100)
1981,0.99313873,0.0068612695,0,89,3) common (21-100)
1982,0.6789091,0.32109088,1,1070,4) very common (100+)
1983,0.24879901,0.751201,1,3,1) very rare (1-5)
1984,0.4290066,0.5709934,1,0,1) very rare (1-5)
1985,0.20063385,0.7993661,1,1,1) very rare (1-5)
1986,0.92932564,0.07067436,0,5,1) very rare (1-5)
1987,0.91852576,0.081474245,0,99,3) common (21-100)
1988,0.7488651,0.25113487,0,421,4) very common (100+)
1989,0.7642034,0.23579657,0,0,1) very rare (1-5)
1990,0.51708746,0.48291254,1,5,1) very rare (1-5)
1991,0.6034692,0.3965308,0,60,3) common (21-100)
1992,0.13781314,0.86218685,0,1,1) very rare (1-5)
1993,0.29631463,0.7036854,1,2,1) very rare (1-5)
1994,0.17025971,0.8297403,1,99,3) common (21-100)
1995,0.6776665,0.3223335,1,160,4) very common (100+)
1996,0.82368046,0.17631954,0,2,1) very rare (1-5)
1997,0.056192603,0.9438074,1,9,2) rare (6-20)
1998,0.9056666,0.09433341,0,237,4) very common (100+)
1999,0.32160786,0.6783922,0,28,3) common (21-100)
2000,0.22022356,0.77977645,0,1,1) very rare (1-5)
2001,0.8103989,0.18960112,0,166,4) very common (100+)
2002,0.4717392,0.5282608,0,88,3) common (21-100)
2003,0.51357114,0.48642886,1,19,2) rare (6-20)
2004,0.5875789,0.4124211,1,1290,4) very common (100+)
2005,0.57457066,0.42542934,0,1290,4) very common (100+)
2006,0.08341238,0.9165876,1,118,4) very common (100+)
2007,0.41783807,0.5821619,0,118,4) very common (100+)
2008,0.7203696,0.27963042,0,372,4) very common (100+)
2009,0.83404005,0.16595995,0,37,3) common (21-100)
2010,0.2805832,0.7194168,1,7,2) rare (6-20)
2011,0.45986903,0.540131,0,29,3) common (21-100)
2012,0.12013322,0.8798668,1,0,1) very rare (1-5)
2013,0.84438777,0.15561223,0,68,3) common (21-100)
2014,0.34154153,0.6584585,1,27,3) common (21-100)
2015,0.15796115,0.84203887,0,3,1) very rare (1-5)
2016,0.8323995,0.16760051,1,166,4) very common (100+)
2017,0.5887802,0.41121978,1,261,4) very common (100+)
2018,0.30810362,0.6918964,1,18,2) rare (6-20)
2019,0.8040947,0.19590533,1,62,3) common (21-100)
2020,0.05489942,0.9451006,1,0,1) very rare (1-5)
2021,0.14715438,0.8528456,1,16,2) rare (6-20)
2022,0.95384,0.046159983,0,47,3) common (21-100)
2023,0.05657241,0.94342756,1,5,1) very rare (1-5)
2024,0.110987976,0.88901204,1,38,3) common (21-100)
2025,0.06841064,0.93158937,1,0,1) very rare (1-5)
2026,0.25893295,0.74106705,0,145,4) very common (100+)
2027,0.9586542,0.041345775,0,28,3) common (21-100)
2028,0.9443169,0.055683076,0,372,4) very common (100+)
2029,0.8886177,0.111382306,0,58,3) common (21-100)
2030,0.69191915,0.30808085,1,16,2) rare (6-20)
2031,0.5908567,0.40914333,0,1000,4) very common (100+)
2032,0.5733126,0.42668742,0,134,4) very common (100+)
2033,0.31586877,0.68413126,1,1,1) very rare (1-5)
2034,0.19800495,0.80199504,0,68,3) common (21-100)
2035,0.6325034,0.3674966,0,106,4) very common (100+)
2036,0.2619617,0.7380383,0,7,2) rare (6-20)
2037,0.20246193,0.79753804,1,134,4) very common (100+)
2038,0.061188318,0.93881166,1,0,1) very rare (1-5)
2039,0.6791216,0.3208784,0,9,2) rare (6-20)
2040,0.7657967,0.23420328,0,15,2) rare (6-20)
2041,0.77096784,0.22903216,1,4,1) very rare (1-5)
2042,0.08358782,0.9164122,1,118,4) very common (100+)
2043,0.84253275,0.15746725,0,11,2) rare (6-20)
2044,0.470336,0.52966404,1,1,1) very rare (1-5)
2045,0.8332031,0.16679692,1,54,3) common (21-100)
2046,0.85729516,0.14270484,1,16,2) rare (6-20)
2047,0.40843692,0.5915631,0,275,4) very common (100+)
2048,0.14785844,0.85214156,1,6,2) rare (6-20)
2049,0.23834816,0.7616519,1,47,3) common (21-100)
2050,0.2680236,0.7319764,1,5,1) very rare (1-5)
2051,0.4655788,0.5344212,0,1070,4) very common (100+)
2052,0.23627546,0.76372457,1,3,1) very rare (1-5)
2053,0.13719496,0.862805,1,70,3) common (21-100)
2054,0.5568554,0.44314462,0,19,2) rare (6-20)
2055,0.5455408,0.4544592,0,3,1) very rare (1-5)
2056,0.85114354,0.14885646,0,421,4) very common (100+)
2057,0.88895047,0.11104953,1,1,1) very rare (1-5)
2058,0.8667114,0.13328862,0,275,4) very common (100+)
2059,0.97202635,0.027973652,0,421,4) very common (100+)
2060,0.4435447,0.5564553,0,36,3) common (21-100)
2061,0.9036571,0.09634292,0,142,4) very common (100+)
2062,0.09460515,0.90539485,1,0,1) very rare (1-5)
2063,0.22268325,0.77731675,0,9,2) rare (6-20)
2064,0.9254428,0.074557185,0,1000,4) very common (100+)
2065,0.8382194,0.1617806,0,105,4) very common (100+)
2066,0.6158287,0.3841713,1,1290,4) very common (100+)
2067,0.05627591,0.9437241,1,3,1) very rare (1-5)
2068,0.35220477,0.6477952,1,3,1) very rare (1-5)
2069,0.113109946,0.88689005,1,4,1) very rare (1-5)
2070,0.38008642,0.6199136,1,0,1) very rare (1-5)
2071,0.45995528,0.5400447,0,1290,4) very common (100+)
2072,0.21288843,0.7871116,1,0,1) very rare (1-5)
2073,0.34450108,0.6554989,0,102,4) very common (100+)
2074,0.4823492,0.51765084,1,4,1) very rare (1-5)
2075,0.30694377,0.6930562,1,13,2) rare (6-20)
2076,0.8259371,0.17406291,0,36,3) common (21-100)
2077,0.17328557,0.8267144,0,7,2) rare (6-20)
2078,0.10087115,0.89912885,0,24,3) common (21-100)
2079,0.99156594,0.008434057,0,211,4) very common (100+)
2080,0.36754885,0.6324512,1,0,1) very rare (1-5)
2081,0.96105134,0.038948655,0,85,3) common (21-100)
2082,0.3590588,0.6409412,0,105,4) very common (100+)
2083,0.26107293,0.73892707,0,5,1) very rare (1-5)
2084,0.9878911,0.012108922,0,182,4) very common (100+)
2085,0.376756,0.623244,0,3,1) very rare (1-5)
2086,0.56587917,0.43412083,0,275,4) very common (100+)
2087,0.13921453,0.8607855,1,0,1) very rare (1-5)
2088,0.88076866,0.11923134,0,121,4) very common (100+)
2089,0.8930037,0.1069963,0,142,4) very common (100+)
2090,0.073697865,0.92630213,1,15,2) rare (6-20)
2091,0.19074747,0.8092525,1,9,2) rare (6-20)
2092,0.52513,0.47487003,0,1,1) very rare (1-5)
2093,0.73428506,0.26571494,0,7,2) rare (6-20)
2094,0.15158467,0.8484153,1,22,3) common (21-100)
2095,0.08333066,0.91666937,1,0,1) very rare (1-5)
2096,0.73152024,0.26847976,0,27,3) common (21-100)
2097,0.1625183,0.83748174,1,237,4) very common (100+)
2098,0.1565701,0.8434299,1,17,2) rare (6-20)
2099,0.6622595,0.33774048,1,0,1) very rare (1-5)
2100,0.45990646,0.54009354,1,1,1) very rare (1-5)
2101,0.8922513,0.10774869,0,700,4) very common (100+)
2102,0.41475365,0.5852463,0,0,1) very rare (1-5)
2103,0.41721416,0.58278584,1,79,3) common (21-100)
2104,0.42501122,0.5749888,1,0,1) very rare (1-5)
2105,0.18088238,0.8191176,0,1,1) very rare (1-5)
2106,0.44011518,0.5598848,1,7,2) rare (6-20)
2107,0.7430325,0.25696748,1,0,1) very rare (1-5)
2108,0.51944363,0.48055637,1,6,2) rare (6-20)
2109,0.66232896,0.33767104,1,0,1) very rare (1-5)
2110,0.9128726,0.08712739,0,1000,4) very common (100+)
2111,0.8824247,0.11757529,0,123,4) very common (100+)
2112,0.87105674,0.12894326,1,2,1) very rare (1-5)
2113,0.049476292,0.95052373,0,41,3) common (21-100)
2114,0.5419297,0.45807028,1,700,4) very common (100+)
2115,0.7389308,0.26106918,1,26,3) common (21-100)
2116,0.017615035,0.982385,1,0,1) very rare (1-5)
2117,0.28203362,0.7179664,1,24,3) common (21-100)
2118,0.9422152,0.057784796,0,39,3) common (21-100)
2119,0.8243506,0.1756494,0,1070,4) very common (100+)
2120,0.73943263,0.26056737,1,1070,4) very common (100+)
2121,0.98970395,0.010296047,1,76,3) common (21-100)
2122,0.42547664,0.5745233,1,372,4) very common (100+)
2123,0.9849584,0.01504159,0,37,3) common (21-100)
2124,0.9195501,0.08044988,0,700,4) very common (100+)
2125,0.3702605,0.6297395,0,47,3) common (21-100)
2126,0.9020639,0.097936094,0,99,3) common (21-100)
2127,0.115393996,0.884606,1,42,3) common (21-100)
2128,0.7957849,0.20421511,1,28,3) common (21-100)
2129,0.050290734,0.9497093,1,0,1) very rare (1-5)
2130,0.7736135,0.22638649,0,78,3) common (21-100)
2131,0.7980487,0.20195132,1,58,3) common (21-100)
2132,0.65175533,0.34824467,1,1,1) very rare (1-5)
2133,0.963134,0.03686601,0,159,4) very common (100+)
2134,0.1551991,0.8448009,1,0,1) very rare (1-5)
2135,0.4621712,0.5378288,1,76,3) common (21-100)
2136,0.52094245,0.47905755,0,7,2) rare (6-20)
2137,0.94475776,0.05524224,1,16,2) rare (6-20)
2138,0.30001423,0.69998574,1,70,3) common (21-100)
2139,0.7070675,0.2929325,1,134,4) very common (100+)
2140,0.54717517,0.45282483,1,0,1) very rare (1-5)
2141,0.97937965,0.020620346,0,12,2) rare (6-20)
2142,0.5289075,0.47109252,0,42,3) common (21-100)
2143,0.2277677,0.7722323,1,3,1) very rare (1-5)
2144,0.8735236,0.1264764,0,99,3) common (21-100)
2145,0.524831,0.475169,1,6,2) rare (6-20)
2146,0.19930056,0.8006995,1,178,4) very common (100+)
2147,0.32948792,0.6705121,0,68,3) common (21-100)
2148,0.83306676,0.16693324,0,13,2) rare (6-20)
2149,0.21192732,0.7880727,1,5,1) very rare (1-5)
2150,0.32964924,0.6703508,0,0,1) very rare (1-5)
2151,0.12869208,0.8713079,0,26,3) common (21-100)
2152,0.37918887,0.6208111,1,3,1) very rare (1-5)
2153,0.25397527,0.7460247,1,1,1) very rare (1-5)
2154,0.15982895,0.84017104,0,2,1) very rare (1-5)
2155,0.27596846,0.72403157,1,6,2) rare (6-20)
2156,0.28603005,0.71396995,1,5,1) very rare (1-5)
2157,0.9823398,0.0176602,0,29,3) common (21-100)
2158,0.69681966,0.30318034,1,43,3) common (21-100)
2159,0.8547756,0.14522439,1,1290,4) very common (100+)
2160,0.88935727,0.11064273,0,1290,4) very common (100+)
2161,0.6070847,0.3929153,1,0,1) very rare (1-5)
2162,0.4891165,0.5108835,0,105,4) very common (100+)
2163,0.46588993,0.53411007,1,142,4) very common (100+)
2164,0.026782319,0.97321767,1,39,3) common (21-100)
2165,0.17048636,0.82951367,1,1,1) very rare (1-5)
2166,0.52735186,0.47264814,0,17,2) rare (6-20)
2167,0.30966562,0.6903344,0,2,1) very rare (1-5)
2168,0.17881367,0.8211863,1,1,1) very rare (1-5)
2169,0.90921926,0.090780735,0,52,3) common (21-100)
2170,0.65143055,0.34856945,0,20,2) rare (6-20)
2171,0.70878106,0.29121894,1,2,1) very rare (1-5)
2172,0.24842896,0.75157106,1,3,1) very rare (1-5)
2173,0.5036102,0.4963898,0,0,1) very rare (1-5)
2174,0.20413527,0.7958647,0,2,1) very rare (1-5)
2175,0.15864027,0.84135973,0,3,1) very rare (1-5)
2176,0.72195566,0.27804434,0,6,2) rare (6-20)
2177,0.7015606,0.29843938,0,275,4) very common (100+)
2178,0.10924634,0.8907536,1,0,1) very rare (1-5)
2179,0.78687674,0.21312326,0,56,3) common (21-100)
2180,0.46491703,0.53508294,0,178,4) very common (100+)
2181,0.17559937,0.82440066,0,36,3) common (21-100)
2182,0.10144625,0.8985537,1,0,1) very rare (1-5)
2183,0.843156,0.15684402,0,142,4) very common (100+)
2184,0.930044,0.069956005,1,30,3) common (21-100)
2185,0.44259474,0.55740523,1,9,2) rare (6-20)
2186,0.4946552,0.5053448,1,92,3) common (21-100)
2187,0.31277853,0.68722147,0,223,4) very common (100+)
2188,0.8515851,0.14841491,1,0,1) very rare (1-5)
2189,0.27354756,0.72645247,0,37,3) common (21-100)
2190,0.8892756,0.11072439,0,1290,4) very common (100+)
2191,0.4833923,0.5166077,1,45,3) common (21-100)
2192,0.117570564,0.8824294,0,8,2) rare (6-20)
2193,0.18260507,0.8173949,1,0,1) very rare (1-5)
2194,0.56372976,0.43627024,1,1290,4) very common (100+)
2195,0.25503942,0.74496055,0,0,1) very rare (1-5)
2196,0.075382315,0.9246177,1,0,1) very rare (1-5)
2197,0.7415877,0.2584123,0,372,4) very common (100+)
2198,0.07416992,0.92583007,1,15,2) rare (6-20)
2199,0.20274797,0.79725206,1,4,1) very rare (1-5)
2200,0.43820283,0.56179714,0,1000,4) very common (100+)
2201,0.83794713,0.16205287,0,1070,4) very common (100+)
2202,0.39222354,0.60777646,1,159,4) very common (100+)
2203,0.17995723,0.8200428,0,2,1) very rare (1-5)
2204,0.6394612,0.36053878,0,1070,4) very common (100+)
2205,0.37611312,0.6238869,1,1,1) very rare (1-5)
2206,0.13737692,0.8626231,0,88,3) common (21-100)
2207,0.21975711,0.7802429,1,5,1) very rare (1-5)
2208,0.95360285,0.04639715,0,99,3) common (21-100)
2209,0.87578624,0.124213755,0,89,3) common (21-100)
2210,0.63090354,0.36909646,1,1,1) very rare (1-5)
2211,0.57494223,0.42505777,0,15,2) rare (6-20)
2212,0.55587506,0.44412494,1,39,3) common (21-100)
2213,0.50166035,0.49833965,0,237,4) very common (100+)
2214,0.25369987,0.7463001,0,21,3) common (21-100)
2215,0.07289381,0.9271062,1,0,1) very rare (1-5)
2216,0.4755266,0.5244734,0,41,3) common (21-100)
2217,0.27298698,0.727013,1,24,3) common (21-100)
2218,0.114488035,0.885512,1,0,1) very rare (1-5)
2219,0.69555897,0.30444103,0,23,3) common (21-100)
2220,0.619188,0.380812,0,6,2) rare (6-20)
2221,0.30298764,0.69701236,0,14,2) rare (6-20)
2222,0.22898935,0.77101064,1,6,2) rare (6-20)
2223,0.13435419,0.8656458,0,1,1) very rare (1-5)
2224,0.45195937,0.5480406,0,4,1) very rare (1-5)
2225,0.62995243,0.37004757,0,2,1) very rare (1-5)
2226,0.4773593,0.5226407,1,268,4) very common (100+)
2227,0.8282108,0.17178923,0,9,2) rare (6-20)
2228,0.70937186,0.29062814,1,0,1) very rare (1-5)
2229,0.55960804,0.44039196,0,700,4) very common (100+)
2230,0.9117433,0.08825672,0,421,4) very common (100+)
2231,0.43188328,0.5681167,0,0,1) very rare (1-5)
2232,0.5693734,0.43062657,1,4,1) very rare (1-5)
2233,0.07647859,0.9235214,1,19,2) rare (6-20)
2234,0.31982085,0.6801791,0,159,4) very common (100+)
2235,0.032993272,0.96700674,1,0,1) very rare (1-5)
2236,0.23458536,0.76541466,1,13,2) rare (6-20)
2237,0.07961234,0.9203877,0,6,2) rare (6-20)
2238,0.64576274,0.35423726,0,421,4) very common (100+)
2239,0.3485932,0.65140676,0,8,2) rare (6-20)
2240,0.54078585,0.45921415,1,20,2) rare (6-20)
2241,0.6726695,0.32733053,0,121,4) very common (100+)
2242,0.16655986,0.8334401,0,1,1) very rare (1-5)
2243,0.48758787,0.51241213,1,2,1) very rare (1-5)
2244,0.95668685,0.043313146,0,24,3) common (21-100)
2245,0.44765902,0.552341,1,44,3) common (21-100)
2246,0.19082296,0.80917704,1,0,1) very rare (1-5)
2247,0.76312464,0.23687536,1,421,4) very common (100+)
2248,0.28542814,0.71457183,0,1000,4) very common (100+)
2249,0.94637316,0.053626835,0,700,4) very common (100+)
2250,0.09048063,0.9095194,0,2,1) very rare (1-5)
2251,0.41184863,0.58815134,1,9,2) rare (6-20)
2252,0.16906166,0.83093834,1,94,3) common (21-100)
2253,0.8385717,0.16142827,0,145,4) very common (100+)
2254,0.5145675,0.4854325,0,1290,4) very common (100+)
2255,0.69931173,0.30068827,1,1,1) very rare (1-5)
2256,0.30490643,0.6950936,1,1,1) very rare (1-5)
2257,0.20741636,0.79258364,1,27,3) common (21-100)
2258,0.37953088,0.6204691,1,106,4) very common (100+)
2259,0.09674405,0.90325594,0,5,1) very rare (1-5)
2260,0.41837177,0.5816282,1,118,4) very common (100+)
2261,0.35394034,0.64605963,1,3,1) very rare (1-5)
2262,0.088048875,0.9119511,1,0,1) very rare (1-5)
2263,0.32838356,0.67161644,0,29,3) common (21-100)
2264,0.07292763,0.92707235,1,2,1) very rare (1-5)
2265,0.31136307,0.6886369,1,134,4) very common (100+)
2266,0.77859604,0.22140396,0,71,3) common (21-100)
2267,0.25727904,0.74272096,1,0,1) very rare (1-5)
2268,0.07529186,0.9247081,1,118,4) very common (100+)
2269,0.5398038,0.4601962,0,2,1) very rare (1-5)
2270,0.90511817,0.09488183,0,2,1) very rare (1-5)
2271,0.25054306,0.74945694,1,0,1) very rare (1-5)
2272,0.12725468,0.87274534,1,100,3) common (21-100)
2273,0.8445504,0.15544963,0,19,2) rare (6-20)
2274,0.55922437,0.44077563,1,78,3) common (21-100)
2275,0.9702564,0.029743612,0,1000,4) very common (100+)
2276,0.07818274,0.92181724,1,343,4) very common (100+)
2277,0.37577996,0.62422,1,51,3) common (21-100)
2278,0.7042046,0.29579538,0,1070,4) very common (100+)
2279,0.30259952,0.69740045,0,7,2) rare (6-20)
2280,0.4903379,0.5096621,0,2,1) very rare (1-5)
2281,0.25889757,0.74110246,1,1,1) very rare (1-5)
2282,0.5929982,0.4070018,1,65,3) common (21-100)
2283,0.2860238,0.7139762,1,0,1) very rare (1-5)
2284,0.9485313,0.05146867,0,33,3) common (21-100)
2285,0.44617948,0.5538205,0,1000,4) very common (100+)
2286,0.25983658,0.74016345,0,0,1) very rare (1-5)
2287,0.51631516,0.48368484,0,107,4) very common (100+)
2288,0.7585491,0.2414509,1,106,4) very common (100+)
2289,0.62196285,0.37803715,0,1070,4) very common (100+)
2290,0.3592306,0.64076936,1,0,1) very rare (1-5)
2291,0.6628523,0.3371477,0,237,4) very common (100+)
2292,0.7339192,0.2660808,0,40,3) common (21-100)
2293,0.17266765,0.8273324,1,0,1) very rare (1-5)
2294,0.10012971,0.8998703,1,0,1) very rare (1-5)
2295,0.86758465,0.13241535,1,6,2) rare (6-20)
2296,0.19890076,0.80109924,1,0,1) very rare (1-5)
2297,0.11794286,0.88205713,1,0,1) very rare (1-5)
2298,0.5243503,0.4756497,0,121,4) very common (100+)
2299,0.5309449,0.46905512,1,372,4) very common (100+)
2300,0.08827508,0.9117249,1,7,2) rare (6-20)
2301,0.07698952,0.92301047,1,26,3) common (21-100)
2302,0.09115873,0.90884125,1,0,1) very rare (1-5)
2303,0.71053714,0.28946286,1,89,3) common (21-100)
2304,0.99582785,0.0041721463,0,211,4) very common (100+)
2305,0.64123875,0.35876125,0,1000,4) very common (100+)
2306,0.4408014,0.5591986,1,100,3) common (21-100)
2307,0.09219051,0.9078095,1,0,1) very rare (1-5)
2308,0.5598403,0.44015968,1,0,1) very rare (1-5)
2309,0.48147827,0.5185217,1,105,4) very common (100+)
2310,0.58078265,0.41921735,0,1290,4) very common (100+)
2311,0.810064,0.18993598,0,39,3) common (21-100)
2312,0.038620453,0.9613795,1,0,1) very rare (1-5)
2313,0.6546517,0.3453483,0,1070,4) very common (100+)
2314,0.29988587,0.70011413,1,1,1) very rare (1-5)
2315,0.30889466,0.69110537,1,0,1) very rare (1-5)
2316,0.9590183,0.04098171,1,70,3) common (21-100)
2317,0.7400983,0.2599017,0,268,4) very common (100+)
2318,0.89859074,0.10140926,0,261,4) very common (100+)
2319,0.44322807,0.55677193,0,62,3) common (21-100)
2320,0.335062,0.664938,0,1070,4) very common (100+)
2321,0.26927748,0.73072255,1,2,1) very rare (1-5)
2322,0.5690338,0.4309662,0,7,2) rare (6-20)
2323,0.09679901,0.903201,1,0,1) very rare (1-5)
2324,0.27999255,0.7200074,1,3,1) very rare (1-5)
2325,0.9288889,0.07111108,0,37,3) common (21-100)
2326,0.6258371,0.3741629,1,0,1) very rare (1-5)
2327,0.87953514,0.12046486,0,12,2) rare (6-20)
2328,0.20935652,0.79064345,0,1,1) very rare (1-5)
2329,0.3456466,0.6543534,1,58,3) common (21-100)
2330,0.55221635,0.44778365,0,89,3) common (21-100)
2331,0.8946101,0.10538989,1,275,4) very common (100+)
2332,0.4280131,0.5719869,1,14,2) rare (6-20)
2333,0.29462343,0.70537657,1,0,1) very rare (1-5)
2334,0.22868185,0.77131814,1,45,3) common (21-100)
2335,0.8152622,0.1847378,0,1290,4) very common (100+)
2336,0.84417397,0.15582603,0,13,2) rare (6-20)
2337,0.10578134,0.8942187,1,2,1) very rare (1-5)
2338,0.12279786,0.87720215,1,14,2) rare (6-20)
2339,0.52819175,0.47180825,1,1070,4) very common (100+)
2340,0.5033539,0.4966461,0,1000,4) very common (100+)
2341,0.054353006,0.945647,0,16,2) rare (6-20)
2342,0.10808687,0.8919131,0,111,4) very common (100+)
2343,0.86984175,0.13015825,0,25,3) common (21-100)
2344,0.6365754,0.3634246,0,23,3) common (21-100)
2345,0.63082707,0.36917293,0,1070,4) very common (100+)
2346,0.10637153,0.8936285,1,1,1) very rare (1-5)
2347,0.42145088,0.57854915,1,19,2) rare (6-20)
2348,0.20303194,0.79696804,1,7,2) rare (6-20)
2349,0.6078624,0.3921376,0,159,4) very common (100+)
2350,0.54675114,0.45324886,1,0,1) very rare (1-5)
2351,0.48963013,0.5103699,0,69,3) common (21-100)
2352,0.23534408,0.76465595,0,43,3) common (21-100)
2353,0.78089017,0.21910983,1,146,4) very common (100+)
2354,0.12650865,0.87349135,1,4,1) very rare (1-5)
2355,0.34192118,0.6580788,1,0,1) very rare (1-5)
2356,0.6268358,0.37316418,1,9,2) rare (6-20)
2357,0.3223171,0.6776829,0,6,2) rare (6-20)
2358,0.08103433,0.9189657,1,2,1) very rare (1-5)
2359,0.15337671,0.8466233,1,92,3) common (21-100)
2360,0.63628674,0.36371326,0,274,4) very common (100+)
2361,0.72988796,0.27011204,0,9,2) rare (6-20)
2362,0.30334076,0.6966592,1,31,3) common (21-100)
2363,0.7708469,0.2291531,0,23,3) common (21-100)
2364,0.37689477,0.6231052,1,38,3) common (21-100)
2365,0.25602844,0.7439716,1,1070,4) very common (100+)
2366,0.7828253,0.21717471,1,0,1) very rare (1-5)
2367,0.9124359,0.08756411,0,99,3) common (21-100)
2368,0.06029967,0.9397003,1,5,1) very rare (1-5)
2369,0.09340523,0.90659475,1,8,2) rare (6-20)
2370,0.5021776,0.4978224,1,0,1) very rare (1-5)
2371,0.27400017,0.72599983,1,2,1) very rare (1-5)
2372,0.09561759,0.9043824,1,5,1) very rare (1-5)
2373,0.44907722,0.55092275,1,268,4) very common (100+)
2374,0.15730442,0.8426956,1,0,1) very rare (1-5)
2375,0.07042179,0.9295782,0,1,1) very rare (1-5)
2376,0.19134095,0.8086591,0,3,1) very rare (1-5)
2377,0.5302645,0.4697355,1,3,1) very rare (1-5)
2378,0.98173296,0.018267035,1,2,1) very rare (1-5)
2379,0.09787843,0.90212154,1,14,2) rare (6-20)
2380,0.9649554,0.03504461,0,700,4) very common (100+)
2381,0.2385629,0.7614371,1,66,3) common (21-100)
2382,0.32925567,0.6707443,1,0,1) very rare (1-5)
2383,0.4435284,0.5564716,0,10,2) rare (6-20)
2384,0.51967126,0.48032874,0,39,3) common (21-100)
2385,0.3187126,0.6812874,0,71,3) common (21-100)
2386,0.11767616,0.88232386,1,4,1) very rare (1-5)
2387,0.086425796,0.9135742,1,79,3) common (21-100)
2388,0.46192816,0.5380719,1,0,1) very rare (1-5)
2389,0.9989485,0.0010514855,0,89,3) common (21-100)
2390,0.04190216,0.9580978,1,2,1) very rare (1-5)
2391,0.6182749,0.38172507,1,268,4) very common (100+)
2392,0.21090943,0.7890906,1,85,3) common (21-100)
2393,0.65949506,0.34050494,0,36,3) common (21-100)
2394,0.7553626,0.24463743,0,142,4) very common (100+)
2395,0.6939057,0.3060943,0,4,1) very rare (1-5)
2396,0.61949486,0.38050514,1,35,3) common (21-100)
2397,0.060432408,0.93956757,1,7,2) rare (6-20)
2398,0.7859335,0.2140665,0,223,4) very common (100+)
2399,0.7685702,0.23142982,0,12,2) rare (6-20)
2400,0.8324986,0.16750139,0,1290,4) very common (100+)
2401,0.92099535,0.079004645,0,21,3) common (21-100)
2402,0.32525486,0.67474514,0,159,4) very common (100+)
2403,0.6390788,0.3609212,0,15,2) rare (6-20)
2404,0.9871767,0.012823284,0,421,4) very common (100+)
2405,0.24178989,0.7582101,1,102,4) very common (100+)
2406,0.24627939,0.75372064,0,86,3) common (21-100)
2407,0.56181973,0.43818027,1,1,1) very rare (1-5)
2408,0.6047695,0.39523047,1,19,2) rare (6-20)
2409,0.16108473,0.8389153,1,0,1) very rare (1-5)
2410,0.76710767,0.23289233,1,0,1) very rare (1-5)
2411,0.65391976,0.34608024,1,19,2) rare (6-20)
2412,0.30721533,0.69278467,0,14,2) rare (6-20)
2413,0.023219706,0.9767803,1,134,4) very common (100+)
2414,0.16603604,0.833964,1,0,1) very rare (1-5)
2415,0.44310158,0.5568984,1,1290,4) very common (100+)
2416,0.9176019,0.08239812,1,160,4) very common (100+)
2417,0.091867924,0.9081321,0,0,1) very rare (1-5)
2418,0.82787186,0.17212814,0,1070,4) very common (100+)
2419,0.2450675,0.7549325,1,0,1) very rare (1-5)
2420,0.96590805,0.03409195,0,23,3) common (21-100)
2421,0.44430926,0.55569077,0,4,1) very rare (1-5)
2422,0.11420977,0.8857902,1,30,3) common (21-100)
2423,0.21575046,0.78424954,0,4,1) very rare (1-5)
2424,0.6487304,0.3512696,1,0,1) very rare (1-5)
2425,0.43985826,0.56014174,0,1290,4) very common (100+)
2426,0.42280212,0.5771979,0,5,1) very rare (1-5)
2427,0.994892,0.005107999,0,1000,4) very common (100+)
2428,0.5188157,0.4811843,0,142,4) very common (100+)
2429,0.7132889,0.2867111,0,12,2) rare (6-20)
2430,0.9974667,0.0025333166,0,182,4) very common (100+)
2431,0.09383489,0.9061651,0,4,1) very rare (1-5)
2432,0.5108818,0.48911822,1,86,3) common (21-100)
2433,0.0838816,0.9161184,1,63,3) common (21-100)
2434,0.92328924,0.07671076,0,21,3) common (21-100)
2435,0.022777082,0.9772229,1,0,1) very rare (1-5)
2436,0.63767844,0.36232156,1,1290,4) very common (100+)
2437,0.46491864,0.5350814,1,0,1) very rare (1-5)
2438,0.2263523,0.77364767,1,0,1) very rare (1-5)
2439,0.10519413,0.89480585,1,118,4) very common (100+)
2440,0.524946,0.47505403,1,86,3) common (21-100)
2441,0.9108409,0.08915907,0,421,4) very common (100+)
2442,0.25345427,0.74654573,0,1,1) very rare (1-5)
2443,0.7370429,0.2629571,0,700,4) very common (100+)
2444,0.16988143,0.83011854,0,2,1) very rare (1-5)
2445,0.9659485,0.034051478,0,1000,4) very common (100+)
2446,0.20975438,0.79024565,1,0,1) very rare (1-5)
2447,0.3254398,0.6745602,0,24,3) common (21-100)
2448,0.8769191,0.12308091,0,0,1) very rare (1-5)
2449,0.8615259,0.1384741,0,166,4) very common (100+)
2450,0.6447944,0.3552056,1,66,3) common (21-100)
2451,0.42253628,0.57746375,0,2,1) very rare (1-5)
2452,0.39286175,0.6071383,0,2,1) very rare (1-5)
2453,0.5495705,0.4504295,0,2,1) very rare (1-5)
2454,0.41959718,0.58040285,0,31,3) common (21-100)
2455,0.05020222,0.94979775,1,2,1) very rare (1-5)
2456,0.15789889,0.8421011,1,1,1) very rare (1-5)
2457,0.4773339,0.5226661,0,41,3) common (21-100)
2458,0.057747353,0.94225264,1,3,1) very rare (1-5)
2459,0.04450237,0.9554976,1,4,1) very rare (1-5)
2460,0.060023934,0.9399761,1,0,1) very rare (1-5)
2461,0.67581946,0.32418054,1,142,4) very common (100+)
2462,0.11483254,0.8851675,0,39,3) common (21-100)
2463,0.15496612,0.8450339,1,0,1) very rare (1-5)
2464,0.9316544,0.06834561,0,99,3) common (21-100)
2465,0.35395917,0.6460408,0,7,2) rare (6-20)
2466,0.10414925,0.8958508,1,0,1) very rare (1-5)
2467,0.13599567,0.8640043,1,0,1) very rare (1-5)
2468,0.848904,0.15109599,0,23,3) common (21-100)
2469,0.21803655,0.78196347,0,166,4) very common (100+)
2470,0.9821469,0.017853081,0,1000,4) very common (100+)
2471,0.07118115,0.9288188,1,0,1) very rare (1-5)
2472,0.94289386,0.057106137,0,20,2) rare (6-20)
2473,0.7622363,0.2377637,1,11,2) rare (6-20)
2474,0.91092783,0.08907217,0,1000,4) very common (100+)
2475,0.8966908,0.103309214,1,14,2) rare (6-20)
2476,0.035315897,0.9646841,1,1,1) very rare (1-5)
2477,0.47624263,0.52375734,0,106,4) very common (100+)
2478,0.19713038,0.8028696,0,4,1) very rare (1-5)
2479,0.89552647,0.10447353,0,74,3) common (21-100)
2480,0.04203209,0.95796794,1,0,1) very rare (1-5)
2481,0.8705931,0.12940693,1,24,3) common (21-100)
2482,0.33380675,0.66619325,1,1290,4) very common (100+)
2483,0.6483178,0.3516822,0,6,2) rare (6-20)
2484,0.25505012,0.7449499,0,2,1) very rare (1-5)
2485,0.9551964,0.04480362,0,1000,4) very common (100+)
2486,0.39951143,0.60048854,1,79,3) common (21-100)
2487,0.4655638,0.5344362,1,41,3) common (21-100)
2488,0.34088045,0.65911955,0,1,1) very rare (1-5)
2489,0.10168587,0.8983141,1,0,1) very rare (1-5)
2490,0.8268917,0.17310828,0,55,3) common (21-100)
2491,0.6089185,0.3910815,0,85,3) common (21-100)
2492,0.58021903,0.41978097,0,211,4) very common (100+)
2493,0.23946762,0.7605324,1,70,3) common (21-100)
2494,0.2348008,0.7651992,1,0,1) very rare (1-5)
2495,0.8899674,0.11003262,0,1290,4) very common (100+)
2496,0.671625,0.32837498,0,16,2) rare (6-20)
2497,0.1819068,0.8180932,0,13,2) rare (6-20)
2498,0.8741512,0.12584883,0,2,1) very rare (1-5)
2499,0.5874778,0.4125222,1,39,3) common (21-100)
2500,0.089274876,0.9107251,1,0,1) very rare (1-5)
2501,0.55808985,0.44191015,1,108,4) very common (100+)
2502,0.67276704,0.32723296,1,275,4) very common (100+)
2503,0.4185288,0.5814712,0,3,1) very rare (1-5)
2504,0.29120117,0.7087988,0,5,1) very rare (1-5)
2505,0.22098075,0.77901924,0,15,2) rare (6-20)
2506,0.40706474,0.59293526,1,0,1) very rare (1-5)
2507,0.44869965,0.55130035,1,19,2) rare (6-20)
2508,0.8611327,0.13886732,0,7,2) rare (6-20)
2509,0.17785701,0.82214296,1,1,1) very rare (1-5)
2510,0.72384405,0.27615595,1,108,4) very common (100+)
2511,0.49114528,0.50885475,0,107,4) very common (100+)
2512,0.78097343,0.21902657,0,178,4) very common (100+)
2513,0.26975632,0.7302437,0,14,2) rare (6-20)
2514,0.6051295,0.39487052,1,1,1) very rare (1-5)
2515,0.111083865,0.88891613,1,47,3) common (21-100)
2516,0.9243856,0.07561439,0,142,4) very common (100+)
2517,0.9442993,0.05570072,0,261,4) very common (100+)
2518,0.96274996,0.037250042,0,11,2) rare (6-20)
2519,0.25729534,0.74270463,0,39,3) common (21-100)
2520,0.7987982,0.2012018,0,16,2) rare (6-20)
2521,0.45143434,0.5485656,0,62,3) common (21-100)
2522,0.04275984,0.95724016,1,2,1) very rare (1-5)
2523,0.75698173,0.24301827,0,21,3) common (21-100)
2524,0.15929471,0.8407053,0,4,1) very rare (1-5)
2525,0.08130718,0.9186928,1,3,1) very rare (1-5)
2526,0.87271297,0.12728703,0,268,4) very common (100+)
2527,0.30285475,0.6971452,0,700,4) very common (100+)
2528,0.2101462,0.7898538,1,343,4) very common (100+)
2529,0.7301222,0.2698778,0,50,3) common (21-100)
2530,0.538718,0.461282,0,15,2) rare (6-20)
2531,0.99965453,0.00034546852,0,211,4) very common (100+)
2532,0.85088766,0.14911234,1,1070,4) very common (100+)
2533,0.68363535,0.31636465,1,92,3) common (21-100)
2534,0.82581514,0.17418486,0,69,3) common (21-100)
2535,0.4827692,0.5172308,0,372,4) very common (100+)
2536,0.27981135,0.7201886,0,72,3) common (21-100)
2537,0.7448082,0.2551918,0,22,3) common (21-100)
2538,0.49620843,0.5037916,0,11,2) rare (6-20)
2539,0.2791287,0.7208713,1,14,2) rare (6-20)
2540,0.4715425,0.5284575,1,7,2) rare (6-20)
2541,0.92353094,0.076469064,0,274,4) very common (100+)
2542,0.05679655,0.94320345,1,0,1) very rare (1-5)
2543,0.8361719,0.16382807,1,0,1) very rare (1-5)
2544,0.2901887,0.70981133,0,89,3) common (21-100)
2545,0.59057814,0.40942186,1,1070,4) very common (100+)
2546,0.84044355,0.15955645,0,6,2) rare (6-20)
2547,0.5233175,0.47668248,0,23,3) common (21-100)
2548,0.969356,0.030644,0,1000,4) very common (100+)
2549,0.4436922,0.5563078,1,22,3) common (21-100)
2550,0.37618738,0.6238126,1,84,3) common (21-100)
2551,0.5390402,0.4609598,1,0,1) very rare (1-5)
2552,0.2627408,0.7372592,1,1,1) very rare (1-5)
2553,0.14709531,0.8529047,0,21,3) common (21-100)
2554,0.4367714,0.5632286,1,343,4) very common (100+)
2555,0.4231864,0.5768136,1,102,4) very common (100+)
2556,0.20195083,0.79804915,1,14,2) rare (6-20)
2557,0.57437444,0.42562556,1,53,3) common (21-100)
2558,0.92777985,0.07222015,0,21,3) common (21-100)
2559,0.26997268,0.7300273,1,7,2) rare (6-20)
2560,0.42886427,0.57113576,1,1,1) very rare (1-5)
2561,0.2412626,0.7587374,1,2,1) very rare (1-5)
2562,0.376466,0.62353396,1,22,3) common (21-100)
2563,0.10016448,0.8998355,1,2,1) very rare (1-5)
2564,0.81065047,0.18934953,0,33,3) common (21-100)
2565,0.16748828,0.8325117,1,0,1) very rare (1-5)
2566,0.035021648,0.96497834,1,0,1) very rare (1-5)
2567,0.6442185,0.3557815,0,36,3) common (21-100)
2568,0.22836438,0.77163565,0,20,2) rare (6-20)
2569,0.24120091,0.7587991,1,1,1) very rare (1-5)
2570,0.16759403,0.832406,1,0,1) very rare (1-5)
2571,0.27285436,0.7271457,0,1,1) very rare (1-5)
2572,0.8399909,0.16000909,0,24,3) common (21-100)
2573,0.48800603,0.511994,1,100,3) common (21-100)
2574,0.48476908,0.5152309,1,18,2) rare (6-20)
2575,0.13344404,0.8665559,1,0,1) very rare (1-5)
2576,0.53692526,0.46307474,1,36,3) common (21-100)
2577,0.040794957,0.95920503,1,6,2) rare (6-20)
2578,0.706393,0.293607,1,4,1) very rare (1-5)
2579,0.03927133,0.96072865,1,88,3) common (21-100)
2580,0.8346848,0.16531521,0,261,4) very common (100+)
2581,0.5260235,0.4739765,1,3,1) very rare (1-5)
2582,0.6545967,0.3454033,0,27,3) common (21-100)
2583,0.05490624,0.94509375,1,0,1) very rare (1-5)
2584,0.37781784,0.62218213,1,0,1) very rare (1-5)
2585,0.96804416,0.03195584,0,182,4) very common (100+)
2586,0.3594931,0.64050686,0,123,4) very common (100+)
2587,0.7877599,0.2122401,0,11,2) rare (6-20)
2588,0.54888785,0.45111215,0,105,4) very common (100+)
2589,0.28909218,0.7109078,1,18,2) rare (6-20)
2590,0.08450316,0.9154968,1,0,1) very rare (1-5)
2591,0.026639475,0.97336054,1,0,1) very rare (1-5)
2592,0.17342734,0.82657266,1,3,1) very rare (1-5)
2593,0.41496792,0.5850321,1,3,1) very rare (1-5)
2594,0.25837275,0.7416272,1,2,1) very rare (1-5)
2595,0.8548939,0.14510608,0,421,4) very common (100+)
2596,0.9714488,0.02855122,0,700,4) very common (100+)
2597,0.73082733,0.26917267,0,2,1) very rare (1-5)
2598,0.27578837,0.72421163,1,0,1) very rare (1-5)
2599,0.5319202,0.4680798,1,2,1) very rare (1-5)
2600,0.7161998,0.28380018,0,21,3) common (21-100)
2601,0.61104697,0.38895303,0,0,1) very rare (1-5)
2602,0.3009157,0.6990843,1,11,2) rare (6-20)
2603,0.040673476,0.9593265,1,1,1) very rare (1-5)
2604,0.346283,0.65371704,1,2,1) very rare (1-5)
2605,0.3704801,0.62951994,1,1070,4) very common (100+)
2606,0.082573734,0.9174263,1,0,1) very rare (1-5)
2607,0.5257108,0.47428918,0,261,4) very common (100+)
2608,0.50340223,0.49659777,0,62,3) common (21-100)
2609,0.66592646,0.33407354,0,14,2) rare (6-20)
2610,0.85377777,0.14622223,0,1,1) very rare (1-5)
2611,0.046680007,0.95331997,1,12,2) rare (6-20)
2612,0.83296067,0.16703933,0,75,3) common (21-100)
2613,0.49384847,0.50615156,0,14,2) rare (6-20)
2614,0.016594063,0.98340595,1,51,3) common (21-100)
2615,0.40135065,0.5986494,0,26,3) common (21-100)
2616,0.82690084,0.17309916,0,1000,4) very common (100+)
2617,0.668303,0.331697,0,1290,4) very common (100+)
2618,0.52855927,0.47144073,0,372,4) very common (100+)
2619,0.43448767,0.5655123,0,33,3) common (21-100)
2620,0.6015731,0.3984269,0,34,3) common (21-100)
2621,0.20880231,0.79119766,1,6,2) rare (6-20)
2622,0.40657982,0.59342015,0,27,3) common (21-100)
2623,0.14420113,0.85579884,0,1,1) very rare (1-5)
2624,0.35633558,0.6436644,0,700,4) very common (100+)
2625,0.9315067,0.06849331,0,12,2) rare (6-20)
2626,0.9337103,0.06628972,0,1000,4) very common (100+)
2627,0.6028108,0.3971892,0,5,1) very rare (1-5)
2628,0.949459,0.050540984,0,421,4) very common (100+)
2629,0.45805117,0.5419488,0,700,4) very common (100+)
2630,0.55104005,0.44895995,1,0,1) very rare (1-5)
2631,0.86707604,0.13292396,0,1290,4) very common (100+)
2632,0.08293999,0.91706,1,1,1) very rare (1-5)
2633,0.6240213,0.3759787,1,12,2) rare (6-20)
2634,0.9917462,0.008253813,0,16,2) rare (6-20)
2635,0.2654832,0.7345168,1,0,1) very rare (1-5)
2636,0.99908674,0.00091326237,0,211,4) very common (100+)
2637,0.23449118,0.76550883,1,0,1) very rare (1-5)
2638,0.19513743,0.80486256,1,4,1) very rare (1-5)
2639,0.8899998,0.11000019,0,12,2) rare (6-20)
2640,0.9269574,0.07304257,0,10,2) rare (6-20)
2641,0.36244878,0.6375512,1,0,1) very rare (1-5)
2642,0.1621502,0.8378498,0,24,3) common (21-100)
2643,0.77687854,0.22312146,0,1,1) very rare (1-5)
2644,0.5062755,0.49372452,1,13,2) rare (6-20)
2645,0.39834043,0.60165954,0,1,1) very rare (1-5)
2646,0.99675804,0.0032419562,0,89,3) common (21-100)
2647,0.056071393,0.9439286,1,0,1) very rare (1-5)
2648,0.86962426,0.13037574,0,3,1) very rare (1-5)
2649,0.94347,0.05653,0,53,3) common (21-100)
2650,0.96116036,0.03883964,0,1290,4) very common (100+)
2651,0.874444,0.12555599,1,8,2) rare (6-20)
2652,0.99420124,0.005798757,0,211,4) very common (100+)
2653,0.7938584,0.20614159,1,146,4) very common (100+)
2654,0.16027588,0.8397241,1,421,4) very common (100+)
2655,0.08498163,0.9150184,1,14,2) rare (6-20)
2656,0.39314604,0.60685396,1,118,4) very common (100+)
2657,0.5786531,0.4213469,1,23,3) common (21-100)
2658,0.43281847,0.5671815,1,3,1) very rare (1-5)
2659,0.95266783,0.047332168,0,23,3) common (21-100)
2660,0.51959705,0.48040295,1,6,2) rare (6-20)
2661,0.13868614,0.8613139,0,5,1) very rare (1-5)
2662,0.9346393,0.065360725,1,0,1) very rare (1-5)
2663,0.35664618,0.6433538,1,134,4) very common (100+)
2664,0.3892825,0.61071754,0,26,3) common (21-100)
2665,0.86910313,0.13089687,1,6,2) rare (6-20)
2666,0.6610362,0.3389638,0,70,3) common (21-100)
2667,0.37527546,0.6247245,1,0,1) very rare (1-5)
2668,0.39466777,0.60533226,0,8,2) rare (6-20)
2669,0.8576681,0.1423319,0,1290,4) very common (100+)
2670,0.03860255,0.96139747,1,26,3) common (21-100)
2671,0.70337975,0.29662025,1,100,3) common (21-100)
2672,0.103279725,0.8967203,1,1,1) very rare (1-5)
2673,0.52753663,0.47246337,0,17,2) rare (6-20)
2674,0.89709854,0.10290146,0,32,3) common (21-100)
2675,0.075532936,0.9244671,1,33,3) common (21-100)
2676,0.81966704,0.18033296,1,30,3) common (21-100)
2677,0.3091467,0.6908533,1,0,1) very rare (1-5)
2678,0.58541316,0.41458684,0,1,1) very rare (1-5)
2679,0.34451696,0.655483,1,0,1) very rare (1-5)
2680,0.1907009,0.8092991,0,21,3) common (21-100)
2681,0.39392516,0.6060748,1,3,1) very rare (1-5)
2682,0.6876168,0.31238317,0,0,1) very rare (1-5)
2683,0.762543,0.23745698,0,7,2) rare (6-20)
2684,0.72197485,0.27802515,0,1070,4) very common (100+)
2685,0.91337085,0.08662915,0,3,1) very rare (1-5)
2686,0.7435733,0.2564267,0,39,3) common (21-100)
2687,0.37920535,0.62079465,0,6,2) rare (6-20)
2688,0.19125944,0.80874056,1,107,4) very common (100+)
2689,0.074120685,0.9258793,1,5,1) very rare (1-5)
2690,0.91292495,0.087075055,0,1290,4) very common (100+)
2691,0.41305643,0.58694357,1,78,3) common (21-100)
2692,0.73150367,0.26849633,1,1,1) very rare (1-5)
2693,0.47683233,0.52316767,1,274,4) very common (100+)
2694,0.74527526,0.25472474,1,3,1) very rare (1-5)
2695,0.1774718,0.8225282,0,7,2) rare (6-20)
2696,0.60710895,0.39289105,0,105,4) very common (100+)
2697,0.27610007,0.72389996,0,0,1) very rare (1-5)
2698,0.57403433,0.42596567,1,1,1) very rare (1-5)
2699,0.24435809,0.75564194,0,92,3) common (21-100)
2700,0.86621267,0.13378733,0,700,4) very common (100+)
2701,0.4210404,0.5789596,1,10,2) rare (6-20)
2702,0.27017733,0.72982264,1,0,1) very rare (1-5)
2703,0.72635674,0.27364326,1,124,4) very common (100+)
2704,0.98890543,0.01109457,0,700,4) very common (100+)
2705,0.5015117,0.4984883,0,69,3) common (21-100)
2706,0.16247495,0.83752507,1,9,2) rare (6-20)
2707,0.9250592,0.0749408,0,89,3) common (21-100)
2708,0.5154125,0.4845875,0,178,4) very common (100+)
2709,0.6801653,0.3198347,1,100,3) common (21-100)
2710,0.6773095,0.3226905,0,1290,4) very common (100+)
2711,0.97512656,0.024873435,0,1000,4) very common (100+)
2712,0.9560444,0.043955624,0,19,2) rare (6-20)
2713,0.15669262,0.8433074,1,275,4) very common (100+)
2714,0.15964451,0.8403555,1,0,1) very rare (1-5)
2715,0.9357181,0.06428188,0,105,4) very common (100+)
2716,0.52667505,0.47332495,1,0,1) very rare (1-5)
2717,0.16691652,0.8330835,1,15,2) rare (6-20)
2718,0.69131196,0.30868804,0,85,3) common (21-100)
2719,0.28082275,0.71917725,1,111,4) very common (100+)
2720,0.33517706,0.66482294,1,107,4) very common (100+)
2721,0.33480614,0.66519386,1,0,1) very rare (1-5)
2722,0.96253586,0.03746414,0,99,3) common (21-100)
2723,0.568985,0.431015,1,0,1) very rare (1-5)
2724,0.7042953,0.29570472,0,1290,4) very common (100+)
2725,0.8478976,0.15210241,0,1000,4) very common (100+)
2726,0.8167043,0.18329573,0,700,4) very common (100+)
2727,0.20106725,0.79893273,1,0,1) very rare (1-5)
2728,0.46867502,0.531325,0,7,2) rare (6-20)
2729,0.67824465,0.32175535,0,50,3) common (21-100)
2730,0.17565599,0.82434404,0,1,1) very rare (1-5)
2731,0.39831784,0.6016822,1,91,3) common (21-100)
2732,0.9815497,0.01845032,0,49,3) common (21-100)
2733,0.7526111,0.2473889,1,26,3) common (21-100)
2734,0.9594065,0.040593505,1,14,2) rare (6-20)
2735,0.20169151,0.7983085,0,1,1) very rare (1-5)
2736,0.25652972,0.7434703,0,0,1) very rare (1-5)
2737,0.47179052,0.52820945,0,20,2) rare (6-20)
2738,0.27857223,0.7214278,0,1,1) very rare (1-5)
2739,0.6921792,0.3078208,0,7,2) rare (6-20)
2740,0.033187356,0.9668127,1,13,2) rare (6-20)
2741,0.33420187,0.6657981,1,4,1) very rare (1-5)
2742,0.47915637,0.5208436,1,107,4) very common (100+)
2743,0.1472155,0.8527845,1,14,2) rare (6-20)
2744,0.075696826,0.9243032,1,4,1) very rare (1-5)
2745,0.86437947,0.13562053,1,15,2) rare (6-20)
2746,0.6414527,0.35854727,1,16,2) rare (6-20)
2747,0.8176251,0.1823749,0,11,2) rare (6-20)
2748,0.31450874,0.68549126,1,17,2) rare (6-20)
2749,0.9780994,0.021900594,1,0,1) very rare (1-5)
2750,0.9575997,0.0424003,0,421,4) very common (100+)
2751,0.021319102,0.9786809,1,1,1) very rare (1-5)
2752,0.9860605,0.0139395,0,1000,4) very common (100+)
2753,0.39460367,0.60539633,0,1070,4) very common (100+)
2754,0.9274079,0.07259208,1,1,1) very rare (1-5)
2755,0.42509896,0.57490104,1,3,1) very rare (1-5)
2756,0.021741383,0.9782586,1,35,3) common (21-100)
2757,0.96523786,0.034762144,0,90,3) common (21-100)
2758,0.9573005,0.042699516,0,7,2) rare (6-20)
2759,0.7336629,0.2663371,1,0,1) very rare (1-5)
2760,0.110150635,0.88984936,1,106,4) very common (100+)
2761,0.10366225,0.89633775,1,0,1) very rare (1-5)
2762,0.14666167,0.85333836,1,8,2) rare (6-20)
2763,0.292348,0.707652,1,1070,4) very common (100+)
2764,0.15278389,0.8472161,0,28,3) common (21-100)
2765,0.18988618,0.8101138,1,3,1) very rare (1-5)
2766,0.90159553,0.09840447,0,134,4) very common (100+)
2767,0.31529057,0.6847094,0,275,4) very common (100+)
2768,0.7575889,0.24241108,1,72,3) common (21-100)
2769,0.16811284,0.8318871,1,343,4) very common (100+)
2770,0.0569066,0.9430934,1,0,1) very rare (1-5)
2771,0.8710902,0.12890983,1,1,1) very rare (1-5)
2772,0.69801146,0.30198854,1,15,2) rare (6-20)
2773,0.22866733,0.7713327,1,56,3) common (21-100)
2774,0.048317526,0.95168245,1,0,1) very rare (1-5)
2775,0.5471398,0.45286018,0,32,3) common (21-100)
2776,0.80841494,0.19158506,0,0,1) very rare (1-5)
2777,0.2196959,0.7803041,0,12,2) rare (6-20)
2778,0.58494544,0.41505456,0,118,4) very common (100+)
2779,0.6414709,0.3585291,0,47,3) common (21-100)
2780,0.87194693,0.12805307,0,35,3) common (21-100)
2781,0.20564198,0.794358,0,58,3) common (21-100)
2782,0.2162604,0.78373957,0,28,3) common (21-100)
2783,0.07071701,0.929283,1,1,1) very rare (1-5)
2784,0.7423696,0.2576304,0,372,4) very common (100+)
2785,0.13666163,0.86333835,1,1,1) very rare (1-5)
2786,0.48936924,0.5106307,1,79,3) common (21-100)
2787,0.30449104,0.69550896,0,223,4) very common (100+)
2788,0.2886633,0.71133673,0,0,1) very rare (1-5)
2789,0.5716999,0.42830008,0,43,3) common (21-100)
2790,0.49752098,0.502479,1,4,1) very rare (1-5)
2791,0.12521979,0.8747802,1,0,1) very rare (1-5)
2792,0.7275534,0.27244657,1,1000,4) very common (100+)
2793,0.17413414,0.82586586,1,0,1) very rare (1-5)
2794,0.9403716,0.059628427,0,372,4) very common (100+)
2795,0.15213834,0.84786165,0,1,1) very rare (1-5)
2796,0.6783451,0.32165492,1,4,1) very rare (1-5)
2797,0.19873457,0.8012654,1,108,4) very common (100+)
2798,0.78989995,0.21010005,1,2,1) very rare (1-5)
2799,0.99200517,0.007994831,1,66,3) common (21-100)
2800,0.22153659,0.7784634,1,14,2) rare (6-20)
2801,0.7248941,0.2751059,0,42,3) common (21-100)
2802,0.43481264,0.56518734,0,4,1) very rare (1-5)
2803,0.6670418,0.33295822,0,1070,4) very common (100+)
2804,0.3261894,0.6738106,1,79,3) common (21-100)
2805,0.31211656,0.68788344,1,0,1) very rare (1-5)
2806,0.9394207,0.0605793,1,1070,4) very common (100+)
2807,0.048282612,0.9517174,0,36,3) common (21-100)
2808,0.40540326,0.59459674,0,178,4) very common (100+)
2809,0.4868178,0.51318216,0,1,1) very rare (1-5)
2810,0.4682312,0.5317688,1,52,3) common (21-100)
2811,0.16707315,0.83292687,1,2,1) very rare (1-5)
2812,0.6545802,0.34541982,0,274,4) very common (100+)
2813,0.7007758,0.2992242,0,1070,4) very common (100+)
2814,0.24947362,0.75052637,1,3,1) very rare (1-5)
2815,0.09525623,0.9047438,1,0,1) very rare (1-5)
2816,0.98568684,0.014313161,0,182,4) very common (100+)
2817,0.9631486,0.036851406,0,223,4) very common (100+)
2818,0.1832172,0.81678283,1,0,1) very rare (1-5)
2819,0.42113498,0.57886505,1,6,2) rare (6-20)
2820,0.8261516,0.17384839,0,134,4) very common (100+)
2821,0.7693321,0.23066789,0,5,1) very rare (1-5)
2822,0.105064355,0.89493567,1,0,1) very rare (1-5)
2823,0.56950206,0.43049794,1,11,2) rare (6-20)
2824,0.72419083,0.27580917,0,21,3) common (21-100)
2825,0.38051584,0.6194842,0,23,3) common (21-100)
2826,0.48591697,0.514083,0,4,1) very rare (1-5)
2827,0.23597428,0.7640257,0,1,1) very rare (1-5)
2828,0.3899271,0.6100729,1,0,1) very rare (1-5)
2829,0.64370656,0.35629344,1,86,3) common (21-100)
2830,0.5339518,0.46604818,0,223,4) very common (100+)
2831,0.26502305,0.73497695,0,7,2) rare (6-20)
2832,0.76304203,0.23695797,0,1000,4) very common (100+)
2833,0.4958961,0.5041039,0,68,3) common (21-100)
2834,0.26424658,0.7357534,1,1,1) very rare (1-5)
2835,0.98410183,0.015898168,0,10,2) rare (6-20)
2836,0.60127336,0.39872664,0,343,4) very common (100+)
2837,0.10747811,0.89252186,1,0,1) very rare (1-5)
2838,0.059491117,0.9405089,1,3,1) very rare (1-5)
2839,0.8048282,0.19517177,0,700,4) very common (100+)
2840,0.6504819,0.34951812,0,1070,4) very common (100+)
2841,0.32775274,0.6722473,1,111,4) very common (100+)
2842,0.8640485,0.13595152,1,178,4) very common (100+)
2843,0.5426159,0.4573841,0,49,3) common (21-100)
2844,0.6941706,0.3058294,1,21,3) common (21-100)
2845,0.9841978,0.015802205,0,16,2) rare (6-20)
2846,0.07085123,0.9291488,1,7,2) rare (6-20)
2847,0.04924728,0.95075274,1,19,2) rare (6-20)
2848,0.7129901,0.2870099,0,274,4) very common (100+)
2849,0.66074604,0.33925396,0,99,3) common (21-100)
2850,0.5071684,0.4928316,0,1070,4) very common (100+)
2851,0.56970876,0.43029124,0,1,1) very rare (1-5)
2852,0.5723165,0.42768347,0,1,1) very rare (1-5)
2853,0.82546026,0.17453974,0,36,3) common (21-100)
2854,0.52357304,0.47642696,1,32,3) common (21-100)
2855,0.4731422,0.5268578,1,6,2) rare (6-20)
2856,0.8277091,0.17229092,1,47,3) common (21-100)
2857,0.7019042,0.29809582,0,3,1) very rare (1-5)
2858,0.97731996,0.022680044,0,78,3) common (21-100)
2859,0.18457206,0.81542796,0,3,1) very rare (1-5)
2860,0.94166183,0.058338165,0,24,3) common (21-100)
2861,0.041047238,0.9589528,1,4,1) very rare (1-5)
2862,0.635603,0.364397,0,99,3) common (21-100)
2863,0.59563047,0.40436953,0,1070,4) very common (100+)
2864,0.9565751,0.043424904,0,39,3) common (21-100)
2865,0.60733914,0.39266086,0,9,2) rare (6-20)
2866,0.561703,0.43829697,0,38,3) common (21-100)
2867,0.24638532,0.75361466,0,3,1) very rare (1-5)
2868,0.72455645,0.27544355,0,3,1) very rare (1-5)
2869,0.07287926,0.92712075,1,700,4) very common (100+)
2870,0.36194438,0.6380556,1,178,4) very common (100+)
2871,0.5330109,0.4669891,0,343,4) very common (100+)
2872,0.48595947,0.5140405,1,1000,4) very common (100+)
2873,0.36055028,0.6394497,1,159,4) very common (100+)
2874,0.5460226,0.4539774,0,5,1) very rare (1-5)
2875,0.74210757,0.25789243,0,23,3) common (21-100)
2876,0.26645815,0.73354185,0,18,2) rare (6-20)
2877,0.2456316,0.7543684,1,6,2) rare (6-20)
2878,0.9325691,0.06743091,0,69,3) common (21-100)
2879,0.8470148,0.15298522,0,60,3) common (21-100)
2880,0.12913956,0.87086046,1,1,1) very rare (1-5)
2881,0.8492496,0.1507504,1,0,1) very rare (1-5)
2882,0.5666118,0.43338817,0,69,3) common (21-100)
2883,0.22090599,0.779094,1,38,3) common (21-100)
2884,0.2593819,0.7406181,1,2,1) very rare (1-5)
2885,0.025610177,0.97438985,0,0,1) very rare (1-5)
2886,0.25675267,0.74324733,1,1,1) very rare (1-5)
2887,0.50264716,0.49735284,1,66,3) common (21-100)
2888,0.8781023,0.1218977,0,1,1) very rare (1-5)
2889,0.54006976,0.45993024,1,7,2) rare (6-20)
2890,0.15210286,0.8478972,1,6,2) rare (6-20)
2891,0.93134165,0.06865835,0,23,3) common (21-100)
2892,0.88270986,0.11729014,1,421,4) very common (100+)
2893,0.9640108,0.035989225,0,1000,4) very common (100+)
2894,0.93952143,0.060478568,0,4,1) very rare (1-5)
2895,0.2546504,0.7453496,1,0,1) very rare (1-5)
2896,0.7918228,0.20817721,1,1,1) very rare (1-5)
2897,0.19469427,0.8053057,1,0,1) very rare (1-5)
2898,0.9865079,0.013492107,0,142,4) very common (100+)
2899,0.7872141,0.2127859,0,1290,4) very common (100+)
2900,0.697142,0.302858,1,28,3) common (21-100)
2901,0.86912423,0.13087577,0,1000,4) very common (100+)
2902,0.3572585,0.6427415,0,8,2) rare (6-20)
2903,0.075187184,0.9248128,1,58,3) common (21-100)
2904,0.6461655,0.3538345,1,1,1) very rare (1-5)
2905,0.6834556,0.3165444,0,121,4) very common (100+)
2906,0.1057944,0.8942056,0,63,3) common (21-100)
2907,0.90751404,0.092485964,0,4,1) very rare (1-5)
2908,0.46293324,0.53706676,0,1070,4) very common (100+)
2909,0.45432118,0.54567885,0,14,2) rare (6-20)
2910,0.28063455,0.7193655,1,1,1) very rare (1-5)
2911,0.5884698,0.4115302,0,3,1) very rare (1-5)
2912,0.8812773,0.11872268,1,28,3) common (21-100)
2913,0.1769262,0.8230738,0,7,2) rare (6-20)
2914,0.28273678,0.7172632,1,0,1) very rare (1-5)
2915,0.5175373,0.4824627,0,6,2) rare (6-20)
2916,0.45668215,0.54331785,1,3,1) very rare (1-5)
2917,0.4390929,0.5609071,1,700,4) very common (100+)
2918,0.21791358,0.78208643,0,0,1) very rare (1-5)
2919,0.8744231,0.12557691,0,55,3) common (21-100)
2920,0.72779584,0.27220416,0,3,1) very rare (1-5)
2921,0.21033582,0.78966415,1,2,1) very rare (1-5)
2922,0.2980656,0.7019344,1,2,1) very rare (1-5)
2923,0.8802515,0.11974847,0,79,3) common (21-100)
2924,0.9553501,0.0446499,0,1000,4) very common (100+)
2925,0.53971267,0.46028733,0,268,4) very common (100+)
2926,0.9656555,0.034344494,0,123,4) very common (100+)
2927,0.009729786,0.9902702,1,0,1) very rare (1-5)
2928,0.35047808,0.64952195,1,14,2) rare (6-20)
2929,0.47015822,0.5298418,0,23,3) common (21-100)
2930,0.76146364,0.23853636,0,1290,4) very common (100+)
2931,0.89117444,0.108825564,1,7,2) rare (6-20)
2932,0.36462596,0.63537407,1,1,1) very rare (1-5)
2933,0.37825665,0.6217433,1,6,2) rare (6-20)
2934,0.652993,0.34700698,1,1070,4) very common (100+)
2935,0.65115905,0.34884095,1,2,1) very rare (1-5)
2936,0.9467495,0.05325049,1,3,1) very rare (1-5)
2937,0.40789944,0.59210056,1,1,1) very rare (1-5)
2938,0.1940312,0.8059688,1,66,3) common (21-100)
2939,0.04824581,0.9517542,1,0,1) very rare (1-5)
2940,0.30426735,0.69573265,0,3,1) very rare (1-5)
2941,0.55041593,0.44958407,1,1070,4) very common (100+)
2942,0.82429177,0.17570823,1,3,1) very rare (1-5)
2943,0.116575554,0.88342446,1,0,1) very rare (1-5)
2944,0.09845021,0.9015498,1,1,1) very rare (1-5)
2945,0.15510346,0.84489655,0,34,3) common (21-100)
2946,0.5306686,0.46933138,1,6,2) rare (6-20)
2947,0.50540185,0.49459815,0,123,4) very common (100+)
2948,0.9645756,0.03542441,0,118,4) very common (100+)
2949,0.078827105,0.9211729,1,47,3) common (21-100)
2950,0.9504317,0.049568295,0,23,3) common (21-100)
2951,0.18072502,0.81927496,0,5,1) very rare (1-5)
2952,0.07499534,0.92500466,1,0,1) very rare (1-5)
2953,0.09606926,0.9039307,1,1,1) very rare (1-5)
2954,0.09388604,0.906114,1,0,1) very rare (1-5)
2955,0.88583404,0.11416596,1,96,3) common (21-100)
2956,0.2822615,0.7177385,1,0,1) very rare (1-5)
2957,0.43673187,0.5632681,0,421,4) very common (100+)
2958,0.856507,0.143493,0,178,4) very common (100+)
2959,0.13615018,0.8638498,1,4,1) very rare (1-5)
2960,0.49521562,0.50478435,0,1000,4) very common (100+)
2961,0.311325,0.688675,0,41,3) common (21-100)
2962,0.029990723,0.97000927,1,0,1) very rare (1-5)
2963,0.5696327,0.4303673,0,63,3) common (21-100)
2964,0.11667528,0.88332474,0,33,3) common (21-100)
2965,0.9872923,0.01270771,0,1000,4) very common (100+)
2966,0.49436066,0.5056393,1,8,2) rare (6-20)
2967,0.71022165,0.28977835,0,1290,4) very common (100+)
2968,0.77203125,0.22796875,1,7,2) rare (6-20)
2969,0.5649825,0.43501753,0,42,3) common (21-100)
2970,0.75161034,0.24838966,0,91,3) common (21-100)
2971,0.7717499,0.22825009,0,96,3) common (21-100)
2972,0.41058663,0.5894134,0,66,3) common (21-100)
2973,0.33077446,0.6692256,1,3,1) very rare (1-5)
2974,0.10317785,0.89682215,1,17,2) rare (6-20)
2975,0.5749517,0.4250483,0,0,1) very rare (1-5)
2976,0.17065997,0.82934004,0,0,1) very rare (1-5)
2977,0.33919474,0.6608052,0,0,1) very rare (1-5)
2978,0.9336767,0.06632328,0,700,4) very common (100+)
2979,0.6720597,0.3279403,0,79,3) common (21-100)
2980,0.23629977,0.76370025,0,5,1) very rare (1-5)
2981,0.6115576,0.3884424,1,118,4) very common (100+)
2982,0.89048004,0.10951996,0,11,2) rare (6-20)
2983,0.16264734,0.83735263,1,2,1) very rare (1-5)
2984,0.92023176,0.07976824,0,6,2) rare (6-20)
2985,0.08918057,0.9108194,0,7,2) rare (6-20)
2986,0.49672404,0.503276,1,16,2) rare (6-20)
2987,0.69188875,0.30811125,0,134,4) very common (100+)
2988,0.5813175,0.41868252,0,159,4) very common (100+)
2989,0.73005533,0.26994467,1,19,2) rare (6-20)
2990,0.94171566,0.058284342,0,89,3) common (21-100)
2991,0.99284667,0.0071533322,0,211,4) very common (100+)
2992,0.09685825,0.90314174,1,0,1) very rare (1-5)
2993,0.48773122,0.5122688,1,1070,4) very common (100+)
2994,0.8783409,0.1216591,1,0,1) very rare (1-5)
2995,0.744841,0.25515902,1,63,3) common (21-100)
2996,0.18237263,0.8176274,0,53,3) common (21-100)
2997,0.6806749,0.3193251,0,21,3) common (21-100)
2998,0.15530911,0.8446909,0,38,3) common (21-100)
2999,0.6767785,0.3232215,0,223,4) very common (100+)
3000,0.51031405,0.48968595,1,1070,4) very common (100+)
3001,0.7435506,0.2564494,1,4,1) very rare (1-5)
3002,0.57022196,0.42977804,0,23,3) common (21-100)
3003,0.9198149,0.080185115,0,1070,4) very common (100+)
3004,0.856851,0.14314902,1,1070,4) very common (100+)
3005,0.4386949,0.5613051,1,261,4) very common (100+)
3006,0.021139778,0.9788602,1,0,1) very rare (1-5)
3007,0.25020093,0.7497991,1,1,1) very rare (1-5)
3008,0.2655469,0.7344531,1,0,1) very rare (1-5)
3009,0.22201353,0.77798647,0,0,1) very rare (1-5)
3010,0.4870812,0.51291883,1,124,4) very common (100+)
3011,0.07304073,0.9269593,1,11,2) rare (6-20)
3012,0.3256822,0.67431784,1,0,1) very rare (1-5)
3013,0.22073026,0.77926975,1,21,3) common (21-100)
3014,0.14564778,0.85435224,1,0,1) very rare (1-5)
3015,0.06990031,0.93009967,0,0,1) very rare (1-5)
3016,0.98432446,0.015675545,0,142,4) very common (100+)
3017,0.167414,0.832586,1,261,4) very common (100+)
3018,0.35098284,0.64901716,1,3,1) very rare (1-5)
3019,0.034944933,0.96505505,1,0,1) very rare (1-5)
3020,0.060683344,0.93931663,0,88,3) common (21-100)
3021,0.25477123,0.74522877,0,3,1) very rare (1-5)
3022,0.96777457,0.03222543,0,421,4) very common (100+)
3023,0.064680554,0.9353194,0,17,2) rare (6-20)
3024,0.639926,0.36007398,1,19,2) rare (6-20)
3025,0.25512078,0.74487925,1,0,1) very rare (1-5)
3026,0.15597111,0.8440289,1,39,3) common (21-100)
3027,0.6485389,0.3514611,0,700,4) very common (100+)
3028,0.8446803,0.15531969,0,421,4) very common (100+)
3029,0.30688086,0.69311917,0,5,1) very rare (1-5)
3030,0.36357853,0.63642144,0,3,1) very rare (1-5)
3031,0.08853949,0.9114605,0,1,1) very rare (1-5)
3032,0.32738987,0.67261016,0,8,2) rare (6-20)
3033,0.4796909,0.5203091,0,9,2) rare (6-20)
3034,0.3757367,0.6242633,0,268,4) very common (100+)
3035,0.27793455,0.72206545,0,6,2) rare (6-20)
3036,0.8093512,0.1906488,0,3,1) very rare (1-5)
3037,0.028406061,0.9715939,1,1,1) very rare (1-5)
3038,0.7727298,0.22727019,1,343,4) very common (100+)
3039,0.99294007,0.0070599318,0,211,4) very common (100+)
3040,0.041634064,0.9583659,0,5,1) very rare (1-5)
3041,0.95495,0.045050025,0,700,4) very common (100+)
3042,0.6339035,0.3660965,1,66,3) common (21-100)
3043,0.28745556,0.71254444,0,5,1) very rare (1-5)
3044,0.63080406,0.36919594,0,145,4) very common (100+)
3045,0.45409453,0.5459055,1,1000,4) very common (100+)
3046,0.7546097,0.2453903,1,0,1) very rare (1-5)
3047,0.38730457,0.61269546,0,3,1) very rare (1-5)
3048,0.6772535,0.32274652,0,9,2) rare (6-20)
3049,0.43833482,0.5616652,0,2,1) very rare (1-5)
3050,0.15105085,0.84894913,0,0,1) very rare (1-5)
3051,0.9622764,0.0377236,0,1290,4) very common (100+)
3052,0.01514583,0.98485416,0,62,3) common (21-100)
3053,0.54404676,0.45595324,0,14,2) rare (6-20)
3054,0.7485507,0.2514493,1,11,2) rare (6-20)
3055,0.26927748,0.73072255,0,2,1) very rare (1-5)
3056,0.28856552,0.7114345,1,89,3) common (21-100)
3057,0.39087054,0.6091294,1,1,1) very rare (1-5)
3058,0.87861913,0.121380866,1,31,3) common (21-100)
3059,0.63831675,0.36168325,0,27,3) common (21-100)
3060,0.30147833,0.6985217,1,10,2) rare (6-20)
3061,0.68695587,0.31304413,1,24,3) common (21-100)
3062,0.42901045,0.57098955,1,10,2) rare (6-20)
3063,0.4942761,0.5057239,0,274,4) very common (100+)
3064,0.5586708,0.44132918,0,15,2) rare (6-20)
3065,0.2824786,0.7175214,1,1,1) very rare (1-5)
3066,0.23785937,0.76214063,1,4,1) very rare (1-5)
3067,0.60336286,0.39663714,0,3,1) very rare (1-5)
3068,0.11307179,0.8869282,1,1,1) very rare (1-5)
3069,0.6318267,0.3681733,0,700,4) very common (100+)
3070,0.55639225,0.44360775,1,1290,4) very common (100+)
3071,0.012116589,0.9878834,1,1290,4) very common (100+)
3072,0.09477596,0.905224,1,0,1) very rare (1-5)
3073,0.18004738,0.8199526,1,107,4) very common (100+)
3074,0.10973592,0.8902641,1,1,1) very rare (1-5)
3075,0.23966065,0.7603394,1,160,4) very common (100+)
3076,0.6330827,0.3669173,0,2,1) very rare (1-5)
3077,0.87842524,0.12157476,1,3,1) very rare (1-5)
3078,0.099640936,0.90035903,1,36,3) common (21-100)
3079,0.3936237,0.6063763,1,0,1) very rare (1-5)
3080,0.7920317,0.2079683,0,1000,4) very common (100+)
3081,0.4246562,0.5753438,0,20,2) rare (6-20)
3082,0.45615906,0.54384094,1,0,1) very rare (1-5)
3083,0.25892177,0.74107826,0,1,1) very rare (1-5)
3084,0.97199047,0.028009534,0,1000,4) very common (100+)
3085,0.29860616,0.70139384,1,3,1) very rare (1-5)
3086,0.31829447,0.68170553,0,28,3) common (21-100)
3087,0.20520048,0.7947995,1,261,4) very common (100+)
3088,0.8635401,0.13645989,0,1,1) very rare (1-5)
3089,0.62842023,0.37157977,1,60,3) common (21-100)
3090,0.9784275,0.02157247,0,372,4) very common (100+)
3091,0.047948882,0.9520511,1,66,3) common (21-100)
3092,0.79782045,0.20217955,1,107,4) very common (100+)
3093,0.7215273,0.27847272,0,1290,4) very common (100+)
3094,0.56040823,0.43959177,1,32,3) common (21-100)
3095,0.2907739,0.70922613,1,10,2) rare (6-20)
3096,0.70775515,0.29224485,0,1000,4) very common (100+)
3097,0.21520479,0.7847952,1,102,4) very common (100+)
3098,0.45303,0.54697,0,14,2) rare (6-20)
3099,0.21798168,0.7820183,1,0,1) very rare (1-5)
3100,0.28075758,0.71924245,1,58,3) common (21-100)
3101,0.30906004,0.69093996,0,2,1) very rare (1-5)
3102,0.5021377,0.49786228,0,3,1) very rare (1-5)
3103,0.05290953,0.94709045,1,71,3) common (21-100)
3104,0.8433213,0.15667868,1,102,4) very common (100+)
3105,0.1985121,0.8014879,1,1,1) very rare (1-5)
3106,0.4082945,0.5917055,0,7,2) rare (6-20)
3107,0.23034316,0.76965684,0,15,2) rare (6-20)
3108,0.3127845,0.6872155,1,118,4) very common (100+)
3109,0.14662167,0.8533783,1,0,1) very rare (1-5)
3110,0.66169846,0.33830154,1,118,4) very common (100+)
3111,0.3730896,0.6269104,0,1070,4) very common (100+)
3112,0.4892041,0.5107959,0,223,4) very common (100+)
3113,0.3810903,0.6189097,1,372,4) very common (100+)
3114,0.0236257,0.9763743,1,3,1) very rare (1-5)
3115,0.58193743,0.41806257,0,63,3) common (21-100)
3116,0.58536303,0.41463697,1,15,2) rare (6-20)
3117,0.400175,0.599825,1,4,1) very rare (1-5)
3118,0.4144318,0.5855682,1,0,1) very rare (1-5)
3119,0.630698,0.36930197,1,20,2) rare (6-20)
3120,0.69285196,0.30714804,1,18,2) rare (6-20)
3121,0.043623656,0.9563763,1,8,2) rare (6-20)
3122,0.71457136,0.28542864,1,8,2) rare (6-20)
3123,0.19877434,0.80122566,1,70,3) common (21-100)
3124,0.28670043,0.7132996,1,21,3) common (21-100)
3125,0.24235767,0.7576423,0,4,1) very rare (1-5)
3126,0.20087983,0.7991202,1,6,2) rare (6-20)
3127,0.9662967,0.033703327,0,274,4) very common (100+)
3128,0.4581682,0.5418318,1,0,1) very rare (1-5)
3129,0.29898268,0.7010173,1,5,1) very rare (1-5)
3130,0.09621282,0.9037872,1,0,1) very rare (1-5)
3131,0.6324938,0.3675062,0,3,1) very rare (1-5)
3132,0.27029184,0.7297082,0,24,3) common (21-100)
3133,0.032917492,0.9670825,1,1,1) very rare (1-5)
3134,0.2548897,0.7451103,1,0,1) very rare (1-5)
3135,0.41680068,0.5831993,0,1000,4) very common (100+)
3136,0.06817397,0.93182606,1,0,1) very rare (1-5)
3137,0.88399845,0.11600155,0,1000,4) very common (100+)
3138,0.67446655,0.32553345,0,3,1) very rare (1-5)
3139,0.5329362,0.46706378,1,223,4) very common (100+)
3140,0.040116042,0.9598839,1,0,1) very rare (1-5)
3141,0.13615885,0.8638412,1,0,1) very rare (1-5)
3142,0.2790929,0.7209071,0,12,2) rare (6-20)
3143,0.6964316,0.30356842,0,1000,4) very common (100+)
3144,0.1287103,0.87128973,0,14,2) rare (6-20)
3145,0.052421525,0.9475785,0,3,1) very rare (1-5)
3146,0.96625584,0.033744156,0,89,3) common (21-100)
3147,0.7287668,0.2712332,0,47,3) common (21-100)
3148,0.76520026,0.23479974,1,2,1) very rare (1-5)
3149,0.54820114,0.45179886,0,1000,4) very common (100+)
3150,0.90306413,0.09693587,0,14,2) rare (6-20)
3151,0.72656685,0.27343315,0,102,4) very common (100+)
3152,0.08630708,0.91369295,1,0,1) very rare (1-5)
3153,0.30091894,0.69908106,1,0,1) very rare (1-5)
3154,0.65104294,0.34895706,0,700,4) very common (100+)
3155,0.604232,0.395768,1,89,3) common (21-100)
3156,0.21957801,0.780422,0,1,1) very rare (1-5)
3157,0.57261014,0.42738986,0,1070,4) very common (100+)
3158,0.068584524,0.9314155,1,14,2) rare (6-20)
3159,0.08396972,0.9160303,0,76,3) common (21-100)
3160,0.8557066,0.14429343,0,1,1) very rare (1-5)
3161,0.17809029,0.8219097,1,0,1) very rare (1-5)
3162,0.9756849,0.024315119,0,99,3) common (21-100)
3163,0.22423941,0.7757606,1,7,2) rare (6-20)
3164,0.046548516,0.9534515,1,1,1) very rare (1-5)
3165,0.50760543,0.49239457,1,3,1) very rare (1-5)
3166,0.037774578,0.96222544,1,1,1) very rare (1-5)
3167,0.12540802,0.87459195,1,3,1) very rare (1-5)
3168,0.9784555,0.021544516,0,1000,4) very common (100+)
3169,0.46430132,0.53569865,0,41,3) common (21-100)
3170,0.7771827,0.2228173,0,20,2) rare (6-20)
3171,0.37568897,0.62431103,1,31,3) common (21-100)
3172,0.0736087,0.9263913,1,0,1) very rare (1-5)
3173,0.16461362,0.8353864,1,23,3) common (21-100)
3174,0.6236395,0.37636048,0,1000,4) very common (100+)
3175,0.33803073,0.6619693,1,0,1) very rare (1-5)
3176,0.92835885,0.07164115,0,27,3) common (21-100)
3177,0.9615042,0.03849578,0,91,3) common (21-100)
3178,0.10533676,0.8946632,1,58,3) common (21-100)
3179,0.379244,0.62075603,1,33,3) common (21-100)
3180,0.3344003,0.6655997,0,102,4) very common (100+)
3181,0.19429849,0.8057015,1,36,3) common (21-100)
3182,0.92893714,0.07106286,0,39,3) common (21-100)
3183,0.84696496,0.15303504,0,2,1) very rare (1-5)
3184,0.6144322,0.38556778,0,76,3) common (21-100)
3185,0.10938624,0.89061373,1,0,1) very rare (1-5)
3186,0.22609423,0.77390575,1,7,2) rare (6-20)
3187,0.06632359,0.9336764,1,0,1) very rare (1-5)
3188,0.03717017,0.9628298,1,2,1) very rare (1-5)
3189,0.12335258,0.8766474,1,14,2) rare (6-20)
3190,0.75616485,0.24383515,0,71,3) common (21-100)
3191,0.77873397,0.22126603,0,372,4) very common (100+)
3192,0.52398276,0.47601724,1,1,1) very rare (1-5)
3193,0.9140143,0.08598572,0,27,3) common (21-100)
3194,0.43174845,0.56825155,1,16,2) rare (6-20)
3195,0.90118265,0.09881735,1,0,1) very rare (1-5)
3196,0.6875189,0.3124811,0,12,2) rare (6-20)
3197,0.9090178,0.0909822,1,1,1) very rare (1-5)
3198,0.93753356,0.062466443,0,1000,4) very common (100+)
3199,0.3433209,0.6566791,1,27,3) common (21-100)
3200,0.85260946,0.14739054,0,37,3) common (21-100)
3201,0.5291574,0.4708426,1,44,3) common (21-100)
3202,0.52824414,0.47175586,0,66,3) common (21-100)
3203,0.021855773,0.9781442,1,0,1) very rare (1-5)
3204,0.14303668,0.85696334,0,3,1) very rare (1-5)
3205,0.078700036,0.92129993,1,0,1) very rare (1-5)
3206,0.14565375,0.8543463,1,0,1) very rare (1-5)
3207,0.06862363,0.93137634,1,19,2) rare (6-20)
3208,0.67724895,0.32275105,0,1070,4) very common (100+)
3209,0.58387804,0.41612196,0,15,2) rare (6-20)
3210,0.66528827,0.33471173,0,1290,4) very common (100+)
3211,0.02640822,0.9735918,0,1,1) very rare (1-5)
3212,0.79976285,0.20023715,0,24,3) common (21-100)
3213,0.043553155,0.9564468,0,18,2) rare (6-20)
3214,0.3190023,0.6809977,1,118,4) very common (100+)
3215,0.77137125,0.22862875,0,23,3) common (21-100)
3216,0.9455812,0.054418802,1,0,1) very rare (1-5)
3217,0.10851873,0.8914813,1,3,1) very rare (1-5)
3218,0.2833726,0.71662736,0,1,1) very rare (1-5)
3219,0.6485966,0.35140342,1,1,1) very rare (1-5)
3220,0.6393525,0.3606475,0,421,4) very common (100+)
3221,0.056710646,0.94328934,1,0,1) very rare (1-5)
3222,0.28736368,0.71263635,0,275,4) very common (100+)
3223,0.7096841,0.29031593,0,3,1) very rare (1-5)
3224,0.045639403,0.9543606,1,0,1) very rare (1-5)
3225,0.8069759,0.1930241,1,81,3) common (21-100)
3226,0.22831266,0.7716873,1,5,1) very rare (1-5)
3227,0.44473258,0.55526745,1,79,3) common (21-100)
3228,0.5338877,0.46611232,0,41,3) common (21-100)
3229,0.12616895,0.87383103,0,2,1) very rare (1-5)
3230,0.20606166,0.79393834,1,18,2) rare (6-20)
3231,0.91511357,0.08488643,1,5,1) very rare (1-5)
3232,0.2219988,0.7780012,0,23,3) common (21-100)
3233,0.58429164,0.41570836,0,1290,4) very common (100+)
3234,0.7396025,0.2603975,1,268,4) very common (100+)
3235,0.14883976,0.8511602,1,0,1) very rare (1-5)
3236,0.8852322,0.11476779,0,37,3) common (21-100)
3237,0.8402556,0.15974438,0,1290,4) very common (100+)
3238,0.8988079,0.10119212,0,142,4) very common (100+)
3239,0.26324752,0.7367525,1,76,3) common (21-100)
3240,0.48269674,0.5173032,1,60,3) common (21-100)
3241,0.37527466,0.62472534,1,0,1) very rare (1-5)
3242,0.4741775,0.5258225,1,66,3) common (21-100)
3243,0.429839,0.570161,0,3,1) very rare (1-5)
3244,0.97955006,0.020449936,0,1000,4) very common (100+)
3245,0.5348767,0.4651233,1,19,2) rare (6-20)
3246,0.78804624,0.21195376,1,66,3) common (21-100)
3247,0.25260577,0.7473942,1,4,1) very rare (1-5)
3248,0.49826208,0.50173795,1,66,3) common (21-100)
3249,0.12680614,0.87319386,1,0,1) very rare (1-5)
3250,0.8407594,0.1592406,0,20,2) rare (6-20)
3251,0.535207,0.46479303,0,2,1) very rare (1-5)
3252,0.41744828,0.5825517,1,1070,4) very common (100+)
3253,0.945782,0.054217994,0,1290,4) very common (100+)
3254,0.28490475,0.7150953,1,85,3) common (21-100)
3255,0.677252,0.322748,1,0,1) very rare (1-5)
3256,0.89131826,0.10868174,0,94,3) common (21-100)
3257,0.63346094,0.36653906,1,13,2) rare (6-20)
3258,0.99174553,0.008254468,0,1000,4) very common (100+)
3259,0.95674956,0.04325044,0,1290,4) very common (100+)
3260,0.5872447,0.4127553,1,2,1) very rare (1-5)
3261,0.23725608,0.76274395,1,108,4) very common (100+)
3262,0.30887893,0.6911211,1,22,3) common (21-100)
3263,0.92958176,0.07041824,0,166,4) very common (100+)
3264,0.12274166,0.87725836,1,0,1) very rare (1-5)
3265,0.50515515,0.49484485,1,27,3) common (21-100)
3266,0.85731703,0.14268297,0,700,4) very common (100+)
3267,0.16825606,0.83174396,0,2,1) very rare (1-5)
3268,0.8225656,0.17743438,1,1,1) very rare (1-5)
3269,0.17170651,0.8282935,1,0,1) very rare (1-5)
3270,0.10193376,0.8980662,1,0,1) very rare (1-5)
3271,0.5527854,0.4472146,1,5,1) very rare (1-5)
3272,0.7749553,0.22504473,1,8,2) rare (6-20)
3273,0.5697507,0.43024927,1,1070,4) very common (100+)
3274,0.8617827,0.13821727,1,166,4) very common (100+)
3275,0.81947,0.18053001,0,1070,4) very common (100+)
3276,0.8878432,0.11215681,1,89,3) common (21-100)
3277,0.5060687,0.4939313,1,0,1) very rare (1-5)
3278,0.35336772,0.6466323,1,105,4) very common (100+)
3279,0.0137771135,0.98622286,1,0,1) very rare (1-5)
3280,0.53077143,0.46922857,1,37,3) common (21-100)
3281,0.6260509,0.3739491,1,1070,4) very common (100+)
3282,0.27435124,0.72564876,1,47,3) common (21-100)
3283,0.10922625,0.8907738,1,36,3) common (21-100)
3284,0.9155839,0.08441609,0,1290,4) very common (100+)
3285,0.033514887,0.96648514,1,0,1) very rare (1-5)
3286,0.05897973,0.94102025,1,0,1) very rare (1-5)
3287,0.046881296,0.9531187,1,0,1) very rare (1-5)
3288,0.9024591,0.097540915,1,99,3) common (21-100)
3289,0.8532467,0.14675331,0,18,2) rare (6-20)
3290,0.13291658,0.86708343,1,0,1) very rare (1-5)
3291,0.0766678,0.9233322,1,12,2) rare (6-20)
3292,0.09991296,0.90008706,1,1,1) very rare (1-5)
3293,0.4572323,0.5427677,1,0,1) very rare (1-5)
3294,0.568518,0.43148202,1,159,4) very common (100+)
3295,0.38945964,0.6105404,0,65,3) common (21-100)
3296,0.38757783,0.61242217,0,1070,4) very common (100+)
3297,0.093884274,0.9061157,1,0,1) very rare (1-5)
3298,0.010495783,0.9895042,1,0,1) very rare (1-5)
3299,0.37322307,0.62677693,1,15,2) rare (6-20)
3300,0.5385717,0.46142828,1,5,1) very rare (1-5)
3301,0.79758507,0.20241493,0,2,1) very rare (1-5)
3302,0.19582379,0.8041762,0,28,3) common (21-100)
3303,0.46553463,0.5344654,1,275,4) very common (100+)
3304,0.7478217,0.2521783,0,1000,4) very common (100+)
3305,0.74270576,0.25729424,1,0,1) very rare (1-5)
3306,0.96819085,0.03180915,0,71,3) common (21-100)
3307,0.7281038,0.27189618,1,1070,4) very common (100+)
3308,0.1474885,0.8525115,0,39,3) common (21-100)
3309,0.23146908,0.7685309,0,0,1) very rare (1-5)
3310,0.872478,0.12752199,0,421,4) very common (100+)
3311,0.027268544,0.9727315,1,14,2) rare (6-20)
3312,0.65850866,0.34149134,0,3,1) very rare (1-5)
3313,0.81819797,0.18180203,0,63,3) common (21-100)
3314,0.71849024,0.28150976,0,102,4) very common (100+)
3315,0.8376279,0.16237211,0,700,4) very common (100+)
3316,0.92472637,0.07527363,0,1000,4) very common (100+)
3317,0.20845848,0.7915415,0,1,1) very rare (1-5)
3318,0.1895228,0.8104772,0,68,3) common (21-100)
3319,0.26343444,0.7365656,1,65,3) common (21-100)
3320,0.11810669,0.8818933,1,0,1) very rare (1-5)
3321,0.9752296,0.024770379,0,1000,4) very common (100+)
3322,0.5598561,0.44014388,1,19,2) rare (6-20)
3323,0.55922437,0.44077563,0,343,4) very common (100+)
3324,0.3173322,0.6826678,1,10,2) rare (6-20)
3325,0.9413893,0.058610678,0,15,2) rare (6-20)
3326,0.36301988,0.6369801,0,16,2) rare (6-20)
3327,0.4267907,0.5732093,1,1290,4) very common (100+)
3328,0.9797152,0.020284772,0,182,4) very common (100+)
3329,0.29682076,0.70317924,1,5,1) very rare (1-5)
3330,0.639738,0.36026198,1,1290,4) very common (100+)
3331,0.8008922,0.19910783,0,1000,4) very common (100+)
3332,0.35492313,0.6450769,1,63,3) common (21-100)
3333,0.9602682,0.0397318,0,211,4) very common (100+)
3334,0.18138616,0.8186138,0,24,3) common (21-100)
3335,0.92789954,0.07210046,0,343,4) very common (100+)
3336,0.26813358,0.7318664,1,1,1) very rare (1-5)
3337,0.52025265,0.47974735,0,2,1) very rare (1-5)
3338,0.71362484,0.28637516,0,46,3) common (21-100)
3339,0.20460232,0.7953977,1,3,1) very rare (1-5)
3340,0.62192297,0.37807703,0,25,3) common (21-100)
3341,0.39997935,0.60002065,1,86,3) common (21-100)
3342,0.42795378,0.5720462,1,24,3) common (21-100)
3343,0.5439947,0.45600528,0,1,1) very rare (1-5)
3344,0.17368886,0.8263111,1,343,4) very common (100+)
3345,0.88717747,0.11282253,1,3,1) very rare (1-5)
3346,0.23498636,0.76501364,1,0,1) very rare (1-5)
3347,0.08691442,0.9130856,1,2,1) very rare (1-5)
3348,0.016013695,0.9839863,1,2,1) very rare (1-5)
3349,0.21533397,0.78466606,1,19,2) rare (6-20)
3350,0.75014555,0.24985445,1,11,2) rare (6-20)
3351,0.027927462,0.97207254,1,0,1) very rare (1-5)
3352,0.77276725,0.22723275,0,10,2) rare (6-20)
3353,0.4795704,0.5204296,1,4,1) very rare (1-5)
3354,0.39416406,0.6058359,0,29,3) common (21-100)
3355,0.066944525,0.93305546,1,14,2) rare (6-20)
3356,0.35134748,0.64865255,0,105,4) very common (100+)
3357,0.8443824,0.1556176,0,82,3) common (21-100)
3358,0.19154698,0.808453,1,1,1) very rare (1-5)
3359,0.7667972,0.23320282,0,1070,4) very common (100+)
3360,0.111556515,0.88844347,1,24,3) common (21-100)
3361,0.8187032,0.18129683,0,11,2) rare (6-20)
3362,0.5186234,0.4813766,1,1290,4) very common (100+)
3363,0.9063283,0.09367168,0,4,1) very rare (1-5)
3364,0.32452363,0.6754764,1,178,4) very common (100+)
3365,0.790525,0.20947498,0,1290,4) very common (100+)
3366,0.091140494,0.9088595,1,6,2) rare (6-20)
3367,0.12961964,0.87038034,0,0,1) very rare (1-5)
3368,0.1854146,0.8145854,1,19,2) rare (6-20)
3369,0.9009523,0.09904772,1,0,1) very rare (1-5)
3370,0.94864225,0.051357746,0,71,3) common (21-100)
3371,0.8101858,0.18981421,0,145,4) very common (100+)
3372,0.904504,0.095496,0,275,4) very common (100+)
3373,0.56572104,0.43427896,1,0,1) very rare (1-5)
3374,0.67444927,0.32555073,1,105,4) very common (100+)
3375,0.043068733,0.9569313,1,0,1) very rare (1-5)
3376,0.096333705,0.9036663,1,0,1) very rare (1-5)
3377,0.30859166,0.69140834,1,27,3) common (21-100)
3378,0.60277957,0.39722043,0,421,4) very common (100+)
3379,0.2982477,0.7017523,0,44,3) common (21-100)
3380,0.61870503,0.38129497,1,5,1) very rare (1-5)
3381,0.6625355,0.3374645,1,65,3) common (21-100)
3382,0.27662638,0.72337365,1,1,1) very rare (1-5)
3383,0.2295145,0.7704855,1,22,3) common (21-100)
3384,0.66116726,0.33883274,0,2,1) very rare (1-5)
3385,0.18289156,0.81710845,0,2,1) very rare (1-5)
3386,0.96979475,0.03020525,1,1070,4) very common (100+)
3387,0.05135264,0.9486474,1,1,1) very rare (1-5)
3388,0.113652684,0.8863473,1,0,1) very rare (1-5)
3389,0.82057446,0.17942554,0,24,3) common (21-100)
3390,0.16579424,0.83420575,1,7,2) rare (6-20)
3391,0.94701505,0.052984953,0,421,4) very common (100+)
3392,0.055732127,0.94426787,1,0,1) very rare (1-5)
3393,0.78539205,0.21460795,1,0,1) very rare (1-5)
3394,0.064524956,0.93547505,1,0,1) very rare (1-5)
3395,0.35102957,0.6489704,1,0,1) very rare (1-5)
3396,0.5322824,0.4677176,0,71,3) common (21-100)
3397,0.08154858,0.9184514,1,0,1) very rare (1-5)
3398,0.31962478,0.6803752,1,1,1) very rare (1-5)
3399,0.68909013,0.31090987,1,96,3) common (21-100)
3400,0.32025933,0.67974067,1,66,3) common (21-100)
3401,0.7314677,0.26853228,0,700,4) very common (100+)
3402,0.45476466,0.54523534,0,88,3) common (21-100)
3403,0.22708,0.77292,1,1,1) very rare (1-5)
3404,0.65932477,0.34067523,1,46,3) common (21-100)
3405,0.35247812,0.64752185,0,14,2) rare (6-20)
3406,0.64568126,0.35431874,0,19,2) rare (6-20)
3407,0.18769477,0.8123052,1,4,1) very rare (1-5)
3408,0.29458806,0.7054119,1,85,3) common (21-100)
3409,0.25881484,0.7411852,0,5,1) very rare (1-5)
3410,0.18666823,0.8133318,0,85,3) common (21-100)
3411,0.14272319,0.8572768,1,45,3) common (21-100)
3412,0.7963746,0.20362538,0,14,2) rare (6-20)
3413,0.5144798,0.48552018,1,261,4) very common (100+)
3414,0.97393656,0.026063442,0,10,2) rare (6-20)
3415,0.6372688,0.36273122,0,1290,4) very common (100+)
3416,0.9699407,0.030059278,0,1000,4) very common (100+)
3417,0.85878295,0.14121705,0,2,1) very rare (1-5)
3418,0.19452737,0.8054726,0,1,1) very rare (1-5)
3419,0.8779875,0.122012496,0,275,4) very common (100+)
3420,0.49546447,0.50453556,1,10,2) rare (6-20)
3421,0.9206277,0.07937229,0,26,3) common (21-100)
3422,0.41761166,0.58238834,1,0,1) very rare (1-5)
3423,0.660075,0.339925,0,31,3) common (21-100)
3424,0.043571033,0.95642895,1,0,1) very rare (1-5)
3425,0.9280381,0.07196188,0,1000,4) very common (100+)
3426,0.9351356,0.0648644,1,11,2) rare (6-20)
3427,0.1788418,0.8211582,0,9,2) rare (6-20)
3428,0.09192269,0.9080773,0,92,3) common (21-100)
3429,0.44628796,0.553712,1,49,3) common (21-100)
3430,0.51371187,0.48628813,1,268,4) very common (100+)
3431,0.46976066,0.53023934,1,105,4) very common (100+)
3432,0.2207389,0.7792611,1,23,3) common (21-100)
3433,0.16870837,0.8312916,1,2,1) very rare (1-5)
3434,0.08153786,0.91846216,0,43,3) common (21-100)
3435,0.07660088,0.9233991,0,159,4) very common (100+)
3436,0.2524709,0.7475291,0,2,1) very rare (1-5)
3437,0.48739052,0.5126095,1,0,1) very rare (1-5)
3438,0.33508608,0.6649139,1,1,1) very rare (1-5)
3439,0.50370306,0.49629694,0,24,3) common (21-100)
3440,0.8760791,0.12392092,0,145,4) very common (100+)
3441,0.5459164,0.45408362,1,6,2) rare (6-20)
3442,0.8666596,0.13334042,0,25,3) common (21-100)
3443,0.5235661,0.47643387,0,182,4) very common (100+)
3444,0.44029695,0.55970305,0,421,4) very common (100+)
3445,0.9498749,0.050125122,0,85,3) common (21-100)
3446,0.54721135,0.45278865,1,1290,4) very common (100+)
3447,0.03836854,0.9616315,1,53,3) common (21-100)
3448,0.016835932,0.9831641,1,0,1) very rare (1-5)
3449,0.74343604,0.25656396,1,30,3) common (21-100)
3450,0.63368344,0.36631656,0,2,1) very rare (1-5)
3451,0.40317112,0.5968289,1,2,1) very rare (1-5)
3452,0.8659447,0.13405532,0,1290,4) very common (100+)
3453,0.71439344,0.28560656,1,1290,4) very common (100+)
3454,0.88144815,0.11855185,0,14,2) rare (6-20)
3455,0.7142228,0.2857772,0,4,1) very rare (1-5)
3456,0.23867513,0.7613249,0,58,3) common (21-100)
3457,0.12074856,0.8792514,0,3,1) very rare (1-5)
3458,0.91170603,0.08829397,0,700,4) very common (100+)
3459,0.15743947,0.8425605,1,146,4) very common (100+)
3460,0.3605998,0.63940024,1,11,2) rare (6-20)
3461,0.09138052,0.90861946,1,0,1) very rare (1-5)
3462,0.41253257,0.58746743,0,106,4) very common (100+)
3463,0.33251804,0.66748196,1,51,3) common (21-100)
3464,0.178194,0.821806,0,4,1) very rare (1-5)
3465,0.09042067,0.90957934,1,237,4) very common (100+)
3466,0.075687885,0.9243121,1,6,2) rare (6-20)
3467,0.19199,0.80801,0,4,1) very rare (1-5)
3468,0.7998351,0.20016491,0,274,4) very common (100+)
3469,0.19872269,0.8012773,0,40,3) common (21-100)
3470,0.925701,0.07429898,0,11,2) rare (6-20)
3471,0.20551243,0.7944876,1,34,3) common (21-100)
3472,0.6036366,0.39636338,1,0,1) very rare (1-5)
3473,0.16795038,0.8320496,0,1,1) very rare (1-5)
3474,0.53518605,0.46481395,0,1,1) very rare (1-5)
3475,0.8836946,0.11630541,1,19,2) rare (6-20)
3476,0.96228653,0.037713468,0,178,4) very common (100+)
3477,0.635296,0.364704,0,1070,4) very common (100+)
3478,0.17692053,0.82307947,1,4,1) very rare (1-5)
3479,0.82700413,0.17299587,1,53,3) common (21-100)
3480,0.18164611,0.8183539,1,38,3) common (21-100)
3481,0.4565038,0.5434962,1,0,1) very rare (1-5)
3482,0.5133844,0.4866156,0,1290,4) very common (100+)
3483,0.48498747,0.5150125,0,81,3) common (21-100)
3484,0.47830322,0.5216968,0,1290,4) very common (100+)
3485,0.7306838,0.2693162,1,146,4) very common (100+)
3486,0.13948298,0.860517,1,3,1) very rare (1-5)
3487,0.9539919,0.04600811,1,4,1) very rare (1-5)
3488,0.09993905,0.90006095,1,2,1) very rare (1-5)
3489,0.040217653,0.95978236,1,4,1) very rare (1-5)
3490,0.56177163,0.43822837,0,8,2) rare (6-20)
3491,0.5318093,0.46819073,1,2,1) very rare (1-5)
3492,0.9576919,0.042308092,0,142,4) very common (100+)
3493,0.3169797,0.6830203,1,3,1) very rare (1-5)
3494,0.36069244,0.63930756,1,53,3) common (21-100)
3495,0.6616856,0.3383144,1,27,3) common (21-100)
3496,0.3332189,0.66678107,1,18,2) rare (6-20)
3497,0.72086984,0.27913016,0,10,2) rare (6-20)
3498,0.6343251,0.3656749,0,5,1) very rare (1-5)
3499,0.64885926,0.35114074,0,14,2) rare (6-20)
3500,0.14815773,0.8518423,1,1,1) very rare (1-5)
3501,0.064511344,0.93548864,1,0,1) very rare (1-5)
3502,0.8850085,0.114991486,0,5,1) very rare (1-5)
3503,0.19559188,0.80440813,1,1,1) very rare (1-5)
3504,0.92589766,0.07410234,0,1000,4) very common (100+)
3505,0.28829882,0.71170115,1,0,1) very rare (1-5)
3506,0.23363553,0.76636446,1,2,1) very rare (1-5)
3507,0.38365316,0.61634684,1,2,1) very rare (1-5)
3508,0.58902967,0.41097033,0,58,3) common (21-100)
3509,0.17132114,0.82867885,0,23,3) common (21-100)
3510,0.113679655,0.88632035,1,24,3) common (21-100)
3511,0.11305576,0.88694423,1,10,2) rare (6-20)
3512,0.4838875,0.5161125,0,0,1) very rare (1-5)
3513,0.7926765,0.20732349,1,47,3) common (21-100)
3514,0.07179016,0.92820984,0,79,3) common (21-100)
3515,0.69270176,0.30729824,1,11,2) rare (6-20)
3516,0.28821158,0.7117884,0,7,2) rare (6-20)
3517,0.8933185,0.106681526,1,24,3) common (21-100)
3518,0.51807785,0.48192215,0,33,3) common (21-100)
3519,0.5714078,0.4285922,1,19,2) rare (6-20)
3520,0.13089588,0.86910415,1,142,4) very common (100+)
3521,0.21644433,0.7835557,1,69,3) common (21-100)
3522,0.66129375,0.33870625,0,142,4) very common (100+)
3523,0.26318723,0.7368128,1,66,3) common (21-100)
3524,0.66714907,0.33285093,0,89,3) common (21-100)
3525,0.59800106,0.40199894,1,166,4) very common (100+)
3526,0.21152243,0.78847754,1,0,1) very rare (1-5)
3527,0.35869727,0.6413027,0,6,2) rare (6-20)
3528,0.6949288,0.30507118,0,7,2) rare (6-20)
3529,0.5760168,0.42398322,1,11,2) rare (6-20)
3530,0.42363468,0.57636535,0,700,4) very common (100+)
3531,0.50797546,0.49202454,1,261,4) very common (100+)
3532,0.9452563,0.054743707,0,1000,4) very common (100+)
3533,0.5543578,0.44564217,1,100,3) common (21-100)
3534,0.5323292,0.4676708,1,1,1) very rare (1-5)
3535,0.21078053,0.7892195,0,105,4) very common (100+)
3536,0.8864997,0.1135003,0,84,3) common (21-100)
3537,0.88254213,0.11745787,1,36,3) common (21-100)
3538,0.7146203,0.2853797,0,2,1) very rare (1-5)
3539,0.042519018,0.95748097,1,7,2) rare (6-20)
3540,0.46210724,0.53789276,0,30,3) common (21-100)
3541,0.33845022,0.6615498,1,142,4) very common (100+)
3542,0.1220051,0.8779949,0,1,1) very rare (1-5)
3543,0.7001008,0.29989922,0,15,2) rare (6-20)
3544,0.059635956,0.94036406,1,3,1) very rare (1-5)
3545,0.27292657,0.72707343,0,3,1) very rare (1-5)
3546,0.56118643,0.43881357,1,0,1) very rare (1-5)
3547,0.24334916,0.7566508,1,2,1) very rare (1-5)
3548,0.5875395,0.4124605,0,700,4) very common (100+)
3549,0.3330816,0.6669184,0,123,4) very common (100+)
3550,0.49956414,0.5004358,1,19,2) rare (6-20)
3551,0.03982165,0.9601784,1,0,1) very rare (1-5)
3552,0.894296,0.10570401,0,1,1) very rare (1-5)
3553,0.70580703,0.29419297,1,1070,4) very common (100+)
3554,0.8808106,0.11918938,1,18,2) rare (6-20)
3555,0.9467848,0.053215206,0,700,4) very common (100+)
3556,0.13544792,0.8645521,1,2,1) very rare (1-5)
3557,0.060290582,0.9397094,1,94,3) common (21-100)
3558,0.01835422,0.98164576,1,2,1) very rare (1-5)
3559,0.9917549,0.0082451105,0,142,4) very common (100+)
3560,0.60958385,0.39041615,0,22,3) common (21-100)
3561,0.16231786,0.8376821,0,4,1) very rare (1-5)
3562,0.35548088,0.6445191,1,0,1) very rare (1-5)
3563,0.83236223,0.16763777,1,0,1) very rare (1-5)
3564,0.114887185,0.8851128,1,2,1) very rare (1-5)
3565,0.51581645,0.48418355,0,700,4) very common (100+)
3566,0.58786315,0.41213685,1,268,4) very common (100+)
3567,0.86928815,0.13071185,1,0,1) very rare (1-5)
3568,0.7439411,0.25605887,1,99,3) common (21-100)
3569,0.094333686,0.9056663,1,20,2) rare (6-20)
3570,0.8931975,0.10680252,0,1000,4) very common (100+)
3571,0.8186034,0.1813966,0,1070,4) very common (100+)
3572,0.90440816,0.09559184,1,19,2) rare (6-20)
3573,0.025781319,0.97421867,1,0,1) very rare (1-5)
3574,0.5093529,0.49064708,0,1290,4) very common (100+)
3575,0.30434257,0.69565743,1,0,1) very rare (1-5)
3576,0.058487106,0.9415129,1,5,1) very rare (1-5)
3577,0.85546,0.14454001,0,91,3) common (21-100)
3578,0.7586354,0.2413646,1,11,2) rare (6-20)
3579,0.09779564,0.90220433,1,2,1) very rare (1-5)
3580,0.691796,0.308204,0,1290,4) very common (100+)
3581,0.2688613,0.7311387,1,0,1) very rare (1-5)
3582,0.59255546,0.40744454,0,1,1) very rare (1-5)
3583,0.35442832,0.6455717,1,81,3) common (21-100)
3584,0.6996697,0.30033028,0,12,2) rare (6-20)
3585,0.99092054,0.009079456,1,211,4) very common (100+)
3586,0.8001302,0.19986981,1,13,2) rare (6-20)
3587,0.19997959,0.8000204,1,8,2) rare (6-20)
3588,0.9915427,0.008457303,0,99,3) common (21-100)
3589,0.9484746,0.051525414,0,118,4) very common (100+)
3590,0.8631192,0.13688082,0,1000,4) very common (100+)
3591,0.8148476,0.18515241,0,1070,4) very common (100+)
3592,0.905287,0.09471297,1,100,3) common (21-100)
3593,0.6665131,0.3334869,0,3,1) very rare (1-5)
3594,0.30591086,0.6940892,1,0,1) very rare (1-5)
3595,0.4592858,0.5407142,1,14,2) rare (6-20)
3596,0.95099026,0.04900974,0,111,4) very common (100+)
3597,0.93510175,0.06489825,0,28,3) common (21-100)
3598,0.6196279,0.3803721,0,21,3) common (21-100)
3599,0.5789519,0.4210481,0,23,3) common (21-100)
3600,0.25686434,0.7431357,0,1,1) very rare (1-5)
3601,0.50768304,0.49231696,1,1,1) very rare (1-5)
3602,0.9574218,0.04257822,0,1070,4) very common (100+)
3603,0.7871659,0.21283412,0,7,2) rare (6-20)
3604,0.5838144,0.41618562,0,261,4) very common (100+)
3605,0.5857516,0.4142484,1,18,2) rare (6-20)
3606,0.05724422,0.94275576,0,1,1) very rare (1-5)
3607,0.6628332,0.3371668,0,223,4) very common (100+)
3608,0.1088621,0.8911379,1,2,1) very rare (1-5)
3609,0.23535031,0.7646497,1,7,2) rare (6-20)
3610,0.35957184,0.6404282,1,0,1) very rare (1-5)
3611,0.3270999,0.6729001,0,2,1) very rare (1-5)
3612,0.90164727,0.09835273,0,28,3) common (21-100)
3613,0.24530765,0.7546923,0,3,1) very rare (1-5)
3614,0.36997345,0.6300266,1,85,3) common (21-100)
3615,0.978027,0.021973014,0,51,3) common (21-100)
3616,0.7518258,0.24817419,0,261,4) very common (100+)
3617,0.5073259,0.4926741,1,12,2) rare (6-20)
3618,0.2444065,0.7555935,0,9,2) rare (6-20)
3619,0.36444587,0.63555413,1,700,4) very common (100+)
3620,0.5347207,0.46527928,1,1070,4) very common (100+)
3621,0.2494257,0.7505743,1,17,2) rare (6-20)
3622,0.39493495,0.60506505,0,2,1) very rare (1-5)
3623,0.16279526,0.83720475,1,0,1) very rare (1-5)
3624,0.5905556,0.4094444,1,1,1) very rare (1-5)
3625,0.10724856,0.89275146,1,0,1) very rare (1-5)
3626,0.8903286,0.109671414,0,1000,4) very common (100+)
3627,0.86921453,0.13078547,0,123,4) very common (100+)
3628,0.8490803,0.15091968,0,211,4) very common (100+)
3629,0.78574264,0.21425736,0,38,3) common (21-100)
3630,0.7778785,0.22212148,1,66,3) common (21-100)
3631,0.85816854,0.14183146,0,166,4) very common (100+)
3632,0.2287885,0.7712115,1,2,1) very rare (1-5)
3633,0.43876258,0.56123745,1,18,2) rare (6-20)
3634,0.6037175,0.3962825,0,118,4) very common (100+)
3635,0.9085508,0.0914492,0,33,3) common (21-100)
3636,0.6991245,0.30087548,1,2,1) very rare (1-5)
3637,0.054118276,0.9458817,0,7,2) rare (6-20)
3638,0.5901759,0.40982407,0,99,3) common (21-100)
3639,0.4169762,0.5830238,1,0,1) very rare (1-5)
3640,0.036954306,0.9630457,1,0,1) very rare (1-5)
3641,0.17790073,0.82209927,1,237,4) very common (100+)
3642,0.52634966,0.47365034,0,71,3) common (21-100)
3643,0.613373,0.38662702,0,166,4) very common (100+)
3644,0.5576205,0.44237947,0,14,2) rare (6-20)
3645,0.5071793,0.49282068,0,39,3) common (21-100)
3646,0.17600541,0.8239946,1,0,1) very rare (1-5)
3647,0.17707945,0.82292056,0,3,1) very rare (1-5)
3648,0.052185345,0.94781464,1,6,2) rare (6-20)
3649,0.2726579,0.7273421,0,2,1) very rare (1-5)
3650,0.51200134,0.48799866,0,4,1) very rare (1-5)
3651,0.1671055,0.8328945,0,0,1) very rare (1-5)
3652,0.9634633,0.036536694,0,211,4) very common (100+)
3653,0.09661767,0.9033823,1,0,1) very rare (1-5)
3654,0.12643977,0.87356025,1,8,2) rare (6-20)
3655,0.2938835,0.7061165,1,0,1) very rare (1-5)
3656,0.03953516,0.96046484,1,58,3) common (21-100)
3657,0.5771266,0.42287338,0,20,2) rare (6-20)
3658,0.8417757,0.15822428,0,89,3) common (21-100)
3659,0.15763596,0.8423641,0,4,1) very rare (1-5)
3660,0.24260984,0.75739014,1,1,1) very rare (1-5)
3661,0.09445857,0.9055414,1,0,1) very rare (1-5)
3662,0.45364985,0.5463501,0,15,2) rare (6-20)
3663,0.2508331,0.7491669,1,12,2) rare (6-20)
3664,0.48360357,0.5163964,0,56,3) common (21-100)
3665,0.08025948,0.9197405,1,1,1) very rare (1-5)
3666,0.33391446,0.66608554,1,37,3) common (21-100)
3667,0.9687082,0.031291783,0,211,4) very common (100+)
3668,0.57662404,0.42337596,1,0,1) very rare (1-5)
3669,0.93437743,0.06562257,0,24,3) common (21-100)
3670,0.10837097,0.89162904,0,22,3) common (21-100)
3671,0.56212306,0.43787694,0,63,3) common (21-100)
3672,0.10565713,0.8943429,1,0,1) very rare (1-5)
3673,0.5974886,0.40251142,0,142,4) very common (100+)
3674,0.9661994,0.033800602,0,1070,4) very common (100+)
3675,0.16722712,0.83277285,1,4,1) very rare (1-5)
3676,0.5436729,0.45632708,1,79,3) common (21-100)
3677,0.34026375,0.6597363,1,14,2) rare (6-20)
3678,0.766959,0.23304099,0,18,2) rare (6-20)
3679,0.33408955,0.6659105,1,2,1) very rare (1-5)
3680,0.35743213,0.6425679,1,68,3) common (21-100)
3681,0.6157799,0.38422012,1,89,3) common (21-100)
3682,0.9099662,0.09003383,0,17,2) rare (6-20)
3683,0.35490975,0.6450902,0,65,3) common (21-100)
3684,0.30537996,0.69462,1,1,1) very rare (1-5)
3685,0.63655615,0.36344385,1,3,1) very rare (1-5)
3686,0.9868047,0.013195276,0,1000,4) very common (100+)
3687,0.57854307,0.42145693,1,69,3) common (21-100)
3688,0.24511933,0.75488067,1,19,2) rare (6-20)
3689,0.7053412,0.29465878,1,1,1) very rare (1-5)
3690,0.30679116,0.6932088,1,1,1) very rare (1-5)
3691,0.95262283,0.04737717,0,91,3) common (21-100)
3692,0.98396564,0.016034365,0,178,4) very common (100+)
3693,0.92957413,0.07042587,0,33,3) common (21-100)
3694,0.03438014,0.96561986,1,0,1) very rare (1-5)
3695,0.97821176,0.02178824,1,142,4) very common (100+)
3696,0.82759017,0.17240983,0,0,1) very rare (1-5)
3697,0.2812316,0.71876836,0,8,2) rare (6-20)
3698,0.4584385,0.5415615,0,42,3) common (21-100)
3699,0.21965945,0.78034055,1,15,2) rare (6-20)
3700,0.3717802,0.62821984,0,166,4) very common (100+)
3701,0.056120485,0.9438795,0,4,1) very rare (1-5)
3702,0.3224269,0.6775731,1,0,1) very rare (1-5)
3703,0.48635003,0.51364994,0,4,1) very rare (1-5)
3704,0.73010075,0.26989925,0,1000,4) very common (100+)
3705,0.09257777,0.90742224,0,21,3) common (21-100)
3706,0.344954,0.655046,1,42,3) common (21-100)
3707,0.6059165,0.3940835,0,106,4) very common (100+)
3708,0.70988846,0.29011154,0,23,3) common (21-100)
3709,0.9321732,0.06782681,0,211,4) very common (100+)
3710,0.65551484,0.34448516,1,21,3) common (21-100)
3711,0.98215115,0.01784885,0,700,4) very common (100+)
3712,0.74651915,0.25348085,0,700,4) very common (100+)
3713,0.82182664,0.17817336,1,16,2) rare (6-20)
3714,0.2555562,0.7444438,1,1,1) very rare (1-5)
3715,0.8377465,0.1622535,0,2,1) very rare (1-5)
3716,0.07752178,0.9224782,0,0,1) very rare (1-5)
3717,0.11841197,0.88158804,1,14,2) rare (6-20)
3718,0.9236372,0.07636279,0,42,3) common (21-100)
3719,0.9632898,0.036710203,0,91,3) common (21-100)
3720,0.9665688,0.033431172,0,10,2) rare (6-20)
3721,0.095666066,0.90433395,1,0,1) very rare (1-5)
3722,0.1950049,0.8049951,1,7,2) rare (6-20)
3723,0.9470935,0.052906513,0,182,4) very common (100+)
3724,0.17667003,0.82333,1,275,4) very common (100+)
3725,0.7710565,0.22894353,0,1000,4) very common (100+)
3726,0.5766207,0.4233793,0,1290,4) very common (100+)
3727,0.14863406,0.8513659,1,50,3) common (21-100)
3728,0.9635376,0.036462426,1,66,3) common (21-100)
3729,0.36900905,0.630991,1,0,1) very rare (1-5)
3730,0.6712309,0.3287691,0,56,3) common (21-100)
3731,0.6531747,0.3468253,0,1070,4) very common (100+)
3732,0.7823404,0.2176596,0,1290,4) very common (100+)
3733,0.24329387,0.7567061,1,16,2) rare (6-20)
3734,0.8783387,0.121661305,0,1000,4) very common (100+)
3735,0.3083211,0.6916789,1,0,1) very rare (1-5)
3736,0.7476047,0.25239527,0,1,1) very rare (1-5)
3737,0.79562443,0.20437557,0,1,1) very rare (1-5)
3738,0.43473,0.56527,1,1,1) very rare (1-5)
3739,0.035427548,0.9645724,1,3,1) very rare (1-5)
3740,0.8019242,0.19807577,0,3,1) very rare (1-5)
3741,0.8036634,0.19633663,0,24,3) common (21-100)
3742,0.5725421,0.42745793,0,1290,4) very common (100+)
3743,0.28451532,0.7154847,0,14,2) rare (6-20)
3744,0.57784563,0.42215437,0,21,3) common (21-100)
3745,0.95705545,0.04294455,1,1,1) very rare (1-5)
3746,0.582123,0.41787702,1,0,1) very rare (1-5)
3747,0.09979927,0.9002007,1,6,2) rare (6-20)
3748,0.18025099,0.819749,0,19,2) rare (6-20)
3749,0.6028852,0.3971148,0,700,4) very common (100+)
3750,0.726688,0.27331197,1,3,1) very rare (1-5)
3751,0.9915336,0.008466423,0,39,3) common (21-100)
3752,0.84884167,0.15115833,1,0,1) very rare (1-5)
3753,0.92526317,0.07473683,1,0,1) very rare (1-5)
3754,0.35927713,0.6407229,0,5,1) very rare (1-5)
3755,0.26918492,0.73081505,1,47,3) common (21-100)
3756,0.463637,0.536363,1,1,1) very rare (1-5)
3757,0.0912126,0.90878737,1,3,1) very rare (1-5)
3758,0.6980477,0.3019523,0,39,3) common (21-100)
3759,0.18667276,0.81332725,0,3,1) very rare (1-5)
3760,0.006434339,0.9935657,1,0,1) very rare (1-5)
3761,0.5079924,0.4920076,1,5,1) very rare (1-5)
3762,0.057433058,0.94256693,1,0,1) very rare (1-5)
3763,0.60117376,0.39882624,0,275,4) very common (100+)
3764,0.095008165,0.90499187,0,0,1) very rare (1-5)
3765,0.12129784,0.87870216,1,72,3) common (21-100)
3766,0.22870868,0.7712913,0,28,3) common (21-100)
3767,0.114800006,0.8852,1,2,1) very rare (1-5)
3768,0.616992,0.383008,0,7,2) rare (6-20)
3769,0.114029616,0.88597035,1,8,2) rare (6-20)
3770,0.09018867,0.9098113,1,0,1) very rare (1-5)
3771,0.43785712,0.56214285,1,5,1) very rare (1-5)
3772,0.36475608,0.6352439,1,1,1) very rare (1-5)
3773,0.04787733,0.9521227,1,0,1) very rare (1-5)
3774,0.364843,0.635157,1,10,2) rare (6-20)
3775,0.64653164,0.35346836,0,68,3) common (21-100)
3776,0.07418622,0.9258138,0,1,1) very rare (1-5)
3777,0.68599087,0.31400913,1,7,2) rare (6-20)
3778,0.124687396,0.8753126,1,0,1) very rare (1-5)
3779,0.8686984,0.13130158,0,25,3) common (21-100)
3780,0.47369757,0.52630246,0,96,3) common (21-100)
3781,0.9835323,0.01646769,0,99,3) common (21-100)
3782,0.67024916,0.32975084,1,55,3) common (21-100)
3783,0.5711108,0.42888921,0,0,1) very rare (1-5)
3784,0.078945756,0.92105424,1,123,4) very common (100+)
3785,0.1917436,0.8082564,0,79,3) common (21-100)
3786,0.08816058,0.9118394,1,0,1) very rare (1-5)
3787,0.42471611,0.5752839,1,3,1) very rare (1-5)
3788,0.5898381,0.4101619,0,5,1) very rare (1-5)
3789,0.0684633,0.9315367,1,0,1) very rare (1-5)
3790,0.3331838,0.66681623,1,118,4) very common (100+)
3791,0.21448584,0.7855142,1,27,3) common (21-100)
3792,0.44508478,0.5549152,0,14,2) rare (6-20)
3793,0.604337,0.39566302,0,56,3) common (21-100)
3794,0.29804894,0.701951,0,3,1) very rare (1-5)
3795,0.7659755,0.23402452,0,7,2) rare (6-20)
3796,0.82893145,0.17106855,0,107,4) very common (100+)
3797,0.8776962,0.122303784,0,44,3) common (21-100)
3798,0.35864896,0.64135104,0,0,1) very rare (1-5)
3799,0.8339381,0.16606188,0,46,3) common (21-100)
3800,0.6231215,0.3768785,0,17,2) rare (6-20)
3801,0.22496094,0.7750391,1,1,1) very rare (1-5)
3802,0.069274336,0.9307257,1,4,1) very rare (1-5)
3803,0.2154917,0.7845083,1,0,1) very rare (1-5)
3804,0.53950775,0.46049225,1,3,1) very rare (1-5)
3805,0.42406192,0.5759381,1,0,1) very rare (1-5)
3806,0.21107048,0.7889295,1,0,1) very rare (1-5)
3807,0.5811058,0.41889417,1,8,2) rare (6-20)
3808,0.18293628,0.8170637,1,66,3) common (21-100)
3809,0.03761961,0.9623804,1,0,1) very rare (1-5)
3810,0.5546779,0.4453221,1,63,3) common (21-100)
3811,0.3520641,0.64793587,1,0,1) very rare (1-5)
3812,0.5898773,0.4101227,0,1,1) very rare (1-5)
3813,0.8743615,0.12563848,1,700,4) very common (100+)
3814,0.54569346,0.45430654,0,2,1) very rare (1-5)
3815,0.25450605,0.74549395,1,7,2) rare (6-20)
3816,0.69996566,0.30003434,0,223,4) very common (100+)
3817,0.19420305,0.805797,1,0,1) very rare (1-5)
3818,0.75184804,0.24815196,1,2,1) very rare (1-5)
3819,0.8341944,0.16580558,0,146,4) very common (100+)
3820,0.30111557,0.6988844,0,5,1) very rare (1-5)
3821,0.83535135,0.16464865,0,1000,4) very common (100+)
3822,0.562515,0.43748498,0,92,3) common (21-100)
3823,0.4347844,0.5652156,0,15,2) rare (6-20)
3824,0.48084074,0.51915926,0,343,4) very common (100+)
3825,0.9205556,0.07944441,0,118,4) very common (100+)
3826,0.99469626,0.0053037405,1,19,2) rare (6-20)
3827,0.31302595,0.68697405,1,0,1) very rare (1-5)
3828,0.8840848,0.11591518,0,134,4) very common (100+)
3829,0.8758056,0.12419438,0,17,2) rare (6-20)
3830,0.7274304,0.2725696,1,107,4) very common (100+)
3831,0.10682287,0.89317715,0,1,1) very rare (1-5)
3832,0.67024523,0.32975477,0,1,1) very rare (1-5)
3833,0.5726449,0.4273551,1,85,3) common (21-100)
3834,0.1894062,0.8105938,1,0,1) very rare (1-5)
3835,0.06182877,0.9381712,1,0,1) very rare (1-5)
3836,0.37661928,0.6233807,1,0,1) very rare (1-5)
3837,0.42505658,0.5749434,1,2,1) very rare (1-5)
3838,0.27284276,0.72715724,0,178,4) very common (100+)
3839,0.04862931,0.9513707,1,108,4) very common (100+)
3840,0.7810511,0.2189489,1,27,3) common (21-100)
3841,0.9313777,0.06862229,0,1000,4) very common (100+)
3842,0.9660691,0.033930898,0,91,3) common (21-100)
3843,0.93735033,0.06264967,0,10,2) rare (6-20)
3844,0.065607056,0.9343929,1,6,2) rare (6-20)
3845,0.24576189,0.7542381,1,1,1) very rare (1-5)
3846,0.070019215,0.92998075,1,12,2) rare (6-20)
3847,0.17491865,0.82508135,0,5,1) very rare (1-5)
3848,0.47158194,0.52841806,0,223,4) very common (100+)
3849,0.7293575,0.27064252,0,1000,4) very common (100+)
3850,0.25456533,0.74543464,1,44,3) common (21-100)
3851,0.35484517,0.64515483,1,27,3) common (21-100)
3852,0.08395877,0.91604125,0,84,3) common (21-100)
3853,0.4252613,0.57473874,1,3,1) very rare (1-5)
3854,0.33616862,0.66383135,1,1,1) very rare (1-5)
3855,0.4164057,0.5835943,1,268,4) very common (100+)
3856,0.8269964,0.17300361,0,6,2) rare (6-20)
3857,0.74061483,0.25938517,0,35,3) common (21-100)
3858,0.7497079,0.25029212,0,17,2) rare (6-20)
3859,0.9484492,0.051550806,0,1000,4) very common (100+)
3860,0.50089014,0.49910986,0,5,1) very rare (1-5)
3861,0.063346684,0.9366533,0,13,2) rare (6-20)
3862,0.059425373,0.94057465,0,38,3) common (21-100)
3863,0.22054331,0.7794567,0,0,1) very rare (1-5)
3864,0.046913594,0.9530864,1,0,1) very rare (1-5)
3865,0.5876777,0.41232228,1,15,2) rare (6-20)
3866,0.76221734,0.23778266,0,1290,4) very common (100+)
3867,0.60155964,0.39844036,1,0,1) very rare (1-5)
3868,0.20340785,0.7965921,1,142,4) very common (100+)
3869,0.9752611,0.024738908,0,700,4) very common (100+)
3870,0.45521668,0.54478335,0,66,3) common (21-100)
3871,0.9651319,0.03486812,0,1000,4) very common (100+)
3872,0.950139,0.049861014,0,39,3) common (21-100)
3873,0.7787026,0.22129738,0,5,1) very rare (1-5)
3874,0.66533923,0.33466077,0,16,2) rare (6-20)
3875,0.12671535,0.87328464,1,0,1) very rare (1-5)
3876,0.4992608,0.5007392,1,275,4) very common (100+)
3877,0.62992215,0.37007785,0,142,4) very common (100+)
3878,0.3800563,0.61994374,0,7,2) rare (6-20)
3879,0.14108947,0.85891056,0,0,1) very rare (1-5)
3880,0.8966175,0.10338253,0,1070,4) very common (100+)
3881,0.47549593,0.52450407,0,15,2) rare (6-20)
3882,0.11116176,0.88883823,1,0,1) very rare (1-5)
3883,0.8437751,0.1562249,0,78,3) common (21-100)
3884,0.20197482,0.7980252,0,0,1) very rare (1-5)
3885,0.24115591,0.7588441,1,0,1) very rare (1-5)
3886,0.4047418,0.59525824,0,5,1) very rare (1-5)
3887,0.9892352,0.010764778,0,35,3) common (21-100)
3888,0.7876775,0.21232247,1,118,4) very common (100+)
3889,0.53854907,0.46145093,1,1070,4) very common (100+)
3890,0.18861315,0.8113868,0,26,3) common (21-100)
3891,0.8818488,0.11815119,0,1000,4) very common (100+)
3892,0.293131,0.706869,1,3,1) very rare (1-5)
3893,0.011607903,0.9883921,1,0,1) very rare (1-5)
3894,0.07256836,0.92743164,0,102,4) very common (100+)
3895,0.7936595,0.20634049,1,76,3) common (21-100)
3896,0.47917384,0.52082616,0,63,3) common (21-100)
3897,0.68404835,0.31595165,0,134,4) very common (100+)
3898,0.86278343,0.13721657,0,1000,4) very common (100+)
3899,0.94485223,0.055147767,1,1,1) very rare (1-5)
3900,0.5085279,0.49147213,1,4,1) very rare (1-5)
3901,0.62390906,0.37609094,0,69,3) common (21-100)
3902,0.3777094,0.6222906,1,237,4) very common (100+)
3903,0.24954008,0.7504599,0,0,1) very rare (1-5)
3904,0.9579767,0.0420233,0,11,2) rare (6-20)
3905,0.98109114,0.018908858,0,69,3) common (21-100)
3906,0.64763886,0.35236114,1,14,2) rare (6-20)
3907,0.7821111,0.21788889,0,1,1) very rare (1-5)
3908,0.34716275,0.6528373,0,5,1) very rare (1-5)
3909,0.3096949,0.6903051,0,7,2) rare (6-20)
3910,0.5440324,0.4559676,1,1070,4) very common (100+)
3911,0.44062003,0.55937994,1,65,3) common (21-100)
3912,0.18470068,0.81529933,1,0,1) very rare (1-5)
3913,0.788134,0.21186602,1,4,1) very rare (1-5)
3914,0.6857802,0.31421977,0,84,3) common (21-100)
3915,0.88643503,0.11356497,1,0,1) very rare (1-5)
3916,0.8300548,0.16994518,1,34,3) common (21-100)
3917,0.87349445,0.12650555,1,118,4) very common (100+)
3918,0.8876694,0.112330616,1,3,1) very rare (1-5)
3919,0.8572671,0.14273292,1,2,1) very rare (1-5)
3920,0.1554053,0.8445947,0,14,2) rare (6-20)
3921,0.8652884,0.13471162,0,7,2) rare (6-20)
3922,0.2456876,0.7543124,1,0,1) very rare (1-5)
3923,0.089463495,0.9105365,1,70,3) common (21-100)
3924,0.6143699,0.38563007,1,68,3) common (21-100)
3925,0.9075111,0.092488885,1,4,1) very rare (1-5)
3926,0.5327717,0.4672283,0,1290,4) very common (100+)
3927,0.28158426,0.71841574,1,3,1) very rare (1-5)
3928,0.35786238,0.64213765,1,11,2) rare (6-20)
3929,0.53182065,0.46817935,0,21,3) common (21-100)
3930,0.28416565,0.7158344,0,0,1) very rare (1-5)
3931,0.40141326,0.59858674,1,6,2) rare (6-20)
3932,0.03916702,0.96083295,1,0,1) very rare (1-5)
3933,0.2950424,0.7049576,1,4,1) very rare (1-5)
3934,0.7796771,0.2203229,1,1070,4) very common (100+)
3935,0.43677887,0.5632211,1,2,1) very rare (1-5)
3936,0.37966332,0.62033665,1,76,3) common (21-100)
3937,0.7070852,0.2929148,0,14,2) rare (6-20)
3938,0.13184863,0.86815137,1,44,3) common (21-100)
3939,0.48612127,0.5138787,1,8,2) rare (6-20)
3940,0.29431647,0.7056835,1,105,4) very common (100+)
3941,0.12136702,0.87863296,1,53,3) common (21-100)
3942,0.22890392,0.7710961,0,142,4) very common (100+)
3943,0.12517549,0.8748245,0,0,1) very rare (1-5)
3944,0.7682323,0.23176771,1,81,3) common (21-100)
3945,0.14861241,0.8513876,1,1,1) very rare (1-5)
3946,0.69184744,0.30815256,0,84,3) common (21-100)
3947,0.4004481,0.5995519,1,21,3) common (21-100)
3948,0.50867164,0.49132836,0,123,4) very common (100+)
3949,0.033985108,0.96601486,1,0,1) very rare (1-5)
3950,0.5869342,0.4130658,0,38,3) common (21-100)
3951,0.9548067,0.045193315,0,78,3) common (21-100)
3952,0.2727048,0.72729516,0,159,4) very common (100+)
3953,0.20028336,0.79971665,0,5,1) very rare (1-5)
3954,0.33806735,0.66193265,0,25,3) common (21-100)
3955,0.7120017,0.28799832,0,5,1) very rare (1-5)
3956,0.04094232,0.9590577,1,10,2) rare (6-20)
3957,0.34552833,0.65447164,0,18,2) rare (6-20)
3958,0.40690652,0.5930935,1,160,4) very common (100+)
3959,0.78835404,0.21164596,0,134,4) very common (100+)
3960,0.63548505,0.36451495,1,4,1) very rare (1-5)
3961,0.66739607,0.33260393,0,9,2) rare (6-20)
3962,0.6964787,0.30352128,1,76,3) common (21-100)
3963,0.30687854,0.69312143,0,6,2) rare (6-20)
3964,0.46916273,0.5308373,0,343,4) very common (100+)
3965,0.77048165,0.22951835,0,261,4) very common (100+)
3966,0.22184627,0.7781537,1,2,1) very rare (1-5)
3967,0.10435638,0.8956436,1,0,1) very rare (1-5)
3968,0.9852352,0.014764786,0,372,4) very common (100+)
3969,0.69397646,0.30602354,1,42,3) common (21-100)
3970,0.5016086,0.4983914,1,1,1) very rare (1-5)
3971,0.3988399,0.6011601,0,0,1) very rare (1-5)
3972,0.13603745,0.86396253,0,0,1) very rare (1-5)
3973,0.93214065,0.06785935,0,134,4) very common (100+)
3974,0.41879216,0.5812079,0,0,1) very rare (1-5)
3975,0.82974786,0.17025214,1,3,1) very rare (1-5)
3976,0.37861335,0.62138665,1,5,1) very rare (1-5)
3977,0.42689747,0.57310253,1,107,4) very common (100+)
3978,0.53491217,0.46508783,0,261,4) very common (100+)
3979,0.5541115,0.44588852,1,1290,4) very common (100+)
3980,0.3727232,0.6272768,1,51,3) common (21-100)
3981,0.56340915,0.43659085,1,107,4) very common (100+)
3982,0.4856578,0.5143422,1,275,4) very common (100+)
3983,0.39908382,0.60091615,0,2,1) very rare (1-5)
3984,0.3765646,0.6234354,1,0,1) very rare (1-5)
3985,0.6765274,0.32347262,0,237,4) very common (100+)
3986,0.11682273,0.8831773,1,14,2) rare (6-20)
3987,0.96026474,0.039735258,0,10,2) rare (6-20)
3988,0.2872995,0.7127005,1,0,1) very rare (1-5)
3989,0.03517293,0.96482706,1,0,1) very rare (1-5)
3990,0.52267534,0.47732466,1,6,2) rare (6-20)
3991,0.873781,0.12621897,0,145,4) very common (100+)
3992,0.12328759,0.87671244,1,17,2) rare (6-20)
3993,0.9959682,0.0040317774,0,89,3) common (21-100)
3994,0.65849555,0.34150445,0,96,3) common (21-100)
3995,0.04551065,0.95448935,0,32,3) common (21-100)
3996,0.39301005,0.60699,1,178,4) very common (100+)
3997,0.11058389,0.8894161,0,5,1) very rare (1-5)
3998,0.56551456,0.43448544,0,0,1) very rare (1-5)
3999,0.8065481,0.19345188,0,166,4) very common (100+)
4000,0.44815698,0.55184305,0,261,4) very common (100+)
4001,0.96264875,0.03735125,0,9,2) rare (6-20)
4002,0.23704125,0.76295877,1,0,1) very rare (1-5)
4003,0.6945845,0.3054155,0,46,3) common (21-100)
4004,0.31827754,0.68172246,1,2,1) very rare (1-5)
4005,0.54360175,0.45639825,1,69,3) common (21-100)
4006,0.86838037,0.13161963,0,22,3) common (21-100)
4007,0.5427975,0.4572025,1,1,1) very rare (1-5)
4008,0.084493674,0.9155063,1,14,2) rare (6-20)
4009,0.7662174,0.23378259,1,1070,4) very common (100+)
4010,0.34032473,0.65967524,0,106,4) very common (100+)
4011,0.7876749,0.2123251,0,1290,4) very common (100+)
4012,0.17234904,0.82765096,1,0,1) very rare (1-5)
4013,0.17301133,0.8269887,1,66,3) common (21-100)
4014,0.14333962,0.85666037,0,20,2) rare (6-20)
4015,0.97429174,0.025708258,0,66,3) common (21-100)
4016,0.6939414,0.3060586,0,275,4) very common (100+)
4017,0.26712155,0.73287845,1,19,2) rare (6-20)
4018,0.78943163,0.21056837,0,421,4) very common (100+)
4019,0.8682061,0.13179392,0,2,1) very rare (1-5)
4020,0.2484457,0.7515543,1,2,1) very rare (1-5)
4021,0.13891204,0.861088,1,1,1) very rare (1-5)
4022,0.5723383,0.42766172,1,21,3) common (21-100)
4023,0.6794027,0.3205973,1,38,3) common (21-100)
4024,0.24539626,0.75460374,0,6,2) rare (6-20)
4025,0.3303713,0.66962874,0,1,1) very rare (1-5)
4026,0.33336696,0.666633,1,1,1) very rare (1-5)
4027,0.97120655,0.028793454,0,94,3) common (21-100)
4028,0.6016247,0.39837527,1,1290,4) very common (100+)
4029,0.54675925,0.45324075,1,0,1) very rare (1-5)
4030,0.17439136,0.8256086,0,5,1) very rare (1-5)
4031,0.083530396,0.9164696,0,2,1) very rare (1-5)
4032,0.9581593,0.041840672,1,1,1) very rare (1-5)
4033,0.08796225,0.91203773,1,3,1) very rare (1-5)
4034,0.1135138,0.8864862,1,0,1) very rare (1-5)
4035,0.9943621,0.005637884,1,81,3) common (21-100)
4036,0.25209734,0.74790263,0,36,3) common (21-100)
4037,0.031219289,0.9687807,1,1,1) very rare (1-5)
4038,0.17506152,0.8249385,1,0,1) very rare (1-5)
4039,0.08671691,0.9132831,1,75,3) common (21-100)
4040,0.4343105,0.5656895,0,43,3) common (21-100)
4041,0.025997555,0.9740024,1,0,1) very rare (1-5)
4042,0.7271624,0.27283758,0,17,2) rare (6-20)
4043,0.25749773,0.7425023,1,10,2) rare (6-20)
4044,0.8952605,0.10473949,1,0,1) very rare (1-5)
4045,0.6963247,0.3036753,1,17,2) rare (6-20)
4046,0.6888379,0.3111621,0,76,3) common (21-100)
4047,0.94900495,0.05099505,0,275,4) very common (100+)
4048,0.70591027,0.29408973,1,13,2) rare (6-20)
4049,0.109279886,0.8907201,1,39,3) common (21-100)
4050,0.8759511,0.12404889,0,79,3) common (21-100)
4051,0.5331581,0.46684188,0,1,1) very rare (1-5)
4052,0.92510605,0.07489395,0,1000,4) very common (100+)
4053,0.881038,0.11896199,0,91,3) common (21-100)
4054,0.46427906,0.53572094,1,3,1) very rare (1-5)
4055,0.17792208,0.82207793,0,44,3) common (21-100)
4056,0.94660115,0.053398848,0,1290,4) very common (100+)
4057,0.78841704,0.21158296,0,17,2) rare (6-20)
4058,0.4614317,0.53856826,1,22,3) common (21-100)
4059,0.060559716,0.9394403,1,3,1) very rare (1-5)
4060,0.5119677,0.48803228,1,1,1) very rare (1-5)
4061,0.14863569,0.8513643,1,1,1) very rare (1-5)
4062,0.44004908,0.55995095,1,22,3) common (21-100)
4063,0.77138895,0.22861105,1,343,4) very common (100+)
4064,0.20509924,0.7949008,1,8,2) rare (6-20)
4065,0.20629603,0.793704,1,89,3) common (21-100)
4066,0.87829936,0.121700644,0,142,4) very common (100+)
4067,0.551896,0.44810402,1,268,4) very common (100+)
4068,0.91435266,0.085647345,0,1290,4) very common (100+)
4069,0.052840553,0.94715947,1,1,1) very rare (1-5)
4070,0.13989574,0.86010426,1,6,2) rare (6-20)
4071,0.68092006,0.31907994,0,88,3) common (21-100)
4072,0.22040763,0.7795924,0,14,2) rare (6-20)
4073,0.1679354,0.8320646,0,5,1) very rare (1-5)
4074,0.2049967,0.7950033,1,7,2) rare (6-20)
4075,0.10112235,0.8988776,1,0,1) very rare (1-5)
4076,0.9580401,0.04195988,0,121,4) very common (100+)
4077,0.23846082,0.76153916,1,3,1) very rare (1-5)
4078,0.4319037,0.5680963,0,1070,4) very common (100+)
4079,0.1357871,0.8642129,1,0,1) very rare (1-5)
4080,0.8852257,0.11477429,0,111,4) very common (100+)
4081,0.17930697,0.820693,1,0,1) very rare (1-5)
4082,0.88907385,0.11092615,0,47,3) common (21-100)
4083,0.04407156,0.95592844,1,0,1) very rare (1-5)
4084,0.12564321,0.8743568,1,0,1) very rare (1-5)
4085,0.39787194,0.602128,1,65,3) common (21-100)
4086,0.38679034,0.61320966,0,1,1) very rare (1-5)
4087,0.25602877,0.7439712,1,2,1) very rare (1-5)
4088,0.5572816,0.4427184,1,3,1) very rare (1-5)
4089,0.2483887,0.7516113,1,1,1) very rare (1-5)
4090,0.30451477,0.69548523,0,14,2) rare (6-20)
4091,0.28852397,0.711476,1,8,2) rare (6-20)
4092,0.3218104,0.67818964,1,146,4) very common (100+)
4093,0.17069355,0.8293065,1,0,1) very rare (1-5)
4094,0.9676761,0.032323897,0,10,2) rare (6-20)
4095,0.6614861,0.3385139,0,100,3) common (21-100)
4096,0.96508694,0.034913063,0,223,4) very common (100+)
4097,0.6256096,0.37439042,0,4,1) very rare (1-5)
4098,0.34054452,0.6594555,1,0,1) very rare (1-5)
4099,0.3419179,0.6580821,0,6,2) rare (6-20)
4100,0.13841623,0.86158377,0,2,1) very rare (1-5)
4101,0.111038245,0.88896173,0,3,1) very rare (1-5)
4102,0.27032655,0.72967345,1,1,1) very rare (1-5)
4103,0.9502986,0.049701393,0,343,4) very common (100+)
4104,0.4787164,0.5212836,1,1,1) very rare (1-5)
4105,0.01764922,0.98235077,1,0,1) very rare (1-5)
4106,0.32221502,0.677785,1,0,1) very rare (1-5)
4107,0.9565711,0.043428898,1,1000,4) very common (100+)
4108,0.93398094,0.06601906,0,89,3) common (21-100)
4109,0.4042758,0.5957242,0,223,4) very common (100+)
4110,0.1704836,0.8295164,1,85,3) common (21-100)
4111,0.8798248,0.12017518,1,4,1) very rare (1-5)
4112,0.9045839,0.09541613,0,74,3) common (21-100)
4113,0.7338259,0.26617408,1,15,2) rare (6-20)
4114,0.36147404,0.63852596,1,76,3) common (21-100)
4115,0.9789488,0.021051228,0,211,4) very common (100+)
4116,0.26954818,0.7304518,1,0,1) very rare (1-5)
4117,0.24895206,0.75104797,1,13,2) rare (6-20)
4118,0.8485275,0.15147251,0,84,3) common (21-100)
4119,0.8728092,0.12719083,0,1290,4) very common (100+)
4120,0.3847386,0.61526144,1,0,1) very rare (1-5)
4121,0.75128883,0.24871117,1,9,2) rare (6-20)
4122,0.5087382,0.49126178,1,1,1) very rare (1-5)
4123,0.053522352,0.94647765,1,0,1) very rare (1-5)
4124,0.17881016,0.8211898,0,66,3) common (21-100)
4125,0.3245427,0.6754573,1,1,1) very rare (1-5)
4126,0.21142384,0.7885761,1,21,3) common (21-100)
4127,0.25149456,0.7485055,0,118,4) very common (100+)
4128,0.6683318,0.3316682,0,69,3) common (21-100)
4129,0.22220308,0.7777969,0,27,3) common (21-100)
4130,0.98999715,0.0100028515,0,182,4) very common (100+)
4131,0.070685215,0.9293148,1,2,1) very rare (1-5)
4132,0.80516785,0.19483215,1,105,4) very common (100+)
4133,0.7236363,0.27636367,1,1290,4) very common (100+)
4134,0.84085685,0.15914315,1,1070,4) very common (100+)
4135,0.30173728,0.6982627,0,19,2) rare (6-20)
4136,0.5580721,0.4419279,1,2,1) very rare (1-5)
4137,0.9171094,0.08289063,0,15,2) rare (6-20)
4138,0.042058744,0.95794123,1,0,1) very rare (1-5)
4139,0.33905098,0.660949,0,106,4) very common (100+)
4140,0.20064494,0.79935503,1,1,1) very rare (1-5)
4141,0.47935176,0.52064824,1,63,3) common (21-100)
4142,0.048574083,0.9514259,1,1,1) very rare (1-5)
4143,0.16879962,0.83120036,1,92,3) common (21-100)
4144,0.2477138,0.7522862,1,0,1) very rare (1-5)
4145,0.40877852,0.59122145,1,1,1) very rare (1-5)
4146,0.034082927,0.96591705,1,0,1) very rare (1-5)
4147,0.71414685,0.28585315,1,23,3) common (21-100)
4148,0.9322878,0.06771219,0,4,1) very rare (1-5)
4149,0.09372112,0.90627885,1,0,1) very rare (1-5)
4150,0.964639,0.035360992,0,1000,4) very common (100+)
4151,0.28953168,0.7104683,0,1070,4) very common (100+)
4152,0.94815445,0.05184555,0,1000,4) very common (100+)
4153,0.6048848,0.3951152,0,3,1) very rare (1-5)
4154,0.28892088,0.7110791,0,2,1) very rare (1-5)
4155,0.2347377,0.7652623,1,0,1) very rare (1-5)
4156,0.6774243,0.3225757,0,1290,4) very common (100+)
4157,0.102715924,0.8972841,1,0,1) very rare (1-5)
4158,0.7876552,0.21234483,0,1,1) very rare (1-5)
4159,0.19642691,0.8035731,1,0,1) very rare (1-5)
4160,0.41356486,0.58643514,1,0,1) very rare (1-5)
4161,0.4463474,0.55365264,0,7,2) rare (6-20)
4162,0.32149693,0.67850304,1,35,3) common (21-100)
4163,0.52100766,0.47899234,0,37,3) common (21-100)
4164,0.2346983,0.7653017,0,17,2) rare (6-20)
4165,0.5740778,0.42592221,0,2,1) very rare (1-5)
4166,0.098602265,0.9013977,1,0,1) very rare (1-5)
4167,0.9242383,0.075761676,0,7,2) rare (6-20)
4168,0.63301075,0.36698925,1,89,3) common (21-100)
4169,0.22189035,0.77810967,1,275,4) very common (100+)
4170,0.051061902,0.9489381,1,1,1) very rare (1-5)
4171,0.4689091,0.53109086,1,106,4) very common (100+)
4172,0.980981,0.019019008,0,1000,4) very common (100+)
4173,0.65299445,0.34700555,1,159,4) very common (100+)
4174,0.060167708,0.93983227,1,1,1) very rare (1-5)
4175,0.7172169,0.2827831,0,1,1) very rare (1-5)
4176,0.43172348,0.5682765,1,2,1) very rare (1-5)
4177,0.95613104,0.04386896,0,15,2) rare (6-20)
4178,0.048951816,0.9510482,0,21,3) common (21-100)
4179,0.33657476,0.6634252,0,343,4) very common (100+)
4180,0.07838113,0.9216189,1,27,3) common (21-100)
4181,0.14656107,0.8534389,1,1,1) very rare (1-5)
4182,0.04698522,0.9530148,1,1,1) very rare (1-5)
4183,0.17706685,0.82293314,1,0,1) very rare (1-5)
4184,0.08958733,0.91041267,1,237,4) very common (100+)
4185,0.684788,0.315212,0,3,1) very rare (1-5)
4186,0.8100247,0.18997532,0,78,3) common (21-100)
4187,0.12102641,0.8789736,1,118,4) very common (100+)
4188,0.9555382,0.044461787,0,8,2) rare (6-20)
4189,0.71706253,0.28293747,1,343,4) very common (100+)
4190,0.108012535,0.89198744,1,88,3) common (21-100)
4191,0.46566626,0.5343337,1,372,4) very common (100+)
4192,0.4692403,0.5307597,0,261,4) very common (100+)
4193,0.75721806,0.24278194,0,275,4) very common (100+)
4194,0.4478126,0.55218744,0,2,1) very rare (1-5)
4195,0.17401148,0.82598853,1,8,2) rare (6-20)
4196,0.83195466,0.16804534,0,37,3) common (21-100)
4197,0.20877877,0.79122126,0,1,1) very rare (1-5)
4198,0.76211476,0.23788524,1,1070,4) very common (100+)
4199,0.12522954,0.87477046,1,2,1) very rare (1-5)
4200,0.13337663,0.8666234,1,2,1) very rare (1-5)
4201,0.41429645,0.58570355,0,12,2) rare (6-20)
4202,0.9825331,0.017466903,0,85,3) common (21-100)
4203,0.7121366,0.28786337,1,1070,4) very common (100+)
4204,0.8534549,0.14654511,1,15,2) rare (6-20)
4205,0.10697551,0.8930245,1,0,1) very rare (1-5)
4206,0.4398352,0.5601648,0,2,1) very rare (1-5)
4207,0.9066284,0.09337163,0,223,4) very common (100+)
4208,0.97794455,0.022055447,1,268,4) very common (100+)
4209,0.4641632,0.5358368,0,223,4) very common (100+)
4210,0.30215743,0.6978426,1,0,1) very rare (1-5)
4211,0.12876436,0.8712356,1,0,1) very rare (1-5)
4212,0.0137110725,0.9862889,1,0,1) very rare (1-5)
4213,0.34544843,0.65455157,1,0,1) very rare (1-5)
4214,0.25271982,0.7472802,1,2,1) very rare (1-5)
4215,0.4759197,0.5240803,1,12,2) rare (6-20)
4216,0.35685462,0.6431454,0,46,3) common (21-100)
4217,0.5624073,0.4375927,1,10,2) rare (6-20)
4218,0.8806259,0.1193741,1,70,3) common (21-100)
4219,0.012352649,0.98764735,1,1,1) very rare (1-5)
4220,0.34230116,0.65769887,1,0,1) very rare (1-5)
4221,0.89025724,0.10974276,1,0,1) very rare (1-5)
4222,0.5290226,0.47097743,0,2,1) very rare (1-5)
4223,0.64297146,0.35702854,0,11,2) rare (6-20)
4224,0.21254767,0.78745234,1,160,4) very common (100+)
4225,0.15995428,0.8400457,0,2,1) very rare (1-5)
4226,0.81780654,0.18219346,0,66,3) common (21-100)
4227,0.2196528,0.7803472,0,16,2) rare (6-20)
4228,0.21441483,0.78558517,1,7,2) rare (6-20)
4229,0.6963996,0.30360037,0,26,3) common (21-100)
4230,0.90839547,0.09160453,0,223,4) very common (100+)
4231,0.1760058,0.8239942,1,1,1) very rare (1-5)
4232,0.11898979,0.88101023,1,0,1) very rare (1-5)
4233,0.9408494,0.059150577,0,1000,4) very common (100+)
4234,0.123193555,0.87680644,1,0,1) very rare (1-5)
4235,0.08762995,0.91237,1,1,1) very rare (1-5)
4236,0.35431254,0.64568746,1,58,3) common (21-100)
4237,0.053810593,0.9461894,1,1,1) very rare (1-5)
4238,0.8576823,0.14231771,0,421,4) very common (100+)
4239,0.036179464,0.9638205,1,26,3) common (21-100)
4240,0.6586137,0.34138632,0,1,1) very rare (1-5)
4241,0.6111297,0.3888703,1,1,1) very rare (1-5)
4242,0.23646137,0.7635386,0,6,2) rare (6-20)
4243,0.609846,0.390154,0,9,2) rare (6-20)
4244,0.3863933,0.6136067,0,421,4) very common (100+)
4245,0.892816,0.10718399,0,1070,4) very common (100+)
4246,0.26845896,0.73154104,1,28,3) common (21-100)
4247,0.72508335,0.27491665,0,37,3) common (21-100)
4248,0.93980277,0.060197234,1,15,2) rare (6-20)
4249,0.11634505,0.88365495,1,1,1) very rare (1-5)
4250,0.3544028,0.6455972,0,69,3) common (21-100)
4251,0.8785029,0.121497095,1,1,1) very rare (1-5)
4252,0.2140954,0.7859046,1,4,1) very rare (1-5)
4253,0.15329824,0.84670174,1,19,2) rare (6-20)
4254,0.36495802,0.63504195,0,21,3) common (21-100)
4255,0.24498466,0.7550154,1,24,3) common (21-100)
4256,0.5174368,0.4825632,1,7,2) rare (6-20)
4257,0.4492285,0.5507715,0,700,4) very common (100+)
4258,0.31576702,0.68423295,1,0,1) very rare (1-5)
4259,0.9824786,0.017521381,0,52,3) common (21-100)
4260,0.19375189,0.8062481,1,178,4) very common (100+)
4261,0.277558,0.72244203,1,0,1) very rare (1-5)
4262,0.9272469,0.07275307,1,2,1) very rare (1-5)
4263,0.07653667,0.92346334,1,16,2) rare (6-20)
4264,0.09538673,0.90461326,0,0,1) very rare (1-5)
4265,0.9338883,0.066111684,0,343,4) very common (100+)
4266,0.06309271,0.9369073,1,700,4) very common (100+)
4267,0.9269225,0.0730775,1,0,1) very rare (1-5)
4268,0.17077024,0.8292298,1,78,3) common (21-100)
4269,0.8043626,0.1956374,0,372,4) very common (100+)
4270,0.7081587,0.29184133,0,1070,4) very common (100+)
4271,0.9202203,0.079779685,0,3,1) very rare (1-5)
4272,0.10147406,0.89852595,1,19,2) rare (6-20)
4273,0.08081165,0.9191884,1,0,1) very rare (1-5)
4274,0.594803,0.40519702,0,3,1) very rare (1-5)
4275,0.31783557,0.68216443,0,34,3) common (21-100)
4276,0.52640885,0.47359115,0,100,3) common (21-100)
4277,0.35812104,0.64187896,1,2,1) very rare (1-5)
4278,0.15260483,0.8473952,1,1,1) very rare (1-5)
4279,0.081349276,0.91865075,1,0,1) very rare (1-5)
4280,0.5139184,0.4860816,1,166,4) very common (100+)
4281,0.7957925,0.20420748,0,4,1) very rare (1-5)
4282,0.84346664,0.15653336,0,261,4) very common (100+)
4283,0.22679901,0.773201,1,1,1) very rare (1-5)
4284,0.26061735,0.7393826,1,134,4) very common (100+)
4285,0.08437116,0.91562885,1,82,3) common (21-100)
4286,0.3186631,0.6813369,1,2,1) very rare (1-5)
4287,0.3377387,0.6622613,0,60,3) common (21-100)
4288,0.14264338,0.8573566,1,0,1) very rare (1-5)
4289,0.9230171,0.076982915,0,2,1) very rare (1-5)
4290,0.2372669,0.7627331,1,9,2) rare (6-20)
4291,0.4875915,0.5124085,1,0,1) very rare (1-5)
4292,0.0903341,0.9096659,1,4,1) very rare (1-5)
4293,0.20943448,0.7905655,1,1,1) very rare (1-5)
4294,0.17851005,0.82148993,1,4,1) very rare (1-5)
4295,0.91754556,0.08245444,1,8,2) rare (6-20)
4296,0.8695318,0.13046819,0,38,3) common (21-100)
4297,0.3224202,0.67757976,0,22,3) common (21-100)
4298,0.8455795,0.1544205,0,14,2) rare (6-20)
4299,0.34337398,0.656626,1,43,3) common (21-100)
4300,0.04215959,0.9578404,1,0,1) very rare (1-5)
4301,0.7237883,0.27621168,1,12,2) rare (6-20)
4302,0.32409167,0.6759083,1,0,1) very rare (1-5)
4303,0.64661205,0.35338795,0,12,2) rare (6-20)
4304,0.33760244,0.66239756,1,5,1) very rare (1-5)
4305,0.31005475,0.6899452,1,49,3) common (21-100)
4306,0.813721,0.186279,0,1290,4) very common (100+)
4307,0.3892243,0.6107757,1,159,4) very common (100+)
4308,0.123891585,0.8761084,1,1,1) very rare (1-5)
4309,0.66241956,0.33758044,1,274,4) very common (100+)
4310,0.030174026,0.969826,0,1,1) very rare (1-5)
4311,0.41876456,0.5812354,1,1,1) very rare (1-5)
4312,0.8222889,0.17771113,1,268,4) very common (100+)
4313,0.92363954,0.076360464,0,91,3) common (21-100)
4314,0.9042097,0.09579033,0,10,2) rare (6-20)
4315,0.54998654,0.45001346,1,14,2) rare (6-20)
4316,0.78231025,0.21768975,0,2,1) very rare (1-5)
4317,0.81378394,0.18621606,0,1290,4) very common (100+)
4318,0.076469645,0.92353034,1,1,1) very rare (1-5)
4319,0.7357808,0.26421922,1,0,1) very rare (1-5)
4320,0.906945,0.09305501,0,118,4) very common (100+)
4321,0.35229257,0.64770746,0,700,4) very common (100+)
4322,0.30189356,0.6981064,0,2,1) very rare (1-5)
4323,0.041476,0.958524,1,0,1) very rare (1-5)
4324,0.86098295,0.13901705,0,343,4) very common (100+)
4325,0.70402956,0.29597044,1,0,1) very rare (1-5)
4326,0.45207283,0.54792714,1,3,1) very rare (1-5)
4327,0.5630461,0.4369539,0,5,1) very rare (1-5)
4328,0.034540445,0.9654596,1,8,2) rare (6-20)
4329,0.66663146,0.33336854,0,21,3) common (21-100)
4330,0.067625895,0.9323741,0,13,2) rare (6-20)
4331,0.2391481,0.7608519,0,372,4) very common (100+)
4332,0.72149646,0.27850354,0,178,4) very common (100+)
4333,0.5642333,0.4357667,0,2,1) very rare (1-5)
4334,0.778612,0.22138798,0,1000,4) very common (100+)
4335,0.8315757,0.16842431,1,7,2) rare (6-20)
4336,0.39076996,0.60923004,0,38,3) common (21-100)
4337,0.051424928,0.9485751,1,17,2) rare (6-20)
4338,0.74712306,0.25287694,1,7,2) rare (6-20)
4339,0.64913887,0.35086113,1,76,3) common (21-100)
4340,0.66099834,0.33900166,1,160,4) very common (100+)
4341,0.47433695,0.525663,1,36,3) common (21-100)
4342,0.6476043,0.3523957,0,421,4) very common (100+)
4343,0.060677234,0.93932277,1,5,1) very rare (1-5)
4344,0.15197717,0.8480228,1,0,1) very rare (1-5)
4345,0.5557254,0.4442746,1,3,1) very rare (1-5)
4346,0.16895129,0.8310487,1,14,2) rare (6-20)
4347,0.014378651,0.98562133,1,19,2) rare (6-20)
4348,0.41657126,0.58342874,0,1,1) very rare (1-5)
4349,0.22476177,0.7752382,1,1,1) very rare (1-5)
4350,0.6821945,0.31780553,1,1,1) very rare (1-5)
4351,0.9378364,0.06216359,0,7,2) rare (6-20)
4352,0.15444809,0.8455519,1,1,1) very rare (1-5)
4353,0.9615373,0.0384627,0,274,4) very common (100+)
4354,0.27332035,0.7266797,1,58,3) common (21-100)
4355,0.44929317,0.55070686,0,237,4) very common (100+)
4356,0.34217453,0.65782547,1,8,2) rare (6-20)
4357,0.3104521,0.6895479,1,0,1) very rare (1-5)
4358,0.8243087,0.1756913,1,275,4) very common (100+)
4359,0.08446484,0.91553515,1,8,2) rare (6-20)
4360,0.8184744,0.18152559,1,0,1) very rare (1-5)
4361,0.37767375,0.62232625,1,0,1) very rare (1-5)
4362,0.0967624,0.9032376,0,24,3) common (21-100)
4363,0.8380873,0.16191268,0,23,3) common (21-100)
4364,0.5018484,0.4981516,1,1290,4) very common (100+)
4365,0.26574036,0.7342596,0,9,2) rare (6-20)
4366,0.9904102,0.009589791,0,71,3) common (21-100)
4367,0.08340657,0.91659343,1,0,1) very rare (1-5)
4368,0.94326115,0.056738853,0,91,3) common (21-100)
4369,0.2254963,0.7745037,1,19,2) rare (6-20)
4370,0.43671378,0.5632862,1,1070,4) very common (100+)
4371,0.9148794,0.08512062,0,13,2) rare (6-20)
4372,0.33227548,0.6677245,1,4,1) very rare (1-5)
4373,0.8200837,0.17991632,0,39,3) common (21-100)
4374,0.2267535,0.7732465,0,118,4) very common (100+)
4375,0.4996358,0.5003642,1,46,3) common (21-100)
4376,0.8776563,0.12234372,1,1070,4) very common (100+)
4377,0.6847462,0.3152538,1,0,1) very rare (1-5)
4378,0.062822886,0.9371771,0,1,1) very rare (1-5)
4379,0.99807227,0.0019277334,0,89,3) common (21-100)
4380,0.39707226,0.60292774,0,44,3) common (21-100)
4381,0.5554716,0.4445284,0,343,4) very common (100+)
4382,0.18466626,0.8153337,1,0,1) very rare (1-5)
4383,0.57785493,0.42214507,0,421,4) very common (100+)
4384,0.56971616,0.43028384,0,275,4) very common (100+)
4385,0.2030437,0.7969563,0,1,1) very rare (1-5)
4386,0.72710025,0.27289975,0,343,4) very common (100+)
4387,0.2346541,0.76534593,1,0,1) very rare (1-5)
4388,0.3755774,0.6244226,1,275,4) very common (100+)
4389,0.18348879,0.8165112,1,3,1) very rare (1-5)
4390,0.6432213,0.35677868,0,700,4) very common (100+)
4391,0.9440332,0.055966794,1,1,1) very rare (1-5)
4392,0.6287769,0.3712231,1,268,4) very common (100+)
4393,0.73368436,0.26631564,0,92,3) common (21-100)
4394,0.37381756,0.62618244,0,106,4) very common (100+)
4395,0.045187313,0.9548127,1,1,1) very rare (1-5)
4396,0.7524474,0.24755257,1,146,4) very common (100+)
4397,0.42324546,0.57675457,0,7,2) rare (6-20)
4398,0.9116314,0.088368595,0,261,4) very common (100+)
4399,0.74366885,0.25633115,1,21,3) common (21-100)
4400,0.78712547,0.21287453,0,46,3) common (21-100)
4401,0.818647,0.18135297,0,1000,4) very common (100+)
4402,0.7324554,0.26754463,0,30,3) common (21-100)
4403,0.58364314,0.41635686,1,160,4) very common (100+)
4404,0.5843119,0.4156881,1,27,3) common (21-100)
4405,0.5156795,0.48432052,1,0,1) very rare (1-5)
4406,0.5479546,0.45204538,1,107,4) very common (100+)
4407,0.9503154,0.049684584,1,25,3) common (21-100)
4408,0.054622475,0.9453775,1,0,1) very rare (1-5)
4409,0.74443394,0.25556606,0,700,4) very common (100+)
4410,0.82270116,0.17729884,0,30,3) common (21-100)
4411,0.6689823,0.33101767,0,1,1) very rare (1-5)
4412,0.6685394,0.3314606,0,12,2) rare (6-20)
4413,0.76603836,0.23396164,0,6,2) rare (6-20)
4414,0.97669137,0.023308635,0,274,4) very common (100+)
4415,0.24457473,0.7554253,1,0,1) very rare (1-5)
4416,0.24846624,0.75153375,1,105,4) very common (100+)
4417,0.25882247,0.74117756,1,100,3) common (21-100)
4418,0.43398562,0.5660144,0,4,1) very rare (1-5)
4419,0.06594794,0.93405205,0,3,1) very rare (1-5)
4420,0.7445366,0.25546342,0,5,1) very rare (1-5)
4421,0.9943071,0.005692899,0,89,3) common (21-100)
4422,0.15336771,0.8466323,0,2,1) very rare (1-5)
4423,0.61676836,0.38323164,0,146,4) very common (100+)
4424,0.3952795,0.6047205,1,700,4) very common (100+)
4425,0.11472811,0.8852719,1,1,1) very rare (1-5)
4426,0.6779063,0.32209373,1,0,1) very rare (1-5)
4427,0.4076301,0.5923699,1,1,1) very rare (1-5)
4428,0.3974422,0.6025578,1,1,1) very rare (1-5)
4429,0.6009288,0.39907122,1,372,4) very common (100+)
4430,0.09035234,0.90964764,0,30,3) common (21-100)
4431,0.053803556,0.94619644,1,23,3) common (21-100)
4432,0.0071905237,0.9928095,1,6,2) rare (6-20)
4433,0.9929376,0.0070623755,0,25,3) common (21-100)
4434,0.12423951,0.8757605,1,134,4) very common (100+)
4435,0.46733415,0.53266585,0,108,4) very common (100+)
4436,0.10382283,0.8961772,0,41,3) common (21-100)
4437,0.43926406,0.56073594,1,1070,4) very common (100+)
4438,0.7836124,0.21638763,1,3,1) very rare (1-5)
4439,0.9511258,0.0488742,0,71,3) common (21-100)
4440,0.16770989,0.8322901,0,223,4) very common (100+)
4441,0.17860003,0.8214,0,160,4) very common (100+)
4442,0.4450906,0.5549094,1,121,4) very common (100+)
4443,0.0221515,0.97784853,1,5,1) very rare (1-5)
4444,0.15062712,0.84937286,0,20,2) rare (6-20)
4445,0.5425186,0.45748138,1,1290,4) very common (100+)
4446,0.959929,0.04007101,0,223,4) very common (100+)
4447,0.10027135,0.89972866,1,1,1) very rare (1-5)
4448,0.9297382,0.07026178,0,1070,4) very common (100+)
4449,0.10976982,0.8902302,1,0,1) very rare (1-5)
4450,0.21360478,0.7863952,1,2,1) very rare (1-5)
4451,0.9837067,0.016293287,0,1000,4) very common (100+)
4452,0.6635457,0.33645427,0,1070,4) very common (100+)
4453,0.587162,0.41283798,1,134,4) very common (100+)
4454,0.3930034,0.6069966,1,2,1) very rare (1-5)
4455,0.25054777,0.74945223,1,28,3) common (21-100)
4456,0.36726388,0.6327361,1,0,1) very rare (1-5)
4457,0.983192,0.016807973,0,118,4) very common (100+)
4458,0.5445078,0.4554922,0,105,4) very common (100+)
4459,0.47442773,0.5255723,0,33,3) common (21-100)
4460,0.7599647,0.2400353,1,261,4) very common (100+)
4461,0.597884,0.402116,0,6,2) rare (6-20)
4462,0.7986597,0.20134032,0,90,3) common (21-100)
4463,0.40399274,0.5960072,1,45,3) common (21-100)
4464,0.052054685,0.9479453,1,4,1) very rare (1-5)
4465,0.287678,0.712322,0,3,1) very rare (1-5)
4466,0.51733047,0.48266953,0,1070,4) very common (100+)
4467,0.9131571,0.086842895,0,0,1) very rare (1-5)
4468,0.19863197,0.801368,0,60,3) common (21-100)
4469,0.19367471,0.8063253,1,0,1) very rare (1-5)
4470,0.8839991,0.11600089,0,118,4) very common (100+)
4471,0.30738485,0.69261515,1,0,1) very rare (1-5)
4472,0.17510848,0.8248915,1,0,1) very rare (1-5)
4473,0.42493862,0.5750614,0,30,3) common (21-100)
4474,0.6586121,0.34138793,0,1290,4) very common (100+)
4475,0.9584481,0.041551888,0,99,3) common (21-100)
4476,0.9937237,0.0062763095,0,89,3) common (21-100)
4477,0.7192678,0.2807322,1,1,1) very rare (1-5)
4478,0.729707,0.270293,0,2,1) very rare (1-5)
4479,0.27207842,0.7279216,1,0,1) very rare (1-5)
4480,0.23360161,0.7663984,0,89,3) common (21-100)
4481,0.7728052,0.22719479,0,343,4) very common (100+)
4482,0.39950055,0.60049945,0,60,3) common (21-100)
4483,0.4667321,0.53326786,1,12,2) rare (6-20)
4484,0.14063042,0.8593696,1,24,3) common (21-100)
4485,0.5489264,0.4510736,0,1070,4) very common (100+)
4486,0.05736502,0.942635,1,0,1) very rare (1-5)
4487,0.49026513,0.50973487,0,91,3) common (21-100)
4488,0.74180746,0.25819254,0,343,4) very common (100+)
4489,0.6823503,0.31764972,1,16,2) rare (6-20)
4490,0.033005293,0.9669947,1,2,1) very rare (1-5)
4491,0.6331462,0.36685377,0,1070,4) very common (100+)
4492,0.6924381,0.30756187,1,1000,4) very common (100+)
4493,0.496843,0.503157,1,268,4) very common (100+)
4494,0.20063385,0.7993661,1,0,1) very rare (1-5)
4495,0.19113563,0.80886436,0,1,1) very rare (1-5)
4496,0.8001702,0.19982982,0,178,4) very common (100+)
4497,0.05820961,0.9417904,1,0,1) very rare (1-5)
4498,0.52314454,0.47685546,1,700,4) very common (100+)
4499,0.22940704,0.7705929,1,1,1) very rare (1-5)
4500,0.2852375,0.7147625,1,2,1) very rare (1-5)
4501,0.5025327,0.49746728,1,5,1) very rare (1-5)
4502,0.84150803,0.15849197,0,36,3) common (21-100)
4503,0.21662499,0.783375,1,1,1) very rare (1-5)
4504,0.34037986,0.65962017,1,0,1) very rare (1-5)
4505,0.81292075,0.18707925,1,268,4) very common (100+)
4506,0.3139485,0.6860515,1,107,4) very common (100+)
4507,0.31205073,0.6879493,1,0,1) very rare (1-5)
4508,0.4991248,0.50087523,1,159,4) very common (100+)
4509,0.3188536,0.6811464,0,1,1) very rare (1-5)
4510,0.41847336,0.58152664,1,2,1) very rare (1-5)
4511,0.41645306,0.58354694,0,33,3) common (21-100)
4512,0.135756,0.864244,0,3,1) very rare (1-5)
4513,0.82722634,0.17277366,0,78,3) common (21-100)
4514,0.03718373,0.96281624,1,1,1) very rare (1-5)
4515,0.18510997,0.81489,0,24,3) common (21-100)
4516,0.08883248,0.9111675,1,20,2) rare (6-20)
4517,0.28173444,0.71826553,1,69,3) common (21-100)
4518,0.26113018,0.7388698,0,118,4) very common (100+)
4519,0.87706184,0.122938156,0,421,4) very common (100+)
4520,0.12101469,0.8789853,0,76,3) common (21-100)
4521,0.30098003,0.69901997,1,36,3) common (21-100)
4522,0.862954,0.13704598,0,142,4) very common (100+)
4523,0.83245564,0.16754436,1,5,1) very rare (1-5)
4524,0.44728857,0.5527114,1,1070,4) very common (100+)
4525,0.4593359,0.5406641,1,3,1) very rare (1-5)
4526,0.25714153,0.74285847,1,58,3) common (21-100)
4527,0.15361531,0.8463847,1,2,1) very rare (1-5)
4528,0.12269923,0.87730074,0,38,3) common (21-100)
4529,0.9032691,0.09673089,0,421,4) very common (100+)
4530,0.05701814,0.94298184,0,17,2) rare (6-20)
4531,0.015264905,0.9847351,1,8,2) rare (6-20)
4532,0.8063902,0.19360977,1,3,1) very rare (1-5)
4533,0.763794,0.236206,1,1,1) very rare (1-5)
4534,0.17694354,0.82305646,0,1290,4) very common (100+)
4535,0.09002099,0.909979,0,23,3) common (21-100)
4536,0.834101,0.16589898,0,372,4) very common (100+)
4537,0.5460241,0.45397592,1,29,3) common (21-100)
4538,0.12771548,0.87228453,1,2,1) very rare (1-5)
4539,0.921516,0.078484,1,5,1) very rare (1-5)
4540,0.75785697,0.24214303,1,160,4) very common (100+)
4541,0.46055067,0.53944933,0,0,1) very rare (1-5)
4542,0.854776,0.14522398,1,6,2) rare (6-20)
4543,0.3218565,0.6781435,0,16,2) rare (6-20)
4544,0.24047975,0.75952023,1,3,1) very rare (1-5)
4545,0.7057934,0.29420662,1,89,3) common (21-100)
4546,0.49511537,0.5048846,0,1000,4) very common (100+)
4547,0.61959094,0.38040906,0,58,3) common (21-100)
4548,0.15199602,0.848004,1,28,3) common (21-100)
4549,0.88669384,0.113306165,1,5,1) very rare (1-5)
4550,0.047688827,0.95231116,1,421,4) very common (100+)
4551,0.2760361,0.72396386,0,26,3) common (21-100)
4552,0.87792027,0.12207973,1,1,1) very rare (1-5)
4553,0.45729384,0.54270613,1,160,4) very common (100+)
4554,0.34509557,0.6549044,1,118,4) very common (100+)
4555,0.40779734,0.59220266,0,1290,4) very common (100+)
4556,0.9353649,0.0646351,0,1000,4) very common (100+)
4557,0.036850825,0.9631492,0,10,2) rare (6-20)
4558,0.8620216,0.13797837,0,99,3) common (21-100)
4559,0.9649757,0.035024285,0,1290,4) very common (100+)
4560,0.9299114,0.070088625,0,1070,4) very common (100+)
4561,0.47616005,0.52383995,0,1070,4) very common (100+)
4562,0.66783094,0.33216906,0,134,4) very common (100+)
4563,0.95021605,0.049783945,0,142,4) very common (100+)
4564,0.53166777,0.46833223,1,70,3) common (21-100)
4565,0.76551944,0.23448056,0,85,3) common (21-100)
4566,0.57131064,0.42868936,0,1070,4) very common (100+)
4567,0.13224705,0.86775297,1,1,1) very rare (1-5)
4568,0.9160769,0.0839231,0,1000,4) very common (100+)
4569,0.039501894,0.9604981,1,6,2) rare (6-20)
4570,0.088688895,0.9113111,1,0,1) very rare (1-5)
4571,0.56143594,0.43856406,0,1290,4) very common (100+)
4572,0.78542084,0.21457916,0,5,1) very rare (1-5)
4573,0.5431933,0.45680672,0,1290,4) very common (100+)
4574,0.69456375,0.30543625,1,275,4) very common (100+)
4575,0.22632936,0.7736707,1,14,2) rare (6-20)
4576,0.5081994,0.4918006,1,146,4) very common (100+)
4577,0.18963586,0.8103641,0,1,1) very rare (1-5)
4578,0.8479526,0.1520474,1,8,2) rare (6-20)
4579,0.49366218,0.5063378,0,3,1) very rare (1-5)
4580,0.551395,0.448605,1,1070,4) very common (100+)
4581,0.6154771,0.3845229,0,223,4) very common (100+)
4582,0.35578594,0.64421403,0,1,1) very rare (1-5)
4583,0.7583692,0.2416308,0,108,4) very common (100+)
4584,0.1547755,0.8452245,1,3,1) very rare (1-5)
4585,0.317689,0.682311,1,159,4) very common (100+)
4586,0.09176067,0.9082393,0,275,4) very common (100+)
4587,0.10879882,0.8912012,1,5,1) very rare (1-5)
4588,0.08124414,0.9187559,1,1,1) very rare (1-5)
4589,0.71392965,0.28607035,0,66,3) common (21-100)
4590,0.7399381,0.26006192,1,1070,4) very common (100+)
4591,0.35970572,0.6402943,1,107,4) very common (100+)
4592,0.5936042,0.4063958,0,2,1) very rare (1-5)
4593,0.8337158,0.1662842,1,1070,4) very common (100+)
4594,0.2640826,0.7359174,0,91,3) common (21-100)
4595,0.9424247,0.057575285,0,66,3) common (21-100)
4596,0.4871737,0.5128263,1,3,1) very rare (1-5)
4597,0.27393323,0.72606677,0,0,1) very rare (1-5)
4598,0.8182794,0.18172061,1,111,4) very common (100+)
4599,0.9375843,0.06241572,0,700,4) very common (100+)
4600,0.74201775,0.25798225,0,46,3) common (21-100)
4601,0.975662,0.024338007,0,211,4) very common (100+)
4602,0.11638355,0.88361645,1,1,1) very rare (1-5)
4603,0.2933783,0.7066217,1,0,1) very rare (1-5)
4604,0.18408102,0.815919,1,26,3) common (21-100)
4605,0.1012093,0.8987907,1,13,2) rare (6-20)
4606,0.063806675,0.93619335,1,274,4) very common (100+)
4607,0.25230896,0.74769104,1,24,3) common (21-100)
4608,0.5217949,0.47820508,0,1070,4) very common (100+)
4609,0.6102526,0.38974738,1,44,3) common (21-100)
4610,0.5682722,0.43172783,0,166,4) very common (100+)
4611,0.48892635,0.51107365,0,47,3) common (21-100)
4612,0.24453019,0.7554698,1,0,1) very rare (1-5)
4613,0.29790533,0.7020947,1,3,1) very rare (1-5)
4614,0.6558419,0.3441581,0,10,2) rare (6-20)
4615,0.67405117,0.32594883,1,1,1) very rare (1-5)
4616,0.5406264,0.4593736,1,0,1) very rare (1-5)
4617,0.7724586,0.22754139,0,28,3) common (21-100)
4618,0.14902864,0.85097134,1,1,1) very rare (1-5)
4619,0.6349775,0.36502248,0,166,4) very common (100+)
4620,0.04178729,0.95821273,1,3,1) very rare (1-5)
4621,0.49653062,0.50346935,0,100,3) common (21-100)
4622,0.7362319,0.26376808,0,7,2) rare (6-20)
4623,0.71719307,0.28280693,0,12,2) rare (6-20)
4624,0.076768786,0.92323124,0,15,2) rare (6-20)
4625,0.49569413,0.50430584,0,1070,4) very common (100+)
4626,0.015255379,0.9847446,1,1,1) very rare (1-5)
4627,0.39443165,0.60556835,1,26,3) common (21-100)
4628,0.90808475,0.09191525,1,12,2) rare (6-20)
4629,0.24739204,0.75260794,1,2,1) very rare (1-5)
4630,0.6297697,0.37023032,0,4,1) very rare (1-5)
4631,0.4518719,0.5481281,1,51,3) common (21-100)
4632,0.56295663,0.43704337,0,160,4) very common (100+)
4633,0.5200387,0.47996128,0,6,2) rare (6-20)
4634,0.8196013,0.1803987,0,6,2) rare (6-20)
4635,0.6526318,0.34736818,0,1000,4) very common (100+)
4636,0.9670632,0.03293681,0,105,4) very common (100+)
4637,0.63053674,0.36946326,1,1000,4) very common (100+)
4638,0.49486938,0.50513065,0,123,4) very common (100+)
4639,0.04572733,0.9542727,1,0,1) very rare (1-5)
4640,0.1300652,0.8699348,1,15,2) rare (6-20)
4641,0.23743594,0.76256406,1,0,1) very rare (1-5)
4642,0.96505165,0.03494835,0,1000,4) very common (100+)
4643,0.21215147,0.78784853,0,99,3) common (21-100)
4644,0.49999434,0.50000566,1,0,1) very rare (1-5)
4645,0.39151463,0.60848534,1,0,1) very rare (1-5)
4646,0.9860059,0.013994098,0,15,2) rare (6-20)
4647,0.515389,0.48461097,1,89,3) common (21-100)
4648,0.28867936,0.71132064,1,28,3) common (21-100)
4649,0.49556604,0.504434,1,261,4) very common (100+)
4650,0.11772446,0.8822755,1,0,1) very rare (1-5)
4651,0.45517364,0.5448264,0,4,1) very rare (1-5)
4652,0.8215903,0.1784097,1,89,3) common (21-100)
4653,0.28863594,0.71136403,1,40,3) common (21-100)
4654,0.024637772,0.97536224,1,5,1) very rare (1-5)
4655,0.29766005,0.70233995,1,1,1) very rare (1-5)
4656,0.98305523,0.016944766,0,700,4) very common (100+)
4657,0.6983319,0.3016681,0,100,3) common (21-100)
4658,0.1284819,0.87151814,1,0,1) very rare (1-5)
4659,0.1512014,0.84879863,0,2,1) very rare (1-5)
4660,0.23265818,0.76734185,1,261,4) very common (100+)
4661,0.24182732,0.7581727,1,1,1) very rare (1-5)
4662,0.06863928,0.9313607,1,0,1) very rare (1-5)
4663,0.49893385,0.50106615,0,0,1) very rare (1-5)
4664,0.061348476,0.9386515,1,0,1) very rare (1-5)
4665,0.19437355,0.80562645,1,4,1) very rare (1-5)
4666,0.043546647,0.9564533,1,372,4) very common (100+)
4667,0.476909,0.52309096,1,118,4) very common (100+)
4668,0.6783739,0.32162613,0,2,1) very rare (1-5)
4669,0.57696885,0.42303115,1,1,1) very rare (1-5)
4670,0.9648679,0.03513211,1,27,3) common (21-100)
4671,0.8207038,0.1792962,0,99,3) common (21-100)
4672,0.9501491,0.04985088,0,102,4) very common (100+)
4673,0.08459733,0.91540265,0,60,3) common (21-100)
4674,0.742376,0.25762397,0,134,4) very common (100+)
4675,0.8470249,0.15297508,1,105,4) very common (100+)
4676,0.7200703,0.2799297,1,18,2) rare (6-20)
4677,0.98055995,0.019440055,0,25,3) common (21-100)
4678,0.027574098,0.9724259,1,2,1) very rare (1-5)
4679,0.8578344,0.1421656,0,105,4) very common (100+)
4680,0.24111253,0.75888747,1,2,1) very rare (1-5)
4681,0.45274612,0.54725385,0,142,4) very common (100+)
4682,0.28186953,0.71813047,0,5,1) very rare (1-5)
4683,0.06862376,0.9313762,1,5,1) very rare (1-5)
4684,0.30394578,0.6960542,1,9,2) rare (6-20)
4685,0.5063633,0.49363673,0,1290,4) very common (100+)
4686,0.20971628,0.79028374,0,178,4) very common (100+)
4687,0.4750335,0.5249665,1,142,4) very common (100+)
4688,0.40515038,0.5948496,1,0,1) very rare (1-5)
4689,0.71943945,0.28056055,0,178,4) very common (100+)
4690,0.7151071,0.28489292,0,28,3) common (21-100)
4691,0.6972768,0.30272323,0,15,2) rare (6-20)
4692,0.8556411,0.14435887,1,1290,4) very common (100+)
4693,0.09688971,0.90311027,1,66,3) common (21-100)
4694,0.42560008,0.57439995,1,2,1) very rare (1-5)
4695,0.9063999,0.093600094,0,1290,4) very common (100+)
4696,0.6010838,0.39891618,1,0,1) very rare (1-5)
4697,0.5378119,0.46218812,1,1,1) very rare (1-5)
4698,0.1485091,0.8514909,0,79,3) common (21-100)
4699,0.15161093,0.8483891,1,41,3) common (21-100)
4700,0.5037451,0.49625492,0,166,4) very common (100+)
4701,0.79230225,0.20769775,1,1,1) very rare (1-5)
4702,0.934033,0.06596702,1,118,4) very common (100+)
4703,0.9848141,0.015185893,0,1000,4) very common (100+)
4704,0.49601772,0.5039823,0,18,2) rare (6-20)
4705,0.3640951,0.6359049,1,15,2) rare (6-20)
4706,0.6573014,0.34269857,1,0,1) very rare (1-5)
4707,0.46109554,0.5389044,1,0,1) very rare (1-5)
4708,0.23467284,0.76532716,1,70,3) common (21-100)
4709,0.17761332,0.8223867,1,1,1) very rare (1-5)
4710,0.9467089,0.053291082,0,17,2) rare (6-20)
4711,0.5276506,0.4723494,0,23,3) common (21-100)
4712,0.5745643,0.42543572,0,275,4) very common (100+)
4713,0.44924712,0.5507529,1,4,1) very rare (1-5)
4714,0.24588354,0.7541165,1,3,1) very rare (1-5)
4715,0.9807263,0.019273698,0,118,4) very common (100+)
4716,0.19769287,0.8023071,1,0,1) very rare (1-5)
4717,0.91671073,0.083289266,0,21,3) common (21-100)
4718,0.5362989,0.46370113,1,24,3) common (21-100)
4719,0.91791165,0.08208835,0,237,4) very common (100+)
4720,0.088178515,0.9118215,1,0,1) very rare (1-5)
4721,0.98708147,0.012918532,0,1000,4) very common (100+)
4722,0.26835287,0.73164713,1,7,2) rare (6-20)
4723,0.13579898,0.864201,0,1,1) very rare (1-5)
4724,0.369816,0.630184,0,5,1) very rare (1-5)
4725,0.8753516,0.12464839,1,11,2) rare (6-20)
4726,0.3146302,0.6853698,0,66,3) common (21-100)
4727,0.7196809,0.2803191,0,65,3) common (21-100)
4728,0.8732592,0.12674081,0,2,1) very rare (1-5)
4729,0.7879804,0.21201962,0,66,3) common (21-100)
4730,0.7562286,0.24377137,1,70,3) common (21-100)
4731,0.32141617,0.67858386,1,10,2) rare (6-20)
4732,0.9488576,0.051142395,0,89,3) common (21-100)
4733,0.8019148,0.19808519,1,7,2) rare (6-20)
4734,0.9386117,0.061388314,0,182,4) very common (100+)
4735,0.62196326,0.37803674,1,5,1) very rare (1-5)
4736,0.39164943,0.6083506,1,0,1) very rare (1-5)
4737,0.5107739,0.4892261,1,124,4) very common (100+)
4738,0.5800471,0.41995293,1,1,1) very rare (1-5)
4739,0.62961143,0.37038857,1,0,1) very rare (1-5)
4740,0.13405575,0.86594427,0,22,3) common (21-100)
4741,0.27219188,0.7278081,1,4,1) very rare (1-5)
4742,0.59684664,0.40315336,0,34,3) common (21-100)
4743,0.8089611,0.1910389,1,17,2) rare (6-20)
4744,0.12056744,0.87943256,0,0,1) very rare (1-5)
4745,0.049004335,0.9509957,1,0,1) very rare (1-5)
4746,0.69733995,0.30266005,1,146,4) very common (100+)
4747,0.15663812,0.84336185,1,0,1) very rare (1-5)
4748,0.96687776,0.03312224,0,18,2) rare (6-20)
4749,0.6200581,0.37994188,0,15,2) rare (6-20)
4750,0.7035223,0.29647768,1,1070,4) very common (100+)
4751,0.31463963,0.6853604,1,1,1) very rare (1-5)
4752,0.793773,0.206227,0,1070,4) very common (100+)
4753,0.5117012,0.48829877,0,56,3) common (21-100)
4754,0.43653443,0.5634656,0,5,1) very rare (1-5)
4755,0.7083675,0.29163247,0,275,4) very common (100+)
4756,0.7078358,0.2921642,0,105,4) very common (100+)
4757,0.34058213,0.65941787,1,0,1) very rare (1-5)
4758,0.19887349,0.8011265,1,0,1) very rare (1-5)
4759,0.17025442,0.8297456,0,0,1) very rare (1-5)
4760,0.5509504,0.4490496,1,123,4) very common (100+)
4761,0.3174556,0.6825444,1,62,3) common (21-100)
4762,0.19557574,0.8044243,1,0,1) very rare (1-5)
4763,0.2275121,0.7724879,1,3,1) very rare (1-5)
4764,0.6035238,0.3964762,0,372,4) very common (100+)
4765,0.4366239,0.56337607,1,58,3) common (21-100)
4766,0.12549214,0.87450784,1,105,4) very common (100+)
4767,0.3057232,0.6942768,1,70,3) common (21-100)
4768,0.17662717,0.82337284,1,0,1) very rare (1-5)
4769,0.18251008,0.8174899,1,13,2) rare (6-20)
4770,0.053289916,0.9467101,1,0,1) very rare (1-5)
4771,0.24107745,0.7589226,1,27,3) common (21-100)
4772,0.4621294,0.5378706,1,4,1) very rare (1-5)
4773,0.7066673,0.2933327,1,107,4) very common (100+)
4774,0.95953435,0.040465653,0,99,3) common (21-100)
4775,0.906148,0.09385198,0,274,4) very common (100+)
4776,0.80652106,0.19347894,0,10,2) rare (6-20)
4777,0.31589088,0.6841091,0,5,1) very rare (1-5)
4778,0.8230731,0.17692691,0,111,4) very common (100+)
4779,0.33388224,0.6661178,0,1,1) very rare (1-5)
4780,0.20340355,0.79659647,1,1,1) very rare (1-5)
4781,0.87515116,0.12484884,0,421,4) very common (100+)
4782,0.8105911,0.1894089,1,52,3) common (21-100)
4783,0.12369054,0.87630945,1,0,1) very rare (1-5)
4784,0.96280414,0.03719586,0,39,3) common (21-100)
4785,0.03724063,0.9627594,1,2,1) very rare (1-5)
4786,0.55335045,0.44664955,1,268,4) very common (100+)
4787,0.8876593,0.11234069,0,1000,4) very common (100+)
4788,0.4984167,0.50158334,0,35,3) common (21-100)
4789,0.5965556,0.4034444,0,91,3) common (21-100)
4790,0.35230327,0.64769673,0,0,1) very rare (1-5)
4791,0.3438423,0.65615773,1,30,3) common (21-100)
4792,0.040376138,0.9596239,1,3,1) very rare (1-5)
4793,0.48267618,0.51732385,0,166,4) very common (100+)
4794,0.8279669,0.17203307,0,82,3) common (21-100)
4795,0.90736693,0.09263307,1,66,3) common (21-100)
4796,0.35703716,0.6429628,1,237,4) very common (100+)
4797,0.34627086,0.65372914,0,13,2) rare (6-20)
4798,0.42696062,0.5730394,0,12,2) rare (6-20)
4799,0.9245353,0.075464725,0,3,1) very rare (1-5)
4800,0.2664609,0.7335391,1,1290,4) very common (100+)
4801,0.18499477,0.81500524,1,3,1) very rare (1-5)
4802,0.53798175,0.46201825,1,160,4) very common (100+)
4803,0.82576793,0.17423207,0,7,2) rare (6-20)
4804,0.069884844,0.93011516,1,0,1) very rare (1-5)
4805,0.8018974,0.1981026,0,24,3) common (21-100)
4806,0.3186618,0.6813382,1,35,3) common (21-100)
4807,0.17004387,0.8299561,0,3,1) very rare (1-5)
4808,0.602444,0.397556,0,15,2) rare (6-20)
4809,0.99213845,0.007861555,0,211,4) very common (100+)
4810,0.4344276,0.5655724,1,0,1) very rare (1-5)
4811,0.039273992,0.960726,0,71,3) common (21-100)
4812,0.6807534,0.3192466,1,0,1) very rare (1-5)
4813,0.5448404,0.4551596,1,178,4) very common (100+)
4814,0.17060775,0.82939225,1,2,1) very rare (1-5)
4815,0.12629284,0.8737072,0,3,1) very rare (1-5)
4816,0.16757101,0.832429,1,118,4) very common (100+)
4817,0.04055524,0.95944476,1,0,1) very rare (1-5)
4818,0.77637774,0.22362226,0,19,2) rare (6-20)
4819,0.37623152,0.62376845,1,0,1) very rare (1-5)
4820,0.7036196,0.2963804,1,30,3) common (21-100)
4821,0.16757709,0.8324229,1,0,1) very rare (1-5)
4822,0.4826408,0.5173592,1,66,3) common (21-100)
4823,0.8353085,0.16469151,0,4,1) very rare (1-5)
4824,0.3824473,0.6175527,1,275,4) very common (100+)
4825,0.3851018,0.6148982,1,38,3) common (21-100)
4826,0.9679251,0.03207493,1,16,2) rare (6-20)
4827,0.71382624,0.28617376,1,2,1) very rare (1-5)
4828,0.26754245,0.7324575,0,421,4) very common (100+)
4829,0.33684102,0.663159,1,3,1) very rare (1-5)
4830,0.934775,0.065225005,0,8,2) rare (6-20)
4831,0.54346496,0.45653504,1,4,1) very rare (1-5)
4832,0.25393477,0.74606526,1,118,4) very common (100+)
4833,0.1523648,0.8476352,0,2,1) very rare (1-5)
4834,0.91513693,0.08486307,1,0,1) very rare (1-5)
4835,0.99180675,0.0081932545,0,274,4) very common (100+)
4836,0.42105022,0.5789498,0,39,3) common (21-100)
4837,0.02013864,0.9798614,1,0,1) very rare (1-5)
4838,0.94023126,0.059768736,1,0,1) very rare (1-5)
4839,0.18653364,0.81346637,1,0,1) very rare (1-5)
4840,0.68146855,0.31853145,0,18,2) rare (6-20)
4841,0.34785467,0.6521453,1,0,1) very rare (1-5)
4842,0.97986174,0.020138264,0,142,4) very common (100+)
4843,0.9864899,0.013510108,0,1000,4) very common (100+)
4844,0.64642394,0.35357606,0,78,3) common (21-100)
4845,0.13538446,0.86461556,1,8,2) rare (6-20)
4846,0.07640812,0.92359185,0,0,1) very rare (1-5)
4847,0.5310887,0.4689113,0,10,2) rare (6-20)
4848,0.72336304,0.27663696,0,16,2) rare (6-20)
4849,0.10379083,0.8962092,1,8,2) rare (6-20)
4850,0.9415795,0.05842048,1,0,1) very rare (1-5)
4851,0.5436052,0.4563948,0,9,2) rare (6-20)
4852,0.9049154,0.09508461,0,1290,4) very common (100+)
4853,0.27355188,0.7264481,1,81,3) common (21-100)
4854,0.1895287,0.8104713,1,2,1) very rare (1-5)
4855,0.84916717,0.15083283,1,1000,4) very common (100+)
4856,0.09035338,0.90964663,0,41,3) common (21-100)
4857,0.7687309,0.23126912,1,1070,4) very common (100+)
4858,0.29969147,0.70030856,1,44,3) common (21-100)
4859,0.9980648,0.001935184,0,211,4) very common (100+)
4860,0.35765517,0.64234483,0,36,3) common (21-100)
4861,0.7633606,0.23663938,1,268,4) very common (100+)
4862,0.057464942,0.94253504,1,0,1) very rare (1-5)
4863,0.68221575,0.31778425,1,0,1) very rare (1-5)
4864,0.13003543,0.8699646,1,0,1) very rare (1-5)
4865,0.2822995,0.7177005,1,0,1) very rare (1-5)
4866,0.22591373,0.77408624,1,19,2) rare (6-20)
4867,0.52304786,0.47695214,0,2,1) very rare (1-5)
4868,0.36913365,0.63086635,1,1,1) very rare (1-5)
4869,0.45312643,0.54687357,1,16,2) rare (6-20)
4870,0.46302682,0.5369732,0,41,3) common (21-100)
4871,0.75446165,0.24553835,0,268,4) very common (100+)
4872,0.630779,0.36922097,0,134,4) very common (100+)
4873,0.7417214,0.2582786,1,0,1) very rare (1-5)
4874,0.73420155,0.26579845,0,29,3) common (21-100)
4875,0.39001945,0.6099806,1,15,2) rare (6-20)
4876,0.9277976,0.072202384,0,134,4) very common (100+)
4877,0.39404672,0.6059533,0,56,3) common (21-100)
4878,0.68370026,0.31629974,1,1070,4) very common (100+)
4879,0.66764516,0.33235484,1,0,1) very rare (1-5)
4880,0.60442394,0.39557606,1,19,2) rare (6-20)
4881,0.22209385,0.7779062,0,7,2) rare (6-20)
4882,0.32473502,0.67526495,1,28,3) common (21-100)
4883,0.26798674,0.7320132,1,343,4) very common (100+)
4884,0.23677218,0.7632278,1,0,1) very rare (1-5)
4885,0.9549678,0.045032203,0,37,3) common (21-100)
4886,0.27666602,0.72333395,1,106,4) very common (100+)
4887,0.067287825,0.9327122,1,142,4) very common (100+)
4888,0.9923389,0.007661104,0,89,3) common (21-100)
4889,0.41837558,0.5816244,1,7,2) rare (6-20)
4890,0.10132238,0.8986776,1,0,1) very rare (1-5)
4891,0.3861111,0.61388886,1,3,1) very rare (1-5)
4892,0.69422525,0.30577475,0,1000,4) very common (100+)
4893,0.09008472,0.90991527,1,0,1) very rare (1-5)
4894,0.02044269,0.97955734,1,1,1) very rare (1-5)
4895,0.3595867,0.6404133,1,343,4) very common (100+)
4896,0.906038,0.09396201,0,2,1) very rare (1-5)
4897,0.8926047,0.10739529,1,146,4) very common (100+)
4898,0.5838056,0.41619438,0,4,1) very rare (1-5)
4899,0.727007,0.27299303,0,92,3) common (21-100)
4900,0.9243546,0.07564539,0,22,3) common (21-100)
4901,0.7794222,0.22057778,1,146,4) very common (100+)
4902,0.014706178,0.9852938,0,4,1) very rare (1-5)
4903,0.9717891,0.028210878,0,211,4) very common (100+)
4904,0.9449132,0.05508679,0,223,4) very common (100+)
4905,0.9873263,0.012673676,0,10,2) rare (6-20)
4906,0.59821516,0.40178484,0,107,4) very common (100+)
4907,0.23259999,0.7674,0,0,1) very rare (1-5)
4908,0.5079023,0.49209768,0,78,3) common (21-100)
4909,0.7993407,0.20065928,1,28,3) common (21-100)
4910,0.5146825,0.48531753,1,105,4) very common (100+)
4911,0.8874262,0.1125738,1,2,1) very rare (1-5)
4912,0.6421692,0.35783082,1,1070,4) very common (100+)
4913,0.024464643,0.97553533,1,16,2) rare (6-20)
4914,0.11424093,0.88575906,1,0,1) very rare (1-5)
4915,0.962163,0.03783703,1,261,4) very common (100+)
4916,0.52546614,0.47453386,0,1070,4) very common (100+)
4917,0.8218763,0.17812371,0,105,4) very common (100+)
4918,0.69253445,0.30746555,0,58,3) common (21-100)
4919,0.8223988,0.17760122,0,1000,4) very common (100+)
4920,0.3834171,0.6165829,0,0,1) very rare (1-5)
4921,0.2679615,0.7320385,0,8,2) rare (6-20)
4922,0.9515062,0.048493803,0,39,3) common (21-100)
4923,0.4753554,0.5246446,0,3,1) very rare (1-5)
4924,0.07271826,0.92728174,1,118,4) very common (100+)
4925,0.50601774,0.49398226,0,89,3) common (21-100)
4926,0.4454965,0.5545035,1,11,2) rare (6-20)
4927,0.82194203,0.17805797,1,1290,4) very common (100+)
4928,0.7614232,0.23857683,1,0,1) very rare (1-5)
4929,0.23757792,0.7624221,1,343,4) very common (100+)
4930,0.2941092,0.7058908,0,1,1) very rare (1-5)
4931,0.22831258,0.7716874,1,5,1) very rare (1-5)
4932,0.11523008,0.8847699,1,0,1) very rare (1-5)
4933,0.09349769,0.9065023,1,0,1) very rare (1-5)
4934,0.26765242,0.7323476,1,8,2) rare (6-20)
4935,0.9968671,0.0031328797,0,211,4) very common (100+)
4936,0.3308465,0.6691535,0,14,2) rare (6-20)
4937,0.5684627,0.43153727,1,14,2) rare (6-20)
4938,0.8779318,0.12206823,0,18,2) rare (6-20)
4939,0.8581161,0.14188391,0,23,3) common (21-100)
4940,0.5777148,0.4222852,1,7,2) rare (6-20)
4941,0.8627035,0.1372965,1,700,4) very common (100+)
4942,0.9939149,0.006085098,0,53,3) common (21-100)
4943,0.066258155,0.93374187,1,2,1) very rare (1-5)
4944,0.297154,0.702846,1,160,4) very common (100+)
4945,0.06507184,0.9349282,1,0,1) very rare (1-5)
4946,0.3954236,0.6045764,0,5,1) very rare (1-5)
4947,0.17130727,0.82869273,1,1,1) very rare (1-5)
4948,0.66751814,0.33248186,1,261,4) very common (100+)
4949,0.30623314,0.69376683,1,0,1) very rare (1-5)
4950,0.77855456,0.22144544,0,142,4) very common (100+)
4951,0.13795505,0.86204493,1,1,1) very rare (1-5)
4952,0.07727993,0.9227201,1,0,1) very rare (1-5)
4953,0.48628998,0.51371,0,4,1) very rare (1-5)
4954,0.026689043,0.97331095,1,0,1) very rare (1-5)
4955,0.12220557,0.87779444,1,0,1) very rare (1-5)
4956,0.80589956,0.19410044,1,5,1) very rare (1-5)
4957,0.15913571,0.8408643,0,7,2) rare (6-20)
4958,0.30194697,0.698053,1,31,3) common (21-100)
4959,0.20909305,0.79090697,1,4,1) very rare (1-5)
4960,0.74114573,0.25885427,1,36,3) common (21-100)
4961,0.45602927,0.5439707,1,343,4) very common (100+)
4962,0.46035257,0.53964746,1,23,3) common (21-100)
4963,0.7788354,0.22116458,1,178,4) very common (100+)
4964,0.3288963,0.6711037,0,0,1) very rare (1-5)
4965,0.63847595,0.36152405,1,268,4) very common (100+)
4966,0.86616033,0.13383967,1,58,3) common (21-100)
4967,0.25793365,0.7420664,0,4,1) very rare (1-5)
4968,0.5961251,0.40387487,1,8,2) rare (6-20)
4969,0.2693478,0.7306522,0,5,1) very rare (1-5)
4970,0.10777701,0.892223,1,0,1) very rare (1-5)
4971,0.6344756,0.3655244,0,17,2) rare (6-20)
4972,0.8893678,0.11063218,1,1070,4) very common (100+)
4973,0.9691989,0.030801117,0,1000,4) very common (100+)
4974,0.6295346,0.3704654,0,159,4) very common (100+)
4975,0.71196073,0.28803927,0,274,4) very common (100+)
4976,0.1903769,0.8096231,1,9,2) rare (6-20)
4977,0.19000088,0.8099991,1,0,1) very rare (1-5)
4978,0.91006255,0.08993745,0,63,3) common (21-100)
4979,0.25245002,0.74755,1,1290,4) very common (100+)
4980,0.4906235,0.5093765,1,2,1) very rare (1-5)
4981,0.84945494,0.15054506,0,237,4) very common (100+)
4982,0.13619703,0.86380297,0,2,1) very rare (1-5)
4983,0.75990975,0.24009025,1,0,1) very rare (1-5)
4984,0.4627525,0.53724754,1,3,1) very rare (1-5)
4985,0.32981202,0.67018795,0,3,1) very rare (1-5)
4986,0.39929232,0.60070765,1,31,3) common (21-100)
4987,0.08229069,0.9177093,1,0,1) very rare (1-5)
4988,0.24936688,0.7506331,0,16,2) rare (6-20)
4989,0.32826465,0.67173535,1,8,2) rare (6-20)
4990,0.5219607,0.47803932,0,4,1) very rare (1-5)
4991,0.7232973,0.2767027,0,18,2) rare (6-20)
4992,0.03269792,0.9673021,1,3,1) very rare (1-5)
4993,0.68556195,0.31443805,1,1290,4) very common (100+)
4994,0.22709875,0.77290124,1,0,1) very rare (1-5)
4995,0.14612561,0.8538744,1,85,3) common (21-100)
4996,0.024317544,0.97568244,1,0,1) very rare (1-5)
4997,0.8484232,0.15157682,0,43,3) common (21-100)
4998,0.89447916,0.105520844,0,1000,4) very common (100+)
4999,0.4942595,0.5057405,1,0,1) very rare (1-5)
5000,0.9456402,0.054359794,0,223,4) very common (100+)
5001,0.2555234,0.74447656,1,6,2) rare (6-20)
5002,0.17243925,0.8275608,1,1,1) very rare (1-5)
5003,0.94895977,0.051040232,0,89,3) common (21-100)
5004,0.791173,0.20882702,0,66,3) common (21-100)
5005,0.06459966,0.93540037,1,118,4) very common (100+)
5006,0.97033185,0.029668152,0,274,4) very common (100+)
