mol_idx,top_score,uq,error,frequency,tier
0,0.95336163,0.04663837,0,74,3) common (21-100)
1,0.10573889,0.8942611,0,0,1) very rare (1-5)
2,0.88338184,0.11661816,0,74,3) common (21-100)
3,0.42028093,0.57971907,1,0,1) very rare (1-5)
4,0.04514123,0.9548588,1,0,1) very rare (1-5)
5,0.69511247,0.30488753,0,7,2) rare (6-20)
6,0.34200945,0.6579906,0,2,1) very rare (1-5)
7,0.85774845,0.14225155,0,23,3) common (21-100)
8,0.72460186,0.27539814,1,4,1) very rare (1-5)
9,0.1455453,0.8544547,1,0,1) very rare (1-5)
10,0.06660741,0.9333926,1,0,1) very rare (1-5)
11,0.8310387,0.16896129,0,3,1) very rare (1-5)
12,0.060383122,0.93961686,1,0,1) very rare (1-5)
13,0.7837028,0.21629721,1,0,1) very rare (1-5)
14,0.8530046,0.14699543,0,1,1) very rare (1-5)
15,0.55217,0.44783002,1,6,2) rare (6-20)
16,0.5921188,0.4078812,0,5,1) very rare (1-5)
17,0.88774455,0.112255454,0,74,3) common (21-100)
18,0.9112427,0.08875728,1,2,1) very rare (1-5)
19,0.8975955,0.102404475,0,3,1) very rare (1-5)
20,0.07863468,0.9213653,1,0,1) very rare (1-5)
21,0.64208835,0.35791165,0,74,3) common (21-100)
22,0.17277338,0.82722664,1,0,1) very rare (1-5)
23,0.7159785,0.2840215,1,14,2) rare (6-20)
24,0.71038234,0.28961766,0,108,4) very common (100+)
25,0.5942626,0.4057374,0,145,4) very common (100+)
26,0.1033526,0.8966474,1,7,2) rare (6-20)
27,0.26808703,0.731913,1,20,2) rare (6-20)
28,0.306757,0.693243,0,10,2) rare (6-20)
29,0.5661759,0.43382412,1,0,1) very rare (1-5)
30,0.3091567,0.69084334,0,7,2) rare (6-20)
31,0.82703763,0.17296237,1,43,3) common (21-100)
32,0.19494799,0.80505204,1,1,1) very rare (1-5)
33,0.82743865,0.17256135,0,6,2) rare (6-20)
34,0.1173415,0.8826585,1,31,3) common (21-100)
35,0.103917345,0.89608264,1,0,1) very rare (1-5)
36,0.16113132,0.8388687,1,0,1) very rare (1-5)
37,0.68558633,0.31441367,1,3,1) very rare (1-5)
38,0.19735211,0.8026479,1,2,1) very rare (1-5)
39,0.60415375,0.39584625,1,84,3) common (21-100)
40,0.30171603,0.698284,1,0,1) very rare (1-5)
41,0.07039127,0.9296087,1,0,1) very rare (1-5)
42,0.24769555,0.75230443,1,2,1) very rare (1-5)
43,0.77699816,0.22300184,0,3,1) very rare (1-5)
44,0.057820983,0.942179,1,1,1) very rare (1-5)
45,0.6570326,0.3429674,1,0,1) very rare (1-5)
46,0.8915918,0.10840821,0,36,3) common (21-100)
47,0.19127132,0.8087287,1,3,1) very rare (1-5)
48,0.026271533,0.9737285,1,1,1) very rare (1-5)
49,0.054514516,0.9454855,0,0,1) very rare (1-5)
50,0.32868898,0.671311,1,8,2) rare (6-20)
51,0.8349293,0.16507071,1,2,1) very rare (1-5)
52,0.84872925,0.15127075,1,5,1) very rare (1-5)
53,0.37716752,0.6228325,1,44,3) common (21-100)
54,0.06676927,0.93323076,1,0,1) very rare (1-5)
55,0.25158334,0.74841666,1,3,1) very rare (1-5)
56,0.7427949,0.25720513,1,1,1) very rare (1-5)
57,0.2650398,0.7349602,1,274,4) very common (100+)
58,0.05663853,0.94336146,1,14,2) rare (6-20)
59,0.6744973,0.3255027,1,2,1) very rare (1-5)
60,0.33534425,0.66465575,0,1,1) very rare (1-5)
61,0.45459914,0.54540086,1,2,1) very rare (1-5)
62,0.317045,0.682955,1,123,4) very common (100+)
63,0.08420265,0.91579735,1,1,1) very rare (1-5)
64,0.44486022,0.5551398,1,30,3) common (21-100)
65,0.92324543,0.07675457,0,15,2) rare (6-20)
66,0.6595733,0.34042668,0,6,2) rare (6-20)
67,0.3972546,0.6027454,0,13,2) rare (6-20)
68,0.9889781,0.011021912,0,274,4) very common (100+)
69,0.4424775,0.55752254,1,0,1) very rare (1-5)
70,0.52332276,0.47667724,0,5,1) very rare (1-5)
71,0.49109375,0.50890625,0,14,2) rare (6-20)
72,0.23653933,0.76346064,1,2,1) very rare (1-5)
73,0.63404465,0.36595535,1,142,4) very common (100+)
74,0.06162286,0.93837714,1,0,1) very rare (1-5)
75,0.286724,0.713276,1,81,3) common (21-100)
76,0.48425958,0.5157404,1,30,3) common (21-100)
77,0.43440962,0.5655904,1,4,1) very rare (1-5)
78,0.2005932,0.79940677,1,2,1) very rare (1-5)
79,0.59426147,0.40573853,1,1070,4) very common (100+)
80,0.5060018,0.49399823,1,1,1) very rare (1-5)
81,0.103772,0.896228,1,0,1) very rare (1-5)
82,0.04121832,0.95878166,0,3,1) very rare (1-5)
83,0.82947403,0.17052597,1,1290,4) very common (100+)
84,0.26904535,0.73095465,1,1,1) very rare (1-5)
85,0.3649188,0.6350812,1,19,2) rare (6-20)
86,0.4066583,0.5933417,1,75,3) common (21-100)
87,0.013359968,0.98664004,1,24,3) common (21-100)
88,0.057215244,0.9427848,1,0,1) very rare (1-5)
89,0.5807669,0.41923308,0,106,4) very common (100+)
90,0.52431697,0.47568303,0,81,3) common (21-100)
91,0.41751963,0.5824804,0,2,1) very rare (1-5)
92,0.35835055,0.6416495,1,6,2) rare (6-20)
93,0.9527161,0.047283888,1,146,4) very common (100+)
94,0.85762006,0.14237994,1,3,1) very rare (1-5)
95,0.8662168,0.13378322,0,1290,4) very common (100+)
96,0.25200564,0.74799436,1,26,3) common (21-100)
97,0.02769165,0.97230834,1,15,2) rare (6-20)
98,0.12739225,0.87260777,1,107,4) very common (100+)
99,0.8998053,0.10019469,1,1070,4) very common (100+)
100,0.29950392,0.7004961,0,96,3) common (21-100)
101,0.17033482,0.8296652,1,1,1) very rare (1-5)
102,0.5806002,0.4193998,0,118,4) very common (100+)
103,0.34640852,0.6535915,0,0,1) very rare (1-5)
104,0.8832622,0.11673778,1,54,3) common (21-100)
105,0.8366552,0.1633448,0,1290,4) very common (100+)
106,0.99888223,0.0011177659,0,89,3) common (21-100)
107,0.09163988,0.9083601,1,20,2) rare (6-20)
108,0.88674617,0.11325383,0,66,3) common (21-100)
109,0.20709199,0.792908,0,9,2) rare (6-20)
110,0.98305446,0.01694554,1,89,3) common (21-100)
111,0.35029548,0.6497045,1,16,2) rare (6-20)
112,0.107087724,0.89291227,1,0,1) very rare (1-5)
113,0.47378272,0.5262173,0,43,3) common (21-100)
114,0.3058173,0.6941827,1,111,4) very common (100+)
115,0.7596882,0.2403118,0,145,4) very common (100+)
116,0.009556441,0.9904436,1,1,1) very rare (1-5)
117,0.930005,0.069994986,0,70,3) common (21-100)
118,0.39587146,0.60412854,0,94,3) common (21-100)
119,0.8479649,0.15203512,0,123,4) very common (100+)
120,0.22857958,0.7714204,1,33,3) common (21-100)
121,0.5715421,0.42845792,1,0,1) very rare (1-5)
122,0.41994625,0.58005375,1,0,1) very rare (1-5)
123,0.99053395,0.009466052,0,700,4) very common (100+)
124,0.39451912,0.6054809,0,37,3) common (21-100)
125,0.8971146,0.102885425,0,52,3) common (21-100)
126,0.6598697,0.34013033,1,0,1) very rare (1-5)
127,0.2916925,0.7083075,1,2,1) very rare (1-5)
128,0.15703842,0.84296155,0,0,1) very rare (1-5)
129,0.26623687,0.7337631,0,106,4) very common (100+)
130,0.8870313,0.11296868,1,11,2) rare (6-20)
131,0.70845544,0.29154456,1,2,1) very rare (1-5)
132,0.79955506,0.20044494,0,6,2) rare (6-20)
133,0.79935604,0.20064396,0,1,1) very rare (1-5)
134,0.99152935,0.0084706545,0,274,4) very common (100+)
135,0.061634984,0.93836504,1,0,1) very rare (1-5)
136,0.7841524,0.21584761,0,78,3) common (21-100)
137,0.62098014,0.37901986,1,0,1) very rare (1-5)
138,0.60578406,0.39421594,0,1290,4) very common (100+)
139,0.56106037,0.43893963,1,1070,4) very common (100+)
140,0.9822535,0.017746508,0,343,4) very common (100+)
141,0.8739214,0.1260786,0,74,3) common (21-100)
142,0.48043168,0.5195683,0,66,3) common (21-100)
143,0.28934363,0.7106564,1,2,1) very rare (1-5)
144,0.21625312,0.7837469,1,13,2) rare (6-20)
145,0.8071953,0.1928047,0,5,1) very rare (1-5)
146,0.32055706,0.67944294,1,166,4) very common (100+)
147,0.0149473995,0.9850526,1,3,1) very rare (1-5)
148,0.12653153,0.87346846,1,1,1) very rare (1-5)
149,0.76221186,0.23778814,0,33,3) common (21-100)
150,0.2843577,0.71564233,0,178,4) very common (100+)
151,0.4438063,0.5561937,0,5,1) very rare (1-5)
152,0.5108352,0.48916483,0,1290,4) very common (100+)
153,0.044090327,0.95590967,0,33,3) common (21-100)
154,0.06707674,0.93292326,1,0,1) very rare (1-5)
155,0.2831751,0.7168249,1,33,3) common (21-100)
156,0.8813806,0.11861938,0,9,2) rare (6-20)
157,0.961785,0.03821498,1,8,2) rare (6-20)
158,0.92965025,0.07034975,0,39,3) common (21-100)
159,0.4918763,0.5081237,1,4,1) very rare (1-5)
160,0.35996282,0.6400372,1,10,2) rare (6-20)
161,0.09532264,0.9046774,1,0,1) very rare (1-5)
162,0.1320355,0.8679645,0,76,3) common (21-100)
163,0.3252762,0.6747238,1,4,1) very rare (1-5)
164,0.07236732,0.9276327,1,160,4) very common (100+)
165,0.13569541,0.8643046,0,4,1) very rare (1-5)
166,0.68886894,0.31113106,1,7,2) rare (6-20)
167,0.11723385,0.8827661,0,4,1) very rare (1-5)
168,0.54969597,0.45030403,0,223,4) very common (100+)
169,0.28957602,0.71042395,0,8,2) rare (6-20)
170,0.1890174,0.8109826,1,0,1) very rare (1-5)
171,0.21368083,0.78631914,1,26,3) common (21-100)
172,0.4721252,0.5278748,1,1290,4) very common (100+)
173,0.79152685,0.20847315,0,105,4) very common (100+)
174,0.5914463,0.40855372,1,1,1) very rare (1-5)
175,0.11423433,0.8857657,1,2,1) very rare (1-5)
176,0.3704366,0.6295634,1,15,2) rare (6-20)
177,0.34831256,0.65168744,0,102,4) very common (100+)
178,0.9306657,0.06933433,0,1070,4) very common (100+)
179,0.8080645,0.19193548,0,15,2) rare (6-20)
180,0.78157336,0.21842664,0,1070,4) very common (100+)
181,0.3431482,0.65685177,0,79,3) common (21-100)
182,0.6669624,0.3330376,1,1070,4) very common (100+)
183,0.06206171,0.9379383,1,36,3) common (21-100)
184,0.5933837,0.40661627,0,66,3) common (21-100)
185,0.8277011,0.17229891,0,1070,4) very common (100+)
186,0.9914614,0.008538604,0,211,4) very common (100+)
187,0.7210033,0.2789967,1,81,3) common (21-100)
188,0.08145337,0.9185466,1,10,2) rare (6-20)
189,0.3068797,0.6931203,1,1,1) very rare (1-5)
190,0.9732892,0.026710808,0,1070,4) very common (100+)
191,0.051634893,0.9483651,1,2,1) very rare (1-5)
192,0.44930685,0.55069315,1,20,2) rare (6-20)
193,0.12011565,0.87988436,0,5,1) very rare (1-5)
194,0.2682488,0.7317512,0,4,1) very rare (1-5)
195,0.40889582,0.59110415,0,4,1) very rare (1-5)
196,0.5822994,0.4177006,0,6,2) rare (6-20)
197,0.6990498,0.30095023,1,45,3) common (21-100)
198,0.52428174,0.47571826,0,108,4) very common (100+)
199,0.36866906,0.63133097,0,44,3) common (21-100)
200,0.8784384,0.12156159,1,30,3) common (21-100)
201,0.39215162,0.6078484,1,96,3) common (21-100)
202,0.9545578,0.045442224,0,70,3) common (21-100)
203,0.1583445,0.8416555,1,0,1) very rare (1-5)
204,0.054237243,0.94576275,0,2,1) very rare (1-5)
205,0.1923055,0.8076945,1,2,1) very rare (1-5)
206,0.3262108,0.6737892,1,372,4) very common (100+)
207,0.81525344,0.18474656,1,0,1) very rare (1-5)
208,0.21971901,0.780281,1,11,2) rare (6-20)
209,0.20853268,0.7914673,1,0,1) very rare (1-5)
210,0.6287603,0.37123972,0,274,4) very common (100+)
211,0.85006475,0.14993525,0,99,3) common (21-100)
212,0.20269108,0.7973089,1,5,1) very rare (1-5)
213,0.9007247,0.09927529,0,1290,4) very common (100+)
214,0.62354237,0.37645763,0,5,1) very rare (1-5)
215,0.26310408,0.7368959,1,1,1) very rare (1-5)
216,0.9051391,0.09486091,0,121,4) very common (100+)
217,0.5599407,0.4400593,1,1,1) very rare (1-5)
218,0.79225683,0.20774317,0,118,4) very common (100+)
219,0.98344445,0.016555548,0,118,4) very common (100+)
220,0.41049218,0.5895078,1,1,1) very rare (1-5)
221,0.46903294,0.53096706,0,6,2) rare (6-20)
222,0.37813777,0.62186223,1,4,1) very rare (1-5)
223,0.25329846,0.74670154,1,4,1) very rare (1-5)
224,0.103648275,0.8963517,1,1,1) very rare (1-5)
225,0.9250948,0.07490522,0,1290,4) very common (100+)
226,0.41043437,0.58956563,1,9,2) rare (6-20)
227,0.7948114,0.20518857,0,8,2) rare (6-20)
228,0.26757145,0.73242855,1,9,2) rare (6-20)
229,0.43856674,0.56143326,1,237,4) very common (100+)
230,0.70768756,0.29231244,0,261,4) very common (100+)
231,0.18716432,0.8128357,1,3,1) very rare (1-5)
232,0.084975205,0.9150248,1,3,1) very rare (1-5)
233,0.90822995,0.09177005,0,108,4) very common (100+)
234,0.8131286,0.18687141,0,118,4) very common (100+)
235,0.053980034,0.94601995,1,9,2) rare (6-20)
236,0.2686441,0.7313559,1,20,2) rare (6-20)
237,0.29282194,0.70717806,0,22,3) common (21-100)
238,0.061619792,0.9383802,1,3,1) very rare (1-5)
239,0.8158905,0.18410951,1,145,4) very common (100+)
240,0.6446588,0.3553412,1,84,3) common (21-100)
241,0.4607675,0.5392325,1,33,3) common (21-100)
242,0.9227935,0.07720649,1,8,2) rare (6-20)
243,0.17911984,0.8208802,1,1,1) very rare (1-5)
244,0.11621316,0.88378686,1,39,3) common (21-100)
245,0.8695751,0.13042492,0,1070,4) very common (100+)
246,0.9212208,0.07877922,0,1070,4) very common (100+)
247,0.7462358,0.2537642,0,39,3) common (21-100)
248,0.32019275,0.67980725,0,3,1) very rare (1-5)
249,0.6541891,0.3458109,0,92,3) common (21-100)
250,0.19550148,0.80449855,1,0,1) very rare (1-5)
251,0.15395047,0.84604955,1,2,1) very rare (1-5)
252,0.3594155,0.64058447,0,5,1) very rare (1-5)
253,0.8165425,0.1834575,0,421,4) very common (100+)
254,0.105864726,0.8941353,1,0,1) very rare (1-5)
255,0.12315767,0.8768423,0,0,1) very rare (1-5)
256,0.32855856,0.67144144,1,16,2) rare (6-20)
257,0.15753636,0.8424636,1,0,1) very rare (1-5)
258,0.47873285,0.5212672,1,1070,4) very common (100+)
259,0.10589551,0.8941045,0,14,2) rare (6-20)
260,0.9261441,0.07385588,0,47,3) common (21-100)
261,0.618456,0.381544,1,0,1) very rare (1-5)
262,0.15127279,0.8487272,0,18,2) rare (6-20)
263,0.9868398,0.013160229,0,700,4) very common (100+)
264,0.7097895,0.2902105,1,79,3) common (21-100)
265,0.8982684,0.1017316,0,178,4) very common (100+)
266,0.7959474,0.20405263,0,261,4) very common (100+)
267,0.80433035,0.19566965,0,105,4) very common (100+)
268,0.58166385,0.41833615,0,5,1) very rare (1-5)
269,0.663474,0.33652598,0,2,1) very rare (1-5)
270,0.095759064,0.90424097,1,0,1) very rare (1-5)
271,0.21022063,0.78977937,1,6,2) rare (6-20)
272,0.778814,0.22118598,0,19,2) rare (6-20)
273,0.4062163,0.59378374,1,0,1) very rare (1-5)
274,0.077551395,0.92244864,1,3,1) very rare (1-5)
275,0.76785535,0.23214465,0,372,4) very common (100+)
276,0.62708735,0.37291265,1,2,1) very rare (1-5)
277,0.906576,0.09342402,0,1070,4) very common (100+)
278,0.07731773,0.9226823,1,58,3) common (21-100)
279,0.33957654,0.66042346,0,372,4) very common (100+)
280,0.769744,0.23025602,0,1290,4) very common (100+)
281,0.4723326,0.5276674,1,0,1) very rare (1-5)
282,0.16008605,0.83991396,1,4,1) very rare (1-5)
283,0.47584647,0.52415353,1,58,3) common (21-100)
284,0.5145986,0.4854014,0,5,1) very rare (1-5)
285,0.8914554,0.10854459,1,66,3) common (21-100)
286,0.9316926,0.0683074,0,52,3) common (21-100)
287,0.5953355,0.40466452,1,178,4) very common (100+)
288,0.7319841,0.26801592,0,5,1) very rare (1-5)
289,0.74812675,0.25187325,0,29,3) common (21-100)
290,0.5595817,0.4404183,0,1290,4) very common (100+)
291,0.682853,0.31714702,1,7,2) rare (6-20)
292,0.9521007,0.047899306,0,105,4) very common (100+)
293,0.57518625,0.42481375,1,24,3) common (21-100)
294,0.9359008,0.06409919,0,94,3) common (21-100)
295,0.5190002,0.48099983,0,0,1) very rare (1-5)
296,0.74431074,0.25568926,1,2,1) very rare (1-5)
297,0.30076355,0.69923645,0,23,3) common (21-100)
298,0.87289244,0.12710756,0,1070,4) very common (100+)
299,0.83242464,0.16757536,0,79,3) common (21-100)
300,0.4459038,0.5540962,1,0,1) very rare (1-5)
301,0.3721858,0.6278142,1,5,1) very rare (1-5)
302,0.25715685,0.74284315,1,134,4) very common (100+)
303,0.45187035,0.5481297,0,700,4) very common (100+)
304,0.1072321,0.8927679,1,0,1) very rare (1-5)
305,0.018552614,0.9814474,1,1,1) very rare (1-5)
306,0.76225287,0.23774713,0,6,2) rare (6-20)
307,0.11461919,0.8853808,1,0,1) very rare (1-5)
308,0.33555815,0.6644418,0,13,2) rare (6-20)
309,0.7320651,0.26793492,1,1,1) very rare (1-5)
310,0.7894234,0.2105766,0,11,2) rare (6-20)
311,0.30063418,0.69936585,0,1,1) very rare (1-5)
312,0.163791,0.836209,1,107,4) very common (100+)
313,0.5279286,0.4720714,1,28,3) common (21-100)
314,0.9664914,0.0335086,0,99,3) common (21-100)
315,0.9771285,0.022871494,1,5,1) very rare (1-5)
316,0.71151865,0.28848135,0,4,1) very rare (1-5)
317,0.1729859,0.8270141,0,0,1) very rare (1-5)
318,0.42145836,0.57854164,0,23,3) common (21-100)
319,0.6496384,0.3503616,0,6,2) rare (6-20)
320,0.58542967,0.41457033,1,268,4) very common (100+)
321,0.95051545,0.04948455,0,76,3) common (21-100)
322,0.95573765,0.04426235,0,12,2) rare (6-20)
323,0.39662635,0.60337365,1,79,3) common (21-100)
324,0.2666894,0.7333106,0,6,2) rare (6-20)
325,0.56854,0.43146002,1,105,4) very common (100+)
326,0.9672599,0.032740116,0,182,4) very common (100+)
327,0.3452733,0.65472674,1,106,4) very common (100+)
328,0.19926938,0.8007306,1,274,4) very common (100+)
329,0.56275547,0.43724453,1,39,3) common (21-100)
330,0.17374946,0.82625055,1,268,4) very common (100+)
331,0.84651953,0.15348047,0,1290,4) very common (100+)
332,0.9061828,0.093817174,0,10,2) rare (6-20)
333,0.7449503,0.2550497,0,106,4) very common (100+)
334,0.26875365,0.73124635,0,2,1) very rare (1-5)
335,0.792363,0.20763701,0,4,1) very rare (1-5)
336,0.25988147,0.7401185,1,1,1) very rare (1-5)
337,0.5436951,0.4563049,0,14,2) rare (6-20)
338,0.67663425,0.32336575,1,0,1) very rare (1-5)
339,0.29220802,0.707792,1,3,1) very rare (1-5)
340,0.60484004,0.39515996,0,1070,4) very common (100+)
341,0.7635438,0.23645622,0,1290,4) very common (100+)
342,0.88412285,0.11587715,1,38,3) common (21-100)
343,0.8246202,0.17537981,1,23,3) common (21-100)
344,0.6061514,0.3938486,0,372,4) very common (100+)
345,0.2988231,0.7011769,0,1,1) very rare (1-5)
346,0.73074806,0.26925194,0,700,4) very common (100+)
347,0.7174983,0.2825017,0,121,4) very common (100+)
348,0.2058888,0.7941112,0,58,3) common (21-100)
349,0.8412646,0.1587354,0,3,1) very rare (1-5)
350,0.49681234,0.50318766,1,268,4) very common (100+)
351,0.82688624,0.17311376,0,13,2) rare (6-20)
352,0.41014886,0.58985114,1,0,1) very rare (1-5)
353,0.96528095,0.03471905,0,85,3) common (21-100)
354,0.24617904,0.75382096,0,2,1) very rare (1-5)
355,0.1251865,0.8748135,1,0,1) very rare (1-5)
356,0.5945498,0.40545022,0,49,3) common (21-100)
357,0.88334084,0.116659164,0,700,4) very common (100+)
358,0.6992496,0.30075037,0,46,3) common (21-100)
359,0.8951797,0.10482031,1,1,1) very rare (1-5)
360,0.405387,0.59461296,1,23,3) common (21-100)
361,0.7788774,0.22112262,1,81,3) common (21-100)
362,0.6461619,0.3538381,0,1070,4) very common (100+)
363,0.48658842,0.5134116,0,108,4) very common (100+)
364,0.37712163,0.6228784,1,1290,4) very common (100+)
365,0.54427004,0.45572996,1,58,3) common (21-100)
366,0.14065772,0.8593423,1,4,1) very rare (1-5)
367,0.14960395,0.85039604,0,145,4) very common (100+)
368,0.4257434,0.5742566,1,1290,4) very common (100+)
369,0.013301199,0.9866988,1,0,1) very rare (1-5)
370,0.8839002,0.116099775,1,16,2) rare (6-20)
371,0.10199183,0.89800817,1,1,1) very rare (1-5)
372,0.29826587,0.7017341,1,1290,4) very common (100+)
373,0.8772007,0.12279928,0,166,4) very common (100+)
374,0.48313442,0.5168656,1,1070,4) very common (100+)
375,0.23499364,0.76500636,1,1,1) very rare (1-5)
376,0.7497865,0.2502135,0,74,3) common (21-100)
377,0.8386096,0.16139042,0,142,4) very common (100+)
378,0.9722136,0.027786374,1,99,3) common (21-100)
379,0.38576078,0.6142392,1,24,3) common (21-100)
380,0.33605614,0.6639439,0,12,2) rare (6-20)
381,0.58778703,0.41221297,0,6,2) rare (6-20)
382,0.27518618,0.7248138,0,166,4) very common (100+)
383,0.47286606,0.52713394,0,3,1) very rare (1-5)
384,0.52391404,0.47608596,1,166,4) very common (100+)
385,0.859899,0.14010102,1,17,2) rare (6-20)
386,0.2962579,0.7037421,0,421,4) very common (100+)
387,0.26016507,0.7398349,1,3,1) very rare (1-5)
388,0.15439193,0.84560806,1,3,1) very rare (1-5)
389,0.51564693,0.48435307,0,160,4) very common (100+)
390,0.027949437,0.97205055,1,0,1) very rare (1-5)
391,0.47611687,0.5238831,0,78,3) common (21-100)
392,0.12238295,0.87761706,1,0,1) very rare (1-5)
393,0.9520911,0.047908902,1,275,4) very common (100+)
394,0.5513312,0.44866878,1,118,4) very common (100+)
395,0.03166685,0.9683331,1,0,1) very rare (1-5)
396,0.24365495,0.75634503,0,1,1) very rare (1-5)
397,0.6788737,0.32112628,0,142,4) very common (100+)
398,0.35939333,0.64060664,1,0,1) very rare (1-5)
399,0.18173583,0.8182642,1,36,3) common (21-100)
400,0.8702922,0.12970781,0,372,4) very common (100+)
401,0.84400856,0.15599144,0,55,3) common (21-100)
402,0.7074737,0.2925263,1,3,1) very rare (1-5)
403,0.96973485,0.030265152,0,78,3) common (21-100)
404,0.7706581,0.22934192,0,700,4) very common (100+)
405,0.45708027,0.54291975,1,70,3) common (21-100)
406,0.9867219,0.013278127,0,421,4) very common (100+)
407,0.42011118,0.5798888,1,107,4) very common (100+)
408,0.3676955,0.6323045,1,96,3) common (21-100)
409,0.70866513,0.29133487,0,237,4) very common (100+)
410,0.6594027,0.34059727,0,124,4) very common (100+)
411,0.16704844,0.83295155,1,39,3) common (21-100)
412,0.11964794,0.8803521,0,2,1) very rare (1-5)
413,0.16782518,0.83217484,1,237,4) very common (100+)
414,0.054949448,0.94505054,0,2,1) very rare (1-5)
415,0.93987656,0.060123444,0,159,4) very common (100+)
416,0.34284332,0.6571567,1,39,3) common (21-100)
417,0.51780766,0.48219234,1,1290,4) very common (100+)
418,0.9003835,0.09961653,1,6,2) rare (6-20)
419,0.9292597,0.07074028,0,124,4) very common (100+)
420,0.05837554,0.94162446,1,49,3) common (21-100)
421,0.008844263,0.99115574,1,0,1) very rare (1-5)
422,0.23059845,0.76940155,0,2,1) very rare (1-5)
423,0.8098099,0.19019008,1,118,4) very common (100+)
424,0.47484586,0.5251541,0,18,2) rare (6-20)
425,0.7681164,0.23188359,1,4,1) very rare (1-5)
426,0.070535496,0.9294645,0,66,3) common (21-100)
427,0.24932635,0.75067365,1,0,1) very rare (1-5)
428,0.38494733,0.6150527,1,32,3) common (21-100)
429,0.6871672,0.31283277,0,343,4) very common (100+)
430,0.5578345,0.4421655,1,41,3) common (21-100)
431,0.77419317,0.22580683,0,1290,4) very common (100+)
432,0.228351,0.771649,0,58,3) common (21-100)
433,0.2432613,0.7567387,1,2,1) very rare (1-5)
434,0.8769736,0.12302637,1,70,3) common (21-100)
435,0.3858713,0.6141287,1,2,1) very rare (1-5)
436,0.8497565,0.15024352,1,1,1) very rare (1-5)
437,0.028338639,0.9716614,1,0,1) very rare (1-5)
438,0.58503246,0.41496754,1,24,3) common (21-100)
439,0.5824718,0.4175282,1,42,3) common (21-100)
440,0.6443587,0.3556413,0,372,4) very common (100+)
441,0.4539431,0.54605687,1,0,1) very rare (1-5)
442,0.62032443,0.37967557,0,1070,4) very common (100+)
443,0.86347306,0.13652694,0,237,4) very common (100+)
444,0.22928706,0.770713,0,0,1) very rare (1-5)
445,0.20003812,0.79996186,0,3,1) very rare (1-5)
446,0.9410567,0.05894327,0,1290,4) very common (100+)
447,0.8828661,0.117133915,1,12,2) rare (6-20)
448,0.8515839,0.1484161,0,105,4) very common (100+)
449,0.916011,0.083989024,0,86,3) common (21-100)
450,0.8278035,0.17219651,0,47,3) common (21-100)
451,0.53740823,0.46259177,0,123,4) very common (100+)
452,0.37492886,0.62507117,1,49,3) common (21-100)
453,0.43454212,0.5654579,0,12,2) rare (6-20)
454,0.041441076,0.9585589,1,8,2) rare (6-20)
455,0.17891586,0.82108414,0,0,1) very rare (1-5)
456,0.220752,0.779248,0,7,2) rare (6-20)
457,0.10949558,0.8905044,1,5,1) very rare (1-5)
458,0.77578795,0.22421205,0,211,4) very common (100+)
459,0.36785662,0.6321434,0,20,2) rare (6-20)
460,0.0773097,0.9226903,1,0,1) very rare (1-5)
461,0.554228,0.445772,0,700,4) very common (100+)
462,0.13933527,0.8606647,1,1,1) very rare (1-5)
463,0.9300371,0.06996292,0,5,1) very rare (1-5)
464,0.9445948,0.0554052,0,1290,4) very common (100+)
465,0.42538342,0.57461655,1,0,1) very rare (1-5)
466,0.856224,0.143776,0,42,3) common (21-100)
467,0.18111706,0.81888294,1,4,1) very rare (1-5)
468,0.9961063,0.0038936734,0,211,4) very common (100+)
469,0.10441306,0.89558697,0,0,1) very rare (1-5)
470,0.7930853,0.20691472,0,700,4) very common (100+)
471,0.41069356,0.5893065,1,34,3) common (21-100)
472,0.8680963,0.13190371,0,223,4) very common (100+)
473,0.13313155,0.86686844,1,0,1) very rare (1-5)
474,0.04301681,0.9569832,1,0,1) very rare (1-5)
475,0.6485889,0.3514111,1,47,3) common (21-100)
476,0.57812864,0.42187136,0,8,2) rare (6-20)
477,0.1864738,0.8135262,0,0,1) very rare (1-5)
478,0.33869168,0.6613083,1,13,2) rare (6-20)
479,0.35235742,0.6476426,0,0,1) very rare (1-5)
480,0.7446962,0.2553038,1,274,4) very common (100+)
481,0.2916609,0.7083391,1,0,1) very rare (1-5)
482,0.5033322,0.4966678,1,0,1) very rare (1-5)
483,0.25881118,0.7411888,1,70,3) common (21-100)
484,0.16146044,0.83853954,1,10,2) rare (6-20)
485,0.6822932,0.31770682,1,0,1) very rare (1-5)
486,0.11597865,0.88402134,1,58,3) common (21-100)
487,0.574068,0.425932,1,19,2) rare (6-20)
488,0.593849,0.406151,1,1,1) very rare (1-5)
489,0.34345043,0.6565496,1,6,2) rare (6-20)
490,0.9066419,0.0933581,0,1070,4) very common (100+)
491,0.22070512,0.77929485,1,2,1) very rare (1-5)
492,0.8792111,0.12078887,0,1290,4) very common (100+)
493,0.9865802,0.013419807,0,142,4) very common (100+)
494,0.5651087,0.43489128,0,14,2) rare (6-20)
495,0.78557664,0.21442336,0,275,4) very common (100+)
496,0.7040261,0.2959739,0,23,3) common (21-100)
497,0.96297455,0.03702545,0,12,2) rare (6-20)
498,0.1749018,0.8250982,1,0,1) very rare (1-5)
499,0.69643533,0.30356467,0,37,3) common (21-100)
500,0.19571856,0.8042815,0,0,1) very rare (1-5)
501,0.22326504,0.77673495,1,0,1) very rare (1-5)
502,0.19468287,0.80531716,1,0,1) very rare (1-5)
503,0.21869785,0.78130215,0,1,1) very rare (1-5)
504,0.06033296,0.93966705,0,0,1) very rare (1-5)
505,0.42748803,0.572512,1,0,1) very rare (1-5)
506,0.5122829,0.4877171,1,10,2) rare (6-20)
507,0.6061753,0.3938247,1,1290,4) very common (100+)
508,0.39776698,0.60223305,1,15,2) rare (6-20)
509,0.782414,0.21758598,1,4,1) very rare (1-5)
510,0.31589097,0.68410903,1,76,3) common (21-100)
511,0.64799887,0.35200113,1,11,2) rare (6-20)
512,0.56596816,0.43403184,0,105,4) very common (100+)
513,0.7092703,0.2907297,1,62,3) common (21-100)
514,0.66031486,0.33968514,0,1290,4) very common (100+)
515,0.041649867,0.9583501,1,4,1) very rare (1-5)
516,0.15644085,0.84355915,1,36,3) common (21-100)
517,0.2788144,0.72118556,0,1,1) very rare (1-5)
518,0.15495735,0.84504265,1,6,2) rare (6-20)
519,0.43849295,0.56150705,1,46,3) common (21-100)
520,0.83204544,0.16795456,0,5,1) very rare (1-5)
521,0.81619793,0.18380207,1,0,1) very rare (1-5)
522,0.2934911,0.7065089,1,0,1) very rare (1-5)
523,0.51106,0.48894,1,18,2) rare (6-20)
524,0.5911355,0.4088645,1,1,1) very rare (1-5)
525,0.18704881,0.8129512,1,23,3) common (21-100)
526,0.541495,0.45850497,0,4,1) very rare (1-5)
527,0.66298866,0.33701134,1,0,1) very rare (1-5)
528,0.5202686,0.47973138,1,2,1) very rare (1-5)
529,0.25522026,0.7447797,0,14,2) rare (6-20)
530,0.41632593,0.5836741,0,56,3) common (21-100)
531,0.7226875,0.27731252,1,2,1) very rare (1-5)
532,0.87022746,0.12977254,0,96,3) common (21-100)
533,0.24369834,0.75630164,1,2,1) very rare (1-5)
534,0.27162957,0.7283704,1,41,3) common (21-100)
535,0.56111306,0.43888694,1,62,3) common (21-100)
536,0.21733446,0.78266555,1,4,1) very rare (1-5)
537,0.6374714,0.36252862,1,1070,4) very common (100+)
538,0.39369607,0.60630393,0,36,3) common (21-100)
539,0.9511654,0.048834622,0,3,1) very rare (1-5)
540,0.266604,0.733396,0,372,4) very common (100+)
541,0.21101601,0.788984,0,8,2) rare (6-20)
542,0.023917887,0.9760821,1,0,1) very rare (1-5)
543,0.13233082,0.86766917,1,21,3) common (21-100)
544,0.45518336,0.5448166,0,19,2) rare (6-20)
545,0.5202401,0.47975987,0,19,2) rare (6-20)
546,0.63576394,0.36423606,0,28,3) common (21-100)
547,0.7139273,0.28607267,0,372,4) very common (100+)
548,0.060134385,0.9398656,1,0,1) very rare (1-5)
549,0.11091117,0.8890888,1,62,3) common (21-100)
550,0.5832755,0.4167245,0,105,4) very common (100+)
551,0.28606442,0.7139356,1,0,1) very rare (1-5)
552,0.36388382,0.63611615,0,6,2) rare (6-20)
553,0.41246733,0.58753264,0,2,1) very rare (1-5)
554,0.4258427,0.5741573,0,5,1) very rare (1-5)
555,0.3398938,0.6601062,0,5,1) very rare (1-5)
556,0.48184055,0.51815945,1,49,3) common (21-100)
557,0.4806573,0.51934266,1,9,2) rare (6-20)
558,0.1971083,0.80289173,0,28,3) common (21-100)
559,0.8223636,0.17763638,0,26,3) common (21-100)
560,0.7792079,0.22079211,0,15,2) rare (6-20)
561,0.2596135,0.7403865,1,106,4) very common (100+)
562,0.23831968,0.7616803,1,2,1) very rare (1-5)
563,0.41514876,0.58485126,1,0,1) very rare (1-5)
564,0.4434244,0.5565756,1,20,2) rare (6-20)
565,0.19813031,0.8018697,1,1,1) very rare (1-5)
566,0.5339875,0.46601248,1,12,2) rare (6-20)
567,0.113785915,0.8862141,1,107,4) very common (100+)
568,0.50372076,0.49627924,1,124,4) very common (100+)
569,0.9264554,0.07354462,0,7,2) rare (6-20)
570,0.115049176,0.8849508,1,5,1) very rare (1-5)
571,0.93857944,0.06142056,0,237,4) very common (100+)
572,0.120057285,0.8799427,0,1,1) very rare (1-5)
573,0.041199364,0.9588006,1,16,2) rare (6-20)
574,0.82762545,0.17237455,0,1,1) very rare (1-5)
575,0.6792518,0.3207482,0,1290,4) very common (100+)
576,0.8434398,0.15656018,1,700,4) very common (100+)
577,0.5319196,0.4680804,0,5,1) very rare (1-5)
578,0.8541434,0.14585662,0,14,2) rare (6-20)
579,0.085427105,0.9145729,0,178,4) very common (100+)
580,0.058898296,0.94110173,1,372,4) very common (100+)
581,0.6277325,0.37226748,0,3,1) very rare (1-5)
582,0.5780383,0.42196172,1,70,3) common (21-100)
583,0.22506884,0.7749312,1,6,2) rare (6-20)
584,0.7036876,0.2963124,0,223,4) very common (100+)
585,0.4684447,0.5315553,1,1290,4) very common (100+)
586,0.6996606,0.3003394,0,62,3) common (21-100)
587,0.8983012,0.101698816,0,421,4) very common (100+)
588,0.13985531,0.8601447,0,159,4) very common (100+)
589,0.9824808,0.017519176,0,1000,4) very common (100+)
590,0.18783978,0.81216025,1,7,2) rare (6-20)
591,0.13555878,0.8644412,1,3,1) very rare (1-5)
592,0.8746807,0.1253193,0,237,4) very common (100+)
593,0.83411336,0.16588664,0,34,3) common (21-100)
594,0.9287472,0.07125282,0,47,3) common (21-100)
595,0.4787975,0.5212025,1,10,2) rare (6-20)
596,0.44808298,0.551917,0,3,1) very rare (1-5)
597,0.93604386,0.06395614,0,274,4) very common (100+)
598,0.08605479,0.9139452,1,2,1) very rare (1-5)
599,0.6083025,0.39169753,0,21,3) common (21-100)
600,0.40276054,0.5972395,1,17,2) rare (6-20)
601,0.06408581,0.93591416,1,1,1) very rare (1-5)
602,0.48580658,0.5141934,1,78,3) common (21-100)
603,0.34026518,0.65973485,1,78,3) common (21-100)
604,0.74381804,0.25618196,0,105,4) very common (100+)
605,0.7655506,0.23444939,0,10,2) rare (6-20)
606,0.8104479,0.18955213,1,3,1) very rare (1-5)
607,0.77092654,0.22907346,0,79,3) common (21-100)
608,0.63513994,0.36486006,0,275,4) very common (100+)
609,0.53173167,0.46826833,0,12,2) rare (6-20)
610,0.5693625,0.43063748,1,124,4) very common (100+)
611,0.8445091,0.15549088,0,1,1) very rare (1-5)
612,0.17143849,0.82856154,1,25,3) common (21-100)
613,0.42723826,0.5727618,1,1,1) very rare (1-5)
614,0.4221767,0.5778233,0,5,1) very rare (1-5)
615,0.46354187,0.53645813,1,142,4) very common (100+)
616,0.03904823,0.96095175,1,0,1) very rare (1-5)
617,0.21595027,0.78404975,1,76,3) common (21-100)
618,0.10748314,0.89251685,1,159,4) very common (100+)
619,0.5621222,0.43787777,0,106,4) very common (100+)
620,0.46206424,0.53793573,0,5,1) very rare (1-5)
621,0.30635244,0.69364756,1,14,2) rare (6-20)
622,0.021938747,0.97806126,1,0,1) very rare (1-5)
623,0.037269503,0.9627305,1,10,2) rare (6-20)
624,0.41862354,0.58137643,0,5,1) very rare (1-5)
625,0.0955589,0.9044411,1,86,3) common (21-100)
626,0.016556187,0.9834438,1,79,3) common (21-100)
627,0.2472558,0.7527442,1,8,2) rare (6-20)
628,0.79045105,0.20954895,1,38,3) common (21-100)
629,0.5447181,0.4552819,0,6,2) rare (6-20)
630,0.20710501,0.79289496,1,1,1) very rare (1-5)
631,0.38258624,0.61741376,1,3,1) very rare (1-5)
632,0.7317652,0.2682348,0,12,2) rare (6-20)
633,0.17754604,0.822454,1,9,2) rare (6-20)
634,0.09372659,0.9062734,1,0,1) very rare (1-5)
635,0.33098242,0.66901755,1,2,1) very rare (1-5)
636,0.80560327,0.19439673,0,23,3) common (21-100)
637,0.17299736,0.82700264,1,0,1) very rare (1-5)
638,0.20188501,0.798115,1,0,1) very rare (1-5)
639,0.38274115,0.61725885,0,2,1) very rare (1-5)
640,0.33183974,0.66816026,0,82,3) common (21-100)
641,0.39555073,0.6044493,0,2,1) very rare (1-5)
642,0.5317687,0.46823132,1,0,1) very rare (1-5)
643,0.3807222,0.61927783,1,1,1) very rare (1-5)
644,0.35374388,0.6462561,1,94,3) common (21-100)
645,0.8850394,0.11496061,0,2,1) very rare (1-5)
646,0.364283,0.63571703,0,22,3) common (21-100)
647,0.10071998,0.89928,1,4,1) very rare (1-5)
648,0.23006937,0.7699306,1,85,3) common (21-100)
649,0.40412724,0.59587276,0,13,2) rare (6-20)
650,0.35212317,0.64787686,0,15,2) rare (6-20)
651,0.24944896,0.75055104,1,1,1) very rare (1-5)
652,0.7284757,0.2715243,1,1,1) very rare (1-5)
653,0.089734584,0.91026545,0,9,2) rare (6-20)
654,0.19723849,0.8027615,1,0,1) very rare (1-5)
655,0.051624052,0.94837594,1,0,1) very rare (1-5)
656,0.34815547,0.6518445,1,8,2) rare (6-20)
657,0.80551136,0.19448864,1,268,4) very common (100+)
658,0.37925553,0.62074447,1,18,2) rare (6-20)
659,0.09002153,0.90997845,1,0,1) very rare (1-5)
660,0.3993891,0.6006109,1,6,2) rare (6-20)
661,0.1348629,0.8651371,1,275,4) very common (100+)
662,0.46528476,0.53471524,1,8,2) rare (6-20)
663,0.489694,0.510306,0,0,1) very rare (1-5)
664,0.20316339,0.7968366,0,5,1) very rare (1-5)
665,0.35720515,0.64279485,1,0,1) very rare (1-5)
666,0.73689985,0.26310015,0,100,3) common (21-100)
667,0.6251909,0.3748091,1,1,1) very rare (1-5)
668,0.91775906,0.08224094,0,118,4) very common (100+)
669,0.6140684,0.3859316,0,106,4) very common (100+)
670,0.08720983,0.9127902,1,0,1) very rare (1-5)
671,0.83578926,0.16421074,0,19,2) rare (6-20)
672,0.10456996,0.89543,1,3,1) very rare (1-5)
673,0.82209027,0.17790973,0,1070,4) very common (100+)
674,0.66537064,0.33462936,0,0,1) very rare (1-5)
675,0.53029466,0.46970534,1,28,3) common (21-100)
676,0.45012203,0.549878,0,5,1) very rare (1-5)
677,0.32981947,0.67018056,1,0,1) very rare (1-5)
678,0.27096814,0.72903186,1,1290,4) very common (100+)
679,0.47101244,0.5289875,0,1000,4) very common (100+)
680,0.111917585,0.8880824,1,7,2) rare (6-20)
681,0.3390735,0.66092646,1,0,1) very rare (1-5)
682,0.15130529,0.8486947,1,2,1) very rare (1-5)
683,0.59609216,0.40390784,0,421,4) very common (100+)
684,0.22036636,0.77963364,1,0,1) very rare (1-5)
685,0.74445456,0.25554544,0,89,3) common (21-100)
686,0.045551363,0.95444864,1,0,1) very rare (1-5)
687,0.17705734,0.8229427,1,1,1) very rare (1-5)
688,0.84925747,0.15074253,1,0,1) very rare (1-5)
689,0.07871574,0.92128426,1,2,1) very rare (1-5)
690,0.087088615,0.9129114,1,0,1) very rare (1-5)
691,0.5011412,0.4988588,1,13,2) rare (6-20)
692,0.61042666,0.38957334,0,106,4) very common (100+)
693,0.23182936,0.76817065,0,7,2) rare (6-20)
694,0.42777404,0.5722259,1,28,3) common (21-100)
695,0.26174784,0.73825216,0,7,2) rare (6-20)
696,0.19597101,0.804029,1,70,3) common (21-100)
697,0.07671138,0.92328864,0,7,2) rare (6-20)
698,0.6581105,0.3418895,0,82,3) common (21-100)
699,0.7451821,0.2548179,0,7,2) rare (6-20)
700,0.53165406,0.46834594,0,5,1) very rare (1-5)
701,0.93210775,0.06789225,1,107,4) very common (100+)
702,0.114434876,0.8855651,1,7,2) rare (6-20)
703,0.3721911,0.6278089,0,1,1) very rare (1-5)
704,0.70100665,0.29899335,0,7,2) rare (6-20)
705,0.58140105,0.41859895,1,372,4) very common (100+)
706,0.030951979,0.969048,1,0,1) very rare (1-5)
707,0.17500003,0.825,1,2,1) very rare (1-5)
708,0.10835753,0.89164245,1,20,2) rare (6-20)
709,0.46243128,0.5375687,0,261,4) very common (100+)
710,0.0947317,0.9052683,1,0,1) very rare (1-5)
711,0.22735265,0.7726474,0,3,1) very rare (1-5)
712,0.37409067,0.6259093,0,3,1) very rare (1-5)
713,0.44565037,0.55434966,0,96,3) common (21-100)
714,0.33862522,0.6613748,1,66,3) common (21-100)
715,0.2262876,0.7737124,1,44,3) common (21-100)
716,0.27521238,0.7247876,0,268,4) very common (100+)
717,0.8620656,0.13793439,1,1290,4) very common (100+)
718,0.41311878,0.5868812,0,6,2) rare (6-20)
719,0.36613464,0.63386536,0,4,1) very rare (1-5)
720,0.6118929,0.38810712,0,12,2) rare (6-20)
721,0.44247988,0.55752015,0,4,1) very rare (1-5)
722,0.8044537,0.19554633,1,111,4) very common (100+)
723,0.88066816,0.11933184,0,1070,4) very common (100+)
724,0.5836917,0.41630828,0,15,2) rare (6-20)
725,0.20680286,0.79319715,1,1,1) very rare (1-5)
726,0.5128347,0.48716527,0,275,4) very common (100+)
727,0.5308123,0.46918768,0,1,1) very rare (1-5)
728,0.025907826,0.9740922,1,0,1) very rare (1-5)
729,0.71644104,0.28355896,1,1070,4) very common (100+)
730,0.17581469,0.8241853,0,275,4) very common (100+)
731,0.571494,0.42850602,0,142,4) very common (100+)
732,0.4967221,0.5032779,1,41,3) common (21-100)
733,0.09433055,0.90566945,1,0,1) very rare (1-5)
734,0.48517013,0.5148299,0,107,4) very common (100+)
735,0.21698251,0.7830175,0,6,2) rare (6-20)
736,0.5399306,0.46006942,1,1,1) very rare (1-5)
737,0.7436678,0.25633222,0,39,3) common (21-100)
738,0.105027616,0.8949724,1,1,1) very rare (1-5)
739,0.62957764,0.37042236,1,17,2) rare (6-20)
740,0.325587,0.67441297,0,15,2) rare (6-20)
741,0.080362424,0.91963756,0,70,3) common (21-100)
742,0.86120707,0.13879293,0,1070,4) very common (100+)
743,0.062150203,0.9378498,1,0,1) very rare (1-5)
744,0.89067197,0.10932803,1,4,1) very rare (1-5)
745,0.93484944,0.06515056,0,60,3) common (21-100)
746,0.40482214,0.5951779,0,2,1) very rare (1-5)
747,0.50931007,0.49068993,1,4,1) very rare (1-5)
748,0.21300721,0.7869928,0,17,2) rare (6-20)
749,0.79721045,0.20278955,0,0,1) very rare (1-5)
750,0.4502984,0.5497016,1,0,1) very rare (1-5)
751,0.7098776,0.2901224,0,15,2) rare (6-20)
752,0.71721965,0.28278035,0,0,1) very rare (1-5)
753,0.92134553,0.07865447,0,1000,4) very common (100+)
754,0.4663599,0.5336401,1,20,2) rare (6-20)
755,0.899601,0.10039902,0,12,2) rare (6-20)
756,0.89659667,0.10340333,0,237,4) very common (100+)
757,0.929369,0.07063103,0,9,2) rare (6-20)
758,0.17723475,0.82276523,0,47,3) common (21-100)
759,0.33577892,0.66422105,0,10,2) rare (6-20)
760,0.86811596,0.13188404,0,421,4) very common (100+)
761,0.083815746,0.91618425,1,261,4) very common (100+)
762,0.21572326,0.7842767,1,58,3) common (21-100)
763,0.8493349,0.1506651,1,1290,4) very common (100+)
764,0.56218934,0.43781066,0,102,4) very common (100+)
765,0.4319573,0.5680427,0,6,2) rare (6-20)
766,0.9796269,0.020373106,0,223,4) very common (100+)
767,0.07641701,0.923583,1,0,1) very rare (1-5)
768,0.7269855,0.2730145,0,1070,4) very common (100+)
769,0.85733473,0.14266527,0,22,3) common (21-100)
770,0.8880131,0.111986876,0,94,3) common (21-100)
771,0.84366167,0.15633833,1,99,3) common (21-100)
772,0.5622881,0.4377119,1,23,3) common (21-100)
773,0.82932013,0.17067987,1,0,1) very rare (1-5)
774,0.07970138,0.92029864,1,81,3) common (21-100)
775,0.97221375,0.027786255,0,39,3) common (21-100)
776,0.3126672,0.6873328,0,1,1) very rare (1-5)
777,0.23101036,0.7689896,0,47,3) common (21-100)
778,0.1936681,0.8063319,1,0,1) very rare (1-5)
779,0.9573321,0.042667925,0,118,4) very common (100+)
780,0.6302569,0.3697431,0,4,1) very rare (1-5)
781,0.394756,0.60524404,1,275,4) very common (100+)
782,0.67505026,0.32494974,1,0,1) very rare (1-5)
783,0.30441698,0.695583,0,36,3) common (21-100)
784,0.19832304,0.801677,0,40,3) common (21-100)
785,0.5394436,0.4605564,1,2,1) very rare (1-5)
786,0.98579353,0.014206469,1,19,2) rare (6-20)
787,0.33462787,0.66537213,0,1000,4) very common (100+)
788,0.51137006,0.48862994,0,90,3) common (21-100)
789,0.5535818,0.44641823,0,1290,4) very common (100+)
790,0.5926234,0.4073766,1,0,1) very rare (1-5)
791,0.52304405,0.47695595,0,1290,4) very common (100+)
792,0.18254259,0.81745744,0,0,1) very rare (1-5)
793,0.541986,0.458014,0,700,4) very common (100+)
794,0.9770494,0.02295059,0,44,3) common (21-100)
795,0.46426594,0.53573406,0,100,3) common (21-100)
796,0.5538823,0.4461177,1,0,1) very rare (1-5)
797,0.022957424,0.97704256,1,0,1) very rare (1-5)
798,0.25633067,0.74366933,1,0,1) very rare (1-5)
799,0.3293014,0.67069864,1,0,1) very rare (1-5)
800,0.049638897,0.95036113,1,372,4) very common (100+)
801,0.29406372,0.7059363,0,30,3) common (21-100)
802,0.8645998,0.13540018,0,421,4) very common (100+)
803,0.8344701,0.1655299,1,47,3) common (21-100)
804,0.30442032,0.69557965,1,66,3) common (21-100)
805,0.4220827,0.57791734,0,15,2) rare (6-20)
806,0.48946238,0.5105376,0,14,2) rare (6-20)
807,0.460798,0.539202,0,5,1) very rare (1-5)
808,0.8228576,0.17714238,0,14,2) rare (6-20)
809,0.26995704,0.73004293,1,86,3) common (21-100)
810,0.10909495,0.890905,1,0,1) very rare (1-5)
811,0.20010975,0.7998903,1,19,2) rare (6-20)
812,0.17332494,0.82667506,0,1,1) very rare (1-5)
813,0.95397276,0.046027243,0,108,4) very common (100+)
814,0.54013413,0.45986587,1,118,4) very common (100+)
815,0.23181921,0.7681808,0,41,3) common (21-100)
816,0.42794853,0.57205147,0,108,4) very common (100+)
817,0.61736184,0.38263816,1,0,1) very rare (1-5)
818,0.99114895,0.008851051,0,421,4) very common (100+)
819,0.22010492,0.77989507,1,13,2) rare (6-20)
820,0.18420035,0.81579965,0,1,1) very rare (1-5)
821,0.66073036,0.33926964,1,2,1) very rare (1-5)
822,0.8423131,0.15768689,1,275,4) very common (100+)
823,0.9148021,0.085197926,0,700,4) very common (100+)
824,0.108943865,0.8910561,1,0,1) very rare (1-5)
825,0.4030172,0.59698284,1,1,1) very rare (1-5)
826,0.57095766,0.42904234,0,1,1) very rare (1-5)
827,0.31664696,0.68335307,1,700,4) very common (100+)
828,0.81349087,0.18650913,0,1,1) very rare (1-5)
829,0.5738931,0.42610693,0,68,3) common (21-100)
830,0.2648102,0.7351898,1,11,2) rare (6-20)
831,0.09068639,0.9093136,1,18,2) rare (6-20)
832,0.38588616,0.6141138,0,1,1) very rare (1-5)
833,0.9727683,0.027231693,0,105,4) very common (100+)
834,0.8211373,0.17886269,0,15,2) rare (6-20)
835,0.03438546,0.96561456,1,1,1) very rare (1-5)
836,0.34708464,0.65291536,1,70,3) common (21-100)
837,0.73823434,0.26176566,0,1000,4) very common (100+)
838,0.21609294,0.78390706,1,3,1) very rare (1-5)
839,0.408698,0.59130204,0,372,4) very common (100+)
840,0.93653554,0.06346446,0,142,4) very common (100+)
841,0.015324483,0.9846755,1,0,1) very rare (1-5)
842,0.9908399,0.009160101,0,1000,4) very common (100+)
843,0.27104738,0.72895265,1,58,3) common (21-100)
844,0.3523739,0.6476261,0,70,3) common (21-100)
845,0.15435843,0.84564155,1,84,3) common (21-100)
846,0.7974118,0.2025882,0,100,3) common (21-100)
847,0.7538242,0.24617583,0,121,4) very common (100+)
848,0.22089285,0.77910715,1,0,1) very rare (1-5)
849,0.21520075,0.7847992,1,22,3) common (21-100)
850,0.8236714,0.1763286,0,182,4) very common (100+)
851,0.87918997,0.12081003,0,14,2) rare (6-20)
852,0.31909412,0.6809059,1,36,3) common (21-100)
853,0.4286795,0.57132053,1,1,1) very rare (1-5)
854,0.30634224,0.69365776,1,0,1) very rare (1-5)
855,0.33326304,0.66673696,1,100,3) common (21-100)
856,0.3894987,0.6105013,1,20,2) rare (6-20)
857,0.48322493,0.5167751,1,3,1) very rare (1-5)
858,0.25935817,0.74064183,1,17,2) rare (6-20)
859,0.116492346,0.88350767,1,4,1) very rare (1-5)
860,0.45003304,0.54996693,1,6,2) rare (6-20)
861,0.9483911,0.05160892,0,35,3) common (21-100)
862,0.5303989,0.4696011,0,1,1) very rare (1-5)
863,0.6706353,0.32936472,0,274,4) very common (100+)
864,0.6025185,0.3974815,0,121,4) very common (100+)
865,0.12427273,0.8757273,1,0,1) very rare (1-5)
866,0.14891127,0.85108876,0,0,1) very rare (1-5)
867,0.37115026,0.62884974,0,7,2) rare (6-20)
868,0.95617265,0.043827355,0,700,4) very common (100+)
869,0.71881634,0.28118366,0,79,3) common (21-100)
870,0.35469288,0.6453071,0,17,2) rare (6-20)
871,0.12930356,0.8706964,0,14,2) rare (6-20)
872,0.06022017,0.9397798,1,0,1) very rare (1-5)
873,0.9652786,0.034721375,0,24,3) common (21-100)
874,0.9597047,0.040295303,1,0,1) very rare (1-5)
875,0.052108567,0.9478914,1,0,1) very rare (1-5)
876,0.20152041,0.79847956,1,237,4) very common (100+)
877,0.7520007,0.24799931,0,21,3) common (21-100)
878,0.13090995,0.8690901,1,79,3) common (21-100)
879,0.73390126,0.26609874,1,0,1) very rare (1-5)
880,0.8496792,0.15032083,1,1,1) very rare (1-5)
881,0.29439917,0.70560086,1,36,3) common (21-100)
882,0.1631053,0.8368947,1,30,3) common (21-100)
883,0.2913715,0.70862854,0,343,4) very common (100+)
884,0.21952303,0.780477,0,372,4) very common (100+)
885,0.06871533,0.93128467,0,0,1) very rare (1-5)
886,0.09314868,0.9068513,1,4,1) very rare (1-5)
887,0.8219106,0.17808938,1,0,1) very rare (1-5)
888,0.30105364,0.69894636,1,8,2) rare (6-20)
889,0.98360413,0.016395867,0,78,3) common (21-100)
890,0.1541244,0.8458756,1,1,1) very rare (1-5)
891,0.96876717,0.031232834,0,89,3) common (21-100)
892,0.78899413,0.21100587,1,0,1) very rare (1-5)
893,0.4190484,0.5809516,1,372,4) very common (100+)
894,0.30832797,0.691672,1,18,2) rare (6-20)
895,0.5670073,0.4329927,1,28,3) common (21-100)
896,0.36739495,0.6326051,0,71,3) common (21-100)
897,0.24734996,0.75265,1,14,2) rare (6-20)
898,0.22605418,0.7739458,0,1,1) very rare (1-5)
899,0.15766968,0.84233034,1,0,1) very rare (1-5)
900,0.30128485,0.69871515,1,268,4) very common (100+)
901,0.45907095,0.5409291,1,4,1) very rare (1-5)
902,0.47462502,0.525375,0,2,1) very rare (1-5)
903,0.8769676,0.12303239,0,1070,4) very common (100+)
904,0.20963585,0.79036415,0,7,2) rare (6-20)
905,0.01771265,0.98228735,1,275,4) very common (100+)
906,0.1769587,0.8230413,1,17,2) rare (6-20)
907,0.61009145,0.38990855,1,63,3) common (21-100)
908,0.9089775,0.09102249,0,63,3) common (21-100)
909,0.21044727,0.78955275,1,1290,4) very common (100+)
910,0.3131393,0.6868607,0,13,2) rare (6-20)
911,0.8636078,0.13639218,0,17,2) rare (6-20)
912,0.42080522,0.5791948,0,1290,4) very common (100+)
913,0.4893653,0.51063466,0,2,1) very rare (1-5)
914,0.5784836,0.42151642,0,6,2) rare (6-20)
915,0.5474621,0.4525379,0,18,2) rare (6-20)
916,0.052011833,0.94798815,1,178,4) very common (100+)
917,0.41882586,0.58117414,1,0,1) very rare (1-5)
918,0.54258585,0.45741415,0,166,4) very common (100+)
919,0.53137445,0.46862555,0,1290,4) very common (100+)
920,0.6315226,0.3684774,0,82,3) common (21-100)
921,0.13614507,0.86385494,1,0,1) very rare (1-5)
922,0.98614234,0.013857663,0,1000,4) very common (100+)
923,0.31850648,0.6814935,0,105,4) very common (100+)
924,0.910579,0.089420974,0,118,4) very common (100+)
925,0.48935258,0.5106474,1,23,3) common (21-100)
926,0.5337272,0.46627277,1,4,1) very rare (1-5)
927,0.94435304,0.055646956,0,4,1) very rare (1-5)
928,0.43084642,0.56915355,0,343,4) very common (100+)
929,0.3958373,0.6041627,1,2,1) very rare (1-5)
930,0.41517612,0.58482385,0,275,4) very common (100+)
931,0.16115217,0.8388478,1,20,2) rare (6-20)
932,0.12321956,0.87678045,1,11,2) rare (6-20)
933,0.12801997,0.87198,0,1,1) very rare (1-5)
934,0.06920686,0.93079317,1,6,2) rare (6-20)
935,0.77884144,0.22115856,1,0,1) very rare (1-5)
936,0.9284677,0.07153231,0,18,2) rare (6-20)
937,0.15966375,0.84033626,1,13,2) rare (6-20)
938,0.69063246,0.30936754,0,1290,4) very common (100+)
939,0.03436603,0.965634,0,0,1) very rare (1-5)
940,0.20257196,0.797428,1,0,1) very rare (1-5)
941,0.11266753,0.88733244,0,1,1) very rare (1-5)
942,0.3297057,0.6702943,0,5,1) very rare (1-5)
943,0.18736741,0.81263256,1,28,3) common (21-100)
944,0.88092655,0.11907345,1,261,4) very common (100+)
945,0.34056562,0.6594344,1,178,4) very common (100+)
946,0.07251133,0.9274887,1,0,1) very rare (1-5)
947,0.22402124,0.77597874,1,6,2) rare (6-20)
948,0.06636976,0.9336302,1,0,1) very rare (1-5)
949,0.33943164,0.66056836,0,69,3) common (21-100)
950,0.07313956,0.92686045,0,0,1) very rare (1-5)
951,0.06467775,0.9353222,1,5,1) very rare (1-5)
952,0.6930773,0.30692267,0,223,4) very common (100+)
953,0.93286973,0.06713027,0,12,2) rare (6-20)
954,0.22295132,0.7770487,1,111,4) very common (100+)
955,0.48688987,0.51311016,1,159,4) very common (100+)
956,0.8418514,0.15814859,0,90,3) common (21-100)
957,0.6283607,0.3716393,1,44,3) common (21-100)
958,0.7728185,0.2271815,1,1,1) very rare (1-5)
959,0.18670112,0.8132989,0,14,2) rare (6-20)
960,0.3572026,0.6427974,0,0,1) very rare (1-5)
961,0.10585927,0.8941407,0,1,1) very rare (1-5)
962,0.4272539,0.5727461,1,0,1) very rare (1-5)
963,0.421994,0.578006,1,70,3) common (21-100)
964,0.12555741,0.8744426,1,8,2) rare (6-20)
965,0.880403,0.11959702,0,1070,4) very common (100+)
966,0.7097841,0.2902159,1,96,3) common (21-100)
967,0.14574923,0.8542508,1,10,2) rare (6-20)
968,0.77037364,0.22962636,0,45,3) common (21-100)
969,0.2898661,0.7101339,1,105,4) very common (100+)
970,0.8251479,0.17485207,0,4,1) very rare (1-5)
971,0.7627864,0.23721361,1,20,2) rare (6-20)
972,0.20626983,0.79373014,0,68,3) common (21-100)
973,0.61007863,0.38992137,0,63,3) common (21-100)
974,0.6060837,0.3939163,0,46,3) common (21-100)
975,0.2827502,0.7172498,0,1,1) very rare (1-5)
976,0.80450606,0.19549394,1,0,1) very rare (1-5)
977,0.7394524,0.26054758,1,261,4) very common (100+)
978,0.79692477,0.20307523,1,2,1) very rare (1-5)
979,0.054207824,0.9457922,1,6,2) rare (6-20)
980,0.418002,0.581998,0,111,4) very common (100+)
981,0.47513616,0.52486384,1,18,2) rare (6-20)
982,0.73183405,0.26816595,0,1290,4) very common (100+)
983,0.33576992,0.6642301,1,1070,4) very common (100+)
984,0.7120642,0.2879358,0,62,3) common (21-100)
985,0.070900016,0.9291,1,0,1) very rare (1-5)
986,0.20859729,0.7914027,1,142,4) very common (100+)
987,0.4714692,0.52853084,1,1290,4) very common (100+)
988,0.79566807,0.20433193,0,47,3) common (21-100)
989,0.7765473,0.22345269,1,76,3) common (21-100)
990,0.10227472,0.8977253,1,3,1) very rare (1-5)
991,0.43580028,0.5641997,1,0,1) very rare (1-5)
992,0.7839959,0.21600407,0,1070,4) very common (100+)
993,0.21244931,0.7875507,1,32,3) common (21-100)
994,0.2640812,0.73591876,1,1,1) very rare (1-5)
995,0.117757246,0.88224274,0,38,3) common (21-100)
996,0.08768224,0.91231775,0,0,1) very rare (1-5)
997,0.56599873,0.43400127,0,118,4) very common (100+)
998,0.9756933,0.024306715,0,62,3) common (21-100)
999,0.3448721,0.6551279,1,13,2) rare (6-20)
1000,0.4446763,0.5553237,1,2,1) very rare (1-5)
1001,0.34509307,0.6549069,0,0,1) very rare (1-5)
1002,0.122076534,0.8779235,0,7,2) rare (6-20)
1003,0.046112563,0.95388746,1,68,3) common (21-100)
1004,0.106535286,0.8934647,1,16,2) rare (6-20)
1005,0.2731503,0.7268497,0,5,1) very rare (1-5)
1006,0.022716148,0.97728384,1,1,1) very rare (1-5)
1007,0.5877035,0.41229647,0,53,3) common (21-100)
1008,0.60715693,0.39284307,1,7,2) rare (6-20)
1009,0.9753645,0.024635494,0,421,4) very common (100+)
1010,0.9691449,0.03085512,0,24,3) common (21-100)
1011,0.16559418,0.83440584,1,0,1) very rare (1-5)
1012,0.49898788,0.5010121,1,22,3) common (21-100)
1013,0.5656863,0.4343137,1,76,3) common (21-100)
1014,0.9343355,0.06566453,0,159,4) very common (100+)
1015,0.87606555,0.12393445,0,118,4) very common (100+)
1016,0.96478766,0.035212338,0,178,4) very common (100+)
1017,0.6851435,0.31485653,1,146,4) very common (100+)
1018,0.14265783,0.8573422,1,94,3) common (21-100)
1019,0.76257294,0.23742706,0,27,3) common (21-100)
1020,0.7539315,0.24606848,0,39,3) common (21-100)
1021,0.7871409,0.2128591,1,1,1) very rare (1-5)
1022,0.43348503,0.56651497,0,1,1) very rare (1-5)
1023,0.5104804,0.4895196,0,223,4) very common (100+)
1024,0.8549678,0.14503223,1,1,1) very rare (1-5)
1025,0.16529766,0.8347024,0,0,1) very rare (1-5)
1026,0.6086465,0.3913535,0,85,3) common (21-100)
1027,0.017780002,0.98222,1,8,2) rare (6-20)
1028,0.056514036,0.943486,1,0,1) very rare (1-5)
1029,0.35927576,0.64072424,1,0,1) very rare (1-5)
1030,0.70093954,0.29906046,0,372,4) very common (100+)
1031,0.06447795,0.9355221,1,5,1) very rare (1-5)
1032,0.08878466,0.91121536,1,27,3) common (21-100)
1033,0.115258045,0.88474196,1,6,2) rare (6-20)
1034,0.7679719,0.23202813,1,1,1) very rare (1-5)
1035,0.62817746,0.37182254,1,3,1) very rare (1-5)
1036,0.34716597,0.65283406,1,5,1) very rare (1-5)
1037,0.43691012,0.56308985,0,134,4) very common (100+)
1038,0.7804471,0.21955287,0,107,4) very common (100+)
1039,0.07682603,0.92317396,0,5,1) very rare (1-5)
1040,0.8383294,0.16167063,0,1070,4) very common (100+)
1041,0.87377256,0.12622744,1,105,4) very common (100+)
1042,0.11485972,0.8851403,1,20,2) rare (6-20)
1043,0.9917463,0.008253694,0,89,3) common (21-100)
1044,0.46389,0.53611004,1,3,1) very rare (1-5)
1045,0.6588487,0.3411513,1,70,3) common (21-100)
1046,0.54037756,0.45962244,1,66,3) common (21-100)
1047,0.104794905,0.8952051,0,24,3) common (21-100)
1048,0.49800628,0.5019937,1,0,1) very rare (1-5)
1049,0.46927065,0.53072935,1,42,3) common (21-100)
1050,0.5674665,0.4325335,1,1070,4) very common (100+)
1051,0.13136968,0.8686303,1,13,2) rare (6-20)
1052,0.72374076,0.27625924,0,700,4) very common (100+)
1053,0.4412043,0.5587957,1,75,3) common (21-100)
1054,0.5032905,0.49670953,1,4,1) very rare (1-5)
1055,0.3657789,0.6342211,1,10,2) rare (6-20)
1056,0.2579797,0.7420203,1,19,2) rare (6-20)
1057,0.7265898,0.2734102,0,42,3) common (21-100)
1058,0.069651894,0.9303481,1,23,3) common (21-100)
1059,0.8938838,0.106116176,0,0,1) very rare (1-5)
1060,0.3461144,0.6538856,1,0,1) very rare (1-5)
1061,0.8386616,0.16133839,0,1290,4) very common (100+)
1062,0.606189,0.393811,0,1070,4) very common (100+)
1063,0.06318218,0.9368178,1,3,1) very rare (1-5)
1064,0.5296933,0.4703067,0,16,2) rare (6-20)
1065,0.64004534,0.35995466,0,18,2) rare (6-20)
1066,0.7314286,0.26857138,0,1000,4) very common (100+)
1067,0.013349357,0.98665065,1,0,1) very rare (1-5)
1068,0.498396,0.50160396,0,421,4) very common (100+)
1069,0.22383176,0.7761682,1,0,1) very rare (1-5)
1070,0.14021692,0.85978305,0,3,1) very rare (1-5)
1071,0.1372221,0.8627779,0,105,4) very common (100+)
1072,0.5825036,0.41749638,1,91,3) common (21-100)
1073,0.73421925,0.26578075,1,2,1) very rare (1-5)
1074,0.5966557,0.40334427,1,7,2) rare (6-20)
1075,0.14285006,0.85714996,1,1,1) very rare (1-5)
1076,0.75468546,0.24531454,1,20,2) rare (6-20)
1077,0.78206617,0.21793383,0,1290,4) very common (100+)
1078,0.9575336,0.042466402,0,22,3) common (21-100)
1079,0.6734575,0.3265425,1,3,1) very rare (1-5)
1080,0.26692614,0.73307383,0,0,1) very rare (1-5)
1081,0.2622599,0.7377401,0,2,1) very rare (1-5)
1082,0.69072443,0.30927557,0,1290,4) very common (100+)
1083,0.8808098,0.119190216,0,106,4) very common (100+)
1084,0.3504954,0.6495046,0,17,2) rare (6-20)
1085,0.286778,0.713222,0,2,1) very rare (1-5)
1086,0.8433019,0.15669811,1,3,1) very rare (1-5)
1087,0.53798926,0.46201074,1,3,1) very rare (1-5)
1088,0.09057384,0.90942615,1,2,1) very rare (1-5)
1089,0.18690749,0.8130925,1,134,4) very common (100+)
1090,0.2606449,0.7393551,0,14,2) rare (6-20)
1091,0.3255479,0.67445207,0,1,1) very rare (1-5)
1092,0.30668828,0.6933117,0,0,1) very rare (1-5)
1093,0.9370676,0.06293237,0,11,2) rare (6-20)
1094,0.21893142,0.78106856,1,1,1) very rare (1-5)
1095,0.8484542,0.15154582,0,274,4) very common (100+)
1096,0.40559334,0.59440666,0,166,4) very common (100+)
1097,0.8883893,0.11161071,0,1290,4) very common (100+)
1098,0.9348408,0.0651592,0,7,2) rare (6-20)
1099,0.13831697,0.861683,1,1,1) very rare (1-5)
1100,0.42750275,0.57249725,1,1,1) very rare (1-5)
1101,0.88991004,0.11008996,0,1000,4) very common (100+)
1102,0.46958014,0.5304198,0,1,1) very rare (1-5)
1103,0.0739616,0.9260384,1,81,3) common (21-100)
1104,0.54476833,0.45523167,0,105,4) very common (100+)
1105,0.9212311,0.07876891,0,237,4) very common (100+)
1106,0.5993535,0.4006465,1,4,1) very rare (1-5)
1107,0.5394976,0.4605024,1,62,3) common (21-100)
1108,0.15918869,0.8408113,1,0,1) very rare (1-5)
1109,0.92886233,0.07113767,0,84,3) common (21-100)
1110,0.18156742,0.81843257,1,81,3) common (21-100)
1111,0.5197103,0.4802897,0,1290,4) very common (100+)
1112,0.75420815,0.24579185,0,1290,4) very common (100+)
1113,0.8730607,0.1269393,0,700,4) very common (100+)
1114,0.052760772,0.9472392,1,0,1) very rare (1-5)
1115,0.3591384,0.64086163,1,8,2) rare (6-20)
1116,0.064925335,0.9350747,1,2,1) very rare (1-5)
1117,0.023706052,0.9762939,1,274,4) very common (100+)
1118,0.15867154,0.84132844,0,4,1) very rare (1-5)
1119,0.023965498,0.9760345,1,0,1) very rare (1-5)
1120,0.6770138,0.3229862,0,145,4) very common (100+)
1121,0.96025455,0.03974545,0,421,4) very common (100+)
1122,0.14644185,0.8535582,0,0,1) very rare (1-5)
1123,0.099623896,0.9003761,1,76,3) common (21-100)
1124,0.45296568,0.5470343,1,0,1) very rare (1-5)
1125,0.733444,0.26655602,1,28,3) common (21-100)
1126,0.564922,0.43507802,1,0,1) very rare (1-5)
1127,0.53099924,0.46900076,1,39,3) common (21-100)
1128,0.44608763,0.5539124,1,1,1) very rare (1-5)
1129,0.8587148,0.14128518,0,21,3) common (21-100)
1130,0.017908152,0.98209184,1,6,2) rare (6-20)
1131,0.03987095,0.960129,1,4,1) very rare (1-5)
1132,0.7506862,0.24931377,0,1,1) very rare (1-5)
1133,0.21796954,0.78203046,0,36,3) common (21-100)
1134,0.7754153,0.2245847,0,1000,4) very common (100+)
1135,0.54133445,0.45866555,1,4,1) very rare (1-5)
1136,0.2146851,0.7853149,1,5,1) very rare (1-5)
1137,0.0551488,0.9448512,1,0,1) very rare (1-5)
1138,0.52642745,0.47357255,1,3,1) very rare (1-5)
1139,0.021126186,0.9788738,1,3,1) very rare (1-5)
1140,0.6860414,0.3139586,0,700,4) very common (100+)
1141,0.19874085,0.80125916,1,1,1) very rare (1-5)
1142,0.4594028,0.5405972,1,71,3) common (21-100)
1143,0.05580448,0.9441955,1,6,2) rare (6-20)
1144,0.23345277,0.7665472,1,8,2) rare (6-20)
1145,0.8953557,0.1046443,1,89,3) common (21-100)
1146,0.71419865,0.28580135,1,1290,4) very common (100+)
1147,0.71746284,0.28253716,1,54,3) common (21-100)
1148,0.23608263,0.7639174,0,22,3) common (21-100)
1149,0.9108328,0.08916718,1,3,1) very rare (1-5)
1150,0.04762137,0.95237863,1,39,3) common (21-100)
1151,0.6621165,0.33788347,1,0,1) very rare (1-5)
1152,0.6587226,0.34127742,0,3,1) very rare (1-5)
1153,0.2258145,0.7741855,0,1,1) very rare (1-5)
1154,0.43136585,0.56863415,1,160,4) very common (100+)
1155,0.3983312,0.60166883,1,0,1) very rare (1-5)
1156,0.29186103,0.70813894,1,4,1) very rare (1-5)
1157,0.49272797,0.507272,0,37,3) common (21-100)
1158,0.55705273,0.44294727,0,4,1) very rare (1-5)
1159,0.04485033,0.95514965,1,0,1) very rare (1-5)
1160,0.16820247,0.83179754,0,55,3) common (21-100)
1161,0.41275996,0.58724004,1,1070,4) very common (100+)
1162,0.9700244,0.029975593,0,421,4) very common (100+)
1163,0.61862373,0.38137627,0,700,4) very common (100+)
1164,0.4854133,0.5145867,0,237,4) very common (100+)
1165,0.2924171,0.7075829,1,142,4) very common (100+)
1166,0.50237,0.49763,1,76,3) common (21-100)
1167,0.8855544,0.11444563,0,89,3) common (21-100)
1168,0.07872378,0.9212762,1,1,1) very rare (1-5)
1169,0.04255357,0.95744646,1,1,1) very rare (1-5)
1170,0.7986972,0.20130283,0,42,3) common (21-100)
1171,0.34921077,0.65078926,1,1,1) very rare (1-5)
1172,0.3899722,0.6100278,0,25,3) common (21-100)
1173,0.8563928,0.1436072,0,10,2) rare (6-20)
1174,0.8276382,0.17236179,1,105,4) very common (100+)
1175,0.46113828,0.53886175,0,17,2) rare (6-20)
1176,0.16142689,0.8385731,1,0,1) very rare (1-5)
1177,0.3632224,0.63677764,0,4,1) very rare (1-5)
1178,0.5035518,0.49644822,1,0,1) very rare (1-5)
1179,0.20056883,0.7994312,1,0,1) very rare (1-5)
1180,0.07552823,0.9244718,1,0,1) very rare (1-5)
1181,0.4688447,0.5311553,1,1290,4) very common (100+)
1182,0.33357966,0.66642034,0,11,2) rare (6-20)
1183,0.16684206,0.83315796,1,4,1) very rare (1-5)
1184,0.95422196,0.045778036,0,70,3) common (21-100)
1185,0.5569047,0.44309533,1,1290,4) very common (100+)
1186,0.22513638,0.7748636,1,275,4) very common (100+)
1187,0.48152626,0.51847374,1,78,3) common (21-100)
1188,0.80969906,0.19030094,0,142,4) very common (100+)
1189,0.39380333,0.60619664,1,1,1) very rare (1-5)
1190,0.72187227,0.27812773,1,1070,4) very common (100+)
1191,0.9601105,0.039889514,0,211,4) very common (100+)
1192,0.050847676,0.94915235,1,1,1) very rare (1-5)
1193,0.4361084,0.5638916,1,5,1) very rare (1-5)
1194,0.015149875,0.9848501,1,2,1) very rare (1-5)
1195,0.1974955,0.8025045,0,275,4) very common (100+)
1196,0.68055505,0.31944495,1,18,2) rare (6-20)
1197,0.043639705,0.9563603,1,3,1) very rare (1-5)
1198,0.11126582,0.88873416,1,24,3) common (21-100)
1199,0.4112032,0.5887968,1,0,1) very rare (1-5)
1200,0.5728341,0.42716593,1,142,4) very common (100+)
1201,0.25878185,0.74121815,1,86,3) common (21-100)
1202,0.23604144,0.7639586,1,0,1) very rare (1-5)
1203,0.021556411,0.97844356,1,92,3) common (21-100)
1204,0.55352575,0.44647425,1,0,1) very rare (1-5)
1205,0.10704281,0.8929572,1,1,1) very rare (1-5)
1206,0.22060414,0.7793959,1,160,4) very common (100+)
1207,0.77098715,0.22901285,1,69,3) common (21-100)
1208,0.51596147,0.48403853,1,1,1) very rare (1-5)
1209,0.055925664,0.94407433,1,0,1) very rare (1-5)
1210,0.508736,0.491264,0,1070,4) very common (100+)
1211,0.22796147,0.7720385,0,5,1) very rare (1-5)
1212,0.64160436,0.35839564,1,1,1) very rare (1-5)
1213,0.35942033,0.6405797,1,372,4) very common (100+)
1214,0.8877876,0.11221242,0,2,1) very rare (1-5)
1215,0.09860297,0.90139705,0,1,1) very rare (1-5)
1216,0.3435234,0.6564766,0,86,3) common (21-100)
1217,0.93830806,0.06169194,0,700,4) very common (100+)
1218,0.2609253,0.7390747,1,4,1) very rare (1-5)
1219,0.80859244,0.19140756,0,372,4) very common (100+)
1220,0.75509465,0.24490535,0,2,1) very rare (1-5)
1221,0.16477151,0.8352285,1,0,1) very rare (1-5)
1222,0.5332396,0.4667604,0,1070,4) very common (100+)
1223,0.28053805,0.7194619,1,5,1) very rare (1-5)
1224,0.6550763,0.34492368,1,0,1) very rare (1-5)
1225,0.91623193,0.08376807,0,4,1) very rare (1-5)
1226,0.3949973,0.6050027,1,3,1) very rare (1-5)
1227,0.046267815,0.9537322,1,0,1) very rare (1-5)
1228,0.34886825,0.65113175,1,17,2) rare (6-20)
1229,0.3113311,0.6886689,1,0,1) very rare (1-5)
1230,0.5586949,0.4413051,0,268,4) very common (100+)
1231,0.14834733,0.8516527,0,1,1) very rare (1-5)
1232,0.07386544,0.9261346,1,1,1) very rare (1-5)
1233,0.26331994,0.73668003,1,421,4) very common (100+)
1234,0.25226626,0.7477337,1,1290,4) very common (100+)
1235,0.38282487,0.6171751,1,2,1) very rare (1-5)
1236,0.7944527,0.20554727,1,58,3) common (21-100)
1237,0.0696485,0.9303515,0,14,2) rare (6-20)
1238,0.25691745,0.7430825,1,36,3) common (21-100)
1239,0.20706789,0.7929321,1,0,1) very rare (1-5)
1240,0.9298514,0.07014859,1,5,1) very rare (1-5)
1241,0.7826694,0.21733057,1,15,2) rare (6-20)
1242,0.13265777,0.86734223,1,18,2) rare (6-20)
1243,0.82913756,0.17086244,1,1290,4) very common (100+)
1244,0.17662255,0.82337743,1,14,2) rare (6-20)
1245,0.36365324,0.63634676,1,66,3) common (21-100)
1246,0.011852174,0.98814785,1,88,3) common (21-100)
1247,0.1088291,0.8911709,0,19,2) rare (6-20)
1248,0.79428256,0.20571744,1,19,2) rare (6-20)
1249,0.54793876,0.45206124,1,3,1) very rare (1-5)
1250,0.037497934,0.96250206,1,7,2) rare (6-20)
1251,0.46966377,0.53033626,1,1070,4) very common (100+)
1252,0.5518957,0.44810432,0,700,4) very common (100+)
1253,0.545224,0.454776,0,261,4) very common (100+)
1254,0.9409003,0.059099674,0,96,3) common (21-100)
1255,0.47924638,0.5207536,0,223,4) very common (100+)
1256,0.318898,0.68110204,0,9,2) rare (6-20)
1257,0.92393297,0.07606703,0,106,4) very common (100+)
1258,0.056423962,0.94357604,1,0,1) very rare (1-5)
1259,0.849384,0.15061599,1,0,1) very rare (1-5)
1260,0.12868237,0.8713176,0,5,1) very rare (1-5)
1261,0.34930092,0.6506991,1,3,1) very rare (1-5)
1262,0.5399782,0.4600218,0,86,3) common (21-100)
1263,0.35776016,0.6422398,1,4,1) very rare (1-5)
1264,0.40206727,0.5979327,1,5,1) very rare (1-5)
1265,0.46753368,0.5324663,0,76,3) common (21-100)
1266,0.40307805,0.5969219,1,0,1) very rare (1-5)
1267,0.13471739,0.8652826,0,17,2) rare (6-20)
1268,0.18272181,0.8172782,1,9,2) rare (6-20)
1269,0.24948476,0.7505152,1,0,1) very rare (1-5)
1270,0.96168166,0.038318336,1,0,1) very rare (1-5)
1271,0.83893067,0.16106933,1,0,1) very rare (1-5)
1272,0.2380661,0.7619339,1,23,3) common (21-100)
1273,0.46061617,0.5393838,1,9,2) rare (6-20)
1274,0.8015257,0.19847429,0,700,4) very common (100+)
1275,0.22864836,0.77135164,0,3,1) very rare (1-5)
1276,0.7420086,0.25799137,1,3,1) very rare (1-5)
1277,0.31223264,0.6877674,0,31,3) common (21-100)
1278,0.726777,0.27322298,0,134,4) very common (100+)
1279,0.5590126,0.4409874,0,10,2) rare (6-20)
1280,0.2922067,0.7077933,1,15,2) rare (6-20)
1281,0.31607297,0.68392706,0,9,2) rare (6-20)
1282,0.5538481,0.4461519,0,0,1) very rare (1-5)
1283,0.8485334,0.15146661,0,261,4) very common (100+)
1284,0.4830511,0.51694894,0,43,3) common (21-100)
1285,0.7931417,0.20685828,1,37,3) common (21-100)
1286,0.0368514,0.9631486,1,4,1) very rare (1-5)
1287,0.28828955,0.71171045,1,0,1) very rare (1-5)
1288,0.41815102,0.581849,0,1,1) very rare (1-5)
1289,0.26408455,0.7359154,1,1,1) very rare (1-5)
1290,0.47197366,0.52802634,0,1,1) very rare (1-5)
1291,0.97771955,0.022280455,0,700,4) very common (100+)
1292,0.63395864,0.36604136,0,700,4) very common (100+)
1293,0.61610675,0.38389325,1,3,1) very rare (1-5)
1294,0.34455797,0.655442,1,12,2) rare (6-20)
1295,0.06596861,0.93403137,1,3,1) very rare (1-5)
1296,0.97288436,0.027115643,0,1000,4) very common (100+)
1297,0.09633059,0.9036694,1,0,1) very rare (1-5)
1298,0.66412497,0.33587503,1,3,1) very rare (1-5)
1299,0.22682932,0.7731707,1,3,1) very rare (1-5)
1300,0.96723014,0.03276986,0,78,3) common (21-100)
1301,0.40109003,0.59891,0,24,3) common (21-100)
1302,0.6204626,0.3795374,0,11,2) rare (6-20)
1303,0.16785221,0.8321478,0,0,1) very rare (1-5)
1304,0.54404795,0.45595205,0,1290,4) very common (100+)
1305,0.32631162,0.6736884,0,7,2) rare (6-20)
1306,0.7250231,0.2749769,0,1290,4) very common (100+)
1307,0.86403704,0.13596296,0,4,1) very rare (1-5)
1308,0.6524817,0.34751832,1,1070,4) very common (100+)
1309,0.21844706,0.7815529,1,0,1) very rare (1-5)
1310,0.80044955,0.19955045,1,421,4) very common (100+)
1311,0.1380269,0.8619731,1,7,2) rare (6-20)
1312,0.8937755,0.10622448,0,20,2) rare (6-20)
1313,0.98307854,0.01692146,0,1290,4) very common (100+)
1314,0.9223403,0.077659726,0,1000,4) very common (100+)
1315,0.7618293,0.23817068,0,0,1) very rare (1-5)
1316,0.20912355,0.79087645,1,16,2) rare (6-20)
1317,0.9919401,0.008059919,0,94,3) common (21-100)
1318,0.10615917,0.89384085,0,14,2) rare (6-20)
1319,0.28615314,0.71384686,1,27,3) common (21-100)
1320,0.19913693,0.8008631,0,65,3) common (21-100)
1321,0.40219387,0.5978061,0,18,2) rare (6-20)
1322,0.61816865,0.38183135,1,0,1) very rare (1-5)
1323,0.21939985,0.78060013,1,17,2) rare (6-20)
1324,0.19285102,0.807149,0,1070,4) very common (100+)
1325,0.8086441,0.19135588,0,21,3) common (21-100)
1326,0.90623295,0.09376705,1,268,4) very common (100+)
1327,0.21230496,0.78769505,1,0,1) very rare (1-5)
1328,0.044437803,0.9555622,1,4,1) very rare (1-5)
1329,0.18539087,0.8146091,1,0,1) very rare (1-5)
1330,0.16239451,0.8376055,0,7,2) rare (6-20)
1331,0.80337393,0.19662607,0,5,1) very rare (1-5)
1332,0.8984545,0.10154551,0,20,2) rare (6-20)
1333,0.5360196,0.46398038,1,14,2) rare (6-20)
1334,0.8907889,0.10921109,1,70,3) common (21-100)
1335,0.78728586,0.21271414,0,42,3) common (21-100)
1336,0.8503996,0.14960039,1,1,1) very rare (1-5)
1337,0.0697174,0.9302826,1,18,2) rare (6-20)
1338,0.7033105,0.2966895,1,2,1) very rare (1-5)
1339,0.9178935,0.08210647,0,8,2) rare (6-20)
1340,0.84960395,0.15039605,0,223,4) very common (100+)
1341,0.19584925,0.80415076,1,1,1) very rare (1-5)
1342,0.08024077,0.9197592,1,0,1) very rare (1-5)
1343,0.6862799,0.3137201,1,1290,4) very common (100+)
1344,0.16367987,0.83632016,1,0,1) very rare (1-5)
1345,0.52401215,0.47598785,0,3,1) very rare (1-5)
1346,0.6615929,0.3384071,0,0,1) very rare (1-5)
1347,0.9880604,0.011939585,0,12,2) rare (6-20)
1348,0.6216287,0.3783713,0,261,4) very common (100+)
1349,0.36715776,0.63284224,1,160,4) very common (100+)
1350,0.29471153,0.70528847,0,9,2) rare (6-20)
1351,0.9259217,0.07407832,0,28,3) common (21-100)
1352,0.20698027,0.7930197,1,372,4) very common (100+)
1353,0.023443243,0.9765568,1,0,1) very rare (1-5)
1354,0.89707834,0.102921665,0,12,2) rare (6-20)
1355,0.1428945,0.8571055,0,1,1) very rare (1-5)
1356,0.20737514,0.79262483,1,0,1) very rare (1-5)
1357,0.1508699,0.8491301,1,100,3) common (21-100)
1358,0.86009085,0.13990915,1,5,1) very rare (1-5)
1359,0.7265861,0.2734139,1,76,3) common (21-100)
1360,0.7049527,0.29504728,1,160,4) very common (100+)
1361,0.9035135,0.09648651,0,12,2) rare (6-20)
1362,0.06621961,0.9337804,1,0,1) very rare (1-5)
1363,0.14911708,0.8508829,1,3,1) very rare (1-5)
1364,0.52536905,0.47463095,1,4,1) very rare (1-5)
1365,0.1070423,0.8929577,1,75,3) common (21-100)
1366,0.04338667,0.9566133,1,0,1) very rare (1-5)
1367,0.7724092,0.2275908,1,3,1) very rare (1-5)
1368,0.9736763,0.026323676,0,1000,4) very common (100+)
1369,0.3859067,0.6140933,0,2,1) very rare (1-5)
1370,0.8963616,0.10363841,0,700,4) very common (100+)
1371,0.20923638,0.7907636,1,3,1) very rare (1-5)
1372,0.17103918,0.82896084,1,0,1) very rare (1-5)
1373,0.1203347,0.8796653,1,17,2) rare (6-20)
1374,0.036359154,0.96364087,1,0,1) very rare (1-5)
1375,0.9214296,0.078570426,0,68,3) common (21-100)
1376,0.7201175,0.2798825,0,2,1) very rare (1-5)
1377,0.9772519,0.022748113,1,4,1) very rare (1-5)
1378,0.2203523,0.7796477,1,62,3) common (21-100)
1379,0.15419659,0.8458034,1,0,1) very rare (1-5)
1380,0.30753976,0.69246024,1,6,2) rare (6-20)
1381,0.9920655,0.007934511,0,211,4) very common (100+)
1382,0.66984254,0.33015746,1,13,2) rare (6-20)
1383,0.120497406,0.8795026,1,0,1) very rare (1-5)
1384,0.08120999,0.91879,1,0,1) very rare (1-5)
1385,0.16057143,0.83942854,1,0,1) very rare (1-5)
1386,0.8809405,0.1190595,0,105,4) very common (100+)
1387,0.28201118,0.71798885,0,2,1) very rare (1-5)
1388,0.9757574,0.02424258,0,1000,4) very common (100+)
1389,0.10131135,0.8986887,1,1,1) very rare (1-5)
1390,0.89345074,0.10654926,1,8,2) rare (6-20)
1391,0.09153774,0.9084623,1,30,3) common (21-100)
1392,0.4009607,0.5990393,1,1,1) very rare (1-5)
1393,0.7231796,0.27682042,1,0,1) very rare (1-5)
1394,0.06405171,0.9359483,1,0,1) very rare (1-5)
1395,0.91687405,0.08312595,0,62,3) common (21-100)
1396,0.49442375,0.50557625,0,2,1) very rare (1-5)
1397,0.974817,0.025183022,0,142,4) very common (100+)
1398,0.100881904,0.89911807,1,0,1) very rare (1-5)
1399,0.53535956,0.46464044,1,7,2) rare (6-20)
1400,0.7503666,0.24963337,1,0,1) very rare (1-5)
1401,0.08220616,0.91779387,1,2,1) very rare (1-5)
1402,0.53630835,0.46369165,1,6,2) rare (6-20)
1403,0.5102028,0.48979717,0,274,4) very common (100+)
1404,0.49347442,0.5065256,0,5,1) very rare (1-5)
1405,0.4357997,0.5642003,0,142,4) very common (100+)
1406,0.5936653,0.4063347,1,58,3) common (21-100)
1407,0.96963453,0.030365467,0,166,4) very common (100+)
1408,0.32069576,0.67930424,0,261,4) very common (100+)
1409,0.28929788,0.7107021,0,107,4) very common (100+)
1410,0.58423954,0.41576046,1,0,1) very rare (1-5)
1411,0.871297,0.128703,0,3,1) very rare (1-5)
1412,0.89986634,0.10013366,1,1070,4) very common (100+)
1413,0.40167835,0.5983217,0,32,3) common (21-100)
1414,0.3251473,0.6748527,0,2,1) very rare (1-5)
1415,0.5649924,0.43500757,1,0,1) very rare (1-5)
1416,0.506762,0.49323797,1,1,1) very rare (1-5)
1417,0.84438366,0.15561634,0,47,3) common (21-100)
1418,0.2737796,0.72622037,1,0,1) very rare (1-5)
1419,0.8768238,0.12317622,0,421,4) very common (100+)
1420,0.98408806,0.015911937,0,700,4) very common (100+)
1421,0.038009185,0.96199083,1,3,1) very rare (1-5)
1422,0.1518307,0.8481693,1,0,1) very rare (1-5)
1423,0.32658523,0.67341477,1,421,4) very common (100+)
1424,0.36876082,0.6312392,1,92,3) common (21-100)
1425,0.2512352,0.7487648,0,1,1) very rare (1-5)
1426,0.13544515,0.8645549,1,0,1) very rare (1-5)
1427,0.21418722,0.7858128,1,3,1) very rare (1-5)
1428,0.1424823,0.8575177,0,0,1) very rare (1-5)
1429,0.85552377,0.14447623,0,1000,4) very common (100+)
1430,0.12538609,0.8746139,1,0,1) very rare (1-5)
1431,0.70584255,0.29415745,0,237,4) very common (100+)
1432,0.19060956,0.8093904,1,6,2) rare (6-20)
1433,0.4486048,0.5513952,0,9,2) rare (6-20)
1434,0.34893924,0.65106076,1,0,1) very rare (1-5)
1435,0.4441091,0.5558909,0,1290,4) very common (100+)
1436,0.6363758,0.36362422,0,13,2) rare (6-20)
1437,0.13867027,0.86132973,1,421,4) very common (100+)
1438,0.09331026,0.90668976,0,105,4) very common (100+)
1439,0.35917825,0.64082175,1,31,3) common (21-100)
1440,0.37575528,0.6242447,0,237,4) very common (100+)
1441,0.7681956,0.23180437,1,89,3) common (21-100)
1442,0.10488229,0.8951177,1,0,1) very rare (1-5)
1443,0.8967325,0.10326749,1,2,1) very rare (1-5)
1444,0.23940293,0.76059705,1,0,1) very rare (1-5)
1445,0.46959123,0.53040874,0,1,1) very rare (1-5)
1446,0.56657803,0.43342197,0,35,3) common (21-100)
1447,0.5274464,0.4725536,0,1070,4) very common (100+)
1448,0.52902323,0.47097677,0,3,1) very rare (1-5)
1449,0.57526344,0.42473656,1,1290,4) very common (100+)
1450,0.2325079,0.7674921,1,3,1) very rare (1-5)
1451,0.9502978,0.049702227,0,89,3) common (21-100)
1452,0.06751876,0.9324812,1,0,1) very rare (1-5)
1453,0.9631663,0.036833704,0,237,4) very common (100+)
1454,0.9906758,0.009324193,0,211,4) very common (100+)
1455,0.73581874,0.26418126,0,1290,4) very common (100+)
1456,0.9469465,0.0530535,0,211,4) very common (100+)
1457,0.34071523,0.6592848,0,0,1) very rare (1-5)
1458,0.83405447,0.16594553,0,39,3) common (21-100)
1459,0.98501253,0.014987469,0,700,4) very common (100+)
1460,0.79106385,0.20893615,0,3,1) very rare (1-5)
1461,0.14117253,0.8588275,1,96,3) common (21-100)
1462,0.65148014,0.34851986,1,3,1) very rare (1-5)
1463,0.8665714,0.13342857,0,421,4) very common (100+)
1464,0.98383105,0.016168952,0,1000,4) very common (100+)
1465,0.44163096,0.55836904,0,118,4) very common (100+)
1466,0.47395685,0.5260432,0,28,3) common (21-100)
1467,0.15347198,0.84652805,1,79,3) common (21-100)
1468,0.23316358,0.7668364,0,29,3) common (21-100)
1469,0.34133276,0.6586672,1,96,3) common (21-100)
1470,0.8144849,0.1855151,1,0,1) very rare (1-5)
1471,0.5759465,0.4240535,1,8,2) rare (6-20)
1472,0.053122673,0.9468773,1,8,2) rare (6-20)
1473,0.9511694,0.04883063,0,6,2) rare (6-20)
1474,0.66590095,0.33409905,0,5,1) very rare (1-5)
1475,0.24516466,0.75483537,1,3,1) very rare (1-5)
1476,0.45631567,0.54368436,1,372,4) very common (100+)
1477,0.28861132,0.7113887,0,3,1) very rare (1-5)
1478,0.17571475,0.82428527,0,4,1) very rare (1-5)
1479,0.32845715,0.6715429,0,4,1) very rare (1-5)
1480,0.6555478,0.3444522,0,2,1) very rare (1-5)
1481,0.5980326,0.4019674,1,66,3) common (21-100)
1482,0.42128083,0.57871914,0,9,2) rare (6-20)
1483,0.17723808,0.8227619,0,82,3) common (21-100)
1484,0.96245104,0.03754896,0,1000,4) very common (100+)
1485,0.8935441,0.10645592,0,105,4) very common (100+)
1486,0.3872937,0.6127063,0,9,2) rare (6-20)
1487,0.96304905,0.036950946,1,142,4) very common (100+)
1488,0.6464424,0.3535576,0,3,1) very rare (1-5)
1489,0.3476614,0.6523386,1,0,1) very rare (1-5)
1490,0.028599922,0.9714001,1,6,2) rare (6-20)
1491,0.26286647,0.7371335,1,0,1) very rare (1-5)
1492,0.47848585,0.5215142,1,1290,4) very common (100+)
1493,0.12692198,0.873078,0,35,3) common (21-100)
1494,0.012531369,0.98746866,1,4,1) very rare (1-5)
1495,0.8896234,0.1103766,0,74,3) common (21-100)
1496,0.6510357,0.34896427,0,96,3) common (21-100)
1497,0.17360088,0.8263991,1,2,1) very rare (1-5)
1498,0.13027479,0.8697252,1,1,1) very rare (1-5)
1499,0.8490624,0.15093762,0,700,4) very common (100+)
1500,0.62839586,0.37160414,1,1,1) very rare (1-5)
1501,0.016178258,0.98382175,1,0,1) very rare (1-5)
1502,0.040085994,0.959914,1,7,2) rare (6-20)
1503,0.7952001,0.20479989,1,15,2) rare (6-20)
1504,0.16667917,0.83332086,0,3,1) very rare (1-5)
1505,0.9488988,0.051101208,0,700,4) very common (100+)
1506,0.31510052,0.68489945,1,268,4) very common (100+)
1507,0.8625551,0.13744491,0,85,3) common (21-100)
1508,0.1660849,0.8339151,0,3,1) very rare (1-5)
1509,0.085735284,0.91426474,1,0,1) very rare (1-5)
1510,0.2635005,0.7364995,1,5,1) very rare (1-5)
1511,0.07662388,0.92337614,1,5,1) very rare (1-5)
1512,0.54822904,0.45177096,0,3,1) very rare (1-5)
1513,0.5023309,0.4976691,1,3,1) very rare (1-5)
1514,0.6038113,0.39618868,1,0,1) very rare (1-5)
1515,0.43373328,0.5662667,1,372,4) very common (100+)
1516,0.716708,0.283292,0,223,4) very common (100+)
1517,0.4605638,0.5394362,1,8,2) rare (6-20)
1518,0.72692555,0.27307445,0,1000,4) very common (100+)
1519,0.7505185,0.2494815,1,15,2) rare (6-20)
1520,0.98353994,0.016460061,0,275,4) very common (100+)
1521,0.19862142,0.8013786,1,0,1) very rare (1-5)
1522,0.8653163,0.13468373,0,14,2) rare (6-20)
1523,0.41927144,0.58072853,0,14,2) rare (6-20)
1524,0.3609446,0.6390554,1,142,4) very common (100+)
1525,0.77437395,0.22562605,0,1000,4) very common (100+)
1526,0.07210214,0.9278979,0,0,1) very rare (1-5)
1527,0.8023782,0.19762182,0,65,3) common (21-100)
1528,0.31601408,0.68398595,1,0,1) very rare (1-5)
1529,0.7183241,0.28167588,0,9,2) rare (6-20)
1530,0.9295856,0.070414424,0,159,4) very common (100+)
1531,0.08808274,0.91191727,1,0,1) very rare (1-5)
1532,0.888228,0.111772,1,1290,4) very common (100+)
1533,0.14544673,0.8545533,1,0,1) very rare (1-5)
1534,0.4027176,0.5972824,1,8,2) rare (6-20)
1535,0.8157236,0.1842764,0,18,2) rare (6-20)
1536,0.2747455,0.72525454,1,2,1) very rare (1-5)
1537,0.44318423,0.55681574,1,4,1) very rare (1-5)
1538,0.10825151,0.8917485,1,118,4) very common (100+)
1539,0.6762262,0.3237738,1,92,3) common (21-100)
1540,0.5071162,0.4928838,1,62,3) common (21-100)
1541,0.5679468,0.4320532,0,1,1) very rare (1-5)
1542,0.07723212,0.9227679,1,3,1) very rare (1-5)
1543,0.20282285,0.79717714,1,1290,4) very common (100+)
1544,0.5635314,0.4364686,0,19,2) rare (6-20)
1545,0.52016264,0.47983736,0,1290,4) very common (100+)
1546,0.11443418,0.8855658,1,0,1) very rare (1-5)
1547,0.49435854,0.50564146,0,1070,4) very common (100+)
1548,0.3214781,0.6785219,1,4,1) very rare (1-5)
1549,0.8077546,0.19224542,0,106,4) very common (100+)
1550,0.8939967,0.106003284,0,19,2) rare (6-20)
1551,0.71355104,0.28644896,1,142,4) very common (100+)
1552,0.13819912,0.8618009,0,39,3) common (21-100)
1553,0.94260526,0.057394743,0,32,3) common (21-100)
1554,0.1575911,0.8424089,0,2,1) very rare (1-5)
1555,0.12798202,0.872018,1,0,1) very rare (1-5)
1556,0.62737066,0.37262934,1,123,4) very common (100+)
1557,0.6923564,0.3076436,1,90,3) common (21-100)
1558,0.05901392,0.9409861,1,17,2) rare (6-20)
1559,0.13363889,0.86636114,1,5,1) very rare (1-5)
1560,0.08167638,0.91832364,1,89,3) common (21-100)
1561,0.54121256,0.45878744,1,2,1) very rare (1-5)
1562,0.35500923,0.6449908,0,1070,4) very common (100+)
1563,0.4620397,0.5379603,0,2,1) very rare (1-5)
1564,0.1891279,0.8108721,1,8,2) rare (6-20)
1565,0.14371414,0.85628587,1,2,1) very rare (1-5)
1566,0.18870701,0.811293,1,123,4) very common (100+)
1567,0.2312044,0.7687956,1,0,1) very rare (1-5)
1568,0.5458616,0.4541384,0,3,1) very rare (1-5)
1569,0.31660688,0.6833931,0,372,4) very common (100+)
1570,0.7114559,0.28854412,0,23,3) common (21-100)
1571,0.10508808,0.89491194,1,16,2) rare (6-20)
1572,0.23476647,0.7652335,0,111,4) very common (100+)
1573,0.3579354,0.6420646,1,1,1) very rare (1-5)
1574,0.26768437,0.73231566,0,16,2) rare (6-20)
1575,0.9271851,0.07281488,0,8,2) rare (6-20)
1576,0.78557163,0.21442837,0,7,2) rare (6-20)
1577,0.6843306,0.31566942,1,70,3) common (21-100)
1578,0.58778775,0.41221225,1,11,2) rare (6-20)
1579,0.0854955,0.9145045,1,1,1) very rare (1-5)
1580,0.7303532,0.26964682,0,0,1) very rare (1-5)
1581,0.3080441,0.6919559,0,123,4) very common (100+)
1582,0.07777153,0.92222846,1,0,1) very rare (1-5)
1583,0.35822555,0.6417744,1,76,3) common (21-100)
1584,0.22270827,0.7772917,1,13,2) rare (6-20)
1585,0.5906253,0.4093747,0,237,4) very common (100+)
1586,0.48799196,0.5120081,1,0,1) very rare (1-5)
1587,0.31025496,0.68974507,0,8,2) rare (6-20)
1588,0.601077,0.39892298,0,15,2) rare (6-20)
1589,0.7277983,0.27220172,1,72,3) common (21-100)
1590,0.2755109,0.7244891,1,0,1) very rare (1-5)
1591,0.46583554,0.5341644,1,0,1) very rare (1-5)
1592,0.07510914,0.9248909,1,0,1) very rare (1-5)
1593,0.12876387,0.87123615,0,9,2) rare (6-20)
1594,0.9664394,0.033560574,0,17,2) rare (6-20)
1595,0.6322717,0.3677283,0,1000,4) very common (100+)
1596,0.3062016,0.6937984,0,3,1) very rare (1-5)
1597,0.15382166,0.84617835,1,1,1) very rare (1-5)
1598,0.7183408,0.2816592,1,5,1) very rare (1-5)
1599,0.51908106,0.48091894,1,5,1) very rare (1-5)
1600,0.5648259,0.4351741,0,1,1) very rare (1-5)
1601,0.09117444,0.9088256,1,0,1) very rare (1-5)
1602,0.30311096,0.69688904,1,0,1) very rare (1-5)
1603,0.9269886,0.0730114,0,2,1) very rare (1-5)
1604,0.71207404,0.28792596,0,24,3) common (21-100)
1605,0.24431463,0.7556854,0,4,1) very rare (1-5)
1606,0.68538797,0.31461203,1,3,1) very rare (1-5)
1607,0.6337627,0.36623728,0,1070,4) very common (100+)
1608,0.5244114,0.47558862,1,106,4) very common (100+)
1609,0.17258087,0.82741916,1,79,3) common (21-100)
1610,0.027112877,0.9728871,1,5,1) very rare (1-5)
1611,0.40384093,0.5961591,0,1,1) very rare (1-5)
1612,0.11444279,0.88555723,1,39,3) common (21-100)
1613,0.98883677,0.011163235,1,1,1) very rare (1-5)
1614,0.52534246,0.47465754,0,182,4) very common (100+)
1615,0.027304072,0.97269595,1,11,2) rare (6-20)
1616,0.26072016,0.73927987,0,1,1) very rare (1-5)
1617,0.7385689,0.2614311,1,105,4) very common (100+)
1618,0.4105191,0.5894809,0,18,2) rare (6-20)
1619,0.005277013,0.99472296,1,0,1) very rare (1-5)
1620,0.93172944,0.068270564,0,1000,4) very common (100+)
1621,0.6972679,0.3027321,0,421,4) very common (100+)
1622,0.8247925,0.1752075,0,343,4) very common (100+)
1623,0.6095933,0.39040673,1,1070,4) very common (100+)
1624,0.28097802,0.719022,1,79,3) common (21-100)
1625,0.9821661,0.017833889,0,99,3) common (21-100)
1626,0.15062799,0.849372,0,0,1) very rare (1-5)
1627,0.8343359,0.16566408,1,146,4) very common (100+)
1628,0.21878931,0.78121066,1,118,4) very common (100+)
1629,0.4505041,0.54949594,0,0,1) very rare (1-5)
1630,0.646319,0.35368103,1,0,1) very rare (1-5)
1631,0.8624542,0.13754582,1,1,1) very rare (1-5)
1632,0.92255276,0.077447236,0,1000,4) very common (100+)
1633,0.1767188,0.82328117,1,0,1) very rare (1-5)
1634,0.22331326,0.7766867,1,0,1) very rare (1-5)
1635,0.76711535,0.23288465,0,14,2) rare (6-20)
1636,0.7445046,0.25549543,1,2,1) very rare (1-5)
1637,0.15177667,0.8482233,1,9,2) rare (6-20)
1638,0.40629944,0.5937005,1,79,3) common (21-100)
1639,0.9649223,0.03507769,0,1290,4) very common (100+)
1640,0.68674964,0.31325036,0,63,3) common (21-100)
1641,0.9476577,0.052342296,0,1290,4) very common (100+)
1642,0.812113,0.18788701,0,106,4) very common (100+)
1643,0.6682269,0.3317731,1,0,1) very rare (1-5)
1644,0.09181873,0.90818125,0,23,3) common (21-100)
1645,0.6567433,0.3432567,0,223,4) very common (100+)
1646,0.2512801,0.74871993,1,1,1) very rare (1-5)
1647,0.3248027,0.6751973,1,14,2) rare (6-20)
1648,0.71010965,0.28989035,0,421,4) very common (100+)
1649,0.3224059,0.67759407,0,700,4) very common (100+)
1650,0.94480073,0.055199265,0,39,3) common (21-100)
1651,0.60695165,0.39304835,1,58,3) common (21-100)
1652,0.64244246,0.35755754,1,0,1) very rare (1-5)
1653,0.691405,0.308595,1,71,3) common (21-100)
1654,0.35763592,0.6423641,1,134,4) very common (100+)
1655,0.04479834,0.9552017,1,2,1) very rare (1-5)
1656,0.7310069,0.26899308,0,182,4) very common (100+)
1657,0.51982534,0.48017466,0,1070,4) very common (100+)
1658,0.06481375,0.93518627,0,55,3) common (21-100)
1659,0.24002206,0.75997794,1,22,3) common (21-100)
1660,0.03650326,0.96349674,1,2,1) very rare (1-5)
1661,0.6310335,0.36896652,1,99,3) common (21-100)
1662,0.9508919,0.049108088,0,62,3) common (21-100)
1663,0.8497093,0.15029073,1,10,2) rare (6-20)
1664,0.17795312,0.8220469,1,0,1) very rare (1-5)
1665,0.71206796,0.28793204,1,2,1) very rare (1-5)
1666,0.90915275,0.090847254,0,421,4) very common (100+)
1667,0.6598359,0.34016412,0,4,1) very rare (1-5)
1668,0.64582807,0.35417193,0,22,3) common (21-100)
1669,0.9595709,0.040429115,0,211,4) very common (100+)
1670,0.55528015,0.44471985,1,1070,4) very common (100+)
1671,0.03337199,0.966628,1,0,1) very rare (1-5)
1672,0.93539965,0.06460035,0,106,4) very common (100+)
1673,0.03287745,0.96712255,1,24,3) common (21-100)
1674,0.685831,0.314169,0,26,3) common (21-100)
1675,0.21740666,0.78259337,1,66,3) common (21-100)
1676,0.41947868,0.58052135,0,86,3) common (21-100)
1677,0.4716755,0.5283245,0,343,4) very common (100+)
1678,0.70035183,0.29964817,1,88,3) common (21-100)
1679,0.093801096,0.9061989,1,0,1) very rare (1-5)
1680,0.9021171,0.09788293,0,37,3) common (21-100)
1681,0.38396296,0.616037,1,24,3) common (21-100)
1682,0.48819768,0.5118023,0,1290,4) very common (100+)
1683,0.37989914,0.62010086,0,343,4) very common (100+)
1684,0.36869997,0.63130003,0,2,1) very rare (1-5)
1685,0.7057253,0.2942747,0,66,3) common (21-100)
1686,0.3649522,0.6350478,1,118,4) very common (100+)
1687,0.6169071,0.38309288,0,1070,4) very common (100+)
1688,0.79823196,0.20176804,0,343,4) very common (100+)
1689,0.22222775,0.77777225,1,0,1) very rare (1-5)
1690,0.82582784,0.17417216,0,1290,4) very common (100+)
1691,0.35298032,0.6470197,1,39,3) common (21-100)
1692,0.9210073,0.078992724,0,17,2) rare (6-20)
1693,0.4459698,0.5540302,0,79,3) common (21-100)
1694,0.43787783,0.56212217,1,70,3) common (21-100)
1695,0.2521949,0.7478051,1,1,1) very rare (1-5)
1696,0.34412757,0.65587246,1,0,1) very rare (1-5)
1697,0.14298736,0.8570126,1,0,1) very rare (1-5)
1698,0.50573003,0.49426997,0,6,2) rare (6-20)
1699,0.4147018,0.5852982,1,0,1) very rare (1-5)
1700,0.38667876,0.61332124,1,0,1) very rare (1-5)
1701,0.23602264,0.76397735,0,3,1) very rare (1-5)
1702,0.9639594,0.036040604,0,23,3) common (21-100)
1703,0.44597772,0.5540223,1,5,1) very rare (1-5)
1704,0.94121873,0.058781266,1,7,2) rare (6-20)
1705,0.013900487,0.98609954,1,7,2) rare (6-20)
1706,0.13747561,0.8625244,1,8,2) rare (6-20)
1707,0.03919782,0.9608022,1,0,1) very rare (1-5)
1708,0.23742276,0.76257724,0,2,1) very rare (1-5)
1709,0.098262325,0.9017377,1,2,1) very rare (1-5)
1710,0.4062835,0.5937165,1,0,1) very rare (1-5)
1711,0.9623597,0.037640274,0,1000,4) very common (100+)
1712,0.369282,0.630718,1,16,2) rare (6-20)
1713,0.029708149,0.97029185,1,0,1) very rare (1-5)
1714,0.43869966,0.56130034,0,1,1) very rare (1-5)
1715,0.7803341,0.21966588,0,1070,4) very common (100+)
1716,0.42248523,0.57751477,0,178,4) very common (100+)
1717,0.58169854,0.41830146,0,123,4) very common (100+)
1718,0.3815623,0.6184377,0,41,3) common (21-100)
1719,0.2508184,0.7491816,1,178,4) very common (100+)
1720,0.75625116,0.24374884,1,111,4) very common (100+)
1721,0.43233803,0.567662,1,1,1) very rare (1-5)
1722,0.97115874,0.028841257,0,421,4) very common (100+)
1723,0.15749007,0.8425099,1,9,2) rare (6-20)
1724,0.18173407,0.8182659,1,0,1) very rare (1-5)
1725,0.9501813,0.049818695,0,1070,4) very common (100+)
1726,0.04560334,0.95439667,1,1,1) very rare (1-5)
1727,0.06882724,0.9311727,0,3,1) very rare (1-5)
1728,0.5655705,0.43442953,1,1000,4) very common (100+)
1729,0.3696661,0.6303339,1,118,4) very common (100+)
1730,0.14496835,0.85503167,0,8,2) rare (6-20)
1731,0.8746282,0.12537181,0,1000,4) very common (100+)
1732,0.5664977,0.43350232,0,372,4) very common (100+)
1733,0.697448,0.30255198,0,105,4) very common (100+)
1734,0.8927964,0.1072036,0,89,3) common (21-100)
1735,0.02367579,0.9763242,1,17,2) rare (6-20)
1736,0.14144962,0.85855037,1,17,2) rare (6-20)
1737,0.66980404,0.33019596,0,7,2) rare (6-20)
1738,0.5167317,0.48326832,1,89,3) common (21-100)
1739,0.7445408,0.2554592,1,343,4) very common (100+)
1740,0.722079,0.27792102,0,44,3) common (21-100)
1741,0.11388258,0.8861174,1,0,1) very rare (1-5)
1742,0.18429141,0.8157086,1,3,1) very rare (1-5)
1743,0.28825235,0.71174765,1,16,2) rare (6-20)
1744,0.2372448,0.7627552,0,99,3) common (21-100)
1745,0.8928744,0.10712558,0,79,3) common (21-100)
1746,0.0681749,0.9318251,1,0,1) very rare (1-5)
1747,0.8131422,0.18685782,0,55,3) common (21-100)
1748,0.24936803,0.750632,1,26,3) common (21-100)
1749,0.8303075,0.16969252,0,34,3) common (21-100)
1750,0.204803,0.795197,0,22,3) common (21-100)
1751,0.28651038,0.71348965,1,47,3) common (21-100)
1752,0.53898185,0.46101815,0,1000,4) very common (100+)
1753,0.23587655,0.76412344,1,0,1) very rare (1-5)
1754,0.96051127,0.039488733,1,0,1) very rare (1-5)
1755,0.5030043,0.4969957,1,1290,4) very common (100+)
1756,0.07752781,0.9224722,1,0,1) very rare (1-5)
1757,0.21272288,0.7872771,1,134,4) very common (100+)
1758,0.88292533,0.11707467,1,0,1) very rare (1-5)
1759,0.07797054,0.92202944,1,0,1) very rare (1-5)
1760,0.18116789,0.8188321,1,9,2) rare (6-20)
1761,0.014978627,0.98502135,1,12,2) rare (6-20)
1762,0.11429484,0.8857052,1,2,1) very rare (1-5)
1763,0.13638175,0.86361825,0,39,3) common (21-100)
1764,0.4520404,0.54795957,1,81,3) common (21-100)
1765,0.28931287,0.71068716,1,3,1) very rare (1-5)
1766,0.45893496,0.54106504,1,6,2) rare (6-20)
1767,0.37312222,0.6268778,0,159,4) very common (100+)
1768,0.5372985,0.4627015,0,7,2) rare (6-20)
1769,0.05181639,0.9481836,1,8,2) rare (6-20)
1770,0.73146117,0.26853883,1,17,2) rare (6-20)
1771,0.26036376,0.73963624,0,24,3) common (21-100)
1772,0.7050032,0.2949968,0,700,4) very common (100+)
1773,0.43916062,0.5608394,1,6,2) rare (6-20)
1774,0.20777361,0.7922264,1,2,1) very rare (1-5)
1775,0.6164867,0.38351327,0,2,1) very rare (1-5)
1776,0.67427814,0.32572186,0,700,4) very common (100+)
1777,0.77482563,0.22517437,0,1290,4) very common (100+)
1778,0.37480748,0.6251925,0,5,1) very rare (1-5)
1779,0.24092974,0.7590703,1,0,1) very rare (1-5)
1780,0.37616464,0.6238353,1,27,3) common (21-100)
1781,0.22400652,0.77599347,1,84,3) common (21-100)
1782,0.44509438,0.55490565,0,146,4) very common (100+)
1783,0.32183874,0.67816126,0,43,3) common (21-100)
1784,0.13779415,0.86220586,1,0,1) very rare (1-5)
1785,0.2682029,0.7317971,1,89,3) common (21-100)
1786,0.4524771,0.5475229,1,1,1) very rare (1-5)
1787,0.7106232,0.2893768,0,1290,4) very common (100+)
1788,0.11781262,0.88218737,1,0,1) very rare (1-5)
1789,0.5751625,0.42483753,0,8,2) rare (6-20)
1790,0.08625505,0.9137449,1,0,1) very rare (1-5)
1791,0.9395558,0.060444176,1,2,1) very rare (1-5)
1792,0.17643586,0.8235642,1,0,1) very rare (1-5)
1793,0.040470164,0.9595298,1,0,1) very rare (1-5)
1794,0.49639916,0.50360084,0,33,3) common (21-100)
1795,0.37006804,0.6299319,1,8,2) rare (6-20)
1796,0.5267098,0.4732902,1,1070,4) very common (100+)
1797,0.18984152,0.8101585,1,70,3) common (21-100)
1798,0.22116953,0.77883047,0,88,3) common (21-100)
1799,0.8811425,0.1188575,0,99,3) common (21-100)
1800,0.6651546,0.33484542,1,96,3) common (21-100)
1801,0.83116394,0.16883606,0,27,3) common (21-100)
1802,0.25168058,0.7483194,0,1,1) very rare (1-5)
1803,0.099618115,0.90038186,1,92,3) common (21-100)
1804,0.9466044,0.05339563,0,1000,4) very common (100+)
1805,0.3557254,0.6442746,1,1000,4) very common (100+)
1806,0.50845104,0.49154896,0,105,4) very common (100+)
1807,0.71213984,0.28786016,0,20,2) rare (6-20)
1808,0.06373372,0.9362663,1,7,2) rare (6-20)
1809,0.26641968,0.73358035,1,70,3) common (21-100)
1810,0.41164467,0.5883553,0,121,4) very common (100+)
1811,0.9909582,0.009041786,1,54,3) common (21-100)
1812,0.44693443,0.55306554,0,275,4) very common (100+)
1813,0.7447149,0.25528508,1,107,4) very common (100+)
1814,0.3680694,0.6319306,0,28,3) common (21-100)
1815,0.11478001,0.88522,1,2,1) very rare (1-5)
1816,0.83631164,0.16368836,0,5,1) very rare (1-5)
1817,0.777715,0.22228497,0,23,3) common (21-100)
1818,0.59814805,0.40185195,1,1290,4) very common (100+)
1819,0.93456495,0.06543505,1,54,3) common (21-100)
1820,0.9525099,0.04749012,0,85,3) common (21-100)
1821,0.19223455,0.8077655,1,2,1) very rare (1-5)
1822,0.19297777,0.8070222,1,32,3) common (21-100)
1823,0.07997637,0.9200236,1,0,1) very rare (1-5)
1824,0.4523075,0.54769254,0,12,2) rare (6-20)
1825,0.91066927,0.08933073,0,700,4) very common (100+)
1826,0.94670296,0.053297043,0,1290,4) very common (100+)
1827,0.15552728,0.8444727,1,134,4) very common (100+)
1828,0.7140806,0.28591943,0,3,1) very rare (1-5)
1829,0.61804885,0.38195115,0,9,2) rare (6-20)
1830,0.4932964,0.5067036,1,223,4) very common (100+)
1831,0.83228856,0.16771144,0,223,4) very common (100+)
1832,0.19893228,0.8010677,1,70,3) common (21-100)
1833,0.46283713,0.5371629,1,4,1) very rare (1-5)
1834,0.22895922,0.7710408,0,17,2) rare (6-20)
1835,0.59620774,0.40379226,0,261,4) very common (100+)
1836,0.97276986,0.027230144,0,1000,4) very common (100+)
1837,0.35908732,0.64091265,1,35,3) common (21-100)
1838,0.4318815,0.5681185,0,1290,4) very common (100+)
1839,0.3717902,0.6282098,0,9,2) rare (6-20)
1840,0.55240995,0.44759005,1,1290,4) very common (100+)
1841,0.06394256,0.93605745,1,0,1) very rare (1-5)
1842,0.8173149,0.18268508,0,1000,4) very common (100+)
1843,0.2677051,0.7322949,0,91,3) common (21-100)
1844,0.48649025,0.51350975,0,6,2) rare (6-20)
1845,0.78452736,0.21547264,0,1290,4) very common (100+)
1846,0.15847076,0.84152925,1,18,2) rare (6-20)
1847,0.48100683,0.51899314,1,16,2) rare (6-20)
1848,0.042651568,0.9573484,1,0,1) very rare (1-5)
1849,0.63997775,0.36002225,1,24,3) common (21-100)
1850,0.26142266,0.73857737,1,118,4) very common (100+)
1851,0.25803953,0.74196047,1,14,2) rare (6-20)
1852,0.113488354,0.8865116,1,3,1) very rare (1-5)
1853,0.7376424,0.2623576,1,102,4) very common (100+)
1854,0.94816273,0.051837265,0,66,3) common (21-100)
1855,0.92681926,0.073180735,0,35,3) common (21-100)
1856,0.7137749,0.28622508,0,52,3) common (21-100)
1857,0.5593943,0.4406057,0,1290,4) very common (100+)
1858,0.07855514,0.9214449,1,0,1) very rare (1-5)
1859,0.9497024,0.050297618,0,50,3) common (21-100)
1860,0.8753772,0.12462282,0,1000,4) very common (100+)
1861,0.54265815,0.45734185,0,4,1) very rare (1-5)
1862,0.68282706,0.31717294,0,5,1) very rare (1-5)
1863,0.44997245,0.55002755,1,92,3) common (21-100)
1864,0.368603,0.631397,0,53,3) common (21-100)
1865,0.9233851,0.07661492,0,2,1) very rare (1-5)
1866,0.61809105,0.38190895,1,3,1) very rare (1-5)
1867,0.564426,0.435574,0,68,3) common (21-100)
1868,0.43202713,0.5679729,1,0,1) very rare (1-5)
1869,0.7948114,0.20518857,0,8,2) rare (6-20)
1870,0.46451214,0.5354879,1,0,1) very rare (1-5)
1871,0.30133957,0.69866043,0,47,3) common (21-100)
1872,0.29331875,0.70668125,0,0,1) very rare (1-5)
1873,0.7191163,0.28088373,1,19,2) rare (6-20)
1874,0.19289708,0.8071029,1,0,1) very rare (1-5)
1875,0.9315517,0.068448305,0,372,4) very common (100+)
1876,0.7924505,0.20754951,0,142,4) very common (100+)
1877,0.9975268,0.0024731755,0,1000,4) very common (100+)
1878,0.6042136,0.3957864,0,178,4) very common (100+)
1879,0.18664126,0.8133587,1,9,2) rare (6-20)
1880,0.09830727,0.90169275,1,14,2) rare (6-20)
1881,0.04047222,0.9595278,1,2,1) very rare (1-5)
1882,0.8563803,0.14361972,1,1,1) very rare (1-5)
1883,0.4755483,0.52445173,1,4,1) very rare (1-5)
1884,0.1914217,0.8085783,1,0,1) very rare (1-5)
1885,0.47628784,0.52371216,1,0,1) very rare (1-5)
1886,0.5966702,0.4033298,1,1290,4) very common (100+)
1887,0.24997103,0.75002897,0,5,1) very rare (1-5)
1888,0.91911334,0.08088666,0,700,4) very common (100+)
1889,0.95881915,0.04118085,0,1000,4) very common (100+)
1890,0.08115931,0.9188407,0,237,4) very common (100+)
1891,0.83336204,0.16663796,1,8,2) rare (6-20)
1892,0.3284426,0.6715574,1,1,1) very rare (1-5)
1893,0.19181779,0.80818224,1,2,1) very rare (1-5)
1894,0.39166617,0.6083338,0,47,3) common (21-100)
1895,0.854687,0.14531302,1,6,2) rare (6-20)
1896,0.08675856,0.91324145,1,0,1) very rare (1-5)
1897,0.4107029,0.58929706,0,2,1) very rare (1-5)
1898,0.49687222,0.5031278,1,71,3) common (21-100)
1899,0.41641426,0.58358574,1,7,2) rare (6-20)
1900,0.53341794,0.46658206,0,1000,4) very common (100+)
1901,0.18288094,0.81711906,1,2,1) very rare (1-5)
1902,0.3520839,0.6479161,1,2,1) very rare (1-5)
1903,0.6536921,0.34630787,1,44,3) common (21-100)
1904,0.5592377,0.44076228,1,44,3) common (21-100)
1905,0.9501259,0.049874127,0,50,3) common (21-100)
1906,0.4422597,0.55774033,1,39,3) common (21-100)
1907,0.19685993,0.80314004,1,3,1) very rare (1-5)
1908,0.4661556,0.5338444,1,1,1) very rare (1-5)
1909,0.48194587,0.5180541,1,159,4) very common (100+)
1910,0.5884832,0.4115168,1,7,2) rare (6-20)
1911,0.85525686,0.14474314,1,1290,4) very common (100+)
1912,0.90249294,0.09750706,0,53,3) common (21-100)
1913,0.8921014,0.10789859,1,17,2) rare (6-20)
1914,0.7890404,0.21095961,0,343,4) very common (100+)
1915,0.5293264,0.47067362,1,7,2) rare (6-20)
1916,0.86252147,0.13747853,0,99,3) common (21-100)
1917,0.5171727,0.4828273,0,3,1) very rare (1-5)
1918,0.1765735,0.8234265,1,0,1) very rare (1-5)
1919,0.103335835,0.89666414,1,0,1) very rare (1-5)
1920,0.19608462,0.8039154,1,0,1) very rare (1-5)
1921,0.2138626,0.7861374,1,41,3) common (21-100)
1922,0.45968658,0.5403134,1,33,3) common (21-100)
1923,0.47955176,0.5204482,1,17,2) rare (6-20)
1924,0.28021324,0.71978676,1,36,3) common (21-100)
1925,0.29977393,0.70022607,0,5,1) very rare (1-5)
1926,0.26172143,0.73827857,1,223,4) very common (100+)
1927,0.9809183,0.019081712,0,1000,4) very common (100+)
1928,0.70193857,0.29806143,0,146,4) very common (100+)
1929,0.1768386,0.82316136,1,1,1) very rare (1-5)
1930,0.6170176,0.38298237,1,4,1) very rare (1-5)
1931,0.5605915,0.43940848,1,0,1) very rare (1-5)
1932,0.97938377,0.020616233,0,1000,4) very common (100+)
1933,0.46030518,0.5396948,0,100,3) common (21-100)
1934,0.30773577,0.6922642,1,343,4) very common (100+)
1935,0.39640388,0.6035961,1,0,1) very rare (1-5)
1936,0.62656313,0.37343687,1,2,1) very rare (1-5)
1937,0.29958043,0.70041955,1,88,3) common (21-100)
1938,0.618569,0.38143098,1,96,3) common (21-100)
1939,0.41422936,0.5857706,0,25,3) common (21-100)
1940,0.5292316,0.4707684,0,1290,4) very common (100+)
1941,0.5827966,0.41720343,1,0,1) very rare (1-5)
1942,0.5394939,0.46050608,0,5,1) very rare (1-5)
1943,0.74737626,0.25262374,0,1290,4) very common (100+)
1944,0.19203553,0.80796444,0,0,1) very rare (1-5)
1945,0.18676533,0.8132347,1,142,4) very common (100+)
1946,0.9627779,0.037222087,0,421,4) very common (100+)
1947,0.6672305,0.3327695,1,12,2) rare (6-20)
1948,0.5555309,0.4444691,0,1070,4) very common (100+)
1949,0.22173348,0.77826655,1,1,1) very rare (1-5)
1950,0.52348626,0.47651374,0,118,4) very common (100+)
1951,0.026361195,0.97363883,1,0,1) very rare (1-5)
1952,0.22776802,0.772232,0,23,3) common (21-100)
1953,0.54007596,0.45992404,0,21,3) common (21-100)
1954,0.7856612,0.21433878,0,3,1) very rare (1-5)
1955,0.2657276,0.73427236,1,40,3) common (21-100)
1956,0.3700351,0.6299649,1,14,2) rare (6-20)
1957,0.9134425,0.08655751,0,5,1) very rare (1-5)
1958,0.18838441,0.8116156,1,21,3) common (21-100)
1959,0.88355005,0.11644995,0,421,4) very common (100+)
1960,0.74726844,0.25273156,1,8,2) rare (6-20)
1961,0.09392152,0.90607846,1,1,1) very rare (1-5)
1962,0.3278084,0.6721916,1,38,3) common (21-100)
1963,0.31877154,0.68122846,1,160,4) very common (100+)
1964,0.28818265,0.7118174,1,5,1) very rare (1-5)
1965,0.3987211,0.6012789,1,134,4) very common (100+)
1966,0.3420838,0.6579162,0,22,3) common (21-100)
1967,0.80623174,0.19376826,1,142,4) very common (100+)
1968,0.42137724,0.57862276,1,2,1) very rare (1-5)
1969,0.68755037,0.31244963,0,3,1) very rare (1-5)
1970,0.5830974,0.4169026,1,1290,4) very common (100+)
1971,0.8860589,0.11394107,0,10,2) rare (6-20)
1972,0.027887534,0.9721125,0,0,1) very rare (1-5)
1973,0.17975365,0.82024634,1,14,2) rare (6-20)
1974,0.19986425,0.80013573,1,0,1) very rare (1-5)
1975,0.052732076,0.94726795,1,2,1) very rare (1-5)
1976,0.8902883,0.10971171,0,700,4) very common (100+)
1977,0.16385391,0.8361461,1,4,1) very rare (1-5)
1978,0.11995171,0.8800483,0,7,2) rare (6-20)
1979,0.20063442,0.7993656,1,2,1) very rare (1-5)
1980,0.2588876,0.7411124,1,58,3) common (21-100)
1981,0.9937202,0.006279826,0,89,3) common (21-100)
1982,0.5259514,0.4740486,0,1070,4) very common (100+)
1983,0.47668752,0.52331245,1,3,1) very rare (1-5)
1984,0.40545893,0.5945411,1,0,1) very rare (1-5)
1985,0.15596612,0.8440339,1,1,1) very rare (1-5)
1986,0.55146974,0.44853026,0,5,1) very rare (1-5)
1987,0.9696851,0.030314922,0,99,3) common (21-100)
1988,0.74855506,0.25144494,0,421,4) very common (100+)
1989,0.27300656,0.72699344,0,0,1) very rare (1-5)
1990,0.7649879,0.23501211,1,5,1) very rare (1-5)
1991,0.7366092,0.26339078,0,60,3) common (21-100)
1992,0.060639594,0.9393604,0,1,1) very rare (1-5)
1993,0.7086078,0.2913922,1,2,1) very rare (1-5)
1994,0.2993412,0.7006588,0,99,3) common (21-100)
1995,0.62550926,0.37449074,1,160,4) very common (100+)
1996,0.8478096,0.15219039,0,2,1) very rare (1-5)
1997,0.12310793,0.8768921,1,9,2) rare (6-20)
1998,0.9143812,0.085618794,0,237,4) very common (100+)
1999,0.20887065,0.79112935,0,28,3) common (21-100)
2000,0.34612978,0.6538702,0,1,1) very rare (1-5)
2001,0.759458,0.240542,0,166,4) very common (100+)
2002,0.31765786,0.6823422,0,88,3) common (21-100)
2003,0.583933,0.416067,1,19,2) rare (6-20)
2004,0.76029164,0.23970836,1,1290,4) very common (100+)
2005,0.72579694,0.27420306,0,1290,4) very common (100+)
2006,0.15443341,0.8455666,1,118,4) very common (100+)
2007,0.8589353,0.1410647,0,118,4) very common (100+)
2008,0.8512949,0.14870512,0,372,4) very common (100+)
2009,0.87356657,0.12643343,0,37,3) common (21-100)
2010,0.45761988,0.5423801,1,7,2) rare (6-20)
2011,0.17132856,0.82867146,0,29,3) common (21-100)
2012,0.05569259,0.9443074,1,0,1) very rare (1-5)
2013,0.4609229,0.5390771,0,68,3) common (21-100)
2014,0.4843861,0.5156139,1,27,3) common (21-100)
2015,0.27202517,0.72797483,0,3,1) very rare (1-5)
2016,0.7621979,0.23780209,1,166,4) very common (100+)
2017,0.56513494,0.43486506,1,261,4) very common (100+)
2018,0.23011763,0.7698824,1,18,2) rare (6-20)
2019,0.6321353,0.36786473,1,62,3) common (21-100)
2020,0.062450085,0.9375499,1,0,1) very rare (1-5)
2021,0.54692036,0.45307964,1,16,2) rare (6-20)
2022,0.8455785,0.15442151,0,47,3) common (21-100)
2023,0.05406211,0.9459379,1,5,1) very rare (1-5)
2024,0.08217569,0.9178243,1,38,3) common (21-100)
2025,0.06479997,0.93520004,1,0,1) very rare (1-5)
2026,0.13103577,0.8689642,0,145,4) very common (100+)
2027,0.9841076,0.015892386,0,28,3) common (21-100)
2028,0.7988789,0.20112109,0,372,4) very common (100+)
2029,0.6862759,0.3137241,0,58,3) common (21-100)
2030,0.7498054,0.2501946,1,16,2) rare (6-20)
2031,0.82028294,0.17971706,0,1000,4) very common (100+)
2032,0.25303945,0.7469605,0,134,4) very common (100+)
2033,0.22154176,0.77845824,1,1,1) very rare (1-5)
2034,0.120497376,0.87950265,0,68,3) common (21-100)
2035,0.4336601,0.5663399,0,106,4) very common (100+)
2036,0.21606857,0.78393143,0,7,2) rare (6-20)
2037,0.39134228,0.6086577,1,134,4) very common (100+)
2038,0.014805637,0.9851944,1,0,1) very rare (1-5)
2039,0.6577562,0.3422438,0,9,2) rare (6-20)
2040,0.630806,0.36919397,0,15,2) rare (6-20)
2041,0.24819645,0.7518035,1,4,1) very rare (1-5)
2042,0.15389587,0.84610415,1,118,4) very common (100+)
2043,0.8947231,0.10527688,0,11,2) rare (6-20)
2044,0.084671006,0.915329,1,1,1) very rare (1-5)
2045,0.96248543,0.037514567,1,54,3) common (21-100)
2046,0.6058546,0.39414543,1,16,2) rare (6-20)
2047,0.48450953,0.5154905,1,275,4) very common (100+)
2048,0.49395728,0.5060427,1,6,2) rare (6-20)
2049,0.2490652,0.7509348,1,47,3) common (21-100)
2050,0.23706287,0.7629371,1,5,1) very rare (1-5)
2051,0.59413064,0.40586936,0,1070,4) very common (100+)
2052,0.82732314,0.17267686,1,3,1) very rare (1-5)
2053,0.030397182,0.9696028,1,70,3) common (21-100)
2054,0.609158,0.39084202,0,19,2) rare (6-20)
2055,0.56468946,0.43531054,1,3,1) very rare (1-5)
2056,0.7096597,0.2903403,0,421,4) very common (100+)
2057,0.9665494,0.033450603,1,1,1) very rare (1-5)
2058,0.94028366,0.059716344,0,275,4) very common (100+)
2059,0.9729634,0.027036607,0,421,4) very common (100+)
2060,0.6202198,0.37978017,0,36,3) common (21-100)
2061,0.93653554,0.06346446,0,142,4) very common (100+)
2062,0.075757824,0.9242422,1,0,1) very rare (1-5)
2063,0.48847866,0.51152134,0,9,2) rare (6-20)
2064,0.91357845,0.08642155,0,1000,4) very common (100+)
2065,0.7208646,0.2791354,0,105,4) very common (100+)
2066,0.6324258,0.36757421,0,1290,4) very common (100+)
2067,0.069254264,0.9307457,1,3,1) very rare (1-5)
2068,0.19177112,0.80822885,0,3,1) very rare (1-5)
2069,0.1273598,0.8726402,1,4,1) very rare (1-5)
2070,0.20014846,0.79985154,1,0,1) very rare (1-5)
2071,0.4025549,0.59744513,0,1290,4) very common (100+)
2072,0.40153027,0.59846973,1,0,1) very rare (1-5)
2073,0.5327204,0.4672796,0,102,4) very common (100+)
2074,0.7949105,0.20508951,1,4,1) very rare (1-5)
2075,0.2589164,0.7410836,1,13,2) rare (6-20)
2076,0.8496722,0.1503278,0,36,3) common (21-100)
2077,0.12821089,0.8717891,1,7,2) rare (6-20)
2078,0.17956027,0.8204397,0,24,3) common (21-100)
2079,0.98725253,0.012747467,0,211,4) very common (100+)
2080,0.38659456,0.61340547,1,0,1) very rare (1-5)
2081,0.96893513,0.031064868,0,85,3) common (21-100)
2082,0.47418132,0.5258187,0,105,4) very common (100+)
2083,0.25936246,0.74063754,0,5,1) very rare (1-5)
2084,0.9888403,0.011159718,0,182,4) very common (100+)
2085,0.13946007,0.8605399,1,3,1) very rare (1-5)
2086,0.75566864,0.24433136,0,275,4) very common (100+)
2087,0.14969797,0.85030204,1,0,1) very rare (1-5)
2088,0.75814056,0.24185944,0,121,4) very common (100+)
2089,0.91362023,0.08637977,0,142,4) very common (100+)
2090,0.1040672,0.8959328,1,15,2) rare (6-20)
2091,0.16267979,0.8373202,1,9,2) rare (6-20)
2092,0.5188278,0.4811722,0,1,1) very rare (1-5)
2093,0.83847,0.16153002,0,7,2) rare (6-20)
2094,0.09271214,0.90728784,1,22,3) common (21-100)
2095,0.050944872,0.94905514,1,0,1) very rare (1-5)
2096,0.36518547,0.6348145,1,27,3) common (21-100)
2097,0.37934408,0.6206559,0,237,4) very common (100+)
2098,0.30584487,0.6941551,1,17,2) rare (6-20)
2099,0.50541896,0.49458104,1,0,1) very rare (1-5)
2100,0.37578696,0.62421304,1,1,1) very rare (1-5)
2101,0.8733873,0.12661272,0,700,4) very common (100+)
2102,0.34673896,0.65326107,0,0,1) very rare (1-5)
2103,0.28852186,0.7114781,1,79,3) common (21-100)
2104,0.6533433,0.34665668,1,0,1) very rare (1-5)
2105,0.17951077,0.8204892,0,1,1) very rare (1-5)
2106,0.28930274,0.7106973,1,7,2) rare (6-20)
2107,0.6927269,0.3072731,1,0,1) very rare (1-5)
2108,0.613294,0.386706,1,6,2) rare (6-20)
2109,0.24044214,0.75955784,1,0,1) very rare (1-5)
2110,0.9505212,0.04947883,0,1000,4) very common (100+)
2111,0.8580175,0.1419825,0,123,4) very common (100+)
2112,0.8796146,0.12038541,1,2,1) very rare (1-5)
2113,0.08955749,0.91044253,1,41,3) common (21-100)
2114,0.39449838,0.60550165,1,700,4) very common (100+)
2115,0.54558766,0.45441234,1,26,3) common (21-100)
2116,0.039128885,0.9608711,1,0,1) very rare (1-5)
2117,0.3702308,0.6297692,0,24,3) common (21-100)
2118,0.80839413,0.19160587,0,39,3) common (21-100)
2119,0.86305684,0.13694316,0,1070,4) very common (100+)
2120,0.5798683,0.42013168,1,1070,4) very common (100+)
2121,0.985113,0.014886975,1,76,3) common (21-100)
2122,0.19643691,0.8035631,1,372,4) very common (100+)
2123,0.9765961,0.023403883,0,37,3) common (21-100)
2124,0.92091525,0.079084754,0,700,4) very common (100+)
2125,0.25765535,0.7423446,0,47,3) common (21-100)
2126,0.95988864,0.040111363,0,99,3) common (21-100)
2127,0.093734354,0.9062656,1,42,3) common (21-100)
2128,0.31623074,0.6837692,0,28,3) common (21-100)
2129,0.047270928,0.95272905,1,0,1) very rare (1-5)
2130,0.47689122,0.5231088,0,78,3) common (21-100)
2131,0.7639113,0.2360887,1,58,3) common (21-100)
2132,0.4896549,0.5103451,1,1,1) very rare (1-5)
2133,0.93522185,0.06477815,0,159,4) very common (100+)
2134,0.19468287,0.80531716,1,0,1) very rare (1-5)
2135,0.62165934,0.37834066,1,76,3) common (21-100)
2136,0.7054853,0.29451472,0,7,2) rare (6-20)
2137,0.95536757,0.044632435,1,16,2) rare (6-20)
2138,0.476449,0.523551,1,70,3) common (21-100)
2139,0.39477473,0.60522527,1,134,4) very common (100+)
2140,0.85727584,0.14272416,1,0,1) very rare (1-5)
2141,0.93152094,0.06847906,0,12,2) rare (6-20)
2142,0.9073932,0.09260678,0,42,3) common (21-100)
2143,0.36290738,0.6370926,1,3,1) very rare (1-5)
2144,0.9419342,0.058065772,0,99,3) common (21-100)
2145,0.25140613,0.74859387,1,6,2) rare (6-20)
2146,0.42257622,0.5774238,1,178,4) very common (100+)
2147,0.5392806,0.4607194,0,68,3) common (21-100)
2148,0.58831984,0.41168016,0,13,2) rare (6-20)
2149,0.3058635,0.6941365,1,5,1) very rare (1-5)
2150,0.3221956,0.6778044,0,0,1) very rare (1-5)
2151,0.30691728,0.6930827,0,26,3) common (21-100)
2152,0.18415064,0.81584936,1,3,1) very rare (1-5)
2153,0.12484388,0.8751561,1,1,1) very rare (1-5)
2154,0.24570256,0.75429744,0,2,1) very rare (1-5)
2155,0.34874704,0.651253,1,6,2) rare (6-20)
2156,0.23048557,0.76951444,1,5,1) very rare (1-5)
2157,0.9846073,0.015392721,0,29,3) common (21-100)
2158,0.59890777,0.40109223,1,43,3) common (21-100)
2159,0.89766204,0.10233796,1,1290,4) very common (100+)
2160,0.92235345,0.07764655,0,1290,4) very common (100+)
2161,0.49231237,0.5076876,1,0,1) very rare (1-5)
2162,0.6606372,0.3393628,0,105,4) very common (100+)
2163,0.52361816,0.47638184,1,142,4) very common (100+)
2164,0.088685215,0.9113148,0,39,3) common (21-100)
2165,0.20371522,0.7962848,1,1,1) very rare (1-5)
2166,0.3114283,0.6885717,0,17,2) rare (6-20)
2167,0.29815522,0.7018448,0,2,1) very rare (1-5)
2168,0.27336287,0.7266371,1,1,1) very rare (1-5)
2169,0.9786729,0.021327078,0,52,3) common (21-100)
2170,0.65833724,0.34166276,0,20,2) rare (6-20)
2171,0.4861699,0.51383007,1,2,1) very rare (1-5)
2172,0.70045936,0.29954064,1,3,1) very rare (1-5)
2173,0.8018531,0.19814688,0,0,1) very rare (1-5)
2174,0.16496916,0.83503085,0,2,1) very rare (1-5)
2175,0.23799333,0.76200664,0,3,1) very rare (1-5)
2176,0.7724797,0.22752029,0,6,2) rare (6-20)
2177,0.6590136,0.34098637,1,275,4) very common (100+)
2178,0.04548252,0.9545175,1,0,1) very rare (1-5)
2179,0.730571,0.26942903,0,56,3) common (21-100)
2180,0.45828003,0.54172,0,178,4) very common (100+)
2181,0.26808837,0.73191166,0,36,3) common (21-100)
2182,0.1159212,0.8840788,0,0,1) very rare (1-5)
2183,0.5716415,0.4283585,1,142,4) very common (100+)
2184,0.88637465,0.11362535,1,30,3) common (21-100)
2185,0.42903116,0.57096887,0,9,2) rare (6-20)
2186,0.4829424,0.5170576,1,92,3) common (21-100)
2187,0.5873197,0.41268033,0,223,4) very common (100+)
2188,0.55463505,0.44536495,1,0,1) very rare (1-5)
2189,0.3306547,0.66934526,0,37,3) common (21-100)
2190,0.86270785,0.13729215,0,1290,4) very common (100+)
2191,0.63131577,0.36868423,1,45,3) common (21-100)
2192,0.15921119,0.84078884,0,8,2) rare (6-20)
2193,0.15179935,0.8482007,1,0,1) very rare (1-5)
2194,0.8752399,0.12476009,1,1290,4) very common (100+)
2195,0.2926521,0.70734787,0,0,1) very rare (1-5)
2196,0.08916754,0.91083246,1,0,1) very rare (1-5)
2197,0.5562006,0.44379938,0,372,4) very common (100+)
2198,0.16709599,0.832904,1,15,2) rare (6-20)
2199,0.08647966,0.91352034,1,4,1) very rare (1-5)
2200,0.80297625,0.19702375,0,1000,4) very common (100+)
2201,0.8272466,0.1727534,0,1070,4) very common (100+)
2202,0.53462505,0.46537495,1,159,4) very common (100+)
2203,0.2193185,0.7806815,0,2,1) very rare (1-5)
2204,0.6634085,0.33659148,0,1070,4) very common (100+)
2205,0.6572452,0.34275478,1,1,1) very rare (1-5)
2206,0.09635526,0.90364474,0,88,3) common (21-100)
2207,0.1973638,0.8026362,1,5,1) very rare (1-5)
2208,0.99210465,0.00789535,0,99,3) common (21-100)
2209,0.77838796,0.22161204,0,89,3) common (21-100)
2210,0.15989874,0.84010124,1,1,1) very rare (1-5)
2211,0.7454274,0.25457257,0,15,2) rare (6-20)
2212,0.65378505,0.34621495,1,39,3) common (21-100)
2213,0.7300484,0.26995158,1,237,4) very common (100+)
2214,0.11901383,0.88098615,0,21,3) common (21-100)
2215,0.24194483,0.75805515,1,0,1) very rare (1-5)
2216,0.4053196,0.5946804,1,41,3) common (21-100)
2217,0.26653367,0.7334663,1,24,3) common (21-100)
2218,0.05975518,0.9402448,1,0,1) very rare (1-5)
2219,0.19785622,0.8021438,0,23,3) common (21-100)
2220,0.3924312,0.6075688,0,6,2) rare (6-20)
2221,0.58349866,0.41650134,0,14,2) rare (6-20)
2222,0.20887756,0.79112244,0,6,2) rare (6-20)
2223,0.18819937,0.8118006,1,1,1) very rare (1-5)
2224,0.3789678,0.62103224,0,4,1) very rare (1-5)
2225,0.57934093,0.42065907,0,2,1) very rare (1-5)
2226,0.38064808,0.6193519,1,268,4) very common (100+)
2227,0.5826057,0.41739428,0,9,2) rare (6-20)
2228,0.60585535,0.39414465,1,0,1) very rare (1-5)
2229,0.89303386,0.10696614,0,700,4) very common (100+)
2230,0.8409567,0.15904331,0,421,4) very common (100+)
2231,0.49828884,0.50171113,0,0,1) very rare (1-5)
2232,0.47713175,0.5228683,1,4,1) very rare (1-5)
2233,0.16989449,0.83010554,1,19,2) rare (6-20)
2234,0.18023963,0.8197604,0,159,4) very common (100+)
2235,0.07881368,0.9211863,1,0,1) very rare (1-5)
2236,0.2332069,0.76679313,0,13,2) rare (6-20)
2237,0.060628377,0.93937165,1,6,2) rare (6-20)
2238,0.7782097,0.22179031,0,421,4) very common (100+)
2239,0.116512835,0.88348716,0,8,2) rare (6-20)
2240,0.7004068,0.2995932,1,20,2) rare (6-20)
2241,0.55152327,0.44847673,0,121,4) very common (100+)
2242,0.58016574,0.41983426,1,1,1) very rare (1-5)
2243,0.2512488,0.74875116,1,2,1) very rare (1-5)
2244,0.95639145,0.043608546,0,24,3) common (21-100)
2245,0.6182931,0.3817069,1,44,3) common (21-100)
2246,0.14897342,0.8510266,1,0,1) very rare (1-5)
2247,0.9062129,0.093787074,1,421,4) very common (100+)
2248,0.6554423,0.3445577,0,1000,4) very common (100+)
2249,0.9303487,0.069651306,0,700,4) very common (100+)
2250,0.18845627,0.8115437,0,2,1) very rare (1-5)
2251,0.537107,0.462893,1,9,2) rare (6-20)
2252,0.42925975,0.5707402,0,94,3) common (21-100)
2253,0.84851974,0.15148026,0,145,4) very common (100+)
2254,0.7727751,0.22722489,1,1290,4) very common (100+)
2255,0.13872722,0.8612728,1,1,1) very rare (1-5)
2256,0.19020872,0.80979127,1,1,1) very rare (1-5)
2257,0.31606084,0.68393916,0,27,3) common (21-100)
2258,0.29268658,0.7073134,1,106,4) very common (100+)
2259,0.20216952,0.79783046,0,5,1) very rare (1-5)
2260,0.22101822,0.7789818,1,118,4) very common (100+)
2261,0.34395617,0.6560438,1,3,1) very rare (1-5)
2262,0.47175533,0.5282447,1,0,1) very rare (1-5)
2263,0.44700468,0.5529953,0,29,3) common (21-100)
2264,0.13070643,0.8692936,1,2,1) very rare (1-5)
2265,0.17175254,0.8282474,1,134,4) very common (100+)
2266,0.9132077,0.08679229,0,71,3) common (21-100)
2267,0.41509014,0.58490986,1,0,1) very rare (1-5)
2268,0.22323367,0.7767663,1,118,4) very common (100+)
2269,0.66724783,0.33275217,0,2,1) very rare (1-5)
2270,0.90976506,0.090234935,0,2,1) very rare (1-5)
2271,0.17011586,0.8298842,1,0,1) very rare (1-5)
2272,0.12522107,0.8747789,1,100,3) common (21-100)
2273,0.9321513,0.06784868,0,19,2) rare (6-20)
2274,0.8645062,0.13549381,1,78,3) common (21-100)
2275,0.9790998,0.02090019,0,1000,4) very common (100+)
2276,0.40306252,0.5969375,0,343,4) very common (100+)
2277,0.23402034,0.76597965,1,51,3) common (21-100)
2278,0.88033074,0.11966926,0,1070,4) very common (100+)
2279,0.49802935,0.50197065,0,7,2) rare (6-20)
2280,0.35406604,0.645934,0,2,1) very rare (1-5)
2281,0.42309636,0.57690364,0,1,1) very rare (1-5)
2282,0.3831279,0.6168721,1,65,3) common (21-100)
2283,0.27826053,0.7217395,1,0,1) very rare (1-5)
2284,0.5680991,0.43190092,0,33,3) common (21-100)
2285,0.6568907,0.3431093,0,1000,4) very common (100+)
2286,0.28006288,0.7199371,0,0,1) very rare (1-5)
2287,0.3866852,0.6133148,0,107,4) very common (100+)
2288,0.48491436,0.51508564,1,106,4) very common (100+)
2289,0.5794762,0.42052382,1,1070,4) very common (100+)
2290,0.4716408,0.5283592,1,0,1) very rare (1-5)
2291,0.7095646,0.29043537,0,237,4) very common (100+)
2292,0.83121717,0.16878283,0,40,3) common (21-100)
2293,0.26023725,0.7397628,1,0,1) very rare (1-5)
2294,0.2620877,0.7379123,1,0,1) very rare (1-5)
2295,0.84837896,0.15162104,1,6,2) rare (6-20)
2296,0.17068261,0.8293174,1,0,1) very rare (1-5)
2297,0.12690681,0.8730932,1,0,1) very rare (1-5)
2298,0.26865467,0.7313453,1,121,4) very common (100+)
2299,0.79306287,0.20693713,1,372,4) very common (100+)
2300,0.14151938,0.85848063,1,7,2) rare (6-20)
2301,0.1768951,0.8231049,1,26,3) common (21-100)
2302,0.26525787,0.73474216,1,0,1) very rare (1-5)
2303,0.58585554,0.41414446,1,89,3) common (21-100)
2304,0.9889951,0.011004925,0,211,4) very common (100+)
2305,0.44109717,0.55890286,0,1000,4) very common (100+)
2306,0.4396623,0.56033766,0,100,3) common (21-100)
2307,0.13124503,0.868755,1,0,1) very rare (1-5)
2308,0.36890146,0.6310985,1,0,1) very rare (1-5)
2309,0.3714208,0.6285792,0,105,4) very common (100+)
2310,0.4570235,0.5429765,0,1290,4) very common (100+)
2311,0.55455196,0.44544804,0,39,3) common (21-100)
2312,0.10109973,0.8989003,0,0,1) very rare (1-5)
2313,0.5095155,0.49048448,1,1070,4) very common (100+)
2314,0.28678164,0.71321833,1,1,1) very rare (1-5)
2315,0.5090786,0.49092138,1,0,1) very rare (1-5)
2316,0.8930964,0.10690361,1,70,3) common (21-100)
2317,0.3629188,0.6370812,0,268,4) very common (100+)
2318,0.7295553,0.2704447,0,261,4) very common (100+)
2319,0.74185014,0.25814986,0,62,3) common (21-100)
2320,0.3692456,0.6307544,1,1070,4) very common (100+)
2321,0.15809064,0.84190935,1,2,1) very rare (1-5)
2322,0.36675674,0.63324326,1,7,2) rare (6-20)
2323,0.13203868,0.8679613,1,0,1) very rare (1-5)
2324,0.23673446,0.76326555,0,3,1) very rare (1-5)
2325,0.90717274,0.09282726,0,37,3) common (21-100)
2326,0.5658618,0.43413818,1,0,1) very rare (1-5)
2327,0.88224316,0.11775684,0,12,2) rare (6-20)
2328,0.13522246,0.86477757,1,1,1) very rare (1-5)
2329,0.21236873,0.7876313,1,58,3) common (21-100)
2330,0.48258388,0.5174161,0,89,3) common (21-100)
2331,0.8570753,0.14292473,1,275,4) very common (100+)
2332,0.23004667,0.7699533,1,14,2) rare (6-20)
2333,0.18941072,0.8105893,1,0,1) very rare (1-5)
2334,0.6944105,0.3055895,1,45,3) common (21-100)
2335,0.60943216,0.39056784,0,1290,4) very common (100+)
2336,0.77824163,0.22175837,0,13,2) rare (6-20)
2337,0.22006765,0.7799324,1,2,1) very rare (1-5)
2338,0.045563884,0.9544361,0,14,2) rare (6-20)
2339,0.49049234,0.50950766,0,1070,4) very common (100+)
2340,0.9473409,0.052659094,0,1000,4) very common (100+)
2341,0.10786982,0.8921302,1,16,2) rare (6-20)
2342,0.0738358,0.9261642,1,111,4) very common (100+)
2343,0.55148077,0.44851923,0,25,3) common (21-100)
2344,0.47879177,0.5212082,0,23,3) common (21-100)
2345,0.5987534,0.4012466,1,1070,4) very common (100+)
2346,0.096199326,0.90380067,1,1,1) very rare (1-5)
2347,0.36051875,0.63948125,1,19,2) rare (6-20)
2348,0.35407746,0.64592254,1,7,2) rare (6-20)
2349,0.5275422,0.47245783,0,159,4) very common (100+)
2350,0.38705564,0.61294436,1,0,1) very rare (1-5)
2351,0.22367181,0.7763282,1,69,3) common (21-100)
2352,0.29154554,0.7084545,1,43,3) common (21-100)
2353,0.7977565,0.2022435,1,146,4) very common (100+)
2354,0.46783182,0.53216815,1,4,1) very rare (1-5)
2355,0.55842626,0.44157374,1,0,1) very rare (1-5)
2356,0.2722455,0.7277545,1,9,2) rare (6-20)
2357,0.3925041,0.6074959,1,6,2) rare (6-20)
2358,0.1371092,0.8628908,1,2,1) very rare (1-5)
2359,0.23401943,0.7659806,0,92,3) common (21-100)
2360,0.94269615,0.057303846,0,274,4) very common (100+)
2361,0.47752967,0.52247036,1,9,2) rare (6-20)
2362,0.563372,0.43662798,1,31,3) common (21-100)
2363,0.87421167,0.12578833,0,23,3) common (21-100)
2364,0.7922166,0.2077834,1,38,3) common (21-100)
2365,0.49137127,0.5086287,1,1070,4) very common (100+)
2366,0.81400394,0.18599606,1,0,1) very rare (1-5)
2367,0.94629437,0.053705633,0,99,3) common (21-100)
2368,0.18405473,0.81594527,1,5,1) very rare (1-5)
2369,0.19081008,0.8091899,0,8,2) rare (6-20)
2370,0.6065596,0.39344043,1,0,1) very rare (1-5)
2371,0.27613387,0.7238661,1,2,1) very rare (1-5)
2372,0.06642398,0.933576,1,5,1) very rare (1-5)
2373,0.50499904,0.49500096,1,268,4) very common (100+)
2374,0.22119047,0.77880955,1,0,1) very rare (1-5)
2375,0.19416781,0.8058322,1,1,1) very rare (1-5)
2376,0.11697323,0.8830268,0,3,1) very rare (1-5)
2377,0.17443004,0.82557,1,3,1) very rare (1-5)
2378,0.7558486,0.24415141,1,2,1) very rare (1-5)
2379,0.042520765,0.95747924,1,14,2) rare (6-20)
2380,0.9145255,0.08547449,0,700,4) very common (100+)
2381,0.36842057,0.6315794,1,66,3) common (21-100)
2382,0.4317605,0.5682395,1,0,1) very rare (1-5)
2383,0.7126981,0.2873019,0,10,2) rare (6-20)
2384,0.4581202,0.5418798,1,39,3) common (21-100)
2385,0.25745,0.74255,1,71,3) common (21-100)
2386,0.49712196,0.50287807,1,4,1) very rare (1-5)
2387,0.1737351,0.8262649,1,79,3) common (21-100)
2388,0.5189203,0.4810797,1,0,1) very rare (1-5)
2389,0.99897516,0.0010248423,0,89,3) common (21-100)
2390,0.025316471,0.9746835,0,2,1) very rare (1-5)
2391,0.545733,0.45426702,1,268,4) very common (100+)
2392,0.17044128,0.82955873,0,85,3) common (21-100)
2393,0.5108963,0.48910367,1,36,3) common (21-100)
2394,0.4275672,0.57243276,0,142,4) very common (100+)
2395,0.87437713,0.12562287,0,4,1) very rare (1-5)
2396,0.26338607,0.7366139,1,35,3) common (21-100)
2397,0.14849962,0.8515004,1,7,2) rare (6-20)
2398,0.7578907,0.2421093,0,223,4) very common (100+)
2399,0.34883207,0.6511679,0,12,2) rare (6-20)
2400,0.9245686,0.07543141,0,1290,4) very common (100+)
2401,0.9806624,0.019337595,0,21,3) common (21-100)
2402,0.12962005,0.8703799,0,159,4) very common (100+)
2403,0.87932587,0.12067413,0,15,2) rare (6-20)
2404,0.97041816,0.029581845,0,421,4) very common (100+)
2405,0.33818603,0.661814,1,102,4) very common (100+)
2406,0.479551,0.52044904,0,86,3) common (21-100)
2407,0.56131,0.43869,1,1,1) very rare (1-5)
2408,0.49297503,0.507025,1,19,2) rare (6-20)
2409,0.19563726,0.8043628,1,0,1) very rare (1-5)
2410,0.26032376,0.73967624,1,0,1) very rare (1-5)
2411,0.5194671,0.48053288,1,19,2) rare (6-20)
2412,0.094089456,0.90591055,0,14,2) rare (6-20)
2413,0.02338055,0.9766194,1,134,4) very common (100+)
2414,0.44346994,0.55653006,1,0,1) very rare (1-5)
2415,0.7217518,0.2782482,1,1290,4) very common (100+)
2416,0.69226485,0.30773515,1,160,4) very common (100+)
2417,0.15885364,0.84114635,1,0,1) very rare (1-5)
2418,0.9252239,0.07477611,0,1070,4) very common (100+)
2419,0.33004525,0.6699548,1,0,1) very rare (1-5)
2420,0.97052515,0.029474854,0,23,3) common (21-100)
2421,0.19022045,0.8097795,0,4,1) very rare (1-5)
2422,0.13028654,0.8697134,1,30,3) common (21-100)
2423,0.3048952,0.69510484,1,4,1) very rare (1-5)
2424,0.37569323,0.6243068,1,0,1) very rare (1-5)
2425,0.35650507,0.64349496,1,1290,4) very common (100+)
2426,0.5743939,0.42560607,0,5,1) very rare (1-5)
2427,0.9859481,0.014051914,0,1000,4) very common (100+)
2428,0.5225024,0.47749758,0,142,4) very common (100+)
2429,0.8815327,0.11846727,0,12,2) rare (6-20)
2430,0.97127604,0.028723955,0,182,4) very common (100+)
2431,0.66155374,0.33844626,0,4,1) very rare (1-5)
2432,0.7098162,0.29018378,0,86,3) common (21-100)
2433,0.2219994,0.7780006,1,63,3) common (21-100)
2434,0.9535598,0.046440184,0,21,3) common (21-100)
2435,0.01926846,0.98073155,1,0,1) very rare (1-5)
2436,0.8781652,0.121834815,1,1290,4) very common (100+)
2437,0.49932012,0.50067985,1,0,1) very rare (1-5)
2438,0.17844284,0.82155716,1,0,1) very rare (1-5)
2439,0.17316446,0.8268355,1,118,4) very common (100+)
2440,0.34328875,0.6567112,1,86,3) common (21-100)
2441,0.93596303,0.064036965,0,421,4) very common (100+)
2442,0.20279734,0.79720265,0,1,1) very rare (1-5)
2443,0.8421831,0.15781689,0,700,4) very common (100+)
2444,0.37073046,0.62926954,0,2,1) very rare (1-5)
2445,0.9688167,0.031183302,0,1000,4) very common (100+)
2446,0.077013455,0.92298657,1,0,1) very rare (1-5)
2447,0.12479316,0.8752068,0,24,3) common (21-100)
2448,0.8606127,0.13938731,0,0,1) very rare (1-5)
2449,0.4810277,0.5189723,0,166,4) very common (100+)
2450,0.42112124,0.57887876,1,66,3) common (21-100)
2451,0.19528452,0.8047155,1,2,1) very rare (1-5)
2452,0.5945095,0.40549052,0,2,1) very rare (1-5)
2453,0.3930369,0.6069631,0,2,1) very rare (1-5)
2454,0.14453177,0.8554682,0,31,3) common (21-100)
2455,0.10032196,0.89967805,1,2,1) very rare (1-5)
2456,0.073780715,0.9262193,1,1,1) very rare (1-5)
2457,0.38215005,0.61784995,0,41,3) common (21-100)
2458,0.035558663,0.96444136,1,3,1) very rare (1-5)
2459,0.07252493,0.9274751,1,4,1) very rare (1-5)
2460,0.06358155,0.9364185,1,0,1) very rare (1-5)
2461,0.6009239,0.3990761,1,142,4) very common (100+)
2462,0.09759582,0.9024042,0,39,3) common (21-100)
2463,0.11067619,0.88932383,0,0,1) very rare (1-5)
2464,0.88412404,0.11587596,0,99,3) common (21-100)
2465,0.40567443,0.59432554,1,7,2) rare (6-20)
2466,0.12038768,0.8796123,1,0,1) very rare (1-5)
2467,0.09423907,0.90576094,1,0,1) very rare (1-5)
2468,0.7760523,0.2239477,0,23,3) common (21-100)
2469,0.204815,0.79518497,1,166,4) very common (100+)
2470,0.97747236,0.022527635,0,1000,4) very common (100+)
2471,0.43562913,0.5643709,1,0,1) very rare (1-5)
2472,0.93821996,0.061780035,0,20,2) rare (6-20)
2473,0.5133653,0.48663467,0,11,2) rare (6-20)
2474,0.93601125,0.063988745,0,1000,4) very common (100+)
2475,0.7030091,0.29699087,1,14,2) rare (6-20)
2476,0.045965023,0.954035,1,1,1) very rare (1-5)
2477,0.39129147,0.6087085,0,106,4) very common (100+)
2478,0.18512657,0.81487346,0,4,1) very rare (1-5)
2479,0.9256976,0.074302375,0,74,3) common (21-100)
2480,0.037919037,0.96208096,1,0,1) very rare (1-5)
2481,0.7371905,0.26280951,1,24,3) common (21-100)
2482,0.27497357,0.7250264,0,1290,4) very common (100+)
2483,0.6835691,0.31643093,0,6,2) rare (6-20)
2484,0.21925856,0.78074145,0,2,1) very rare (1-5)
2485,0.9140073,0.085992694,0,1000,4) very common (100+)
2486,0.17684476,0.8231552,0,79,3) common (21-100)
2487,0.56692547,0.43307453,1,41,3) common (21-100)
2488,0.5506249,0.4493751,0,1,1) very rare (1-5)
2489,0.11014317,0.8898568,1,0,1) very rare (1-5)
2490,0.64365214,0.35634786,0,55,3) common (21-100)
2491,0.7051981,0.2948019,0,85,3) common (21-100)
2492,0.613119,0.386881,0,211,4) very common (100+)
2493,0.40764996,0.59235,1,70,3) common (21-100)
2494,0.18142338,0.81857663,1,0,1) very rare (1-5)
2495,0.8926628,0.10733718,0,1290,4) very common (100+)
2496,0.9547041,0.045295894,0,16,2) rare (6-20)
2497,0.3527561,0.64724386,0,13,2) rare (6-20)
2498,0.71233875,0.28766125,0,2,1) very rare (1-5)
2499,0.6136554,0.3863446,1,39,3) common (21-100)
2500,0.04079408,0.9592059,1,0,1) very rare (1-5)
2501,0.8385316,0.16146839,0,108,4) very common (100+)
2502,0.4899948,0.51000524,1,275,4) very common (100+)
2503,0.34484106,0.65515894,0,3,1) very rare (1-5)
2504,0.5264548,0.4735452,0,5,1) very rare (1-5)
2505,0.29528555,0.7047144,0,15,2) rare (6-20)
2506,0.51635885,0.48364115,1,0,1) very rare (1-5)
2507,0.3990217,0.6009783,1,19,2) rare (6-20)
2508,0.9430284,0.05697161,0,7,2) rare (6-20)
2509,0.13978718,0.8602128,1,1,1) very rare (1-5)
2510,0.78656155,0.21343845,1,108,4) very common (100+)
2511,0.71328664,0.28671336,0,107,4) very common (100+)
2512,0.69752324,0.30247676,0,178,4) very common (100+)
2513,0.21148403,0.788516,1,14,2) rare (6-20)
2514,0.16424198,0.83575803,1,1,1) very rare (1-5)
2515,0.08988691,0.9101131,1,47,3) common (21-100)
2516,0.9103443,0.0896557,0,142,4) very common (100+)
2517,0.93092275,0.06907725,0,261,4) very common (100+)
2518,0.9524137,0.04758632,0,11,2) rare (6-20)
2519,0.6948274,0.30517262,0,39,3) common (21-100)
2520,0.8847932,0.11520678,0,16,2) rare (6-20)
2521,0.3500553,0.64994466,0,62,3) common (21-100)
2522,0.05396773,0.9460323,1,2,1) very rare (1-5)
2523,0.9153867,0.08461332,0,21,3) common (21-100)
2524,0.29003838,0.70996165,1,4,1) very rare (1-5)
2525,0.03296734,0.9670327,1,3,1) very rare (1-5)
2526,0.86305684,0.13694316,0,268,4) very common (100+)
2527,0.43101373,0.5689863,0,700,4) very common (100+)
2528,0.37833825,0.6216618,0,343,4) very common (100+)
2529,0.33886337,0.6611366,0,50,3) common (21-100)
2530,0.38867357,0.61132646,1,15,2) rare (6-20)
2531,0.99917394,0.0008260608,0,211,4) very common (100+)
2532,0.57934254,0.42065746,1,1070,4) very common (100+)
2533,0.26901528,0.7309847,1,92,3) common (21-100)
2534,0.89187807,0.10812193,0,69,3) common (21-100)
2535,0.5025006,0.4974994,1,372,4) very common (100+)
2536,0.42827794,0.57172203,1,72,3) common (21-100)
2537,0.7296618,0.27033818,0,22,3) common (21-100)
2538,0.094023295,0.9059767,0,11,2) rare (6-20)
2539,0.38745588,0.6125441,1,14,2) rare (6-20)
2540,0.58808655,0.41191345,1,7,2) rare (6-20)
2541,0.89885557,0.10114443,0,274,4) very common (100+)
2542,0.026662346,0.97333765,1,0,1) very rare (1-5)
2543,0.67115575,0.32884425,1,0,1) very rare (1-5)
2544,0.6773913,0.3226087,0,89,3) common (21-100)
2545,0.39073777,0.6092622,1,1070,4) very common (100+)
2546,0.93165535,0.06834465,0,6,2) rare (6-20)
2547,0.5936067,0.4063933,1,23,3) common (21-100)
2548,0.99007577,0.009924233,0,1000,4) very common (100+)
2549,0.38072747,0.61927253,1,22,3) common (21-100)
2550,0.39141637,0.6085836,1,84,3) common (21-100)
2551,0.48030722,0.5196928,1,0,1) very rare (1-5)
2552,0.13173068,0.8682693,0,1,1) very rare (1-5)
2553,0.18909484,0.81090516,1,21,3) common (21-100)
2554,0.7191838,0.2808162,0,343,4) very common (100+)
2555,0.27057692,0.72942305,0,102,4) very common (100+)
2556,0.21141824,0.7885817,1,14,2) rare (6-20)
2557,0.77506524,0.22493476,1,53,3) common (21-100)
2558,0.9632751,0.036724925,0,21,3) common (21-100)
2559,0.36587355,0.6341264,1,7,2) rare (6-20)
2560,0.3763012,0.62369883,1,1,1) very rare (1-5)
2561,0.32735902,0.672641,1,2,1) very rare (1-5)
2562,0.20269114,0.79730886,1,22,3) common (21-100)
2563,0.25736833,0.7426317,1,2,1) very rare (1-5)
2564,0.84812605,0.15187395,0,33,3) common (21-100)
2565,0.24735954,0.7526405,1,0,1) very rare (1-5)
2566,0.043642335,0.95635766,1,0,1) very rare (1-5)
2567,0.7729725,0.22702748,0,36,3) common (21-100)
2568,0.30638134,0.69361866,1,20,2) rare (6-20)
2569,0.36554965,0.6344503,1,1,1) very rare (1-5)
2570,0.15924433,0.8407557,1,0,1) very rare (1-5)
2571,0.2792103,0.7207897,0,1,1) very rare (1-5)
2572,0.9797942,0.020205796,0,24,3) common (21-100)
2573,0.5927143,0.4072857,0,100,3) common (21-100)
2574,0.3818516,0.6181484,1,18,2) rare (6-20)
2575,0.2543073,0.74569273,1,0,1) very rare (1-5)
2576,0.4150289,0.5849711,1,36,3) common (21-100)
2577,0.04204491,0.95795506,1,6,2) rare (6-20)
2578,0.7307981,0.26920187,1,4,1) very rare (1-5)
2579,0.07629405,0.92370594,1,88,3) common (21-100)
2580,0.8837587,0.116241276,0,261,4) very common (100+)
2581,0.23374937,0.7662506,1,3,1) very rare (1-5)
2582,0.7072433,0.29275668,0,27,3) common (21-100)
2583,0.056811925,0.9431881,1,0,1) very rare (1-5)
2584,0.10174168,0.8982583,1,0,1) very rare (1-5)
2585,0.9802336,0.01976639,0,182,4) very common (100+)
2586,0.2816807,0.7183193,0,123,4) very common (100+)
2587,0.6318355,0.36816448,0,11,2) rare (6-20)
2588,0.6234194,0.3765806,1,105,4) very common (100+)
2589,0.29227751,0.7077225,1,18,2) rare (6-20)
2590,0.069681145,0.93031883,1,0,1) very rare (1-5)
2591,0.029443478,0.9705565,1,0,1) very rare (1-5)
2592,0.23894596,0.76105404,1,3,1) very rare (1-5)
2593,0.3585066,0.64149344,0,3,1) very rare (1-5)
2594,0.14639272,0.8536073,1,2,1) very rare (1-5)
2595,0.85123503,0.14876497,0,421,4) very common (100+)
2596,0.9850033,0.014996707,0,700,4) very common (100+)
2597,0.80885535,0.19114465,0,2,1) very rare (1-5)
2598,0.18245426,0.8175458,0,0,1) very rare (1-5)
2599,0.29058695,0.70941305,1,2,1) very rare (1-5)
2600,0.56742764,0.43257236,0,21,3) common (21-100)
2601,0.48563954,0.5143604,1,0,1) very rare (1-5)
2602,0.42460042,0.5753996,1,11,2) rare (6-20)
2603,0.047823947,0.95217603,1,1,1) very rare (1-5)
2604,0.22121847,0.77878153,1,2,1) very rare (1-5)
2605,0.3154513,0.68454874,1,1070,4) very common (100+)
2606,0.042663362,0.95733666,1,0,1) very rare (1-5)
2607,0.22930492,0.7706951,0,261,4) very common (100+)
2608,0.29466948,0.7053305,0,62,3) common (21-100)
2609,0.76443857,0.23556143,0,14,2) rare (6-20)
2610,0.7139329,0.28606713,0,1,1) very rare (1-5)
2611,0.08730171,0.91269827,1,12,2) rare (6-20)
2612,0.8040525,0.19594753,0,75,3) common (21-100)
2613,0.55218923,0.44781077,0,14,2) rare (6-20)
2614,0.03776393,0.96223605,1,51,3) common (21-100)
2615,0.24618486,0.7538152,0,26,3) common (21-100)
2616,0.94783413,0.052165866,0,1000,4) very common (100+)
2617,0.6326796,0.36732042,1,1290,4) very common (100+)
2618,0.6704928,0.32950717,0,372,4) very common (100+)
2619,0.5591735,0.44082648,0,33,3) common (21-100)
2620,0.86026496,0.13973504,0,34,3) common (21-100)
2621,0.41644296,0.583557,1,6,2) rare (6-20)
2622,0.5647844,0.4352156,0,27,3) common (21-100)
2623,0.08998986,0.91001016,1,1,1) very rare (1-5)
2624,0.700217,0.299783,0,700,4) very common (100+)
2625,0.88235426,0.11764574,0,12,2) rare (6-20)
2626,0.9658157,0.034184277,0,1000,4) very common (100+)
2627,0.47048947,0.5295105,0,5,1) very rare (1-5)
2628,0.98298806,0.01701194,0,421,4) very common (100+)
2629,0.6430137,0.35698628,0,700,4) very common (100+)
2630,0.35296726,0.64703274,1,0,1) very rare (1-5)
2631,0.93629825,0.06370175,0,1290,4) very common (100+)
2632,0.077653736,0.92234623,1,1,1) very rare (1-5)
2633,0.76695186,0.23304814,1,12,2) rare (6-20)
2634,0.9948731,0.0051268935,0,16,2) rare (6-20)
2635,0.13058637,0.8694136,1,0,1) very rare (1-5)
2636,0.9961802,0.0038198233,0,211,4) very common (100+)
2637,0.20939746,0.79060256,1,0,1) very rare (1-5)
2638,0.19468394,0.8053161,1,4,1) very rare (1-5)
2639,0.91105855,0.088941455,0,12,2) rare (6-20)
2640,0.8893467,0.11065328,0,10,2) rare (6-20)
2641,0.47431692,0.52568305,1,0,1) very rare (1-5)
2642,0.61010987,0.38989013,0,24,3) common (21-100)
2643,0.621499,0.378501,0,1,1) very rare (1-5)
2644,0.35896862,0.6410314,0,13,2) rare (6-20)
2645,0.13778716,0.86221284,0,1,1) very rare (1-5)
2646,0.998541,0.0014590025,0,89,3) common (21-100)
2647,0.037804414,0.9621956,1,0,1) very rare (1-5)
2648,0.9522001,0.047799885,0,3,1) very rare (1-5)
2649,0.9666086,0.033391416,0,53,3) common (21-100)
2650,0.92698723,0.07301277,0,1290,4) very common (100+)
2651,0.9298918,0.070108175,1,8,2) rare (6-20)
2652,0.98649347,0.013506532,0,211,4) very common (100+)
2653,0.875681,0.12431902,1,146,4) very common (100+)
2654,0.1681839,0.8318161,1,421,4) very common (100+)
2655,0.082069665,0.91793036,1,14,2) rare (6-20)
2656,0.39904153,0.60095847,1,118,4) very common (100+)
2657,0.19352391,0.8064761,1,23,3) common (21-100)
2658,0.43569425,0.5643058,0,3,1) very rare (1-5)
2659,0.9118062,0.088193774,0,23,3) common (21-100)
2660,0.8622597,0.13774031,1,6,2) rare (6-20)
2661,0.1834441,0.8165559,0,5,1) very rare (1-5)
2662,0.91978705,0.08021295,1,0,1) very rare (1-5)
2663,0.47536913,0.5246309,1,134,4) very common (100+)
2664,0.7457352,0.25426477,0,26,3) common (21-100)
2665,0.707243,0.29275697,1,6,2) rare (6-20)
2666,0.7634952,0.2365048,0,70,3) common (21-100)
2667,0.325682,0.67431796,1,0,1) very rare (1-5)
2668,0.45180288,0.54819715,1,8,2) rare (6-20)
2669,0.7950251,0.20497489,0,1290,4) very common (100+)
2670,0.0837941,0.9162059,1,26,3) common (21-100)
2671,0.40498984,0.59501016,0,100,3) common (21-100)
2672,0.026126958,0.973873,1,1,1) very rare (1-5)
2673,0.7468953,0.2531047,0,17,2) rare (6-20)
2674,0.83738536,0.16261464,0,32,3) common (21-100)
2675,0.17768365,0.82231635,1,33,3) common (21-100)
2676,0.61415845,0.38584155,1,30,3) common (21-100)
2677,0.1735104,0.82648957,1,0,1) very rare (1-5)
2678,0.5172428,0.4827572,0,1,1) very rare (1-5)
2679,0.14295365,0.85704637,1,0,1) very rare (1-5)
2680,0.15017161,0.84982836,0,21,3) common (21-100)
2681,0.33766714,0.6623329,1,3,1) very rare (1-5)
2682,0.57732135,0.42267865,0,0,1) very rare (1-5)
2683,0.9137369,0.08626312,0,7,2) rare (6-20)
2684,0.6090173,0.3909827,0,1070,4) very common (100+)
2685,0.7650324,0.23496759,0,3,1) very rare (1-5)
2686,0.9587154,0.04128462,0,39,3) common (21-100)
2687,0.3870891,0.61291087,0,6,2) rare (6-20)
2688,0.12992404,0.87007594,1,107,4) very common (100+)
2689,0.07720688,0.92279315,1,5,1) very rare (1-5)
2690,0.85404515,0.14595485,0,1290,4) very common (100+)
2691,0.5740637,0.42593628,1,78,3) common (21-100)
2692,0.7954823,0.20451772,1,1,1) very rare (1-5)
2693,0.31516463,0.6848354,1,274,4) very common (100+)
2694,0.5134101,0.4865899,1,3,1) very rare (1-5)
2695,0.25873852,0.7412615,1,7,2) rare (6-20)
2696,0.41244248,0.58755755,1,105,4) very common (100+)
2697,0.16911468,0.8308853,0,0,1) very rare (1-5)
2698,0.45869914,0.5413009,1,1,1) very rare (1-5)
2699,0.3001602,0.69983983,1,92,3) common (21-100)
2700,0.6036701,0.39632988,0,700,4) very common (100+)
2701,0.34657478,0.6534252,1,10,2) rare (6-20)
2702,0.2948032,0.7051968,1,0,1) very rare (1-5)
2703,0.74850976,0.25149024,1,124,4) very common (100+)
2704,0.9905425,0.009457529,0,700,4) very common (100+)
2705,0.5275255,0.47247452,0,69,3) common (21-100)
2706,0.08037604,0.919624,1,9,2) rare (6-20)
2707,0.7912572,0.2087428,0,89,3) common (21-100)
2708,0.37462828,0.6253717,0,178,4) very common (100+)
2709,0.52715474,0.47284526,1,100,3) common (21-100)
2710,0.5730148,0.4269852,0,1290,4) very common (100+)
2711,0.9899407,0.010059297,0,1000,4) very common (100+)
2712,0.815531,0.18446898,0,19,2) rare (6-20)
2713,0.05718215,0.94281787,0,275,4) very common (100+)
2714,0.11936703,0.880633,1,0,1) very rare (1-5)
2715,0.85852164,0.14147836,0,105,4) very common (100+)
2716,0.582126,0.41787398,1,0,1) very rare (1-5)
2717,0.16026509,0.8397349,1,15,2) rare (6-20)
2718,0.75527,0.24473,0,85,3) common (21-100)
2719,0.6290276,0.3709724,0,111,4) very common (100+)
2720,0.31194186,0.68805814,1,107,4) very common (100+)
2721,0.5457927,0.4542073,1,0,1) very rare (1-5)
2722,0.92714834,0.07285166,0,99,3) common (21-100)
2723,0.7461888,0.25381118,1,0,1) very rare (1-5)
2724,0.707042,0.29295802,0,1290,4) very common (100+)
2725,0.8188825,0.18111748,0,1000,4) very common (100+)
2726,0.8331005,0.1668995,0,700,4) very common (100+)
2727,0.2642426,0.7357574,1,0,1) very rare (1-5)
2728,0.6134947,0.3865053,0,7,2) rare (6-20)
2729,0.57776815,0.42223185,0,50,3) common (21-100)
2730,0.1537248,0.8462752,1,1,1) very rare (1-5)
2731,0.41405898,0.585941,1,91,3) common (21-100)
2732,0.98844624,0.011553764,0,49,3) common (21-100)
2733,0.8714213,0.12857872,1,26,3) common (21-100)
2734,0.9373322,0.06266779,1,14,2) rare (6-20)
2735,0.22163837,0.7783616,1,1,1) very rare (1-5)
2736,0.06160498,0.938395,1,0,1) very rare (1-5)
2737,0.13281567,0.86718434,0,20,2) rare (6-20)
2738,0.20438984,0.7956102,1,1,1) very rare (1-5)
2739,0.591737,0.40826303,0,7,2) rare (6-20)
2740,0.023671458,0.97632855,1,13,2) rare (6-20)
2741,0.4159435,0.5840565,1,4,1) very rare (1-5)
2742,0.72588634,0.27411366,1,107,4) very common (100+)
2743,0.09566063,0.9043394,1,14,2) rare (6-20)
2744,0.11379208,0.88620794,1,4,1) very rare (1-5)
2745,0.8102024,0.18979758,1,15,2) rare (6-20)
2746,0.39645907,0.6035409,1,16,2) rare (6-20)
2747,0.80553395,0.19446605,0,11,2) rare (6-20)
2748,0.3493351,0.6506649,1,17,2) rare (6-20)
2749,0.9757504,0.024249613,1,0,1) very rare (1-5)
2750,0.95309085,0.046909153,0,421,4) very common (100+)
2751,0.02296654,0.97703344,0,1,1) very rare (1-5)
2752,0.97726804,0.02273196,0,1000,4) very common (100+)
2753,0.36557168,0.6344283,0,1070,4) very common (100+)
2754,0.9254612,0.07453883,1,1,1) very rare (1-5)
2755,0.3316284,0.66837156,1,3,1) very rare (1-5)
2756,0.056258235,0.94374174,1,35,3) common (21-100)
2757,0.9895829,0.010417104,0,90,3) common (21-100)
2758,0.93125594,0.06874406,0,7,2) rare (6-20)
2759,0.5247821,0.47521788,1,0,1) very rare (1-5)
2760,0.18918955,0.81081045,0,106,4) very common (100+)
2761,0.039107762,0.96089226,1,0,1) very rare (1-5)
2762,0.09831686,0.90168315,1,8,2) rare (6-20)
2763,0.3773396,0.6226604,1,1070,4) very common (100+)
2764,0.29111978,0.7088802,0,28,3) common (21-100)
2765,0.14158006,0.85841995,1,3,1) very rare (1-5)
2766,0.8586443,0.1413557,0,134,4) very common (100+)
2767,0.15875831,0.8412417,1,275,4) very common (100+)
2768,0.7752275,0.22477251,1,72,3) common (21-100)
2769,0.27114376,0.7288562,1,343,4) very common (100+)
2770,0.049665667,0.9503343,1,0,1) very rare (1-5)
2771,0.9291693,0.0708307,1,1,1) very rare (1-5)
2772,0.84275186,0.15724814,1,15,2) rare (6-20)
2773,0.22486308,0.77513695,1,56,3) common (21-100)
2774,0.050268047,0.94973195,1,0,1) very rare (1-5)
2775,0.7111121,0.28888792,0,32,3) common (21-100)
2776,0.68638265,0.31361735,0,0,1) very rare (1-5)
2777,0.41566008,0.5843399,0,12,2) rare (6-20)
2778,0.57681715,0.42318285,0,118,4) very common (100+)
2779,0.7849731,0.21502692,0,47,3) common (21-100)
2780,0.8855925,0.11440748,0,35,3) common (21-100)
2781,0.33805785,0.6619421,0,58,3) common (21-100)
2782,0.13097702,0.86902297,1,28,3) common (21-100)
2783,0.06349608,0.9365039,1,1,1) very rare (1-5)
2784,0.8425,0.15750003,0,372,4) very common (100+)
2785,0.21278939,0.7872106,0,1,1) very rare (1-5)
2786,0.41066915,0.58933085,1,79,3) common (21-100)
2787,0.6106533,0.38934672,0,223,4) very common (100+)
2788,0.3322731,0.6677269,0,0,1) very rare (1-5)
2789,0.6342936,0.36570638,0,43,3) common (21-100)
2790,0.3507955,0.6492045,1,4,1) very rare (1-5)
2791,0.13171585,0.86828417,1,0,1) very rare (1-5)
2792,0.76160496,0.23839504,1,1000,4) very common (100+)
2793,0.11366276,0.8863372,1,0,1) very rare (1-5)
2794,0.8501493,0.14985073,0,372,4) very common (100+)
2795,0.1344298,0.8655702,1,1,1) very rare (1-5)
2796,0.6560672,0.3439328,1,4,1) very rare (1-5)
2797,0.35295388,0.6470461,1,108,4) very common (100+)
2798,0.5705473,0.42945272,1,2,1) very rare (1-5)
2799,0.9930948,0.006905198,1,66,3) common (21-100)
2800,0.2126289,0.7873711,1,14,2) rare (6-20)
2801,0.34006336,0.65993667,0,42,3) common (21-100)
2802,0.23939337,0.76060665,0,4,1) very rare (1-5)
2803,0.74756914,0.25243086,0,1070,4) very common (100+)
2804,0.08545405,0.91454595,1,79,3) common (21-100)
2805,0.3608157,0.6391843,1,0,1) very rare (1-5)
2806,0.7138471,0.2861529,1,1070,4) very common (100+)
2807,0.035661764,0.96433824,1,36,3) common (21-100)
2808,0.45728365,0.5427164,0,178,4) very common (100+)
2809,0.24588549,0.7541145,1,1,1) very rare (1-5)
2810,0.6688476,0.33115238,1,52,3) common (21-100)
2811,0.096353315,0.9036467,1,2,1) very rare (1-5)
2812,0.44922453,0.55077547,0,274,4) very common (100+)
2813,0.839943,0.16005701,0,1070,4) very common (100+)
2814,0.080424435,0.9195756,1,3,1) very rare (1-5)
2815,0.13179839,0.8682016,1,0,1) very rare (1-5)
2816,0.95231247,0.04768753,0,182,4) very common (100+)
2817,0.96092325,0.039076746,0,223,4) very common (100+)
2818,0.060272515,0.9397275,1,0,1) very rare (1-5)
2819,0.10548312,0.8945169,1,6,2) rare (6-20)
2820,0.7329944,0.26700562,0,134,4) very common (100+)
2821,0.6662819,0.33371812,0,5,1) very rare (1-5)
2822,0.089172564,0.91082746,1,0,1) very rare (1-5)
2823,0.48633343,0.51366657,1,11,2) rare (6-20)
2824,0.88310695,0.11689305,0,21,3) common (21-100)
2825,0.11477442,0.8852256,0,23,3) common (21-100)
2826,0.4217546,0.5782454,0,4,1) very rare (1-5)
2827,0.03804003,0.96195996,0,1,1) very rare (1-5)
2828,0.27496183,0.7250382,1,0,1) very rare (1-5)
2829,0.67399114,0.32600886,1,86,3) common (21-100)
2830,0.73755354,0.26244646,0,223,4) very common (100+)
2831,0.31752983,0.6824702,0,7,2) rare (6-20)
2832,0.8446321,0.15536791,0,1000,4) very common (100+)
2833,0.121669956,0.87833005,0,68,3) common (21-100)
2834,0.28900468,0.7109953,1,1,1) very rare (1-5)
2835,0.95853955,0.041460454,0,10,2) rare (6-20)
2836,0.6871519,0.3128481,0,343,4) very common (100+)
2837,0.29267794,0.70732206,0,0,1) very rare (1-5)
2838,0.08873346,0.91126657,0,3,1) very rare (1-5)
2839,0.8707126,0.12928742,0,700,4) very common (100+)
2840,0.764663,0.23533702,0,1070,4) very common (100+)
2841,0.297842,0.702158,0,111,4) very common (100+)
2842,0.92496026,0.075039744,1,178,4) very common (100+)
2843,0.50636154,0.49363846,0,49,3) common (21-100)
2844,0.8094949,0.19050509,1,21,3) common (21-100)
2845,0.9908791,0.009120882,0,16,2) rare (6-20)
2846,0.18517189,0.8148281,1,7,2) rare (6-20)
2847,0.09302409,0.9069759,1,19,2) rare (6-20)
2848,0.7646585,0.23534149,0,274,4) very common (100+)
2849,0.763425,0.236575,0,99,3) common (21-100)
2850,0.5762231,0.42377692,1,1070,4) very common (100+)
2851,0.62736344,0.37263656,0,1,1) very rare (1-5)
2852,0.5135507,0.4864493,0,1,1) very rare (1-5)
2853,0.8723318,0.1276682,0,36,3) common (21-100)
2854,0.87013465,0.12986535,1,32,3) common (21-100)
2855,0.63396883,0.36603117,1,6,2) rare (6-20)
2856,0.82615244,0.17384756,1,47,3) common (21-100)
2857,0.95024955,0.049750447,0,3,1) very rare (1-5)
2858,0.9517493,0.048250675,0,78,3) common (21-100)
2859,0.14174542,0.85825455,1,3,1) very rare (1-5)
2860,0.87964845,0.12035155,0,24,3) common (21-100)
2861,0.102804884,0.8971951,1,4,1) very rare (1-5)
2862,0.49704456,0.50295544,1,99,3) common (21-100)
2863,0.8076127,0.19238728,0,1070,4) very common (100+)
2864,0.97517157,0.024828434,0,39,3) common (21-100)
2865,0.5627153,0.4372847,0,9,2) rare (6-20)
2866,0.44102892,0.55897105,0,38,3) common (21-100)
2867,0.39265025,0.60734975,0,3,1) very rare (1-5)
2868,0.50626945,0.49373055,0,3,1) very rare (1-5)
2869,0.05891414,0.9410859,1,700,4) very common (100+)
2870,0.4215336,0.5784664,1,178,4) very common (100+)
2871,0.47276166,0.52723837,0,343,4) very common (100+)
2872,0.43452466,0.56547534,0,1000,4) very common (100+)
2873,0.43413827,0.5658617,1,159,4) very common (100+)
2874,0.4863987,0.5136013,0,5,1) very rare (1-5)
2875,0.8127867,0.1872133,0,23,3) common (21-100)
2876,0.23028088,0.7697191,0,18,2) rare (6-20)
2877,0.641026,0.35897398,1,6,2) rare (6-20)
2878,0.8719229,0.12807709,0,69,3) common (21-100)
2879,0.81494296,0.18505704,0,60,3) common (21-100)
2880,0.09133767,0.9086623,1,1,1) very rare (1-5)
2881,0.52615845,0.47384155,1,0,1) very rare (1-5)
2882,0.79197574,0.20802426,0,69,3) common (21-100)
2883,0.2794685,0.72053146,1,38,3) common (21-100)
2884,0.3786559,0.6213441,1,2,1) very rare (1-5)
2885,0.04630206,0.9536979,1,0,1) very rare (1-5)
2886,0.424798,0.575202,1,1,1) very rare (1-5)
2887,0.4462729,0.5537271,1,66,3) common (21-100)
2888,0.7298263,0.27017373,0,1,1) very rare (1-5)
2889,0.45206657,0.54793346,1,7,2) rare (6-20)
2890,0.15835387,0.84164613,0,6,2) rare (6-20)
2891,0.8549657,0.14503431,0,23,3) common (21-100)
2892,0.83229375,0.16770625,0,421,4) very common (100+)
2893,0.9884466,0.011553407,0,1000,4) very common (100+)
2894,0.39465225,0.60534775,0,4,1) very rare (1-5)
2895,0.5609096,0.43909037,1,0,1) very rare (1-5)
2896,0.874787,0.12521303,1,1,1) very rare (1-5)
2897,0.21724494,0.7827551,1,0,1) very rare (1-5)
2898,0.9817576,0.018242419,0,142,4) very common (100+)
2899,0.59910244,0.40089756,0,1290,4) very common (100+)
2900,0.44702518,0.5529748,1,28,3) common (21-100)
2901,0.9844248,0.0155751705,0,1000,4) very common (100+)
2902,0.21222484,0.78777516,0,8,2) rare (6-20)
2903,0.0646443,0.9353557,1,58,3) common (21-100)
2904,0.76592505,0.23407495,1,1,1) very rare (1-5)
2905,0.72852945,0.27147055,0,121,4) very common (100+)
2906,0.06371012,0.9362899,0,63,3) common (21-100)
2907,0.95414597,0.045854032,0,4,1) very rare (1-5)
2908,0.60527825,0.39472175,1,1070,4) very common (100+)
2909,0.7765963,0.22340369,0,14,2) rare (6-20)
2910,0.2167436,0.7832564,1,1,1) very rare (1-5)
2911,0.38057604,0.619424,0,3,1) very rare (1-5)
2912,0.91867834,0.08132166,1,28,3) common (21-100)
2913,0.33613825,0.66386175,0,7,2) rare (6-20)
2914,0.33493638,0.6650636,1,0,1) very rare (1-5)
2915,0.7977997,0.2022003,0,6,2) rare (6-20)
2916,0.15704766,0.8429524,1,3,1) very rare (1-5)
2917,0.39492804,0.60507196,0,700,4) very common (100+)
2918,0.12102404,0.878976,0,0,1) very rare (1-5)
2919,0.8605556,0.13944441,0,55,3) common (21-100)
2920,0.5189112,0.48108882,0,3,1) very rare (1-5)
2921,0.22530618,0.77469385,1,2,1) very rare (1-5)
2922,0.17851548,0.8214845,1,2,1) very rare (1-5)
2923,0.52418214,0.47581786,1,79,3) common (21-100)
2924,0.98116416,0.018835843,0,1000,4) very common (100+)
2925,0.84229946,0.15770054,1,268,4) very common (100+)
2926,0.9887616,0.011238396,0,123,4) very common (100+)
2927,0.022212088,0.9777879,1,0,1) very rare (1-5)
2928,0.22655953,0.7734405,0,14,2) rare (6-20)
2929,0.16618954,0.83381045,0,23,3) common (21-100)
2930,0.8593879,0.14061213,0,1290,4) very common (100+)
2931,0.91033,0.08967,1,7,2) rare (6-20)
2932,0.7673315,0.23266852,1,1,1) very rare (1-5)
2933,0.25150022,0.74849975,1,6,2) rare (6-20)
2934,0.67906624,0.32093376,1,1070,4) very common (100+)
2935,0.5088628,0.4911372,1,2,1) very rare (1-5)
2936,0.9430238,0.0569762,1,3,1) very rare (1-5)
2937,0.3893824,0.61061764,1,1,1) very rare (1-5)
2938,0.18942542,0.8105746,0,66,3) common (21-100)
2939,0.30996272,0.69003725,1,0,1) very rare (1-5)
2940,0.18817191,0.8118281,0,3,1) very rare (1-5)
2941,0.5169794,0.4830206,1,1070,4) very common (100+)
2942,0.38987792,0.6101221,1,3,1) very rare (1-5)
2943,0.053412624,0.9465874,1,0,1) very rare (1-5)
2944,0.22120321,0.7787968,0,1,1) very rare (1-5)
2945,0.42702773,0.5729723,0,34,3) common (21-100)
2946,0.3922409,0.6077591,1,6,2) rare (6-20)
2947,0.21075995,0.78924006,1,123,4) very common (100+)
2948,0.94681513,0.053184867,0,118,4) very common (100+)
2949,0.079146534,0.9208535,1,47,3) common (21-100)
2950,0.84058636,0.15941364,0,23,3) common (21-100)
2951,0.17582722,0.8241728,0,5,1) very rare (1-5)
2952,0.22940697,0.77059305,1,0,1) very rare (1-5)
2953,0.11151524,0.8884848,1,1,1) very rare (1-5)
2954,0.15821928,0.8417807,1,0,1) very rare (1-5)
2955,0.68643826,0.31356174,1,96,3) common (21-100)
2956,0.18835148,0.8116485,1,0,1) very rare (1-5)
2957,0.5712962,0.42870378,0,421,4) very common (100+)
2958,0.928568,0.071431994,0,178,4) very common (100+)
2959,0.1445199,0.8554801,1,4,1) very rare (1-5)
2960,0.48039645,0.51960355,0,1000,4) very common (100+)
2961,0.56039065,0.43960935,0,41,3) common (21-100)
2962,0.0736911,0.9263089,1,0,1) very rare (1-5)
2963,0.792038,0.20796198,0,63,3) common (21-100)
2964,0.13645042,0.8635496,0,33,3) common (21-100)
2965,0.9921068,0.007893205,0,1000,4) very common (100+)
2966,0.582971,0.41702902,1,8,2) rare (6-20)
2967,0.61360437,0.38639563,0,1290,4) very common (100+)
2968,0.28893372,0.71106625,1,7,2) rare (6-20)
2969,0.8985923,0.10140771,0,42,3) common (21-100)
2970,0.43186915,0.56813085,0,91,3) common (21-100)
2971,0.78290457,0.21709543,0,96,3) common (21-100)
2972,0.72584105,0.27415895,1,66,3) common (21-100)
2973,0.21534678,0.7846532,1,3,1) very rare (1-5)
2974,0.18150969,0.8184903,0,17,2) rare (6-20)
2975,0.6125061,0.3874939,0,0,1) very rare (1-5)
2976,0.32593003,0.67407,0,0,1) very rare (1-5)
2977,0.22613446,0.7738655,0,0,1) very rare (1-5)
2978,0.9543889,0.045611084,0,700,4) very common (100+)
2979,0.6723837,0.32761627,0,79,3) common (21-100)
2980,0.08679566,0.9132043,1,5,1) very rare (1-5)
2981,0.7133911,0.28660887,1,118,4) very common (100+)
2982,0.92424697,0.07575303,0,11,2) rare (6-20)
2983,0.19815843,0.80184156,0,2,1) very rare (1-5)
2984,0.7318615,0.26813853,0,6,2) rare (6-20)
2985,0.03953912,0.9604609,1,7,2) rare (6-20)
2986,0.28599092,0.71400905,1,16,2) rare (6-20)
2987,0.7499298,0.2500702,0,134,4) very common (100+)
2988,0.7074681,0.2925319,0,159,4) very common (100+)
2989,0.77809197,0.22190803,1,19,2) rare (6-20)
2990,0.9502978,0.049702227,0,89,3) common (21-100)
2991,0.99217105,0.007828951,0,211,4) very common (100+)
2992,0.22160539,0.7783946,1,0,1) very rare (1-5)
2993,0.38489035,0.6151097,1,1070,4) very common (100+)
2994,0.4995896,0.50041044,1,0,1) very rare (1-5)
2995,0.53004164,0.46995836,1,63,3) common (21-100)
2996,0.13058704,0.86941296,0,53,3) common (21-100)
2997,0.40187165,0.5981283,0,21,3) common (21-100)
2998,0.28490213,0.7150979,1,38,3) common (21-100)
2999,0.76998544,0.23001456,0,223,4) very common (100+)
3000,0.45776442,0.5422356,1,1070,4) very common (100+)
3001,0.50866854,0.49133146,1,4,1) very rare (1-5)
3002,0.6127807,0.3872193,1,23,3) common (21-100)
3003,0.8795187,0.12048131,0,1070,4) very common (100+)
3004,0.524147,0.47585303,1,1070,4) very common (100+)
3005,0.5918484,0.40815163,1,261,4) very common (100+)
3006,0.029626913,0.9703731,1,0,1) very rare (1-5)
3007,0.19691274,0.80308723,1,1,1) very rare (1-5)
3008,0.2331856,0.7668144,1,0,1) very rare (1-5)
3009,0.16901837,0.8309816,1,0,1) very rare (1-5)
3010,0.5593396,0.44066042,1,124,4) very common (100+)
3011,0.13173376,0.8682662,0,11,2) rare (6-20)
3012,0.12784551,0.8721545,1,0,1) very rare (1-5)
3013,0.23180379,0.7681962,1,21,3) common (21-100)
3014,0.118654,0.881346,1,0,1) very rare (1-5)
3015,0.13244238,0.86755764,1,0,1) very rare (1-5)
3016,0.9707638,0.029236197,0,142,4) very common (100+)
3017,0.23470502,0.76529497,1,261,4) very common (100+)
3018,0.34654456,0.65345544,1,3,1) very rare (1-5)
3019,0.0355274,0.9644726,1,0,1) very rare (1-5)
3020,0.16769098,0.832309,0,88,3) common (21-100)
3021,0.10762408,0.89237595,1,3,1) very rare (1-5)
3022,0.88465685,0.11534315,0,421,4) very common (100+)
3023,0.102381155,0.89761883,0,17,2) rare (6-20)
3024,0.8464095,0.1535905,1,19,2) rare (6-20)
3025,0.5406653,0.45933467,1,0,1) very rare (1-5)
3026,0.21137528,0.7886247,1,39,3) common (21-100)
3027,0.5086089,0.49139112,0,700,4) very common (100+)
3028,0.8846344,0.115365624,0,421,4) very common (100+)
3029,0.35864165,0.6413584,1,5,1) very rare (1-5)
3030,0.48104864,0.51895136,0,3,1) very rare (1-5)
3031,0.10191938,0.8980806,1,1,1) very rare (1-5)
3032,0.24767697,0.75232303,0,8,2) rare (6-20)
3033,0.71537536,0.28462464,0,9,2) rare (6-20)
3034,0.50641435,0.49358565,1,268,4) very common (100+)
3035,0.25865668,0.7413433,0,6,2) rare (6-20)
3036,0.43931642,0.5606836,0,3,1) very rare (1-5)
3037,0.03550158,0.9644984,1,1,1) very rare (1-5)
3038,0.51199734,0.48800266,0,343,4) very common (100+)
3039,0.9921565,0.007843494,0,211,4) very common (100+)
3040,0.023972403,0.9760276,1,5,1) very rare (1-5)
3041,0.9730017,0.026998281,0,700,4) very common (100+)
3042,0.71467245,0.28532755,1,66,3) common (21-100)
3043,0.12749244,0.8725076,0,5,1) very rare (1-5)
3044,0.30418575,0.69581425,0,145,4) very common (100+)
3045,0.7053115,0.29468852,1,1000,4) very common (100+)
3046,0.8963089,0.1036911,1,0,1) very rare (1-5)
3047,0.6848985,0.3151015,0,3,1) very rare (1-5)
3048,0.47713864,0.52286136,0,9,2) rare (6-20)
3049,0.2129084,0.7870916,0,2,1) very rare (1-5)
3050,0.123003535,0.87699646,1,0,1) very rare (1-5)
3051,0.98706853,0.012931466,0,1290,4) very common (100+)
3052,0.016679984,0.98332,1,62,3) common (21-100)
3053,0.60091704,0.39908296,0,14,2) rare (6-20)
3054,0.32431924,0.67568076,0,11,2) rare (6-20)
3055,0.15809064,0.84190935,0,2,1) very rare (1-5)
3056,0.41673434,0.58326566,1,89,3) common (21-100)
3057,0.44048366,0.5595163,1,1,1) very rare (1-5)
3058,0.57116264,0.42883736,1,31,3) common (21-100)
3059,0.66217214,0.33782786,0,27,3) common (21-100)
3060,0.47625712,0.5237429,1,10,2) rare (6-20)
3061,0.47529355,0.5247065,1,24,3) common (21-100)
3062,0.3311009,0.66889906,1,10,2) rare (6-20)
3063,0.3315753,0.6684247,0,274,4) very common (100+)
3064,0.69825125,0.30174875,0,15,2) rare (6-20)
3065,0.31415153,0.6858485,0,1,1) very rare (1-5)
3066,0.18519112,0.81480885,1,4,1) very rare (1-5)
3067,0.52110267,0.47889733,0,3,1) very rare (1-5)
3068,0.23397058,0.7660294,0,1,1) very rare (1-5)
3069,0.7648963,0.23510373,0,700,4) very common (100+)
3070,0.36446366,0.6355363,1,1290,4) very common (100+)
3071,0.072964475,0.9270355,1,1290,4) very common (100+)
3072,0.030257812,0.9697422,1,0,1) very rare (1-5)
3073,0.21651374,0.78348625,1,107,4) very common (100+)
3074,0.018455613,0.9815444,1,1,1) very rare (1-5)
3075,0.53881025,0.46118975,1,160,4) very common (100+)
3076,0.60825545,0.39174455,0,2,1) very rare (1-5)
3077,0.87319946,0.12680054,1,3,1) very rare (1-5)
3078,0.19722661,0.80277336,1,36,3) common (21-100)
3079,0.7386896,0.2613104,1,0,1) very rare (1-5)
3080,0.88697284,0.113027155,0,1000,4) very common (100+)
3081,0.20218793,0.7978121,1,20,2) rare (6-20)
3082,0.1285417,0.8714583,1,0,1) very rare (1-5)
3083,0.5370906,0.4629094,0,1,1) very rare (1-5)
3084,0.96329755,0.036702454,0,1000,4) very common (100+)
3085,0.19581541,0.80418456,1,3,1) very rare (1-5)
3086,0.40821025,0.5917897,0,28,3) common (21-100)
3087,0.035172082,0.9648279,1,261,4) very common (100+)
3088,0.84949625,0.15050375,0,1,1) very rare (1-5)
3089,0.35397506,0.64602494,0,60,3) common (21-100)
3090,0.9737593,0.026240706,0,372,4) very common (100+)
3091,0.09030857,0.90969145,1,66,3) common (21-100)
3092,0.8528824,0.14711761,1,107,4) very common (100+)
3093,0.62059814,0.37940186,0,1290,4) very common (100+)
3094,0.7899118,0.2100882,1,32,3) common (21-100)
3095,0.7562391,0.24376088,0,10,2) rare (6-20)
3096,0.79775274,0.20224726,0,1000,4) very common (100+)
3097,0.2021153,0.7978847,0,102,4) very common (100+)
3098,0.6237617,0.3762383,0,14,2) rare (6-20)
3099,0.11419289,0.8858071,1,0,1) very rare (1-5)
3100,0.4309529,0.5690471,1,58,3) common (21-100)
3101,0.49627626,0.50372374,0,2,1) very rare (1-5)
3102,0.62131506,0.37868494,0,3,1) very rare (1-5)
3103,0.14162312,0.85837686,1,71,3) common (21-100)
3104,0.7445725,0.25542748,1,102,4) very common (100+)
3105,0.2690888,0.7309112,1,1,1) very rare (1-5)
3106,0.4455608,0.5544392,1,7,2) rare (6-20)
3107,0.22191603,0.778084,0,15,2) rare (6-20)
3108,0.27210763,0.7278924,1,118,4) very common (100+)
3109,0.40968466,0.59031534,1,0,1) very rare (1-5)
3110,0.20358464,0.7964153,1,118,4) very common (100+)
3111,0.40569428,0.59430575,1,1070,4) very common (100+)
3112,0.49770012,0.5022999,0,223,4) very common (100+)
3113,0.20074055,0.7992594,1,372,4) very common (100+)
3114,0.027403206,0.97259676,1,3,1) very rare (1-5)
3115,0.6666777,0.3333223,0,63,3) common (21-100)
3116,0.4997836,0.50021636,1,15,2) rare (6-20)
3117,0.5012666,0.4987334,1,4,1) very rare (1-5)
3118,0.6339857,0.3660143,1,0,1) very rare (1-5)
3119,0.44584095,0.55415905,1,20,2) rare (6-20)
3120,0.49348226,0.50651777,1,18,2) rare (6-20)
3121,0.0709774,0.9290226,0,8,2) rare (6-20)
3122,0.4103762,0.5896238,1,8,2) rare (6-20)
3123,0.4432211,0.5567789,1,70,3) common (21-100)
3124,0.2045825,0.7954175,0,21,3) common (21-100)
3125,0.38747495,0.61252505,0,4,1) very rare (1-5)
3126,0.28461307,0.7153869,0,6,2) rare (6-20)
3127,0.9600718,0.039928198,0,274,4) very common (100+)
3128,0.10610106,0.89389896,1,0,1) very rare (1-5)
3129,0.08333632,0.91666365,1,5,1) very rare (1-5)
3130,0.049340136,0.9506599,1,0,1) very rare (1-5)
3131,0.8349419,0.16505808,0,3,1) very rare (1-5)
3132,0.4056785,0.5943215,0,24,3) common (21-100)
3133,0.06009316,0.93990684,1,1,1) very rare (1-5)
3134,0.36255634,0.63744366,1,0,1) very rare (1-5)
3135,0.505566,0.494434,0,1000,4) very common (100+)
3136,0.040422767,0.9595772,1,0,1) very rare (1-5)
3137,0.97179914,0.028200865,0,1000,4) very common (100+)
3138,0.6101018,0.38989818,0,3,1) very rare (1-5)
3139,0.4824556,0.5175444,1,223,4) very common (100+)
3140,0.0451531,0.9548469,1,0,1) very rare (1-5)
3141,0.1302802,0.8697198,1,0,1) very rare (1-5)
3142,0.48514083,0.5148592,0,12,2) rare (6-20)
3143,0.90550715,0.09449285,0,1000,4) very common (100+)
3144,0.36413053,0.6358695,0,14,2) rare (6-20)
3145,0.026410392,0.9735896,0,3,1) very rare (1-5)
3146,0.9786052,0.02139479,0,89,3) common (21-100)
3147,0.8758806,0.1241194,0,47,3) common (21-100)
3148,0.63590866,0.36409134,1,2,1) very rare (1-5)
3149,0.8469868,0.15301323,0,1000,4) very common (100+)
3150,0.7194822,0.28051782,0,14,2) rare (6-20)
3151,0.2770914,0.7229086,0,102,4) very common (100+)
3152,0.26644164,0.73355836,1,0,1) very rare (1-5)
3153,0.41611287,0.5838871,1,0,1) very rare (1-5)
3154,0.75098395,0.24901605,0,700,4) very common (100+)
3155,0.7410005,0.25899953,1,89,3) common (21-100)
3156,0.18648359,0.8135164,1,1,1) very rare (1-5)
3157,0.7412231,0.2587769,0,1070,4) very common (100+)
3158,0.19790009,0.80209994,1,14,2) rare (6-20)
3159,0.3085238,0.6914762,1,76,3) common (21-100)
3160,0.86075723,0.13924277,0,1,1) very rare (1-5)
3161,0.16735491,0.83264506,1,0,1) very rare (1-5)
3162,0.98183113,0.018168867,0,99,3) common (21-100)
3163,0.3242525,0.6757475,1,7,2) rare (6-20)
3164,0.030709436,0.96929055,1,1,1) very rare (1-5)
3165,0.7656237,0.23437631,1,3,1) very rare (1-5)
3166,0.03588624,0.9641138,1,1,1) very rare (1-5)
3167,0.16018747,0.8398125,1,3,1) very rare (1-5)
3168,0.9843948,0.015605211,0,1000,4) very common (100+)
3169,0.34691054,0.65308946,0,41,3) common (21-100)
3170,0.238941,0.761059,1,20,2) rare (6-20)
3171,0.48765737,0.51234263,1,31,3) common (21-100)
3172,0.04931748,0.9506825,1,0,1) very rare (1-5)
3173,0.40252143,0.59747857,1,23,3) common (21-100)
3174,0.44803512,0.5519649,0,1000,4) very common (100+)
3175,0.18325122,0.8167488,1,0,1) very rare (1-5)
3176,0.83143485,0.16856515,0,27,3) common (21-100)
3177,0.9652645,0.0347355,0,91,3) common (21-100)
3178,0.12105037,0.87894964,1,58,3) common (21-100)
3179,0.7396334,0.26036662,1,33,3) common (21-100)
3180,0.5826351,0.4173649,0,102,4) very common (100+)
3181,0.2810987,0.7189013,0,36,3) common (21-100)
3182,0.8686804,0.13131958,0,39,3) common (21-100)
3183,0.89435863,0.105641365,0,2,1) very rare (1-5)
3184,0.63638395,0.36361605,0,76,3) common (21-100)
3185,0.0686496,0.9313504,1,0,1) very rare (1-5)
3186,0.5990281,0.4009719,1,7,2) rare (6-20)
3187,0.1286586,0.8713414,1,0,1) very rare (1-5)
3188,0.053359356,0.9466407,1,2,1) very rare (1-5)
3189,0.1395511,0.8604489,1,14,2) rare (6-20)
3190,0.53094923,0.46905077,1,71,3) common (21-100)
3191,0.42812473,0.5718753,0,372,4) very common (100+)
3192,0.4902155,0.50978446,1,1,1) very rare (1-5)
3193,0.85707676,0.14292324,0,27,3) common (21-100)
3194,0.43313605,0.56686395,1,16,2) rare (6-20)
3195,0.87627596,0.12372404,1,0,1) very rare (1-5)
3196,0.4902986,0.5097014,0,12,2) rare (6-20)
3197,0.84234095,0.15765905,1,1,1) very rare (1-5)
3198,0.9187921,0.08120787,0,1000,4) very common (100+)
3199,0.26290655,0.73709345,1,27,3) common (21-100)
3200,0.755582,0.24441803,0,37,3) common (21-100)
3201,0.69746727,0.30253273,1,44,3) common (21-100)
3202,0.65544677,0.34455323,0,66,3) common (21-100)
3203,0.06757505,0.93242496,1,0,1) very rare (1-5)
3204,0.14606838,0.8539316,1,3,1) very rare (1-5)
3205,0.055571754,0.94442827,1,0,1) very rare (1-5)
3206,0.09854768,0.9014523,1,0,1) very rare (1-5)
3207,0.10507878,0.89492124,1,19,2) rare (6-20)
3208,0.79944336,0.20055664,0,1070,4) very common (100+)
3209,0.65610456,0.34389544,0,15,2) rare (6-20)
3210,0.74520624,0.25479376,0,1290,4) very common (100+)
3211,0.015769312,0.9842307,1,1,1) very rare (1-5)
3212,0.7152692,0.2847308,0,24,3) common (21-100)
3213,0.02328896,0.97671103,0,18,2) rare (6-20)
3214,0.3674324,0.63256764,1,118,4) very common (100+)
3215,0.78141373,0.21858627,0,23,3) common (21-100)
3216,0.88052136,0.11947864,1,0,1) very rare (1-5)
3217,0.09560553,0.90439445,1,3,1) very rare (1-5)
3218,0.21048391,0.7895161,1,1,1) very rare (1-5)
3219,0.6143378,0.3856622,1,1,1) very rare (1-5)
3220,0.40619674,0.5938033,0,421,4) very common (100+)
3221,0.030202355,0.9697977,1,0,1) very rare (1-5)
3222,0.2655866,0.7344134,1,275,4) very common (100+)
3223,0.66149306,0.33850694,0,3,1) very rare (1-5)
3224,0.056446724,0.94355327,1,0,1) very rare (1-5)
3225,0.7265997,0.2734003,1,81,3) common (21-100)
3226,0.25134045,0.74865955,1,5,1) very rare (1-5)
3227,0.12514026,0.87485975,1,79,3) common (21-100)
3228,0.6107281,0.38927191,0,41,3) common (21-100)
3229,0.085230544,0.9147695,0,2,1) very rare (1-5)
3230,0.21424077,0.7857592,1,18,2) rare (6-20)
3231,0.91539115,0.08460885,1,5,1) very rare (1-5)
3232,0.15055592,0.8494441,1,23,3) common (21-100)
3233,0.71229565,0.28770435,0,1290,4) very common (100+)
3234,0.83750814,0.16249186,1,268,4) very common (100+)
3235,0.1234461,0.8765539,0,0,1) very rare (1-5)
3236,0.71756834,0.28243166,0,37,3) common (21-100)
3237,0.5336681,0.4663319,0,1290,4) very common (100+)
3238,0.892801,0.10719901,0,142,4) very common (100+)
3239,0.57298094,0.42701906,0,76,3) common (21-100)
3240,0.76319116,0.23680884,1,60,3) common (21-100)
3241,0.42111427,0.57888573,1,0,1) very rare (1-5)
3242,0.45878056,0.5412195,1,66,3) common (21-100)
3243,0.48525175,0.5147482,0,3,1) very rare (1-5)
3244,0.9891021,0.010897875,0,1000,4) very common (100+)
3245,0.76259094,0.23740906,1,19,2) rare (6-20)
3246,0.7816952,0.21830481,1,66,3) common (21-100)
3247,0.24157915,0.7584208,0,4,1) very rare (1-5)
3248,0.6809756,0.31902438,1,66,3) common (21-100)
3249,0.0849376,0.9150624,1,0,1) very rare (1-5)
3250,0.9276552,0.07234478,0,20,2) rare (6-20)
3251,0.16634046,0.8336595,1,2,1) very rare (1-5)
3252,0.7630154,0.23698461,0,1070,4) very common (100+)
3253,0.8725871,0.12741292,0,1290,4) very common (100+)
3254,0.3635768,0.63642323,1,85,3) common (21-100)
3255,0.3277738,0.6722262,1,0,1) very rare (1-5)
3256,0.75017244,0.24982756,0,94,3) common (21-100)
3257,0.4743078,0.5256922,1,13,2) rare (6-20)
3258,0.9863993,0.013600707,0,1000,4) very common (100+)
3259,0.983067,0.016933024,0,1290,4) very common (100+)
3260,0.25739476,0.7426052,1,2,1) very rare (1-5)
3261,0.31422716,0.68577284,1,108,4) very common (100+)
3262,0.14771865,0.85228133,1,22,3) common (21-100)
3263,0.959606,0.04039401,0,166,4) very common (100+)
3264,0.10454773,0.89545226,1,0,1) very rare (1-5)
3265,0.3858319,0.6141681,1,27,3) common (21-100)
3266,0.8786676,0.12133241,0,700,4) very common (100+)
3267,0.26262015,0.73737985,1,2,1) very rare (1-5)
3268,0.4136153,0.5863847,1,1,1) very rare (1-5)
3269,0.31729198,0.682708,1,0,1) very rare (1-5)
3270,0.28344703,0.716553,1,0,1) very rare (1-5)
3271,0.6408016,0.3591984,1,5,1) very rare (1-5)
3272,0.21459006,0.7854099,1,8,2) rare (6-20)
3273,0.6923261,0.30767387,1,1070,4) very common (100+)
3274,0.81548834,0.18451166,1,166,4) very common (100+)
3275,0.82636744,0.17363256,0,1070,4) very common (100+)
3276,0.9509729,0.049027085,1,89,3) common (21-100)
3277,0.5939905,0.4060095,1,0,1) very rare (1-5)
3278,0.16993977,0.83006024,1,105,4) very common (100+)
3279,0.04107987,0.9589201,1,0,1) very rare (1-5)
3280,0.575573,0.42442697,1,37,3) common (21-100)
3281,0.6223521,0.37764788,1,1070,4) very common (100+)
3282,0.31845134,0.68154866,1,47,3) common (21-100)
3283,0.12558644,0.87441355,0,36,3) common (21-100)
3284,0.8255868,0.1744132,0,1290,4) very common (100+)
3285,0.05222307,0.9477769,1,0,1) very rare (1-5)
3286,0.029604252,0.97039574,1,0,1) very rare (1-5)
3287,0.021948857,0.9780511,1,0,1) very rare (1-5)
3288,0.8964258,0.10357422,1,99,3) common (21-100)
3289,0.76405907,0.23594093,0,18,2) rare (6-20)
3290,0.08466298,0.915337,1,0,1) very rare (1-5)
3291,0.12138479,0.8786152,1,12,2) rare (6-20)
3292,0.3903924,0.6096076,1,1,1) very rare (1-5)
3293,0.37931317,0.6206868,1,0,1) very rare (1-5)
3294,0.84766513,0.15233487,1,159,4) very common (100+)
3295,0.79567355,0.20432645,0,65,3) common (21-100)
3296,0.34313104,0.65686893,0,1070,4) very common (100+)
3297,0.34993598,0.650064,1,0,1) very rare (1-5)
3298,0.026690459,0.9733095,1,0,1) very rare (1-5)
3299,0.27370945,0.7262906,1,15,2) rare (6-20)
3300,0.78139126,0.21860874,1,5,1) very rare (1-5)
3301,0.8877876,0.11221242,0,2,1) very rare (1-5)
3302,0.25776437,0.74223566,0,28,3) common (21-100)
3303,0.7387308,0.2612692,1,275,4) very common (100+)
3304,0.78385615,0.21614385,0,1000,4) very common (100+)
3305,0.6598746,0.34012538,1,0,1) very rare (1-5)
3306,0.9846005,0.015399516,0,71,3) common (21-100)
3307,0.51058036,0.48941964,1,1070,4) very common (100+)
3308,0.16183148,0.8381685,0,39,3) common (21-100)
3309,0.32072097,0.679279,0,0,1) very rare (1-5)
3310,0.9249601,0.07503992,0,421,4) very common (100+)
3311,0.017158125,0.98284185,1,14,2) rare (6-20)
3312,0.7305687,0.2694313,0,3,1) very rare (1-5)
3313,0.85365325,0.14634675,0,63,3) common (21-100)
3314,0.755266,0.24473399,0,102,4) very common (100+)
3315,0.956299,0.043700993,0,700,4) very common (100+)
3316,0.97094256,0.029057443,0,1000,4) very common (100+)
3317,0.21319592,0.7868041,1,1,1) very rare (1-5)
3318,0.4786217,0.5213783,0,68,3) common (21-100)
3319,0.27710873,0.7228913,1,65,3) common (21-100)
3320,0.11911071,0.8808893,1,0,1) very rare (1-5)
3321,0.9525549,0.04744512,0,1000,4) very common (100+)
3322,0.5607372,0.4392628,1,19,2) rare (6-20)
3323,0.8645062,0.13549381,0,343,4) very common (100+)
3324,0.35392722,0.64607275,1,10,2) rare (6-20)
3325,0.926639,0.07336098,0,15,2) rare (6-20)
3326,0.44294736,0.5570526,0,16,2) rare (6-20)
3327,0.51036173,0.48963827,0,1290,4) very common (100+)
3328,0.8194039,0.18059611,0,182,4) very common (100+)
3329,0.4107624,0.5892376,1,5,1) very rare (1-5)
3330,0.3535407,0.64645934,1,1290,4) very common (100+)
3331,0.8584335,0.14156651,0,1000,4) very common (100+)
3332,0.7284826,0.2715174,1,63,3) common (21-100)
3333,0.9801348,0.019865215,0,211,4) very common (100+)
3334,0.18210733,0.8178927,0,24,3) common (21-100)
3335,0.945792,0.05420798,0,343,4) very common (100+)
3336,0.3584713,0.6415287,0,1,1) very rare (1-5)
3337,0.37683377,0.6231662,0,2,1) very rare (1-5)
3338,0.52429914,0.47570086,0,46,3) common (21-100)
3339,0.10430462,0.8956954,1,3,1) very rare (1-5)
3340,0.5879742,0.4120258,0,25,3) common (21-100)
3341,0.84166896,0.15833104,0,86,3) common (21-100)
3342,0.6513668,0.34863323,0,24,3) common (21-100)
3343,0.4614117,0.5385883,1,1,1) very rare (1-5)
3344,0.4240594,0.5759406,1,343,4) very common (100+)
3345,0.3414001,0.6585999,1,3,1) very rare (1-5)
3346,0.292859,0.70714104,1,0,1) very rare (1-5)
3347,0.09134566,0.90865433,1,2,1) very rare (1-5)
3348,0.031479344,0.96852064,1,2,1) very rare (1-5)
3349,0.14942615,0.85057384,1,19,2) rare (6-20)
3350,0.9073914,0.09260857,1,11,2) rare (6-20)
3351,0.11007766,0.8899223,1,0,1) very rare (1-5)
3352,0.90076274,0.09923726,0,10,2) rare (6-20)
3353,0.5465298,0.45347017,0,4,1) very rare (1-5)
3354,0.73430926,0.26569074,0,29,3) common (21-100)
3355,0.21745853,0.78254145,0,14,2) rare (6-20)
3356,0.24019413,0.75980586,0,105,4) very common (100+)
3357,0.7154917,0.2845083,0,82,3) common (21-100)
3358,0.2497142,0.7502858,1,1,1) very rare (1-5)
3359,0.6920562,0.30794382,0,1070,4) very common (100+)
3360,0.34214586,0.65785414,1,24,3) common (21-100)
3361,0.85465986,0.14534014,0,11,2) rare (6-20)
3362,0.42572516,0.57427484,0,1290,4) very common (100+)
3363,0.7961206,0.20387942,0,4,1) very rare (1-5)
3364,0.37743628,0.6225637,1,178,4) very common (100+)
3365,0.76586604,0.23413396,0,1290,4) very common (100+)
3366,0.061762534,0.9382375,1,6,2) rare (6-20)
3367,0.16695835,0.83304167,0,0,1) very rare (1-5)
3368,0.2755976,0.7244024,1,19,2) rare (6-20)
3369,0.86113995,0.13886005,1,0,1) very rare (1-5)
3370,0.95881456,0.04118544,0,71,3) common (21-100)
3371,0.72770905,0.27229095,0,145,4) very common (100+)
3372,0.78684586,0.21315414,0,275,4) very common (100+)
3373,0.35287863,0.64712137,1,0,1) very rare (1-5)
3374,0.61524874,0.38475126,0,105,4) very common (100+)
3375,0.1030684,0.8969316,1,0,1) very rare (1-5)
3376,0.024984846,0.97501516,1,0,1) very rare (1-5)
3377,0.22425625,0.7757437,1,27,3) common (21-100)
3378,0.8136263,0.18637371,0,421,4) very common (100+)
3379,0.20382063,0.79617935,1,44,3) common (21-100)
3380,0.6855241,0.3144759,1,5,1) very rare (1-5)
3381,0.36910483,0.63089514,1,65,3) common (21-100)
3382,0.32954508,0.6704549,0,1,1) very rare (1-5)
3383,0.24471831,0.7552817,1,22,3) common (21-100)
3384,0.50157756,0.49842244,0,2,1) very rare (1-5)
3385,0.12826057,0.87173945,1,2,1) very rare (1-5)
3386,0.91943926,0.080560744,1,1070,4) very common (100+)
3387,0.18902472,0.8109753,1,1,1) very rare (1-5)
3388,0.112288795,0.8877112,1,0,1) very rare (1-5)
3389,0.9196185,0.08038151,0,24,3) common (21-100)
3390,0.15567364,0.8443264,1,7,2) rare (6-20)
3391,0.78876257,0.21123743,0,421,4) very common (100+)
3392,0.055188883,0.9448111,1,0,1) very rare (1-5)
3393,0.9046001,0.095399916,1,0,1) very rare (1-5)
3394,0.08113632,0.91886365,1,0,1) very rare (1-5)
3395,0.23725234,0.76274765,1,0,1) very rare (1-5)
3396,0.4859017,0.5140983,0,71,3) common (21-100)
3397,0.037003208,0.9629968,1,0,1) very rare (1-5)
3398,0.33841264,0.66158736,1,1,1) very rare (1-5)
3399,0.60611594,0.39388406,1,96,3) common (21-100)
3400,0.44623673,0.5537633,1,66,3) common (21-100)
3401,0.8381077,0.1618923,0,700,4) very common (100+)
3402,0.6072,0.39279997,0,88,3) common (21-100)
3403,0.23403236,0.7659676,1,1,1) very rare (1-5)
3404,0.7215823,0.2784177,1,46,3) common (21-100)
3405,0.22055687,0.77944314,0,14,2) rare (6-20)
3406,0.6125619,0.38743812,0,19,2) rare (6-20)
3407,0.14694817,0.85305184,1,4,1) very rare (1-5)
3408,0.52946603,0.47053397,0,85,3) common (21-100)
3409,0.29545972,0.70454025,0,5,1) very rare (1-5)
3410,0.23560482,0.7643952,1,85,3) common (21-100)
3411,0.094860815,0.9051392,0,45,3) common (21-100)
3412,0.7576689,0.24233109,0,14,2) rare (6-20)
3413,0.13812597,0.86187404,1,261,4) very common (100+)
3414,0.960021,0.03997898,0,10,2) rare (6-20)
3415,0.5223425,0.4776575,0,1290,4) very common (100+)
3416,0.98290056,0.01709944,0,1000,4) very common (100+)
3417,0.8755375,0.124462485,0,2,1) very rare (1-5)
3418,0.24664132,0.75335866,0,1,1) very rare (1-5)
3419,0.644178,0.35582203,1,275,4) very common (100+)
3420,0.5262681,0.47373188,1,10,2) rare (6-20)
3421,0.8892643,0.110735714,0,26,3) common (21-100)
3422,0.5631982,0.4368018,1,0,1) very rare (1-5)
3423,0.7888297,0.21117032,0,31,3) common (21-100)
3424,0.042183194,0.9578168,1,0,1) very rare (1-5)
3425,0.9592938,0.040706217,0,1000,4) very common (100+)
3426,0.8535138,0.14648622,1,11,2) rare (6-20)
3427,0.22695795,0.7730421,0,9,2) rare (6-20)
3428,0.121931836,0.87806815,0,92,3) common (21-100)
3429,0.32465735,0.6753427,1,49,3) common (21-100)
3430,0.54296887,0.45703113,1,268,4) very common (100+)
3431,0.31269032,0.6873097,1,105,4) very common (100+)
3432,0.30409262,0.69590735,1,23,3) common (21-100)
3433,0.04005172,0.9599483,1,2,1) very rare (1-5)
3434,0.11037103,0.88962895,0,43,3) common (21-100)
3435,0.073157884,0.9268421,1,159,4) very common (100+)
3436,0.31641257,0.68358743,0,2,1) very rare (1-5)
3437,0.49712384,0.50287616,1,0,1) very rare (1-5)
3438,0.49228844,0.5077115,0,1,1) very rare (1-5)
3439,0.84540176,0.15459824,0,24,3) common (21-100)
3440,0.96646845,0.033531547,0,145,4) very common (100+)
3441,0.28669867,0.7133013,1,6,2) rare (6-20)
3442,0.71292466,0.28707534,0,25,3) common (21-100)
3443,0.22206753,0.77793247,0,182,4) very common (100+)
3444,0.3597393,0.6402607,0,421,4) very common (100+)
3445,0.9351979,0.06480211,0,85,3) common (21-100)
3446,0.48397484,0.5160252,1,1290,4) very common (100+)
3447,0.03396793,0.9660321,1,53,3) common (21-100)
3448,0.02862199,0.971378,1,0,1) very rare (1-5)
3449,0.7512307,0.24876928,1,30,3) common (21-100)
3450,0.35852963,0.6414704,0,2,1) very rare (1-5)
3451,0.3070119,0.6929881,1,2,1) very rare (1-5)
3452,0.93897843,0.061021566,0,1290,4) very common (100+)
3453,0.7324036,0.26759642,1,1290,4) very common (100+)
3454,0.9616676,0.038332403,0,14,2) rare (6-20)
3455,0.5377359,0.46226412,0,4,1) very rare (1-5)
3456,0.6069913,0.3930087,0,58,3) common (21-100)
3457,0.11607778,0.8839222,0,3,1) very rare (1-5)
3458,0.8757049,0.124295115,0,700,4) very common (100+)
3459,0.048203208,0.95179677,1,146,4) very common (100+)
3460,0.30487028,0.69512975,1,11,2) rare (6-20)
3461,0.02205045,0.97794956,1,0,1) very rare (1-5)
3462,0.62924135,0.37075865,0,106,4) very common (100+)
3463,0.65146387,0.34853613,1,51,3) common (21-100)
3464,0.05317438,0.9468256,0,4,1) very rare (1-5)
3465,0.3592459,0.6407541,1,237,4) very common (100+)
3466,0.10831602,0.891684,0,6,2) rare (6-20)
3467,0.377975,0.622025,0,4,1) very rare (1-5)
3468,0.7912347,0.20876533,0,274,4) very common (100+)
3469,0.24841256,0.75158745,1,40,3) common (21-100)
3470,0.45030043,0.54969954,0,11,2) rare (6-20)
3471,0.12922512,0.87077487,1,34,3) common (21-100)
3472,0.9259135,0.07408649,1,0,1) very rare (1-5)
3473,0.18034568,0.81965435,1,1,1) very rare (1-5)
3474,0.41000965,0.5899904,0,1,1) very rare (1-5)
3475,0.8493619,0.1506381,1,19,2) rare (6-20)
3476,0.9332533,0.06674671,0,178,4) very common (100+)
3477,0.65412533,0.34587467,0,1070,4) very common (100+)
3478,0.103519425,0.89648056,1,4,1) very rare (1-5)
3479,0.8606802,0.13931978,1,53,3) common (21-100)
3480,0.26257074,0.73742926,1,38,3) common (21-100)
3481,0.38681507,0.6131849,1,0,1) very rare (1-5)
3482,0.53901845,0.46098155,0,1290,4) very common (100+)
3483,0.5983552,0.40164483,0,81,3) common (21-100)
3484,0.7195678,0.28043222,1,1290,4) very common (100+)
3485,0.86790794,0.13209206,1,146,4) very common (100+)
3486,0.08917252,0.91082746,1,3,1) very rare (1-5)
3487,0.95809615,0.041903853,1,4,1) very rare (1-5)
3488,0.34620932,0.6537907,0,2,1) very rare (1-5)
3489,0.1677479,0.8322521,1,4,1) very rare (1-5)
3490,0.87462485,0.12537515,0,8,2) rare (6-20)
3491,0.6092184,0.39078158,1,2,1) very rare (1-5)
3492,0.9686391,0.031360924,0,142,4) very common (100+)
3493,0.30964816,0.69035184,1,3,1) very rare (1-5)
3494,0.49786818,0.5021318,1,53,3) common (21-100)
3495,0.5432675,0.4567325,1,27,3) common (21-100)
3496,0.38737485,0.6126251,1,18,2) rare (6-20)
3497,0.6873149,0.31268507,0,10,2) rare (6-20)
3498,0.42578024,0.57421976,0,5,1) very rare (1-5)
3499,0.52014697,0.47985303,0,14,2) rare (6-20)
3500,0.1819042,0.8180958,1,1,1) very rare (1-5)
3501,0.09424618,0.90575385,1,0,1) very rare (1-5)
3502,0.9002824,0.09971762,0,5,1) very rare (1-5)
3503,0.1407092,0.8592908,1,1,1) very rare (1-5)
3504,0.9420278,0.057972193,0,1000,4) very common (100+)
3505,0.10186928,0.8981307,1,0,1) very rare (1-5)
3506,0.24660647,0.75339353,1,2,1) very rare (1-5)
3507,0.21280675,0.78719324,1,2,1) very rare (1-5)
3508,0.8478345,0.15216547,0,58,3) common (21-100)
3509,0.13431197,0.865688,1,23,3) common (21-100)
3510,0.09727644,0.90272355,1,24,3) common (21-100)
3511,0.14312358,0.85687643,1,10,2) rare (6-20)
3512,0.3036296,0.69637036,1,0,1) very rare (1-5)
3513,0.47151107,0.52848893,0,47,3) common (21-100)
3514,0.059020724,0.9409793,0,79,3) common (21-100)
3515,0.76824427,0.23175573,1,11,2) rare (6-20)
3516,0.28892362,0.7110764,0,7,2) rare (6-20)
3517,0.97823286,0.02176714,1,24,3) common (21-100)
3518,0.40912762,0.5908724,0,33,3) common (21-100)
3519,0.46601054,0.5339894,1,19,2) rare (6-20)
3520,0.17982322,0.8201768,1,142,4) very common (100+)
3521,0.15790294,0.84209704,1,69,3) common (21-100)
3522,0.92273337,0.07726663,0,142,4) very common (100+)
3523,0.43437386,0.56562614,1,66,3) common (21-100)
3524,0.6715033,0.3284967,0,89,3) common (21-100)
3525,0.57683766,0.42316234,1,166,4) very common (100+)
3526,0.32599112,0.67400885,1,0,1) very rare (1-5)
3527,0.24041402,0.759586,0,6,2) rare (6-20)
3528,0.56116205,0.43883795,0,7,2) rare (6-20)
3529,0.46267077,0.5373292,1,11,2) rare (6-20)
3530,0.685735,0.314265,0,700,4) very common (100+)
3531,0.38258222,0.6174178,0,261,4) very common (100+)
3532,0.9693904,0.030609608,0,1000,4) very common (100+)
3533,0.33373457,0.6662654,1,100,3) common (21-100)
3534,0.2534927,0.7465073,1,1,1) very rare (1-5)
3535,0.82748806,0.17251194,0,105,4) very common (100+)
3536,0.9144017,0.08559829,0,84,3) common (21-100)
3537,0.6287659,0.37123412,1,36,3) common (21-100)
3538,0.91993093,0.080069065,0,2,1) very rare (1-5)
3539,0.075476,0.924524,1,7,2) rare (6-20)
3540,0.7732469,0.22675312,1,30,3) common (21-100)
3541,0.63525486,0.36474514,0,142,4) very common (100+)
3542,0.07823748,0.9217625,1,1,1) very rare (1-5)
3543,0.36661854,0.6333815,0,15,2) rare (6-20)
3544,0.060629636,0.9393704,1,3,1) very rare (1-5)
3545,0.33809978,0.6619002,0,3,1) very rare (1-5)
3546,0.48676997,0.51323,1,0,1) very rare (1-5)
3547,0.09107859,0.9089214,1,2,1) very rare (1-5)
3548,0.39914286,0.60085714,0,700,4) very common (100+)
3549,0.49970704,0.50029296,1,123,4) very common (100+)
3550,0.656043,0.343957,1,19,2) rare (6-20)
3551,0.06295623,0.9370438,1,0,1) very rare (1-5)
3552,0.82111454,0.17888546,0,1,1) very rare (1-5)
3553,0.5685623,0.43143767,1,1070,4) very common (100+)
3554,0.95242316,0.047576845,1,18,2) rare (6-20)
3555,0.90513504,0.094864964,0,700,4) very common (100+)
3556,0.07150657,0.92849344,1,2,1) very rare (1-5)
3557,0.092934735,0.9070653,1,94,3) common (21-100)
3558,0.013879216,0.98612076,1,2,1) very rare (1-5)
3559,0.9939095,0.006090522,0,142,4) very common (100+)
3560,0.51745194,0.48254806,0,22,3) common (21-100)
3561,0.28088564,0.71911436,0,4,1) very rare (1-5)
3562,0.46113655,0.5388634,1,0,1) very rare (1-5)
3563,0.6224822,0.37751782,1,0,1) very rare (1-5)
3564,0.31046474,0.68953526,0,2,1) very rare (1-5)
3565,0.7333134,0.26668662,0,700,4) very common (100+)
3566,0.5595103,0.4404897,1,268,4) very common (100+)
3567,0.8854323,0.1145677,1,0,1) very rare (1-5)
3568,0.8169446,0.1830554,1,99,3) common (21-100)
3569,0.07840379,0.9215962,1,20,2) rare (6-20)
3570,0.9568396,0.04316038,0,1000,4) very common (100+)
3571,0.50592154,0.49407846,0,1070,4) very common (100+)
3572,0.9618526,0.03814739,1,19,2) rare (6-20)
3573,0.047531635,0.9524684,1,0,1) very rare (1-5)
3574,0.55199313,0.44800687,0,1290,4) very common (100+)
3575,0.27908865,0.7209114,1,0,1) very rare (1-5)
3576,0.079335295,0.9206647,1,5,1) very rare (1-5)
3577,0.85103285,0.14896715,0,91,3) common (21-100)
3578,0.8255064,0.17449361,1,11,2) rare (6-20)
3579,0.12071394,0.87928605,1,2,1) very rare (1-5)
3580,0.66174835,0.33825165,0,1290,4) very common (100+)
3581,0.28794706,0.71205294,1,0,1) very rare (1-5)
3582,0.38975814,0.6102419,0,1,1) very rare (1-5)
3583,0.5498554,0.4501446,1,81,3) common (21-100)
3584,0.699578,0.300422,0,12,2) rare (6-20)
3585,0.99717003,0.002829969,1,211,4) very common (100+)
3586,0.805756,0.19424403,1,13,2) rare (6-20)
3587,0.23782142,0.7621786,1,8,2) rare (6-20)
3588,0.9987651,0.001234889,0,99,3) common (21-100)
3589,0.8873219,0.11267811,0,118,4) very common (100+)
3590,0.9155495,0.08445048,0,1000,4) very common (100+)
3591,0.77929723,0.22070277,0,1070,4) very common (100+)
3592,0.75081277,0.24918723,1,100,3) common (21-100)
3593,0.29557222,0.7044278,1,3,1) very rare (1-5)
3594,0.12419732,0.8758027,1,0,1) very rare (1-5)
3595,0.5012386,0.49876142,1,14,2) rare (6-20)
3596,0.97051156,0.029488444,0,111,4) very common (100+)
3597,0.78640026,0.21359974,0,28,3) common (21-100)
3598,0.92248166,0.077518344,0,21,3) common (21-100)
3599,0.4580097,0.5419903,0,23,3) common (21-100)
3600,0.24217266,0.75782734,0,1,1) very rare (1-5)
3601,0.37178957,0.6282104,1,1,1) very rare (1-5)
3602,0.89076525,0.10923475,0,1070,4) very common (100+)
3603,0.85530204,0.14469796,0,7,2) rare (6-20)
3604,0.58391994,0.41608006,0,261,4) very common (100+)
3605,0.57605755,0.42394245,1,18,2) rare (6-20)
3606,0.105689086,0.8943109,1,1,1) very rare (1-5)
3607,0.3575414,0.64245856,0,223,4) very common (100+)
3608,0.06910979,0.9308902,0,2,1) very rare (1-5)
3609,0.17027447,0.8297255,1,7,2) rare (6-20)
3610,0.33058035,0.66941965,0,0,1) very rare (1-5)
3611,0.1999686,0.8000314,0,2,1) very rare (1-5)
3612,0.5751892,0.42481083,0,28,3) common (21-100)
3613,0.43321094,0.56678903,0,3,1) very rare (1-5)
3614,0.4415112,0.5584888,1,85,3) common (21-100)
3615,0.9341249,0.06587511,0,51,3) common (21-100)
3616,0.43276277,0.56723726,0,261,4) very common (100+)
3617,0.290853,0.709147,0,12,2) rare (6-20)
3618,0.22092058,0.77907944,0,9,2) rare (6-20)
3619,0.24207462,0.7579254,0,700,4) very common (100+)
3620,0.48154807,0.5184519,1,1070,4) very common (100+)
3621,0.28200993,0.71799004,0,17,2) rare (6-20)
3622,0.36173254,0.63826746,1,2,1) very rare (1-5)
3623,0.5098453,0.49015468,1,0,1) very rare (1-5)
3624,0.29751214,0.7024878,1,1,1) very rare (1-5)
3625,0.1305707,0.8694293,1,0,1) very rare (1-5)
3626,0.93935126,0.06064874,0,1000,4) very common (100+)
3627,0.8122202,0.18777978,0,123,4) very common (100+)
3628,0.8529821,0.1470179,0,211,4) very common (100+)
3629,0.7865077,0.21349227,0,38,3) common (21-100)
3630,0.7528014,0.24719858,1,66,3) common (21-100)
3631,0.83914614,0.16085386,0,166,4) very common (100+)
3632,0.19421804,0.80578196,1,2,1) very rare (1-5)
3633,0.34064466,0.65935534,0,18,2) rare (6-20)
3634,0.77399653,0.22600347,0,118,4) very common (100+)
3635,0.8737942,0.1262058,0,33,3) common (21-100)
3636,0.40075162,0.5992484,1,2,1) very rare (1-5)
3637,0.098937795,0.9010622,1,7,2) rare (6-20)
3638,0.5937771,0.40622288,0,99,3) common (21-100)
3639,0.5083213,0.4916787,1,0,1) very rare (1-5)
3640,0.10798387,0.8920161,1,0,1) very rare (1-5)
3641,0.24603593,0.75396407,1,237,4) very common (100+)
3642,0.48357108,0.51642895,0,71,3) common (21-100)
3643,0.5375915,0.46240848,1,166,4) very common (100+)
3644,0.5815951,0.41840488,0,14,2) rare (6-20)
3645,0.3081232,0.69187677,0,39,3) common (21-100)
3646,0.18666437,0.81333566,1,0,1) very rare (1-5)
3647,0.19648783,0.80351216,0,3,1) very rare (1-5)
3648,0.0904376,0.9095624,1,6,2) rare (6-20)
3649,0.23768225,0.7623178,0,2,1) very rare (1-5)
3650,0.23930599,0.760694,0,4,1) very rare (1-5)
3651,0.2895412,0.71045876,0,0,1) very rare (1-5)
3652,0.93979305,0.06020695,0,211,4) very common (100+)
3653,0.035841122,0.9641589,1,0,1) very rare (1-5)
3654,0.33777592,0.66222405,1,8,2) rare (6-20)
3655,0.26409647,0.7359035,1,0,1) very rare (1-5)
3656,0.0711722,0.9288278,1,58,3) common (21-100)
3657,0.5070273,0.49297267,0,20,2) rare (6-20)
3658,0.6158263,0.3841737,0,89,3) common (21-100)
3659,0.3682938,0.63170624,1,4,1) very rare (1-5)
3660,0.49043322,0.5095668,1,1,1) very rare (1-5)
3661,0.1119232,0.8880768,1,0,1) very rare (1-5)
3662,0.49295568,0.5070443,0,15,2) rare (6-20)
3663,0.21820973,0.78179026,1,12,2) rare (6-20)
3664,0.6311814,0.36881858,0,56,3) common (21-100)
3665,0.14083308,0.8591669,1,1,1) very rare (1-5)
3666,0.15586825,0.84413177,1,37,3) common (21-100)
3667,0.9832802,0.016719818,0,211,4) very common (100+)
3668,0.54451406,0.45548594,1,0,1) very rare (1-5)
3669,0.918395,0.08160502,0,24,3) common (21-100)
3670,0.12367602,0.876324,0,22,3) common (21-100)
3671,0.6243491,0.37565088,0,63,3) common (21-100)
3672,0.0919817,0.9080183,0,0,1) very rare (1-5)
3673,0.57166743,0.42833257,0,142,4) very common (100+)
3674,0.86549735,0.13450265,0,1070,4) very common (100+)
3675,0.19302303,0.806977,1,4,1) very rare (1-5)
3676,0.40939194,0.59060806,0,79,3) common (21-100)
3677,0.2715859,0.72841406,1,14,2) rare (6-20)
3678,0.5429846,0.4570154,0,18,2) rare (6-20)
3679,0.22223899,0.777761,1,2,1) very rare (1-5)
3680,0.41860384,0.58139616,1,68,3) common (21-100)
3681,0.5141957,0.48580432,1,89,3) common (21-100)
3682,0.6915787,0.3084213,0,17,2) rare (6-20)
3683,0.34381068,0.6561893,0,65,3) common (21-100)
3684,0.09865748,0.9013425,1,1,1) very rare (1-5)
3685,0.56219786,0.43780214,1,3,1) very rare (1-5)
3686,0.99259937,0.007400632,0,1000,4) very common (100+)
3687,0.7591869,0.24081308,1,69,3) common (21-100)
3688,0.14855126,0.8514488,1,19,2) rare (6-20)
3689,0.8304671,0.1695329,1,1,1) very rare (1-5)
3690,0.39048964,0.60951036,1,1,1) very rare (1-5)
3691,0.93770474,0.062295258,0,91,3) common (21-100)
3692,0.9389489,0.06105107,0,178,4) very common (100+)
3693,0.8647173,0.1352827,0,33,3) common (21-100)
3694,0.0631037,0.9368963,1,0,1) very rare (1-5)
3695,0.9257521,0.0742479,1,142,4) very common (100+)
3696,0.962059,0.03794098,0,0,1) very rare (1-5)
3697,0.33953708,0.6604629,1,8,2) rare (6-20)
3698,0.72260433,0.27739567,0,42,3) common (21-100)
3699,0.10274262,0.8972574,1,15,2) rare (6-20)
3700,0.52608365,0.47391635,0,166,4) very common (100+)
3701,0.06582685,0.93417317,0,4,1) very rare (1-5)
3702,0.3466034,0.6533966,0,0,1) very rare (1-5)
3703,0.38671583,0.6132842,0,4,1) very rare (1-5)
3704,0.8422336,0.1577664,0,1000,4) very common (100+)
3705,0.2150915,0.78490853,0,21,3) common (21-100)
3706,0.5930566,0.40694338,0,42,3) common (21-100)
3707,0.61562616,0.38437384,0,106,4) very common (100+)
3708,0.5124554,0.4875446,0,23,3) common (21-100)
3709,0.96921206,0.030787945,0,211,4) very common (100+)
3710,0.78185576,0.21814424,1,21,3) common (21-100)
3711,0.9153985,0.08460152,0,700,4) very common (100+)
3712,0.88365036,0.11634964,0,700,4) very common (100+)
3713,0.88179237,0.11820763,1,16,2) rare (6-20)
3714,0.3867501,0.6132499,1,1,1) very rare (1-5)
3715,0.8920148,0.1079852,0,2,1) very rare (1-5)
3716,0.061942037,0.93805796,1,0,1) very rare (1-5)
3717,0.15759933,0.84240067,1,14,2) rare (6-20)
3718,0.9299133,0.07008672,0,42,3) common (21-100)
3719,0.96765536,0.03234464,0,91,3) common (21-100)
3720,0.8368818,0.16311818,0,10,2) rare (6-20)
3721,0.08444485,0.9155551,1,0,1) very rare (1-5)
3722,0.16714042,0.8328596,1,7,2) rare (6-20)
3723,0.5971007,0.40289932,0,182,4) very common (100+)
3724,0.3147653,0.68523467,1,275,4) very common (100+)
3725,0.88852894,0.11147106,0,1000,4) very common (100+)
3726,0.38610733,0.6138927,0,1290,4) very common (100+)
3727,0.19110501,0.808895,0,50,3) common (21-100)
3728,0.96659696,0.03340304,1,66,3) common (21-100)
3729,0.47581652,0.5241835,1,0,1) very rare (1-5)
3730,0.71031106,0.28968894,0,56,3) common (21-100)
3731,0.86783254,0.13216746,0,1070,4) very common (100+)
3732,0.8001673,0.19983268,0,1290,4) very common (100+)
3733,0.15973605,0.84026396,1,16,2) rare (6-20)
3734,0.9468926,0.05310738,0,1000,4) very common (100+)
3735,0.3061168,0.6938832,1,0,1) very rare (1-5)
3736,0.38083404,0.61916596,0,1,1) very rare (1-5)
3737,0.8166671,0.18333292,0,1,1) very rare (1-5)
3738,0.2696619,0.7303381,1,1,1) very rare (1-5)
3739,0.039770085,0.96022993,1,3,1) very rare (1-5)
3740,0.66974574,0.33025426,0,3,1) very rare (1-5)
3741,0.76967436,0.23032564,0,24,3) common (21-100)
3742,0.77099055,0.22900945,0,1290,4) very common (100+)
3743,0.29275787,0.70724213,0,14,2) rare (6-20)
3744,0.5754841,0.4245159,0,21,3) common (21-100)
3745,0.7496717,0.2503283,1,1,1) very rare (1-5)
3746,0.22131555,0.77868444,1,0,1) very rare (1-5)
3747,0.072993286,0.9270067,1,6,2) rare (6-20)
3748,0.28663132,0.71336865,0,19,2) rare (6-20)
3749,0.52195907,0.47804093,0,700,4) very common (100+)
3750,0.23603119,0.7639688,1,3,1) very rare (1-5)
3751,0.9864709,0.013529122,0,39,3) common (21-100)
3752,0.6001744,0.39982557,1,0,1) very rare (1-5)
3753,0.90618324,0.09381676,1,0,1) very rare (1-5)
3754,0.46617445,0.5338255,0,5,1) very rare (1-5)
3755,0.11786306,0.88213694,1,47,3) common (21-100)
3756,0.37727654,0.62272346,1,1,1) very rare (1-5)
3757,0.072211176,0.92778885,1,3,1) very rare (1-5)
3758,0.79794973,0.20205027,0,39,3) common (21-100)
3759,0.2071269,0.7928731,0,3,1) very rare (1-5)
3760,0.017492764,0.9825072,1,0,1) very rare (1-5)
3761,0.63349676,0.36650324,0,5,1) very rare (1-5)
3762,0.051433813,0.9485662,1,0,1) very rare (1-5)
3763,0.36620396,0.63379604,1,275,4) very common (100+)
3764,0.11328685,0.88671315,0,0,1) very rare (1-5)
3765,0.08329125,0.91670877,0,72,3) common (21-100)
3766,0.29305136,0.70694864,0,28,3) common (21-100)
3767,0.13391086,0.8660891,1,2,1) very rare (1-5)
3768,0.76269156,0.23730844,0,7,2) rare (6-20)
3769,0.07836948,0.9216305,1,8,2) rare (6-20)
3770,0.015662203,0.9843378,1,0,1) very rare (1-5)
3771,0.44723916,0.55276084,1,5,1) very rare (1-5)
3772,0.25855404,0.74144596,1,1,1) very rare (1-5)
3773,0.028404834,0.97159517,1,0,1) very rare (1-5)
3774,0.3029052,0.6970948,1,10,2) rare (6-20)
3775,0.7677214,0.23227859,0,68,3) common (21-100)
3776,0.10508838,0.89491165,1,1,1) very rare (1-5)
3777,0.83250374,0.16749626,1,7,2) rare (6-20)
3778,0.12898737,0.8710126,1,0,1) very rare (1-5)
3779,0.6474706,0.3525294,0,25,3) common (21-100)
3780,0.81934035,0.18065965,0,96,3) common (21-100)
3781,0.9981989,0.0018010736,0,99,3) common (21-100)
3782,0.38542673,0.61457324,1,55,3) common (21-100)
3783,0.36465573,0.63534427,1,0,1) very rare (1-5)
3784,0.0597175,0.9402825,0,123,4) very common (100+)
3785,0.3145298,0.6854702,0,79,3) common (21-100)
3786,0.0880336,0.9119664,1,0,1) very rare (1-5)
3787,0.7502499,0.24975008,1,3,1) very rare (1-5)
3788,0.3863783,0.6136217,0,5,1) very rare (1-5)
3789,0.027373118,0.97262686,1,0,1) very rare (1-5)
3790,0.5687173,0.4312827,1,118,4) very common (100+)
3791,0.29338005,0.70662,1,27,3) common (21-100)
3792,0.4059006,0.5940994,0,14,2) rare (6-20)
3793,0.7039452,0.29605478,0,56,3) common (21-100)
3794,0.09462746,0.90537256,0,3,1) very rare (1-5)
3795,0.8113251,0.18867493,0,7,2) rare (6-20)
3796,0.7448482,0.2551518,0,107,4) very common (100+)
3797,0.9090503,0.090949714,0,44,3) common (21-100)
3798,0.3914463,0.6085537,0,0,1) very rare (1-5)
3799,0.90772104,0.09227896,0,46,3) common (21-100)
3800,0.490175,0.509825,0,17,2) rare (6-20)
3801,0.27861485,0.7213851,1,1,1) very rare (1-5)
3802,0.13633396,0.86366606,1,4,1) very rare (1-5)
3803,0.081554554,0.91844547,1,0,1) very rare (1-5)
3804,0.22951655,0.77048343,1,3,1) very rare (1-5)
3805,0.09858406,0.90141594,1,0,1) very rare (1-5)
3806,0.38328087,0.6167191,1,0,1) very rare (1-5)
3807,0.86629486,0.13370514,1,8,2) rare (6-20)
3808,0.05753216,0.9424678,0,66,3) common (21-100)
3809,0.15946056,0.84053946,0,0,1) very rare (1-5)
3810,0.30952546,0.6904745,1,63,3) common (21-100)
3811,0.32921755,0.67078245,1,0,1) very rare (1-5)
3812,0.35057354,0.64942646,0,1,1) very rare (1-5)
3813,0.81519765,0.18480235,0,700,4) very common (100+)
3814,0.7581962,0.24180382,0,2,1) very rare (1-5)
3815,0.30047765,0.6995224,1,7,2) rare (6-20)
3816,0.9033387,0.09666133,0,223,4) very common (100+)
3817,0.16393109,0.8360689,1,0,1) very rare (1-5)
3818,0.8960376,0.10396242,1,2,1) very rare (1-5)
3819,0.81415284,0.18584716,0,146,4) very common (100+)
3820,0.23423706,0.7657629,0,5,1) very rare (1-5)
3821,0.84849226,0.15150774,0,1000,4) very common (100+)
3822,0.6984641,0.3015359,0,92,3) common (21-100)
3823,0.37136945,0.6286305,1,15,2) rare (6-20)
3824,0.5909996,0.4090004,0,343,4) very common (100+)
3825,0.936035,0.06396502,0,118,4) very common (100+)
3826,0.9914328,0.008567214,1,19,2) rare (6-20)
3827,0.46606153,0.53393847,1,0,1) very rare (1-5)
3828,0.9473515,0.052648485,0,134,4) very common (100+)
3829,0.75118846,0.24881154,0,17,2) rare (6-20)
3830,0.89987636,0.100123644,1,107,4) very common (100+)
3831,0.24711226,0.7528877,0,1,1) very rare (1-5)
3832,0.46730697,0.532693,0,1,1) very rare (1-5)
3833,0.29266343,0.70733654,1,85,3) common (21-100)
3834,0.43344206,0.56655794,1,0,1) very rare (1-5)
3835,0.03786705,0.96213293,1,0,1) very rare (1-5)
3836,0.085202746,0.91479725,1,0,1) very rare (1-5)
3837,0.2680618,0.73193824,1,2,1) very rare (1-5)
3838,0.18839073,0.81160927,0,178,4) very common (100+)
3839,0.17160898,0.828391,1,108,4) very common (100+)
3840,0.6400742,0.3599258,1,27,3) common (21-100)
3841,0.87553513,0.12446487,0,1000,4) very common (100+)
3842,0.9323962,0.06760383,0,91,3) common (21-100)
3843,0.76583743,0.23416257,0,10,2) rare (6-20)
3844,0.102589086,0.8974109,1,6,2) rare (6-20)
3845,0.16957001,0.83043,0,1,1) very rare (1-5)
3846,0.040747482,0.95925254,0,12,2) rare (6-20)
3847,0.16638622,0.83361375,0,5,1) very rare (1-5)
3848,0.7066369,0.2933631,0,223,4) very common (100+)
3849,0.88514245,0.114857554,0,1000,4) very common (100+)
3850,0.28787675,0.7121233,1,44,3) common (21-100)
3851,0.294584,0.70541596,0,27,3) common (21-100)
3852,0.0992348,0.9007652,1,84,3) common (21-100)
3853,0.17374447,0.82625556,1,3,1) very rare (1-5)
3854,0.5646085,0.4353915,1,1,1) very rare (1-5)
3855,0.5818797,0.41812032,1,268,4) very common (100+)
3856,0.71742153,0.28257847,0,6,2) rare (6-20)
3857,0.8501135,0.14988649,0,35,3) common (21-100)
3858,0.8638379,0.1361621,0,17,2) rare (6-20)
3859,0.9704475,0.02955252,0,1000,4) very common (100+)
3860,0.2735773,0.72642267,0,5,1) very rare (1-5)
3861,0.04890385,0.9510962,1,13,2) rare (6-20)
3862,0.11060154,0.88939846,0,38,3) common (21-100)
3863,0.38766554,0.6123345,1,0,1) very rare (1-5)
3864,0.023472505,0.9765275,1,0,1) very rare (1-5)
3865,0.5389032,0.46109682,0,15,2) rare (6-20)
3866,0.76096064,0.23903936,0,1290,4) very common (100+)
3867,0.43367139,0.56632864,1,0,1) very rare (1-5)
3868,0.27529413,0.7247059,1,142,4) very common (100+)
3869,0.9583787,0.041621327,0,700,4) very common (100+)
3870,0.31137803,0.688622,1,66,3) common (21-100)
3871,0.96739167,0.03260833,0,1000,4) very common (100+)
3872,0.9452491,0.05475092,0,39,3) common (21-100)
3873,0.5949471,0.4050529,0,5,1) very rare (1-5)
3874,0.54715514,0.45284486,0,16,2) rare (6-20)
3875,0.12577118,0.87422884,1,0,1) very rare (1-5)
3876,0.7951209,0.2048791,1,275,4) very common (100+)
3877,0.59423995,0.40576005,0,142,4) very common (100+)
3878,0.39731607,0.6026839,0,7,2) rare (6-20)
3879,0.2215125,0.7784875,1,0,1) very rare (1-5)
3880,0.9129935,0.08700651,0,1070,4) very common (100+)
3881,0.54429543,0.45570457,0,15,2) rare (6-20)
3882,0.12853564,0.8714644,1,0,1) very rare (1-5)
3883,0.78220296,0.21779704,0,78,3) common (21-100)
3884,0.23990107,0.76009893,0,0,1) very rare (1-5)
3885,0.04481858,0.9551814,1,0,1) very rare (1-5)
3886,0.3876441,0.6123559,0,5,1) very rare (1-5)
3887,0.9891616,0.010838389,0,35,3) common (21-100)
3888,0.78320557,0.21679443,1,118,4) very common (100+)
3889,0.5304384,0.46956158,1,1070,4) very common (100+)
3890,0.15389852,0.84610146,0,26,3) common (21-100)
3891,0.8786488,0.12135118,0,1000,4) very common (100+)
3892,0.25905356,0.7409464,0,3,1) very rare (1-5)
3893,0.017992603,0.9820074,1,0,1) very rare (1-5)
3894,0.07015819,0.9298418,0,102,4) very common (100+)
3895,0.3927141,0.60728586,1,76,3) common (21-100)
3896,0.3431459,0.6568541,0,63,3) common (21-100)
3897,0.3422927,0.65770733,0,134,4) very common (100+)
3898,0.8183967,0.18160331,0,1000,4) very common (100+)
3899,0.93799937,0.062000632,1,1,1) very rare (1-5)
3900,0.5737544,0.42624563,1,4,1) very rare (1-5)
3901,0.50104475,0.49895525,0,69,3) common (21-100)
3902,0.3230039,0.6769961,1,237,4) very common (100+)
3903,0.18004313,0.8199569,0,0,1) very rare (1-5)
3904,0.9787507,0.021249294,0,11,2) rare (6-20)
3905,0.979722,0.020277977,0,69,3) common (21-100)
3906,0.39619964,0.60380036,1,14,2) rare (6-20)
3907,0.7465504,0.25344962,0,1,1) very rare (1-5)
3908,0.26749554,0.7325045,1,5,1) very rare (1-5)
3909,0.3159653,0.6840347,0,7,2) rare (6-20)
3910,0.7841709,0.21582907,0,1070,4) very common (100+)
3911,0.5769383,0.42306173,0,65,3) common (21-100)
3912,0.17746209,0.8225379,1,0,1) very rare (1-5)
3913,0.63903713,0.36096287,1,4,1) very rare (1-5)
3914,0.4777129,0.52228713,0,84,3) common (21-100)
3915,0.85088646,0.14911354,1,0,1) very rare (1-5)
3916,0.7700821,0.22991788,1,34,3) common (21-100)
3917,0.7162231,0.28377688,1,118,4) very common (100+)
3918,0.88479364,0.11520636,1,3,1) very rare (1-5)
3919,0.87049437,0.12950563,1,2,1) very rare (1-5)
3920,0.16508129,0.83491874,0,14,2) rare (6-20)
3921,0.7299348,0.2700652,0,7,2) rare (6-20)
3922,0.1284028,0.8715972,1,0,1) very rare (1-5)
3923,0.11751714,0.8824829,1,70,3) common (21-100)
3924,0.52990943,0.47009057,1,68,3) common (21-100)
3925,0.83315885,0.16684115,1,4,1) very rare (1-5)
3926,0.41765615,0.5823438,0,1290,4) very common (100+)
3927,0.42803898,0.57196105,0,3,1) very rare (1-5)
3928,0.40320328,0.59679675,1,11,2) rare (6-20)
3929,0.42374888,0.57625115,0,21,3) common (21-100)
3930,0.41208073,0.58791924,0,0,1) very rare (1-5)
3931,0.47082964,0.5291704,1,6,2) rare (6-20)
3932,0.058921456,0.94107854,1,0,1) very rare (1-5)
3933,0.26872855,0.73127145,1,4,1) very rare (1-5)
3934,0.87069345,0.12930655,1,1070,4) very common (100+)
3935,0.35325596,0.646744,1,2,1) very rare (1-5)
3936,0.25239474,0.74760526,1,76,3) common (21-100)
3937,0.6601653,0.3398347,0,14,2) rare (6-20)
3938,0.22803362,0.7719664,0,44,3) common (21-100)
3939,0.8027045,0.19729549,1,8,2) rare (6-20)
3940,0.28727537,0.7127246,1,105,4) very common (100+)
3941,0.15964285,0.8403572,1,53,3) common (21-100)
3942,0.26679948,0.73320055,0,142,4) very common (100+)
3943,0.1436545,0.85634553,0,0,1) very rare (1-5)
3944,0.76622695,0.23377305,1,81,3) common (21-100)
3945,0.07682454,0.92317545,1,1,1) very rare (1-5)
3946,0.6253652,0.3746348,0,84,3) common (21-100)
3947,0.22722197,0.77277803,0,21,3) common (21-100)
3948,0.34107763,0.6589224,0,123,4) very common (100+)
3949,0.024161212,0.9758388,1,0,1) very rare (1-5)
3950,0.8080385,0.19196153,1,38,3) common (21-100)
3951,0.98730123,0.01269877,0,78,3) common (21-100)
3952,0.19777521,0.80222476,0,159,4) very common (100+)
3953,0.24080978,0.7591902,1,5,1) very rare (1-5)
3954,0.31604642,0.6839536,0,25,3) common (21-100)
3955,0.7041404,0.29585958,0,5,1) very rare (1-5)
3956,0.069861725,0.9301383,0,10,2) rare (6-20)
3957,0.14690144,0.8530986,1,18,2) rare (6-20)
3958,0.7610103,0.23898971,1,160,4) very common (100+)
3959,0.43004334,0.56995666,0,134,4) very common (100+)
3960,0.6526696,0.3473304,1,4,1) very rare (1-5)
3961,0.68439424,0.31560576,0,9,2) rare (6-20)
3962,0.45827097,0.54172903,1,76,3) common (21-100)
3963,0.24716963,0.7528304,0,6,2) rare (6-20)
3964,0.66114914,0.33885086,0,343,4) very common (100+)
3965,0.7467985,0.25320148,0,261,4) very common (100+)
3966,0.17704207,0.82295793,1,2,1) very rare (1-5)
3967,0.13818328,0.8618167,1,0,1) very rare (1-5)
3968,0.9904079,0.009592116,0,372,4) very common (100+)
3969,0.31281686,0.68718314,1,42,3) common (21-100)
3970,0.21499191,0.7850081,1,1,1) very rare (1-5)
3971,0.5232553,0.4767447,0,0,1) very rare (1-5)
3972,0.07760529,0.9223947,1,0,1) very rare (1-5)
3973,0.8960254,0.10397458,0,134,4) very common (100+)
3974,0.52035165,0.47964835,0,0,1) very rare (1-5)
3975,0.54724425,0.45275575,1,3,1) very rare (1-5)
3976,0.9069246,0.093075395,0,5,1) very rare (1-5)
3977,0.5191544,0.48084557,1,107,4) very common (100+)
3978,0.32975197,0.67024803,1,261,4) very common (100+)
3979,0.6889551,0.31104487,0,1290,4) very common (100+)
3980,0.23239434,0.76760566,1,51,3) common (21-100)
3981,0.5441219,0.45587808,1,107,4) very common (100+)
3982,0.49775344,0.50224656,0,275,4) very common (100+)
3983,0.38047138,0.61952865,1,2,1) very rare (1-5)
3984,0.13159198,0.868408,1,0,1) very rare (1-5)
3985,0.90910035,0.09089965,0,237,4) very common (100+)
3986,0.23824586,0.76175416,1,14,2) rare (6-20)
3987,0.88853836,0.11146164,0,10,2) rare (6-20)
3988,0.43730143,0.5626986,1,0,1) very rare (1-5)
3989,0.12153884,0.8784612,1,0,1) very rare (1-5)
3990,0.08086714,0.9191328,1,6,2) rare (6-20)
3991,0.84301305,0.15698695,0,145,4) very common (100+)
3992,0.12733282,0.8726672,1,17,2) rare (6-20)
3993,0.9894952,0.010504782,0,89,3) common (21-100)
3994,0.63689417,0.36310583,0,96,3) common (21-100)
3995,0.16069694,0.8393031,0,32,3) common (21-100)
3996,0.3539225,0.6460775,1,178,4) very common (100+)
3997,0.13092898,0.869071,1,5,1) very rare (1-5)
3998,0.50983596,0.49016404,0,0,1) very rare (1-5)
3999,0.7774035,0.22259653,0,166,4) very common (100+)
4000,0.15209225,0.8479078,1,261,4) very common (100+)
4001,0.90455616,0.095443845,0,9,2) rare (6-20)
4002,0.2895238,0.71047616,1,0,1) very rare (1-5)
4003,0.8422861,0.15771389,0,46,3) common (21-100)
4004,0.54429525,0.45570475,1,2,1) very rare (1-5)
4005,0.7091578,0.29084218,1,69,3) common (21-100)
4006,0.8924776,0.10752243,0,22,3) common (21-100)
4007,0.3630319,0.63696814,1,1,1) very rare (1-5)
4008,0.3030693,0.6969307,0,14,2) rare (6-20)
4009,0.70670986,0.29329014,0,1070,4) very common (100+)
4010,0.5984569,0.40154308,0,106,4) very common (100+)
4011,0.7808605,0.21913952,0,1290,4) very common (100+)
4012,0.10621687,0.89378315,1,0,1) very rare (1-5)
4013,0.12385547,0.8761445,1,66,3) common (21-100)
4014,0.1095966,0.8904034,0,20,2) rare (6-20)
4015,0.9482284,0.05177158,0,66,3) common (21-100)
4016,0.5722281,0.42777193,0,275,4) very common (100+)
4017,0.41603753,0.58396244,1,19,2) rare (6-20)
4018,0.7300063,0.26999372,0,421,4) very common (100+)
4019,0.7492705,0.2507295,0,2,1) very rare (1-5)
4020,0.30188617,0.6981138,1,2,1) very rare (1-5)
4021,0.1471464,0.8528536,1,1,1) very rare (1-5)
4022,0.71314347,0.28685653,1,21,3) common (21-100)
4023,0.50624126,0.49375874,1,38,3) common (21-100)
4024,0.20574768,0.79425234,0,6,2) rare (6-20)
4025,0.17340836,0.8265916,0,1,1) very rare (1-5)
4026,0.17215034,0.8278496,1,1,1) very rare (1-5)
4027,0.959358,0.040642023,0,94,3) common (21-100)
4028,0.66509,0.33490998,1,1290,4) very common (100+)
4029,0.14395694,0.85604304,1,0,1) very rare (1-5)
4030,0.13559577,0.8644042,0,5,1) very rare (1-5)
4031,0.17028612,0.8297139,0,2,1) very rare (1-5)
4032,0.97556984,0.024430156,1,1,1) very rare (1-5)
4033,0.13097349,0.86902654,1,3,1) very rare (1-5)
4034,0.21507105,0.7849289,1,0,1) very rare (1-5)
4035,0.9857787,0.014221311,1,81,3) common (21-100)
4036,0.37049523,0.6295048,1,36,3) common (21-100)
4037,0.029130535,0.9708695,1,1,1) very rare (1-5)
4038,0.26283646,0.73716354,1,0,1) very rare (1-5)
4039,0.18979247,0.81020755,1,75,3) common (21-100)
4040,0.49472934,0.50527066,0,43,3) common (21-100)
4041,0.071352616,0.9286474,1,0,1) very rare (1-5)
4042,0.6142777,0.38572228,0,17,2) rare (6-20)
4043,0.08144648,0.91855353,1,10,2) rare (6-20)
4044,0.94123286,0.05876714,1,0,1) very rare (1-5)
4045,0.8589508,0.1410492,1,17,2) rare (6-20)
4046,0.68979025,0.31020975,0,76,3) common (21-100)
4047,0.93341833,0.06658167,0,275,4) very common (100+)
4048,0.6607466,0.33925343,1,13,2) rare (6-20)
4049,0.1832568,0.8167432,1,39,3) common (21-100)
4050,0.9117943,0.088205695,0,79,3) common (21-100)
4051,0.50616646,0.49383354,0,1,1) very rare (1-5)
4052,0.79988027,0.20011973,0,1000,4) very common (100+)
4053,0.6981791,0.30182087,0,91,3) common (21-100)
4054,0.5581092,0.44189078,1,3,1) very rare (1-5)
4055,0.43076825,0.56923175,0,44,3) common (21-100)
4056,0.9018679,0.098132074,0,1290,4) very common (100+)
4057,0.9025593,0.09744072,0,17,2) rare (6-20)
4058,0.5482136,0.4517864,0,22,3) common (21-100)
4059,0.07802732,0.9219727,1,3,1) very rare (1-5)
4060,0.19421819,0.80578184,1,1,1) very rare (1-5)
4061,0.17722195,0.82277805,1,1,1) very rare (1-5)
4062,0.4551956,0.5448044,1,22,3) common (21-100)
4063,0.6439549,0.35604513,1,343,4) very common (100+)
4064,0.16187751,0.8381225,1,8,2) rare (6-20)
4065,0.21298988,0.78701013,0,89,3) common (21-100)
4066,0.97637016,0.023629844,0,142,4) very common (100+)
4067,0.4224342,0.5775658,1,268,4) very common (100+)
4068,0.856465,0.14353502,0,1290,4) very common (100+)
4069,0.05575804,0.94424194,1,1,1) very rare (1-5)
4070,0.21448682,0.78551316,0,6,2) rare (6-20)
4071,0.3294925,0.6705075,0,88,3) common (21-100)
4072,0.1253268,0.8746732,1,14,2) rare (6-20)
4073,0.1851635,0.8148365,1,5,1) very rare (1-5)
4074,0.23477238,0.7652276,1,7,2) rare (6-20)
4075,0.07688745,0.9231126,1,0,1) very rare (1-5)
4076,0.9546274,0.045372605,0,121,4) very common (100+)
4077,0.4089001,0.59109986,0,3,1) very rare (1-5)
4078,0.2609131,0.73908687,0,1070,4) very common (100+)
4079,0.22886257,0.7711374,1,0,1) very rare (1-5)
4080,0.6872564,0.3127436,0,111,4) very common (100+)
4081,0.28551117,0.71448886,1,0,1) very rare (1-5)
4082,0.9444245,0.05557549,0,47,3) common (21-100)
4083,0.03859255,0.9614074,1,0,1) very rare (1-5)
4084,0.07723956,0.9227604,1,0,1) very rare (1-5)
4085,0.48177636,0.51822364,1,65,3) common (21-100)
4086,0.15687163,0.8431284,0,1,1) very rare (1-5)
4087,0.6349712,0.3650288,0,2,1) very rare (1-5)
4088,0.26795182,0.73204815,1,3,1) very rare (1-5)
4089,0.21391241,0.7860876,1,1,1) very rare (1-5)
4090,0.41036835,0.5896317,0,14,2) rare (6-20)
4091,0.4653888,0.5346112,1,8,2) rare (6-20)
4092,0.5507612,0.44923878,1,146,4) very common (100+)
4093,0.19513951,0.8048605,1,0,1) very rare (1-5)
4094,0.850081,0.14991897,0,10,2) rare (6-20)
4095,0.72736853,0.27263147,0,100,3) common (21-100)
4096,0.9709935,0.029006481,0,223,4) very common (100+)
4097,0.7289118,0.27108818,0,4,1) very rare (1-5)
4098,0.2212741,0.7787259,1,0,1) very rare (1-5)
4099,0.7679147,0.23208529,1,6,2) rare (6-20)
4100,0.3537152,0.6462848,0,2,1) very rare (1-5)
4101,0.1595593,0.8404407,1,3,1) very rare (1-5)
4102,0.20265622,0.7973438,1,1,1) very rare (1-5)
4103,0.949677,0.05032301,0,343,4) very common (100+)
4104,0.6371955,0.36280447,1,1,1) very rare (1-5)
4105,0.034260992,0.965739,1,0,1) very rare (1-5)
4106,0.11909672,0.8809033,1,0,1) very rare (1-5)
4107,0.73103034,0.26896966,1,1000,4) very common (100+)
4108,0.5605942,0.4394058,0,89,3) common (21-100)
4109,0.37696907,0.6230309,0,223,4) very common (100+)
4110,0.059086736,0.94091326,1,85,3) common (21-100)
4111,0.7542033,0.24579668,1,4,1) very rare (1-5)
4112,0.95170677,0.048293233,0,74,3) common (21-100)
4113,0.55271274,0.44728726,1,15,2) rare (6-20)
4114,0.47438806,0.52561194,1,76,3) common (21-100)
4115,0.9739516,0.026048422,0,211,4) very common (100+)
4116,0.41950995,0.58049005,1,0,1) very rare (1-5)
4117,0.24489574,0.75510424,1,13,2) rare (6-20)
4118,0.90530807,0.09469193,0,84,3) common (21-100)
4119,0.67178696,0.32821304,0,1290,4) very common (100+)
4120,0.33110237,0.6688976,1,0,1) very rare (1-5)
4121,0.3114163,0.68858373,1,9,2) rare (6-20)
4122,0.5115848,0.48841518,1,1,1) very rare (1-5)
4123,0.06967047,0.93032956,1,0,1) very rare (1-5)
4124,0.23238374,0.7676163,0,66,3) common (21-100)
4125,0.23404337,0.76595664,1,1,1) very rare (1-5)
4126,0.17045327,0.82954675,1,21,3) common (21-100)
4127,0.4516611,0.5483389,1,118,4) very common (100+)
4128,0.63089496,0.36910504,0,69,3) common (21-100)
4129,0.14076929,0.8592307,0,27,3) common (21-100)
4130,0.9728276,0.027172387,0,182,4) very common (100+)
4131,0.14426206,0.8557379,1,2,1) very rare (1-5)
4132,0.5845807,0.41541928,1,105,4) very common (100+)
4133,0.780371,0.21962899,1,1290,4) very common (100+)
4134,0.9072947,0.09270531,1,1070,4) very common (100+)
4135,0.5519016,0.44809842,0,19,2) rare (6-20)
4136,0.44652632,0.5534737,1,2,1) very rare (1-5)
4137,0.9607536,0.03924638,0,15,2) rare (6-20)
4138,0.060274836,0.93972516,1,0,1) very rare (1-5)
4139,0.37652895,0.623471,1,106,4) very common (100+)
4140,0.28626728,0.7137327,1,1,1) very rare (1-5)
4141,0.62538546,0.37461454,1,63,3) common (21-100)
4142,0.1530303,0.8469697,0,1,1) very rare (1-5)
4143,0.054400414,0.94559956,1,92,3) common (21-100)
4144,0.39640483,0.60359514,1,0,1) very rare (1-5)
4145,0.15635532,0.8436447,1,1,1) very rare (1-5)
4146,0.14698634,0.85301363,1,0,1) very rare (1-5)
4147,0.7282851,0.27171493,1,23,3) common (21-100)
4148,0.8963004,0.103699625,0,4,1) very rare (1-5)
4149,0.06308834,0.93691164,1,0,1) very rare (1-5)
4150,0.9572082,0.042791784,0,1000,4) very common (100+)
4151,0.45131344,0.54868656,1,1070,4) very common (100+)
4152,0.91251016,0.08748984,0,1000,4) very common (100+)
4153,0.60380715,0.39619285,0,3,1) very rare (1-5)
4154,0.53363955,0.46636045,0,2,1) very rare (1-5)
4155,0.06762131,0.9323787,1,0,1) very rare (1-5)
4156,0.5672631,0.43273687,1,1290,4) very common (100+)
4157,0.10778241,0.8922176,1,0,1) very rare (1-5)
4158,0.78705335,0.21294665,0,1,1) very rare (1-5)
4159,0.24941103,0.75058895,1,0,1) very rare (1-5)
4160,0.4132668,0.5867332,1,0,1) very rare (1-5)
4161,0.30314037,0.6968596,0,7,2) rare (6-20)
4162,0.34764892,0.6523511,1,35,3) common (21-100)
4163,0.19600491,0.8039951,0,37,3) common (21-100)
4164,0.22886729,0.7711327,0,17,2) rare (6-20)
4165,0.3581432,0.6418568,0,2,1) very rare (1-5)
4166,0.061767414,0.9382326,1,0,1) very rare (1-5)
4167,0.9316344,0.068365574,0,7,2) rare (6-20)
4168,0.8235029,0.1764971,1,89,3) common (21-100)
4169,0.044632215,0.9553678,1,275,4) very common (100+)
4170,0.117926314,0.8820737,1,1,1) very rare (1-5)
4171,0.2013048,0.7986952,1,106,4) very common (100+)
4172,0.9915087,0.008491278,0,1000,4) very common (100+)
4173,0.22516085,0.77483916,0,159,4) very common (100+)
4174,0.08248994,0.91751003,1,1,1) very rare (1-5)
4175,0.5863777,0.41362232,0,1,1) very rare (1-5)
4176,0.2035469,0.7964531,1,2,1) very rare (1-5)
4177,0.95787275,0.04212725,0,15,2) rare (6-20)
4178,0.02999608,0.9700039,1,21,3) common (21-100)
4179,0.68865544,0.31134456,0,343,4) very common (100+)
4180,0.07041704,0.92958295,1,27,3) common (21-100)
4181,0.19835797,0.80164206,1,1,1) very rare (1-5)
4182,0.0887195,0.9112805,1,1,1) very rare (1-5)
4183,0.16913205,0.83086795,1,0,1) very rare (1-5)
4184,0.13225654,0.8677435,0,237,4) very common (100+)
4185,0.6214864,0.37851357,0,3,1) very rare (1-5)
4186,0.8302616,0.16973841,0,78,3) common (21-100)
4187,0.19523595,0.80476403,1,118,4) very common (100+)
4188,0.8551456,0.14485443,0,8,2) rare (6-20)
4189,0.50935835,0.49064165,0,343,4) very common (100+)
4190,0.06690108,0.9330989,1,88,3) common (21-100)
4191,0.5360887,0.4639113,1,372,4) very common (100+)
4192,0.51699317,0.48300683,1,261,4) very common (100+)
4193,0.5730637,0.42693633,0,275,4) very common (100+)
4194,0.35511515,0.6448848,1,2,1) very rare (1-5)
4195,0.16571972,0.83428025,1,8,2) rare (6-20)
4196,0.5256987,0.47430128,0,37,3) common (21-100)
4197,0.23824881,0.7617512,0,1,1) very rare (1-5)
4198,0.7672287,0.23277128,1,1070,4) very common (100+)
4199,0.084778294,0.9152217,1,2,1) very rare (1-5)
4200,0.05581387,0.94418615,1,2,1) very rare (1-5)
4201,0.5138325,0.4861675,1,12,2) rare (6-20)
4202,0.98805815,0.01194185,0,85,3) common (21-100)
4203,0.75380147,0.24619853,1,1070,4) very common (100+)
4204,0.42751345,0.5724865,1,15,2) rare (6-20)
4205,0.172453,0.827547,1,0,1) very rare (1-5)
4206,0.5193102,0.48068982,0,2,1) very rare (1-5)
4207,0.9732521,0.026747882,0,223,4) very common (100+)
4208,0.9438605,0.05613953,1,268,4) very common (100+)
4209,0.5108698,0.4891302,0,223,4) very common (100+)
4210,0.056873657,0.9431263,1,0,1) very rare (1-5)
4211,0.29125175,0.7087482,1,0,1) very rare (1-5)
4212,0.023632213,0.9763678,1,0,1) very rare (1-5)
4213,0.47868425,0.52131575,1,0,1) very rare (1-5)
4214,0.15940554,0.8405945,1,2,1) very rare (1-5)
4215,0.32209018,0.67790985,1,12,2) rare (6-20)
4216,0.0765624,0.9234376,0,46,3) common (21-100)
4217,0.48542506,0.51457494,0,10,2) rare (6-20)
4218,0.8227536,0.17724639,1,70,3) common (21-100)
4219,0.06863208,0.93136793,1,1,1) very rare (1-5)
4220,0.19911529,0.8008847,1,0,1) very rare (1-5)
4221,0.80821943,0.19178057,1,0,1) very rare (1-5)
4222,0.45477197,0.545228,0,2,1) very rare (1-5)
4223,0.5540617,0.4459383,0,11,2) rare (6-20)
4224,0.114700675,0.8852993,1,160,4) very common (100+)
4225,0.35363427,0.64636576,1,2,1) very rare (1-5)
4226,0.5895642,0.4104358,0,66,3) common (21-100)
4227,0.62271094,0.37728906,0,16,2) rare (6-20)
4228,0.15918745,0.84081256,1,7,2) rare (6-20)
4229,0.73498553,0.26501447,0,26,3) common (21-100)
4230,0.9492341,0.050765872,0,223,4) very common (100+)
4231,0.22338411,0.77661586,1,1,1) very rare (1-5)
4232,0.15632302,0.843677,1,0,1) very rare (1-5)
4233,0.982262,0.017737985,0,1000,4) very common (100+)
4234,0.030579569,0.96942043,1,0,1) very rare (1-5)
4235,0.056004204,0.9439958,1,1,1) very rare (1-5)
4236,0.5166626,0.4833374,1,58,3) common (21-100)
4237,0.07528482,0.92471516,1,1,1) very rare (1-5)
4238,0.9658689,0.03413111,0,421,4) very common (100+)
4239,0.027276129,0.97272384,1,26,3) common (21-100)
4240,0.67125,0.32875,0,1,1) very rare (1-5)
4241,0.19815138,0.80184865,1,1,1) very rare (1-5)
4242,0.47109526,0.52890474,0,6,2) rare (6-20)
4243,0.45927417,0.5407258,0,9,2) rare (6-20)
4244,0.65024847,0.34975153,0,421,4) very common (100+)
4245,0.96439517,0.035604835,0,1070,4) very common (100+)
4246,0.2974194,0.7025806,1,28,3) common (21-100)
4247,0.8701738,0.12982619,0,37,3) common (21-100)
4248,0.9178095,0.08219051,1,15,2) rare (6-20)
4249,0.17012805,0.82987195,1,1,1) very rare (1-5)
4250,0.39843506,0.60156494,0,69,3) common (21-100)
4251,0.8705514,0.1294486,1,1,1) very rare (1-5)
4252,0.1910149,0.8089851,1,4,1) very rare (1-5)
4253,0.2689229,0.7310771,1,19,2) rare (6-20)
4254,0.57996124,0.42003876,0,21,3) common (21-100)
4255,0.44288123,0.5571188,1,24,3) common (21-100)
4256,0.26084915,0.7391509,1,7,2) rare (6-20)
4257,0.42893144,0.5710685,0,700,4) very common (100+)
4258,0.30295804,0.697042,1,0,1) very rare (1-5)
4259,0.9793284,0.020671606,0,52,3) common (21-100)
4260,0.13307603,0.866924,1,178,4) very common (100+)
4261,0.25256652,0.7474335,1,0,1) very rare (1-5)
4262,0.858669,0.14133102,1,2,1) very rare (1-5)
4263,0.093088396,0.9069116,1,16,2) rare (6-20)
4264,0.22781798,0.772182,1,0,1) very rare (1-5)
4265,0.93248457,0.06751543,0,343,4) very common (100+)
4266,0.09986012,0.90013987,1,700,4) very common (100+)
4267,0.9669942,0.033005774,1,0,1) very rare (1-5)
4268,0.087037526,0.9129625,1,78,3) common (21-100)
4269,0.8949737,0.105026305,0,372,4) very common (100+)
4270,0.611557,0.388443,0,1070,4) very common (100+)
4271,0.9422474,0.05775261,0,3,1) very rare (1-5)
4272,0.11327169,0.8867283,1,19,2) rare (6-20)
4273,0.061813623,0.9381864,1,0,1) very rare (1-5)
4274,0.7056061,0.2943939,0,3,1) very rare (1-5)
4275,0.31432748,0.6856725,0,34,3) common (21-100)
4276,0.65650487,0.34349513,0,100,3) common (21-100)
4277,0.21448594,0.78551406,1,2,1) very rare (1-5)
4278,0.29672766,0.70327234,0,1,1) very rare (1-5)
4279,0.083389975,0.91661,1,0,1) very rare (1-5)
4280,0.4077628,0.59223723,1,166,4) very common (100+)
4281,0.29956424,0.70043576,0,4,1) very rare (1-5)
4282,0.69939965,0.30060035,0,261,4) very common (100+)
4283,0.24682307,0.7531769,1,1,1) very rare (1-5)
4284,0.22341909,0.7765809,1,134,4) very common (100+)
4285,0.18480383,0.81519616,1,82,3) common (21-100)
4286,0.25716954,0.74283046,1,2,1) very rare (1-5)
4287,0.72993547,0.27006453,0,60,3) common (21-100)
4288,0.06681912,0.93318087,1,0,1) very rare (1-5)
4289,0.9391121,0.060887873,0,2,1) very rare (1-5)
4290,0.19761151,0.8023885,1,9,2) rare (6-20)
4291,0.60718805,0.39281195,1,0,1) very rare (1-5)
4292,0.076769784,0.92323023,1,4,1) very rare (1-5)
4293,0.22280951,0.7771905,1,1,1) very rare (1-5)
4294,0.36818895,0.631811,1,4,1) very rare (1-5)
4295,0.8217512,0.17824882,1,8,2) rare (6-20)
4296,0.7590319,0.24096811,0,38,3) common (21-100)
4297,0.3114586,0.6885414,0,22,3) common (21-100)
4298,0.85221,0.14779001,0,14,2) rare (6-20)
4299,0.32477957,0.67522043,0,43,3) common (21-100)
4300,0.08770564,0.9122944,1,0,1) very rare (1-5)
4301,0.914845,0.08515501,1,12,2) rare (6-20)
4302,0.20764267,0.7923573,1,0,1) very rare (1-5)
4303,0.57901675,0.42098325,0,12,2) rare (6-20)
4304,0.45204827,0.5479517,1,5,1) very rare (1-5)
4305,0.12733607,0.8726639,1,49,3) common (21-100)
4306,0.92906564,0.070934355,0,1290,4) very common (100+)
4307,0.1909986,0.8090014,0,159,4) very common (100+)
4308,0.07871993,0.9212801,1,1,1) very rare (1-5)
4309,0.20158379,0.7984162,1,274,4) very common (100+)
4310,0.06213822,0.9378618,1,1,1) very rare (1-5)
4311,0.4982982,0.50170183,1,1,1) very rare (1-5)
4312,0.75216854,0.24783146,1,268,4) very common (100+)
4313,0.9581748,0.041825175,0,91,3) common (21-100)
4314,0.80083835,0.19916165,0,10,2) rare (6-20)
4315,0.59598553,0.40401447,1,14,2) rare (6-20)
4316,0.63806915,0.36193085,0,2,1) very rare (1-5)
4317,0.653243,0.346757,0,1290,4) very common (100+)
4318,0.2766794,0.7233206,0,1,1) very rare (1-5)
4319,0.7540422,0.24595779,1,0,1) very rare (1-5)
4320,0.56161904,0.43838096,0,118,4) very common (100+)
4321,0.83717924,0.16282076,0,700,4) very common (100+)
4322,0.35811538,0.6418846,0,2,1) very rare (1-5)
4323,0.06594289,0.9340571,1,0,1) very rare (1-5)
4324,0.95336014,0.04663986,0,343,4) very common (100+)
4325,0.57490623,0.42509377,1,0,1) very rare (1-5)
4326,0.24531077,0.7546892,1,3,1) very rare (1-5)
4327,0.5813733,0.41862673,0,5,1) very rare (1-5)
4328,0.018581184,0.9814188,1,8,2) rare (6-20)
4329,0.858352,0.141648,0,21,3) common (21-100)
4330,0.044332694,0.9556673,0,13,2) rare (6-20)
4331,0.20346111,0.7965389,0,372,4) very common (100+)
4332,0.75093585,0.24906415,0,178,4) very common (100+)
4333,0.29662517,0.70337486,0,2,1) very rare (1-5)
4334,0.9528349,0.047165096,0,1000,4) very common (100+)
4335,0.6418215,0.3581785,1,7,2) rare (6-20)
4336,0.4683333,0.5316667,0,38,3) common (21-100)
4337,0.13968702,0.860313,1,17,2) rare (6-20)
4338,0.5532082,0.44679183,0,7,2) rare (6-20)
4339,0.6156096,0.3843904,1,76,3) common (21-100)
4340,0.6316634,0.36833662,0,160,4) very common (100+)
4341,0.702226,0.29777402,1,36,3) common (21-100)
4342,0.32699868,0.6730013,0,421,4) very common (100+)
4343,0.16553336,0.83446664,0,5,1) very rare (1-5)
4344,0.2401386,0.7598614,1,0,1) very rare (1-5)
4345,0.2802334,0.7197666,1,3,1) very rare (1-5)
4346,0.31040096,0.68959904,1,14,2) rare (6-20)
4347,0.010610283,0.9893897,1,19,2) rare (6-20)
4348,0.48708937,0.5129106,0,1,1) very rare (1-5)
4349,0.089781895,0.9102181,1,1,1) very rare (1-5)
4350,0.9230963,0.0769037,1,1,1) very rare (1-5)
4351,0.95228606,0.047713935,0,7,2) rare (6-20)
4352,0.21958375,0.78041625,0,1,1) very rare (1-5)
4353,0.90934473,0.09065527,0,274,4) very common (100+)
4354,0.3140671,0.6859329,1,58,3) common (21-100)
4355,0.7334037,0.26659632,0,237,4) very common (100+)
4356,0.25492498,0.745075,1,8,2) rare (6-20)
4357,0.10194417,0.89805585,1,0,1) very rare (1-5)
4358,0.67938805,0.32061195,1,275,4) very common (100+)
4359,0.18545264,0.81454736,0,8,2) rare (6-20)
4360,0.80877995,0.19122005,1,0,1) very rare (1-5)
4361,0.27846467,0.7215353,0,0,1) very rare (1-5)
4362,0.12985294,0.87014705,0,24,3) common (21-100)
4363,0.939704,0.060296,0,23,3) common (21-100)
4364,0.38674346,0.6132566,0,1290,4) very common (100+)
4365,0.22652279,0.7734772,0,9,2) rare (6-20)
4366,0.9929598,0.0070402026,0,71,3) common (21-100)
4367,0.03664588,0.9633541,1,0,1) very rare (1-5)
4368,0.94822025,0.051779747,0,91,3) common (21-100)
4369,0.056150086,0.9438499,1,19,2) rare (6-20)
4370,0.46246204,0.53753793,0,1070,4) very common (100+)
4371,0.9464725,0.053527474,0,13,2) rare (6-20)
4372,0.3680278,0.6319722,1,4,1) very rare (1-5)
4373,0.7881942,0.21180582,0,39,3) common (21-100)
4374,0.3560098,0.64399016,0,118,4) very common (100+)
4375,0.6401098,0.35989022,1,46,3) common (21-100)
4376,0.6448984,0.3551016,1,1070,4) very common (100+)
4377,0.6191373,0.3808627,1,0,1) very rare (1-5)
4378,0.11361332,0.8863867,0,1,1) very rare (1-5)
4379,0.9951261,0.004873872,0,89,3) common (21-100)
4380,0.6821975,0.3178025,1,44,3) common (21-100)
4381,0.59658635,0.40341365,0,343,4) very common (100+)
4382,0.26746956,0.7325305,1,0,1) very rare (1-5)
4383,0.79352766,0.20647234,0,421,4) very common (100+)
4384,0.44023618,0.5597638,0,275,4) very common (100+)
4385,0.32562044,0.6743796,0,1,1) very rare (1-5)
4386,0.56030035,0.43969965,0,343,4) very common (100+)
4387,0.18321675,0.81678325,1,0,1) very rare (1-5)
4388,0.6738352,0.32616478,1,275,4) very common (100+)
4389,0.14232415,0.85767585,1,3,1) very rare (1-5)
4390,0.87560076,0.124399245,0,700,4) very common (100+)
4391,0.82539743,0.17460257,1,1,1) very rare (1-5)
4392,0.20000027,0.7999997,1,268,4) very common (100+)
4393,0.80130255,0.19869745,0,92,3) common (21-100)
4394,0.41431904,0.58568096,1,106,4) very common (100+)
4395,0.06082024,0.9391798,1,1,1) very rare (1-5)
4396,0.7798544,0.22014558,1,146,4) very common (100+)
4397,0.6145534,0.3854466,0,7,2) rare (6-20)
4398,0.63446945,0.36553055,0,261,4) very common (100+)
4399,0.70051634,0.29948366,1,21,3) common (21-100)
4400,0.8942727,0.105727315,0,46,3) common (21-100)
4401,0.9656452,0.034354806,0,1000,4) very common (100+)
4402,0.55858594,0.44141406,0,30,3) common (21-100)
4403,0.21981987,0.7801801,1,160,4) very common (100+)
4404,0.36580303,0.634197,1,27,3) common (21-100)
4405,0.85879654,0.14120346,1,0,1) very rare (1-5)
4406,0.4779757,0.5220243,1,107,4) very common (100+)
4407,0.86434543,0.13565457,1,25,3) common (21-100)
4408,0.082164526,0.9178355,1,0,1) very rare (1-5)
4409,0.82849354,0.17150646,0,700,4) very common (100+)
4410,0.8976415,0.10235852,0,30,3) common (21-100)
4411,0.60876244,0.39123756,0,1,1) very rare (1-5)
4412,0.79542464,0.20457536,0,12,2) rare (6-20)
4413,0.6829476,0.31705242,0,6,2) rare (6-20)
4414,0.9492577,0.05074233,0,274,4) very common (100+)
4415,0.3816339,0.6183661,1,0,1) very rare (1-5)
4416,0.31572965,0.6842704,0,105,4) very common (100+)
4417,0.24377772,0.75622225,0,100,3) common (21-100)
4418,0.24389943,0.75610054,0,4,1) very rare (1-5)
4419,0.1675056,0.8324944,0,3,1) very rare (1-5)
4420,0.7693594,0.23064059,0,5,1) very rare (1-5)
4421,0.98255676,0.01744324,0,89,3) common (21-100)
4422,0.21508007,0.7849199,0,2,1) very rare (1-5)
4423,0.5469213,0.4530787,0,146,4) very common (100+)
4424,0.78471184,0.21528816,0,700,4) very common (100+)
4425,0.08079964,0.91920036,1,1,1) very rare (1-5)
4426,0.5968479,0.4031521,1,0,1) very rare (1-5)
4427,0.17179383,0.8282062,1,1,1) very rare (1-5)
4428,0.40945086,0.5905491,1,1,1) very rare (1-5)
4429,0.71415675,0.28584325,1,372,4) very common (100+)
4430,0.10845353,0.8915465,0,30,3) common (21-100)
4431,0.05063978,0.94936025,0,23,3) common (21-100)
4432,0.010979018,0.989021,1,6,2) rare (6-20)
4433,0.9829389,0.017061114,0,25,3) common (21-100)
4434,0.2747145,0.72528553,1,134,4) very common (100+)
4435,0.63845396,0.36154604,0,108,4) very common (100+)
4436,0.041802097,0.9581979,0,41,3) common (21-100)
4437,0.36220735,0.63779265,0,1070,4) very common (100+)
4438,0.69797325,0.30202675,1,3,1) very rare (1-5)
4439,0.9771294,0.0228706,0,71,3) common (21-100)
4440,0.47360423,0.5263958,0,223,4) very common (100+)
4441,0.47694272,0.5230573,0,160,4) very common (100+)
4442,0.34247753,0.65752244,1,121,4) very common (100+)
4443,0.06356977,0.9364302,0,5,1) very rare (1-5)
4444,0.108166166,0.89183384,1,20,2) rare (6-20)
4445,0.55620676,0.44379324,0,1290,4) very common (100+)
4446,0.95681643,0.043183565,0,223,4) very common (100+)
4447,0.04070551,0.9592945,1,1,1) very rare (1-5)
4448,0.83826655,0.16173345,0,1070,4) very common (100+)
4449,0.09042718,0.90957284,1,0,1) very rare (1-5)
4450,0.18011361,0.8198864,1,2,1) very rare (1-5)
4451,0.9891254,0.010874629,0,1000,4) very common (100+)
4452,0.7958226,0.20417738,0,1070,4) very common (100+)
4453,0.55101794,0.44898206,1,134,4) very common (100+)
4454,0.12702972,0.8729703,1,2,1) very rare (1-5)
4455,0.18270785,0.81729215,1,28,3) common (21-100)
4456,0.64974606,0.35025394,1,0,1) very rare (1-5)
4457,0.9865572,0.013442814,0,118,4) very common (100+)
4458,0.4998692,0.5001308,0,105,4) very common (100+)
4459,0.2130328,0.7869672,0,33,3) common (21-100)
4460,0.8161483,0.18385172,1,261,4) very common (100+)
4461,0.44268176,0.5573182,1,6,2) rare (6-20)
4462,0.9401887,0.059811294,0,90,3) common (21-100)
4463,0.10760058,0.89239943,1,45,3) common (21-100)
4464,0.029992756,0.97000724,1,4,1) very rare (1-5)
4465,0.17239149,0.8276085,0,3,1) very rare (1-5)
4466,0.50272393,0.49727607,1,1070,4) very common (100+)
4467,0.98707855,0.0129214525,0,0,1) very rare (1-5)
4468,0.238253,0.761747,0,60,3) common (21-100)
4469,0.21847035,0.78152966,1,0,1) very rare (1-5)
4470,0.914377,0.085623026,0,118,4) very common (100+)
4471,0.43924648,0.5607535,0,0,1) very rare (1-5)
4472,0.31497836,0.68502164,1,0,1) very rare (1-5)
4473,0.52829427,0.47170573,0,30,3) common (21-100)
4474,0.5177256,0.4822744,0,1290,4) very common (100+)
4475,0.9871673,0.012832701,0,99,3) common (21-100)
4476,0.981939,0.018060982,0,89,3) common (21-100)
4477,0.40158102,0.59841895,1,1,1) very rare (1-5)
4478,0.57743347,0.42256653,0,2,1) very rare (1-5)
4479,0.22668536,0.77331465,1,0,1) very rare (1-5)
4480,0.6105277,0.3894723,0,89,3) common (21-100)
4481,0.8664452,0.13355482,0,343,4) very common (100+)
4482,0.69269294,0.30730706,0,60,3) common (21-100)
4483,0.19081803,0.809182,1,12,2) rare (6-20)
4484,0.21451958,0.78548044,1,24,3) common (21-100)
4485,0.48503104,0.514969,0,1070,4) very common (100+)
4486,0.03856886,0.96143115,1,0,1) very rare (1-5)
4487,0.692037,0.307963,0,91,3) common (21-100)
4488,0.6565573,0.34344268,0,343,4) very common (100+)
4489,0.142681,0.857319,1,16,2) rare (6-20)
4490,0.11932347,0.8806765,1,2,1) very rare (1-5)
4491,0.71554303,0.28445697,0,1070,4) very common (100+)
4492,0.5403351,0.45966488,0,1000,4) very common (100+)
4493,0.33259138,0.6674086,1,268,4) very common (100+)
4494,0.15596612,0.8440339,1,0,1) very rare (1-5)
4495,0.24349816,0.75650185,0,1,1) very rare (1-5)
4496,0.80065244,0.19934756,0,178,4) very common (100+)
4497,0.030300096,0.9696999,1,0,1) very rare (1-5)
4498,0.36563057,0.63436943,1,700,4) very common (100+)
4499,0.18571107,0.8142889,1,1,1) very rare (1-5)
4500,0.34123132,0.65876865,1,2,1) very rare (1-5)
4501,0.61364156,0.38635844,1,5,1) very rare (1-5)
4502,0.9499443,0.050055683,0,36,3) common (21-100)
4503,0.57116604,0.42883396,1,1,1) very rare (1-5)
4504,0.34933707,0.6506629,1,0,1) very rare (1-5)
4505,0.8433651,0.15663493,1,268,4) very common (100+)
4506,0.3154981,0.6845019,0,107,4) very common (100+)
4507,0.3547072,0.64529276,1,0,1) very rare (1-5)
4508,0.32519516,0.6748048,0,159,4) very common (100+)
4509,0.38795516,0.6120448,0,1,1) very rare (1-5)
4510,0.55038327,0.44961673,1,2,1) very rare (1-5)
4511,0.29178885,0.7082112,0,33,3) common (21-100)
4512,0.15793033,0.8420697,0,3,1) very rare (1-5)
4513,0.46750417,0.53249586,0,78,3) common (21-100)
4514,0.14620523,0.85379475,1,1,1) very rare (1-5)
4515,0.42358652,0.5764135,0,24,3) common (21-100)
4516,0.07226341,0.9277366,1,20,2) rare (6-20)
4517,0.16414954,0.8358505,1,69,3) common (21-100)
4518,0.5043226,0.4956774,1,118,4) very common (100+)
4519,0.8738554,0.12614459,0,421,4) very common (100+)
4520,0.4159114,0.58408856,1,76,3) common (21-100)
4521,0.39741346,0.6025865,1,36,3) common (21-100)
4522,0.5967122,0.40328783,0,142,4) very common (100+)
4523,0.878216,0.12178397,1,5,1) very rare (1-5)
4524,0.87333053,0.12666947,0,1070,4) very common (100+)
4525,0.72322726,0.27677274,1,3,1) very rare (1-5)
4526,0.16454661,0.8354534,1,58,3) common (21-100)
4527,0.38714567,0.61285436,1,2,1) very rare (1-5)
4528,0.17327808,0.8267219,0,38,3) common (21-100)
4529,0.7137117,0.28628832,0,421,4) very common (100+)
4530,0.14779377,0.85220623,0,17,2) rare (6-20)
4531,0.035317533,0.96468246,1,8,2) rare (6-20)
4532,0.8318593,0.16814071,1,3,1) very rare (1-5)
4533,0.66437995,0.33562005,1,1,1) very rare (1-5)
4534,0.25914434,0.7408557,1,1290,4) very common (100+)
4535,0.25709537,0.74290466,0,23,3) common (21-100)
4536,0.7196565,0.28034347,0,372,4) very common (100+)
4537,0.39391217,0.6060878,1,29,3) common (21-100)
4538,0.08986794,0.91013205,1,2,1) very rare (1-5)
4539,0.7138935,0.28610653,1,5,1) very rare (1-5)
4540,0.8974288,0.10257119,1,160,4) very common (100+)
4541,0.7683863,0.2316137,0,0,1) very rare (1-5)
4542,0.5901929,0.4098071,1,6,2) rare (6-20)
4543,0.36581826,0.63418174,0,16,2) rare (6-20)
4544,0.21585867,0.7841413,1,3,1) very rare (1-5)
4545,0.55077815,0.44922185,0,89,3) common (21-100)
4546,0.56376076,0.43623924,0,1000,4) very common (100+)
4547,0.6827747,0.31722528,0,58,3) common (21-100)
4548,0.22314253,0.7768575,0,28,3) common (21-100)
4549,0.8543279,0.14567208,1,5,1) very rare (1-5)
4550,0.13591835,0.8640816,0,421,4) very common (100+)
4551,0.20682362,0.7931764,0,26,3) common (21-100)
4552,0.90429175,0.09570825,1,1,1) very rare (1-5)
4553,0.8293177,0.17068231,1,160,4) very common (100+)
4554,0.5809089,0.4190911,1,118,4) very common (100+)
4555,0.56300515,0.43699485,0,1290,4) very common (100+)
4556,0.96326816,0.03673184,0,1000,4) very common (100+)
4557,0.08328376,0.9167162,0,10,2) rare (6-20)
4558,0.9771813,0.022818685,0,99,3) common (21-100)
4559,0.81686366,0.18313634,0,1290,4) very common (100+)
4560,0.8419639,0.15803611,0,1070,4) very common (100+)
4561,0.7388278,0.26117218,0,1070,4) very common (100+)
4562,0.516239,0.483761,0,134,4) very common (100+)
4563,0.92094016,0.07905984,0,142,4) very common (100+)
4564,0.63389915,0.36610085,1,70,3) common (21-100)
4565,0.6782479,0.32175207,0,85,3) common (21-100)
4566,0.29258215,0.70741785,0,1070,4) very common (100+)
4567,0.15444525,0.84555477,1,1,1) very rare (1-5)
4568,0.9616204,0.03837961,0,1000,4) very common (100+)
4569,0.042184573,0.9578154,1,6,2) rare (6-20)
4570,0.12539719,0.8746028,1,0,1) very rare (1-5)
4571,0.47218865,0.52781135,0,1290,4) very common (100+)
4572,0.758513,0.24148703,0,5,1) very rare (1-5)
4573,0.58565116,0.41434884,0,1290,4) very common (100+)
4574,0.43183634,0.56816363,1,275,4) very common (100+)
4575,0.2291407,0.7708593,1,14,2) rare (6-20)
4576,0.53286946,0.46713054,1,146,4) very common (100+)
4577,0.24401852,0.75598145,1,1,1) very rare (1-5)
4578,0.8181764,0.18182361,1,8,2) rare (6-20)
4579,0.6356689,0.36433113,0,3,1) very rare (1-5)
4580,0.45200485,0.54799515,1,1070,4) very common (100+)
4581,0.7641852,0.23581481,0,223,4) very common (100+)
4582,0.33308738,0.6669126,0,1,1) very rare (1-5)
4583,0.66697305,0.33302695,0,108,4) very common (100+)
4584,0.3635579,0.63644207,1,3,1) very rare (1-5)
4585,0.32991245,0.6700876,1,159,4) very common (100+)
4586,0.09170576,0.90829426,0,275,4) very common (100+)
4587,0.080465056,0.9195349,1,5,1) very rare (1-5)
4588,0.08760892,0.91239107,1,1,1) very rare (1-5)
4589,0.65110403,0.34889597,0,66,3) common (21-100)
4590,0.60807395,0.39192605,1,1070,4) very common (100+)
4591,0.4971781,0.5028219,1,107,4) very common (100+)
4592,0.42923722,0.57076275,1,2,1) very rare (1-5)
4593,0.74756616,0.25243384,1,1070,4) very common (100+)
4594,0.31682432,0.6831757,0,91,3) common (21-100)
4595,0.90723747,0.09276253,0,66,3) common (21-100)
4596,0.4725708,0.5274292,1,3,1) very rare (1-5)
4597,0.510185,0.489815,0,0,1) very rare (1-5)
4598,0.92701787,0.07298213,1,111,4) very common (100+)
4599,0.81660837,0.18339163,0,700,4) very common (100+)
4600,0.6031519,0.39684808,0,46,3) common (21-100)
4601,0.98289746,0.01710254,0,211,4) very common (100+)
4602,0.055021185,0.94497883,1,1,1) very rare (1-5)
4603,0.1435616,0.8564384,1,0,1) very rare (1-5)
4604,0.2900773,0.7099227,1,26,3) common (21-100)
4605,0.105085656,0.8949143,1,13,2) rare (6-20)
4606,0.116228916,0.88377106,1,274,4) very common (100+)
4607,0.14769748,0.85230255,1,24,3) common (21-100)
4608,0.6358392,0.36416078,0,1070,4) very common (100+)
4609,0.25463265,0.74536735,1,44,3) common (21-100)
4610,0.5927141,0.40728593,0,166,4) very common (100+)
4611,0.14451298,0.855487,0,47,3) common (21-100)
4612,0.296087,0.703913,0,0,1) very rare (1-5)
4613,0.12729031,0.8727097,1,3,1) very rare (1-5)
4614,0.30324432,0.69675565,0,10,2) rare (6-20)
4615,0.7779207,0.22207928,1,1,1) very rare (1-5)
4616,0.19067639,0.8093236,1,0,1) very rare (1-5)
4617,0.44617468,0.5538253,0,28,3) common (21-100)
4618,0.08199164,0.9180083,1,1,1) very rare (1-5)
4619,0.76240194,0.23759806,1,166,4) very common (100+)
4620,0.14791356,0.8520864,0,3,1) very rare (1-5)
4621,0.29283404,0.70716596,0,100,3) common (21-100)
4622,0.7600218,0.2399782,0,7,2) rare (6-20)
4623,0.3495036,0.65049636,0,12,2) rare (6-20)
4624,0.40699664,0.5930034,0,15,2) rare (6-20)
4625,0.8219533,0.1780467,0,1070,4) very common (100+)
4626,0.08807105,0.91192895,0,1,1) very rare (1-5)
4627,0.53116655,0.46883345,1,26,3) common (21-100)
4628,0.79197294,0.20802706,1,12,2) rare (6-20)
4629,0.47136837,0.5286316,1,2,1) very rare (1-5)
4630,0.73093903,0.26906097,0,4,1) very rare (1-5)
4631,0.37549135,0.6245086,1,51,3) common (21-100)
4632,0.7489255,0.2510745,0,160,4) very common (100+)
4633,0.67697227,0.32302773,0,6,2) rare (6-20)
4634,0.89208055,0.107919455,0,6,2) rare (6-20)
4635,0.5494452,0.4505548,0,1000,4) very common (100+)
4636,0.95344996,0.046550035,0,105,4) very common (100+)
4637,0.31119868,0.6888013,1,1000,4) very common (100+)
4638,0.49901804,0.5009819,0,123,4) very common (100+)
4639,0.028157407,0.9718426,1,0,1) very rare (1-5)
4640,0.16385289,0.8361471,1,15,2) rare (6-20)
4641,0.2144931,0.7855069,1,0,1) very rare (1-5)
4642,0.9837013,0.016298711,0,1000,4) very common (100+)
4643,0.14649402,0.85350597,1,99,3) common (21-100)
4644,0.12413876,0.8758612,1,0,1) very rare (1-5)
4645,0.20986128,0.7901387,1,0,1) very rare (1-5)
4646,0.9623754,0.037624598,0,15,2) rare (6-20)
4647,0.8297343,0.17026567,1,89,3) common (21-100)
4648,0.30057046,0.6994295,1,28,3) common (21-100)
4649,0.26760954,0.73239046,0,261,4) very common (100+)
4650,0.12776446,0.87223554,1,0,1) very rare (1-5)
4651,0.60447407,0.39552593,0,4,1) very rare (1-5)
4652,0.60533565,0.39466435,1,89,3) common (21-100)
4653,0.55691916,0.44308084,1,40,3) common (21-100)
4654,0.066365264,0.93363476,1,5,1) very rare (1-5)
4655,0.63477933,0.36522067,1,1,1) very rare (1-5)
4656,0.988052,0.011947989,0,700,4) very common (100+)
4657,0.3636183,0.6363817,1,100,3) common (21-100)
4658,0.14492778,0.8550722,1,0,1) very rare (1-5)
4659,0.19880193,0.80119807,1,2,1) very rare (1-5)
4660,0.13728106,0.86271894,1,261,4) very common (100+)
4661,0.08678337,0.91321665,1,1,1) very rare (1-5)
4662,0.19983338,0.8001666,1,0,1) very rare (1-5)
4663,0.40651232,0.5934877,0,0,1) very rare (1-5)
4664,0.14075491,0.85924506,1,0,1) very rare (1-5)
4665,0.24117579,0.7588242,1,4,1) very rare (1-5)
4666,0.0887498,0.9112502,1,372,4) very common (100+)
4667,0.5823189,0.4176811,1,118,4) very common (100+)
4668,0.4923826,0.5076174,0,2,1) very rare (1-5)
4669,0.2465277,0.7534723,1,1,1) very rare (1-5)
4670,0.9257779,0.07422209,1,27,3) common (21-100)
4671,0.88168234,0.11831766,0,99,3) common (21-100)
4672,0.874607,0.12539297,0,102,4) very common (100+)
4673,0.36227515,0.6377249,0,60,3) common (21-100)
4674,0.80191916,0.19808084,0,134,4) very common (100+)
4675,0.7661307,0.23386931,0,105,4) very common (100+)
4676,0.49853927,0.50146073,1,18,2) rare (6-20)
4677,0.95051765,0.049482346,0,25,3) common (21-100)
4678,0.09838469,0.9016153,1,2,1) very rare (1-5)
4679,0.8555996,0.14440042,0,105,4) very common (100+)
4680,0.5010746,0.4989254,1,2,1) very rare (1-5)
4681,0.30766368,0.6923363,0,142,4) very common (100+)
4682,0.66778344,0.33221656,0,5,1) very rare (1-5)
4683,0.026142942,0.97385705,1,5,1) very rare (1-5)
4684,0.48703918,0.5129608,1,9,2) rare (6-20)
4685,0.77043635,0.22956365,1,1290,4) very common (100+)
4686,0.35891345,0.6410866,0,178,4) very common (100+)
4687,0.15228948,0.8477105,1,142,4) very common (100+)
4688,0.31988004,0.68012,1,0,1) very rare (1-5)
4689,0.9053196,0.09468043,0,178,4) very common (100+)
4690,0.38353756,0.61646247,1,28,3) common (21-100)
4691,0.45278826,0.54721177,0,15,2) rare (6-20)
4692,0.750439,0.24956101,1,1290,4) very common (100+)
4693,0.049133856,0.95086616,1,66,3) common (21-100)
4694,0.05484393,0.9451561,1,2,1) very rare (1-5)
4695,0.67717236,0.32282764,0,1290,4) very common (100+)
4696,0.8801457,0.11985427,1,0,1) very rare (1-5)
4697,0.5001558,0.4998442,1,1,1) very rare (1-5)
4698,0.13834946,0.8616505,0,79,3) common (21-100)
4699,0.11946549,0.8805345,1,41,3) common (21-100)
4700,0.5423722,0.45762777,0,166,4) very common (100+)
4701,0.2773629,0.72263706,1,1,1) very rare (1-5)
4702,0.7218947,0.27810532,1,118,4) very common (100+)
4703,0.9948219,0.005178094,0,1000,4) very common (100+)
4704,0.27382937,0.72617066,0,18,2) rare (6-20)
4705,0.56722796,0.43277204,1,15,2) rare (6-20)
4706,0.4931761,0.5068239,1,0,1) very rare (1-5)
4707,0.7137939,0.28620613,1,0,1) very rare (1-5)
4708,0.10311818,0.8968818,1,70,3) common (21-100)
4709,0.075263634,0.9247364,1,1,1) very rare (1-5)
4710,0.85712063,0.14287937,0,17,2) rare (6-20)
4711,0.47364536,0.5263547,1,23,3) common (21-100)
4712,0.7587834,0.2412166,0,275,4) very common (100+)
4713,0.13919945,0.86080056,1,4,1) very rare (1-5)
4714,0.2957372,0.7042628,1,3,1) very rare (1-5)
4715,0.9857883,0.014211714,0,118,4) very common (100+)
4716,0.23242952,0.7675705,1,0,1) very rare (1-5)
4717,0.7101186,0.2898814,0,21,3) common (21-100)
4718,0.20197958,0.7980204,1,24,3) common (21-100)
4719,0.934052,0.06594801,0,237,4) very common (100+)
4720,0.106046036,0.893954,1,0,1) very rare (1-5)
4721,0.99312276,0.0068772435,0,1000,4) very common (100+)
4722,0.112126805,0.8878732,1,7,2) rare (6-20)
4723,0.25722077,0.74277925,0,1,1) very rare (1-5)
4724,0.52129143,0.47870857,0,5,1) very rare (1-5)
4725,0.31815723,0.6818428,1,11,2) rare (6-20)
4726,0.18192233,0.8180777,0,66,3) common (21-100)
4727,0.8315242,0.1684758,0,65,3) common (21-100)
4728,0.8518697,0.1481303,0,2,1) very rare (1-5)
4729,0.86082685,0.13917315,0,66,3) common (21-100)
4730,0.5998419,0.4001581,1,70,3) common (21-100)
4731,0.5304112,0.46958882,1,10,2) rare (6-20)
4732,0.9094977,0.09050232,0,89,3) common (21-100)
4733,0.78916854,0.21083146,1,7,2) rare (6-20)
4734,0.8957074,0.10429257,0,182,4) very common (100+)
4735,0.42950258,0.5704974,1,5,1) very rare (1-5)
4736,0.52327436,0.47672564,1,0,1) very rare (1-5)
4737,0.26688382,0.73311615,1,124,4) very common (100+)
4738,0.448974,0.551026,1,1,1) very rare (1-5)
4739,0.6687599,0.33124012,1,0,1) very rare (1-5)
4740,0.03735983,0.96264017,1,22,3) common (21-100)
4741,0.09318424,0.90681577,1,4,1) very rare (1-5)
4742,0.29848447,0.70151556,0,34,3) common (21-100)
4743,0.74613386,0.25386614,1,17,2) rare (6-20)
4744,0.1517374,0.8482626,0,0,1) very rare (1-5)
4745,0.061765954,0.93823403,1,0,1) very rare (1-5)
4746,0.6804804,0.31951958,1,146,4) very common (100+)
4747,0.21514419,0.78485584,1,0,1) very rare (1-5)
4748,0.871624,0.128376,0,18,2) rare (6-20)
4749,0.42982462,0.5701754,0,15,2) rare (6-20)
4750,0.78648865,0.21351135,1,1070,4) very common (100+)
4751,0.7117569,0.28824311,1,1,1) very rare (1-5)
4752,0.87874025,0.12125975,0,1070,4) very common (100+)
4753,0.5372846,0.4627154,0,56,3) common (21-100)
4754,0.6457869,0.35421312,0,5,1) very rare (1-5)
4755,0.48178592,0.5182141,0,275,4) very common (100+)
4756,0.6048672,0.39513278,0,105,4) very common (100+)
4757,0.25201872,0.7479813,1,0,1) very rare (1-5)
4758,0.298464,0.701536,1,0,1) very rare (1-5)
4759,0.05773325,0.94226676,1,0,1) very rare (1-5)
4760,0.33265176,0.66734827,1,123,4) very common (100+)
4761,0.50099534,0.49900466,1,62,3) common (21-100)
4762,0.021927357,0.97807264,1,0,1) very rare (1-5)
4763,0.2857209,0.71427906,1,3,1) very rare (1-5)
4764,0.5423063,0.4576937,0,372,4) very common (100+)
4765,0.2664477,0.73355234,1,58,3) common (21-100)
4766,0.41464034,0.5853597,0,105,4) very common (100+)
4767,0.2228721,0.7771279,1,70,3) common (21-100)
4768,0.29042372,0.70957625,1,0,1) very rare (1-5)
4769,0.113809586,0.8861904,1,13,2) rare (6-20)
4770,0.10926302,0.890737,1,0,1) very rare (1-5)
4771,0.32708663,0.6729134,1,27,3) common (21-100)
4772,0.15878098,0.841219,1,4,1) very rare (1-5)
4773,0.80300164,0.19699836,1,107,4) very common (100+)
4774,0.9370131,0.06298691,0,99,3) common (21-100)
4775,0.9419909,0.058009088,0,274,4) very common (100+)
4776,0.6167684,0.38323158,0,10,2) rare (6-20)
4777,0.33679017,0.6632098,0,5,1) very rare (1-5)
4778,0.8459136,0.15408641,0,111,4) very common (100+)
4779,0.4516493,0.5483507,0,1,1) very rare (1-5)
4780,0.24180037,0.75819963,1,1,1) very rare (1-5)
4781,0.7976093,0.20239067,0,421,4) very common (100+)
4782,0.9335627,0.066437304,1,52,3) common (21-100)
4783,0.18628958,0.81371045,1,0,1) very rare (1-5)
4784,0.9747526,0.025247395,0,39,3) common (21-100)
4785,0.03544919,0.9645508,1,2,1) very rare (1-5)
4786,0.64723814,0.35276186,1,268,4) very common (100+)
4787,0.8891154,0.11088461,0,1000,4) very common (100+)
4788,0.2677905,0.7322095,1,35,3) common (21-100)
4789,0.75507885,0.24492115,0,91,3) common (21-100)
4790,0.46621424,0.53378576,0,0,1) very rare (1-5)
4791,0.5281151,0.4718849,1,30,3) common (21-100)
4792,0.09108696,0.908913,0,3,1) very rare (1-5)
4793,0.7696157,0.23038429,0,166,4) very common (100+)
4794,0.72814375,0.27185625,0,82,3) common (21-100)
4795,0.9235015,0.07649851,1,66,3) common (21-100)
4796,0.6195092,0.38049078,0,237,4) very common (100+)
4797,0.585718,0.41428202,0,13,2) rare (6-20)
4798,0.7902051,0.20979488,0,12,2) rare (6-20)
4799,0.7316161,0.26838392,0,3,1) very rare (1-5)
4800,0.03872712,0.9612729,1,1290,4) very common (100+)
4801,0.07882828,0.9211717,1,3,1) very rare (1-5)
4802,0.36099398,0.639006,1,160,4) very common (100+)
4803,0.87044734,0.12955266,0,7,2) rare (6-20)
4804,0.073881224,0.9261188,1,0,1) very rare (1-5)
4805,0.8440196,0.15598041,0,24,3) common (21-100)
4806,0.34126627,0.6587337,1,35,3) common (21-100)
4807,0.2967405,0.70325947,0,3,1) very rare (1-5)
4808,0.49349067,0.5065093,0,15,2) rare (6-20)
4809,0.98663306,0.013366938,0,211,4) very common (100+)
4810,0.39885494,0.601145,1,0,1) very rare (1-5)
4811,0.20481208,0.79518795,0,71,3) common (21-100)
4812,0.76699346,0.23300654,1,0,1) very rare (1-5)
4813,0.21026906,0.7897309,0,178,4) very common (100+)
4814,0.10854114,0.89145887,1,2,1) very rare (1-5)
4815,0.16604914,0.8339509,0,3,1) very rare (1-5)
4816,0.20670001,0.7933,1,118,4) very common (100+)
4817,0.048292406,0.9517076,1,0,1) very rare (1-5)
4818,0.832458,0.16754198,0,19,2) rare (6-20)
4819,0.1358609,0.8641391,1,0,1) very rare (1-5)
4820,0.32217163,0.6778284,1,30,3) common (21-100)
4821,0.15026301,0.849737,1,0,1) very rare (1-5)
4822,0.5558292,0.44417077,1,66,3) common (21-100)
4823,0.561069,0.438931,0,4,1) very rare (1-5)
4824,0.5591217,0.44087827,1,275,4) very common (100+)
4825,0.33788162,0.6621184,1,38,3) common (21-100)
4826,0.98010755,0.019892454,1,16,2) rare (6-20)
4827,0.50139225,0.49860775,1,2,1) very rare (1-5)
4828,0.3068498,0.69315016,0,421,4) very common (100+)
4829,0.03515884,0.9648412,1,3,1) very rare (1-5)
4830,0.90854263,0.09145737,0,8,2) rare (6-20)
4831,0.24996766,0.7500323,0,4,1) very rare (1-5)
4832,0.5728255,0.4271745,1,118,4) very common (100+)
4833,0.12208101,0.87791896,1,2,1) very rare (1-5)
4834,0.9299652,0.0700348,1,0,1) very rare (1-5)
4835,0.99331516,0.0066848397,0,274,4) very common (100+)
4836,0.530261,0.46973902,0,39,3) common (21-100)
4837,0.043153413,0.9568466,0,0,1) very rare (1-5)
4838,0.9052714,0.09472859,1,0,1) very rare (1-5)
4839,0.14297467,0.8570253,1,0,1) very rare (1-5)
4840,0.57294077,0.42705923,0,18,2) rare (6-20)
4841,0.06943022,0.93056977,1,0,1) very rare (1-5)
4842,0.9488705,0.05112952,0,142,4) very common (100+)
4843,0.99178725,0.008212745,0,1000,4) very common (100+)
4844,0.63768053,0.36231947,0,78,3) common (21-100)
4845,0.11917141,0.8808286,1,8,2) rare (6-20)
4846,0.17655686,0.8234432,1,0,1) very rare (1-5)
4847,0.7227695,0.2772305,0,10,2) rare (6-20)
4848,0.6045269,0.39547312,0,16,2) rare (6-20)
4849,0.19086283,0.80913717,1,8,2) rare (6-20)
4850,0.9448878,0.055112183,1,0,1) very rare (1-5)
4851,0.32455373,0.6754463,0,9,2) rare (6-20)
4852,0.8054227,0.19457728,0,1290,4) very common (100+)
4853,0.27594054,0.72405946,0,81,3) common (21-100)
4854,0.18179908,0.81820095,1,2,1) very rare (1-5)
4855,0.48533928,0.5146607,0,1000,4) very common (100+)
4856,0.087232485,0.9127675,0,41,3) common (21-100)
4857,0.8073974,0.19260257,1,1070,4) very common (100+)
4858,0.37478966,0.62521034,1,44,3) common (21-100)
4859,0.99264127,0.00735873,0,211,4) very common (100+)
4860,0.37816924,0.62183076,0,36,3) common (21-100)
4861,0.6455499,0.3544501,1,268,4) very common (100+)
4862,0.068104126,0.93189585,1,0,1) very rare (1-5)
4863,0.4292092,0.57079077,1,0,1) very rare (1-5)
4864,0.06071148,0.9392885,1,0,1) very rare (1-5)
4865,0.7532288,0.24677122,1,0,1) very rare (1-5)
4866,0.21845412,0.7815459,1,19,2) rare (6-20)
4867,0.6954412,0.3045588,0,2,1) very rare (1-5)
4868,0.47527254,0.52472746,1,1,1) very rare (1-5)
4869,0.260436,0.739564,1,16,2) rare (6-20)
4870,0.41084784,0.58915216,0,41,3) common (21-100)
4871,0.42919472,0.5708053,0,268,4) very common (100+)
4872,0.65090215,0.34909785,0,134,4) very common (100+)
4873,0.3255496,0.6744504,1,0,1) very rare (1-5)
4874,0.7687027,0.23129731,0,29,3) common (21-100)
4875,0.3188619,0.6811381,1,15,2) rare (6-20)
4876,0.9637543,0.036245704,0,134,4) very common (100+)
4877,0.12267286,0.87732714,0,56,3) common (21-100)
4878,0.6717515,0.3282485,1,1070,4) very common (100+)
4879,0.5834891,0.41651088,1,0,1) very rare (1-5)
4880,0.7898416,0.21015841,1,19,2) rare (6-20)
4881,0.17705373,0.82294625,0,7,2) rare (6-20)
4882,0.61615974,0.38384026,1,28,3) common (21-100)
4883,0.20020199,0.799798,1,343,4) very common (100+)
4884,0.49341154,0.50658846,1,0,1) very rare (1-5)
4885,0.90600777,0.09399223,0,37,3) common (21-100)
4886,0.3870209,0.6129791,0,106,4) very common (100+)
4887,0.19858678,0.80141324,1,142,4) very common (100+)
4888,0.97218025,0.027819753,0,89,3) common (21-100)
4889,0.3401614,0.65983856,1,7,2) rare (6-20)
4890,0.054740462,0.9452595,1,0,1) very rare (1-5)
4891,0.16252293,0.8374771,1,3,1) very rare (1-5)
4892,0.80095595,0.19904405,0,1000,4) very common (100+)
4893,0.097240746,0.90275925,1,0,1) very rare (1-5)
4894,0.019454923,0.9805451,1,1,1) very rare (1-5)
4895,0.42540798,0.574592,1,343,4) very common (100+)
4896,0.56550014,0.43449986,0,2,1) very rare (1-5)
4897,0.94026154,0.059738457,1,146,4) very common (100+)
4898,0.17743553,0.8225645,0,4,1) very rare (1-5)
4899,0.50392246,0.49607754,0,92,3) common (21-100)
4900,0.88978904,0.110210955,0,22,3) common (21-100)
4901,0.78958434,0.21041566,1,146,4) very common (100+)
4902,0.024207406,0.9757926,0,4,1) very rare (1-5)
4903,0.95871615,0.041283846,0,211,4) very common (100+)
4904,0.9709935,0.029006481,0,223,4) very common (100+)
4905,0.9878364,0.012163579,0,10,2) rare (6-20)
4906,0.43733653,0.56266344,0,107,4) very common (100+)
4907,0.2962026,0.7037974,0,0,1) very rare (1-5)
4908,0.5402489,0.45975113,0,78,3) common (21-100)
4909,0.8131307,0.18686932,1,28,3) common (21-100)
4910,0.43254083,0.56745917,1,105,4) very common (100+)
4911,0.93187165,0.06812835,1,2,1) very rare (1-5)
4912,0.70946985,0.29053015,1,1070,4) very common (100+)
4913,0.013683657,0.9863163,1,16,2) rare (6-20)
4914,0.42880878,0.5711912,1,0,1) very rare (1-5)
4915,0.9535284,0.046471596,1,261,4) very common (100+)
4916,0.39199886,0.6080011,1,1070,4) very common (100+)
4917,0.73903716,0.26096284,0,105,4) very common (100+)
4918,0.60150516,0.39849484,0,58,3) common (21-100)
4919,0.8865903,0.1134097,0,1000,4) very common (100+)
4920,0.2666358,0.7333642,0,0,1) very rare (1-5)
4921,0.50429595,0.49570405,0,8,2) rare (6-20)
4922,0.8743381,0.12566191,0,39,3) common (21-100)
4923,0.37372476,0.62627524,0,3,1) very rare (1-5)
4924,0.06673105,0.93326896,1,118,4) very common (100+)
4925,0.5583121,0.44168788,0,89,3) common (21-100)
4926,0.6860182,0.31398177,1,11,2) rare (6-20)
4927,0.6695185,0.33048153,1,1290,4) very common (100+)
4928,0.5882606,0.4117394,1,0,1) very rare (1-5)
4929,0.54667854,0.45332146,0,343,4) very common (100+)
4930,0.3032184,0.69678164,1,1,1) very rare (1-5)
4931,0.2513403,0.74865973,1,5,1) very rare (1-5)
4932,0.083738215,0.9162618,1,0,1) very rare (1-5)
4933,0.27381647,0.72618353,1,0,1) very rare (1-5)
4934,0.70051783,0.29948217,1,8,2) rare (6-20)
4935,0.9968829,0.0031170845,0,211,4) very common (100+)
4936,0.48819432,0.51180565,0,14,2) rare (6-20)
4937,0.4315711,0.5684289,1,14,2) rare (6-20)
4938,0.7825032,0.21749681,0,18,2) rare (6-20)
4939,0.96052516,0.039474845,0,23,3) common (21-100)
4940,0.9244293,0.0755707,1,7,2) rare (6-20)
4941,0.927797,0.07220298,1,700,4) very common (100+)
4942,0.9613559,0.038644075,0,53,3) common (21-100)
4943,0.037529737,0.9624703,1,2,1) very rare (1-5)
4944,0.34601152,0.6539885,1,160,4) very common (100+)
4945,0.12728688,0.8727131,0,0,1) very rare (1-5)
4946,0.5652192,0.43478078,0,5,1) very rare (1-5)
4947,0.1105421,0.8894579,1,1,1) very rare (1-5)
4948,0.9239503,0.076049685,1,261,4) very common (100+)
4949,0.24258175,0.7574183,1,0,1) very rare (1-5)
4950,0.9544608,0.0455392,0,142,4) very common (100+)
4951,0.10311243,0.89688754,1,1,1) very rare (1-5)
4952,0.029861376,0.9701386,1,0,1) very rare (1-5)
4953,0.70592946,0.29407054,0,4,1) very rare (1-5)
4954,0.07087475,0.92912525,1,0,1) very rare (1-5)
4955,0.15482998,0.84517,0,0,1) very rare (1-5)
4956,0.565147,0.43485302,1,5,1) very rare (1-5)
4957,0.32427514,0.67572486,0,7,2) rare (6-20)
4958,0.5445471,0.45545292,1,31,3) common (21-100)
4959,0.31927854,0.68072146,1,4,1) very rare (1-5)
4960,0.8404836,0.1595164,1,36,3) common (21-100)
4961,0.54229754,0.45770246,1,343,4) very common (100+)
4962,0.33214444,0.66785556,1,23,3) common (21-100)
4963,0.87017393,0.12982607,1,178,4) very common (100+)
4964,0.4784842,0.5215158,0,0,1) very rare (1-5)
4965,0.41779676,0.58220327,1,268,4) very common (100+)
4966,0.33553252,0.66446745,1,58,3) common (21-100)
4967,0.18803167,0.8119683,0,4,1) very rare (1-5)
4968,0.24364957,0.7563504,1,8,2) rare (6-20)
4969,0.28219077,0.7178092,1,5,1) very rare (1-5)
4970,0.09028895,0.90971106,1,0,1) very rare (1-5)
4971,0.081492856,0.91850716,0,17,2) rare (6-20)
4972,0.80907977,0.19092023,1,1070,4) very common (100+)
4973,0.93144625,0.068553746,0,1000,4) very common (100+)
4974,0.5483358,0.4516642,0,159,4) very common (100+)
4975,0.7623847,0.23761529,0,274,4) very common (100+)
4976,0.31174764,0.68825233,1,9,2) rare (6-20)
4977,0.13833568,0.8616643,1,0,1) very rare (1-5)
4978,0.9189715,0.08102852,0,63,3) common (21-100)
4979,0.33224553,0.6677545,1,1290,4) very common (100+)
4980,0.17851834,0.82148165,1,2,1) very rare (1-5)
4981,0.90381706,0.09618294,0,237,4) very common (100+)
4982,0.056163203,0.9438368,0,2,1) very rare (1-5)
4983,0.8844974,0.115502596,1,0,1) very rare (1-5)
4984,0.3155029,0.6844971,1,3,1) very rare (1-5)
4985,0.15267704,0.84732294,0,3,1) very rare (1-5)
4986,0.49585798,0.50414205,1,31,3) common (21-100)
4987,0.034893524,0.9651065,1,0,1) very rare (1-5)
4988,0.20620485,0.79379517,0,16,2) rare (6-20)
4989,0.5863445,0.41365552,1,8,2) rare (6-20)
4990,0.77791274,0.22208726,0,4,1) very rare (1-5)
4991,0.4480197,0.55198026,0,18,2) rare (6-20)
4992,0.20930812,0.79069185,0,3,1) very rare (1-5)
4993,0.94116455,0.058835447,1,1290,4) very common (100+)
4994,0.23328169,0.7667183,1,0,1) very rare (1-5)
4995,0.11796254,0.88203746,0,85,3) common (21-100)
4996,0.068884395,0.9311156,1,0,1) very rare (1-5)
4997,0.78548986,0.21451014,0,43,3) common (21-100)
4998,0.8783661,0.12163389,0,1000,4) very common (100+)
4999,0.60295993,0.39704007,1,0,1) very rare (1-5)
5000,0.94688153,0.053118467,0,223,4) very common (100+)
5001,0.36630917,0.63369083,1,6,2) rare (6-20)
5002,0.18854845,0.81145155,1,1,1) very rare (1-5)
5003,0.9530947,0.04690528,0,89,3) common (21-100)
5004,0.85149485,0.14850515,0,66,3) common (21-100)
5005,0.12980218,0.87019783,1,118,4) very common (100+)
5006,0.97203267,0.027967334,0,274,4) very common (100+)
