mol_idx,top_score,uq,error,frequency,tier
0,0.89473426,0.10526574,0,74,3) common (21-100)
1,0.090754576,0.90924543,0,0,1) very rare (1-5)
2,0.8827059,0.11729407,0,74,3) common (21-100)
3,0.1693827,0.8306173,1,0,1) very rare (1-5)
4,0.06189206,0.93810797,1,0,1) very rare (1-5)
5,0.33641884,0.66358113,0,7,2) rare (6-20)
6,0.6181336,0.3818664,0,2,1) very rare (1-5)
7,0.8078799,0.19212008,0,23,3) common (21-100)
8,0.57419276,0.42580724,1,4,1) very rare (1-5)
9,0.1496347,0.8503653,1,0,1) very rare (1-5)
10,0.1046076,0.8953924,1,0,1) very rare (1-5)
11,0.8329598,0.16704023,0,3,1) very rare (1-5)
12,0.06530811,0.9346919,1,0,1) very rare (1-5)
13,0.35323605,0.6467639,1,0,1) very rare (1-5)
14,0.8155057,0.18449432,0,1,1) very rare (1-5)
15,0.6651359,0.33486408,1,6,2) rare (6-20)
16,0.6172283,0.38277167,0,5,1) very rare (1-5)
17,0.96607035,0.033929646,0,74,3) common (21-100)
18,0.93338984,0.06661016,1,2,1) very rare (1-5)
19,0.6614443,0.3385557,0,3,1) very rare (1-5)
20,0.093790255,0.90620977,1,0,1) very rare (1-5)
21,0.6729141,0.3270859,0,74,3) common (21-100)
22,0.12357064,0.8764294,1,0,1) very rare (1-5)
23,0.7913329,0.2086671,1,14,2) rare (6-20)
24,0.7330171,0.2669829,0,108,4) very common (100+)
25,0.6924721,0.3075279,0,145,4) very common (100+)
26,0.20484851,0.7951515,0,7,2) rare (6-20)
27,0.15216954,0.8478305,1,20,2) rare (6-20)
28,0.2994588,0.7005412,0,10,2) rare (6-20)
29,0.20348428,0.7965157,1,0,1) very rare (1-5)
30,0.7749605,0.22503948,0,7,2) rare (6-20)
31,0.7731608,0.22683918,1,43,3) common (21-100)
32,0.17245737,0.82754266,1,1,1) very rare (1-5)
33,0.6927001,0.3072999,0,6,2) rare (6-20)
34,0.113095805,0.8869042,1,31,3) common (21-100)
35,0.12231816,0.87768185,1,0,1) very rare (1-5)
36,0.25851262,0.7414874,1,0,1) very rare (1-5)
37,0.5700021,0.42999792,1,3,1) very rare (1-5)
38,0.1582717,0.8417283,1,2,1) very rare (1-5)
39,0.5041456,0.49585438,1,84,3) common (21-100)
40,0.15893203,0.84106797,1,0,1) very rare (1-5)
41,0.049490828,0.9505092,1,0,1) very rare (1-5)
42,0.3061372,0.6938628,1,2,1) very rare (1-5)
43,0.39365897,0.606341,0,3,1) very rare (1-5)
44,0.08723769,0.9127623,1,1,1) very rare (1-5)
45,0.5458961,0.4541039,1,0,1) very rare (1-5)
46,0.32123098,0.678769,0,36,3) common (21-100)
47,0.21877947,0.78122056,1,3,1) very rare (1-5)
48,0.05290344,0.9470966,1,1,1) very rare (1-5)
49,0.06290347,0.93709654,1,0,1) very rare (1-5)
50,0.14349152,0.8565085,1,8,2) rare (6-20)
51,0.6236462,0.3763538,1,2,1) very rare (1-5)
52,0.5820509,0.41794908,1,5,1) very rare (1-5)
53,0.3124114,0.6875886,1,44,3) common (21-100)
54,0.052171256,0.94782877,1,0,1) very rare (1-5)
55,0.12232387,0.8776761,1,3,1) very rare (1-5)
56,0.34938523,0.65061474,1,1,1) very rare (1-5)
57,0.49619934,0.50380063,0,274,4) very common (100+)
58,0.046228517,0.9537715,1,14,2) rare (6-20)
59,0.55753714,0.44246286,1,2,1) very rare (1-5)
60,0.48560917,0.5143908,0,1,1) very rare (1-5)
61,0.40440595,0.59559405,1,2,1) very rare (1-5)
62,0.4005358,0.5994642,1,123,4) very common (100+)
63,0.063737765,0.93626225,1,1,1) very rare (1-5)
64,0.43984598,0.560154,1,30,3) common (21-100)
65,0.9630114,0.036988616,0,15,2) rare (6-20)
66,0.534236,0.465764,0,6,2) rare (6-20)
67,0.58516484,0.41483516,1,13,2) rare (6-20)
68,0.9892362,0.010763824,0,274,4) very common (100+)
69,0.25850537,0.74149466,1,0,1) very rare (1-5)
70,0.36366168,0.63633835,0,5,1) very rare (1-5)
71,0.18510813,0.8148919,0,14,2) rare (6-20)
72,0.14670017,0.85329986,1,2,1) very rare (1-5)
73,0.46765432,0.53234565,1,142,4) very common (100+)
74,0.071373835,0.9286262,1,0,1) very rare (1-5)
75,0.63315326,0.36684674,0,81,3) common (21-100)
76,0.2903314,0.70966864,1,30,3) common (21-100)
77,0.5002036,0.4997964,1,4,1) very rare (1-5)
78,0.29603916,0.70396084,1,2,1) very rare (1-5)
79,0.71341777,0.28658223,1,1070,4) very common (100+)
80,0.7923547,0.2076453,1,1,1) very rare (1-5)
81,0.0746814,0.9253186,1,0,1) very rare (1-5)
82,0.05698463,0.9430154,0,3,1) very rare (1-5)
83,0.9587994,0.04120058,1,1290,4) very common (100+)
84,0.22029132,0.7797087,1,1,1) very rare (1-5)
85,0.418247,0.581753,1,19,2) rare (6-20)
86,0.42583552,0.5741645,1,75,3) common (21-100)
87,0.0074502504,0.9925498,1,24,3) common (21-100)
88,0.0753125,0.9246875,1,0,1) very rare (1-5)
89,0.31928185,0.6807182,0,106,4) very common (100+)
90,0.56579214,0.43420786,0,81,3) common (21-100)
91,0.40852347,0.59147656,0,2,1) very rare (1-5)
92,0.22638375,0.77361625,1,6,2) rare (6-20)
93,0.8718386,0.12816137,1,146,4) very common (100+)
94,0.54466426,0.45533574,1,3,1) very rare (1-5)
95,0.85797966,0.14202034,0,1290,4) very common (100+)
96,0.20096877,0.79903126,1,26,3) common (21-100)
97,0.027222907,0.97277707,1,15,2) rare (6-20)
98,0.3003878,0.6996122,1,107,4) very common (100+)
99,0.83683324,0.16316676,1,1070,4) very common (100+)
100,0.30704892,0.6929511,0,96,3) common (21-100)
101,0.10880353,0.8911965,1,1,1) very rare (1-5)
102,0.6311909,0.3688091,0,118,4) very common (100+)
103,0.31589967,0.68410033,0,0,1) very rare (1-5)
104,0.8847506,0.115249395,1,54,3) common (21-100)
105,0.8831427,0.11685729,0,1290,4) very common (100+)
106,0.9975527,0.002447307,0,89,3) common (21-100)
107,0.06519718,0.93480283,1,20,2) rare (6-20)
108,0.9004129,0.09958708,0,66,3) common (21-100)
109,0.15015382,0.8498462,1,9,2) rare (6-20)
110,0.99129725,0.008702755,1,89,3) common (21-100)
111,0.47873744,0.5212625,1,16,2) rare (6-20)
112,0.15096164,0.84903836,1,0,1) very rare (1-5)
113,0.3408406,0.6591594,0,43,3) common (21-100)
114,0.11444681,0.8855532,1,111,4) very common (100+)
115,0.81412673,0.18587327,0,145,4) very common (100+)
116,0.012271565,0.9877284,1,1,1) very rare (1-5)
117,0.89330536,0.10669464,0,70,3) common (21-100)
118,0.48312008,0.5168799,0,94,3) common (21-100)
119,0.7579749,0.24202508,0,123,4) very common (100+)
120,0.3015289,0.69847107,1,33,3) common (21-100)
121,0.6112703,0.3887297,1,0,1) very rare (1-5)
122,0.6940289,0.3059711,1,0,1) very rare (1-5)
123,0.97761965,0.022380352,0,700,4) very common (100+)
124,0.73887527,0.26112473,1,37,3) common (21-100)
125,0.77481407,0.22518593,0,52,3) common (21-100)
126,0.6175657,0.3824343,1,0,1) very rare (1-5)
127,0.21851659,0.7814834,1,2,1) very rare (1-5)
128,0.059529457,0.9404705,1,0,1) very rare (1-5)
129,0.5604991,0.43950093,0,106,4) very common (100+)
130,0.9532102,0.046789825,1,11,2) rare (6-20)
131,0.78393644,0.21606356,1,2,1) very rare (1-5)
132,0.8165711,0.18342888,0,6,2) rare (6-20)
133,0.6408846,0.35911542,0,1,1) very rare (1-5)
134,0.9908359,0.009164095,0,274,4) very common (100+)
135,0.27325848,0.72674155,1,0,1) very rare (1-5)
136,0.8548522,0.1451478,0,78,3) common (21-100)
137,0.6219655,0.37803447,1,0,1) very rare (1-5)
138,0.5503157,0.44968432,1,1290,4) very common (100+)
139,0.56972694,0.43027306,1,1070,4) very common (100+)
140,0.9951102,0.0048897862,0,343,4) very common (100+)
141,0.8175118,0.1824882,0,74,3) common (21-100)
142,0.6205664,0.37943357,0,66,3) common (21-100)
143,0.400734,0.599266,1,2,1) very rare (1-5)
144,0.29341817,0.70658183,1,13,2) rare (6-20)
145,0.5542283,0.4457717,0,5,1) very rare (1-5)
146,0.44775307,0.5522469,1,166,4) very common (100+)
147,0.02504224,0.97495776,1,3,1) very rare (1-5)
148,0.10217643,0.8978236,1,1,1) very rare (1-5)
149,0.55492675,0.44507325,0,33,3) common (21-100)
150,0.5818514,0.41814858,0,178,4) very common (100+)
151,0.42016527,0.5798347,0,5,1) very rare (1-5)
152,0.6779042,0.3220958,0,1290,4) very common (100+)
153,0.06076931,0.9392307,1,33,3) common (21-100)
154,0.044627033,0.955373,1,0,1) very rare (1-5)
155,0.43426412,0.5657359,0,33,3) common (21-100)
156,0.8814258,0.1185742,0,9,2) rare (6-20)
157,0.9719434,0.028056622,1,8,2) rare (6-20)
158,0.95511764,0.044882357,0,39,3) common (21-100)
159,0.3000336,0.69996643,1,4,1) very rare (1-5)
160,0.13397174,0.86602825,0,10,2) rare (6-20)
161,0.13556542,0.8644346,1,0,1) very rare (1-5)
162,0.13692151,0.8630785,1,76,3) common (21-100)
163,0.4008204,0.5991796,0,4,1) very rare (1-5)
164,0.1365719,0.8634281,1,160,4) very common (100+)
165,0.0644523,0.9355477,1,4,1) very rare (1-5)
166,0.6563989,0.3436011,1,7,2) rare (6-20)
167,0.4590434,0.5409566,0,4,1) very rare (1-5)
168,0.47489747,0.5251025,0,223,4) very common (100+)
169,0.37949693,0.62050307,1,8,2) rare (6-20)
170,0.2397271,0.7602729,1,0,1) very rare (1-5)
171,0.14342469,0.8565753,1,26,3) common (21-100)
172,0.6293209,0.37067908,1,1290,4) very common (100+)
173,0.68136704,0.31863296,0,105,4) very common (100+)
174,0.45229983,0.54770017,1,1,1) very rare (1-5)
175,0.32324913,0.6767509,1,2,1) very rare (1-5)
176,0.36561686,0.63438314,1,15,2) rare (6-20)
177,0.2993875,0.7006125,0,102,4) very common (100+)
178,0.8350505,0.16494948,0,1070,4) very common (100+)
179,0.8963556,0.10364437,0,15,2) rare (6-20)
180,0.783444,0.21655601,0,1070,4) very common (100+)
181,0.74070424,0.25929576,0,79,3) common (21-100)
182,0.68783,0.31217003,1,1070,4) very common (100+)
183,0.0838822,0.9161178,1,36,3) common (21-100)
184,0.62184906,0.37815094,0,66,3) common (21-100)
185,0.8265774,0.17342257,0,1070,4) very common (100+)
186,0.9970943,0.0029057264,0,211,4) very common (100+)
187,0.43509313,0.56490684,1,81,3) common (21-100)
188,0.026867583,0.97313243,1,10,2) rare (6-20)
189,0.30341548,0.6965845,0,1,1) very rare (1-5)
190,0.923558,0.076442,0,1070,4) very common (100+)
191,0.057843838,0.94215614,1,2,1) very rare (1-5)
192,0.31333664,0.6866634,1,20,2) rare (6-20)
193,0.18707567,0.8129243,0,5,1) very rare (1-5)
194,0.13754253,0.86245745,0,4,1) very rare (1-5)
195,0.5957168,0.40428323,0,4,1) very rare (1-5)
196,0.7976756,0.20232439,0,6,2) rare (6-20)
197,0.8177726,0.18222737,1,45,3) common (21-100)
198,0.5752034,0.42479658,1,108,4) very common (100+)
199,0.21004644,0.7899536,0,44,3) common (21-100)
200,0.5121209,0.4878791,1,30,3) common (21-100)
201,0.33943227,0.66056776,1,96,3) common (21-100)
202,0.9606381,0.039361894,0,70,3) common (21-100)
203,0.047463488,0.9525365,1,0,1) very rare (1-5)
204,0.030351097,0.9696489,1,2,1) very rare (1-5)
205,0.34474346,0.6552565,1,2,1) very rare (1-5)
206,0.4276279,0.5723721,1,372,4) very common (100+)
207,0.6864646,0.3135354,1,0,1) very rare (1-5)
208,0.4181006,0.5818994,1,11,2) rare (6-20)
209,0.45344824,0.54655176,1,0,1) very rare (1-5)
210,0.31996143,0.6800386,1,274,4) very common (100+)
211,0.8369434,0.16305661,1,99,3) common (21-100)
212,0.14410244,0.85589755,1,5,1) very rare (1-5)
213,0.89704955,0.102950454,0,1290,4) very common (100+)
214,0.53189546,0.46810454,0,5,1) very rare (1-5)
215,0.21422957,0.7857704,1,1,1) very rare (1-5)
216,0.8526537,0.14734632,0,121,4) very common (100+)
217,0.55825657,0.44174343,1,1,1) very rare (1-5)
218,0.47662026,0.52337974,0,118,4) very common (100+)
219,0.97390467,0.02609533,0,118,4) very common (100+)
220,0.6499525,0.35004753,1,1,1) very rare (1-5)
221,0.52984095,0.47015905,0,6,2) rare (6-20)
222,0.39482635,0.60517365,1,4,1) very rare (1-5)
223,0.12173429,0.87826574,1,4,1) very rare (1-5)
224,0.057008095,0.9429919,1,1,1) very rare (1-5)
225,0.8742791,0.12572092,0,1290,4) very common (100+)
226,0.6578982,0.3421018,1,9,2) rare (6-20)
227,0.5361595,0.46384048,0,8,2) rare (6-20)
228,0.42094624,0.57905376,1,9,2) rare (6-20)
229,0.56101334,0.43898666,1,237,4) very common (100+)
230,0.8314183,0.16858172,0,261,4) very common (100+)
231,0.6887973,0.3112027,1,3,1) very rare (1-5)
232,0.042630304,0.9573697,1,3,1) very rare (1-5)
233,0.78378654,0.21621346,0,108,4) very common (100+)
234,0.47233015,0.52766985,0,118,4) very common (100+)
235,0.10144758,0.8985524,1,9,2) rare (6-20)
236,0.35020977,0.6497902,1,20,2) rare (6-20)
237,0.35759172,0.64240825,0,22,3) common (21-100)
238,0.04590915,0.95409083,1,3,1) very rare (1-5)
239,0.3327519,0.66724813,1,145,4) very common (100+)
240,0.81306833,0.18693167,1,84,3) common (21-100)
241,0.39185157,0.60814846,1,33,3) common (21-100)
242,0.97162014,0.028379858,1,8,2) rare (6-20)
243,0.06516258,0.9348374,1,1,1) very rare (1-5)
244,0.08837,0.91163,1,39,3) common (21-100)
245,0.6325724,0.3674276,0,1070,4) very common (100+)
246,0.87392366,0.12607634,0,1070,4) very common (100+)
247,0.78313553,0.21686447,0,39,3) common (21-100)
248,0.13648282,0.86351717,0,3,1) very rare (1-5)
249,0.82455945,0.17544055,0,92,3) common (21-100)
250,0.11877149,0.8812285,1,0,1) very rare (1-5)
251,0.29775485,0.7022451,1,2,1) very rare (1-5)
252,0.44097015,0.5590298,0,5,1) very rare (1-5)
253,0.9154686,0.08453143,0,421,4) very common (100+)
254,0.22318411,0.7768159,1,0,1) very rare (1-5)
255,0.447895,0.552105,0,0,1) very rare (1-5)
256,0.6106103,0.3893897,1,16,2) rare (6-20)
257,0.22892798,0.77107203,1,0,1) very rare (1-5)
258,0.37724236,0.6227577,1,1070,4) very common (100+)
259,0.060958773,0.93904126,1,14,2) rare (6-20)
260,0.9441911,0.0558089,0,47,3) common (21-100)
261,0.6511962,0.34880382,1,0,1) very rare (1-5)
262,0.110557005,0.889443,0,18,2) rare (6-20)
263,0.99725,0.0027499795,0,700,4) very common (100+)
264,0.7913354,0.2086646,1,79,3) common (21-100)
265,0.9721376,0.02786243,0,178,4) very common (100+)
266,0.8776814,0.122318625,0,261,4) very common (100+)
267,0.9169481,0.08305192,0,105,4) very common (100+)
268,0.546048,0.453952,0,5,1) very rare (1-5)
269,0.76524526,0.23475474,0,2,1) very rare (1-5)
270,0.038091052,0.96190894,1,0,1) very rare (1-5)
271,0.07922774,0.92077225,1,6,2) rare (6-20)
272,0.564,0.436,0,19,2) rare (6-20)
273,0.6319925,0.36800748,1,0,1) very rare (1-5)
274,0.08461423,0.9153858,1,3,1) very rare (1-5)
275,0.9601367,0.03986329,0,372,4) very common (100+)
276,0.566772,0.43322802,0,2,1) very rare (1-5)
277,0.9294662,0.07053381,0,1070,4) very common (100+)
278,0.20516641,0.7948336,1,58,3) common (21-100)
279,0.51443666,0.48556334,0,372,4) very common (100+)
280,0.49325433,0.5067457,1,1290,4) very common (100+)
281,0.52975595,0.47024405,1,0,1) very rare (1-5)
282,0.09844536,0.90155464,1,4,1) very rare (1-5)
283,0.45951042,0.54048955,1,58,3) common (21-100)
284,0.40995097,0.590049,1,5,1) very rare (1-5)
285,0.80838406,0.19161594,1,66,3) common (21-100)
286,0.7675883,0.23241168,0,52,3) common (21-100)
287,0.88104236,0.11895764,1,178,4) very common (100+)
288,0.6638783,0.33612168,0,5,1) very rare (1-5)
289,0.8732192,0.12678081,0,29,3) common (21-100)
290,0.6355098,0.3644902,0,1290,4) very common (100+)
291,0.8094648,0.19053519,1,7,2) rare (6-20)
292,0.7991815,0.20081848,0,105,4) very common (100+)
293,0.5358829,0.4641171,0,24,3) common (21-100)
294,0.8844472,0.11555278,0,94,3) common (21-100)
295,0.9793306,0.0206694,1,0,1) very rare (1-5)
296,0.8287101,0.17128992,1,2,1) very rare (1-5)
297,0.25104558,0.7489544,0,23,3) common (21-100)
298,0.7132351,0.28676492,0,1070,4) very common (100+)
299,0.86925256,0.13074744,0,79,3) common (21-100)
300,0.2706024,0.7293976,1,0,1) very rare (1-5)
301,0.059114024,0.94088596,1,5,1) very rare (1-5)
302,0.20713632,0.79286367,1,134,4) very common (100+)
303,0.4989144,0.50108564,0,700,4) very common (100+)
304,0.11757432,0.88242567,1,0,1) very rare (1-5)
305,0.018149871,0.98185015,1,1,1) very rare (1-5)
306,0.5306388,0.4693612,0,6,2) rare (6-20)
307,0.06448583,0.93551415,0,0,1) very rare (1-5)
308,0.52987486,0.47012514,0,13,2) rare (6-20)
309,0.5140193,0.4859807,1,1,1) very rare (1-5)
310,0.6617218,0.33827817,0,11,2) rare (6-20)
311,0.80275166,0.19724834,0,1,1) very rare (1-5)
312,0.24937296,0.75062704,1,107,4) very common (100+)
313,0.2938845,0.7061155,1,28,3) common (21-100)
314,0.9601586,0.039841413,0,99,3) common (21-100)
315,0.9737811,0.026218891,1,5,1) very rare (1-5)
316,0.9620441,0.03795588,0,4,1) very rare (1-5)
317,0.15623972,0.84376025,0,0,1) very rare (1-5)
318,0.27964172,0.72035825,0,23,3) common (21-100)
319,0.7851679,0.21483213,0,6,2) rare (6-20)
320,0.38239542,0.6176046,0,268,4) very common (100+)
321,0.5270203,0.47297972,0,76,3) common (21-100)
322,0.895978,0.104022026,0,12,2) rare (6-20)
323,0.53105426,0.46894574,1,79,3) common (21-100)
324,0.3853924,0.6146076,1,6,2) rare (6-20)
325,0.5401892,0.4598108,1,105,4) very common (100+)
326,0.98436654,0.015633464,0,182,4) very common (100+)
327,0.403413,0.596587,0,106,4) very common (100+)
328,0.042807717,0.9571923,0,274,4) very common (100+)
329,0.38331458,0.6166854,1,39,3) common (21-100)
330,0.4047395,0.5952605,1,268,4) very common (100+)
331,0.7881014,0.21189862,0,1290,4) very common (100+)
332,0.8783434,0.1216566,0,10,2) rare (6-20)
333,0.7011482,0.2988518,0,106,4) very common (100+)
334,0.15155274,0.84844726,1,2,1) very rare (1-5)
335,0.7017147,0.2982853,0,4,1) very rare (1-5)
336,0.3711623,0.6288377,1,1,1) very rare (1-5)
337,0.6367094,0.3632906,0,14,2) rare (6-20)
338,0.7032964,0.29670358,1,0,1) very rare (1-5)
339,0.19766575,0.80233425,1,3,1) very rare (1-5)
340,0.6947715,0.30522847,1,1070,4) very common (100+)
341,0.76705146,0.23294854,0,1290,4) very common (100+)
342,0.62411577,0.37588423,1,38,3) common (21-100)
343,0.5201676,0.4798324,1,23,3) common (21-100)
344,0.7603746,0.2396254,0,372,4) very common (100+)
345,0.2528584,0.7471416,1,1,1) very rare (1-5)
346,0.90350634,0.09649366,0,700,4) very common (100+)
347,0.66310036,0.33689964,0,121,4) very common (100+)
348,0.15676689,0.8432331,1,58,3) common (21-100)
349,0.5442248,0.4557752,0,3,1) very rare (1-5)
350,0.5740701,0.4259299,1,268,4) very common (100+)
351,0.7556402,0.24435979,0,13,2) rare (6-20)
352,0.17823939,0.8217606,1,0,1) very rare (1-5)
353,0.96379286,0.03620714,0,85,3) common (21-100)
354,0.3816833,0.6183167,1,2,1) very rare (1-5)
355,0.20484781,0.7951522,1,0,1) very rare (1-5)
356,0.6629961,0.3370039,0,49,3) common (21-100)
357,0.9101449,0.089855075,0,700,4) very common (100+)
358,0.9034842,0.096515775,0,46,3) common (21-100)
359,0.6391147,0.36088532,1,1,1) very rare (1-5)
360,0.46100226,0.53899777,0,23,3) common (21-100)
361,0.4349437,0.5650563,1,81,3) common (21-100)
362,0.85224634,0.14775366,0,1070,4) very common (100+)
363,0.5720406,0.42795938,0,108,4) very common (100+)
364,0.5133832,0.4866168,1,1290,4) very common (100+)
365,0.69880545,0.30119455,1,58,3) common (21-100)
366,0.21215247,0.7878475,1,4,1) very rare (1-5)
367,0.6922087,0.3077913,0,145,4) very common (100+)
368,0.5982334,0.4017666,1,1290,4) very common (100+)
369,0.09489683,0.90510315,1,0,1) very rare (1-5)
370,0.8474769,0.1525231,1,16,2) rare (6-20)
371,0.09928548,0.9007145,1,1,1) very rare (1-5)
372,0.6064561,0.3935439,1,1290,4) very common (100+)
373,0.40423247,0.5957675,1,166,4) very common (100+)
374,0.47366488,0.5263351,1,1070,4) very common (100+)
375,0.34325323,0.65674675,1,1,1) very rare (1-5)
376,0.9086707,0.09132928,0,74,3) common (21-100)
377,0.9421224,0.0578776,0,142,4) very common (100+)
378,0.8496423,0.15035772,1,99,3) common (21-100)
379,0.27180928,0.7281907,1,24,3) common (21-100)
380,0.4907608,0.5092392,0,12,2) rare (6-20)
381,0.052829858,0.94717014,0,6,2) rare (6-20)
382,0.33631182,0.6636882,1,166,4) very common (100+)
383,0.26978394,0.730216,0,3,1) very rare (1-5)
384,0.59915227,0.40084773,1,166,4) very common (100+)
385,0.72191024,0.27808976,1,17,2) rare (6-20)
386,0.6433012,0.3566988,0,421,4) very common (100+)
387,0.45361865,0.54638135,1,3,1) very rare (1-5)
388,0.19422798,0.805772,1,3,1) very rare (1-5)
389,0.6454292,0.3545708,0,160,4) very common (100+)
390,0.04346262,0.95653737,1,0,1) very rare (1-5)
391,0.32558912,0.6744109,1,78,3) common (21-100)
392,0.23377025,0.76622975,1,0,1) very rare (1-5)
393,0.90532416,0.09467584,1,275,4) very common (100+)
394,0.77958757,0.22041243,1,118,4) very common (100+)
395,0.1154986,0.8845014,1,0,1) very rare (1-5)
396,0.34452185,0.6554781,0,1,1) very rare (1-5)
397,0.49271291,0.5072871,0,142,4) very common (100+)
398,0.15808803,0.841912,1,0,1) very rare (1-5)
399,0.049681097,0.95031893,1,36,3) common (21-100)
400,0.42861247,0.5713875,0,372,4) very common (100+)
401,0.76087713,0.23912287,0,55,3) common (21-100)
402,0.7322057,0.2677943,1,3,1) very rare (1-5)
403,0.9773381,0.022661924,0,78,3) common (21-100)
404,0.69263756,0.30736244,0,700,4) very common (100+)
405,0.47559217,0.52440786,1,70,3) common (21-100)
406,0.98694927,0.013050735,0,421,4) very common (100+)
407,0.30000603,0.69999397,1,107,4) very common (100+)
408,0.34147993,0.6585201,1,96,3) common (21-100)
409,0.6984166,0.3015834,0,237,4) very common (100+)
410,0.5709167,0.4290833,0,124,4) very common (100+)
411,0.1961043,0.8038957,1,39,3) common (21-100)
412,0.4931905,0.5068095,0,2,1) very rare (1-5)
413,0.3092517,0.69074833,1,237,4) very common (100+)
414,0.0674223,0.9325777,1,2,1) very rare (1-5)
415,0.94040054,0.05959946,0,159,4) very common (100+)
416,0.39558694,0.60441303,1,39,3) common (21-100)
417,0.55276316,0.44723684,1,1290,4) very common (100+)
418,0.8831297,0.116870284,1,6,2) rare (6-20)
419,0.9163556,0.08364439,0,124,4) very common (100+)
420,0.11015718,0.8898428,1,49,3) common (21-100)
421,0.013322664,0.98667735,1,0,1) very rare (1-5)
422,0.26409695,0.735903,0,2,1) very rare (1-5)
423,0.4305474,0.56945264,1,118,4) very common (100+)
424,0.42826888,0.5717311,0,18,2) rare (6-20)
425,0.6441854,0.35581458,1,4,1) very rare (1-5)
426,0.16883065,0.83116937,0,66,3) common (21-100)
427,0.31828102,0.68171895,1,0,1) very rare (1-5)
428,0.14411618,0.85588384,1,32,3) common (21-100)
429,0.8075228,0.19247723,0,343,4) very common (100+)
430,0.8295505,0.1704495,1,41,3) common (21-100)
431,0.8871482,0.1128518,0,1290,4) very common (100+)
432,0.34665897,0.65334105,0,58,3) common (21-100)
433,0.27919462,0.7208054,0,2,1) very rare (1-5)
434,0.94234675,0.05765325,1,70,3) common (21-100)
435,0.20616852,0.79383147,1,2,1) very rare (1-5)
436,0.80504036,0.19495964,1,1,1) very rare (1-5)
437,0.1265857,0.8734143,1,0,1) very rare (1-5)
438,0.15590405,0.84409595,1,24,3) common (21-100)
439,0.39933592,0.6006641,0,42,3) common (21-100)
440,0.82486266,0.17513734,0,372,4) very common (100+)
441,0.5152274,0.48477262,1,0,1) very rare (1-5)
442,0.74847955,0.25152045,0,1070,4) very common (100+)
443,0.9377673,0.062232673,0,237,4) very common (100+)
444,0.13704462,0.8629554,0,0,1) very rare (1-5)
445,0.2781351,0.72186494,0,3,1) very rare (1-5)
446,0.98314524,0.016854763,0,1290,4) very common (100+)
447,0.88300145,0.11699855,1,12,2) rare (6-20)
448,0.45785353,0.54214644,0,105,4) very common (100+)
449,0.9211356,0.078864396,0,86,3) common (21-100)
450,0.9063373,0.09366268,0,47,3) common (21-100)
451,0.35111046,0.64888954,0,123,4) very common (100+)
452,0.49727714,0.50272286,1,49,3) common (21-100)
453,0.9304142,0.0695858,0,12,2) rare (6-20)
454,0.019840159,0.9801598,1,8,2) rare (6-20)
455,0.116258204,0.8837418,1,0,1) very rare (1-5)
456,0.24179381,0.7582062,0,7,2) rare (6-20)
457,0.32437307,0.67562693,0,5,1) very rare (1-5)
458,0.9500302,0.049969792,0,211,4) very common (100+)
459,0.4760445,0.52395546,0,20,2) rare (6-20)
460,0.08059695,0.9194031,1,0,1) very rare (1-5)
461,0.968663,0.031337023,0,700,4) very common (100+)
462,0.1284533,0.8715467,1,1,1) very rare (1-5)
463,0.9312419,0.06875807,0,5,1) very rare (1-5)
464,0.948867,0.051132977,0,1290,4) very common (100+)
465,0.06670599,0.933294,1,0,1) very rare (1-5)
466,0.7123723,0.2876277,0,42,3) common (21-100)
467,0.07671296,0.92328703,1,4,1) very rare (1-5)
468,0.9985195,0.0014805198,0,211,4) very common (100+)
469,0.07422161,0.9257784,0,0,1) very rare (1-5)
470,0.9306257,0.06937432,0,700,4) very common (100+)
471,0.74505574,0.25494426,1,34,3) common (21-100)
472,0.86461323,0.13538677,0,223,4) very common (100+)
473,0.11465057,0.88534945,1,0,1) very rare (1-5)
474,0.16811226,0.8318877,1,0,1) very rare (1-5)
475,0.30525732,0.6947427,1,47,3) common (21-100)
476,0.6233897,0.37661028,0,8,2) rare (6-20)
477,0.24009381,0.7599062,0,0,1) very rare (1-5)
478,0.38035715,0.61964285,1,13,2) rare (6-20)
479,0.46667036,0.5333296,1,0,1) very rare (1-5)
480,0.55132604,0.44867396,1,274,4) very common (100+)
481,0.26249796,0.73750204,1,0,1) very rare (1-5)
482,0.7755772,0.22442281,1,0,1) very rare (1-5)
483,0.3978893,0.60211074,1,70,3) common (21-100)
484,0.11586149,0.8841385,1,10,2) rare (6-20)
485,0.62967324,0.37032676,1,0,1) very rare (1-5)
486,0.11645757,0.8835424,1,58,3) common (21-100)
487,0.340464,0.659536,1,19,2) rare (6-20)
488,0.70489025,0.29510975,1,1,1) very rare (1-5)
489,0.592088,0.40791202,1,6,2) rare (6-20)
490,0.9194776,0.08052242,0,1070,4) very common (100+)
491,0.31435767,0.68564236,0,2,1) very rare (1-5)
492,0.8089588,0.19104117,0,1290,4) very common (100+)
493,0.9754193,0.024580717,0,142,4) very common (100+)
494,0.6882556,0.3117444,0,14,2) rare (6-20)
495,0.5078788,0.49212122,0,275,4) very common (100+)
496,0.8611273,0.13887268,0,23,3) common (21-100)
497,0.64683515,0.35316485,0,12,2) rare (6-20)
498,0.20629802,0.793702,1,0,1) very rare (1-5)
499,0.325971,0.674029,0,37,3) common (21-100)
500,0.3990289,0.6009711,1,0,1) very rare (1-5)
501,0.12982662,0.8701734,1,0,1) very rare (1-5)
502,0.15368234,0.84631765,1,0,1) very rare (1-5)
503,0.14055431,0.8594457,0,1,1) very rare (1-5)
504,0.23552868,0.7644713,1,0,1) very rare (1-5)
505,0.21698469,0.7830153,1,0,1) very rare (1-5)
506,0.4661383,0.5338617,1,10,2) rare (6-20)
507,0.52694714,0.47305286,1,1290,4) very common (100+)
508,0.23831646,0.7616835,1,15,2) rare (6-20)
509,0.6304207,0.36957932,1,4,1) very rare (1-5)
510,0.36247158,0.6375284,1,76,3) common (21-100)
511,0.8911033,0.10889667,1,11,2) rare (6-20)
512,0.7646976,0.23530239,0,105,4) very common (100+)
513,0.8266223,0.1733777,1,62,3) common (21-100)
514,0.3416383,0.6583617,1,1290,4) very common (100+)
515,0.012422674,0.9875773,1,4,1) very rare (1-5)
516,0.061901156,0.93809885,1,36,3) common (21-100)
517,0.31464458,0.6853554,0,1,1) very rare (1-5)
518,0.16009465,0.8399054,1,6,2) rare (6-20)
519,0.31403765,0.6859623,0,46,3) common (21-100)
520,0.7026482,0.29735178,0,5,1) very rare (1-5)
521,0.63233596,0.36766404,1,0,1) very rare (1-5)
522,0.17387453,0.8261255,1,0,1) very rare (1-5)
523,0.13537899,0.86462104,1,18,2) rare (6-20)
524,0.59148484,0.40851516,1,1,1) very rare (1-5)
525,0.2236723,0.7763277,1,23,3) common (21-100)
526,0.30457348,0.6954265,0,4,1) very rare (1-5)
527,0.53507376,0.46492624,1,0,1) very rare (1-5)
528,0.78921187,0.21078813,1,2,1) very rare (1-5)
529,0.2442955,0.7557045,1,14,2) rare (6-20)
530,0.33114198,0.66885805,0,56,3) common (21-100)
531,0.7820746,0.21792543,1,2,1) very rare (1-5)
532,0.70178205,0.29821795,0,96,3) common (21-100)
533,0.25128144,0.74871856,1,2,1) very rare (1-5)
534,0.29694757,0.7030524,1,41,3) common (21-100)
535,0.6135115,0.3864885,1,62,3) common (21-100)
536,0.22625744,0.77374256,1,4,1) very rare (1-5)
537,0.5995118,0.4004882,1,1070,4) very common (100+)
538,0.38981053,0.61018944,0,36,3) common (21-100)
539,0.97040737,0.029592633,0,3,1) very rare (1-5)
540,0.21877214,0.7812278,0,372,4) very common (100+)
541,0.12126286,0.87873715,0,8,2) rare (6-20)
542,0.04852222,0.95147777,1,0,1) very rare (1-5)
543,0.23215261,0.7678474,1,21,3) common (21-100)
544,0.6394479,0.36055207,0,19,2) rare (6-20)
545,0.65527415,0.34472585,0,19,2) rare (6-20)
546,0.6092545,0.39074552,0,28,3) common (21-100)
547,0.80189276,0.19810724,0,372,4) very common (100+)
548,0.038826086,0.9611739,1,0,1) very rare (1-5)
549,0.100426175,0.8995738,1,62,3) common (21-100)
550,0.71871847,0.28128153,0,105,4) very common (100+)
551,0.1394634,0.8605366,1,0,1) very rare (1-5)
552,0.65945286,0.34054714,0,6,2) rare (6-20)
553,0.34070554,0.6592945,0,2,1) very rare (1-5)
554,0.41482842,0.5851716,0,5,1) very rare (1-5)
555,0.222151,0.777849,0,5,1) very rare (1-5)
556,0.59492236,0.40507764,0,49,3) common (21-100)
557,0.8339351,0.16606492,1,9,2) rare (6-20)
558,0.20633447,0.7936655,0,28,3) common (21-100)
559,0.81114435,0.18885565,0,26,3) common (21-100)
560,0.32890144,0.6710986,0,15,2) rare (6-20)
561,0.19429418,0.8057058,1,106,4) very common (100+)
562,0.2143114,0.7856886,1,2,1) very rare (1-5)
563,0.2841774,0.7158226,1,0,1) very rare (1-5)
564,0.7750247,0.22497529,1,20,2) rare (6-20)
565,0.5084535,0.4915465,1,1,1) very rare (1-5)
566,0.5587775,0.4412225,1,12,2) rare (6-20)
567,0.19731548,0.80268455,1,107,4) very common (100+)
568,0.61798203,0.38201797,1,124,4) very common (100+)
569,0.77839535,0.22160465,0,7,2) rare (6-20)
570,0.27190655,0.72809345,0,5,1) very rare (1-5)
571,0.97272664,0.027273357,0,237,4) very common (100+)
572,0.13754246,0.8624575,0,1,1) very rare (1-5)
573,0.053643614,0.9463564,1,16,2) rare (6-20)
574,0.6461886,0.35381138,0,1,1) very rare (1-5)
575,0.5422605,0.45773947,0,1290,4) very common (100+)
576,0.62923795,0.37076205,1,700,4) very common (100+)
577,0.23428583,0.76571417,0,5,1) very rare (1-5)
578,0.6446075,0.35539252,0,14,2) rare (6-20)
579,0.1138871,0.8861129,0,178,4) very common (100+)
580,0.052965328,0.94703466,1,372,4) very common (100+)
581,0.6550611,0.34493887,0,3,1) very rare (1-5)
582,0.6998204,0.3001796,0,70,3) common (21-100)
583,0.24362819,0.7563718,1,6,2) rare (6-20)
584,0.5265916,0.4734084,0,223,4) very common (100+)
585,0.5251766,0.47482342,1,1290,4) very common (100+)
586,0.53339404,0.46660596,0,62,3) common (21-100)
587,0.7868619,0.2131381,0,421,4) very common (100+)
588,0.15857497,0.84142506,0,159,4) very common (100+)
589,0.9770676,0.02293241,0,1000,4) very common (100+)
590,0.14446819,0.8555318,1,7,2) rare (6-20)
591,0.052408163,0.94759184,1,3,1) very rare (1-5)
592,0.9380586,0.061941385,0,237,4) very common (100+)
593,0.5476199,0.45238012,0,34,3) common (21-100)
594,0.95361805,0.04638195,0,47,3) common (21-100)
595,0.71117824,0.28882176,1,10,2) rare (6-20)
596,0.7046522,0.2953478,0,3,1) very rare (1-5)
597,0.9692227,0.030777276,0,274,4) very common (100+)
598,0.12991947,0.87008053,0,2,1) very rare (1-5)
599,0.3155983,0.6844017,0,21,3) common (21-100)
600,0.3753248,0.6246752,1,17,2) rare (6-20)
601,0.15798421,0.8420158,1,1,1) very rare (1-5)
602,0.54279315,0.45720685,1,78,3) common (21-100)
603,0.5602108,0.43978918,1,78,3) common (21-100)
604,0.55179644,0.44820356,0,105,4) very common (100+)
605,0.8641071,0.13589293,0,10,2) rare (6-20)
606,0.7254869,0.27451313,1,3,1) very rare (1-5)
607,0.74933624,0.25066376,0,79,3) common (21-100)
608,0.61310923,0.38689077,0,275,4) very common (100+)
609,0.62363976,0.37636024,0,12,2) rare (6-20)
610,0.28634644,0.71365356,1,124,4) very common (100+)
611,0.8456022,0.15439779,0,1,1) very rare (1-5)
612,0.1966798,0.80332017,1,25,3) common (21-100)
613,0.6351397,0.3648603,1,1,1) very rare (1-5)
614,0.4531912,0.54680884,0,5,1) very rare (1-5)
615,0.23492764,0.76507235,1,142,4) very common (100+)
616,0.02371089,0.9762891,1,0,1) very rare (1-5)
617,0.21066944,0.78933054,1,76,3) common (21-100)
618,0.3067677,0.6932323,0,159,4) very common (100+)
619,0.69387966,0.30612034,0,106,4) very common (100+)
620,0.46881363,0.53118634,0,5,1) very rare (1-5)
621,0.63490546,0.36509454,0,14,2) rare (6-20)
622,0.06029749,0.9397025,1,0,1) very rare (1-5)
623,0.049546354,0.95045364,1,10,2) rare (6-20)
624,0.2888948,0.7111052,0,5,1) very rare (1-5)
625,0.28165475,0.7183453,0,86,3) common (21-100)
626,0.04720159,0.9527984,1,79,3) common (21-100)
627,0.20804739,0.7919526,1,8,2) rare (6-20)
628,0.45424837,0.54575163,1,38,3) common (21-100)
629,0.47874287,0.52125716,0,6,2) rare (6-20)
630,0.33152303,0.66847694,1,1,1) very rare (1-5)
631,0.13884804,0.86115193,1,3,1) very rare (1-5)
632,0.97167027,0.02832973,0,12,2) rare (6-20)
633,0.1814981,0.8185019,1,9,2) rare (6-20)
634,0.2516915,0.74830854,1,0,1) very rare (1-5)
635,0.4451744,0.5548256,1,2,1) very rare (1-5)
636,0.9373597,0.06264031,0,23,3) common (21-100)
637,0.11542427,0.8845757,1,0,1) very rare (1-5)
638,0.47292578,0.5270742,1,0,1) very rare (1-5)
639,0.17423315,0.82576686,0,2,1) very rare (1-5)
640,0.80014974,0.19985026,0,82,3) common (21-100)
641,0.5346691,0.4653309,0,2,1) very rare (1-5)
642,0.100362405,0.8996376,0,0,1) very rare (1-5)
643,0.55672723,0.44327277,1,1,1) very rare (1-5)
644,0.163479,0.836521,1,94,3) common (21-100)
645,0.85073733,0.14926267,0,2,1) very rare (1-5)
646,0.42531204,0.57468796,0,22,3) common (21-100)
647,0.14161834,0.8583816,0,4,1) very rare (1-5)
648,0.3161625,0.68383753,1,85,3) common (21-100)
649,0.5416606,0.4583394,0,13,2) rare (6-20)
650,0.5973638,0.40263617,0,15,2) rare (6-20)
651,0.15780695,0.84219307,1,1,1) very rare (1-5)
652,0.8179963,0.18200368,1,1,1) very rare (1-5)
653,0.38863954,0.61136043,0,9,2) rare (6-20)
654,0.14507858,0.8549214,1,0,1) very rare (1-5)
655,0.03963867,0.96036136,1,0,1) very rare (1-5)
656,0.92777425,0.07222575,1,8,2) rare (6-20)
657,0.8506798,0.14932019,1,268,4) very common (100+)
658,0.4882257,0.5117743,1,18,2) rare (6-20)
659,0.05727364,0.9427264,1,0,1) very rare (1-5)
660,0.18495613,0.81504387,1,6,2) rare (6-20)
661,0.11850562,0.8814944,1,275,4) very common (100+)
662,0.28602856,0.71397144,1,8,2) rare (6-20)
663,0.3581782,0.6418218,0,0,1) very rare (1-5)
664,0.3313778,0.6686222,0,5,1) very rare (1-5)
665,0.7539635,0.24603653,1,0,1) very rare (1-5)
666,0.62371284,0.37628716,0,100,3) common (21-100)
667,0.52376217,0.47623783,1,1,1) very rare (1-5)
668,0.927667,0.07233298,0,118,4) very common (100+)
669,0.44067457,0.55932546,0,106,4) very common (100+)
670,0.104173355,0.89582664,0,0,1) very rare (1-5)
671,0.49350023,0.50649977,0,19,2) rare (6-20)
672,0.2828638,0.7171362,1,3,1) very rare (1-5)
673,0.73529553,0.26470447,0,1070,4) very common (100+)
674,0.43120438,0.5687956,0,0,1) very rare (1-5)
675,0.20690991,0.7930901,0,28,3) common (21-100)
676,0.52965045,0.47034955,0,5,1) very rare (1-5)
677,0.5048036,0.4951964,1,0,1) very rare (1-5)
678,0.21008646,0.78991354,1,1290,4) very common (100+)
679,0.77587855,0.22412145,0,1000,4) very common (100+)
680,0.048510246,0.95148975,1,7,2) rare (6-20)
681,0.31597146,0.6840285,1,0,1) very rare (1-5)
682,0.3301131,0.6698869,1,2,1) very rare (1-5)
683,0.42502832,0.5749717,0,421,4) very common (100+)
684,0.26071,0.73929,1,0,1) very rare (1-5)
685,0.82295144,0.17704856,0,89,3) common (21-100)
686,0.09355576,0.90644425,1,0,1) very rare (1-5)
687,0.13430877,0.86569124,1,1,1) very rare (1-5)
688,0.8141691,0.18583089,1,0,1) very rare (1-5)
689,0.22313313,0.77686685,1,2,1) very rare (1-5)
690,0.11912759,0.8808724,1,0,1) very rare (1-5)
691,0.110754244,0.88924575,1,13,2) rare (6-20)
692,0.77315915,0.22684085,0,106,4) very common (100+)
693,0.3362849,0.6637151,0,7,2) rare (6-20)
694,0.705877,0.294123,1,28,3) common (21-100)
695,0.43194336,0.56805664,1,7,2) rare (6-20)
696,0.13772434,0.86227566,1,70,3) common (21-100)
697,0.28440216,0.71559787,0,7,2) rare (6-20)
698,0.6760559,0.3239441,0,82,3) common (21-100)
699,0.51817703,0.48182297,0,7,2) rare (6-20)
700,0.56094855,0.43905145,0,5,1) very rare (1-5)
701,0.8080438,0.19195622,1,107,4) very common (100+)
702,0.11595975,0.88404024,1,7,2) rare (6-20)
703,0.255639,0.74436104,0,1,1) very rare (1-5)
704,0.90534306,0.094656944,0,7,2) rare (6-20)
705,0.67487276,0.32512724,1,372,4) very common (100+)
706,0.014311175,0.9856888,1,0,1) very rare (1-5)
707,0.1118336,0.8881664,1,2,1) very rare (1-5)
708,0.083101586,0.9168984,1,20,2) rare (6-20)
709,0.34143832,0.6585617,0,261,4) very common (100+)
710,0.3133104,0.6866896,1,0,1) very rare (1-5)
711,0.24592102,0.754079,1,3,1) very rare (1-5)
712,0.29625377,0.7037462,0,3,1) very rare (1-5)
713,0.24719399,0.752806,0,96,3) common (21-100)
714,0.19294782,0.8070522,1,66,3) common (21-100)
715,0.09929346,0.9007065,0,44,3) common (21-100)
716,0.30678096,0.69321907,1,268,4) very common (100+)
717,0.93523926,0.064760745,1,1290,4) very common (100+)
718,0.27854425,0.72145575,0,6,2) rare (6-20)
719,0.3299844,0.6700156,1,4,1) very rare (1-5)
720,0.8098007,0.19019932,0,12,2) rare (6-20)
721,0.5594165,0.44058353,0,4,1) very rare (1-5)
722,0.6528593,0.34714073,1,111,4) very common (100+)
723,0.8796269,0.12037307,0,1070,4) very common (100+)
724,0.6105229,0.38947707,0,15,2) rare (6-20)
725,0.12737681,0.8726232,1,1,1) very rare (1-5)
726,0.65633994,0.34366006,0,275,4) very common (100+)
727,0.24575154,0.75424844,0,1,1) very rare (1-5)
728,0.030841835,0.9691582,1,0,1) very rare (1-5)
729,0.695579,0.304421,1,1070,4) very common (100+)
730,0.1186507,0.8813493,0,275,4) very common (100+)
731,0.6635525,0.33644748,0,142,4) very common (100+)
732,0.5213291,0.4786709,1,41,3) common (21-100)
733,0.04937289,0.9506271,0,0,1) very rare (1-5)
734,0.14829664,0.85170335,1,107,4) very common (100+)
735,0.27693027,0.7230697,0,6,2) rare (6-20)
736,0.4330267,0.5669733,1,1,1) very rare (1-5)
737,0.769715,0.23028499,0,39,3) common (21-100)
738,0.0673612,0.9326388,1,1,1) very rare (1-5)
739,0.31124976,0.68875027,1,17,2) rare (6-20)
740,0.35401112,0.6459889,0,15,2) rare (6-20)
741,0.20022824,0.7997718,0,70,3) common (21-100)
742,0.81269646,0.18730354,0,1070,4) very common (100+)
743,0.055129286,0.9448707,1,0,1) very rare (1-5)
744,0.79780614,0.20219386,1,4,1) very rare (1-5)
745,0.8150101,0.18498993,0,60,3) common (21-100)
746,0.57733494,0.42266506,0,2,1) very rare (1-5)
747,0.4624013,0.5375987,1,4,1) very rare (1-5)
748,0.26665267,0.7333473,0,17,2) rare (6-20)
749,0.15477581,0.8452242,0,0,1) very rare (1-5)
750,0.8641726,0.13582742,1,0,1) very rare (1-5)
751,0.8210126,0.17898738,0,15,2) rare (6-20)
752,0.46748063,0.53251934,0,0,1) very rare (1-5)
753,0.9585066,0.041493416,0,1000,4) very common (100+)
754,0.5592019,0.4407981,1,20,2) rare (6-20)
755,0.906801,0.093199015,0,12,2) rare (6-20)
756,0.85324717,0.14675283,0,237,4) very common (100+)
757,0.96721315,0.032786846,0,9,2) rare (6-20)
758,0.16827331,0.8317267,1,47,3) common (21-100)
759,0.25288227,0.74711776,0,10,2) rare (6-20)
760,0.9526607,0.04733932,0,421,4) very common (100+)
761,0.06997264,0.93002737,1,261,4) very common (100+)
762,0.42378527,0.57621473,1,58,3) common (21-100)
763,0.89177704,0.10822296,1,1290,4) very common (100+)
764,0.6977515,0.30224848,0,102,4) very common (100+)
765,0.3445728,0.6554272,0,6,2) rare (6-20)
766,0.9705574,0.029442608,0,223,4) very common (100+)
767,0.033511236,0.9664888,0,0,1) very rare (1-5)
768,0.6323793,0.3676207,0,1070,4) very common (100+)
769,0.7070283,0.29297167,0,22,3) common (21-100)
770,0.93730783,0.062692165,0,94,3) common (21-100)
771,0.8003119,0.19968808,1,99,3) common (21-100)
772,0.25134146,0.74865854,1,23,3) common (21-100)
773,0.7459196,0.2540804,1,0,1) very rare (1-5)
774,0.122589156,0.8774108,0,81,3) common (21-100)
775,0.9402261,0.059773922,0,39,3) common (21-100)
776,0.079267085,0.9207329,0,1,1) very rare (1-5)
777,0.1845701,0.8154299,1,47,3) common (21-100)
778,0.4420755,0.5579245,0,0,1) very rare (1-5)
779,0.7516729,0.24832708,0,118,4) very common (100+)
780,0.5767836,0.4232164,0,4,1) very rare (1-5)
781,0.62460077,0.37539923,1,275,4) very common (100+)
782,0.62624305,0.37375695,1,0,1) very rare (1-5)
783,0.3693341,0.6306659,0,36,3) common (21-100)
784,0.12470033,0.8752997,0,40,3) common (21-100)
785,0.81856745,0.18143255,1,2,1) very rare (1-5)
786,0.9771613,0.022838712,1,19,2) rare (6-20)
787,0.61892515,0.38107485,0,1000,4) very common (100+)
788,0.4627793,0.5372207,1,90,3) common (21-100)
789,0.5068582,0.49314177,0,1290,4) very common (100+)
790,0.6782364,0.32176358,1,0,1) very rare (1-5)
791,0.46347505,0.53652495,1,1290,4) very common (100+)
792,0.25240922,0.7475908,1,0,1) very rare (1-5)
793,0.9079638,0.09203619,0,700,4) very common (100+)
794,0.99001545,0.009984553,0,44,3) common (21-100)
795,0.652543,0.347457,0,100,3) common (21-100)
796,0.3732742,0.6267258,1,0,1) very rare (1-5)
797,0.074871585,0.9251284,1,0,1) very rare (1-5)
798,0.15673472,0.8432653,1,0,1) very rare (1-5)
799,0.4053374,0.5946626,1,0,1) very rare (1-5)
800,0.045918964,0.95408106,1,372,4) very common (100+)
801,0.17076859,0.8292314,0,30,3) common (21-100)
802,0.956624,0.04337603,0,421,4) very common (100+)
803,0.94501287,0.054987133,1,47,3) common (21-100)
804,0.77811706,0.22188294,1,66,3) common (21-100)
805,0.39746878,0.6025312,0,15,2) rare (6-20)
806,0.5844195,0.4155805,0,14,2) rare (6-20)
807,0.4281845,0.5718155,1,5,1) very rare (1-5)
808,0.8248123,0.1751877,0,14,2) rare (6-20)
809,0.35431024,0.6456897,1,86,3) common (21-100)
810,0.20031269,0.7996873,1,0,1) very rare (1-5)
811,0.27024478,0.7297552,1,19,2) rare (6-20)
812,0.20166837,0.7983316,0,1,1) very rare (1-5)
813,0.90500516,0.09499484,0,108,4) very common (100+)
814,0.28630823,0.7136918,1,118,4) very common (100+)
815,0.37742957,0.6225704,0,41,3) common (21-100)
816,0.28330207,0.71669793,0,108,4) very common (100+)
817,0.8945213,0.105478704,1,0,1) very rare (1-5)
818,0.9879965,0.012003481,0,421,4) very common (100+)
819,0.26626712,0.7337329,0,13,2) rare (6-20)
820,0.30082527,0.69917476,0,1,1) very rare (1-5)
821,0.21197264,0.78802735,1,2,1) very rare (1-5)
822,0.80387,0.19612998,1,275,4) very common (100+)
823,0.89533865,0.104661345,0,700,4) very common (100+)
824,0.13458371,0.8654163,1,0,1) very rare (1-5)
825,0.45908612,0.5409139,1,1,1) very rare (1-5)
826,0.33562648,0.6643735,0,1,1) very rare (1-5)
827,0.47530928,0.52469075,0,700,4) very common (100+)
828,0.74568045,0.25431955,0,1,1) very rare (1-5)
829,0.78316474,0.21683526,0,68,3) common (21-100)
830,0.26646912,0.7335309,1,11,2) rare (6-20)
831,0.21007928,0.7899207,1,18,2) rare (6-20)
832,0.09176511,0.9082349,0,1,1) very rare (1-5)
833,0.95646757,0.04353243,0,105,4) very common (100+)
834,0.770187,0.22981298,0,15,2) rare (6-20)
835,0.12013637,0.8798636,1,1,1) very rare (1-5)
836,0.43898022,0.5610198,1,70,3) common (21-100)
837,0.8924794,0.10752058,0,1000,4) very common (100+)
838,0.18189462,0.8181054,1,3,1) very rare (1-5)
839,0.565709,0.434291,1,372,4) very common (100+)
840,0.8560721,0.14392787,0,142,4) very common (100+)
841,0.049983393,0.9500166,1,0,1) very rare (1-5)
842,0.9941391,0.0058609247,0,1000,4) very common (100+)
843,0.2017,0.7983,1,58,3) common (21-100)
844,0.57539785,0.42460215,0,70,3) common (21-100)
845,0.12301469,0.8769853,0,84,3) common (21-100)
846,0.8238372,0.17616278,0,100,3) common (21-100)
847,0.60622483,0.39377517,0,121,4) very common (100+)
848,0.19600378,0.8039962,1,0,1) very rare (1-5)
849,0.41206366,0.58793634,1,22,3) common (21-100)
850,0.7674213,0.2325787,0,182,4) very common (100+)
851,0.73064876,0.26935124,0,14,2) rare (6-20)
852,0.09902908,0.90097094,0,36,3) common (21-100)
853,0.6902743,0.3097257,1,1,1) very rare (1-5)
854,0.28717965,0.71282035,1,0,1) very rare (1-5)
855,0.63993186,0.36006814,0,100,3) common (21-100)
856,0.2512202,0.7487798,1,20,2) rare (6-20)
857,0.35110766,0.64889234,1,3,1) very rare (1-5)
858,0.33559084,0.66440916,1,17,2) rare (6-20)
859,0.1586959,0.84130406,1,4,1) very rare (1-5)
860,0.60745746,0.39254254,1,6,2) rare (6-20)
861,0.8932691,0.10673088,0,35,3) common (21-100)
862,0.4567887,0.54321134,0,1,1) very rare (1-5)
863,0.7921773,0.20782268,0,274,4) very common (100+)
864,0.55718833,0.44281167,0,121,4) very common (100+)
865,0.19824189,0.8017581,1,0,1) very rare (1-5)
866,0.07321608,0.9267839,1,0,1) very rare (1-5)
867,0.17245558,0.82754445,0,7,2) rare (6-20)
868,0.9820239,0.017976105,0,700,4) very common (100+)
869,0.5891386,0.41086137,0,79,3) common (21-100)
870,0.24912308,0.7508769,0,17,2) rare (6-20)
871,0.23636758,0.7636324,0,14,2) rare (6-20)
872,0.095942296,0.9040577,1,0,1) very rare (1-5)
873,0.9709671,0.029032886,0,24,3) common (21-100)
874,0.96972847,0.03027153,1,0,1) very rare (1-5)
875,0.0717954,0.9282046,1,0,1) very rare (1-5)
876,0.20766996,0.79233,0,237,4) very common (100+)
877,0.7886621,0.21133792,0,21,3) common (21-100)
878,0.06279974,0.93720025,1,79,3) common (21-100)
879,0.43770567,0.56229436,1,0,1) very rare (1-5)
880,0.48303005,0.5169699,1,1,1) very rare (1-5)
881,0.49671087,0.5032891,1,36,3) common (21-100)
882,0.65107,0.34893,1,30,3) common (21-100)
883,0.178592,0.82140803,1,343,4) very common (100+)
884,0.44831622,0.5516838,1,372,4) very common (100+)
885,0.14171721,0.8582828,1,0,1) very rare (1-5)
886,0.06742407,0.93257594,1,4,1) very rare (1-5)
887,0.98069304,0.019306958,1,0,1) very rare (1-5)
888,0.1895448,0.8104552,0,8,2) rare (6-20)
889,0.97669244,0.023307562,0,78,3) common (21-100)
890,0.4844932,0.5155068,1,1,1) very rare (1-5)
891,0.9873657,0.012634277,0,89,3) common (21-100)
892,0.83364433,0.16635567,1,0,1) very rare (1-5)
893,0.43888572,0.5611143,0,372,4) very common (100+)
894,0.27039647,0.7296035,1,18,2) rare (6-20)
895,0.872177,0.127823,1,28,3) common (21-100)
896,0.2733785,0.7266215,1,71,3) common (21-100)
897,0.43783617,0.56216383,1,14,2) rare (6-20)
898,0.4971126,0.50288737,0,1,1) very rare (1-5)
899,0.16697927,0.83302075,1,0,1) very rare (1-5)
900,0.35872164,0.6412784,1,268,4) very common (100+)
901,0.34032354,0.65967643,1,4,1) very rare (1-5)
902,0.791044,0.208956,0,2,1) very rare (1-5)
903,0.516507,0.48349297,0,1070,4) very common (100+)
904,0.29681358,0.7031864,1,7,2) rare (6-20)
905,0.111709885,0.8882901,1,275,4) very common (100+)
906,0.12948997,0.87051004,1,17,2) rare (6-20)
907,0.73358274,0.26641726,1,63,3) common (21-100)
908,0.92984587,0.07015413,0,63,3) common (21-100)
909,0.5991968,0.4008032,0,1290,4) very common (100+)
910,0.3491298,0.6508702,0,13,2) rare (6-20)
911,0.79472834,0.20527166,0,17,2) rare (6-20)
912,0.28688988,0.7131101,0,1290,4) very common (100+)
913,0.43670186,0.5632981,0,2,1) very rare (1-5)
914,0.4911968,0.5088032,0,6,2) rare (6-20)
915,0.62531316,0.37468684,0,18,2) rare (6-20)
916,0.0887921,0.9112079,1,178,4) very common (100+)
917,0.6165483,0.3834517,1,0,1) very rare (1-5)
918,0.6481761,0.35182393,0,166,4) very common (100+)
919,0.48166764,0.51833236,1,1290,4) very common (100+)
920,0.7189568,0.28104317,0,82,3) common (21-100)
921,0.13579187,0.8642081,1,0,1) very rare (1-5)
922,0.9843684,0.015631616,0,1000,4) very common (100+)
923,0.49234498,0.507655,0,105,4) very common (100+)
924,0.86729014,0.13270986,0,118,4) very common (100+)
925,0.34627014,0.65372986,1,23,3) common (21-100)
926,0.58052343,0.41947657,1,4,1) very rare (1-5)
927,0.87048167,0.12951833,0,4,1) very rare (1-5)
928,0.7283577,0.27164233,1,343,4) very common (100+)
929,0.2137358,0.7862642,0,2,1) very rare (1-5)
930,0.74029434,0.25970566,0,275,4) very common (100+)
931,0.29689708,0.70310295,0,20,2) rare (6-20)
932,0.24460068,0.75539935,1,11,2) rare (6-20)
933,0.05000428,0.9499957,0,1,1) very rare (1-5)
934,0.100941435,0.8990586,1,6,2) rare (6-20)
935,0.754368,0.245632,1,0,1) very rare (1-5)
936,0.97412133,0.025878668,0,18,2) rare (6-20)
937,0.17089446,0.82910556,1,13,2) rare (6-20)
938,0.94544435,0.054555655,0,1290,4) very common (100+)
939,0.13155666,0.86844337,1,0,1) very rare (1-5)
940,0.41627455,0.58372545,1,0,1) very rare (1-5)
941,0.066156656,0.9338434,1,1,1) very rare (1-5)
942,0.6268979,0.37310213,0,5,1) very rare (1-5)
943,0.25238404,0.74761593,1,28,3) common (21-100)
944,0.97163695,0.028363049,1,261,4) very common (100+)
945,0.58061874,0.41938126,0,178,4) very common (100+)
946,0.06818452,0.9318155,1,0,1) very rare (1-5)
947,0.6142833,0.38571668,1,6,2) rare (6-20)
948,0.017949453,0.98205054,1,0,1) very rare (1-5)
949,0.44128945,0.5587106,0,69,3) common (21-100)
950,0.13541235,0.86458766,1,0,1) very rare (1-5)
951,0.09797213,0.90202785,1,5,1) very rare (1-5)
952,0.677789,0.32221103,0,223,4) very common (100+)
953,0.7406592,0.25934082,0,12,2) rare (6-20)
954,0.23555732,0.7644427,1,111,4) very common (100+)
955,0.31973842,0.6802616,0,159,4) very common (100+)
956,0.50281197,0.49718803,0,90,3) common (21-100)
957,0.4072432,0.5927568,1,44,3) common (21-100)
958,0.63074553,0.36925447,1,1,1) very rare (1-5)
959,0.30652803,0.69347197,0,14,2) rare (6-20)
960,0.17026994,0.82973003,1,0,1) very rare (1-5)
961,0.07787504,0.922125,1,1,1) very rare (1-5)
962,0.61326647,0.38673353,1,0,1) very rare (1-5)
963,0.35454553,0.64545447,1,70,3) common (21-100)
964,0.076688685,0.9233113,0,8,2) rare (6-20)
965,0.84345037,0.15654963,0,1070,4) very common (100+)
966,0.8995077,0.1004923,1,96,3) common (21-100)
967,0.23926866,0.76073134,1,10,2) rare (6-20)
968,0.9216779,0.07832211,0,45,3) common (21-100)
969,0.44807163,0.5519284,1,105,4) very common (100+)
970,0.34406605,0.655934,0,4,1) very rare (1-5)
971,0.7993407,0.20065928,1,20,2) rare (6-20)
972,0.121306926,0.8786931,1,68,3) common (21-100)
973,0.7668795,0.2331205,0,63,3) common (21-100)
974,0.5317931,0.46820688,0,46,3) common (21-100)
975,0.2321198,0.7678802,0,1,1) very rare (1-5)
976,0.87666434,0.12333566,1,0,1) very rare (1-5)
977,0.52669865,0.47330135,1,261,4) very common (100+)
978,0.79044694,0.20955306,1,2,1) very rare (1-5)
979,0.111412644,0.88858736,1,6,2) rare (6-20)
980,0.5943901,0.4056099,0,111,4) very common (100+)
981,0.70124435,0.29875565,1,18,2) rare (6-20)
982,0.89429647,0.10570353,0,1290,4) very common (100+)
983,0.19753064,0.8024694,1,1070,4) very common (100+)
984,0.47861278,0.5213872,0,62,3) common (21-100)
985,0.06126252,0.9387375,1,0,1) very rare (1-5)
986,0.21367657,0.7863234,1,142,4) very common (100+)
987,0.8523115,0.14768851,0,1290,4) very common (100+)
988,0.73505205,0.26494795,0,47,3) common (21-100)
989,0.8315634,0.16843659,1,76,3) common (21-100)
990,0.02188633,0.97811365,1,3,1) very rare (1-5)
991,0.38679075,0.61320925,1,0,1) very rare (1-5)
992,0.8531406,0.1468594,0,1070,4) very common (100+)
993,0.23100893,0.76899105,1,32,3) common (21-100)
994,0.2460172,0.7539828,1,1,1) very rare (1-5)
995,0.09875405,0.90124595,1,38,3) common (21-100)
996,0.07508646,0.9249135,1,0,1) very rare (1-5)
997,0.34089732,0.6591027,0,118,4) very common (100+)
998,0.9433273,0.056672692,0,62,3) common (21-100)
999,0.13122617,0.8687738,1,13,2) rare (6-20)
1000,0.25156793,0.74843204,0,2,1) very rare (1-5)
1001,0.43172008,0.5682799,0,0,1) very rare (1-5)
1002,0.08444774,0.91555226,1,7,2) rare (6-20)
1003,0.029765293,0.9702347,1,68,3) common (21-100)
1004,0.09765918,0.9023408,1,16,2) rare (6-20)
1005,0.45345107,0.54654896,0,5,1) very rare (1-5)
1006,0.08401979,0.9159802,1,1,1) very rare (1-5)
1007,0.84847957,0.15152043,0,53,3) common (21-100)
1008,0.22558388,0.7744161,1,7,2) rare (6-20)
1009,0.9644738,0.035526216,0,421,4) very common (100+)
1010,0.97127366,0.02872634,0,24,3) common (21-100)
1011,0.13474078,0.86525923,0,0,1) very rare (1-5)
1012,0.31283236,0.68716764,1,22,3) common (21-100)
1013,0.635384,0.36461598,1,76,3) common (21-100)
1014,0.9730722,0.026927829,0,159,4) very common (100+)
1015,0.6218633,0.3781367,0,118,4) very common (100+)
1016,0.9778151,0.022184908,0,178,4) very common (100+)
1017,0.71710265,0.28289735,1,146,4) very common (100+)
1018,0.07285482,0.9271452,1,94,3) common (21-100)
1019,0.9095727,0.09042728,0,27,3) common (21-100)
1020,0.8097725,0.19022751,0,39,3) common (21-100)
1021,0.8138498,0.1861502,1,1,1) very rare (1-5)
1022,0.12612037,0.8738796,0,1,1) very rare (1-5)
1023,0.40588218,0.5941178,0,223,4) very common (100+)
1024,0.54125863,0.45874137,1,1,1) very rare (1-5)
1025,0.09139616,0.90860385,0,0,1) very rare (1-5)
1026,0.30969295,0.690307,1,85,3) common (21-100)
1027,0.038875513,0.9611245,1,8,2) rare (6-20)
1028,0.04636118,0.9536388,1,0,1) very rare (1-5)
1029,0.28148326,0.7185167,1,0,1) very rare (1-5)
1030,0.49137366,0.50862634,1,372,4) very common (100+)
1031,0.059856206,0.9401438,1,5,1) very rare (1-5)
1032,0.08058957,0.9194104,0,27,3) common (21-100)
1033,0.20195816,0.7980418,1,6,2) rare (6-20)
1034,0.8537273,0.14627272,1,1,1) very rare (1-5)
1035,0.5744033,0.4255967,1,3,1) very rare (1-5)
1036,0.5282416,0.47175843,0,5,1) very rare (1-5)
1037,0.2613319,0.7386681,0,134,4) very common (100+)
1038,0.57512563,0.42487437,0,107,4) very common (100+)
1039,0.091773115,0.9082269,0,5,1) very rare (1-5)
1040,0.76919353,0.23080647,0,1070,4) very common (100+)
1041,0.9152763,0.08472371,1,105,4) very common (100+)
1042,0.1803208,0.8196792,1,20,2) rare (6-20)
1043,0.99604464,0.003955364,0,89,3) common (21-100)
1044,0.25429112,0.7457089,1,3,1) very rare (1-5)
1045,0.57902306,0.42097694,1,70,3) common (21-100)
1046,0.21838795,0.78161204,1,66,3) common (21-100)
1047,0.2360735,0.7639265,1,24,3) common (21-100)
1048,0.28383043,0.7161696,1,0,1) very rare (1-5)
1049,0.67439055,0.32560945,1,42,3) common (21-100)
1050,0.5665387,0.4334613,1,1070,4) very common (100+)
1051,0.02916507,0.9708349,1,13,2) rare (6-20)
1052,0.44613484,0.5538652,0,700,4) very common (100+)
1053,0.7576498,0.24235022,1,75,3) common (21-100)
1054,0.7310779,0.2689221,1,4,1) very rare (1-5)
1055,0.24448697,0.755513,0,10,2) rare (6-20)
1056,0.12520576,0.87479424,1,19,2) rare (6-20)
1057,0.67201954,0.32798046,0,42,3) common (21-100)
1058,0.03566011,0.9643399,0,23,3) common (21-100)
1059,0.82501394,0.17498606,0,0,1) very rare (1-5)
1060,0.37997404,0.620026,1,0,1) very rare (1-5)
1061,0.7742403,0.22575969,0,1290,4) very common (100+)
1062,0.6034999,0.3965001,0,1070,4) very common (100+)
1063,0.09430897,0.905691,1,3,1) very rare (1-5)
1064,0.29903227,0.7009677,0,16,2) rare (6-20)
1065,0.37060717,0.62939286,0,18,2) rare (6-20)
1066,0.8448131,0.15518689,0,1000,4) very common (100+)
1067,0.041410957,0.958589,1,0,1) very rare (1-5)
1068,0.4775941,0.52240586,0,421,4) very common (100+)
1069,0.08824451,0.9117555,1,0,1) very rare (1-5)
1070,0.10323292,0.8967671,1,3,1) very rare (1-5)
1071,0.19429627,0.80570376,0,105,4) very common (100+)
1072,0.80589306,0.19410694,1,91,3) common (21-100)
1073,0.84922576,0.15077424,1,2,1) very rare (1-5)
1074,0.65750235,0.34249765,1,7,2) rare (6-20)
1075,0.42799237,0.57200766,0,1,1) very rare (1-5)
1076,0.33368048,0.6663195,1,20,2) rare (6-20)
1077,0.8194975,0.18050247,0,1290,4) very common (100+)
1078,0.9540855,0.04591447,0,22,3) common (21-100)
1079,0.37030616,0.62969387,1,3,1) very rare (1-5)
1080,0.06908132,0.9309187,1,0,1) very rare (1-5)
1081,0.1663447,0.8336553,1,2,1) very rare (1-5)
1082,0.79980886,0.20019114,0,1290,4) very common (100+)
1083,0.45784098,0.542159,0,106,4) very common (100+)
1084,0.18770818,0.8122918,0,17,2) rare (6-20)
1085,0.20502992,0.7949701,0,2,1) very rare (1-5)
1086,0.8302398,0.16976023,1,3,1) very rare (1-5)
1087,0.46581396,0.534186,1,3,1) very rare (1-5)
1088,0.20389718,0.7961028,1,2,1) very rare (1-5)
1089,0.19676343,0.8032366,1,134,4) very common (100+)
1090,0.14784324,0.85215676,0,14,2) rare (6-20)
1091,0.3318272,0.66817284,0,1,1) very rare (1-5)
1092,0.5478152,0.4521848,1,0,1) very rare (1-5)
1093,0.92795587,0.072044134,0,11,2) rare (6-20)
1094,0.47681525,0.5231848,1,1,1) very rare (1-5)
1095,0.86841047,0.13158953,0,274,4) very common (100+)
1096,0.17610288,0.8238971,1,166,4) very common (100+)
1097,0.85547036,0.14452964,0,1290,4) very common (100+)
1098,0.9012725,0.098727524,0,7,2) rare (6-20)
1099,0.10782259,0.8921774,1,1,1) very rare (1-5)
1100,0.15289956,0.84710044,1,1,1) very rare (1-5)
1101,0.9328798,0.067120194,0,1000,4) very common (100+)
1102,0.41292888,0.5870711,0,1,1) very rare (1-5)
1103,0.19701532,0.8029847,0,81,3) common (21-100)
1104,0.40013802,0.599862,0,105,4) very common (100+)
1105,0.7901678,0.20983219,0,237,4) very common (100+)
1106,0.5014103,0.4985897,0,4,1) very rare (1-5)
1107,0.69704044,0.30295956,1,62,3) common (21-100)
1108,0.17925555,0.82074445,1,0,1) very rare (1-5)
1109,0.8803384,0.11966163,0,84,3) common (21-100)
1110,0.3095063,0.6904937,0,81,3) common (21-100)
1111,0.72858566,0.27141434,0,1290,4) very common (100+)
1112,0.89959896,0.100401044,0,1290,4) very common (100+)
1113,0.8744814,0.12551862,0,700,4) very common (100+)
1114,0.030064281,0.9699357,1,0,1) very rare (1-5)
1115,0.08586657,0.9141334,1,8,2) rare (6-20)
1116,0.0780344,0.9219656,1,2,1) very rare (1-5)
1117,0.026607346,0.97339267,1,274,4) very common (100+)
1118,0.19153947,0.80846053,0,4,1) very rare (1-5)
1119,0.038312368,0.9616876,1,0,1) very rare (1-5)
1120,0.91210014,0.08789986,0,145,4) very common (100+)
1121,0.98837835,0.011621654,0,421,4) very common (100+)
1122,0.2150312,0.7849688,0,0,1) very rare (1-5)
1123,0.08054412,0.9194559,1,76,3) common (21-100)
1124,0.4602927,0.5397073,1,0,1) very rare (1-5)
1125,0.8011247,0.19887531,1,28,3) common (21-100)
1126,0.2853756,0.7146244,1,0,1) very rare (1-5)
1127,0.80832994,0.19167006,1,39,3) common (21-100)
1128,0.22985941,0.7701406,1,1,1) very rare (1-5)
1129,0.77286875,0.22713125,0,21,3) common (21-100)
1130,0.07469927,0.9253007,1,6,2) rare (6-20)
1131,0.053511832,0.94648814,1,4,1) very rare (1-5)
1132,0.6569549,0.34304512,0,1,1) very rare (1-5)
1133,0.3567686,0.6432314,1,36,3) common (21-100)
1134,0.779703,0.22029698,0,1000,4) very common (100+)
1135,0.28528538,0.71471465,1,4,1) very rare (1-5)
1136,0.18359825,0.8164017,1,5,1) very rare (1-5)
1137,0.016847735,0.9831523,1,0,1) very rare (1-5)
1138,0.5043156,0.4956844,1,3,1) very rare (1-5)
1139,0.047157936,0.95284206,1,3,1) very rare (1-5)
1140,0.75771046,0.24228954,0,700,4) very common (100+)
1141,0.20346038,0.7965396,1,1,1) very rare (1-5)
1142,0.50861835,0.49138165,0,71,3) common (21-100)
1143,0.05079103,0.949209,1,6,2) rare (6-20)
1144,0.103945315,0.8960547,0,8,2) rare (6-20)
1145,0.92633796,0.07366204,1,89,3) common (21-100)
1146,0.8461395,0.15386051,1,1290,4) very common (100+)
1147,0.6079795,0.39202052,1,54,3) common (21-100)
1148,0.36366203,0.636338,0,22,3) common (21-100)
1149,0.91519195,0.08480805,1,3,1) very rare (1-5)
1150,0.07162955,0.9283705,1,39,3) common (21-100)
1151,0.41193935,0.5880606,1,0,1) very rare (1-5)
1152,0.7326115,0.26738852,0,3,1) very rare (1-5)
1153,0.5796939,0.4203061,0,1,1) very rare (1-5)
1154,0.8216726,0.17832738,1,160,4) very common (100+)
1155,0.69671047,0.30328953,1,0,1) very rare (1-5)
1156,0.09149572,0.90850425,1,4,1) very rare (1-5)
1157,0.60062397,0.39937603,1,37,3) common (21-100)
1158,0.75740147,0.24259853,0,4,1) very rare (1-5)
1159,0.12583719,0.8741628,1,0,1) very rare (1-5)
1160,0.17750141,0.82249856,0,55,3) common (21-100)
1161,0.32000494,0.67999506,1,1070,4) very common (100+)
1162,0.931169,0.06883103,0,421,4) very common (100+)
1163,0.5819657,0.41803432,1,700,4) very common (100+)
1164,0.74288994,0.25711006,0,237,4) very common (100+)
1165,0.33951718,0.6604828,1,142,4) very common (100+)
1166,0.6212642,0.37873578,1,76,3) common (21-100)
1167,0.9532083,0.046791673,0,89,3) common (21-100)
1168,0.165973,0.834027,1,1,1) very rare (1-5)
1169,0.048223525,0.9517765,0,1,1) very rare (1-5)
1170,0.42376706,0.5762329,0,42,3) common (21-100)
1171,0.28780732,0.71219265,1,1,1) very rare (1-5)
1172,0.5578046,0.44219542,0,25,3) common (21-100)
1173,0.9046289,0.09537113,0,10,2) rare (6-20)
1174,0.91639876,0.08360124,1,105,4) very common (100+)
1175,0.511452,0.48854798,0,17,2) rare (6-20)
1176,0.32263857,0.6773614,1,0,1) very rare (1-5)
1177,0.48175257,0.5182474,1,4,1) very rare (1-5)
1178,0.78287554,0.21712446,1,0,1) very rare (1-5)
1179,0.1813862,0.81861377,1,0,1) very rare (1-5)
1180,0.05616239,0.9438376,1,0,1) very rare (1-5)
1181,0.60044974,0.39955026,0,1290,4) very common (100+)
1182,0.38414717,0.61585283,0,11,2) rare (6-20)
1183,0.12486358,0.87513644,1,4,1) very rare (1-5)
1184,0.9817014,0.018298626,0,70,3) common (21-100)
1185,0.5632298,0.4367702,0,1290,4) very common (100+)
1186,0.31257686,0.6874231,0,275,4) very common (100+)
1187,0.75303304,0.24696696,1,78,3) common (21-100)
1188,0.73682284,0.26317716,0,142,4) very common (100+)
1189,0.28207424,0.7179258,1,1,1) very rare (1-5)
1190,0.784021,0.21597898,1,1070,4) very common (100+)
1191,0.9824656,0.017534375,0,211,4) very common (100+)
1192,0.17974237,0.82025766,1,1,1) very rare (1-5)
1193,0.15499952,0.8450005,1,5,1) very rare (1-5)
1194,0.07153459,0.9284654,1,2,1) very rare (1-5)
1195,0.38345823,0.61654174,0,275,4) very common (100+)
1196,0.8239397,0.17606032,1,18,2) rare (6-20)
1197,0.037544273,0.96245575,0,3,1) very rare (1-5)
1198,0.20006189,0.7999381,1,24,3) common (21-100)
1199,0.06417538,0.93582463,1,0,1) very rare (1-5)
1200,0.55703354,0.44296646,0,142,4) very common (100+)
1201,0.2846771,0.7153229,1,86,3) common (21-100)
1202,0.2690899,0.73091006,1,0,1) very rare (1-5)
1203,0.012221116,0.9877789,1,92,3) common (21-100)
1204,0.15233795,0.84766203,1,0,1) very rare (1-5)
1205,0.113730356,0.8862696,1,1,1) very rare (1-5)
1206,0.2069565,0.7930435,1,160,4) very common (100+)
1207,0.6188157,0.38118428,1,69,3) common (21-100)
1208,0.52851063,0.47148937,1,1,1) very rare (1-5)
1209,0.16255231,0.8374477,1,0,1) very rare (1-5)
1210,0.7933083,0.20669168,0,1070,4) very common (100+)
1211,0.086269364,0.9137306,0,5,1) very rare (1-5)
1212,0.24486518,0.7551348,1,1,1) very rare (1-5)
1213,0.54298604,0.45701396,0,372,4) very common (100+)
1214,0.70644486,0.29355514,0,2,1) very rare (1-5)
1215,0.072025605,0.9279744,1,1,1) very rare (1-5)
1216,0.16520995,0.83479005,1,86,3) common (21-100)
1217,0.9911431,0.008856893,0,700,4) very common (100+)
1218,0.2635162,0.7364838,1,4,1) very rare (1-5)
1219,0.93242216,0.06757784,0,372,4) very common (100+)
1220,0.8091645,0.19083548,0,2,1) very rare (1-5)
1221,0.10817844,0.89182156,1,0,1) very rare (1-5)
1222,0.587825,0.412175,0,1070,4) very common (100+)
1223,0.14226605,0.85773396,1,5,1) very rare (1-5)
1224,0.90683377,0.09316623,1,0,1) very rare (1-5)
1225,0.8130999,0.18690008,0,4,1) very rare (1-5)
1226,0.26577643,0.7342236,1,3,1) very rare (1-5)
1227,0.09133036,0.90866965,1,0,1) very rare (1-5)
1228,0.10012573,0.89987427,1,17,2) rare (6-20)
1229,0.16648035,0.83351964,1,0,1) very rare (1-5)
1230,0.45636022,0.5436398,1,268,4) very common (100+)
1231,0.05005598,0.949944,0,1,1) very rare (1-5)
1232,0.23272118,0.7672788,0,1,1) very rare (1-5)
1233,0.3922055,0.6077945,0,421,4) very common (100+)
1234,0.2279573,0.7720427,1,1290,4) very common (100+)
1235,0.37975997,0.62024003,1,2,1) very rare (1-5)
1236,0.7905956,0.20940441,1,58,3) common (21-100)
1237,0.12476114,0.87523884,0,14,2) rare (6-20)
1238,0.20310561,0.7968944,1,36,3) common (21-100)
1239,0.26266974,0.73733026,1,0,1) very rare (1-5)
1240,0.93624187,0.063758135,1,5,1) very rare (1-5)
1241,0.834316,0.16568398,1,15,2) rare (6-20)
1242,0.43222,0.56778,1,18,2) rare (6-20)
1243,0.830963,0.16903698,1,1290,4) very common (100+)
1244,0.45891896,0.5410811,1,14,2) rare (6-20)
1245,0.45035115,0.5496489,1,66,3) common (21-100)
1246,0.13292757,0.86707246,1,88,3) common (21-100)
1247,0.08506513,0.9149349,0,19,2) rare (6-20)
1248,0.79730487,0.20269513,1,19,2) rare (6-20)
1249,0.37975562,0.6202444,1,3,1) very rare (1-5)
1250,0.04887977,0.95112026,1,7,2) rare (6-20)
1251,0.4775666,0.5224334,1,1070,4) very common (100+)
1252,0.9329464,0.067053616,0,700,4) very common (100+)
1253,0.65291196,0.34708804,0,261,4) very common (100+)
1254,0.9362248,0.06377518,0,96,3) common (21-100)
1255,0.57977563,0.42022437,0,223,4) very common (100+)
1256,0.4118043,0.5881957,0,9,2) rare (6-20)
1257,0.9436237,0.05637628,0,106,4) very common (100+)
1258,0.048567742,0.9514322,1,0,1) very rare (1-5)
1259,0.97698474,0.02301526,1,0,1) very rare (1-5)
1260,0.47284868,0.52715135,0,5,1) very rare (1-5)
1261,0.2953593,0.7046407,1,3,1) very rare (1-5)
1262,0.5194443,0.4805557,0,86,3) common (21-100)
1263,0.40771395,0.59228605,1,4,1) very rare (1-5)
1264,0.48794302,0.51205695,1,5,1) very rare (1-5)
1265,0.62697524,0.37302476,1,76,3) common (21-100)
1266,0.5609194,0.4390806,1,0,1) very rare (1-5)
1267,0.20979057,0.7902094,0,17,2) rare (6-20)
1268,0.1487098,0.8512902,1,9,2) rare (6-20)
1269,0.071438216,0.9285618,1,0,1) very rare (1-5)
1270,0.962436,0.03756398,1,0,1) very rare (1-5)
1271,0.8479995,0.15200049,1,0,1) very rare (1-5)
1272,0.13991076,0.86008924,1,23,3) common (21-100)
1273,0.37368336,0.62631667,1,9,2) rare (6-20)
1274,0.8952645,0.10473549,0,700,4) very common (100+)
1275,0.19320142,0.8067986,1,3,1) very rare (1-5)
1276,0.9164236,0.08357638,1,3,1) very rare (1-5)
1277,0.4928,0.5072,0,31,3) common (21-100)
1278,0.46534145,0.53465855,0,134,4) very common (100+)
1279,0.37636685,0.62363315,1,10,2) rare (6-20)
1280,0.19778419,0.8022158,1,15,2) rare (6-20)
1281,0.40530613,0.5946939,0,9,2) rare (6-20)
1282,0.5611127,0.4388873,0,0,1) very rare (1-5)
1283,0.8375399,0.16246009,0,261,4) very common (100+)
1284,0.6303441,0.3696559,0,43,3) common (21-100)
1285,0.6789441,0.3210559,1,37,3) common (21-100)
1286,0.023196794,0.9768032,1,4,1) very rare (1-5)
1287,0.064292684,0.93570733,1,0,1) very rare (1-5)
1288,0.3152258,0.68477416,0,1,1) very rare (1-5)
1289,0.10465391,0.8953461,1,1,1) very rare (1-5)
1290,0.6502608,0.3497392,0,1,1) very rare (1-5)
1291,0.99247146,0.0075285435,0,700,4) very common (100+)
1292,0.6492167,0.3507833,0,700,4) very common (100+)
1293,0.8525829,0.14741713,1,3,1) very rare (1-5)
1294,0.32910866,0.67089134,1,12,2) rare (6-20)
1295,0.020932581,0.97906744,1,3,1) very rare (1-5)
1296,0.97937196,0.020628035,0,1000,4) very common (100+)
1297,0.23202854,0.76797146,1,0,1) very rare (1-5)
1298,0.5478214,0.4521786,1,3,1) very rare (1-5)
1299,0.20789059,0.79210943,0,3,1) very rare (1-5)
1300,0.9367057,0.06329429,0,78,3) common (21-100)
1301,0.43349743,0.5665026,0,24,3) common (21-100)
1302,0.77734965,0.22265035,0,11,2) rare (6-20)
1303,0.06498573,0.93501425,1,0,1) very rare (1-5)
1304,0.6880131,0.31198692,0,1290,4) very common (100+)
1305,0.8960654,0.103934586,0,7,2) rare (6-20)
1306,0.7719148,0.22808522,0,1290,4) very common (100+)
1307,0.8483054,0.1516946,0,4,1) very rare (1-5)
1308,0.8454115,0.15458852,1,1070,4) very common (100+)
1309,0.44228956,0.5577104,1,0,1) very rare (1-5)
1310,0.40262264,0.59737736,0,421,4) very common (100+)
1311,0.22032031,0.77967966,0,7,2) rare (6-20)
1312,0.905449,0.09455103,0,20,2) rare (6-20)
1313,0.9759854,0.024014592,0,1290,4) very common (100+)
1314,0.9052217,0.0947783,0,1000,4) very common (100+)
1315,0.62686205,0.37313795,0,0,1) very rare (1-5)
1316,0.22014612,0.7798539,0,16,2) rare (6-20)
1317,0.9831336,0.016866386,0,94,3) common (21-100)
1318,0.17608978,0.82391024,0,14,2) rare (6-20)
1319,0.31360358,0.6863964,1,27,3) common (21-100)
1320,0.23628378,0.7637162,0,65,3) common (21-100)
1321,0.3613973,0.63860273,0,18,2) rare (6-20)
1322,0.8844057,0.11559433,1,0,1) very rare (1-5)
1323,0.36921793,0.63078207,1,17,2) rare (6-20)
1324,0.47575283,0.52424717,0,1070,4) very common (100+)
1325,0.23949078,0.76050925,0,21,3) common (21-100)
1326,0.916048,0.08395201,1,268,4) very common (100+)
1327,0.09637187,0.9036281,1,0,1) very rare (1-5)
1328,0.075131364,0.92486864,1,4,1) very rare (1-5)
1329,0.11156736,0.8884326,1,0,1) very rare (1-5)
1330,0.10467447,0.89532554,0,7,2) rare (6-20)
1331,0.9237546,0.07624543,0,5,1) very rare (1-5)
1332,0.9708194,0.029180586,0,20,2) rare (6-20)
1333,0.5291234,0.47087657,1,14,2) rare (6-20)
1334,0.94399315,0.05600685,1,70,3) common (21-100)
1335,0.7886822,0.21131778,0,42,3) common (21-100)
1336,0.84962726,0.15037274,1,1,1) very rare (1-5)
1337,0.124629125,0.87537086,0,18,2) rare (6-20)
1338,0.61755687,0.38244313,1,2,1) very rare (1-5)
1339,0.7329165,0.26708353,0,8,2) rare (6-20)
1340,0.8104334,0.18956661,0,223,4) very common (100+)
1341,0.31042695,0.68957305,1,1,1) very rare (1-5)
1342,0.19392173,0.80607826,1,0,1) very rare (1-5)
1343,0.9071694,0.0928306,1,1290,4) very common (100+)
1344,0.052752294,0.9472477,1,0,1) very rare (1-5)
1345,0.62765044,0.37234956,0,3,1) very rare (1-5)
1346,0.63005924,0.36994076,0,0,1) very rare (1-5)
1347,0.9761017,0.023898304,0,12,2) rare (6-20)
1348,0.66642696,0.33357304,0,261,4) very common (100+)
1349,0.29288548,0.7071145,0,160,4) very common (100+)
1350,0.29287854,0.7071215,1,9,2) rare (6-20)
1351,0.9476248,0.052375197,0,28,3) common (21-100)
1352,0.10908975,0.89091027,1,372,4) very common (100+)
1353,0.012070409,0.9879296,1,0,1) very rare (1-5)
1354,0.66853493,0.33146507,0,12,2) rare (6-20)
1355,0.20093139,0.7990686,1,1,1) very rare (1-5)
1356,0.40321478,0.5967852,1,0,1) very rare (1-5)
1357,0.15728158,0.8427184,1,100,3) common (21-100)
1358,0.8799032,0.1200968,1,5,1) very rare (1-5)
1359,0.82997966,0.17002034,1,76,3) common (21-100)
1360,0.42382643,0.57617354,1,160,4) very common (100+)
1361,0.85651135,0.14348865,0,12,2) rare (6-20)
1362,0.08019167,0.9198083,1,0,1) very rare (1-5)
1363,0.14536014,0.8546399,0,3,1) very rare (1-5)
1364,0.5297239,0.47027612,1,4,1) very rare (1-5)
1365,0.21398988,0.78601015,1,75,3) common (21-100)
1366,0.015260565,0.9847394,1,0,1) very rare (1-5)
1367,0.714864,0.28513598,1,3,1) very rare (1-5)
1368,0.9812082,0.018791795,0,1000,4) very common (100+)
1369,0.46126273,0.5387373,0,2,1) very rare (1-5)
1370,0.7772203,0.22277969,0,700,4) very common (100+)
1371,0.11216354,0.88783646,1,3,1) very rare (1-5)
1372,0.24720931,0.7527907,1,0,1) very rare (1-5)
1373,0.043372814,0.9566272,1,17,2) rare (6-20)
1374,0.039894022,0.96010596,1,0,1) very rare (1-5)
1375,0.94492185,0.05507815,0,68,3) common (21-100)
1376,0.654908,0.345092,0,2,1) very rare (1-5)
1377,0.980926,0.019074023,1,4,1) very rare (1-5)
1378,0.27353138,0.7264686,1,62,3) common (21-100)
1379,0.06482092,0.93517905,1,0,1) very rare (1-5)
1380,0.194717,0.805283,1,6,2) rare (6-20)
1381,0.9931686,0.0068314075,0,211,4) very common (100+)
1382,0.58029026,0.41970974,1,13,2) rare (6-20)
1383,0.30716133,0.69283867,1,0,1) very rare (1-5)
1384,0.06858723,0.93141276,1,0,1) very rare (1-5)
1385,0.13319731,0.8668027,1,0,1) very rare (1-5)
1386,0.7220274,0.27797258,0,105,4) very common (100+)
1387,0.32403862,0.6759614,0,2,1) very rare (1-5)
1388,0.9820431,0.017956913,0,1000,4) very common (100+)
1389,0.11060031,0.8893997,1,1,1) very rare (1-5)
1390,0.90546966,0.094530344,1,8,2) rare (6-20)
1391,0.15250902,0.84749097,0,30,3) common (21-100)
1392,0.49450362,0.5054964,1,1,1) very rare (1-5)
1393,0.29914546,0.70085454,1,0,1) very rare (1-5)
1394,0.1925305,0.8074695,0,0,1) very rare (1-5)
1395,0.93772894,0.06227106,0,62,3) common (21-100)
1396,0.41765425,0.5823457,0,2,1) very rare (1-5)
1397,0.8835323,0.116467714,0,142,4) very common (100+)
1398,0.07595607,0.92404395,1,0,1) very rare (1-5)
1399,0.15567654,0.84432346,1,7,2) rare (6-20)
1400,0.7141442,0.28585583,1,0,1) very rare (1-5)
1401,0.06252734,0.93747264,0,2,1) very rare (1-5)
1402,0.3563805,0.64361954,0,6,2) rare (6-20)
1403,0.5746897,0.4253103,1,274,4) very common (100+)
1404,0.39210033,0.60789967,0,5,1) very rare (1-5)
1405,0.49882522,0.5011748,1,142,4) very common (100+)
1406,0.58281815,0.41718185,1,58,3) common (21-100)
1407,0.9550452,0.044954777,0,166,4) very common (100+)
1408,0.39376068,0.6062393,0,261,4) very common (100+)
1409,0.36615112,0.6338489,0,107,4) very common (100+)
1410,0.70475453,0.29524547,1,0,1) very rare (1-5)
1411,0.66605383,0.33394617,0,3,1) very rare (1-5)
1412,0.96723336,0.03276664,1,1070,4) very common (100+)
1413,0.38242602,0.617574,1,32,3) common (21-100)
1414,0.5108458,0.48915422,0,2,1) very rare (1-5)
1415,0.5025261,0.4974739,1,0,1) very rare (1-5)
1416,0.50395185,0.49604815,1,1,1) very rare (1-5)
1417,0.5511407,0.44885927,0,47,3) common (21-100)
1418,0.4680492,0.53195083,1,0,1) very rare (1-5)
1419,0.9245431,0.07545692,0,421,4) very common (100+)
1420,0.9964186,0.0035814047,0,700,4) very common (100+)
1421,0.069504805,0.9304952,1,3,1) very rare (1-5)
1422,0.40533143,0.59466857,1,0,1) very rare (1-5)
1423,0.2734555,0.7265445,0,421,4) very common (100+)
1424,0.39183965,0.6081604,1,92,3) common (21-100)
1425,0.19708687,0.8029131,0,1,1) very rare (1-5)
1426,0.23271596,0.76728404,1,0,1) very rare (1-5)
1427,0.3246065,0.67539346,1,3,1) very rare (1-5)
1428,0.098262034,0.901738,0,0,1) very rare (1-5)
1429,0.7623557,0.23764431,0,1000,4) very common (100+)
1430,0.18512471,0.8148753,1,0,1) very rare (1-5)
1431,0.8929576,0.10704237,0,237,4) very common (100+)
1432,0.08931353,0.9106865,1,6,2) rare (6-20)
1433,0.5201034,0.4798966,1,9,2) rare (6-20)
1434,0.5478656,0.45213437,1,0,1) very rare (1-5)
1435,0.78517294,0.21482706,0,1290,4) very common (100+)
1436,0.4780379,0.5219621,1,13,2) rare (6-20)
1437,0.2927127,0.7072873,1,421,4) very common (100+)
1438,0.0967152,0.9032848,0,105,4) very common (100+)
1439,0.1905306,0.8094694,1,31,3) common (21-100)
1440,0.480487,0.519513,0,237,4) very common (100+)
1441,0.96908534,0.030914664,1,89,3) common (21-100)
1442,0.08906479,0.9109352,1,0,1) very rare (1-5)
1443,0.91525763,0.08474237,1,2,1) very rare (1-5)
1444,0.5135724,0.4864276,1,0,1) very rare (1-5)
1445,0.27509734,0.72490263,1,1,1) very rare (1-5)
1446,0.56786746,0.43213254,0,35,3) common (21-100)
1447,0.7193208,0.28067923,0,1070,4) very common (100+)
1448,0.24263458,0.7573654,0,3,1) very rare (1-5)
1449,0.6049816,0.3950184,1,1290,4) very common (100+)
1450,0.24656269,0.7534373,1,3,1) very rare (1-5)
1451,0.93603677,0.063963234,0,89,3) common (21-100)
1452,0.12713867,0.8728613,1,0,1) very rare (1-5)
1453,0.8935321,0.1064679,0,237,4) very common (100+)
1454,0.9896875,0.010312498,0,211,4) very common (100+)
1455,0.66306657,0.33693343,0,1290,4) very common (100+)
1456,0.93347836,0.066521645,0,211,4) very common (100+)
1457,0.09184221,0.90815777,0,0,1) very rare (1-5)
1458,0.6151257,0.38487428,0,39,3) common (21-100)
1459,0.9973236,0.0026764274,0,700,4) very common (100+)
1460,0.572436,0.42756402,0,3,1) very rare (1-5)
1461,0.11065883,0.8893412,1,96,3) common (21-100)
1462,0.6295095,0.3704905,1,3,1) very rare (1-5)
1463,0.8811634,0.11883658,0,421,4) very common (100+)
1464,0.95396584,0.046034157,0,1000,4) very common (100+)
1465,0.4402006,0.55979943,1,118,4) very common (100+)
1466,0.38091764,0.61908233,1,28,3) common (21-100)
1467,0.0652684,0.9347316,1,79,3) common (21-100)
1468,0.21897964,0.78102034,0,29,3) common (21-100)
1469,0.39186138,0.6081386,1,96,3) common (21-100)
1470,0.69241756,0.30758244,1,0,1) very rare (1-5)
1471,0.31429133,0.68570864,1,8,2) rare (6-20)
1472,0.045642626,0.9543574,0,8,2) rare (6-20)
1473,0.9113477,0.08865231,0,6,2) rare (6-20)
1474,0.297229,0.702771,0,5,1) very rare (1-5)
1475,0.23019844,0.76980156,1,3,1) very rare (1-5)
1476,0.7127167,0.2872833,1,372,4) very common (100+)
1477,0.2774798,0.72252023,0,3,1) very rare (1-5)
1478,0.16862488,0.8313751,1,4,1) very rare (1-5)
1479,0.44637868,0.5536213,0,4,1) very rare (1-5)
1480,0.72015846,0.27984154,0,2,1) very rare (1-5)
1481,0.4152707,0.5847293,0,66,3) common (21-100)
1482,0.57363284,0.42636716,0,9,2) rare (6-20)
1483,0.33401054,0.66598946,1,82,3) common (21-100)
1484,0.97579217,0.02420783,0,1000,4) very common (100+)
1485,0.41059995,0.58940005,0,105,4) very common (100+)
1486,0.19222397,0.80777603,1,9,2) rare (6-20)
1487,0.9481684,0.051831603,1,142,4) very common (100+)
1488,0.6753769,0.3246231,0,3,1) very rare (1-5)
1489,0.47440487,0.5255951,1,0,1) very rare (1-5)
1490,0.1884101,0.8115899,1,6,2) rare (6-20)
1491,0.33867696,0.6613231,1,0,1) very rare (1-5)
1492,0.20444357,0.7955564,1,1290,4) very common (100+)
1493,0.16878228,0.8312177,0,35,3) common (21-100)
1494,0.022391673,0.9776083,1,4,1) very rare (1-5)
1495,0.8536297,0.14637029,0,74,3) common (21-100)
1496,0.33157048,0.6684295,0,96,3) common (21-100)
1497,0.4543127,0.5456873,1,2,1) very rare (1-5)
1498,0.550114,0.44988602,1,1,1) very rare (1-5)
1499,0.9298378,0.07016218,0,700,4) very common (100+)
1500,0.5036612,0.49633878,1,1,1) very rare (1-5)
1501,0.06374457,0.93625546,1,0,1) very rare (1-5)
1502,0.05721828,0.94278175,1,7,2) rare (6-20)
1503,0.4944747,0.5055253,1,15,2) rare (6-20)
1504,0.33403823,0.66596174,0,3,1) very rare (1-5)
1505,0.9679385,0.032061517,0,700,4) very common (100+)
1506,0.49237064,0.5076294,0,268,4) very common (100+)
1507,0.9802644,0.019735575,0,85,3) common (21-100)
1508,0.11834762,0.88165236,1,3,1) very rare (1-5)
1509,0.11238884,0.88761115,1,0,1) very rare (1-5)
1510,0.21439669,0.7856033,1,5,1) very rare (1-5)
1511,0.041205406,0.9587946,1,5,1) very rare (1-5)
1512,0.42122346,0.57877654,0,3,1) very rare (1-5)
1513,0.33449787,0.66550213,1,3,1) very rare (1-5)
1514,0.661816,0.338184,1,0,1) very rare (1-5)
1515,0.517632,0.482368,0,372,4) very common (100+)
1516,0.4800644,0.5199356,0,223,4) very common (100+)
1517,0.41049945,0.58950055,1,8,2) rare (6-20)
1518,0.5998343,0.40016568,0,1000,4) very common (100+)
1519,0.5936722,0.40632778,1,15,2) rare (6-20)
1520,0.9781674,0.021832585,0,275,4) very common (100+)
1521,0.40322256,0.59677744,1,0,1) very rare (1-5)
1522,0.88575846,0.11424154,0,14,2) rare (6-20)
1523,0.107324444,0.8926756,1,14,2) rare (6-20)
1524,0.64081115,0.35918885,0,142,4) very common (100+)
1525,0.45781517,0.5421848,1,1000,4) very common (100+)
1526,0.102321796,0.8976782,0,0,1) very rare (1-5)
1527,0.69482756,0.30517244,0,65,3) common (21-100)
1528,0.24902691,0.7509731,1,0,1) very rare (1-5)
1529,0.24457353,0.75542647,0,9,2) rare (6-20)
1530,0.9212875,0.07871252,0,159,4) very common (100+)
1531,0.24994458,0.75005543,1,0,1) very rare (1-5)
1532,0.7556546,0.24434543,1,1290,4) very common (100+)
1533,0.16242024,0.8375797,1,0,1) very rare (1-5)
1534,0.63304174,0.36695826,1,8,2) rare (6-20)
1535,0.77066046,0.22933954,0,18,2) rare (6-20)
1536,0.4050042,0.5949958,1,2,1) very rare (1-5)
1537,0.42022356,0.5797764,0,4,1) very rare (1-5)
1538,0.17864113,0.82135886,1,118,4) very common (100+)
1539,0.71376723,0.28623277,1,92,3) common (21-100)
1540,0.5543724,0.44562763,1,62,3) common (21-100)
1541,0.5963915,0.4036085,0,1,1) very rare (1-5)
1542,0.054202013,0.945798,1,3,1) very rare (1-5)
1543,0.22985497,0.77014506,0,1290,4) very common (100+)
1544,0.49318138,0.50681865,0,19,2) rare (6-20)
1545,0.6427519,0.35724813,0,1290,4) very common (100+)
1546,0.097481504,0.9025185,1,0,1) very rare (1-5)
1547,0.4791056,0.5208944,1,1070,4) very common (100+)
1548,0.5565355,0.44346452,1,4,1) very rare (1-5)
1549,0.6396951,0.3603049,0,106,4) very common (100+)
1550,0.6652675,0.33473247,0,19,2) rare (6-20)
1551,0.6890739,0.31092608,1,142,4) very common (100+)
1552,0.17060864,0.82939136,1,39,3) common (21-100)
1553,0.62862074,0.37137926,0,32,3) common (21-100)
1554,0.18144505,0.81855494,1,2,1) very rare (1-5)
1555,0.120531686,0.8794683,1,0,1) very rare (1-5)
1556,0.77841693,0.22158307,1,123,4) very common (100+)
1557,0.34242764,0.6575724,1,90,3) common (21-100)
1558,0.121189214,0.87881076,1,17,2) rare (6-20)
1559,0.10434451,0.8956555,1,5,1) very rare (1-5)
1560,0.10623606,0.89376396,0,89,3) common (21-100)
1561,0.80543035,0.19456965,1,2,1) very rare (1-5)
1562,0.17707902,0.822921,1,1070,4) very common (100+)
1563,0.5384195,0.46158051,0,2,1) very rare (1-5)
1564,0.030682327,0.9693177,1,8,2) rare (6-20)
1565,0.1786234,0.8213766,1,2,1) very rare (1-5)
1566,0.35451302,0.64548695,0,123,4) very common (100+)
1567,0.18621692,0.81378305,1,0,1) very rare (1-5)
1568,0.496891,0.503109,0,3,1) very rare (1-5)
1569,0.35750642,0.6424936,0,372,4) very common (100+)
1570,0.371429,0.62857103,0,23,3) common (21-100)
1571,0.047656834,0.95234317,1,16,2) rare (6-20)
1572,0.21303849,0.7869615,1,111,4) very common (100+)
1573,0.2870093,0.7129907,1,1,1) very rare (1-5)
1574,0.11563385,0.88436615,1,16,2) rare (6-20)
1575,0.91847926,0.081520736,0,8,2) rare (6-20)
1576,0.72074825,0.27925175,0,7,2) rare (6-20)
1577,0.63914233,0.36085767,1,70,3) common (21-100)
1578,0.4458678,0.5541322,1,11,2) rare (6-20)
1579,0.22685991,0.7731401,0,1,1) very rare (1-5)
1580,0.8231037,0.17689627,0,0,1) very rare (1-5)
1581,0.60174704,0.39825296,0,123,4) very common (100+)
1582,0.51166064,0.48833936,1,0,1) very rare (1-5)
1583,0.48139262,0.5186074,1,76,3) common (21-100)
1584,0.3891187,0.6108813,0,13,2) rare (6-20)
1585,0.7435703,0.25642967,0,237,4) very common (100+)
1586,0.6225491,0.37745088,1,0,1) very rare (1-5)
1587,0.22984357,0.77015644,1,8,2) rare (6-20)
1588,0.6041428,0.39585721,0,15,2) rare (6-20)
1589,0.78522956,0.21477044,1,72,3) common (21-100)
1590,0.443678,0.556322,1,0,1) very rare (1-5)
1591,0.2811101,0.7188899,1,0,1) very rare (1-5)
1592,0.047412097,0.9525879,1,0,1) very rare (1-5)
1593,0.1140196,0.88598037,1,9,2) rare (6-20)
1594,0.8701685,0.1298315,0,17,2) rare (6-20)
1595,0.7083514,0.29164863,0,1000,4) very common (100+)
1596,0.39740178,0.6025982,0,3,1) very rare (1-5)
1597,0.33302572,0.6669743,0,1,1) very rare (1-5)
1598,0.6951484,0.3048516,1,5,1) very rare (1-5)
1599,0.3499249,0.6500751,1,5,1) very rare (1-5)
1600,0.45446688,0.5455331,0,1,1) very rare (1-5)
1601,0.3809717,0.61902833,1,0,1) very rare (1-5)
1602,0.5733354,0.4266646,1,0,1) very rare (1-5)
1603,0.72562313,0.27437687,0,2,1) very rare (1-5)
1604,0.41360897,0.58639103,0,24,3) common (21-100)
1605,0.46310622,0.5368938,0,4,1) very rare (1-5)
1606,0.21797855,0.78202146,1,3,1) very rare (1-5)
1607,0.8188298,0.18117023,0,1070,4) very common (100+)
1608,0.72330153,0.27669847,1,106,4) very common (100+)
1609,0.2373939,0.7626061,1,79,3) common (21-100)
1610,0.13539357,0.86460644,1,5,1) very rare (1-5)
1611,0.38106614,0.61893386,0,1,1) very rare (1-5)
1612,0.062164698,0.9378353,1,39,3) common (21-100)
1613,0.9750367,0.02496332,1,1,1) very rare (1-5)
1614,0.88666666,0.113333344,0,182,4) very common (100+)
1615,0.04547689,0.9545231,1,11,2) rare (6-20)
1616,0.15540674,0.8445933,1,1,1) very rare (1-5)
1617,0.6192355,0.38076448,1,105,4) very common (100+)
1618,0.39801383,0.60198617,0,18,2) rare (6-20)
1619,0.005814676,0.9941853,1,0,1) very rare (1-5)
1620,0.91989356,0.08010644,0,1000,4) very common (100+)
1621,0.7844759,0.21552408,0,421,4) very common (100+)
1622,0.65242857,0.34757143,0,343,4) very common (100+)
1623,0.7284261,0.2715739,1,1070,4) very common (100+)
1624,0.28997648,0.7100235,1,79,3) common (21-100)
1625,0.88874197,0.11125803,0,99,3) common (21-100)
1626,0.10016638,0.8998336,1,0,1) very rare (1-5)
1627,0.84538656,0.15461344,1,146,4) very common (100+)
1628,0.28286207,0.71713793,1,118,4) very common (100+)
1629,0.5797696,0.4202304,1,0,1) very rare (1-5)
1630,0.28352094,0.71647906,1,0,1) very rare (1-5)
1631,0.7386336,0.26136643,1,1,1) very rare (1-5)
1632,0.9220273,0.07797271,0,1000,4) very common (100+)
1633,0.25154543,0.7484546,1,0,1) very rare (1-5)
1634,0.12403697,0.87596303,1,0,1) very rare (1-5)
1635,0.7042885,0.29571152,0,14,2) rare (6-20)
1636,0.53691185,0.46308815,1,2,1) very rare (1-5)
1637,0.08782353,0.9121765,1,9,2) rare (6-20)
1638,0.48287418,0.51712584,1,79,3) common (21-100)
1639,0.9605206,0.039479375,0,1290,4) very common (100+)
1640,0.7926896,0.20731038,0,63,3) common (21-100)
1641,0.88022876,0.11977124,0,1290,4) very common (100+)
1642,0.7713722,0.2286278,0,106,4) very common (100+)
1643,0.51447827,0.48552173,1,0,1) very rare (1-5)
1644,0.19256668,0.8074333,0,23,3) common (21-100)
1645,0.43178472,0.56821525,0,223,4) very common (100+)
1646,0.5515985,0.4484015,1,1,1) very rare (1-5)
1647,0.1396048,0.8603952,1,14,2) rare (6-20)
1648,0.8482415,0.15175849,0,421,4) very common (100+)
1649,0.6597967,0.3402033,0,700,4) very common (100+)
1650,0.9356482,0.0643518,0,39,3) common (21-100)
1651,0.8743416,0.1256584,1,58,3) common (21-100)
1652,0.4475074,0.5524926,1,0,1) very rare (1-5)
1653,0.4583516,0.5416484,0,71,3) common (21-100)
1654,0.48516238,0.5148376,1,134,4) very common (100+)
1655,0.14758156,0.8524184,1,2,1) very rare (1-5)
1656,0.86636853,0.13363147,0,182,4) very common (100+)
1657,0.5693107,0.43068928,1,1070,4) very common (100+)
1658,0.10019134,0.89980865,0,55,3) common (21-100)
1659,0.12068184,0.8793182,1,22,3) common (21-100)
1660,0.22143413,0.7785659,1,2,1) very rare (1-5)
1661,0.9309319,0.069068074,1,99,3) common (21-100)
1662,0.97688985,0.023110151,0,62,3) common (21-100)
1663,0.860831,0.13916898,1,10,2) rare (6-20)
1664,0.16363229,0.8363677,1,0,1) very rare (1-5)
1665,0.6155421,0.3844579,1,2,1) very rare (1-5)
1666,0.95621246,0.04378754,0,421,4) very common (100+)
1667,0.83568805,0.16431195,0,4,1) very rare (1-5)
1668,0.67958623,0.32041377,0,22,3) common (21-100)
1669,0.94379836,0.056201637,0,211,4) very common (100+)
1670,0.40046433,0.5995357,1,1070,4) very common (100+)
1671,0.07057142,0.9294286,1,0,1) very rare (1-5)
1672,0.8744341,0.12556589,0,106,4) very common (100+)
1673,0.18651578,0.8134842,1,24,3) common (21-100)
1674,0.78977764,0.21022236,0,26,3) common (21-100)
1675,0.42178547,0.5782145,1,66,3) common (21-100)
1676,0.5616729,0.43832707,1,86,3) common (21-100)
1677,0.4204934,0.57950664,0,343,4) very common (100+)
1678,0.8802266,0.11977339,1,88,3) common (21-100)
1679,0.047437247,0.95256275,1,0,1) very rare (1-5)
1680,0.90682685,0.093173146,0,37,3) common (21-100)
1681,0.5750141,0.4249859,1,24,3) common (21-100)
1682,0.42470792,0.5752921,0,1290,4) very common (100+)
1683,0.6379436,0.36205637,0,343,4) very common (100+)
1684,0.16072085,0.8392792,0,2,1) very rare (1-5)
1685,0.40060237,0.59939766,1,66,3) common (21-100)
1686,0.6521184,0.34788162,1,118,4) very common (100+)
1687,0.7473306,0.2526694,0,1070,4) very common (100+)
1688,0.44211808,0.55788195,0,343,4) very common (100+)
1689,0.08271051,0.9172895,1,0,1) very rare (1-5)
1690,0.7288732,0.2711268,0,1290,4) very common (100+)
1691,0.69461894,0.30538106,1,39,3) common (21-100)
1692,0.7574638,0.24253619,0,17,2) rare (6-20)
1693,0.76745707,0.23254293,0,79,3) common (21-100)
1694,0.36373484,0.63626516,0,70,3) common (21-100)
1695,0.26446405,0.735536,1,1,1) very rare (1-5)
1696,0.09369164,0.90630835,1,0,1) very rare (1-5)
1697,0.08148418,0.9185158,1,0,1) very rare (1-5)
1698,0.667661,0.332339,0,6,2) rare (6-20)
1699,0.34687412,0.6531259,1,0,1) very rare (1-5)
1700,0.6097535,0.3902465,1,0,1) very rare (1-5)
1701,0.17668128,0.8233187,0,3,1) very rare (1-5)
1702,0.9560431,0.043956876,0,23,3) common (21-100)
1703,0.7488004,0.2511996,1,5,1) very rare (1-5)
1704,0.8770434,0.122956574,1,7,2) rare (6-20)
1705,0.024805952,0.97519404,1,7,2) rare (6-20)
1706,0.090070985,0.90992904,1,8,2) rare (6-20)
1707,0.04716237,0.95283765,1,0,1) very rare (1-5)
1708,0.14815341,0.8518466,0,2,1) very rare (1-5)
1709,0.11162374,0.88837624,0,2,1) very rare (1-5)
1710,0.37750387,0.6224961,1,0,1) very rare (1-5)
1711,0.9158103,0.08418971,0,1000,4) very common (100+)
1712,0.14339884,0.8566012,1,16,2) rare (6-20)
1713,0.22652505,0.77347493,1,0,1) very rare (1-5)
1714,0.24137817,0.7586218,0,1,1) very rare (1-5)
1715,0.63488525,0.36511475,0,1070,4) very common (100+)
1716,0.93011296,0.06988704,0,178,4) very common (100+)
1717,0.39190313,0.60809684,0,123,4) very common (100+)
1718,0.5246877,0.4753123,0,41,3) common (21-100)
1719,0.15850613,0.84149384,1,178,4) very common (100+)
1720,0.67361724,0.32638276,1,111,4) very common (100+)
1721,0.66293204,0.33706796,1,1,1) very rare (1-5)
1722,0.9711265,0.028873503,0,421,4) very common (100+)
1723,0.23527595,0.764724,1,9,2) rare (6-20)
1724,0.3228142,0.6771858,1,0,1) very rare (1-5)
1725,0.89082646,0.10917354,0,1070,4) very common (100+)
1726,0.066391565,0.9336084,1,1,1) very rare (1-5)
1727,0.12368451,0.8763155,0,3,1) very rare (1-5)
1728,0.91372114,0.086278856,1,1000,4) very common (100+)
1729,0.38490885,0.61509115,1,118,4) very common (100+)
1730,0.69727886,0.30272114,1,8,2) rare (6-20)
1731,0.9787515,0.02124852,0,1000,4) very common (100+)
1732,0.48426244,0.51573753,0,372,4) very common (100+)
1733,0.85716146,0.14283854,0,105,4) very common (100+)
1734,0.9180418,0.081958175,0,89,3) common (21-100)
1735,0.022301763,0.9776982,1,17,2) rare (6-20)
1736,0.17917314,0.8208269,1,17,2) rare (6-20)
1737,0.6682894,0.33171058,0,7,2) rare (6-20)
1738,0.63966066,0.36033934,1,89,3) common (21-100)
1739,0.44150782,0.5584922,1,343,4) very common (100+)
1740,0.7567778,0.24322218,0,44,3) common (21-100)
1741,0.11283956,0.8871604,1,0,1) very rare (1-5)
1742,0.32402205,0.67597795,1,3,1) very rare (1-5)
1743,0.44553965,0.55446035,1,16,2) rare (6-20)
1744,0.53796035,0.46203965,0,99,3) common (21-100)
1745,0.96169746,0.03830254,0,79,3) common (21-100)
1746,0.041988973,0.95801103,1,0,1) very rare (1-5)
1747,0.8697192,0.1302808,0,55,3) common (21-100)
1748,0.21047153,0.7895285,1,26,3) common (21-100)
1749,0.92399764,0.07600236,0,34,3) common (21-100)
1750,0.4415256,0.5584744,0,22,3) common (21-100)
1751,0.48105913,0.51894087,1,47,3) common (21-100)
1752,0.5492466,0.4507534,1,1000,4) very common (100+)
1753,0.3405471,0.6594529,1,0,1) very rare (1-5)
1754,0.91402966,0.08597034,1,0,1) very rare (1-5)
1755,0.6610584,0.33894157,1,1290,4) very common (100+)
1756,0.08983183,0.9101682,1,0,1) very rare (1-5)
1757,0.26806414,0.73193586,1,134,4) very common (100+)
1758,0.37903878,0.6209612,1,0,1) very rare (1-5)
1759,0.12457072,0.8754293,1,0,1) very rare (1-5)
1760,0.2715017,0.72849834,0,9,2) rare (6-20)
1761,0.06437855,0.93562144,1,12,2) rare (6-20)
1762,0.122996,0.877004,1,2,1) very rare (1-5)
1763,0.07100215,0.9289979,0,39,3) common (21-100)
1764,0.8446074,0.15539259,1,81,3) common (21-100)
1765,0.1929607,0.8070393,0,3,1) very rare (1-5)
1766,0.21054642,0.78945357,1,6,2) rare (6-20)
1767,0.6425138,0.3574862,0,159,4) very common (100+)
1768,0.17787914,0.82212085,1,7,2) rare (6-20)
1769,0.070183665,0.92981637,1,8,2) rare (6-20)
1770,0.7039668,0.2960332,1,17,2) rare (6-20)
1771,0.46677008,0.53322995,0,24,3) common (21-100)
1772,0.91652423,0.08347577,0,700,4) very common (100+)
1773,0.27256578,0.7274342,1,6,2) rare (6-20)
1774,0.25396422,0.7460358,1,2,1) very rare (1-5)
1775,0.5560007,0.4439993,0,2,1) very rare (1-5)
1776,0.92757154,0.072428465,0,700,4) very common (100+)
1777,0.9293786,0.07062137,0,1290,4) very common (100+)
1778,0.34298906,0.6570109,0,5,1) very rare (1-5)
1779,0.13899015,0.86100984,1,0,1) very rare (1-5)
1780,0.58663565,0.41336435,0,27,3) common (21-100)
1781,0.06122769,0.9387723,1,84,3) common (21-100)
1782,0.43277645,0.56722355,1,146,4) very common (100+)
1783,0.21806534,0.7819347,0,43,3) common (21-100)
1784,0.14090265,0.85909736,1,0,1) very rare (1-5)
1785,0.4205902,0.57940984,1,89,3) common (21-100)
1786,0.40773118,0.5922688,0,1,1) very rare (1-5)
1787,0.8461065,0.15389347,0,1290,4) very common (100+)
1788,0.16142264,0.8385774,1,0,1) very rare (1-5)
1789,0.64115936,0.35884064,0,8,2) rare (6-20)
1790,0.07699983,0.92300016,1,0,1) very rare (1-5)
1791,0.9849585,0.0150414705,1,2,1) very rare (1-5)
1792,0.07945887,0.9205411,1,0,1) very rare (1-5)
1793,0.039019875,0.9609801,1,0,1) very rare (1-5)
1794,0.2127169,0.78728306,1,33,3) common (21-100)
1795,0.26594278,0.7340572,1,8,2) rare (6-20)
1796,0.68409175,0.31590825,1,1070,4) very common (100+)
1797,0.50381887,0.49618113,1,70,3) common (21-100)
1798,0.2012243,0.7987757,0,88,3) common (21-100)
1799,0.9670528,0.032947183,0,99,3) common (21-100)
1800,0.6909447,0.30905533,1,96,3) common (21-100)
1801,0.8513682,0.14863181,0,27,3) common (21-100)
1802,0.40136123,0.5986388,1,1,1) very rare (1-5)
1803,0.11485498,0.885145,1,92,3) common (21-100)
1804,0.9866702,0.013329804,0,1000,4) very common (100+)
1805,0.29157284,0.7084272,1,1000,4) very common (100+)
1806,0.29269296,0.70730704,0,105,4) very common (100+)
1807,0.42512274,0.57487726,0,20,2) rare (6-20)
1808,0.18477894,0.8152211,1,7,2) rare (6-20)
1809,0.47566456,0.52433544,1,70,3) common (21-100)
1810,0.35980225,0.64019775,0,121,4) very common (100+)
1811,0.9581293,0.041870713,1,54,3) common (21-100)
1812,0.422574,0.57742596,0,275,4) very common (100+)
1813,0.75969785,0.24030215,1,107,4) very common (100+)
1814,0.46744162,0.5325584,1,28,3) common (21-100)
1815,0.20234962,0.7976504,1,2,1) very rare (1-5)
1816,0.49586022,0.5041398,1,5,1) very rare (1-5)
1817,0.85760397,0.14239603,0,23,3) common (21-100)
1818,0.74597675,0.25402325,1,1290,4) very common (100+)
1819,0.924307,0.07569301,1,54,3) common (21-100)
1820,0.9192964,0.080703616,0,85,3) common (21-100)
1821,0.34886056,0.65113944,1,2,1) very rare (1-5)
1822,0.15311538,0.8468846,1,32,3) common (21-100)
1823,0.04669351,0.9533065,1,0,1) very rare (1-5)
1824,0.50280863,0.49719137,0,12,2) rare (6-20)
1825,0.8845742,0.115425825,0,700,4) very common (100+)
1826,0.9312645,0.06873548,0,1290,4) very common (100+)
1827,0.35510603,0.644894,1,134,4) very common (100+)
1828,0.43217432,0.5678257,0,3,1) very rare (1-5)
1829,0.3098711,0.6901289,0,9,2) rare (6-20)
1830,0.15915672,0.84084326,1,223,4) very common (100+)
1831,0.6012118,0.3987882,0,223,4) very common (100+)
1832,0.13542435,0.8645756,1,70,3) common (21-100)
1833,0.112271965,0.88772804,1,4,1) very rare (1-5)
1834,0.06485551,0.9351445,1,17,2) rare (6-20)
1835,0.8006247,0.19937527,0,261,4) very common (100+)
1836,0.9767085,0.023291528,0,1000,4) very common (100+)
1837,0.40376338,0.5962366,1,35,3) common (21-100)
1838,0.54007703,0.45992297,0,1290,4) very common (100+)
1839,0.43321362,0.5667864,0,9,2) rare (6-20)
1840,0.5439826,0.45601737,0,1290,4) very common (100+)
1841,0.020955473,0.97904456,1,0,1) very rare (1-5)
1842,0.88227516,0.117724836,0,1000,4) very common (100+)
1843,0.33445242,0.6655476,1,91,3) common (21-100)
1844,0.5656135,0.4343865,0,6,2) rare (6-20)
1845,0.82227206,0.17772794,0,1290,4) very common (100+)
1846,0.16445057,0.8355494,0,18,2) rare (6-20)
1847,0.7687612,0.23123878,1,16,2) rare (6-20)
1848,0.06441405,0.935586,1,0,1) very rare (1-5)
1849,0.70777243,0.29222757,1,24,3) common (21-100)
1850,0.40051523,0.5994848,1,118,4) very common (100+)
1851,0.41393545,0.5860646,0,14,2) rare (6-20)
1852,0.3511094,0.6488906,1,3,1) very rare (1-5)
1853,0.81968474,0.18031526,1,102,4) very common (100+)
1854,0.66609395,0.33390605,0,66,3) common (21-100)
1855,0.8067009,0.19329911,0,35,3) common (21-100)
1856,0.68393767,0.31606233,0,52,3) common (21-100)
1857,0.53344816,0.46655184,0,1290,4) very common (100+)
1858,0.091782086,0.9082179,1,0,1) very rare (1-5)
1859,0.9656655,0.03433448,0,50,3) common (21-100)
1860,0.8212438,0.17875618,0,1000,4) very common (100+)
1861,0.61520714,0.38479286,0,4,1) very rare (1-5)
1862,0.55014026,0.44985974,0,5,1) very rare (1-5)
1863,0.46018878,0.53981125,1,92,3) common (21-100)
1864,0.8455333,0.15446669,0,53,3) common (21-100)
1865,0.91962314,0.08037686,0,2,1) very rare (1-5)
1866,0.17533368,0.8246663,1,3,1) very rare (1-5)
1867,0.79775304,0.20224696,0,68,3) common (21-100)
1868,0.6078819,0.3921181,1,0,1) very rare (1-5)
1869,0.5361595,0.46384048,0,8,2) rare (6-20)
1870,0.7344459,0.26555407,1,0,1) very rare (1-5)
1871,0.11710458,0.8828954,0,47,3) common (21-100)
1872,0.62155044,0.37844956,0,0,1) very rare (1-5)
1873,0.47613817,0.5238618,1,19,2) rare (6-20)
1874,0.06835675,0.93164325,0,0,1) very rare (1-5)
1875,0.89569545,0.10430455,0,372,4) very common (100+)
1876,0.63556224,0.36443776,0,142,4) very common (100+)
1877,0.9756737,0.024326324,0,1000,4) very common (100+)
1878,0.37402484,0.62597513,0,178,4) very common (100+)
1879,0.074088305,0.92591166,1,9,2) rare (6-20)
1880,0.09973656,0.9002634,1,14,2) rare (6-20)
1881,0.048907854,0.9510921,1,2,1) very rare (1-5)
1882,0.5402287,0.45977128,1,1,1) very rare (1-5)
1883,0.46286425,0.5371357,1,4,1) very rare (1-5)
1884,0.05942523,0.94057477,1,0,1) very rare (1-5)
1885,0.28989738,0.7101026,1,0,1) very rare (1-5)
1886,0.53832054,0.46167946,1,1290,4) very common (100+)
1887,0.16798493,0.83201504,0,5,1) very rare (1-5)
1888,0.9580732,0.0419268,0,700,4) very common (100+)
1889,0.9299078,0.0700922,0,1000,4) very common (100+)
1890,0.43371838,0.5662816,0,237,4) very common (100+)
1891,0.4309746,0.5690254,1,8,2) rare (6-20)
1892,0.49389714,0.50610286,1,1,1) very rare (1-5)
1893,0.279181,0.720819,0,2,1) very rare (1-5)
1894,0.5797353,0.42026472,0,47,3) common (21-100)
1895,0.63310254,0.36689746,1,6,2) rare (6-20)
1896,0.12670775,0.87329227,0,0,1) very rare (1-5)
1897,0.5478107,0.45218933,0,2,1) very rare (1-5)
1898,0.5673084,0.43269157,1,71,3) common (21-100)
1899,0.3628195,0.6371805,1,7,2) rare (6-20)
1900,0.69292825,0.30707175,0,1000,4) very common (100+)
1901,0.18903224,0.81096774,1,2,1) very rare (1-5)
1902,0.31240955,0.6875905,1,2,1) very rare (1-5)
1903,0.47761533,0.52238464,1,44,3) common (21-100)
1904,0.55382043,0.44617957,1,44,3) common (21-100)
1905,0.9312767,0.06872332,0,50,3) common (21-100)
1906,0.46343088,0.5365691,1,39,3) common (21-100)
1907,0.36256775,0.6374322,0,3,1) very rare (1-5)
1908,0.5416892,0.45831078,1,1,1) very rare (1-5)
1909,0.76026195,0.23973805,1,159,4) very common (100+)
1910,0.5234642,0.4765358,1,7,2) rare (6-20)
1911,0.753512,0.24648798,1,1290,4) very common (100+)
1912,0.9814765,0.018523514,0,53,3) common (21-100)
1913,0.9306953,0.069304705,1,17,2) rare (6-20)
1914,0.67177784,0.32822216,0,343,4) very common (100+)
1915,0.557179,0.44282103,1,7,2) rare (6-20)
1916,0.7454207,0.2545793,1,99,3) common (21-100)
1917,0.4557934,0.5442066,0,3,1) very rare (1-5)
1918,0.27490413,0.72509587,1,0,1) very rare (1-5)
1919,0.070642635,0.92935735,1,0,1) very rare (1-5)
1920,0.18835902,0.811641,1,0,1) very rare (1-5)
1921,0.1711664,0.8288336,1,41,3) common (21-100)
1922,0.39835253,0.6016475,1,33,3) common (21-100)
1923,0.36314306,0.6368569,1,17,2) rare (6-20)
1924,0.044194587,0.9558054,0,36,3) common (21-100)
1925,0.5098477,0.4901523,0,5,1) very rare (1-5)
1926,0.52463555,0.47536445,0,223,4) very common (100+)
1927,0.987046,0.012953997,0,1000,4) very common (100+)
1928,0.46582446,0.5341755,0,146,4) very common (100+)
1929,0.045089718,0.9549103,1,1,1) very rare (1-5)
1930,0.48527488,0.5147251,1,4,1) very rare (1-5)
1931,0.17821641,0.8217836,1,0,1) very rare (1-5)
1932,0.97987914,0.02012086,0,1000,4) very common (100+)
1933,0.49720752,0.5027925,0,100,3) common (21-100)
1934,0.79540443,0.20459557,0,343,4) very common (100+)
1935,0.18825163,0.8117484,1,0,1) very rare (1-5)
1936,0.30456275,0.69543725,1,2,1) very rare (1-5)
1937,0.38114333,0.61885667,1,88,3) common (21-100)
1938,0.61831725,0.38168275,1,96,3) common (21-100)
1939,0.5730949,0.4269051,0,25,3) common (21-100)
1940,0.7520889,0.2479111,1,1290,4) very common (100+)
1941,0.50986475,0.49013525,1,0,1) very rare (1-5)
1942,0.5452609,0.4547391,1,5,1) very rare (1-5)
1943,0.61129266,0.38870734,0,1290,4) very common (100+)
1944,0.14985491,0.8501451,0,0,1) very rare (1-5)
1945,0.10836458,0.8916354,0,142,4) very common (100+)
1946,0.92856663,0.071433365,0,421,4) very common (100+)
1947,0.7587828,0.2412172,1,12,2) rare (6-20)
1948,0.5653652,0.4346348,1,1070,4) very common (100+)
1949,0.16507688,0.83492315,1,1,1) very rare (1-5)
1950,0.20918204,0.790818,1,118,4) very common (100+)
1951,0.012694004,0.987306,1,0,1) very rare (1-5)
1952,0.28078356,0.71921647,1,23,3) common (21-100)
1953,0.5746367,0.4253633,0,21,3) common (21-100)
1954,0.61092204,0.38907796,0,3,1) very rare (1-5)
1955,0.71925175,0.28074825,0,40,3) common (21-100)
1956,0.5923843,0.40761572,1,14,2) rare (6-20)
1957,0.9508539,0.049146116,0,5,1) very rare (1-5)
1958,0.29720983,0.70279014,1,21,3) common (21-100)
1959,0.9180632,0.08193678,0,421,4) very common (100+)
1960,0.8107013,0.18929869,1,8,2) rare (6-20)
1961,0.059423715,0.9405763,1,1,1) very rare (1-5)
1962,0.51380664,0.48619336,1,38,3) common (21-100)
1963,0.5352188,0.46478122,1,160,4) very common (100+)
1964,0.4803431,0.5196569,1,5,1) very rare (1-5)
1965,0.2584434,0.74155664,1,134,4) very common (100+)
1966,0.43841407,0.5615859,1,22,3) common (21-100)
1967,0.8538636,0.1461364,1,142,4) very common (100+)
1968,0.34422275,0.6557772,1,2,1) very rare (1-5)
1969,0.5174132,0.4825868,0,3,1) very rare (1-5)
1970,0.6161002,0.3838998,0,1290,4) very common (100+)
1971,0.7736571,0.22634292,0,10,2) rare (6-20)
1972,0.044236287,0.9557637,0,0,1) very rare (1-5)
1973,0.115551054,0.88444895,1,14,2) rare (6-20)
1974,0.2750352,0.7249648,1,0,1) very rare (1-5)
1975,0.06155615,0.93844384,1,2,1) very rare (1-5)
1976,0.9844551,0.015544891,0,700,4) very common (100+)
1977,0.058348168,0.9416518,1,4,1) very rare (1-5)
1978,0.15680413,0.84319586,0,7,2) rare (6-20)
1979,0.13823307,0.86176693,1,2,1) very rare (1-5)
1980,0.26734227,0.73265773,1,58,3) common (21-100)
1981,0.9802346,0.019765377,0,89,3) common (21-100)
1982,0.35249653,0.6475035,0,1070,4) very common (100+)
1983,0.6529029,0.3470971,1,3,1) very rare (1-5)
1984,0.06692103,0.93307894,0,0,1) very rare (1-5)
1985,0.21242186,0.7875781,1,1,1) very rare (1-5)
1986,0.67048085,0.32951915,0,5,1) very rare (1-5)
1987,0.74264055,0.25735945,0,99,3) common (21-100)
1988,0.8936742,0.106325805,0,421,4) very common (100+)
1989,0.5793961,0.42060387,0,0,1) very rare (1-5)
1990,0.85396385,0.14603615,1,5,1) very rare (1-5)
1991,0.54368705,0.45631295,0,60,3) common (21-100)
1992,0.13741644,0.8625836,1,1,1) very rare (1-5)
1993,0.8095092,0.19049078,1,2,1) very rare (1-5)
1994,0.44349042,0.5565096,0,99,3) common (21-100)
1995,0.6939574,0.3060426,1,160,4) very common (100+)
1996,0.79889566,0.20110434,0,2,1) very rare (1-5)
1997,0.04579208,0.9542079,1,9,2) rare (6-20)
1998,0.9432609,0.056739092,0,237,4) very common (100+)
1999,0.49685526,0.50314474,0,28,3) common (21-100)
2000,0.107828155,0.89217186,0,1,1) very rare (1-5)
2001,0.70107204,0.29892796,0,166,4) very common (100+)
2002,0.38027477,0.6197252,0,88,3) common (21-100)
2003,0.6593068,0.34069318,1,19,2) rare (6-20)
2004,0.5970363,0.4029637,1,1290,4) very common (100+)
2005,0.80092573,0.19907427,0,1290,4) very common (100+)
2006,0.111841865,0.88815814,1,118,4) very common (100+)
2007,0.39440757,0.6055924,0,118,4) very common (100+)
2008,0.5133195,0.4866805,0,372,4) very common (100+)
2009,0.8956636,0.10433638,0,37,3) common (21-100)
2010,0.31154495,0.68845505,1,7,2) rare (6-20)
2011,0.13937253,0.8606275,0,29,3) common (21-100)
2012,0.089181006,0.910819,1,0,1) very rare (1-5)
2013,0.33354357,0.66645646,0,68,3) common (21-100)
2014,0.62933755,0.37066245,1,27,3) common (21-100)
2015,0.23366968,0.7663303,0,3,1) very rare (1-5)
2016,0.762832,0.23716801,1,166,4) very common (100+)
2017,0.29777548,0.7022245,1,261,4) very common (100+)
2018,0.14666569,0.8533343,1,18,2) rare (6-20)
2019,0.35096648,0.64903355,1,62,3) common (21-100)
2020,0.041374493,0.9586255,1,0,1) very rare (1-5)
2021,0.3684266,0.63157344,1,16,2) rare (6-20)
2022,0.90304977,0.09695023,0,47,3) common (21-100)
2023,0.11873528,0.8812647,1,5,1) very rare (1-5)
2024,0.14790735,0.8520926,1,38,3) common (21-100)
2025,0.08776662,0.91223335,1,0,1) very rare (1-5)
2026,0.2547025,0.7452975,0,145,4) very common (100+)
2027,0.9558049,0.044195116,0,28,3) common (21-100)
2028,0.88187563,0.118124366,0,372,4) very common (100+)
2029,0.9223824,0.077617586,0,58,3) common (21-100)
2030,0.6404912,0.3595088,1,16,2) rare (6-20)
2031,0.65655386,0.34344614,0,1000,4) very common (100+)
2032,0.20963998,0.79036003,0,134,4) very common (100+)
2033,0.09466565,0.90533435,1,1,1) very rare (1-5)
2034,0.33418345,0.66581655,0,68,3) common (21-100)
2035,0.624923,0.375077,0,106,4) very common (100+)
2036,0.26596728,0.73403275,0,7,2) rare (6-20)
2037,0.346294,0.653706,1,134,4) very common (100+)
2038,0.04999826,0.9500017,1,0,1) very rare (1-5)
2039,0.7216834,0.27831662,0,9,2) rare (6-20)
2040,0.44007474,0.55992526,0,15,2) rare (6-20)
2041,0.16990177,0.8300982,1,4,1) very rare (1-5)
2042,0.052465312,0.9475347,0,118,4) very common (100+)
2043,0.8717991,0.12820089,0,11,2) rare (6-20)
2044,0.21032543,0.7896746,1,1,1) very rare (1-5)
2045,0.93421894,0.06578106,1,54,3) common (21-100)
2046,0.8133175,0.18668252,1,16,2) rare (6-20)
2047,0.5290116,0.4709884,0,275,4) very common (100+)
2048,0.32625043,0.67374957,1,6,2) rare (6-20)
2049,0.2945578,0.7054422,0,47,3) common (21-100)
2050,0.48516592,0.51483405,0,5,1) very rare (1-5)
2051,0.639028,0.360972,0,1070,4) very common (100+)
2052,0.490188,0.509812,1,3,1) very rare (1-5)
2053,0.16029012,0.8397099,1,70,3) common (21-100)
2054,0.90092325,0.09907675,0,19,2) rare (6-20)
2055,0.5075321,0.49246788,0,3,1) very rare (1-5)
2056,0.81479776,0.18520224,0,421,4) very common (100+)
2057,0.93909216,0.06090784,1,1,1) very rare (1-5)
2058,0.9397423,0.060257673,0,275,4) very common (100+)
2059,0.97871464,0.021285355,0,421,4) very common (100+)
2060,0.76345456,0.23654544,0,36,3) common (21-100)
2061,0.8560721,0.14392787,0,142,4) very common (100+)
2062,0.1883623,0.8116377,1,0,1) very rare (1-5)
2063,0.2854689,0.71453106,0,9,2) rare (6-20)
2064,0.8853623,0.11463767,0,1000,4) very common (100+)
2065,0.86312854,0.13687146,0,105,4) very common (100+)
2066,0.64912784,0.35087216,0,1290,4) very common (100+)
2067,0.095646404,0.9043536,0,3,1) very rare (1-5)
2068,0.27265406,0.72734594,0,3,1) very rare (1-5)
2069,0.07851245,0.92148757,1,4,1) very rare (1-5)
2070,0.11343064,0.8865694,1,0,1) very rare (1-5)
2071,0.51785886,0.48214114,1,1290,4) very common (100+)
2072,0.16246353,0.83753645,1,0,1) very rare (1-5)
2073,0.6201637,0.37983632,0,102,4) very common (100+)
2074,0.85979956,0.14020044,1,4,1) very rare (1-5)
2075,0.17326134,0.82673866,1,13,2) rare (6-20)
2076,0.27449194,0.7255081,1,36,3) common (21-100)
2077,0.1445135,0.8554865,0,7,2) rare (6-20)
2078,0.32975224,0.6702478,0,24,3) common (21-100)
2079,0.99204105,0.007958949,0,211,4) very common (100+)
2080,0.45543736,0.54456264,1,0,1) very rare (1-5)
2081,0.9685102,0.03148979,0,85,3) common (21-100)
2082,0.44603604,0.55396396,0,105,4) very common (100+)
2083,0.17289045,0.8271096,0,5,1) very rare (1-5)
2084,0.98127156,0.018728435,0,182,4) very common (100+)
2085,0.32946768,0.67053235,1,3,1) very rare (1-5)
2086,0.74197894,0.25802106,0,275,4) very common (100+)
2087,0.19708143,0.80291855,1,0,1) very rare (1-5)
2088,0.73545164,0.26454836,0,121,4) very common (100+)
2089,0.9668846,0.033115387,0,142,4) very common (100+)
2090,0.054659206,0.9453408,1,15,2) rare (6-20)
2091,0.39977792,0.6002221,1,9,2) rare (6-20)
2092,0.4775449,0.5224551,0,1,1) very rare (1-5)
2093,0.66174394,0.33825606,0,7,2) rare (6-20)
2094,0.14217085,0.85782915,1,22,3) common (21-100)
2095,0.17234851,0.8276515,1,0,1) very rare (1-5)
2096,0.85647273,0.14352727,0,27,3) common (21-100)
2097,0.19560736,0.80439264,0,237,4) very common (100+)
2098,0.073125444,0.9268746,0,17,2) rare (6-20)
2099,0.5697841,0.4302159,1,0,1) very rare (1-5)
2100,0.4557691,0.54423094,1,1,1) very rare (1-5)
2101,0.96037966,0.03962034,0,700,4) very common (100+)
2102,0.14542903,0.854571,0,0,1) very rare (1-5)
2103,0.45075512,0.5492449,1,79,3) common (21-100)
2104,0.5484477,0.45155227,1,0,1) very rare (1-5)
2105,0.17376311,0.8262369,0,1,1) very rare (1-5)
2106,0.47300962,0.5269904,1,7,2) rare (6-20)
2107,0.53087306,0.46912694,1,0,1) very rare (1-5)
2108,0.25672898,0.743271,1,6,2) rare (6-20)
2109,0.25881743,0.74118257,1,0,1) very rare (1-5)
2110,0.9721265,0.027873516,0,1000,4) very common (100+)
2111,0.69606054,0.30393946,0,123,4) very common (100+)
2112,0.83419466,0.16580534,1,2,1) very rare (1-5)
2113,0.04279965,0.95720035,0,41,3) common (21-100)
2114,0.46970263,0.5302974,0,700,4) very common (100+)
2115,0.51915264,0.48084736,1,26,3) common (21-100)
2116,0.016429264,0.98357075,1,0,1) very rare (1-5)
2117,0.33548942,0.6645106,1,24,3) common (21-100)
2118,0.8194298,0.18057019,0,39,3) common (21-100)
2119,0.5372086,0.46279138,0,1070,4) very common (100+)
2120,0.63198316,0.36801684,1,1070,4) very common (100+)
2121,0.99369496,0.006305039,1,76,3) common (21-100)
2122,0.28576142,0.7142386,1,372,4) very common (100+)
2123,0.9788261,0.021173894,0,37,3) common (21-100)
2124,0.97373116,0.02626884,0,700,4) very common (100+)
2125,0.17466351,0.82533646,0,47,3) common (21-100)
2126,0.9273626,0.07263738,0,99,3) common (21-100)
2127,0.0906554,0.9093446,1,42,3) common (21-100)
2128,0.42987248,0.5701275,0,28,3) common (21-100)
2129,0.028304543,0.9716955,1,0,1) very rare (1-5)
2130,0.47577798,0.524222,1,78,3) common (21-100)
2131,0.22497042,0.7750296,1,58,3) common (21-100)
2132,0.47937143,0.5206286,1,1,1) very rare (1-5)
2133,0.93121076,0.06878924,0,159,4) very common (100+)
2134,0.15368234,0.84631765,1,0,1) very rare (1-5)
2135,0.7642243,0.23577571,1,76,3) common (21-100)
2136,0.25674123,0.7432588,0,7,2) rare (6-20)
2137,0.94273895,0.05726105,1,16,2) rare (6-20)
2138,0.3043134,0.6956866,1,70,3) common (21-100)
2139,0.4290937,0.5709063,1,134,4) very common (100+)
2140,0.770643,0.229357,1,0,1) very rare (1-5)
2141,0.9560723,0.04392773,0,12,2) rare (6-20)
2142,0.66841406,0.33158594,0,42,3) common (21-100)
2143,0.24524459,0.7547554,1,3,1) very rare (1-5)
2144,0.62477535,0.37522465,0,99,3) common (21-100)
2145,0.36708495,0.632915,1,6,2) rare (6-20)
2146,0.16261253,0.83738744,1,178,4) very common (100+)
2147,0.18212624,0.8178738,0,68,3) common (21-100)
2148,0.3432469,0.65675306,1,13,2) rare (6-20)
2149,0.10950225,0.89049774,1,5,1) very rare (1-5)
2150,0.24911699,0.750883,0,0,1) very rare (1-5)
2151,0.1810331,0.81896687,1,26,3) common (21-100)
2152,0.16965675,0.83034325,1,3,1) very rare (1-5)
2153,0.108056314,0.8919437,1,1,1) very rare (1-5)
2154,0.59719515,0.40280485,0,2,1) very rare (1-5)
2155,0.3446633,0.65533674,1,6,2) rare (6-20)
2156,0.11883583,0.8811642,1,5,1) very rare (1-5)
2157,0.9803458,0.019654214,0,29,3) common (21-100)
2158,0.5633455,0.4366545,1,43,3) common (21-100)
2159,0.9086541,0.091345906,1,1290,4) very common (100+)
2160,0.95598066,0.04401934,0,1290,4) very common (100+)
2161,0.40637022,0.5936298,1,0,1) very rare (1-5)
2162,0.68069375,0.31930625,0,105,4) very common (100+)
2163,0.88165706,0.118342936,0,142,4) very common (100+)
2164,0.2157572,0.7842428,0,39,3) common (21-100)
2165,0.2171248,0.7828752,1,1,1) very rare (1-5)
2166,0.33488068,0.6651193,0,17,2) rare (6-20)
2167,0.22662403,0.773376,0,2,1) very rare (1-5)
2168,0.28727064,0.71272933,1,1,1) very rare (1-5)
2169,0.88242686,0.11757314,0,52,3) common (21-100)
2170,0.3908746,0.6091254,0,20,2) rare (6-20)
2171,0.20803045,0.79196954,1,2,1) very rare (1-5)
2172,0.26025715,0.7397429,1,3,1) very rare (1-5)
2173,0.43232515,0.5676749,0,0,1) very rare (1-5)
2174,0.06382862,0.9361714,1,2,1) very rare (1-5)
2175,0.1251253,0.8748747,1,3,1) very rare (1-5)
2176,0.7353532,0.26464683,0,6,2) rare (6-20)
2177,0.5128083,0.48719168,0,275,4) very common (100+)
2178,0.106675595,0.8933244,1,0,1) very rare (1-5)
2179,0.743734,0.256266,0,56,3) common (21-100)
2180,0.623264,0.376736,0,178,4) very common (100+)
2181,0.10757083,0.8924292,1,36,3) common (21-100)
2182,0.08671908,0.9132809,1,0,1) very rare (1-5)
2183,0.68860084,0.31139916,0,142,4) very common (100+)
2184,0.9486722,0.051327825,1,30,3) common (21-100)
2185,0.43387866,0.56612134,0,9,2) rare (6-20)
2186,0.49017867,0.5098213,1,92,3) common (21-100)
2187,0.26488948,0.7351105,0,223,4) very common (100+)
2188,0.7747288,0.22527122,1,0,1) very rare (1-5)
2189,0.26069453,0.7393055,0,37,3) common (21-100)
2190,0.83311784,0.16688216,0,1290,4) very common (100+)
2191,0.40762573,0.59237427,1,45,3) common (21-100)
2192,0.08225108,0.9177489,0,8,2) rare (6-20)
2193,0.26067513,0.73932487,1,0,1) very rare (1-5)
2194,0.8785928,0.12140721,1,1290,4) very common (100+)
2195,0.24127546,0.7587246,0,0,1) very rare (1-5)
2196,0.23440456,0.76559544,1,0,1) very rare (1-5)
2197,0.7660197,0.2339803,0,372,4) very common (100+)
2198,0.043087747,0.9569123,1,15,2) rare (6-20)
2199,0.13801576,0.86198425,1,4,1) very rare (1-5)
2200,0.7845859,0.2154141,0,1000,4) very common (100+)
2201,0.7737069,0.22629309,0,1070,4) very common (100+)
2202,0.13942473,0.86057526,1,159,4) very common (100+)
2203,0.15586652,0.8441335,1,2,1) very rare (1-5)
2204,0.71823937,0.28176063,0,1070,4) very common (100+)
2205,0.37444907,0.6255509,1,1,1) very rare (1-5)
2206,0.11991007,0.88008994,0,88,3) common (21-100)
2207,0.655421,0.34457898,1,5,1) very rare (1-5)
2208,0.95573604,0.04426396,0,99,3) common (21-100)
2209,0.68862265,0.31137735,0,89,3) common (21-100)
2210,0.5971095,0.4028905,1,1,1) very rare (1-5)
2211,0.51166296,0.48833704,0,15,2) rare (6-20)
2212,0.66377306,0.33622694,1,39,3) common (21-100)
2213,0.8966286,0.10337138,0,237,4) very common (100+)
2214,0.3439997,0.65600026,0,21,3) common (21-100)
2215,0.10696028,0.8930397,1,0,1) very rare (1-5)
2216,0.2733332,0.7266668,0,41,3) common (21-100)
2217,0.23591593,0.7640841,1,24,3) common (21-100)
2218,0.16682386,0.83317614,1,0,1) very rare (1-5)
2219,0.3295426,0.67045736,0,23,3) common (21-100)
2220,0.18145172,0.81854826,0,6,2) rare (6-20)
2221,0.38196495,0.6180351,0,14,2) rare (6-20)
2222,0.29831114,0.7016889,0,6,2) rare (6-20)
2223,0.05831986,0.94168013,1,1,1) very rare (1-5)
2224,0.4966063,0.5033937,0,4,1) very rare (1-5)
2225,0.6028569,0.39714313,0,2,1) very rare (1-5)
2226,0.47259405,0.527406,1,268,4) very common (100+)
2227,0.62884825,0.37115175,0,9,2) rare (6-20)
2228,0.79790103,0.20209897,1,0,1) very rare (1-5)
2229,0.7347641,0.2652359,0,700,4) very common (100+)
2230,0.9175886,0.08241141,0,421,4) very common (100+)
2231,0.3088807,0.6911193,0,0,1) very rare (1-5)
2232,0.26397777,0.73602223,1,4,1) very rare (1-5)
2233,0.08404528,0.9159547,1,19,2) rare (6-20)
2234,0.26728508,0.7327149,0,159,4) very common (100+)
2235,0.059750278,0.94024974,1,0,1) very rare (1-5)
2236,0.13710426,0.8628957,1,13,2) rare (6-20)
2237,0.114762574,0.88523746,1,6,2) rare (6-20)
2238,0.88332516,0.11667484,0,421,4) very common (100+)
2239,0.33680204,0.663198,0,8,2) rare (6-20)
2240,0.77713066,0.22286934,1,20,2) rare (6-20)
2241,0.817601,0.18239897,0,121,4) very common (100+)
2242,0.5052738,0.49472618,1,1,1) very rare (1-5)
2243,0.7867503,0.21324968,1,2,1) very rare (1-5)
2244,0.9612137,0.038786292,0,24,3) common (21-100)
2245,0.42761678,0.5723832,1,44,3) common (21-100)
2246,0.10247238,0.89752764,1,0,1) very rare (1-5)
2247,0.8610624,0.13893759,1,421,4) very common (100+)
2248,0.772102,0.227898,0,1000,4) very common (100+)
2249,0.9809194,0.01908058,0,700,4) very common (100+)
2250,0.1180212,0.8819788,1,2,1) very rare (1-5)
2251,0.3531188,0.6468812,1,9,2) rare (6-20)
2252,0.26384306,0.73615694,0,94,3) common (21-100)
2253,0.72678465,0.27321535,0,145,4) very common (100+)
2254,0.49659342,0.5034066,0,1290,4) very common (100+)
2255,0.44470733,0.55529267,1,1,1) very rare (1-5)
2256,0.12299757,0.8770024,1,1,1) very rare (1-5)
2257,0.1832844,0.8167156,1,27,3) common (21-100)
2258,0.44997507,0.5500249,1,106,4) very common (100+)
2259,0.1942955,0.8057045,0,5,1) very rare (1-5)
2260,0.09263006,0.90737,1,118,4) very common (100+)
2261,0.62740993,0.37259007,1,3,1) very rare (1-5)
2262,0.34613144,0.65386856,1,0,1) very rare (1-5)
2263,0.21739149,0.7826085,1,29,3) common (21-100)
2264,0.17821312,0.8217869,1,2,1) very rare (1-5)
2265,0.18693054,0.81306946,1,134,4) very common (100+)
2266,0.94335425,0.05664575,0,71,3) common (21-100)
2267,0.29473573,0.7052643,1,0,1) very rare (1-5)
2268,0.08037541,0.91962457,0,118,4) very common (100+)
2269,0.48027566,0.51972437,0,2,1) very rare (1-5)
2270,0.8843032,0.11569679,0,2,1) very rare (1-5)
2271,0.18405375,0.8159462,1,0,1) very rare (1-5)
2272,0.10892148,0.89107853,1,100,3) common (21-100)
2273,0.8664948,0.13350523,0,19,2) rare (6-20)
2274,0.86352193,0.13647807,1,78,3) common (21-100)
2275,0.92880005,0.07119995,0,1000,4) very common (100+)
2276,0.54792273,0.45207727,0,343,4) very common (100+)
2277,0.40770957,0.5922904,1,51,3) common (21-100)
2278,0.59531397,0.40468603,0,1070,4) very common (100+)
2279,0.33356437,0.6664356,0,7,2) rare (6-20)
2280,0.3205914,0.6794086,0,2,1) very rare (1-5)
2281,0.4119126,0.58808744,1,1,1) very rare (1-5)
2282,0.52998626,0.47001374,1,65,3) common (21-100)
2283,0.20129952,0.79870045,1,0,1) very rare (1-5)
2284,0.7301037,0.26989633,0,33,3) common (21-100)
2285,0.81743175,0.18256825,0,1000,4) very common (100+)
2286,0.5651108,0.4348892,0,0,1) very rare (1-5)
2287,0.43276677,0.5672332,0,107,4) very common (100+)
2288,0.4468004,0.5531996,1,106,4) very common (100+)
2289,0.5708863,0.4291137,1,1070,4) very common (100+)
2290,0.6804201,0.3195799,1,0,1) very rare (1-5)
2291,0.9554862,0.04451382,0,237,4) very common (100+)
2292,0.5933788,0.40662122,0,40,3) common (21-100)
2293,0.117419384,0.88258064,1,0,1) very rare (1-5)
2294,0.2011508,0.7988492,1,0,1) very rare (1-5)
2295,0.4441692,0.55583084,1,6,2) rare (6-20)
2296,0.18322147,0.81677854,0,0,1) very rare (1-5)
2297,0.29266086,0.70733917,1,0,1) very rare (1-5)
2298,0.53080267,0.46919733,0,121,4) very common (100+)
2299,0.5461615,0.45383853,1,372,4) very common (100+)
2300,0.16699658,0.8330034,1,7,2) rare (6-20)
2301,0.112924196,0.8870758,1,26,3) common (21-100)
2302,0.29812446,0.70187557,1,0,1) very rare (1-5)
2303,0.7879244,0.21207559,1,89,3) common (21-100)
2304,0.9924448,0.0075551867,0,211,4) very common (100+)
2305,0.73889405,0.26110595,0,1000,4) very common (100+)
2306,0.53370315,0.46629685,0,100,3) common (21-100)
2307,0.1034144,0.8965856,1,0,1) very rare (1-5)
2308,0.6460728,0.3539272,1,0,1) very rare (1-5)
2309,0.40708143,0.5929186,0,105,4) very common (100+)
2310,0.5140672,0.48593283,1,1290,4) very common (100+)
2311,0.7351186,0.26488137,0,39,3) common (21-100)
2312,0.108563684,0.89143634,1,0,1) very rare (1-5)
2313,0.63903946,0.36096054,1,1070,4) very common (100+)
2314,0.055891298,0.9441087,1,1,1) very rare (1-5)
2315,0.44025874,0.55974126,1,0,1) very rare (1-5)
2316,0.91539925,0.08460075,1,70,3) common (21-100)
2317,0.73840535,0.26159465,0,268,4) very common (100+)
2318,0.9777615,0.022238493,0,261,4) very common (100+)
2319,0.3886674,0.6113326,0,62,3) common (21-100)
2320,0.4801005,0.5198995,1,1070,4) very common (100+)
2321,0.1821714,0.8178286,1,2,1) very rare (1-5)
2322,0.64840317,0.35159683,0,7,2) rare (6-20)
2323,0.1432537,0.8567463,1,0,1) very rare (1-5)
2324,0.24612637,0.75387365,1,3,1) very rare (1-5)
2325,0.9810418,0.018958211,0,37,3) common (21-100)
2326,0.71475995,0.28524005,1,0,1) very rare (1-5)
2327,0.9376082,0.062391818,0,12,2) rare (6-20)
2328,0.2641523,0.7358477,1,1,1) very rare (1-5)
2329,0.25295228,0.7470477,1,58,3) common (21-100)
2330,0.697283,0.30271697,0,89,3) common (21-100)
2331,0.8776516,0.12234843,1,275,4) very common (100+)
2332,0.3577213,0.6422787,1,14,2) rare (6-20)
2333,0.5314249,0.46857512,1,0,1) very rare (1-5)
2334,0.15871578,0.8412842,0,45,3) common (21-100)
2335,0.64385676,0.35614324,0,1290,4) very common (100+)
2336,0.9210081,0.07899189,0,13,2) rare (6-20)
2337,0.08942542,0.91057456,1,2,1) very rare (1-5)
2338,0.23643968,0.7635603,0,14,2) rare (6-20)
2339,0.4650682,0.5349318,1,1070,4) very common (100+)
2340,0.79025203,0.20974797,0,1000,4) very common (100+)
2341,0.037531853,0.96246815,1,16,2) rare (6-20)
2342,0.18338685,0.81661314,1,111,4) very common (100+)
2343,0.50906944,0.49093056,0,25,3) common (21-100)
2344,0.6237341,0.37626588,0,23,3) common (21-100)
2345,0.56886977,0.43113023,0,1070,4) very common (100+)
2346,0.0971795,0.90282047,1,1,1) very rare (1-5)
2347,0.5525527,0.4474473,1,19,2) rare (6-20)
2348,0.4179443,0.5820557,1,7,2) rare (6-20)
2349,0.8815525,0.11844748,0,159,4) very common (100+)
2350,0.5261919,0.4738081,1,0,1) very rare (1-5)
2351,0.29967877,0.7003212,1,69,3) common (21-100)
2352,0.13522954,0.8647705,0,43,3) common (21-100)
2353,0.83509576,0.16490424,1,146,4) very common (100+)
2354,0.13385212,0.8661479,1,4,1) very rare (1-5)
2355,0.61233085,0.38766915,1,0,1) very rare (1-5)
2356,0.27611572,0.7238843,1,9,2) rare (6-20)
2357,0.44693387,0.55306613,1,6,2) rare (6-20)
2358,0.10153666,0.89846337,1,2,1) very rare (1-5)
2359,0.5930742,0.4069258,0,92,3) common (21-100)
2360,0.86777985,0.13222015,0,274,4) very common (100+)
2361,0.6407316,0.35926843,0,9,2) rare (6-20)
2362,0.28402182,0.71597815,1,31,3) common (21-100)
2363,0.4522917,0.5477083,0,23,3) common (21-100)
2364,0.6962646,0.30373538,1,38,3) common (21-100)
2365,0.704163,0.295837,1,1070,4) very common (100+)
2366,0.8166783,0.18332171,1,0,1) very rare (1-5)
2367,0.94836926,0.051630735,0,99,3) common (21-100)
2368,0.17541046,0.82458955,1,5,1) very rare (1-5)
2369,0.08848562,0.9115144,0,8,2) rare (6-20)
2370,0.4365038,0.56349623,1,0,1) very rare (1-5)
2371,0.10722377,0.89277625,1,2,1) very rare (1-5)
2372,0.09836536,0.90163463,1,5,1) very rare (1-5)
2373,0.48427564,0.51572436,1,268,4) very common (100+)
2374,0.09860659,0.9013934,1,0,1) very rare (1-5)
2375,0.04654241,0.9534576,1,1,1) very rare (1-5)
2376,0.15472867,0.84527135,0,3,1) very rare (1-5)
2377,0.32765946,0.6723405,1,3,1) very rare (1-5)
2378,0.9595027,0.040497303,1,2,1) very rare (1-5)
2379,0.04594399,0.954056,1,14,2) rare (6-20)
2380,0.96698314,0.03301686,0,700,4) very common (100+)
2381,0.30069488,0.6993051,1,66,3) common (21-100)
2382,0.28929332,0.7107067,1,0,1) very rare (1-5)
2383,0.65720385,0.34279615,0,10,2) rare (6-20)
2384,0.35959238,0.6404076,0,39,3) common (21-100)
2385,0.42816666,0.5718334,1,71,3) common (21-100)
2386,0.25088242,0.7491176,1,4,1) very rare (1-5)
2387,0.21127751,0.7887225,1,79,3) common (21-100)
2388,0.27608275,0.72391725,1,0,1) very rare (1-5)
2389,0.9987245,0.0012754798,0,89,3) common (21-100)
2390,0.02639631,0.97360367,1,2,1) very rare (1-5)
2391,0.48341635,0.5165837,1,268,4) very common (100+)
2392,0.26680645,0.7331935,1,85,3) common (21-100)
2393,0.51780355,0.48219645,1,36,3) common (21-100)
2394,0.36740616,0.63259387,0,142,4) very common (100+)
2395,0.8040077,0.19599229,0,4,1) very rare (1-5)
2396,0.39620292,0.6037971,1,35,3) common (21-100)
2397,0.019564271,0.9804357,1,7,2) rare (6-20)
2398,0.6896059,0.3103941,0,223,4) very common (100+)
2399,0.45538124,0.5446187,0,12,2) rare (6-20)
2400,0.70074177,0.29925823,0,1290,4) very common (100+)
2401,0.90513563,0.09486437,0,21,3) common (21-100)
2402,0.29852217,0.7014778,0,159,4) very common (100+)
2403,0.8428777,0.15712231,0,15,2) rare (6-20)
2404,0.99173903,0.008260965,0,421,4) very common (100+)
2405,0.28468302,0.715317,0,102,4) very common (100+)
2406,0.15506558,0.8449344,1,86,3) common (21-100)
2407,0.61760086,0.38239914,1,1,1) very rare (1-5)
2408,0.30119666,0.6988033,1,19,2) rare (6-20)
2409,0.09268088,0.9073191,0,0,1) very rare (1-5)
2410,0.6061326,0.39386737,1,0,1) very rare (1-5)
2411,0.4210891,0.5789109,1,19,2) rare (6-20)
2412,0.15051402,0.849486,0,14,2) rare (6-20)
2413,0.02585308,0.9741469,1,134,4) very common (100+)
2414,0.5911427,0.4088573,1,0,1) very rare (1-5)
2415,0.7625355,0.23746449,1,1290,4) very common (100+)
2416,0.88253665,0.11746335,1,160,4) very common (100+)
2417,0.02030826,0.97969174,1,0,1) very rare (1-5)
2418,0.84434474,0.15565526,0,1070,4) very common (100+)
2419,0.16456738,0.83543265,1,0,1) very rare (1-5)
2420,0.91350365,0.08649635,0,23,3) common (21-100)
2421,0.31493562,0.6850644,0,4,1) very rare (1-5)
2422,0.120160386,0.8798396,1,30,3) common (21-100)
2423,0.18228067,0.81771934,0,4,1) very rare (1-5)
2424,0.43700767,0.56299233,1,0,1) very rare (1-5)
2425,0.30822173,0.6917783,1,1290,4) very common (100+)
2426,0.34061444,0.65938556,1,5,1) very rare (1-5)
2427,0.98739946,0.012600541,0,1000,4) very common (100+)
2428,0.45595717,0.5440428,0,142,4) very common (100+)
2429,0.79615974,0.20384026,0,12,2) rare (6-20)
2430,0.9948114,0.0051885843,0,182,4) very common (100+)
2431,0.27726665,0.7227334,0,4,1) very rare (1-5)
2432,0.46260688,0.5373931,1,86,3) common (21-100)
2433,0.16661012,0.8333899,1,63,3) common (21-100)
2434,0.9386153,0.061384678,0,21,3) common (21-100)
2435,0.012077564,0.98792243,1,0,1) very rare (1-5)
2436,0.86300725,0.13699275,1,1290,4) very common (100+)
2437,0.56750965,0.43249035,1,0,1) very rare (1-5)
2438,0.17988856,0.82011145,1,0,1) very rare (1-5)
2439,0.26718885,0.73281115,1,118,4) very common (100+)
2440,0.5321837,0.4678163,1,86,3) common (21-100)
2441,0.95997465,0.040025353,0,421,4) very common (100+)
2442,0.36198896,0.63801104,0,1,1) very rare (1-5)
2443,0.6787281,0.3212719,0,700,4) very common (100+)
2444,0.37350094,0.62649906,0,2,1) very rare (1-5)
2445,0.97090214,0.029097855,0,1000,4) very common (100+)
2446,0.12373781,0.8762622,1,0,1) very rare (1-5)
2447,0.52621627,0.47378373,0,24,3) common (21-100)
2448,0.9322003,0.06779969,0,0,1) very rare (1-5)
2449,0.7945892,0.20541078,0,166,4) very common (100+)
2450,0.6343886,0.36561137,1,66,3) common (21-100)
2451,0.17737411,0.8226259,0,2,1) very rare (1-5)
2452,0.5675729,0.4324271,0,2,1) very rare (1-5)
2453,0.45863438,0.5413656,0,2,1) very rare (1-5)
2454,0.45547312,0.5445269,1,31,3) common (21-100)
2455,0.163515,0.836485,1,2,1) very rare (1-5)
2456,0.07750868,0.9224913,1,1,1) very rare (1-5)
2457,0.21998389,0.7800161,0,41,3) common (21-100)
2458,0.04811523,0.95188475,1,3,1) very rare (1-5)
2459,0.035511445,0.96448857,1,4,1) very rare (1-5)
2460,0.090388715,0.9096113,1,0,1) very rare (1-5)
2461,0.50412124,0.49587876,1,142,4) very common (100+)
2462,0.40931967,0.59068036,0,39,3) common (21-100)
2463,0.027283631,0.9727164,1,0,1) very rare (1-5)
2464,0.9194963,0.0805037,0,99,3) common (21-100)
2465,0.31990385,0.68009615,1,7,2) rare (6-20)
2466,0.033315137,0.9666849,1,0,1) very rare (1-5)
2467,0.21982843,0.7801716,1,0,1) very rare (1-5)
2468,0.57918805,0.42081195,0,23,3) common (21-100)
2469,0.2676567,0.7323433,1,166,4) very common (100+)
2470,0.9565267,0.043473303,0,1000,4) very common (100+)
2471,0.16607054,0.8339295,1,0,1) very rare (1-5)
2472,0.9471246,0.0528754,0,20,2) rare (6-20)
2473,0.5479962,0.45200378,1,11,2) rare (6-20)
2474,0.9310286,0.068971395,0,1000,4) very common (100+)
2475,0.6710441,0.3289559,1,14,2) rare (6-20)
2476,0.03687758,0.9631224,1,1,1) very rare (1-5)
2477,0.30764568,0.6923543,0,106,4) very common (100+)
2478,0.13283883,0.86716115,1,4,1) very rare (1-5)
2479,0.84442997,0.15557003,0,74,3) common (21-100)
2480,0.0521612,0.9478388,1,0,1) very rare (1-5)
2481,0.8757409,0.124259114,1,24,3) common (21-100)
2482,0.41175622,0.5882438,1,1290,4) very common (100+)
2483,0.34805542,0.6519446,1,6,2) rare (6-20)
2484,0.23102143,0.7689786,0,2,1) very rare (1-5)
2485,0.94177634,0.058223665,0,1000,4) very common (100+)
2486,0.20533025,0.79466975,0,79,3) common (21-100)
2487,0.6829475,0.31705248,1,41,3) common (21-100)
2488,0.38995406,0.6100459,0,1,1) very rare (1-5)
2489,0.07491076,0.92508924,1,0,1) very rare (1-5)
2490,0.44486544,0.55513453,1,55,3) common (21-100)
2491,0.7644879,0.23551208,0,85,3) common (21-100)
2492,0.91756886,0.08243114,0,211,4) very common (100+)
2493,0.39683667,0.60316336,1,70,3) common (21-100)
2494,0.25073186,0.7492682,1,0,1) very rare (1-5)
2495,0.78940964,0.21059036,0,1290,4) very common (100+)
2496,0.8164238,0.18357623,0,16,2) rare (6-20)
2497,0.65334904,0.34665096,0,13,2) rare (6-20)
2498,0.8304524,0.16954762,0,2,1) very rare (1-5)
2499,0.8417891,0.15821087,1,39,3) common (21-100)
2500,0.11685259,0.8831474,1,0,1) very rare (1-5)
2501,0.31310174,0.68689823,0,108,4) very common (100+)
2502,0.5849138,0.4150862,1,275,4) very common (100+)
2503,0.19927207,0.80072796,1,3,1) very rare (1-5)
2504,0.1116054,0.8883946,1,5,1) very rare (1-5)
2505,0.4562683,0.5437317,0,15,2) rare (6-20)
2506,0.19216588,0.80783415,1,0,1) very rare (1-5)
2507,0.57364935,0.42635065,1,19,2) rare (6-20)
2508,0.91465324,0.08534676,0,7,2) rare (6-20)
2509,0.093750745,0.9062493,1,1,1) very rare (1-5)
2510,0.48874158,0.5112584,1,108,4) very common (100+)
2511,0.41993177,0.58006823,0,107,4) very common (100+)
2512,0.6201942,0.3798058,0,178,4) very common (100+)
2513,0.17244558,0.8275544,1,14,2) rare (6-20)
2514,0.7297874,0.2702126,1,1,1) very rare (1-5)
2515,0.06563879,0.9343612,0,47,3) common (21-100)
2516,0.8962189,0.103781104,0,142,4) very common (100+)
2517,0.9694914,0.030508578,0,261,4) very common (100+)
2518,0.9089645,0.091035485,0,11,2) rare (6-20)
2519,0.1078499,0.8921501,0,39,3) common (21-100)
2520,0.83728886,0.16271114,0,16,2) rare (6-20)
2521,0.5957425,0.40425748,0,62,3) common (21-100)
2522,0.13390356,0.86609644,1,2,1) very rare (1-5)
2523,0.87595946,0.124040544,0,21,3) common (21-100)
2524,0.23999251,0.7600075,0,4,1) very rare (1-5)
2525,0.092695795,0.9073042,1,3,1) very rare (1-5)
2526,0.83613235,0.16386765,0,268,4) very common (100+)
2527,0.8116187,0.18838131,0,700,4) very common (100+)
2528,0.28289714,0.7171029,1,343,4) very common (100+)
2529,0.817943,0.18205702,0,50,3) common (21-100)
2530,0.4859996,0.5140004,0,15,2) rare (6-20)
2531,0.99922264,0.0007773638,0,211,4) very common (100+)
2532,0.580661,0.419339,0,1070,4) very common (100+)
2533,0.22090235,0.7790977,1,92,3) common (21-100)
2534,0.8820776,0.117922425,0,69,3) common (21-100)
2535,0.4974601,0.5025399,1,372,4) very common (100+)
2536,0.1977536,0.8022464,1,72,3) common (21-100)
2537,0.8524065,0.1475935,0,22,3) common (21-100)
2538,0.1977876,0.8022124,0,11,2) rare (6-20)
2539,0.38698903,0.613011,1,14,2) rare (6-20)
2540,0.45079923,0.5492008,1,7,2) rare (6-20)
2541,0.8695802,0.13041979,0,274,4) very common (100+)
2542,0.033752363,0.9662476,1,0,1) very rare (1-5)
2543,0.8217238,0.17827618,1,0,1) very rare (1-5)
2544,0.6212752,0.3787248,0,89,3) common (21-100)
2545,0.6225162,0.3774838,1,1070,4) very common (100+)
2546,0.8791765,0.1208235,0,6,2) rare (6-20)
2547,0.2804337,0.7195663,1,23,3) common (21-100)
2548,0.9741217,0.02587831,0,1000,4) very common (100+)
2549,0.4456464,0.5543536,1,22,3) common (21-100)
2550,0.47232392,0.5276761,1,84,3) common (21-100)
2551,0.51864076,0.48135924,1,0,1) very rare (1-5)
2552,0.18318692,0.8168131,0,1,1) very rare (1-5)
2553,0.16110985,0.83889014,1,21,3) common (21-100)
2554,0.6028635,0.3971365,0,343,4) very common (100+)
2555,0.3792776,0.6207224,0,102,4) very common (100+)
2556,0.35253444,0.6474656,1,14,2) rare (6-20)
2557,0.8891347,0.110865295,1,53,3) common (21-100)
2558,0.92316717,0.07683283,0,21,3) common (21-100)
2559,0.75863636,0.24136364,1,7,2) rare (6-20)
2560,0.6812188,0.3187812,1,1,1) very rare (1-5)
2561,0.38952702,0.610473,1,2,1) very rare (1-5)
2562,0.17964979,0.8203502,1,22,3) common (21-100)
2563,0.16979155,0.8302084,1,2,1) very rare (1-5)
2564,0.7120574,0.2879426,0,33,3) common (21-100)
2565,0.09865054,0.9013495,1,0,1) very rare (1-5)
2566,0.077626914,0.92237306,0,0,1) very rare (1-5)
2567,0.23868869,0.7613113,0,36,3) common (21-100)
2568,0.27733767,0.7226623,0,20,2) rare (6-20)
2569,0.2862252,0.7137748,1,1,1) very rare (1-5)
2570,0.057552718,0.9424473,1,0,1) very rare (1-5)
2571,0.36813757,0.6318624,0,1,1) very rare (1-5)
2572,0.9838446,0.016155422,0,24,3) common (21-100)
2573,0.4596214,0.5403786,1,100,3) common (21-100)
2574,0.5721546,0.42784542,1,18,2) rare (6-20)
2575,0.20282978,0.7971702,1,0,1) very rare (1-5)
2576,0.5203407,0.47965932,1,36,3) common (21-100)
2577,0.1529547,0.8470453,0,6,2) rare (6-20)
2578,0.74243623,0.25756377,1,4,1) very rare (1-5)
2579,0.080948904,0.9190511,1,88,3) common (21-100)
2580,0.9671062,0.032893777,0,261,4) very common (100+)
2581,0.2298104,0.7701896,1,3,1) very rare (1-5)
2582,0.8228366,0.17716342,0,27,3) common (21-100)
2583,0.020554002,0.979446,1,0,1) very rare (1-5)
2584,0.10601291,0.89398706,1,0,1) very rare (1-5)
2585,0.9861313,0.01386869,0,182,4) very common (100+)
2586,0.5176273,0.4823727,1,123,4) very common (100+)
2587,0.6732886,0.32671142,0,11,2) rare (6-20)
2588,0.57761383,0.42238617,0,105,4) very common (100+)
2589,0.22433737,0.77566266,1,18,2) rare (6-20)
2590,0.049768165,0.95023185,1,0,1) very rare (1-5)
2591,0.022125063,0.97787493,1,0,1) very rare (1-5)
2592,0.10522764,0.89477235,1,3,1) very rare (1-5)
2593,0.41285047,0.5871495,1,3,1) very rare (1-5)
2594,0.26910013,0.7308999,1,2,1) very rare (1-5)
2595,0.8477918,0.15220821,0,421,4) very common (100+)
2596,0.990704,0.009296,0,700,4) very common (100+)
2597,0.688337,0.31166297,0,2,1) very rare (1-5)
2598,0.12581696,0.87418306,0,0,1) very rare (1-5)
2599,0.08691213,0.91308784,1,2,1) very rare (1-5)
2600,0.6127001,0.3872999,0,21,3) common (21-100)
2601,0.54450583,0.45549417,0,0,1) very rare (1-5)
2602,0.2894191,0.7105809,1,11,2) rare (6-20)
2603,0.035147395,0.96485263,1,1,1) very rare (1-5)
2604,0.6191387,0.38086128,1,2,1) very rare (1-5)
2605,0.3128088,0.6871912,1,1070,4) very common (100+)
2606,0.0664272,0.93357277,1,0,1) very rare (1-5)
2607,0.48416477,0.5158352,0,261,4) very common (100+)
2608,0.36204964,0.63795036,0,62,3) common (21-100)
2609,0.7211651,0.27883488,0,14,2) rare (6-20)
2610,0.7285764,0.27142358,0,1,1) very rare (1-5)
2611,0.0699594,0.9300406,0,12,2) rare (6-20)
2612,0.5605178,0.4394822,0,75,3) common (21-100)
2613,0.63649374,0.36350626,0,14,2) rare (6-20)
2614,0.02168216,0.97831786,1,51,3) common (21-100)
2615,0.41791287,0.58208716,0,26,3) common (21-100)
2616,0.8774384,0.122561574,0,1000,4) very common (100+)
2617,0.29299548,0.70700455,1,1290,4) very common (100+)
2618,0.5844953,0.4155047,0,372,4) very common (100+)
2619,0.4033417,0.5966583,0,33,3) common (21-100)
2620,0.5667544,0.4332456,0,34,3) common (21-100)
2621,0.21373247,0.7862675,1,6,2) rare (6-20)
2622,0.49741668,0.5025833,0,27,3) common (21-100)
2623,0.101489104,0.8985109,0,1,1) very rare (1-5)
2624,0.6380444,0.36195558,0,700,4) very common (100+)
2625,0.9530088,0.04699123,0,12,2) rare (6-20)
2626,0.97191286,0.02808714,0,1000,4) very common (100+)
2627,0.40282503,0.597175,0,5,1) very rare (1-5)
2628,0.98487747,0.015122533,0,421,4) very common (100+)
2629,0.8432381,0.15676188,0,700,4) very common (100+)
2630,0.77976876,0.22023124,1,0,1) very rare (1-5)
2631,0.9357113,0.064288676,0,1290,4) very common (100+)
2632,0.16635393,0.83364606,1,1,1) very rare (1-5)
2633,0.67941815,0.32058185,1,12,2) rare (6-20)
2634,0.99162346,0.008376539,0,16,2) rare (6-20)
2635,0.1679106,0.8320894,1,0,1) very rare (1-5)
2636,0.9986903,0.0013096929,0,211,4) very common (100+)
2637,0.19172028,0.80827975,1,0,1) very rare (1-5)
2638,0.5838472,0.41615278,0,4,1) very rare (1-5)
2639,0.74717116,0.25282884,0,12,2) rare (6-20)
2640,0.75919724,0.24080276,0,10,2) rare (6-20)
2641,0.23411804,0.76588196,1,0,1) very rare (1-5)
2642,0.7469574,0.25304258,0,24,3) common (21-100)
2643,0.47412825,0.52587175,0,1,1) very rare (1-5)
2644,0.34409,0.65591,1,13,2) rare (6-20)
2645,0.4174344,0.5825656,0,1,1) very rare (1-5)
2646,0.9971591,0.0028408766,0,89,3) common (21-100)
2647,0.21849662,0.7815034,1,0,1) very rare (1-5)
2648,0.76328295,0.23671705,0,3,1) very rare (1-5)
2649,0.9897922,0.010207772,0,53,3) common (21-100)
2650,0.92458,0.07542002,0,1290,4) very common (100+)
2651,0.9381853,0.061814725,1,8,2) rare (6-20)
2652,0.9911159,0.008884072,0,211,4) very common (100+)
2653,0.8010606,0.19893938,1,146,4) very common (100+)
2654,0.11736278,0.8826372,1,421,4) very common (100+)
2655,0.051790033,0.94820994,1,14,2) rare (6-20)
2656,0.38992128,0.6100787,1,118,4) very common (100+)
2657,0.46994907,0.53005093,1,23,3) common (21-100)
2658,0.45220783,0.5477922,0,3,1) very rare (1-5)
2659,0.7742001,0.22579992,0,23,3) common (21-100)
2660,0.79304963,0.20695037,1,6,2) rare (6-20)
2661,0.11508302,0.88491696,0,5,1) very rare (1-5)
2662,0.9679073,0.03209269,1,0,1) very rare (1-5)
2663,0.18945654,0.8105435,1,134,4) very common (100+)
2664,0.6285741,0.37142593,0,26,3) common (21-100)
2665,0.82914346,0.17085654,1,6,2) rare (6-20)
2666,0.87389326,0.12610674,0,70,3) common (21-100)
2667,0.40180978,0.5981902,1,0,1) very rare (1-5)
2668,0.7451101,0.2548899,0,8,2) rare (6-20)
2669,0.8045787,0.19542128,0,1290,4) very common (100+)
2670,0.051283676,0.94871634,0,26,3) common (21-100)
2671,0.6669388,0.33306122,1,100,3) common (21-100)
2672,0.041782033,0.958218,1,1,1) very rare (1-5)
2673,0.7111457,0.2888543,0,17,2) rare (6-20)
2674,0.8887585,0.11124152,0,32,3) common (21-100)
2675,0.095059305,0.9049407,0,33,3) common (21-100)
2676,0.25568727,0.74431276,1,30,3) common (21-100)
2677,0.053583086,0.9464169,1,0,1) very rare (1-5)
2678,0.7091162,0.29088378,0,1,1) very rare (1-5)
2679,0.17242992,0.8275701,1,0,1) very rare (1-5)
2680,0.33149546,0.66850454,0,21,3) common (21-100)
2681,0.26718783,0.73281217,1,3,1) very rare (1-5)
2682,0.6030472,0.3969528,0,0,1) very rare (1-5)
2683,0.91387284,0.08612716,0,7,2) rare (6-20)
2684,0.6990955,0.3009045,0,1070,4) very common (100+)
2685,0.7428836,0.25711638,0,3,1) very rare (1-5)
2686,0.8652229,0.13477713,0,39,3) common (21-100)
2687,0.4914584,0.5085416,0,6,2) rare (6-20)
2688,0.45769837,0.54230165,1,107,4) very common (100+)
2689,0.12868342,0.87131655,1,5,1) very rare (1-5)
2690,0.94148874,0.058511257,0,1290,4) very common (100+)
2691,0.6026491,0.3973509,1,78,3) common (21-100)
2692,0.8953152,0.10468483,1,1,1) very rare (1-5)
2693,0.7159881,0.2840119,1,274,4) very common (100+)
2694,0.8966781,0.10332191,1,3,1) very rare (1-5)
2695,0.22259055,0.77740943,0,7,2) rare (6-20)
2696,0.4930168,0.50698316,0,105,4) very common (100+)
2697,0.21590613,0.78409386,0,0,1) very rare (1-5)
2698,0.7636534,0.2363466,1,1,1) very rare (1-5)
2699,0.2377061,0.76229393,1,92,3) common (21-100)
2700,0.83472323,0.16527677,0,700,4) very common (100+)
2701,0.5309642,0.4690358,1,10,2) rare (6-20)
2702,0.16576685,0.83423316,1,0,1) very rare (1-5)
2703,0.7567842,0.2432158,1,124,4) very common (100+)
2704,0.9914317,0.008568287,0,700,4) very common (100+)
2705,0.45767266,0.54232734,0,69,3) common (21-100)
2706,0.13753362,0.8624664,1,9,2) rare (6-20)
2707,0.7996874,0.20031261,0,89,3) common (21-100)
2708,0.8272245,0.1727755,0,178,4) very common (100+)
2709,0.5123671,0.48763287,0,100,3) common (21-100)
2710,0.7995027,0.20049733,0,1290,4) very common (100+)
2711,0.98227894,0.017721057,0,1000,4) very common (100+)
2712,0.92917454,0.07082546,0,19,2) rare (6-20)
2713,0.10379719,0.8962028,1,275,4) very common (100+)
2714,0.10998665,0.89001334,1,0,1) very rare (1-5)
2715,0.89288175,0.10711825,0,105,4) very common (100+)
2716,0.5296642,0.47033578,1,0,1) very rare (1-5)
2717,0.10042237,0.8995776,1,15,2) rare (6-20)
2718,0.92238164,0.07761836,0,85,3) common (21-100)
2719,0.5493889,0.4506111,0,111,4) very common (100+)
2720,0.2700855,0.7299145,1,107,4) very common (100+)
2721,0.74219114,0.25780886,1,0,1) very rare (1-5)
2722,0.92884696,0.071153045,0,99,3) common (21-100)
2723,0.6085855,0.39141452,1,0,1) very rare (1-5)
2724,0.7392252,0.2607748,0,1290,4) very common (100+)
2725,0.8701366,0.12986338,0,1000,4) very common (100+)
2726,0.90668404,0.09331596,0,700,4) very common (100+)
2727,0.21166897,0.78833103,1,0,1) very rare (1-5)
2728,0.15016948,0.8498305,1,7,2) rare (6-20)
2729,0.48441976,0.51558024,0,50,3) common (21-100)
2730,0.21008559,0.7899144,1,1,1) very rare (1-5)
2731,0.3149304,0.68506956,1,91,3) common (21-100)
2732,0.98765683,0.012343168,0,49,3) common (21-100)
2733,0.40216205,0.5978379,1,26,3) common (21-100)
2734,0.9704536,0.02954638,1,14,2) rare (6-20)
2735,0.24287486,0.75712514,1,1,1) very rare (1-5)
2736,0.16200641,0.8379936,1,0,1) very rare (1-5)
2737,0.55262333,0.44737667,0,20,2) rare (6-20)
2738,0.24381171,0.7561883,1,1,1) very rare (1-5)
2739,0.75749534,0.24250466,0,7,2) rare (6-20)
2740,0.05054236,0.94945765,1,13,2) rare (6-20)
2741,0.08908093,0.9109191,0,4,1) very rare (1-5)
2742,0.64369625,0.35630375,1,107,4) very common (100+)
2743,0.108626224,0.89137375,1,14,2) rare (6-20)
2744,0.14249952,0.8575005,1,4,1) very rare (1-5)
2745,0.8764437,0.123556316,1,15,2) rare (6-20)
2746,0.41321743,0.5867826,1,16,2) rare (6-20)
2747,0.8511204,0.14887959,0,11,2) rare (6-20)
2748,0.18434261,0.8156574,1,17,2) rare (6-20)
2749,0.9502345,0.049765527,1,0,1) very rare (1-5)
2750,0.9239838,0.07601619,0,421,4) very common (100+)
2751,0.013468059,0.9865319,0,1,1) very rare (1-5)
2752,0.99238175,0.0076182485,0,1000,4) very common (100+)
2753,0.16742067,0.8325793,0,1070,4) very common (100+)
2754,0.86976665,0.13023335,1,1,1) very rare (1-5)
2755,0.38857746,0.61142254,1,3,1) very rare (1-5)
2756,0.046394095,0.9536059,1,35,3) common (21-100)
2757,0.99018645,0.009813547,0,90,3) common (21-100)
2758,0.9640489,0.035951078,0,7,2) rare (6-20)
2759,0.4982806,0.50171936,1,0,1) very rare (1-5)
2760,0.20833902,0.79166096,1,106,4) very common (100+)
2761,0.18339103,0.81660897,1,0,1) very rare (1-5)
2762,0.20777261,0.7922274,1,8,2) rare (6-20)
2763,0.28984684,0.71015316,1,1070,4) very common (100+)
2764,0.65753925,0.34246075,1,28,3) common (21-100)
2765,0.053562634,0.94643736,1,3,1) very rare (1-5)
2766,0.9436784,0.05632162,0,134,4) very common (100+)
2767,0.21961758,0.7803824,0,275,4) very common (100+)
2768,0.6666779,0.3333221,1,72,3) common (21-100)
2769,0.10734412,0.89265585,0,343,4) very common (100+)
2770,0.02921937,0.9707806,1,0,1) very rare (1-5)
2771,0.93209594,0.067904055,1,1,1) very rare (1-5)
2772,0.89388335,0.10611665,1,15,2) rare (6-20)
2773,0.14016376,0.8598362,0,56,3) common (21-100)
2774,0.06613493,0.9338651,1,0,1) very rare (1-5)
2775,0.22677678,0.7732232,1,32,3) common (21-100)
2776,0.84829134,0.15170866,0,0,1) very rare (1-5)
2777,0.10635207,0.8936479,0,12,2) rare (6-20)
2778,0.7541725,0.2458275,0,118,4) very common (100+)
2779,0.7335895,0.26641053,0,47,3) common (21-100)
2780,0.9443064,0.055693626,0,35,3) common (21-100)
2781,0.17524867,0.8247513,0,58,3) common (21-100)
2782,0.17074315,0.82925683,0,28,3) common (21-100)
2783,0.14355214,0.8564479,0,1,1) very rare (1-5)
2784,0.7964113,0.20358872,0,372,4) very common (100+)
2785,0.107892275,0.8921077,1,1,1) very rare (1-5)
2786,0.4646135,0.5353865,1,79,3) common (21-100)
2787,0.2454236,0.7545764,0,223,4) very common (100+)
2788,0.108026825,0.8919732,1,0,1) very rare (1-5)
2789,0.64505166,0.35494834,0,43,3) common (21-100)
2790,0.29563242,0.7043676,1,4,1) very rare (1-5)
2791,0.31992567,0.68007433,1,0,1) very rare (1-5)
2792,0.71415323,0.28584677,1,1000,4) very common (100+)
2793,0.1566085,0.8433915,1,0,1) very rare (1-5)
2794,0.95845586,0.04154414,0,372,4) very common (100+)
2795,0.10402622,0.8959738,1,1,1) very rare (1-5)
2796,0.45362327,0.5463767,1,4,1) very rare (1-5)
2797,0.1292199,0.8707801,1,108,4) very common (100+)
2798,0.92816496,0.07183504,1,2,1) very rare (1-5)
2799,0.99504834,0.004951656,1,66,3) common (21-100)
2800,0.3854273,0.6145727,1,14,2) rare (6-20)
2801,0.45292762,0.5470724,0,42,3) common (21-100)
2802,0.46253765,0.53746235,0,4,1) very rare (1-5)
2803,0.84682715,0.15317285,0,1070,4) very common (100+)
2804,0.54531974,0.45468026,1,79,3) common (21-100)
2805,0.41366997,0.58633006,1,0,1) very rare (1-5)
2806,0.9192994,0.08070058,1,1070,4) very common (100+)
2807,0.042655997,0.957344,1,36,3) common (21-100)
2808,0.6610059,0.3389941,0,178,4) very common (100+)
2809,0.27052256,0.7294774,1,1,1) very rare (1-5)
2810,0.37862894,0.62137103,1,52,3) common (21-100)
2811,0.28189337,0.7181066,1,2,1) very rare (1-5)
2812,0.64776534,0.35223466,0,274,4) very common (100+)
2813,0.8891744,0.1108256,0,1070,4) very common (100+)
2814,0.11968826,0.8803117,1,3,1) very rare (1-5)
2815,0.31065017,0.68934983,1,0,1) very rare (1-5)
2816,0.93411505,0.06588495,0,182,4) very common (100+)
2817,0.8871692,0.11283082,0,223,4) very common (100+)
2818,0.13847274,0.86152726,1,0,1) very rare (1-5)
2819,0.07731115,0.92268884,1,6,2) rare (6-20)
2820,0.899529,0.10047102,0,134,4) very common (100+)
2821,0.66659176,0.33340824,0,5,1) very rare (1-5)
2822,0.07996851,0.9200315,1,0,1) very rare (1-5)
2823,0.53011024,0.46988976,1,11,2) rare (6-20)
2824,0.57540214,0.42459786,0,21,3) common (21-100)
2825,0.19161749,0.8083825,0,23,3) common (21-100)
2826,0.2447561,0.7552439,0,4,1) very rare (1-5)
2827,0.118784554,0.88121545,0,1,1) very rare (1-5)
2828,0.20439978,0.79560024,1,0,1) very rare (1-5)
2829,0.34656233,0.6534377,1,86,3) common (21-100)
2830,0.6962388,0.30376118,0,223,4) very common (100+)
2831,0.53480625,0.46519375,0,7,2) rare (6-20)
2832,0.8500648,0.14993519,0,1000,4) very common (100+)
2833,0.07486181,0.9251382,0,68,3) common (21-100)
2834,0.24829112,0.75170887,0,1,1) very rare (1-5)
2835,0.7783848,0.2216152,0,10,2) rare (6-20)
2836,0.78490525,0.21509475,0,343,4) very common (100+)
2837,0.15248187,0.84751815,1,0,1) very rare (1-5)
2838,0.06469486,0.9353051,0,3,1) very rare (1-5)
2839,0.9018895,0.0981105,0,700,4) very common (100+)
2840,0.65856665,0.34143335,0,1070,4) very common (100+)
2841,0.40384537,0.59615463,0,111,4) very common (100+)
2842,0.8761442,0.12385583,1,178,4) very common (100+)
2843,0.8623391,0.13766092,0,49,3) common (21-100)
2844,0.66710943,0.33289057,1,21,3) common (21-100)
2845,0.9918412,0.008158803,0,16,2) rare (6-20)
2846,0.06759668,0.9324033,1,7,2) rare (6-20)
2847,0.06277196,0.937228,1,19,2) rare (6-20)
2848,0.71687615,0.28312385,0,274,4) very common (100+)
2849,0.43801636,0.56198364,0,99,3) common (21-100)
2850,0.5397184,0.4602816,0,1070,4) very common (100+)
2851,0.07068022,0.9293198,1,1,1) very rare (1-5)
2852,0.29193872,0.7080613,0,1,1) very rare (1-5)
2853,0.94610083,0.05389917,0,36,3) common (21-100)
2854,0.76035506,0.23964494,1,32,3) common (21-100)
2855,0.58916044,0.41083956,1,6,2) rare (6-20)
2856,0.7758229,0.22417712,1,47,3) common (21-100)
2857,0.746208,0.253792,0,3,1) very rare (1-5)
2858,0.9622978,0.037702203,0,78,3) common (21-100)
2859,0.14151761,0.85848236,0,3,1) very rare (1-5)
2860,0.95269555,0.04730445,0,24,3) common (21-100)
2861,0.18129513,0.81870484,1,4,1) very rare (1-5)
2862,0.68956804,0.31043196,0,99,3) common (21-100)
2863,0.82056564,0.17943436,0,1070,4) very common (100+)
2864,0.9610503,0.038949728,0,39,3) common (21-100)
2865,0.4012434,0.5987566,0,9,2) rare (6-20)
2866,0.5248749,0.47512507,0,38,3) common (21-100)
2867,0.5261919,0.4738081,1,3,1) very rare (1-5)
2868,0.39861545,0.6013845,0,3,1) very rare (1-5)
2869,0.0649529,0.9350471,1,700,4) very common (100+)
2870,0.44139504,0.55860496,0,178,4) very common (100+)
2871,0.7640846,0.23591542,0,343,4) very common (100+)
2872,0.45116022,0.5488398,1,1000,4) very common (100+)
2873,0.77962875,0.22037125,0,159,4) very common (100+)
2874,0.37760466,0.62239534,0,5,1) very rare (1-5)
2875,0.64527243,0.35472757,0,23,3) common (21-100)
2876,0.25062692,0.7493731,0,18,2) rare (6-20)
2877,0.40899476,0.5910052,1,6,2) rare (6-20)
2878,0.93226063,0.06773937,0,69,3) common (21-100)
2879,0.66235614,0.33764386,0,60,3) common (21-100)
2880,0.05247684,0.9475232,1,1,1) very rare (1-5)
2881,0.9701489,0.029851079,1,0,1) very rare (1-5)
2882,0.74558324,0.25441676,0,69,3) common (21-100)
2883,0.2894595,0.71054053,1,38,3) common (21-100)
2884,0.22539663,0.77460337,1,2,1) very rare (1-5)
2885,0.036518216,0.9634818,0,0,1) very rare (1-5)
2886,0.21642472,0.7835753,1,1,1) very rare (1-5)
2887,0.43717158,0.5628284,1,66,3) common (21-100)
2888,0.79260695,0.20739305,0,1,1) very rare (1-5)
2889,0.7398612,0.2601388,1,7,2) rare (6-20)
2890,0.22856958,0.77143043,1,6,2) rare (6-20)
2891,0.86807376,0.13192624,0,23,3) common (21-100)
2892,0.90606314,0.09393686,0,421,4) very common (100+)
2893,0.9901839,0.00981611,0,1000,4) very common (100+)
2894,0.49228978,0.5077102,0,4,1) very rare (1-5)
2895,0.4084504,0.59154963,1,0,1) very rare (1-5)
2896,0.8246387,0.17536128,1,1,1) very rare (1-5)
2897,0.14757538,0.8524246,0,0,1) very rare (1-5)
2898,0.98180664,0.018193364,0,142,4) very common (100+)
2899,0.5290865,0.47091353,0,1290,4) very common (100+)
2900,0.56728804,0.43271196,1,28,3) common (21-100)
2901,0.96993846,0.030061543,0,1000,4) very common (100+)
2902,0.19114861,0.80885136,0,8,2) rare (6-20)
2903,0.07684186,0.92315817,0,58,3) common (21-100)
2904,0.5054293,0.49457067,1,1,1) very rare (1-5)
2905,0.79536855,0.20463145,0,121,4) very common (100+)
2906,0.048139963,0.95186,0,63,3) common (21-100)
2907,0.9482235,0.05177653,0,4,1) very rare (1-5)
2908,0.714752,0.28524798,0,1070,4) very common (100+)
2909,0.54735,0.45265,0,14,2) rare (6-20)
2910,0.26065686,0.73934317,1,1,1) very rare (1-5)
2911,0.6913178,0.3086822,0,3,1) very rare (1-5)
2912,0.9791566,0.020843387,1,28,3) common (21-100)
2913,0.3322549,0.6677451,1,7,2) rare (6-20)
2914,0.34357765,0.6564224,1,0,1) very rare (1-5)
2915,0.48031703,0.519683,0,6,2) rare (6-20)
2916,0.43840382,0.56159616,1,3,1) very rare (1-5)
2917,0.5295277,0.47047228,0,700,4) very common (100+)
2918,0.10887795,0.89112204,0,0,1) very rare (1-5)
2919,0.8084811,0.1915189,0,55,3) common (21-100)
2920,0.6361958,0.36380422,0,3,1) very rare (1-5)
2921,0.13563892,0.86436105,1,2,1) very rare (1-5)
2922,0.21394111,0.7860589,1,2,1) very rare (1-5)
2923,0.49501795,0.50498205,1,79,3) common (21-100)
2924,0.9840061,0.015993893,0,1000,4) very common (100+)
2925,0.6568507,0.3431493,1,268,4) very common (100+)
2926,0.9942463,0.005753696,0,123,4) very common (100+)
2927,0.011885217,0.9881148,1,0,1) very rare (1-5)
2928,0.16519576,0.83480424,1,14,2) rare (6-20)
2929,0.15829407,0.8417059,0,23,3) common (21-100)
2930,0.74619716,0.25380284,0,1290,4) very common (100+)
2931,0.7927855,0.20721447,1,7,2) rare (6-20)
2932,0.74147314,0.25852686,1,1,1) very rare (1-5)
2933,0.5787975,0.42120248,1,6,2) rare (6-20)
2934,0.79161507,0.20838493,1,1070,4) very common (100+)
2935,0.36719236,0.6328076,1,2,1) very rare (1-5)
2936,0.8798531,0.12014687,1,3,1) very rare (1-5)
2937,0.68043894,0.31956106,1,1,1) very rare (1-5)
2938,0.26022464,0.73977536,1,66,3) common (21-100)
2939,0.08903782,0.91096216,1,0,1) very rare (1-5)
2940,0.2277689,0.7722311,1,3,1) very rare (1-5)
2941,0.56689364,0.43310636,1,1070,4) very common (100+)
2942,0.8345213,0.1654787,1,3,1) very rare (1-5)
2943,0.07506726,0.9249327,0,0,1) very rare (1-5)
2944,0.24763907,0.75236094,0,1,1) very rare (1-5)
2945,0.3303455,0.6696545,0,34,3) common (21-100)
2946,0.54482436,0.45517564,1,6,2) rare (6-20)
2947,0.3685392,0.6314608,0,123,4) very common (100+)
2948,0.94545776,0.054542243,0,118,4) very common (100+)
2949,0.041451033,0.95854896,1,47,3) common (21-100)
2950,0.9646855,0.0353145,0,23,3) common (21-100)
2951,0.10903963,0.8909604,1,5,1) very rare (1-5)
2952,0.086284705,0.9137153,1,0,1) very rare (1-5)
2953,0.056940887,0.9430591,1,1,1) very rare (1-5)
2954,0.10703016,0.89296985,1,0,1) very rare (1-5)
2955,0.6996617,0.30033833,1,96,3) common (21-100)
2956,0.18760777,0.81239223,1,0,1) very rare (1-5)
2957,0.75991017,0.24008983,0,421,4) very common (100+)
2958,0.92629194,0.07370806,0,178,4) very common (100+)
2959,0.12904117,0.8709588,0,4,1) very rare (1-5)
2960,0.8385785,0.16142148,0,1000,4) very common (100+)
2961,0.50278157,0.49721843,0,41,3) common (21-100)
2962,0.0218486,0.9781514,1,0,1) very rare (1-5)
2963,0.76773965,0.23226035,0,63,3) common (21-100)
2964,0.05758694,0.9424131,0,33,3) common (21-100)
2965,0.9784476,0.021552384,0,1000,4) very common (100+)
2966,0.61999416,0.38000584,1,8,2) rare (6-20)
2967,0.34931573,0.65068424,0,1290,4) very common (100+)
2968,0.75437,0.24563003,1,7,2) rare (6-20)
2969,0.55312586,0.44687414,0,42,3) common (21-100)
2970,0.51019335,0.48980665,1,91,3) common (21-100)
2971,0.92038935,0.079610646,0,96,3) common (21-100)
2972,0.66852033,0.33147967,1,66,3) common (21-100)
2973,0.19268364,0.80731636,0,3,1) very rare (1-5)
2974,0.13623354,0.86376643,0,17,2) rare (6-20)
2975,0.6727357,0.3272643,0,0,1) very rare (1-5)
2976,0.102197364,0.89780265,0,0,1) very rare (1-5)
2977,0.39058033,0.6094197,0,0,1) very rare (1-5)
2978,0.97258717,0.027412832,0,700,4) very common (100+)
2979,0.71210814,0.28789186,0,79,3) common (21-100)
2980,0.124277234,0.87572277,0,5,1) very rare (1-5)
2981,0.84667,0.15333003,1,118,4) very common (100+)
2982,0.9558643,0.04413569,0,11,2) rare (6-20)
2983,0.16911758,0.83088243,1,2,1) very rare (1-5)
2984,0.6807616,0.31923842,0,6,2) rare (6-20)
2985,0.1359185,0.8640815,0,7,2) rare (6-20)
2986,0.14721926,0.85278076,1,16,2) rare (6-20)
2987,0.79256254,0.20743746,0,134,4) very common (100+)
2988,0.895459,0.104541,0,159,4) very common (100+)
2989,0.8187757,0.18122429,1,19,2) rare (6-20)
2990,0.93603677,0.063963234,0,89,3) common (21-100)
2991,0.99022406,0.009775937,0,211,4) very common (100+)
2992,0.19656967,0.8034303,1,0,1) very rare (1-5)
2993,0.46464157,0.5353584,1,1070,4) very common (100+)
2994,0.8325968,0.16740322,1,0,1) very rare (1-5)
2995,0.74949497,0.25050503,1,63,3) common (21-100)
2996,0.4560368,0.5439632,0,53,3) common (21-100)
2997,0.48069108,0.5193089,0,21,3) common (21-100)
2998,0.26311895,0.736881,0,38,3) common (21-100)
2999,0.57705283,0.42294717,0,223,4) very common (100+)
3000,0.6717453,0.3282547,0,1070,4) very common (100+)
3001,0.8187376,0.18126237,1,4,1) very rare (1-5)
3002,0.5167929,0.4832071,1,23,3) common (21-100)
3003,0.8762384,0.123761594,0,1070,4) very common (100+)
3004,0.5408906,0.45910943,0,1070,4) very common (100+)
3005,0.3938191,0.6061809,1,261,4) very common (100+)
3006,0.022108713,0.97789127,1,0,1) very rare (1-5)
3007,0.56549215,0.43450785,1,1,1) very rare (1-5)
3008,0.1293265,0.8706735,0,0,1) very rare (1-5)
3009,0.1644493,0.83555067,0,0,1) very rare (1-5)
3010,0.8805474,0.119452596,1,124,4) very common (100+)
3011,0.09564391,0.9043561,1,11,2) rare (6-20)
3012,0.23338743,0.7666126,0,0,1) very rare (1-5)
3013,0.24690723,0.75309277,1,21,3) common (21-100)
3014,0.16122542,0.83877456,1,0,1) very rare (1-5)
3015,0.13062036,0.86937964,0,0,1) very rare (1-5)
3016,0.9207116,0.07928842,0,142,4) very common (100+)
3017,0.22063147,0.7793685,0,261,4) very common (100+)
3018,0.28125876,0.71874124,1,3,1) very rare (1-5)
3019,0.03200129,0.9679987,1,0,1) very rare (1-5)
3020,0.025110483,0.9748895,1,88,3) common (21-100)
3021,0.2840814,0.7159186,0,3,1) very rare (1-5)
3022,0.9243721,0.07562792,0,421,4) very common (100+)
3023,0.09579153,0.9042085,1,17,2) rare (6-20)
3024,0.54205704,0.45794296,1,19,2) rare (6-20)
3025,0.16393003,0.83606994,1,0,1) very rare (1-5)
3026,0.2560481,0.7439519,1,39,3) common (21-100)
3027,0.75419706,0.24580294,0,700,4) very common (100+)
3028,0.8906966,0.109303415,0,421,4) very common (100+)
3029,0.20096666,0.79903334,0,5,1) very rare (1-5)
3030,0.22515541,0.7748446,1,3,1) very rare (1-5)
3031,0.14293507,0.85706496,1,1,1) very rare (1-5)
3032,0.5182999,0.48170012,0,8,2) rare (6-20)
3033,0.6778401,0.3221599,0,9,2) rare (6-20)
3034,0.5738122,0.4261878,0,268,4) very common (100+)
3035,0.12285757,0.8771424,0,6,2) rare (6-20)
3036,0.7022086,0.29779142,0,3,1) very rare (1-5)
3037,0.04942742,0.9505726,1,1,1) very rare (1-5)
3038,0.56926113,0.43073887,1,343,4) very common (100+)
3039,0.9961677,0.0038322806,0,211,4) very common (100+)
3040,0.03890187,0.96109813,0,5,1) very rare (1-5)
3041,0.9896165,0.010383487,0,700,4) very common (100+)
3042,0.61458004,0.38541996,1,66,3) common (21-100)
3043,0.2448686,0.75513136,0,5,1) very rare (1-5)
3044,0.26980394,0.73019606,0,145,4) very common (100+)
3045,0.6556399,0.3443601,0,1000,4) very common (100+)
3046,0.826492,0.17350799,1,0,1) very rare (1-5)
3047,0.5574136,0.44258642,0,3,1) very rare (1-5)
3048,0.5096991,0.4903009,0,9,2) rare (6-20)
3049,0.4791288,0.52087116,0,2,1) very rare (1-5)
3050,0.16472021,0.8352798,1,0,1) very rare (1-5)
3051,0.98937535,0.010624647,0,1290,4) very common (100+)
3052,0.012590045,0.98740995,1,62,3) common (21-100)
3053,0.62851804,0.37148196,0,14,2) rare (6-20)
3054,0.38100636,0.61899364,1,11,2) rare (6-20)
3055,0.1821714,0.8178286,0,2,1) very rare (1-5)
3056,0.3816805,0.6183195,1,89,3) common (21-100)
3057,0.27474603,0.72525394,1,1,1) very rare (1-5)
3058,0.61548066,0.38451934,1,31,3) common (21-100)
3059,0.3470982,0.65290177,0,27,3) common (21-100)
3060,0.31745416,0.68254584,0,10,2) rare (6-20)
3061,0.47471467,0.52528536,1,24,3) common (21-100)
3062,0.44198465,0.55801535,1,10,2) rare (6-20)
3063,0.32674712,0.6732529,1,274,4) very common (100+)
3064,0.7488912,0.25110883,0,15,2) rare (6-20)
3065,0.4794139,0.52058613,0,1,1) very rare (1-5)
3066,0.08427344,0.91572654,1,4,1) very rare (1-5)
3067,0.48833826,0.51166177,0,3,1) very rare (1-5)
3068,0.07932805,0.92067194,1,1,1) very rare (1-5)
3069,0.8963742,0.103625774,0,700,4) very common (100+)
3070,0.42462027,0.5753797,1,1290,4) very common (100+)
3071,0.07466083,0.92533916,1,1290,4) very common (100+)
3072,0.054530323,0.9454697,1,0,1) very rare (1-5)
3073,0.3674287,0.63257134,1,107,4) very common (100+)
3074,0.095552586,0.90444744,1,1,1) very rare (1-5)
3075,0.23441276,0.7655872,1,160,4) very common (100+)
3076,0.8230916,0.17690837,0,2,1) very rare (1-5)
3077,0.91406095,0.08593905,1,3,1) very rare (1-5)
3078,0.12030749,0.8796925,1,36,3) common (21-100)
3079,0.6072289,0.39277112,1,0,1) very rare (1-5)
3080,0.8383956,0.1616044,0,1000,4) very common (100+)
3081,0.5634019,0.43659812,0,20,2) rare (6-20)
3082,0.14362568,0.8563743,1,0,1) very rare (1-5)
3083,0.58690125,0.41309875,0,1,1) very rare (1-5)
3084,0.98831975,0.011680245,0,1000,4) very common (100+)
3085,0.3783195,0.6216805,1,3,1) very rare (1-5)
3086,0.28544614,0.71455383,0,28,3) common (21-100)
3087,0.20614204,0.79385793,1,261,4) very common (100+)
3088,0.89008707,0.10991293,0,1,1) very rare (1-5)
3089,0.51257324,0.48742676,1,60,3) common (21-100)
3090,0.97633296,0.023667037,0,372,4) very common (100+)
3091,0.05300598,0.946994,1,66,3) common (21-100)
3092,0.78071713,0.21928287,1,107,4) very common (100+)
3093,0.6768832,0.32311678,0,1290,4) very common (100+)
3094,0.39422637,0.6057736,1,32,3) common (21-100)
3095,0.4954142,0.5045858,0,10,2) rare (6-20)
3096,0.9555752,0.044424772,0,1000,4) very common (100+)
3097,0.14058223,0.8594178,1,102,4) very common (100+)
3098,0.90377593,0.09622407,0,14,2) rare (6-20)
3099,0.10484121,0.89515877,1,0,1) very rare (1-5)
3100,0.35235733,0.6476427,1,58,3) common (21-100)
3101,0.27171567,0.72828436,1,2,1) very rare (1-5)
3102,0.48737,0.51263,0,3,1) very rare (1-5)
3103,0.112976976,0.88702303,1,71,3) common (21-100)
3104,0.93497,0.06502998,1,102,4) very common (100+)
3105,0.25882137,0.74117863,1,1,1) very rare (1-5)
3106,0.44211808,0.55788195,1,7,2) rare (6-20)
3107,0.38986963,0.61013037,0,15,2) rare (6-20)
3108,0.3305816,0.6694184,1,118,4) very common (100+)
3109,0.4360102,0.56398976,1,0,1) very rare (1-5)
3110,0.10457694,0.89542305,1,118,4) very common (100+)
3111,0.34972987,0.6502701,1,1070,4) very common (100+)
3112,0.626609,0.37339097,0,223,4) very common (100+)
3113,0.264499,0.735501,1,372,4) very common (100+)
3114,0.06019785,0.93980217,1,3,1) very rare (1-5)
3115,0.8330013,0.16699868,0,63,3) common (21-100)
3116,0.70056874,0.29943126,1,15,2) rare (6-20)
3117,0.36865804,0.63134193,1,4,1) very rare (1-5)
3118,0.70812607,0.29187393,1,0,1) very rare (1-5)
3119,0.36924073,0.63075924,1,20,2) rare (6-20)
3120,0.90305454,0.096945465,1,18,2) rare (6-20)
3121,0.042325385,0.9576746,1,8,2) rare (6-20)
3122,0.5082519,0.4917481,1,8,2) rare (6-20)
3123,0.13443056,0.8655695,1,70,3) common (21-100)
3124,0.10018762,0.8998124,0,21,3) common (21-100)
3125,0.21825796,0.78174204,0,4,1) very rare (1-5)
3126,0.16154681,0.8384532,0,6,2) rare (6-20)
3127,0.9856737,0.014326274,0,274,4) very common (100+)
3128,0.14498757,0.8550124,1,0,1) very rare (1-5)
3129,0.24078667,0.7592133,1,5,1) very rare (1-5)
3130,0.049812116,0.95018786,1,0,1) very rare (1-5)
3131,0.5500747,0.4499253,0,3,1) very rare (1-5)
3132,0.8877442,0.11225581,0,24,3) common (21-100)
3133,0.020444494,0.9795555,1,1,1) very rare (1-5)
3134,0.37465614,0.62534386,1,0,1) very rare (1-5)
3135,0.6426789,0.35732108,0,1000,4) very common (100+)
3136,0.05608504,0.94391495,1,0,1) very rare (1-5)
3137,0.9522948,0.047705173,0,1000,4) very common (100+)
3138,0.56191385,0.43808615,0,3,1) very rare (1-5)
3139,0.5527372,0.44726282,1,223,4) very common (100+)
3140,0.040718332,0.9592817,1,0,1) very rare (1-5)
3141,0.12407345,0.87592655,1,0,1) very rare (1-5)
3142,0.6052976,0.39470237,0,12,2) rare (6-20)
3143,0.7578694,0.24213058,0,1000,4) very common (100+)
3144,0.19451448,0.8054855,0,14,2) rare (6-20)
3145,0.029056452,0.97094357,1,3,1) very rare (1-5)
3146,0.9898142,0.010185778,0,89,3) common (21-100)
3147,0.7239534,0.27604657,0,47,3) common (21-100)
3148,0.56479406,0.43520594,1,2,1) very rare (1-5)
3149,0.6236107,0.37638932,1,1000,4) very common (100+)
3150,0.8134177,0.18658233,0,14,2) rare (6-20)
3151,0.72814524,0.27185476,0,102,4) very common (100+)
3152,0.047273394,0.9527266,1,0,1) very rare (1-5)
3153,0.17442055,0.82557946,1,0,1) very rare (1-5)
3154,0.86840993,0.13159007,0,700,4) very common (100+)
3155,0.76395416,0.23604584,1,89,3) common (21-100)
3156,0.17406988,0.8259301,0,1,1) very rare (1-5)
3157,0.70291543,0.29708457,0,1070,4) very common (100+)
3158,0.06741816,0.93258184,1,14,2) rare (6-20)
3159,0.17769946,0.82230055,1,76,3) common (21-100)
3160,0.903914,0.096086025,0,1,1) very rare (1-5)
3161,0.3300492,0.66995084,1,0,1) very rare (1-5)
3162,0.9483695,0.051630497,0,99,3) common (21-100)
3163,0.5158994,0.48410058,1,7,2) rare (6-20)
3164,0.046062097,0.9539379,1,1,1) very rare (1-5)
3165,0.4893701,0.5106299,1,3,1) very rare (1-5)
3166,0.024405515,0.97559446,1,1,1) very rare (1-5)
3167,0.26602256,0.73397744,1,3,1) very rare (1-5)
3168,0.9699054,0.030094624,0,1000,4) very common (100+)
3169,0.29805118,0.7019488,0,41,3) common (21-100)
3170,0.3408844,0.6591156,1,20,2) rare (6-20)
3171,0.83582366,0.16417634,1,31,3) common (21-100)
3172,0.03154317,0.9684568,1,0,1) very rare (1-5)
3173,0.5005896,0.4994104,1,23,3) common (21-100)
3174,0.73067915,0.26932085,0,1000,4) very common (100+)
3175,0.14042288,0.8595771,1,0,1) very rare (1-5)
3176,0.8805126,0.119487405,0,27,3) common (21-100)
3177,0.92364645,0.07635355,0,91,3) common (21-100)
3178,0.32107133,0.6789287,1,58,3) common (21-100)
3179,0.49197304,0.50802696,1,33,3) common (21-100)
3180,0.5374282,0.4625718,0,102,4) very common (100+)
3181,0.26602426,0.73397577,0,36,3) common (21-100)
3182,0.8568971,0.14310288,0,39,3) common (21-100)
3183,0.9166401,0.0833599,0,2,1) very rare (1-5)
3184,0.75603074,0.24396926,1,76,3) common (21-100)
3185,0.14235668,0.8576433,1,0,1) very rare (1-5)
3186,0.5907819,0.40921807,1,7,2) rare (6-20)
3187,0.12286968,0.8771303,1,0,1) very rare (1-5)
3188,0.05227137,0.94772863,1,2,1) very rare (1-5)
3189,0.077796884,0.9222031,1,14,2) rare (6-20)
3190,0.5158087,0.4841913,0,71,3) common (21-100)
3191,0.60916114,0.39083886,0,372,4) very common (100+)
3192,0.78515375,0.21484625,1,1,1) very rare (1-5)
3193,0.7619881,0.2380119,0,27,3) common (21-100)
3194,0.47066242,0.5293376,1,16,2) rare (6-20)
3195,0.96355915,0.03644085,1,0,1) very rare (1-5)
3196,0.7109405,0.28905952,0,12,2) rare (6-20)
3197,0.90919787,0.09080213,1,1,1) very rare (1-5)
3198,0.97184914,0.028150856,0,1000,4) very common (100+)
3199,0.34237382,0.65762615,1,27,3) common (21-100)
3200,0.7750961,0.22490388,0,37,3) common (21-100)
3201,0.759752,0.24024802,1,44,3) common (21-100)
3202,0.7193111,0.28068888,0,66,3) common (21-100)
3203,0.12149575,0.8785043,1,0,1) very rare (1-5)
3204,0.12696038,0.8730396,1,3,1) very rare (1-5)
3205,0.08719062,0.9128094,1,0,1) very rare (1-5)
3206,0.18954515,0.81045485,1,0,1) very rare (1-5)
3207,0.080688864,0.91931117,0,19,2) rare (6-20)
3208,0.70025873,0.29974127,0,1070,4) very common (100+)
3209,0.38639694,0.61360306,1,15,2) rare (6-20)
3210,0.7055466,0.29445338,0,1290,4) very common (100+)
3211,0.024907269,0.9750927,1,1,1) very rare (1-5)
3212,0.68158346,0.31841654,0,24,3) common (21-100)
3213,0.029293282,0.9707067,1,18,2) rare (6-20)
3214,0.51584506,0.48415494,1,118,4) very common (100+)
3215,0.78061265,0.21938735,0,23,3) common (21-100)
3216,0.91060805,0.08939195,1,0,1) very rare (1-5)
3217,0.27439752,0.7256025,1,3,1) very rare (1-5)
3218,0.24727309,0.7527269,0,1,1) very rare (1-5)
3219,0.6945713,0.30542868,1,1,1) very rare (1-5)
3220,0.62615895,0.37384105,0,421,4) very common (100+)
3221,0.07352773,0.92647225,1,0,1) very rare (1-5)
3222,0.16123575,0.83876425,1,275,4) very common (100+)
3223,0.38027388,0.6197261,0,3,1) very rare (1-5)
3224,0.079839535,0.9201605,1,0,1) very rare (1-5)
3225,0.6437698,0.3562302,1,81,3) common (21-100)
3226,0.51605916,0.48394084,1,5,1) very rare (1-5)
3227,0.3956639,0.60433614,1,79,3) common (21-100)
3228,0.6666959,0.3333041,0,41,3) common (21-100)
3229,0.12072252,0.87927747,0,2,1) very rare (1-5)
3230,0.54465586,0.45534414,0,18,2) rare (6-20)
3231,0.9484758,0.051524222,1,5,1) very rare (1-5)
3232,0.17676526,0.82323474,0,23,3) common (21-100)
3233,0.63178617,0.36821383,0,1290,4) very common (100+)
3234,0.6709056,0.3290944,1,268,4) very common (100+)
3235,0.13723525,0.8627647,0,0,1) very rare (1-5)
3236,0.6999331,0.3000669,0,37,3) common (21-100)
3237,0.57374614,0.42625386,1,1290,4) very common (100+)
3238,0.6601455,0.33985448,0,142,4) very common (100+)
3239,0.265531,0.734469,1,76,3) common (21-100)
3240,0.81583947,0.18416053,1,60,3) common (21-100)
3241,0.34896833,0.6510317,1,0,1) very rare (1-5)
3242,0.4190066,0.5809934,1,66,3) common (21-100)
3243,0.25017563,0.7498244,0,3,1) very rare (1-5)
3244,0.9955759,0.004424095,0,1000,4) very common (100+)
3245,0.37387198,0.626128,1,19,2) rare (6-20)
3246,0.9233015,0.07669848,1,66,3) common (21-100)
3247,0.19562551,0.80437446,0,4,1) very rare (1-5)
3248,0.5408649,0.45913512,1,66,3) common (21-100)
3249,0.2330369,0.7669631,1,0,1) very rare (1-5)
3250,0.8606974,0.13930261,0,20,2) rare (6-20)
3251,0.22501539,0.7749846,1,2,1) very rare (1-5)
3252,0.5651966,0.43480343,1,1070,4) very common (100+)
3253,0.8895802,0.11041981,0,1290,4) very common (100+)
3254,0.54710376,0.45289624,0,85,3) common (21-100)
3255,0.49683836,0.50316167,1,0,1) very rare (1-5)
3256,0.8428148,0.1571852,0,94,3) common (21-100)
3257,0.7059485,0.29405153,1,13,2) rare (6-20)
3258,0.99262273,0.007377267,0,1000,4) very common (100+)
3259,0.9823942,0.017605782,0,1290,4) very common (100+)
3260,0.3624268,0.63757324,1,2,1) very rare (1-5)
3261,0.30015576,0.69984424,1,108,4) very common (100+)
3262,0.23684233,0.76315767,1,22,3) common (21-100)
3263,0.8891983,0.1108017,0,166,4) very common (100+)
3264,0.14472282,0.8552772,1,0,1) very rare (1-5)
3265,0.30263415,0.6973659,1,27,3) common (21-100)
3266,0.92570823,0.074291766,0,700,4) very common (100+)
3267,0.2570394,0.7429606,0,2,1) very rare (1-5)
3268,0.41771498,0.58228505,1,1,1) very rare (1-5)
3269,0.16385895,0.83614105,1,0,1) very rare (1-5)
3270,0.091124095,0.9088759,1,0,1) very rare (1-5)
3271,0.78801817,0.21198183,1,5,1) very rare (1-5)
3272,0.35166547,0.6483345,1,8,2) rare (6-20)
3273,0.85208136,0.14791864,1,1070,4) very common (100+)
3274,0.82889795,0.17110205,1,166,4) very common (100+)
3275,0.8733345,0.12666547,0,1070,4) very common (100+)
3276,0.85925776,0.14074224,1,89,3) common (21-100)
3277,0.24126737,0.7587326,1,0,1) very rare (1-5)
3278,0.17676178,0.82323825,1,105,4) very common (100+)
3279,0.022000082,0.9779999,1,0,1) very rare (1-5)
3280,0.56973124,0.43026876,1,37,3) common (21-100)
3281,0.43964595,0.56035405,1,1070,4) very common (100+)
3282,0.28739807,0.7126019,1,47,3) common (21-100)
3283,0.06701971,0.9329803,0,36,3) common (21-100)
3284,0.67108357,0.32891643,0,1290,4) very common (100+)
3285,0.11197962,0.8880204,1,0,1) very rare (1-5)
3286,0.021551212,0.9784488,1,0,1) very rare (1-5)
3287,0.0147254225,0.98527455,1,0,1) very rare (1-5)
3288,0.9624528,0.03754717,1,99,3) common (21-100)
3289,0.7672912,0.23270881,0,18,2) rare (6-20)
3290,0.051299132,0.94870085,1,0,1) very rare (1-5)
3291,0.17823188,0.8217681,0,12,2) rare (6-20)
3292,0.21895154,0.7810485,1,1,1) very rare (1-5)
3293,0.35025686,0.64974314,1,0,1) very rare (1-5)
3294,0.48159757,0.51840246,1,159,4) very common (100+)
3295,0.35970506,0.6402949,0,65,3) common (21-100)
3296,0.39643022,0.60356975,1,1070,4) very common (100+)
3297,0.18854591,0.81145406,1,0,1) very rare (1-5)
3298,0.034617405,0.9653826,1,0,1) very rare (1-5)
3299,0.5019477,0.4980523,1,15,2) rare (6-20)
3300,0.57295173,0.42704827,1,5,1) very rare (1-5)
3301,0.70644486,0.29355514,0,2,1) very rare (1-5)
3302,0.15946576,0.8405342,0,28,3) common (21-100)
3303,0.7934757,0.20652431,1,275,4) very common (100+)
3304,0.72365355,0.27634645,0,1000,4) very common (100+)
3305,0.8769739,0.12302607,1,0,1) very rare (1-5)
3306,0.936425,0.06357503,0,71,3) common (21-100)
3307,0.6043605,0.39563948,0,1070,4) very common (100+)
3308,0.27251408,0.7274859,0,39,3) common (21-100)
3309,0.3214514,0.6785486,0,0,1) very rare (1-5)
3310,0.924474,0.075526,0,421,4) very common (100+)
3311,0.039700024,0.96029997,1,14,2) rare (6-20)
3312,0.41803995,0.5819601,1,3,1) very rare (1-5)
3313,0.8556453,0.1443547,0,63,3) common (21-100)
3314,0.8343742,0.16562581,0,102,4) very common (100+)
3315,0.9837556,0.016244411,0,700,4) very common (100+)
3316,0.81679374,0.18320626,0,1000,4) very common (100+)
3317,0.20189252,0.7981075,1,1,1) very rare (1-5)
3318,0.15917593,0.84082407,0,68,3) common (21-100)
3319,0.17932172,0.8206783,1,65,3) common (21-100)
3320,0.13562725,0.86437273,1,0,1) very rare (1-5)
3321,0.9835293,0.01647067,0,1000,4) very common (100+)
3322,0.77486473,0.22513527,1,19,2) rare (6-20)
3323,0.86352193,0.13647807,0,343,4) very common (100+)
3324,0.45820153,0.5417985,1,10,2) rare (6-20)
3325,0.9552722,0.044727802,0,15,2) rare (6-20)
3326,0.16646554,0.8335345,0,16,2) rare (6-20)
3327,0.43331945,0.56668055,0,1290,4) very common (100+)
3328,0.9682579,0.031742096,0,182,4) very common (100+)
3329,0.1832076,0.81679237,1,5,1) very rare (1-5)
3330,0.8279319,0.17206812,1,1290,4) very common (100+)
3331,0.97005683,0.029943168,0,1000,4) very common (100+)
3332,0.560672,0.439328,1,63,3) common (21-100)
3333,0.97024685,0.029753149,0,211,4) very common (100+)
3334,0.27452302,0.725477,0,24,3) common (21-100)
3335,0.9611564,0.038843572,0,343,4) very common (100+)
3336,0.3230102,0.6769898,1,1,1) very rare (1-5)
3337,0.49233803,0.50766194,0,2,1) very rare (1-5)
3338,0.58287627,0.41712373,0,46,3) common (21-100)
3339,0.0784076,0.9215924,1,3,1) very rare (1-5)
3340,0.84792787,0.15207213,0,25,3) common (21-100)
3341,0.5460056,0.4539944,0,86,3) common (21-100)
3342,0.883317,0.11668301,0,24,3) common (21-100)
3343,0.28333014,0.71666986,1,1,1) very rare (1-5)
3344,0.58231246,0.41768754,1,343,4) very common (100+)
3345,0.49744552,0.5025545,1,3,1) very rare (1-5)
3346,0.39791214,0.60208786,1,0,1) very rare (1-5)
3347,0.11555592,0.88444406,1,2,1) very rare (1-5)
3348,0.021930005,0.97807,1,2,1) very rare (1-5)
3349,0.09800892,0.90199107,1,19,2) rare (6-20)
3350,0.8951052,0.10489482,1,11,2) rare (6-20)
3351,0.09604065,0.90395933,1,0,1) very rare (1-5)
3352,0.46077156,0.53922844,0,10,2) rare (6-20)
3353,0.35720286,0.6427971,1,4,1) very rare (1-5)
3354,0.40786332,0.5921367,1,29,3) common (21-100)
3355,0.37949783,0.6205022,0,14,2) rare (6-20)
3356,0.6356754,0.36432463,0,105,4) very common (100+)
3357,0.6850218,0.31497818,0,82,3) common (21-100)
3358,0.07408476,0.92591524,1,1,1) very rare (1-5)
3359,0.91524667,0.084753335,0,1070,4) very common (100+)
3360,0.21611421,0.7838858,1,24,3) common (21-100)
3361,0.8555425,0.14445752,0,11,2) rare (6-20)
3362,0.4835781,0.5164219,1,1290,4) very common (100+)
3363,0.85239893,0.14760107,0,4,1) very rare (1-5)
3364,0.35546058,0.6445394,0,178,4) very common (100+)
3365,0.90177435,0.09822565,0,1290,4) very common (100+)
3366,0.15981436,0.84018564,1,6,2) rare (6-20)
3367,0.14188848,0.8581115,1,0,1) very rare (1-5)
3368,0.4540199,0.5459801,1,19,2) rare (6-20)
3369,0.7162572,0.2837428,1,0,1) very rare (1-5)
3370,0.98827595,0.011724055,0,71,3) common (21-100)
3371,0.87818724,0.12181276,0,145,4) very common (100+)
3372,0.85648453,0.14351547,0,275,4) very common (100+)
3373,0.4252413,0.5747587,1,0,1) very rare (1-5)
3374,0.34159213,0.65840787,1,105,4) very common (100+)
3375,0.08773212,0.91226786,1,0,1) very rare (1-5)
3376,0.013314037,0.986686,1,0,1) very rare (1-5)
3377,0.20127921,0.7987208,0,27,3) common (21-100)
3378,0.81211036,0.18788964,0,421,4) very common (100+)
3379,0.35621148,0.6437885,1,44,3) common (21-100)
3380,0.68711644,0.31288356,1,5,1) very rare (1-5)
3381,0.42023823,0.57976174,1,65,3) common (21-100)
3382,0.297181,0.702819,1,1,1) very rare (1-5)
3383,0.32868278,0.6713172,1,22,3) common (21-100)
3384,0.54125977,0.45874023,0,2,1) very rare (1-5)
3385,0.07925126,0.9207487,0,2,1) very rare (1-5)
3386,0.97913295,0.02086705,1,1070,4) very common (100+)
3387,0.12870577,0.87129426,1,1,1) very rare (1-5)
3388,0.053390447,0.94660956,1,0,1) very rare (1-5)
3389,0.88808775,0.11191225,0,24,3) common (21-100)
3390,0.12463693,0.87536305,1,7,2) rare (6-20)
3391,0.95133793,0.048662066,0,421,4) very common (100+)
3392,0.06282029,0.9371797,1,0,1) very rare (1-5)
3393,0.8058119,0.19418812,1,0,1) very rare (1-5)
3394,0.061167836,0.93883216,1,0,1) very rare (1-5)
3395,0.6589296,0.3410704,1,0,1) very rare (1-5)
3396,0.8362043,0.16379571,0,71,3) common (21-100)
3397,0.060844973,0.93915504,1,0,1) very rare (1-5)
3398,0.5704034,0.4295966,1,1,1) very rare (1-5)
3399,0.512094,0.48790598,1,96,3) common (21-100)
3400,0.56871486,0.43128514,1,66,3) common (21-100)
3401,0.7404079,0.25959212,0,700,4) very common (100+)
3402,0.5678536,0.43214637,0,88,3) common (21-100)
3403,0.31595296,0.68404704,1,1,1) very rare (1-5)
3404,0.71542084,0.28457916,1,46,3) common (21-100)
3405,0.33485407,0.66514593,0,14,2) rare (6-20)
3406,0.56729144,0.43270856,0,19,2) rare (6-20)
3407,0.27314812,0.7268519,1,4,1) very rare (1-5)
3408,0.4148369,0.5851631,0,85,3) common (21-100)
3409,0.057855647,0.94214433,0,5,1) very rare (1-5)
3410,0.08740365,0.91259634,0,85,3) common (21-100)
3411,0.03639654,0.96360344,1,45,3) common (21-100)
3412,0.8222088,0.17779118,0,14,2) rare (6-20)
3413,0.6119837,0.38801628,1,261,4) very common (100+)
3414,0.9648085,0.035191476,0,10,2) rare (6-20)
3415,0.5062894,0.49371058,0,1290,4) very common (100+)
3416,0.99408215,0.005917847,0,1000,4) very common (100+)
3417,0.905196,0.09480399,0,2,1) very rare (1-5)
3418,0.45882046,0.54117954,0,1,1) very rare (1-5)
3419,0.82632583,0.17367417,0,275,4) very common (100+)
3420,0.7289857,0.27101427,1,10,2) rare (6-20)
3421,0.86884725,0.13115275,0,26,3) common (21-100)
3422,0.49657044,0.50342953,1,0,1) very rare (1-5)
3423,0.6932536,0.30674642,0,31,3) common (21-100)
3424,0.030978829,0.9690212,1,0,1) very rare (1-5)
3425,0.9694781,0.03052193,0,1000,4) very common (100+)
3426,0.87744534,0.12255466,1,11,2) rare (6-20)
3427,0.1833104,0.8166896,0,9,2) rare (6-20)
3428,0.045710947,0.9542891,0,92,3) common (21-100)
3429,0.39044988,0.6095501,0,49,3) common (21-100)
3430,0.62566644,0.37433356,1,268,4) very common (100+)
3431,0.17233284,0.8276672,1,105,4) very common (100+)
3432,0.27166143,0.7283386,1,23,3) common (21-100)
3433,0.050563026,0.94943696,1,2,1) very rare (1-5)
3434,0.2474888,0.7525112,0,43,3) common (21-100)
3435,0.09850643,0.90149355,0,159,4) very common (100+)
3436,0.252943,0.74705696,0,2,1) very rare (1-5)
3437,0.41262656,0.58737344,1,0,1) very rare (1-5)
3438,0.53858054,0.46141946,0,1,1) very rare (1-5)
3439,0.66159105,0.33840895,0,24,3) common (21-100)
3440,0.74050134,0.25949866,0,145,4) very common (100+)
3441,0.7003396,0.29966038,1,6,2) rare (6-20)
3442,0.6360768,0.3639232,0,25,3) common (21-100)
3443,0.34957758,0.65042245,0,182,4) very common (100+)
3444,0.608414,0.391586,0,421,4) very common (100+)
3445,0.92560446,0.07439554,0,85,3) common (21-100)
3446,0.40858287,0.59141713,1,1290,4) very common (100+)
3447,0.24587527,0.75412476,1,53,3) common (21-100)
3448,0.034771938,0.9652281,1,0,1) very rare (1-5)
3449,0.43383327,0.56616676,1,30,3) common (21-100)
3450,0.7957383,0.20426172,0,2,1) very rare (1-5)
3451,0.43223968,0.56776035,1,2,1) very rare (1-5)
3452,0.67997235,0.32002765,0,1290,4) very common (100+)
3453,0.5629531,0.4370469,1,1290,4) very common (100+)
3454,0.8499053,0.15009469,0,14,2) rare (6-20)
3455,0.50903195,0.49096805,0,4,1) very rare (1-5)
3456,0.25295392,0.7470461,0,58,3) common (21-100)
3457,0.08228444,0.91771555,0,3,1) very rare (1-5)
3458,0.9628017,0.037198305,0,700,4) very common (100+)
3459,0.05792671,0.9420733,1,146,4) very common (100+)
3460,0.41727838,0.5827216,1,11,2) rare (6-20)
3461,0.02538807,0.97461194,1,0,1) very rare (1-5)
3462,0.6178064,0.38219362,0,106,4) very common (100+)
3463,0.77005655,0.22994345,1,51,3) common (21-100)
3464,0.0937219,0.90627813,1,4,1) very rare (1-5)
3465,0.199423,0.800577,0,237,4) very common (100+)
3466,0.19252601,0.807474,1,6,2) rare (6-20)
3467,0.17388205,0.82611793,1,4,1) very rare (1-5)
3468,0.9114187,0.08858132,0,274,4) very common (100+)
3469,0.23740122,0.76259875,0,40,3) common (21-100)
3470,0.8219921,0.1780079,0,11,2) rare (6-20)
3471,0.24952964,0.75047034,1,34,3) common (21-100)
3472,0.6558162,0.3441838,1,0,1) very rare (1-5)
3473,0.029944735,0.9700553,1,1,1) very rare (1-5)
3474,0.638316,0.36168402,0,1,1) very rare (1-5)
3475,0.8457818,0.1542182,1,19,2) rare (6-20)
3476,0.9703456,0.029654384,0,178,4) very common (100+)
3477,0.5433647,0.4566353,0,1070,4) very common (100+)
3478,0.079892576,0.9201074,1,4,1) very rare (1-5)
3479,0.9238491,0.076150894,1,53,3) common (21-100)
3480,0.20026691,0.7997331,1,38,3) common (21-100)
3481,0.19017671,0.8098233,1,0,1) very rare (1-5)
3482,0.52985704,0.47014296,0,1290,4) very common (100+)
3483,0.8059112,0.19408882,0,81,3) common (21-100)
3484,0.7520617,0.24793828,0,1290,4) very common (100+)
3485,0.7567225,0.24327749,1,146,4) very common (100+)
3486,0.10057738,0.89942265,1,3,1) very rare (1-5)
3487,0.90286964,0.09713036,1,4,1) very rare (1-5)
3488,0.11114753,0.8888525,1,2,1) very rare (1-5)
3489,0.05165322,0.9483468,0,4,1) very rare (1-5)
3490,0.47405446,0.52594554,0,8,2) rare (6-20)
3491,0.46489215,0.53510785,1,2,1) very rare (1-5)
3492,0.92865884,0.07134116,0,142,4) very common (100+)
3493,0.5632873,0.43671268,1,3,1) very rare (1-5)
3494,0.44027075,0.5597292,1,53,3) common (21-100)
3495,0.40170658,0.5982934,1,27,3) common (21-100)
3496,0.61337286,0.38662714,1,18,2) rare (6-20)
3497,0.5973083,0.40269172,0,10,2) rare (6-20)
3498,0.3407521,0.6592479,0,5,1) very rare (1-5)
3499,0.55784917,0.44215083,0,14,2) rare (6-20)
3500,0.19264375,0.80735624,1,1,1) very rare (1-5)
3501,0.14985712,0.8501429,1,0,1) very rare (1-5)
3502,0.7946992,0.20530081,0,5,1) very rare (1-5)
3503,0.06939482,0.9306052,1,1,1) very rare (1-5)
3504,0.971153,0.02884698,0,1000,4) very common (100+)
3505,0.15589494,0.84410506,1,0,1) very rare (1-5)
3506,0.28736037,0.71263963,1,2,1) very rare (1-5)
3507,0.4909875,0.50901246,1,2,1) very rare (1-5)
3508,0.794299,0.205701,0,58,3) common (21-100)
3509,0.2251633,0.7748367,1,23,3) common (21-100)
3510,0.057342883,0.9426571,1,24,3) common (21-100)
3511,0.09491142,0.9050886,1,10,2) rare (6-20)
3512,0.45582452,0.5441755,1,0,1) very rare (1-5)
3513,0.57446307,0.42553693,1,47,3) common (21-100)
3514,0.08419653,0.9158035,0,79,3) common (21-100)
3515,0.35444632,0.6455537,1,11,2) rare (6-20)
3516,0.19324555,0.80675447,0,7,2) rare (6-20)
3517,0.91726804,0.08273196,1,24,3) common (21-100)
3518,0.32532075,0.6746793,0,33,3) common (21-100)
3519,0.42751884,0.57248116,1,19,2) rare (6-20)
3520,0.11645583,0.88354415,1,142,4) very common (100+)
3521,0.60227084,0.39772916,1,69,3) common (21-100)
3522,0.8429994,0.1570006,0,142,4) very common (100+)
3523,0.4946028,0.5053972,1,66,3) common (21-100)
3524,0.48173988,0.5182601,0,89,3) common (21-100)
3525,0.6844561,0.3155439,0,166,4) very common (100+)
3526,0.08222187,0.91777813,1,0,1) very rare (1-5)
3527,0.36617005,0.63382995,0,6,2) rare (6-20)
3528,0.53479606,0.46520394,0,7,2) rare (6-20)
3529,0.6469982,0.35300177,1,11,2) rare (6-20)
3530,0.6377748,0.36222517,0,700,4) very common (100+)
3531,0.7447373,0.25526267,0,261,4) very common (100+)
3532,0.9661373,0.03386271,0,1000,4) very common (100+)
3533,0.1518623,0.84813774,1,100,3) common (21-100)
3534,0.36490235,0.6350976,1,1,1) very rare (1-5)
3535,0.56672955,0.43327045,0,105,4) very common (100+)
3536,0.84063226,0.15936774,0,84,3) common (21-100)
3537,0.3562823,0.6437177,1,36,3) common (21-100)
3538,0.74922997,0.25077003,0,2,1) very rare (1-5)
3539,0.13289182,0.86710817,1,7,2) rare (6-20)
3540,0.8078298,0.1921702,1,30,3) common (21-100)
3541,0.45014882,0.5498512,0,142,4) very common (100+)
3542,0.32094255,0.6790575,0,1,1) very rare (1-5)
3543,0.3256696,0.6743304,0,15,2) rare (6-20)
3544,0.04422681,0.9557732,1,3,1) very rare (1-5)
3545,0.28265858,0.7173414,0,3,1) very rare (1-5)
3546,0.6099105,0.3900895,1,0,1) very rare (1-5)
3547,0.16770437,0.83229566,1,2,1) very rare (1-5)
3548,0.87073237,0.12926763,0,700,4) very common (100+)
3549,0.4311332,0.5688668,0,123,4) very common (100+)
3550,0.8592459,0.1407541,1,19,2) rare (6-20)
3551,0.034339864,0.96566015,1,0,1) very rare (1-5)
3552,0.7459974,0.25400257,0,1,1) very rare (1-5)
3553,0.5421744,0.4578256,1,1070,4) very common (100+)
3554,0.9309887,0.06901127,1,18,2) rare (6-20)
3555,0.96993613,0.030063868,0,700,4) very common (100+)
3556,0.12787963,0.8721204,1,2,1) very rare (1-5)
3557,0.11697215,0.88302785,1,94,3) common (21-100)
3558,0.016286572,0.98371345,1,2,1) very rare (1-5)
3559,0.99244565,0.0075543523,0,142,4) very common (100+)
3560,0.29183754,0.7081624,1,22,3) common (21-100)
3561,0.3029509,0.69704914,0,4,1) very rare (1-5)
3562,0.17246777,0.82753223,1,0,1) very rare (1-5)
3563,0.58640593,0.41359407,1,0,1) very rare (1-5)
3564,0.22219197,0.777808,0,2,1) very rare (1-5)
3565,0.7352485,0.2647515,0,700,4) very common (100+)
3566,0.692126,0.30787402,1,268,4) very common (100+)
3567,0.8974837,0.10251629,1,0,1) very rare (1-5)
3568,0.9486431,0.05135691,1,99,3) common (21-100)
3569,0.2822427,0.71775734,1,20,2) rare (6-20)
3570,0.9838479,0.016152084,0,1000,4) very common (100+)
3571,0.48708874,0.51291126,0,1070,4) very common (100+)
3572,0.9894294,0.010570586,1,19,2) rare (6-20)
3573,0.029948642,0.97005135,1,0,1) very rare (1-5)
3574,0.51018053,0.48981947,0,1290,4) very common (100+)
3575,0.16170713,0.83829284,1,0,1) very rare (1-5)
3576,0.21882433,0.7811757,1,5,1) very rare (1-5)
3577,0.6338867,0.3661133,0,91,3) common (21-100)
3578,0.78578883,0.21421117,1,11,2) rare (6-20)
3579,0.17060916,0.8293908,1,2,1) very rare (1-5)
3580,0.5437563,0.4562437,0,1290,4) very common (100+)
3581,0.18599361,0.8140064,1,0,1) very rare (1-5)
3582,0.5240223,0.47597772,0,1,1) very rare (1-5)
3583,0.41360682,0.5863932,1,81,3) common (21-100)
3584,0.8027128,0.1972872,0,12,2) rare (6-20)
3585,0.9968137,0.0031862855,1,211,4) very common (100+)
3586,0.7646754,0.23532462,1,13,2) rare (6-20)
3587,0.237726,0.762274,1,8,2) rare (6-20)
3588,0.9837673,0.016232729,0,99,3) common (21-100)
3589,0.9608627,0.039137304,0,118,4) very common (100+)
3590,0.98651904,0.013480961,0,1000,4) very common (100+)
3591,0.8102722,0.18972778,0,1070,4) very common (100+)
3592,0.960763,0.039237022,1,100,3) common (21-100)
3593,0.509436,0.490564,0,3,1) very rare (1-5)
3594,0.21782114,0.7821789,1,0,1) very rare (1-5)
3595,0.2869385,0.7130615,1,14,2) rare (6-20)
3596,0.9710117,0.028988302,0,111,4) very common (100+)
3597,0.82778656,0.17221344,0,28,3) common (21-100)
3598,0.8227364,0.17726362,0,21,3) common (21-100)
3599,0.5105886,0.4894114,0,23,3) common (21-100)
3600,0.3437862,0.65621376,0,1,1) very rare (1-5)
3601,0.6469676,0.3530324,1,1,1) very rare (1-5)
3602,0.9624474,0.037552595,0,1070,4) very common (100+)
3603,0.52563184,0.47436816,0,7,2) rare (6-20)
3604,0.8298817,0.17011827,0,261,4) very common (100+)
3605,0.6477459,0.3522541,1,18,2) rare (6-20)
3606,0.11192063,0.88807935,1,1,1) very rare (1-5)
3607,0.7166799,0.28332013,0,223,4) very common (100+)
3608,0.1134211,0.8865789,0,2,1) very rare (1-5)
3609,0.23005395,0.76994604,1,7,2) rare (6-20)
3610,0.3021367,0.69786334,1,0,1) very rare (1-5)
3611,0.14953458,0.8504654,1,2,1) very rare (1-5)
3612,0.81031877,0.18968123,0,28,3) common (21-100)
3613,0.17268,0.82732,1,3,1) very rare (1-5)
3614,0.39634088,0.60365915,1,85,3) common (21-100)
3615,0.92681414,0.07318586,0,51,3) common (21-100)
3616,0.97462964,0.02537036,0,261,4) very common (100+)
3617,0.17668985,0.82331014,0,12,2) rare (6-20)
3618,0.37468526,0.6253147,1,9,2) rare (6-20)
3619,0.60524774,0.39475226,0,700,4) very common (100+)
3620,0.54188824,0.45811176,1,1070,4) very common (100+)
3621,0.44753578,0.55246425,0,17,2) rare (6-20)
3622,0.25696418,0.7430358,1,2,1) very rare (1-5)
3623,0.28125346,0.71874654,1,0,1) very rare (1-5)
3624,0.4742022,0.52579784,1,1,1) very rare (1-5)
3625,0.18070818,0.81929183,1,0,1) very rare (1-5)
3626,0.9821815,0.01781851,0,1000,4) very common (100+)
3627,0.65396774,0.34603226,0,123,4) very common (100+)
3628,0.8914231,0.108576894,0,211,4) very common (100+)
3629,0.8297522,0.1702478,0,38,3) common (21-100)
3630,0.82533604,0.17466396,1,66,3) common (21-100)
3631,0.49874526,0.50125474,0,166,4) very common (100+)
3632,0.19954766,0.80045235,1,2,1) very rare (1-5)
3633,0.39402005,0.6059799,0,18,2) rare (6-20)
3634,0.75943756,0.24056244,0,118,4) very common (100+)
3635,0.7903604,0.20963961,0,33,3) common (21-100)
3636,0.5875548,0.4124452,1,2,1) very rare (1-5)
3637,0.17842169,0.8215783,1,7,2) rare (6-20)
3638,0.44449556,0.55550444,0,99,3) common (21-100)
3639,0.301116,0.698884,1,0,1) very rare (1-5)
3640,0.091873884,0.9081261,1,0,1) very rare (1-5)
3641,0.104204684,0.89579535,0,237,4) very common (100+)
3642,0.55108726,0.44891274,0,71,3) common (21-100)
3643,0.6340361,0.36596388,1,166,4) very common (100+)
3644,0.306983,0.693017,0,14,2) rare (6-20)
3645,0.2480945,0.7519055,0,39,3) common (21-100)
3646,0.17219181,0.8278082,1,0,1) very rare (1-5)
3647,0.18557678,0.8144232,0,3,1) very rare (1-5)
3648,0.06190063,0.9380994,1,6,2) rare (6-20)
3649,0.18611105,0.81388897,1,2,1) very rare (1-5)
3650,0.5829632,0.41703677,0,4,1) very rare (1-5)
3651,0.30878353,0.69121647,0,0,1) very rare (1-5)
3652,0.97569877,0.02430123,0,211,4) very common (100+)
3653,0.05758347,0.94241655,1,0,1) very rare (1-5)
3654,0.3354264,0.6645736,0,8,2) rare (6-20)
3655,0.1446085,0.8553915,1,0,1) very rare (1-5)
3656,0.0502088,0.9497912,1,58,3) common (21-100)
3657,0.45703885,0.5429611,0,20,2) rare (6-20)
3658,0.65327877,0.34672123,0,89,3) common (21-100)
3659,0.070500925,0.9294991,1,4,1) very rare (1-5)
3660,0.14111644,0.85888356,1,1,1) very rare (1-5)
3661,0.044642236,0.9553578,1,0,1) very rare (1-5)
3662,0.6039183,0.3960817,0,15,2) rare (6-20)
3663,0.55140644,0.44859356,1,12,2) rare (6-20)
3664,0.7138872,0.2861128,0,56,3) common (21-100)
3665,0.04056551,0.9594345,1,1,1) very rare (1-5)
3666,0.1874943,0.8125057,1,37,3) common (21-100)
3667,0.9638209,0.036179125,0,211,4) very common (100+)
3668,0.45161793,0.54838204,1,0,1) very rare (1-5)
3669,0.94921964,0.050780356,0,24,3) common (21-100)
3670,0.15479207,0.8452079,0,22,3) common (21-100)
3671,0.46424812,0.5357519,0,63,3) common (21-100)
3672,0.03937549,0.9606245,1,0,1) very rare (1-5)
3673,0.5723651,0.4276349,0,142,4) very common (100+)
3674,0.8048131,0.19518691,0,1070,4) very common (100+)
3675,0.2561731,0.74382687,1,4,1) very rare (1-5)
3676,0.5235583,0.47644168,0,79,3) common (21-100)
3677,0.28174576,0.7182542,0,14,2) rare (6-20)
3678,0.63098,0.36902,0,18,2) rare (6-20)
3679,0.35746792,0.6425321,1,2,1) very rare (1-5)
3680,0.14458257,0.85541743,0,68,3) common (21-100)
3681,0.7085575,0.2914425,1,89,3) common (21-100)
3682,0.8260084,0.17399162,0,17,2) rare (6-20)
3683,0.36149275,0.63850725,1,65,3) common (21-100)
3684,0.18482982,0.81517017,1,1,1) very rare (1-5)
3685,0.59859776,0.40140224,1,3,1) very rare (1-5)
3686,0.9942227,0.0057772994,0,1000,4) very common (100+)
3687,0.22531168,0.7746883,1,69,3) common (21-100)
3688,0.10232916,0.89767087,1,19,2) rare (6-20)
3689,0.6449334,0.3550666,1,1,1) very rare (1-5)
3690,0.25975263,0.74024737,1,1,1) very rare (1-5)
3691,0.92598426,0.07401574,0,91,3) common (21-100)
3692,0.85434425,0.14565575,0,178,4) very common (100+)
3693,0.77615213,0.22384787,0,33,3) common (21-100)
3694,0.042426288,0.9575737,1,0,1) very rare (1-5)
3695,0.96732,0.032679975,1,142,4) very common (100+)
3696,0.7487642,0.25123578,0,0,1) very rare (1-5)
3697,0.24889515,0.75110483,1,8,2) rare (6-20)
3698,0.15504229,0.8449577,0,42,3) common (21-100)
3699,0.039779052,0.96022093,1,15,2) rare (6-20)
3700,0.44046012,0.5595399,0,166,4) very common (100+)
3701,0.122387506,0.8776125,0,4,1) very rare (1-5)
3702,0.24384609,0.75615394,0,0,1) very rare (1-5)
3703,0.57191896,0.42808104,0,4,1) very rare (1-5)
3704,0.86799335,0.13200665,0,1000,4) very common (100+)
3705,0.19170319,0.8082968,0,21,3) common (21-100)
3706,0.4684399,0.53156006,1,42,3) common (21-100)
3707,0.37441313,0.62558687,1,106,4) very common (100+)
3708,0.3483085,0.6516915,0,23,3) common (21-100)
3709,0.97505444,0.024945557,0,211,4) very common (100+)
3710,0.6947047,0.3052953,1,21,3) common (21-100)
3711,0.98947865,0.010521352,0,700,4) very common (100+)
3712,0.9038306,0.09616941,0,700,4) very common (100+)
3713,0.7248067,0.27519327,1,16,2) rare (6-20)
3714,0.28880075,0.7111993,1,1,1) very rare (1-5)
3715,0.8974637,0.10253632,0,2,1) very rare (1-5)
3716,0.32295513,0.67704487,0,0,1) very rare (1-5)
3717,0.23206285,0.7679372,1,14,2) rare (6-20)
3718,0.8779551,0.12204492,0,42,3) common (21-100)
3719,0.9455707,0.054429293,0,91,3) common (21-100)
3720,0.92853004,0.07146996,0,10,2) rare (6-20)
3721,0.2736886,0.7263114,1,0,1) very rare (1-5)
3722,0.10107012,0.8989299,1,7,2) rare (6-20)
3723,0.8966433,0.10335672,0,182,4) very common (100+)
3724,0.3531743,0.6468257,0,275,4) very common (100+)
3725,0.9248064,0.075193584,0,1000,4) very common (100+)
3726,0.5244727,0.4755273,0,1290,4) very common (100+)
3727,0.2372023,0.7627977,0,50,3) common (21-100)
3728,0.96530014,0.034699857,1,66,3) common (21-100)
3729,0.4940676,0.5059324,1,0,1) very rare (1-5)
3730,0.60607046,0.39392954,0,56,3) common (21-100)
3731,0.7236071,0.27639288,0,1070,4) very common (100+)
3732,0.90788466,0.09211534,0,1290,4) very common (100+)
3733,0.19472758,0.8052724,1,16,2) rare (6-20)
3734,0.96675146,0.033248544,0,1000,4) very common (100+)
3735,0.22872108,0.7712789,1,0,1) very rare (1-5)
3736,0.39899427,0.60100573,0,1,1) very rare (1-5)
3737,0.871182,0.12881798,0,1,1) very rare (1-5)
3738,0.43218657,0.5678134,1,1,1) very rare (1-5)
3739,0.0353707,0.9646293,1,3,1) very rare (1-5)
3740,0.78118175,0.21881825,0,3,1) very rare (1-5)
3741,0.7208558,0.27914423,0,24,3) common (21-100)
3742,0.74051553,0.25948447,0,1290,4) very common (100+)
3743,0.23477916,0.7652208,1,14,2) rare (6-20)
3744,0.52361315,0.47638685,0,21,3) common (21-100)
3745,0.96783864,0.032161355,1,1,1) very rare (1-5)
3746,0.26226705,0.73773295,1,0,1) very rare (1-5)
3747,0.07716671,0.9228333,1,6,2) rare (6-20)
3748,0.5496361,0.45036387,0,19,2) rare (6-20)
3749,0.77443725,0.22556275,0,700,4) very common (100+)
3750,0.45168,0.54832,1,3,1) very rare (1-5)
3751,0.97674316,0.023256838,0,39,3) common (21-100)
3752,0.8890779,0.1109221,1,0,1) very rare (1-5)
3753,0.9540444,0.0459556,1,0,1) very rare (1-5)
3754,0.6510749,0.3489251,0,5,1) very rare (1-5)
3755,0.16357718,0.8364228,1,47,3) common (21-100)
3756,0.46507382,0.5349262,1,1,1) very rare (1-5)
3757,0.1742391,0.8257609,1,3,1) very rare (1-5)
3758,0.87920684,0.120793164,0,39,3) common (21-100)
3759,0.12821132,0.8717887,0,3,1) very rare (1-5)
3760,0.013725021,0.98627496,1,0,1) very rare (1-5)
3761,0.62304974,0.37695026,0,5,1) very rare (1-5)
3762,0.0593214,0.9406786,1,0,1) very rare (1-5)
3763,0.58981603,0.41018397,0,275,4) very common (100+)
3764,0.21696745,0.78303254,0,0,1) very rare (1-5)
3765,0.1846942,0.8153058,1,72,3) common (21-100)
3766,0.2756607,0.7243393,1,28,3) common (21-100)
3767,0.0860837,0.9139163,1,2,1) very rare (1-5)
3768,0.69326687,0.30673313,0,7,2) rare (6-20)
3769,0.062488664,0.9375113,1,8,2) rare (6-20)
3770,0.028649233,0.9713508,1,0,1) very rare (1-5)
3771,0.40967673,0.59032327,1,5,1) very rare (1-5)
3772,0.35491553,0.6450845,1,1,1) very rare (1-5)
3773,0.062105767,0.9378942,1,0,1) very rare (1-5)
3774,0.45491284,0.54508716,1,10,2) rare (6-20)
3775,0.877091,0.12290901,0,68,3) common (21-100)
3776,0.09252576,0.9074742,1,1,1) very rare (1-5)
3777,0.78677005,0.21322995,1,7,2) rare (6-20)
3778,0.052520785,0.9474792,1,0,1) very rare (1-5)
3779,0.88264865,0.11735135,0,25,3) common (21-100)
3780,0.4273553,0.5726447,0,96,3) common (21-100)
3781,0.9712068,0.028793216,0,99,3) common (21-100)
3782,0.60634416,0.39365584,1,55,3) common (21-100)
3783,0.6522195,0.34778053,0,0,1) very rare (1-5)
3784,0.05280594,0.94719404,0,123,4) very common (100+)
3785,0.29141432,0.7085857,0,79,3) common (21-100)
3786,0.104050644,0.89594936,1,0,1) very rare (1-5)
3787,0.32905927,0.67094076,1,3,1) very rare (1-5)
3788,0.23845206,0.7615479,0,5,1) very rare (1-5)
3789,0.12167244,0.87832755,0,0,1) very rare (1-5)
3790,0.378309,0.621691,1,118,4) very common (100+)
3791,0.1940105,0.8059895,1,27,3) common (21-100)
3792,0.579409,0.420591,0,14,2) rare (6-20)
3793,0.69674987,0.30325013,0,56,3) common (21-100)
3794,0.15582894,0.84417105,1,3,1) very rare (1-5)
3795,0.8552881,0.14471191,0,7,2) rare (6-20)
3796,0.8300341,0.16996592,0,107,4) very common (100+)
3797,0.9383136,0.061686397,0,44,3) common (21-100)
3798,0.45556083,0.5444392,0,0,1) very rare (1-5)
3799,0.8541533,0.14584672,0,46,3) common (21-100)
3800,0.7562055,0.2437945,1,17,2) rare (6-20)
3801,0.29916844,0.70083153,1,1,1) very rare (1-5)
3802,0.18541703,0.81458294,0,4,1) very rare (1-5)
3803,0.19072555,0.80927444,1,0,1) very rare (1-5)
3804,0.40074518,0.59925485,1,3,1) very rare (1-5)
3805,0.3725228,0.62747717,1,0,1) very rare (1-5)
3806,0.19762102,0.802379,1,0,1) very rare (1-5)
3807,0.7455737,0.2544263,1,8,2) rare (6-20)
3808,0.12224266,0.8777573,1,66,3) common (21-100)
3809,0.17831172,0.8216883,1,0,1) very rare (1-5)
3810,0.43520516,0.56479484,1,63,3) common (21-100)
3811,0.27387464,0.72612536,1,0,1) very rare (1-5)
3812,0.44116962,0.5588304,0,1,1) very rare (1-5)
3813,0.81001216,0.18998784,0,700,4) very common (100+)
3814,0.7072091,0.2927909,0,2,1) very rare (1-5)
3815,0.14542586,0.85457414,1,7,2) rare (6-20)
3816,0.56218064,0.43781936,0,223,4) very common (100+)
3817,0.30080557,0.69919443,1,0,1) very rare (1-5)
3818,0.92456096,0.075439036,1,2,1) very rare (1-5)
3819,0.82924217,0.17075783,0,146,4) very common (100+)
3820,0.4049723,0.5950277,0,5,1) very rare (1-5)
3821,0.8947338,0.10526621,0,1000,4) very common (100+)
3822,0.93367213,0.06632787,0,92,3) common (21-100)
3823,0.39731437,0.60268563,1,15,2) rare (6-20)
3824,0.4857072,0.51429284,0,343,4) very common (100+)
3825,0.9368781,0.063121915,0,118,4) very common (100+)
3826,0.99612457,0.0038754344,1,19,2) rare (6-20)
3827,0.78845686,0.21154314,1,0,1) very rare (1-5)
3828,0.84344333,0.15655667,0,134,4) very common (100+)
3829,0.9375154,0.062484622,0,17,2) rare (6-20)
3830,0.730051,0.26994902,1,107,4) very common (100+)
3831,0.2750533,0.72494674,0,1,1) very rare (1-5)
3832,0.4114416,0.58855844,0,1,1) very rare (1-5)
3833,0.5530203,0.4469797,1,85,3) common (21-100)
3834,0.35785288,0.6421471,1,0,1) very rare (1-5)
3835,0.03939833,0.9606017,1,0,1) very rare (1-5)
3836,0.3469536,0.65304637,1,0,1) very rare (1-5)
3837,0.2048026,0.79519737,1,2,1) very rare (1-5)
3838,0.37486783,0.6251322,0,178,4) very common (100+)
3839,0.054840505,0.9451595,1,108,4) very common (100+)
3840,0.52420014,0.47579986,1,27,3) common (21-100)
3841,0.94511425,0.054885745,0,1000,4) very common (100+)
3842,0.7137434,0.2862566,0,91,3) common (21-100)
3843,0.85369414,0.14630586,0,10,2) rare (6-20)
3844,0.19029775,0.8097023,1,6,2) rare (6-20)
3845,0.16556066,0.83443934,1,1,1) very rare (1-5)
3846,0.07869689,0.9213031,1,12,2) rare (6-20)
3847,0.5252384,0.4747616,0,5,1) very rare (1-5)
3848,0.6737298,0.32627022,0,223,4) very common (100+)
3849,0.9276925,0.07230753,0,1000,4) very common (100+)
3850,0.24656005,0.75343996,1,44,3) common (21-100)
3851,0.311025,0.688975,1,27,3) common (21-100)
3852,0.07316754,0.92683244,0,84,3) common (21-100)
3853,0.20419432,0.7958057,0,3,1) very rare (1-5)
3854,0.38804343,0.6119566,1,1,1) very rare (1-5)
3855,0.6017487,0.3982513,1,268,4) very common (100+)
3856,0.7372385,0.26276147,0,6,2) rare (6-20)
3857,0.88003063,0.11996937,0,35,3) common (21-100)
3858,0.9499817,0.05001831,0,17,2) rare (6-20)
3859,0.95599496,0.044005036,0,1000,4) very common (100+)
3860,0.10603615,0.8939639,1,5,1) very rare (1-5)
3861,0.05524895,0.944751,1,13,2) rare (6-20)
3862,0.25367793,0.74632204,0,38,3) common (21-100)
3863,0.80955154,0.19044846,1,0,1) very rare (1-5)
3864,0.014249049,0.985751,1,0,1) very rare (1-5)
3865,0.58354545,0.41645455,1,15,2) rare (6-20)
3866,0.72264266,0.27735734,0,1290,4) very common (100+)
3867,0.3491759,0.65082407,1,0,1) very rare (1-5)
3868,0.7043701,0.29562992,0,142,4) very common (100+)
3869,0.993588,0.0064120293,0,700,4) very common (100+)
3870,0.36406454,0.6359354,1,66,3) common (21-100)
3871,0.88748497,0.11251503,0,1000,4) very common (100+)
3872,0.89581025,0.10418975,0,39,3) common (21-100)
3873,0.5543445,0.44565552,0,5,1) very rare (1-5)
3874,0.46868062,0.5313194,0,16,2) rare (6-20)
3875,0.15415742,0.8458426,1,0,1) very rare (1-5)
3876,0.48438457,0.51561546,1,275,4) very common (100+)
3877,0.51935834,0.48064166,0,142,4) very common (100+)
3878,0.2808432,0.7191568,1,7,2) rare (6-20)
3879,0.26059252,0.7394075,1,0,1) very rare (1-5)
3880,0.8789379,0.1210621,0,1070,4) very common (100+)
3881,0.54207945,0.45792055,0,15,2) rare (6-20)
3882,0.048950326,0.9510497,1,0,1) very rare (1-5)
3883,0.8024264,0.1975736,0,78,3) common (21-100)
3884,0.12194719,0.87805283,1,0,1) very rare (1-5)
3885,0.044180572,0.9558194,1,0,1) very rare (1-5)
3886,0.5034574,0.49654257,0,5,1) very rare (1-5)
3887,0.98393977,0.016060233,0,35,3) common (21-100)
3888,0.9688805,0.031119525,1,118,4) very common (100+)
3889,0.54614335,0.45385665,1,1070,4) very common (100+)
3890,0.10542453,0.8945755,1,26,3) common (21-100)
3891,0.8878653,0.112134695,0,1000,4) very common (100+)
3892,0.34454504,0.655455,1,3,1) very rare (1-5)
3893,0.038509645,0.96149033,1,0,1) very rare (1-5)
3894,0.13781066,0.86218935,0,102,4) very common (100+)
3895,0.48797765,0.5120224,1,76,3) common (21-100)
3896,0.25264364,0.74735636,1,63,3) common (21-100)
3897,0.6059047,0.3940953,0,134,4) very common (100+)
3898,0.7465921,0.2534079,0,1000,4) very common (100+)
3899,0.9859579,0.014042079,1,1,1) very rare (1-5)
3900,0.8039101,0.19608992,1,4,1) very rare (1-5)
3901,0.6918291,0.3081709,0,69,3) common (21-100)
3902,0.8082215,0.19177848,1,237,4) very common (100+)
3903,0.25275284,0.74724716,1,0,1) very rare (1-5)
3904,0.9587699,0.041230083,0,11,2) rare (6-20)
3905,0.9831002,0.016899824,0,69,3) common (21-100)
3906,0.58637697,0.41362303,1,14,2) rare (6-20)
3907,0.7832493,0.21675068,0,1,1) very rare (1-5)
3908,0.20500058,0.7949994,1,5,1) very rare (1-5)
3909,0.09857489,0.9014251,1,7,2) rare (6-20)
3910,0.57314795,0.42685205,0,1070,4) very common (100+)
3911,0.4379924,0.5620076,1,65,3) common (21-100)
3912,0.32820782,0.67179215,1,0,1) very rare (1-5)
3913,0.4785086,0.5214914,1,4,1) very rare (1-5)
3914,0.6796696,0.32033038,0,84,3) common (21-100)
3915,0.77743375,0.22256625,1,0,1) very rare (1-5)
3916,0.63976204,0.36023796,1,34,3) common (21-100)
3917,0.76212937,0.23787063,1,118,4) very common (100+)
3918,0.89283615,0.10716385,1,3,1) very rare (1-5)
3919,0.91115475,0.08884525,1,2,1) very rare (1-5)
3920,0.14452252,0.85547745,1,14,2) rare (6-20)
3921,0.7668152,0.23318481,0,7,2) rare (6-20)
3922,0.35951784,0.6404822,1,0,1) very rare (1-5)
3923,0.06549472,0.9345053,1,70,3) common (21-100)
3924,0.65532494,0.34467506,1,68,3) common (21-100)
3925,0.5447409,0.45525908,1,4,1) very rare (1-5)
3926,0.514548,0.485452,0,1290,4) very common (100+)
3927,0.36719954,0.63280046,0,3,1) very rare (1-5)
3928,0.5933851,0.4066149,1,11,2) rare (6-20)
3929,0.71235865,0.28764135,0,21,3) common (21-100)
3930,0.14680544,0.8531946,0,0,1) very rare (1-5)
3931,0.16330373,0.83669627,0,6,2) rare (6-20)
3932,0.08738468,0.9126153,1,0,1) very rare (1-5)
3933,0.41762534,0.5823747,1,4,1) very rare (1-5)
3934,0.89376146,0.106238544,1,1070,4) very common (100+)
3935,0.36304018,0.6369598,1,2,1) very rare (1-5)
3936,0.44107324,0.55892676,1,76,3) common (21-100)
3937,0.83390075,0.16609925,0,14,2) rare (6-20)
3938,0.14275269,0.8572473,0,44,3) common (21-100)
3939,0.8065691,0.1934309,1,8,2) rare (6-20)
3940,0.27897355,0.7210264,1,105,4) very common (100+)
3941,0.09219763,0.90780234,1,53,3) common (21-100)
3942,0.33486447,0.6651355,0,142,4) very common (100+)
3943,0.08996373,0.91003627,1,0,1) very rare (1-5)
3944,0.71492016,0.28507984,1,81,3) common (21-100)
3945,0.08195002,0.91805,1,1,1) very rare (1-5)
3946,0.7120227,0.28797728,0,84,3) common (21-100)
3947,0.46395034,0.53604966,0,21,3) common (21-100)
3948,0.6246958,0.37530422,0,123,4) very common (100+)
3949,0.053841807,0.9461582,1,0,1) very rare (1-5)
3950,0.69124556,0.30875444,1,38,3) common (21-100)
3951,0.9750012,0.024998784,0,78,3) common (21-100)
3952,0.09505858,0.90494144,0,159,4) very common (100+)
3953,0.21642679,0.7835732,0,5,1) very rare (1-5)
3954,0.58040303,0.41959697,0,25,3) common (21-100)
3955,0.6221519,0.3778481,0,5,1) very rare (1-5)
3956,0.08668032,0.9133197,1,10,2) rare (6-20)
3957,0.20000798,0.799992,0,18,2) rare (6-20)
3958,0.8357716,0.16422838,1,160,4) very common (100+)
3959,0.4595102,0.5404898,0,134,4) very common (100+)
3960,0.95354986,0.046450138,1,4,1) very rare (1-5)
3961,0.853032,0.146968,0,9,2) rare (6-20)
3962,0.9231363,0.076863706,1,76,3) common (21-100)
3963,0.31044835,0.68955165,1,6,2) rare (6-20)
3964,0.73586375,0.26413625,0,343,4) very common (100+)
3965,0.9020253,0.09797472,0,261,4) very common (100+)
3966,0.31240532,0.68759465,1,2,1) very rare (1-5)
3967,0.24738678,0.7526132,1,0,1) very rare (1-5)
3968,0.9845317,0.015468299,0,372,4) very common (100+)
3969,0.48169735,0.5183027,1,42,3) common (21-100)
3970,0.22496028,0.77503973,1,1,1) very rare (1-5)
3971,0.3595849,0.6404151,0,0,1) very rare (1-5)
3972,0.069651194,0.9303488,0,0,1) very rare (1-5)
3973,0.90482,0.095179975,0,134,4) very common (100+)
3974,0.4102905,0.5897095,0,0,1) very rare (1-5)
3975,0.61342007,0.38657993,1,3,1) very rare (1-5)
3976,0.59441316,0.40558684,0,5,1) very rare (1-5)
3977,0.74210787,0.25789213,1,107,4) very common (100+)
3978,0.3982857,0.6017143,1,261,4) very common (100+)
3979,0.47748557,0.52251446,1,1290,4) very common (100+)
3980,0.50155807,0.49844193,1,51,3) common (21-100)
3981,0.6398274,0.36017263,1,107,4) very common (100+)
3982,0.45425722,0.54574275,0,275,4) very common (100+)
3983,0.38233885,0.6176611,1,2,1) very rare (1-5)
3984,0.05302028,0.9469797,1,0,1) very rare (1-5)
3985,0.77466375,0.22533625,0,237,4) very common (100+)
3986,0.17201419,0.8279858,1,14,2) rare (6-20)
3987,0.8569378,0.14306217,0,10,2) rare (6-20)
3988,0.31834036,0.68165964,1,0,1) very rare (1-5)
3989,0.044359542,0.95564044,1,0,1) very rare (1-5)
3990,0.24643427,0.7535657,1,6,2) rare (6-20)
3991,0.8167267,0.18327332,0,145,4) very common (100+)
3992,0.21147364,0.78852636,1,17,2) rare (6-20)
3993,0.97564983,0.024350166,0,89,3) common (21-100)
3994,0.7280344,0.27196562,0,96,3) common (21-100)
3995,0.4889995,0.5110005,0,32,3) common (21-100)
3996,0.57749623,0.42250377,1,178,4) very common (100+)
3997,0.16044483,0.83955514,1,5,1) very rare (1-5)
3998,0.5238439,0.47615612,0,0,1) very rare (1-5)
3999,0.5180245,0.4819755,0,166,4) very common (100+)
4000,0.49705747,0.50294256,0,261,4) very common (100+)
4001,0.8683453,0.13165468,0,9,2) rare (6-20)
4002,0.46310675,0.53689325,1,0,1) very rare (1-5)
4003,0.77859056,0.22140944,0,46,3) common (21-100)
4004,0.67197263,0.32802737,1,2,1) very rare (1-5)
4005,0.58814394,0.41185606,1,69,3) common (21-100)
4006,0.92407113,0.07592887,0,22,3) common (21-100)
4007,0.5109048,0.4890952,1,1,1) very rare (1-5)
4008,0.21625003,0.78374994,1,14,2) rare (6-20)
4009,0.692512,0.30748802,1,1070,4) very common (100+)
4010,0.57881826,0.42118174,0,106,4) very common (100+)
4011,0.8593954,0.14060462,0,1290,4) very common (100+)
4012,0.21596617,0.78403383,1,0,1) very rare (1-5)
4013,0.31326723,0.68673277,0,66,3) common (21-100)
4014,0.16466919,0.83533084,1,20,2) rare (6-20)
4015,0.91352165,0.08647835,0,66,3) common (21-100)
4016,0.73165166,0.26834834,0,275,4) very common (100+)
4017,0.55347073,0.44652927,1,19,2) rare (6-20)
4018,0.6526415,0.34735852,0,421,4) very common (100+)
4019,0.8665631,0.13343692,0,2,1) very rare (1-5)
4020,0.40958372,0.5904163,1,2,1) very rare (1-5)
4021,0.2065218,0.7934782,1,1,1) very rare (1-5)
4022,0.36384964,0.63615036,1,21,3) common (21-100)
4023,0.47038278,0.5296172,1,38,3) common (21-100)
4024,0.43509823,0.56490177,1,6,2) rare (6-20)
4025,0.25080964,0.74919033,0,1,1) very rare (1-5)
4026,0.3949418,0.6050582,1,1,1) very rare (1-5)
4027,0.9556121,0.044387877,0,94,3) common (21-100)
4028,0.652436,0.34756398,1,1290,4) very common (100+)
4029,0.59420687,0.40579313,1,0,1) very rare (1-5)
4030,0.17133668,0.82866335,0,5,1) very rare (1-5)
4031,0.11606249,0.8839375,0,2,1) very rare (1-5)
4032,0.9647803,0.03521973,1,1,1) very rare (1-5)
4033,0.12283593,0.87716407,1,3,1) very rare (1-5)
4034,0.3884743,0.6115257,1,0,1) very rare (1-5)
4035,0.9956006,0.004399419,1,81,3) common (21-100)
4036,0.22029741,0.7797026,1,36,3) common (21-100)
4037,0.06360242,0.93639755,1,1,1) very rare (1-5)
4038,0.13018431,0.8698157,1,0,1) very rare (1-5)
4039,0.20096166,0.79903835,0,75,3) common (21-100)
4040,0.76486444,0.23513556,0,43,3) common (21-100)
4041,0.045104273,0.95489573,1,0,1) very rare (1-5)
4042,0.48889518,0.5111048,0,17,2) rare (6-20)
4043,0.13849829,0.8615017,1,10,2) rare (6-20)
4044,0.9572412,0.042758822,1,0,1) very rare (1-5)
4045,0.97667295,0.023327053,1,17,2) rare (6-20)
4046,0.6729357,0.32706428,0,76,3) common (21-100)
4047,0.9760944,0.023905575,0,275,4) very common (100+)
4048,0.27198365,0.7280164,1,13,2) rare (6-20)
4049,0.18397066,0.8160293,1,39,3) common (21-100)
4050,0.82462305,0.17537695,0,79,3) common (21-100)
4051,0.45974058,0.5402594,0,1,1) very rare (1-5)
4052,0.9543104,0.045689583,0,1000,4) very common (100+)
4053,0.8622532,0.13774681,0,91,3) common (21-100)
4054,0.46202025,0.5379797,1,3,1) very rare (1-5)
4055,0.35715184,0.64284813,0,44,3) common (21-100)
4056,0.94236374,0.05763626,0,1290,4) very common (100+)
4057,0.69503415,0.30496585,0,17,2) rare (6-20)
4058,0.54024255,0.45975745,1,22,3) common (21-100)
4059,0.06372877,0.93627125,1,3,1) very rare (1-5)
4060,0.19543888,0.80456114,1,1,1) very rare (1-5)
4061,0.054503225,0.9454968,1,1,1) very rare (1-5)
4062,0.46190742,0.5380926,0,22,3) common (21-100)
4063,0.5886353,0.41136467,1,343,4) very common (100+)
4064,0.12374161,0.8762584,1,8,2) rare (6-20)
4065,0.20763887,0.79236114,0,89,3) common (21-100)
4066,0.91681314,0.083186865,0,142,4) very common (100+)
4067,0.5367198,0.4632802,1,268,4) very common (100+)
4068,0.91656345,0.08343655,0,1290,4) very common (100+)
4069,0.18748483,0.81251514,1,1,1) very rare (1-5)
4070,0.1118268,0.8881732,1,6,2) rare (6-20)
4071,0.15435503,0.84564495,1,88,3) common (21-100)
4072,0.3818867,0.6181133,0,14,2) rare (6-20)
4073,0.18467784,0.81532216,1,5,1) very rare (1-5)
4074,0.14181536,0.85818464,1,7,2) rare (6-20)
4075,0.52571905,0.47428095,1,0,1) very rare (1-5)
4076,0.96771973,0.032280266,0,121,4) very common (100+)
4077,0.29038808,0.7096119,1,3,1) very rare (1-5)
4078,0.4678627,0.5321373,1,1070,4) very common (100+)
4079,0.23157924,0.76842076,1,0,1) very rare (1-5)
4080,0.84176993,0.15823007,0,111,4) very common (100+)
4081,0.22662358,0.7733764,1,0,1) very rare (1-5)
4082,0.949854,0.050145984,0,47,3) common (21-100)
4083,0.03051114,0.96948886,1,0,1) very rare (1-5)
4084,0.10727918,0.8927208,1,0,1) very rare (1-5)
4085,0.58843404,0.41156596,0,65,3) common (21-100)
4086,0.12726557,0.8727344,1,1,1) very rare (1-5)
4087,0.46244663,0.53755337,0,2,1) very rare (1-5)
4088,0.051240396,0.9487596,1,3,1) very rare (1-5)
4089,0.4239461,0.57605386,1,1,1) very rare (1-5)
4090,0.48880607,0.51119393,0,14,2) rare (6-20)
4091,0.21256433,0.78743565,1,8,2) rare (6-20)
4092,0.6950541,0.3049459,1,146,4) very common (100+)
4093,0.2841553,0.7158447,1,0,1) very rare (1-5)
4094,0.8898591,0.11014092,0,10,2) rare (6-20)
4095,0.6941947,0.30580533,0,100,3) common (21-100)
4096,0.9821898,0.017810225,0,223,4) very common (100+)
4097,0.5508582,0.4491418,0,4,1) very rare (1-5)
4098,0.35373613,0.64626384,1,0,1) very rare (1-5)
4099,0.428574,0.57142603,1,6,2) rare (6-20)
4100,0.30114582,0.6988542,1,2,1) very rare (1-5)
4101,0.08961096,0.91038907,1,3,1) very rare (1-5)
4102,0.11857552,0.8814245,0,1,1) very rare (1-5)
4103,0.9496286,0.05037141,0,343,4) very common (100+)
4104,0.28700852,0.7129915,0,1,1) very rare (1-5)
4105,0.11963897,0.880361,1,0,1) very rare (1-5)
4106,0.12595473,0.87404525,1,0,1) very rare (1-5)
4107,0.8701454,0.12985462,1,1000,4) very common (100+)
4108,0.87255603,0.12744397,0,89,3) common (21-100)
4109,0.47357333,0.5264267,0,223,4) very common (100+)
4110,0.13412444,0.86587554,1,85,3) common (21-100)
4111,0.8091274,0.19087261,1,4,1) very rare (1-5)
4112,0.9236779,0.07632208,0,74,3) common (21-100)
4113,0.49389592,0.5061041,1,15,2) rare (6-20)
4114,0.23644191,0.7635581,0,76,3) common (21-100)
4115,0.9580638,0.04193622,0,211,4) very common (100+)
4116,0.4593212,0.5406788,1,0,1) very rare (1-5)
4117,0.28864428,0.7113557,1,13,2) rare (6-20)
4118,0.9367632,0.06323677,0,84,3) common (21-100)
4119,0.8277718,0.17222822,0,1290,4) very common (100+)
4120,0.50993717,0.49006283,1,0,1) very rare (1-5)
4121,0.45576265,0.5442374,1,9,2) rare (6-20)
4122,0.22342455,0.77657545,1,1,1) very rare (1-5)
4123,0.030343473,0.9696565,1,0,1) very rare (1-5)
4124,0.25749972,0.7425003,0,66,3) common (21-100)
4125,0.4482319,0.55176806,0,1,1) very rare (1-5)
4126,0.20927022,0.79072976,1,21,3) common (21-100)
4127,0.41048893,0.58951104,1,118,4) very common (100+)
4128,0.49052143,0.50947857,0,69,3) common (21-100)
4129,0.46759957,0.5324004,0,27,3) common (21-100)
4130,0.9851622,0.014837801,0,182,4) very common (100+)
4131,0.09527188,0.9047281,1,2,1) very rare (1-5)
4132,0.67624474,0.32375526,1,105,4) very common (100+)
4133,0.77383,0.22617,1,1290,4) very common (100+)
4134,0.8027331,0.19726688,1,1070,4) very common (100+)
4135,0.61661553,0.38338447,0,19,2) rare (6-20)
4136,0.3420623,0.6579377,1,2,1) very rare (1-5)
4137,0.9452322,0.054767787,0,15,2) rare (6-20)
4138,0.027936596,0.9720634,1,0,1) very rare (1-5)
4139,0.38662052,0.6133795,1,106,4) very common (100+)
4140,0.17513375,0.82486624,1,1,1) very rare (1-5)
4141,0.7596832,0.24031681,1,63,3) common (21-100)
4142,0.05302804,0.94697195,1,1,1) very rare (1-5)
4143,0.12811258,0.87188745,1,92,3) common (21-100)
4144,0.11294699,0.887053,1,0,1) very rare (1-5)
4145,0.38157704,0.618423,1,1,1) very rare (1-5)
4146,0.047570776,0.95242923,1,0,1) very rare (1-5)
4147,0.29394457,0.7060554,1,23,3) common (21-100)
4148,0.8800085,0.11999148,0,4,1) very rare (1-5)
4149,0.24394117,0.7560588,1,0,1) very rare (1-5)
4150,0.9497586,0.05024141,0,1000,4) very common (100+)
4151,0.5141145,0.4858855,0,1070,4) very common (100+)
4152,0.9167566,0.08324343,0,1000,4) very common (100+)
4153,0.83013296,0.16986704,0,3,1) very rare (1-5)
4154,0.44656017,0.55343986,0,2,1) very rare (1-5)
4155,0.06398137,0.93601865,1,0,1) very rare (1-5)
4156,0.5203734,0.4796266,0,1290,4) very common (100+)
4157,0.21349937,0.78650063,1,0,1) very rare (1-5)
4158,0.8252095,0.1747905,0,1,1) very rare (1-5)
4159,0.27194288,0.72805715,1,0,1) very rare (1-5)
4160,0.1505596,0.8494404,1,0,1) very rare (1-5)
4161,0.65218484,0.34781516,0,7,2) rare (6-20)
4162,0.31714714,0.68285286,0,35,3) common (21-100)
4163,0.39114285,0.60885715,0,37,3) common (21-100)
4164,0.45330694,0.5466931,0,17,2) rare (6-20)
4165,0.68058383,0.31941617,0,2,1) very rare (1-5)
4166,0.05350804,0.94649196,1,0,1) very rare (1-5)
4167,0.9087569,0.09124309,0,7,2) rare (6-20)
4168,0.49080664,0.50919336,1,89,3) common (21-100)
4169,0.30987355,0.6901264,1,275,4) very common (100+)
4170,0.04666973,0.9533303,1,1,1) very rare (1-5)
4171,0.18975736,0.81024265,1,106,4) very common (100+)
4172,0.9912918,0.008708179,0,1000,4) very common (100+)
4173,0.2138839,0.7861161,1,159,4) very common (100+)
4174,0.035043266,0.96495676,1,1,1) very rare (1-5)
4175,0.497029,0.502971,0,1,1) very rare (1-5)
4176,0.111608185,0.8883918,0,2,1) very rare (1-5)
4177,0.94557256,0.054427445,0,15,2) rare (6-20)
4178,0.027246252,0.97275376,1,21,3) common (21-100)
4179,0.22496596,0.77503407,0,343,4) very common (100+)
4180,0.11539133,0.8846087,1,27,3) common (21-100)
4181,0.20953703,0.790463,1,1,1) very rare (1-5)
4182,0.11334533,0.8866547,0,1,1) very rare (1-5)
4183,0.19064397,0.80935603,1,0,1) very rare (1-5)
4184,0.10445433,0.89554566,1,237,4) very common (100+)
4185,0.37221143,0.62778854,0,3,1) very rare (1-5)
4186,0.8711763,0.1288237,0,78,3) common (21-100)
4187,0.13327387,0.86672616,1,118,4) very common (100+)
4188,0.8297479,0.17025208,0,8,2) rare (6-20)
4189,0.93608886,0.06391114,1,343,4) very common (100+)
4190,0.061819386,0.9381806,1,88,3) common (21-100)
4191,0.6363915,0.36360848,1,372,4) very common (100+)
4192,0.46564978,0.5343502,0,261,4) very common (100+)
4193,0.8312832,0.16871679,0,275,4) very common (100+)
4194,0.42460188,0.5753981,0,2,1) very rare (1-5)
4195,0.33861575,0.6613842,1,8,2) rare (6-20)
4196,0.8421449,0.1578551,0,37,3) common (21-100)
4197,0.14768381,0.8523162,1,1,1) very rare (1-5)
4198,0.5182226,0.48177743,1,1070,4) very common (100+)
4199,0.12795043,0.87204957,1,2,1) very rare (1-5)
4200,0.02521499,0.97478503,1,2,1) very rare (1-5)
4201,0.7837757,0.21622431,1,12,2) rare (6-20)
4202,0.98025024,0.01974976,0,85,3) common (21-100)
4203,0.8235435,0.17645651,1,1070,4) very common (100+)
4204,0.7629369,0.23706311,1,15,2) rare (6-20)
4205,0.21231465,0.78768533,1,0,1) very rare (1-5)
4206,0.63027626,0.36972374,0,2,1) very rare (1-5)
4207,0.87015355,0.12984645,0,223,4) very common (100+)
4208,0.920434,0.079566,1,268,4) very common (100+)
4209,0.54995364,0.45004636,0,223,4) very common (100+)
4210,0.20265211,0.7973479,1,0,1) very rare (1-5)
4211,0.19821607,0.8017839,1,0,1) very rare (1-5)
4212,0.015510345,0.9844897,1,0,1) very rare (1-5)
4213,0.3604552,0.63954484,0,0,1) very rare (1-5)
4214,0.28055397,0.71944606,1,2,1) very rare (1-5)
4215,0.23951255,0.76048744,1,12,2) rare (6-20)
4216,0.34632018,0.65367985,0,46,3) common (21-100)
4217,0.51710105,0.48289895,1,10,2) rare (6-20)
4218,0.9442168,0.055783212,1,70,3) common (21-100)
4219,0.043461118,0.95653886,1,1,1) very rare (1-5)
4220,0.43878397,0.561216,1,0,1) very rare (1-5)
4221,0.8846902,0.115309775,1,0,1) very rare (1-5)
4222,0.44272214,0.55727786,0,2,1) very rare (1-5)
4223,0.45887202,0.541128,0,11,2) rare (6-20)
4224,0.30524322,0.69475675,1,160,4) very common (100+)
4225,0.18110926,0.81889075,0,2,1) very rare (1-5)
4226,0.82648695,0.17351305,0,66,3) common (21-100)
4227,0.2783101,0.72168994,0,16,2) rare (6-20)
4228,0.14791869,0.8520813,1,7,2) rare (6-20)
4229,0.80151916,0.19848084,0,26,3) common (21-100)
4230,0.9419247,0.05807531,0,223,4) very common (100+)
4231,0.07667799,0.923322,1,1,1) very rare (1-5)
4232,0.11276172,0.88723826,1,0,1) very rare (1-5)
4233,0.98792064,0.012079358,0,1000,4) very common (100+)
4234,0.03688223,0.9631178,1,0,1) very rare (1-5)
4235,0.03557743,0.9644226,1,1,1) very rare (1-5)
4236,0.49839714,0.5016029,1,58,3) common (21-100)
4237,0.25461325,0.7453867,1,1,1) very rare (1-5)
4238,0.97782224,0.022177756,0,421,4) very common (100+)
4239,0.022267584,0.9777324,1,26,3) common (21-100)
4240,0.7331482,0.26685178,0,1,1) very rare (1-5)
4241,0.4080597,0.5919403,1,1,1) very rare (1-5)
4242,0.2744086,0.7255914,0,6,2) rare (6-20)
4243,0.6280782,0.37192178,1,9,2) rare (6-20)
4244,0.5777575,0.42224252,0,421,4) very common (100+)
4245,0.92507035,0.074929655,0,1070,4) very common (100+)
4246,0.1511852,0.8488148,1,28,3) common (21-100)
4247,0.9088809,0.09111911,0,37,3) common (21-100)
4248,0.9191622,0.080837786,1,15,2) rare (6-20)
4249,0.06353192,0.93646806,1,1,1) very rare (1-5)
4250,0.32096496,0.67903507,1,69,3) common (21-100)
4251,0.68321604,0.31678396,1,1,1) very rare (1-5)
4252,0.27119282,0.7288072,1,4,1) very rare (1-5)
4253,0.38893688,0.6110631,1,19,2) rare (6-20)
4254,0.591125,0.408875,0,21,3) common (21-100)
4255,0.47762102,0.522379,1,24,3) common (21-100)
4256,0.6108922,0.38910782,1,7,2) rare (6-20)
4257,0.77374536,0.22625464,0,700,4) very common (100+)
4258,0.18979605,0.81020397,1,0,1) very rare (1-5)
4259,0.9872945,0.012705505,0,52,3) common (21-100)
4260,0.2865277,0.7134723,0,178,4) very common (100+)
4261,0.1318159,0.8681841,1,0,1) very rare (1-5)
4262,0.91998005,0.08001995,1,2,1) very rare (1-5)
4263,0.07049894,0.92950106,1,16,2) rare (6-20)
4264,0.16397764,0.8360224,1,0,1) very rare (1-5)
4265,0.8914546,0.10854542,0,343,4) very common (100+)
4266,0.065817155,0.9341828,1,700,4) very common (100+)
4267,0.7582306,0.24176937,1,0,1) very rare (1-5)
4268,0.059006497,0.9409935,1,78,3) common (21-100)
4269,0.83701384,0.16298616,0,372,4) very common (100+)
4270,0.49332204,0.506678,0,1070,4) very common (100+)
4271,0.9281376,0.0718624,0,3,1) very rare (1-5)
4272,0.17686932,0.82313067,1,19,2) rare (6-20)
4273,0.07003007,0.9299699,1,0,1) very rare (1-5)
4274,0.37264732,0.6273527,0,3,1) very rare (1-5)
4275,0.6940345,0.30596548,0,34,3) common (21-100)
4276,0.7469094,0.25309062,0,100,3) common (21-100)
4277,0.19368336,0.8063166,1,2,1) very rare (1-5)
4278,0.25747883,0.74252117,0,1,1) very rare (1-5)
4279,0.12970461,0.8702954,1,0,1) very rare (1-5)
4280,0.5810013,0.41899872,1,166,4) very common (100+)
4281,0.4278807,0.5721193,0,4,1) very rare (1-5)
4282,0.6233589,0.3766411,1,261,4) very common (100+)
4283,0.2840089,0.71599114,1,1,1) very rare (1-5)
4284,0.3372961,0.6627039,1,134,4) very common (100+)
4285,0.121848196,0.8781518,1,82,3) common (21-100)
4286,0.50835085,0.49164915,1,2,1) very rare (1-5)
4287,0.54883176,0.45116824,0,60,3) common (21-100)
4288,0.080621146,0.9193789,1,0,1) very rare (1-5)
4289,0.8588305,0.14116949,0,2,1) very rare (1-5)
4290,0.11786943,0.88213056,1,9,2) rare (6-20)
4291,0.59872013,0.40127987,1,0,1) very rare (1-5)
4292,0.20129244,0.79870754,1,4,1) very rare (1-5)
4293,0.40887663,0.59112334,1,1,1) very rare (1-5)
4294,0.37097996,0.62902004,1,4,1) very rare (1-5)
4295,0.90597695,0.09402305,1,8,2) rare (6-20)
4296,0.90300405,0.09699595,0,38,3) common (21-100)
4297,0.14111203,0.858888,0,22,3) common (21-100)
4298,0.7842035,0.21579647,0,14,2) rare (6-20)
4299,0.624007,0.375993,0,43,3) common (21-100)
4300,0.12671432,0.87328565,1,0,1) very rare (1-5)
4301,0.9001633,0.09983671,1,12,2) rare (6-20)
4302,0.11622925,0.88377076,1,0,1) very rare (1-5)
4303,0.6959408,0.3040592,0,12,2) rare (6-20)
4304,0.46087724,0.53912276,1,5,1) very rare (1-5)
4305,0.2012013,0.7987987,1,49,3) common (21-100)
4306,0.959671,0.04032898,0,1290,4) very common (100+)
4307,0.65178025,0.34821975,0,159,4) very common (100+)
4308,0.16718121,0.8328188,1,1,1) very rare (1-5)
4309,0.24241315,0.75758684,1,274,4) very common (100+)
4310,0.069505505,0.9304945,1,1,1) very rare (1-5)
4311,0.44921494,0.55078506,1,1,1) very rare (1-5)
4312,0.62477076,0.37522924,1,268,4) very common (100+)
4313,0.8302216,0.1697784,0,91,3) common (21-100)
4314,0.8532447,0.14675528,0,10,2) rare (6-20)
4315,0.7389604,0.2610396,1,14,2) rare (6-20)
4316,0.53067714,0.46932286,0,2,1) very rare (1-5)
4317,0.6468531,0.3531469,0,1290,4) very common (100+)
4318,0.11252176,0.88747823,1,1,1) very rare (1-5)
4319,0.8903369,0.10966313,1,0,1) very rare (1-5)
4320,0.76628697,0.23371303,0,118,4) very common (100+)
4321,0.8491217,0.15087831,0,700,4) very common (100+)
4322,0.4823781,0.5176219,0,2,1) very rare (1-5)
4323,0.047000952,0.95299906,1,0,1) very rare (1-5)
4324,0.9210549,0.0789451,0,343,4) very common (100+)
4325,0.628563,0.371437,1,0,1) very rare (1-5)
4326,0.08032306,0.91967696,1,3,1) very rare (1-5)
4327,0.69664186,0.30335814,0,5,1) very rare (1-5)
4328,0.025961304,0.9740387,1,8,2) rare (6-20)
4329,0.49505523,0.5049448,1,21,3) common (21-100)
4330,0.03429742,0.9657026,1,13,2) rare (6-20)
4331,0.20748833,0.7925117,0,372,4) very common (100+)
4332,0.97089136,0.029108644,0,178,4) very common (100+)
4333,0.60114014,0.39885986,0,2,1) very rare (1-5)
4334,0.9145075,0.08549249,0,1000,4) very common (100+)
4335,0.499872,0.50012803,1,7,2) rare (6-20)
4336,0.68538237,0.31461763,0,38,3) common (21-100)
4337,0.11633254,0.88366747,1,17,2) rare (6-20)
4338,0.495303,0.50469697,1,7,2) rare (6-20)
4339,0.6897238,0.3102762,1,76,3) common (21-100)
4340,0.6225331,0.37746692,0,160,4) very common (100+)
4341,0.34499076,0.65500927,1,36,3) common (21-100)
4342,0.3551829,0.6448171,1,421,4) very common (100+)
4343,0.16481875,0.83518124,1,5,1) very rare (1-5)
4344,0.1713894,0.8286106,1,0,1) very rare (1-5)
4345,0.6135276,0.3864724,1,3,1) very rare (1-5)
4346,0.276029,0.723971,1,14,2) rare (6-20)
4347,0.010702713,0.9892973,1,19,2) rare (6-20)
4348,0.5986392,0.4013608,0,1,1) very rare (1-5)
4349,0.094923995,0.905076,1,1,1) very rare (1-5)
4350,0.88707715,0.11292285,1,1,1) very rare (1-5)
4351,0.8977798,0.10222018,0,7,2) rare (6-20)
4352,0.17383121,0.8261688,0,1,1) very rare (1-5)
4353,0.94039065,0.059609354,0,274,4) very common (100+)
4354,0.31892216,0.68107784,1,58,3) common (21-100)
4355,0.8599109,0.1400891,0,237,4) very common (100+)
4356,0.39985693,0.6001431,0,8,2) rare (6-20)
4357,0.15801202,0.84198797,1,0,1) very rare (1-5)
4358,0.65186465,0.34813535,1,275,4) very common (100+)
4359,0.1479042,0.8520958,0,8,2) rare (6-20)
4360,0.7099424,0.2900576,1,0,1) very rare (1-5)
4361,0.3151854,0.6848146,1,0,1) very rare (1-5)
4362,0.32591808,0.6740819,0,24,3) common (21-100)
4363,0.8473654,0.15263462,0,23,3) common (21-100)
4364,0.5972668,0.4027332,1,1290,4) very common (100+)
4365,0.121737845,0.87826216,0,9,2) rare (6-20)
4366,0.98794216,0.012057841,0,71,3) common (21-100)
4367,0.055538267,0.9444617,1,0,1) very rare (1-5)
4368,0.96211606,0.037883937,0,91,3) common (21-100)
4369,0.014477281,0.98552275,0,19,2) rare (6-20)
4370,0.4282404,0.5717596,1,1070,4) very common (100+)
4371,0.8611381,0.1388619,0,13,2) rare (6-20)
4372,0.22864085,0.77135915,1,4,1) very rare (1-5)
4373,0.69306207,0.30693793,0,39,3) common (21-100)
4374,0.2356053,0.7643947,0,118,4) very common (100+)
4375,0.78309554,0.21690446,1,46,3) common (21-100)
4376,0.79537493,0.20462507,1,1070,4) very common (100+)
4377,0.8019656,0.1980344,1,0,1) very rare (1-5)
4378,0.13581441,0.8641856,0,1,1) very rare (1-5)
4379,0.9965485,0.0034515262,0,89,3) common (21-100)
4380,0.40822643,0.59177357,1,44,3) common (21-100)
4381,0.71805656,0.28194344,0,343,4) very common (100+)
4382,0.10969502,0.890305,1,0,1) very rare (1-5)
4383,0.857256,0.142744,0,421,4) very common (100+)
4384,0.7784116,0.22158837,0,275,4) very common (100+)
4385,0.21946877,0.7805312,0,1,1) very rare (1-5)
4386,0.8216682,0.17833179,0,343,4) very common (100+)
4387,0.28707734,0.7129227,1,0,1) very rare (1-5)
4388,0.4565595,0.54344046,1,275,4) very common (100+)
4389,0.18738309,0.81261694,1,3,1) very rare (1-5)
4390,0.7829132,0.21708679,0,700,4) very common (100+)
4391,0.8981913,0.10180873,1,1,1) very rare (1-5)
4392,0.32537308,0.67462695,1,268,4) very common (100+)
4393,0.90195906,0.09804094,0,92,3) common (21-100)
4394,0.48986185,0.51013815,0,106,4) very common (100+)
4395,0.13388433,0.8661157,1,1,1) very rare (1-5)
4396,0.8799122,0.1200878,1,146,4) very common (100+)
4397,0.66343534,0.33656466,0,7,2) rare (6-20)
4398,0.7491282,0.25087178,0,261,4) very common (100+)
4399,0.53056157,0.46943843,1,21,3) common (21-100)
4400,0.70276195,0.29723805,0,46,3) common (21-100)
4401,0.9553177,0.044682324,0,1000,4) very common (100+)
4402,0.70312303,0.29687697,0,30,3) common (21-100)
4403,0.26893955,0.73106045,1,160,4) very common (100+)
4404,0.5063381,0.49366188,1,27,3) common (21-100)
4405,0.5772867,0.42271328,1,0,1) very rare (1-5)
4406,0.78626806,0.21373194,1,107,4) very common (100+)
4407,0.8799793,0.12002069,1,25,3) common (21-100)
4408,0.21742183,0.7825782,1,0,1) very rare (1-5)
4409,0.90194345,0.098056555,0,700,4) very common (100+)
4410,0.4692222,0.5307778,0,30,3) common (21-100)
4411,0.70023245,0.29976755,0,1,1) very rare (1-5)
4412,0.863784,0.13621598,0,12,2) rare (6-20)
4413,0.6720124,0.3279876,0,6,2) rare (6-20)
4414,0.9610503,0.038949728,0,274,4) very common (100+)
4415,0.67131424,0.32868576,1,0,1) very rare (1-5)
4416,0.4602423,0.5397577,0,105,4) very common (100+)
4417,0.47238702,0.527613,0,100,3) common (21-100)
4418,0.32098368,0.67901635,0,4,1) very rare (1-5)
4419,0.045447312,0.9545527,1,3,1) very rare (1-5)
4420,0.7724766,0.22752339,0,5,1) very rare (1-5)
4421,0.9372132,0.06278682,0,89,3) common (21-100)
4422,0.21373047,0.78626955,1,2,1) very rare (1-5)
4423,0.7593456,0.24065441,0,146,4) very common (100+)
4424,0.5545251,0.44547492,0,700,4) very common (100+)
4425,0.17634624,0.82365376,0,1,1) very rare (1-5)
4426,0.35876092,0.64123905,1,0,1) very rare (1-5)
4427,0.3360826,0.6639174,1,1,1) very rare (1-5)
4428,0.4208009,0.5791991,1,1,1) very rare (1-5)
4429,0.7081691,0.2918309,1,372,4) very common (100+)
4430,0.018784596,0.9812154,1,30,3) common (21-100)
4431,0.050919015,0.949081,1,23,3) common (21-100)
4432,0.016614571,0.98338544,1,6,2) rare (6-20)
4433,0.98177886,0.01822114,0,25,3) common (21-100)
4434,0.15161929,0.8483807,1,134,4) very common (100+)
4435,0.66370946,0.33629054,0,108,4) very common (100+)
4436,0.046882086,0.9531179,0,41,3) common (21-100)
4437,0.6163639,0.38363612,1,1070,4) very common (100+)
4438,0.51934266,0.48065734,1,3,1) very rare (1-5)
4439,0.97504073,0.024959266,0,71,3) common (21-100)
4440,0.5041059,0.49589407,0,223,4) very common (100+)
4441,0.23357789,0.7664221,0,160,4) very common (100+)
4442,0.28225982,0.7177402,1,121,4) very common (100+)
4443,0.11452151,0.8854785,1,5,1) very rare (1-5)
4444,0.18114969,0.8188503,1,20,2) rare (6-20)
4445,0.4804353,0.5195647,1,1290,4) very common (100+)
4446,0.94373506,0.056264937,0,223,4) very common (100+)
4447,0.08556275,0.91443723,1,1,1) very rare (1-5)
4448,0.75576437,0.24423563,0,1070,4) very common (100+)
4449,0.07247186,0.92752814,1,0,1) very rare (1-5)
4450,0.23306021,0.76693976,1,2,1) very rare (1-5)
4451,0.99428046,0.0057195425,0,1000,4) very common (100+)
4452,0.771489,0.22851098,0,1070,4) very common (100+)
4453,0.60024184,0.39975816,0,134,4) very common (100+)
4454,0.45947796,0.54052204,1,2,1) very rare (1-5)
4455,0.2537843,0.7462157,0,28,3) common (21-100)
4456,0.48983532,0.5101647,1,0,1) very rare (1-5)
4457,0.9802209,0.019779086,0,118,4) very common (100+)
4458,0.3888322,0.6111678,0,105,4) very common (100+)
4459,0.267325,0.73267496,1,33,3) common (21-100)
4460,0.74126685,0.25873315,1,261,4) very common (100+)
4461,0.6300468,0.36995322,1,6,2) rare (6-20)
4462,0.96478623,0.03521377,0,90,3) common (21-100)
4463,0.03748848,0.96251154,1,45,3) common (21-100)
4464,0.037237037,0.96276295,1,4,1) very rare (1-5)
4465,0.16138625,0.83861375,0,3,1) very rare (1-5)
4466,0.4569275,0.54307246,0,1070,4) very common (100+)
4467,0.8934789,0.10652113,0,0,1) very rare (1-5)
4468,0.4852848,0.5147152,0,60,3) common (21-100)
4469,0.24035366,0.75964636,1,0,1) very rare (1-5)
4470,0.7549806,0.24501938,0,118,4) very common (100+)
4471,0.11613057,0.8838694,0,0,1) very rare (1-5)
4472,0.24354623,0.75645375,1,0,1) very rare (1-5)
4473,0.36952168,0.6304783,1,30,3) common (21-100)
4474,0.45926267,0.54073733,0,1290,4) very common (100+)
4475,0.928838,0.071161985,0,99,3) common (21-100)
4476,0.9951751,0.004824877,0,89,3) common (21-100)
4477,0.10744758,0.89255244,1,1,1) very rare (1-5)
4478,0.53619033,0.46380967,0,2,1) very rare (1-5)
4479,0.41385764,0.58614236,1,0,1) very rare (1-5)
4480,0.82848567,0.17151433,0,89,3) common (21-100)
4481,0.92782336,0.072176635,0,343,4) very common (100+)
4482,0.7118267,0.28817332,1,60,3) common (21-100)
4483,0.43976268,0.5602373,1,12,2) rare (6-20)
4484,0.29327208,0.7067279,1,24,3) common (21-100)
4485,0.549153,0.45084703,0,1070,4) very common (100+)
4486,0.058275435,0.94172454,1,0,1) very rare (1-5)
4487,0.59091616,0.40908384,1,91,3) common (21-100)
4488,0.79579115,0.20420885,0,343,4) very common (100+)
4489,0.13131857,0.86868143,1,16,2) rare (6-20)
4490,0.15017343,0.8498266,1,2,1) very rare (1-5)
4491,0.6629309,0.3370691,0,1070,4) very common (100+)
4492,0.6839931,0.3160069,1,1000,4) very common (100+)
4493,0.40091413,0.59908587,1,268,4) very common (100+)
4494,0.21242186,0.7875781,1,0,1) very rare (1-5)
4495,0.23754925,0.76245075,1,1,1) very rare (1-5)
4496,0.8606594,0.13934058,0,178,4) very common (100+)
4497,0.06236094,0.93763906,1,0,1) very rare (1-5)
4498,0.31266645,0.6873336,0,700,4) very common (100+)
4499,0.1533748,0.8466252,1,1,1) very rare (1-5)
4500,0.10645437,0.8935456,1,2,1) very rare (1-5)
4501,0.35639176,0.6436082,1,5,1) very rare (1-5)
4502,0.7433422,0.25665778,0,36,3) common (21-100)
4503,0.5484468,0.45155323,1,1,1) very rare (1-5)
4504,0.23899256,0.7610074,1,0,1) very rare (1-5)
4505,0.8905473,0.109452724,1,268,4) very common (100+)
4506,0.3350069,0.6649931,0,107,4) very common (100+)
4507,0.35182166,0.64817834,1,0,1) very rare (1-5)
4508,0.47986472,0.5201353,0,159,4) very common (100+)
4509,0.30180237,0.6981976,0,1,1) very rare (1-5)
4510,0.29000232,0.70999765,1,2,1) very rare (1-5)
4511,0.39761516,0.6023848,0,33,3) common (21-100)
4512,0.19563302,0.80436695,0,3,1) very rare (1-5)
4513,0.5785031,0.42149693,0,78,3) common (21-100)
4514,0.061939638,0.93806034,1,1,1) very rare (1-5)
4515,0.29680455,0.70319545,0,24,3) common (21-100)
4516,0.053874217,0.9461258,1,20,2) rare (6-20)
4517,0.11564879,0.8843512,1,69,3) common (21-100)
4518,0.56349164,0.43650836,1,118,4) very common (100+)
4519,0.820877,0.17912298,0,421,4) very common (100+)
4520,0.47207466,0.5279254,1,76,3) common (21-100)
4521,0.25803545,0.7419646,1,36,3) common (21-100)
4522,0.8028185,0.19718152,0,142,4) very common (100+)
4523,0.87047535,0.12952465,1,5,1) very rare (1-5)
4524,0.71662563,0.28337437,0,1070,4) very common (100+)
4525,0.49414182,0.5058582,1,3,1) very rare (1-5)
4526,0.13198565,0.86801434,1,58,3) common (21-100)
4527,0.14948761,0.8505124,1,2,1) very rare (1-5)
4528,0.16543496,0.83456504,0,38,3) common (21-100)
4529,0.8896784,0.11032158,0,421,4) very common (100+)
4530,0.07683144,0.92316854,1,17,2) rare (6-20)
4531,0.016375737,0.9836243,1,8,2) rare (6-20)
4532,0.6248674,0.37513262,1,3,1) very rare (1-5)
4533,0.68622464,0.31377536,1,1,1) very rare (1-5)
4534,0.32401553,0.6759845,0,1290,4) very common (100+)
4535,0.044631615,0.9553684,0,23,3) common (21-100)
4536,0.91237235,0.08762765,0,372,4) very common (100+)
4537,0.20413038,0.7958696,1,29,3) common (21-100)
4538,0.14521481,0.8547852,1,2,1) very rare (1-5)
4539,0.6151631,0.3848369,1,5,1) very rare (1-5)
4540,0.803277,0.19672298,1,160,4) very common (100+)
4541,0.66076446,0.33923554,0,0,1) very rare (1-5)
4542,0.75012225,0.24987775,1,6,2) rare (6-20)
4543,0.12762995,0.87237006,0,16,2) rare (6-20)
4544,0.1332728,0.86672723,1,3,1) very rare (1-5)
4545,0.870155,0.12984502,1,89,3) common (21-100)
4546,0.92132723,0.07867277,0,1000,4) very common (100+)
4547,0.43424845,0.56575155,0,58,3) common (21-100)
4548,0.100485176,0.8995148,0,28,3) common (21-100)
4549,0.94405144,0.055948555,1,5,1) very rare (1-5)
4550,0.07260387,0.9273961,0,421,4) very common (100+)
4551,0.28399286,0.7160071,0,26,3) common (21-100)
4552,0.7693181,0.2306819,1,1,1) very rare (1-5)
4553,0.91478455,0.08521545,1,160,4) very common (100+)
4554,0.85058236,0.14941764,1,118,4) very common (100+)
4555,0.46731025,0.53268975,0,1290,4) very common (100+)
4556,0.9583468,0.041653216,0,1000,4) very common (100+)
4557,0.017149236,0.9828508,1,10,2) rare (6-20)
4558,0.84815294,0.15184706,0,99,3) common (21-100)
4559,0.9246181,0.075381875,0,1290,4) very common (100+)
4560,0.8202778,0.17972219,0,1070,4) very common (100+)
4561,0.6390554,0.36094463,0,1070,4) very common (100+)
4562,0.7981063,0.20189369,0,134,4) very common (100+)
4563,0.93473834,0.06526166,0,142,4) very common (100+)
4564,0.9343308,0.06566918,1,70,3) common (21-100)
4565,0.63313496,0.36686504,0,85,3) common (21-100)
4566,0.5875168,0.41248322,0,1070,4) very common (100+)
4567,0.09651361,0.9034864,1,1,1) very rare (1-5)
4568,0.9810292,0.018970788,0,1000,4) very common (100+)
4569,0.031316478,0.96868354,1,6,2) rare (6-20)
4570,0.07483207,0.9251679,1,0,1) very rare (1-5)
4571,0.5111264,0.4888736,0,1290,4) very common (100+)
4572,0.49728757,0.5027124,0,5,1) very rare (1-5)
4573,0.68000436,0.31999564,0,1290,4) very common (100+)
4574,0.29709053,0.70290947,1,275,4) very common (100+)
4575,0.15547493,0.8445251,1,14,2) rare (6-20)
4576,0.5681028,0.43189722,1,146,4) very common (100+)
4577,0.16497284,0.83502716,0,1,1) very rare (1-5)
4578,0.5161363,0.4838637,1,8,2) rare (6-20)
4579,0.7657088,0.2342912,0,3,1) very rare (1-5)
4580,0.7869488,0.2130512,1,1070,4) very common (100+)
4581,0.24957612,0.7504239,0,223,4) very common (100+)
4582,0.32386276,0.6761372,0,1,1) very rare (1-5)
4583,0.7186915,0.28130847,0,108,4) very common (100+)
4584,0.1495433,0.8504567,1,3,1) very rare (1-5)
4585,0.26303342,0.7369666,0,159,4) very common (100+)
4586,0.13322257,0.8667774,1,275,4) very common (100+)
4587,0.025912434,0.9740876,1,5,1) very rare (1-5)
4588,0.05511248,0.9448875,1,1,1) very rare (1-5)
4589,0.36346188,0.63653815,0,66,3) common (21-100)
4590,0.55524945,0.44475055,1,1070,4) very common (100+)
4591,0.58410156,0.41589844,1,107,4) very common (100+)
4592,0.521423,0.47857702,0,2,1) very rare (1-5)
4593,0.9611902,0.038809776,1,1070,4) very common (100+)
4594,0.15206127,0.8479387,0,91,3) common (21-100)
4595,0.81819826,0.18180174,0,66,3) common (21-100)
4596,0.7945374,0.20546257,1,3,1) very rare (1-5)
4597,0.29489526,0.7051047,0,0,1) very rare (1-5)
4598,0.96622866,0.033771336,1,111,4) very common (100+)
4599,0.9601786,0.039821386,0,700,4) very common (100+)
4600,0.42753646,0.5724635,0,46,3) common (21-100)
4601,0.9935383,0.00646168,0,211,4) very common (100+)
4602,0.04462992,0.95537007,0,1,1) very rare (1-5)
4603,0.112678185,0.8873218,1,0,1) very rare (1-5)
4604,0.24742012,0.75257987,1,26,3) common (21-100)
4605,0.16730069,0.8326993,1,13,2) rare (6-20)
4606,0.13373634,0.8662636,1,274,4) very common (100+)
4607,0.27178746,0.72821254,1,24,3) common (21-100)
4608,0.49983883,0.5001612,1,1070,4) very common (100+)
4609,0.3564221,0.64357793,1,44,3) common (21-100)
4610,0.62674296,0.37325704,1,166,4) very common (100+)
4611,0.69319487,0.30680513,1,47,3) common (21-100)
4612,0.35392737,0.6460726,1,0,1) very rare (1-5)
4613,0.2233498,0.7766502,1,3,1) very rare (1-5)
4614,0.72678375,0.27321625,0,10,2) rare (6-20)
4615,0.658485,0.341515,1,1,1) very rare (1-5)
4616,0.7458244,0.2541756,1,0,1) very rare (1-5)
4617,0.5295846,0.4704154,0,28,3) common (21-100)
4618,0.22524714,0.77475286,1,1,1) very rare (1-5)
4619,0.60952985,0.39047015,1,166,4) very common (100+)
4620,0.029945625,0.9700544,0,3,1) very rare (1-5)
4621,0.689265,0.310735,0,100,3) common (21-100)
4622,0.54357606,0.45642394,0,7,2) rare (6-20)
4623,0.631113,0.368887,0,12,2) rare (6-20)
4624,0.21374136,0.78625864,0,15,2) rare (6-20)
4625,0.71787834,0.28212166,0,1070,4) very common (100+)
4626,0.10901745,0.89098257,1,1,1) very rare (1-5)
4627,0.5269474,0.47305262,1,26,3) common (21-100)
4628,0.7989652,0.20103478,1,12,2) rare (6-20)
4629,0.33448282,0.6655172,1,2,1) very rare (1-5)
4630,0.4998427,0.5001573,0,4,1) very rare (1-5)
4631,0.6127034,0.38729662,1,51,3) common (21-100)
4632,0.7225038,0.27749622,0,160,4) very common (100+)
4633,0.5796134,0.4203866,0,6,2) rare (6-20)
4634,0.78673935,0.21326065,0,6,2) rare (6-20)
4635,0.5951357,0.4048643,0,1000,4) very common (100+)
4636,0.98180157,0.01819843,0,105,4) very common (100+)
4637,0.5192398,0.48076022,1,1000,4) very common (100+)
4638,0.6011812,0.3988188,0,123,4) very common (100+)
4639,0.044624545,0.95537543,1,0,1) very rare (1-5)
4640,0.12958817,0.8704118,1,15,2) rare (6-20)
4641,0.30392402,0.696076,1,0,1) very rare (1-5)
4642,0.9844737,0.015526295,0,1000,4) very common (100+)
4643,0.20755182,0.79244816,0,99,3) common (21-100)
4644,0.12737899,0.872621,1,0,1) very rare (1-5)
4645,0.58037925,0.41962075,1,0,1) very rare (1-5)
4646,0.9821507,0.017849326,0,15,2) rare (6-20)
4647,0.34727225,0.6527277,1,89,3) common (21-100)
4648,0.24574828,0.7542517,1,28,3) common (21-100)
4649,0.70766443,0.29233557,0,261,4) very common (100+)
4650,0.062233362,0.9377666,1,0,1) very rare (1-5)
4651,0.71328014,0.28671986,0,4,1) very rare (1-5)
4652,0.6756963,0.3243037,1,89,3) common (21-100)
4653,0.3125076,0.6874924,1,40,3) common (21-100)
4654,0.016406879,0.9835931,1,5,1) very rare (1-5)
4655,0.32936242,0.6706376,1,1,1) very rare (1-5)
4656,0.9894103,0.010589719,0,700,4) very common (100+)
4657,0.7333656,0.2666344,0,100,3) common (21-100)
4658,0.0822676,0.9177324,1,0,1) very rare (1-5)
4659,0.115839615,0.8841604,1,2,1) very rare (1-5)
4660,0.11177457,0.88822544,1,261,4) very common (100+)
4661,0.31329468,0.68670535,1,1,1) very rare (1-5)
4662,0.13294786,0.86705214,1,0,1) very rare (1-5)
4663,0.34022275,0.6597773,0,0,1) very rare (1-5)
4664,0.05246771,0.9475323,1,0,1) very rare (1-5)
4665,0.17356323,0.82643676,1,4,1) very rare (1-5)
4666,0.039610445,0.96038955,0,372,4) very common (100+)
4667,0.74468035,0.25531965,1,118,4) very common (100+)
4668,0.65439105,0.34560895,0,2,1) very rare (1-5)
4669,0.4242414,0.5757586,1,1,1) very rare (1-5)
4670,0.9302277,0.0697723,1,27,3) common (21-100)
4671,0.5128623,0.48713768,1,99,3) common (21-100)
4672,0.95928776,0.040712237,0,102,4) very common (100+)
4673,0.13486537,0.8651346,0,60,3) common (21-100)
4674,0.88558406,0.11441594,0,134,4) very common (100+)
4675,0.54195607,0.45804393,0,105,4) very common (100+)
4676,0.48818585,0.5118141,1,18,2) rare (6-20)
4677,0.9649484,0.035051584,0,25,3) common (21-100)
4678,0.062784575,0.93721545,1,2,1) very rare (1-5)
4679,0.88214314,0.11785686,0,105,4) very common (100+)
4680,0.17687376,0.82312626,1,2,1) very rare (1-5)
4681,0.42513558,0.5748644,0,142,4) very common (100+)
4682,0.30914786,0.69085217,0,5,1) very rare (1-5)
4683,0.18101956,0.81898046,1,5,1) very rare (1-5)
4684,0.2418349,0.7581651,1,9,2) rare (6-20)
4685,0.5822055,0.41779453,1,1290,4) very common (100+)
4686,0.108006395,0.8919936,0,178,4) very common (100+)
4687,0.1846567,0.8153433,1,142,4) very common (100+)
4688,0.24851969,0.75148034,1,0,1) very rare (1-5)
4689,0.81254226,0.18745774,0,178,4) very common (100+)
4690,0.41410604,0.585894,0,28,3) common (21-100)
4691,0.6281743,0.3718257,0,15,2) rare (6-20)
4692,0.7549517,0.24504828,1,1290,4) very common (100+)
4693,0.1253028,0.8746972,1,66,3) common (21-100)
4694,0.15761238,0.8423876,1,2,1) very rare (1-5)
4695,0.7887822,0.21121782,0,1290,4) very common (100+)
4696,0.6641179,0.33588213,1,0,1) very rare (1-5)
4697,0.55913305,0.44086695,1,1,1) very rare (1-5)
4698,0.1253349,0.8746651,0,79,3) common (21-100)
4699,0.108155,0.891845,1,41,3) common (21-100)
4700,0.5123719,0.4876281,0,166,4) very common (100+)
4701,0.43044165,0.5695584,1,1,1) very rare (1-5)
4702,0.8331123,0.1668877,1,118,4) very common (100+)
4703,0.98537177,0.0146282315,0,1000,4) very common (100+)
4704,0.40141615,0.5985838,0,18,2) rare (6-20)
4705,0.55362755,0.44637245,1,15,2) rare (6-20)
4706,0.5598573,0.4401427,1,0,1) very rare (1-5)
4707,0.74558836,0.25441164,1,0,1) very rare (1-5)
4708,0.048006788,0.9519932,1,70,3) common (21-100)
4709,0.11063156,0.8893684,1,1,1) very rare (1-5)
4710,0.8194379,0.18056208,0,17,2) rare (6-20)
4711,0.56392473,0.43607527,0,23,3) common (21-100)
4712,0.7806741,0.2193259,0,275,4) very common (100+)
4713,0.12801957,0.8719804,1,4,1) very rare (1-5)
4714,0.36966348,0.6303365,1,3,1) very rare (1-5)
4715,0.95625216,0.043747842,0,118,4) very common (100+)
4716,0.2823158,0.7176842,1,0,1) very rare (1-5)
4717,0.68716604,0.31283396,0,21,3) common (21-100)
4718,0.45521653,0.5447835,1,24,3) common (21-100)
4719,0.97643346,0.023566544,0,237,4) very common (100+)
4720,0.030558003,0.969442,1,0,1) very rare (1-5)
4721,0.98938715,0.010612845,0,1000,4) very common (100+)
4722,0.20732993,0.7926701,1,7,2) rare (6-20)
4723,0.14973535,0.85026467,0,1,1) very rare (1-5)
4724,0.32498085,0.67501915,0,5,1) very rare (1-5)
4725,0.70818776,0.29181224,1,11,2) rare (6-20)
4726,0.20499972,0.7950003,0,66,3) common (21-100)
4727,0.32440418,0.6755958,1,65,3) common (21-100)
4728,0.8629376,0.13706237,0,2,1) very rare (1-5)
4729,0.8709387,0.12906128,0,66,3) common (21-100)
4730,0.4940988,0.5059012,1,70,3) common (21-100)
4731,0.4762144,0.5237856,1,10,2) rare (6-20)
4732,0.9521728,0.047827184,0,89,3) common (21-100)
4733,0.882721,0.11727899,1,7,2) rare (6-20)
4734,0.9555096,0.044490397,0,182,4) very common (100+)
4735,0.3166096,0.6833904,1,5,1) very rare (1-5)
4736,0.768007,0.23199302,1,0,1) very rare (1-5)
4737,0.10758372,0.8924163,1,124,4) very common (100+)
4738,0.43299904,0.567001,1,1,1) very rare (1-5)
4739,0.38298237,0.6170176,1,0,1) very rare (1-5)
4740,0.073912695,0.9260873,0,22,3) common (21-100)
4741,0.094196,0.905804,1,4,1) very rare (1-5)
4742,0.35840797,0.641592,0,34,3) common (21-100)
4743,0.6832639,0.3167361,1,17,2) rare (6-20)
4744,0.16723697,0.832763,0,0,1) very rare (1-5)
4745,0.028633855,0.97136617,1,0,1) very rare (1-5)
4746,0.79343814,0.20656186,1,146,4) very common (100+)
4747,0.14506634,0.8549337,1,0,1) very rare (1-5)
4748,0.7918317,0.20816833,0,18,2) rare (6-20)
4749,0.33588463,0.66411537,0,15,2) rare (6-20)
4750,0.478241,0.52175903,0,1070,4) very common (100+)
4751,0.36143038,0.6385696,0,1,1) very rare (1-5)
4752,0.81814337,0.18185663,0,1070,4) very common (100+)
4753,0.18401133,0.81598866,0,56,3) common (21-100)
4754,0.6191452,0.3808548,0,5,1) very rare (1-5)
4755,0.4422571,0.5577429,0,275,4) very common (100+)
4756,0.6065199,0.39348012,0,105,4) very common (100+)
4757,0.19610752,0.8038925,1,0,1) very rare (1-5)
4758,0.44941273,0.5505873,1,0,1) very rare (1-5)
4759,0.32787776,0.67212224,0,0,1) very rare (1-5)
4760,0.2067997,0.7932003,1,123,4) very common (100+)
4761,0.3018065,0.6981935,1,62,3) common (21-100)
4762,0.044008564,0.95599145,1,0,1) very rare (1-5)
4763,0.25663137,0.7433686,1,3,1) very rare (1-5)
4764,0.6238851,0.3761149,0,372,4) very common (100+)
4765,0.4619227,0.5380773,1,58,3) common (21-100)
4766,0.06705251,0.9329475,0,105,4) very common (100+)
4767,0.16256279,0.8374372,1,70,3) common (21-100)
4768,0.3370888,0.6629112,1,0,1) very rare (1-5)
4769,0.15748763,0.84251237,0,13,2) rare (6-20)
4770,0.07879118,0.9212088,1,0,1) very rare (1-5)
4771,0.1761772,0.8238228,1,27,3) common (21-100)
4772,0.5320833,0.46791673,1,4,1) very rare (1-5)
4773,0.58909774,0.41090226,1,107,4) very common (100+)
4774,0.9701848,0.029815197,0,99,3) common (21-100)
4775,0.81520057,0.18479943,0,274,4) very common (100+)
4776,0.71548444,0.28451556,0,10,2) rare (6-20)
4777,0.4278684,0.57213163,0,5,1) very rare (1-5)
4778,0.87456,0.12544,0,111,4) very common (100+)
4779,0.20518906,0.79481095,0,1,1) very rare (1-5)
4780,0.21973602,0.78026396,1,1,1) very rare (1-5)
4781,0.84094906,0.15905094,0,421,4) very common (100+)
4782,0.49716476,0.5028353,1,52,3) common (21-100)
4783,0.16404264,0.83595735,1,0,1) very rare (1-5)
4784,0.9401751,0.059824884,0,39,3) common (21-100)
4785,0.04671513,0.95328486,1,2,1) very rare (1-5)
4786,0.6180695,0.38193047,1,268,4) very common (100+)
4787,0.97598344,0.02401656,0,1000,4) very common (100+)
4788,0.59600836,0.40399164,1,35,3) common (21-100)
4789,0.79720616,0.20279384,0,91,3) common (21-100)
4790,0.35342774,0.64657223,0,0,1) very rare (1-5)
4791,0.34795162,0.65204835,1,30,3) common (21-100)
4792,0.09054673,0.9094533,0,3,1) very rare (1-5)
4793,0.822439,0.17756099,0,166,4) very common (100+)
4794,0.691701,0.308299,0,82,3) common (21-100)
4795,0.9109543,0.0890457,1,66,3) common (21-100)
4796,0.575112,0.424888,0,237,4) very common (100+)
4797,0.4247104,0.5752896,0,13,2) rare (6-20)
4798,0.41843578,0.5815642,1,12,2) rare (6-20)
4799,0.7510016,0.2489984,0,3,1) very rare (1-5)
4800,0.14694595,0.85305405,0,1290,4) very common (100+)
4801,0.035595793,0.9644042,1,3,1) very rare (1-5)
4802,0.64947104,0.35052896,1,160,4) very common (100+)
4803,0.71099865,0.28900135,0,7,2) rare (6-20)
4804,0.19666608,0.80333394,1,0,1) very rare (1-5)
4805,0.86500794,0.13499206,0,24,3) common (21-100)
4806,0.17329109,0.8267089,1,35,3) common (21-100)
4807,0.105672896,0.8943271,0,3,1) very rare (1-5)
4808,0.41540727,0.5845927,0,15,2) rare (6-20)
4809,0.99435884,0.0056411624,0,211,4) very common (100+)
4810,0.4021103,0.59788966,1,0,1) very rare (1-5)
4811,0.117254585,0.8827454,0,71,3) common (21-100)
4812,0.70344037,0.29655963,1,0,1) very rare (1-5)
4813,0.26442766,0.73557234,0,178,4) very common (100+)
4814,0.3064731,0.69352686,1,2,1) very rare (1-5)
4815,0.11595164,0.88404834,0,3,1) very rare (1-5)
4816,0.1786584,0.82134163,1,118,4) very common (100+)
4817,0.10018288,0.8998171,1,0,1) very rare (1-5)
4818,0.73728025,0.26271975,0,19,2) rare (6-20)
4819,0.10140301,0.898597,1,0,1) very rare (1-5)
4820,0.4938703,0.50612974,1,30,3) common (21-100)
4821,0.118449345,0.88155067,1,0,1) very rare (1-5)
4822,0.46477672,0.53522325,1,66,3) common (21-100)
4823,0.41000974,0.58999026,0,4,1) very rare (1-5)
4824,0.71405804,0.28594196,1,275,4) very common (100+)
4825,0.39136967,0.6086303,1,38,3) common (21-100)
4826,0.9114442,0.08855581,1,16,2) rare (6-20)
4827,0.63228565,0.36771435,1,2,1) very rare (1-5)
4828,0.21333006,0.78666997,1,421,4) very common (100+)
4829,0.12891458,0.8710854,1,3,1) very rare (1-5)
4830,0.7924953,0.20750469,0,8,2) rare (6-20)
4831,0.40577164,0.5942284,0,4,1) very rare (1-5)
4832,0.34890658,0.6510934,1,118,4) very common (100+)
4833,0.051119935,0.9488801,0,2,1) very rare (1-5)
4834,0.9712337,0.028766274,1,0,1) very rare (1-5)
4835,0.97660375,0.023396254,0,274,4) very common (100+)
4836,0.5804005,0.41959947,0,39,3) common (21-100)
4837,0.094927765,0.9050722,1,0,1) very rare (1-5)
4838,0.92189974,0.078100264,1,0,1) very rare (1-5)
4839,0.08717171,0.91282827,0,0,1) very rare (1-5)
4840,0.31404307,0.68595695,0,18,2) rare (6-20)
4841,0.030885259,0.9691147,1,0,1) very rare (1-5)
4842,0.84545434,0.15454566,0,142,4) very common (100+)
4843,0.97910494,0.020895064,0,1000,4) very common (100+)
4844,0.57838684,0.42161316,0,78,3) common (21-100)
4845,0.18214047,0.81785953,1,8,2) rare (6-20)
4846,0.22651301,0.773487,0,0,1) very rare (1-5)
4847,0.46242553,0.53757447,0,10,2) rare (6-20)
4848,0.5838746,0.41612542,0,16,2) rare (6-20)
4849,0.113025,0.886975,1,8,2) rare (6-20)
4850,0.8784344,0.12156558,1,0,1) very rare (1-5)
4851,0.20019682,0.7998032,1,9,2) rare (6-20)
4852,0.91061026,0.08938974,0,1290,4) very common (100+)
4853,0.6419163,0.35808372,0,81,3) common (21-100)
4854,0.16971527,0.8302847,1,2,1) very rare (1-5)
4855,0.71434903,0.28565097,0,1000,4) very common (100+)
4856,0.13870966,0.86129034,0,41,3) common (21-100)
4857,0.66436666,0.33563334,1,1070,4) very common (100+)
4858,0.48450768,0.5154923,0,44,3) common (21-100)
4859,0.99715084,0.0028491616,0,211,4) very common (100+)
4860,0.4977206,0.5022794,1,36,3) common (21-100)
4861,0.77733153,0.22266847,1,268,4) very common (100+)
4862,0.06595916,0.93404084,1,0,1) very rare (1-5)
4863,0.5358537,0.46414632,1,0,1) very rare (1-5)
4864,0.20119667,0.7988033,1,0,1) very rare (1-5)
4865,0.31197253,0.6880275,1,0,1) very rare (1-5)
4866,0.10454128,0.8954587,1,19,2) rare (6-20)
4867,0.55685616,0.44314384,0,2,1) very rare (1-5)
4868,0.50596577,0.49403423,1,1,1) very rare (1-5)
4869,0.3249367,0.6750633,1,16,2) rare (6-20)
4870,0.6769989,0.3230011,0,41,3) common (21-100)
4871,0.7565777,0.24342233,0,268,4) very common (100+)
4872,0.7744629,0.22553712,0,134,4) very common (100+)
4873,0.33554593,0.6644541,1,0,1) very rare (1-5)
4874,0.44647962,0.5535204,0,29,3) common (21-100)
4875,0.65322137,0.34677863,1,15,2) rare (6-20)
4876,0.8807411,0.11925888,0,134,4) very common (100+)
4877,0.21454918,0.7854508,1,56,3) common (21-100)
4878,0.59509426,0.40490574,1,1070,4) very common (100+)
4879,0.4751806,0.5248194,1,0,1) very rare (1-5)
4880,0.35084337,0.64915663,1,19,2) rare (6-20)
4881,0.07348788,0.9265121,0,7,2) rare (6-20)
4882,0.36131388,0.6386861,1,28,3) common (21-100)
4883,0.2226216,0.7773784,0,343,4) very common (100+)
4884,0.625397,0.37460297,1,0,1) very rare (1-5)
4885,0.8509778,0.14902222,0,37,3) common (21-100)
4886,0.53322446,0.46677554,0,106,4) very common (100+)
4887,0.07417519,0.9258248,1,142,4) very common (100+)
4888,0.9907369,0.009263098,0,89,3) common (21-100)
4889,0.29817486,0.70182514,0,7,2) rare (6-20)
4890,0.24213967,0.7578603,1,0,1) very rare (1-5)
4891,0.3421615,0.65783846,1,3,1) very rare (1-5)
4892,0.79040444,0.20959556,0,1000,4) very common (100+)
4893,0.059555292,0.9404447,1,0,1) very rare (1-5)
4894,0.044737358,0.95526266,1,1,1) very rare (1-5)
4895,0.8020123,0.19798768,0,343,4) very common (100+)
4896,0.8948361,0.10516387,0,2,1) very rare (1-5)
4897,0.9505229,0.0494771,1,146,4) very common (100+)
4898,0.68167365,0.31832635,0,4,1) very rare (1-5)
4899,0.5621157,0.43788427,0,92,3) common (21-100)
4900,0.90374273,0.09625727,0,22,3) common (21-100)
4901,0.7411316,0.2588684,1,146,4) very common (100+)
4902,0.0304139,0.9695861,1,4,1) very rare (1-5)
4903,0.97867674,0.021323264,0,211,4) very common (100+)
4904,0.9691104,0.03088957,0,223,4) very common (100+)
4905,0.9166327,0.08336729,0,10,2) rare (6-20)
4906,0.8269478,0.17305219,0,107,4) very common (100+)
4907,0.1252033,0.8747967,0,0,1) very rare (1-5)
4908,0.65930444,0.34069556,0,78,3) common (21-100)
4909,0.82792395,0.17207605,1,28,3) common (21-100)
4910,0.30992603,0.69007397,0,105,4) very common (100+)
4911,0.66699976,0.33300024,1,2,1) very rare (1-5)
4912,0.5026366,0.4973634,1,1070,4) very common (100+)
4913,0.025095463,0.97490454,1,16,2) rare (6-20)
4914,0.3247452,0.6752548,1,0,1) very rare (1-5)
4915,0.9634915,0.0365085,1,261,4) very common (100+)
4916,0.54068506,0.45931494,0,1070,4) very common (100+)
4917,0.8064632,0.19353682,0,105,4) very common (100+)
4918,0.81022674,0.18977326,0,58,3) common (21-100)
4919,0.8996413,0.100358725,0,1000,4) very common (100+)
4920,0.13851368,0.8614863,0,0,1) very rare (1-5)
4921,0.7576135,0.24238652,0,8,2) rare (6-20)
4922,0.9450743,0.05492568,0,39,3) common (21-100)
4923,0.5784568,0.42154318,0,3,1) very rare (1-5)
4924,0.1858451,0.81415486,1,118,4) very common (100+)
4925,0.40229857,0.59770143,1,89,3) common (21-100)
4926,0.56347185,0.43652815,1,11,2) rare (6-20)
4927,0.27509707,0.7249029,1,1290,4) very common (100+)
4928,0.7750751,0.22492492,1,0,1) very rare (1-5)
4929,0.3652872,0.6347128,0,343,4) very common (100+)
4930,0.29343596,0.70656407,1,1,1) very rare (1-5)
4931,0.516059,0.48394102,1,5,1) very rare (1-5)
4932,0.15598083,0.8440192,1,0,1) very rare (1-5)
4933,0.18565303,0.81434697,1,0,1) very rare (1-5)
4934,0.8315877,0.16841233,1,8,2) rare (6-20)
4935,0.9935009,0.0064991117,0,211,4) very common (100+)
4936,0.647566,0.35243398,0,14,2) rare (6-20)
4937,0.60447633,0.39552367,1,14,2) rare (6-20)
4938,0.8097724,0.19022763,0,18,2) rare (6-20)
4939,0.6870069,0.3129931,0,23,3) common (21-100)
4940,0.8326362,0.16736382,1,7,2) rare (6-20)
4941,0.9292206,0.07077938,1,700,4) very common (100+)
4942,0.99289215,0.007107854,0,53,3) common (21-100)
4943,0.07093581,0.9290642,1,2,1) very rare (1-5)
4944,0.4565185,0.54348147,1,160,4) very common (100+)
4945,0.079498835,0.9205012,0,0,1) very rare (1-5)
4946,0.6414711,0.3585289,0,5,1) very rare (1-5)
4947,0.16489539,0.8351046,1,1,1) very rare (1-5)
4948,0.92202365,0.077976346,1,261,4) very common (100+)
4949,0.22524828,0.7747517,1,0,1) very rare (1-5)
4950,0.86833173,0.13166827,0,142,4) very common (100+)
4951,0.23223574,0.7677643,1,1,1) very rare (1-5)
4952,0.07063832,0.9293617,1,0,1) very rare (1-5)
4953,0.8629971,0.13700289,0,4,1) very rare (1-5)
4954,0.031455882,0.9685441,1,0,1) very rare (1-5)
4955,0.06293894,0.9370611,1,0,1) very rare (1-5)
4956,0.7305853,0.26941472,1,5,1) very rare (1-5)
4957,0.5104272,0.48957282,0,7,2) rare (6-20)
4958,0.37606397,0.62393606,1,31,3) common (21-100)
4959,0.3410728,0.6589272,1,4,1) very rare (1-5)
4960,0.8235526,0.17644739,1,36,3) common (21-100)
4961,0.8108168,0.18918318,1,343,4) very common (100+)
4962,0.35447603,0.64552397,0,23,3) common (21-100)
4963,0.9497972,0.050202787,1,178,4) very common (100+)
4964,0.29277396,0.70722604,0,0,1) very rare (1-5)
4965,0.3785301,0.62146986,1,268,4) very common (100+)
4966,0.5734749,0.42652512,1,58,3) common (21-100)
4967,0.14916839,0.8508316,0,4,1) very rare (1-5)
4968,0.20916551,0.7908345,1,8,2) rare (6-20)
4969,0.32813233,0.67186767,1,5,1) very rare (1-5)
4970,0.2687644,0.7312356,1,0,1) very rare (1-5)
4971,0.21708983,0.78291017,0,17,2) rare (6-20)
4972,0.35704345,0.64295655,1,1070,4) very common (100+)
4973,0.9807628,0.01923722,0,1000,4) very common (100+)
4974,0.35571146,0.64428854,0,159,4) very common (100+)
4975,0.8645666,0.13543338,0,274,4) very common (100+)
4976,0.23239407,0.7676059,1,9,2) rare (6-20)
4977,0.1980141,0.8019859,1,0,1) very rare (1-5)
4978,0.90386766,0.09613234,0,63,3) common (21-100)
4979,0.49923792,0.5007621,1,1290,4) very common (100+)
4980,0.16940361,0.8305964,1,2,1) very rare (1-5)
4981,0.8684932,0.1315068,0,237,4) very common (100+)
4982,0.21383353,0.7861665,0,2,1) very rare (1-5)
4983,0.7872413,0.21275872,1,0,1) very rare (1-5)
4984,0.6838397,0.31616032,1,3,1) very rare (1-5)
4985,0.2555138,0.7444862,0,3,1) very rare (1-5)
4986,0.5974779,0.4025221,0,31,3) common (21-100)
4987,0.044402987,0.95559704,1,0,1) very rare (1-5)
4988,0.14457287,0.85542715,0,16,2) rare (6-20)
4989,0.30806738,0.6919326,1,8,2) rare (6-20)
4990,0.7400986,0.2599014,0,4,1) very rare (1-5)
4991,0.70242953,0.29757047,0,18,2) rare (6-20)
4992,0.046097778,0.95390224,0,3,1) very rare (1-5)
4993,0.94267917,0.057320833,1,1290,4) very common (100+)
4994,0.28634283,0.71365714,1,0,1) very rare (1-5)
4995,0.09865145,0.90134853,0,85,3) common (21-100)
4996,0.08066592,0.91933405,1,0,1) very rare (1-5)
4997,0.74787235,0.25212765,0,43,3) common (21-100)
4998,0.97034216,0.02965784,0,1000,4) very common (100+)
4999,0.8952973,0.10470271,1,0,1) very rare (1-5)
5000,0.7141879,0.28581208,0,223,4) very common (100+)
5001,0.57315594,0.42684406,1,6,2) rare (6-20)
5002,0.29816318,0.7018368,1,1,1) very rare (1-5)
5003,0.71149814,0.28850186,0,89,3) common (21-100)
5004,0.8149724,0.1850276,0,66,3) common (21-100)
5005,0.16966602,0.83033395,1,118,4) very common (100+)
5006,0.79667,0.20332998,0,274,4) very common (100+)
