mol_idx,top_score,uq,error,frequency,tier
0,0.9705875,0.029412508,0,74,3) common (21-100)
1,0.23676717,0.7632328,0,0,1) very rare (1-5)
2,0.96139294,0.03860706,0,74,3) common (21-100)
3,0.31595486,0.68404514,1,0,1) very rare (1-5)
4,0.040691018,0.959309,1,0,1) very rare (1-5)
5,0.7667623,0.23323768,0,7,2) rare (6-20)
6,0.35467148,0.6453285,0,2,1) very rare (1-5)
7,0.846533,0.153467,0,23,3) common (21-100)
8,0.6196011,0.38039893,1,4,1) very rare (1-5)
9,0.047953952,0.95204604,1,0,1) very rare (1-5)
10,0.26406136,0.73593867,1,0,1) very rare (1-5)
11,0.78081375,0.21918625,0,3,1) very rare (1-5)
12,0.070851326,0.9291487,1,0,1) very rare (1-5)
13,0.83401054,0.16598946,1,0,1) very rare (1-5)
14,0.8748335,0.12516648,0,1,1) very rare (1-5)
15,0.72671247,0.27328753,1,6,2) rare (6-20)
16,0.40855172,0.5914483,0,5,1) very rare (1-5)
17,0.9282309,0.07176912,0,74,3) common (21-100)
18,0.9147618,0.08523822,1,2,1) very rare (1-5)
19,0.82249683,0.17750317,0,3,1) very rare (1-5)
20,0.06570286,0.93429714,1,0,1) very rare (1-5)
21,0.7844195,0.21558052,0,74,3) common (21-100)
22,0.21677278,0.7832272,1,0,1) very rare (1-5)
23,0.8683376,0.13166243,1,14,2) rare (6-20)
24,0.78551406,0.21448594,0,108,4) very common (100+)
25,0.431804,0.568196,1,145,4) very common (100+)
26,0.13031864,0.86968136,0,7,2) rare (6-20)
27,0.13468799,0.865312,1,20,2) rare (6-20)
28,0.3108326,0.6891674,0,10,2) rare (6-20)
29,0.3343542,0.66564584,1,0,1) very rare (1-5)
30,0.51136297,0.48863703,0,7,2) rare (6-20)
31,0.872927,0.12707299,1,43,3) common (21-100)
32,0.20779473,0.7922053,0,1,1) very rare (1-5)
33,0.8482042,0.1517958,0,6,2) rare (6-20)
34,0.05857995,0.9414201,1,31,3) common (21-100)
35,0.14243768,0.8575623,1,0,1) very rare (1-5)
36,0.30141702,0.698583,1,0,1) very rare (1-5)
37,0.7530169,0.24698311,1,3,1) very rare (1-5)
38,0.16072139,0.8392786,1,2,1) very rare (1-5)
39,0.43376616,0.5662339,0,84,3) common (21-100)
40,0.1779373,0.82206273,1,0,1) very rare (1-5)
41,0.0814676,0.9185324,1,0,1) very rare (1-5)
42,0.36749044,0.6325096,1,2,1) very rare (1-5)
43,0.38595644,0.6140436,0,3,1) very rare (1-5)
44,0.2039493,0.79605067,0,1,1) very rare (1-5)
45,0.5574979,0.44250208,1,0,1) very rare (1-5)
46,0.84862876,0.15137124,0,36,3) common (21-100)
47,0.22353333,0.77646667,1,3,1) very rare (1-5)
48,0.055458087,0.94454193,1,1,1) very rare (1-5)
49,0.053812668,0.9461873,0,0,1) very rare (1-5)
50,0.21111426,0.7888857,1,8,2) rare (6-20)
51,0.80926245,0.19073755,1,2,1) very rare (1-5)
52,0.74419254,0.25580746,1,5,1) very rare (1-5)
53,0.4822387,0.5177613,1,44,3) common (21-100)
54,0.044401564,0.9555984,1,0,1) very rare (1-5)
55,0.090204805,0.90979517,1,3,1) very rare (1-5)
56,0.6954006,0.3045994,1,1,1) very rare (1-5)
57,0.7779738,0.22202623,0,274,4) very common (100+)
58,0.09825985,0.90174013,1,14,2) rare (6-20)
59,0.60085416,0.39914584,1,2,1) very rare (1-5)
60,0.24161698,0.75838304,0,1,1) very rare (1-5)
61,0.4503562,0.5496438,1,2,1) very rare (1-5)
62,0.46179044,0.53820956,0,123,4) very common (100+)
63,0.059381906,0.9406181,1,1,1) very rare (1-5)
64,0.6950839,0.30491608,1,30,3) common (21-100)
65,0.9412337,0.058766305,0,15,2) rare (6-20)
66,0.57168245,0.42831755,0,6,2) rare (6-20)
67,0.35503167,0.64496833,0,13,2) rare (6-20)
68,0.9952003,0.0047997236,0,274,4) very common (100+)
69,0.20525242,0.7947476,1,0,1) very rare (1-5)
70,0.48076043,0.51923954,0,5,1) very rare (1-5)
71,0.41567868,0.5843213,0,14,2) rare (6-20)
72,0.13852595,0.86147404,1,2,1) very rare (1-5)
73,0.73852956,0.26147044,1,142,4) very common (100+)
74,0.06615214,0.93384784,1,0,1) very rare (1-5)
75,0.26357338,0.7364266,0,81,3) common (21-100)
76,0.49542245,0.5045775,1,30,3) common (21-100)
77,0.5653062,0.4346938,1,4,1) very rare (1-5)
78,0.31634137,0.6836586,1,2,1) very rare (1-5)
79,0.613776,0.38622397,1,1070,4) very common (100+)
80,0.45982632,0.54017365,1,1,1) very rare (1-5)
81,0.110384494,0.88961554,1,0,1) very rare (1-5)
82,0.03620944,0.96379054,1,3,1) very rare (1-5)
83,0.904896,0.09510398,1,1290,4) very common (100+)
84,0.16164917,0.83835083,1,1,1) very rare (1-5)
85,0.3021082,0.69789183,1,19,2) rare (6-20)
86,0.25280157,0.74719846,0,75,3) common (21-100)
87,0.028449131,0.9715509,1,24,3) common (21-100)
88,0.18881005,0.81118995,1,0,1) very rare (1-5)
89,0.3800784,0.61992157,0,106,4) very common (100+)
90,0.4503645,0.5496355,0,81,3) common (21-100)
91,0.29168594,0.70831406,0,2,1) very rare (1-5)
92,0.29982847,0.70017153,1,6,2) rare (6-20)
93,0.9138317,0.08616829,1,146,4) very common (100+)
94,0.64113384,0.35886616,1,3,1) very rare (1-5)
95,0.88754356,0.11245644,0,1290,4) very common (100+)
96,0.09272407,0.9072759,1,26,3) common (21-100)
97,0.04923836,0.9507616,0,15,2) rare (6-20)
98,0.1640257,0.83597434,1,107,4) very common (100+)
99,0.8978834,0.102116585,1,1070,4) very common (100+)
100,0.19575657,0.80424345,1,96,3) common (21-100)
101,0.09908777,0.9009122,1,1,1) very rare (1-5)
102,0.38354903,0.61645097,0,118,4) very common (100+)
103,0.33879492,0.66120505,0,0,1) very rare (1-5)
104,0.7840738,0.21592617,1,54,3) common (21-100)
105,0.7068729,0.29312712,0,1290,4) very common (100+)
106,0.99622077,0.0037792325,0,89,3) common (21-100)
107,0.11242604,0.88757396,1,20,2) rare (6-20)
108,0.8228083,0.17719167,0,66,3) common (21-100)
109,0.16626576,0.8337343,0,9,2) rare (6-20)
110,0.99346864,0.0065313578,1,89,3) common (21-100)
111,0.514556,0.485444,1,16,2) rare (6-20)
112,0.13763365,0.8623663,0,0,1) very rare (1-5)
113,0.64930797,0.35069203,0,43,3) common (21-100)
114,0.105544336,0.8944557,0,111,4) very common (100+)
115,0.6572333,0.3427667,0,145,4) very common (100+)
116,0.022164442,0.97783554,1,1,1) very rare (1-5)
117,0.9274704,0.072529614,0,70,3) common (21-100)
118,0.51025087,0.48974913,0,94,3) common (21-100)
119,0.84429806,0.15570194,0,123,4) very common (100+)
120,0.17856027,0.82143974,0,33,3) common (21-100)
121,0.6747192,0.3252808,1,0,1) very rare (1-5)
122,0.62324566,0.37675434,1,0,1) very rare (1-5)
123,0.9796581,0.020341873,0,700,4) very common (100+)
124,0.531557,0.46844298,1,37,3) common (21-100)
125,0.6659241,0.33407593,0,52,3) common (21-100)
126,0.17374606,0.82625395,1,0,1) very rare (1-5)
127,0.18045478,0.8195452,1,2,1) very rare (1-5)
128,0.071346365,0.92865366,1,0,1) very rare (1-5)
129,0.5737207,0.4262793,0,106,4) very common (100+)
130,0.9512931,0.04870689,1,11,2) rare (6-20)
131,0.281793,0.718207,1,2,1) very rare (1-5)
132,0.82546526,0.17453474,0,6,2) rare (6-20)
133,0.715476,0.28452402,0,1,1) very rare (1-5)
134,0.9967186,0.0032814145,0,274,4) very common (100+)
135,0.23464625,0.76535374,1,0,1) very rare (1-5)
136,0.91669667,0.08330333,0,78,3) common (21-100)
137,0.6128181,0.38718188,1,0,1) very rare (1-5)
138,0.6943123,0.30568773,0,1290,4) very common (100+)
139,0.48748115,0.5125189,1,1070,4) very common (100+)
140,0.99033,0.009670019,0,343,4) very common (100+)
141,0.86063665,0.13936335,0,74,3) common (21-100)
142,0.4226372,0.5773628,0,66,3) common (21-100)
143,0.35055536,0.64944464,1,2,1) very rare (1-5)
144,0.51906264,0.48093736,1,13,2) rare (6-20)
145,0.253819,0.746181,0,5,1) very rare (1-5)
146,0.390039,0.60996103,0,166,4) very common (100+)
147,0.0485377,0.95146227,1,3,1) very rare (1-5)
148,0.2078023,0.7921977,1,1,1) very rare (1-5)
149,0.26509872,0.7349013,0,33,3) common (21-100)
150,0.4616607,0.53833926,0,178,4) very common (100+)
151,0.30845106,0.69154894,1,5,1) very rare (1-5)
152,0.70442593,0.29557407,0,1290,4) very common (100+)
153,0.024603147,0.9753969,1,33,3) common (21-100)
154,0.06413407,0.93586594,1,0,1) very rare (1-5)
155,0.42947713,0.5705229,0,33,3) common (21-100)
156,0.92789596,0.07210404,0,9,2) rare (6-20)
157,0.9535525,0.046447515,1,8,2) rare (6-20)
158,0.95782846,0.042171538,0,39,3) common (21-100)
159,0.44966802,0.55033195,1,4,1) very rare (1-5)
160,0.5188688,0.4811312,0,10,2) rare (6-20)
161,0.09364754,0.90635246,1,0,1) very rare (1-5)
162,0.2843422,0.71565783,0,76,3) common (21-100)
163,0.3923418,0.6076582,1,4,1) very rare (1-5)
164,0.07315021,0.9268498,1,160,4) very common (100+)
165,0.14298324,0.85701674,0,4,1) very rare (1-5)
166,0.8076912,0.19230878,1,7,2) rare (6-20)
167,0.12626243,0.8737376,1,4,1) very rare (1-5)
168,0.24723749,0.7527625,0,223,4) very common (100+)
169,0.20590045,0.79409957,0,8,2) rare (6-20)
170,0.4284299,0.5715701,1,0,1) very rare (1-5)
171,0.32645968,0.67354035,1,26,3) common (21-100)
172,0.76382446,0.23617554,0,1290,4) very common (100+)
173,0.44095862,0.5590414,0,105,4) very common (100+)
174,0.30020276,0.6997973,1,1,1) very rare (1-5)
175,0.16482772,0.8351723,1,2,1) very rare (1-5)
176,0.4270098,0.5729902,0,15,2) rare (6-20)
177,0.45084938,0.5491506,0,102,4) very common (100+)
178,0.9418512,0.0581488,0,1070,4) very common (100+)
179,0.91792375,0.08207625,0,15,2) rare (6-20)
180,0.76569283,0.23430717,0,1070,4) very common (100+)
181,0.52126914,0.47873086,0,79,3) common (21-100)
182,0.4713506,0.5286494,1,1070,4) very common (100+)
183,0.11270587,0.8872941,1,36,3) common (21-100)
184,0.8687203,0.1312797,0,66,3) common (21-100)
185,0.6621532,0.33784682,0,1070,4) very common (100+)
186,0.996754,0.0032460093,0,211,4) very common (100+)
187,0.28266636,0.7173337,1,81,3) common (21-100)
188,0.10642523,0.8935748,1,10,2) rare (6-20)
189,0.18457185,0.81542814,1,1,1) very rare (1-5)
190,0.9453398,0.0546602,0,1070,4) very common (100+)
191,0.026465131,0.9735349,0,2,1) very rare (1-5)
192,0.5018724,0.49812758,1,20,2) rare (6-20)
193,0.15660259,0.8433974,0,5,1) very rare (1-5)
194,0.5283416,0.4716584,0,4,1) very rare (1-5)
195,0.555184,0.444816,0,4,1) very rare (1-5)
196,0.38762173,0.61237824,0,6,2) rare (6-20)
197,0.6606187,0.33938128,1,45,3) common (21-100)
198,0.69098324,0.30901676,0,108,4) very common (100+)
199,0.12903541,0.8709646,0,44,3) common (21-100)
200,0.4277678,0.5722322,1,30,3) common (21-100)
201,0.26747337,0.73252666,1,96,3) common (21-100)
202,0.82934713,0.17065287,0,70,3) common (21-100)
203,0.2604689,0.7395311,1,0,1) very rare (1-5)
204,0.18908167,0.81091833,1,2,1) very rare (1-5)
205,0.20060542,0.7993946,1,2,1) very rare (1-5)
206,0.7085701,0.29142988,1,372,4) very common (100+)
207,0.4418164,0.5581836,1,0,1) very rare (1-5)
208,0.124176815,0.8758232,1,11,2) rare (6-20)
209,0.29317355,0.70682645,1,0,1) very rare (1-5)
210,0.7079158,0.29208422,0,274,4) very common (100+)
211,0.7070057,0.29299432,0,99,3) common (21-100)
212,0.17345725,0.82654274,1,5,1) very rare (1-5)
213,0.88365495,0.11634505,0,1290,4) very common (100+)
214,0.44069082,0.5593092,0,5,1) very rare (1-5)
215,0.16746296,0.83253706,1,1,1) very rare (1-5)
216,0.5071724,0.4928276,0,121,4) very common (100+)
217,0.37899154,0.62100846,1,1,1) very rare (1-5)
218,0.716236,0.283764,0,118,4) very common (100+)
219,0.9826385,0.017361522,0,118,4) very common (100+)
220,0.18647623,0.81352377,1,1,1) very rare (1-5)
221,0.607668,0.39233202,0,6,2) rare (6-20)
222,0.1392443,0.8607557,1,4,1) very rare (1-5)
223,0.29796332,0.7020367,1,4,1) very rare (1-5)
224,0.081575416,0.9184246,1,1,1) very rare (1-5)
225,0.7078717,0.29212832,0,1290,4) very common (100+)
226,0.48711458,0.51288545,1,9,2) rare (6-20)
227,0.78379095,0.21620905,0,8,2) rare (6-20)
228,0.2624193,0.73758066,1,9,2) rare (6-20)
229,0.84827596,0.15172404,1,237,4) very common (100+)
230,0.78681016,0.21318984,0,261,4) very common (100+)
231,0.34134665,0.6586534,1,3,1) very rare (1-5)
232,0.0532342,0.9467658,1,3,1) very rare (1-5)
233,0.85480016,0.14519984,0,108,4) very common (100+)
234,0.53296286,0.46703714,0,118,4) very common (100+)
235,0.09070138,0.9092986,1,9,2) rare (6-20)
236,0.25487477,0.74512523,1,20,2) rare (6-20)
237,0.31741104,0.68258893,0,22,3) common (21-100)
238,0.039320104,0.9606799,1,3,1) very rare (1-5)
239,0.5049925,0.49500751,1,145,4) very common (100+)
240,0.94647616,0.05352384,1,84,3) common (21-100)
241,0.57957715,0.42042285,1,33,3) common (21-100)
242,0.92539066,0.07460934,1,8,2) rare (6-20)
243,0.10319019,0.8968098,1,1,1) very rare (1-5)
244,0.10628203,0.89371794,0,39,3) common (21-100)
245,0.8306828,0.16931719,0,1070,4) very common (100+)
246,0.95504975,0.044950247,0,1070,4) very common (100+)
247,0.83120483,0.16879517,0,39,3) common (21-100)
248,0.25615582,0.74384415,0,3,1) very rare (1-5)
249,0.9346822,0.06531781,0,92,3) common (21-100)
250,0.1063392,0.8936608,1,0,1) very rare (1-5)
251,0.24068479,0.7593152,1,2,1) very rare (1-5)
252,0.3287836,0.67121637,1,5,1) very rare (1-5)
253,0.93841565,0.061584353,0,421,4) very common (100+)
254,0.19331992,0.8066801,1,0,1) very rare (1-5)
255,0.08520803,0.91479194,1,0,1) very rare (1-5)
256,0.76998323,0.23001677,1,16,2) rare (6-20)
257,0.192466,0.807534,1,0,1) very rare (1-5)
258,0.6021448,0.39785522,0,1070,4) very common (100+)
259,0.08837563,0.9116244,1,14,2) rare (6-20)
260,0.97835577,0.021644235,0,47,3) common (21-100)
261,0.60148925,0.39851075,1,0,1) very rare (1-5)
262,0.13411158,0.8658884,0,18,2) rare (6-20)
263,0.98749614,0.012503862,0,700,4) very common (100+)
264,0.7152107,0.28478932,1,79,3) common (21-100)
265,0.85366374,0.14633626,0,178,4) very common (100+)
266,0.88359857,0.116401434,0,261,4) very common (100+)
267,0.9173537,0.08264631,0,105,4) very common (100+)
268,0.49562278,0.50437725,0,5,1) very rare (1-5)
269,0.8228464,0.17715359,0,2,1) very rare (1-5)
270,0.04576985,0.9542301,1,0,1) very rare (1-5)
271,0.053659964,0.94634,1,6,2) rare (6-20)
272,0.8312848,0.16871518,0,19,2) rare (6-20)
273,0.39836296,0.601637,1,0,1) very rare (1-5)
274,0.15011434,0.84988564,1,3,1) very rare (1-5)
275,0.8903443,0.10965568,0,372,4) very common (100+)
276,0.51934445,0.48065555,0,2,1) very rare (1-5)
277,0.86351526,0.13648474,0,1070,4) very common (100+)
278,0.15866566,0.84133434,1,58,3) common (21-100)
279,0.29145005,0.70855,0,372,4) very common (100+)
280,0.8440697,0.15593028,0,1290,4) very common (100+)
281,0.4130506,0.5869494,1,0,1) very rare (1-5)
282,0.035667468,0.9643325,1,4,1) very rare (1-5)
283,0.7585614,0.24143863,1,58,3) common (21-100)
284,0.77246666,0.22753334,0,5,1) very rare (1-5)
285,0.95188195,0.048118055,1,66,3) common (21-100)
286,0.34236547,0.6576345,0,52,3) common (21-100)
287,0.8022077,0.19779229,1,178,4) very common (100+)
288,0.8472247,0.15277529,0,5,1) very rare (1-5)
289,0.90118164,0.09881836,0,29,3) common (21-100)
290,0.43231735,0.5676826,0,1290,4) very common (100+)
291,0.8032575,0.19674248,1,7,2) rare (6-20)
292,0.98467374,0.0153262615,0,105,4) very common (100+)
293,0.9356555,0.064344525,1,24,3) common (21-100)
294,0.90081036,0.09918964,0,94,3) common (21-100)
295,0.80785954,0.19214046,1,0,1) very rare (1-5)
296,0.7041028,0.2958972,1,2,1) very rare (1-5)
297,0.3759058,0.6240942,0,23,3) common (21-100)
298,0.7767086,0.2232914,0,1070,4) very common (100+)
299,0.48707,0.51293004,0,79,3) common (21-100)
300,0.16192695,0.838073,1,0,1) very rare (1-5)
301,0.1565353,0.84346473,1,5,1) very rare (1-5)
302,0.5001267,0.49987328,1,134,4) very common (100+)
303,0.3712421,0.6287579,1,700,4) very common (100+)
304,0.13485743,0.8651426,1,0,1) very rare (1-5)
305,0.024370512,0.9756295,1,1,1) very rare (1-5)
306,0.58814764,0.41185236,0,6,2) rare (6-20)
307,0.07997321,0.9200268,1,0,1) very rare (1-5)
308,0.63352376,0.36647624,0,13,2) rare (6-20)
309,0.7070807,0.29291928,1,1,1) very rare (1-5)
310,0.662561,0.337439,0,11,2) rare (6-20)
311,0.72827786,0.27172214,0,1,1) very rare (1-5)
312,0.43063325,0.56936675,1,107,4) very common (100+)
313,0.41291013,0.5870899,1,28,3) common (21-100)
314,0.93284005,0.06715995,0,99,3) common (21-100)
315,0.88851005,0.11148995,1,5,1) very rare (1-5)
316,0.8300826,0.1699174,0,4,1) very rare (1-5)
317,0.15203722,0.8479628,1,0,1) very rare (1-5)
318,0.5306488,0.46935117,0,23,3) common (21-100)
319,0.77971995,0.22028005,0,6,2) rare (6-20)
320,0.6175662,0.38243377,1,268,4) very common (100+)
321,0.8709964,0.12900358,0,76,3) common (21-100)
322,0.9271766,0.072823405,0,12,2) rare (6-20)
323,0.35424843,0.6457516,1,79,3) common (21-100)
324,0.38746855,0.6125314,0,6,2) rare (6-20)
325,0.64161986,0.35838014,1,105,4) very common (100+)
326,0.9680255,0.031974494,0,182,4) very common (100+)
327,0.5106991,0.4893009,0,106,4) very common (100+)
328,0.22192273,0.77807724,1,274,4) very common (100+)
329,0.39926773,0.60073227,1,39,3) common (21-100)
330,0.087024204,0.9129758,1,268,4) very common (100+)
331,0.7167469,0.28325307,0,1290,4) very common (100+)
332,0.8448872,0.1551128,0,10,2) rare (6-20)
333,0.6798085,0.3201915,0,106,4) very common (100+)
334,0.14703485,0.8529651,0,2,1) very rare (1-5)
335,0.4851937,0.5148063,0,4,1) very rare (1-5)
336,0.23311208,0.7668879,0,1,1) very rare (1-5)
337,0.76719064,0.23280936,0,14,2) rare (6-20)
338,0.73369765,0.26630235,1,0,1) very rare (1-5)
339,0.12809792,0.8719021,1,3,1) very rare (1-5)
340,0.6882669,0.31173313,1,1070,4) very common (100+)
341,0.39841217,0.60158783,1,1290,4) very common (100+)
342,0.86505073,0.13494927,1,38,3) common (21-100)
343,0.4333637,0.5666363,1,23,3) common (21-100)
344,0.77771467,0.22228533,0,372,4) very common (100+)
345,0.39566654,0.60433346,1,1,1) very rare (1-5)
346,0.89484787,0.10515213,0,700,4) very common (100+)
347,0.61541295,0.38458705,0,121,4) very common (100+)
348,0.18966965,0.81033033,1,58,3) common (21-100)
349,0.76034874,0.23965126,0,3,1) very rare (1-5)
350,0.41174364,0.58825636,1,268,4) very common (100+)
351,0.8460767,0.15392327,0,13,2) rare (6-20)
352,0.20351037,0.7964896,1,0,1) very rare (1-5)
353,0.9845061,0.015493929,0,85,3) common (21-100)
354,0.34282908,0.6571709,0,2,1) very rare (1-5)
355,0.26457927,0.7354207,1,0,1) very rare (1-5)
356,0.39091212,0.6090879,0,49,3) common (21-100)
357,0.9331119,0.066888094,0,700,4) very common (100+)
358,0.81735945,0.18264055,0,46,3) common (21-100)
359,0.17249337,0.82750666,1,1,1) very rare (1-5)
360,0.29181054,0.7081895,1,23,3) common (21-100)
361,0.69359297,0.30640703,1,81,3) common (21-100)
362,0.8098456,0.19015437,0,1070,4) very common (100+)
363,0.7266793,0.27332067,0,108,4) very common (100+)
364,0.28639647,0.7136035,1,1290,4) very common (100+)
365,0.5989132,0.4010868,1,58,3) common (21-100)
366,0.1444623,0.8555377,1,4,1) very rare (1-5)
367,0.14445432,0.8555457,0,145,4) very common (100+)
368,0.5909957,0.40900427,0,1290,4) very common (100+)
369,0.046847254,0.9531528,1,0,1) very rare (1-5)
370,0.7612813,0.23871869,1,16,2) rare (6-20)
371,0.1164954,0.8835046,1,1,1) very rare (1-5)
372,0.46828473,0.5317153,1,1290,4) very common (100+)
373,0.75689465,0.24310535,0,166,4) very common (100+)
374,0.5424993,0.4575007,0,1070,4) very common (100+)
375,0.40335706,0.596643,1,1,1) very rare (1-5)
376,0.8643244,0.13567561,0,74,3) common (21-100)
377,0.8347048,0.16529518,0,142,4) very common (100+)
378,0.84142363,0.15857637,1,99,3) common (21-100)
379,0.19000429,0.8099957,1,24,3) common (21-100)
380,0.32352304,0.67647696,0,12,2) rare (6-20)
381,0.044378817,0.9556212,0,6,2) rare (6-20)
382,0.3550022,0.64499784,1,166,4) very common (100+)
383,0.15182666,0.8481733,0,3,1) very rare (1-5)
384,0.5570795,0.4429205,0,166,4) very common (100+)
385,0.6000631,0.3999369,1,17,2) rare (6-20)
386,0.48923185,0.5107682,0,421,4) very common (100+)
387,0.17708391,0.8229161,1,3,1) very rare (1-5)
388,0.18056263,0.8194374,1,3,1) very rare (1-5)
389,0.6248191,0.3751809,1,160,4) very common (100+)
390,0.04651496,0.953485,1,0,1) very rare (1-5)
391,0.73884696,0.26115304,0,78,3) common (21-100)
392,0.20313983,0.79686016,1,0,1) very rare (1-5)
393,0.95806235,0.04193765,1,275,4) very common (100+)
394,0.71624005,0.28375995,1,118,4) very common (100+)
395,0.08445563,0.9155444,0,0,1) very rare (1-5)
396,0.19871487,0.80128515,0,1,1) very rare (1-5)
397,0.83435535,0.16564465,0,142,4) very common (100+)
398,0.061105948,0.93889403,1,0,1) very rare (1-5)
399,0.16834162,0.83165836,0,36,3) common (21-100)
400,0.70714897,0.29285103,0,372,4) very common (100+)
401,0.85624665,0.14375335,0,55,3) common (21-100)
402,0.62121856,0.37878144,1,3,1) very rare (1-5)
403,0.9757343,0.024265707,0,78,3) common (21-100)
404,0.6969354,0.30306458,0,700,4) very common (100+)
405,0.6799952,0.32000482,1,70,3) common (21-100)
406,0.9835736,0.016426384,0,421,4) very common (100+)
407,0.8212261,0.17877388,1,107,4) very common (100+)
408,0.33245507,0.66754496,1,96,3) common (21-100)
409,0.66105825,0.33894175,0,237,4) very common (100+)
410,0.651083,0.348917,0,124,4) very common (100+)
411,0.09909186,0.9009081,0,39,3) common (21-100)
412,0.1551305,0.8448695,0,2,1) very rare (1-5)
413,0.22311036,0.7768896,1,237,4) very common (100+)
414,0.026783742,0.97321624,1,2,1) very rare (1-5)
415,0.9503276,0.049672425,0,159,4) very common (100+)
416,0.34508535,0.6549146,1,39,3) common (21-100)
417,0.4034829,0.5965171,1,1290,4) very common (100+)
418,0.8523262,0.14767379,1,6,2) rare (6-20)
419,0.9258507,0.07414931,0,124,4) very common (100+)
420,0.045862533,0.95413744,1,49,3) common (21-100)
421,0.01657533,0.98342466,1,0,1) very rare (1-5)
422,0.3072177,0.6927823,0,2,1) very rare (1-5)
423,0.47946668,0.5205333,1,118,4) very common (100+)
424,0.31922218,0.6807778,0,18,2) rare (6-20)
425,0.7875764,0.21242362,1,4,1) very rare (1-5)
426,0.082020134,0.91797984,1,66,3) common (21-100)
427,0.250196,0.749804,1,0,1) very rare (1-5)
428,0.12028026,0.87971973,0,32,3) common (21-100)
429,0.3357575,0.6642425,0,343,4) very common (100+)
430,0.75719476,0.24280524,1,41,3) common (21-100)
431,0.8914774,0.108522594,0,1290,4) very common (100+)
432,0.2179486,0.7820514,0,58,3) common (21-100)
433,0.22703293,0.7729671,0,2,1) very rare (1-5)
434,0.8393987,0.16060132,1,70,3) common (21-100)
435,0.113979,0.886021,1,2,1) very rare (1-5)
436,0.876012,0.12398797,1,1,1) very rare (1-5)
437,0.04917856,0.95082146,1,0,1) very rare (1-5)
438,0.24002363,0.7599764,1,24,3) common (21-100)
439,0.5188666,0.4811334,1,42,3) common (21-100)
440,0.5260205,0.47397947,0,372,4) very common (100+)
441,0.19700818,0.8029918,1,0,1) very rare (1-5)
442,0.7929728,0.2070272,0,1070,4) very common (100+)
443,0.91446644,0.08553356,0,237,4) very common (100+)
444,0.1296109,0.8703891,1,0,1) very rare (1-5)
445,0.14319982,0.8568002,0,3,1) very rare (1-5)
446,0.9210055,0.07899451,0,1290,4) very common (100+)
447,0.8821763,0.11782372,1,12,2) rare (6-20)
448,0.53638434,0.46361566,0,105,4) very common (100+)
449,0.88497657,0.115023434,0,86,3) common (21-100)
450,0.65864915,0.34135085,0,47,3) common (21-100)
451,0.6192124,0.3807876,1,123,4) very common (100+)
452,0.39216205,0.6078379,1,49,3) common (21-100)
453,0.5624009,0.43759912,0,12,2) rare (6-20)
454,0.029610248,0.9703897,1,8,2) rare (6-20)
455,0.17949165,0.82050836,0,0,1) very rare (1-5)
456,0.33015516,0.66984487,0,7,2) rare (6-20)
457,0.09800884,0.9019911,1,5,1) very rare (1-5)
458,0.9636788,0.036321223,0,211,4) very common (100+)
459,0.5697986,0.4302014,0,20,2) rare (6-20)
460,0.059256855,0.94074315,1,0,1) very rare (1-5)
461,0.8287425,0.1712575,0,700,4) very common (100+)
462,0.17691785,0.82308215,1,1,1) very rare (1-5)
463,0.87910336,0.12089664,0,5,1) very rare (1-5)
464,0.92483217,0.075167835,0,1290,4) very common (100+)
465,0.20241795,0.79758203,1,0,1) very rare (1-5)
466,0.79703116,0.20296884,0,42,3) common (21-100)
467,0.123149805,0.8768502,1,4,1) very rare (1-5)
468,0.99768865,0.002311349,0,211,4) very common (100+)
469,0.14914401,0.850856,0,0,1) very rare (1-5)
470,0.87930304,0.12069696,0,700,4) very common (100+)
471,0.18908441,0.8109156,1,34,3) common (21-100)
472,0.6401857,0.3598143,0,223,4) very common (100+)
473,0.102555774,0.89744425,1,0,1) very rare (1-5)
474,0.038732916,0.9612671,1,0,1) very rare (1-5)
475,0.8542714,0.14572859,1,47,3) common (21-100)
476,0.44529507,0.5547049,0,8,2) rare (6-20)
477,0.15534614,0.84465384,0,0,1) very rare (1-5)
478,0.67750126,0.32249874,1,13,2) rare (6-20)
479,0.29058483,0.7094152,1,0,1) very rare (1-5)
480,0.6387567,0.3612433,1,274,4) very common (100+)
481,0.22507204,0.774928,1,0,1) very rare (1-5)
482,0.90731674,0.092683256,1,0,1) very rare (1-5)
483,0.25032285,0.7496772,1,70,3) common (21-100)
484,0.1101314,0.8898686,1,10,2) rare (6-20)
485,0.78824484,0.21175516,1,0,1) very rare (1-5)
486,0.14256832,0.85743165,1,58,3) common (21-100)
487,0.33344814,0.6665518,1,19,2) rare (6-20)
488,0.72303325,0.27696675,1,1,1) very rare (1-5)
489,0.31239292,0.68760705,1,6,2) rare (6-20)
490,0.96986467,0.030135334,0,1070,4) very common (100+)
491,0.25907737,0.74092263,1,2,1) very rare (1-5)
492,0.8921548,0.10784519,0,1290,4) very common (100+)
493,0.9830034,0.016996622,0,142,4) very common (100+)
494,0.71379185,0.28620815,0,14,2) rare (6-20)
495,0.7365461,0.2634539,0,275,4) very common (100+)
496,0.85059243,0.14940757,0,23,3) common (21-100)
497,0.6955164,0.3044836,0,12,2) rare (6-20)
498,0.12513909,0.8748609,1,0,1) very rare (1-5)
499,0.6269917,0.3730083,0,37,3) common (21-100)
500,0.12634726,0.87365276,1,0,1) very rare (1-5)
501,0.35350364,0.64649636,1,0,1) very rare (1-5)
502,0.20841283,0.7915872,1,0,1) very rare (1-5)
503,0.46140715,0.5385928,0,1,1) very rare (1-5)
504,0.12443284,0.87556714,0,0,1) very rare (1-5)
505,0.26169896,0.73830104,1,0,1) very rare (1-5)
506,0.49547794,0.5045221,1,10,2) rare (6-20)
507,0.48990798,0.510092,1,1290,4) very common (100+)
508,0.1574003,0.8425997,1,15,2) rare (6-20)
509,0.6552583,0.3447417,1,4,1) very rare (1-5)
510,0.5423885,0.4576115,1,76,3) common (21-100)
511,0.8577048,0.14229518,1,11,2) rare (6-20)
512,0.4780532,0.5219468,0,105,4) very common (100+)
513,0.7843697,0.2156303,1,62,3) common (21-100)
514,0.632537,0.367463,0,1290,4) very common (100+)
515,0.0317555,0.9682445,1,4,1) very rare (1-5)
516,0.26254913,0.73745084,1,36,3) common (21-100)
517,0.31637177,0.6836282,1,1,1) very rare (1-5)
518,0.33371043,0.66628957,1,6,2) rare (6-20)
519,0.36976972,0.6302303,1,46,3) common (21-100)
520,0.85726047,0.14273953,0,5,1) very rare (1-5)
521,0.7551095,0.24489051,1,0,1) very rare (1-5)
522,0.355742,0.644258,1,0,1) very rare (1-5)
523,0.39432722,0.6056728,1,18,2) rare (6-20)
524,0.70879185,0.29120815,1,1,1) very rare (1-5)
525,0.41593623,0.58406377,1,23,3) common (21-100)
526,0.3097984,0.69020164,1,4,1) very rare (1-5)
527,0.5041116,0.4958884,1,0,1) very rare (1-5)
528,0.9115592,0.088440776,1,2,1) very rare (1-5)
529,0.50693184,0.49306816,1,14,2) rare (6-20)
530,0.5960844,0.40391558,0,56,3) common (21-100)
531,0.898517,0.10148299,1,2,1) very rare (1-5)
532,0.4354177,0.5645823,1,96,3) common (21-100)
533,0.49004105,0.509959,1,2,1) very rare (1-5)
534,0.17730895,0.8226911,1,41,3) common (21-100)
535,0.6587625,0.3412375,1,62,3) common (21-100)
536,0.21755248,0.7824475,1,4,1) very rare (1-5)
537,0.8146335,0.18536651,1,1070,4) very common (100+)
538,0.6619592,0.33804083,0,36,3) common (21-100)
539,0.9342479,0.06575209,0,3,1) very rare (1-5)
540,0.29306749,0.70693254,0,372,4) very common (100+)
541,0.13459405,0.8654059,0,8,2) rare (6-20)
542,0.0415069,0.9584931,1,0,1) very rare (1-5)
543,0.40192604,0.59807396,1,21,3) common (21-100)
544,0.7380643,0.2619357,0,19,2) rare (6-20)
545,0.7159714,0.2840286,0,19,2) rare (6-20)
546,0.54490864,0.45509136,0,28,3) common (21-100)
547,0.82368034,0.17631966,0,372,4) very common (100+)
548,0.098237455,0.90176255,1,0,1) very rare (1-5)
549,0.22715594,0.7728441,1,62,3) common (21-100)
550,0.79356897,0.20643103,0,105,4) very common (100+)
551,0.21269521,0.78730476,1,0,1) very rare (1-5)
552,0.71890724,0.28109276,0,6,2) rare (6-20)
553,0.4928035,0.5071965,0,2,1) very rare (1-5)
554,0.24930957,0.75069046,0,5,1) very rare (1-5)
555,0.15223189,0.8477681,0,5,1) very rare (1-5)
556,0.67172533,0.32827467,1,49,3) common (21-100)
557,0.6870379,0.3129621,1,9,2) rare (6-20)
558,0.38598165,0.6140183,0,28,3) common (21-100)
559,0.97286665,0.027133346,0,26,3) common (21-100)
560,0.50956655,0.49043345,0,15,2) rare (6-20)
561,0.2001715,0.7998285,0,106,4) very common (100+)
562,0.19523688,0.80476314,1,2,1) very rare (1-5)
563,0.4528656,0.5471344,1,0,1) very rare (1-5)
564,0.41233894,0.587661,1,20,2) rare (6-20)
565,0.35428473,0.64571524,1,1,1) very rare (1-5)
566,0.45181677,0.5481832,1,12,2) rare (6-20)
567,0.043532632,0.9564674,0,107,4) very common (100+)
568,0.4688963,0.53110373,1,124,4) very common (100+)
569,0.875793,0.12420702,0,7,2) rare (6-20)
570,0.1570296,0.8429704,1,5,1) very rare (1-5)
571,0.8796263,0.120373726,0,237,4) very common (100+)
572,0.06844207,0.93155795,0,1,1) very rare (1-5)
573,0.06408617,0.9359138,1,16,2) rare (6-20)
574,0.70905954,0.29094046,0,1,1) very rare (1-5)
575,0.6495669,0.3504331,1,1290,4) very common (100+)
576,0.5237694,0.47623062,0,700,4) very common (100+)
577,0.19908756,0.80091244,0,5,1) very rare (1-5)
578,0.72067374,0.27932626,0,14,2) rare (6-20)
579,0.20286062,0.7971394,0,178,4) very common (100+)
580,0.040623546,0.95937645,1,372,4) very common (100+)
581,0.7749318,0.22506821,0,3,1) very rare (1-5)
582,0.44505152,0.55494845,0,70,3) common (21-100)
583,0.29070127,0.70929873,1,6,2) rare (6-20)
584,0.4970365,0.50296354,0,223,4) very common (100+)
585,0.6687029,0.3312971,1,1290,4) very common (100+)
586,0.38529444,0.61470556,0,62,3) common (21-100)
587,0.6414682,0.35853177,0,421,4) very common (100+)
588,0.15523258,0.84476745,0,159,4) very common (100+)
589,0.974394,0.025605977,0,1000,4) very common (100+)
590,0.18197326,0.8180267,1,7,2) rare (6-20)
591,0.039672196,0.9603278,1,3,1) very rare (1-5)
592,0.72641885,0.27358115,0,237,4) very common (100+)
593,0.75536495,0.24463505,0,34,3) common (21-100)
594,0.9834917,0.016508281,0,47,3) common (21-100)
595,0.30281916,0.69718087,1,10,2) rare (6-20)
596,0.35592586,0.64407414,0,3,1) very rare (1-5)
597,0.9761865,0.023813486,0,274,4) very common (100+)
598,0.07849236,0.92150766,1,2,1) very rare (1-5)
599,0.57254595,0.42745405,0,21,3) common (21-100)
600,0.34309244,0.65690756,1,17,2) rare (6-20)
601,0.28839272,0.7116073,1,1,1) very rare (1-5)
602,0.65243596,0.34756404,1,78,3) common (21-100)
603,0.7307499,0.2692501,1,78,3) common (21-100)
604,0.7078315,0.2921685,0,105,4) very common (100+)
605,0.8908004,0.10919958,0,10,2) rare (6-20)
606,0.6696619,0.33033812,1,3,1) very rare (1-5)
607,0.82105356,0.17894644,0,79,3) common (21-100)
608,0.6637801,0.3362199,0,275,4) very common (100+)
609,0.20922996,0.79077005,0,12,2) rare (6-20)
610,0.5358447,0.46415532,1,124,4) very common (100+)
611,0.7431272,0.25687277,0,1,1) very rare (1-5)
612,0.30652314,0.69347686,1,25,3) common (21-100)
613,0.109285794,0.8907142,1,1,1) very rare (1-5)
614,0.45211715,0.54788285,0,5,1) very rare (1-5)
615,0.5148613,0.4851387,1,142,4) very common (100+)
616,0.027070314,0.9729297,1,0,1) very rare (1-5)
617,0.78853184,0.21146816,1,76,3) common (21-100)
618,0.15155959,0.8484404,0,159,4) very common (100+)
619,0.53721166,0.46278834,0,106,4) very common (100+)
620,0.35816076,0.64183927,0,5,1) very rare (1-5)
621,0.3369194,0.6630806,0,14,2) rare (6-20)
622,0.01609462,0.9839054,1,0,1) very rare (1-5)
623,0.04649168,0.9535083,1,10,2) rare (6-20)
624,0.3829449,0.61705506,0,5,1) very rare (1-5)
625,0.07027615,0.92972386,1,86,3) common (21-100)
626,0.025133578,0.97486645,1,79,3) common (21-100)
627,0.34206253,0.65793747,1,8,2) rare (6-20)
628,0.76149035,0.23850965,1,38,3) common (21-100)
629,0.48864678,0.51135325,0,6,2) rare (6-20)
630,0.37016258,0.6298374,1,1,1) very rare (1-5)
631,0.23122759,0.7687724,1,3,1) very rare (1-5)
632,0.9885417,0.011458278,0,12,2) rare (6-20)
633,0.38918164,0.6108184,1,9,2) rare (6-20)
634,0.17550033,0.82449967,1,0,1) very rare (1-5)
635,0.391779,0.608221,1,2,1) very rare (1-5)
636,0.83438987,0.16561013,0,23,3) common (21-100)
637,0.18153101,0.818469,1,0,1) very rare (1-5)
638,0.5659699,0.43403012,1,0,1) very rare (1-5)
639,0.19836043,0.80163956,0,2,1) very rare (1-5)
640,0.30422089,0.6957791,0,82,3) common (21-100)
641,0.5171128,0.4828872,0,2,1) very rare (1-5)
642,0.097298644,0.9027014,1,0,1) very rare (1-5)
643,0.56220883,0.43779117,1,1,1) very rare (1-5)
644,0.31079134,0.6892086,1,94,3) common (21-100)
645,0.616116,0.383884,0,2,1) very rare (1-5)
646,0.53255475,0.46744525,0,22,3) common (21-100)
647,0.042942803,0.9570572,0,4,1) very rare (1-5)
648,0.3591482,0.6408518,1,85,3) common (21-100)
649,0.15816715,0.8418329,0,13,2) rare (6-20)
650,0.30267033,0.69732964,0,15,2) rare (6-20)
651,0.29634857,0.7036514,1,1,1) very rare (1-5)
652,0.31299567,0.6870043,1,1,1) very rare (1-5)
653,0.38663244,0.61336756,0,9,2) rare (6-20)
654,0.31334865,0.68665135,1,0,1) very rare (1-5)
655,0.045357194,0.95464283,1,0,1) very rare (1-5)
656,0.5563276,0.44367242,1,8,2) rare (6-20)
657,0.73309326,0.26690674,1,268,4) very common (100+)
658,0.54757166,0.45242834,1,18,2) rare (6-20)
659,0.08680813,0.91319185,1,0,1) very rare (1-5)
660,0.23378775,0.7662122,1,6,2) rare (6-20)
661,0.23898405,0.76101595,1,275,4) very common (100+)
662,0.45928943,0.54071057,1,8,2) rare (6-20)
663,0.49847278,0.5015272,0,0,1) very rare (1-5)
664,0.7172917,0.2827083,0,5,1) very rare (1-5)
665,0.38482738,0.6151726,1,0,1) very rare (1-5)
666,0.63054967,0.36945033,0,100,3) common (21-100)
667,0.32358095,0.676419,1,1,1) very rare (1-5)
668,0.9461028,0.053897202,0,118,4) very common (100+)
669,0.4885627,0.5114373,0,106,4) very common (100+)
670,0.23771544,0.7622846,1,0,1) very rare (1-5)
671,0.7834169,0.21658307,0,19,2) rare (6-20)
672,0.2951123,0.7048877,1,3,1) very rare (1-5)
673,0.7437198,0.25628018,0,1070,4) very common (100+)
674,0.58599424,0.41400576,0,0,1) very rare (1-5)
675,0.24619086,0.75380915,1,28,3) common (21-100)
676,0.39009622,0.6099038,0,5,1) very rare (1-5)
677,0.39820918,0.6017908,1,0,1) very rare (1-5)
678,0.10622702,0.89377296,1,1290,4) very common (100+)
679,0.63571906,0.36428094,0,1000,4) very common (100+)
680,0.07468237,0.92531765,1,7,2) rare (6-20)
681,0.5862714,0.4137286,1,0,1) very rare (1-5)
682,0.051510204,0.9484898,1,2,1) very rare (1-5)
683,0.88961613,0.11038387,0,421,4) very common (100+)
684,0.21246167,0.78753835,1,0,1) very rare (1-5)
685,0.79067004,0.20932996,0,89,3) common (21-100)
686,0.048799396,0.9512006,1,0,1) very rare (1-5)
687,0.16953853,0.8304615,1,1,1) very rare (1-5)
688,0.9220197,0.07798028,1,0,1) very rare (1-5)
689,0.059014883,0.94098514,1,2,1) very rare (1-5)
690,0.07993776,0.92006224,1,0,1) very rare (1-5)
691,0.42632812,0.5736719,1,13,2) rare (6-20)
692,0.87409306,0.12590694,0,106,4) very common (100+)
693,0.35604703,0.64395297,1,7,2) rare (6-20)
694,0.38878873,0.6112113,1,28,3) common (21-100)
695,0.32369226,0.67630774,1,7,2) rare (6-20)
696,0.22756217,0.7724378,1,70,3) common (21-100)
697,0.26717234,0.73282766,0,7,2) rare (6-20)
698,0.7829609,0.21703911,0,82,3) common (21-100)
699,0.64966357,0.35033643,0,7,2) rare (6-20)
700,0.6281701,0.37182993,0,5,1) very rare (1-5)
701,0.86914676,0.13085324,1,107,4) very common (100+)
702,0.18853796,0.81146204,1,7,2) rare (6-20)
703,0.29070908,0.7092909,1,1,1) very rare (1-5)
704,0.68463314,0.31536686,0,7,2) rare (6-20)
705,0.4964883,0.50351167,1,372,4) very common (100+)
706,0.04691376,0.95308626,1,0,1) very rare (1-5)
707,0.06285951,0.93714046,1,2,1) very rare (1-5)
708,0.056183927,0.94381607,1,20,2) rare (6-20)
709,0.76563454,0.23436546,0,261,4) very common (100+)
710,0.4018347,0.5981653,1,0,1) very rare (1-5)
711,0.109525785,0.8904742,1,3,1) very rare (1-5)
712,0.20284455,0.79715544,0,3,1) very rare (1-5)
713,0.25167662,0.7483234,0,96,3) common (21-100)
714,0.10639462,0.89360535,1,66,3) common (21-100)
715,0.3398451,0.66015494,1,44,3) common (21-100)
716,0.24504079,0.7549592,1,268,4) very common (100+)
717,0.84700775,0.15299225,1,1290,4) very common (100+)
718,0.2660266,0.7339734,0,6,2) rare (6-20)
719,0.27476802,0.725232,0,4,1) very rare (1-5)
720,0.6635253,0.33647472,0,12,2) rare (6-20)
721,0.34723958,0.6527604,0,4,1) very rare (1-5)
722,0.8205853,0.17941469,1,111,4) very common (100+)
723,0.82434356,0.17565644,0,1070,4) very common (100+)
724,0.46882334,0.5311767,0,15,2) rare (6-20)
725,0.13932882,0.86067116,0,1,1) very rare (1-5)
726,0.52043605,0.47956395,0,275,4) very common (100+)
727,0.39013457,0.6098654,0,1,1) very rare (1-5)
728,0.04549183,0.9545082,1,0,1) very rare (1-5)
729,0.4933064,0.5066936,1,1070,4) very common (100+)
730,0.065588914,0.9344111,1,275,4) very common (100+)
731,0.574724,0.42527598,0,142,4) very common (100+)
732,0.51523894,0.48476106,1,41,3) common (21-100)
733,0.017470788,0.9825292,1,0,1) very rare (1-5)
734,0.22559375,0.77440625,1,107,4) very common (100+)
735,0.21220386,0.78779614,0,6,2) rare (6-20)
736,0.67794925,0.32205075,1,1,1) very rare (1-5)
737,0.7825394,0.21746057,0,39,3) common (21-100)
738,0.1320016,0.8679984,0,1,1) very rare (1-5)
739,0.5142229,0.48577708,1,17,2) rare (6-20)
740,0.3800718,0.61992824,0,15,2) rare (6-20)
741,0.10496943,0.89503056,1,70,3) common (21-100)
742,0.8044718,0.19552821,0,1070,4) very common (100+)
743,0.23110132,0.76889867,1,0,1) very rare (1-5)
744,0.69974756,0.30025244,1,4,1) very rare (1-5)
745,0.94875693,0.051243067,0,60,3) common (21-100)
746,0.4462031,0.5537969,1,2,1) very rare (1-5)
747,0.33982268,0.66017735,0,4,1) very rare (1-5)
748,0.6113111,0.38868892,1,17,2) rare (6-20)
749,0.37769908,0.6223009,0,0,1) very rare (1-5)
750,0.6798564,0.32014358,1,0,1) very rare (1-5)
751,0.80383265,0.19616735,0,15,2) rare (6-20)
752,0.6650061,0.3349939,0,0,1) very rare (1-5)
753,0.91492593,0.08507407,0,1000,4) very common (100+)
754,0.4402746,0.5597254,1,20,2) rare (6-20)
755,0.92092234,0.07907766,0,12,2) rare (6-20)
756,0.9047668,0.0952332,0,237,4) very common (100+)
757,0.9207647,0.079235315,0,9,2) rare (6-20)
758,0.18832296,0.81167704,1,47,3) common (21-100)
759,0.4612151,0.53878486,0,10,2) rare (6-20)
760,0.9365559,0.06344408,0,421,4) very common (100+)
761,0.036783747,0.96321625,1,261,4) very common (100+)
762,0.08073003,0.91927,1,58,3) common (21-100)
763,0.6942153,0.3057847,1,1290,4) very common (100+)
764,0.78430015,0.21569985,0,102,4) very common (100+)
765,0.27037138,0.7296286,0,6,2) rare (6-20)
766,0.9760251,0.023974895,0,223,4) very common (100+)
767,0.0147507405,0.9852493,0,0,1) very rare (1-5)
768,0.66804695,0.33195305,0,1070,4) very common (100+)
769,0.6738995,0.32610053,0,22,3) common (21-100)
770,0.94010675,0.05989325,0,94,3) common (21-100)
771,0.40579414,0.59420586,0,99,3) common (21-100)
772,0.44727686,0.55272317,1,23,3) common (21-100)
773,0.85296535,0.14703465,1,0,1) very rare (1-5)
774,0.15406325,0.8459368,1,81,3) common (21-100)
775,0.98553526,0.014464736,0,39,3) common (21-100)
776,0.08343893,0.91656107,0,1,1) very rare (1-5)
777,0.6484273,0.3515727,0,47,3) common (21-100)
778,0.2629629,0.73703706,0,0,1) very rare (1-5)
779,0.66522413,0.33477587,0,118,4) very common (100+)
780,0.46882868,0.5311713,0,4,1) very rare (1-5)
781,0.3532042,0.6467958,1,275,4) very common (100+)
782,0.3138466,0.6861534,1,0,1) very rare (1-5)
783,0.36143354,0.6385665,0,36,3) common (21-100)
784,0.093563035,0.906437,0,40,3) common (21-100)
785,0.4930413,0.5069587,1,2,1) very rare (1-5)
786,0.9423601,0.057639897,1,19,2) rare (6-20)
787,0.40280116,0.59719884,1,1000,4) very common (100+)
788,0.6512906,0.3487094,0,90,3) common (21-100)
789,0.2109422,0.7890578,0,1290,4) very common (100+)
790,0.792172,0.20782799,1,0,1) very rare (1-5)
791,0.59073365,0.40926635,0,1290,4) very common (100+)
792,0.06695434,0.9330457,1,0,1) very rare (1-5)
793,0.37097138,0.6290286,0,700,4) very common (100+)
794,0.9740821,0.025917888,0,44,3) common (21-100)
795,0.5722563,0.42774367,0,100,3) common (21-100)
796,0.3380707,0.6619293,1,0,1) very rare (1-5)
797,0.028454076,0.97154593,1,0,1) very rare (1-5)
798,0.2558442,0.74415576,1,0,1) very rare (1-5)
799,0.61025053,0.38974947,1,0,1) very rare (1-5)
800,0.103741355,0.89625865,1,372,4) very common (100+)
801,0.40552703,0.594473,0,30,3) common (21-100)
802,0.9306543,0.06934571,0,421,4) very common (100+)
803,0.7974126,0.20258743,1,47,3) common (21-100)
804,0.38807902,0.61192095,1,66,3) common (21-100)
805,0.51135427,0.48864573,0,15,2) rare (6-20)
806,0.77793497,0.22206503,0,14,2) rare (6-20)
807,0.56576544,0.43423456,0,5,1) very rare (1-5)
808,0.8203953,0.17960471,0,14,2) rare (6-20)
809,0.16599649,0.8340035,1,86,3) common (21-100)
810,0.16891064,0.8310894,1,0,1) very rare (1-5)
811,0.46214783,0.53785217,1,19,2) rare (6-20)
812,0.21399955,0.78600043,1,1,1) very rare (1-5)
813,0.96280015,0.037199855,0,108,4) very common (100+)
814,0.43612322,0.56387675,1,118,4) very common (100+)
815,0.28857493,0.71142507,0,41,3) common (21-100)
816,0.5287172,0.47128278,0,108,4) very common (100+)
817,0.76763165,0.23236835,1,0,1) very rare (1-5)
818,0.97964317,0.020356834,0,421,4) very common (100+)
819,0.13714746,0.8628526,1,13,2) rare (6-20)
820,0.12092167,0.8790783,0,1,1) very rare (1-5)
821,0.4213416,0.5786584,1,2,1) very rare (1-5)
822,0.8610856,0.1389144,1,275,4) very common (100+)
823,0.9375714,0.062428594,0,700,4) very common (100+)
824,0.5140278,0.48597223,1,0,1) very rare (1-5)
825,0.2737634,0.7262366,1,1,1) very rare (1-5)
826,0.65535754,0.34464246,0,1,1) very rare (1-5)
827,0.46410644,0.53589356,0,700,4) very common (100+)
828,0.84633535,0.15366465,0,1,1) very rare (1-5)
829,0.6954849,0.30451512,0,68,3) common (21-100)
830,0.22540566,0.7745943,1,11,2) rare (6-20)
831,0.2578508,0.74214923,1,18,2) rare (6-20)
832,0.39175847,0.60824156,0,1,1) very rare (1-5)
833,0.9760854,0.023914576,0,105,4) very common (100+)
834,0.84628177,0.15371823,0,15,2) rare (6-20)
835,0.059689783,0.94031024,1,1,1) very rare (1-5)
836,0.5873955,0.4126045,1,70,3) common (21-100)
837,0.8069607,0.1930393,0,1000,4) very common (100+)
838,0.1826281,0.8173719,1,3,1) very rare (1-5)
839,0.5453249,0.45467508,1,372,4) very common (100+)
840,0.9065786,0.0934214,0,142,4) very common (100+)
841,0.023562409,0.97643757,1,0,1) very rare (1-5)
842,0.997633,0.0023670197,0,1000,4) very common (100+)
843,0.4656858,0.53431416,1,58,3) common (21-100)
844,0.50453967,0.49546033,0,70,3) common (21-100)
845,0.22810923,0.77189076,1,84,3) common (21-100)
846,0.8458194,0.15418059,0,100,3) common (21-100)
847,0.68964154,0.31035846,0,121,4) very common (100+)
848,0.21149847,0.7885015,1,0,1) very rare (1-5)
849,0.21384041,0.7861596,1,22,3) common (21-100)
850,0.38392273,0.6160773,0,182,4) very common (100+)
851,0.8871996,0.11280042,0,14,2) rare (6-20)
852,0.12374289,0.8762571,1,36,3) common (21-100)
853,0.34866816,0.65133184,1,1,1) very rare (1-5)
854,0.40660402,0.59339595,1,0,1) very rare (1-5)
855,0.58676106,0.41323894,0,100,3) common (21-100)
856,0.70348895,0.29651105,1,20,2) rare (6-20)
857,0.46176058,0.5382394,1,3,1) very rare (1-5)
858,0.45225543,0.5477446,1,17,2) rare (6-20)
859,0.10699943,0.8930006,1,4,1) very rare (1-5)
860,0.63697135,0.36302865,1,6,2) rare (6-20)
861,0.96819746,0.031802535,0,35,3) common (21-100)
862,0.50839454,0.49160546,0,1,1) very rare (1-5)
863,0.7663802,0.23361981,0,274,4) very common (100+)
864,0.8183771,0.18162292,0,121,4) very common (100+)
865,0.29483086,0.70516914,1,0,1) very rare (1-5)
866,0.23090132,0.7690987,0,0,1) very rare (1-5)
867,0.42040023,0.57959974,0,7,2) rare (6-20)
868,0.98437864,0.015621364,0,700,4) very common (100+)
869,0.7252839,0.27471608,0,79,3) common (21-100)
870,0.26199678,0.73800325,0,17,2) rare (6-20)
871,0.071880184,0.92811984,0,14,2) rare (6-20)
872,0.22742294,0.77257705,1,0,1) very rare (1-5)
873,0.9648421,0.03515792,0,24,3) common (21-100)
874,0.9828243,0.017175674,1,0,1) very rare (1-5)
875,0.08547011,0.9145299,1,0,1) very rare (1-5)
876,0.31986228,0.68013775,1,237,4) very common (100+)
877,0.77903205,0.22096795,0,21,3) common (21-100)
878,0.08543112,0.9145689,1,79,3) common (21-100)
879,0.72206324,0.27793676,1,0,1) very rare (1-5)
880,0.58201844,0.41798156,1,1,1) very rare (1-5)
881,0.24577096,0.75422907,1,36,3) common (21-100)
882,0.41394338,0.5860566,1,30,3) common (21-100)
883,0.33455306,0.66544694,1,343,4) very common (100+)
884,0.7214084,0.27859157,0,372,4) very common (100+)
885,0.10422611,0.8957739,1,0,1) very rare (1-5)
886,0.056786727,0.9432133,1,4,1) very rare (1-5)
887,0.98651487,0.013485134,1,0,1) very rare (1-5)
888,0.18482018,0.8151798,0,8,2) rare (6-20)
889,0.98306435,0.016935647,0,78,3) common (21-100)
890,0.15280905,0.847191,1,1,1) very rare (1-5)
891,0.9785404,0.02145958,0,89,3) common (21-100)
892,0.6621054,0.33789462,1,0,1) very rare (1-5)
893,0.6177135,0.3822865,0,372,4) very common (100+)
894,0.3240499,0.6759501,1,18,2) rare (6-20)
895,0.5987636,0.40123641,1,28,3) common (21-100)
896,0.27743047,0.7225695,0,71,3) common (21-100)
897,0.6149134,0.3850866,1,14,2) rare (6-20)
898,0.22486284,0.7751372,0,1,1) very rare (1-5)
899,0.061683465,0.9383165,0,0,1) very rare (1-5)
900,0.09414524,0.90585476,1,268,4) very common (100+)
901,0.53365034,0.46634966,1,4,1) very rare (1-5)
902,0.3529589,0.6470411,1,2,1) very rare (1-5)
903,0.8509209,0.14907908,0,1070,4) very common (100+)
904,0.3034608,0.69653916,1,7,2) rare (6-20)
905,0.026711972,0.973288,1,275,4) very common (100+)
906,0.348468,0.651532,1,17,2) rare (6-20)
907,0.46184033,0.53815967,0,63,3) common (21-100)
908,0.906034,0.09396601,0,63,3) common (21-100)
909,0.16615887,0.83384115,0,1290,4) very common (100+)
910,0.631014,0.368986,0,13,2) rare (6-20)
911,0.76202714,0.23797286,0,17,2) rare (6-20)
912,0.26173362,0.73826635,0,1290,4) very common (100+)
913,0.53601354,0.46398646,0,2,1) very rare (1-5)
914,0.40350798,0.59649205,0,6,2) rare (6-20)
915,0.80314857,0.19685143,0,18,2) rare (6-20)
916,0.14849865,0.85150135,1,178,4) very common (100+)
917,0.6553596,0.34464037,1,0,1) very rare (1-5)
918,0.79448867,0.20551133,0,166,4) very common (100+)
919,0.72082037,0.27917963,0,1290,4) very common (100+)
920,0.701743,0.298257,0,82,3) common (21-100)
921,0.097413115,0.9025869,1,0,1) very rare (1-5)
922,0.98061496,0.01938504,0,1000,4) very common (100+)
923,0.2665633,0.7334367,0,105,4) very common (100+)
924,0.89512575,0.10487425,0,118,4) very common (100+)
925,0.3962788,0.6037212,1,23,3) common (21-100)
926,0.6706698,0.3293302,1,4,1) very rare (1-5)
927,0.93940187,0.060598135,0,4,1) very rare (1-5)
928,0.851028,0.14897197,1,343,4) very common (100+)
929,0.24431314,0.7556869,0,2,1) very rare (1-5)
930,0.38664976,0.6133503,0,275,4) very common (100+)
931,0.16107017,0.83892983,0,20,2) rare (6-20)
932,0.08806436,0.9119356,1,11,2) rare (6-20)
933,0.20412084,0.7958791,0,1,1) very rare (1-5)
934,0.1432108,0.85678923,1,6,2) rare (6-20)
935,0.93602276,0.06397724,1,0,1) very rare (1-5)
936,0.8386836,0.1613164,0,18,2) rare (6-20)
937,0.28272772,0.7172723,1,13,2) rare (6-20)
938,0.8961548,0.10384518,0,1290,4) very common (100+)
939,0.05933967,0.94066036,1,0,1) very rare (1-5)
940,0.1941528,0.80584717,1,0,1) very rare (1-5)
941,0.32036734,0.67963266,0,1,1) very rare (1-5)
942,0.8271865,0.17281348,0,5,1) very rare (1-5)
943,0.699594,0.30040598,1,28,3) common (21-100)
944,0.9246171,0.07538289,1,261,4) very common (100+)
945,0.3943642,0.60563576,1,178,4) very common (100+)
946,0.4429541,0.55704594,1,0,1) very rare (1-5)
947,0.38529179,0.6147082,1,6,2) rare (6-20)
948,0.04333548,0.9566645,1,0,1) very rare (1-5)
949,0.45854855,0.54145145,0,69,3) common (21-100)
950,0.082491025,0.91750896,1,0,1) very rare (1-5)
951,0.11150947,0.88849056,1,5,1) very rare (1-5)
952,0.8208192,0.1791808,0,223,4) very common (100+)
953,0.8589114,0.1410886,0,12,2) rare (6-20)
954,0.56248283,0.43751717,1,111,4) very common (100+)
955,0.37286115,0.62713885,0,159,4) very common (100+)
956,0.6424123,0.3575877,0,90,3) common (21-100)
957,0.41159603,0.58840394,0,44,3) common (21-100)
958,0.78266925,0.21733075,1,1,1) very rare (1-5)
959,0.25330222,0.7466978,1,14,2) rare (6-20)
960,0.1590722,0.8409278,0,0,1) very rare (1-5)
961,0.18782847,0.8121715,1,1,1) very rare (1-5)
962,0.118913904,0.8810861,1,0,1) very rare (1-5)
963,0.2038497,0.7961503,1,70,3) common (21-100)
964,0.08847193,0.91152805,1,8,2) rare (6-20)
965,0.892237,0.10776299,0,1070,4) very common (100+)
966,0.816974,0.18302602,1,96,3) common (21-100)
967,0.3167308,0.6832692,1,10,2) rare (6-20)
968,0.45274228,0.5472577,0,45,3) common (21-100)
969,0.19823469,0.8017653,1,105,4) very common (100+)
970,0.38512546,0.61487454,0,4,1) very rare (1-5)
971,0.8475688,0.15243119,1,20,2) rare (6-20)
972,0.12487591,0.8751241,0,68,3) common (21-100)
973,0.6039243,0.39607573,0,63,3) common (21-100)
974,0.449078,0.55092204,0,46,3) common (21-100)
975,0.14589806,0.85410196,1,1,1) very rare (1-5)
976,0.5095643,0.49043572,1,0,1) very rare (1-5)
977,0.4616212,0.53837883,0,261,4) very common (100+)
978,0.7867152,0.21328479,1,2,1) very rare (1-5)
979,0.16049358,0.8395064,1,6,2) rare (6-20)
980,0.26373512,0.7362649,0,111,4) very common (100+)
981,0.22466575,0.77533424,1,18,2) rare (6-20)
982,0.71531403,0.28468597,0,1290,4) very common (100+)
983,0.4251261,0.5748739,1,1070,4) very common (100+)
984,0.65944463,0.34055537,0,62,3) common (21-100)
985,0.2460944,0.7539056,0,0,1) very rare (1-5)
986,0.43408003,0.56592,1,142,4) very common (100+)
987,0.3419966,0.6580034,0,1290,4) very common (100+)
988,0.8730237,0.12697631,0,47,3) common (21-100)
989,0.8709095,0.12909049,1,76,3) common (21-100)
990,0.070529796,0.9294702,1,3,1) very rare (1-5)
991,0.21340816,0.7865918,1,0,1) very rare (1-5)
992,0.8690983,0.1309017,0,1070,4) very common (100+)
993,0.07837354,0.92162645,0,32,3) common (21-100)
994,0.16068807,0.83931196,1,1,1) very rare (1-5)
995,0.2436968,0.7563032,1,38,3) common (21-100)
996,0.115766585,0.8842334,1,0,1) very rare (1-5)
997,0.38377753,0.6162225,0,118,4) very common (100+)
998,0.919584,0.080416024,0,62,3) common (21-100)
999,0.423322,0.57667804,1,13,2) rare (6-20)
1000,0.30865312,0.6913469,0,2,1) very rare (1-5)
1001,0.3910485,0.6089515,0,0,1) very rare (1-5)
1002,0.24066192,0.7593381,0,7,2) rare (6-20)
1003,0.06270723,0.93729275,1,68,3) common (21-100)
1004,0.06391962,0.9360804,1,16,2) rare (6-20)
1005,0.30817005,0.6918299,1,5,1) very rare (1-5)
1006,0.04845573,0.9515443,1,1,1) very rare (1-5)
1007,0.8942225,0.1057775,0,53,3) common (21-100)
1008,0.3982371,0.6017629,1,7,2) rare (6-20)
1009,0.96217495,0.037825048,0,421,4) very common (100+)
1010,0.9640694,0.035930574,0,24,3) common (21-100)
1011,0.16258334,0.83741665,0,0,1) very rare (1-5)
1012,0.46714714,0.5328529,1,22,3) common (21-100)
1013,0.3426151,0.6573849,1,76,3) common (21-100)
1014,0.954973,0.045027018,0,159,4) very common (100+)
1015,0.32552424,0.6744758,0,118,4) very common (100+)
1016,0.93157566,0.068424344,0,178,4) very common (100+)
1017,0.72421336,0.27578664,1,146,4) very common (100+)
1018,0.36425593,0.6357441,1,94,3) common (21-100)
1019,0.6872833,0.31271672,0,27,3) common (21-100)
1020,0.8195087,0.18049133,0,39,3) common (21-100)
1021,0.8846242,0.11537582,1,1,1) very rare (1-5)
1022,0.116099514,0.88390046,1,1,1) very rare (1-5)
1023,0.35577455,0.6442255,0,223,4) very common (100+)
1024,0.7068257,0.29317433,1,1,1) very rare (1-5)
1025,0.22926392,0.7707361,1,0,1) very rare (1-5)
1026,0.3890957,0.61090434,0,85,3) common (21-100)
1027,0.13875161,0.8612484,1,8,2) rare (6-20)
1028,0.118315734,0.88168424,1,0,1) very rare (1-5)
1029,0.2679402,0.73205984,1,0,1) very rare (1-5)
1030,0.69923353,0.30076647,0,372,4) very common (100+)
1031,0.09595833,0.90404165,1,5,1) very rare (1-5)
1032,0.13032055,0.86967945,0,27,3) common (21-100)
1033,0.15584438,0.8441556,0,6,2) rare (6-20)
1034,0.8037126,0.1962874,1,1,1) very rare (1-5)
1035,0.39062443,0.6093756,0,3,1) very rare (1-5)
1036,0.27803713,0.72196287,1,5,1) very rare (1-5)
1037,0.5753034,0.42469662,1,134,4) very common (100+)
1038,0.8265093,0.1734907,0,107,4) very common (100+)
1039,0.19730781,0.8026922,0,5,1) very rare (1-5)
1040,0.76111144,0.23888856,0,1070,4) very common (100+)
1041,0.6811978,0.31880218,1,105,4) very common (100+)
1042,0.17694102,0.82305896,1,20,2) rare (6-20)
1043,0.989116,0.010883987,0,89,3) common (21-100)
1044,0.12352028,0.87647974,1,3,1) very rare (1-5)
1045,0.4162526,0.5837474,1,70,3) common (21-100)
1046,0.34717405,0.65282595,1,66,3) common (21-100)
1047,0.0729377,0.9270623,1,24,3) common (21-100)
1048,0.14846171,0.8515383,1,0,1) very rare (1-5)
1049,0.34421757,0.65578246,1,42,3) common (21-100)
1050,0.6800533,0.3199467,0,1070,4) very common (100+)
1051,0.08382875,0.91617125,1,13,2) rare (6-20)
1052,0.50319934,0.49680066,1,700,4) very common (100+)
1053,0.74731416,0.25268584,1,75,3) common (21-100)
1054,0.44194615,0.55805385,1,4,1) very rare (1-5)
1055,0.24644412,0.7535559,1,10,2) rare (6-20)
1056,0.06503947,0.93496054,1,19,2) rare (6-20)
1057,0.60065496,0.39934504,0,42,3) common (21-100)
1058,0.017112218,0.9828878,1,23,3) common (21-100)
1059,0.7733484,0.22665161,0,0,1) very rare (1-5)
1060,0.4534431,0.5465569,1,0,1) very rare (1-5)
1061,0.6093681,0.3906319,0,1290,4) very common (100+)
1062,0.5456353,0.45436472,0,1070,4) very common (100+)
1063,0.06741964,0.93258035,1,3,1) very rare (1-5)
1064,0.53290796,0.46709204,0,16,2) rare (6-20)
1065,0.30390105,0.6960989,0,18,2) rare (6-20)
1066,0.8730748,0.12692517,0,1000,4) very common (100+)
1067,0.012919285,0.9870807,1,0,1) very rare (1-5)
1068,0.72422475,0.27577525,0,421,4) very common (100+)
1069,0.17254858,0.8274514,1,0,1) very rare (1-5)
1070,0.1113605,0.8886395,1,3,1) very rare (1-5)
1071,0.27762574,0.72237426,0,105,4) very common (100+)
1072,0.8328105,0.16718948,1,91,3) common (21-100)
1073,0.83884084,0.16115916,1,2,1) very rare (1-5)
1074,0.856271,0.14372897,1,7,2) rare (6-20)
1075,0.2443105,0.7556895,0,1,1) very rare (1-5)
1076,0.36812085,0.63187915,1,20,2) rare (6-20)
1077,0.7534309,0.2465691,0,1290,4) very common (100+)
1078,0.90902853,0.09097147,0,22,3) common (21-100)
1079,0.3557383,0.6442617,1,3,1) very rare (1-5)
1080,0.37339017,0.6266098,0,0,1) very rare (1-5)
1081,0.104999304,0.8950007,0,2,1) very rare (1-5)
1082,0.70342416,0.29657584,0,1290,4) very common (100+)
1083,0.861903,0.13809699,0,106,4) very common (100+)
1084,0.3542488,0.64575124,0,17,2) rare (6-20)
1085,0.35970485,0.64029515,0,2,1) very rare (1-5)
1086,0.8505602,0.14943981,1,3,1) very rare (1-5)
1087,0.3246286,0.6753714,1,3,1) very rare (1-5)
1088,0.17985694,0.82014304,1,2,1) very rare (1-5)
1089,0.3544489,0.6455511,1,134,4) very common (100+)
1090,0.4065567,0.5934433,1,14,2) rare (6-20)
1091,0.53042793,0.46957207,0,1,1) very rare (1-5)
1092,0.53852636,0.46147364,0,0,1) very rare (1-5)
1093,0.90986896,0.090131044,0,11,2) rare (6-20)
1094,0.27634412,0.7236559,1,1,1) very rare (1-5)
1095,0.95691735,0.043082654,0,274,4) very common (100+)
1096,0.5299363,0.4700637,0,166,4) very common (100+)
1097,0.91120076,0.08879924,0,1290,4) very common (100+)
1098,0.87278235,0.12721765,0,7,2) rare (6-20)
1099,0.19927369,0.8007263,0,1,1) very rare (1-5)
1100,0.13969886,0.86030114,1,1,1) very rare (1-5)
1101,0.8087058,0.1912942,0,1000,4) very common (100+)
1102,0.84345245,0.15654755,0,1,1) very rare (1-5)
1103,0.41024995,0.58975005,0,81,3) common (21-100)
1104,0.58992213,0.41007787,0,105,4) very common (100+)
1105,0.796107,0.203893,0,237,4) very common (100+)
1106,0.55148774,0.44851226,1,4,1) very rare (1-5)
1107,0.21074973,0.78925025,1,62,3) common (21-100)
1108,0.30820853,0.6917915,1,0,1) very rare (1-5)
1109,0.9069595,0.093040526,0,84,3) common (21-100)
1110,0.19980678,0.8001932,1,81,3) common (21-100)
1111,0.57902926,0.42097074,0,1290,4) very common (100+)
1112,0.7834204,0.21657962,0,1290,4) very common (100+)
1113,0.8040064,0.1959936,0,700,4) very common (100+)
1114,0.03500824,0.96499175,1,0,1) very rare (1-5)
1115,0.089689255,0.91031075,1,8,2) rare (6-20)
1116,0.1180769,0.8819231,1,2,1) very rare (1-5)
1117,0.023603892,0.9763961,1,274,4) very common (100+)
1118,0.025898933,0.97410107,0,4,1) very rare (1-5)
1119,0.02181699,0.97818303,1,0,1) very rare (1-5)
1120,0.5955613,0.40443867,0,145,4) very common (100+)
1121,0.9871889,0.012811124,0,421,4) very common (100+)
1122,0.1262804,0.8737196,1,0,1) very rare (1-5)
1123,0.1258006,0.8741994,1,76,3) common (21-100)
1124,0.18431541,0.81568456,1,0,1) very rare (1-5)
1125,0.9537642,0.0462358,1,28,3) common (21-100)
1126,0.56070775,0.43929225,1,0,1) very rare (1-5)
1127,0.62190425,0.37809575,1,39,3) common (21-100)
1128,0.3710001,0.6289999,1,1,1) very rare (1-5)
1129,0.8518066,0.14819342,0,21,3) common (21-100)
1130,0.035533004,0.964467,1,6,2) rare (6-20)
1131,0.071054175,0.92894584,1,4,1) very rare (1-5)
1132,0.8017984,0.1982016,0,1,1) very rare (1-5)
1133,0.56483483,0.43516517,1,36,3) common (21-100)
1134,0.88061816,0.119381845,0,1000,4) very common (100+)
1135,0.2397563,0.7602437,1,4,1) very rare (1-5)
1136,0.16289356,0.83710647,0,5,1) very rare (1-5)
1137,0.059279747,0.94072026,1,0,1) very rare (1-5)
1138,0.64674354,0.35325646,1,3,1) very rare (1-5)
1139,0.018954989,0.981045,1,3,1) very rare (1-5)
1140,0.8583598,0.14164019,0,700,4) very common (100+)
1141,0.09197689,0.9080231,1,1,1) very rare (1-5)
1142,0.28892195,0.71107805,1,71,3) common (21-100)
1143,0.03376841,0.9662316,1,6,2) rare (6-20)
1144,0.49562073,0.5043793,1,8,2) rare (6-20)
1145,0.9546218,0.04537821,1,89,3) common (21-100)
1146,0.7203329,0.27966708,1,1290,4) very common (100+)
1147,0.5396904,0.46030962,1,54,3) common (21-100)
1148,0.3395357,0.6604643,0,22,3) common (21-100)
1149,0.8180657,0.1819343,1,3,1) very rare (1-5)
1150,0.023008604,0.9769914,1,39,3) common (21-100)
1151,0.35999808,0.6400019,1,0,1) very rare (1-5)
1152,0.819355,0.18064499,0,3,1) very rare (1-5)
1153,0.32979986,0.6702001,0,1,1) very rare (1-5)
1154,0.83329713,0.16670287,1,160,4) very common (100+)
1155,0.66430545,0.33569455,1,0,1) very rare (1-5)
1156,0.075077295,0.9249227,1,4,1) very rare (1-5)
1157,0.6939103,0.3060897,0,37,3) common (21-100)
1158,0.8487765,0.15122348,0,4,1) very rare (1-5)
1159,0.065293975,0.93470603,1,0,1) very rare (1-5)
1160,0.24399692,0.7560031,0,55,3) common (21-100)
1161,0.5042655,0.4957345,1,1070,4) very common (100+)
1162,0.95674115,0.043258846,0,421,4) very common (100+)
1163,0.46665847,0.5333415,1,700,4) very common (100+)
1164,0.6915945,0.30840552,0,237,4) very common (100+)
1165,0.41481394,0.58518606,1,142,4) very common (100+)
1166,0.5445526,0.45544738,1,76,3) common (21-100)
1167,0.9048655,0.0951345,0,89,3) common (21-100)
1168,0.13171956,0.8682804,1,1,1) very rare (1-5)
1169,0.075285904,0.9247141,1,1,1) very rare (1-5)
1170,0.71697813,0.28302187,0,42,3) common (21-100)
1171,0.3164336,0.6835664,1,1,1) very rare (1-5)
1172,0.5850207,0.41497928,0,25,3) common (21-100)
1173,0.9664001,0.033599913,0,10,2) rare (6-20)
1174,0.82072043,0.17927957,1,105,4) very common (100+)
1175,0.7272175,0.2727825,0,17,2) rare (6-20)
1176,0.09245331,0.9075467,1,0,1) very rare (1-5)
1177,0.22314721,0.7768528,0,4,1) very rare (1-5)
1178,0.79973954,0.20026046,1,0,1) very rare (1-5)
1179,0.03116634,0.9688337,1,0,1) very rare (1-5)
1180,0.05326058,0.94673944,1,0,1) very rare (1-5)
1181,0.6092495,0.39075053,0,1290,4) very common (100+)
1182,0.60618865,0.39381135,1,11,2) rare (6-20)
1183,0.14593638,0.85406363,1,4,1) very rare (1-5)
1184,0.96763337,0.032366633,0,70,3) common (21-100)
1185,0.5720485,0.4279515,0,1290,4) very common (100+)
1186,0.32781553,0.67218447,1,275,4) very common (100+)
1187,0.38388214,0.61611784,1,78,3) common (21-100)
1188,0.58882236,0.41117764,0,142,4) very common (100+)
1189,0.50837207,0.49162793,1,1,1) very rare (1-5)
1190,0.60959715,0.39040285,1,1070,4) very common (100+)
1191,0.9630625,0.036937475,0,211,4) very common (100+)
1192,0.12937677,0.87062323,1,1,1) very rare (1-5)
1193,0.0847213,0.9152787,1,5,1) very rare (1-5)
1194,0.06684255,0.93315744,1,2,1) very rare (1-5)
1195,0.2370043,0.7629957,0,275,4) very common (100+)
1196,0.62705904,0.37294096,1,18,2) rare (6-20)
1197,0.063013665,0.9369863,1,3,1) very rare (1-5)
1198,0.11359308,0.8864069,1,24,3) common (21-100)
1199,0.12343154,0.87656844,1,0,1) very rare (1-5)
1200,0.71385145,0.28614855,1,142,4) very common (100+)
1201,0.33804402,0.66195595,1,86,3) common (21-100)
1202,0.3165168,0.68348324,1,0,1) very rare (1-5)
1203,0.049061917,0.9509381,1,92,3) common (21-100)
1204,0.23224789,0.7677521,1,0,1) very rare (1-5)
1205,0.31309366,0.68690634,1,1,1) very rare (1-5)
1206,0.39389375,0.6061063,1,160,4) very common (100+)
1207,0.7501195,0.2498805,1,69,3) common (21-100)
1208,0.197429,0.802571,1,1,1) very rare (1-5)
1209,0.17065267,0.8293473,1,0,1) very rare (1-5)
1210,0.4388628,0.5611372,1,1070,4) very common (100+)
1211,0.20286398,0.797136,0,5,1) very rare (1-5)
1212,0.371211,0.628789,1,1,1) very rare (1-5)
1213,0.3299213,0.6700787,0,372,4) very common (100+)
1214,0.83997655,0.16002345,0,2,1) very rare (1-5)
1215,0.12744178,0.87255824,1,1,1) very rare (1-5)
1216,0.18623865,0.81376135,1,86,3) common (21-100)
1217,0.9867415,0.013258517,0,700,4) very common (100+)
1218,0.20311405,0.79688597,1,4,1) very rare (1-5)
1219,0.8766202,0.12337983,0,372,4) very common (100+)
1220,0.44817647,0.5518235,0,2,1) very rare (1-5)
1221,0.24605268,0.7539473,1,0,1) very rare (1-5)
1222,0.43308616,0.56691384,0,1070,4) very common (100+)
1223,0.43835077,0.5616492,1,5,1) very rare (1-5)
1224,0.8317241,0.1682759,1,0,1) very rare (1-5)
1225,0.8589706,0.14102942,0,4,1) very rare (1-5)
1226,0.1973668,0.80263317,1,3,1) very rare (1-5)
1227,0.11402921,0.8859708,1,0,1) very rare (1-5)
1228,0.14503452,0.85496545,1,17,2) rare (6-20)
1229,0.13593023,0.86406976,1,0,1) very rare (1-5)
1230,0.48796284,0.51203716,0,268,4) very common (100+)
1231,0.21419829,0.7858017,0,1,1) very rare (1-5)
1232,0.14110516,0.8588948,1,1,1) very rare (1-5)
1233,0.25056294,0.7494371,0,421,4) very common (100+)
1234,0.2508266,0.7491734,1,1290,4) very common (100+)
1235,0.36123276,0.63876724,1,2,1) very rare (1-5)
1236,0.80034983,0.19965017,1,58,3) common (21-100)
1237,0.07812215,0.92187786,0,14,2) rare (6-20)
1238,0.22204398,0.777956,1,36,3) common (21-100)
1239,0.1463297,0.8536703,1,0,1) very rare (1-5)
1240,0.905891,0.094109,1,5,1) very rare (1-5)
1241,0.499456,0.500544,1,15,2) rare (6-20)
1242,0.27178615,0.72821385,1,18,2) rare (6-20)
1243,0.76491195,0.23508805,1,1290,4) very common (100+)
1244,0.43747908,0.5625209,1,14,2) rare (6-20)
1245,0.40454638,0.5954536,0,66,3) common (21-100)
1246,0.056288697,0.9437113,1,88,3) common (21-100)
1247,0.17437454,0.8256255,0,19,2) rare (6-20)
1248,0.7005125,0.29948747,1,19,2) rare (6-20)
1249,0.56024957,0.43975043,1,3,1) very rare (1-5)
1250,0.0708866,0.9291134,1,7,2) rare (6-20)
1251,0.4381669,0.56183314,1,1070,4) very common (100+)
1252,0.46189103,0.53810894,0,700,4) very common (100+)
1253,0.8836835,0.1163165,0,261,4) very common (100+)
1254,0.7070158,0.2929842,0,96,3) common (21-100)
1255,0.53508997,0.46491003,0,223,4) very common (100+)
1256,0.28404525,0.7159548,1,9,2) rare (6-20)
1257,0.8773333,0.12266672,0,106,4) very common (100+)
1258,0.056377523,0.94362247,1,0,1) very rare (1-5)
1259,0.9572814,0.04271859,1,0,1) very rare (1-5)
1260,0.7504467,0.24955332,0,5,1) very rare (1-5)
1261,0.3063608,0.69363916,1,3,1) very rare (1-5)
1262,0.5760776,0.42392242,1,86,3) common (21-100)
1263,0.28824797,0.71175206,1,4,1) very rare (1-5)
1264,0.2710029,0.7289971,1,5,1) very rare (1-5)
1265,0.35952696,0.640473,1,76,3) common (21-100)
1266,0.22383243,0.7761676,1,0,1) very rare (1-5)
1267,0.12193559,0.8780644,0,17,2) rare (6-20)
1268,0.29470697,0.70529306,1,9,2) rare (6-20)
1269,0.16662796,0.83337206,1,0,1) very rare (1-5)
1270,0.97203606,0.027963936,1,0,1) very rare (1-5)
1271,0.80920273,0.19079727,1,0,1) very rare (1-5)
1272,0.14779814,0.8522019,1,23,3) common (21-100)
1273,0.56773496,0.43226504,1,9,2) rare (6-20)
1274,0.8453466,0.15465337,0,700,4) very common (100+)
1275,0.15850118,0.84149885,0,3,1) very rare (1-5)
1276,0.47442085,0.52557915,1,3,1) very rare (1-5)
1277,0.6340261,0.3659739,0,31,3) common (21-100)
1278,0.28277606,0.71722394,0,134,4) very common (100+)
1279,0.3554414,0.6445586,0,10,2) rare (6-20)
1280,0.46593323,0.5340668,1,15,2) rare (6-20)
1281,0.4984065,0.5015935,0,9,2) rare (6-20)
1282,0.3673959,0.6326041,0,0,1) very rare (1-5)
1283,0.9637101,0.03628987,0,261,4) very common (100+)
1284,0.31453753,0.6854625,0,43,3) common (21-100)
1285,0.829326,0.17067403,1,37,3) common (21-100)
1286,0.03482456,0.96517545,1,4,1) very rare (1-5)
1287,0.120989405,0.8790106,1,0,1) very rare (1-5)
1288,0.23052329,0.7694767,0,1,1) very rare (1-5)
1289,0.119976886,0.8800231,1,1,1) very rare (1-5)
1290,0.6039434,0.3960566,0,1,1) very rare (1-5)
1291,0.9883605,0.011639476,0,700,4) very common (100+)
1292,0.67660326,0.32339674,0,700,4) very common (100+)
1293,0.7669306,0.23306942,1,3,1) very rare (1-5)
1294,0.3217665,0.6782335,1,12,2) rare (6-20)
1295,0.08551314,0.9144869,1,3,1) very rare (1-5)
1296,0.9770991,0.02290088,0,1000,4) very common (100+)
1297,0.28225905,0.71774095,1,0,1) very rare (1-5)
1298,0.818835,0.18116498,1,3,1) very rare (1-5)
1299,0.14993352,0.8500665,0,3,1) very rare (1-5)
1300,0.9782802,0.021719813,0,78,3) common (21-100)
1301,0.8660943,0.13390571,0,24,3) common (21-100)
1302,0.5400038,0.45999622,0,11,2) rare (6-20)
1303,0.07744709,0.92255294,1,0,1) very rare (1-5)
1304,0.44668603,0.553314,0,1290,4) very common (100+)
1305,0.38704935,0.6129507,0,7,2) rare (6-20)
1306,0.55127615,0.44872385,1,1290,4) very common (100+)
1307,0.8006485,0.19935149,0,4,1) very rare (1-5)
1308,0.6937214,0.3062786,1,1070,4) very common (100+)
1309,0.32543498,0.674565,1,0,1) very rare (1-5)
1310,0.22856773,0.7714323,0,421,4) very common (100+)
1311,0.16645448,0.8335455,1,7,2) rare (6-20)
1312,0.7925258,0.20747417,0,20,2) rare (6-20)
1313,0.9321301,0.0678699,0,1290,4) very common (100+)
1314,0.77174604,0.22825396,0,1000,4) very common (100+)
1315,0.6408081,0.3591919,0,0,1) very rare (1-5)
1316,0.21387732,0.7861227,1,16,2) rare (6-20)
1317,0.9911321,0.008867919,0,94,3) common (21-100)
1318,0.11783103,0.88216895,1,14,2) rare (6-20)
1319,0.3773125,0.62268746,1,27,3) common (21-100)
1320,0.52654946,0.47345054,1,65,3) common (21-100)
1321,0.410179,0.589821,0,18,2) rare (6-20)
1322,0.79147464,0.20852536,1,0,1) very rare (1-5)
1323,0.049977176,0.9500228,0,17,2) rare (6-20)
1324,0.2852961,0.7147039,0,1070,4) very common (100+)
1325,0.5818754,0.41812462,0,21,3) common (21-100)
1326,0.96567774,0.03432226,1,268,4) very common (100+)
1327,0.10334031,0.8966597,1,0,1) very rare (1-5)
1328,0.07250912,0.9274909,1,4,1) very rare (1-5)
1329,0.1652938,0.8347062,1,0,1) very rare (1-5)
1330,0.21289666,0.78710335,0,7,2) rare (6-20)
1331,0.95865643,0.04134357,0,5,1) very rare (1-5)
1332,0.93463033,0.065369666,0,20,2) rare (6-20)
1333,0.42252633,0.57747364,1,14,2) rare (6-20)
1334,0.7638956,0.23610443,1,70,3) common (21-100)
1335,0.76129454,0.23870546,0,42,3) common (21-100)
1336,0.6813814,0.3186186,1,1,1) very rare (1-5)
1337,0.095881835,0.9041182,1,18,2) rare (6-20)
1338,0.85676986,0.14323014,1,2,1) very rare (1-5)
1339,0.9712294,0.028770626,0,8,2) rare (6-20)
1340,0.85245293,0.14754707,0,223,4) very common (100+)
1341,0.35233942,0.6476606,1,1,1) very rare (1-5)
1342,0.28235507,0.71764493,1,0,1) very rare (1-5)
1343,0.6762473,0.3237527,1,1290,4) very common (100+)
1344,0.05205047,0.9479495,1,0,1) very rare (1-5)
1345,0.6036183,0.39638168,0,3,1) very rare (1-5)
1346,0.6373977,0.3626023,0,0,1) very rare (1-5)
1347,0.9899907,0.010009289,0,12,2) rare (6-20)
1348,0.5547942,0.4452058,0,261,4) very common (100+)
1349,0.6254887,0.3745113,1,160,4) very common (100+)
1350,0.44848087,0.55151916,0,9,2) rare (6-20)
1351,0.8298254,0.1701746,0,28,3) common (21-100)
1352,0.18172365,0.81827635,1,372,4) very common (100+)
1353,0.02111399,0.978886,1,0,1) very rare (1-5)
1354,0.8485899,0.1514101,0,12,2) rare (6-20)
1355,0.4791527,0.5208473,0,1,1) very rare (1-5)
1356,0.4050217,0.59497833,1,0,1) very rare (1-5)
1357,0.11642281,0.88357717,1,100,3) common (21-100)
1358,0.8529571,0.14704287,1,5,1) very rare (1-5)
1359,0.72635233,0.27364767,1,76,3) common (21-100)
1360,0.7477704,0.25222957,1,160,4) very common (100+)
1361,0.9466892,0.05331081,0,12,2) rare (6-20)
1362,0.08783984,0.91216016,1,0,1) very rare (1-5)
1363,0.11521394,0.88478607,0,3,1) very rare (1-5)
1364,0.25693697,0.74306303,1,4,1) very rare (1-5)
1365,0.17436703,0.825633,0,75,3) common (21-100)
1366,0.095787324,0.90421265,1,0,1) very rare (1-5)
1367,0.42615673,0.57384324,1,3,1) very rare (1-5)
1368,0.97071373,0.029286265,0,1000,4) very common (100+)
1369,0.3459653,0.65403473,0,2,1) very rare (1-5)
1370,0.9422691,0.057730913,0,700,4) very common (100+)
1371,0.17780834,0.82219166,1,3,1) very rare (1-5)
1372,0.09150418,0.90849584,1,0,1) very rare (1-5)
1373,0.0326969,0.9673031,1,17,2) rare (6-20)
1374,0.024315897,0.9756841,1,0,1) very rare (1-5)
1375,0.8555042,0.14449579,0,68,3) common (21-100)
1376,0.58951765,0.41048235,0,2,1) very rare (1-5)
1377,0.9820093,0.017990708,1,4,1) very rare (1-5)
1378,0.28470722,0.7152928,1,62,3) common (21-100)
1379,0.059426043,0.94057393,1,0,1) very rare (1-5)
1380,0.27406996,0.72593004,1,6,2) rare (6-20)
1381,0.9908214,0.009178579,0,211,4) very common (100+)
1382,0.12198891,0.8780111,1,13,2) rare (6-20)
1383,0.20807965,0.79192036,0,0,1) very rare (1-5)
1384,0.097014554,0.90298545,1,0,1) very rare (1-5)
1385,0.12604417,0.87395585,1,0,1) very rare (1-5)
1386,0.8359337,0.16406631,0,105,4) very common (100+)
1387,0.36008695,0.6399131,0,2,1) very rare (1-5)
1388,0.9948185,0.0051814914,0,1000,4) very common (100+)
1389,0.14460479,0.8553952,1,1,1) very rare (1-5)
1390,0.74138427,0.25861573,1,8,2) rare (6-20)
1391,0.09590696,0.904093,1,30,3) common (21-100)
1392,0.6976537,0.3023463,1,1,1) very rare (1-5)
1393,0.30126438,0.6987356,1,0,1) very rare (1-5)
1394,0.18075065,0.81924933,0,0,1) very rare (1-5)
1395,0.88740844,0.112591565,0,62,3) common (21-100)
1396,0.44120577,0.55879426,1,2,1) very rare (1-5)
1397,0.9481125,0.051887512,0,142,4) very common (100+)
1398,0.39153472,0.6084653,1,0,1) very rare (1-5)
1399,0.31800658,0.6819934,1,7,2) rare (6-20)
1400,0.7505156,0.24948442,1,0,1) very rare (1-5)
1401,0.09136252,0.90863746,1,2,1) very rare (1-5)
1402,0.37168708,0.62831295,1,6,2) rare (6-20)
1403,0.7446136,0.2553864,0,274,4) very common (100+)
1404,0.43925747,0.5607425,0,5,1) very rare (1-5)
1405,0.5139046,0.48609543,0,142,4) very common (100+)
1406,0.7567855,0.24321449,1,58,3) common (21-100)
1407,0.97040033,0.029599667,0,166,4) very common (100+)
1408,0.44612724,0.55387276,0,261,4) very common (100+)
1409,0.12640952,0.87359047,0,107,4) very common (100+)
1410,0.6116595,0.38834047,1,0,1) very rare (1-5)
1411,0.72132015,0.27867985,0,3,1) very rare (1-5)
1412,0.929106,0.070894,1,1070,4) very common (100+)
1413,0.14808308,0.8519169,0,32,3) common (21-100)
1414,0.2201963,0.7798037,0,2,1) very rare (1-5)
1415,0.5213743,0.4786257,1,0,1) very rare (1-5)
1416,0.49163985,0.50836015,1,1,1) very rare (1-5)
1417,0.8431634,0.15683663,0,47,3) common (21-100)
1418,0.29811883,0.7018812,1,0,1) very rare (1-5)
1419,0.5560178,0.44398218,0,421,4) very common (100+)
1420,0.9884593,0.011540711,0,700,4) very common (100+)
1421,0.107874826,0.8921252,1,3,1) very rare (1-5)
1422,0.11375244,0.8862476,1,0,1) very rare (1-5)
1423,0.36710048,0.6328995,1,421,4) very common (100+)
1424,0.36487806,0.63512194,1,92,3) common (21-100)
1425,0.1741835,0.8258165,0,1,1) very rare (1-5)
1426,0.06754287,0.93245715,1,0,1) very rare (1-5)
1427,0.24289927,0.7571007,1,3,1) very rare (1-5)
1428,0.12613368,0.8738663,1,0,1) very rare (1-5)
1429,0.9497773,0.050222695,0,1000,4) very common (100+)
1430,0.16623938,0.8337606,1,0,1) very rare (1-5)
1431,0.7205535,0.27944648,0,237,4) very common (100+)
1432,0.086510055,0.91348994,1,6,2) rare (6-20)
1433,0.49934033,0.5006597,0,9,2) rare (6-20)
1434,0.15307887,0.84692115,1,0,1) very rare (1-5)
1435,0.2611914,0.73880863,0,1290,4) very common (100+)
1436,0.35422096,0.645779,0,13,2) rare (6-20)
1437,0.27976012,0.7202399,1,421,4) very common (100+)
1438,0.030382637,0.96961737,1,105,4) very common (100+)
1439,0.5633992,0.4366008,1,31,3) common (21-100)
1440,0.4288921,0.57110786,0,237,4) very common (100+)
1441,0.9341716,0.06582838,1,89,3) common (21-100)
1442,0.10637338,0.89362663,1,0,1) very rare (1-5)
1443,0.88984483,0.110155165,1,2,1) very rare (1-5)
1444,0.32513842,0.67486155,1,0,1) very rare (1-5)
1445,0.13000707,0.8699929,0,1,1) very rare (1-5)
1446,0.35056412,0.6494359,0,35,3) common (21-100)
1447,0.6237163,0.3762837,0,1070,4) very common (100+)
1448,0.26742703,0.732573,0,3,1) very rare (1-5)
1449,0.13276708,0.8672329,1,1290,4) very common (100+)
1450,0.4856167,0.5143833,1,3,1) very rare (1-5)
1451,0.9665573,0.033442676,0,89,3) common (21-100)
1452,0.03166961,0.9683304,1,0,1) very rare (1-5)
1453,0.97595936,0.02404064,0,237,4) very common (100+)
1454,0.99214727,0.007852733,0,211,4) very common (100+)
1455,0.5993401,0.40065992,0,1290,4) very common (100+)
1456,0.9643621,0.035637915,0,211,4) very common (100+)
1457,0.033364486,0.9666355,1,0,1) very rare (1-5)
1458,0.34444624,0.65555376,0,39,3) common (21-100)
1459,0.99470127,0.0052987337,0,700,4) very common (100+)
1460,0.45956117,0.54043883,1,3,1) very rare (1-5)
1461,0.15038487,0.8496151,1,96,3) common (21-100)
1462,0.5280053,0.4719947,1,3,1) very rare (1-5)
1463,0.85722923,0.14277077,0,421,4) very common (100+)
1464,0.95745313,0.04254687,0,1000,4) very common (100+)
1465,0.50079966,0.49920034,0,118,4) very common (100+)
1466,0.30847338,0.69152665,1,28,3) common (21-100)
1467,0.32303736,0.6769626,1,79,3) common (21-100)
1468,0.31231156,0.68768847,0,29,3) common (21-100)
1469,0.10588222,0.8941178,1,96,3) common (21-100)
1470,0.30699617,0.69300383,1,0,1) very rare (1-5)
1471,0.49062338,0.50937665,1,8,2) rare (6-20)
1472,0.07754807,0.9224519,1,8,2) rare (6-20)
1473,0.88778454,0.11221546,0,6,2) rare (6-20)
1474,0.56826514,0.43173486,0,5,1) very rare (1-5)
1475,0.14560433,0.8543957,1,3,1) very rare (1-5)
1476,0.810973,0.18902701,1,372,4) very common (100+)
1477,0.6264139,0.37358612,0,3,1) very rare (1-5)
1478,0.07772252,0.92227745,0,4,1) very rare (1-5)
1479,0.12596557,0.8740344,0,4,1) very rare (1-5)
1480,0.8551632,0.14483678,0,2,1) very rare (1-5)
1481,0.4574654,0.5425346,0,66,3) common (21-100)
1482,0.4875283,0.5124717,0,9,2) rare (6-20)
1483,0.41498944,0.5850105,0,82,3) common (21-100)
1484,0.9725979,0.027402103,0,1000,4) very common (100+)
1485,0.7774477,0.2225523,0,105,4) very common (100+)
1486,0.14926621,0.85073376,1,9,2) rare (6-20)
1487,0.96842927,0.031570733,1,142,4) very common (100+)
1488,0.45601964,0.54398036,0,3,1) very rare (1-5)
1489,0.3630354,0.63696456,1,0,1) very rare (1-5)
1490,0.03448436,0.9655156,1,6,2) rare (6-20)
1491,0.2385894,0.7614106,1,0,1) very rare (1-5)
1492,0.3352981,0.66470194,1,1290,4) very common (100+)
1493,0.09508587,0.90491414,0,35,3) common (21-100)
1494,0.022112692,0.97788733,1,4,1) very rare (1-5)
1495,0.8081206,0.19187939,0,74,3) common (21-100)
1496,0.44164306,0.55835694,1,96,3) common (21-100)
1497,0.27709898,0.722901,1,2,1) very rare (1-5)
1498,0.15910514,0.8408949,1,1,1) very rare (1-5)
1499,0.9443378,0.055662215,0,700,4) very common (100+)
1500,0.5237539,0.47624612,1,1,1) very rare (1-5)
1501,0.031321708,0.9686783,1,0,1) very rare (1-5)
1502,0.059609823,0.94039017,1,7,2) rare (6-20)
1503,0.7047411,0.29525888,1,15,2) rare (6-20)
1504,0.411718,0.588282,0,3,1) very rare (1-5)
1505,0.9426348,0.05736518,0,700,4) very common (100+)
1506,0.61437964,0.38562036,0,268,4) very common (100+)
1507,0.8911122,0.10888779,0,85,3) common (21-100)
1508,0.14852238,0.8514776,1,3,1) very rare (1-5)
1509,0.07309019,0.9269098,1,0,1) very rare (1-5)
1510,0.39139545,0.60860455,1,5,1) very rare (1-5)
1511,0.078129776,0.92187023,1,5,1) very rare (1-5)
1512,0.19680619,0.8031938,0,3,1) very rare (1-5)
1513,0.39874798,0.601252,1,3,1) very rare (1-5)
1514,0.4914182,0.50858176,1,0,1) very rare (1-5)
1515,0.62894106,0.37105894,1,372,4) very common (100+)
1516,0.59707135,0.40292865,0,223,4) very common (100+)
1517,0.76767814,0.23232186,1,8,2) rare (6-20)
1518,0.68193877,0.31806123,0,1000,4) very common (100+)
1519,0.7420086,0.25799137,1,15,2) rare (6-20)
1520,0.98777676,0.012223244,0,275,4) very common (100+)
1521,0.19914405,0.80085593,1,0,1) very rare (1-5)
1522,0.90418774,0.09581226,0,14,2) rare (6-20)
1523,0.3598821,0.6401179,0,14,2) rare (6-20)
1524,0.7236594,0.2763406,1,142,4) very common (100+)
1525,0.7004479,0.29955208,0,1000,4) very common (100+)
1526,0.05292405,0.94707596,0,0,1) very rare (1-5)
1527,0.24696006,0.75303996,0,65,3) common (21-100)
1528,0.33541125,0.66458875,1,0,1) very rare (1-5)
1529,0.22247352,0.7775265,1,9,2) rare (6-20)
1530,0.8629694,0.1370306,0,159,4) very common (100+)
1531,0.1330966,0.8669034,1,0,1) very rare (1-5)
1532,0.90826094,0.09173906,1,1290,4) very common (100+)
1533,0.073021196,0.9269788,1,0,1) very rare (1-5)
1534,0.21971859,0.7802814,1,8,2) rare (6-20)
1535,0.8480796,0.15192038,0,18,2) rare (6-20)
1536,0.41629994,0.58370006,1,2,1) very rare (1-5)
1537,0.44520304,0.55479693,1,4,1) very rare (1-5)
1538,0.036787804,0.9632122,1,118,4) very common (100+)
1539,0.717465,0.28253502,1,92,3) common (21-100)
1540,0.52948856,0.47051144,1,62,3) common (21-100)
1541,0.91196305,0.088036954,0,1,1) very rare (1-5)
1542,0.04808122,0.9519188,1,3,1) very rare (1-5)
1543,0.2069981,0.7930019,1,1290,4) very common (100+)
1544,0.6383454,0.36165458,0,19,2) rare (6-20)
1545,0.76331913,0.23668087,0,1290,4) very common (100+)
1546,0.10344882,0.8965512,1,0,1) very rare (1-5)
1547,0.43237752,0.5676225,0,1070,4) very common (100+)
1548,0.25669563,0.7433044,1,4,1) very rare (1-5)
1549,0.78618985,0.21381015,0,106,4) very common (100+)
1550,0.94125855,0.05874145,0,19,2) rare (6-20)
1551,0.7414488,0.25855118,1,142,4) very common (100+)
1552,0.17326567,0.8267343,1,39,3) common (21-100)
1553,0.94757795,0.052422047,0,32,3) common (21-100)
1554,0.17550685,0.82449317,0,2,1) very rare (1-5)
1555,0.09637681,0.9036232,1,0,1) very rare (1-5)
1556,0.39712292,0.6028771,1,123,4) very common (100+)
1557,0.86978966,0.13021034,1,90,3) common (21-100)
1558,0.11250419,0.8874958,0,17,2) rare (6-20)
1559,0.17876807,0.82123196,1,5,1) very rare (1-5)
1560,0.03168239,0.9683176,1,89,3) common (21-100)
1561,0.5648077,0.4351923,1,2,1) very rare (1-5)
1562,0.46847317,0.5315268,1,1070,4) very common (100+)
1563,0.73336315,0.26663685,0,2,1) very rare (1-5)
1564,0.13726078,0.8627392,1,8,2) rare (6-20)
1565,0.1683475,0.8316525,1,2,1) very rare (1-5)
1566,0.6266326,0.37336743,0,123,4) very common (100+)
1567,0.04973522,0.9502648,1,0,1) very rare (1-5)
1568,0.6125897,0.38741028,0,3,1) very rare (1-5)
1569,0.14443992,0.85556006,1,372,4) very common (100+)
1570,0.31660318,0.6833968,0,23,3) common (21-100)
1571,0.02855372,0.9714463,1,16,2) rare (6-20)
1572,0.17436224,0.82563776,1,111,4) very common (100+)
1573,0.29291895,0.7070811,1,1,1) very rare (1-5)
1574,0.08287424,0.91712576,0,16,2) rare (6-20)
1575,0.9820884,0.017911613,0,8,2) rare (6-20)
1576,0.65638804,0.34361196,0,7,2) rare (6-20)
1577,0.6963563,0.3036437,1,70,3) common (21-100)
1578,0.3823055,0.6176945,1,11,2) rare (6-20)
1579,0.12659255,0.8734075,1,1,1) very rare (1-5)
1580,0.76341784,0.23658216,0,0,1) very rare (1-5)
1581,0.445223,0.554777,0,123,4) very common (100+)
1582,0.18730737,0.81269264,1,0,1) very rare (1-5)
1583,0.43245134,0.56754863,1,76,3) common (21-100)
1584,0.63626844,0.36373156,0,13,2) rare (6-20)
1585,0.5677309,0.4322691,0,237,4) very common (100+)
1586,0.67090255,0.32909745,1,0,1) very rare (1-5)
1587,0.46569604,0.53430396,0,8,2) rare (6-20)
1588,0.5777675,0.4222325,0,15,2) rare (6-20)
1589,0.5335665,0.46643353,0,72,3) common (21-100)
1590,0.5858804,0.4141196,1,0,1) very rare (1-5)
1591,0.16360654,0.8363935,1,0,1) very rare (1-5)
1592,0.18751726,0.8124827,1,0,1) very rare (1-5)
1593,0.19879171,0.80120826,0,9,2) rare (6-20)
1594,0.8704,0.12959999,0,17,2) rare (6-20)
1595,0.7828409,0.21715909,0,1000,4) very common (100+)
1596,0.31961018,0.6803898,0,3,1) very rare (1-5)
1597,0.2532715,0.74672854,0,1,1) very rare (1-5)
1598,0.6223288,0.37767118,1,5,1) very rare (1-5)
1599,0.44135097,0.55864906,1,5,1) very rare (1-5)
1600,0.39940894,0.60059106,0,1,1) very rare (1-5)
1601,0.14084215,0.85915786,1,0,1) very rare (1-5)
1602,0.29355496,0.70644504,1,0,1) very rare (1-5)
1603,0.7004407,0.2995593,0,2,1) very rare (1-5)
1604,0.22071716,0.7792828,0,24,3) common (21-100)
1605,0.34524378,0.6547562,1,4,1) very rare (1-5)
1606,0.14700052,0.85299945,1,3,1) very rare (1-5)
1607,0.3767424,0.62325764,1,1070,4) very common (100+)
1608,0.8107787,0.18922132,1,106,4) very common (100+)
1609,0.38793042,0.6120696,1,79,3) common (21-100)
1610,0.037418243,0.96258175,1,5,1) very rare (1-5)
1611,0.40563872,0.5943613,0,1,1) very rare (1-5)
1612,0.11812173,0.88187826,0,39,3) common (21-100)
1613,0.977212,0.022787988,1,1,1) very rare (1-5)
1614,0.87710184,0.12289816,0,182,4) very common (100+)
1615,0.064246,0.935754,1,11,2) rare (6-20)
1616,0.37801823,0.62198174,0,1,1) very rare (1-5)
1617,0.574723,0.425277,1,105,4) very common (100+)
1618,0.56457824,0.43542176,0,18,2) rare (6-20)
1619,0.010618431,0.98938155,1,0,1) very rare (1-5)
1620,0.8545052,0.14549482,0,1000,4) very common (100+)
1621,0.89594847,0.10405153,0,421,4) very common (100+)
1622,0.5071414,0.4928586,0,343,4) very common (100+)
1623,0.72354776,0.27645224,1,1070,4) very common (100+)
1624,0.36362168,0.6363783,1,79,3) common (21-100)
1625,0.5873661,0.4126339,0,99,3) common (21-100)
1626,0.20193985,0.7980602,0,0,1) very rare (1-5)
1627,0.756561,0.24343902,1,146,4) very common (100+)
1628,0.32518846,0.67481154,1,118,4) very common (100+)
1629,0.73981345,0.26018655,1,0,1) very rare (1-5)
1630,0.3767216,0.6232784,1,0,1) very rare (1-5)
1631,0.8242427,0.17575729,1,1,1) very rare (1-5)
1632,0.79255396,0.20744604,0,1000,4) very common (100+)
1633,0.057024755,0.9429752,1,0,1) very rare (1-5)
1634,0.24285997,0.75714004,1,0,1) very rare (1-5)
1635,0.39354232,0.6064577,0,14,2) rare (6-20)
1636,0.48129904,0.51870096,1,2,1) very rare (1-5)
1637,0.19444814,0.8055519,1,9,2) rare (6-20)
1638,0.343318,0.656682,1,79,3) common (21-100)
1639,0.9271403,0.072859704,0,1290,4) very common (100+)
1640,0.80986464,0.19013536,0,63,3) common (21-100)
1641,0.946183,0.053816974,0,1290,4) very common (100+)
1642,0.8820923,0.1179077,0,106,4) very common (100+)
1643,0.8032807,0.19671929,1,0,1) very rare (1-5)
1644,0.11960986,0.88039017,1,23,3) common (21-100)
1645,0.6789639,0.3210361,0,223,4) very common (100+)
1646,0.58320105,0.41679895,1,1,1) very rare (1-5)
1647,0.16428192,0.8357181,1,14,2) rare (6-20)
1648,0.7918333,0.20816672,0,421,4) very common (100+)
1649,0.5317306,0.4682694,0,700,4) very common (100+)
1650,0.9429476,0.057052374,0,39,3) common (21-100)
1651,0.44236928,0.5576307,1,58,3) common (21-100)
1652,0.7034872,0.29651278,1,0,1) very rare (1-5)
1653,0.5671313,0.43286872,1,71,3) common (21-100)
1654,0.4050974,0.59490263,1,134,4) very common (100+)
1655,0.1309429,0.8690571,1,2,1) very rare (1-5)
1656,0.6039615,0.39603847,0,182,4) very common (100+)
1657,0.62215376,0.37784624,1,1070,4) very common (100+)
1658,0.08524073,0.9147593,1,55,3) common (21-100)
1659,0.12086091,0.87913907,1,22,3) common (21-100)
1660,0.15804735,0.8419527,1,2,1) very rare (1-5)
1661,0.6118027,0.3881973,1,99,3) common (21-100)
1662,0.99077916,0.009220839,0,62,3) common (21-100)
1663,0.90748507,0.09251493,1,10,2) rare (6-20)
1664,0.14421135,0.85578865,1,0,1) very rare (1-5)
1665,0.67605716,0.32394284,1,2,1) very rare (1-5)
1666,0.8955755,0.10442448,0,421,4) very common (100+)
1667,0.7573062,0.24269378,0,4,1) very rare (1-5)
1668,0.54804,0.45196003,0,22,3) common (21-100)
1669,0.94161606,0.05838394,0,211,4) very common (100+)
1670,0.5201137,0.4798863,1,1070,4) very common (100+)
1671,0.05076638,0.94923365,1,0,1) very rare (1-5)
1672,0.95946604,0.04053396,0,106,4) very common (100+)
1673,0.04898656,0.95101345,1,24,3) common (21-100)
1674,0.7928426,0.20715737,0,26,3) common (21-100)
1675,0.30449617,0.69550383,1,66,3) common (21-100)
1676,0.41275868,0.5872413,1,86,3) common (21-100)
1677,0.59638214,0.40361786,0,343,4) very common (100+)
1678,0.8588076,0.14119238,1,88,3) common (21-100)
1679,0.052330326,0.9476697,1,0,1) very rare (1-5)
1680,0.80966276,0.19033724,0,37,3) common (21-100)
1681,0.52386385,0.47613615,1,24,3) common (21-100)
1682,0.6256416,0.37435842,0,1290,4) very common (100+)
1683,0.47057757,0.5294224,0,343,4) very common (100+)
1684,0.35565555,0.64434445,0,2,1) very rare (1-5)
1685,0.3958479,0.6041521,0,66,3) common (21-100)
1686,0.3252553,0.6747447,1,118,4) very common (100+)
1687,0.9013368,0.09866321,0,1070,4) very common (100+)
1688,0.5146533,0.48534667,0,343,4) very common (100+)
1689,0.086218655,0.91378134,1,0,1) very rare (1-5)
1690,0.68411887,0.31588113,0,1290,4) very common (100+)
1691,0.1521032,0.8478968,1,39,3) common (21-100)
1692,0.95223135,0.047768652,0,17,2) rare (6-20)
1693,0.7357238,0.2642762,0,79,3) common (21-100)
1694,0.41844735,0.5815526,1,70,3) common (21-100)
1695,0.2713668,0.72863317,1,1,1) very rare (1-5)
1696,0.22972046,0.7702795,1,0,1) very rare (1-5)
1697,0.07572814,0.9242719,1,0,1) very rare (1-5)
1698,0.42856812,0.5714319,0,6,2) rare (6-20)
1699,0.38590157,0.6140984,1,0,1) very rare (1-5)
1700,0.68642324,0.31357676,1,0,1) very rare (1-5)
1701,0.18947415,0.81052583,0,3,1) very rare (1-5)
1702,0.9899704,0.010029614,0,23,3) common (21-100)
1703,0.43390468,0.56609535,1,5,1) very rare (1-5)
1704,0.95624024,0.043759763,1,7,2) rare (6-20)
1705,0.021003429,0.9789966,1,7,2) rare (6-20)
1706,0.054722585,0.9452774,1,8,2) rare (6-20)
1707,0.048044853,0.95195514,0,0,1) very rare (1-5)
1708,0.19231482,0.8076852,0,2,1) very rare (1-5)
1709,0.1662863,0.8337137,0,2,1) very rare (1-5)
1710,0.34828052,0.65171945,1,0,1) very rare (1-5)
1711,0.9771065,0.022893488,0,1000,4) very common (100+)
1712,0.42744538,0.5725546,1,16,2) rare (6-20)
1713,0.11003627,0.88996375,1,0,1) very rare (1-5)
1714,0.2189521,0.7810479,0,1,1) very rare (1-5)
1715,0.23900211,0.7609979,0,1070,4) very common (100+)
1716,0.53145784,0.46854216,0,178,4) very common (100+)
1717,0.54361826,0.45638174,1,123,4) very common (100+)
1718,0.6388344,0.36116558,0,41,3) common (21-100)
1719,0.17108041,0.8289196,0,178,4) very common (100+)
1720,0.66617763,0.33382237,1,111,4) very common (100+)
1721,0.4419685,0.5580315,1,1,1) very rare (1-5)
1722,0.94128495,0.058715045,0,421,4) very common (100+)
1723,0.074955635,0.92504436,1,9,2) rare (6-20)
1724,0.2143622,0.7856378,1,0,1) very rare (1-5)
1725,0.953537,0.046463013,0,1070,4) very common (100+)
1726,0.17605145,0.82394856,1,1,1) very rare (1-5)
1727,0.09541035,0.90458965,0,3,1) very rare (1-5)
1728,0.37134126,0.6286588,1,1000,4) very common (100+)
1729,0.37449107,0.6255089,1,118,4) very common (100+)
1730,0.18128143,0.81871855,0,8,2) rare (6-20)
1731,0.9598653,0.040134728,0,1000,4) very common (100+)
1732,0.4772512,0.5227488,0,372,4) very common (100+)
1733,0.8749723,0.12502772,0,105,4) very common (100+)
1734,0.9396939,0.060306072,0,89,3) common (21-100)
1735,0.085895754,0.9141042,1,17,2) rare (6-20)
1736,0.13336824,0.86663175,1,17,2) rare (6-20)
1737,0.7326949,0.26730508,0,7,2) rare (6-20)
1738,0.86434704,0.13565296,1,89,3) common (21-100)
1739,0.72672313,0.27327687,1,343,4) very common (100+)
1740,0.81831765,0.18168235,0,44,3) common (21-100)
1741,0.09956822,0.90043175,1,0,1) very rare (1-5)
1742,0.46150136,0.53849864,1,3,1) very rare (1-5)
1743,0.27599669,0.7240033,1,16,2) rare (6-20)
1744,0.42693114,0.57306886,0,99,3) common (21-100)
1745,0.84595746,0.15404254,0,79,3) common (21-100)
1746,0.12973993,0.87026006,1,0,1) very rare (1-5)
1747,0.81043136,0.18956864,0,55,3) common (21-100)
1748,0.28726205,0.7127379,0,26,3) common (21-100)
1749,0.89726055,0.10273945,0,34,3) common (21-100)
1750,0.14251587,0.8574841,0,22,3) common (21-100)
1751,0.42448375,0.5755162,1,47,3) common (21-100)
1752,0.5860727,0.41392732,0,1000,4) very common (100+)
1753,0.3000573,0.6999427,1,0,1) very rare (1-5)
1754,0.98046863,0.01953137,1,0,1) very rare (1-5)
1755,0.28128433,0.71871567,1,1290,4) very common (100+)
1756,0.04497928,0.9550207,1,0,1) very rare (1-5)
1757,0.23608011,0.7639199,1,134,4) very common (100+)
1758,0.42170557,0.5782944,1,0,1) very rare (1-5)
1759,0.27070272,0.7292973,1,0,1) very rare (1-5)
1760,0.38023347,0.61976653,0,9,2) rare (6-20)
1761,0.036821578,0.9631784,1,12,2) rare (6-20)
1762,0.050949246,0.9490508,1,2,1) very rare (1-5)
1763,0.1113828,0.8886172,0,39,3) common (21-100)
1764,0.4544412,0.5455588,1,81,3) common (21-100)
1765,0.22488765,0.77511233,1,3,1) very rare (1-5)
1766,0.38407898,0.615921,1,6,2) rare (6-20)
1767,0.13826725,0.8617327,1,159,4) very common (100+)
1768,0.574617,0.42538297,0,7,2) rare (6-20)
1769,0.058854744,0.94114524,1,8,2) rare (6-20)
1770,0.8649934,0.1350066,1,17,2) rare (6-20)
1771,0.23025736,0.7697426,0,24,3) common (21-100)
1772,0.9455752,0.054424822,0,700,4) very common (100+)
1773,0.13355969,0.8664403,1,6,2) rare (6-20)
1774,0.13496219,0.8650378,1,2,1) very rare (1-5)
1775,0.7421524,0.2578476,0,2,1) very rare (1-5)
1776,0.8930619,0.10693812,0,700,4) very common (100+)
1777,0.89619565,0.10380435,0,1290,4) very common (100+)
1778,0.44346234,0.5565376,0,5,1) very rare (1-5)
1779,0.038292192,0.96170783,1,0,1) very rare (1-5)
1780,0.56321824,0.43678176,1,27,3) common (21-100)
1781,0.11652841,0.8834716,1,84,3) common (21-100)
1782,0.74783987,0.25216013,0,146,4) very common (100+)
1783,0.39532802,0.60467196,0,43,3) common (21-100)
1784,0.14224447,0.85775554,1,0,1) very rare (1-5)
1785,0.43919796,0.56080204,1,89,3) common (21-100)
1786,0.37079874,0.6292013,0,1,1) very rare (1-5)
1787,0.8241018,0.1758982,0,1290,4) very common (100+)
1788,0.23711999,0.76288,1,0,1) very rare (1-5)
1789,0.5721744,0.42782563,0,8,2) rare (6-20)
1790,0.073974915,0.9260251,1,0,1) very rare (1-5)
1791,0.9766792,0.023320794,1,2,1) very rare (1-5)
1792,0.11347418,0.8865258,1,0,1) very rare (1-5)
1793,0.036462028,0.963538,1,0,1) very rare (1-5)
1794,0.7168912,0.28310877,0,33,3) common (21-100)
1795,0.26737574,0.7326243,1,8,2) rare (6-20)
1796,0.8012363,0.19876373,1,1070,4) very common (100+)
1797,0.23303582,0.7669642,1,70,3) common (21-100)
1798,0.061431766,0.93856823,0,88,3) common (21-100)
1799,0.96017736,0.039822638,0,99,3) common (21-100)
1800,0.324413,0.675587,1,96,3) common (21-100)
1801,0.6187964,0.3812036,0,27,3) common (21-100)
1802,0.48383555,0.5161644,0,1,1) very rare (1-5)
1803,0.21665873,0.7833413,1,92,3) common (21-100)
1804,0.97822636,0.021773636,0,1000,4) very common (100+)
1805,0.17197807,0.82802194,1,1000,4) very common (100+)
1806,0.50220877,0.49779123,0,105,4) very common (100+)
1807,0.48905468,0.5109453,0,20,2) rare (6-20)
1808,0.036293402,0.9637066,1,7,2) rare (6-20)
1809,0.44419715,0.5558028,1,70,3) common (21-100)
1810,0.6691306,0.33086938,0,121,4) very common (100+)
1811,0.9843152,0.015684783,1,54,3) common (21-100)
1812,0.37506297,0.62493706,0,275,4) very common (100+)
1813,0.56041807,0.43958193,1,107,4) very common (100+)
1814,0.3880012,0.6119988,1,28,3) common (21-100)
1815,0.13913679,0.8608632,1,2,1) very rare (1-5)
1816,0.55037427,0.44962573,1,5,1) very rare (1-5)
1817,0.6414347,0.35856527,0,23,3) common (21-100)
1818,0.5075184,0.4924816,0,1290,4) very common (100+)
1819,0.94778264,0.052217364,1,54,3) common (21-100)
1820,0.9673872,0.0326128,0,85,3) common (21-100)
1821,0.30435693,0.69564307,1,2,1) very rare (1-5)
1822,0.17228997,0.82771003,1,32,3) common (21-100)
1823,0.16088383,0.83911616,1,0,1) very rare (1-5)
1824,0.51601726,0.48398274,0,12,2) rare (6-20)
1825,0.8913072,0.108692825,0,700,4) very common (100+)
1826,0.8322192,0.16778082,0,1290,4) very common (100+)
1827,0.19663036,0.80336964,0,134,4) very common (100+)
1828,0.55700296,0.44299704,0,3,1) very rare (1-5)
1829,0.3324143,0.66758573,0,9,2) rare (6-20)
1830,0.7121116,0.2878884,1,223,4) very common (100+)
1831,0.6548319,0.3451681,0,223,4) very common (100+)
1832,0.017532658,0.98246735,1,70,3) common (21-100)
1833,0.20380977,0.79619026,1,4,1) very rare (1-5)
1834,0.120671056,0.87932897,1,17,2) rare (6-20)
1835,0.89585865,0.104141355,0,261,4) very common (100+)
1836,0.98359805,0.016401947,0,1000,4) very common (100+)
1837,0.35736534,0.64263463,1,35,3) common (21-100)
1838,0.58258617,0.41741383,1,1290,4) very common (100+)
1839,0.40452206,0.59547794,0,9,2) rare (6-20)
1840,0.5812604,0.41873962,1,1290,4) very common (100+)
1841,0.077071875,0.9229281,1,0,1) very rare (1-5)
1842,0.9698546,0.030145407,0,1000,4) very common (100+)
1843,0.35298643,0.64701355,0,91,3) common (21-100)
1844,0.5304078,0.4695922,0,6,2) rare (6-20)
1845,0.9411973,0.058802724,0,1290,4) very common (100+)
1846,0.1474828,0.8525172,1,18,2) rare (6-20)
1847,0.79216754,0.20783246,1,16,2) rare (6-20)
1848,0.035407525,0.96459246,1,0,1) very rare (1-5)
1849,0.52610177,0.47389823,1,24,3) common (21-100)
1850,0.27446875,0.7255312,1,118,4) very common (100+)
1851,0.28962332,0.7103767,1,14,2) rare (6-20)
1852,0.094355926,0.90564406,1,3,1) very rare (1-5)
1853,0.77987736,0.22012264,1,102,4) very common (100+)
1854,0.874691,0.12530899,0,66,3) common (21-100)
1855,0.9231854,0.07681459,0,35,3) common (21-100)
1856,0.6024943,0.3975057,0,52,3) common (21-100)
1857,0.7263579,0.27364212,0,1290,4) very common (100+)
1858,0.19474895,0.80525106,1,0,1) very rare (1-5)
1859,0.8971237,0.102876306,0,50,3) common (21-100)
1860,0.9515553,0.04844469,0,1000,4) very common (100+)
1861,0.61727834,0.38272166,0,4,1) very rare (1-5)
1862,0.29602316,0.70397687,0,5,1) very rare (1-5)
1863,0.15226568,0.84773433,1,92,3) common (21-100)
1864,0.78341347,0.21658653,0,53,3) common (21-100)
1865,0.9140851,0.08591491,0,2,1) very rare (1-5)
1866,0.42172912,0.5782709,1,3,1) very rare (1-5)
1867,0.6863094,0.3136906,0,68,3) common (21-100)
1868,0.21072595,0.78927404,1,0,1) very rare (1-5)
1869,0.78379095,0.21620905,0,8,2) rare (6-20)
1870,0.39286476,0.60713524,1,0,1) very rare (1-5)
1871,0.4832624,0.5167376,0,47,3) common (21-100)
1872,0.433802,0.566198,0,0,1) very rare (1-5)
1873,0.61264586,0.38735414,1,19,2) rare (6-20)
1874,0.03801339,0.9619866,1,0,1) very rare (1-5)
1875,0.9501686,0.04983139,0,372,4) very common (100+)
1876,0.79191685,0.20808315,0,142,4) very common (100+)
1877,0.9933861,0.00661391,0,1000,4) very common (100+)
1878,0.27576187,0.72423816,0,178,4) very common (100+)
1879,0.20490856,0.79509145,1,9,2) rare (6-20)
1880,0.090230376,0.90976965,1,14,2) rare (6-20)
1881,0.06831821,0.9316818,0,2,1) very rare (1-5)
1882,0.31738994,0.68261003,0,1,1) very rare (1-5)
1883,0.04915925,0.9508408,1,4,1) very rare (1-5)
1884,0.28711355,0.71288645,1,0,1) very rare (1-5)
1885,0.34220976,0.65779024,1,0,1) very rare (1-5)
1886,0.66879123,0.33120877,1,1290,4) very common (100+)
1887,0.42178527,0.57821476,0,5,1) very rare (1-5)
1888,0.9291709,0.07082909,0,700,4) very common (100+)
1889,0.9426433,0.057356715,0,1000,4) very common (100+)
1890,0.2567447,0.74325526,0,237,4) very common (100+)
1891,0.74838203,0.25161797,1,8,2) rare (6-20)
1892,0.67333394,0.32666606,1,1,1) very rare (1-5)
1893,0.5962448,0.4037552,0,2,1) very rare (1-5)
1894,0.66550106,0.33449894,0,47,3) common (21-100)
1895,0.93315053,0.06684947,1,6,2) rare (6-20)
1896,0.12931871,0.8706813,1,0,1) very rare (1-5)
1897,0.43522164,0.5647783,1,2,1) very rare (1-5)
1898,0.5343902,0.4656098,1,71,3) common (21-100)
1899,0.43102667,0.5689733,1,7,2) rare (6-20)
1900,0.41275698,0.587243,0,1000,4) very common (100+)
1901,0.10202519,0.8979748,1,2,1) very rare (1-5)
1902,0.17600676,0.8239932,1,2,1) very rare (1-5)
1903,0.2582644,0.7417356,1,44,3) common (21-100)
1904,0.48084745,0.5191525,1,44,3) common (21-100)
1905,0.9529788,0.04702121,0,50,3) common (21-100)
1906,0.590206,0.40979397,1,39,3) common (21-100)
1907,0.6196852,0.38031483,0,3,1) very rare (1-5)
1908,0.15803438,0.8419656,1,1,1) very rare (1-5)
1909,0.3963096,0.6036904,1,159,4) very common (100+)
1910,0.17913294,0.82086706,1,7,2) rare (6-20)
1911,0.8353455,0.1646545,1,1290,4) very common (100+)
1912,0.99287224,0.007127762,0,53,3) common (21-100)
1913,0.8026809,0.19731909,1,17,2) rare (6-20)
1914,0.7413579,0.25864208,0,343,4) very common (100+)
1915,0.63401157,0.36598843,1,7,2) rare (6-20)
1916,0.5241212,0.47587878,1,99,3) common (21-100)
1917,0.4290149,0.5709851,0,3,1) very rare (1-5)
1918,0.21858226,0.7814177,1,0,1) very rare (1-5)
1919,0.05219427,0.9478057,1,0,1) very rare (1-5)
1920,0.53135777,0.46864223,1,0,1) very rare (1-5)
1921,0.090881504,0.9091185,1,41,3) common (21-100)
1922,0.45811412,0.54188585,1,33,3) common (21-100)
1923,0.27168885,0.7283112,1,17,2) rare (6-20)
1924,0.13460897,0.865391,1,36,3) common (21-100)
1925,0.22427903,0.77572095,0,5,1) very rare (1-5)
1926,0.466796,0.53320396,0,223,4) very common (100+)
1927,0.9929536,0.0070464015,0,1000,4) very common (100+)
1928,0.4918241,0.5081759,0,146,4) very common (100+)
1929,0.048650276,0.95134974,1,1,1) very rare (1-5)
1930,0.4419466,0.5580534,0,4,1) very rare (1-5)
1931,0.37525994,0.62474006,1,0,1) very rare (1-5)
1932,0.9898357,0.0101643205,0,1000,4) very common (100+)
1933,0.53193694,0.46806306,0,100,3) common (21-100)
1934,0.54405594,0.45594406,0,343,4) very common (100+)
1935,0.20627119,0.7937288,1,0,1) very rare (1-5)
1936,0.3941102,0.6058898,1,2,1) very rare (1-5)
1937,0.62255144,0.37744856,1,88,3) common (21-100)
1938,0.7821284,0.2178716,1,96,3) common (21-100)
1939,0.5569688,0.4430312,0,25,3) common (21-100)
1940,0.52196586,0.47803414,1,1290,4) very common (100+)
1941,0.53039056,0.46960944,1,0,1) very rare (1-5)
1942,0.6296038,0.3703962,0,5,1) very rare (1-5)
1943,0.5256333,0.47436672,0,1290,4) very common (100+)
1944,0.50283974,0.49716026,0,0,1) very rare (1-5)
1945,0.09007345,0.90992653,1,142,4) very common (100+)
1946,0.92821074,0.071789265,0,421,4) very common (100+)
1947,0.8754491,0.12455088,1,12,2) rare (6-20)
1948,0.4790899,0.52091014,0,1070,4) very common (100+)
1949,0.41963762,0.5803624,1,1,1) very rare (1-5)
1950,0.58771265,0.41228735,0,118,4) very common (100+)
1951,0.014713567,0.9852864,1,0,1) very rare (1-5)
1952,0.45485768,0.5451423,1,23,3) common (21-100)
1953,0.6409854,0.35901457,0,21,3) common (21-100)
1954,0.82351094,0.17648906,0,3,1) very rare (1-5)
1955,0.43570638,0.5642936,0,40,3) common (21-100)
1956,0.51662666,0.48337334,1,14,2) rare (6-20)
1957,0.81896055,0.18103945,0,5,1) very rare (1-5)
1958,0.31961638,0.6803836,1,21,3) common (21-100)
1959,0.86734647,0.13265353,0,421,4) very common (100+)
1960,0.7243034,0.27569658,1,8,2) rare (6-20)
1961,0.0447158,0.9552842,0,1,1) very rare (1-5)
1962,0.16366638,0.83633363,1,38,3) common (21-100)
1963,0.42786542,0.5721346,1,160,4) very common (100+)
1964,0.18939118,0.8106088,1,5,1) very rare (1-5)
1965,0.23765735,0.76234263,1,134,4) very common (100+)
1966,0.3493936,0.6506064,0,22,3) common (21-100)
1967,0.863693,0.136307,1,142,4) very common (100+)
1968,0.33796257,0.66203743,1,2,1) very rare (1-5)
1969,0.6396474,0.36035258,0,3,1) very rare (1-5)
1970,0.53916854,0.46083146,1,1290,4) very common (100+)
1971,0.87372094,0.12627906,0,10,2) rare (6-20)
1972,0.08192672,0.9180733,0,0,1) very rare (1-5)
1973,0.028382104,0.9716179,1,14,2) rare (6-20)
1974,0.14048691,0.8595131,1,0,1) very rare (1-5)
1975,0.1265419,0.8734581,1,2,1) very rare (1-5)
1976,0.9753128,0.024687171,0,700,4) very common (100+)
1977,0.117072344,0.88292766,1,4,1) very rare (1-5)
1978,0.16048066,0.8395193,0,7,2) rare (6-20)
1979,0.06718499,0.932815,1,2,1) very rare (1-5)
1980,0.38476115,0.61523885,1,58,3) common (21-100)
1981,0.9821768,0.01782322,0,89,3) common (21-100)
1982,0.52059954,0.47940046,1,1070,4) very common (100+)
1983,0.34469524,0.6553048,1,3,1) very rare (1-5)
1984,0.2623273,0.7376727,1,0,1) very rare (1-5)
1985,0.25011986,0.74988014,1,1,1) very rare (1-5)
1986,0.66558987,0.33441013,0,5,1) very rare (1-5)
1987,0.8945745,0.10542548,0,99,3) common (21-100)
1988,0.9495495,0.050450504,0,421,4) very common (100+)
1989,0.097953066,0.9020469,0,0,1) very rare (1-5)
1990,0.44227725,0.55772275,1,5,1) very rare (1-5)
1991,0.4845435,0.5154565,0,60,3) common (21-100)
1992,0.23049532,0.76950467,1,1,1) very rare (1-5)
1993,0.34738198,0.65261805,1,2,1) very rare (1-5)
1994,0.3368034,0.66319656,1,99,3) common (21-100)
1995,0.71758926,0.28241074,1,160,4) very common (100+)
1996,0.75351685,0.24648315,0,2,1) very rare (1-5)
1997,0.09454803,0.90545195,1,9,2) rare (6-20)
1998,0.9027731,0.09722692,0,237,4) very common (100+)
1999,0.557801,0.442199,0,28,3) common (21-100)
2000,0.09438373,0.9056163,0,1,1) very rare (1-5)
2001,0.91403246,0.08596754,0,166,4) very common (100+)
2002,0.31377488,0.6862251,0,88,3) common (21-100)
2003,0.75054294,0.24945706,1,19,2) rare (6-20)
2004,0.54914844,0.45085156,1,1290,4) very common (100+)
2005,0.62619317,0.37380683,0,1290,4) very common (100+)
2006,0.14404975,0.85595024,1,118,4) very common (100+)
2007,0.56532604,0.43467396,0,118,4) very common (100+)
2008,0.87638444,0.12361556,0,372,4) very common (100+)
2009,0.69951165,0.30048835,0,37,3) common (21-100)
2010,0.21568373,0.7843163,1,7,2) rare (6-20)
2011,0.4743554,0.5256446,0,29,3) common (21-100)
2012,0.046915036,0.95308495,1,0,1) very rare (1-5)
2013,0.2799247,0.7200753,0,68,3) common (21-100)
2014,0.53359115,0.46640885,1,27,3) common (21-100)
2015,0.2971057,0.70289433,0,3,1) very rare (1-5)
2016,0.5176684,0.48233157,0,166,4) very common (100+)
2017,0.66884124,0.33115876,1,261,4) very common (100+)
2018,0.44313398,0.55686605,1,18,2) rare (6-20)
2019,0.8435199,0.15648007,1,62,3) common (21-100)
2020,0.022665467,0.97733456,1,0,1) very rare (1-5)
2021,0.056992065,0.94300795,1,16,2) rare (6-20)
2022,0.97842145,0.02157855,0,47,3) common (21-100)
2023,0.06865053,0.93134946,1,5,1) very rare (1-5)
2024,0.25222546,0.74777454,1,38,3) common (21-100)
2025,0.091070555,0.90892947,1,0,1) very rare (1-5)
2026,0.24077213,0.7592279,1,145,4) very common (100+)
2027,0.93351895,0.066481054,0,28,3) common (21-100)
2028,0.92201835,0.07798165,0,372,4) very common (100+)
2029,0.8471307,0.15286928,0,58,3) common (21-100)
2030,0.8524503,0.14754969,1,16,2) rare (6-20)
2031,0.87028575,0.12971425,0,1000,4) very common (100+)
2032,0.74222547,0.25777453,0,134,4) very common (100+)
2033,0.10915662,0.8908434,1,1,1) very rare (1-5)
2034,0.35863137,0.6413686,0,68,3) common (21-100)
2035,0.6302021,0.3697979,0,106,4) very common (100+)
2036,0.23221916,0.76778084,0,7,2) rare (6-20)
2037,0.4620298,0.5379702,1,134,4) very common (100+)
2038,0.07845647,0.92154354,1,0,1) very rare (1-5)
2039,0.72212017,0.27787983,0,9,2) rare (6-20)
2040,0.4923672,0.5076328,0,15,2) rare (6-20)
2041,0.062345758,0.93765426,1,4,1) very rare (1-5)
2042,0.086290225,0.91370976,0,118,4) very common (100+)
2043,0.8768622,0.12313777,0,11,2) rare (6-20)
2044,0.16977412,0.8302259,1,1,1) very rare (1-5)
2045,0.97423923,0.02576077,1,54,3) common (21-100)
2046,0.83158755,0.16841245,1,16,2) rare (6-20)
2047,0.51232135,0.48767865,0,275,4) very common (100+)
2048,0.14727676,0.85272324,1,6,2) rare (6-20)
2049,0.21905117,0.7809488,1,47,3) common (21-100)
2050,0.15420751,0.8457925,0,5,1) very rare (1-5)
2051,0.74424607,0.25575393,0,1070,4) very common (100+)
2052,0.12801853,0.8719815,1,3,1) very rare (1-5)
2053,0.07513879,0.9248612,1,70,3) common (21-100)
2054,0.7831971,0.2168029,0,19,2) rare (6-20)
2055,0.5061881,0.4938119,0,3,1) very rare (1-5)
2056,0.71247566,0.28752434,0,421,4) very common (100+)
2057,0.9448629,0.055137098,1,1,1) very rare (1-5)
2058,0.87855816,0.12144184,0,275,4) very common (100+)
2059,0.98927015,0.010729849,0,421,4) very common (100+)
2060,0.6111394,0.38886058,0,36,3) common (21-100)
2061,0.9065786,0.0934214,0,142,4) very common (100+)
2062,0.1421397,0.8578603,1,0,1) very rare (1-5)
2063,0.50100243,0.49899757,0,9,2) rare (6-20)
2064,0.9723442,0.02765578,0,1000,4) very common (100+)
2065,0.7157212,0.2842788,0,105,4) very common (100+)
2066,0.48440567,0.51559436,1,1290,4) very common (100+)
2067,0.056690894,0.9433091,1,3,1) very rare (1-5)
2068,0.29809657,0.70190346,1,3,1) very rare (1-5)
2069,0.23941272,0.7605873,1,4,1) very rare (1-5)
2070,0.26994634,0.73005366,1,0,1) very rare (1-5)
2071,0.50812733,0.49187267,1,1290,4) very common (100+)
2072,0.46999252,0.5300075,1,0,1) very rare (1-5)
2073,0.33919466,0.66080534,0,102,4) very common (100+)
2074,0.860796,0.13920403,1,4,1) very rare (1-5)
2075,0.118241936,0.8817581,1,13,2) rare (6-20)
2076,0.6272104,0.37278962,0,36,3) common (21-100)
2077,0.13584001,0.86416,1,7,2) rare (6-20)
2078,0.32042828,0.67957175,0,24,3) common (21-100)
2079,0.98043126,0.019568741,0,211,4) very common (100+)
2080,0.20647003,0.79353,0,0,1) very rare (1-5)
2081,0.97635084,0.023649156,0,85,3) common (21-100)
2082,0.40818396,0.59181607,0,105,4) very common (100+)
2083,0.15195914,0.8480409,0,5,1) very rare (1-5)
2084,0.99154073,0.00845927,0,182,4) very common (100+)
2085,0.3612167,0.63878334,1,3,1) very rare (1-5)
2086,0.6157835,0.3842165,0,275,4) very common (100+)
2087,0.17203192,0.82796806,1,0,1) very rare (1-5)
2088,0.7371716,0.2628284,0,121,4) very common (100+)
2089,0.9248452,0.07515478,0,142,4) very common (100+)
2090,0.14321044,0.8567896,1,15,2) rare (6-20)
2091,0.32488334,0.67511666,1,9,2) rare (6-20)
2092,0.20858695,0.79141307,0,1,1) very rare (1-5)
2093,0.61383665,0.38616335,0,7,2) rare (6-20)
2094,0.42669672,0.5733033,1,22,3) common (21-100)
2095,0.039190598,0.9608094,1,0,1) very rare (1-5)
2096,0.3159245,0.6840755,0,27,3) common (21-100)
2097,0.22006401,0.77993596,0,237,4) very common (100+)
2098,0.15538776,0.84461224,1,17,2) rare (6-20)
2099,0.6492534,0.35074657,1,0,1) very rare (1-5)
2100,0.208581,0.791419,1,1,1) very rare (1-5)
2101,0.7997206,0.20027941,0,700,4) very common (100+)
2102,0.30920056,0.6907995,0,0,1) very rare (1-5)
2103,0.5509156,0.4490844,1,79,3) common (21-100)
2104,0.25773135,0.7422687,1,0,1) very rare (1-5)
2105,0.24363887,0.7563611,0,1,1) very rare (1-5)
2106,0.085289784,0.9147102,1,7,2) rare (6-20)
2107,0.60642993,0.39357007,1,0,1) very rare (1-5)
2108,0.4721483,0.5278517,1,6,2) rare (6-20)
2109,0.2757162,0.7242838,1,0,1) very rare (1-5)
2110,0.96472114,0.035278857,0,1000,4) very common (100+)
2111,0.7861597,0.2138403,0,123,4) very common (100+)
2112,0.76441294,0.23558706,1,2,1) very rare (1-5)
2113,0.09205935,0.9079406,1,41,3) common (21-100)
2114,0.51540023,0.48459977,1,700,4) very common (100+)
2115,0.4709838,0.5290162,1,26,3) common (21-100)
2116,0.0078993365,0.99210066,1,0,1) very rare (1-5)
2117,0.60021293,0.39978707,0,24,3) common (21-100)
2118,0.7761235,0.22387648,0,39,3) common (21-100)
2119,0.8864181,0.113581896,0,1070,4) very common (100+)
2120,0.5191047,0.48089528,1,1070,4) very common (100+)
2121,0.99091923,0.009080768,1,76,3) common (21-100)
2122,0.22054611,0.7794539,1,372,4) very common (100+)
2123,0.94572264,0.05427736,0,37,3) common (21-100)
2124,0.94293946,0.05706054,0,700,4) very common (100+)
2125,0.15560615,0.84439385,0,47,3) common (21-100)
2126,0.96391046,0.03608954,0,99,3) common (21-100)
2127,0.13516699,0.864833,1,42,3) common (21-100)
2128,0.53465563,0.46534437,0,28,3) common (21-100)
2129,0.08327783,0.9167222,1,0,1) very rare (1-5)
2130,0.54120886,0.45879114,0,78,3) common (21-100)
2131,0.20108944,0.79891056,1,58,3) common (21-100)
2132,0.5142949,0.48570508,1,1,1) very rare (1-5)
2133,0.94804215,0.051957846,0,159,4) very common (100+)
2134,0.20841283,0.7915872,1,0,1) very rare (1-5)
2135,0.44255766,0.5574423,1,76,3) common (21-100)
2136,0.71810395,0.28189605,0,7,2) rare (6-20)
2137,0.9816736,0.018326402,1,16,2) rare (6-20)
2138,0.38388312,0.6161169,1,70,3) common (21-100)
2139,0.48811287,0.51188713,1,134,4) very common (100+)
2140,0.7558558,0.2441442,1,0,1) very rare (1-5)
2141,0.9780855,0.021914482,0,12,2) rare (6-20)
2142,0.77184695,0.22815305,0,42,3) common (21-100)
2143,0.16600798,0.833992,1,3,1) very rare (1-5)
2144,0.94944054,0.05055946,0,99,3) common (21-100)
2145,0.18271725,0.81728274,1,6,2) rare (6-20)
2146,0.31054908,0.6894509,1,178,4) very common (100+)
2147,0.32883775,0.67116225,0,68,3) common (21-100)
2148,0.65341616,0.34658384,0,13,2) rare (6-20)
2149,0.3022567,0.6977433,1,5,1) very rare (1-5)
2150,0.6865801,0.31341988,0,0,1) very rare (1-5)
2151,0.27432254,0.7256775,1,26,3) common (21-100)
2152,0.14270681,0.8572932,1,3,1) very rare (1-5)
2153,0.21395807,0.7860419,1,1,1) very rare (1-5)
2154,0.5341554,0.46584457,0,2,1) very rare (1-5)
2155,0.16068602,0.839314,1,6,2) rare (6-20)
2156,0.22067676,0.7793232,1,5,1) very rare (1-5)
2157,0.94266075,0.05733925,0,29,3) common (21-100)
2158,0.753244,0.24675602,1,43,3) common (21-100)
2159,0.8711148,0.12888521,1,1290,4) very common (100+)
2160,0.7782199,0.22178012,0,1290,4) very common (100+)
2161,0.42516977,0.57483023,1,0,1) very rare (1-5)
2162,0.73178035,0.26821965,0,105,4) very common (100+)
2163,0.63625443,0.36374557,0,142,4) very common (100+)
2164,0.062910736,0.93708926,1,39,3) common (21-100)
2165,0.25928107,0.74071896,1,1,1) very rare (1-5)
2166,0.2413193,0.7586807,0,17,2) rare (6-20)
2167,0.4741471,0.5258529,0,2,1) very rare (1-5)
2168,0.30624646,0.69375354,1,1,1) very rare (1-5)
2169,0.83407116,0.16592884,0,52,3) common (21-100)
2170,0.54911035,0.45088965,0,20,2) rare (6-20)
2171,0.48285446,0.5171455,1,2,1) very rare (1-5)
2172,0.35756147,0.64243853,1,3,1) very rare (1-5)
2173,0.42323995,0.57676005,0,0,1) very rare (1-5)
2174,0.09272648,0.90727353,0,2,1) very rare (1-5)
2175,0.37183505,0.62816495,1,3,1) very rare (1-5)
2176,0.6723554,0.3276446,0,6,2) rare (6-20)
2177,0.6259849,0.3740151,1,275,4) very common (100+)
2178,0.058045395,0.9419546,1,0,1) very rare (1-5)
2179,0.7702986,0.2297014,0,56,3) common (21-100)
2180,0.19406416,0.80593586,0,178,4) very common (100+)
2181,0.22935604,0.77064395,0,36,3) common (21-100)
2182,0.073920205,0.9260798,1,0,1) very rare (1-5)
2183,0.5357015,0.4642985,1,142,4) very common (100+)
2184,0.9686915,0.031308472,1,30,3) common (21-100)
2185,0.63787174,0.36212826,1,9,2) rare (6-20)
2186,0.47851133,0.52148867,1,92,3) common (21-100)
2187,0.18801074,0.81198925,0,223,4) very common (100+)
2188,0.46684802,0.533152,1,0,1) very rare (1-5)
2189,0.474441,0.525559,0,37,3) common (21-100)
2190,0.67050767,0.32949233,0,1290,4) very common (100+)
2191,0.5355325,0.46446753,1,45,3) common (21-100)
2192,0.25918713,0.7408129,1,8,2) rare (6-20)
2193,0.16747977,0.83252025,1,0,1) very rare (1-5)
2194,0.5673144,0.4326856,1,1290,4) very common (100+)
2195,0.29162702,0.70837295,0,0,1) very rare (1-5)
2196,0.0856566,0.9143434,1,0,1) very rare (1-5)
2197,0.85603625,0.14396375,0,372,4) very common (100+)
2198,0.11191901,0.888081,1,15,2) rare (6-20)
2199,0.05818182,0.9418182,1,4,1) very rare (1-5)
2200,0.65852135,0.34147865,0,1000,4) very common (100+)
2201,0.81540024,0.18459976,0,1070,4) very common (100+)
2202,0.6331834,0.36681658,1,159,4) very common (100+)
2203,0.15811715,0.8418828,0,2,1) very rare (1-5)
2204,0.4483688,0.5516312,0,1070,4) very common (100+)
2205,0.56381327,0.43618673,1,1,1) very rare (1-5)
2206,0.04538634,0.9546137,0,88,3) common (21-100)
2207,0.36470476,0.6352953,1,5,1) very rare (1-5)
2208,0.97891337,0.021086633,0,99,3) common (21-100)
2209,0.70471734,0.29528266,0,89,3) common (21-100)
2210,0.19629212,0.8037079,1,1,1) very rare (1-5)
2211,0.30024666,0.69975334,0,15,2) rare (6-20)
2212,0.49308467,0.50691533,1,39,3) common (21-100)
2213,0.5167523,0.4832477,0,237,4) very common (100+)
2214,0.31984803,0.68015194,0,21,3) common (21-100)
2215,0.24364537,0.75635463,1,0,1) very rare (1-5)
2216,0.55490375,0.44509625,0,41,3) common (21-100)
2217,0.7797903,0.22020972,0,24,3) common (21-100)
2218,0.19062047,0.8093795,1,0,1) very rare (1-5)
2219,0.37599573,0.62400424,0,23,3) common (21-100)
2220,0.2250355,0.7749645,0,6,2) rare (6-20)
2221,0.28493628,0.7150637,0,14,2) rare (6-20)
2222,0.15368925,0.84631073,0,6,2) rare (6-20)
2223,0.08519429,0.9148057,0,1,1) very rare (1-5)
2224,0.49772155,0.50227845,0,4,1) very rare (1-5)
2225,0.48713422,0.5128658,0,2,1) very rare (1-5)
2226,0.42652252,0.5734775,1,268,4) very common (100+)
2227,0.24032848,0.7596715,0,9,2) rare (6-20)
2228,0.6907512,0.3092488,1,0,1) very rare (1-5)
2229,0.7985454,0.20145458,0,700,4) very common (100+)
2230,0.9236048,0.07639521,0,421,4) very common (100+)
2231,0.24764141,0.75235856,0,0,1) very rare (1-5)
2232,0.19868803,0.80131197,0,4,1) very rare (1-5)
2233,0.11906096,0.880939,1,19,2) rare (6-20)
2234,0.2661168,0.7338832,0,159,4) very common (100+)
2235,0.035457697,0.9645423,1,0,1) very rare (1-5)
2236,0.41451788,0.5854821,0,13,2) rare (6-20)
2237,0.07510704,0.92489296,1,6,2) rare (6-20)
2238,0.9601984,0.039801598,0,421,4) very common (100+)
2239,0.19194733,0.80805266,0,8,2) rare (6-20)
2240,0.5489549,0.4510451,1,20,2) rare (6-20)
2241,0.6605828,0.33941722,0,121,4) very common (100+)
2242,0.5266441,0.4733559,1,1,1) very rare (1-5)
2243,0.29682347,0.7031765,1,2,1) very rare (1-5)
2244,0.92941964,0.07058036,0,24,3) common (21-100)
2245,0.41387683,0.58612317,1,44,3) common (21-100)
2246,0.2014297,0.7985703,1,0,1) very rare (1-5)
2247,0.83909255,0.16090745,1,421,4) very common (100+)
2248,0.51611423,0.48388577,0,1000,4) very common (100+)
2249,0.9387978,0.061202228,0,700,4) very common (100+)
2250,0.12830284,0.8716972,0,2,1) very rare (1-5)
2251,0.4416911,0.5583089,1,9,2) rare (6-20)
2252,0.21864961,0.7813504,0,94,3) common (21-100)
2253,0.48488274,0.5151173,0,145,4) very common (100+)
2254,0.51786804,0.48213196,0,1290,4) very common (100+)
2255,0.2676898,0.7323102,1,1,1) very rare (1-5)
2256,0.14432625,0.85567373,1,1,1) very rare (1-5)
2257,0.24958798,0.750412,0,27,3) common (21-100)
2258,0.44402653,0.5559735,1,106,4) very common (100+)
2259,0.26116455,0.73883545,0,5,1) very rare (1-5)
2260,0.0755728,0.9244272,0,118,4) very common (100+)
2261,0.17568387,0.82431614,1,3,1) very rare (1-5)
2262,0.15255153,0.84744847,1,0,1) very rare (1-5)
2263,0.69091374,0.30908626,0,29,3) common (21-100)
2264,0.098922886,0.9010771,1,2,1) very rare (1-5)
2265,0.49290898,0.50709105,1,134,4) very common (100+)
2266,0.8529185,0.1470815,0,71,3) common (21-100)
2267,0.10819349,0.8918065,1,0,1) very rare (1-5)
2268,0.20452246,0.7954775,1,118,4) very common (100+)
2269,0.55917895,0.44082105,0,2,1) very rare (1-5)
2270,0.8344198,0.16558021,0,2,1) very rare (1-5)
2271,0.18717672,0.8128233,1,0,1) very rare (1-5)
2272,0.37424958,0.6257504,1,100,3) common (21-100)
2273,0.9081886,0.09181142,0,19,2) rare (6-20)
2274,0.6778104,0.32218963,1,78,3) common (21-100)
2275,0.9792731,0.02072692,0,1000,4) very common (100+)
2276,0.3173522,0.6826478,0,343,4) very common (100+)
2277,0.41406956,0.58593047,1,51,3) common (21-100)
2278,0.89785415,0.10214585,0,1070,4) very common (100+)
2279,0.4282596,0.5717404,0,7,2) rare (6-20)
2280,0.35199678,0.6480032,0,2,1) very rare (1-5)
2281,0.21776694,0.78223306,1,1,1) very rare (1-5)
2282,0.6473468,0.3526532,1,65,3) common (21-100)
2283,0.0897197,0.9102803,1,0,1) very rare (1-5)
2284,0.7611689,0.2388311,0,33,3) common (21-100)
2285,0.7911039,0.2088961,0,1000,4) very common (100+)
2286,0.17948817,0.8205118,1,0,1) very rare (1-5)
2287,0.40160054,0.59839946,1,107,4) very common (100+)
2288,0.88062865,0.119371355,1,106,4) very common (100+)
2289,0.73877215,0.26122785,1,1070,4) very common (100+)
2290,0.30481434,0.69518566,1,0,1) very rare (1-5)
2291,0.6343346,0.36566538,0,237,4) very common (100+)
2292,0.32041293,0.67958707,0,40,3) common (21-100)
2293,0.35712647,0.6428735,1,0,1) very rare (1-5)
2294,0.14222027,0.85777974,1,0,1) very rare (1-5)
2295,0.8525606,0.14743942,1,6,2) rare (6-20)
2296,0.19228017,0.8077198,1,0,1) very rare (1-5)
2297,0.2580131,0.7419869,1,0,1) very rare (1-5)
2298,0.4305018,0.5694982,1,121,4) very common (100+)
2299,0.82592684,0.17407316,1,372,4) very common (100+)
2300,0.08131768,0.91868234,1,7,2) rare (6-20)
2301,0.13039932,0.86960065,1,26,3) common (21-100)
2302,0.16349691,0.8365031,1,0,1) very rare (1-5)
2303,0.6905626,0.3094374,1,89,3) common (21-100)
2304,0.9873071,0.012692928,0,211,4) very common (100+)
2305,0.93507695,0.06492305,0,1000,4) very common (100+)
2306,0.46304917,0.5369508,0,100,3) common (21-100)
2307,0.07939785,0.92060214,0,0,1) very rare (1-5)
2308,0.9081796,0.09182042,1,0,1) very rare (1-5)
2309,0.51951045,0.48048955,0,105,4) very common (100+)
2310,0.47956294,0.52043706,1,1290,4) very common (100+)
2311,0.5300593,0.46994072,0,39,3) common (21-100)
2312,0.045134958,0.95486504,1,0,1) very rare (1-5)
2313,0.54162174,0.45837826,1,1070,4) very common (100+)
2314,0.092309654,0.90769035,1,1,1) very rare (1-5)
2315,0.68912095,0.31087905,1,0,1) very rare (1-5)
2316,0.9182815,0.081718504,1,70,3) common (21-100)
2317,0.7352007,0.2647993,0,268,4) very common (100+)
2318,0.9662923,0.03370768,0,261,4) very common (100+)
2319,0.34911305,0.65088695,0,62,3) common (21-100)
2320,0.4228376,0.5771624,0,1070,4) very common (100+)
2321,0.3280161,0.6719839,0,2,1) very rare (1-5)
2322,0.53074694,0.46925306,0,7,2) rare (6-20)
2323,0.11891796,0.88108206,1,0,1) very rare (1-5)
2324,0.16936213,0.8306379,0,3,1) very rare (1-5)
2325,0.8336882,0.1663118,0,37,3) common (21-100)
2326,0.65584886,0.34415114,1,0,1) very rare (1-5)
2327,0.84429026,0.15570974,0,12,2) rare (6-20)
2328,0.15067163,0.8493284,1,1,1) very rare (1-5)
2329,0.43777913,0.5622209,0,58,3) common (21-100)
2330,0.50713587,0.49286413,1,89,3) common (21-100)
2331,0.8338952,0.1661048,1,275,4) very common (100+)
2332,0.4986278,0.5013722,1,14,2) rare (6-20)
2333,0.3028885,0.6971115,1,0,1) very rare (1-5)
2334,0.19883065,0.80116934,0,45,3) common (21-100)
2335,0.42016783,0.5798322,0,1290,4) very common (100+)
2336,0.9239071,0.0760929,0,13,2) rare (6-20)
2337,0.10142716,0.89857286,1,2,1) very rare (1-5)
2338,0.18979836,0.81020164,1,14,2) rare (6-20)
2339,0.43552753,0.56447244,0,1070,4) very common (100+)
2340,0.91187185,0.08812815,0,1000,4) very common (100+)
2341,0.06952921,0.93047076,1,16,2) rare (6-20)
2342,0.10813951,0.8918605,1,111,4) very common (100+)
2343,0.7097252,0.2902748,0,25,3) common (21-100)
2344,0.6396894,0.3603106,0,23,3) common (21-100)
2345,0.4711926,0.5288074,0,1070,4) very common (100+)
2346,0.10832867,0.8916713,1,1,1) very rare (1-5)
2347,0.35139647,0.64860356,1,19,2) rare (6-20)
2348,0.16646118,0.83353883,0,7,2) rare (6-20)
2349,0.7511932,0.24880677,0,159,4) very common (100+)
2350,0.14529105,0.85470897,1,0,1) very rare (1-5)
2351,0.60388273,0.39611727,1,69,3) common (21-100)
2352,0.35065925,0.64934075,0,43,3) common (21-100)
2353,0.7160822,0.28391778,1,146,4) very common (100+)
2354,0.14517851,0.8548215,1,4,1) very rare (1-5)
2355,0.42991146,0.5700885,1,0,1) very rare (1-5)
2356,0.45381868,0.5461813,1,9,2) rare (6-20)
2357,0.23567656,0.7643235,0,6,2) rare (6-20)
2358,0.08793787,0.9120621,1,2,1) very rare (1-5)
2359,0.52424425,0.47575575,0,92,3) common (21-100)
2360,0.972661,0.027338982,0,274,4) very common (100+)
2361,0.76248884,0.23751116,0,9,2) rare (6-20)
2362,0.35953125,0.6404687,1,31,3) common (21-100)
2363,0.650982,0.34901798,0,23,3) common (21-100)
2364,0.2098067,0.7901933,1,38,3) common (21-100)
2365,0.70348597,0.29651403,1,1070,4) very common (100+)
2366,0.5381445,0.46185547,1,0,1) very rare (1-5)
2367,0.96364623,0.036353767,0,99,3) common (21-100)
2368,0.20848113,0.79151887,1,5,1) very rare (1-5)
2369,0.2044555,0.7955445,0,8,2) rare (6-20)
2370,0.50141203,0.49858797,1,0,1) very rare (1-5)
2371,0.1711727,0.8288273,1,2,1) very rare (1-5)
2372,0.175017,0.824983,1,5,1) very rare (1-5)
2373,0.47681108,0.52318895,1,268,4) very common (100+)
2374,0.13729675,0.86270326,1,0,1) very rare (1-5)
2375,0.12389356,0.87610644,1,1,1) very rare (1-5)
2376,0.69538176,0.30461824,0,3,1) very rare (1-5)
2377,0.4266635,0.5733365,1,3,1) very rare (1-5)
2378,0.94422114,0.05577886,1,2,1) very rare (1-5)
2379,0.045351077,0.9546489,1,14,2) rare (6-20)
2380,0.97081393,0.02918607,0,700,4) very common (100+)
2381,0.226051,0.773949,1,66,3) common (21-100)
2382,0.49558115,0.50441885,1,0,1) very rare (1-5)
2383,0.56565255,0.43434745,0,10,2) rare (6-20)
2384,0.40465948,0.5953405,1,39,3) common (21-100)
2385,0.32185805,0.67814195,0,71,3) common (21-100)
2386,0.25885242,0.7411476,1,4,1) very rare (1-5)
2387,0.15301053,0.84698945,1,79,3) common (21-100)
2388,0.3945739,0.6054261,1,0,1) very rare (1-5)
2389,0.99857795,0.0014220476,0,89,3) common (21-100)
2390,0.016050909,0.98394907,1,2,1) very rare (1-5)
2391,0.53035593,0.46964407,1,268,4) very common (100+)
2392,0.5859548,0.4140452,1,85,3) common (21-100)
2393,0.80212367,0.19787633,0,36,3) common (21-100)
2394,0.5626978,0.43730217,0,142,4) very common (100+)
2395,0.8484208,0.1515792,0,4,1) very rare (1-5)
2396,0.2941572,0.7058428,1,35,3) common (21-100)
2397,0.07923915,0.92076087,1,7,2) rare (6-20)
2398,0.8998712,0.10012883,0,223,4) very common (100+)
2399,0.67768854,0.32231146,0,12,2) rare (6-20)
2400,0.9359884,0.064011574,0,1290,4) very common (100+)
2401,0.8586342,0.14136583,0,21,3) common (21-100)
2402,0.4124123,0.5875877,0,159,4) very common (100+)
2403,0.5708996,0.4291004,0,15,2) rare (6-20)
2404,0.9916501,0.0083498955,0,421,4) very common (100+)
2405,0.3154598,0.6845402,1,102,4) very common (100+)
2406,0.24515165,0.75484836,0,86,3) common (21-100)
2407,0.7591678,0.24083221,1,1,1) very rare (1-5)
2408,0.70428497,0.29571503,1,19,2) rare (6-20)
2409,0.104626,0.895374,0,0,1) very rare (1-5)
2410,0.67543113,0.32456887,1,0,1) very rare (1-5)
2411,0.40082467,0.59917533,1,19,2) rare (6-20)
2412,0.02338023,0.9766198,1,14,2) rare (6-20)
2413,0.04272646,0.95727354,1,134,4) very common (100+)
2414,0.24850018,0.75149983,1,0,1) very rare (1-5)
2415,0.8168468,0.18315321,1,1290,4) very common (100+)
2416,0.8738665,0.1261335,1,160,4) very common (100+)
2417,0.03226424,0.96773577,0,0,1) very rare (1-5)
2418,0.75885195,0.24114805,0,1070,4) very common (100+)
2419,0.23543477,0.7645652,1,0,1) very rare (1-5)
2420,0.96696657,0.03303343,0,23,3) common (21-100)
2421,0.27768043,0.7223196,0,4,1) very rare (1-5)
2422,0.045153648,0.9548464,1,30,3) common (21-100)
2423,0.1930958,0.8069042,0,4,1) very rare (1-5)
2424,0.44970334,0.55029666,1,0,1) very rare (1-5)
2425,0.33087945,0.66912055,0,1290,4) very common (100+)
2426,0.26413378,0.7358662,0,5,1) very rare (1-5)
2427,0.99305844,0.006941557,0,1000,4) very common (100+)
2428,0.55080956,0.44919044,1,142,4) very common (100+)
2429,0.39549354,0.6045065,0,12,2) rare (6-20)
2430,0.9875551,0.012444913,0,182,4) very common (100+)
2431,0.536262,0.46373802,0,4,1) very rare (1-5)
2432,0.37214947,0.62785053,0,86,3) common (21-100)
2433,0.124242954,0.87575704,1,63,3) common (21-100)
2434,0.96673954,0.033260465,0,21,3) common (21-100)
2435,0.009167607,0.9908324,1,0,1) very rare (1-5)
2436,0.90575916,0.094240844,1,1290,4) very common (100+)
2437,0.64105856,0.35894144,1,0,1) very rare (1-5)
2438,0.42747915,0.57252085,1,0,1) very rare (1-5)
2439,0.21686985,0.78313017,1,118,4) very common (100+)
2440,0.30386698,0.696133,1,86,3) common (21-100)
2441,0.9763253,0.023674726,0,421,4) very common (100+)
2442,0.2564082,0.7435918,0,1,1) very rare (1-5)
2443,0.8553606,0.14463937,0,700,4) very common (100+)
2444,0.25326225,0.7467377,0,2,1) very rare (1-5)
2445,0.98943233,0.010567665,0,1000,4) very common (100+)
2446,0.12665865,0.8733413,1,0,1) very rare (1-5)
2447,0.49886355,0.5011364,0,24,3) common (21-100)
2448,0.8749851,0.1250149,0,0,1) very rare (1-5)
2449,0.8095821,0.19041789,0,166,4) very common (100+)
2450,0.20939176,0.7906082,1,66,3) common (21-100)
2451,0.5258643,0.4741357,0,2,1) very rare (1-5)
2452,0.26456395,0.7354361,0,2,1) very rare (1-5)
2453,0.53174895,0.46825105,0,2,1) very rare (1-5)
2454,0.2746895,0.7253105,1,31,3) common (21-100)
2455,0.09506903,0.90493095,1,2,1) very rare (1-5)
2456,0.051837333,0.9481627,1,1,1) very rare (1-5)
2457,0.5124137,0.48758632,1,41,3) common (21-100)
2458,0.05615555,0.94384444,0,3,1) very rare (1-5)
2459,0.076009735,0.92399025,1,4,1) very rare (1-5)
2460,0.19325761,0.80674237,1,0,1) very rare (1-5)
2461,0.50453234,0.49546766,1,142,4) very common (100+)
2462,0.36653218,0.6334678,0,39,3) common (21-100)
2463,0.14123635,0.85876364,1,0,1) very rare (1-5)
2464,0.84247154,0.15752846,0,99,3) common (21-100)
2465,0.41624045,0.58375955,0,7,2) rare (6-20)
2466,0.05795862,0.9420414,1,0,1) very rare (1-5)
2467,0.24266933,0.75733066,1,0,1) very rare (1-5)
2468,0.45618153,0.5438185,0,23,3) common (21-100)
2469,0.8218627,0.1781373,1,166,4) very common (100+)
2470,0.9766852,0.023314774,0,1000,4) very common (100+)
2471,0.272308,0.727692,1,0,1) very rare (1-5)
2472,0.8929839,0.10701609,0,20,2) rare (6-20)
2473,0.6009215,0.3990785,1,11,2) rare (6-20)
2474,0.9571442,0.0428558,0,1000,4) very common (100+)
2475,0.8414231,0.1585769,1,14,2) rare (6-20)
2476,0.056663636,0.94333637,1,1,1) very rare (1-5)
2477,0.38859013,0.6114099,1,106,4) very common (100+)
2478,0.18642114,0.81357884,0,4,1) very rare (1-5)
2479,0.98996186,0.010038137,0,74,3) common (21-100)
2480,0.098864734,0.90113527,1,0,1) very rare (1-5)
2481,0.78387624,0.21612376,1,24,3) common (21-100)
2482,0.1748665,0.8251335,1,1290,4) very common (100+)
2483,0.3822994,0.6177006,1,6,2) rare (6-20)
2484,0.27596298,0.72403705,0,2,1) very rare (1-5)
2485,0.9870897,0.012910306,0,1000,4) very common (100+)
2486,0.22843228,0.7715677,1,79,3) common (21-100)
2487,0.4374685,0.5625315,1,41,3) common (21-100)
2488,0.7254704,0.27452958,0,1,1) very rare (1-5)
2489,0.096140526,0.9038595,1,0,1) very rare (1-5)
2490,0.82350725,0.17649275,0,55,3) common (21-100)
2491,0.7628136,0.23718637,0,85,3) common (21-100)
2492,0.8630621,0.13693792,0,211,4) very common (100+)
2493,0.47727004,0.52273,1,70,3) common (21-100)
2494,0.26078326,0.73921674,1,0,1) very rare (1-5)
2495,0.90373796,0.09626204,0,1290,4) very common (100+)
2496,0.8364711,0.16352892,0,16,2) rare (6-20)
2497,0.68879515,0.31120485,0,13,2) rare (6-20)
2498,0.9217886,0.07821143,0,2,1) very rare (1-5)
2499,0.5567637,0.4432363,1,39,3) common (21-100)
2500,0.067601934,0.9323981,1,0,1) very rare (1-5)
2501,0.58154494,0.41845506,0,108,4) very common (100+)
2502,0.34485704,0.65514296,1,275,4) very common (100+)
2503,0.265197,0.73480296,0,3,1) very rare (1-5)
2504,0.41934273,0.58065724,0,5,1) very rare (1-5)
2505,0.5282697,0.4717303,0,15,2) rare (6-20)
2506,0.1970225,0.8029775,1,0,1) very rare (1-5)
2507,0.59643805,0.40356195,1,19,2) rare (6-20)
2508,0.906191,0.09380901,0,7,2) rare (6-20)
2509,0.05740945,0.94259053,1,1,1) very rare (1-5)
2510,0.81975853,0.18024147,1,108,4) very common (100+)
2511,0.41470167,0.5852983,0,107,4) very common (100+)
2512,0.5143561,0.48564392,0,178,4) very common (100+)
2513,0.21078947,0.78921056,1,14,2) rare (6-20)
2514,0.46451724,0.53548276,1,1,1) very rare (1-5)
2515,0.06658808,0.9334119,1,47,3) common (21-100)
2516,0.9270381,0.07296193,0,142,4) very common (100+)
2517,0.92361736,0.07638264,0,261,4) very common (100+)
2518,0.9848719,0.015128076,0,11,2) rare (6-20)
2519,0.14284024,0.85715973,0,39,3) common (21-100)
2520,0.61158216,0.38841784,0,16,2) rare (6-20)
2521,0.47456107,0.5254389,0,62,3) common (21-100)
2522,0.06807014,0.9319298,1,2,1) very rare (1-5)
2523,0.9205057,0.0794943,0,21,3) common (21-100)
2524,0.5067138,0.4932862,0,4,1) very rare (1-5)
2525,0.036725536,0.9632745,1,3,1) very rare (1-5)
2526,0.84801966,0.15198034,0,268,4) very common (100+)
2527,0.2027044,0.7972956,0,700,4) very common (100+)
2528,0.36864027,0.6313597,0,343,4) very common (100+)
2529,0.69221735,0.30778265,0,50,3) common (21-100)
2530,0.5469281,0.4530719,1,15,2) rare (6-20)
2531,0.99916446,0.0008355379,0,211,4) very common (100+)
2532,0.6393269,0.36067313,1,1070,4) very common (100+)
2533,0.38877568,0.6112243,1,92,3) common (21-100)
2534,0.66892093,0.33107907,0,69,3) common (21-100)
2535,0.40227583,0.5977242,0,372,4) very common (100+)
2536,0.371194,0.628806,1,72,3) common (21-100)
2537,0.85752696,0.14247304,0,22,3) common (21-100)
2538,0.59412265,0.40587735,0,11,2) rare (6-20)
2539,0.36542046,0.63457954,1,14,2) rare (6-20)
2540,0.3729097,0.62709033,1,7,2) rare (6-20)
2541,0.9761159,0.023884118,0,274,4) very common (100+)
2542,0.039461013,0.960539,1,0,1) very rare (1-5)
2543,0.416052,0.583948,1,0,1) very rare (1-5)
2544,0.28084302,0.719157,0,89,3) common (21-100)
2545,0.6345099,0.36549008,1,1070,4) very common (100+)
2546,0.9027207,0.09727931,0,6,2) rare (6-20)
2547,0.47896826,0.52103174,1,23,3) common (21-100)
2548,0.994729,0.0052710176,0,1000,4) very common (100+)
2549,0.22844069,0.7715593,1,22,3) common (21-100)
2550,0.27861962,0.72138035,1,84,3) common (21-100)
2551,0.6083774,0.3916226,1,0,1) very rare (1-5)
2552,0.42662835,0.57337165,1,1,1) very rare (1-5)
2553,0.42032924,0.5796708,1,21,3) common (21-100)
2554,0.5080335,0.4919665,1,343,4) very common (100+)
2555,0.37686813,0.6231319,1,102,4) very common (100+)
2556,0.12324063,0.87675935,1,14,2) rare (6-20)
2557,0.80956084,0.19043916,1,53,3) common (21-100)
2558,0.7827448,0.21725518,0,21,3) common (21-100)
2559,0.4166774,0.58332264,1,7,2) rare (6-20)
2560,0.2748322,0.7251678,0,1,1) very rare (1-5)
2561,0.44296187,0.5570381,1,2,1) very rare (1-5)
2562,0.48149458,0.51850545,1,22,3) common (21-100)
2563,0.0746376,0.9253624,1,2,1) very rare (1-5)
2564,0.76013386,0.23986614,0,33,3) common (21-100)
2565,0.2144335,0.7855665,1,0,1) very rare (1-5)
2566,0.09558589,0.9044141,1,0,1) very rare (1-5)
2567,0.32436198,0.675638,0,36,3) common (21-100)
2568,0.19448955,0.80551046,0,20,2) rare (6-20)
2569,0.19033633,0.80966365,1,1,1) very rare (1-5)
2570,0.08994704,0.91005296,1,0,1) very rare (1-5)
2571,0.14726326,0.8527367,0,1,1) very rare (1-5)
2572,0.9400392,0.059960783,0,24,3) common (21-100)
2573,0.6164614,0.3835386,0,100,3) common (21-100)
2574,0.5680678,0.4319322,1,18,2) rare (6-20)
2575,0.22835019,0.77164984,1,0,1) very rare (1-5)
2576,0.65821004,0.34178996,1,36,3) common (21-100)
2577,0.095601454,0.90439856,1,6,2) rare (6-20)
2578,0.60197604,0.39802396,1,4,1) very rare (1-5)
2579,0.12219927,0.8778007,1,88,3) common (21-100)
2580,0.8217264,0.17827362,0,261,4) very common (100+)
2581,0.17435141,0.8256486,1,3,1) very rare (1-5)
2582,0.7557458,0.24425417,0,27,3) common (21-100)
2583,0.10603036,0.89396966,1,0,1) very rare (1-5)
2584,0.37605926,0.6239407,1,0,1) very rare (1-5)
2585,0.9814594,0.01854062,0,182,4) very common (100+)
2586,0.55336285,0.44663715,0,123,4) very common (100+)
2587,0.7815456,0.21845442,0,11,2) rare (6-20)
2588,0.4456598,0.55434024,1,105,4) very common (100+)
2589,0.18109047,0.8189095,1,18,2) rare (6-20)
2590,0.05017662,0.9498234,1,0,1) very rare (1-5)
2591,0.015831083,0.9841689,1,0,1) very rare (1-5)
2592,0.34566998,0.65433,1,3,1) very rare (1-5)
2593,0.2303902,0.7696098,1,3,1) very rare (1-5)
2594,0.21317351,0.7868265,1,2,1) very rare (1-5)
2595,0.911929,0.08807099,0,421,4) very common (100+)
2596,0.99318767,0.006812334,0,700,4) very common (100+)
2597,0.5806306,0.4193694,0,2,1) very rare (1-5)
2598,0.3400544,0.6599456,0,0,1) very rare (1-5)
2599,0.39463413,0.6053659,1,2,1) very rare (1-5)
2600,0.4963116,0.5036884,0,21,3) common (21-100)
2601,0.792759,0.207241,1,0,1) very rare (1-5)
2602,0.5054527,0.4945473,1,11,2) rare (6-20)
2603,0.03777236,0.96222764,1,1,1) very rare (1-5)
2604,0.33186424,0.66813576,1,2,1) very rare (1-5)
2605,0.5588625,0.4411375,1,1070,4) very common (100+)
2606,0.04032225,0.95967776,1,0,1) very rare (1-5)
2607,0.86000735,0.13999265,0,261,4) very common (100+)
2608,0.2580336,0.74196637,0,62,3) common (21-100)
2609,0.84894055,0.15105945,0,14,2) rare (6-20)
2610,0.9174365,0.08256352,0,1,1) very rare (1-5)
2611,0.05888103,0.94111896,1,12,2) rare (6-20)
2612,0.71241206,0.28758794,0,75,3) common (21-100)
2613,0.29359433,0.70640564,0,14,2) rare (6-20)
2614,0.014170714,0.9858293,1,51,3) common (21-100)
2615,0.21032752,0.7896725,0,26,3) common (21-100)
2616,0.916017,0.083983004,0,1000,4) very common (100+)
2617,0.41113123,0.58886874,1,1290,4) very common (100+)
2618,0.5878817,0.41211832,0,372,4) very common (100+)
2619,0.65550804,0.34449196,0,33,3) common (21-100)
2620,0.74550277,0.25449723,0,34,3) common (21-100)
2621,0.25255176,0.7474482,1,6,2) rare (6-20)
2622,0.5462437,0.45375627,0,27,3) common (21-100)
2623,0.16146481,0.8385352,0,1,1) very rare (1-5)
2624,0.46002665,0.5399734,0,700,4) very common (100+)
2625,0.9559287,0.044071317,0,12,2) rare (6-20)
2626,0.9809186,0.019081414,0,1000,4) very common (100+)
2627,0.4133129,0.5866871,0,5,1) very rare (1-5)
2628,0.9561046,0.043895423,0,421,4) very common (100+)
2629,0.8131774,0.1868226,0,700,4) very common (100+)
2630,0.559675,0.44032502,1,0,1) very rare (1-5)
2631,0.8767099,0.12329012,0,1290,4) very common (100+)
2632,0.07246642,0.92753357,1,1,1) very rare (1-5)
2633,0.86648476,0.13351524,1,12,2) rare (6-20)
2634,0.99123806,0.008761942,0,16,2) rare (6-20)
2635,0.13934287,0.8606571,1,0,1) very rare (1-5)
2636,0.99775654,0.0022434592,0,211,4) very common (100+)
2637,0.24829762,0.75170237,1,0,1) very rare (1-5)
2638,0.27054563,0.7294544,1,4,1) very rare (1-5)
2639,0.79786164,0.20213836,0,12,2) rare (6-20)
2640,0.8715368,0.12846321,0,10,2) rare (6-20)
2641,0.36166635,0.6383337,0,0,1) very rare (1-5)
2642,0.62585366,0.37414634,0,24,3) common (21-100)
2643,0.74663943,0.25336057,0,1,1) very rare (1-5)
2644,0.26382717,0.7361728,1,13,2) rare (6-20)
2645,0.14881212,0.8511879,0,1,1) very rare (1-5)
2646,0.99931407,0.00068593025,0,89,3) common (21-100)
2647,0.056521602,0.9434784,1,0,1) very rare (1-5)
2648,0.82206476,0.17793524,0,3,1) very rare (1-5)
2649,0.9600877,0.039912283,0,53,3) common (21-100)
2650,0.9122296,0.0877704,0,1290,4) very common (100+)
2651,0.9541044,0.045895576,1,8,2) rare (6-20)
2652,0.99715096,0.0028490424,0,211,4) very common (100+)
2653,0.7695912,0.23040879,1,146,4) very common (100+)
2654,0.3137562,0.6862438,1,421,4) very common (100+)
2655,0.17322077,0.82677925,1,14,2) rare (6-20)
2656,0.38556808,0.6144319,1,118,4) very common (100+)
2657,0.57738733,0.42261267,1,23,3) common (21-100)
2658,0.32435787,0.67564213,0,3,1) very rare (1-5)
2659,0.7335867,0.26641327,0,23,3) common (21-100)
2660,0.5974859,0.4025141,1,6,2) rare (6-20)
2661,0.22884099,0.771159,0,5,1) very rare (1-5)
2662,0.89928955,0.10071045,1,0,1) very rare (1-5)
2663,0.6646539,0.3353461,1,134,4) very common (100+)
2664,0.8108688,0.1891312,0,26,3) common (21-100)
2665,0.8805856,0.11941439,1,6,2) rare (6-20)
2666,0.46185267,0.53814733,0,70,3) common (21-100)
2667,0.34017566,0.6598244,1,0,1) very rare (1-5)
2668,0.37250027,0.6274997,1,8,2) rare (6-20)
2669,0.77595043,0.22404957,0,1290,4) very common (100+)
2670,0.07600166,0.92399836,0,26,3) common (21-100)
2671,0.7523517,0.2476483,1,100,3) common (21-100)
2672,0.025310852,0.9746891,1,1,1) very rare (1-5)
2673,0.5931298,0.4068702,0,17,2) rare (6-20)
2674,0.92651135,0.07348865,0,32,3) common (21-100)
2675,0.13497312,0.8650269,1,33,3) common (21-100)
2676,0.66666824,0.33333176,1,30,3) common (21-100)
2677,0.17239907,0.82760096,1,0,1) very rare (1-5)
2678,0.68982375,0.31017625,0,1,1) very rare (1-5)
2679,0.062199503,0.9378005,1,0,1) very rare (1-5)
2680,0.08983914,0.91016084,0,21,3) common (21-100)
2681,0.2061398,0.7938602,1,3,1) very rare (1-5)
2682,0.4984621,0.5015379,0,0,1) very rare (1-5)
2683,0.57444525,0.42555475,0,7,2) rare (6-20)
2684,0.820495,0.17950499,0,1070,4) very common (100+)
2685,0.8777842,0.12221581,0,3,1) very rare (1-5)
2686,0.91280574,0.087194264,0,39,3) common (21-100)
2687,0.48237088,0.51762915,0,6,2) rare (6-20)
2688,0.32200602,0.677994,1,107,4) very common (100+)
2689,0.082050964,0.917949,1,5,1) very rare (1-5)
2690,0.8225795,0.1774205,0,1290,4) very common (100+)
2691,0.2721293,0.7278707,1,78,3) common (21-100)
2692,0.94077927,0.05922073,1,1,1) very rare (1-5)
2693,0.65963674,0.34036326,1,274,4) very common (100+)
2694,0.8511064,0.1488936,1,3,1) very rare (1-5)
2695,0.17974645,0.82025355,0,7,2) rare (6-20)
2696,0.82980925,0.17019075,0,105,4) very common (100+)
2697,0.20914862,0.79085135,0,0,1) very rare (1-5)
2698,0.2912662,0.7087338,1,1,1) very rare (1-5)
2699,0.19106759,0.8089324,1,92,3) common (21-100)
2700,0.9637883,0.03621173,0,700,4) very common (100+)
2701,0.7969407,0.20305932,1,10,2) rare (6-20)
2702,0.23715852,0.76284146,1,0,1) very rare (1-5)
2703,0.8296187,0.17038131,1,124,4) very common (100+)
2704,0.9961467,0.003853321,0,700,4) very common (100+)
2705,0.18224785,0.8177521,0,69,3) common (21-100)
2706,0.23714189,0.7628581,1,9,2) rare (6-20)
2707,0.8315253,0.16847467,0,89,3) common (21-100)
2708,0.34103078,0.6589692,0,178,4) very common (100+)
2709,0.7811863,0.21881372,1,100,3) common (21-100)
2710,0.66626316,0.33373684,0,1290,4) very common (100+)
2711,0.9970342,0.002965808,0,1000,4) very common (100+)
2712,0.9084547,0.091545284,0,19,2) rare (6-20)
2713,0.077573135,0.9224269,1,275,4) very common (100+)
2714,0.23388948,0.76611054,1,0,1) very rare (1-5)
2715,0.94527906,0.05472094,0,105,4) very common (100+)
2716,0.7250698,0.27493018,1,0,1) very rare (1-5)
2717,0.20035891,0.7996411,1,15,2) rare (6-20)
2718,0.49356663,0.50643337,0,85,3) common (21-100)
2719,0.6740584,0.32594162,0,111,4) very common (100+)
2720,0.4838479,0.51615214,1,107,4) very common (100+)
2721,0.5565455,0.4434545,1,0,1) very rare (1-5)
2722,0.71480656,0.28519344,0,99,3) common (21-100)
2723,0.83291197,0.16708803,1,0,1) very rare (1-5)
2724,0.623813,0.37618703,0,1290,4) very common (100+)
2725,0.9344367,0.06556332,0,1000,4) very common (100+)
2726,0.89614,0.10386002,0,700,4) very common (100+)
2727,0.18487804,0.81512195,1,0,1) very rare (1-5)
2728,0.42019314,0.57980686,0,7,2) rare (6-20)
2729,0.44791508,0.5520849,0,50,3) common (21-100)
2730,0.11909565,0.8809043,1,1,1) very rare (1-5)
2731,0.43235117,0.5676488,1,91,3) common (21-100)
2732,0.9232516,0.07674837,0,49,3) common (21-100)
2733,0.5016279,0.49837208,1,26,3) common (21-100)
2734,0.97538394,0.024616063,1,14,2) rare (6-20)
2735,0.3598089,0.6401911,0,1,1) very rare (1-5)
2736,0.115087524,0.8849125,1,0,1) very rare (1-5)
2737,0.27032715,0.72967285,0,20,2) rare (6-20)
2738,0.40396142,0.5960386,1,1,1) very rare (1-5)
2739,0.6684609,0.3315391,0,7,2) rare (6-20)
2740,0.028979788,0.9710202,1,13,2) rare (6-20)
2741,0.20168431,0.7983157,1,4,1) very rare (1-5)
2742,0.47651786,0.52348214,1,107,4) very common (100+)
2743,0.16377817,0.8362218,1,14,2) rare (6-20)
2744,0.05335898,0.946641,1,4,1) very rare (1-5)
2745,0.9273152,0.072684824,1,15,2) rare (6-20)
2746,0.53510237,0.46489763,1,16,2) rare (6-20)
2747,0.8406227,0.15937728,0,11,2) rare (6-20)
2748,0.35707867,0.6429213,1,17,2) rare (6-20)
2749,0.9886485,0.011351526,1,0,1) very rare (1-5)
2750,0.9525672,0.04743278,0,421,4) very common (100+)
2751,0.023606414,0.9763936,1,1,1) very rare (1-5)
2752,0.993606,0.0063940287,0,1000,4) very common (100+)
2753,0.5500028,0.4499972,0,1070,4) very common (100+)
2754,0.8763175,0.1236825,1,1,1) very rare (1-5)
2755,0.28981316,0.71018684,1,3,1) very rare (1-5)
2756,0.11534501,0.884655,1,35,3) common (21-100)
2757,0.9897545,0.010245502,0,90,3) common (21-100)
2758,0.93666095,0.063339055,0,7,2) rare (6-20)
2759,0.50964254,0.49035746,1,0,1) very rare (1-5)
2760,0.20688109,0.7931189,1,106,4) very common (100+)
2761,0.041214187,0.95878583,1,0,1) very rare (1-5)
2762,0.383223,0.616777,1,8,2) rare (6-20)
2763,0.27952024,0.7204797,0,1070,4) very common (100+)
2764,0.19387686,0.80612314,1,28,3) common (21-100)
2765,0.07060522,0.9293948,1,3,1) very rare (1-5)
2766,0.82557946,0.17442054,0,134,4) very common (100+)
2767,0.21723327,0.7827667,0,275,4) very common (100+)
2768,0.58069104,0.41930896,1,72,3) common (21-100)
2769,0.33908546,0.66091454,1,343,4) very common (100+)
2770,0.04825416,0.95174587,0,0,1) very rare (1-5)
2771,0.8646592,0.13534081,1,1,1) very rare (1-5)
2772,0.800544,0.19945598,1,15,2) rare (6-20)
2773,0.09488541,0.9051146,1,56,3) common (21-100)
2774,0.07727848,0.9227215,1,0,1) very rare (1-5)
2775,0.8356277,0.16437232,0,32,3) common (21-100)
2776,0.57154626,0.42845374,0,0,1) very rare (1-5)
2777,0.17476305,0.8252369,0,12,2) rare (6-20)
2778,0.68369025,0.31630975,0,118,4) very common (100+)
2779,0.748049,0.25195098,0,47,3) common (21-100)
2780,0.9320186,0.06798142,0,35,3) common (21-100)
2781,0.32306203,0.67693794,0,58,3) common (21-100)
2782,0.13151804,0.868482,1,28,3) common (21-100)
2783,0.05767297,0.942327,0,1,1) very rare (1-5)
2784,0.9148924,0.085107625,0,372,4) very common (100+)
2785,0.39445847,0.6055415,0,1,1) very rare (1-5)
2786,0.30919442,0.69080555,1,79,3) common (21-100)
2787,0.24289767,0.7571023,0,223,4) very common (100+)
2788,0.17920145,0.8207985,1,0,1) very rare (1-5)
2789,0.6391554,0.3608446,0,43,3) common (21-100)
2790,0.17701973,0.8229803,1,4,1) very rare (1-5)
2791,0.2100475,0.7899525,1,0,1) very rare (1-5)
2792,0.73165256,0.26834744,1,1000,4) very common (100+)
2793,0.05688966,0.94311035,1,0,1) very rare (1-5)
2794,0.9449843,0.055015683,0,372,4) very common (100+)
2795,0.14862233,0.85137767,1,1,1) very rare (1-5)
2796,0.53137785,0.46862215,1,4,1) very rare (1-5)
2797,0.24521251,0.7547875,1,108,4) very common (100+)
2798,0.86305946,0.13694054,1,2,1) very rare (1-5)
2799,0.9941981,0.005801916,1,66,3) common (21-100)
2800,0.17308336,0.82691664,1,14,2) rare (6-20)
2801,0.28252319,0.71747684,0,42,3) common (21-100)
2802,0.32650816,0.67349184,0,4,1) very rare (1-5)
2803,0.7299597,0.27004027,0,1070,4) very common (100+)
2804,0.2530556,0.7469444,1,79,3) common (21-100)
2805,0.17428508,0.82571495,1,0,1) very rare (1-5)
2806,0.9503278,0.049672186,1,1070,4) very common (100+)
2807,0.059586436,0.9404136,1,36,3) common (21-100)
2808,0.3315737,0.6684263,0,178,4) very common (100+)
2809,0.19192585,0.8080741,1,1,1) very rare (1-5)
2810,0.84548116,0.15451884,1,52,3) common (21-100)
2811,0.11508015,0.8849199,1,2,1) very rare (1-5)
2812,0.6738219,0.32617807,0,274,4) very common (100+)
2813,0.88699174,0.11300826,0,1070,4) very common (100+)
2814,0.13284653,0.86715347,1,3,1) very rare (1-5)
2815,0.09427326,0.90572673,0,0,1) very rare (1-5)
2816,0.94157284,0.058427155,0,182,4) very common (100+)
2817,0.8762527,0.12374729,0,223,4) very common (100+)
2818,0.09374265,0.90625733,1,0,1) very rare (1-5)
2819,0.16112691,0.8388731,1,6,2) rare (6-20)
2820,0.8426179,0.15738207,0,134,4) very common (100+)
2821,0.4930321,0.5069679,0,5,1) very rare (1-5)
2822,0.076660685,0.9233393,1,0,1) very rare (1-5)
2823,0.5544228,0.4455772,1,11,2) rare (6-20)
2824,0.5915433,0.40845668,0,21,3) common (21-100)
2825,0.10084652,0.8991535,0,23,3) common (21-100)
2826,0.78875595,0.21124405,0,4,1) very rare (1-5)
2827,0.08532418,0.91467583,0,1,1) very rare (1-5)
2828,0.11793886,0.8820611,1,0,1) very rare (1-5)
2829,0.8521274,0.14787263,1,86,3) common (21-100)
2830,0.70785695,0.29214305,0,223,4) very common (100+)
2831,0.16432635,0.83567363,0,7,2) rare (6-20)
2832,0.72953343,0.27046657,0,1000,4) very common (100+)
2833,0.080580726,0.9194193,0,68,3) common (21-100)
2834,0.2573695,0.7426305,1,1,1) very rare (1-5)
2835,0.9307831,0.06921691,0,10,2) rare (6-20)
2836,0.9081553,0.09184468,0,343,4) very common (100+)
2837,0.13791049,0.8620895,0,0,1) very rare (1-5)
2838,0.1362768,0.8637232,1,3,1) very rare (1-5)
2839,0.8976099,0.10239011,0,700,4) very common (100+)
2840,0.7390789,0.26092112,0,1070,4) very common (100+)
2841,0.313688,0.68631196,1,111,4) very common (100+)
2842,0.8302099,0.16979009,1,178,4) very common (100+)
2843,0.81505257,0.18494743,0,49,3) common (21-100)
2844,0.8447772,0.15522277,1,21,3) common (21-100)
2845,0.9886568,0.011343181,0,16,2) rare (6-20)
2846,0.15811975,0.84188026,1,7,2) rare (6-20)
2847,0.038399816,0.9616002,1,19,2) rare (6-20)
2848,0.74940294,0.25059706,0,274,4) very common (100+)
2849,0.7428982,0.25710177,0,99,3) common (21-100)
2850,0.43837723,0.56162274,0,1070,4) very common (100+)
2851,0.28320715,0.7167928,0,1,1) very rare (1-5)
2852,0.7137955,0.28620452,0,1,1) very rare (1-5)
2853,0.8985381,0.10146189,0,36,3) common (21-100)
2854,0.8171369,0.18286312,1,32,3) common (21-100)
2855,0.76053524,0.23946476,1,6,2) rare (6-20)
2856,0.8871188,0.11288118,1,47,3) common (21-100)
2857,0.73058295,0.26941705,0,3,1) very rare (1-5)
2858,0.9621696,0.037830412,0,78,3) common (21-100)
2859,0.16581152,0.83418846,1,3,1) very rare (1-5)
2860,0.8214686,0.17853141,0,24,3) common (21-100)
2861,0.048268914,0.9517311,1,4,1) very rare (1-5)
2862,0.6018916,0.39810842,0,99,3) common (21-100)
2863,0.802379,0.19762099,0,1070,4) very common (100+)
2864,0.96011335,0.039886653,0,39,3) common (21-100)
2865,0.60947746,0.39052254,0,9,2) rare (6-20)
2866,0.5642926,0.4357074,0,38,3) common (21-100)
2867,0.7964436,0.20355642,0,3,1) very rare (1-5)
2868,0.61478156,0.38521844,0,3,1) very rare (1-5)
2869,0.16757688,0.8324231,1,700,4) very common (100+)
2870,0.7012803,0.2987197,1,178,4) very common (100+)
2871,0.54917294,0.45082706,0,343,4) very common (100+)
2872,0.45918372,0.5408163,0,1000,4) very common (100+)
2873,0.47545835,0.5245416,0,159,4) very common (100+)
2874,0.29178193,0.7082181,0,5,1) very rare (1-5)
2875,0.43614814,0.56385183,0,23,3) common (21-100)
2876,0.18222636,0.81777364,0,18,2) rare (6-20)
2877,0.41078538,0.5892146,1,6,2) rare (6-20)
2878,0.8174554,0.18254459,0,69,3) common (21-100)
2879,0.53354126,0.46645874,0,60,3) common (21-100)
2880,0.2539302,0.7460698,1,1,1) very rare (1-5)
2881,0.89110214,0.108897865,1,0,1) very rare (1-5)
2882,0.65231764,0.34768236,0,69,3) common (21-100)
2883,0.09678019,0.9032198,1,38,3) common (21-100)
2884,0.30303782,0.6969622,1,2,1) very rare (1-5)
2885,0.06533062,0.9346694,1,0,1) very rare (1-5)
2886,0.15118848,0.8488115,0,1,1) very rare (1-5)
2887,0.56961787,0.43038213,1,66,3) common (21-100)
2888,0.38051212,0.6194879,0,1,1) very rare (1-5)
2889,0.729354,0.27064598,1,7,2) rare (6-20)
2890,0.097616054,0.9023839,0,6,2) rare (6-20)
2891,0.86132634,0.13867366,0,23,3) common (21-100)
2892,0.9274052,0.07259482,0,421,4) very common (100+)
2893,0.98912317,0.010876834,0,1000,4) very common (100+)
2894,0.8159282,0.18407178,0,4,1) very rare (1-5)
2895,0.54761976,0.45238024,1,0,1) very rare (1-5)
2896,0.8099936,0.19000638,1,1,1) very rare (1-5)
2897,0.073547736,0.9264523,1,0,1) very rare (1-5)
2898,0.9811329,0.018867075,0,142,4) very common (100+)
2899,0.6124575,0.3875425,0,1290,4) very common (100+)
2900,0.4527513,0.5472487,1,28,3) common (21-100)
2901,0.97901124,0.020988762,0,1000,4) very common (100+)
2902,0.12825786,0.8717421,0,8,2) rare (6-20)
2903,0.036770724,0.9632293,1,58,3) common (21-100)
2904,0.64543074,0.35456926,1,1,1) very rare (1-5)
2905,0.78950566,0.21049434,0,121,4) very common (100+)
2906,0.038400408,0.9615996,1,63,3) common (21-100)
2907,0.8165474,0.1834526,0,4,1) very rare (1-5)
2908,0.61243904,0.38756096,1,1070,4) very common (100+)
2909,0.6088755,0.3911245,0,14,2) rare (6-20)
2910,0.3541387,0.64586127,1,1,1) very rare (1-5)
2911,0.43656296,0.56343704,0,3,1) very rare (1-5)
2912,0.95795524,0.04204476,1,28,3) common (21-100)
2913,0.26392823,0.73607177,1,7,2) rare (6-20)
2914,0.13824551,0.8617545,1,0,1) very rare (1-5)
2915,0.74699694,0.25300306,0,6,2) rare (6-20)
2916,0.26221588,0.73778415,1,3,1) very rare (1-5)
2917,0.48067045,0.51932955,1,700,4) very common (100+)
2918,0.30265602,0.69734395,0,0,1) very rare (1-5)
2919,0.88146585,0.11853415,0,55,3) common (21-100)
2920,0.26750287,0.7324971,0,3,1) very rare (1-5)
2921,0.07653795,0.92346203,0,2,1) very rare (1-5)
2922,0.10883661,0.8911634,1,2,1) very rare (1-5)
2923,0.32417324,0.6758268,0,79,3) common (21-100)
2924,0.9577586,0.042241395,0,1000,4) very common (100+)
2925,0.62418467,0.37581533,1,268,4) very common (100+)
2926,0.9952909,0.0047091246,0,123,4) very common (100+)
2927,0.05913422,0.94086576,1,0,1) very rare (1-5)
2928,0.19277002,0.80723,1,14,2) rare (6-20)
2929,0.054464158,0.94553584,0,23,3) common (21-100)
2930,0.6747376,0.32526243,0,1290,4) very common (100+)
2931,0.8604154,0.1395846,1,7,2) rare (6-20)
2932,0.74674875,0.25325125,1,1,1) very rare (1-5)
2933,0.37295693,0.62704307,1,6,2) rare (6-20)
2934,0.62970275,0.37029725,1,1070,4) very common (100+)
2935,0.29844806,0.7015519,1,2,1) very rare (1-5)
2936,0.8712107,0.1287893,1,3,1) very rare (1-5)
2937,0.38410723,0.61589277,1,1,1) very rare (1-5)
2938,0.123153895,0.8768461,1,66,3) common (21-100)
2939,0.07554767,0.9244523,1,0,1) very rare (1-5)
2940,0.478452,0.52154803,0,3,1) very rare (1-5)
2941,0.6377219,0.3622781,0,1070,4) very common (100+)
2942,0.57828414,0.42171586,1,3,1) very rare (1-5)
2943,0.076616205,0.9233838,1,0,1) very rare (1-5)
2944,0.3423346,0.6576654,1,1,1) very rare (1-5)
2945,0.38871485,0.61128515,0,34,3) common (21-100)
2946,0.7405325,0.25946748,1,6,2) rare (6-20)
2947,0.5202652,0.47973478,0,123,4) very common (100+)
2948,0.9214724,0.07852763,0,118,4) very common (100+)
2949,0.02323777,0.97676224,1,47,3) common (21-100)
2950,0.80426687,0.19573313,0,23,3) common (21-100)
2951,0.21719955,0.78280044,1,5,1) very rare (1-5)
2952,0.18762015,0.81237984,1,0,1) very rare (1-5)
2953,0.071417205,0.9285828,1,1,1) very rare (1-5)
2954,0.1541852,0.8458148,1,0,1) very rare (1-5)
2955,0.8719073,0.1280927,1,96,3) common (21-100)
2956,0.3102634,0.6897366,1,0,1) very rare (1-5)
2957,0.6408509,0.3591491,0,421,4) very common (100+)
2958,0.8160944,0.1839056,0,178,4) very common (100+)
2959,0.12131709,0.8786829,1,4,1) very rare (1-5)
2960,0.7371342,0.26286578,0,1000,4) very common (100+)
2961,0.4133675,0.5866325,0,41,3) common (21-100)
2962,0.017382344,0.9826177,1,0,1) very rare (1-5)
2963,0.30915877,0.6908412,1,63,3) common (21-100)
2964,0.09562826,0.90437174,0,33,3) common (21-100)
2965,0.9914153,0.008584678,0,1000,4) very common (100+)
2966,0.88270444,0.11729556,1,8,2) rare (6-20)
2967,0.3621577,0.6378423,0,1290,4) very common (100+)
2968,0.29092565,0.7090744,1,7,2) rare (6-20)
2969,0.5740654,0.4259346,0,42,3) common (21-100)
2970,0.4743924,0.5256076,0,91,3) common (21-100)
2971,0.73822683,0.26177317,0,96,3) common (21-100)
2972,0.5569375,0.44306248,1,66,3) common (21-100)
2973,0.40369353,0.59630644,1,3,1) very rare (1-5)
2974,0.10126032,0.8987397,1,17,2) rare (6-20)
2975,0.39414984,0.60585016,0,0,1) very rare (1-5)
2976,0.45835727,0.5416427,0,0,1) very rare (1-5)
2977,0.27677003,0.72323,0,0,1) very rare (1-5)
2978,0.9512052,0.048794806,0,700,4) very common (100+)
2979,0.26618353,0.7338165,0,79,3) common (21-100)
2980,0.09382188,0.9061781,1,5,1) very rare (1-5)
2981,0.9393372,0.060662806,1,118,4) very common (100+)
2982,0.81818765,0.18181235,0,11,2) rare (6-20)
2983,0.308727,0.691273,1,2,1) very rare (1-5)
2984,0.7692844,0.23071557,0,6,2) rare (6-20)
2985,0.24698444,0.7530156,0,7,2) rare (6-20)
2986,0.34413707,0.6558629,1,16,2) rare (6-20)
2987,0.8926092,0.10739082,0,134,4) very common (100+)
2988,0.8575347,0.1424653,0,159,4) very common (100+)
2989,0.7351213,0.2648787,1,19,2) rare (6-20)
2990,0.9665573,0.033442676,0,89,3) common (21-100)
2991,0.9787133,0.021286726,0,211,4) very common (100+)
2992,0.15920486,0.84079516,1,0,1) very rare (1-5)
2993,0.23917983,0.76082015,1,1070,4) very common (100+)
2994,0.89163035,0.10836965,1,0,1) very rare (1-5)
2995,0.38727838,0.6127216,1,63,3) common (21-100)
2996,0.29782012,0.7021799,0,53,3) common (21-100)
2997,0.59729034,0.40270966,0,21,3) common (21-100)
2998,0.11373164,0.8862684,1,38,3) common (21-100)
2999,0.53759176,0.46240824,0,223,4) very common (100+)
3000,0.4825248,0.5174752,1,1070,4) very common (100+)
3001,0.50334114,0.49665886,1,4,1) very rare (1-5)
3002,0.49398148,0.5060185,1,23,3) common (21-100)
3003,0.8587443,0.14125568,0,1070,4) very common (100+)
3004,0.5229261,0.4770739,0,1070,4) very common (100+)
3005,0.3797423,0.62025774,1,261,4) very common (100+)
3006,0.02509308,0.9749069,1,0,1) very rare (1-5)
3007,0.18740347,0.81259656,1,1,1) very rare (1-5)
3008,0.12350077,0.87649924,0,0,1) very rare (1-5)
3009,0.14701352,0.85298645,1,0,1) very rare (1-5)
3010,0.30373037,0.69626963,1,124,4) very common (100+)
3011,0.10532288,0.8946771,1,11,2) rare (6-20)
3012,0.27536586,0.7246342,1,0,1) very rare (1-5)
3013,0.26974285,0.73025715,1,21,3) common (21-100)
3014,0.083525605,0.9164744,1,0,1) very rare (1-5)
3015,0.16582511,0.8341749,0,0,1) very rare (1-5)
3016,0.9581035,0.041896522,0,142,4) very common (100+)
3017,0.17063369,0.8293663,0,261,4) very common (100+)
3018,0.20636128,0.7936387,1,3,1) very rare (1-5)
3019,0.02824157,0.9717584,1,0,1) very rare (1-5)
3020,0.06729785,0.9327021,1,88,3) common (21-100)
3021,0.14632538,0.85367465,0,3,1) very rare (1-5)
3022,0.9166904,0.08330959,0,421,4) very common (100+)
3023,0.06319944,0.93680054,1,17,2) rare (6-20)
3024,0.56541556,0.43458444,1,19,2) rare (6-20)
3025,0.2251092,0.7748908,1,0,1) very rare (1-5)
3026,0.5648044,0.43519562,1,39,3) common (21-100)
3027,0.654623,0.34537703,0,700,4) very common (100+)
3028,0.9595519,0.04044813,0,421,4) very common (100+)
3029,0.21792522,0.7820748,0,5,1) very rare (1-5)
3030,0.28759027,0.71240973,0,3,1) very rare (1-5)
3031,0.10619418,0.8938058,1,1,1) very rare (1-5)
3032,0.32058617,0.6794138,0,8,2) rare (6-20)
3033,0.82795495,0.17204505,0,9,2) rare (6-20)
3034,0.36402464,0.63597536,1,268,4) very common (100+)
3035,0.21661642,0.7833836,0,6,2) rare (6-20)
3036,0.5975212,0.4024788,0,3,1) very rare (1-5)
3037,0.02021459,0.9797854,1,1,1) very rare (1-5)
3038,0.6028054,0.39719462,1,343,4) very common (100+)
3039,0.9979394,0.0020605922,0,211,4) very common (100+)
3040,0.06719594,0.93280405,0,5,1) very rare (1-5)
3041,0.9759602,0.024039805,0,700,4) very common (100+)
3042,0.31814352,0.6818565,1,66,3) common (21-100)
3043,0.40626532,0.5937347,0,5,1) very rare (1-5)
3044,0.1766799,0.8233201,1,145,4) very common (100+)
3045,0.5530339,0.4469661,0,1000,4) very common (100+)
3046,0.78188413,0.21811587,1,0,1) very rare (1-5)
3047,0.3329892,0.6670108,0,3,1) very rare (1-5)
3048,0.6267016,0.3732984,0,9,2) rare (6-20)
3049,0.2252052,0.7747948,0,2,1) very rare (1-5)
3050,0.18937245,0.8106276,1,0,1) very rare (1-5)
3051,0.97096145,0.029038548,0,1290,4) very common (100+)
3052,0.02670857,0.97329146,1,62,3) common (21-100)
3053,0.5330172,0.46698278,0,14,2) rare (6-20)
3054,0.58591145,0.41408855,1,11,2) rare (6-20)
3055,0.3280161,0.6719839,1,2,1) very rare (1-5)
3056,0.5967072,0.40329278,1,89,3) common (21-100)
3057,0.3528484,0.6471516,1,1,1) very rare (1-5)
3058,0.48870412,0.5112959,1,31,3) common (21-100)
3059,0.6750595,0.3249405,0,27,3) common (21-100)
3060,0.40997574,0.59002423,0,10,2) rare (6-20)
3061,0.5387636,0.46123642,1,24,3) common (21-100)
3062,0.47356275,0.5264373,1,10,2) rare (6-20)
3063,0.6308047,0.36919528,0,274,4) very common (100+)
3064,0.5895742,0.41042578,0,15,2) rare (6-20)
3065,0.42852598,0.571474,0,1,1) very rare (1-5)
3066,0.26216215,0.73783785,1,4,1) very rare (1-5)
3067,0.5539068,0.4460932,0,3,1) very rare (1-5)
3068,0.044897337,0.9551027,1,1,1) very rare (1-5)
3069,0.69927704,0.30072296,0,700,4) very common (100+)
3070,0.117987454,0.88201255,0,1290,4) very common (100+)
3071,0.072869174,0.9271308,1,1290,4) very common (100+)
3072,0.1887466,0.8112534,1,0,1) very rare (1-5)
3073,0.2201128,0.7798872,1,107,4) very common (100+)
3074,0.07069245,0.9293076,1,1,1) very rare (1-5)
3075,0.49242347,0.5075765,1,160,4) very common (100+)
3076,0.40016696,0.599833,0,2,1) very rare (1-5)
3077,0.7757631,0.2242369,1,3,1) very rare (1-5)
3078,0.1642368,0.8357632,1,36,3) common (21-100)
3079,0.5072385,0.4927615,1,0,1) very rare (1-5)
3080,0.94367456,0.056325436,0,1000,4) very common (100+)
3081,0.17160358,0.82839644,0,20,2) rare (6-20)
3082,0.2588859,0.74111414,1,0,1) very rare (1-5)
3083,0.66041195,0.33958805,0,1,1) very rare (1-5)
3084,0.9908353,0.009164691,0,1000,4) very common (100+)
3085,0.16017887,0.8398211,1,3,1) very rare (1-5)
3086,0.35233468,0.6476653,0,28,3) common (21-100)
3087,0.12467408,0.8753259,1,261,4) very common (100+)
3088,0.9365232,0.0634768,0,1,1) very rare (1-5)
3089,0.5391667,0.4608333,1,60,3) common (21-100)
3090,0.9935045,0.006495476,0,372,4) very common (100+)
3091,0.012410324,0.98758966,1,66,3) common (21-100)
3092,0.741087,0.25891298,1,107,4) very common (100+)
3093,0.3218777,0.6781223,0,1290,4) very common (100+)
3094,0.7888543,0.2111457,1,32,3) common (21-100)
3095,0.6822975,0.31770247,0,10,2) rare (6-20)
3096,0.7864588,0.21354121,0,1000,4) very common (100+)
3097,0.22946334,0.77053666,1,102,4) very common (100+)
3098,0.6897469,0.31025308,0,14,2) rare (6-20)
3099,0.0861028,0.9138972,1,0,1) very rare (1-5)
3100,0.25933364,0.7406664,1,58,3) common (21-100)
3101,0.3634123,0.63658774,0,2,1) very rare (1-5)
3102,0.5534333,0.4465667,0,3,1) very rare (1-5)
3103,0.113755755,0.88624424,1,71,3) common (21-100)
3104,0.90572983,0.09427017,1,102,4) very common (100+)
3105,0.26166305,0.7383369,1,1,1) very rare (1-5)
3106,0.44208178,0.5579182,1,7,2) rare (6-20)
3107,0.49955878,0.5004412,0,15,2) rare (6-20)
3108,0.1560687,0.8439313,1,118,4) very common (100+)
3109,0.7785964,0.2214036,1,0,1) very rare (1-5)
3110,0.20521507,0.7947849,1,118,4) very common (100+)
3111,0.46143222,0.5385678,1,1070,4) very common (100+)
3112,0.51505613,0.48494387,0,223,4) very common (100+)
3113,0.6794263,0.3205737,1,372,4) very common (100+)
3114,0.041525595,0.9584744,0,3,1) very rare (1-5)
3115,0.8417405,0.15825951,0,63,3) common (21-100)
3116,0.478882,0.521118,1,15,2) rare (6-20)
3117,0.4541139,0.5458861,1,4,1) very rare (1-5)
3118,0.49028262,0.50971735,1,0,1) very rare (1-5)
3119,0.31697896,0.68302107,1,20,2) rare (6-20)
3120,0.8726447,0.12735528,1,18,2) rare (6-20)
3121,0.06865816,0.9313418,0,8,2) rare (6-20)
3122,0.65361863,0.34638137,1,8,2) rare (6-20)
3123,0.27494958,0.72505045,1,70,3) common (21-100)
3124,0.22225524,0.77774477,1,21,3) common (21-100)
3125,0.1333079,0.86669207,0,4,1) very rare (1-5)
3126,0.07631115,0.9236888,1,6,2) rare (6-20)
3127,0.9926335,0.0073664784,0,274,4) very common (100+)
3128,0.0752414,0.9247586,1,0,1) very rare (1-5)
3129,0.45649993,0.54350007,1,5,1) very rare (1-5)
3130,0.08382482,0.9161752,1,0,1) very rare (1-5)
3131,0.44962227,0.5503777,0,3,1) very rare (1-5)
3132,0.77352893,0.22647107,0,24,3) common (21-100)
3133,0.099521585,0.9004784,1,1,1) very rare (1-5)
3134,0.28428623,0.71571374,1,0,1) very rare (1-5)
3135,0.5883819,0.4116181,0,1000,4) very common (100+)
3136,0.06980928,0.93019074,1,0,1) very rare (1-5)
3137,0.98988193,0.010118067,0,1000,4) very common (100+)
3138,0.72274876,0.27725124,0,3,1) very rare (1-5)
3139,0.42968786,0.57031214,0,223,4) very common (100+)
3140,0.054900147,0.94509983,1,0,1) very rare (1-5)
3141,0.29306298,0.706937,1,0,1) very rare (1-5)
3142,0.28921866,0.71078134,0,12,2) rare (6-20)
3143,0.7251992,0.27480078,0,1000,4) very common (100+)
3144,0.19328079,0.8067192,0,14,2) rare (6-20)
3145,0.06840388,0.9315961,1,3,1) very rare (1-5)
3146,0.9833468,0.01665318,0,89,3) common (21-100)
3147,0.85405046,0.14594954,0,47,3) common (21-100)
3148,0.8085045,0.19149548,1,2,1) very rare (1-5)
3149,0.5391493,0.46085072,1,1000,4) very common (100+)
3150,0.884011,0.11598903,0,14,2) rare (6-20)
3151,0.4389187,0.5610813,0,102,4) very common (100+)
3152,0.2609325,0.7390675,1,0,1) very rare (1-5)
3153,0.17233758,0.8276624,1,0,1) very rare (1-5)
3154,0.8883403,0.111659706,0,700,4) very common (100+)
3155,0.8096246,0.19037539,1,89,3) common (21-100)
3156,0.20075029,0.7992497,1,1,1) very rare (1-5)
3157,0.5700035,0.4299965,0,1070,4) very common (100+)
3158,0.17230134,0.82769865,0,14,2) rare (6-20)
3159,0.28648084,0.71351916,0,76,3) common (21-100)
3160,0.9323194,0.0676806,0,1,1) very rare (1-5)
3161,0.13788885,0.86211115,1,0,1) very rare (1-5)
3162,0.93243164,0.06756836,0,99,3) common (21-100)
3163,0.2674124,0.7325876,1,7,2) rare (6-20)
3164,0.07626902,0.92373097,0,1,1) very rare (1-5)
3165,0.8030459,0.19695407,1,3,1) very rare (1-5)
3166,0.053389266,0.94661075,1,1,1) very rare (1-5)
3167,0.45671436,0.5432856,1,3,1) very rare (1-5)
3168,0.9886099,0.01139009,0,1000,4) very common (100+)
3169,0.51015866,0.48984134,0,41,3) common (21-100)
3170,0.17690453,0.82309544,1,20,2) rare (6-20)
3171,0.35429147,0.64570856,1,31,3) common (21-100)
3172,0.10886651,0.8911335,1,0,1) very rare (1-5)
3173,0.1846806,0.8153194,1,23,3) common (21-100)
3174,0.6489251,0.35107487,0,1000,4) very common (100+)
3175,0.15790462,0.8420954,1,0,1) very rare (1-5)
3176,0.88641465,0.11358535,0,27,3) common (21-100)
3177,0.93066186,0.06933814,0,91,3) common (21-100)
3178,0.09725117,0.9027488,1,58,3) common (21-100)
3179,0.34477097,0.65522903,1,33,3) common (21-100)
3180,0.7744048,0.22559518,0,102,4) very common (100+)
3181,0.24556439,0.7544356,0,36,3) common (21-100)
3182,0.95056796,0.04943204,0,39,3) common (21-100)
3183,0.8868794,0.113120615,0,2,1) very rare (1-5)
3184,0.6431963,0.35680372,1,76,3) common (21-100)
3185,0.14559276,0.85440725,1,0,1) very rare (1-5)
3186,0.36218807,0.6378119,1,7,2) rare (6-20)
3187,0.114525065,0.8854749,1,0,1) very rare (1-5)
3188,0.04464081,0.9553592,1,2,1) very rare (1-5)
3189,0.06736577,0.93263423,1,14,2) rare (6-20)
3190,0.60948515,0.39051485,0,71,3) common (21-100)
3191,0.51661646,0.48338354,0,372,4) very common (100+)
3192,0.26666442,0.7333356,1,1,1) very rare (1-5)
3193,0.90836555,0.09163445,0,27,3) common (21-100)
3194,0.51431894,0.48568106,1,16,2) rare (6-20)
3195,0.93002677,0.06997323,1,0,1) very rare (1-5)
3196,0.7234052,0.27659482,0,12,2) rare (6-20)
3197,0.6247543,0.3752457,1,1,1) very rare (1-5)
3198,0.9799253,0.020074725,0,1000,4) very common (100+)
3199,0.5449554,0.45504463,1,27,3) common (21-100)
3200,0.90759665,0.09240335,0,37,3) common (21-100)
3201,0.582739,0.417261,1,44,3) common (21-100)
3202,0.48112458,0.5188754,0,66,3) common (21-100)
3203,0.037025645,0.96297437,1,0,1) very rare (1-5)
3204,0.13424797,0.86575204,1,3,1) very rare (1-5)
3205,0.07131532,0.9286847,1,0,1) very rare (1-5)
3206,0.12059659,0.8794034,1,0,1) very rare (1-5)
3207,0.051348113,0.9486519,0,19,2) rare (6-20)
3208,0.41085348,0.5891465,0,1070,4) very common (100+)
3209,0.69745225,0.30254775,0,15,2) rare (6-20)
3210,0.79839694,0.20160306,0,1290,4) very common (100+)
3211,0.023900958,0.976099,1,1,1) very rare (1-5)
3212,0.709636,0.29036403,0,24,3) common (21-100)
3213,0.05226016,0.94773984,1,18,2) rare (6-20)
3214,0.61166114,0.38833886,1,118,4) very common (100+)
3215,0.50257474,0.49742526,0,23,3) common (21-100)
3216,0.92527235,0.074727654,1,0,1) very rare (1-5)
3217,0.12701024,0.8729898,0,3,1) very rare (1-5)
3218,0.35892314,0.64107686,1,1,1) very rare (1-5)
3219,0.41326198,0.586738,1,1,1) very rare (1-5)
3220,0.6001118,0.39988822,0,421,4) very common (100+)
3221,0.03225467,0.9677453,1,0,1) very rare (1-5)
3222,0.40149018,0.5985098,0,275,4) very common (100+)
3223,0.70997566,0.29002434,0,3,1) very rare (1-5)
3224,0.033203766,0.9667962,1,0,1) very rare (1-5)
3225,0.7535428,0.24645722,1,81,3) common (21-100)
3226,0.3261368,0.6738632,1,5,1) very rare (1-5)
3227,0.36973438,0.6302656,1,79,3) common (21-100)
3228,0.5312775,0.46872252,0,41,3) common (21-100)
3229,0.06679995,0.93320006,0,2,1) very rare (1-5)
3230,0.39997494,0.60002506,0,18,2) rare (6-20)
3231,0.94244564,0.057554364,1,5,1) very rare (1-5)
3232,0.15752067,0.84247935,0,23,3) common (21-100)
3233,0.7684364,0.23156363,0,1290,4) very common (100+)
3234,0.5153281,0.4846719,1,268,4) very common (100+)
3235,0.117153294,0.8828467,1,0,1) very rare (1-5)
3236,0.5530112,0.44698882,0,37,3) common (21-100)
3237,0.69669145,0.30330855,0,1290,4) very common (100+)
3238,0.6631743,0.33682573,0,142,4) very common (100+)
3239,0.34701347,0.6529865,1,76,3) common (21-100)
3240,0.64035594,0.35964406,0,60,3) common (21-100)
3241,0.30261543,0.6973846,1,0,1) very rare (1-5)
3242,0.30058742,0.6994126,1,66,3) common (21-100)
3243,0.40632704,0.593673,0,3,1) very rare (1-5)
3244,0.98551196,0.014488041,0,1000,4) very common (100+)
3245,0.53910553,0.46089447,1,19,2) rare (6-20)
3246,0.9303064,0.069693625,1,66,3) common (21-100)
3247,0.19392025,0.80607975,0,4,1) very rare (1-5)
3248,0.46516424,0.53483576,1,66,3) common (21-100)
3249,0.13132042,0.8686796,0,0,1) very rare (1-5)
3250,0.8983999,0.10160011,0,20,2) rare (6-20)
3251,0.18955226,0.81044775,1,2,1) very rare (1-5)
3252,0.42997843,0.57002157,1,1070,4) very common (100+)
3253,0.94761,0.05238998,0,1290,4) very common (100+)
3254,0.48735037,0.51264966,0,85,3) common (21-100)
3255,0.7305907,0.2694093,1,0,1) very rare (1-5)
3256,0.8958454,0.10415459,0,94,3) common (21-100)
3257,0.49964672,0.5003533,1,13,2) rare (6-20)
3258,0.9934024,0.0065975785,0,1000,4) very common (100+)
3259,0.9760943,0.023905694,0,1290,4) very common (100+)
3260,0.7914383,0.20856172,1,2,1) very rare (1-5)
3261,0.12926282,0.8707372,1,108,4) very common (100+)
3262,0.14093597,0.85906404,1,22,3) common (21-100)
3263,0.9133064,0.086693585,0,166,4) very common (100+)
3264,0.08479439,0.9152056,1,0,1) very rare (1-5)
3265,0.50268114,0.49731886,1,27,3) common (21-100)
3266,0.78076154,0.21923846,0,700,4) very common (100+)
3267,0.14528787,0.8547121,0,2,1) very rare (1-5)
3268,0.49229896,0.50770104,1,1,1) very rare (1-5)
3269,0.19648615,0.8035139,1,0,1) very rare (1-5)
3270,0.23383078,0.7661692,1,0,1) very rare (1-5)
3271,0.5750131,0.4249869,1,5,1) very rare (1-5)
3272,0.3959657,0.6040343,1,8,2) rare (6-20)
3273,0.5671484,0.4328516,1,1070,4) very common (100+)
3274,0.41992822,0.5800718,1,166,4) very common (100+)
3275,0.806216,0.193784,0,1070,4) very common (100+)
3276,0.7480876,0.25191242,1,89,3) common (21-100)
3277,0.200886,0.799114,1,0,1) very rare (1-5)
3278,0.21509708,0.78490293,0,105,4) very common (100+)
3279,0.017583264,0.98241675,1,0,1) very rare (1-5)
3280,0.77220523,0.22779477,0,37,3) common (21-100)
3281,0.45809594,0.5419041,1,1070,4) very common (100+)
3282,0.18421166,0.8157883,1,47,3) common (21-100)
3283,0.08938481,0.9106152,1,36,3) common (21-100)
3284,0.7569285,0.2430715,0,1290,4) very common (100+)
3285,0.026571738,0.97342825,1,0,1) very rare (1-5)
3286,0.039466973,0.960533,1,0,1) very rare (1-5)
3287,0.017179763,0.9828202,1,0,1) very rare (1-5)
3288,0.9608995,0.039100528,1,99,3) common (21-100)
3289,0.77481014,0.22518986,0,18,2) rare (6-20)
3290,0.092804134,0.90719587,1,0,1) very rare (1-5)
3291,0.056185484,0.9438145,1,12,2) rare (6-20)
3292,0.25919154,0.7408085,1,1,1) very rare (1-5)
3293,0.08681675,0.9131833,1,0,1) very rare (1-5)
3294,0.49928328,0.5007167,1,159,4) very common (100+)
3295,0.39858735,0.60141265,0,65,3) common (21-100)
3296,0.35387772,0.6461223,0,1070,4) very common (100+)
3297,0.10127228,0.8987277,1,0,1) very rare (1-5)
3298,0.032702707,0.9672973,1,0,1) very rare (1-5)
3299,0.38608614,0.6139139,1,15,2) rare (6-20)
3300,0.5966424,0.40335763,1,5,1) very rare (1-5)
3301,0.83997655,0.16002345,0,2,1) very rare (1-5)
3302,0.1375472,0.8624528,0,28,3) common (21-100)
3303,0.81569374,0.18430626,1,275,4) very common (100+)
3304,0.86715764,0.13284236,0,1000,4) very common (100+)
3305,0.91009367,0.089906335,1,0,1) very rare (1-5)
3306,0.94760424,0.05239576,0,71,3) common (21-100)
3307,0.4107295,0.5892705,1,1070,4) very common (100+)
3308,0.40959963,0.59040034,0,39,3) common (21-100)
3309,0.32544678,0.6745532,0,0,1) very rare (1-5)
3310,0.90587145,0.09412855,0,421,4) very common (100+)
3311,0.06871029,0.93128973,1,14,2) rare (6-20)
3312,0.49141377,0.5085862,0,3,1) very rare (1-5)
3313,0.66683114,0.33316886,0,63,3) common (21-100)
3314,0.65768975,0.34231025,0,102,4) very common (100+)
3315,0.9832077,0.016792297,0,700,4) very common (100+)
3316,0.96924466,0.030755341,0,1000,4) very common (100+)
3317,0.111594394,0.8884056,0,1,1) very rare (1-5)
3318,0.12991178,0.8700882,1,68,3) common (21-100)
3319,0.33619255,0.66380745,1,65,3) common (21-100)
3320,0.11815376,0.88184625,1,0,1) very rare (1-5)
3321,0.9782139,0.021786094,0,1000,4) very common (100+)
3322,0.35605592,0.6439441,1,19,2) rare (6-20)
3323,0.6778104,0.32218963,0,343,4) very common (100+)
3324,0.30250514,0.69749486,1,10,2) rare (6-20)
3325,0.921648,0.078351974,0,15,2) rare (6-20)
3326,0.24206342,0.7579366,0,16,2) rare (6-20)
3327,0.37485227,0.6251477,1,1290,4) very common (100+)
3328,0.969331,0.030668974,0,182,4) very common (100+)
3329,0.29920995,0.70079005,1,5,1) very rare (1-5)
3330,0.56273127,0.43726873,1,1290,4) very common (100+)
3331,0.9516601,0.048339903,0,1000,4) very common (100+)
3332,0.29687113,0.7031289,1,63,3) common (21-100)
3333,0.95842266,0.04157734,0,211,4) very common (100+)
3334,0.25663853,0.7433615,0,24,3) common (21-100)
3335,0.96309614,0.03690386,0,343,4) very common (100+)
3336,0.23228535,0.7677146,1,1,1) very rare (1-5)
3337,0.38645437,0.61354566,0,2,1) very rare (1-5)
3338,0.5337458,0.46625417,0,46,3) common (21-100)
3339,0.09697634,0.90302366,1,3,1) very rare (1-5)
3340,0.665054,0.33494598,0,25,3) common (21-100)
3341,0.49778867,0.50221133,0,86,3) common (21-100)
3342,0.9315333,0.06846672,0,24,3) common (21-100)
3343,0.50294703,0.49705297,0,1,1) very rare (1-5)
3344,0.18692732,0.8130727,1,343,4) very common (100+)
3345,0.6005448,0.3994552,1,3,1) very rare (1-5)
3346,0.20628162,0.7937184,1,0,1) very rare (1-5)
3347,0.24644087,0.7535591,1,2,1) very rare (1-5)
3348,0.020952323,0.97904766,1,2,1) very rare (1-5)
3349,0.15074387,0.84925616,1,19,2) rare (6-20)
3350,0.94313663,0.056863368,1,11,2) rare (6-20)
3351,0.20003949,0.7999605,1,0,1) very rare (1-5)
3352,0.73586506,0.26413494,0,10,2) rare (6-20)
3353,0.46945822,0.5305418,0,4,1) very rare (1-5)
3354,0.5333718,0.4666282,0,29,3) common (21-100)
3355,0.20407109,0.7959289,0,14,2) rare (6-20)
3356,0.4415479,0.5584521,0,105,4) very common (100+)
3357,0.72739005,0.27260995,0,82,3) common (21-100)
3358,0.16629468,0.8337053,1,1,1) very rare (1-5)
3359,0.7988517,0.20114827,0,1070,4) very common (100+)
3360,0.4148841,0.5851159,1,24,3) common (21-100)
3361,0.90804327,0.091956735,0,11,2) rare (6-20)
3362,0.5737251,0.4262749,1,1290,4) very common (100+)
3363,0.9317349,0.06826508,0,4,1) very rare (1-5)
3364,0.28116944,0.7188306,1,178,4) very common (100+)
3365,0.80067134,0.19932866,0,1290,4) very common (100+)
3366,0.07452392,0.9254761,1,6,2) rare (6-20)
3367,0.3949852,0.6050148,0,0,1) very rare (1-5)
3368,0.18146065,0.8185394,1,19,2) rare (6-20)
3369,0.29858658,0.7014134,1,0,1) very rare (1-5)
3370,0.9679023,0.032097697,0,71,3) common (21-100)
3371,0.8668791,0.1331209,0,145,4) very common (100+)
3372,0.9563975,0.043602526,0,275,4) very common (100+)
3373,0.4782633,0.52173674,1,0,1) very rare (1-5)
3374,0.406708,0.593292,1,105,4) very common (100+)
3375,0.040419035,0.95958096,1,0,1) very rare (1-5)
3376,0.015555532,0.98444444,1,0,1) very rare (1-5)
3377,0.63565916,0.36434084,1,27,3) common (21-100)
3378,0.68865395,0.31134605,0,421,4) very common (100+)
3379,0.1280466,0.87195337,1,44,3) common (21-100)
3380,0.7354298,0.26457018,1,5,1) very rare (1-5)
3381,0.27457482,0.7254252,1,65,3) common (21-100)
3382,0.43547386,0.56452614,1,1,1) very rare (1-5)
3383,0.11234792,0.8876521,1,22,3) common (21-100)
3384,0.5913603,0.40863973,0,2,1) very rare (1-5)
3385,0.22663574,0.77336425,1,2,1) very rare (1-5)
3386,0.9454571,0.0545429,1,1070,4) very common (100+)
3387,0.07606712,0.9239329,0,1,1) very rare (1-5)
3388,0.112539575,0.8874604,1,0,1) very rare (1-5)
3389,0.8992705,0.100729525,0,24,3) common (21-100)
3390,0.08116339,0.9188366,1,7,2) rare (6-20)
3391,0.9126497,0.08735031,0,421,4) very common (100+)
3392,0.04808548,0.95191455,1,0,1) very rare (1-5)
3393,0.7996509,0.20034909,1,0,1) very rare (1-5)
3394,0.021788407,0.9782116,1,0,1) very rare (1-5)
3395,0.26778376,0.73221624,1,0,1) very rare (1-5)
3396,0.22243634,0.7775637,0,71,3) common (21-100)
3397,0.120133854,0.8798661,1,0,1) very rare (1-5)
3398,0.32461742,0.6753826,1,1,1) very rare (1-5)
3399,0.68181163,0.31818837,1,96,3) common (21-100)
3400,0.32257771,0.6774223,1,66,3) common (21-100)
3401,0.88540006,0.11459994,0,700,4) very common (100+)
3402,0.059953723,0.94004625,0,88,3) common (21-100)
3403,0.31414092,0.6858591,1,1,1) very rare (1-5)
3404,0.7914142,0.2085858,1,46,3) common (21-100)
3405,0.08734962,0.91265035,0,14,2) rare (6-20)
3406,0.8038373,0.1961627,0,19,2) rare (6-20)
3407,0.32769486,0.6723051,1,4,1) very rare (1-5)
3408,0.6565203,0.3434797,0,85,3) common (21-100)
3409,0.36094034,0.63905966,0,5,1) very rare (1-5)
3410,0.20215344,0.79784656,1,85,3) common (21-100)
3411,0.099155776,0.9008442,1,45,3) common (21-100)
3412,0.52390724,0.47609276,0,14,2) rare (6-20)
3413,0.49113968,0.50886035,1,261,4) very common (100+)
3414,0.97657794,0.023422062,0,10,2) rare (6-20)
3415,0.58382666,0.41617334,0,1290,4) very common (100+)
3416,0.98638296,0.013617039,0,1000,4) very common (100+)
3417,0.6455397,0.3544603,0,2,1) very rare (1-5)
3418,0.15844555,0.84155446,0,1,1) very rare (1-5)
3419,0.48012695,0.519873,1,275,4) very common (100+)
3420,0.69052094,0.30947906,1,10,2) rare (6-20)
3421,0.9410241,0.058975875,0,26,3) common (21-100)
3422,0.24642628,0.7535737,1,0,1) very rare (1-5)
3423,0.73056257,0.26943743,0,31,3) common (21-100)
3424,0.0267045,0.9732955,1,0,1) very rare (1-5)
3425,0.93029237,0.06970763,0,1000,4) very common (100+)
3426,0.86197144,0.13802856,1,11,2) rare (6-20)
3427,0.2970056,0.7029944,1,9,2) rare (6-20)
3428,0.097939216,0.9020608,0,92,3) common (21-100)
3429,0.2651176,0.7348824,1,49,3) common (21-100)
3430,0.34597126,0.6540288,0,268,4) very common (100+)
3431,0.28491864,0.71508133,1,105,4) very common (100+)
3432,0.4944673,0.50553274,1,23,3) common (21-100)
3433,0.04029232,0.9597077,1,2,1) very rare (1-5)
3434,0.16340233,0.8365977,0,43,3) common (21-100)
3435,0.048771277,0.95122874,1,159,4) very common (100+)
3436,0.22153524,0.7784648,0,2,1) very rare (1-5)
3437,0.19306111,0.8069389,1,0,1) very rare (1-5)
3438,0.48295212,0.5170479,1,1,1) very rare (1-5)
3439,0.59987366,0.40012634,0,24,3) common (21-100)
3440,0.9025487,0.09745133,0,145,4) very common (100+)
3441,0.38819277,0.6118072,1,6,2) rare (6-20)
3442,0.68618226,0.31381774,0,25,3) common (21-100)
3443,0.1901326,0.8098674,0,182,4) very common (100+)
3444,0.3799506,0.62004936,0,421,4) very common (100+)
3445,0.88602424,0.11397576,0,85,3) common (21-100)
3446,0.4950071,0.5049929,1,1290,4) very common (100+)
3447,0.031145802,0.9688542,1,53,3) common (21-100)
3448,0.061255433,0.93874454,1,0,1) very rare (1-5)
3449,0.50038224,0.49961776,1,30,3) common (21-100)
3450,0.70783556,0.29216444,0,2,1) very rare (1-5)
3451,0.18939319,0.81060684,1,2,1) very rare (1-5)
3452,0.8562157,0.14378428,0,1290,4) very common (100+)
3453,0.46503198,0.534968,1,1290,4) very common (100+)
3454,0.78979355,0.21020645,0,14,2) rare (6-20)
3455,0.6817336,0.3182664,0,4,1) very rare (1-5)
3456,0.35375664,0.64624333,1,58,3) common (21-100)
3457,0.1430657,0.8569343,0,3,1) very rare (1-5)
3458,0.96738786,0.032612145,0,700,4) very common (100+)
3459,0.058165584,0.9418344,1,146,4) very common (100+)
3460,0.3185581,0.6814419,1,11,2) rare (6-20)
3461,0.038595986,0.961404,1,0,1) very rare (1-5)
3462,0.4941043,0.50589573,0,106,4) very common (100+)
3463,0.4254239,0.57457614,1,51,3) common (21-100)
3464,0.14573582,0.8542642,0,4,1) very rare (1-5)
3465,0.2233607,0.7766393,0,237,4) very common (100+)
3466,0.22233674,0.77766323,1,6,2) rare (6-20)
3467,0.40950543,0.5904946,1,4,1) very rare (1-5)
3468,0.91974956,0.08025044,0,274,4) very common (100+)
3469,0.22278926,0.7772107,0,40,3) common (21-100)
3470,0.6683252,0.3316748,0,11,2) rare (6-20)
3471,0.21719003,0.78281,0,34,3) common (21-100)
3472,0.70207065,0.29792935,1,0,1) very rare (1-5)
3473,0.04919932,0.95080066,1,1,1) very rare (1-5)
3474,0.5676254,0.4323746,0,1,1) very rare (1-5)
3475,0.9187601,0.08123988,1,19,2) rare (6-20)
3476,0.7055085,0.29449153,0,178,4) very common (100+)
3477,0.6633875,0.33661252,0,1070,4) very common (100+)
3478,0.09286419,0.9071358,1,4,1) very rare (1-5)
3479,0.78531146,0.21468854,1,53,3) common (21-100)
3480,0.3069769,0.6930231,1,38,3) common (21-100)
3481,0.33751032,0.66248965,1,0,1) very rare (1-5)
3482,0.59016305,0.40983695,0,1290,4) very common (100+)
3483,0.39053008,0.6094699,0,81,3) common (21-100)
3484,0.49274927,0.5072507,1,1290,4) very common (100+)
3485,0.59220576,0.40779424,1,146,4) very common (100+)
3486,0.1493405,0.8506595,1,3,1) very rare (1-5)
3487,0.8062977,0.19370228,1,4,1) very rare (1-5)
3488,0.39964294,0.60035706,0,2,1) very rare (1-5)
3489,0.07814863,0.9218514,0,4,1) very rare (1-5)
3490,0.78113675,0.21886325,0,8,2) rare (6-20)
3491,0.4640519,0.5359481,1,2,1) very rare (1-5)
3492,0.91693735,0.08306265,0,142,4) very common (100+)
3493,0.71345615,0.28654385,1,3,1) very rare (1-5)
3494,0.478385,0.521615,1,53,3) common (21-100)
3495,0.42805734,0.5719427,1,27,3) common (21-100)
3496,0.3932611,0.6067389,1,18,2) rare (6-20)
3497,0.69726413,0.30273587,0,10,2) rare (6-20)
3498,0.44649634,0.55350363,0,5,1) very rare (1-5)
3499,0.59219223,0.40780777,0,14,2) rare (6-20)
3500,0.13465871,0.8653413,1,1,1) very rare (1-5)
3501,0.06663579,0.9333642,1,0,1) very rare (1-5)
3502,0.8660958,0.13390422,0,5,1) very rare (1-5)
3503,0.24456495,0.75543505,1,1,1) very rare (1-5)
3504,0.9711264,0.028873622,0,1000,4) very common (100+)
3505,0.29504487,0.7049551,1,0,1) very rare (1-5)
3506,0.24881998,0.75118005,1,2,1) very rare (1-5)
3507,0.16212133,0.8378787,1,2,1) very rare (1-5)
3508,0.88787264,0.11212736,0,58,3) common (21-100)
3509,0.14001188,0.8599881,1,23,3) common (21-100)
3510,0.07676447,0.92323554,1,24,3) common (21-100)
3511,0.19165993,0.8083401,1,10,2) rare (6-20)
3512,0.28344294,0.716557,1,0,1) very rare (1-5)
3513,0.6367648,0.36323518,0,47,3) common (21-100)
3514,0.109978035,0.890022,0,79,3) common (21-100)
3515,0.64029586,0.35970414,1,11,2) rare (6-20)
3516,0.5816429,0.41835707,0,7,2) rare (6-20)
3517,0.8270186,0.17298138,1,24,3) common (21-100)
3518,0.391836,0.608164,0,33,3) common (21-100)
3519,0.43462348,0.5653765,1,19,2) rare (6-20)
3520,0.081761405,0.9182386,1,142,4) very common (100+)
3521,0.08805884,0.9119412,1,69,3) common (21-100)
3522,0.81756246,0.18243754,0,142,4) very common (100+)
3523,0.67380583,0.32619417,1,66,3) common (21-100)
3524,0.8003797,0.1996203,0,89,3) common (21-100)
3525,0.45785695,0.54214305,0,166,4) very common (100+)
3526,0.23093879,0.7690612,1,0,1) very rare (1-5)
3527,0.36780927,0.6321907,0,6,2) rare (6-20)
3528,0.84117496,0.15882504,0,7,2) rare (6-20)
3529,0.8730736,0.12692642,1,11,2) rare (6-20)
3530,0.77542585,0.22457415,0,700,4) very common (100+)
3531,0.40797856,0.59202147,0,261,4) very common (100+)
3532,0.961756,0.03824401,0,1000,4) very common (100+)
3533,0.34419593,0.65580404,1,100,3) common (21-100)
3534,0.6093104,0.3906896,1,1,1) very rare (1-5)
3535,0.4158146,0.58418536,0,105,4) very common (100+)
3536,0.91190016,0.08809984,0,84,3) common (21-100)
3537,0.8523043,0.14769572,1,36,3) common (21-100)
3538,0.7083173,0.29168272,0,2,1) very rare (1-5)
3539,0.090261824,0.9097382,1,7,2) rare (6-20)
3540,0.6606448,0.33935517,1,30,3) common (21-100)
3541,0.414088,0.585912,1,142,4) very common (100+)
3542,0.034367654,0.9656323,0,1,1) very rare (1-5)
3543,0.7004,0.2996,0,15,2) rare (6-20)
3544,0.040212322,0.95978767,1,3,1) very rare (1-5)
3545,0.2704679,0.7295321,1,3,1) very rare (1-5)
3546,0.7715596,0.2284404,1,0,1) very rare (1-5)
3547,0.21692342,0.7830766,1,2,1) very rare (1-5)
3548,0.36270404,0.63729596,0,700,4) very common (100+)
3549,0.6477479,0.35225213,0,123,4) very common (100+)
3550,0.8372454,0.1627546,1,19,2) rare (6-20)
3551,0.018472712,0.98152727,1,0,1) very rare (1-5)
3552,0.6318101,0.36818987,0,1,1) very rare (1-5)
3553,0.6630678,0.33693218,1,1070,4) very common (100+)
3554,0.92012656,0.07987344,1,18,2) rare (6-20)
3555,0.9452613,0.0547387,0,700,4) very common (100+)
3556,0.09242923,0.9075708,1,2,1) very rare (1-5)
3557,0.08453071,0.9154693,1,94,3) common (21-100)
3558,0.023104208,0.9768958,1,2,1) very rare (1-5)
3559,0.9931543,0.0068457127,0,142,4) very common (100+)
3560,0.47062135,0.52937865,0,22,3) common (21-100)
3561,0.25080487,0.7491951,0,4,1) very rare (1-5)
3562,0.27579802,0.724202,1,0,1) very rare (1-5)
3563,0.7932377,0.20676231,1,0,1) very rare (1-5)
3564,0.19187038,0.8081296,1,2,1) very rare (1-5)
3565,0.60742164,0.39257836,0,700,4) very common (100+)
3566,0.5376397,0.46236032,1,268,4) very common (100+)
3567,0.9608375,0.039162517,1,0,1) very rare (1-5)
3568,0.9004748,0.09952521,1,99,3) common (21-100)
3569,0.100711,0.899289,1,20,2) rare (6-20)
3570,0.9724965,0.02750349,0,1000,4) very common (100+)
3571,0.5158708,0.4841292,0,1070,4) very common (100+)
3572,0.95167416,0.048325837,1,19,2) rare (6-20)
3573,0.042189363,0.95781064,1,0,1) very rare (1-5)
3574,0.6612875,0.3387125,1,1290,4) very common (100+)
3575,0.33783323,0.6621668,1,0,1) very rare (1-5)
3576,0.07403516,0.92596483,1,5,1) very rare (1-5)
3577,0.74525124,0.25474876,0,91,3) common (21-100)
3578,0.86964977,0.13035023,1,11,2) rare (6-20)
3579,0.12025477,0.87974524,1,2,1) very rare (1-5)
3580,0.4894431,0.51055694,0,1290,4) very common (100+)
3581,0.18113688,0.81886315,1,0,1) very rare (1-5)
3582,0.6792743,0.32072568,0,1,1) very rare (1-5)
3583,0.27847517,0.72152483,1,81,3) common (21-100)
3584,0.73362154,0.26637846,0,12,2) rare (6-20)
3585,0.997618,0.0023819804,1,211,4) very common (100+)
3586,0.9002418,0.09975821,1,13,2) rare (6-20)
3587,0.43174738,0.5682526,0,8,2) rare (6-20)
3588,0.985204,0.014796019,0,99,3) common (21-100)
3589,0.93967634,0.060323656,0,118,4) very common (100+)
3590,0.9380322,0.06196779,0,1000,4) very common (100+)
3591,0.875871,0.124129,0,1070,4) very common (100+)
3592,0.95192385,0.048076153,1,100,3) common (21-100)
3593,0.8041986,0.19580138,0,3,1) very rare (1-5)
3594,0.21168838,0.7883116,1,0,1) very rare (1-5)
3595,0.29950872,0.7004913,1,14,2) rare (6-20)
3596,0.95772773,0.04227227,0,111,4) very common (100+)
3597,0.83882314,0.16117686,0,28,3) common (21-100)
3598,0.79667556,0.20332444,0,21,3) common (21-100)
3599,0.50092703,0.49907297,0,23,3) common (21-100)
3600,0.41506955,0.5849304,0,1,1) very rare (1-5)
3601,0.3817276,0.6182724,1,1,1) very rare (1-5)
3602,0.88401264,0.11598736,0,1070,4) very common (100+)
3603,0.8254712,0.17452878,0,7,2) rare (6-20)
3604,0.8429802,0.1570198,0,261,4) very common (100+)
3605,0.6091603,0.3908397,1,18,2) rare (6-20)
3606,0.100079656,0.89992034,0,1,1) very rare (1-5)
3607,0.57657486,0.42342514,0,223,4) very common (100+)
3608,0.10997242,0.8900276,1,2,1) very rare (1-5)
3609,0.089620605,0.9103794,1,7,2) rare (6-20)
3610,0.24554719,0.7544528,1,0,1) very rare (1-5)
3611,0.2835659,0.7164341,0,2,1) very rare (1-5)
3612,0.54136175,0.45863825,0,28,3) common (21-100)
3613,0.28033242,0.71966755,0,3,1) very rare (1-5)
3614,0.43060192,0.56939805,1,85,3) common (21-100)
3615,0.78248376,0.21751624,0,51,3) common (21-100)
3616,0.7570407,0.24295932,0,261,4) very common (100+)
3617,0.2957547,0.7042453,0,12,2) rare (6-20)
3618,0.3645175,0.6354825,1,9,2) rare (6-20)
3619,0.62029094,0.37970906,0,700,4) very common (100+)
3620,0.58277637,0.41722363,0,1070,4) very common (100+)
3621,0.41103038,0.5889696,1,17,2) rare (6-20)
3622,0.6379108,0.36208922,0,2,1) very rare (1-5)
3623,0.30200383,0.69799614,1,0,1) very rare (1-5)
3624,0.3610165,0.6389835,1,1,1) very rare (1-5)
3625,0.10477203,0.89522797,1,0,1) very rare (1-5)
3626,0.9424512,0.05754882,0,1000,4) very common (100+)
3627,0.7758775,0.22412252,0,123,4) very common (100+)
3628,0.655831,0.34416902,0,211,4) very common (100+)
3629,0.81776303,0.18223697,0,38,3) common (21-100)
3630,0.80455244,0.19544756,1,66,3) common (21-100)
3631,0.82378876,0.17621124,0,166,4) very common (100+)
3632,0.13815573,0.8618443,1,2,1) very rare (1-5)
3633,0.57496697,0.42503303,1,18,2) rare (6-20)
3634,0.7858251,0.21417493,0,118,4) very common (100+)
3635,0.7851748,0.21482521,0,33,3) common (21-100)
3636,0.32443357,0.67556643,1,2,1) very rare (1-5)
3637,0.096045196,0.9039548,0,7,2) rare (6-20)
3638,0.37876463,0.6212354,0,99,3) common (21-100)
3639,0.56089264,0.43910736,1,0,1) very rare (1-5)
3640,0.08632321,0.9136768,1,0,1) very rare (1-5)
3641,0.25284305,0.747157,1,237,4) very common (100+)
3642,0.6848565,0.31514353,0,71,3) common (21-100)
3643,0.7791332,0.2208668,0,166,4) very common (100+)
3644,0.37103096,0.6289691,0,14,2) rare (6-20)
3645,0.6681666,0.33183342,0,39,3) common (21-100)
3646,0.28579623,0.7142038,1,0,1) very rare (1-5)
3647,0.25181928,0.74818075,0,3,1) very rare (1-5)
3648,0.15912427,0.84087574,0,6,2) rare (6-20)
3649,0.2385506,0.7614494,0,2,1) very rare (1-5)
3650,0.63362634,0.36637366,0,4,1) very rare (1-5)
3651,0.4574934,0.5425066,0,0,1) very rare (1-5)
3652,0.96771115,0.03228885,0,211,4) very common (100+)
3653,0.28954756,0.71045244,1,0,1) very rare (1-5)
3654,0.09047669,0.9095233,1,8,2) rare (6-20)
3655,0.20023344,0.79976654,1,0,1) very rare (1-5)
3656,0.035960473,0.9640395,1,58,3) common (21-100)
3657,0.46715447,0.5328455,0,20,2) rare (6-20)
3658,0.3656645,0.6343355,1,89,3) common (21-100)
3659,0.17311832,0.82688165,1,4,1) very rare (1-5)
3660,0.5000509,0.4999491,1,1,1) very rare (1-5)
3661,0.047533527,0.9524665,1,0,1) very rare (1-5)
3662,0.49639705,0.503603,0,15,2) rare (6-20)
3663,0.223947,0.776053,1,12,2) rare (6-20)
3664,0.7563702,0.24362981,0,56,3) common (21-100)
3665,0.16733667,0.8326633,1,1,1) very rare (1-5)
3666,0.21302676,0.78697324,1,37,3) common (21-100)
3667,0.948524,0.051476,0,211,4) very common (100+)
3668,0.2934615,0.7065385,1,0,1) very rare (1-5)
3669,0.9005857,0.09941429,0,24,3) common (21-100)
3670,0.13773893,0.86226106,1,22,3) common (21-100)
3671,0.8507328,0.1492672,0,63,3) common (21-100)
3672,0.046314646,0.95368534,0,0,1) very rare (1-5)
3673,0.37871653,0.6212835,0,142,4) very common (100+)
3674,0.8740158,0.12598419,0,1070,4) very common (100+)
3675,0.15475665,0.84524333,1,4,1) very rare (1-5)
3676,0.36113805,0.63886195,0,79,3) common (21-100)
3677,0.48133647,0.5186635,0,14,2) rare (6-20)
3678,0.7117498,0.2882502,0,18,2) rare (6-20)
3679,0.6430946,0.3569054,1,2,1) very rare (1-5)
3680,0.32362074,0.67637926,1,68,3) common (21-100)
3681,0.7590569,0.24094307,1,89,3) common (21-100)
3682,0.6618196,0.33818042,0,17,2) rare (6-20)
3683,0.53244853,0.46755147,1,65,3) common (21-100)
3684,0.07505531,0.9249447,1,1,1) very rare (1-5)
3685,0.38234934,0.6176506,1,3,1) very rare (1-5)
3686,0.9917891,0.008210897,0,1000,4) very common (100+)
3687,0.24720037,0.75279963,1,69,3) common (21-100)
3688,0.35046363,0.6495364,1,19,2) rare (6-20)
3689,0.78311604,0.21688396,1,1,1) very rare (1-5)
3690,0.4317966,0.5682034,1,1,1) very rare (1-5)
3691,0.6272352,0.37276483,0,91,3) common (21-100)
3692,0.9101066,0.0898934,0,178,4) very common (100+)
3693,0.8220002,0.1779998,0,33,3) common (21-100)
3694,0.06362024,0.9363798,1,0,1) very rare (1-5)
3695,0.9791815,0.020818472,1,142,4) very common (100+)
3696,0.8765789,0.12342107,0,0,1) very rare (1-5)
3697,0.58583087,0.41416913,1,8,2) rare (6-20)
3698,0.3138211,0.6861789,0,42,3) common (21-100)
3699,0.21330819,0.7866918,1,15,2) rare (6-20)
3700,0.57441235,0.42558765,0,166,4) very common (100+)
3701,0.07021121,0.92978877,0,4,1) very rare (1-5)
3702,0.22472638,0.7752736,0,0,1) very rare (1-5)
3703,0.5972225,0.4027775,0,4,1) very rare (1-5)
3704,0.97508985,0.024910152,0,1000,4) very common (100+)
3705,0.21722426,0.78277576,0,21,3) common (21-100)
3706,0.74087304,0.25912696,1,42,3) common (21-100)
3707,0.46187657,0.5381234,1,106,4) very common (100+)
3708,0.528472,0.471528,0,23,3) common (21-100)
3709,0.9676362,0.032363772,0,211,4) very common (100+)
3710,0.84376997,0.15623003,1,21,3) common (21-100)
3711,0.95806736,0.041932642,0,700,4) very common (100+)
3712,0.93735677,0.06264323,0,700,4) very common (100+)
3713,0.9781426,0.02185738,1,16,2) rare (6-20)
3714,0.6537094,0.3462906,1,1,1) very rare (1-5)
3715,0.890733,0.109267,0,2,1) very rare (1-5)
3716,0.17639966,0.82360035,1,0,1) very rare (1-5)
3717,0.20703545,0.7929646,1,14,2) rare (6-20)
3718,0.85654074,0.14345926,0,42,3) common (21-100)
3719,0.89276373,0.107236266,0,91,3) common (21-100)
3720,0.9372028,0.06279719,0,10,2) rare (6-20)
3721,0.16084212,0.8391579,1,0,1) very rare (1-5)
3722,0.13099968,0.8690003,1,7,2) rare (6-20)
3723,0.8410224,0.15897763,0,182,4) very common (100+)
3724,0.2851306,0.7148694,1,275,4) very common (100+)
3725,0.9048813,0.0951187,0,1000,4) very common (100+)
3726,0.5586102,0.4413898,0,1290,4) very common (100+)
3727,0.23780937,0.76219064,1,50,3) common (21-100)
3728,0.8981295,0.10187048,1,66,3) common (21-100)
3729,0.7099545,0.2900455,1,0,1) very rare (1-5)
3730,0.8230393,0.1769607,0,56,3) common (21-100)
3731,0.63967514,0.36032486,0,1070,4) very common (100+)
3732,0.8863315,0.1136685,0,1290,4) very common (100+)
3733,0.16421413,0.83578587,1,16,2) rare (6-20)
3734,0.9220328,0.07796723,0,1000,4) very common (100+)
3735,0.35997003,0.64002997,1,0,1) very rare (1-5)
3736,0.311234,0.688766,0,1,1) very rare (1-5)
3737,0.7130282,0.2869718,0,1,1) very rare (1-5)
3738,0.3615759,0.6384241,1,1,1) very rare (1-5)
3739,0.024444604,0.9755554,0,3,1) very rare (1-5)
3740,0.87874794,0.12125206,0,3,1) very rare (1-5)
3741,0.85362023,0.14637977,0,24,3) common (21-100)
3742,0.48182377,0.5181762,0,1290,4) very common (100+)
3743,0.43071178,0.56928825,0,14,2) rare (6-20)
3744,0.4501965,0.5498035,1,21,3) common (21-100)
3745,0.9631327,0.03686732,1,1,1) very rare (1-5)
3746,0.28297648,0.7170235,1,0,1) very rare (1-5)
3747,0.14766517,0.85233486,0,6,2) rare (6-20)
3748,0.5801981,0.4198019,0,19,2) rare (6-20)
3749,0.57403934,0.42596066,0,700,4) very common (100+)
3750,0.3688741,0.6311259,1,3,1) very rare (1-5)
3751,0.9919029,0.008097112,0,39,3) common (21-100)
3752,0.7113196,0.28868037,1,0,1) very rare (1-5)
3753,0.91912967,0.08087033,1,0,1) very rare (1-5)
3754,0.3167161,0.6832839,0,5,1) very rare (1-5)
3755,0.21121421,0.7887858,1,47,3) common (21-100)
3756,0.81759804,0.18240196,1,1,1) very rare (1-5)
3757,0.037705876,0.9622941,1,3,1) very rare (1-5)
3758,0.94754356,0.05245644,0,39,3) common (21-100)
3759,0.20620097,0.79379904,0,3,1) very rare (1-5)
3760,0.009503498,0.9904965,1,0,1) very rare (1-5)
3761,0.42761472,0.5723853,0,5,1) very rare (1-5)
3762,0.09270739,0.9072926,1,0,1) very rare (1-5)
3763,0.51089936,0.48910064,0,275,4) very common (100+)
3764,0.06496759,0.9350324,1,0,1) very rare (1-5)
3765,0.12973465,0.87026536,0,72,3) common (21-100)
3766,0.62110174,0.37889826,1,28,3) common (21-100)
3767,0.19678462,0.8032154,1,2,1) very rare (1-5)
3768,0.679015,0.32098502,0,7,2) rare (6-20)
3769,0.12061672,0.87938327,1,8,2) rare (6-20)
3770,0.01581344,0.98418653,1,0,1) very rare (1-5)
3771,0.52384925,0.47615075,1,5,1) very rare (1-5)
3772,0.20468758,0.7953124,0,1,1) very rare (1-5)
3773,0.01688554,0.9831145,1,0,1) very rare (1-5)
3774,0.39909115,0.6009089,1,10,2) rare (6-20)
3775,0.18008608,0.8199139,0,68,3) common (21-100)
3776,0.105188936,0.89481103,1,1,1) very rare (1-5)
3777,0.56354064,0.43645936,1,7,2) rare (6-20)
3778,0.23466513,0.76533484,1,0,1) very rare (1-5)
3779,0.8036108,0.1963892,0,25,3) common (21-100)
3780,0.31834525,0.68165475,0,96,3) common (21-100)
3781,0.9964978,0.00350219,0,99,3) common (21-100)
3782,0.6805458,0.3194542,1,55,3) common (21-100)
3783,0.29100394,0.70899606,0,0,1) very rare (1-5)
3784,0.11575093,0.8842491,1,123,4) very common (100+)
3785,0.17879519,0.8212048,1,79,3) common (21-100)
3786,0.07158625,0.92841375,1,0,1) very rare (1-5)
3787,0.4792331,0.5207669,1,3,1) very rare (1-5)
3788,0.28807402,0.711926,0,5,1) very rare (1-5)
3789,0.024050817,0.97594917,0,0,1) very rare (1-5)
3790,0.6955886,0.3044114,1,118,4) very common (100+)
3791,0.37942287,0.6205771,0,27,3) common (21-100)
3792,0.640978,0.35902202,0,14,2) rare (6-20)
3793,0.84642494,0.15357506,0,56,3) common (21-100)
3794,0.07578278,0.9242172,1,3,1) very rare (1-5)
3795,0.95073706,0.04926294,0,7,2) rare (6-20)
3796,0.3791816,0.6208184,0,107,4) very common (100+)
3797,0.9136433,0.0863567,0,44,3) common (21-100)
3798,0.2839569,0.7160431,0,0,1) very rare (1-5)
3799,0.7837031,0.21629691,0,46,3) common (21-100)
3800,0.43652216,0.5634779,0,17,2) rare (6-20)
3801,0.38191706,0.61808294,1,1,1) very rare (1-5)
3802,0.11791129,0.8820887,0,4,1) very rare (1-5)
3803,0.44759122,0.5524088,1,0,1) very rare (1-5)
3804,0.5688231,0.4311769,1,3,1) very rare (1-5)
3805,0.33020204,0.66979796,1,0,1) very rare (1-5)
3806,0.26128677,0.73871326,1,0,1) very rare (1-5)
3807,0.6102556,0.3897444,1,8,2) rare (6-20)
3808,0.2249006,0.7750994,1,66,3) common (21-100)
3809,0.0929998,0.9070002,1,0,1) very rare (1-5)
3810,0.22042663,0.7795734,1,63,3) common (21-100)
3811,0.33973366,0.66026634,1,0,1) very rare (1-5)
3812,0.4522642,0.5477358,0,1,1) very rare (1-5)
3813,0.75076646,0.24923354,0,700,4) very common (100+)
3814,0.4860388,0.5139612,0,2,1) very rare (1-5)
3815,0.30827764,0.6917224,1,7,2) rare (6-20)
3816,0.6386585,0.36134148,0,223,4) very common (100+)
3817,0.16580416,0.83419585,1,0,1) very rare (1-5)
3818,0.900227,0.09977299,1,2,1) very rare (1-5)
3819,0.57186335,0.42813665,0,146,4) very common (100+)
3820,0.44173455,0.55826545,0,5,1) very rare (1-5)
3821,0.90176076,0.09823924,0,1000,4) very common (100+)
3822,0.8834411,0.11655891,0,92,3) common (21-100)
3823,0.3277803,0.6722197,0,15,2) rare (6-20)
3824,0.572337,0.42766303,0,343,4) very common (100+)
3825,0.88763905,0.112360954,0,118,4) very common (100+)
3826,0.9924361,0.007563889,1,19,2) rare (6-20)
3827,0.5140327,0.48596728,1,0,1) very rare (1-5)
3828,0.89343417,0.10656583,0,134,4) very common (100+)
3829,0.7136122,0.2863878,0,17,2) rare (6-20)
3830,0.86085224,0.13914776,1,107,4) very common (100+)
3831,0.08914742,0.91085255,1,1,1) very rare (1-5)
3832,0.5060419,0.49395812,0,1,1) very rare (1-5)
3833,0.2781576,0.7218424,1,85,3) common (21-100)
3834,0.12914723,0.87085277,1,0,1) very rare (1-5)
3835,0.08142422,0.91857576,1,0,1) very rare (1-5)
3836,0.39034644,0.6096536,1,0,1) very rare (1-5)
3837,0.65343463,0.34656537,1,2,1) very rare (1-5)
3838,0.12670863,0.8732914,1,178,4) very common (100+)
3839,0.09247012,0.9075299,1,108,4) very common (100+)
3840,0.7361921,0.2638079,1,27,3) common (21-100)
3841,0.8126243,0.18737572,0,1000,4) very common (100+)
3842,0.70363426,0.29636574,0,91,3) common (21-100)
3843,0.81365824,0.18634176,0,10,2) rare (6-20)
3844,0.04350066,0.95649934,1,6,2) rare (6-20)
3845,0.36528307,0.6347169,0,1,1) very rare (1-5)
3846,0.15442312,0.8455769,0,12,2) rare (6-20)
3847,0.29206014,0.70793986,0,5,1) very rare (1-5)
3848,0.7913316,0.20866841,0,223,4) very common (100+)
3849,0.86366147,0.13633853,0,1000,4) very common (100+)
3850,0.34335804,0.65664196,1,44,3) common (21-100)
3851,0.46071944,0.53928053,1,27,3) common (21-100)
3852,0.3144745,0.68552554,0,84,3) common (21-100)
3853,0.1775007,0.8224993,1,3,1) very rare (1-5)
3854,0.4367469,0.5632531,1,1,1) very rare (1-5)
3855,0.3694955,0.6305045,1,268,4) very common (100+)
3856,0.8659495,0.13405049,0,6,2) rare (6-20)
3857,0.8974452,0.1025548,0,35,3) common (21-100)
3858,0.9014586,0.09854138,0,17,2) rare (6-20)
3859,0.97516817,0.024831831,0,1000,4) very common (100+)
3860,0.3663073,0.63369274,0,5,1) very rare (1-5)
3861,0.07255476,0.92744523,0,13,2) rare (6-20)
3862,0.16353384,0.8364662,0,38,3) common (21-100)
3863,0.7324028,0.2675972,1,0,1) very rare (1-5)
3864,0.02357283,0.9764272,1,0,1) very rare (1-5)
3865,0.3199758,0.6800242,1,15,2) rare (6-20)
3866,0.802356,0.197644,0,1290,4) very common (100+)
3867,0.43593124,0.5640688,1,0,1) very rare (1-5)
3868,0.3082039,0.69179606,1,142,4) very common (100+)
3869,0.9902991,0.009700894,0,700,4) very common (100+)
3870,0.31613487,0.68386513,1,66,3) common (21-100)
3871,0.96684873,0.03315127,0,1000,4) very common (100+)
3872,0.8974815,0.1025185,0,39,3) common (21-100)
3873,0.66642576,0.33357424,0,5,1) very rare (1-5)
3874,0.4503339,0.5496661,0,16,2) rare (6-20)
3875,0.13314427,0.86685574,1,0,1) very rare (1-5)
3876,0.78617144,0.21382856,1,275,4) very common (100+)
3877,0.32153612,0.6784639,0,142,4) very common (100+)
3878,0.6820377,0.3179623,0,7,2) rare (6-20)
3879,0.27033013,0.72966987,1,0,1) very rare (1-5)
3880,0.85602236,0.14397764,0,1070,4) very common (100+)
3881,0.49268594,0.5073141,0,15,2) rare (6-20)
3882,0.08053939,0.9194606,1,0,1) very rare (1-5)
3883,0.78065985,0.21934015,0,78,3) common (21-100)
3884,0.20341665,0.79658335,1,0,1) very rare (1-5)
3885,0.04029342,0.9597066,1,0,1) very rare (1-5)
3886,0.5666669,0.4333331,0,5,1) very rare (1-5)
3887,0.99226016,0.007739842,0,35,3) common (21-100)
3888,0.8068357,0.19316429,1,118,4) very common (100+)
3889,0.52869016,0.47130984,0,1070,4) very common (100+)
3890,0.17729875,0.8227012,0,26,3) common (21-100)
3891,0.96658874,0.033411264,0,1000,4) very common (100+)
3892,0.27969304,0.720307,0,3,1) very rare (1-5)
3893,0.04958266,0.95041734,1,0,1) very rare (1-5)
3894,0.13369492,0.8663051,0,102,4) very common (100+)
3895,0.47612435,0.52387565,1,76,3) common (21-100)
3896,0.83358556,0.16641444,0,63,3) common (21-100)
3897,0.6094361,0.3905639,0,134,4) very common (100+)
3898,0.9618396,0.038160384,0,1000,4) very common (100+)
3899,0.9557994,0.0442006,1,1,1) very rare (1-5)
3900,0.7296695,0.2703305,1,4,1) very rare (1-5)
3901,0.5916164,0.4083836,0,69,3) common (21-100)
3902,0.7718435,0.2281565,1,237,4) very common (100+)
3903,0.1677917,0.8322083,0,0,1) very rare (1-5)
3904,0.97419125,0.025808752,0,11,2) rare (6-20)
3905,0.9694885,0.030511498,0,69,3) common (21-100)
3906,0.59528226,0.40471774,1,14,2) rare (6-20)
3907,0.7731865,0.2268135,0,1,1) very rare (1-5)
3908,0.1841556,0.8158444,0,5,1) very rare (1-5)
3909,0.28215265,0.71784735,1,7,2) rare (6-20)
3910,0.7215412,0.27845877,0,1070,4) very common (100+)
3911,0.3375869,0.6624131,0,65,3) common (21-100)
3912,0.0541567,0.9458433,1,0,1) very rare (1-5)
3913,0.4357486,0.5642514,1,4,1) very rare (1-5)
3914,0.25165144,0.7483486,1,84,3) common (21-100)
3915,0.8782186,0.12178141,1,0,1) very rare (1-5)
3916,0.5452188,0.45478117,1,34,3) common (21-100)
3917,0.84542036,0.15457964,1,118,4) very common (100+)
3918,0.90959764,0.090402365,1,3,1) very rare (1-5)
3919,0.8066669,0.19333309,1,2,1) very rare (1-5)
3920,0.25275058,0.7472494,0,14,2) rare (6-20)
3921,0.7408868,0.2591132,0,7,2) rare (6-20)
3922,0.08039685,0.91960317,1,0,1) very rare (1-5)
3923,0.14512146,0.85487854,1,70,3) common (21-100)
3924,0.6451906,0.3548094,1,68,3) common (21-100)
3925,0.75979125,0.24020875,1,4,1) very rare (1-5)
3926,0.7015477,0.29845232,0,1290,4) very common (100+)
3927,0.5068153,0.4931847,1,3,1) very rare (1-5)
3928,0.5702694,0.4297306,1,11,2) rare (6-20)
3929,0.4842096,0.5157904,0,21,3) common (21-100)
3930,0.32287207,0.67712796,0,0,1) very rare (1-5)
3931,0.4785078,0.52149224,1,6,2) rare (6-20)
3932,0.30500188,0.69499815,1,0,1) very rare (1-5)
3933,0.34999087,0.65000916,1,4,1) very rare (1-5)
3934,0.7781565,0.22184348,1,1070,4) very common (100+)
3935,0.2799006,0.7200994,1,2,1) very rare (1-5)
3936,0.31767276,0.6823273,1,76,3) common (21-100)
3937,0.77045494,0.22954506,0,14,2) rare (6-20)
3938,0.12558062,0.8744194,0,44,3) common (21-100)
3939,0.46150205,0.5384979,1,8,2) rare (6-20)
3940,0.45946112,0.5405389,1,105,4) very common (100+)
3941,0.30036077,0.6996392,1,53,3) common (21-100)
3942,0.15854065,0.84145933,1,142,4) very common (100+)
3943,0.26874587,0.7312541,0,0,1) very rare (1-5)
3944,0.8936702,0.1063298,1,81,3) common (21-100)
3945,0.319856,0.680144,1,1,1) very rare (1-5)
3946,0.45743012,0.5425699,1,84,3) common (21-100)
3947,0.5553773,0.4446227,0,21,3) common (21-100)
3948,0.32989052,0.6701095,0,123,4) very common (100+)
3949,0.035501253,0.96449876,1,0,1) very rare (1-5)
3950,0.6153037,0.3846963,0,38,3) common (21-100)
3951,0.9818019,0.018198073,0,78,3) common (21-100)
3952,0.09315262,0.90684736,0,159,4) very common (100+)
3953,0.13824967,0.86175036,1,5,1) very rare (1-5)
3954,0.15347536,0.84652466,0,25,3) common (21-100)
3955,0.74794686,0.25205314,0,5,1) very rare (1-5)
3956,0.05144582,0.94855416,1,10,2) rare (6-20)
3957,0.31430972,0.6856903,0,18,2) rare (6-20)
3958,0.52793294,0.47206706,1,160,4) very common (100+)
3959,0.3058471,0.6941529,0,134,4) very common (100+)
3960,0.92947155,0.07052845,1,4,1) very rare (1-5)
3961,0.7848749,0.21512508,0,9,2) rare (6-20)
3962,0.55173814,0.44826186,1,76,3) common (21-100)
3963,0.50683564,0.49316436,1,6,2) rare (6-20)
3964,0.67836905,0.32163095,0,343,4) very common (100+)
3965,0.7223202,0.2776798,0,261,4) very common (100+)
3966,0.055253852,0.94474614,1,2,1) very rare (1-5)
3967,0.043314934,0.95668507,1,0,1) very rare (1-5)
3968,0.9885931,0.0114068985,0,372,4) very common (100+)
3969,0.6216968,0.37830317,1,42,3) common (21-100)
3970,0.6256472,0.3743528,1,1,1) very rare (1-5)
3971,0.28366074,0.71633923,0,0,1) very rare (1-5)
3972,0.17460403,0.82539594,0,0,1) very rare (1-5)
3973,0.8498496,0.15015042,0,134,4) very common (100+)
3974,0.27054775,0.72945225,1,0,1) very rare (1-5)
3975,0.5322092,0.46779078,1,3,1) very rare (1-5)
3976,0.8259065,0.17409348,0,5,1) very rare (1-5)
3977,0.5667507,0.4332493,1,107,4) very common (100+)
3978,0.31380796,0.68619204,0,261,4) very common (100+)
3979,0.5282027,0.4717973,0,1290,4) very common (100+)
3980,0.29919004,0.70080996,1,51,3) common (21-100)
3981,0.6667999,0.3332001,1,107,4) very common (100+)
3982,0.8969271,0.10307288,0,275,4) very common (100+)
3983,0.49464497,0.505355,1,2,1) very rare (1-5)
3984,0.058953457,0.94104654,1,0,1) very rare (1-5)
3985,0.76291835,0.23708165,0,237,4) very common (100+)
3986,0.14949329,0.8505067,1,14,2) rare (6-20)
3987,0.85221225,0.14778775,0,10,2) rare (6-20)
3988,0.3607072,0.63929284,1,0,1) very rare (1-5)
3989,0.08269041,0.9173096,1,0,1) very rare (1-5)
3990,0.07726601,0.922734,1,6,2) rare (6-20)
3991,0.87368864,0.12631136,0,145,4) very common (100+)
3992,0.1951416,0.8048584,1,17,2) rare (6-20)
3993,0.98532593,0.0146740675,0,89,3) common (21-100)
3994,0.7164268,0.2835732,0,96,3) common (21-100)
3995,0.043643974,0.95635605,0,32,3) common (21-100)
3996,0.43673557,0.5632644,1,178,4) very common (100+)
3997,0.08390115,0.91609883,1,5,1) very rare (1-5)
3998,0.41264242,0.5873576,0,0,1) very rare (1-5)
3999,0.8939345,0.10606551,0,166,4) very common (100+)
4000,0.7717742,0.22822583,0,261,4) very common (100+)
4001,0.8653065,0.1346935,0,9,2) rare (6-20)
4002,0.4117279,0.5882721,1,0,1) very rare (1-5)
4003,0.75951403,0.24048597,0,46,3) common (21-100)
4004,0.6220189,0.37798113,1,2,1) very rare (1-5)
4005,0.33489406,0.66510594,1,69,3) common (21-100)
4006,0.84148204,0.15851796,0,22,3) common (21-100)
4007,0.23673761,0.7632624,1,1,1) very rare (1-5)
4008,0.15667525,0.8433248,1,14,2) rare (6-20)
4009,0.6434545,0.3565455,1,1070,4) very common (100+)
4010,0.5897812,0.41021878,0,106,4) very common (100+)
4011,0.7771939,0.2228061,0,1290,4) very common (100+)
4012,0.21455263,0.78544736,1,0,1) very rare (1-5)
4013,0.1295115,0.8704885,0,66,3) common (21-100)
4014,0.30406803,0.695932,0,20,2) rare (6-20)
4015,0.9257009,0.0742991,0,66,3) common (21-100)
4016,0.772442,0.22755802,0,275,4) very common (100+)
4017,0.3462554,0.6537446,1,19,2) rare (6-20)
4018,0.88418186,0.11581814,0,421,4) very common (100+)
4019,0.6506096,0.3493904,0,2,1) very rare (1-5)
4020,0.16235651,0.8376435,1,2,1) very rare (1-5)
4021,0.559888,0.440112,1,1,1) very rare (1-5)
4022,0.6244569,0.37554312,1,21,3) common (21-100)
4023,0.5182083,0.48179168,1,38,3) common (21-100)
4024,0.37064704,0.6293529,1,6,2) rare (6-20)
4025,0.28357387,0.71642613,0,1,1) very rare (1-5)
4026,0.24235205,0.75764793,0,1,1) very rare (1-5)
4027,0.95966685,0.04033315,0,94,3) common (21-100)
4028,0.6918933,0.30810672,1,1290,4) very common (100+)
4029,0.4732619,0.5267381,1,0,1) very rare (1-5)
4030,0.11033063,0.88966936,0,5,1) very rare (1-5)
4031,0.43827766,0.56172234,0,2,1) very rare (1-5)
4032,0.968291,0.031709015,1,1,1) very rare (1-5)
4033,0.15782402,0.84217596,1,3,1) very rare (1-5)
4034,0.121794686,0.8782053,1,0,1) very rare (1-5)
4035,0.98447704,0.015522957,1,81,3) common (21-100)
4036,0.27745765,0.72254235,0,36,3) common (21-100)
4037,0.018114235,0.9818858,1,1,1) very rare (1-5)
4038,0.58983755,0.41016245,1,0,1) very rare (1-5)
4039,0.21207225,0.78792775,1,75,3) common (21-100)
4040,0.42474094,0.5752591,0,43,3) common (21-100)
4041,0.07375278,0.92624724,1,0,1) very rare (1-5)
4042,0.752155,0.247845,0,17,2) rare (6-20)
4043,0.17852598,0.821474,1,10,2) rare (6-20)
4044,0.9604298,0.039570212,1,0,1) very rare (1-5)
4045,0.8644319,0.13556808,1,17,2) rare (6-20)
4046,0.7559641,0.2440359,0,76,3) common (21-100)
4047,0.915705,0.084294975,0,275,4) very common (100+)
4048,0.6597763,0.34022373,1,13,2) rare (6-20)
4049,0.25885543,0.74114454,1,39,3) common (21-100)
4050,0.87300915,0.12699085,0,79,3) common (21-100)
4051,0.59769404,0.40230596,0,1,1) very rare (1-5)
4052,0.96673745,0.03326255,0,1000,4) very common (100+)
4053,0.7127134,0.28728658,0,91,3) common (21-100)
4054,0.25788826,0.74211174,1,3,1) very rare (1-5)
4055,0.29372573,0.7062743,1,44,3) common (21-100)
4056,0.9396714,0.060328603,0,1290,4) very common (100+)
4057,0.84762573,0.15237427,0,17,2) rare (6-20)
4058,0.37223044,0.6277696,1,22,3) common (21-100)
4059,0.07505104,0.92494893,1,3,1) very rare (1-5)
4060,0.32923335,0.67076665,1,1,1) very rare (1-5)
4061,0.1436488,0.8563512,1,1,1) very rare (1-5)
4062,0.4770273,0.5229727,1,22,3) common (21-100)
4063,0.51846904,0.48153096,1,343,4) very common (100+)
4064,0.23857388,0.7614261,1,8,2) rare (6-20)
4065,0.25537956,0.74462044,1,89,3) common (21-100)
4066,0.9452077,0.054792285,0,142,4) very common (100+)
4067,0.4597712,0.54022884,1,268,4) very common (100+)
4068,0.80203986,0.19796014,0,1290,4) very common (100+)
4069,0.04054223,0.95945776,1,1,1) very rare (1-5)
4070,0.16122815,0.8387718,1,6,2) rare (6-20)
4071,0.26713645,0.73286355,0,88,3) common (21-100)
4072,0.12294416,0.8770558,1,14,2) rare (6-20)
4073,0.091875,0.908125,1,5,1) very rare (1-5)
4074,0.06326224,0.9367378,1,7,2) rare (6-20)
4075,0.33250523,0.6674948,1,0,1) very rare (1-5)
4076,0.92418414,0.07581586,0,121,4) very common (100+)
4077,0.39812887,0.60187113,0,3,1) very rare (1-5)
4078,0.3824484,0.61755157,0,1070,4) very common (100+)
4079,0.11234239,0.88765764,1,0,1) very rare (1-5)
4080,0.8736409,0.1263591,0,111,4) very common (100+)
4081,0.22048137,0.7795186,1,0,1) very rare (1-5)
4082,0.9186766,0.081323385,0,47,3) common (21-100)
4083,0.03897014,0.9610299,1,0,1) very rare (1-5)
4084,0.09941968,0.9005803,1,0,1) very rare (1-5)
4085,0.5880227,0.4119773,1,65,3) common (21-100)
4086,0.369524,0.630476,0,1,1) very rare (1-5)
4087,0.67000467,0.32999533,0,2,1) very rare (1-5)
4088,0.2540827,0.7459173,1,3,1) very rare (1-5)
4089,0.086280264,0.9137197,1,1,1) very rare (1-5)
4090,0.26585722,0.7341428,0,14,2) rare (6-20)
4091,0.35016397,0.64983606,1,8,2) rare (6-20)
4092,0.41345245,0.58654755,1,146,4) very common (100+)
4093,0.16193518,0.8380648,1,0,1) very rare (1-5)
4094,0.9198526,0.080147386,0,10,2) rare (6-20)
4095,0.5256235,0.4743765,0,100,3) common (21-100)
4096,0.91905105,0.08094895,0,223,4) very common (100+)
4097,0.4356997,0.5643003,0,4,1) very rare (1-5)
4098,0.23866704,0.761333,1,0,1) very rare (1-5)
4099,0.4841394,0.51586056,1,6,2) rare (6-20)
4100,0.23820488,0.7617951,0,2,1) very rare (1-5)
4101,0.07387221,0.9261278,0,3,1) very rare (1-5)
4102,0.13773972,0.8622603,1,1,1) very rare (1-5)
4103,0.9503981,0.049601912,0,343,4) very common (100+)
4104,0.4295986,0.57040143,0,1,1) very rare (1-5)
4105,0.019483097,0.9805169,1,0,1) very rare (1-5)
4106,0.37833074,0.6216693,1,0,1) very rare (1-5)
4107,0.87009597,0.12990403,1,1000,4) very common (100+)
4108,0.79830885,0.20169115,0,89,3) common (21-100)
4109,0.5301209,0.4698791,0,223,4) very common (100+)
4110,0.12483917,0.8751608,1,85,3) common (21-100)
4111,0.820298,0.17970198,1,4,1) very rare (1-5)
4112,0.9833566,0.016643405,0,74,3) common (21-100)
4113,0.6477461,0.3522539,1,15,2) rare (6-20)
4114,0.58359545,0.41640455,1,76,3) common (21-100)
4115,0.9263571,0.07364291,0,211,4) very common (100+)
4116,0.1421466,0.8578534,1,0,1) very rare (1-5)
4117,0.27360624,0.72639376,1,13,2) rare (6-20)
4118,0.7783257,0.22167432,0,84,3) common (21-100)
4119,0.7308008,0.2691992,0,1290,4) very common (100+)
4120,0.29436308,0.7056369,1,0,1) very rare (1-5)
4121,0.38170242,0.6182976,0,9,2) rare (6-20)
4122,0.21476224,0.7852378,1,1,1) very rare (1-5)
4123,0.020425653,0.9795743,1,0,1) very rare (1-5)
4124,0.28640366,0.71359634,0,66,3) common (21-100)
4125,0.21745256,0.7825475,1,1,1) very rare (1-5)
4126,0.25361055,0.74638945,0,21,3) common (21-100)
4127,0.33941272,0.6605873,1,118,4) very common (100+)
4128,0.47403544,0.52596456,0,69,3) common (21-100)
4129,0.11833996,0.88166004,1,27,3) common (21-100)
4130,0.98387814,0.016121864,0,182,4) very common (100+)
4131,0.12891439,0.87108564,1,2,1) very rare (1-5)
4132,0.76949817,0.23050183,0,105,4) very common (100+)
4133,0.57699597,0.42300403,1,1290,4) very common (100+)
4134,0.5980005,0.40199947,1,1070,4) very common (100+)
4135,0.57735634,0.42264366,0,19,2) rare (6-20)
4136,0.20468672,0.7953133,1,2,1) very rare (1-5)
4137,0.9168024,0.08319759,0,15,2) rare (6-20)
4138,0.0228452,0.9771548,1,0,1) very rare (1-5)
4139,0.52966547,0.47033453,1,106,4) very common (100+)
4140,0.2995506,0.7004494,1,1,1) very rare (1-5)
4141,0.44142735,0.55857265,1,63,3) common (21-100)
4142,0.08412827,0.91587174,1,1,1) very rare (1-5)
4143,0.10018703,0.89981294,1,92,3) common (21-100)
4144,0.16485305,0.83514696,1,0,1) very rare (1-5)
4145,0.25605267,0.7439473,1,1,1) very rare (1-5)
4146,0.03632448,0.9636755,1,0,1) very rare (1-5)
4147,0.3579794,0.6420206,1,23,3) common (21-100)
4148,0.8259838,0.17401618,0,4,1) very rare (1-5)
4149,0.2739366,0.7260634,1,0,1) very rare (1-5)
4150,0.9877729,0.012227118,0,1000,4) very common (100+)
4151,0.45969564,0.54030436,0,1070,4) very common (100+)
4152,0.9769742,0.02302581,0,1000,4) very common (100+)
4153,0.58776623,0.41223377,0,3,1) very rare (1-5)
4154,0.48627096,0.51372904,0,2,1) very rare (1-5)
4155,0.056949306,0.9430507,1,0,1) very rare (1-5)
4156,0.5402894,0.4597106,1,1290,4) very common (100+)
4157,0.108654566,0.89134544,1,0,1) very rare (1-5)
4158,0.7346039,0.26539612,0,1,1) very rare (1-5)
4159,0.40577224,0.5942278,1,0,1) very rare (1-5)
4160,0.48878363,0.5112164,1,0,1) very rare (1-5)
4161,0.4853436,0.5146564,0,7,2) rare (6-20)
4162,0.28512073,0.7148793,1,35,3) common (21-100)
4163,0.39968303,0.600317,1,37,3) common (21-100)
4164,0.17975642,0.8202436,0,17,2) rare (6-20)
4165,0.52504104,0.47495896,0,2,1) very rare (1-5)
4166,0.053931754,0.9460682,1,0,1) very rare (1-5)
4167,0.9691449,0.03085512,0,7,2) rare (6-20)
4168,0.8303067,0.16969329,1,89,3) common (21-100)
4169,0.2870498,0.7129502,0,275,4) very common (100+)
4170,0.06917414,0.9308258,1,1,1) very rare (1-5)
4171,0.36523357,0.63476646,1,106,4) very common (100+)
4172,0.9796779,0.020322084,0,1000,4) very common (100+)
4173,0.12475491,0.8752451,1,159,4) very common (100+)
4174,0.12957747,0.87042254,1,1,1) very rare (1-5)
4175,0.7132381,0.28676188,0,1,1) very rare (1-5)
4176,0.22384013,0.7761599,1,2,1) very rare (1-5)
4177,0.95057946,0.049420536,0,15,2) rare (6-20)
4178,0.041287698,0.9587123,0,21,3) common (21-100)
4179,0.56971204,0.43028796,0,343,4) very common (100+)
4180,0.08797021,0.9120298,1,27,3) common (21-100)
4181,0.13482957,0.8651704,1,1,1) very rare (1-5)
4182,0.34286517,0.65713483,0,1,1) very rare (1-5)
4183,0.05331161,0.9466884,1,0,1) very rare (1-5)
4184,0.18423262,0.8157674,0,237,4) very common (100+)
4185,0.68299603,0.31700397,0,3,1) very rare (1-5)
4186,0.93067104,0.069328964,0,78,3) common (21-100)
4187,0.14081927,0.85918075,1,118,4) very common (100+)
4188,0.97309995,0.026900053,0,8,2) rare (6-20)
4189,0.84702647,0.15297353,1,343,4) very common (100+)
4190,0.079235464,0.92076457,1,88,3) common (21-100)
4191,0.32795098,0.67204905,1,372,4) very common (100+)
4192,0.35638773,0.64361227,1,261,4) very common (100+)
4193,0.8110632,0.18893683,0,275,4) very common (100+)
4194,0.39696133,0.60303867,1,2,1) very rare (1-5)
4195,0.121804334,0.87819564,0,8,2) rare (6-20)
4196,0.8993584,0.10064161,0,37,3) common (21-100)
4197,0.21022378,0.7897762,0,1,1) very rare (1-5)
4198,0.5275212,0.4724788,1,1070,4) very common (100+)
4199,0.07762791,0.9223721,1,2,1) very rare (1-5)
4200,0.020288656,0.97971135,1,2,1) very rare (1-5)
4201,0.54757285,0.45242715,1,12,2) rare (6-20)
4202,0.97184044,0.028159559,0,85,3) common (21-100)
4203,0.7191285,0.2808715,1,1070,4) very common (100+)
4204,0.17374232,0.8262577,1,15,2) rare (6-20)
4205,0.081343584,0.9186564,1,0,1) very rare (1-5)
4206,0.39417353,0.6058265,0,2,1) very rare (1-5)
4207,0.8577595,0.14224052,0,223,4) very common (100+)
4208,0.94216144,0.05783856,1,268,4) very common (100+)
4209,0.36429313,0.6357069,0,223,4) very common (100+)
4210,0.3001489,0.6998511,1,0,1) very rare (1-5)
4211,0.39867035,0.6013297,1,0,1) very rare (1-5)
4212,0.036710862,0.96328914,1,0,1) very rare (1-5)
4213,0.27095035,0.7290497,1,0,1) very rare (1-5)
4214,0.3482648,0.6517352,1,2,1) very rare (1-5)
4215,0.5242203,0.4757797,1,12,2) rare (6-20)
4216,0.454878,0.545122,0,46,3) common (21-100)
4217,0.48936313,0.51063687,1,10,2) rare (6-20)
4218,0.9230328,0.07696718,1,70,3) common (21-100)
4219,0.111382194,0.8886178,1,1,1) very rare (1-5)
4220,0.54472554,0.45527446,1,0,1) very rare (1-5)
4221,0.6763365,0.32366347,1,0,1) very rare (1-5)
4222,0.36952686,0.63047314,0,2,1) very rare (1-5)
4223,0.4125052,0.5874948,0,11,2) rare (6-20)
4224,0.26450208,0.73549795,1,160,4) very common (100+)
4225,0.15380113,0.84619886,0,2,1) very rare (1-5)
4226,0.73965573,0.26034427,0,66,3) common (21-100)
4227,0.44835138,0.5516486,0,16,2) rare (6-20)
4228,0.24673381,0.7532662,1,7,2) rare (6-20)
4229,0.7870886,0.21291143,0,26,3) common (21-100)
4230,0.81272566,0.18727434,0,223,4) very common (100+)
4231,0.21429831,0.7857017,1,1,1) very rare (1-5)
4232,0.15363324,0.84636676,1,0,1) very rare (1-5)
4233,0.9871132,0.012886822,0,1000,4) very common (100+)
4234,0.07168902,0.928311,1,0,1) very rare (1-5)
4235,0.07237167,0.92762834,1,1,1) very rare (1-5)
4236,0.22668189,0.7733181,1,58,3) common (21-100)
4237,0.20911969,0.7908803,1,1,1) very rare (1-5)
4238,0.938067,0.06193298,0,421,4) very common (100+)
4239,0.0252143,0.9747857,1,26,3) common (21-100)
4240,0.7029964,0.29700363,0,1,1) very rare (1-5)
4241,0.16988091,0.8301191,1,1,1) very rare (1-5)
4242,0.15666248,0.84333754,0,6,2) rare (6-20)
4243,0.47725403,0.52274597,1,9,2) rare (6-20)
4244,0.264259,0.735741,0,421,4) very common (100+)
4245,0.9560978,0.04390222,0,1070,4) very common (100+)
4246,0.4136521,0.58634794,1,28,3) common (21-100)
4247,0.9064873,0.093512714,0,37,3) common (21-100)
4248,0.8946239,0.105376124,1,15,2) rare (6-20)
4249,0.100663565,0.89933646,1,1,1) very rare (1-5)
4250,0.26752678,0.73247325,1,69,3) common (21-100)
4251,0.6227391,0.37726092,1,1,1) very rare (1-5)
4252,0.10189786,0.89810216,1,4,1) very rare (1-5)
4253,0.14999346,0.8500065,1,19,2) rare (6-20)
4254,0.5272823,0.4727177,0,21,3) common (21-100)
4255,0.33081028,0.6691897,1,24,3) common (21-100)
4256,0.46557188,0.5344281,1,7,2) rare (6-20)
4257,0.37006205,0.62993795,0,700,4) very common (100+)
4258,0.20532002,0.79468,1,0,1) very rare (1-5)
4259,0.9630242,0.0369758,0,52,3) common (21-100)
4260,0.1747901,0.8252099,1,178,4) very common (100+)
4261,0.111737765,0.8882622,1,0,1) very rare (1-5)
4262,0.85839397,0.14160603,1,2,1) very rare (1-5)
4263,0.3322901,0.6677099,1,16,2) rare (6-20)
4264,0.40179777,0.5982022,1,0,1) very rare (1-5)
4265,0.9194032,0.080596805,0,343,4) very common (100+)
4266,0.080649614,0.9193504,1,700,4) very common (100+)
4267,0.89744914,0.102550864,1,0,1) very rare (1-5)
4268,0.10659763,0.89340234,1,78,3) common (21-100)
4269,0.9200785,0.079921484,0,372,4) very common (100+)
4270,0.44920468,0.5507953,0,1070,4) very common (100+)
4271,0.93031794,0.06968206,0,3,1) very rare (1-5)
4272,0.09557013,0.90442985,0,19,2) rare (6-20)
4273,0.1501975,0.8498025,1,0,1) very rare (1-5)
4274,0.7527528,0.24724722,0,3,1) very rare (1-5)
4275,0.42198494,0.5780151,0,34,3) common (21-100)
4276,0.66282636,0.33717364,0,100,3) common (21-100)
4277,0.3403999,0.65960014,1,2,1) very rare (1-5)
4278,0.43333212,0.5666679,0,1,1) very rare (1-5)
4279,0.17630489,0.8236951,1,0,1) very rare (1-5)
4280,0.69122934,0.30877066,1,166,4) very common (100+)
4281,0.70664257,0.29335743,0,4,1) very rare (1-5)
4282,0.8099767,0.1900233,0,261,4) very common (100+)
4283,0.4302822,0.56971776,1,1,1) very rare (1-5)
4284,0.18371528,0.8162847,1,134,4) very common (100+)
4285,0.2974711,0.7025289,1,82,3) common (21-100)
4286,0.34999514,0.65000486,1,2,1) very rare (1-5)
4287,0.6537262,0.34627378,0,60,3) common (21-100)
4288,0.02134253,0.9786575,1,0,1) very rare (1-5)
4289,0.83513004,0.16486996,0,2,1) very rare (1-5)
4290,0.12669586,0.8733041,1,9,2) rare (6-20)
4291,0.5819543,0.4180457,1,0,1) very rare (1-5)
4292,0.35596368,0.6440363,1,4,1) very rare (1-5)
4293,0.15214463,0.8478554,1,1,1) very rare (1-5)
4294,0.16017225,0.8398278,1,4,1) very rare (1-5)
4295,0.8702497,0.12975031,1,8,2) rare (6-20)
4296,0.8892685,0.11073148,0,38,3) common (21-100)
4297,0.26636016,0.73363984,0,22,3) common (21-100)
4298,0.7022172,0.29778278,0,14,2) rare (6-20)
4299,0.4939003,0.5060997,0,43,3) common (21-100)
4300,0.21995543,0.78004456,1,0,1) very rare (1-5)
4301,0.96340066,0.036599338,1,12,2) rare (6-20)
4302,0.11036543,0.88963455,1,0,1) very rare (1-5)
4303,0.9534638,0.046536207,0,12,2) rare (6-20)
4304,0.69668007,0.30331993,1,5,1) very rare (1-5)
4305,0.10965579,0.8903442,1,49,3) common (21-100)
4306,0.8987263,0.101273715,0,1290,4) very common (100+)
4307,0.2219603,0.7780397,0,159,4) very common (100+)
4308,0.15056343,0.8494366,1,1,1) very rare (1-5)
4309,0.45840946,0.5415906,1,274,4) very common (100+)
4310,0.33342075,0.66657925,1,1,1) very rare (1-5)
4311,0.5717742,0.42822582,1,1,1) very rare (1-5)
4312,0.52069765,0.47930235,1,268,4) very common (100+)
4313,0.9049513,0.095048726,0,91,3) common (21-100)
4314,0.86910886,0.13089114,0,10,2) rare (6-20)
4315,0.79634583,0.20365417,1,14,2) rare (6-20)
4316,0.8635489,0.13645113,0,2,1) very rare (1-5)
4317,0.646595,0.353405,0,1290,4) very common (100+)
4318,0.04838684,0.9516132,0,1,1) very rare (1-5)
4319,0.8370884,0.1629116,1,0,1) very rare (1-5)
4320,0.7777482,0.22225177,0,118,4) very common (100+)
4321,0.8669403,0.13305968,0,700,4) very common (100+)
4322,0.15907808,0.84092194,1,2,1) very rare (1-5)
4323,0.026185136,0.97381485,1,0,1) very rare (1-5)
4324,0.92859596,0.07140404,0,343,4) very common (100+)
4325,0.75139403,0.24860597,1,0,1) very rare (1-5)
4326,0.5471886,0.45281142,1,3,1) very rare (1-5)
4327,0.5606258,0.4393742,0,5,1) very rare (1-5)
4328,0.06643821,0.9335618,1,8,2) rare (6-20)
4329,0.7590976,0.24090242,0,21,3) common (21-100)
4330,0.10941538,0.8905846,1,13,2) rare (6-20)
4331,0.17303646,0.82696354,0,372,4) very common (100+)
4332,0.7423504,0.2576496,0,178,4) very common (100+)
4333,0.52896756,0.47103244,0,2,1) very rare (1-5)
4334,0.93894553,0.06105447,0,1000,4) very common (100+)
4335,0.67653793,0.32346207,1,7,2) rare (6-20)
4336,0.43998554,0.5600145,0,38,3) common (21-100)
4337,0.05337245,0.94662756,1,17,2) rare (6-20)
4338,0.4961807,0.5038193,0,7,2) rare (6-20)
4339,0.5771344,0.42286563,1,76,3) common (21-100)
4340,0.5909614,0.4090386,1,160,4) very common (100+)
4341,0.5303472,0.46965277,1,36,3) common (21-100)
4342,0.37303546,0.62696457,0,421,4) very common (100+)
4343,0.10066932,0.8993307,0,5,1) very rare (1-5)
4344,0.10267038,0.8973296,1,0,1) very rare (1-5)
4345,0.7001912,0.2998088,1,3,1) very rare (1-5)
4346,0.17285526,0.82714474,1,14,2) rare (6-20)
4347,0.037628155,0.9623718,1,19,2) rare (6-20)
4348,0.58692527,0.41307473,0,1,1) very rare (1-5)
4349,0.101487026,0.89851296,1,1,1) very rare (1-5)
4350,0.78439957,0.21560043,1,1,1) very rare (1-5)
4351,0.9479146,0.0520854,0,7,2) rare (6-20)
4352,0.23441482,0.7655852,0,1,1) very rare (1-5)
4353,0.97392344,0.026076555,0,274,4) very common (100+)
4354,0.21892199,0.781078,1,58,3) common (21-100)
4355,0.5945014,0.40549862,0,237,4) very common (100+)
4356,0.28789568,0.7121043,1,8,2) rare (6-20)
4357,0.14497477,0.85502523,1,0,1) very rare (1-5)
4358,0.41252315,0.58747685,0,275,4) very common (100+)
4359,0.06974927,0.9302507,0,8,2) rare (6-20)
4360,0.8100405,0.18995953,1,0,1) very rare (1-5)
4361,0.3784447,0.6215553,1,0,1) very rare (1-5)
4362,0.6085628,0.39143717,0,24,3) common (21-100)
4363,0.8357553,0.16424471,0,23,3) common (21-100)
4364,0.5116759,0.4883241,1,1290,4) very common (100+)
4365,0.1317776,0.8682224,1,9,2) rare (6-20)
4366,0.98084277,0.01915723,0,71,3) common (21-100)
4367,0.095309705,0.90469027,1,0,1) very rare (1-5)
4368,0.93466675,0.06533325,0,91,3) common (21-100)
4369,0.12845479,0.8715452,1,19,2) rare (6-20)
4370,0.44288006,0.55711997,1,1070,4) very common (100+)
4371,0.78625506,0.21374494,0,13,2) rare (6-20)
4372,0.29646185,0.7035382,1,4,1) very rare (1-5)
4373,0.6839922,0.3160078,0,39,3) common (21-100)
4374,0.34341136,0.6565887,0,118,4) very common (100+)
4375,0.5712055,0.4287945,1,46,3) common (21-100)
4376,0.9435422,0.056457818,1,1070,4) very common (100+)
4377,0.8562266,0.14377338,1,0,1) very rare (1-5)
4378,0.12228664,0.8777134,1,1,1) very rare (1-5)
4379,0.99580103,0.0041989684,0,89,3) common (21-100)
4380,0.5851644,0.41483557,1,44,3) common (21-100)
4381,0.32758787,0.67241216,0,343,4) very common (100+)
4382,0.16432507,0.83567494,1,0,1) very rare (1-5)
4383,0.85548407,0.14451593,0,421,4) very common (100+)
4384,0.6458545,0.35414553,0,275,4) very common (100+)
4385,0.15421033,0.8457897,1,1,1) very rare (1-5)
4386,0.8760792,0.1239208,0,343,4) very common (100+)
4387,0.23629041,0.7637096,1,0,1) very rare (1-5)
4388,0.28401738,0.7159826,1,275,4) very common (100+)
4389,0.2683395,0.7316605,1,3,1) very rare (1-5)
4390,0.73276204,0.26723796,0,700,4) very common (100+)
4391,0.7849515,0.21504849,1,1,1) very rare (1-5)
4392,0.4001922,0.5998078,1,268,4) very common (100+)
4393,0.8403094,0.15969062,0,92,3) common (21-100)
4394,0.44469556,0.5553044,0,106,4) very common (100+)
4395,0.025616543,0.9743835,1,1,1) very rare (1-5)
4396,0.92182565,0.07817435,1,146,4) very common (100+)
4397,0.79584306,0.20415694,0,7,2) rare (6-20)
4398,0.9551632,0.04483682,0,261,4) very common (100+)
4399,0.60178417,0.39821583,1,21,3) common (21-100)
4400,0.82369673,0.17630327,0,46,3) common (21-100)
4401,0.9569912,0.043008804,0,1000,4) very common (100+)
4402,0.5269693,0.4730307,0,30,3) common (21-100)
4403,0.43343952,0.5665605,1,160,4) very common (100+)
4404,0.60836303,0.39163697,1,27,3) common (21-100)
4405,0.42416298,0.575837,1,0,1) very rare (1-5)
4406,0.7259848,0.2740152,1,107,4) very common (100+)
4407,0.54286057,0.45713943,1,25,3) common (21-100)
4408,0.3275017,0.6724983,1,0,1) very rare (1-5)
4409,0.85466206,0.14533794,0,700,4) very common (100+)
4410,0.82180464,0.17819536,0,30,3) common (21-100)
4411,0.7710103,0.22898972,0,1,1) very rare (1-5)
4412,0.75876355,0.24123645,0,12,2) rare (6-20)
4413,0.6564611,0.34353888,0,6,2) rare (6-20)
4414,0.9915113,0.008488715,0,274,4) very common (100+)
4415,0.5002506,0.49974942,1,0,1) very rare (1-5)
4416,0.46014434,0.53985566,0,105,4) very common (100+)
4417,0.23910628,0.7608937,1,100,3) common (21-100)
4418,0.25239515,0.74760485,0,4,1) very rare (1-5)
4419,0.17833804,0.82166195,0,3,1) very rare (1-5)
4420,0.80309844,0.19690156,0,5,1) very rare (1-5)
4421,0.9500981,0.049901903,0,89,3) common (21-100)
4422,0.25241172,0.7475883,1,2,1) very rare (1-5)
4423,0.4480025,0.55199754,0,146,4) very common (100+)
4424,0.6397506,0.3602494,0,700,4) very common (100+)
4425,0.17847534,0.8215247,0,1,1) very rare (1-5)
4426,0.22450274,0.77549726,1,0,1) very rare (1-5)
4427,0.45591787,0.54408216,1,1,1) very rare (1-5)
4428,0.5052074,0.49479258,1,1,1) very rare (1-5)
4429,0.8585002,0.14149982,1,372,4) very common (100+)
4430,0.10296179,0.8970382,0,30,3) common (21-100)
4431,0.027010445,0.97298956,1,23,3) common (21-100)
4432,0.013014395,0.9869856,1,6,2) rare (6-20)
4433,0.9766684,0.023331583,0,25,3) common (21-100)
4434,0.3525498,0.6474502,1,134,4) very common (100+)
4435,0.65441144,0.34558856,0,108,4) very common (100+)
4436,0.06308577,0.9369142,1,41,3) common (21-100)
4437,0.29238212,0.7076179,1,1070,4) very common (100+)
4438,0.8310246,0.16897541,1,3,1) very rare (1-5)
4439,0.96787953,0.032120466,0,71,3) common (21-100)
4440,0.439154,0.560846,0,223,4) very common (100+)
4441,0.33030173,0.66969824,1,160,4) very common (100+)
4442,0.18616468,0.8138353,1,121,4) very common (100+)
4443,0.048243694,0.9517563,1,5,1) very rare (1-5)
4444,0.13052176,0.8694782,1,20,2) rare (6-20)
4445,0.6408035,0.35919648,1,1290,4) very common (100+)
4446,0.9043844,0.095615625,0,223,4) very common (100+)
4447,0.103972495,0.8960275,1,1,1) very rare (1-5)
4448,0.76583505,0.23416495,0,1070,4) very common (100+)
4449,0.06665025,0.9333497,1,0,1) very rare (1-5)
4450,0.1425396,0.8574604,1,2,1) very rare (1-5)
4451,0.9904157,0.009584308,0,1000,4) very common (100+)
4452,0.7681131,0.23188692,0,1070,4) very common (100+)
4453,0.61554295,0.38445705,0,134,4) very common (100+)
4454,0.24938455,0.7506155,1,2,1) very rare (1-5)
4455,0.21291892,0.78708106,1,28,3) common (21-100)
4456,0.4101571,0.5898429,1,0,1) very rare (1-5)
4457,0.91443473,0.08556527,0,118,4) very common (100+)
4458,0.5763971,0.42360288,0,105,4) very common (100+)
4459,0.1482128,0.8517872,1,33,3) common (21-100)
4460,0.81160253,0.18839747,1,261,4) very common (100+)
4461,0.3360733,0.6639267,1,6,2) rare (6-20)
4462,0.8917329,0.10826713,0,90,3) common (21-100)
4463,0.066997506,0.9330025,1,45,3) common (21-100)
4464,0.08913996,0.91086006,1,4,1) very rare (1-5)
4465,0.2501925,0.7498075,0,3,1) very rare (1-5)
4466,0.49408203,0.50591797,1,1070,4) very common (100+)
4467,0.9669658,0.033034205,0,0,1) very rare (1-5)
4468,0.18829699,0.811703,0,60,3) common (21-100)
4469,0.50412333,0.49587667,1,0,1) very rare (1-5)
4470,0.8781182,0.12188178,0,118,4) very common (100+)
4471,0.5068234,0.49317658,0,0,1) very rare (1-5)
4472,0.22151144,0.7784886,1,0,1) very rare (1-5)
4473,0.65326524,0.34673476,1,30,3) common (21-100)
4474,0.58717185,0.41282815,0,1290,4) very common (100+)
4475,0.9101122,0.0898878,0,99,3) common (21-100)
4476,0.9938344,0.0061656237,0,89,3) common (21-100)
4477,0.42515984,0.5748402,1,1,1) very rare (1-5)
4478,0.6059214,0.3940786,0,2,1) very rare (1-5)
4479,0.17617406,0.82382596,1,0,1) very rare (1-5)
4480,0.53507787,0.46492213,0,89,3) common (21-100)
4481,0.8971544,0.10284561,0,343,4) very common (100+)
4482,0.440746,0.559254,0,60,3) common (21-100)
4483,0.36435932,0.6356407,1,12,2) rare (6-20)
4484,0.13374037,0.86625963,1,24,3) common (21-100)
4485,0.6274506,0.3725494,0,1070,4) very common (100+)
4486,0.16848718,0.8315128,1,0,1) very rare (1-5)
4487,0.25814408,0.7418559,1,91,3) common (21-100)
4488,0.725768,0.27423197,0,343,4) very common (100+)
4489,0.14159964,0.85840034,1,16,2) rare (6-20)
4490,0.06939956,0.93060046,1,2,1) very rare (1-5)
4491,0.81559044,0.18440956,0,1070,4) very common (100+)
4492,0.86381656,0.13618344,1,1000,4) very common (100+)
4493,0.29672918,0.7032708,0,268,4) very common (100+)
4494,0.25011986,0.74988014,0,0,1) very rare (1-5)
4495,0.13408275,0.86591727,0,1,1) very rare (1-5)
4496,0.54273224,0.45726776,0,178,4) very common (100+)
4497,0.050427884,0.9495721,1,0,1) very rare (1-5)
4498,0.4248707,0.5751293,1,700,4) very common (100+)
4499,0.12240191,0.8775981,1,1,1) very rare (1-5)
4500,0.21388677,0.78611326,1,2,1) very rare (1-5)
4501,0.52241474,0.47758526,1,5,1) very rare (1-5)
4502,0.8535013,0.14649868,0,36,3) common (21-100)
4503,0.42497057,0.57502943,1,1,1) very rare (1-5)
4504,0.30955836,0.6904416,1,0,1) very rare (1-5)
4505,0.7524022,0.24759781,1,268,4) very common (100+)
4506,0.24514855,0.75485146,1,107,4) very common (100+)
4507,0.42809543,0.57190454,1,0,1) very rare (1-5)
4508,0.5776962,0.4223038,0,159,4) very common (100+)
4509,0.31960726,0.68039274,0,1,1) very rare (1-5)
4510,0.35706353,0.64293647,1,2,1) very rare (1-5)
4511,0.3569496,0.64305043,0,33,3) common (21-100)
4512,0.112794094,0.8872059,1,3,1) very rare (1-5)
4513,0.700797,0.29920298,0,78,3) common (21-100)
4514,0.05539201,0.944608,1,1,1) very rare (1-5)
4515,0.21676326,0.78323674,0,24,3) common (21-100)
4516,0.18060338,0.8193966,1,20,2) rare (6-20)
4517,0.38070884,0.6192912,1,69,3) common (21-100)
4518,0.3716455,0.6283545,0,118,4) very common (100+)
4519,0.9050152,0.09498483,0,421,4) very common (100+)
4520,0.073245585,0.9267544,1,76,3) common (21-100)
4521,0.27861503,0.721385,0,36,3) common (21-100)
4522,0.7508364,0.24916363,0,142,4) very common (100+)
4523,0.8699238,0.13007623,1,5,1) very rare (1-5)
4524,0.71416205,0.28583795,0,1070,4) very common (100+)
4525,0.40091854,0.59908146,1,3,1) very rare (1-5)
4526,0.14197959,0.8580204,1,58,3) common (21-100)
4527,0.40501624,0.59498376,1,2,1) very rare (1-5)
4528,0.23327143,0.7667286,0,38,3) common (21-100)
4529,0.9233733,0.07662672,0,421,4) very common (100+)
4530,0.07759382,0.9224062,0,17,2) rare (6-20)
4531,0.01966191,0.9803381,1,8,2) rare (6-20)
4532,0.69455326,0.30544674,1,3,1) very rare (1-5)
4533,0.5842289,0.41577113,1,1,1) very rare (1-5)
4534,0.24943441,0.7505656,0,1290,4) very common (100+)
4535,0.041890826,0.9581092,1,23,3) common (21-100)
4536,0.97155666,0.028443336,0,372,4) very common (100+)
4537,0.48199776,0.5180023,1,29,3) common (21-100)
4538,0.18271326,0.81728673,1,2,1) very rare (1-5)
4539,0.8526672,0.14733279,1,5,1) very rare (1-5)
4540,0.78862435,0.21137565,1,160,4) very common (100+)
4541,0.45587367,0.54412633,0,0,1) very rare (1-5)
4542,0.56532776,0.43467224,1,6,2) rare (6-20)
4543,0.40429544,0.59570456,0,16,2) rare (6-20)
4544,0.14431791,0.8556821,1,3,1) very rare (1-5)
4545,0.7500724,0.24992758,1,89,3) common (21-100)
4546,0.7199217,0.2800783,0,1000,4) very common (100+)
4547,0.34299442,0.65700555,0,58,3) common (21-100)
4548,0.26746354,0.73253644,0,28,3) common (21-100)
4549,0.9607381,0.039261878,1,5,1) very rare (1-5)
4550,0.05509795,0.94490206,0,421,4) very common (100+)
4551,0.32506442,0.6749356,0,26,3) common (21-100)
4552,0.8660772,0.13392282,1,1,1) very rare (1-5)
4553,0.8169688,0.1830312,1,160,4) very common (100+)
4554,0.7122214,0.28777862,1,118,4) very common (100+)
4555,0.58580637,0.41419363,0,1290,4) very common (100+)
4556,0.9782624,0.021737576,0,1000,4) very common (100+)
4557,0.067205645,0.93279433,0,10,2) rare (6-20)
4558,0.9827864,0.017213583,0,99,3) common (21-100)
4559,0.6501151,0.34988493,0,1290,4) very common (100+)
4560,0.83725494,0.16274506,0,1070,4) very common (100+)
4561,0.7321335,0.2678665,0,1070,4) very common (100+)
4562,0.52091897,0.47908103,0,134,4) very common (100+)
4563,0.9045452,0.09545481,0,142,4) very common (100+)
4564,0.89841974,0.10158026,1,70,3) common (21-100)
4565,0.733767,0.26623303,0,85,3) common (21-100)
4566,0.5008918,0.4991082,0,1070,4) very common (100+)
4567,0.15495,0.84505,1,1,1) very rare (1-5)
4568,0.99313873,0.0068612695,0,1000,4) very common (100+)
4569,0.039903022,0.96009696,1,6,2) rare (6-20)
4570,0.1806474,0.8193526,1,0,1) very rare (1-5)
4571,0.5045455,0.4954545,1,1290,4) very common (100+)
4572,0.61602044,0.38397956,0,5,1) very rare (1-5)
4573,0.4763107,0.52368927,0,1290,4) very common (100+)
4574,0.30195466,0.6980454,1,275,4) very common (100+)
4575,0.3125977,0.6874023,0,14,2) rare (6-20)
4576,0.61051774,0.38948226,1,146,4) very common (100+)
4577,0.22243595,0.77756405,0,1,1) very rare (1-5)
4578,0.65256906,0.34743094,1,8,2) rare (6-20)
4579,0.70943093,0.29056907,0,3,1) very rare (1-5)
4580,0.6921786,0.3078214,1,1070,4) very common (100+)
4581,0.8534521,0.14654791,0,223,4) very common (100+)
4582,0.1984745,0.8015255,1,1,1) very rare (1-5)
4583,0.8386424,0.16135758,0,108,4) very common (100+)
4584,0.045244467,0.95475554,1,3,1) very rare (1-5)
4585,0.13213015,0.86786985,0,159,4) very common (100+)
4586,0.2062267,0.7937733,0,275,4) very common (100+)
4587,0.14733905,0.85266095,1,5,1) very rare (1-5)
4588,0.04766024,0.95233977,1,1,1) very rare (1-5)
4589,0.7429592,0.2570408,0,66,3) common (21-100)
4590,0.58791465,0.41208535,1,1070,4) very common (100+)
4591,0.28609872,0.7139013,1,107,4) very common (100+)
4592,0.30317095,0.6968291,0,2,1) very rare (1-5)
4593,0.8694299,0.13057011,1,1070,4) very common (100+)
4594,0.074039035,0.92596096,1,91,3) common (21-100)
4595,0.8973899,0.10261011,0,66,3) common (21-100)
4596,0.50289744,0.49710256,1,3,1) very rare (1-5)
4597,0.33425638,0.6657436,0,0,1) very rare (1-5)
4598,0.95519614,0.044803858,1,111,4) very common (100+)
4599,0.92844814,0.07155186,0,700,4) very common (100+)
4600,0.5974041,0.40259588,0,46,3) common (21-100)
4601,0.9935569,0.0064430833,0,211,4) very common (100+)
4602,0.07115486,0.92884517,0,1,1) very rare (1-5)
4603,0.06300514,0.93699485,0,0,1) very rare (1-5)
4604,0.23285544,0.76714456,1,26,3) common (21-100)
4605,0.11231607,0.8876839,1,13,2) rare (6-20)
4606,0.1240018,0.8759982,1,274,4) very common (100+)
4607,0.13446458,0.86553544,1,24,3) common (21-100)
4608,0.712754,0.287246,0,1070,4) very common (100+)
4609,0.21611555,0.78388447,1,44,3) common (21-100)
4610,0.7845703,0.21542972,0,166,4) very common (100+)
4611,0.22674811,0.7732519,1,47,3) common (21-100)
4612,0.22398865,0.77601135,1,0,1) very rare (1-5)
4613,0.106407434,0.8935926,1,3,1) very rare (1-5)
4614,0.58396506,0.41603494,0,10,2) rare (6-20)
4615,0.6590002,0.34099978,1,1,1) very rare (1-5)
4616,0.20979832,0.79020166,1,0,1) very rare (1-5)
4617,0.5402504,0.45974958,0,28,3) common (21-100)
4618,0.11407218,0.8859278,1,1,1) very rare (1-5)
4619,0.5406189,0.4593811,0,166,4) very common (100+)
4620,0.046432324,0.9535677,1,3,1) very rare (1-5)
4621,0.6402266,0.3597734,0,100,3) common (21-100)
4622,0.37067345,0.6293266,0,7,2) rare (6-20)
4623,0.7917385,0.20826149,0,12,2) rare (6-20)
4624,0.13548326,0.86451674,0,15,2) rare (6-20)
4625,0.5703898,0.4296102,0,1070,4) very common (100+)
4626,0.050015014,0.94998497,1,1,1) very rare (1-5)
4627,0.7851808,0.2148192,1,26,3) common (21-100)
4628,0.810841,0.18915898,1,12,2) rare (6-20)
4629,0.18906738,0.81093264,1,2,1) very rare (1-5)
4630,0.60915,0.39085,0,4,1) very rare (1-5)
4631,0.4040106,0.5959894,1,51,3) common (21-100)
4632,0.67387426,0.32612574,0,160,4) very common (100+)
4633,0.7075092,0.29249078,0,6,2) rare (6-20)
4634,0.81764144,0.18235856,0,6,2) rare (6-20)
4635,0.43431643,0.5656836,0,1000,4) very common (100+)
4636,0.98631614,0.0136838555,0,105,4) very common (100+)
4637,0.81944937,0.18055063,1,1000,4) very common (100+)
4638,0.76706916,0.23293084,0,123,4) very common (100+)
4639,0.033583213,0.9664168,1,0,1) very rare (1-5)
4640,0.09483851,0.9051615,1,15,2) rare (6-20)
4641,0.23397207,0.7660279,1,0,1) very rare (1-5)
4642,0.9901348,0.009865224,0,1000,4) very common (100+)
4643,0.4687553,0.5312447,0,99,3) common (21-100)
4644,0.2315876,0.7684124,1,0,1) very rare (1-5)
4645,0.40643236,0.5935676,1,0,1) very rare (1-5)
4646,0.979934,0.020066023,0,15,2) rare (6-20)
4647,0.4218038,0.57819617,1,89,3) common (21-100)
4648,0.36707702,0.632923,1,28,3) common (21-100)
4649,0.5140482,0.48595178,0,261,4) very common (100+)
4650,0.05401033,0.94598967,1,0,1) very rare (1-5)
4651,0.59568685,0.40431315,0,4,1) very rare (1-5)
4652,0.44956005,0.55043995,0,89,3) common (21-100)
4653,0.4842242,0.5157758,1,40,3) common (21-100)
4654,0.02134137,0.9786586,1,5,1) very rare (1-5)
4655,0.22130403,0.77869594,1,1,1) very rare (1-5)
4656,0.98633415,0.013665855,0,700,4) very common (100+)
4657,0.61046904,0.38953096,0,100,3) common (21-100)
4658,0.057007544,0.94299245,1,0,1) very rare (1-5)
4659,0.19044451,0.8095555,0,2,1) very rare (1-5)
4660,0.11449026,0.8855097,1,261,4) very common (100+)
4661,0.07311595,0.92688406,1,1,1) very rare (1-5)
4662,0.10510184,0.8948982,0,0,1) very rare (1-5)
4663,0.3381995,0.6618005,0,0,1) very rare (1-5)
4664,0.087479144,0.9125209,1,0,1) very rare (1-5)
4665,0.1801091,0.8198909,1,4,1) very rare (1-5)
4666,0.08737381,0.9126262,1,372,4) very common (100+)
4667,0.60192645,0.39807355,1,118,4) very common (100+)
4668,0.5852625,0.41473752,0,2,1) very rare (1-5)
4669,0.39103657,0.60896343,1,1,1) very rare (1-5)
4670,0.8237528,0.17624718,1,27,3) common (21-100)
4671,0.8013823,0.1986177,0,99,3) common (21-100)
4672,0.99077284,0.009227157,0,102,4) very common (100+)
4673,0.31202534,0.6879747,0,60,3) common (21-100)
4674,0.5220566,0.47794342,0,134,4) very common (100+)
4675,0.63561076,0.36438924,0,105,4) very common (100+)
4676,0.57193774,0.42806226,1,18,2) rare (6-20)
4677,0.96550614,0.034493864,0,25,3) common (21-100)
4678,0.0758681,0.9241319,1,2,1) very rare (1-5)
4679,0.8728682,0.12713182,0,105,4) very common (100+)
4680,0.2276235,0.7723765,1,2,1) very rare (1-5)
4681,0.4814162,0.5185838,0,142,4) very common (100+)
4682,0.6173863,0.38261372,0,5,1) very rare (1-5)
4683,0.33566576,0.66433424,1,5,1) very rare (1-5)
4684,0.18044955,0.81955045,1,9,2) rare (6-20)
4685,0.73782074,0.26217926,1,1290,4) very common (100+)
4686,0.17469725,0.8253027,0,178,4) very common (100+)
4687,0.2573153,0.7426847,1,142,4) very common (100+)
4688,0.19067988,0.8093201,1,0,1) very rare (1-5)
4689,0.7021,0.29790002,0,178,4) very common (100+)
4690,0.24656478,0.75343525,1,28,3) common (21-100)
4691,0.7657813,0.23421872,0,15,2) rare (6-20)
4692,0.76022124,0.23977876,1,1290,4) very common (100+)
4693,0.052536022,0.947464,1,66,3) common (21-100)
4694,0.041245192,0.9587548,1,2,1) very rare (1-5)
4695,0.42274722,0.57725275,0,1290,4) very common (100+)
4696,0.45873606,0.54126394,1,0,1) very rare (1-5)
4697,0.6479634,0.3520366,1,1,1) very rare (1-5)
4698,0.07087606,0.92912394,0,79,3) common (21-100)
4699,0.21982485,0.78017515,1,41,3) common (21-100)
4700,0.36194953,0.63805044,0,166,4) very common (100+)
4701,0.5775999,0.42240012,1,1,1) very rare (1-5)
4702,0.6668788,0.33312118,1,118,4) very common (100+)
4703,0.9925218,0.0074781775,0,1000,4) very common (100+)
4704,0.3520824,0.6479176,0,18,2) rare (6-20)
4705,0.6508434,0.34915662,1,15,2) rare (6-20)
4706,0.23141868,0.76858133,1,0,1) very rare (1-5)
4707,0.6652528,0.3347472,1,0,1) very rare (1-5)
4708,0.12655713,0.8734429,1,70,3) common (21-100)
4709,0.47762027,0.52237976,1,1,1) very rare (1-5)
4710,0.92202264,0.07797736,0,17,2) rare (6-20)
4711,0.519758,0.480242,0,23,3) common (21-100)
4712,0.51190734,0.48809266,0,275,4) very common (100+)
4713,0.40219453,0.5978055,1,4,1) very rare (1-5)
4714,0.40692052,0.59307945,1,3,1) very rare (1-5)
4715,0.9310241,0.068975925,0,118,4) very common (100+)
4716,0.14540973,0.8545903,1,0,1) very rare (1-5)
4717,0.7244313,0.27556872,0,21,3) common (21-100)
4718,0.1251813,0.8748187,1,24,3) common (21-100)
4719,0.9929923,0.007007718,0,237,4) very common (100+)
4720,0.045199398,0.9548006,1,0,1) very rare (1-5)
4721,0.993999,0.0060009956,0,1000,4) very common (100+)
4722,0.10843523,0.8915648,1,7,2) rare (6-20)
4723,0.124887094,0.8751129,0,1,1) very rare (1-5)
4724,0.39895913,0.60104084,0,5,1) very rare (1-5)
4725,0.49608636,0.50391364,1,11,2) rare (6-20)
4726,0.08476298,0.915237,0,66,3) common (21-100)
4727,0.5027701,0.49722987,0,65,3) common (21-100)
4728,0.8157592,0.18424082,0,2,1) very rare (1-5)
4729,0.6879004,0.31209958,0,66,3) common (21-100)
4730,0.37665737,0.62334263,1,70,3) common (21-100)
4731,0.5963303,0.40366971,1,10,2) rare (6-20)
4732,0.9774055,0.022594512,0,89,3) common (21-100)
4733,0.48681143,0.5131886,0,7,2) rare (6-20)
4734,0.9391051,0.060894907,0,182,4) very common (100+)
4735,0.31615365,0.68384635,1,5,1) very rare (1-5)
4736,0.44034696,0.55965304,1,0,1) very rare (1-5)
4737,0.28981236,0.7101877,1,124,4) very common (100+)
4738,0.58962554,0.41037446,1,1,1) very rare (1-5)
4739,0.3087656,0.6912344,1,0,1) very rare (1-5)
4740,0.055239625,0.9447604,1,22,3) common (21-100)
4741,0.14462644,0.85537356,1,4,1) very rare (1-5)
4742,0.6295898,0.3704102,0,34,3) common (21-100)
4743,0.6669509,0.33304912,1,17,2) rare (6-20)
4744,0.10346076,0.8965392,0,0,1) very rare (1-5)
4745,0.037224688,0.9627753,1,0,1) very rare (1-5)
4746,0.85834014,0.14165986,1,146,4) very common (100+)
4747,0.259148,0.740852,1,0,1) very rare (1-5)
4748,0.96366936,0.03633064,0,18,2) rare (6-20)
4749,0.3999199,0.60008013,0,15,2) rare (6-20)
4750,0.81661475,0.18338525,1,1070,4) very common (100+)
4751,0.37572122,0.6242788,1,1,1) very rare (1-5)
4752,0.9278787,0.07212132,0,1070,4) very common (100+)
4753,0.20563954,0.79436046,0,56,3) common (21-100)
4754,0.43643695,0.56356305,0,5,1) very rare (1-5)
4755,0.6267266,0.37327337,0,275,4) very common (100+)
4756,0.5769295,0.4230705,0,105,4) very common (100+)
4757,0.36589167,0.6341083,1,0,1) very rare (1-5)
4758,0.08290549,0.9170945,1,0,1) very rare (1-5)
4759,0.09824872,0.9017513,0,0,1) very rare (1-5)
4760,0.49651107,0.5034889,1,123,4) very common (100+)
4761,0.5815539,0.41844612,1,62,3) common (21-100)
4762,0.08066789,0.9193321,1,0,1) very rare (1-5)
4763,0.21996693,0.78003305,1,3,1) very rare (1-5)
4764,0.690612,0.30938798,0,372,4) very common (100+)
4765,0.4098517,0.5901483,1,58,3) common (21-100)
4766,0.4804276,0.5195724,0,105,4) very common (100+)
4767,0.14435908,0.8556409,1,70,3) common (21-100)
4768,0.30436867,0.6956313,1,0,1) very rare (1-5)
4769,0.09438922,0.9056108,0,13,2) rare (6-20)
4770,0.057930358,0.94206965,1,0,1) very rare (1-5)
4771,0.40357572,0.5964243,1,27,3) common (21-100)
4772,0.12221569,0.8777843,1,4,1) very rare (1-5)
4773,0.7214363,0.27856368,1,107,4) very common (100+)
4774,0.92774653,0.072253466,0,99,3) common (21-100)
4775,0.9112149,0.08878511,0,274,4) very common (100+)
4776,0.47946623,0.5205338,0,10,2) rare (6-20)
4777,0.5387681,0.4612319,0,5,1) very rare (1-5)
4778,0.7354757,0.26452428,0,111,4) very common (100+)
4779,0.34014165,0.65985835,0,1,1) very rare (1-5)
4780,0.20194405,0.79805595,0,1,1) very rare (1-5)
4781,0.9661882,0.033811808,0,421,4) very common (100+)
4782,0.90473104,0.095268965,1,52,3) common (21-100)
4783,0.21427684,0.78572315,1,0,1) very rare (1-5)
4784,0.98492986,0.01507014,0,39,3) common (21-100)
4785,0.03952652,0.9604735,1,2,1) very rare (1-5)
4786,0.5470646,0.4529354,0,268,4) very common (100+)
4787,0.8090776,0.19092238,0,1000,4) very common (100+)
4788,0.795495,0.20450503,1,35,3) common (21-100)
4789,0.53088796,0.46911204,0,91,3) common (21-100)
4790,0.16618939,0.8338106,0,0,1) very rare (1-5)
4791,0.32826078,0.6717392,1,30,3) common (21-100)
4792,0.19178466,0.8082153,1,3,1) very rare (1-5)
4793,0.38478938,0.61521065,0,166,4) very common (100+)
4794,0.65024024,0.34975976,0,82,3) common (21-100)
4795,0.9859163,0.0140836835,1,66,3) common (21-100)
4796,0.77725136,0.22274864,0,237,4) very common (100+)
4797,0.62176067,0.37823933,0,13,2) rare (6-20)
4798,0.16314282,0.8368572,1,12,2) rare (6-20)
4799,0.8387574,0.1612426,0,3,1) very rare (1-5)
4800,0.30207914,0.69792086,1,1290,4) very common (100+)
4801,0.07944484,0.9205552,1,3,1) very rare (1-5)
4802,0.48806304,0.51193696,1,160,4) very common (100+)
4803,0.8973422,0.102657795,0,7,2) rare (6-20)
4804,0.08876766,0.91123235,1,0,1) very rare (1-5)
4805,0.9086392,0.09136081,0,24,3) common (21-100)
4806,0.508227,0.491773,1,35,3) common (21-100)
4807,0.13674623,0.8632538,0,3,1) very rare (1-5)
4808,0.30180916,0.6981908,0,15,2) rare (6-20)
4809,0.9956008,0.0043991804,0,211,4) very common (100+)
4810,0.32361177,0.67638826,1,0,1) very rare (1-5)
4811,0.026039904,0.9739601,0,71,3) common (21-100)
4812,0.7787169,0.22128308,1,0,1) very rare (1-5)
4813,0.28150958,0.7184904,0,178,4) very common (100+)
4814,0.12761195,0.87238806,1,2,1) very rare (1-5)
4815,0.356354,0.643646,0,3,1) very rare (1-5)
4816,0.12953095,0.87046903,1,118,4) very common (100+)
4817,0.07972891,0.9202711,1,0,1) very rare (1-5)
4818,0.8228558,0.17714423,0,19,2) rare (6-20)
4819,0.15191324,0.8480868,1,0,1) very rare (1-5)
4820,0.6398251,0.3601749,1,30,3) common (21-100)
4821,0.08513023,0.9148698,1,0,1) very rare (1-5)
4822,0.39072886,0.60927117,0,66,3) common (21-100)
4823,0.5202483,0.4797517,0,4,1) very rare (1-5)
4824,0.32689252,0.6731075,1,275,4) very common (100+)
4825,0.29344904,0.70655096,0,38,3) common (21-100)
4826,0.9908154,0.009184599,1,16,2) rare (6-20)
4827,0.36241022,0.6375898,1,2,1) very rare (1-5)
4828,0.32058862,0.6794114,0,421,4) very common (100+)
4829,0.07998109,0.9200189,1,3,1) very rare (1-5)
4830,0.9650782,0.034921825,0,8,2) rare (6-20)
4831,0.46011174,0.53988826,0,4,1) very rare (1-5)
4832,0.27507618,0.72492385,1,118,4) very common (100+)
4833,0.25338835,0.74661165,0,2,1) very rare (1-5)
4834,0.91787857,0.08212143,1,0,1) very rare (1-5)
4835,0.99291927,0.007080734,0,274,4) very common (100+)
4836,0.5207727,0.4792273,0,39,3) common (21-100)
4837,0.06163236,0.93836766,1,0,1) very rare (1-5)
4838,0.85635966,0.14364034,1,0,1) very rare (1-5)
4839,0.117770314,0.8822297,0,0,1) very rare (1-5)
4840,0.54005945,0.45994055,0,18,2) rare (6-20)
4841,0.08090177,0.91909826,1,0,1) very rare (1-5)
4842,0.97298086,0.027019143,0,142,4) very common (100+)
4843,0.9845753,0.015424728,0,1000,4) very common (100+)
4844,0.64350504,0.35649496,0,78,3) common (21-100)
4845,0.26413566,0.73586434,1,8,2) rare (6-20)
4846,0.1312967,0.8687033,1,0,1) very rare (1-5)
4847,0.5220259,0.47797412,1,10,2) rare (6-20)
4848,0.6551623,0.34483773,0,16,2) rare (6-20)
4849,0.17726679,0.8227332,1,8,2) rare (6-20)
4850,0.96780604,0.03219396,1,0,1) very rare (1-5)
4851,0.16431002,0.83568996,0,9,2) rare (6-20)
4852,0.7429915,0.2570085,0,1290,4) very common (100+)
4853,0.4490399,0.55096006,0,81,3) common (21-100)
4854,0.27518767,0.7248123,1,2,1) very rare (1-5)
4855,0.67216814,0.32783186,1,1000,4) very common (100+)
4856,0.15471226,0.84528774,0,41,3) common (21-100)
4857,0.6320448,0.3679552,1,1070,4) very common (100+)
4858,0.2518069,0.7481931,1,44,3) common (21-100)
4859,0.99733585,0.0026641488,0,211,4) very common (100+)
4860,0.6309952,0.3690048,0,36,3) common (21-100)
4861,0.753589,0.24641103,1,268,4) very common (100+)
4862,0.10853802,0.89146197,1,0,1) very rare (1-5)
4863,0.34356833,0.6564317,1,0,1) very rare (1-5)
4864,0.061384633,0.9386154,1,0,1) very rare (1-5)
4865,0.50585556,0.49414444,1,0,1) very rare (1-5)
4866,0.3648758,0.6351242,1,19,2) rare (6-20)
4867,0.2926495,0.7073505,1,2,1) very rare (1-5)
4868,0.30830008,0.6916999,1,1,1) very rare (1-5)
4869,0.25595644,0.7440436,1,16,2) rare (6-20)
4870,0.5639377,0.43606228,0,41,3) common (21-100)
4871,0.80973995,0.19026005,0,268,4) very common (100+)
4872,0.59369457,0.40630543,0,134,4) very common (100+)
4873,0.5093095,0.49069053,1,0,1) very rare (1-5)
4874,0.549672,0.450328,0,29,3) common (21-100)
4875,0.42877075,0.5712292,1,15,2) rare (6-20)
4876,0.8933408,0.106659174,0,134,4) very common (100+)
4877,0.28084084,0.7191591,1,56,3) common (21-100)
4878,0.5294465,0.47055352,1,1070,4) very common (100+)
4879,0.64010864,0.35989136,1,0,1) very rare (1-5)
4880,0.7360352,0.26396477,1,19,2) rare (6-20)
4881,0.034240488,0.9657595,1,7,2) rare (6-20)
4882,0.37115192,0.6288481,1,28,3) common (21-100)
4883,0.29576272,0.7042373,1,343,4) very common (100+)
4884,0.5534449,0.44655508,1,0,1) very rare (1-5)
4885,0.90823513,0.09176487,0,37,3) common (21-100)
4886,0.28430924,0.71569073,0,106,4) very common (100+)
4887,0.14106564,0.85893434,1,142,4) very common (100+)
4888,0.97219354,0.02780646,0,89,3) common (21-100)
4889,0.44970027,0.55029976,1,7,2) rare (6-20)
4890,0.031220729,0.96877927,1,0,1) very rare (1-5)
4891,0.37378463,0.62621534,1,3,1) very rare (1-5)
4892,0.8162419,0.18375808,0,1000,4) very common (100+)
4893,0.026023414,0.9739766,1,0,1) very rare (1-5)
4894,0.05765011,0.9423499,1,1,1) very rare (1-5)
4895,0.5461239,0.45387608,0,343,4) very common (100+)
4896,0.92040205,0.07959795,0,2,1) very rare (1-5)
4897,0.8475384,0.15246159,1,146,4) very common (100+)
4898,0.77903193,0.22096807,0,4,1) very rare (1-5)
4899,0.85703456,0.14296544,0,92,3) common (21-100)
4900,0.8065199,0.19348007,0,22,3) common (21-100)
4901,0.70463145,0.29536855,1,146,4) very common (100+)
4902,0.07677045,0.9232296,1,4,1) very rare (1-5)
4903,0.96545994,0.034540057,0,211,4) very common (100+)
4904,0.90590715,0.094092846,0,223,4) very common (100+)
4905,0.99047804,0.009521961,0,10,2) rare (6-20)
4906,0.45406586,0.54593414,0,107,4) very common (100+)
4907,0.16292648,0.8370735,0,0,1) very rare (1-5)
4908,0.60697067,0.39302933,0,78,3) common (21-100)
4909,0.6443713,0.35562873,1,28,3) common (21-100)
4910,0.6169114,0.3830886,1,105,4) very common (100+)
4911,0.774648,0.22535199,1,2,1) very rare (1-5)
4912,0.56228906,0.43771094,1,1070,4) very common (100+)
4913,0.016585577,0.9834144,1,16,2) rare (6-20)
4914,0.26160035,0.7383996,1,0,1) very rare (1-5)
4915,0.92554086,0.074459136,1,261,4) very common (100+)
4916,0.82242125,0.17757875,0,1070,4) very common (100+)
4917,0.9256856,0.074314415,0,105,4) very common (100+)
4918,0.7923716,0.20762843,0,58,3) common (21-100)
4919,0.9735898,0.026410222,0,1000,4) very common (100+)
4920,0.17228255,0.8277174,1,0,1) very rare (1-5)
4921,0.7828679,0.21713209,0,8,2) rare (6-20)
4922,0.8465055,0.15349448,0,39,3) common (21-100)
4923,0.42828158,0.57171845,0,3,1) very rare (1-5)
4924,0.123452276,0.8765477,1,118,4) very common (100+)
4925,0.58713126,0.41286874,1,89,3) common (21-100)
4926,0.7696755,0.2303245,1,11,2) rare (6-20)
4927,0.5141615,0.48583847,1,1290,4) very common (100+)
4928,0.63534445,0.36465555,1,0,1) very rare (1-5)
4929,0.229336,0.770664,0,343,4) very common (100+)
4930,0.35345218,0.6465478,1,1,1) very rare (1-5)
4931,0.32613677,0.67386323,1,5,1) very rare (1-5)
4932,0.10390332,0.8960967,1,0,1) very rare (1-5)
4933,0.14783804,0.85216194,1,0,1) very rare (1-5)
4934,0.33364353,0.66635644,1,8,2) rare (6-20)
4935,0.9963379,0.0036621094,0,211,4) very common (100+)
4936,0.68185896,0.31814104,1,14,2) rare (6-20)
4937,0.6552933,0.3447067,1,14,2) rare (6-20)
4938,0.8592245,0.1407755,0,18,2) rare (6-20)
4939,0.47201085,0.52798915,0,23,3) common (21-100)
4940,0.71812695,0.28187305,1,7,2) rare (6-20)
4941,0.9725682,0.027431786,1,700,4) very common (100+)
4942,0.9913169,0.008683085,0,53,3) common (21-100)
4943,0.13716681,0.8628332,1,2,1) very rare (1-5)
4944,0.28995663,0.7100434,1,160,4) very common (100+)
4945,0.033877548,0.96612245,1,0,1) very rare (1-5)
4946,0.62275237,0.37724763,0,5,1) very rare (1-5)
4947,0.12526765,0.8747324,1,1,1) very rare (1-5)
4948,0.91553193,0.08446807,1,261,4) very common (100+)
4949,0.3032727,0.6967273,1,0,1) very rare (1-5)
4950,0.93650365,0.06349635,0,142,4) very common (100+)
4951,0.19244595,0.80755407,1,1,1) very rare (1-5)
4952,0.04026862,0.9597314,1,0,1) very rare (1-5)
4953,0.75838923,0.24161077,0,4,1) very rare (1-5)
4954,0.047612827,0.95238715,1,0,1) very rare (1-5)
4955,0.08102125,0.91897875,1,0,1) very rare (1-5)
4956,0.45155945,0.5484406,1,5,1) very rare (1-5)
4957,0.33411616,0.66588384,1,7,2) rare (6-20)
4958,0.307628,0.69237196,1,31,3) common (21-100)
4959,0.4541686,0.54583144,1,4,1) very rare (1-5)
4960,0.91296893,0.08703107,1,36,3) common (21-100)
4961,0.8737306,0.1262694,1,343,4) very common (100+)
4962,0.5578035,0.4421965,0,23,3) common (21-100)
4963,0.9084591,0.09154087,1,178,4) very common (100+)
4964,0.37767068,0.62232935,0,0,1) very rare (1-5)
4965,0.5012456,0.49875438,1,268,4) very common (100+)
4966,0.32507843,0.6749216,1,58,3) common (21-100)
4967,0.30794224,0.6920577,0,4,1) very rare (1-5)
4968,0.31633177,0.68366826,1,8,2) rare (6-20)
4969,0.48186192,0.51813805,0,5,1) very rare (1-5)
4970,0.06244858,0.93755144,1,0,1) very rare (1-5)
4971,0.33432427,0.66567576,0,17,2) rare (6-20)
4972,0.5884577,0.4115423,1,1070,4) very common (100+)
4973,0.93965274,0.06034726,0,1000,4) very common (100+)
4974,0.5031026,0.4968974,0,159,4) very common (100+)
4975,0.7705461,0.22945392,0,274,4) very common (100+)
4976,0.10643327,0.8935667,1,9,2) rare (6-20)
4977,0.11300117,0.88699883,1,0,1) very rare (1-5)
4978,0.91109604,0.08890396,0,63,3) common (21-100)
4979,0.1899083,0.81009173,1,1290,4) very common (100+)
4980,0.4231631,0.57683694,1,2,1) very rare (1-5)
4981,0.88974553,0.11025447,0,237,4) very common (100+)
4982,0.07037178,0.92962825,0,2,1) very rare (1-5)
4983,0.75839716,0.24160284,1,0,1) very rare (1-5)
4984,0.6089657,0.3910343,1,3,1) very rare (1-5)
4985,0.56560504,0.43439496,0,3,1) very rare (1-5)
4986,0.5618748,0.4381252,1,31,3) common (21-100)
4987,0.020444062,0.97955596,1,0,1) very rare (1-5)
4988,0.16529144,0.8347086,0,16,2) rare (6-20)
4989,0.52843624,0.47156376,1,8,2) rare (6-20)
4990,0.6574158,0.3425842,0,4,1) very rare (1-5)
4991,0.5249509,0.47504908,0,18,2) rare (6-20)
4992,0.05097695,0.94902307,0,3,1) very rare (1-5)
4993,0.8999439,0.10005611,1,1290,4) very common (100+)
4994,0.24089399,0.75910604,1,0,1) very rare (1-5)
4995,0.17997567,0.8200243,0,85,3) common (21-100)
4996,0.026539743,0.97346026,1,0,1) very rare (1-5)
4997,0.8882263,0.11177373,0,43,3) common (21-100)
4998,0.98795974,0.012040257,0,1000,4) very common (100+)
4999,0.24641109,0.7535889,0,0,1) very rare (1-5)
5000,0.92053187,0.07946813,0,223,4) very common (100+)
5001,0.16787973,0.8321203,1,6,2) rare (6-20)
5002,0.21034168,0.7896583,1,1,1) very rare (1-5)
5003,0.9182087,0.08179128,0,89,3) common (21-100)
5004,0.50046325,0.49953675,0,66,3) common (21-100)
5005,0.103296086,0.8967039,1,118,4) very common (100+)
5006,0.9749118,0.025088191,0,274,4) very common (100+)
