mol_idx,top_score,uq,error,frequency,tier
0,0.8257967,0.17420328,0,74,3) common (21-100)
1,0.06693757,0.93306243,0,0,1) very rare (1-5)
2,0.8668625,0.13313752,0,74,3) common (21-100)
3,0.43097094,0.5690291,1,0,1) very rare (1-5)
4,0.10440886,0.89559114,1,0,1) very rare (1-5)
5,0.31944498,0.680555,0,7,2) rare (6-20)
6,0.30535248,0.69464755,0,2,1) very rare (1-5)
7,0.88778627,0.11221373,0,23,3) common (21-100)
8,0.58510494,0.41489506,1,4,1) very rare (1-5)
9,0.07080035,0.92919964,1,0,1) very rare (1-5)
10,0.023882266,0.97611773,1,0,1) very rare (1-5)
11,0.64897907,0.35102093,0,3,1) very rare (1-5)
12,0.04693011,0.95306987,1,0,1) very rare (1-5)
13,0.6209711,0.37902892,1,0,1) very rare (1-5)
14,0.85779166,0.14220834,0,1,1) very rare (1-5)
15,0.13783336,0.86216664,1,6,2) rare (6-20)
16,0.7200214,0.27997857,0,5,1) very rare (1-5)
17,0.96256834,0.037431657,0,74,3) common (21-100)
18,0.8407343,0.1592657,1,2,1) very rare (1-5)
19,0.7319499,0.26805007,0,3,1) very rare (1-5)
20,0.062187932,0.9378121,1,0,1) very rare (1-5)
21,0.8509056,0.1490944,0,74,3) common (21-100)
22,0.11529982,0.8847002,1,0,1) very rare (1-5)
23,0.84584266,0.15415734,1,14,2) rare (6-20)
24,0.8053218,0.19467819,0,108,4) very common (100+)
25,0.6118681,0.38813192,0,145,4) very common (100+)
26,0.28564018,0.7143598,1,7,2) rare (6-20)
27,0.12819697,0.87180305,1,20,2) rare (6-20)
28,0.37558037,0.6244196,0,10,2) rare (6-20)
29,0.3139362,0.68606377,1,0,1) very rare (1-5)
30,0.36492455,0.63507545,0,7,2) rare (6-20)
31,0.903904,0.09609598,1,43,3) common (21-100)
32,0.1470282,0.8529718,1,1,1) very rare (1-5)
33,0.38464126,0.6153587,0,6,2) rare (6-20)
34,0.12925133,0.87074864,1,31,3) common (21-100)
35,0.10407656,0.89592344,1,0,1) very rare (1-5)
36,0.10908636,0.89091367,1,0,1) very rare (1-5)
37,0.6151385,0.38486153,1,3,1) very rare (1-5)
38,0.1658493,0.8341507,1,2,1) very rare (1-5)
39,0.5226073,0.47739267,0,84,3) common (21-100)
40,0.17712393,0.8228761,1,0,1) very rare (1-5)
41,0.13257924,0.8674208,1,0,1) very rare (1-5)
42,0.13814351,0.86185646,1,2,1) very rare (1-5)
43,0.4003893,0.5996107,0,3,1) very rare (1-5)
44,0.0268224,0.9731776,0,1,1) very rare (1-5)
45,0.66252565,0.33747435,1,0,1) very rare (1-5)
46,0.674642,0.32535797,0,36,3) common (21-100)
47,0.14620768,0.8537923,1,3,1) very rare (1-5)
48,0.0655664,0.9344336,1,1,1) very rare (1-5)
49,0.071517214,0.9284828,1,0,1) very rare (1-5)
50,0.11020204,0.889798,0,8,2) rare (6-20)
51,0.9129452,0.08705479,1,2,1) very rare (1-5)
52,0.82255536,0.17744464,1,5,1) very rare (1-5)
53,0.4727798,0.5272202,1,44,3) common (21-100)
54,0.117991745,0.88200825,1,0,1) very rare (1-5)
55,0.21777876,0.78222126,1,3,1) very rare (1-5)
56,0.70521784,0.29478216,1,1,1) very rare (1-5)
57,0.5156135,0.4843865,0,274,4) very common (100+)
58,0.07520195,0.9247981,1,14,2) rare (6-20)
59,0.7039694,0.29603058,1,2,1) very rare (1-5)
60,0.33601063,0.66398937,0,1,1) very rare (1-5)
61,0.38388547,0.6161145,1,2,1) very rare (1-5)
62,0.51555175,0.48444825,1,123,4) very common (100+)
63,0.10477149,0.8952285,1,1,1) very rare (1-5)
64,0.7064896,0.29351038,1,30,3) common (21-100)
65,0.9702505,0.029749513,0,15,2) rare (6-20)
66,0.5599739,0.4400261,0,6,2) rare (6-20)
67,0.43991712,0.5600829,0,13,2) rare (6-20)
68,0.9967439,0.0032560825,0,274,4) very common (100+)
69,0.57315,0.42685002,1,0,1) very rare (1-5)
70,0.36066207,0.6393379,0,5,1) very rare (1-5)
71,0.3307471,0.6692529,1,14,2) rare (6-20)
72,0.14297456,0.85702544,1,2,1) very rare (1-5)
73,0.3780403,0.6219597,1,142,4) very common (100+)
74,0.1057943,0.8942057,1,0,1) very rare (1-5)
75,0.43120378,0.5687962,1,81,3) common (21-100)
76,0.2671655,0.73283446,1,30,3) common (21-100)
77,0.35634208,0.6436579,1,4,1) very rare (1-5)
78,0.16641583,0.8335842,1,2,1) very rare (1-5)
79,0.6216886,0.3783114,1,1070,4) very common (100+)
80,0.34160605,0.658394,1,1,1) very rare (1-5)
81,0.1036248,0.8963752,1,0,1) very rare (1-5)
82,0.04755764,0.95244235,1,3,1) very rare (1-5)
83,0.9272219,0.072778106,1,1290,4) very common (100+)
84,0.14010051,0.8598995,1,1,1) very rare (1-5)
85,0.7795778,0.22042221,1,19,2) rare (6-20)
86,0.5255152,0.4744848,1,75,3) common (21-100)
87,0.019892335,0.98010767,1,24,3) common (21-100)
88,0.054644503,0.9453555,1,0,1) very rare (1-5)
89,0.40315363,0.59684634,0,106,4) very common (100+)
90,0.8005869,0.19941312,0,81,3) common (21-100)
91,0.3758562,0.62414384,0,2,1) very rare (1-5)
92,0.51419926,0.48580074,1,6,2) rare (6-20)
93,0.7808331,0.21916687,1,146,4) very common (100+)
94,0.83749425,0.16250575,1,3,1) very rare (1-5)
95,0.8848098,0.11519021,0,1290,4) very common (100+)
96,0.1876063,0.81239367,1,26,3) common (21-100)
97,0.10816056,0.89183944,1,15,2) rare (6-20)
98,0.2731123,0.7268877,1,107,4) very common (100+)
99,0.907117,0.09288299,1,1070,4) very common (100+)
100,0.36285844,0.6371416,0,96,3) common (21-100)
101,0.30880985,0.6911901,1,1,1) very rare (1-5)
102,0.48802483,0.51197517,0,118,4) very common (100+)
103,0.3955976,0.6044024,0,0,1) very rare (1-5)
104,0.83360004,0.16639996,1,54,3) common (21-100)
105,0.89588964,0.10411036,0,1290,4) very common (100+)
106,0.9993741,0.0006259084,0,89,3) common (21-100)
107,0.08429339,0.91570663,1,20,2) rare (6-20)
108,0.9016446,0.09835541,0,66,3) common (21-100)
109,0.21807806,0.7819219,1,9,2) rare (6-20)
110,0.95385575,0.046144247,1,89,3) common (21-100)
111,0.32051206,0.67948794,1,16,2) rare (6-20)
112,0.049817912,0.9501821,1,0,1) very rare (1-5)
113,0.6121451,0.38785487,0,43,3) common (21-100)
114,0.30943674,0.69056326,1,111,4) very common (100+)
115,0.9070008,0.09299922,0,145,4) very common (100+)
116,0.035265744,0.96473426,1,1,1) very rare (1-5)
117,0.9502126,0.049787402,0,70,3) common (21-100)
118,0.9022966,0.0977034,0,94,3) common (21-100)
119,0.6934257,0.30657429,0,123,4) very common (100+)
120,0.2616267,0.7383733,0,33,3) common (21-100)
121,0.6783237,0.3216763,1,0,1) very rare (1-5)
122,0.7181147,0.28188533,1,0,1) very rare (1-5)
123,0.9254939,0.074506104,0,700,4) very common (100+)
124,0.38858804,0.6114119,1,37,3) common (21-100)
125,0.69589853,0.30410147,0,52,3) common (21-100)
126,0.11346761,0.88653237,1,0,1) very rare (1-5)
127,0.11443246,0.88556755,1,2,1) very rare (1-5)
128,0.08115189,0.9188481,1,0,1) very rare (1-5)
129,0.49873453,0.50126547,0,106,4) very common (100+)
130,0.80720246,0.19279754,1,11,2) rare (6-20)
131,0.15015857,0.8498414,0,2,1) very rare (1-5)
132,0.768698,0.23130202,0,6,2) rare (6-20)
133,0.58779794,0.41220206,0,1,1) very rare (1-5)
134,0.9934297,0.0065702796,0,274,4) very common (100+)
135,0.18459745,0.81540257,1,0,1) very rare (1-5)
136,0.9325398,0.06746018,0,78,3) common (21-100)
137,0.59445226,0.40554774,1,0,1) very rare (1-5)
138,0.57640034,0.42359966,0,1290,4) very common (100+)
139,0.7281886,0.27181143,1,1070,4) very common (100+)
140,0.98743546,0.01256454,0,343,4) very common (100+)
141,0.9118722,0.08812779,0,74,3) common (21-100)
142,0.5379809,0.4620191,0,66,3) common (21-100)
143,0.15111691,0.8488831,1,2,1) very rare (1-5)
144,0.30558136,0.69441867,1,13,2) rare (6-20)
145,0.4155555,0.5844445,0,5,1) very rare (1-5)
146,0.35699224,0.64300776,0,166,4) very common (100+)
147,0.02605214,0.9739479,1,3,1) very rare (1-5)
148,0.08285951,0.9171405,1,1,1) very rare (1-5)
149,0.399139,0.600861,0,33,3) common (21-100)
150,0.42833912,0.5716609,0,178,4) very common (100+)
151,0.41219237,0.58780766,0,5,1) very rare (1-5)
152,0.7748655,0.22513449,0,1290,4) very common (100+)
153,0.05207684,0.9479232,1,33,3) common (21-100)
154,0.096923,0.903077,1,0,1) very rare (1-5)
155,0.32982856,0.67017144,0,33,3) common (21-100)
156,0.9528402,0.04715979,0,9,2) rare (6-20)
157,0.86225975,0.13774025,1,8,2) rare (6-20)
158,0.8812334,0.118766606,0,39,3) common (21-100)
159,0.2656506,0.73434937,1,4,1) very rare (1-5)
160,0.2724008,0.7275992,0,10,2) rare (6-20)
161,0.044716816,0.95528316,1,0,1) very rare (1-5)
162,0.09254181,0.9074582,1,76,3) common (21-100)
163,0.31573525,0.6842648,0,4,1) very rare (1-5)
164,0.08155404,0.91844594,1,160,4) very common (100+)
165,0.12906285,0.87093717,0,4,1) very rare (1-5)
166,0.84074163,0.15925837,1,7,2) rare (6-20)
167,0.0867215,0.9132785,1,4,1) very rare (1-5)
168,0.26714417,0.7328558,1,223,4) very common (100+)
169,0.39249852,0.6075015,0,8,2) rare (6-20)
170,0.17290287,0.8270971,1,0,1) very rare (1-5)
171,0.27783504,0.722165,1,26,3) common (21-100)
172,0.45930627,0.54069376,0,1290,4) very common (100+)
173,0.7066989,0.2933011,0,105,4) very common (100+)
174,0.3971459,0.60285413,1,1,1) very rare (1-5)
175,0.26109633,0.73890364,1,2,1) very rare (1-5)
176,0.36108458,0.6389154,1,15,2) rare (6-20)
177,0.33879378,0.66120625,1,102,4) very common (100+)
178,0.7424747,0.25752532,0,1070,4) very common (100+)
179,0.8995886,0.100411415,0,15,2) rare (6-20)
180,0.53317314,0.46682686,0,1070,4) very common (100+)
181,0.6664939,0.3335061,0,79,3) common (21-100)
182,0.6967861,0.3032139,1,1070,4) very common (100+)
183,0.03332287,0.9666771,1,36,3) common (21-100)
184,0.4623118,0.5376882,0,66,3) common (21-100)
185,0.5917286,0.40827137,0,1070,4) very common (100+)
186,0.997934,0.0020660162,0,211,4) very common (100+)
187,0.43972036,0.5602796,1,81,3) common (21-100)
188,0.09774172,0.9022583,0,10,2) rare (6-20)
189,0.3881825,0.6118175,1,1,1) very rare (1-5)
190,0.92226005,0.077739954,0,1070,4) very common (100+)
191,0.050531533,0.9494685,1,2,1) very rare (1-5)
192,0.43953288,0.5604671,1,20,2) rare (6-20)
193,0.4586428,0.54135716,0,5,1) very rare (1-5)
194,0.2786772,0.7213228,0,4,1) very rare (1-5)
195,0.8216066,0.17839342,0,4,1) very rare (1-5)
196,0.7970287,0.20297128,0,6,2) rare (6-20)
197,0.78532636,0.21467364,0,45,3) common (21-100)
198,0.526085,0.47391498,1,108,4) very common (100+)
199,0.29818854,0.70181143,0,44,3) common (21-100)
200,0.65628135,0.34371865,1,30,3) common (21-100)
201,0.7144719,0.28552812,1,96,3) common (21-100)
202,0.88384825,0.11615175,0,70,3) common (21-100)
203,0.11707739,0.8829226,1,0,1) very rare (1-5)
204,0.045658737,0.9543413,1,2,1) very rare (1-5)
205,0.35461742,0.6453826,1,2,1) very rare (1-5)
206,0.23113139,0.7688686,1,372,4) very common (100+)
207,0.85256547,0.14743453,1,0,1) very rare (1-5)
208,0.08442056,0.91557944,1,11,2) rare (6-20)
209,0.33880165,0.6611984,1,0,1) very rare (1-5)
210,0.5567301,0.4432699,1,274,4) very common (100+)
211,0.67585784,0.32414216,1,99,3) common (21-100)
212,0.2762357,0.7237643,1,5,1) very rare (1-5)
213,0.92093104,0.07906896,0,1290,4) very common (100+)
214,0.7866372,0.21336281,0,5,1) very rare (1-5)
215,0.20613113,0.7938689,1,1,1) very rare (1-5)
216,0.68803954,0.31196046,0,121,4) very common (100+)
217,0.64012575,0.35987425,1,1,1) very rare (1-5)
218,0.5600969,0.43990308,0,118,4) very common (100+)
219,0.9872242,0.012775779,0,118,4) very common (100+)
220,0.22090213,0.77909786,1,1,1) very rare (1-5)
221,0.4387944,0.5612056,0,6,2) rare (6-20)
222,0.2673438,0.73265624,1,4,1) very rare (1-5)
223,0.1968028,0.8031972,0,4,1) very rare (1-5)
224,0.24662778,0.7533722,1,1,1) very rare (1-5)
225,0.87255305,0.12744695,0,1290,4) very common (100+)
226,0.21485865,0.78514135,1,9,2) rare (6-20)
227,0.6468517,0.35314828,0,8,2) rare (6-20)
228,0.3376879,0.6623121,1,9,2) rare (6-20)
229,0.53966,0.46034002,1,237,4) very common (100+)
230,0.87558335,0.12441665,0,261,4) very common (100+)
231,0.26726326,0.7327367,1,3,1) very rare (1-5)
232,0.23345186,0.76654816,1,3,1) very rare (1-5)
233,0.5091498,0.4908502,0,108,4) very common (100+)
234,0.7024206,0.2975794,0,118,4) very common (100+)
235,0.5275761,0.4724239,1,9,2) rare (6-20)
236,0.22642654,0.77357346,1,20,2) rare (6-20)
237,0.3758899,0.6241101,0,22,3) common (21-100)
238,0.02126401,0.978736,1,3,1) very rare (1-5)
239,0.17137277,0.8286272,1,145,4) very common (100+)
240,0.84848267,0.15151733,1,84,3) common (21-100)
241,0.50311214,0.49688786,0,33,3) common (21-100)
242,0.9063976,0.09360242,1,8,2) rare (6-20)
243,0.12032934,0.8796707,1,1,1) very rare (1-5)
244,0.06941219,0.9305878,0,39,3) common (21-100)
245,0.64836174,0.35163826,0,1070,4) very common (100+)
246,0.95510435,0.04489565,0,1070,4) very common (100+)
247,0.79857785,0.20142215,0,39,3) common (21-100)
248,0.26614073,0.7338593,0,3,1) very rare (1-5)
249,0.6460639,0.35393608,0,92,3) common (21-100)
250,0.18853284,0.8114672,1,0,1) very rare (1-5)
251,0.1517372,0.8482628,1,2,1) very rare (1-5)
252,0.23548633,0.7645137,1,5,1) very rare (1-5)
253,0.740384,0.25961602,0,421,4) very common (100+)
254,0.51060426,0.48939574,1,0,1) very rare (1-5)
255,0.055122204,0.9448778,0,0,1) very rare (1-5)
256,0.29943883,0.70056117,1,16,2) rare (6-20)
257,0.42563576,0.57436424,1,0,1) very rare (1-5)
258,0.4362305,0.56376946,0,1070,4) very common (100+)
259,0.21559712,0.78440285,0,14,2) rare (6-20)
260,0.92726433,0.07273567,0,47,3) common (21-100)
261,0.65507734,0.34492266,1,0,1) very rare (1-5)
262,0.108694226,0.8913058,0,18,2) rare (6-20)
263,0.94876724,0.051232755,0,700,4) very common (100+)
264,0.8318305,0.1681695,1,79,3) common (21-100)
265,0.9171059,0.08289409,0,178,4) very common (100+)
266,0.6376362,0.36236382,0,261,4) very common (100+)
267,0.8611616,0.13883841,0,105,4) very common (100+)
268,0.401133,0.598867,0,5,1) very rare (1-5)
269,0.71547985,0.28452015,0,2,1) very rare (1-5)
270,0.07286541,0.9271346,1,0,1) very rare (1-5)
271,0.042691495,0.95730853,1,6,2) rare (6-20)
272,0.584936,0.41506398,0,19,2) rare (6-20)
273,0.49453363,0.50546634,1,0,1) very rare (1-5)
274,0.53674304,0.46325696,1,3,1) very rare (1-5)
275,0.73558813,0.26441187,0,372,4) very common (100+)
276,0.61408347,0.38591653,0,2,1) very rare (1-5)
277,0.8373358,0.16266418,0,1070,4) very common (100+)
278,0.07669929,0.92330074,1,58,3) common (21-100)
279,0.23476623,0.76523376,1,372,4) very common (100+)
280,0.9242081,0.075791895,0,1290,4) very common (100+)
281,0.36319083,0.6368092,1,0,1) very rare (1-5)
282,0.032918543,0.9670814,1,4,1) very rare (1-5)
283,0.6373371,0.3626629,1,58,3) common (21-100)
284,0.28776675,0.71223325,1,5,1) very rare (1-5)
285,0.7293622,0.2706378,1,66,3) common (21-100)
286,0.9523288,0.0476712,0,52,3) common (21-100)
287,0.5355726,0.4644274,1,178,4) very common (100+)
288,0.8422251,0.15777493,0,5,1) very rare (1-5)
289,0.8382003,0.16179973,0,29,3) common (21-100)
290,0.7524878,0.24751222,0,1290,4) very common (100+)
291,0.44766858,0.55233145,1,7,2) rare (6-20)
292,0.96101844,0.038981557,0,105,4) very common (100+)
293,0.7122764,0.2877236,0,24,3) common (21-100)
294,0.9404259,0.059574127,0,94,3) common (21-100)
295,0.9681047,0.03189528,1,0,1) very rare (1-5)
296,0.6963627,0.30363733,1,2,1) very rare (1-5)
297,0.37672764,0.62327236,0,23,3) common (21-100)
298,0.82422817,0.17577183,0,1070,4) very common (100+)
299,0.4726594,0.5273406,0,79,3) common (21-100)
300,0.14917229,0.8508277,1,0,1) very rare (1-5)
301,0.10369864,0.8963014,1,5,1) very rare (1-5)
302,0.26184434,0.73815566,1,134,4) very common (100+)
303,0.25986436,0.74013567,0,700,4) very common (100+)
304,0.07101173,0.9289883,1,0,1) very rare (1-5)
305,0.029083403,0.97091657,1,1,1) very rare (1-5)
306,0.43674853,0.5632515,0,6,2) rare (6-20)
307,0.066929184,0.93307084,1,0,1) very rare (1-5)
308,0.26179698,0.73820305,0,13,2) rare (6-20)
309,0.6468717,0.3531283,1,1,1) very rare (1-5)
310,0.8342008,0.1657992,0,11,2) rare (6-20)
311,0.80384374,0.19615626,0,1,1) very rare (1-5)
312,0.14798667,0.85201335,1,107,4) very common (100+)
313,0.28116554,0.71883446,1,28,3) common (21-100)
314,0.80908775,0.19091225,0,99,3) common (21-100)
315,0.98157275,0.018427253,1,5,1) very rare (1-5)
316,0.80928606,0.19071394,0,4,1) very rare (1-5)
317,0.28563043,0.71436954,1,0,1) very rare (1-5)
318,0.40272358,0.59727645,1,23,3) common (21-100)
319,0.8410243,0.15897572,0,6,2) rare (6-20)
320,0.36472347,0.63527656,1,268,4) very common (100+)
321,0.6953716,0.30462837,0,76,3) common (21-100)
322,0.903373,0.096627,0,12,2) rare (6-20)
323,0.29085955,0.7091404,1,79,3) common (21-100)
324,0.47184062,0.5281594,0,6,2) rare (6-20)
325,0.6511794,0.34882063,1,105,4) very common (100+)
326,0.98435324,0.015646756,0,182,4) very common (100+)
327,0.570413,0.429587,0,106,4) very common (100+)
328,0.080587395,0.9194126,0,274,4) very common (100+)
329,0.32312596,0.67687404,1,39,3) common (21-100)
330,0.33996186,0.6600381,1,268,4) very common (100+)
331,0.8310998,0.16890019,0,1290,4) very common (100+)
332,0.81935966,0.18064034,0,10,2) rare (6-20)
333,0.6935828,0.30641723,0,106,4) very common (100+)
334,0.13089055,0.86910945,0,2,1) very rare (1-5)
335,0.75016934,0.24983066,0,4,1) very rare (1-5)
336,0.19266406,0.807336,1,1,1) very rare (1-5)
337,0.72873855,0.27126145,0,14,2) rare (6-20)
338,0.92216533,0.077834666,1,0,1) very rare (1-5)
339,0.09458651,0.9054135,1,3,1) very rare (1-5)
340,0.41778278,0.5822172,1,1070,4) very common (100+)
341,0.9198724,0.0801276,0,1290,4) very common (100+)
342,0.7642599,0.23574013,1,38,3) common (21-100)
343,0.9038516,0.09614837,1,23,3) common (21-100)
344,0.7722047,0.2277953,0,372,4) very common (100+)
345,0.2536434,0.7463566,0,1,1) very rare (1-5)
346,0.56211483,0.43788517,0,700,4) very common (100+)
347,0.8230979,0.17690212,0,121,4) very common (100+)
348,0.15420981,0.8457902,1,58,3) common (21-100)
349,0.884189,0.11581099,0,3,1) very rare (1-5)
350,0.8156177,0.18438232,1,268,4) very common (100+)
351,0.7210785,0.27892148,0,13,2) rare (6-20)
352,0.19517908,0.8048209,1,0,1) very rare (1-5)
353,0.97784823,0.022151768,0,85,3) common (21-100)
354,0.32166523,0.6783348,0,2,1) very rare (1-5)
355,0.10607223,0.89392775,1,0,1) very rare (1-5)
356,0.6655219,0.33447808,1,49,3) common (21-100)
357,0.73161364,0.26838636,0,700,4) very common (100+)
358,0.8401113,0.15988868,0,46,3) common (21-100)
359,0.80139554,0.19860446,1,1,1) very rare (1-5)
360,0.16308314,0.83691686,0,23,3) common (21-100)
361,0.5810537,0.41894633,1,81,3) common (21-100)
362,0.9091272,0.090872824,0,1070,4) very common (100+)
363,0.42248756,0.57751244,0,108,4) very common (100+)
364,0.56203985,0.43796015,0,1290,4) very common (100+)
365,0.5462105,0.45378947,1,58,3) common (21-100)
366,0.21763085,0.78236914,1,4,1) very rare (1-5)
367,0.31234315,0.6876569,0,145,4) very common (100+)
368,0.49895707,0.50104296,0,1290,4) very common (100+)
369,0.022207765,0.97779226,1,0,1) very rare (1-5)
370,0.7744604,0.22553962,1,16,2) rare (6-20)
371,0.15490153,0.8450985,1,1,1) very rare (1-5)
372,0.47976112,0.5202389,1,1290,4) very common (100+)
373,0.76607484,0.23392516,0,166,4) very common (100+)
374,0.45339975,0.5466002,1,1070,4) very common (100+)
375,0.30397773,0.6960223,1,1,1) very rare (1-5)
376,0.832679,0.16732103,0,74,3) common (21-100)
377,0.9296381,0.07036191,0,142,4) very common (100+)
378,0.9345966,0.0654034,1,99,3) common (21-100)
379,0.2640267,0.7359733,1,24,3) common (21-100)
380,0.07824018,0.92175984,0,12,2) rare (6-20)
381,0.0636039,0.9363961,0,6,2) rare (6-20)
382,0.25950882,0.74049115,1,166,4) very common (100+)
383,0.13556121,0.8644388,0,3,1) very rare (1-5)
384,0.54315794,0.45684206,0,166,4) very common (100+)
385,0.8393314,0.16066861,1,17,2) rare (6-20)
386,0.22917792,0.77082205,0,421,4) very common (100+)
387,0.33971894,0.66028106,1,3,1) very rare (1-5)
388,0.4200063,0.5799937,1,3,1) very rare (1-5)
389,0.6781215,0.3218785,0,160,4) very common (100+)
390,0.034772713,0.9652273,1,0,1) very rare (1-5)
391,0.7125366,0.28746343,0,78,3) common (21-100)
392,0.061659187,0.9383408,1,0,1) very rare (1-5)
393,0.8700693,0.12993068,1,275,4) very common (100+)
394,0.7062076,0.29379243,1,118,4) very common (100+)
395,0.06962323,0.93037677,0,0,1) very rare (1-5)
396,0.35609967,0.64390033,0,1,1) very rare (1-5)
397,0.737553,0.262447,0,142,4) very common (100+)
398,0.34285128,0.6571487,1,0,1) very rare (1-5)
399,0.1010868,0.8989132,0,36,3) common (21-100)
400,0.74359435,0.25640565,0,372,4) very common (100+)
401,0.80287683,0.19712317,0,55,3) common (21-100)
402,0.5960213,0.4039787,1,3,1) very rare (1-5)
403,0.9849369,0.015063107,0,78,3) common (21-100)
404,0.57462245,0.42537755,0,700,4) very common (100+)
405,0.51248235,0.48751765,1,70,3) common (21-100)
406,0.97849256,0.021507442,0,421,4) very common (100+)
407,0.40031078,0.59968925,0,107,4) very common (100+)
408,0.6031152,0.3968848,1,96,3) common (21-100)
409,0.3594023,0.6405977,0,237,4) very common (100+)
410,0.51861024,0.48138976,0,124,4) very common (100+)
411,0.28320247,0.71679753,1,39,3) common (21-100)
412,0.19196981,0.8080302,0,2,1) very rare (1-5)
413,0.17381439,0.8261856,1,237,4) very common (100+)
414,0.03566764,0.96433234,1,2,1) very rare (1-5)
415,0.9765078,0.023492217,0,159,4) very common (100+)
416,0.46765858,0.5323414,0,39,3) common (21-100)
417,0.65761936,0.34238064,0,1290,4) very common (100+)
418,0.7500986,0.24990141,1,6,2) rare (6-20)
419,0.88886017,0.111139834,0,124,4) very common (100+)
420,0.25350094,0.74649906,1,49,3) common (21-100)
421,0.018960558,0.98103946,1,0,1) very rare (1-5)
422,0.18511298,0.81488705,0,2,1) very rare (1-5)
423,0.23908153,0.7609185,1,118,4) very common (100+)
424,0.4911149,0.5088851,0,18,2) rare (6-20)
425,0.48172125,0.5182787,1,4,1) very rare (1-5)
426,0.19325057,0.80674946,0,66,3) common (21-100)
427,0.4174513,0.58254874,1,0,1) very rare (1-5)
428,0.18932284,0.8106772,1,32,3) common (21-100)
429,0.39014655,0.60985345,0,343,4) very common (100+)
430,0.7805825,0.21941751,1,41,3) common (21-100)
431,0.94852287,0.051477134,0,1290,4) very common (100+)
432,0.23653218,0.7634678,1,58,3) common (21-100)
433,0.39092773,0.60907227,1,2,1) very rare (1-5)
434,0.858901,0.14109898,1,70,3) common (21-100)
435,0.20334932,0.79665065,1,2,1) very rare (1-5)
436,0.38994178,0.6100582,1,1,1) very rare (1-5)
437,0.093366854,0.90663314,1,0,1) very rare (1-5)
438,0.18549375,0.81450623,1,24,3) common (21-100)
439,0.8752288,0.12477118,1,42,3) common (21-100)
440,0.68849635,0.31150365,0,372,4) very common (100+)
441,0.66458154,0.33541846,1,0,1) very rare (1-5)
442,0.43018356,0.56981647,0,1070,4) very common (100+)
443,0.724909,0.275091,0,237,4) very common (100+)
444,0.17554112,0.8244589,0,0,1) very rare (1-5)
445,0.10831677,0.8916832,0,3,1) very rare (1-5)
446,0.9781155,0.021884501,0,1290,4) very common (100+)
447,0.97505194,0.02494806,1,12,2) rare (6-20)
448,0.7635454,0.2364546,0,105,4) very common (100+)
449,0.89181364,0.108186364,0,86,3) common (21-100)
450,0.8492286,0.15077138,0,47,3) common (21-100)
451,0.46981165,0.5301883,1,123,4) very common (100+)
452,0.44211295,0.5578871,1,49,3) common (21-100)
453,0.9111212,0.08887881,0,12,2) rare (6-20)
454,0.03605413,0.96394587,0,8,2) rare (6-20)
455,0.23470323,0.76529676,1,0,1) very rare (1-5)
456,0.2830952,0.71690476,0,7,2) rare (6-20)
457,0.12266494,0.8773351,0,5,1) very rare (1-5)
458,0.83587104,0.16412896,0,211,4) very common (100+)
459,0.60045916,0.39954084,0,20,2) rare (6-20)
460,0.06920124,0.93079877,1,0,1) very rare (1-5)
461,0.5636785,0.4363215,0,700,4) very common (100+)
462,0.3244791,0.6755209,1,1,1) very rare (1-5)
463,0.7987611,0.20123887,0,5,1) very rare (1-5)
464,0.9565405,0.043459475,0,1290,4) very common (100+)
465,0.16815792,0.83184206,1,0,1) very rare (1-5)
466,0.73039865,0.26960135,0,42,3) common (21-100)
467,0.057336226,0.9426638,1,4,1) very rare (1-5)
468,0.99570245,0.0042975545,0,211,4) very common (100+)
469,0.11442415,0.88557583,0,0,1) very rare (1-5)
470,0.82725346,0.17274654,0,700,4) very common (100+)
471,0.6838868,0.31611317,1,34,3) common (21-100)
472,0.8267357,0.17326432,0,223,4) very common (100+)
473,0.50781053,0.49218947,1,0,1) very rare (1-5)
474,0.050581817,0.9494182,1,0,1) very rare (1-5)
475,0.37876898,0.621231,1,47,3) common (21-100)
476,0.29916793,0.70083207,0,8,2) rare (6-20)
477,0.27967682,0.7203232,0,0,1) very rare (1-5)
478,0.28175324,0.71824676,1,13,2) rare (6-20)
479,0.22773442,0.77226555,1,0,1) very rare (1-5)
480,0.78374195,0.21625805,1,274,4) very common (100+)
481,0.4089256,0.5910744,1,0,1) very rare (1-5)
482,0.5952989,0.4047011,1,0,1) very rare (1-5)
483,0.27665645,0.72334355,1,70,3) common (21-100)
484,0.08278889,0.9172111,1,10,2) rare (6-20)
485,0.62531924,0.37468076,1,0,1) very rare (1-5)
486,0.23001656,0.7699834,1,58,3) common (21-100)
487,0.16935818,0.8306418,1,19,2) rare (6-20)
488,0.64612484,0.35387516,1,1,1) very rare (1-5)
489,0.2874551,0.7125449,1,6,2) rare (6-20)
490,0.5490146,0.45098537,0,1070,4) very common (100+)
491,0.14417008,0.85582995,1,2,1) very rare (1-5)
492,0.9198637,0.0801363,0,1290,4) very common (100+)
493,0.96906203,0.03093797,0,142,4) very common (100+)
494,0.5325032,0.4674968,0,14,2) rare (6-20)
495,0.60311174,0.39688826,0,275,4) very common (100+)
496,0.22240451,0.7775955,0,23,3) common (21-100)
497,0.8799497,0.12005031,0,12,2) rare (6-20)
498,0.09986653,0.9001335,1,0,1) very rare (1-5)
499,0.31051132,0.68948865,0,37,3) common (21-100)
500,0.17869332,0.8213067,1,0,1) very rare (1-5)
501,0.48508152,0.51491845,1,0,1) very rare (1-5)
502,0.20971839,0.7902816,1,0,1) very rare (1-5)
503,0.3821439,0.6178561,0,1,1) very rare (1-5)
504,0.11024809,0.8897519,1,0,1) very rare (1-5)
505,0.36514372,0.6348563,1,0,1) very rare (1-5)
506,0.24941061,0.7505894,1,10,2) rare (6-20)
507,0.48442325,0.5155767,0,1290,4) very common (100+)
508,0.5583108,0.4416892,1,15,2) rare (6-20)
509,0.7010693,0.2989307,1,4,1) very rare (1-5)
510,0.3150772,0.6849228,1,76,3) common (21-100)
511,0.35347635,0.64652365,1,11,2) rare (6-20)
512,0.44466853,0.55533147,0,105,4) very common (100+)
513,0.88389724,0.116102755,1,62,3) common (21-100)
514,0.8287815,0.17121851,0,1290,4) very common (100+)
515,0.02210724,0.97789276,1,4,1) very rare (1-5)
516,0.36381128,0.63618875,1,36,3) common (21-100)
517,0.4769513,0.5230487,1,1,1) very rare (1-5)
518,0.3876292,0.6123708,1,6,2) rare (6-20)
519,0.51632106,0.48367894,0,46,3) common (21-100)
520,0.893086,0.106913984,0,5,1) very rare (1-5)
521,0.8985305,0.10146952,1,0,1) very rare (1-5)
522,0.2647932,0.73520684,1,0,1) very rare (1-5)
523,0.18068515,0.81931484,1,18,2) rare (6-20)
524,0.8167641,0.18323588,1,1,1) very rare (1-5)
525,0.3429102,0.6570898,1,23,3) common (21-100)
526,0.32469058,0.6753094,1,4,1) very rare (1-5)
527,0.48453993,0.5154601,1,0,1) very rare (1-5)
528,0.6385413,0.36145872,1,2,1) very rare (1-5)
529,0.20429526,0.7957047,0,14,2) rare (6-20)
530,0.6274957,0.3725043,0,56,3) common (21-100)
531,0.7306664,0.2693336,1,2,1) very rare (1-5)
532,0.51141995,0.48858005,0,96,3) common (21-100)
533,0.27688056,0.72311944,1,2,1) very rare (1-5)
534,0.17625196,0.82374805,1,41,3) common (21-100)
535,0.61387604,0.38612396,1,62,3) common (21-100)
536,0.03495078,0.9650492,1,4,1) very rare (1-5)
537,0.6431388,0.35686117,1,1070,4) very common (100+)
538,0.36698142,0.6330186,0,36,3) common (21-100)
539,0.9734501,0.026549876,0,3,1) very rare (1-5)
540,0.19222577,0.80777425,1,372,4) very common (100+)
541,0.34045312,0.65954685,0,8,2) rare (6-20)
542,0.01978687,0.9802131,1,0,1) very rare (1-5)
543,0.6693878,0.33061218,1,21,3) common (21-100)
544,0.5388278,0.46117222,0,19,2) rare (6-20)
545,0.53130835,0.46869165,0,19,2) rare (6-20)
546,0.70704514,0.29295486,0,28,3) common (21-100)
547,0.5993232,0.4006768,0,372,4) very common (100+)
548,0.101744294,0.8982557,1,0,1) very rare (1-5)
549,0.09073728,0.9092627,1,62,3) common (21-100)
550,0.841823,0.15817702,0,105,4) very common (100+)
551,0.23301451,0.7669855,1,0,1) very rare (1-5)
552,0.4017001,0.59829986,0,6,2) rare (6-20)
553,0.48527375,0.5147263,0,2,1) very rare (1-5)
554,0.3293974,0.67060256,0,5,1) very rare (1-5)
555,0.22081858,0.7791814,0,5,1) very rare (1-5)
556,0.46522394,0.5347761,1,49,3) common (21-100)
557,0.8314026,0.1685974,1,9,2) rare (6-20)
558,0.2568637,0.7431363,0,28,3) common (21-100)
559,0.8969516,0.103048384,0,26,3) common (21-100)
560,0.6241169,0.3758831,0,15,2) rare (6-20)
561,0.67012286,0.32987714,0,106,4) very common (100+)
562,0.27733248,0.7226675,1,2,1) very rare (1-5)
563,0.41806486,0.58193517,1,0,1) very rare (1-5)
564,0.29739425,0.7026057,1,20,2) rare (6-20)
565,0.1286316,0.8713684,1,1,1) very rare (1-5)
566,0.5884177,0.4115823,1,12,2) rare (6-20)
567,0.08119321,0.9188068,0,107,4) very common (100+)
568,0.49971637,0.5002836,1,124,4) very common (100+)
569,0.8501041,0.1498959,0,7,2) rare (6-20)
570,0.17417537,0.8258246,1,5,1) very rare (1-5)
571,0.82053286,0.17946714,0,237,4) very common (100+)
572,0.08191028,0.91808975,0,1,1) very rare (1-5)
573,0.12688752,0.8731125,1,16,2) rare (6-20)
574,0.7540577,0.2459423,0,1,1) very rare (1-5)
575,0.34877163,0.65122837,1,1290,4) very common (100+)
576,0.64749724,0.35250276,1,700,4) very common (100+)
577,0.34024686,0.65975314,0,5,1) very rare (1-5)
578,0.5904941,0.4095059,0,14,2) rare (6-20)
579,0.12949681,0.8705032,0,178,4) very common (100+)
580,0.029992439,0.97000754,1,372,4) very common (100+)
581,0.6246421,0.37535793,0,3,1) very rare (1-5)
582,0.3797124,0.6202876,0,70,3) common (21-100)
583,0.08277596,0.91722405,1,6,2) rare (6-20)
584,0.20665471,0.7933453,0,223,4) very common (100+)
585,0.54412764,0.45587236,0,1290,4) very common (100+)
586,0.45143095,0.5485691,0,62,3) common (21-100)
587,0.6316744,0.3683256,0,421,4) very common (100+)
588,0.07453397,0.92546606,0,159,4) very common (100+)
589,0.96899766,0.031002343,0,1000,4) very common (100+)
590,0.282603,0.717397,1,7,2) rare (6-20)
591,0.061477948,0.93852204,1,3,1) very rare (1-5)
592,0.8574203,0.14257967,0,237,4) very common (100+)
593,0.8590773,0.14092273,0,34,3) common (21-100)
594,0.96554905,0.03445095,0,47,3) common (21-100)
595,0.2184999,0.7815001,1,10,2) rare (6-20)
596,0.5387854,0.4612146,0,3,1) very rare (1-5)
597,0.9650509,0.034949124,0,274,4) very common (100+)
598,0.24392176,0.75607824,1,2,1) very rare (1-5)
599,0.5399369,0.4600631,0,21,3) common (21-100)
600,0.6343719,0.36562812,1,17,2) rare (6-20)
601,0.08797464,0.91202533,1,1,1) very rare (1-5)
602,0.65485716,0.34514284,1,78,3) common (21-100)
603,0.50445133,0.49554867,1,78,3) common (21-100)
604,0.8119907,0.18800932,0,105,4) very common (100+)
605,0.9354393,0.06456071,0,10,2) rare (6-20)
606,0.666447,0.33355302,1,3,1) very rare (1-5)
607,0.50082034,0.49917966,0,79,3) common (21-100)
608,0.59891194,0.40108806,0,275,4) very common (100+)
609,0.2413756,0.75862443,0,12,2) rare (6-20)
610,0.2550619,0.74493814,1,124,4) very common (100+)
611,0.87978387,0.12021613,0,1,1) very rare (1-5)
612,0.41394803,0.58605194,1,25,3) common (21-100)
613,0.2595312,0.7404688,1,1,1) very rare (1-5)
614,0.34884158,0.65115845,1,5,1) very rare (1-5)
615,0.22056712,0.7794329,1,142,4) very common (100+)
616,0.036944896,0.96305513,1,0,1) very rare (1-5)
617,0.40417033,0.59582967,1,76,3) common (21-100)
618,0.36361232,0.6363877,0,159,4) very common (100+)
619,0.5922078,0.4077922,0,106,4) very common (100+)
620,0.65190166,0.34809834,0,5,1) very rare (1-5)
621,0.26214704,0.73785293,0,14,2) rare (6-20)
622,0.015604988,0.984395,1,0,1) very rare (1-5)
623,0.07529424,0.92470574,1,10,2) rare (6-20)
624,0.1250776,0.8749224,1,5,1) very rare (1-5)
625,0.083662696,0.9163373,0,86,3) common (21-100)
626,0.009790271,0.99020976,1,79,3) common (21-100)
627,0.28945678,0.7105432,1,8,2) rare (6-20)
628,0.6647201,0.33527988,1,38,3) common (21-100)
629,0.4444499,0.5555501,0,6,2) rare (6-20)
630,0.13363822,0.8663618,1,1,1) very rare (1-5)
631,0.19749048,0.80250955,1,3,1) very rare (1-5)
632,0.9321382,0.067861795,0,12,2) rare (6-20)
633,0.21007203,0.78992796,0,9,2) rare (6-20)
634,0.20022865,0.79977137,1,0,1) very rare (1-5)
635,0.5424987,0.4575013,1,2,1) very rare (1-5)
636,0.9105993,0.08940071,0,23,3) common (21-100)
637,0.16931303,0.830687,1,0,1) very rare (1-5)
638,0.14765204,0.85234797,1,0,1) very rare (1-5)
639,0.17357393,0.8264261,0,2,1) very rare (1-5)
640,0.46917868,0.5308213,0,82,3) common (21-100)
641,0.40497842,0.5950216,0,2,1) very rare (1-5)
642,0.14401245,0.85598755,1,0,1) very rare (1-5)
643,0.5074398,0.4925602,1,1,1) very rare (1-5)
644,0.27207774,0.72792226,1,94,3) common (21-100)
645,0.74252635,0.25747365,0,2,1) very rare (1-5)
646,0.58471346,0.41528654,0,22,3) common (21-100)
647,0.08718763,0.91281235,0,4,1) very rare (1-5)
648,0.35883108,0.64116895,1,85,3) common (21-100)
649,0.4276528,0.57234716,0,13,2) rare (6-20)
650,0.3954336,0.6045664,0,15,2) rare (6-20)
651,0.14465334,0.8553467,1,1,1) very rare (1-5)
652,0.634253,0.36574697,1,1,1) very rare (1-5)
653,0.19324455,0.8067554,0,9,2) rare (6-20)
654,0.20342855,0.79657143,1,0,1) very rare (1-5)
655,0.02444306,0.97555697,1,0,1) very rare (1-5)
656,0.7500665,0.24993348,1,8,2) rare (6-20)
657,0.56830144,0.43169856,1,268,4) very common (100+)
658,0.4768885,0.52311146,1,18,2) rare (6-20)
659,0.10784836,0.89215165,1,0,1) very rare (1-5)
660,0.34213716,0.65786284,1,6,2) rare (6-20)
661,0.03402855,0.96597147,1,275,4) very common (100+)
662,0.29342535,0.7065747,1,8,2) rare (6-20)
663,0.5605757,0.43942428,0,0,1) very rare (1-5)
664,0.26137316,0.73862684,0,5,1) very rare (1-5)
665,0.5071816,0.49281842,1,0,1) very rare (1-5)
666,0.715245,0.284755,0,100,3) common (21-100)
667,0.7787184,0.22128159,1,1,1) very rare (1-5)
668,0.89636415,0.10363585,0,118,4) very common (100+)
669,0.39890832,0.6010917,0,106,4) very common (100+)
670,0.06970189,0.9302981,1,0,1) very rare (1-5)
671,0.4966165,0.5033835,0,19,2) rare (6-20)
672,0.37880877,0.62119126,1,3,1) very rare (1-5)
673,0.66396534,0.33603466,0,1070,4) very common (100+)
674,0.56475496,0.43524504,0,0,1) very rare (1-5)
675,0.29907984,0.70092016,1,28,3) common (21-100)
676,0.2857604,0.7142396,0,5,1) very rare (1-5)
677,0.1939477,0.8060523,1,0,1) very rare (1-5)
678,0.4095848,0.59041524,1,1290,4) very common (100+)
679,0.58586115,0.41413885,0,1000,4) very common (100+)
680,0.20250762,0.7974924,1,7,2) rare (6-20)
681,0.12122847,0.87877154,1,0,1) very rare (1-5)
682,0.15244462,0.8475554,1,2,1) very rare (1-5)
683,0.8432756,0.1567244,0,421,4) very common (100+)
684,0.15699194,0.84300804,1,0,1) very rare (1-5)
685,0.7486812,0.2513188,0,89,3) common (21-100)
686,0.0635708,0.9364292,1,0,1) very rare (1-5)
687,0.31057122,0.6894288,1,1,1) very rare (1-5)
688,0.85599124,0.14400876,1,0,1) very rare (1-5)
689,0.08669723,0.9133028,1,2,1) very rare (1-5)
690,0.118151724,0.8818483,1,0,1) very rare (1-5)
691,0.64316916,0.35683084,1,13,2) rare (6-20)
692,0.82811123,0.17188877,0,106,4) very common (100+)
693,0.16101189,0.8389881,0,7,2) rare (6-20)
694,0.42939556,0.57060444,1,28,3) common (21-100)
695,0.23591223,0.7640878,0,7,2) rare (6-20)
696,0.2691,0.7309,1,70,3) common (21-100)
697,0.11649825,0.88350177,0,7,2) rare (6-20)
698,0.8098749,0.19012511,0,82,3) common (21-100)
699,0.6303066,0.3696934,0,7,2) rare (6-20)
700,0.5625667,0.4374333,0,5,1) very rare (1-5)
701,0.56727093,0.43272907,1,107,4) very common (100+)
702,0.13906413,0.86093587,1,7,2) rare (6-20)
703,0.3716294,0.62837064,0,1,1) very rare (1-5)
704,0.4611933,0.5388067,0,7,2) rare (6-20)
705,0.7455048,0.2544952,1,372,4) very common (100+)
706,0.0351248,0.9648752,1,0,1) very rare (1-5)
707,0.16055042,0.8394496,1,2,1) very rare (1-5)
708,0.22835286,0.77164716,1,20,2) rare (6-20)
709,0.8761641,0.12383592,0,261,4) very common (100+)
710,0.46126282,0.5387372,1,0,1) very rare (1-5)
711,0.1295282,0.87047184,1,3,1) very rare (1-5)
712,0.25864953,0.7413505,0,3,1) very rare (1-5)
713,0.23752616,0.7624738,0,96,3) common (21-100)
714,0.31578556,0.6842145,1,66,3) common (21-100)
715,0.23281258,0.7671874,1,44,3) common (21-100)
716,0.24810939,0.7518906,1,268,4) very common (100+)
717,0.73506826,0.26493174,1,1290,4) very common (100+)
718,0.6080693,0.3919307,0,6,2) rare (6-20)
719,0.3505173,0.6494827,0,4,1) very rare (1-5)
720,0.7013672,0.2986328,0,12,2) rare (6-20)
721,0.28959915,0.7104008,0,4,1) very rare (1-5)
722,0.6212961,0.3787039,1,111,4) very common (100+)
723,0.8715334,0.1284666,0,1070,4) very common (100+)
724,0.64759594,0.35240406,0,15,2) rare (6-20)
725,0.17550953,0.8244905,0,1,1) very rare (1-5)
726,0.19771399,0.802286,0,275,4) very common (100+)
727,0.3287339,0.6712661,0,1,1) very rare (1-5)
728,0.045235045,0.95476496,1,0,1) very rare (1-5)
729,0.85589296,0.14410704,1,1070,4) very common (100+)
730,0.069428384,0.9305716,1,275,4) very common (100+)
731,0.4467788,0.5532212,0,142,4) very common (100+)
732,0.7309986,0.26900142,1,41,3) common (21-100)
733,0.02558832,0.97441167,1,0,1) very rare (1-5)
734,0.28672427,0.71327573,1,107,4) very common (100+)
735,0.109958045,0.89004195,0,6,2) rare (6-20)
736,0.3871726,0.6128274,1,1,1) very rare (1-5)
737,0.7598202,0.24017978,0,39,3) common (21-100)
738,0.07354317,0.9264568,1,1,1) very rare (1-5)
739,0.45751476,0.54248524,1,17,2) rare (6-20)
740,0.45780444,0.54219556,0,15,2) rare (6-20)
741,0.125971,0.874029,1,70,3) common (21-100)
742,0.87002575,0.12997425,0,1070,4) very common (100+)
743,0.06314973,0.93685025,1,0,1) very rare (1-5)
744,0.8020645,0.19793552,1,4,1) very rare (1-5)
745,0.90722716,0.09277284,0,60,3) common (21-100)
746,0.7004268,0.29957318,0,2,1) very rare (1-5)
747,0.38198772,0.6180123,1,4,1) very rare (1-5)
748,0.18905011,0.8109499,0,17,2) rare (6-20)
749,0.3792135,0.6207865,0,0,1) very rare (1-5)
750,0.6921191,0.30788088,1,0,1) very rare (1-5)
751,0.78880626,0.21119374,0,15,2) rare (6-20)
752,0.8815343,0.11846572,0,0,1) very rare (1-5)
753,0.8975055,0.10249448,0,1000,4) very common (100+)
754,0.5889974,0.41100258,0,20,2) rare (6-20)
755,0.8514915,0.14850849,0,12,2) rare (6-20)
756,0.71421224,0.28578776,0,237,4) very common (100+)
757,0.95632255,0.04367745,0,9,2) rare (6-20)
758,0.24169528,0.7583047,0,47,3) common (21-100)
759,0.3700912,0.6299088,1,10,2) rare (6-20)
760,0.8210897,0.17891032,0,421,4) very common (100+)
761,0.079875514,0.9201245,0,261,4) very common (100+)
762,0.117629014,0.882371,1,58,3) common (21-100)
763,0.8428068,0.15719318,1,1290,4) very common (100+)
764,0.52585393,0.47414607,0,102,4) very common (100+)
765,0.3051434,0.69485664,0,6,2) rare (6-20)
766,0.9803698,0.019630194,0,223,4) very common (100+)
767,0.026937006,0.973063,0,0,1) very rare (1-5)
768,0.772962,0.22703803,0,1070,4) very common (100+)
769,0.87026155,0.12973845,0,22,3) common (21-100)
770,0.9525008,0.04749918,0,94,3) common (21-100)
771,0.51802504,0.48197496,1,99,3) common (21-100)
772,0.23246834,0.76753163,1,23,3) common (21-100)
773,0.59418035,0.40581965,1,0,1) very rare (1-5)
774,0.22212285,0.77787715,1,81,3) common (21-100)
775,0.9676386,0.03236139,0,39,3) common (21-100)
776,0.1535044,0.8464956,0,1,1) very rare (1-5)
777,0.4735003,0.5264997,1,47,3) common (21-100)
778,0.13153408,0.8684659,0,0,1) very rare (1-5)
779,0.9107553,0.08924472,0,118,4) very common (100+)
780,0.7921976,0.20780241,0,4,1) very rare (1-5)
781,0.44109583,0.5589042,1,275,4) very common (100+)
782,0.76624185,0.23375815,1,0,1) very rare (1-5)
783,0.14065978,0.8593402,0,36,3) common (21-100)
784,0.1294449,0.8705551,0,40,3) common (21-100)
785,0.29809102,0.70190895,1,2,1) very rare (1-5)
786,0.8237996,0.17620039,1,19,2) rare (6-20)
787,0.40396327,0.59603673,0,1000,4) very common (100+)
788,0.47281426,0.52718574,0,90,3) common (21-100)
789,0.6727866,0.3272134,0,1290,4) very common (100+)
790,0.6363266,0.3636734,1,0,1) very rare (1-5)
791,0.68231535,0.31768465,0,1290,4) very common (100+)
792,0.11306878,0.88693124,1,0,1) very rare (1-5)
793,0.6497303,0.35026968,0,700,4) very common (100+)
794,0.9748756,0.025124371,0,44,3) common (21-100)
795,0.78593725,0.21406275,0,100,3) common (21-100)
796,0.46493694,0.535063,1,0,1) very rare (1-5)
797,0.06482993,0.93517005,1,0,1) very rare (1-5)
798,0.47250137,0.5274986,1,0,1) very rare (1-5)
799,0.26692995,0.73307,1,0,1) very rare (1-5)
800,0.05885695,0.94114304,1,372,4) very common (100+)
801,0.42351687,0.57648313,0,30,3) common (21-100)
802,0.9489465,0.051053524,0,421,4) very common (100+)
803,0.93901795,0.06098205,1,47,3) common (21-100)
804,0.6951787,0.3048213,1,66,3) common (21-100)
805,0.593249,0.40675098,0,15,2) rare (6-20)
806,0.71046066,0.28953934,0,14,2) rare (6-20)
807,0.83754194,0.16245806,0,5,1) very rare (1-5)
808,0.87468207,0.12531793,0,14,2) rare (6-20)
809,0.22585809,0.7741419,1,86,3) common (21-100)
810,0.049644295,0.9503557,1,0,1) very rare (1-5)
811,0.24653156,0.75346845,1,19,2) rare (6-20)
812,0.23314112,0.7668589,1,1,1) very rare (1-5)
813,0.9125686,0.08743137,0,108,4) very common (100+)
814,0.31940088,0.6805991,1,118,4) very common (100+)
815,0.5991238,0.40087622,0,41,3) common (21-100)
816,0.2113794,0.7886206,1,108,4) very common (100+)
817,0.97651696,0.023483038,1,0,1) very rare (1-5)
818,0.9879923,0.012007713,0,421,4) very common (100+)
819,0.33624318,0.66375685,0,13,2) rare (6-20)
820,0.27950794,0.72049206,1,1,1) very rare (1-5)
821,0.38032648,0.6196735,1,2,1) very rare (1-5)
822,0.8371603,0.16283971,1,275,4) very common (100+)
823,0.8107722,0.18922782,0,700,4) very common (100+)
824,0.18349867,0.8165013,1,0,1) very rare (1-5)
825,0.2518377,0.74816227,1,1,1) very rare (1-5)
826,0.69915843,0.30084157,0,1,1) very rare (1-5)
827,0.48874626,0.5112537,1,700,4) very common (100+)
828,0.7650875,0.23491251,0,1,1) very rare (1-5)
829,0.7322657,0.2677343,0,68,3) common (21-100)
830,0.4330597,0.5669403,1,11,2) rare (6-20)
831,0.040253103,0.9597469,1,18,2) rare (6-20)
832,0.3725011,0.62749887,0,1,1) very rare (1-5)
833,0.96706903,0.03293097,0,105,4) very common (100+)
834,0.9125425,0.08745748,0,15,2) rare (6-20)
835,0.10569248,0.8943075,0,1,1) very rare (1-5)
836,0.21444981,0.7855502,1,70,3) common (21-100)
837,0.8549498,0.14505023,0,1000,4) very common (100+)
838,0.25818348,0.7418165,1,3,1) very rare (1-5)
839,0.62078387,0.37921613,1,372,4) very common (100+)
840,0.94629604,0.053703964,0,142,4) very common (100+)
841,0.020347638,0.97965235,1,0,1) very rare (1-5)
842,0.9928076,0.0071923733,0,1000,4) very common (100+)
843,0.31970853,0.6802915,1,58,3) common (21-100)
844,0.73025995,0.26974005,0,70,3) common (21-100)
845,0.13353084,0.86646914,1,84,3) common (21-100)
846,0.78805166,0.21194834,0,100,3) common (21-100)
847,0.88451606,0.11548394,0,121,4) very common (100+)
848,0.2937763,0.7062237,1,0,1) very rare (1-5)
849,0.2003958,0.7996042,1,22,3) common (21-100)
850,0.7364084,0.2635916,0,182,4) very common (100+)
851,0.8288009,0.17119908,0,14,2) rare (6-20)
852,0.19047342,0.80952656,1,36,3) common (21-100)
853,0.6946917,0.30530828,1,1,1) very rare (1-5)
854,0.2155433,0.78445673,1,0,1) very rare (1-5)
855,0.69854164,0.30145836,0,100,3) common (21-100)
856,0.7931091,0.20689088,1,20,2) rare (6-20)
857,0.51338553,0.48661447,1,3,1) very rare (1-5)
858,0.18869233,0.81130767,1,17,2) rare (6-20)
859,0.1738153,0.8261847,1,4,1) very rare (1-5)
860,0.6911786,0.30882138,0,6,2) rare (6-20)
861,0.9701826,0.029817402,0,35,3) common (21-100)
862,0.62848216,0.37151784,0,1,1) very rare (1-5)
863,0.9533665,0.046633482,0,274,4) very common (100+)
864,0.77537876,0.22462124,0,121,4) very common (100+)
865,0.40187624,0.5981238,1,0,1) very rare (1-5)
866,0.11189988,0.88810015,1,0,1) very rare (1-5)
867,0.46394095,0.536059,0,7,2) rare (6-20)
868,0.89688295,0.10311705,0,700,4) very common (100+)
869,0.835129,0.16487098,0,79,3) common (21-100)
870,0.35549602,0.64450395,0,17,2) rare (6-20)
871,0.45013908,0.54986095,0,14,2) rare (6-20)
872,0.13188228,0.8681177,1,0,1) very rare (1-5)
873,0.9450218,0.05497819,0,24,3) common (21-100)
874,0.9612997,0.038700283,1,0,1) very rare (1-5)
875,0.092851326,0.90714866,1,0,1) very rare (1-5)
876,0.14203358,0.8579664,1,237,4) very common (100+)
877,0.59950095,0.40049905,0,21,3) common (21-100)
878,0.13493809,0.8650619,0,79,3) common (21-100)
879,0.49354815,0.50645185,1,0,1) very rare (1-5)
880,0.20389062,0.7961094,1,1,1) very rare (1-5)
881,0.38585162,0.6141484,1,36,3) common (21-100)
882,0.14124617,0.8587538,0,30,3) common (21-100)
883,0.22103006,0.77896994,1,343,4) very common (100+)
884,0.24136728,0.7586327,0,372,4) very common (100+)
885,0.19645002,0.80355,0,0,1) very rare (1-5)
886,0.066610225,0.9333898,1,4,1) very rare (1-5)
887,0.98937535,0.010624647,1,0,1) very rare (1-5)
888,0.15315713,0.8468429,1,8,2) rare (6-20)
889,0.97050256,0.029497445,0,78,3) common (21-100)
890,0.2768974,0.72310257,1,1,1) very rare (1-5)
891,0.9840269,0.015973091,0,89,3) common (21-100)
892,0.7694211,0.2305789,1,0,1) very rare (1-5)
893,0.39764735,0.6023526,1,372,4) very common (100+)
894,0.23347166,0.76652837,1,18,2) rare (6-20)
895,0.39976785,0.6002321,0,28,3) common (21-100)
896,0.28670976,0.7132902,1,71,3) common (21-100)
897,0.3573736,0.6426264,1,14,2) rare (6-20)
898,0.49531662,0.5046834,0,1,1) very rare (1-5)
899,0.062397327,0.9376027,0,0,1) very rare (1-5)
900,0.41560802,0.58439195,1,268,4) very common (100+)
901,0.7914169,0.20858312,1,4,1) very rare (1-5)
902,0.597154,0.40284598,0,2,1) very rare (1-5)
903,0.783582,0.21641803,0,1070,4) very common (100+)
904,0.1558897,0.8441103,0,7,2) rare (6-20)
905,0.011752989,0.98824704,1,275,4) very common (100+)
906,0.07127999,0.92872,1,17,2) rare (6-20)
907,0.77498704,0.22501296,1,63,3) common (21-100)
908,0.7142875,0.28571248,0,63,3) common (21-100)
909,0.2632627,0.7367373,0,1290,4) very common (100+)
910,0.18003494,0.81996506,0,13,2) rare (6-20)
911,0.8647121,0.13528788,0,17,2) rare (6-20)
912,0.4775661,0.5224339,0,1290,4) very common (100+)
913,0.6089093,0.3910907,0,2,1) very rare (1-5)
914,0.8507631,0.14923692,0,6,2) rare (6-20)
915,0.5734392,0.42656082,0,18,2) rare (6-20)
916,0.15598148,0.8440185,1,178,4) very common (100+)
917,0.29526815,0.7047318,1,0,1) very rare (1-5)
918,0.75119644,0.24880356,0,166,4) very common (100+)
919,0.8292706,0.1707294,0,1290,4) very common (100+)
920,0.7607545,0.23924547,0,82,3) common (21-100)
921,0.09153511,0.9084649,1,0,1) very rare (1-5)
922,0.9587523,0.041247725,0,1000,4) very common (100+)
923,0.37738013,0.62261987,0,105,4) very common (100+)
924,0.95665157,0.04334843,0,118,4) very common (100+)
925,0.40223247,0.59776753,1,23,3) common (21-100)
926,0.50171155,0.49828845,1,4,1) very rare (1-5)
927,0.87003773,0.12996227,0,4,1) very rare (1-5)
928,0.7727674,0.22723258,1,343,4) very common (100+)
929,0.2683199,0.7316801,0,2,1) very rare (1-5)
930,0.7104725,0.28952748,0,275,4) very common (100+)
931,0.43996263,0.5600374,0,20,2) rare (6-20)
932,0.24039102,0.759609,1,11,2) rare (6-20)
933,0.13320075,0.86679924,1,1,1) very rare (1-5)
934,0.25044206,0.749558,1,6,2) rare (6-20)
935,0.9298411,0.0701589,1,0,1) very rare (1-5)
936,0.96038055,0.039619446,0,18,2) rare (6-20)
937,0.35115418,0.6488458,1,13,2) rare (6-20)
938,0.8397949,0.16020513,0,1290,4) very common (100+)
939,0.045556795,0.9544432,1,0,1) very rare (1-5)
940,0.20571639,0.7942836,1,0,1) very rare (1-5)
941,0.09976531,0.9002347,0,1,1) very rare (1-5)
942,0.5910396,0.4089604,0,5,1) very rare (1-5)
943,0.49095112,0.5090489,0,28,3) common (21-100)
944,0.69504535,0.30495465,1,261,4) very common (100+)
945,0.68088907,0.31911093,0,178,4) very common (100+)
946,0.11009192,0.8899081,1,0,1) very rare (1-5)
947,0.30564407,0.69435596,1,6,2) rare (6-20)
948,0.02761369,0.9723863,1,0,1) very rare (1-5)
949,0.89431,0.10569,0,69,3) common (21-100)
950,0.14610782,0.8538922,0,0,1) very rare (1-5)
951,0.08580747,0.91419256,1,5,1) very rare (1-5)
952,0.71606666,0.28393334,0,223,4) very common (100+)
953,0.7875679,0.21243209,0,12,2) rare (6-20)
954,0.42299566,0.5770043,1,111,4) very common (100+)
955,0.2903598,0.7096402,1,159,4) very common (100+)
956,0.8024977,0.19750232,0,90,3) common (21-100)
957,0.4259563,0.5740437,1,44,3) common (21-100)
958,0.7180761,0.2819239,1,1,1) very rare (1-5)
959,0.23204005,0.76795995,0,14,2) rare (6-20)
960,0.15171759,0.8482824,1,0,1) very rare (1-5)
961,0.08293331,0.9170667,1,1,1) very rare (1-5)
962,0.44760284,0.55239713,1,0,1) very rare (1-5)
963,0.3466919,0.6533081,1,70,3) common (21-100)
964,0.10372339,0.8962766,1,8,2) rare (6-20)
965,0.750157,0.249843,0,1070,4) very common (100+)
966,0.89123183,0.108768165,1,96,3) common (21-100)
967,0.28256038,0.71743965,1,10,2) rare (6-20)
968,0.9478724,0.0521276,0,45,3) common (21-100)
969,0.24858883,0.7514112,1,105,4) very common (100+)
970,0.5277951,0.47220492,0,4,1) very rare (1-5)
971,0.8961982,0.10380179,1,20,2) rare (6-20)
972,0.09471684,0.90528315,0,68,3) common (21-100)
973,0.5762939,0.4237061,0,63,3) common (21-100)
974,0.5318166,0.4681834,0,46,3) common (21-100)
975,0.15568802,0.84431195,1,1,1) very rare (1-5)
976,0.4143013,0.5856987,1,0,1) very rare (1-5)
977,0.5481813,0.4518187,0,261,4) very common (100+)
978,0.8785953,0.12140471,1,2,1) very rare (1-5)
979,0.3735824,0.62641764,1,6,2) rare (6-20)
980,0.2876525,0.7123475,0,111,4) very common (100+)
981,0.5788633,0.42113668,1,18,2) rare (6-20)
982,0.95674837,0.043251634,0,1290,4) very common (100+)
983,0.373825,0.626175,1,1070,4) very common (100+)
984,0.806042,0.19395798,0,62,3) common (21-100)
985,0.08200196,0.917998,1,0,1) very rare (1-5)
986,0.2299086,0.7700914,1,142,4) very common (100+)
987,0.78502357,0.21497643,0,1290,4) very common (100+)
988,0.77798206,0.22201794,0,47,3) common (21-100)
989,0.9216024,0.07839757,1,76,3) common (21-100)
990,0.026633881,0.97336614,1,3,1) very rare (1-5)
991,0.42855477,0.5714452,1,0,1) very rare (1-5)
992,0.5732078,0.4267922,0,1070,4) very common (100+)
993,0.093864776,0.9061352,1,32,3) common (21-100)
994,0.15253541,0.84746456,1,1,1) very rare (1-5)
995,0.1397986,0.8602014,1,38,3) common (21-100)
996,0.13767795,0.86232203,1,0,1) very rare (1-5)
997,0.27982408,0.7201759,1,118,4) very common (100+)
998,0.89065874,0.109341264,0,62,3) common (21-100)
999,0.2608873,0.73911273,1,13,2) rare (6-20)
1000,0.37259585,0.62740415,0,2,1) very rare (1-5)
1001,0.40781245,0.5921875,0,0,1) very rare (1-5)
1002,0.081521265,0.9184787,0,7,2) rare (6-20)
1003,0.022155108,0.9778449,1,68,3) common (21-100)
1004,0.08844118,0.9115588,1,16,2) rare (6-20)
1005,0.2663512,0.7336488,0,5,1) very rare (1-5)
1006,0.027200002,0.9728,1,1,1) very rare (1-5)
1007,0.54487294,0.45512706,0,53,3) common (21-100)
1008,0.36292717,0.6370728,1,7,2) rare (6-20)
1009,0.96779233,0.032207668,0,421,4) very common (100+)
1010,0.96464676,0.035353243,0,24,3) common (21-100)
1011,0.18281665,0.8171834,0,0,1) very rare (1-5)
1012,0.515641,0.48435903,1,22,3) common (21-100)
1013,0.6128359,0.38716412,1,76,3) common (21-100)
1014,0.9857473,0.014252722,0,159,4) very common (100+)
1015,0.7256528,0.2743472,0,118,4) very common (100+)
1016,0.92360985,0.07639015,0,178,4) very common (100+)
1017,0.43115103,0.56884897,0,146,4) very common (100+)
1018,0.047645,0.952355,1,94,3) common (21-100)
1019,0.91701496,0.08298504,0,27,3) common (21-100)
1020,0.9027272,0.09727281,0,39,3) common (21-100)
1021,0.8803244,0.11967558,1,1,1) very rare (1-5)
1022,0.12032583,0.8796742,1,1,1) very rare (1-5)
1023,0.26595208,0.7340479,0,223,4) very common (100+)
1024,0.7192648,0.2807352,1,1,1) very rare (1-5)
1025,0.1648123,0.8351877,0,0,1) very rare (1-5)
1026,0.33898652,0.6610135,0,85,3) common (21-100)
1027,0.025715398,0.9742846,1,8,2) rare (6-20)
1028,0.06379801,0.936202,1,0,1) very rare (1-5)
1029,0.405181,0.594819,1,0,1) very rare (1-5)
1030,0.48861295,0.51138705,0,372,4) very common (100+)
1031,0.058768783,0.9412312,1,5,1) very rare (1-5)
1032,0.20650998,0.79349005,1,27,3) common (21-100)
1033,0.13417743,0.86582255,0,6,2) rare (6-20)
1034,0.3652367,0.6347633,1,1,1) very rare (1-5)
1035,0.37892845,0.6210716,1,3,1) very rare (1-5)
1036,0.47879827,0.5212017,1,5,1) very rare (1-5)
1037,0.42891398,0.57108605,0,134,4) very common (100+)
1038,0.5771668,0.4228332,0,107,4) very common (100+)
1039,0.2866825,0.7133175,0,5,1) very rare (1-5)
1040,0.568261,0.43173897,0,1070,4) very common (100+)
1041,0.8368585,0.16314149,1,105,4) very common (100+)
1042,0.22337686,0.77662313,1,20,2) rare (6-20)
1043,0.99536926,0.0046307445,0,89,3) common (21-100)
1044,0.35017845,0.6498215,1,3,1) very rare (1-5)
1045,0.4565094,0.5434906,1,70,3) common (21-100)
1046,0.2667214,0.73327863,1,66,3) common (21-100)
1047,0.11608198,0.88391805,1,24,3) common (21-100)
1048,0.51411474,0.48588526,1,0,1) very rare (1-5)
1049,0.7452742,0.2547258,1,42,3) common (21-100)
1050,0.5222124,0.4777876,0,1070,4) very common (100+)
1051,0.11523921,0.8847608,1,13,2) rare (6-20)
1052,0.45226946,0.54773057,0,700,4) very common (100+)
1053,0.5757337,0.42426628,1,75,3) common (21-100)
1054,0.46949348,0.5305065,1,4,1) very rare (1-5)
1055,0.4820482,0.5179518,1,10,2) rare (6-20)
1056,0.20286626,0.79713374,1,19,2) rare (6-20)
1057,0.4728309,0.5271691,0,42,3) common (21-100)
1058,0.09741395,0.90258604,1,23,3) common (21-100)
1059,0.8506658,0.14933419,0,0,1) very rare (1-5)
1060,0.34236082,0.65763915,1,0,1) very rare (1-5)
1061,0.8881859,0.11181408,0,1290,4) very common (100+)
1062,0.58179826,0.41820174,0,1070,4) very common (100+)
1063,0.07499605,0.92500395,0,3,1) very rare (1-5)
1064,0.23399363,0.76600635,0,16,2) rare (6-20)
1065,0.22104742,0.7789526,0,18,2) rare (6-20)
1066,0.8164477,0.18355232,0,1000,4) very common (100+)
1067,0.04764924,0.95235074,1,0,1) very rare (1-5)
1068,0.5229588,0.47704118,0,421,4) very common (100+)
1069,0.20515773,0.79484224,1,0,1) very rare (1-5)
1070,0.25227898,0.747721,1,3,1) very rare (1-5)
1071,0.33241338,0.6675866,0,105,4) very common (100+)
1072,0.85944223,0.14055777,1,91,3) common (21-100)
1073,0.556783,0.44321698,1,2,1) very rare (1-5)
1074,0.47541693,0.5245831,1,7,2) rare (6-20)
1075,0.2129966,0.7870034,1,1,1) very rare (1-5)
1076,0.72066176,0.27933824,1,20,2) rare (6-20)
1077,0.9092254,0.090774596,0,1290,4) very common (100+)
1078,0.77597725,0.22402275,0,22,3) common (21-100)
1079,0.61248684,0.38751316,1,3,1) very rare (1-5)
1080,0.12645277,0.8735472,0,0,1) very rare (1-5)
1081,0.25054756,0.7494525,0,2,1) very rare (1-5)
1082,0.7966571,0.20334291,0,1290,4) very common (100+)
1083,0.7642876,0.23571241,0,106,4) very common (100+)
1084,0.42483374,0.5751662,1,17,2) rare (6-20)
1085,0.21703306,0.782967,1,2,1) very rare (1-5)
1086,0.87322193,0.12677807,1,3,1) very rare (1-5)
1087,0.54845345,0.45154655,1,3,1) very rare (1-5)
1088,0.14902437,0.85097563,1,2,1) very rare (1-5)
1089,0.25058395,0.74941605,1,134,4) very common (100+)
1090,0.23194638,0.76805365,1,14,2) rare (6-20)
1091,0.30451903,0.69548094,0,1,1) very rare (1-5)
1092,0.47916475,0.5208353,0,0,1) very rare (1-5)
1093,0.9771004,0.022899628,0,11,2) rare (6-20)
1094,0.065368235,0.93463176,1,1,1) very rare (1-5)
1095,0.99128354,0.008716464,0,274,4) very common (100+)
1096,0.3783687,0.62163126,0,166,4) very common (100+)
1097,0.7682325,0.23176748,0,1290,4) very common (100+)
1098,0.9100753,0.08992469,0,7,2) rare (6-20)
1099,0.22067076,0.77932924,0,1,1) very rare (1-5)
1100,0.33732072,0.6626793,1,1,1) very rare (1-5)
1101,0.93755925,0.062440753,0,1000,4) very common (100+)
1102,0.5322184,0.4677816,0,1,1) very rare (1-5)
1103,0.4325074,0.5674926,0,81,3) common (21-100)
1104,0.23404188,0.76595813,0,105,4) very common (100+)
1105,0.7051829,0.2948171,0,237,4) very common (100+)
1106,0.52469945,0.47530055,0,4,1) very rare (1-5)
1107,0.50608337,0.49391663,1,62,3) common (21-100)
1108,0.37001252,0.6299875,1,0,1) very rare (1-5)
1109,0.9491468,0.050853193,0,84,3) common (21-100)
1110,0.1665504,0.8334496,0,81,3) common (21-100)
1111,0.6613867,0.33861327,0,1290,4) very common (100+)
1112,0.75768435,0.24231565,0,1290,4) very common (100+)
1113,0.6353949,0.36460513,0,700,4) very common (100+)
1114,0.038691495,0.9613085,1,0,1) very rare (1-5)
1115,0.16775976,0.8322402,1,8,2) rare (6-20)
1116,0.049732763,0.95026726,1,2,1) very rare (1-5)
1117,0.044343475,0.9556565,1,274,4) very common (100+)
1118,0.09242549,0.90757453,0,4,1) very rare (1-5)
1119,0.029399678,0.9706003,1,0,1) very rare (1-5)
1120,0.71104276,0.28895724,0,145,4) very common (100+)
1121,0.9826674,0.017332613,0,421,4) very common (100+)
1122,0.1506758,0.8493242,1,0,1) very rare (1-5)
1123,0.12896514,0.87103486,1,76,3) common (21-100)
1124,0.612777,0.387223,1,0,1) very rare (1-5)
1125,0.70656586,0.29343414,1,28,3) common (21-100)
1126,0.54377216,0.45622784,1,0,1) very rare (1-5)
1127,0.38282803,0.617172,1,39,3) common (21-100)
1128,0.64022106,0.35977894,1,1,1) very rare (1-5)
1129,0.6651669,0.3348331,0,21,3) common (21-100)
1130,0.026139837,0.97386014,1,6,2) rare (6-20)
1131,0.1092012,0.8907988,0,4,1) very rare (1-5)
1132,0.4999101,0.5000899,0,1,1) very rare (1-5)
1133,0.16868702,0.831313,1,36,3) common (21-100)
1134,0.75981814,0.24018186,0,1000,4) very common (100+)
1135,0.42903867,0.57096136,1,4,1) very rare (1-5)
1136,0.45161414,0.54838586,0,5,1) very rare (1-5)
1137,0.07369661,0.9263034,1,0,1) very rare (1-5)
1138,0.5640425,0.4359575,1,3,1) very rare (1-5)
1139,0.062781505,0.9372185,1,3,1) very rare (1-5)
1140,0.49764195,0.5023581,0,700,4) very common (100+)
1141,0.083194,0.916806,1,1,1) very rare (1-5)
1142,0.32617626,0.6738237,0,71,3) common (21-100)
1143,0.2090545,0.79094553,1,6,2) rare (6-20)
1144,0.07642254,0.9235774,0,8,2) rare (6-20)
1145,0.9702791,0.029720902,1,89,3) common (21-100)
1146,0.39873734,0.6012627,0,1290,4) very common (100+)
1147,0.44522542,0.5547746,1,54,3) common (21-100)
1148,0.29727256,0.70272744,0,22,3) common (21-100)
1149,0.8002279,0.19977212,1,3,1) very rare (1-5)
1150,0.093426004,0.906574,1,39,3) common (21-100)
1151,0.39334533,0.60665464,1,0,1) very rare (1-5)
1152,0.7412492,0.2587508,0,3,1) very rare (1-5)
1153,0.2553223,0.74467766,1,1,1) very rare (1-5)
1154,0.56742275,0.43257725,1,160,4) very common (100+)
1155,0.7670937,0.23290628,1,0,1) very rare (1-5)
1156,0.056011666,0.9439883,1,4,1) very rare (1-5)
1157,0.38249037,0.6175096,0,37,3) common (21-100)
1158,0.8882642,0.11173582,0,4,1) very rare (1-5)
1159,0.12754223,0.87245774,1,0,1) very rare (1-5)
1160,0.21454042,0.7854596,0,55,3) common (21-100)
1161,0.4941671,0.5058329,1,1070,4) very common (100+)
1162,0.96033657,0.039663434,0,421,4) very common (100+)
1163,0.60429513,0.39570487,0,700,4) very common (100+)
1164,0.28243914,0.7175609,0,237,4) very common (100+)
1165,0.47155395,0.5284461,1,142,4) very common (100+)
1166,0.722243,0.277757,1,76,3) common (21-100)
1167,0.9572862,0.04271382,0,89,3) common (21-100)
1168,0.081059575,0.9189404,1,1,1) very rare (1-5)
1169,0.23035921,0.7696408,1,1,1) very rare (1-5)
1170,0.40858197,0.591418,0,42,3) common (21-100)
1171,0.29408044,0.70591956,1,1,1) very rare (1-5)
1172,0.28772327,0.7122767,1,25,3) common (21-100)
1173,0.8815581,0.11844188,0,10,2) rare (6-20)
1174,0.87607414,0.123925865,1,105,4) very common (100+)
1175,0.537414,0.462586,0,17,2) rare (6-20)
1176,0.0904993,0.9095007,1,0,1) very rare (1-5)
1177,0.30448392,0.6955161,1,4,1) very rare (1-5)
1178,0.8216227,0.17837727,1,0,1) very rare (1-5)
1179,0.09808011,0.9019199,1,0,1) very rare (1-5)
1180,0.1753844,0.8246156,1,0,1) very rare (1-5)
1181,0.338566,0.661434,0,1290,4) very common (100+)
1182,0.57611704,0.42388296,1,11,2) rare (6-20)
1183,0.19036688,0.80963314,1,4,1) very rare (1-5)
1184,0.95831287,0.04168713,0,70,3) common (21-100)
1185,0.8089016,0.19109839,0,1290,4) very common (100+)
1186,0.62870127,0.37129873,0,275,4) very common (100+)
1187,0.5865386,0.4134614,1,78,3) common (21-100)
1188,0.86213356,0.13786644,0,142,4) very common (100+)
1189,0.40580592,0.59419405,1,1,1) very rare (1-5)
1190,0.83063376,0.16936624,1,1070,4) very common (100+)
1191,0.98008156,0.019918442,0,211,4) very common (100+)
1192,0.100537434,0.8994626,1,1,1) very rare (1-5)
1193,0.18975778,0.81024224,1,5,1) very rare (1-5)
1194,0.02024429,0.9797557,1,2,1) very rare (1-5)
1195,0.21812542,0.7818746,0,275,4) very common (100+)
1196,0.5331385,0.4668615,1,18,2) rare (6-20)
1197,0.034807157,0.96519285,1,3,1) very rare (1-5)
1198,0.17855832,0.82144165,1,24,3) common (21-100)
1199,0.21431556,0.78568447,1,0,1) very rare (1-5)
1200,0.8864788,0.11352122,1,142,4) very common (100+)
1201,0.36988363,0.63011634,1,86,3) common (21-100)
1202,0.23967195,0.76032805,1,0,1) very rare (1-5)
1203,0.024000766,0.97599924,1,92,3) common (21-100)
1204,0.40847367,0.5915263,1,0,1) very rare (1-5)
1205,0.12609771,0.8739023,1,1,1) very rare (1-5)
1206,0.22017825,0.77982175,1,160,4) very common (100+)
1207,0.65753394,0.34246606,0,69,3) common (21-100)
1208,0.47689745,0.5231025,1,1,1) very rare (1-5)
1209,0.080356166,0.9196438,1,0,1) very rare (1-5)
1210,0.5333299,0.4666701,1,1070,4) very common (100+)
1211,0.12375877,0.8762412,1,5,1) very rare (1-5)
1212,0.6550486,0.3449514,1,1,1) very rare (1-5)
1213,0.3892255,0.6107745,0,372,4) very common (100+)
1214,0.7485956,0.2514044,0,2,1) very rare (1-5)
1215,0.120573156,0.87942684,1,1,1) very rare (1-5)
1216,0.22217326,0.7778267,1,86,3) common (21-100)
1217,0.8641662,0.1358338,0,700,4) very common (100+)
1218,0.13289322,0.8671068,1,4,1) very rare (1-5)
1219,0.9098145,0.09018552,0,372,4) very common (100+)
1220,0.7251787,0.27482128,0,2,1) very rare (1-5)
1221,0.1539931,0.8460069,1,0,1) very rare (1-5)
1222,0.2402815,0.7597185,0,1070,4) very common (100+)
1223,0.38236097,0.61763906,1,5,1) very rare (1-5)
1224,0.80735826,0.19264174,1,0,1) very rare (1-5)
1225,0.81390715,0.18609285,0,4,1) very rare (1-5)
1226,0.14994968,0.85005033,1,3,1) very rare (1-5)
1227,0.19709346,0.8029065,1,0,1) very rare (1-5)
1228,0.5147149,0.4852851,1,17,2) rare (6-20)
1229,0.34728822,0.65271175,1,0,1) very rare (1-5)
1230,0.38287118,0.61712885,0,268,4) very common (100+)
1231,0.062246308,0.9377537,1,1,1) very rare (1-5)
1232,0.16314718,0.8368528,0,1,1) very rare (1-5)
1233,0.14136161,0.8586384,1,421,4) very common (100+)
1234,0.18414526,0.8158547,1,1290,4) very common (100+)
1235,0.222332,0.777668,1,2,1) very rare (1-5)
1236,0.75098544,0.24901456,1,58,3) common (21-100)
1237,0.052907895,0.9470921,1,14,2) rare (6-20)
1238,0.25823742,0.7417626,1,36,3) common (21-100)
1239,0.07457581,0.9254242,1,0,1) very rare (1-5)
1240,0.8477738,0.15222621,1,5,1) very rare (1-5)
1241,0.48753187,0.5124681,1,15,2) rare (6-20)
1242,0.21940766,0.7805923,1,18,2) rare (6-20)
1243,0.6881259,0.3118741,1,1290,4) very common (100+)
1244,0.29341885,0.7065811,1,14,2) rare (6-20)
1245,0.37148938,0.6285106,0,66,3) common (21-100)
1246,0.15588056,0.8441194,1,88,3) common (21-100)
1247,0.18362159,0.8163784,1,19,2) rare (6-20)
1248,0.6225675,0.37743253,1,19,2) rare (6-20)
1249,0.2021798,0.7978202,1,3,1) very rare (1-5)
1250,0.038440578,0.9615594,1,7,2) rare (6-20)
1251,0.63327557,0.36672443,1,1070,4) very common (100+)
1252,0.64571506,0.35428494,0,700,4) very common (100+)
1253,0.89217246,0.107827544,0,261,4) very common (100+)
1254,0.88690066,0.11309934,0,96,3) common (21-100)
1255,0.49327216,0.5067278,0,223,4) very common (100+)
1256,0.19634587,0.80365413,1,9,2) rare (6-20)
1257,0.94775736,0.052242637,0,106,4) very common (100+)
1258,0.047247343,0.95275265,1,0,1) very rare (1-5)
1259,0.95048887,0.049511135,1,0,1) very rare (1-5)
1260,0.5809907,0.41900933,0,5,1) very rare (1-5)
1261,0.3286684,0.67133164,1,3,1) very rare (1-5)
1262,0.48552537,0.51447463,1,86,3) common (21-100)
1263,0.47278723,0.52721274,1,4,1) very rare (1-5)
1264,0.38904148,0.6109585,1,5,1) very rare (1-5)
1265,0.2580911,0.7419089,1,76,3) common (21-100)
1266,0.14923595,0.85076404,0,0,1) very rare (1-5)
1267,0.23725052,0.7627495,0,17,2) rare (6-20)
1268,0.41562346,0.5843766,1,9,2) rare (6-20)
1269,0.46065083,0.5393492,1,0,1) very rare (1-5)
1270,0.9520128,0.047987223,1,0,1) very rare (1-5)
1271,0.9283465,0.071653485,1,0,1) very rare (1-5)
1272,0.2084925,0.7915075,1,23,3) common (21-100)
1273,0.6421749,0.3578251,1,9,2) rare (6-20)
1274,0.43718997,0.56281006,0,700,4) very common (100+)
1275,0.17369129,0.8263087,0,3,1) very rare (1-5)
1276,0.52819484,0.47180516,1,3,1) very rare (1-5)
1277,0.48049915,0.51950085,1,31,3) common (21-100)
1278,0.47945943,0.5205406,0,134,4) very common (100+)
1279,0.34819996,0.65180004,0,10,2) rare (6-20)
1280,0.16552955,0.83447045,1,15,2) rare (6-20)
1281,0.3245084,0.6754916,0,9,2) rare (6-20)
1282,0.50580657,0.49419343,0,0,1) very rare (1-5)
1283,0.96364415,0.036355853,0,261,4) very common (100+)
1284,0.8158041,0.18419588,0,43,3) common (21-100)
1285,0.80842894,0.19157106,1,37,3) common (21-100)
1286,0.017000858,0.98299915,0,4,1) very rare (1-5)
1287,0.041003533,0.9589965,1,0,1) very rare (1-5)
1288,0.187136,0.812864,1,1,1) very rare (1-5)
1289,0.107745074,0.89225495,1,1,1) very rare (1-5)
1290,0.37217727,0.62782276,0,1,1) very rare (1-5)
1291,0.9538403,0.046159685,0,700,4) very common (100+)
1292,0.6090634,0.3909366,0,700,4) very common (100+)
1293,0.6998968,0.3001032,1,3,1) very rare (1-5)
1294,0.3463179,0.6536821,1,12,2) rare (6-20)
1295,0.051429328,0.94857067,1,3,1) very rare (1-5)
1296,0.9363989,0.06360108,0,1000,4) very common (100+)
1297,0.2834807,0.7165193,1,0,1) very rare (1-5)
1298,0.75455046,0.24544954,1,3,1) very rare (1-5)
1299,0.28106922,0.7189308,0,3,1) very rare (1-5)
1300,0.991297,0.008702993,0,78,3) common (21-100)
1301,0.4886701,0.5113299,0,24,3) common (21-100)
1302,0.6478081,0.35219193,0,11,2) rare (6-20)
1303,0.06858063,0.9314194,0,0,1) very rare (1-5)
1304,0.7008585,0.29914153,0,1290,4) very common (100+)
1305,0.6668686,0.33313137,0,7,2) rare (6-20)
1306,0.79580504,0.20419496,0,1290,4) very common (100+)
1307,0.85725385,0.14274615,0,4,1) very rare (1-5)
1308,0.94828725,0.05171275,1,1070,4) very common (100+)
1309,0.2689174,0.73108256,1,0,1) very rare (1-5)
1310,0.5589669,0.44103312,1,421,4) very common (100+)
1311,0.19458231,0.80541766,1,7,2) rare (6-20)
1312,0.9144073,0.08559269,0,20,2) rare (6-20)
1313,0.9632766,0.036723375,0,1290,4) very common (100+)
1314,0.39090008,0.6090999,0,1000,4) very common (100+)
1315,0.6734753,0.32652467,0,0,1) very rare (1-5)
1316,0.23707195,0.76292807,1,16,2) rare (6-20)
1317,0.9935184,0.006481588,0,94,3) common (21-100)
1318,0.09784522,0.9021548,0,14,2) rare (6-20)
1319,0.4450869,0.5549131,1,27,3) common (21-100)
1320,0.38002524,0.61997473,0,65,3) common (21-100)
1321,0.27612045,0.7238796,1,18,2) rare (6-20)
1322,0.8501288,0.14987117,1,0,1) very rare (1-5)
1323,0.48605,0.51395,1,17,2) rare (6-20)
1324,0.2402032,0.7597968,1,1070,4) very common (100+)
1325,0.51805323,0.48194677,0,21,3) common (21-100)
1326,0.93783534,0.062164664,1,268,4) very common (100+)
1327,0.21948144,0.78051853,1,0,1) very rare (1-5)
1328,0.08469983,0.9153002,1,4,1) very rare (1-5)
1329,0.0678307,0.9321693,1,0,1) very rare (1-5)
1330,0.22509009,0.7749099,0,7,2) rare (6-20)
1331,0.9344193,0.065580726,0,5,1) very rare (1-5)
1332,0.94760317,0.052396834,0,20,2) rare (6-20)
1333,0.7077244,0.2922756,0,14,2) rare (6-20)
1334,0.9252719,0.07472807,1,70,3) common (21-100)
1335,0.7004879,0.2995121,0,42,3) common (21-100)
1336,0.60155874,0.39844126,1,1,1) very rare (1-5)
1337,0.047536913,0.9524631,0,18,2) rare (6-20)
1338,0.3810244,0.61897564,1,2,1) very rare (1-5)
1339,0.8494384,0.15056157,0,8,2) rare (6-20)
1340,0.6588336,0.34116638,0,223,4) very common (100+)
1341,0.5464669,0.4535331,1,1,1) very rare (1-5)
1342,0.14622663,0.85377336,1,0,1) very rare (1-5)
1343,0.605788,0.394212,1,1290,4) very common (100+)
1344,0.10891952,0.8910805,1,0,1) very rare (1-5)
1345,0.35530788,0.6446921,0,3,1) very rare (1-5)
1346,0.51589787,0.48410213,0,0,1) very rare (1-5)
1347,0.9861291,0.013870895,0,12,2) rare (6-20)
1348,0.893108,0.10689199,0,261,4) very common (100+)
1349,0.44418916,0.5558108,0,160,4) very common (100+)
1350,0.22008905,0.7799109,1,9,2) rare (6-20)
1351,0.9630744,0.036925614,0,28,3) common (21-100)
1352,0.14833932,0.85166067,1,372,4) very common (100+)
1353,0.01379679,0.9862032,1,0,1) very rare (1-5)
1354,0.7085326,0.29146743,0,12,2) rare (6-20)
1355,0.21401756,0.78598243,0,1,1) very rare (1-5)
1356,0.16148815,0.8385118,1,0,1) very rare (1-5)
1357,0.2036795,0.7963205,1,100,3) common (21-100)
1358,0.9307112,0.06928879,1,5,1) very rare (1-5)
1359,0.75029,0.24971002,1,76,3) common (21-100)
1360,0.54464656,0.45535344,1,160,4) very common (100+)
1361,0.9353369,0.06466311,0,12,2) rare (6-20)
1362,0.07018382,0.9298162,1,0,1) very rare (1-5)
1363,0.091992594,0.9080074,0,3,1) very rare (1-5)
1364,0.18204455,0.81795543,1,4,1) very rare (1-5)
1365,0.18166694,0.818333,0,75,3) common (21-100)
1366,0.07185978,0.9281402,1,0,1) very rare (1-5)
1367,0.53625786,0.46374214,1,3,1) very rare (1-5)
1368,0.9493624,0.050637603,0,1000,4) very common (100+)
1369,0.45199934,0.5480007,0,2,1) very rare (1-5)
1370,0.78919226,0.21080774,0,700,4) very common (100+)
1371,0.23241633,0.76758367,1,3,1) very rare (1-5)
1372,0.06021598,0.93978405,1,0,1) very rare (1-5)
1373,0.0253126,0.9746874,1,17,2) rare (6-20)
1374,0.044128112,0.9558719,1,0,1) very rare (1-5)
1375,0.91898286,0.08101714,0,68,3) common (21-100)
1376,0.4925351,0.5074649,0,2,1) very rare (1-5)
1377,0.9889775,0.011022508,1,4,1) very rare (1-5)
1378,0.31086233,0.6891377,1,62,3) common (21-100)
1379,0.068273984,0.93172604,1,0,1) very rare (1-5)
1380,0.11775329,0.88224673,1,6,2) rare (6-20)
1381,0.98992455,0.01007545,0,211,4) very common (100+)
1382,0.48585346,0.51414657,1,13,2) rare (6-20)
1383,0.20644432,0.7935557,1,0,1) very rare (1-5)
1384,0.059590783,0.94040924,1,0,1) very rare (1-5)
1385,0.16785511,0.83214486,1,0,1) very rare (1-5)
1386,0.7002875,0.29971248,0,105,4) very common (100+)
1387,0.048963644,0.95103633,0,2,1) very rare (1-5)
1388,0.9954913,0.004508674,0,1000,4) very common (100+)
1389,0.14534052,0.8546595,1,1,1) very rare (1-5)
1390,0.8618442,0.13815582,1,8,2) rare (6-20)
1391,0.12894781,0.8710522,1,30,3) common (21-100)
1392,0.45973194,0.54026806,1,1,1) very rare (1-5)
1393,0.464336,0.53566396,1,0,1) very rare (1-5)
1394,0.07984187,0.92015815,1,0,1) very rare (1-5)
1395,0.9131385,0.08686149,0,62,3) common (21-100)
1396,0.5205499,0.4794501,0,2,1) very rare (1-5)
1397,0.96165735,0.038342655,0,142,4) very common (100+)
1398,0.112790965,0.88720906,1,0,1) very rare (1-5)
1399,0.21970165,0.78029835,0,7,2) rare (6-20)
1400,0.9150167,0.08498329,1,0,1) very rare (1-5)
1401,0.1589949,0.8410051,1,2,1) very rare (1-5)
1402,0.2585255,0.7414745,0,6,2) rare (6-20)
1403,0.49982303,0.50017697,1,274,4) very common (100+)
1404,0.41610163,0.58389837,0,5,1) very rare (1-5)
1405,0.5065842,0.49341577,0,142,4) very common (100+)
1406,0.4662933,0.53370667,1,58,3) common (21-100)
1407,0.9254854,0.07451463,0,166,4) very common (100+)
1408,0.81313986,0.18686014,0,261,4) very common (100+)
1409,0.3919266,0.6080734,0,107,4) very common (100+)
1410,0.26580888,0.7341911,1,0,1) very rare (1-5)
1411,0.74062747,0.25937253,0,3,1) very rare (1-5)
1412,0.9721377,0.02786231,1,1070,4) very common (100+)
1413,0.40190408,0.5980959,0,32,3) common (21-100)
1414,0.36548653,0.6345135,0,2,1) very rare (1-5)
1415,0.15992755,0.84007245,1,0,1) very rare (1-5)
1416,0.6093706,0.3906294,1,1,1) very rare (1-5)
1417,0.5036471,0.4963529,0,47,3) common (21-100)
1418,0.40555593,0.59444404,1,0,1) very rare (1-5)
1419,0.6996316,0.30036843,0,421,4) very common (100+)
1420,0.91177964,0.08822036,0,700,4) very common (100+)
1421,0.11634453,0.8836555,1,3,1) very rare (1-5)
1422,0.09926049,0.9007395,1,0,1) very rare (1-5)
1423,0.3129024,0.6870976,1,421,4) very common (100+)
1424,0.23860368,0.7613963,1,92,3) common (21-100)
1425,0.35780162,0.6421984,0,1,1) very rare (1-5)
1426,0.23692133,0.7630787,1,0,1) very rare (1-5)
1427,0.16819105,0.8318089,1,3,1) very rare (1-5)
1428,0.110182755,0.88981724,1,0,1) very rare (1-5)
1429,0.8950056,0.104994416,0,1000,4) very common (100+)
1430,0.033347007,0.966653,1,0,1) very rare (1-5)
1431,0.6324152,0.36758482,0,237,4) very common (100+)
1432,0.21854767,0.7814523,1,6,2) rare (6-20)
1433,0.58129656,0.41870344,1,9,2) rare (6-20)
1434,0.54570585,0.45429415,1,0,1) very rare (1-5)
1435,0.22109449,0.7789055,0,1290,4) very common (100+)
1436,0.8858252,0.11417478,0,13,2) rare (6-20)
1437,0.35363552,0.64636445,1,421,4) very common (100+)
1438,0.2608426,0.73915744,0,105,4) very common (100+)
1439,0.5685344,0.43146563,1,31,3) common (21-100)
1440,0.2732754,0.7267246,0,237,4) very common (100+)
1441,0.9387898,0.061210215,1,89,3) common (21-100)
1442,0.22655751,0.7734425,1,0,1) very rare (1-5)
1443,0.76748234,0.23251766,1,2,1) very rare (1-5)
1444,0.10527559,0.8947244,1,0,1) very rare (1-5)
1445,0.6474398,0.35256022,0,1,1) very rare (1-5)
1446,0.4595789,0.5404211,0,35,3) common (21-100)
1447,0.5665167,0.4334833,1,1070,4) very common (100+)
1448,0.46547908,0.5345209,0,3,1) very rare (1-5)
1449,0.82287043,0.17712957,1,1290,4) very common (100+)
1450,0.48984623,0.5101538,1,3,1) very rare (1-5)
1451,0.88699013,0.11300987,0,89,3) common (21-100)
1452,0.11329818,0.8867018,1,0,1) very rare (1-5)
1453,0.83522815,0.16477185,0,237,4) very common (100+)
1454,0.9601358,0.039864182,0,211,4) very common (100+)
1455,0.7943973,0.2056027,0,1290,4) very common (100+)
1456,0.93217963,0.06782037,0,211,4) very common (100+)
1457,0.07558024,0.92441976,0,0,1) very rare (1-5)
1458,0.7035228,0.2964772,0,39,3) common (21-100)
1459,0.99398583,0.0060141683,0,700,4) very common (100+)
1460,0.5719685,0.4280315,0,3,1) very rare (1-5)
1461,0.2208526,0.7791474,1,96,3) common (21-100)
1462,0.44409212,0.55590785,1,3,1) very rare (1-5)
1463,0.5494755,0.4505245,0,421,4) very common (100+)
1464,0.9527874,0.0472126,0,1000,4) very common (100+)
1465,0.78011054,0.21988946,0,118,4) very common (100+)
1466,0.792898,0.207102,0,28,3) common (21-100)
1467,0.08396562,0.9160344,1,79,3) common (21-100)
1468,0.22548679,0.77451324,1,29,3) common (21-100)
1469,0.2408437,0.7591563,1,96,3) common (21-100)
1470,0.80063695,0.19936305,1,0,1) very rare (1-5)
1471,0.3900025,0.6099975,1,8,2) rare (6-20)
1472,0.15261658,0.84738344,0,8,2) rare (6-20)
1473,0.8383246,0.1616754,0,6,2) rare (6-20)
1474,0.71698207,0.28301793,0,5,1) very rare (1-5)
1475,0.16802335,0.83197665,1,3,1) very rare (1-5)
1476,0.67609507,0.32390493,1,372,4) very common (100+)
1477,0.5446103,0.45538968,0,3,1) very rare (1-5)
1478,0.13546146,0.86453855,1,4,1) very rare (1-5)
1479,0.32643893,0.6735611,0,4,1) very rare (1-5)
1480,0.79917026,0.20082974,0,2,1) very rare (1-5)
1481,0.5144895,0.48551053,0,66,3) common (21-100)
1482,0.33237305,0.667627,0,9,2) rare (6-20)
1483,0.28947365,0.71052635,0,82,3) common (21-100)
1484,0.93749326,0.062506735,0,1000,4) very common (100+)
1485,0.801347,0.19865298,0,105,4) very common (100+)
1486,0.23103355,0.76896644,1,9,2) rare (6-20)
1487,0.98964244,0.010357559,1,142,4) very common (100+)
1488,0.6679327,0.3320673,0,3,1) very rare (1-5)
1489,0.5536548,0.4463452,1,0,1) very rare (1-5)
1490,0.051276855,0.94872314,1,6,2) rare (6-20)
1491,0.43923292,0.56076705,1,0,1) very rare (1-5)
1492,0.1998524,0.8001476,1,1290,4) very common (100+)
1493,0.14186308,0.8581369,0,35,3) common (21-100)
1494,0.014462239,0.98553777,1,4,1) very rare (1-5)
1495,0.92406493,0.075935066,0,74,3) common (21-100)
1496,0.5979192,0.40208077,0,96,3) common (21-100)
1497,0.3556196,0.6443804,1,2,1) very rare (1-5)
1498,0.17429948,0.8257005,1,1,1) very rare (1-5)
1499,0.63748354,0.36251646,0,700,4) very common (100+)
1500,0.5579572,0.44204283,1,1,1) very rare (1-5)
1501,0.045304906,0.9546951,1,0,1) very rare (1-5)
1502,0.23855253,0.7614475,1,7,2) rare (6-20)
1503,0.23792489,0.7620751,1,15,2) rare (6-20)
1504,0.2775147,0.7224853,0,3,1) very rare (1-5)
1505,0.91188896,0.08811104,0,700,4) very common (100+)
1506,0.45333084,0.5466691,0,268,4) very common (100+)
1507,0.8686019,0.13139808,0,85,3) common (21-100)
1508,0.41430888,0.5856911,0,3,1) very rare (1-5)
1509,0.09885741,0.9011426,0,0,1) very rare (1-5)
1510,0.3058851,0.6941149,1,5,1) very rare (1-5)
1511,0.037032384,0.96296763,0,5,1) very rare (1-5)
1512,0.27489758,0.7251024,0,3,1) very rare (1-5)
1513,0.41145045,0.58854955,1,3,1) very rare (1-5)
1514,0.5274621,0.47253788,1,0,1) very rare (1-5)
1515,0.3995553,0.6004447,1,372,4) very common (100+)
1516,0.5232464,0.4767536,0,223,4) very common (100+)
1517,0.53801894,0.46198106,1,8,2) rare (6-20)
1518,0.7764921,0.22350788,0,1000,4) very common (100+)
1519,0.76650274,0.23349726,1,15,2) rare (6-20)
1520,0.911273,0.088727,0,275,4) very common (100+)
1521,0.121855564,0.87814444,1,0,1) very rare (1-5)
1522,0.78719336,0.21280664,0,14,2) rare (6-20)
1523,0.27678144,0.72321856,1,14,2) rare (6-20)
1524,0.61813563,0.38186437,1,142,4) very common (100+)
1525,0.59025496,0.40974504,0,1000,4) very common (100+)
1526,0.11149992,0.8885001,0,0,1) very rare (1-5)
1527,0.51434934,0.48565066,0,65,3) common (21-100)
1528,0.33374742,0.6662526,1,0,1) very rare (1-5)
1529,0.43455136,0.56544864,0,9,2) rare (6-20)
1530,0.94623893,0.053761065,0,159,4) very common (100+)
1531,0.11309165,0.88690835,1,0,1) very rare (1-5)
1532,0.36157128,0.6384287,1,1290,4) very common (100+)
1533,0.16784392,0.83215606,1,0,1) very rare (1-5)
1534,0.50862134,0.49137866,1,8,2) rare (6-20)
1535,0.7164416,0.28355843,0,18,2) rare (6-20)
1536,0.34400505,0.65599495,0,2,1) very rare (1-5)
1537,0.4869459,0.51305413,1,4,1) very rare (1-5)
1538,0.09147236,0.9085276,1,118,4) very common (100+)
1539,0.4005199,0.5994801,1,92,3) common (21-100)
1540,0.62492394,0.37507606,1,62,3) common (21-100)
1541,0.55611736,0.44388264,0,1,1) very rare (1-5)
1542,0.15123744,0.8487626,1,3,1) very rare (1-5)
1543,0.3808724,0.61912763,0,1290,4) very common (100+)
1544,0.71082586,0.28917414,0,19,2) rare (6-20)
1545,0.7665066,0.23349339,0,1290,4) very common (100+)
1546,0.17437243,0.82562757,1,0,1) very rare (1-5)
1547,0.57058877,0.42941123,1,1070,4) very common (100+)
1548,0.287599,0.71240103,1,4,1) very rare (1-5)
1549,0.8916569,0.108343124,0,106,4) very common (100+)
1550,0.7009461,0.2990539,0,19,2) rare (6-20)
1551,0.77538294,0.22461706,1,142,4) very common (100+)
1552,0.18861651,0.8113835,0,39,3) common (21-100)
1553,0.83870554,0.16129446,0,32,3) common (21-100)
1554,0.35019317,0.64980686,0,2,1) very rare (1-5)
1555,0.09073335,0.90926665,1,0,1) very rare (1-5)
1556,0.4374803,0.56251967,1,123,4) very common (100+)
1557,0.5831055,0.4168945,1,90,3) common (21-100)
1558,0.21606423,0.7839358,0,17,2) rare (6-20)
1559,0.21240133,0.78759867,1,5,1) very rare (1-5)
1560,0.23832656,0.76167345,1,89,3) common (21-100)
1561,0.60032785,0.39967215,1,2,1) very rare (1-5)
1562,0.47464767,0.52535236,0,1070,4) very common (100+)
1563,0.440392,0.559608,0,2,1) very rare (1-5)
1564,0.09218883,0.90781116,0,8,2) rare (6-20)
1565,0.20495376,0.7950462,1,2,1) very rare (1-5)
1566,0.20583901,0.79416096,0,123,4) very common (100+)
1567,0.06962662,0.9303734,1,0,1) very rare (1-5)
1568,0.24338278,0.7566172,0,3,1) very rare (1-5)
1569,0.1511335,0.8488665,1,372,4) very common (100+)
1570,0.76081604,0.23918396,0,23,3) common (21-100)
1571,0.04071655,0.9592835,1,16,2) rare (6-20)
1572,0.1817746,0.8182254,0,111,4) very common (100+)
1573,0.3461975,0.6538025,1,1,1) very rare (1-5)
1574,0.09088933,0.90911067,1,16,2) rare (6-20)
1575,0.9471639,0.05283612,0,8,2) rare (6-20)
1576,0.6787116,0.3212884,0,7,2) rare (6-20)
1577,0.6383079,0.36169207,1,70,3) common (21-100)
1578,0.45050207,0.54949796,1,11,2) rare (6-20)
1579,0.118095584,0.8819044,0,1,1) very rare (1-5)
1580,0.8293487,0.17065132,0,0,1) very rare (1-5)
1581,0.5849233,0.41507667,0,123,4) very common (100+)
1582,0.07736203,0.92263794,1,0,1) very rare (1-5)
1583,0.6208417,0.37915832,1,76,3) common (21-100)
1584,0.38617328,0.61382675,1,13,2) rare (6-20)
1585,0.29849046,0.70150954,0,237,4) very common (100+)
1586,0.6561524,0.34384757,1,0,1) very rare (1-5)
1587,0.2616022,0.73839784,0,8,2) rare (6-20)
1588,0.44296557,0.55703443,0,15,2) rare (6-20)
1589,0.42088088,0.5791191,1,72,3) common (21-100)
1590,0.46061277,0.5393872,1,0,1) very rare (1-5)
1591,0.32333627,0.67666376,1,0,1) very rare (1-5)
1592,0.21541241,0.7845876,1,0,1) very rare (1-5)
1593,0.17635715,0.82364285,0,9,2) rare (6-20)
1594,0.83124673,0.16875327,0,17,2) rare (6-20)
1595,0.8204119,0.17958808,0,1000,4) very common (100+)
1596,0.47882554,0.52117443,0,3,1) very rare (1-5)
1597,0.59116715,0.40883285,0,1,1) very rare (1-5)
1598,0.7208791,0.27912092,1,5,1) very rare (1-5)
1599,0.58365214,0.41634786,1,5,1) very rare (1-5)
1600,0.5137894,0.48621058,0,1,1) very rare (1-5)
1601,0.067705326,0.93229467,1,0,1) very rare (1-5)
1602,0.12313439,0.8768656,1,0,1) very rare (1-5)
1603,0.8587998,0.14120018,0,2,1) very rare (1-5)
1604,0.16371618,0.8362838,0,24,3) common (21-100)
1605,0.15828711,0.8417129,1,4,1) very rare (1-5)
1606,0.15992431,0.8400757,1,3,1) very rare (1-5)
1607,0.49757773,0.5024223,0,1070,4) very common (100+)
1608,0.63383013,0.36616987,1,106,4) very common (100+)
1609,0.3740005,0.6259995,1,79,3) common (21-100)
1610,0.06573183,0.9342682,1,5,1) very rare (1-5)
1611,0.41934472,0.5806553,0,1,1) very rare (1-5)
1612,0.2324526,0.76754737,1,39,3) common (21-100)
1613,0.9793117,0.020688295,1,1,1) very rare (1-5)
1614,0.74870586,0.25129414,0,182,4) very common (100+)
1615,0.026751785,0.97324824,1,11,2) rare (6-20)
1616,0.121638045,0.87836194,0,1,1) very rare (1-5)
1617,0.59725386,0.40274614,1,105,4) very common (100+)
1618,0.4253382,0.5746618,0,18,2) rare (6-20)
1619,0.0066837226,0.9933163,1,0,1) very rare (1-5)
1620,0.835746,0.16425401,0,1000,4) very common (100+)
1621,0.4732531,0.52674687,0,421,4) very common (100+)
1622,0.60646474,0.39353526,0,343,4) very common (100+)
1623,0.7701755,0.22982448,1,1070,4) very common (100+)
1624,0.22790672,0.7720933,1,79,3) common (21-100)
1625,0.92226285,0.07773715,0,99,3) common (21-100)
1626,0.077795684,0.9222043,0,0,1) very rare (1-5)
1627,0.6977047,0.30229533,1,146,4) very common (100+)
1628,0.54297817,0.45702183,1,118,4) very common (100+)
1629,0.4751415,0.5248585,1,0,1) very rare (1-5)
1630,0.21905175,0.7809483,1,0,1) very rare (1-5)
1631,0.5681488,0.4318512,1,1,1) very rare (1-5)
1632,0.968304,0.03169602,0,1000,4) very common (100+)
1633,0.25194314,0.7480569,1,0,1) very rare (1-5)
1634,0.122563116,0.8774369,1,0,1) very rare (1-5)
1635,0.38583273,0.6141673,0,14,2) rare (6-20)
1636,0.5685622,0.4314378,1,2,1) very rare (1-5)
1637,0.31599498,0.684005,1,9,2) rare (6-20)
1638,0.13397641,0.8660236,1,79,3) common (21-100)
1639,0.9166503,0.083349705,0,1290,4) very common (100+)
1640,0.54563385,0.45436615,0,63,3) common (21-100)
1641,0.9433507,0.056649327,0,1290,4) very common (100+)
1642,0.82162344,0.17837656,0,106,4) very common (100+)
1643,0.5279791,0.47202092,1,0,1) very rare (1-5)
1644,0.30342007,0.69657993,0,23,3) common (21-100)
1645,0.43840605,0.56159395,0,223,4) very common (100+)
1646,0.78961384,0.21038616,1,1,1) very rare (1-5)
1647,0.13024211,0.8697579,1,14,2) rare (6-20)
1648,0.8935027,0.10649729,0,421,4) very common (100+)
1649,0.42733356,0.5726664,0,700,4) very common (100+)
1650,0.960281,0.039718986,0,39,3) common (21-100)
1651,0.39434385,0.60565615,1,58,3) common (21-100)
1652,0.61925286,0.38074714,1,0,1) very rare (1-5)
1653,0.48386338,0.51613665,1,71,3) common (21-100)
1654,0.50653946,0.49346054,1,134,4) very common (100+)
1655,0.09635362,0.90364635,1,2,1) very rare (1-5)
1656,0.8992958,0.10070419,0,182,4) very common (100+)
1657,0.64532566,0.35467434,1,1070,4) very common (100+)
1658,0.12604383,0.8739562,1,55,3) common (21-100)
1659,0.26129463,0.7387054,1,22,3) common (21-100)
1660,0.07865446,0.92134553,1,2,1) very rare (1-5)
1661,0.94010186,0.059898138,1,99,3) common (21-100)
1662,0.98670167,0.013298333,0,62,3) common (21-100)
1663,0.82756144,0.17243856,1,10,2) rare (6-20)
1664,0.10166964,0.89833033,1,0,1) very rare (1-5)
1665,0.3341565,0.6658435,1,2,1) very rare (1-5)
1666,0.9215401,0.07845992,0,421,4) very common (100+)
1667,0.3666301,0.6333699,0,4,1) very rare (1-5)
1668,0.6407174,0.3592826,0,22,3) common (21-100)
1669,0.9120096,0.0879904,0,211,4) very common (100+)
1670,0.6202365,0.37976348,1,1070,4) very common (100+)
1671,0.08050169,0.9194983,1,0,1) very rare (1-5)
1672,0.9334341,0.06656587,0,106,4) very common (100+)
1673,0.028750252,0.97124976,1,24,3) common (21-100)
1674,0.8199608,0.18003923,0,26,3) common (21-100)
1675,0.54801315,0.45198685,1,66,3) common (21-100)
1676,0.6006316,0.3993684,1,86,3) common (21-100)
1677,0.18586357,0.81413645,0,343,4) very common (100+)
1678,0.91370314,0.08629686,1,88,3) common (21-100)
1679,0.16799414,0.83200586,1,0,1) very rare (1-5)
1680,0.8758101,0.12418991,0,37,3) common (21-100)
1681,0.4400495,0.5599505,1,24,3) common (21-100)
1682,0.7604424,0.23955762,0,1290,4) very common (100+)
1683,0.4635058,0.5364942,1,343,4) very common (100+)
1684,0.2857191,0.7142809,0,2,1) very rare (1-5)
1685,0.27398416,0.7260158,1,66,3) common (21-100)
1686,0.17681938,0.8231806,1,118,4) very common (100+)
1687,0.803244,0.196756,0,1070,4) very common (100+)
1688,0.5912679,0.40873212,0,343,4) very common (100+)
1689,0.18023767,0.81976235,1,0,1) very rare (1-5)
1690,0.8354612,0.1645388,0,1290,4) very common (100+)
1691,0.34659487,0.65340513,0,39,3) common (21-100)
1692,0.85942954,0.14057046,0,17,2) rare (6-20)
1693,0.68238723,0.31761277,0,79,3) common (21-100)
1694,0.39931628,0.6006837,1,70,3) common (21-100)
1695,0.23141457,0.76858544,1,1,1) very rare (1-5)
1696,0.29780754,0.7021924,1,0,1) very rare (1-5)
1697,0.13816643,0.8618336,1,0,1) very rare (1-5)
1698,0.5202431,0.4797569,0,6,2) rare (6-20)
1699,0.08878447,0.91121554,1,0,1) very rare (1-5)
1700,0.63138384,0.36861616,1,0,1) very rare (1-5)
1701,0.55680686,0.44319314,0,3,1) very rare (1-5)
1702,0.93786484,0.06213516,0,23,3) common (21-100)
1703,0.72544944,0.27455056,1,5,1) very rare (1-5)
1704,0.9610404,0.038959622,1,7,2) rare (6-20)
1705,0.015241077,0.9847589,1,7,2) rare (6-20)
1706,0.08368229,0.9163177,1,8,2) rare (6-20)
1707,0.038430903,0.9615691,1,0,1) very rare (1-5)
1708,0.33231595,0.6676841,0,2,1) very rare (1-5)
1709,0.1159643,0.8840357,0,2,1) very rare (1-5)
1710,0.4270946,0.5729054,1,0,1) very rare (1-5)
1711,0.95718527,0.04281473,0,1000,4) very common (100+)
1712,0.15838647,0.84161353,1,16,2) rare (6-20)
1713,0.09845105,0.901549,1,0,1) very rare (1-5)
1714,0.41501233,0.58498764,0,1,1) very rare (1-5)
1715,0.82284325,0.17715675,0,1070,4) very common (100+)
1716,0.6133547,0.38664532,0,178,4) very common (100+)
1717,0.46500584,0.5349941,0,123,4) very common (100+)
1718,0.5848043,0.4151957,0,41,3) common (21-100)
1719,0.31487122,0.6851288,0,178,4) very common (100+)
1720,0.59205467,0.40794533,1,111,4) very common (100+)
1721,0.30249426,0.6975057,1,1,1) very rare (1-5)
1722,0.935559,0.064441025,0,421,4) very common (100+)
1723,0.26601297,0.73398703,1,9,2) rare (6-20)
1724,0.17189944,0.82810056,1,0,1) very rare (1-5)
1725,0.9348724,0.06512761,0,1070,4) very common (100+)
1726,0.084850736,0.9151493,1,1,1) very rare (1-5)
1727,0.075982265,0.9240177,0,3,1) very rare (1-5)
1728,0.6680089,0.33199108,1,1000,4) very common (100+)
1729,0.61154807,0.38845193,1,118,4) very common (100+)
1730,0.74732226,0.25267774,1,8,2) rare (6-20)
1731,0.96879005,0.031209946,0,1000,4) very common (100+)
1732,0.3900015,0.60999846,0,372,4) very common (100+)
1733,0.77948844,0.22051156,0,105,4) very common (100+)
1734,0.95070034,0.049299657,0,89,3) common (21-100)
1735,0.032776494,0.9672235,1,17,2) rare (6-20)
1736,0.09278522,0.90721476,1,17,2) rare (6-20)
1737,0.62437475,0.37562525,0,7,2) rare (6-20)
1738,0.70092887,0.29907113,1,89,3) common (21-100)
1739,0.44683748,0.5531625,1,343,4) very common (100+)
1740,0.88600457,0.11399543,0,44,3) common (21-100)
1741,0.110734165,0.88926584,1,0,1) very rare (1-5)
1742,0.4068732,0.5931268,1,3,1) very rare (1-5)
1743,0.3086049,0.6913951,1,16,2) rare (6-20)
1744,0.38886487,0.6111351,0,99,3) common (21-100)
1745,0.87934655,0.12065345,0,79,3) common (21-100)
1746,0.124777816,0.8752222,1,0,1) very rare (1-5)
1747,0.8967817,0.10321832,0,55,3) common (21-100)
1748,0.25404918,0.7459508,0,26,3) common (21-100)
1749,0.8727494,0.12725061,0,34,3) common (21-100)
1750,0.6408957,0.35910428,0,22,3) common (21-100)
1751,0.67453307,0.32546693,1,47,3) common (21-100)
1752,0.50149924,0.49850076,1,1000,4) very common (100+)
1753,0.19896744,0.80103254,1,0,1) very rare (1-5)
1754,0.98437274,0.015627265,1,0,1) very rare (1-5)
1755,0.50832367,0.49167633,0,1290,4) very common (100+)
1756,0.15492861,0.8450714,1,0,1) very rare (1-5)
1757,0.33917168,0.66082835,1,134,4) very common (100+)
1758,0.53976226,0.46023774,1,0,1) very rare (1-5)
1759,0.2606988,0.7393012,1,0,1) very rare (1-5)
1760,0.33563924,0.66436076,1,9,2) rare (6-20)
1761,0.014361444,0.98563856,1,12,2) rare (6-20)
1762,0.37304866,0.62695134,1,2,1) very rare (1-5)
1763,0.2524118,0.74758816,0,39,3) common (21-100)
1764,0.3691927,0.6308073,1,81,3) common (21-100)
1765,0.23645966,0.7635403,1,3,1) very rare (1-5)
1766,0.56082016,0.43917984,1,6,2) rare (6-20)
1767,0.27093026,0.7290697,1,159,4) very common (100+)
1768,0.5673766,0.4326234,0,7,2) rare (6-20)
1769,0.10049198,0.899508,1,8,2) rare (6-20)
1770,0.5370238,0.46297622,1,17,2) rare (6-20)
1771,0.46403006,0.53597,0,24,3) common (21-100)
1772,0.48353714,0.51646286,0,700,4) very common (100+)
1773,0.16483957,0.83516043,1,6,2) rare (6-20)
1774,0.481031,0.518969,0,2,1) very rare (1-5)
1775,0.5224293,0.4775707,0,2,1) very rare (1-5)
1776,0.5375103,0.46248972,0,700,4) very common (100+)
1777,0.8386546,0.16134542,0,1290,4) very common (100+)
1778,0.47410554,0.52589446,0,5,1) very rare (1-5)
1779,0.2548104,0.7451896,1,0,1) very rare (1-5)
1780,0.54607,0.45393002,0,27,3) common (21-100)
1781,0.23055819,0.76944184,0,84,3) common (21-100)
1782,0.79236656,0.20763344,0,146,4) very common (100+)
1783,0.13275117,0.86724883,0,43,3) common (21-100)
1784,0.08030026,0.9196997,1,0,1) very rare (1-5)
1785,0.41313666,0.58686334,1,89,3) common (21-100)
1786,0.46739984,0.53260016,0,1,1) very rare (1-5)
1787,0.93221796,0.067782044,0,1290,4) very common (100+)
1788,0.1150505,0.8849495,1,0,1) very rare (1-5)
1789,0.48128086,0.51871914,0,8,2) rare (6-20)
1790,0.07584388,0.9241561,1,0,1) very rare (1-5)
1791,0.97117484,0.028825164,1,2,1) very rare (1-5)
1792,0.16327421,0.8367258,1,0,1) very rare (1-5)
1793,0.059562832,0.9404372,1,0,1) very rare (1-5)
1794,0.8114503,0.1885497,0,33,3) common (21-100)
1795,0.3340459,0.6659541,1,8,2) rare (6-20)
1796,0.838607,0.16139299,1,1070,4) very common (100+)
1797,0.53113896,0.46886104,1,70,3) common (21-100)
1798,0.084398,0.91560197,0,88,3) common (21-100)
1799,0.84333146,0.15666854,0,99,3) common (21-100)
1800,0.4914322,0.5085678,1,96,3) common (21-100)
1801,0.94017154,0.05982846,0,27,3) common (21-100)
1802,0.2962571,0.70374286,1,1,1) very rare (1-5)
1803,0.18077497,0.819225,1,92,3) common (21-100)
1804,0.9749611,0.025038898,0,1000,4) very common (100+)
1805,0.23140286,0.7685971,0,1000,4) very common (100+)
1806,0.18842866,0.81157136,0,105,4) very common (100+)
1807,0.44958645,0.55041355,0,20,2) rare (6-20)
1808,0.048894897,0.9511051,1,7,2) rare (6-20)
1809,0.32453173,0.67546827,1,70,3) common (21-100)
1810,0.39236337,0.60763663,0,121,4) very common (100+)
1811,0.9375076,0.06249237,1,54,3) common (21-100)
1812,0.36156604,0.63843393,0,275,4) very common (100+)
1813,0.82223547,0.17776453,1,107,4) very common (100+)
1814,0.59633756,0.40366244,1,28,3) common (21-100)
1815,0.18783952,0.8121605,1,2,1) very rare (1-5)
1816,0.4815167,0.5184833,1,5,1) very rare (1-5)
1817,0.7045918,0.2954082,1,23,3) common (21-100)
1818,0.6636887,0.33631128,1,1290,4) very common (100+)
1819,0.95292234,0.047077656,1,54,3) common (21-100)
1820,0.9854757,0.014524281,0,85,3) common (21-100)
1821,0.2436867,0.7563133,1,2,1) very rare (1-5)
1822,0.16444962,0.83555037,1,32,3) common (21-100)
1823,0.09375864,0.90624136,1,0,1) very rare (1-5)
1824,0.53611684,0.46388316,0,12,2) rare (6-20)
1825,0.88599426,0.114005744,0,700,4) very common (100+)
1826,0.83120954,0.16879046,0,1290,4) very common (100+)
1827,0.37561765,0.6243824,1,134,4) very common (100+)
1828,0.5216115,0.4783885,0,3,1) very rare (1-5)
1829,0.7773167,0.22268331,0,9,2) rare (6-20)
1830,0.3434195,0.6565805,1,223,4) very common (100+)
1831,0.68365055,0.31634945,0,223,4) very common (100+)
1832,0.058251794,0.9417482,1,70,3) common (21-100)
1833,0.316342,0.683658,1,4,1) very rare (1-5)
1834,0.074329145,0.92567086,0,17,2) rare (6-20)
1835,0.7032155,0.29678452,0,261,4) very common (100+)
1836,0.95924443,0.04075557,0,1000,4) very common (100+)
1837,0.20393473,0.7960653,1,35,3) common (21-100)
1838,0.60588074,0.39411926,0,1290,4) very common (100+)
1839,0.46995798,0.53004205,0,9,2) rare (6-20)
1840,0.5235258,0.47647423,1,1290,4) very common (100+)
1841,0.04479079,0.9552092,1,0,1) very rare (1-5)
1842,0.9827778,0.017222226,0,1000,4) very common (100+)
1843,0.3712535,0.6287465,0,91,3) common (21-100)
1844,0.45725545,0.5427445,0,6,2) rare (6-20)
1845,0.8849623,0.11503768,0,1290,4) very common (100+)
1846,0.31380948,0.6861905,1,18,2) rare (6-20)
1847,0.8354908,0.16450918,1,16,2) rare (6-20)
1848,0.06545735,0.93454266,1,0,1) very rare (1-5)
1849,0.4204392,0.57956076,1,24,3) common (21-100)
1850,0.57615095,0.42384905,1,118,4) very common (100+)
1851,0.4586573,0.54134274,1,14,2) rare (6-20)
1852,0.20845789,0.7915421,1,3,1) very rare (1-5)
1853,0.81927687,0.18072313,1,102,4) very common (100+)
1854,0.6146973,0.38530272,0,66,3) common (21-100)
1855,0.90051645,0.09948355,0,35,3) common (21-100)
1856,0.6565795,0.3434205,0,52,3) common (21-100)
1857,0.484968,0.515032,0,1290,4) very common (100+)
1858,0.1728807,0.8271193,1,0,1) very rare (1-5)
1859,0.85669696,0.14330304,0,50,3) common (21-100)
1860,0.62229985,0.37770015,0,1000,4) very common (100+)
1861,0.41686326,0.58313674,0,4,1) very rare (1-5)
1862,0.18977326,0.81022674,1,5,1) very rare (1-5)
1863,0.34468132,0.6553187,1,92,3) common (21-100)
1864,0.6205697,0.3794303,0,53,3) common (21-100)
1865,0.90210795,0.097892046,0,2,1) very rare (1-5)
1866,0.34784967,0.65215033,1,3,1) very rare (1-5)
1867,0.7503577,0.24964231,0,68,3) common (21-100)
1868,0.47093585,0.5290642,1,0,1) very rare (1-5)
1869,0.6468517,0.35314828,0,8,2) rare (6-20)
1870,0.6971645,0.30283552,1,0,1) very rare (1-5)
1871,0.34189108,0.65810895,0,47,3) common (21-100)
1872,0.44886667,0.55113333,0,0,1) very rare (1-5)
1873,0.49327493,0.5067251,1,19,2) rare (6-20)
1874,0.071386516,0.9286135,1,0,1) very rare (1-5)
1875,0.92633927,0.07366073,0,372,4) very common (100+)
1876,0.55481833,0.44518167,0,142,4) very common (100+)
1877,0.9940638,0.0059362054,0,1000,4) very common (100+)
1878,0.3750505,0.6249495,0,178,4) very common (100+)
1879,0.13818875,0.8618113,1,9,2) rare (6-20)
1880,0.1342455,0.8657545,1,14,2) rare (6-20)
1881,0.11296947,0.88703054,0,2,1) very rare (1-5)
1882,0.42115194,0.57884806,0,1,1) very rare (1-5)
1883,0.15322171,0.8467783,1,4,1) very rare (1-5)
1884,0.0765216,0.9234784,1,0,1) very rare (1-5)
1885,0.4595392,0.5404608,1,0,1) very rare (1-5)
1886,0.47831172,0.5216883,1,1290,4) very common (100+)
1887,0.19614288,0.8038571,1,5,1) very rare (1-5)
1888,0.82787466,0.17212534,0,700,4) very common (100+)
1889,0.90271246,0.097287536,0,1000,4) very common (100+)
1890,0.27914053,0.72085947,0,237,4) very common (100+)
1891,0.77341753,0.22658247,1,8,2) rare (6-20)
1892,0.30572206,0.69427794,1,1,1) very rare (1-5)
1893,0.23995984,0.76004016,0,2,1) very rare (1-5)
1894,0.6084488,0.3915512,0,47,3) common (21-100)
1895,0.83459145,0.16540855,1,6,2) rare (6-20)
1896,0.043060835,0.95693916,1,0,1) very rare (1-5)
1897,0.62671036,0.37328964,0,2,1) very rare (1-5)
1898,0.46856675,0.5314332,1,71,3) common (21-100)
1899,0.35154003,0.64846,1,7,2) rare (6-20)
1900,0.50794464,0.49205536,0,1000,4) very common (100+)
1901,0.13828045,0.86171955,1,2,1) very rare (1-5)
1902,0.29069114,0.70930886,1,2,1) very rare (1-5)
1903,0.50144506,0.49855494,1,44,3) common (21-100)
1904,0.60086614,0.39913386,1,44,3) common (21-100)
1905,0.92683506,0.07316494,0,50,3) common (21-100)
1906,0.6252086,0.37479138,0,39,3) common (21-100)
1907,0.34980094,0.65019906,0,3,1) very rare (1-5)
1908,0.387093,0.612907,1,1,1) very rare (1-5)
1909,0.3724498,0.62755024,1,159,4) very common (100+)
1910,0.2988371,0.70116293,1,7,2) rare (6-20)
1911,0.6237914,0.3762086,1,1290,4) very common (100+)
1912,0.97882575,0.021174252,0,53,3) common (21-100)
1913,0.7988847,0.20111531,1,17,2) rare (6-20)
1914,0.5470161,0.45298392,0,343,4) very common (100+)
1915,0.6377633,0.36223668,1,7,2) rare (6-20)
1916,0.6314223,0.36857772,1,99,3) common (21-100)
1917,0.56488156,0.43511844,0,3,1) very rare (1-5)
1918,0.0866381,0.9133619,1,0,1) very rare (1-5)
1919,0.11282691,0.88717306,1,0,1) very rare (1-5)
1920,0.18944648,0.81055355,1,0,1) very rare (1-5)
1921,0.15373337,0.8462666,1,41,3) common (21-100)
1922,0.3939798,0.6060202,0,33,3) common (21-100)
1923,0.1648076,0.8351924,1,17,2) rare (6-20)
1924,0.3298438,0.67015624,1,36,3) common (21-100)
1925,0.15548243,0.8445176,0,5,1) very rare (1-5)
1926,0.59540856,0.40459144,0,223,4) very common (100+)
1927,0.9926226,0.007377386,0,1000,4) very common (100+)
1928,0.6247113,0.37528872,0,146,4) very common (100+)
1929,0.0799049,0.9200951,1,1,1) very rare (1-5)
1930,0.5374848,0.46251518,1,4,1) very rare (1-5)
1931,0.26402363,0.73597634,1,0,1) very rare (1-5)
1932,0.976255,0.023745,0,1000,4) very common (100+)
1933,0.46460393,0.5353961,1,100,3) common (21-100)
1934,0.5119674,0.48803258,0,343,4) very common (100+)
1935,0.18489723,0.81510276,1,0,1) very rare (1-5)
1936,0.39080817,0.60919183,1,2,1) very rare (1-5)
1937,0.5302913,0.46970868,1,88,3) common (21-100)
1938,0.5169073,0.48309273,1,96,3) common (21-100)
1939,0.30682525,0.6931747,0,25,3) common (21-100)
1940,0.43544492,0.56455505,1,1290,4) very common (100+)
1941,0.62903553,0.37096447,1,0,1) very rare (1-5)
1942,0.49848676,0.50151324,0,5,1) very rare (1-5)
1943,0.5841124,0.4158876,0,1290,4) very common (100+)
1944,0.21973936,0.7802606,0,0,1) very rare (1-5)
1945,0.19557627,0.80442375,0,142,4) very common (100+)
1946,0.8634253,0.13657469,0,421,4) very common (100+)
1947,0.80802417,0.19197583,1,12,2) rare (6-20)
1948,0.6462108,0.3537892,1,1070,4) very common (100+)
1949,0.29962954,0.70037043,1,1,1) very rare (1-5)
1950,0.3920498,0.6079502,0,118,4) very common (100+)
1951,0.03033475,0.9696652,1,0,1) very rare (1-5)
1952,0.45323345,0.5467665,1,23,3) common (21-100)
1953,0.64762515,0.35237485,0,21,3) common (21-100)
1954,0.5508743,0.4491257,0,3,1) very rare (1-5)
1955,0.34029818,0.6597018,0,40,3) common (21-100)
1956,0.4142798,0.5857202,1,14,2) rare (6-20)
1957,0.89121306,0.10878694,0,5,1) very rare (1-5)
1958,0.25010866,0.74989134,1,21,3) common (21-100)
1959,0.64856565,0.35143435,0,421,4) very common (100+)
1960,0.77489084,0.22510916,1,8,2) rare (6-20)
1961,0.085407645,0.9145924,1,1,1) very rare (1-5)
1962,0.13152608,0.8684739,1,38,3) common (21-100)
1963,0.40355772,0.5964423,0,160,4) very common (100+)
1964,0.13920113,0.86079884,1,5,1) very rare (1-5)
1965,0.2309579,0.76904213,0,134,4) very common (100+)
1966,0.4653935,0.53460646,1,22,3) common (21-100)
1967,0.756427,0.24357301,1,142,4) very common (100+)
1968,0.15803118,0.84196883,1,2,1) very rare (1-5)
1969,0.7300063,0.26999372,0,3,1) very rare (1-5)
1970,0.63599527,0.36400473,0,1290,4) very common (100+)
1971,0.7015577,0.2984423,0,10,2) rare (6-20)
1972,0.045713313,0.9542867,0,0,1) very rare (1-5)
1973,0.07125286,0.9287471,1,14,2) rare (6-20)
1974,0.23127082,0.7687292,1,0,1) very rare (1-5)
1975,0.06066251,0.9393375,1,2,1) very rare (1-5)
1976,0.860653,0.13934702,0,700,4) very common (100+)
1977,0.044680305,0.9553197,1,4,1) very rare (1-5)
1978,0.37986034,0.62013966,0,7,2) rare (6-20)
1979,0.101659305,0.8983407,1,2,1) very rare (1-5)
1980,0.22826439,0.7717356,1,58,3) common (21-100)
1981,0.98485214,0.015147865,0,89,3) common (21-100)
1982,0.6491464,0.35085362,1,1070,4) very common (100+)
1983,0.34438905,0.6556109,1,3,1) very rare (1-5)
1984,0.5716266,0.4283734,1,0,1) very rare (1-5)
1985,0.1986192,0.8013808,1,1,1) very rare (1-5)
1986,0.883232,0.116768,0,5,1) very rare (1-5)
1987,0.8912293,0.10877073,0,99,3) common (21-100)
1988,0.92933553,0.070664465,0,421,4) very common (100+)
1989,0.34212703,0.657873,0,0,1) very rare (1-5)
1990,0.65022135,0.34977865,1,5,1) very rare (1-5)
1991,0.4226176,0.5773824,1,60,3) common (21-100)
1992,0.11783927,0.8821607,0,1,1) very rare (1-5)
1993,0.8207171,0.1792829,1,2,1) very rare (1-5)
1994,0.34905985,0.6509402,1,99,3) common (21-100)
1995,0.71773547,0.28226453,1,160,4) very common (100+)
1996,0.54202455,0.45797545,0,2,1) very rare (1-5)
1997,0.026018018,0.973982,1,9,2) rare (6-20)
1998,0.8340392,0.16596079,0,237,4) very common (100+)
1999,0.32522273,0.67477727,0,28,3) common (21-100)
2000,0.15808462,0.84191537,0,1,1) very rare (1-5)
2001,0.7494524,0.2505476,0,166,4) very common (100+)
2002,0.21371074,0.7862893,0,88,3) common (21-100)
2003,0.37533897,0.624661,1,19,2) rare (6-20)
2004,0.5452569,0.4547431,1,1290,4) very common (100+)
2005,0.7810055,0.2189945,0,1290,4) very common (100+)
2006,0.057481613,0.9425184,1,118,4) very common (100+)
2007,0.66378444,0.33621556,0,118,4) very common (100+)
2008,0.7268573,0.2731427,0,372,4) very common (100+)
2009,0.7427761,0.2572239,0,37,3) common (21-100)
2010,0.3314098,0.6685902,1,7,2) rare (6-20)
2011,0.29926664,0.70073336,0,29,3) common (21-100)
2012,0.09395027,0.9060497,1,0,1) very rare (1-5)
2013,0.2758642,0.72413576,0,68,3) common (21-100)
2014,0.50809366,0.49190634,0,27,3) common (21-100)
2015,0.16843292,0.83156705,0,3,1) very rare (1-5)
2016,0.69254017,0.30745983,1,166,4) very common (100+)
2017,0.099939555,0.9000604,1,261,4) very common (100+)
2018,0.1742594,0.8257406,1,18,2) rare (6-20)
2019,0.5464193,0.45358068,1,62,3) common (21-100)
2020,0.0980092,0.9019908,1,0,1) very rare (1-5)
2021,0.2947407,0.7052593,1,16,2) rare (6-20)
2022,0.9389483,0.061051726,0,47,3) common (21-100)
2023,0.053632945,0.946367,1,5,1) very rare (1-5)
2024,0.08503053,0.91496944,0,38,3) common (21-100)
2025,0.05086376,0.94913626,0,0,1) very rare (1-5)
2026,0.30408022,0.69591975,0,145,4) very common (100+)
2027,0.98767704,0.012322962,0,28,3) common (21-100)
2028,0.75383985,0.24616015,0,372,4) very common (100+)
2029,0.8128382,0.1871618,0,58,3) common (21-100)
2030,0.5876972,0.4123028,1,16,2) rare (6-20)
2031,0.7168979,0.2831021,0,1000,4) very common (100+)
2032,0.57509553,0.42490447,0,134,4) very common (100+)
2033,0.22898854,0.7710115,1,1,1) very rare (1-5)
2034,0.21682966,0.78317034,0,68,3) common (21-100)
2035,0.30656758,0.69343245,0,106,4) very common (100+)
2036,0.50394887,0.49605113,0,7,2) rare (6-20)
2037,0.3576942,0.6423058,1,134,4) very common (100+)
2038,0.029304089,0.9706959,1,0,1) very rare (1-5)
2039,0.4698364,0.5301636,0,9,2) rare (6-20)
2040,0.6295022,0.37049782,0,15,2) rare (6-20)
2041,0.12969424,0.8703058,1,4,1) very rare (1-5)
2042,0.06074896,0.93925107,0,118,4) very common (100+)
2043,0.82658964,0.17341036,0,11,2) rare (6-20)
2044,0.27110335,0.7288966,1,1,1) very rare (1-5)
2045,0.9635972,0.03640282,1,54,3) common (21-100)
2046,0.5490388,0.45096117,1,16,2) rare (6-20)
2047,0.54424244,0.45575756,0,275,4) very common (100+)
2048,0.2987519,0.7012481,1,6,2) rare (6-20)
2049,0.24226819,0.7577318,0,47,3) common (21-100)
2050,0.22879326,0.77120674,0,5,1) very rare (1-5)
2051,0.44993988,0.55006015,1,1070,4) very common (100+)
2052,0.28081396,0.71918607,1,3,1) very rare (1-5)
2053,0.13640265,0.86359733,1,70,3) common (21-100)
2054,0.86011386,0.13988614,0,19,2) rare (6-20)
2055,0.40985915,0.5901408,0,3,1) very rare (1-5)
2056,0.8758414,0.12415862,0,421,4) very common (100+)
2057,0.93246084,0.067539155,1,1,1) very rare (1-5)
2058,0.76058465,0.23941535,0,275,4) very common (100+)
2059,0.95305616,0.046943843,0,421,4) very common (100+)
2060,0.35980833,0.6401917,0,36,3) common (21-100)
2061,0.94629604,0.053703964,0,142,4) very common (100+)
2062,0.1798069,0.8201931,1,0,1) very rare (1-5)
2063,0.57162625,0.42837375,0,9,2) rare (6-20)
2064,0.9538785,0.046121478,0,1000,4) very common (100+)
2065,0.7146849,0.2853151,0,105,4) very common (100+)
2066,0.7657035,0.2342965,0,1290,4) very common (100+)
2067,0.03578507,0.9642149,1,3,1) very rare (1-5)
2068,0.29502532,0.70497465,0,3,1) very rare (1-5)
2069,0.2192287,0.7807713,1,4,1) very rare (1-5)
2070,0.2899731,0.71002686,1,0,1) very rare (1-5)
2071,0.57516223,0.42483777,0,1290,4) very common (100+)
2072,0.19596791,0.8040321,1,0,1) very rare (1-5)
2073,0.3282474,0.6717526,0,102,4) very common (100+)
2074,0.60002244,0.39997756,1,4,1) very rare (1-5)
2075,0.24254772,0.75745225,1,13,2) rare (6-20)
2076,0.38569647,0.6143035,1,36,3) common (21-100)
2077,0.2391122,0.7608878,0,7,2) rare (6-20)
2078,0.42977417,0.57022583,0,24,3) common (21-100)
2079,0.9877045,0.012295485,0,211,4) very common (100+)
2080,0.67244464,0.32755536,1,0,1) very rare (1-5)
2081,0.9658471,0.034152925,0,85,3) common (21-100)
2082,0.40879855,0.5912014,0,105,4) very common (100+)
2083,0.36287147,0.63712853,0,5,1) very rare (1-5)
2084,0.991232,0.008768022,0,182,4) very common (100+)
2085,0.27605793,0.72394204,1,3,1) very rare (1-5)
2086,0.24571204,0.75428796,0,275,4) very common (100+)
2087,0.20623843,0.79376155,1,0,1) very rare (1-5)
2088,0.5097686,0.4902314,0,121,4) very common (100+)
2089,0.91539294,0.084607065,0,142,4) very common (100+)
2090,0.06676397,0.933236,1,15,2) rare (6-20)
2091,0.25357807,0.74642193,1,9,2) rare (6-20)
2092,0.22695799,0.773042,0,1,1) very rare (1-5)
2093,0.7173508,0.28264922,0,7,2) rare (6-20)
2094,0.20919235,0.79080766,1,22,3) common (21-100)
2095,0.037075944,0.96292406,1,0,1) very rare (1-5)
2096,0.777664,0.222336,0,27,3) common (21-100)
2097,0.2064651,0.7935349,1,237,4) very common (100+)
2098,0.20331518,0.7966848,0,17,2) rare (6-20)
2099,0.79569435,0.20430565,1,0,1) very rare (1-5)
2100,0.33106902,0.668931,1,1,1) very rare (1-5)
2101,0.54418457,0.45581543,0,700,4) very common (100+)
2102,0.3290213,0.67097867,0,0,1) very rare (1-5)
2103,0.31230825,0.68769175,1,79,3) common (21-100)
2104,0.6586348,0.34136522,1,0,1) very rare (1-5)
2105,0.1690028,0.8309972,0,1,1) very rare (1-5)
2106,0.2991429,0.7008571,1,7,2) rare (6-20)
2107,0.7521396,0.24786037,1,0,1) very rare (1-5)
2108,0.45722803,0.54277194,1,6,2) rare (6-20)
2109,0.2523341,0.7476659,1,0,1) very rare (1-5)
2110,0.82005584,0.17994416,0,1000,4) very common (100+)
2111,0.56475437,0.43524563,0,123,4) very common (100+)
2112,0.9437522,0.05624777,1,2,1) very rare (1-5)
2113,0.038692895,0.9613071,0,41,3) common (21-100)
2114,0.75522846,0.24477154,1,700,4) very common (100+)
2115,0.50319016,0.49680984,1,26,3) common (21-100)
2116,0.013374006,0.98662597,1,0,1) very rare (1-5)
2117,0.23828043,0.7617196,1,24,3) common (21-100)
2118,0.80394506,0.19605494,0,39,3) common (21-100)
2119,0.6948693,0.30513072,0,1070,4) very common (100+)
2120,0.6579035,0.3420965,1,1070,4) very common (100+)
2121,0.9841814,0.015818596,1,76,3) common (21-100)
2122,0.22081588,0.7791841,1,372,4) very common (100+)
2123,0.9903922,0.009607792,0,37,3) common (21-100)
2124,0.82386684,0.17613316,0,700,4) very common (100+)
2125,0.15534681,0.8446532,0,47,3) common (21-100)
2126,0.92778766,0.07221234,0,99,3) common (21-100)
2127,0.08531462,0.91468537,1,42,3) common (21-100)
2128,0.5336722,0.4663278,0,28,3) common (21-100)
2129,0.03266328,0.9673367,1,0,1) very rare (1-5)
2130,0.3928914,0.6071086,0,78,3) common (21-100)
2131,0.5522819,0.44771808,1,58,3) common (21-100)
2132,0.5637788,0.43622118,1,1,1) very rare (1-5)
2133,0.96972555,0.03027445,0,159,4) very common (100+)
2134,0.20971839,0.7902816,1,0,1) very rare (1-5)
2135,0.79777104,0.20222896,1,76,3) common (21-100)
2136,0.43190476,0.5680952,0,7,2) rare (6-20)
2137,0.96247095,0.03752905,1,16,2) rare (6-20)
2138,0.55744684,0.44255316,1,70,3) common (21-100)
2139,0.32872832,0.6712717,0,134,4) very common (100+)
2140,0.6888211,0.31117892,1,0,1) very rare (1-5)
2141,0.953315,0.04668498,0,12,2) rare (6-20)
2142,0.86397374,0.13602626,0,42,3) common (21-100)
2143,0.13101776,0.86898226,1,3,1) very rare (1-5)
2144,0.88407457,0.11592543,0,99,3) common (21-100)
2145,0.5282196,0.47178042,1,6,2) rare (6-20)
2146,0.50245184,0.49754816,1,178,4) very common (100+)
2147,0.17990397,0.820096,0,68,3) common (21-100)
2148,0.22123724,0.77876276,0,13,2) rare (6-20)
2149,0.19037372,0.8096263,1,5,1) very rare (1-5)
2150,0.63996327,0.36003673,0,0,1) very rare (1-5)
2151,0.19180992,0.8081901,0,26,3) common (21-100)
2152,0.1237207,0.8762793,1,3,1) very rare (1-5)
2153,0.13088481,0.8691152,1,1,1) very rare (1-5)
2154,0.28000706,0.71999294,0,2,1) very rare (1-5)
2155,0.3964276,0.60357237,1,6,2) rare (6-20)
2156,0.10227405,0.89772594,1,5,1) very rare (1-5)
2157,0.9892964,0.010703623,0,29,3) common (21-100)
2158,0.65770423,0.34229577,1,43,3) common (21-100)
2159,0.543884,0.45611602,1,1290,4) very common (100+)
2160,0.9290455,0.0709545,0,1290,4) very common (100+)
2161,0.48954836,0.5104517,1,0,1) very rare (1-5)
2162,0.8507459,0.14925408,0,105,4) very common (100+)
2163,0.64687276,0.35312724,0,142,4) very common (100+)
2164,0.14116976,0.8588302,1,39,3) common (21-100)
2165,0.22833921,0.7716608,1,1,1) very rare (1-5)
2166,0.27455205,0.72544795,0,17,2) rare (6-20)
2167,0.28055665,0.7194433,0,2,1) very rare (1-5)
2168,0.26924372,0.7307563,1,1,1) very rare (1-5)
2169,0.94671863,0.053281367,0,52,3) common (21-100)
2170,0.40775123,0.5922488,0,20,2) rare (6-20)
2171,0.66013724,0.33986276,1,2,1) very rare (1-5)
2172,0.35699984,0.6430001,1,3,1) very rare (1-5)
2173,0.47915807,0.52084196,0,0,1) very rare (1-5)
2174,0.14624673,0.85375327,0,2,1) very rare (1-5)
2175,0.061857905,0.9381421,1,3,1) very rare (1-5)
2176,0.73175865,0.26824135,0,6,2) rare (6-20)
2177,0.8603908,0.13960922,1,275,4) very common (100+)
2178,0.1327889,0.8672111,1,0,1) very rare (1-5)
2179,0.7280436,0.27195638,0,56,3) common (21-100)
2180,0.3352167,0.6647833,0,178,4) very common (100+)
2181,0.31923237,0.68076766,1,36,3) common (21-100)
2182,0.16249505,0.837505,0,0,1) very rare (1-5)
2183,0.8045691,0.19543087,1,142,4) very common (100+)
2184,0.9865492,0.013450801,1,30,3) common (21-100)
2185,0.3124614,0.6875386,1,9,2) rare (6-20)
2186,0.5240251,0.47597492,1,92,3) common (21-100)
2187,0.5247017,0.4752983,0,223,4) very common (100+)
2188,0.6166641,0.3833359,1,0,1) very rare (1-5)
2189,0.12311465,0.87688535,0,37,3) common (21-100)
2190,0.908336,0.091664016,0,1290,4) very common (100+)
2191,0.25643826,0.74356174,1,45,3) common (21-100)
2192,0.17337973,0.8266203,0,8,2) rare (6-20)
2193,0.17144209,0.8285579,1,0,1) very rare (1-5)
2194,0.8126094,0.18739063,1,1290,4) very common (100+)
2195,0.166097,0.833903,0,0,1) very rare (1-5)
2196,0.08107127,0.91892874,1,0,1) very rare (1-5)
2197,0.5285746,0.4714254,0,372,4) very common (100+)
2198,0.08869063,0.91130936,1,15,2) rare (6-20)
2199,0.047560044,0.95243996,1,4,1) very rare (1-5)
2200,0.7247075,0.27529252,0,1000,4) very common (100+)
2201,0.6292781,0.37072188,0,1070,4) very common (100+)
2202,0.398239,0.601761,1,159,4) very common (100+)
2203,0.14101583,0.8589842,0,2,1) very rare (1-5)
2204,0.69727486,0.30272514,0,1070,4) very common (100+)
2205,0.25467652,0.7453235,1,1,1) very rare (1-5)
2206,0.11922661,0.88077337,0,88,3) common (21-100)
2207,0.37308645,0.62691355,1,5,1) very rare (1-5)
2208,0.9213899,0.07861012,0,99,3) common (21-100)
2209,0.86166024,0.13833976,0,89,3) common (21-100)
2210,0.42953297,0.570467,1,1,1) very rare (1-5)
2211,0.3072416,0.69275844,0,15,2) rare (6-20)
2212,0.67890906,0.32109094,1,39,3) common (21-100)
2213,0.6104174,0.38958257,0,237,4) very common (100+)
2214,0.1886575,0.8113425,0,21,3) common (21-100)
2215,0.22820362,0.77179635,1,0,1) very rare (1-5)
2216,0.40934715,0.5906528,0,41,3) common (21-100)
2217,0.17872426,0.8212757,0,24,3) common (21-100)
2218,0.18506047,0.8149395,1,0,1) very rare (1-5)
2219,0.50843006,0.49156994,0,23,3) common (21-100)
2220,0.14600715,0.8539928,1,6,2) rare (6-20)
2221,0.4160135,0.5839865,0,14,2) rare (6-20)
2222,0.10852329,0.8914767,1,6,2) rare (6-20)
2223,0.0671992,0.93280077,1,1,1) very rare (1-5)
2224,0.45245177,0.54754823,0,4,1) very rare (1-5)
2225,0.57721907,0.42278093,0,2,1) very rare (1-5)
2226,0.54789215,0.45210785,0,268,4) very common (100+)
2227,0.6198183,0.38018173,0,9,2) rare (6-20)
2228,0.849091,0.150909,1,0,1) very rare (1-5)
2229,0.6874872,0.31251281,0,700,4) very common (100+)
2230,0.7879751,0.21202493,0,421,4) very common (100+)
2231,0.52870095,0.47129905,0,0,1) very rare (1-5)
2232,0.58088833,0.41911167,1,4,1) very rare (1-5)
2233,0.06229498,0.93770504,1,19,2) rare (6-20)
2234,0.25962916,0.74037087,1,159,4) very common (100+)
2235,0.07777462,0.92222536,1,0,1) very rare (1-5)
2236,0.19433077,0.80566925,1,13,2) rare (6-20)
2237,0.08534466,0.9146553,1,6,2) rare (6-20)
2238,0.8176034,0.18239659,0,421,4) very common (100+)
2239,0.18422477,0.8157752,0,8,2) rare (6-20)
2240,0.5462327,0.4537673,1,20,2) rare (6-20)
2241,0.5415254,0.45847458,0,121,4) very common (100+)
2242,0.2665559,0.7334441,1,1,1) very rare (1-5)
2243,0.7120527,0.2879473,1,2,1) very rare (1-5)
2244,0.9481621,0.05183792,0,24,3) common (21-100)
2245,0.589194,0.410806,1,44,3) common (21-100)
2246,0.15830593,0.84169406,1,0,1) very rare (1-5)
2247,0.5149864,0.4850136,1,421,4) very common (100+)
2248,0.36378098,0.636219,0,1000,4) very common (100+)
2249,0.8944988,0.105501175,0,700,4) very common (100+)
2250,0.21768604,0.78231394,0,2,1) very rare (1-5)
2251,0.25608674,0.7439133,1,9,2) rare (6-20)
2252,0.22852652,0.77147347,0,94,3) common (21-100)
2253,0.85062337,0.14937663,0,145,4) very common (100+)
2254,0.5469954,0.4530046,1,1290,4) very common (100+)
2255,0.25822535,0.7417747,1,1,1) very rare (1-5)
2256,0.1275845,0.8724155,1,1,1) very rare (1-5)
2257,0.33562627,0.66437376,1,27,3) common (21-100)
2258,0.21376452,0.78623545,1,106,4) very common (100+)
2259,0.15484956,0.8451505,0,5,1) very rare (1-5)
2260,0.17201005,0.82798994,1,118,4) very common (100+)
2261,0.3928911,0.6071089,1,3,1) very rare (1-5)
2262,0.10841451,0.89158547,1,0,1) very rare (1-5)
2263,0.23042893,0.76957107,0,29,3) common (21-100)
2264,0.15386061,0.8461394,1,2,1) very rare (1-5)
2265,0.20855784,0.79144216,1,134,4) very common (100+)
2266,0.6741972,0.3258028,0,71,3) common (21-100)
2267,0.3220247,0.6779753,1,0,1) very rare (1-5)
2268,0.45852536,0.54147464,1,118,4) very common (100+)
2269,0.520193,0.47980702,0,2,1) very rare (1-5)
2270,0.97057813,0.029421866,0,2,1) very rare (1-5)
2271,0.15519378,0.8448062,1,0,1) very rare (1-5)
2272,0.113401,0.886599,1,100,3) common (21-100)
2273,0.8473864,0.15261358,0,19,2) rare (6-20)
2274,0.8753062,0.12469381,1,78,3) common (21-100)
2275,0.98416317,0.015836835,0,1000,4) very common (100+)
2276,0.13686727,0.8631327,0,343,4) very common (100+)
2277,0.38063735,0.61936265,1,51,3) common (21-100)
2278,0.6175262,0.38247383,0,1070,4) very common (100+)
2279,0.58041006,0.41958994,0,7,2) rare (6-20)
2280,0.28661427,0.7133857,0,2,1) very rare (1-5)
2281,0.3990565,0.6009435,1,1,1) very rare (1-5)
2282,0.6155261,0.38447392,1,65,3) common (21-100)
2283,0.3274116,0.6725884,1,0,1) very rare (1-5)
2284,0.82797575,0.17202425,0,33,3) common (21-100)
2285,0.7775421,0.22245789,0,1000,4) very common (100+)
2286,0.21447554,0.7855245,0,0,1) very rare (1-5)
2287,0.43895012,0.5610499,0,107,4) very common (100+)
2288,0.635394,0.36460602,1,106,4) very common (100+)
2289,0.59761494,0.40238506,1,1070,4) very common (100+)
2290,0.3178536,0.68214643,1,0,1) very rare (1-5)
2291,0.4963187,0.5036813,0,237,4) very common (100+)
2292,0.5303212,0.46967882,0,40,3) common (21-100)
2293,0.19511935,0.8048806,1,0,1) very rare (1-5)
2294,0.1411236,0.8588764,1,0,1) very rare (1-5)
2295,0.72253627,0.27746373,1,6,2) rare (6-20)
2296,0.15478168,0.8452183,1,0,1) very rare (1-5)
2297,0.23176108,0.7682389,1,0,1) very rare (1-5)
2298,0.4002358,0.5997642,0,121,4) very common (100+)
2299,0.22495732,0.77504265,1,372,4) very common (100+)
2300,0.07506387,0.9249361,1,7,2) rare (6-20)
2301,0.42647713,0.57352287,1,26,3) common (21-100)
2302,0.08333126,0.9166688,1,0,1) very rare (1-5)
2303,0.5089583,0.49104172,1,89,3) common (21-100)
2304,0.9927452,0.0072547793,0,211,4) very common (100+)
2305,0.784338,0.215662,0,1000,4) very common (100+)
2306,0.40737823,0.5926218,0,100,3) common (21-100)
2307,0.10178664,0.8982134,1,0,1) very rare (1-5)
2308,0.5851186,0.4148814,1,0,1) very rare (1-5)
2309,0.48910952,0.5108905,0,105,4) very common (100+)
2310,0.64042836,0.35957164,0,1290,4) very common (100+)
2311,0.47426942,0.5257306,0,39,3) common (21-100)
2312,0.058076873,0.94192314,1,0,1) very rare (1-5)
2313,0.5507116,0.44928843,1,1070,4) very common (100+)
2314,0.08015027,0.91984975,1,1,1) very rare (1-5)
2315,0.34885427,0.6511457,1,0,1) very rare (1-5)
2316,0.95429313,0.04570687,1,70,3) common (21-100)
2317,0.81696945,0.18303055,0,268,4) very common (100+)
2318,0.9006945,0.09930551,0,261,4) very common (100+)
2319,0.6461,0.35390002,0,62,3) common (21-100)
2320,0.48936713,0.5106329,1,1070,4) very common (100+)
2321,0.24625455,0.75374544,1,2,1) very rare (1-5)
2322,0.57307947,0.42692053,0,7,2) rare (6-20)
2323,0.06850522,0.9314948,0,0,1) very rare (1-5)
2324,0.13572386,0.8642762,1,3,1) very rare (1-5)
2325,0.9761772,0.023822784,0,37,3) common (21-100)
2326,0.70874757,0.29125243,1,0,1) very rare (1-5)
2327,0.9156869,0.084313095,0,12,2) rare (6-20)
2328,0.14757852,0.85242146,1,1,1) very rare (1-5)
2329,0.16423972,0.8357603,0,58,3) common (21-100)
2330,0.5088106,0.49118942,0,89,3) common (21-100)
2331,0.58434594,0.41565406,1,275,4) very common (100+)
2332,0.5383729,0.46162713,1,14,2) rare (6-20)
2333,0.17067514,0.82932484,1,0,1) very rare (1-5)
2334,0.2543912,0.7456088,0,45,3) common (21-100)
2335,0.56826717,0.43173283,0,1290,4) very common (100+)
2336,0.89462805,0.10537195,0,13,2) rare (6-20)
2337,0.16030665,0.83969337,1,2,1) very rare (1-5)
2338,0.29073492,0.7092651,1,14,2) rare (6-20)
2339,0.43334484,0.56665516,0,1070,4) very common (100+)
2340,0.62702125,0.37297875,0,1000,4) very common (100+)
2341,0.027384698,0.9726153,1,16,2) rare (6-20)
2342,0.20224595,0.79775405,1,111,4) very common (100+)
2343,0.474297,0.525703,0,25,3) common (21-100)
2344,0.43717745,0.5628226,0,23,3) common (21-100)
2345,0.784616,0.215384,1,1070,4) very common (100+)
2346,0.08895304,0.911047,1,1,1) very rare (1-5)
2347,0.576072,0.42392802,1,19,2) rare (6-20)
2348,0.27809778,0.72190225,1,7,2) rare (6-20)
2349,0.79163057,0.20836943,0,159,4) very common (100+)
2350,0.2411762,0.7588238,1,0,1) very rare (1-5)
2351,0.44375712,0.5562429,1,69,3) common (21-100)
2352,0.087102495,0.9128975,1,43,3) common (21-100)
2353,0.5153618,0.4846382,1,146,4) very common (100+)
2354,0.29836273,0.70163727,1,4,1) very rare (1-5)
2355,0.53491324,0.46508676,1,0,1) very rare (1-5)
2356,0.59559834,0.40440166,1,9,2) rare (6-20)
2357,0.47148642,0.52851355,0,6,2) rare (6-20)
2358,0.079232305,0.92076766,1,2,1) very rare (1-5)
2359,0.393151,0.606849,0,92,3) common (21-100)
2360,0.9747707,0.025229275,0,274,4) very common (100+)
2361,0.34874836,0.6512517,0,9,2) rare (6-20)
2362,0.7604587,0.23954129,1,31,3) common (21-100)
2363,0.67087734,0.32912266,0,23,3) common (21-100)
2364,0.88952786,0.11047214,1,38,3) common (21-100)
2365,0.49513677,0.50486326,1,1070,4) very common (100+)
2366,0.29936308,0.7006369,1,0,1) very rare (1-5)
2367,0.93082285,0.06917715,0,99,3) common (21-100)
2368,0.14311162,0.8568884,1,5,1) very rare (1-5)
2369,0.08943881,0.9105612,1,8,2) rare (6-20)
2370,0.56500685,0.43499315,1,0,1) very rare (1-5)
2371,0.24139379,0.7586062,1,2,1) very rare (1-5)
2372,0.15050195,0.84949803,1,5,1) very rare (1-5)
2373,0.512562,0.48743802,1,268,4) very common (100+)
2374,0.10429692,0.8957031,1,0,1) very rare (1-5)
2375,0.1324088,0.8675912,1,1,1) very rare (1-5)
2376,0.19776094,0.80223906,0,3,1) very rare (1-5)
2377,0.16955079,0.8304492,1,3,1) very rare (1-5)
2378,0.8580801,0.14191991,1,2,1) very rare (1-5)
2379,0.034242615,0.96575737,1,14,2) rare (6-20)
2380,0.87699986,0.123000145,0,700,4) very common (100+)
2381,0.27525645,0.72474355,1,66,3) common (21-100)
2382,0.5568193,0.44318068,1,0,1) very rare (1-5)
2383,0.77056414,0.22943586,0,10,2) rare (6-20)
2384,0.5588282,0.44117182,0,39,3) common (21-100)
2385,0.81561226,0.18438774,0,71,3) common (21-100)
2386,0.12664847,0.8733515,1,4,1) very rare (1-5)
2387,0.11596257,0.88403744,1,79,3) common (21-100)
2388,0.7724672,0.2275328,1,0,1) very rare (1-5)
2389,0.9988445,0.0011554956,0,89,3) common (21-100)
2390,0.030441897,0.9695581,1,2,1) very rare (1-5)
2391,0.5464313,0.4535687,1,268,4) very common (100+)
2392,0.17573038,0.82426965,1,85,3) common (21-100)
2393,0.51965016,0.48034984,1,36,3) common (21-100)
2394,0.41177133,0.5882287,0,142,4) very common (100+)
2395,0.8418404,0.15815961,0,4,1) very rare (1-5)
2396,0.28808162,0.71191835,1,35,3) common (21-100)
2397,0.0968924,0.9031076,1,7,2) rare (6-20)
2398,0.51034826,0.48965174,0,223,4) very common (100+)
2399,0.71303684,0.28696316,0,12,2) rare (6-20)
2400,0.890129,0.10987097,0,1290,4) very common (100+)
2401,0.96786636,0.03213364,0,21,3) common (21-100)
2402,0.37973744,0.62026256,0,159,4) very common (100+)
2403,0.90153235,0.09846765,0,15,2) rare (6-20)
2404,0.99051344,0.009486556,0,421,4) very common (100+)
2405,0.343289,0.656711,1,102,4) very common (100+)
2406,0.20698261,0.7930174,1,86,3) common (21-100)
2407,0.39421374,0.60578626,1,1,1) very rare (1-5)
2408,0.6947063,0.30529368,1,19,2) rare (6-20)
2409,0.09548653,0.9045135,1,0,1) very rare (1-5)
2410,0.27732852,0.7226715,1,0,1) very rare (1-5)
2411,0.3373342,0.66266584,1,19,2) rare (6-20)
2412,0.23365955,0.76634043,0,14,2) rare (6-20)
2413,0.030232694,0.96976733,1,134,4) very common (100+)
2414,0.19389842,0.80610156,1,0,1) very rare (1-5)
2415,0.71390224,0.28609776,1,1290,4) very common (100+)
2416,0.5848282,0.4151718,1,160,4) very common (100+)
2417,0.036467284,0.9635327,1,0,1) very rare (1-5)
2418,0.5130246,0.48697537,0,1070,4) very common (100+)
2419,0.18630214,0.8136979,1,0,1) very rare (1-5)
2420,0.971791,0.028208971,0,23,3) common (21-100)
2421,0.576831,0.42316902,0,4,1) very rare (1-5)
2422,0.04928366,0.9507163,1,30,3) common (21-100)
2423,0.13423036,0.8657696,0,4,1) very rare (1-5)
2424,0.34546602,0.654534,1,0,1) very rare (1-5)
2425,0.44846675,0.5515332,0,1290,4) very common (100+)
2426,0.18426791,0.8157321,1,5,1) very rare (1-5)
2427,0.993363,0.006636977,0,1000,4) very common (100+)
2428,0.32495612,0.6750439,1,142,4) very common (100+)
2429,0.66995966,0.33004034,0,12,2) rare (6-20)
2430,0.99509513,0.004904866,0,182,4) very common (100+)
2431,0.49416575,0.5058342,0,4,1) very rare (1-5)
2432,0.5800697,0.41993028,1,86,3) common (21-100)
2433,0.06753076,0.93246925,1,63,3) common (21-100)
2434,0.9635702,0.036429822,0,21,3) common (21-100)
2435,0.011462631,0.9885374,1,0,1) very rare (1-5)
2436,0.7871745,0.21282548,1,1290,4) very common (100+)
2437,0.39770594,0.6022941,1,0,1) very rare (1-5)
2438,0.3031526,0.69684744,1,0,1) very rare (1-5)
2439,0.347373,0.652627,1,118,4) very common (100+)
2440,0.2133663,0.78663373,1,86,3) common (21-100)
2441,0.9211871,0.0788129,0,421,4) very common (100+)
2442,0.32594058,0.6740594,0,1,1) very rare (1-5)
2443,0.6119864,0.3880136,0,700,4) very common (100+)
2444,0.3018276,0.6981724,0,2,1) very rare (1-5)
2445,0.9734119,0.026588082,0,1000,4) very common (100+)
2446,0.07306482,0.9269352,1,0,1) very rare (1-5)
2447,0.40840393,0.59159607,0,24,3) common (21-100)
2448,0.7253683,0.27463168,0,0,1) very rare (1-5)
2449,0.79262084,0.20737916,0,166,4) very common (100+)
2450,0.20802452,0.7919755,1,66,3) common (21-100)
2451,0.1383028,0.8616972,0,2,1) very rare (1-5)
2452,0.41402552,0.58597445,0,2,1) very rare (1-5)
2453,0.6128771,0.38712293,0,2,1) very rare (1-5)
2454,0.34598827,0.6540117,0,31,3) common (21-100)
2455,0.13984574,0.8601543,1,2,1) very rare (1-5)
2456,0.15814865,0.84185135,1,1,1) very rare (1-5)
2457,0.5777659,0.42223412,0,41,3) common (21-100)
2458,0.0785312,0.9214688,1,3,1) very rare (1-5)
2459,0.09274683,0.90725315,1,4,1) very rare (1-5)
2460,0.07467498,0.92532504,1,0,1) very rare (1-5)
2461,0.6258808,0.37411922,1,142,4) very common (100+)
2462,0.22610818,0.7738918,0,39,3) common (21-100)
2463,0.055354442,0.9446456,0,0,1) very rare (1-5)
2464,0.81943023,0.18056977,0,99,3) common (21-100)
2465,0.34118256,0.6588174,0,7,2) rare (6-20)
2466,0.06233247,0.93766755,0,0,1) very rare (1-5)
2467,0.15624507,0.84375495,1,0,1) very rare (1-5)
2468,0.7466835,0.25331652,0,23,3) common (21-100)
2469,0.64120185,0.35879815,1,166,4) very common (100+)
2470,0.9673902,0.03260982,0,1000,4) very common (100+)
2471,0.35547736,0.64452267,1,0,1) very rare (1-5)
2472,0.9066349,0.09336507,0,20,2) rare (6-20)
2473,0.7927953,0.2072047,1,11,2) rare (6-20)
2474,0.91323024,0.08676976,0,1000,4) very common (100+)
2475,0.5829382,0.4170618,1,14,2) rare (6-20)
2476,0.026592584,0.9734074,1,1,1) very rare (1-5)
2477,0.5470148,0.45298523,0,106,4) very common (100+)
2478,0.14494023,0.85505974,0,4,1) very rare (1-5)
2479,0.8097635,0.19023651,0,74,3) common (21-100)
2480,0.05880759,0.9411924,1,0,1) very rare (1-5)
2481,0.897071,0.102928996,1,24,3) common (21-100)
2482,0.4349358,0.5650642,0,1290,4) very common (100+)
2483,0.6528782,0.34712178,0,6,2) rare (6-20)
2484,0.4323922,0.56760776,0,2,1) very rare (1-5)
2485,0.9887727,0.01122731,0,1000,4) very common (100+)
2486,0.5547318,0.4452682,0,79,3) common (21-100)
2487,0.70395124,0.29604876,1,41,3) common (21-100)
2488,0.71504223,0.28495777,0,1,1) very rare (1-5)
2489,0.09885532,0.9011447,1,0,1) very rare (1-5)
2490,0.7712081,0.22879189,0,55,3) common (21-100)
2491,0.81765324,0.18234676,0,85,3) common (21-100)
2492,0.85406315,0.14593685,0,211,4) very common (100+)
2493,0.46284768,0.5371523,1,70,3) common (21-100)
2494,0.10421629,0.8957837,1,0,1) very rare (1-5)
2495,0.8742134,0.1257866,0,1290,4) very common (100+)
2496,0.86606485,0.13393515,0,16,2) rare (6-20)
2497,0.40362144,0.59637856,0,13,2) rare (6-20)
2498,0.8264055,0.17359447,0,2,1) very rare (1-5)
2499,0.5780069,0.42199308,1,39,3) common (21-100)
2500,0.027510554,0.9724895,1,0,1) very rare (1-5)
2501,0.7282253,0.2717747,0,108,4) very common (100+)
2502,0.38470745,0.61529255,1,275,4) very common (100+)
2503,0.4806389,0.51936114,0,3,1) very rare (1-5)
2504,0.623559,0.376441,0,5,1) very rare (1-5)
2505,0.8346524,0.16534758,0,15,2) rare (6-20)
2506,0.24744383,0.7525562,1,0,1) very rare (1-5)
2507,0.42465752,0.5753425,1,19,2) rare (6-20)
2508,0.9213902,0.078609824,0,7,2) rare (6-20)
2509,0.060051553,0.93994844,1,1,1) very rare (1-5)
2510,0.7938792,0.20612079,1,108,4) very common (100+)
2511,0.595604,0.404396,0,107,4) very common (100+)
2512,0.7123261,0.2876739,0,178,4) very common (100+)
2513,0.34252322,0.6574768,1,14,2) rare (6-20)
2514,0.55281883,0.44718117,1,1,1) very rare (1-5)
2515,0.039721493,0.9602785,1,47,3) common (21-100)
2516,0.9432225,0.056777477,0,142,4) very common (100+)
2517,0.97612405,0.023875952,0,261,4) very common (100+)
2518,0.9628483,0.037151694,0,11,2) rare (6-20)
2519,0.22284387,0.7771561,0,39,3) common (21-100)
2520,0.3722551,0.6277449,0,16,2) rare (6-20)
2521,0.81286126,0.18713874,0,62,3) common (21-100)
2522,0.073490776,0.9265092,1,2,1) very rare (1-5)
2523,0.8219677,0.17803228,0,21,3) common (21-100)
2524,0.16562495,0.834375,1,4,1) very rare (1-5)
2525,0.02825654,0.97174346,1,3,1) very rare (1-5)
2526,0.8131166,0.18688339,0,268,4) very common (100+)
2527,0.2538724,0.7461276,0,700,4) very common (100+)
2528,0.32441187,0.67558813,1,343,4) very common (100+)
2529,0.744865,0.255135,0,50,3) common (21-100)
2530,0.5403091,0.45969093,0,15,2) rare (6-20)
2531,0.9989858,0.001014173,0,211,4) very common (100+)
2532,0.6196404,0.3803596,0,1070,4) very common (100+)
2533,0.2698434,0.7301566,1,92,3) common (21-100)
2534,0.9365919,0.06340808,0,69,3) common (21-100)
2535,0.49445105,0.50554895,1,372,4) very common (100+)
2536,0.5557384,0.4442616,1,72,3) common (21-100)
2537,0.60797125,0.39202875,0,22,3) common (21-100)
2538,0.5064626,0.49353743,0,11,2) rare (6-20)
2539,0.45660946,0.5433905,1,14,2) rare (6-20)
2540,0.5386487,0.46135128,1,7,2) rare (6-20)
2541,0.90990394,0.09009606,0,274,4) very common (100+)
2542,0.026098393,0.9739016,1,0,1) very rare (1-5)
2543,0.5633283,0.43667167,1,0,1) very rare (1-5)
2544,0.4629188,0.53708124,0,89,3) common (21-100)
2545,0.701838,0.29816198,1,1070,4) very common (100+)
2546,0.9374835,0.06251651,0,6,2) rare (6-20)
2547,0.38565922,0.6143408,1,23,3) common (21-100)
2548,0.9868847,0.013115287,0,1000,4) very common (100+)
2549,0.35733914,0.64266086,1,22,3) common (21-100)
2550,0.4567082,0.5432918,1,84,3) common (21-100)
2551,0.2849175,0.7150825,1,0,1) very rare (1-5)
2552,0.24000059,0.7599994,0,1,1) very rare (1-5)
2553,0.21658228,0.7834177,1,21,3) common (21-100)
2554,0.46548787,0.53451216,0,343,4) very common (100+)
2555,0.35167006,0.64833,1,102,4) very common (100+)
2556,0.18257861,0.8174214,1,14,2) rare (6-20)
2557,0.5564594,0.44354057,1,53,3) common (21-100)
2558,0.9482383,0.051761687,0,21,3) common (21-100)
2559,0.3760768,0.6239232,1,7,2) rare (6-20)
2560,0.6157443,0.3842557,1,1,1) very rare (1-5)
2561,0.68582034,0.31417966,1,2,1) very rare (1-5)
2562,0.099151455,0.90084857,1,22,3) common (21-100)
2563,0.14446762,0.8555324,1,2,1) very rare (1-5)
2564,0.88473976,0.11526024,0,33,3) common (21-100)
2565,0.08138615,0.91861385,1,0,1) very rare (1-5)
2566,0.3194675,0.68053246,1,0,1) very rare (1-5)
2567,0.4335123,0.56648767,0,36,3) common (21-100)
2568,0.2851775,0.71482253,0,20,2) rare (6-20)
2569,0.16833435,0.83166564,1,1,1) very rare (1-5)
2570,0.18900205,0.81099796,1,0,1) very rare (1-5)
2571,0.13745975,0.86254025,0,1,1) very rare (1-5)
2572,0.9865596,0.013440371,0,24,3) common (21-100)
2573,0.602169,0.39783102,0,100,3) common (21-100)
2574,0.3022004,0.69779956,1,18,2) rare (6-20)
2575,0.27442864,0.7255714,1,0,1) very rare (1-5)
2576,0.8245636,0.17543638,1,36,3) common (21-100)
2577,0.11567616,0.88432384,1,6,2) rare (6-20)
2578,0.6935182,0.30648178,1,4,1) very rare (1-5)
2579,0.09706672,0.9029333,1,88,3) common (21-100)
2580,0.905287,0.09471297,0,261,4) very common (100+)
2581,0.3907164,0.60928357,1,3,1) very rare (1-5)
2582,0.80180377,0.19819623,0,27,3) common (21-100)
2583,0.2005433,0.7994567,1,0,1) very rare (1-5)
2584,0.36984184,0.6301582,1,0,1) very rare (1-5)
2585,0.9830152,0.01698482,0,182,4) very common (100+)
2586,0.32395098,0.676049,0,123,4) very common (100+)
2587,0.6395822,0.36041778,0,11,2) rare (6-20)
2588,0.6154387,0.3845613,0,105,4) very common (100+)
2589,0.29259264,0.70740736,1,18,2) rare (6-20)
2590,0.048131563,0.9518684,1,0,1) very rare (1-5)
2591,0.059482988,0.940517,1,0,1) very rare (1-5)
2592,0.24658032,0.7534197,1,3,1) very rare (1-5)
2593,0.3078994,0.69210064,1,3,1) very rare (1-5)
2594,0.20407951,0.7959205,1,2,1) very rare (1-5)
2595,0.8331536,0.1668464,0,421,4) very common (100+)
2596,0.9660107,0.03398931,0,700,4) very common (100+)
2597,0.8180411,0.18195891,0,2,1) very rare (1-5)
2598,0.41402474,0.5859753,0,0,1) very rare (1-5)
2599,0.34837767,0.6516223,1,2,1) very rare (1-5)
2600,0.75850886,0.24149114,0,21,3) common (21-100)
2601,0.40402684,0.59597313,1,0,1) very rare (1-5)
2602,0.3921221,0.6078779,1,11,2) rare (6-20)
2603,0.05472085,0.9452791,1,1,1) very rare (1-5)
2604,0.18318388,0.8168161,1,2,1) very rare (1-5)
2605,0.39393985,0.60606015,1,1070,4) very common (100+)
2606,0.074980326,0.9250197,0,0,1) very rare (1-5)
2607,0.8131167,0.18688327,0,261,4) very common (100+)
2608,0.53238195,0.46761805,0,62,3) common (21-100)
2609,0.7848984,0.2151016,0,14,2) rare (6-20)
2610,0.8992506,0.10074937,0,1,1) very rare (1-5)
2611,0.11147595,0.88852406,1,12,2) rare (6-20)
2612,0.95477813,0.045221865,0,75,3) common (21-100)
2613,0.36602753,0.63397247,0,14,2) rare (6-20)
2614,0.06947661,0.9305234,1,51,3) common (21-100)
2615,0.4250946,0.5749054,0,26,3) common (21-100)
2616,0.92175454,0.07824546,0,1000,4) very common (100+)
2617,0.41837335,0.58162665,1,1290,4) very common (100+)
2618,0.4734467,0.5265533,0,372,4) very common (100+)
2619,0.45795494,0.54204506,0,33,3) common (21-100)
2620,0.7689206,0.2310794,0,34,3) common (21-100)
2621,0.15902038,0.84097964,1,6,2) rare (6-20)
2622,0.6263022,0.37369782,0,27,3) common (21-100)
2623,0.28893113,0.71106887,0,1,1) very rare (1-5)
2624,0.41492364,0.58507633,0,700,4) very common (100+)
2625,0.978153,0.02184701,0,12,2) rare (6-20)
2626,0.94300324,0.056996763,0,1000,4) very common (100+)
2627,0.5332189,0.46678108,0,5,1) very rare (1-5)
2628,0.9683326,0.03166741,0,421,4) very common (100+)
2629,0.6499661,0.35003388,0,700,4) very common (100+)
2630,0.63054156,0.36945844,1,0,1) very rare (1-5)
2631,0.93490946,0.06509054,0,1290,4) very common (100+)
2632,0.11617556,0.88382447,1,1,1) very rare (1-5)
2633,0.423422,0.576578,1,12,2) rare (6-20)
2634,0.9875377,0.012462318,0,16,2) rare (6-20)
2635,0.2949847,0.7050153,1,0,1) very rare (1-5)
2636,0.9978648,0.0021352172,0,211,4) very common (100+)
2637,0.21282943,0.7871706,1,0,1) very rare (1-5)
2638,0.20633037,0.79366964,1,4,1) very rare (1-5)
2639,0.83974415,0.16025585,0,12,2) rare (6-20)
2640,0.69295967,0.30704033,0,10,2) rare (6-20)
2641,0.38064775,0.6193522,1,0,1) very rare (1-5)
2642,0.61068046,0.38931954,0,24,3) common (21-100)
2643,0.6922388,0.3077612,0,1,1) very rare (1-5)
2644,0.28932318,0.7106768,0,13,2) rare (6-20)
2645,0.34076282,0.65923715,0,1,1) very rare (1-5)
2646,0.9980234,0.0019766092,0,89,3) common (21-100)
2647,0.18938549,0.8106145,1,0,1) very rare (1-5)
2648,0.8430328,0.15696722,0,3,1) very rare (1-5)
2649,0.9604139,0.039586127,0,53,3) common (21-100)
2650,0.9521238,0.04787618,0,1290,4) very common (100+)
2651,0.85360956,0.14639044,1,8,2) rare (6-20)
2652,0.98700005,0.012999952,0,211,4) very common (100+)
2653,0.65348524,0.34651476,1,146,4) very common (100+)
2654,0.28127453,0.71872544,1,421,4) very common (100+)
2655,0.038824823,0.9611752,1,14,2) rare (6-20)
2656,0.36978665,0.6302134,1,118,4) very common (100+)
2657,0.5754183,0.4245817,1,23,3) common (21-100)
2658,0.54722923,0.45277077,0,3,1) very rare (1-5)
2659,0.88084626,0.11915374,0,23,3) common (21-100)
2660,0.8259846,0.1740154,1,6,2) rare (6-20)
2661,0.25249138,0.74750865,0,5,1) very rare (1-5)
2662,0.85745585,0.14254415,1,0,1) very rare (1-5)
2663,0.4564709,0.5435291,1,134,4) very common (100+)
2664,0.61202556,0.38797444,0,26,3) common (21-100)
2665,0.8388927,0.1611073,1,6,2) rare (6-20)
2666,0.6285426,0.3714574,0,70,3) common (21-100)
2667,0.38008684,0.61991316,1,0,1) very rare (1-5)
2668,0.39261073,0.6073893,1,8,2) rare (6-20)
2669,0.87689984,0.12310016,0,1290,4) very common (100+)
2670,0.040394142,0.9596059,0,26,3) common (21-100)
2671,0.6204078,0.37959218,1,100,3) common (21-100)
2672,0.038373116,0.9616269,1,1,1) very rare (1-5)
2673,0.85010177,0.14989823,0,17,2) rare (6-20)
2674,0.7884997,0.21150029,0,32,3) common (21-100)
2675,0.17672084,0.82327914,1,33,3) common (21-100)
2676,0.4010818,0.5989182,1,30,3) common (21-100)
2677,0.5915811,0.4084189,1,0,1) very rare (1-5)
2678,0.55831945,0.44168055,0,1,1) very rare (1-5)
2679,0.43073744,0.56926256,1,0,1) very rare (1-5)
2680,0.15850665,0.84149337,1,21,3) common (21-100)
2681,0.18170199,0.818298,1,3,1) very rare (1-5)
2682,0.6712823,0.3287177,0,0,1) very rare (1-5)
2683,0.8489562,0.15104377,0,7,2) rare (6-20)
2684,0.81403685,0.18596315,0,1070,4) very common (100+)
2685,0.7868669,0.2131331,0,3,1) very rare (1-5)
2686,0.94199884,0.05800116,0,39,3) common (21-100)
2687,0.41052112,0.58947885,0,6,2) rare (6-20)
2688,0.40017417,0.59982586,1,107,4) very common (100+)
2689,0.20633942,0.7936606,1,5,1) very rare (1-5)
2690,0.91756755,0.08243245,0,1290,4) very common (100+)
2691,0.65494984,0.34505016,1,78,3) common (21-100)
2692,0.37430605,0.6256939,1,1,1) very rare (1-5)
2693,0.38991374,0.61008626,1,274,4) very common (100+)
2694,0.68371177,0.31628823,1,3,1) very rare (1-5)
2695,0.24079624,0.7592038,0,7,2) rare (6-20)
2696,0.6672501,0.3327499,0,105,4) very common (100+)
2697,0.17040491,0.8295951,0,0,1) very rare (1-5)
2698,0.5263025,0.47369748,1,1,1) very rare (1-5)
2699,0.12200757,0.87799245,1,92,3) common (21-100)
2700,0.7870289,0.21297109,0,700,4) very common (100+)
2701,0.36362007,0.63637996,1,10,2) rare (6-20)
2702,0.11258202,0.887418,1,0,1) very rare (1-5)
2703,0.8749779,0.12502211,1,124,4) very common (100+)
2704,0.9408295,0.059170485,0,700,4) very common (100+)
2705,0.3227692,0.67723083,0,69,3) common (21-100)
2706,0.13016346,0.86983657,1,9,2) rare (6-20)
2707,0.8543331,0.1456669,0,89,3) common (21-100)
2708,0.81858534,0.18141466,0,178,4) very common (100+)
2709,0.5726813,0.4273187,1,100,3) common (21-100)
2710,0.9303984,0.069601595,0,1290,4) very common (100+)
2711,0.9910426,0.008957386,0,1000,4) very common (100+)
2712,0.9025025,0.09749752,0,19,2) rare (6-20)
2713,0.15813078,0.84186924,1,275,4) very common (100+)
2714,0.098152526,0.9018475,1,0,1) very rare (1-5)
2715,0.8974196,0.10258043,0,105,4) very common (100+)
2716,0.4907091,0.50929093,1,0,1) very rare (1-5)
2717,0.09799351,0.9020065,1,15,2) rare (6-20)
2718,0.7824853,0.2175147,0,85,3) common (21-100)
2719,0.53542215,0.46457785,0,111,4) very common (100+)
2720,0.32072756,0.6792724,1,107,4) very common (100+)
2721,0.29162008,0.7083799,1,0,1) very rare (1-5)
2722,0.8788323,0.12116772,0,99,3) common (21-100)
2723,0.53417414,0.46582586,1,0,1) very rare (1-5)
2724,0.6308724,0.36912757,0,1290,4) very common (100+)
2725,0.8249547,0.17504531,0,1000,4) very common (100+)
2726,0.8850838,0.114916205,0,700,4) very common (100+)
2727,0.45208567,0.5479143,1,0,1) very rare (1-5)
2728,0.7087572,0.29124278,0,7,2) rare (6-20)
2729,0.376301,0.623699,0,50,3) common (21-100)
2730,0.14749135,0.85250866,1,1,1) very rare (1-5)
2731,0.33488575,0.6651143,1,91,3) common (21-100)
2732,0.97919583,0.020804167,0,49,3) common (21-100)
2733,0.8935202,0.10647982,1,26,3) common (21-100)
2734,0.9422298,0.057770193,1,14,2) rare (6-20)
2735,0.14928836,0.85071164,0,1,1) very rare (1-5)
2736,0.051992137,0.9480079,0,0,1) very rare (1-5)
2737,0.4829935,0.5170065,0,20,2) rare (6-20)
2738,0.17775625,0.82224375,1,1,1) very rare (1-5)
2739,0.31452224,0.68547773,0,7,2) rare (6-20)
2740,0.056542143,0.94345784,0,13,2) rare (6-20)
2741,0.22093289,0.7790671,1,4,1) very rare (1-5)
2742,0.5569597,0.4430403,1,107,4) very common (100+)
2743,0.18944383,0.8105562,1,14,2) rare (6-20)
2744,0.24858971,0.7514103,1,4,1) very rare (1-5)
2745,0.8508894,0.14911062,1,15,2) rare (6-20)
2746,0.32356203,0.676438,1,16,2) rare (6-20)
2747,0.79090273,0.20909727,0,11,2) rare (6-20)
2748,0.2579862,0.7420138,1,17,2) rare (6-20)
2749,0.9864607,0.013539314,1,0,1) very rare (1-5)
2750,0.8970037,0.10299629,0,421,4) very common (100+)
2751,0.036757506,0.9632425,1,1,1) very rare (1-5)
2752,0.9944747,0.005525291,0,1000,4) very common (100+)
2753,0.20552681,0.7944732,0,1070,4) very common (100+)
2754,0.9327484,0.06725162,1,1,1) very rare (1-5)
2755,0.31240553,0.6875945,1,3,1) very rare (1-5)
2756,0.029589582,0.9704104,1,35,3) common (21-100)
2757,0.9927045,0.0072954893,0,90,3) common (21-100)
2758,0.95215756,0.047842443,0,7,2) rare (6-20)
2759,0.7030291,0.2969709,1,0,1) very rare (1-5)
2760,0.20532466,0.79467535,1,106,4) very common (100+)
2761,0.038692977,0.96130705,1,0,1) very rare (1-5)
2762,0.23886798,0.761132,1,8,2) rare (6-20)
2763,0.33189058,0.6681094,1,1070,4) very common (100+)
2764,0.23288132,0.7671187,1,28,3) common (21-100)
2765,0.065737106,0.9342629,1,3,1) very rare (1-5)
2766,0.8911274,0.10887259,0,134,4) very common (100+)
2767,0.15374993,0.84625006,1,275,4) very common (100+)
2768,0.55074227,0.44925773,1,72,3) common (21-100)
2769,0.17359515,0.82640487,1,343,4) very common (100+)
2770,0.081959434,0.9180406,0,0,1) very rare (1-5)
2771,0.9124678,0.08753222,1,1,1) very rare (1-5)
2772,0.4733792,0.5266208,1,15,2) rare (6-20)
2773,0.34616154,0.65383846,1,56,3) common (21-100)
2774,0.17935544,0.82064456,1,0,1) very rare (1-5)
2775,0.5870176,0.4129824,0,32,3) common (21-100)
2776,0.3775004,0.6224996,0,0,1) very rare (1-5)
2777,0.20970261,0.7902974,0,12,2) rare (6-20)
2778,0.71428555,0.28571445,0,118,4) very common (100+)
2779,0.8080413,0.19195873,0,47,3) common (21-100)
2780,0.8220833,0.1779167,0,35,3) common (21-100)
2781,0.14562985,0.8543701,1,58,3) common (21-100)
2782,0.1266402,0.8733598,0,28,3) common (21-100)
2783,0.15181242,0.84818757,0,1,1) very rare (1-5)
2784,0.46371606,0.53628397,0,372,4) very common (100+)
2785,0.20922577,0.7907742,1,1,1) very rare (1-5)
2786,0.3991284,0.60087156,1,79,3) common (21-100)
2787,0.4051504,0.5948496,0,223,4) very common (100+)
2788,0.19723457,0.8027654,0,0,1) very rare (1-5)
2789,0.4198099,0.58019006,0,43,3) common (21-100)
2790,0.2029712,0.7970288,1,4,1) very rare (1-5)
2791,0.21932471,0.7806753,1,0,1) very rare (1-5)
2792,0.7326213,0.2673787,1,1000,4) very common (100+)
2793,0.053328462,0.94667155,1,0,1) very rare (1-5)
2794,0.8929999,0.10700011,0,372,4) very common (100+)
2795,0.13816507,0.86183494,0,1,1) very rare (1-5)
2796,0.12566066,0.87433934,1,4,1) very rare (1-5)
2797,0.13058734,0.86941266,1,108,4) very common (100+)
2798,0.9359243,0.06407571,1,2,1) very rare (1-5)
2799,0.9931445,0.006855488,1,66,3) common (21-100)
2800,0.13542809,0.8645719,1,14,2) rare (6-20)
2801,0.22422516,0.77577484,0,42,3) common (21-100)
2802,0.5844652,0.4155348,0,4,1) very rare (1-5)
2803,0.78163236,0.21836764,0,1070,4) very common (100+)
2804,0.1453482,0.8546518,1,79,3) common (21-100)
2805,0.4129193,0.5870807,1,0,1) very rare (1-5)
2806,0.915516,0.08448398,1,1070,4) very common (100+)
2807,0.026069641,0.97393036,1,36,3) common (21-100)
2808,0.24342874,0.7565713,0,178,4) very common (100+)
2809,0.2415481,0.7584519,0,1,1) very rare (1-5)
2810,0.81714857,0.18285143,1,52,3) common (21-100)
2811,0.33877423,0.6612258,1,2,1) very rare (1-5)
2812,0.8057854,0.19421458,0,274,4) very common (100+)
2813,0.86356765,0.13643235,0,1070,4) very common (100+)
2814,0.20146938,0.79853064,1,3,1) very rare (1-5)
2815,0.18146008,0.8185399,1,0,1) very rare (1-5)
2816,0.95133907,0.048660934,0,182,4) very common (100+)
2817,0.9325254,0.0674746,0,223,4) very common (100+)
2818,0.060147002,0.939853,1,0,1) very rare (1-5)
2819,0.06501571,0.93498427,1,6,2) rare (6-20)
2820,0.8414048,0.1585952,0,134,4) very common (100+)
2821,0.5872008,0.41279918,0,5,1) very rare (1-5)
2822,0.20528787,0.7947121,1,0,1) very rare (1-5)
2823,0.72285503,0.27714497,1,11,2) rare (6-20)
2824,0.54689056,0.45310944,0,21,3) common (21-100)
2825,0.089570396,0.9104296,1,23,3) common (21-100)
2826,0.7934002,0.20659977,0,4,1) very rare (1-5)
2827,0.04389123,0.95610875,0,1,1) very rare (1-5)
2828,0.1110249,0.8889751,0,0,1) very rare (1-5)
2829,0.5936433,0.4063567,1,86,3) common (21-100)
2830,0.7163523,0.28364772,0,223,4) very common (100+)
2831,0.6205521,0.37944788,0,7,2) rare (6-20)
2832,0.84481794,0.15518206,0,1000,4) very common (100+)
2833,0.22680834,0.7731917,0,68,3) common (21-100)
2834,0.25987607,0.7401239,1,1,1) very rare (1-5)
2835,0.9105864,0.08941358,0,10,2) rare (6-20)
2836,0.569854,0.43014598,0,343,4) very common (100+)
2837,0.24225113,0.75774884,1,0,1) very rare (1-5)
2838,0.052252505,0.94774747,1,3,1) very rare (1-5)
2839,0.661384,0.338616,0,700,4) very common (100+)
2840,0.63628376,0.36371624,0,1070,4) very common (100+)
2841,0.15935193,0.84064806,0,111,4) very common (100+)
2842,0.91836834,0.08163166,1,178,4) very common (100+)
2843,0.4754748,0.52452517,0,49,3) common (21-100)
2844,0.89679146,0.10320854,1,21,3) common (21-100)
2845,0.98028827,0.019711733,0,16,2) rare (6-20)
2846,0.26295608,0.7370439,1,7,2) rare (6-20)
2847,0.0592145,0.9407855,1,19,2) rare (6-20)
2848,0.854994,0.145006,0,274,4) very common (100+)
2849,0.7717713,0.22822869,0,99,3) common (21-100)
2850,0.7495338,0.25046623,1,1070,4) very common (100+)
2851,0.13914134,0.8608587,0,1,1) very rare (1-5)
2852,0.39911216,0.60088784,0,1,1) very rare (1-5)
2853,0.9133512,0.08664882,0,36,3) common (21-100)
2854,0.7367432,0.2632568,1,32,3) common (21-100)
2855,0.54527295,0.45472705,1,6,2) rare (6-20)
2856,0.7968384,0.2031616,1,47,3) common (21-100)
2857,0.7568865,0.24311352,0,3,1) very rare (1-5)
2858,0.9546299,0.045370102,0,78,3) common (21-100)
2859,0.18142678,0.81857324,1,3,1) very rare (1-5)
2860,0.9198577,0.08014232,0,24,3) common (21-100)
2861,0.054715417,0.9452846,1,4,1) very rare (1-5)
2862,0.68404067,0.31595933,1,99,3) common (21-100)
2863,0.45208776,0.54791224,0,1070,4) very common (100+)
2864,0.9658045,0.034195483,0,39,3) common (21-100)
2865,0.680609,0.319391,0,9,2) rare (6-20)
2866,0.39683542,0.60316455,1,38,3) common (21-100)
2867,0.5857587,0.4142413,0,3,1) very rare (1-5)
2868,0.47184676,0.52815324,0,3,1) very rare (1-5)
2869,0.05619038,0.9438096,1,700,4) very common (100+)
2870,0.4690159,0.5309841,0,178,4) very common (100+)
2871,0.76421803,0.23578197,0,343,4) very common (100+)
2872,0.49150395,0.50849605,0,1000,4) very common (100+)
2873,0.40109602,0.598904,0,159,4) very common (100+)
2874,0.31963453,0.68036544,0,5,1) very rare (1-5)
2875,0.67712986,0.32287014,0,23,3) common (21-100)
2876,0.27490407,0.7250959,0,18,2) rare (6-20)
2877,0.2078894,0.7921106,0,6,2) rare (6-20)
2878,0.97401583,0.025984168,0,69,3) common (21-100)
2879,0.66813546,0.33186454,0,60,3) common (21-100)
2880,0.07706177,0.9229382,1,1,1) very rare (1-5)
2881,0.93773973,0.06226027,1,0,1) very rare (1-5)
2882,0.730923,0.269077,0,69,3) common (21-100)
2883,0.2738056,0.7261944,1,38,3) common (21-100)
2884,0.3763277,0.6236723,1,2,1) very rare (1-5)
2885,0.107331395,0.8926686,0,0,1) very rare (1-5)
2886,0.11873956,0.88126045,0,1,1) very rare (1-5)
2887,0.41246003,0.58754,1,66,3) common (21-100)
2888,0.4793854,0.5206146,0,1,1) very rare (1-5)
2889,0.69500494,0.30499506,1,7,2) rare (6-20)
2890,0.11643001,0.88357,1,6,2) rare (6-20)
2891,0.91879725,0.081202745,0,23,3) common (21-100)
2892,0.8906737,0.1093263,0,421,4) very common (100+)
2893,0.98005235,0.019947648,0,1000,4) very common (100+)
2894,0.68587655,0.31412345,0,4,1) very rare (1-5)
2895,0.46367317,0.5363268,1,0,1) very rare (1-5)
2896,0.83671653,0.16328347,1,1,1) very rare (1-5)
2897,0.17775568,0.8222443,1,0,1) very rare (1-5)
2898,0.9721103,0.027889729,0,142,4) very common (100+)
2899,0.7501153,0.24988472,0,1290,4) very common (100+)
2900,0.508558,0.49144202,1,28,3) common (21-100)
2901,0.86961436,0.13038564,0,1000,4) very common (100+)
2902,0.13588075,0.86411923,0,8,2) rare (6-20)
2903,0.026908107,0.9730919,1,58,3) common (21-100)
2904,0.41707256,0.58292747,1,1,1) very rare (1-5)
2905,0.8418257,0.15817428,0,121,4) very common (100+)
2906,0.16728295,0.83271706,1,63,3) common (21-100)
2907,0.9500432,0.0499568,0,4,1) very rare (1-5)
2908,0.509974,0.490026,0,1070,4) very common (100+)
2909,0.74195063,0.25804937,0,14,2) rare (6-20)
2910,0.13377249,0.8662275,1,1,1) very rare (1-5)
2911,0.7118762,0.2881238,0,3,1) very rare (1-5)
2912,0.9634759,0.036524117,1,28,3) common (21-100)
2913,0.34893814,0.6510619,0,7,2) rare (6-20)
2914,0.25809693,0.74190307,1,0,1) very rare (1-5)
2915,0.8946046,0.10539538,0,6,2) rare (6-20)
2916,0.31904435,0.68095565,1,3,1) very rare (1-5)
2917,0.5740108,0.4259892,1,700,4) very common (100+)
2918,0.17074622,0.8292538,1,0,1) very rare (1-5)
2919,0.8726267,0.12737328,0,55,3) common (21-100)
2920,0.28037855,0.7196214,0,3,1) very rare (1-5)
2921,0.13957639,0.8604236,1,2,1) very rare (1-5)
2922,0.2525072,0.7474928,1,2,1) very rare (1-5)
2923,0.49676958,0.50323045,0,79,3) common (21-100)
2924,0.9851717,0.014828324,0,1000,4) very common (100+)
2925,0.4818482,0.51815176,0,268,4) very common (100+)
2926,0.9911476,0.008852422,0,123,4) very common (100+)
2927,0.015954463,0.98404557,1,0,1) very rare (1-5)
2928,0.12861861,0.8713814,0,14,2) rare (6-20)
2929,0.060032476,0.9399675,0,23,3) common (21-100)
2930,0.81136847,0.18863153,0,1290,4) very common (100+)
2931,0.7272121,0.27278793,1,7,2) rare (6-20)
2932,0.34021008,0.6597899,1,1,1) very rare (1-5)
2933,0.6327034,0.36729658,1,6,2) rare (6-20)
2934,0.8124221,0.1875779,1,1070,4) very common (100+)
2935,0.6315624,0.3684376,1,2,1) very rare (1-5)
2936,0.9798202,0.020179808,1,3,1) very rare (1-5)
2937,0.5235564,0.4764436,1,1,1) very rare (1-5)
2938,0.15829878,0.8417012,1,66,3) common (21-100)
2939,0.0592324,0.9407676,1,0,1) very rare (1-5)
2940,0.3405717,0.6594283,1,3,1) very rare (1-5)
2941,0.55086726,0.44913274,0,1070,4) very common (100+)
2942,0.90884703,0.091152966,1,3,1) very rare (1-5)
2943,0.12661728,0.8733827,0,0,1) very rare (1-5)
2944,0.34499827,0.65500176,1,1,1) very rare (1-5)
2945,0.22077027,0.77922976,0,34,3) common (21-100)
2946,0.2593773,0.7406227,1,6,2) rare (6-20)
2947,0.3738894,0.6261106,0,123,4) very common (100+)
2948,0.94289386,0.057106137,0,118,4) very common (100+)
2949,0.039838623,0.9601614,1,47,3) common (21-100)
2950,0.8800242,0.119975805,0,23,3) common (21-100)
2951,0.21324314,0.7867569,1,5,1) very rare (1-5)
2952,0.080249004,0.919751,1,0,1) very rare (1-5)
2953,0.053990606,0.9460094,1,1,1) very rare (1-5)
2954,0.17352708,0.82647294,1,0,1) very rare (1-5)
2955,0.7718305,0.2281695,1,96,3) common (21-100)
2956,0.2858179,0.71418214,0,0,1) very rare (1-5)
2957,0.40912107,0.59087896,0,421,4) very common (100+)
2958,0.9245185,0.075481474,0,178,4) very common (100+)
2959,0.10972792,0.8902721,1,4,1) very rare (1-5)
2960,0.6840193,0.31598067,0,1000,4) very common (100+)
2961,0.2873958,0.71260417,1,41,3) common (21-100)
2962,0.07593833,0.92406166,1,0,1) very rare (1-5)
2963,0.56343496,0.43656504,0,63,3) common (21-100)
2964,0.1377805,0.8622195,0,33,3) common (21-100)
2965,0.9910088,0.008991182,0,1000,4) very common (100+)
2966,0.45505482,0.5449452,1,8,2) rare (6-20)
2967,0.534355,0.46564502,0,1290,4) very common (100+)
2968,0.53661364,0.46338636,1,7,2) rare (6-20)
2969,0.65920055,0.34079945,0,42,3) common (21-100)
2970,0.5468855,0.4531145,1,91,3) common (21-100)
2971,0.79190874,0.20809126,0,96,3) common (21-100)
2972,0.46906823,0.5309318,0,66,3) common (21-100)
2973,0.45599124,0.54400873,1,3,1) very rare (1-5)
2974,0.13718393,0.8628161,0,17,2) rare (6-20)
2975,0.82694876,0.17305124,0,0,1) very rare (1-5)
2976,0.26478264,0.73521733,1,0,1) very rare (1-5)
2977,0.24907643,0.7509236,0,0,1) very rare (1-5)
2978,0.92886513,0.071134865,0,700,4) very common (100+)
2979,0.28097457,0.71902543,0,79,3) common (21-100)
2980,0.15218745,0.84781253,0,5,1) very rare (1-5)
2981,0.68308073,0.31691927,1,118,4) very common (100+)
2982,0.84944683,0.15055317,0,11,2) rare (6-20)
2983,0.16847096,0.831529,1,2,1) very rare (1-5)
2984,0.77138436,0.22861564,0,6,2) rare (6-20)
2985,0.19326457,0.8067354,1,7,2) rare (6-20)
2986,0.28178024,0.71821976,1,16,2) rare (6-20)
2987,0.88397247,0.116027534,0,134,4) very common (100+)
2988,0.79332477,0.20667523,0,159,4) very common (100+)
2989,0.80362153,0.19637847,1,19,2) rare (6-20)
2990,0.88699013,0.11300987,0,89,3) common (21-100)
2991,0.978396,0.021604002,0,211,4) very common (100+)
2992,0.11780659,0.8821934,1,0,1) very rare (1-5)
2993,0.46476668,0.5352333,1,1070,4) very common (100+)
2994,0.8500458,0.1499542,1,0,1) very rare (1-5)
2995,0.6917378,0.30826223,1,63,3) common (21-100)
2996,0.3912696,0.60873044,0,53,3) common (21-100)
2997,0.672995,0.32700503,0,21,3) common (21-100)
2998,0.36041883,0.6395812,1,38,3) common (21-100)
2999,0.5633685,0.4366315,0,223,4) very common (100+)
3000,0.5751511,0.4248489,1,1070,4) very common (100+)
3001,0.55824584,0.44175416,1,4,1) very rare (1-5)
3002,0.43030697,0.569693,1,23,3) common (21-100)
3003,0.86009234,0.13990766,0,1070,4) very common (100+)
3004,0.5047101,0.49528992,1,1070,4) very common (100+)
3005,0.6084908,0.39150918,1,261,4) very common (100+)
3006,0.03467627,0.96532375,1,0,1) very rare (1-5)
3007,0.21471818,0.78528184,1,1,1) very rare (1-5)
3008,0.10709459,0.8929054,1,0,1) very rare (1-5)
3009,0.22404402,0.775956,1,0,1) very rare (1-5)
3010,0.3690611,0.6309389,1,124,4) very common (100+)
3011,0.107533894,0.8924661,1,11,2) rare (6-20)
3012,0.17011699,0.829883,0,0,1) very rare (1-5)
3013,0.103826225,0.8961738,1,21,3) common (21-100)
3014,0.057969328,0.94203067,1,0,1) very rare (1-5)
3015,0.13188718,0.8681128,0,0,1) very rare (1-5)
3016,0.9728463,0.02715367,0,142,4) very common (100+)
3017,0.55945086,0.44054914,0,261,4) very common (100+)
3018,0.6301022,0.36989778,1,3,1) very rare (1-5)
3019,0.047142606,0.9528574,1,0,1) very rare (1-5)
3020,0.015491308,0.9845087,0,88,3) common (21-100)
3021,0.20869821,0.7913018,0,3,1) very rare (1-5)
3022,0.8672758,0.13272423,0,421,4) very common (100+)
3023,0.08872145,0.91127855,0,17,2) rare (6-20)
3024,0.81585,0.18414998,1,19,2) rare (6-20)
3025,0.5171964,0.48280358,1,0,1) very rare (1-5)
3026,0.28683645,0.71316355,1,39,3) common (21-100)
3027,0.39701325,0.60298675,0,700,4) very common (100+)
3028,0.7780841,0.2219159,0,421,4) very common (100+)
3029,0.57506543,0.42493457,1,5,1) very rare (1-5)
3030,0.38580322,0.6141968,0,3,1) very rare (1-5)
3031,0.22105189,0.7789481,1,1,1) very rare (1-5)
3032,0.3932063,0.6067937,0,8,2) rare (6-20)
3033,0.700353,0.29964697,0,9,2) rare (6-20)
3034,0.37036213,0.62963784,0,268,4) very common (100+)
3035,0.11590806,0.884092,0,6,2) rare (6-20)
3036,0.6423601,0.3576399,0,3,1) very rare (1-5)
3037,0.059832517,0.9401675,1,1,1) very rare (1-5)
3038,0.7882244,0.2117756,1,343,4) very common (100+)
3039,0.9894985,0.010501504,0,211,4) very common (100+)
3040,0.25091913,0.7490809,0,5,1) very rare (1-5)
3041,0.9749371,0.025062919,0,700,4) very common (100+)
3042,0.43952858,0.5604714,1,66,3) common (21-100)
3043,0.13209298,0.86790705,0,5,1) very rare (1-5)
3044,0.52888095,0.47111905,0,145,4) very common (100+)
3045,0.5511946,0.4488054,0,1000,4) very common (100+)
3046,0.78572893,0.21427107,1,0,1) very rare (1-5)
3047,0.5097784,0.49022162,0,3,1) very rare (1-5)
3048,0.26416686,0.73583317,1,9,2) rare (6-20)
3049,0.27918458,0.7208154,0,2,1) very rare (1-5)
3050,0.12020081,0.8797992,1,0,1) very rare (1-5)
3051,0.97807944,0.021920562,0,1290,4) very common (100+)
3052,0.023078244,0.97692174,0,62,3) common (21-100)
3053,0.55781597,0.44218403,0,14,2) rare (6-20)
3054,0.6026217,0.39737833,1,11,2) rare (6-20)
3055,0.24625455,0.75374544,0,2,1) very rare (1-5)
3056,0.47647953,0.52352047,1,89,3) common (21-100)
3057,0.4850683,0.5149317,1,1,1) very rare (1-5)
3058,0.30970365,0.69029635,0,31,3) common (21-100)
3059,0.5298519,0.4701481,0,27,3) common (21-100)
3060,0.42865664,0.57134336,1,10,2) rare (6-20)
3061,0.3638011,0.6361989,1,24,3) common (21-100)
3062,0.25259677,0.74740326,1,10,2) rare (6-20)
3063,0.58093464,0.41906536,0,274,4) very common (100+)
3064,0.6651135,0.3348865,0,15,2) rare (6-20)
3065,0.20932937,0.79067063,0,1,1) very rare (1-5)
3066,0.12197515,0.8780248,1,4,1) very rare (1-5)
3067,0.67125607,0.32874393,0,3,1) very rare (1-5)
3068,0.06831666,0.93168336,0,1,1) very rare (1-5)
3069,0.61835355,0.38164645,0,700,4) very common (100+)
3070,0.3879225,0.6120775,0,1290,4) very common (100+)
3071,0.051015876,0.94898415,1,1290,4) very common (100+)
3072,0.111602806,0.8883972,1,0,1) very rare (1-5)
3073,0.51511854,0.48488146,1,107,4) very common (100+)
3074,0.046996605,0.9530034,1,1,1) very rare (1-5)
3075,0.1843075,0.8156925,1,160,4) very common (100+)
3076,0.35095385,0.6490462,0,2,1) very rare (1-5)
3077,0.6725963,0.32740372,1,3,1) very rare (1-5)
3078,0.28474686,0.7152531,1,36,3) common (21-100)
3079,0.37441853,0.6255815,1,0,1) very rare (1-5)
3080,0.8538955,0.14610451,0,1000,4) very common (100+)
3081,0.34099385,0.6590061,1,20,2) rare (6-20)
3082,0.19420135,0.80579865,1,0,1) very rare (1-5)
3083,0.5772903,0.4227097,0,1,1) very rare (1-5)
3084,0.9882988,0.011701226,0,1000,4) very common (100+)
3085,0.3326161,0.6673839,1,3,1) very rare (1-5)
3086,0.52048707,0.47951293,0,28,3) common (21-100)
3087,0.12926087,0.8707391,1,261,4) very common (100+)
3088,0.9265924,0.07340759,0,1,1) very rare (1-5)
3089,0.58479357,0.41520643,1,60,3) common (21-100)
3090,0.97014576,0.029854238,0,372,4) very common (100+)
3091,0.03353974,0.9664603,1,66,3) common (21-100)
3092,0.6583326,0.3416674,1,107,4) very common (100+)
3093,0.39466807,0.6053319,0,1290,4) very common (100+)
3094,0.9240865,0.07591349,1,32,3) common (21-100)
3095,0.8501901,0.1498099,0,10,2) rare (6-20)
3096,0.7671273,0.23287272,0,1000,4) very common (100+)
3097,0.20797104,0.79202896,1,102,4) very common (100+)
3098,0.42700222,0.5729978,0,14,2) rare (6-20)
3099,0.17826694,0.82173306,1,0,1) very rare (1-5)
3100,0.3186045,0.68139553,1,58,3) common (21-100)
3101,0.36187732,0.6381227,1,2,1) very rare (1-5)
3102,0.47319442,0.5268056,0,3,1) very rare (1-5)
3103,0.07928524,0.92071474,0,71,3) common (21-100)
3104,0.8432521,0.15674788,1,102,4) very common (100+)
3105,0.3068647,0.69313526,1,1,1) very rare (1-5)
3106,0.376114,0.623886,1,7,2) rare (6-20)
3107,0.62602687,0.37397313,0,15,2) rare (6-20)
3108,0.62990934,0.37009066,1,118,4) very common (100+)
3109,0.38431525,0.61568475,1,0,1) very rare (1-5)
3110,0.20569798,0.794302,1,118,4) very common (100+)
3111,0.44079545,0.5592046,1,1070,4) very common (100+)
3112,0.788639,0.21136099,0,223,4) very common (100+)
3113,0.35746038,0.6425396,1,372,4) very common (100+)
3114,0.09135147,0.90864855,1,3,1) very rare (1-5)
3115,0.671781,0.328219,0,63,3) common (21-100)
3116,0.69408166,0.30591834,1,15,2) rare (6-20)
3117,0.74218476,0.25781524,1,4,1) very rare (1-5)
3118,0.5086583,0.4913417,0,0,1) very rare (1-5)
3119,0.44038582,0.5596142,1,20,2) rare (6-20)
3120,0.5178971,0.48210287,1,18,2) rare (6-20)
3121,0.1571782,0.84282184,1,8,2) rare (6-20)
3122,0.54340744,0.45659256,1,8,2) rare (6-20)
3123,0.29411232,0.7058877,0,70,3) common (21-100)
3124,0.22152941,0.7784706,0,21,3) common (21-100)
3125,0.15128273,0.8487173,0,4,1) very rare (1-5)
3126,0.09489997,0.90510005,1,6,2) rare (6-20)
3127,0.99621445,0.0037855506,0,274,4) very common (100+)
3128,0.13818595,0.861814,1,0,1) very rare (1-5)
3129,0.36746392,0.63253605,1,5,1) very rare (1-5)
3130,0.032444872,0.9675551,1,0,1) very rare (1-5)
3131,0.7115743,0.28842568,0,3,1) very rare (1-5)
3132,0.679226,0.32077402,0,24,3) common (21-100)
3133,0.03013537,0.9698646,1,1,1) very rare (1-5)
3134,0.34438604,0.65561396,1,0,1) very rare (1-5)
3135,0.5022084,0.4977916,0,1000,4) very common (100+)
3136,0.08914235,0.9108577,1,0,1) very rare (1-5)
3137,0.9747693,0.025230706,0,1000,4) very common (100+)
3138,0.670417,0.329583,0,3,1) very rare (1-5)
3139,0.36034262,0.6396574,1,223,4) very common (100+)
3140,0.0786943,0.9213057,1,0,1) very rare (1-5)
3141,0.19410019,0.8058998,1,0,1) very rare (1-5)
3142,0.65237796,0.34762204,0,12,2) rare (6-20)
3143,0.6106018,0.38939822,0,1000,4) very common (100+)
3144,0.3219458,0.6780542,0,14,2) rare (6-20)
3145,0.05688731,0.9431127,0,3,1) very rare (1-5)
3146,0.99495846,0.0050415397,0,89,3) common (21-100)
3147,0.44085008,0.5591499,0,47,3) common (21-100)
3148,0.38904,0.61096,1,2,1) very rare (1-5)
3149,0.5892277,0.41077232,0,1000,4) very common (100+)
3150,0.7435447,0.2564553,0,14,2) rare (6-20)
3151,0.5813407,0.41865933,0,102,4) very common (100+)
3152,0.10937883,0.8906212,1,0,1) very rare (1-5)
3153,0.10460832,0.8953917,0,0,1) very rare (1-5)
3154,0.6604614,0.33953857,0,700,4) very common (100+)
3155,0.3401446,0.65985537,0,89,3) common (21-100)
3156,0.14155482,0.85844517,0,1,1) very rare (1-5)
3157,0.5028619,0.49713808,0,1070,4) very common (100+)
3158,0.121770896,0.8782291,1,14,2) rare (6-20)
3159,0.2772041,0.7227959,1,76,3) common (21-100)
3160,0.888643,0.11135697,0,1,1) very rare (1-5)
3161,0.038488187,0.9615118,1,0,1) very rare (1-5)
3162,0.85326415,0.14673585,0,99,3) common (21-100)
3163,0.50591755,0.49408245,1,7,2) rare (6-20)
3164,0.04019681,0.95980316,1,1,1) very rare (1-5)
3165,0.72591954,0.27408046,1,3,1) very rare (1-5)
3166,0.032181885,0.96781814,1,1,1) very rare (1-5)
3167,0.23290253,0.7670975,1,3,1) very rare (1-5)
3168,0.9885592,0.011440814,0,1000,4) very common (100+)
3169,0.27518892,0.7248111,0,41,3) common (21-100)
3170,0.28578007,0.7142199,1,20,2) rare (6-20)
3171,0.6680001,0.3319999,1,31,3) common (21-100)
3172,0.02003241,0.9799676,1,0,1) very rare (1-5)
3173,0.21619536,0.78380466,1,23,3) common (21-100)
3174,0.5589149,0.4410851,0,1000,4) very common (100+)
3175,0.15552697,0.844473,1,0,1) very rare (1-5)
3176,0.7273227,0.2726773,0,27,3) common (21-100)
3177,0.96722263,0.03277737,0,91,3) common (21-100)
3178,0.09072254,0.90927744,0,58,3) common (21-100)
3179,0.3719801,0.6280199,1,33,3) common (21-100)
3180,0.5799999,0.42000008,0,102,4) very common (100+)
3181,0.18570143,0.81429857,1,36,3) common (21-100)
3182,0.9532259,0.04677409,0,39,3) common (21-100)
3183,0.8535722,0.14642781,0,2,1) very rare (1-5)
3184,0.8738585,0.12614149,1,76,3) common (21-100)
3185,0.082140096,0.9178599,1,0,1) very rare (1-5)
3186,0.25669956,0.74330044,1,7,2) rare (6-20)
3187,0.19721593,0.8027841,1,0,1) very rare (1-5)
3188,0.061367087,0.9386329,1,2,1) very rare (1-5)
3189,0.06977668,0.93022335,1,14,2) rare (6-20)
3190,0.7950605,0.20493948,0,71,3) common (21-100)
3191,0.49115822,0.50884175,1,372,4) very common (100+)
3192,0.5501683,0.44983172,1,1,1) very rare (1-5)
3193,0.927244,0.07275599,0,27,3) common (21-100)
3194,0.89705724,0.102942765,1,16,2) rare (6-20)
3195,0.93229055,0.067709446,1,0,1) very rare (1-5)
3196,0.5835833,0.4164167,0,12,2) rare (6-20)
3197,0.3813482,0.6186518,1,1,1) very rare (1-5)
3198,0.974739,0.025260985,0,1000,4) very common (100+)
3199,0.7090597,0.29094028,1,27,3) common (21-100)
3200,0.9331448,0.06685519,0,37,3) common (21-100)
3201,0.36814082,0.6318592,1,44,3) common (21-100)
3202,0.6623896,0.33761042,0,66,3) common (21-100)
3203,0.02116677,0.97883326,1,0,1) very rare (1-5)
3204,0.08015832,0.91984165,1,3,1) very rare (1-5)
3205,0.10450881,0.8954912,0,0,1) very rare (1-5)
3206,0.09765423,0.9023458,1,0,1) very rare (1-5)
3207,0.037990514,0.9620095,1,19,2) rare (6-20)
3208,0.8128392,0.18716079,0,1070,4) very common (100+)
3209,0.731326,0.26867402,0,15,2) rare (6-20)
3210,0.73956615,0.26043385,0,1290,4) very common (100+)
3211,0.024619492,0.9753805,1,1,1) very rare (1-5)
3212,0.71168184,0.28831816,0,24,3) common (21-100)
3213,0.01149489,0.9885051,0,18,2) rare (6-20)
3214,0.17718093,0.82281905,1,118,4) very common (100+)
3215,0.57994026,0.42005974,0,23,3) common (21-100)
3216,0.9141578,0.08584219,1,0,1) very rare (1-5)
3217,0.043904245,0.95609576,1,3,1) very rare (1-5)
3218,0.22859846,0.7714015,0,1,1) very rare (1-5)
3219,0.7249863,0.2750137,1,1,1) very rare (1-5)
3220,0.6269546,0.37304538,1,421,4) very common (100+)
3221,0.033329654,0.96667033,1,0,1) very rare (1-5)
3222,0.3372786,0.6627214,0,275,4) very common (100+)
3223,0.50009817,0.49990183,0,3,1) very rare (1-5)
3224,0.055075947,0.94492406,1,0,1) very rare (1-5)
3225,0.70911133,0.29088867,1,81,3) common (21-100)
3226,0.35435608,0.64564395,1,5,1) very rare (1-5)
3227,0.2322098,0.7677902,1,79,3) common (21-100)
3228,0.5700764,0.4299236,0,41,3) common (21-100)
3229,0.16011038,0.83988965,0,2,1) very rare (1-5)
3230,0.23044978,0.7695502,1,18,2) rare (6-20)
3231,0.8967451,0.103254914,1,5,1) very rare (1-5)
3232,0.49658826,0.50341177,0,23,3) common (21-100)
3233,0.7969172,0.2030828,0,1290,4) very common (100+)
3234,0.5780634,0.42193657,1,268,4) very common (100+)
3235,0.14456291,0.8554371,0,0,1) very rare (1-5)
3236,0.70527184,0.29472816,0,37,3) common (21-100)
3237,0.6618438,0.33815622,0,1290,4) very common (100+)
3238,0.9008068,0.099193215,0,142,4) very common (100+)
3239,0.30573538,0.69426465,1,76,3) common (21-100)
3240,0.82385117,0.17614883,1,60,3) common (21-100)
3241,0.42044607,0.57955396,1,0,1) very rare (1-5)
3242,0.2766171,0.7233829,1,66,3) common (21-100)
3243,0.3198116,0.6801884,0,3,1) very rare (1-5)
3244,0.9766604,0.02333963,0,1000,4) very common (100+)
3245,0.29421172,0.70578825,1,19,2) rare (6-20)
3246,0.9241971,0.07580292,1,66,3) common (21-100)
3247,0.4183152,0.5816848,0,4,1) very rare (1-5)
3248,0.7266829,0.2733171,1,66,3) common (21-100)
3249,0.20664339,0.7933566,1,0,1) very rare (1-5)
3250,0.7238458,0.27615422,0,20,2) rare (6-20)
3251,0.13649693,0.8635031,0,2,1) very rare (1-5)
3252,0.4168287,0.5831713,0,1070,4) very common (100+)
3253,0.9616937,0.038306296,0,1290,4) very common (100+)
3254,0.5779923,0.42200768,0,85,3) common (21-100)
3255,0.43871439,0.5612856,1,0,1) very rare (1-5)
3256,0.8836202,0.1163798,0,94,3) common (21-100)
3257,0.5883964,0.41160363,1,13,2) rare (6-20)
3258,0.9930575,0.0069425106,0,1000,4) very common (100+)
3259,0.99155664,0.008443356,0,1290,4) very common (100+)
3260,0.22027956,0.7797204,1,2,1) very rare (1-5)
3261,0.123048574,0.87695146,1,108,4) very common (100+)
3262,0.5016429,0.49835712,1,22,3) common (21-100)
3263,0.96766907,0.03233093,0,166,4) very common (100+)
3264,0.17110595,0.828894,1,0,1) very rare (1-5)
3265,0.60611117,0.39388883,1,27,3) common (21-100)
3266,0.8279124,0.17208761,0,700,4) very common (100+)
3267,0.25912473,0.74087524,0,2,1) very rare (1-5)
3268,0.44354552,0.5564545,1,1,1) very rare (1-5)
3269,0.12742598,0.87257403,1,0,1) very rare (1-5)
3270,0.103444315,0.89655566,1,0,1) very rare (1-5)
3271,0.61174834,0.38825166,1,5,1) very rare (1-5)
3272,0.38643685,0.6135632,1,8,2) rare (6-20)
3273,0.81403786,0.18596214,1,1070,4) very common (100+)
3274,0.5596984,0.4403016,1,166,4) very common (100+)
3275,0.84900856,0.15099144,0,1070,4) very common (100+)
3276,0.86757743,0.13242257,1,89,3) common (21-100)
3277,0.3870108,0.6129892,1,0,1) very rare (1-5)
3278,0.13016452,0.8698355,1,105,4) very common (100+)
3279,0.017842364,0.98215765,1,0,1) very rare (1-5)
3280,0.6066873,0.3933127,0,37,3) common (21-100)
3281,0.7846415,0.2153585,1,1070,4) very common (100+)
3282,0.60138965,0.39861035,1,47,3) common (21-100)
3283,0.10971665,0.89028335,1,36,3) common (21-100)
3284,0.8038786,0.1961214,0,1290,4) very common (100+)
3285,0.050574493,0.9494255,1,0,1) very rare (1-5)
3286,0.051379368,0.9486206,1,0,1) very rare (1-5)
3287,0.030671194,0.9693288,1,0,1) very rare (1-5)
3288,0.9717239,0.028276086,1,99,3) common (21-100)
3289,0.62195903,0.37804097,0,18,2) rare (6-20)
3290,0.06766165,0.93233836,1,0,1) very rare (1-5)
3291,0.2189426,0.7810574,0,12,2) rare (6-20)
3292,0.27066046,0.72933954,1,1,1) very rare (1-5)
3293,0.3934828,0.6065172,1,0,1) very rare (1-5)
3294,0.6353769,0.36462313,1,159,4) very common (100+)
3295,0.5373963,0.4626037,1,65,3) common (21-100)
3296,0.605093,0.394907,1,1070,4) very common (100+)
3297,0.1032743,0.8967257,1,0,1) very rare (1-5)
3298,0.016209848,0.98379016,1,0,1) very rare (1-5)
3299,0.42270464,0.57729536,1,15,2) rare (6-20)
3300,0.6586363,0.34136373,1,5,1) very rare (1-5)
3301,0.7485956,0.2514044,0,2,1) very rare (1-5)
3302,0.11602453,0.88397545,0,28,3) common (21-100)
3303,0.76955193,0.23044807,1,275,4) very common (100+)
3304,0.70009637,0.29990363,0,1000,4) very common (100+)
3305,0.600676,0.399324,1,0,1) very rare (1-5)
3306,0.9836817,0.016318321,0,71,3) common (21-100)
3307,0.6069655,0.39303452,1,1070,4) very common (100+)
3308,0.1621215,0.83787847,0,39,3) common (21-100)
3309,0.32576188,0.6742381,0,0,1) very rare (1-5)
3310,0.92125183,0.07874817,0,421,4) very common (100+)
3311,0.058148965,0.941851,1,14,2) rare (6-20)
3312,0.6582164,0.34178358,0,3,1) very rare (1-5)
3313,0.5142471,0.48575288,0,63,3) common (21-100)
3314,0.57004243,0.42995757,0,102,4) very common (100+)
3315,0.9013901,0.098609924,0,700,4) very common (100+)
3316,0.9791323,0.020867705,0,1000,4) very common (100+)
3317,0.116169475,0.88383055,1,1,1) very rare (1-5)
3318,0.11964665,0.88035333,1,68,3) common (21-100)
3319,0.6387439,0.36125612,1,65,3) common (21-100)
3320,0.11708522,0.8829148,1,0,1) very rare (1-5)
3321,0.9530043,0.0469957,0,1000,4) very common (100+)
3322,0.58900577,0.41099423,1,19,2) rare (6-20)
3323,0.8753062,0.12469381,0,343,4) very common (100+)
3324,0.35398623,0.64601374,1,10,2) rare (6-20)
3325,0.94130343,0.058696568,0,15,2) rare (6-20)
3326,0.09705035,0.90294963,0,16,2) rare (6-20)
3327,0.3780382,0.62196183,1,1290,4) very common (100+)
3328,0.96377885,0.036221147,0,182,4) very common (100+)
3329,0.35816157,0.64183843,1,5,1) very rare (1-5)
3330,0.6931068,0.30689323,1,1290,4) very common (100+)
3331,0.92179155,0.07820845,0,1000,4) very common (100+)
3332,0.47406453,0.5259355,1,63,3) common (21-100)
3333,0.95177674,0.048223257,0,211,4) very common (100+)
3334,0.44220465,0.55779535,0,24,3) common (21-100)
3335,0.9382526,0.061747372,0,343,4) very common (100+)
3336,0.3339953,0.66600466,1,1,1) very rare (1-5)
3337,0.42359775,0.57640225,0,2,1) very rare (1-5)
3338,0.75400317,0.24599683,0,46,3) common (21-100)
3339,0.3602471,0.63975286,1,3,1) very rare (1-5)
3340,0.8644018,0.13559818,0,25,3) common (21-100)
3341,0.51848245,0.48151755,0,86,3) common (21-100)
3342,0.6539584,0.34604162,0,24,3) common (21-100)
3343,0.2980828,0.7019172,1,1,1) very rare (1-5)
3344,0.18763728,0.81236273,0,343,4) very common (100+)
3345,0.7694403,0.2305597,1,3,1) very rare (1-5)
3346,0.43922457,0.5607754,1,0,1) very rare (1-5)
3347,0.14266737,0.85733265,1,2,1) very rare (1-5)
3348,0.019138437,0.98086154,1,2,1) very rare (1-5)
3349,0.42871004,0.57128996,1,19,2) rare (6-20)
3350,0.8769861,0.12301391,1,11,2) rare (6-20)
3351,0.11907787,0.88092214,1,0,1) very rare (1-5)
3352,0.58714896,0.41285104,0,10,2) rare (6-20)
3353,0.41800967,0.58199036,1,4,1) very rare (1-5)
3354,0.26469603,0.735304,1,29,3) common (21-100)
3355,0.3816814,0.61831856,0,14,2) rare (6-20)
3356,0.1979427,0.80205727,0,105,4) very common (100+)
3357,0.5138297,0.4861703,0,82,3) common (21-100)
3358,0.16061549,0.8393845,1,1,1) very rare (1-5)
3359,0.59119916,0.40880084,0,1070,4) very common (100+)
3360,0.49728146,0.50271857,1,24,3) common (21-100)
3361,0.8961638,0.10383618,0,11,2) rare (6-20)
3362,0.66991955,0.33008045,0,1290,4) very common (100+)
3363,0.68913764,0.31086236,0,4,1) very rare (1-5)
3364,0.4297679,0.5702321,1,178,4) very common (100+)
3365,0.87312174,0.12687826,0,1290,4) very common (100+)
3366,0.082169466,0.9178305,1,6,2) rare (6-20)
3367,0.048713908,0.9512861,1,0,1) very rare (1-5)
3368,0.10833233,0.89166766,1,19,2) rare (6-20)
3369,0.8381457,0.16185433,1,0,1) very rare (1-5)
3370,0.9747635,0.025236487,0,71,3) common (21-100)
3371,0.7467477,0.25325233,0,145,4) very common (100+)
3372,0.94002056,0.05997944,0,275,4) very common (100+)
3373,0.32521072,0.6747893,1,0,1) very rare (1-5)
3374,0.29552773,0.7044723,0,105,4) very common (100+)
3375,0.064159796,0.9358402,1,0,1) very rare (1-5)
3376,0.028694447,0.97130555,1,0,1) very rare (1-5)
3377,0.41914183,0.5808582,0,27,3) common (21-100)
3378,0.86423355,0.13576645,0,421,4) very common (100+)
3379,0.32198972,0.6780103,1,44,3) common (21-100)
3380,0.7366558,0.26334423,1,5,1) very rare (1-5)
3381,0.47863814,0.5213618,1,65,3) common (21-100)
3382,0.37120777,0.6287922,1,1,1) very rare (1-5)
3383,0.17143561,0.8285644,1,22,3) common (21-100)
3384,0.3554335,0.64456654,0,2,1) very rare (1-5)
3385,0.089736365,0.91026366,0,2,1) very rare (1-5)
3386,0.9735744,0.0264256,1,1070,4) very common (100+)
3387,0.1139127,0.8860873,1,1,1) very rare (1-5)
3388,0.029760953,0.97023904,1,0,1) very rare (1-5)
3389,0.6766077,0.32339227,0,24,3) common (21-100)
3390,0.07986914,0.92013085,1,7,2) rare (6-20)
3391,0.95839083,0.041609168,0,421,4) very common (100+)
3392,0.04541733,0.9545827,1,0,1) very rare (1-5)
3393,0.71466166,0.28533834,1,0,1) very rare (1-5)
3394,0.033080496,0.9669195,1,0,1) very rare (1-5)
3395,0.38310972,0.6168903,1,0,1) very rare (1-5)
3396,0.52344257,0.47655743,0,71,3) common (21-100)
3397,0.070565075,0.9294349,1,0,1) very rare (1-5)
3398,0.4188103,0.5811897,1,1,1) very rare (1-5)
3399,0.68940175,0.31059825,1,96,3) common (21-100)
3400,0.62251586,0.37748414,1,66,3) common (21-100)
3401,0.57206553,0.42793447,0,700,4) very common (100+)
3402,0.28067273,0.7193273,0,88,3) common (21-100)
3403,0.15048501,0.84951496,1,1,1) very rare (1-5)
3404,0.7329437,0.2670563,1,46,3) common (21-100)
3405,0.41027737,0.58972263,0,14,2) rare (6-20)
3406,0.86147356,0.13852644,0,19,2) rare (6-20)
3407,0.17087522,0.8291248,1,4,1) very rare (1-5)
3408,0.18623835,0.81376165,1,85,3) common (21-100)
3409,0.3256489,0.6743511,0,5,1) very rare (1-5)
3410,0.11014883,0.88985115,1,85,3) common (21-100)
3411,0.055754382,0.94424564,0,45,3) common (21-100)
3412,0.6665805,0.3334195,0,14,2) rare (6-20)
3413,0.2675293,0.7324707,1,261,4) very common (100+)
3414,0.9121222,0.08787781,0,10,2) rare (6-20)
3415,0.55932283,0.44067717,0,1290,4) very common (100+)
3416,0.98158973,0.018410265,0,1000,4) very common (100+)
3417,0.848956,0.15104401,0,2,1) very rare (1-5)
3418,0.22700322,0.7729968,0,1,1) very rare (1-5)
3419,0.56372434,0.43627566,0,275,4) very common (100+)
3420,0.54943895,0.45056105,1,10,2) rare (6-20)
3421,0.9136516,0.086348414,0,26,3) common (21-100)
3422,0.472628,0.527372,1,0,1) very rare (1-5)
3423,0.773774,0.22622597,0,31,3) common (21-100)
3424,0.0426766,0.9573234,1,0,1) very rare (1-5)
3425,0.97119504,0.028804958,0,1000,4) very common (100+)
3426,0.71546376,0.28453624,1,11,2) rare (6-20)
3427,0.17461602,0.82538396,1,9,2) rare (6-20)
3428,0.23695967,0.7630403,0,92,3) common (21-100)
3429,0.7320483,0.26795173,1,49,3) common (21-100)
3430,0.44078475,0.55921525,1,268,4) very common (100+)
3431,0.5562038,0.44379622,1,105,4) very common (100+)
3432,0.14334899,0.856651,1,23,3) common (21-100)
3433,0.07876364,0.92123634,1,2,1) very rare (1-5)
3434,0.27976257,0.72023743,0,43,3) common (21-100)
3435,0.151452,0.848548,0,159,4) very common (100+)
3436,0.148185,0.851815,0,2,1) very rare (1-5)
3437,0.3171295,0.6828705,1,0,1) very rare (1-5)
3438,0.23225097,0.767749,1,1,1) very rare (1-5)
3439,0.76145047,0.23854953,0,24,3) common (21-100)
3440,0.8806264,0.11937362,0,145,4) very common (100+)
3441,0.48123717,0.5187628,1,6,2) rare (6-20)
3442,0.6470418,0.3529582,0,25,3) common (21-100)
3443,0.3130765,0.6869235,0,182,4) very common (100+)
3444,0.5849636,0.41503638,0,421,4) very common (100+)
3445,0.93415755,0.06584245,0,85,3) common (21-100)
3446,0.61884075,0.38115925,0,1290,4) very common (100+)
3447,0.11287162,0.88712835,1,53,3) common (21-100)
3448,0.019246928,0.98075306,0,0,1) very rare (1-5)
3449,0.5731815,0.4268185,1,30,3) common (21-100)
3450,0.6607867,0.3392133,0,2,1) very rare (1-5)
3451,0.27756113,0.7224389,1,2,1) very rare (1-5)
3452,0.9436163,0.05638373,0,1290,4) very common (100+)
3453,0.55752003,0.44247997,1,1290,4) very common (100+)
3454,0.59668446,0.40331554,0,14,2) rare (6-20)
3455,0.7479039,0.25209612,0,4,1) very rare (1-5)
3456,0.1614475,0.8385525,0,58,3) common (21-100)
3457,0.31630433,0.6836957,1,3,1) very rare (1-5)
3458,0.8338141,0.16618592,0,700,4) very common (100+)
3459,0.114715554,0.8852844,1,146,4) very common (100+)
3460,0.62869924,0.37130076,1,11,2) rare (6-20)
3461,0.15116978,0.8488302,1,0,1) very rare (1-5)
3462,0.26259375,0.73740625,0,106,4) very common (100+)
3463,0.6707385,0.32926148,1,51,3) common (21-100)
3464,0.23612995,0.76387006,0,4,1) very rare (1-5)
3465,0.13004279,0.8699572,0,237,4) very common (100+)
3466,0.14992875,0.85007125,0,6,2) rare (6-20)
3467,0.41252026,0.5874797,0,4,1) very rare (1-5)
3468,0.85053664,0.14946336,0,274,4) very common (100+)
3469,0.21347278,0.7865272,0,40,3) common (21-100)
3470,0.6752576,0.32474238,0,11,2) rare (6-20)
3471,0.2108976,0.78910244,1,34,3) common (21-100)
3472,0.3517395,0.6482605,1,0,1) very rare (1-5)
3473,0.13807449,0.8619255,1,1,1) very rare (1-5)
3474,0.5305219,0.46947807,0,1,1) very rare (1-5)
3475,0.9040058,0.095994174,1,19,2) rare (6-20)
3476,0.89940804,0.10059196,0,178,4) very common (100+)
3477,0.51406825,0.48593175,0,1070,4) very common (100+)
3478,0.32295033,0.67704964,1,4,1) very rare (1-5)
3479,0.7675444,0.23245561,1,53,3) common (21-100)
3480,0.7430117,0.2569883,1,38,3) common (21-100)
3481,0.29179865,0.70820135,1,0,1) very rare (1-5)
3482,0.57947445,0.42052555,0,1290,4) very common (100+)
3483,0.542378,0.457622,0,81,3) common (21-100)
3484,0.63692755,0.36307245,0,1290,4) very common (100+)
3485,0.490585,0.50941503,1,146,4) very common (100+)
3486,0.07883124,0.92116874,1,3,1) very rare (1-5)
3487,0.92311436,0.07688564,1,4,1) very rare (1-5)
3488,0.057134207,0.9428658,0,2,1) very rare (1-5)
3489,0.08936796,0.910632,1,4,1) very rare (1-5)
3490,0.828537,0.17146301,0,8,2) rare (6-20)
3491,0.54893124,0.45106876,1,2,1) very rare (1-5)
3492,0.9635506,0.036449373,0,142,4) very common (100+)
3493,0.6848003,0.31519967,1,3,1) very rare (1-5)
3494,0.27140504,0.72859496,1,53,3) common (21-100)
3495,0.5356066,0.46439338,1,27,3) common (21-100)
3496,0.40270165,0.5972984,1,18,2) rare (6-20)
3497,0.6424885,0.35751152,0,10,2) rare (6-20)
3498,0.5190921,0.48090792,1,5,1) very rare (1-5)
3499,0.5855971,0.4144029,0,14,2) rare (6-20)
3500,0.16604216,0.83395785,1,1,1) very rare (1-5)
3501,0.0555937,0.9444063,1,0,1) very rare (1-5)
3502,0.9328747,0.06712532,0,5,1) very rare (1-5)
3503,0.19481774,0.8051823,0,1,1) very rare (1-5)
3504,0.9802517,0.01974827,0,1000,4) very common (100+)
3505,0.12236333,0.8776367,1,0,1) very rare (1-5)
3506,0.38204956,0.61795044,1,2,1) very rare (1-5)
3507,0.1993632,0.80063677,1,2,1) very rare (1-5)
3508,0.7050962,0.2949038,0,58,3) common (21-100)
3509,0.13618019,0.86381984,1,23,3) common (21-100)
3510,0.046153203,0.9538468,1,24,3) common (21-100)
3511,0.1790165,0.8209835,1,10,2) rare (6-20)
3512,0.30062065,0.6993793,1,0,1) very rare (1-5)
3513,0.44053003,0.55946994,0,47,3) common (21-100)
3514,0.17582305,0.82417697,0,79,3) common (21-100)
3515,0.6418516,0.3581484,1,11,2) rare (6-20)
3516,0.18291801,0.817082,0,7,2) rare (6-20)
3517,0.97365755,0.026342452,1,24,3) common (21-100)
3518,0.56501573,0.43498427,0,33,3) common (21-100)
3519,0.48202878,0.5179712,1,19,2) rare (6-20)
3520,0.16899747,0.83100253,1,142,4) very common (100+)
3521,0.28544912,0.71455085,1,69,3) common (21-100)
3522,0.9319357,0.06806427,0,142,4) very common (100+)
3523,0.4025687,0.5974313,1,66,3) common (21-100)
3524,0.8148826,0.18511742,0,89,3) common (21-100)
3525,0.5064609,0.4935391,0,166,4) very common (100+)
3526,0.096741945,0.9032581,1,0,1) very rare (1-5)
3527,0.29533547,0.7046645,0,6,2) rare (6-20)
3528,0.81497914,0.18502086,0,7,2) rare (6-20)
3529,0.81500155,0.18499845,1,11,2) rare (6-20)
3530,0.41195902,0.58804095,0,700,4) very common (100+)
3531,0.7564943,0.24350572,0,261,4) very common (100+)
3532,0.9895979,0.010402083,0,1000,4) very common (100+)
3533,0.33902448,0.6609755,0,100,3) common (21-100)
3534,0.70887285,0.29112715,1,1,1) very rare (1-5)
3535,0.5215012,0.47849882,0,105,4) very common (100+)
3536,0.5343047,0.46569532,0,84,3) common (21-100)
3537,0.5988887,0.4011113,1,36,3) common (21-100)
3538,0.7752714,0.22472858,0,2,1) very rare (1-5)
3539,0.12485423,0.8751458,1,7,2) rare (6-20)
3540,0.7805751,0.2194249,1,30,3) common (21-100)
3541,0.46217218,0.53782785,0,142,4) very common (100+)
3542,0.09062158,0.9093784,0,1,1) very rare (1-5)
3543,0.39132443,0.6086756,0,15,2) rare (6-20)
3544,0.036763206,0.9632368,1,3,1) very rare (1-5)
3545,0.2881531,0.7118469,0,3,1) very rare (1-5)
3546,0.67112327,0.32887673,1,0,1) very rare (1-5)
3547,0.34327614,0.65672386,1,2,1) very rare (1-5)
3548,0.71936065,0.28063935,0,700,4) very common (100+)
3549,0.60493827,0.39506173,0,123,4) very common (100+)
3550,0.76277536,0.23722464,1,19,2) rare (6-20)
3551,0.038085844,0.9619142,0,0,1) very rare (1-5)
3552,0.79397213,0.20602787,0,1,1) very rare (1-5)
3553,0.6391037,0.3608963,1,1070,4) very common (100+)
3554,0.94038695,0.05961305,1,18,2) rare (6-20)
3555,0.8126879,0.18731213,0,700,4) very common (100+)
3556,0.16747406,0.83252597,1,2,1) very rare (1-5)
3557,0.10130611,0.8986939,1,94,3) common (21-100)
3558,0.056808922,0.94319105,1,2,1) very rare (1-5)
3559,0.9910116,0.00898838,0,142,4) very common (100+)
3560,0.6591795,0.3408205,0,22,3) common (21-100)
3561,0.28733367,0.71266633,0,4,1) very rare (1-5)
3562,0.19107302,0.808927,1,0,1) very rare (1-5)
3563,0.80665255,0.19334745,1,0,1) very rare (1-5)
3564,0.10793963,0.8920604,0,2,1) very rare (1-5)
3565,0.72221434,0.27778566,0,700,4) very common (100+)
3566,0.36682415,0.63317585,1,268,4) very common (100+)
3567,0.94700027,0.052999735,1,0,1) very rare (1-5)
3568,0.90720934,0.09279066,1,99,3) common (21-100)
3569,0.13044734,0.8695527,0,20,2) rare (6-20)
3570,0.885493,0.11450702,0,1000,4) very common (100+)
3571,0.6092457,0.39075428,1,1070,4) very common (100+)
3572,0.98475385,0.015246153,1,19,2) rare (6-20)
3573,0.069022395,0.9309776,1,0,1) very rare (1-5)
3574,0.7456106,0.2543894,0,1290,4) very common (100+)
3575,0.15126145,0.84873855,1,0,1) very rare (1-5)
3576,0.11024798,0.88975203,1,5,1) very rare (1-5)
3577,0.6173093,0.38269073,0,91,3) common (21-100)
3578,0.7404904,0.25950962,1,11,2) rare (6-20)
3579,0.1507608,0.84923923,1,2,1) very rare (1-5)
3580,0.8577896,0.14221042,0,1290,4) very common (100+)
3581,0.20977539,0.7902246,1,0,1) very rare (1-5)
3582,0.77036405,0.22963595,0,1,1) very rare (1-5)
3583,0.28170878,0.7182912,1,81,3) common (21-100)
3584,0.78471285,0.21528715,0,12,2) rare (6-20)
3585,0.9984522,0.0015478134,1,211,4) very common (100+)
3586,0.5911826,0.4088174,1,13,2) rare (6-20)
3587,0.5431439,0.45685607,1,8,2) rare (6-20)
3588,0.991967,0.008032978,0,99,3) common (21-100)
3589,0.97910666,0.020893335,0,118,4) very common (100+)
3590,0.8893481,0.11065191,0,1000,4) very common (100+)
3591,0.6549151,0.3450849,0,1070,4) very common (100+)
3592,0.6981737,0.3018263,1,100,3) common (21-100)
3593,0.2864765,0.7135235,1,3,1) very rare (1-5)
3594,0.25573683,0.7442632,1,0,1) very rare (1-5)
3595,0.34957457,0.65042543,1,14,2) rare (6-20)
3596,0.8573029,0.1426971,0,111,4) very common (100+)
3597,0.9767702,0.023229778,0,28,3) common (21-100)
3598,0.7323926,0.2676074,0,21,3) common (21-100)
3599,0.42827633,0.5717237,0,23,3) common (21-100)
3600,0.12490628,0.8750937,0,1,1) very rare (1-5)
3601,0.457513,0.542487,1,1,1) very rare (1-5)
3602,0.89343053,0.10656947,0,1070,4) very common (100+)
3603,0.6837564,0.3162436,0,7,2) rare (6-20)
3604,0.9022042,0.097795784,0,261,4) very common (100+)
3605,0.66874784,0.33125216,1,18,2) rare (6-20)
3606,0.094349466,0.90565056,1,1,1) very rare (1-5)
3607,0.54381317,0.45618683,0,223,4) very common (100+)
3608,0.19477117,0.8052288,0,2,1) very rare (1-5)
3609,0.2503994,0.7496006,1,7,2) rare (6-20)
3610,0.36737013,0.6326299,0,0,1) very rare (1-5)
3611,0.14746736,0.8525326,0,2,1) very rare (1-5)
3612,0.6584792,0.3415208,0,28,3) common (21-100)
3613,0.23814824,0.7618518,1,3,1) very rare (1-5)
3614,0.5145887,0.4854113,1,85,3) common (21-100)
3615,0.87182385,0.12817615,0,51,3) common (21-100)
3616,0.6845633,0.31543672,0,261,4) very common (100+)
3617,0.29883957,0.70116043,0,12,2) rare (6-20)
3618,0.33699468,0.66300535,0,9,2) rare (6-20)
3619,0.2024774,0.7975226,1,700,4) very common (100+)
3620,0.5089937,0.4910063,0,1070,4) very common (100+)
3621,0.30160245,0.6983975,1,17,2) rare (6-20)
3622,0.36263007,0.63736993,1,2,1) very rare (1-5)
3623,0.29585704,0.7041429,1,0,1) very rare (1-5)
3624,0.47935298,0.52064705,1,1,1) very rare (1-5)
3625,0.08361487,0.9163851,1,0,1) very rare (1-5)
3626,0.8630185,0.13698149,0,1000,4) very common (100+)
3627,0.8364192,0.16358078,0,123,4) very common (100+)
3628,0.86434,0.13566,0,211,4) very common (100+)
3629,0.72255415,0.27744585,0,38,3) common (21-100)
3630,0.9245416,0.07545841,1,66,3) common (21-100)
3631,0.91563517,0.08436483,0,166,4) very common (100+)
3632,0.08345125,0.9165487,1,2,1) very rare (1-5)
3633,0.3309852,0.6690148,1,18,2) rare (6-20)
3634,0.5800358,0.4199642,0,118,4) very common (100+)
3635,0.8769189,0.12308109,0,33,3) common (21-100)
3636,0.3637778,0.63622224,1,2,1) very rare (1-5)
3637,0.08838165,0.91161835,1,7,2) rare (6-20)
3638,0.5916914,0.40830863,0,99,3) common (21-100)
3639,0.303319,0.696681,1,0,1) very rare (1-5)
3640,0.04223126,0.95776874,1,0,1) very rare (1-5)
3641,0.3665195,0.6334805,0,237,4) very common (100+)
3642,0.5886663,0.41133368,0,71,3) common (21-100)
3643,0.73348784,0.26651216,0,166,4) very common (100+)
3644,0.34344864,0.65655136,0,14,2) rare (6-20)
3645,0.42925817,0.57074183,0,39,3) common (21-100)
3646,0.17364296,0.826357,1,0,1) very rare (1-5)
3647,0.16218294,0.8378171,0,3,1) very rare (1-5)
3648,0.04516327,0.9548367,1,6,2) rare (6-20)
3649,0.2682037,0.73179626,0,2,1) very rare (1-5)
3650,0.28189093,0.7181091,0,4,1) very rare (1-5)
3651,0.60072434,0.39927566,0,0,1) very rare (1-5)
3652,0.98183984,0.018160164,0,211,4) very common (100+)
3653,0.19415574,0.80584425,1,0,1) very rare (1-5)
3654,0.3459952,0.6540048,1,8,2) rare (6-20)
3655,0.21654163,0.78345835,1,0,1) very rare (1-5)
3656,0.027902596,0.9720974,1,58,3) common (21-100)
3657,0.5254783,0.4745217,0,20,2) rare (6-20)
3658,0.8267224,0.17327762,0,89,3) common (21-100)
3659,0.21785715,0.7821429,1,4,1) very rare (1-5)
3660,0.70630056,0.29369944,1,1,1) very rare (1-5)
3661,0.055101696,0.9448983,1,0,1) very rare (1-5)
3662,0.7097611,0.29023892,0,15,2) rare (6-20)
3663,0.5835534,0.41644663,1,12,2) rare (6-20)
3664,0.8014019,0.19859809,0,56,3) common (21-100)
3665,0.06445304,0.93554693,1,1,1) very rare (1-5)
3666,0.1593458,0.8406542,1,37,3) common (21-100)
3667,0.9419329,0.058067083,0,211,4) very common (100+)
3668,0.7208296,0.2791704,1,0,1) very rare (1-5)
3669,0.88686895,0.11313105,0,24,3) common (21-100)
3670,0.089868374,0.91013163,0,22,3) common (21-100)
3671,0.8366724,0.16332757,0,63,3) common (21-100)
3672,0.114268586,0.8857314,1,0,1) very rare (1-5)
3673,0.38230732,0.6176927,0,142,4) very common (100+)
3674,0.92515254,0.07484746,0,1070,4) very common (100+)
3675,0.5087621,0.49123788,1,4,1) very rare (1-5)
3676,0.655025,0.344975,0,79,3) common (21-100)
3677,0.37090614,0.6290939,1,14,2) rare (6-20)
3678,0.40656647,0.5934335,0,18,2) rare (6-20)
3679,0.3773898,0.6226102,1,2,1) very rare (1-5)
3680,0.2661398,0.7338602,1,68,3) common (21-100)
3681,0.56852037,0.43147963,1,89,3) common (21-100)
3682,0.74494463,0.25505537,0,17,2) rare (6-20)
3683,0.5741013,0.42589867,0,65,3) common (21-100)
3684,0.051779546,0.94822043,1,1,1) very rare (1-5)
3685,0.4278539,0.57214606,1,3,1) very rare (1-5)
3686,0.99572325,0.0042767525,0,1000,4) very common (100+)
3687,0.4764943,0.5235057,1,69,3) common (21-100)
3688,0.41441032,0.58558965,0,19,2) rare (6-20)
3689,0.46830773,0.53169227,1,1,1) very rare (1-5)
3690,0.7329044,0.26709563,1,1,1) very rare (1-5)
3691,0.7778974,0.22210258,0,91,3) common (21-100)
3692,0.8034079,0.19659209,0,178,4) very common (100+)
3693,0.90097237,0.09902763,0,33,3) common (21-100)
3694,0.069261245,0.93073875,1,0,1) very rare (1-5)
3695,0.9930159,0.0069841146,1,142,4) very common (100+)
3696,0.84294,0.15706003,0,0,1) very rare (1-5)
3697,0.23373857,0.76626146,1,8,2) rare (6-20)
3698,0.36232284,0.6376772,0,42,3) common (21-100)
3699,0.03921704,0.96078295,0,15,2) rare (6-20)
3700,0.6277363,0.37226373,0,166,4) very common (100+)
3701,0.10701064,0.89298934,0,4,1) very rare (1-5)
3702,0.32522425,0.6747757,1,0,1) very rare (1-5)
3703,0.37937436,0.6206256,0,4,1) very rare (1-5)
3704,0.96534204,0.034657955,0,1000,4) very common (100+)
3705,0.19966441,0.8003356,1,21,3) common (21-100)
3706,0.4980243,0.50197566,0,42,3) common (21-100)
3707,0.5285623,0.4714377,0,106,4) very common (100+)
3708,0.2533867,0.74661326,0,23,3) common (21-100)
3709,0.91271514,0.08728486,0,211,4) very common (100+)
3710,0.8570514,0.14294863,1,21,3) common (21-100)
3711,0.8472933,0.15270668,0,700,4) very common (100+)
3712,0.88597417,0.11402583,0,700,4) very common (100+)
3713,0.8721485,0.12785149,1,16,2) rare (6-20)
3714,0.39982453,0.6001755,1,1,1) very rare (1-5)
3715,0.83103156,0.16896844,0,2,1) very rare (1-5)
3716,0.1975286,0.8024714,1,0,1) very rare (1-5)
3717,0.08713099,0.912869,0,14,2) rare (6-20)
3718,0.8759992,0.12400079,0,42,3) common (21-100)
3719,0.9338745,0.06612551,0,91,3) common (21-100)
3720,0.6912354,0.30876458,0,10,2) rare (6-20)
3721,0.5749969,0.4250031,1,0,1) very rare (1-5)
3722,0.22737937,0.7726206,1,7,2) rare (6-20)
3723,0.87016183,0.12983817,0,182,4) very common (100+)
3724,0.3757234,0.62427664,0,275,4) very common (100+)
3725,0.90428406,0.09571594,0,1000,4) very common (100+)
3726,0.8605903,0.13940972,0,1290,4) very common (100+)
3727,0.42829105,0.5717089,1,50,3) common (21-100)
3728,0.9766248,0.023375213,1,66,3) common (21-100)
3729,0.7017048,0.2982952,1,0,1) very rare (1-5)
3730,0.8322318,0.16776818,0,56,3) common (21-100)
3731,0.60851157,0.39148843,0,1070,4) very common (100+)
3732,0.84003615,0.15996385,0,1290,4) very common (100+)
3733,0.14173798,0.858262,1,16,2) rare (6-20)
3734,0.9379197,0.062080324,0,1000,4) very common (100+)
3735,0.30957025,0.69042975,1,0,1) very rare (1-5)
3736,0.4550677,0.5449323,0,1,1) very rare (1-5)
3737,0.7823801,0.2176199,0,1,1) very rare (1-5)
3738,0.43043873,0.56956124,1,1,1) very rare (1-5)
3739,0.0467228,0.95327723,1,3,1) very rare (1-5)
3740,0.5329206,0.4670794,0,3,1) very rare (1-5)
3741,0.74784505,0.25215495,0,24,3) common (21-100)
3742,0.49125025,0.5087497,0,1290,4) very common (100+)
3743,0.5972944,0.4027056,0,14,2) rare (6-20)
3744,0.37255782,0.6274422,1,21,3) common (21-100)
3745,0.926884,0.073116004,1,1,1) very rare (1-5)
3746,0.20086142,0.79913855,1,0,1) very rare (1-5)
3747,0.33082786,0.66917217,1,6,2) rare (6-20)
3748,0.15799657,0.84200346,0,19,2) rare (6-20)
3749,0.63286465,0.36713535,0,700,4) very common (100+)
3750,0.64282495,0.35717505,1,3,1) very rare (1-5)
3751,0.98918706,0.010812938,0,39,3) common (21-100)
3752,0.6932793,0.30672067,1,0,1) very rare (1-5)
3753,0.7820165,0.21798348,1,0,1) very rare (1-5)
3754,0.42450738,0.5754926,0,5,1) very rare (1-5)
3755,0.14375067,0.85624933,1,47,3) common (21-100)
3756,0.5470161,0.45298392,1,1,1) very rare (1-5)
3757,0.06087367,0.9391263,1,3,1) very rare (1-5)
3758,0.8377096,0.1622904,0,39,3) common (21-100)
3759,0.23368944,0.7663106,0,3,1) very rare (1-5)
3760,0.016695788,0.9833042,1,0,1) very rare (1-5)
3761,0.4526016,0.5473984,1,5,1) very rare (1-5)
3762,0.037398733,0.96260124,1,0,1) very rare (1-5)
3763,0.6960976,0.3039024,0,275,4) very common (100+)
3764,0.05701466,0.94298536,1,0,1) very rare (1-5)
3765,0.515931,0.484069,0,72,3) common (21-100)
3766,0.22555318,0.77444685,1,28,3) common (21-100)
3767,0.20888193,0.7911181,1,2,1) very rare (1-5)
3768,0.5173213,0.4826787,0,7,2) rare (6-20)
3769,0.050728682,0.9492713,1,8,2) rare (6-20)
3770,0.024833238,0.97516674,1,0,1) very rare (1-5)
3771,0.4970825,0.5029175,1,5,1) very rare (1-5)
3772,0.6290856,0.3709144,1,1,1) very rare (1-5)
3773,0.037375268,0.9626247,0,0,1) very rare (1-5)
3774,0.40712133,0.5928787,1,10,2) rare (6-20)
3775,0.2556401,0.7443599,0,68,3) common (21-100)
3776,0.050884377,0.94911563,1,1,1) very rare (1-5)
3777,0.9390374,0.060962617,1,7,2) rare (6-20)
3778,0.028493827,0.9715062,1,0,1) very rare (1-5)
3779,0.5215023,0.47849768,0,25,3) common (21-100)
3780,0.5590616,0.4409384,0,96,3) common (21-100)
3781,0.99012977,0.009870231,0,99,3) common (21-100)
3782,0.4416906,0.55830944,1,55,3) common (21-100)
3783,0.84318626,0.15681374,0,0,1) very rare (1-5)
3784,0.04354156,0.95645845,1,123,4) very common (100+)
3785,0.3231539,0.6768461,0,79,3) common (21-100)
3786,0.084531926,0.9154681,1,0,1) very rare (1-5)
3787,0.6066502,0.39334983,1,3,1) very rare (1-5)
3788,0.23133743,0.7686626,0,5,1) very rare (1-5)
3789,0.044349477,0.9556505,1,0,1) very rare (1-5)
3790,0.51213175,0.48786825,1,118,4) very common (100+)
3791,0.33196005,0.6680399,0,27,3) common (21-100)
3792,0.2780032,0.7219968,0,14,2) rare (6-20)
3793,0.8474641,0.15253592,0,56,3) common (21-100)
3794,0.12120051,0.8787995,0,3,1) very rare (1-5)
3795,0.7491747,0.2508253,0,7,2) rare (6-20)
3796,0.6698154,0.33018458,0,107,4) very common (100+)
3797,0.97740585,0.022594154,0,44,3) common (21-100)
3798,0.62427187,0.37572813,0,0,1) very rare (1-5)
3799,0.8191122,0.18088782,0,46,3) common (21-100)
3800,0.6079022,0.39209777,0,17,2) rare (6-20)
3801,0.3477795,0.6522205,1,1,1) very rare (1-5)
3802,0.11181107,0.88818896,1,4,1) very rare (1-5)
3803,0.37883744,0.62116253,1,0,1) very rare (1-5)
3804,0.733018,0.26698202,1,3,1) very rare (1-5)
3805,0.27977747,0.72022253,1,0,1) very rare (1-5)
3806,0.20154428,0.7984557,1,0,1) very rare (1-5)
3807,0.90015846,0.099841535,1,8,2) rare (6-20)
3808,0.09584823,0.9041518,1,66,3) common (21-100)
3809,0.21053606,0.78946394,1,0,1) very rare (1-5)
3810,0.22597525,0.7740247,1,63,3) common (21-100)
3811,0.32755947,0.6724405,1,0,1) very rare (1-5)
3812,0.65200895,0.34799105,0,1,1) very rare (1-5)
3813,0.5298583,0.4701417,0,700,4) very common (100+)
3814,0.7647491,0.23525089,0,2,1) very rare (1-5)
3815,0.30124763,0.6987524,1,7,2) rare (6-20)
3816,0.89655215,0.103447855,0,223,4) very common (100+)
3817,0.081597336,0.9184027,1,0,1) very rare (1-5)
3818,0.73922354,0.26077646,1,2,1) very rare (1-5)
3819,0.88373137,0.116268635,0,146,4) very common (100+)
3820,0.40286034,0.59713966,0,5,1) very rare (1-5)
3821,0.7389165,0.26108348,0,1000,4) very common (100+)
3822,0.8682141,0.13178593,0,92,3) common (21-100)
3823,0.30571112,0.69428885,0,15,2) rare (6-20)
3824,0.6884585,0.3115415,0,343,4) very common (100+)
3825,0.9593774,0.040622592,0,118,4) very common (100+)
3826,0.9824979,0.01750213,1,19,2) rare (6-20)
3827,0.5518774,0.44812262,1,0,1) very rare (1-5)
3828,0.9050788,0.09492117,0,134,4) very common (100+)
3829,0.5551745,0.44482547,0,17,2) rare (6-20)
3830,0.56725,0.43275,1,107,4) very common (100+)
3831,0.082737625,0.9172624,1,1,1) very rare (1-5)
3832,0.23327944,0.76672053,0,1,1) very rare (1-5)
3833,0.36991122,0.6300888,1,85,3) common (21-100)
3834,0.6749999,0.3250001,1,0,1) very rare (1-5)
3835,0.094122626,0.90587735,1,0,1) very rare (1-5)
3836,0.5145462,0.48545378,1,0,1) very rare (1-5)
3837,0.24063477,0.7593652,1,2,1) very rare (1-5)
3838,0.23092301,0.769077,0,178,4) very common (100+)
3839,0.1442641,0.8557359,1,108,4) very common (100+)
3840,0.43575174,0.56424826,1,27,3) common (21-100)
3841,0.9416785,0.058321476,0,1000,4) very common (100+)
3842,0.7244829,0.2755171,0,91,3) common (21-100)
3843,0.83760726,0.16239274,0,10,2) rare (6-20)
3844,0.040361084,0.9596389,1,6,2) rare (6-20)
3845,0.1488386,0.8511614,0,1,1) very rare (1-5)
3846,0.04797214,0.95202786,1,12,2) rare (6-20)
3847,0.11474208,0.8852579,0,5,1) very rare (1-5)
3848,0.46719262,0.53280735,0,223,4) very common (100+)
3849,0.8473433,0.15265667,0,1000,4) very common (100+)
3850,0.1746503,0.8253497,1,44,3) common (21-100)
3851,0.43517807,0.56482196,1,27,3) common (21-100)
3852,0.22800015,0.77199984,0,84,3) common (21-100)
3853,0.33354974,0.66645026,1,3,1) very rare (1-5)
3854,0.54055387,0.45944613,1,1,1) very rare (1-5)
3855,0.3938482,0.6061518,1,268,4) very common (100+)
3856,0.8080602,0.19193977,0,6,2) rare (6-20)
3857,0.71451724,0.28548276,0,35,3) common (21-100)
3858,0.94082445,0.05917555,0,17,2) rare (6-20)
3859,0.96663386,0.033366144,0,1000,4) very common (100+)
3860,0.08845986,0.91154015,0,5,1) very rare (1-5)
3861,0.31164324,0.68835676,0,13,2) rare (6-20)
3862,0.06305628,0.9369437,0,38,3) common (21-100)
3863,0.45013744,0.54986256,1,0,1) very rare (1-5)
3864,0.011592449,0.98840755,1,0,1) very rare (1-5)
3865,0.46965587,0.5303441,0,15,2) rare (6-20)
3866,0.7650011,0.23499888,0,1290,4) very common (100+)
3867,0.5855746,0.41442537,1,0,1) very rare (1-5)
3868,0.71752316,0.28247684,1,142,4) very common (100+)
3869,0.9503073,0.04969269,0,700,4) very common (100+)
3870,0.54493904,0.45506096,1,66,3) common (21-100)
3871,0.97970176,0.020298243,0,1000,4) very common (100+)
3872,0.97928613,0.020713866,0,39,3) common (21-100)
3873,0.666428,0.33357197,0,5,1) very rare (1-5)
3874,0.22904561,0.7709544,0,16,2) rare (6-20)
3875,0.13492164,0.86507833,1,0,1) very rare (1-5)
3876,0.7974885,0.20251149,1,275,4) very common (100+)
3877,0.44958627,0.5504137,0,142,4) very common (100+)
3878,0.49342147,0.50657856,0,7,2) rare (6-20)
3879,0.18141232,0.81858766,0,0,1) very rare (1-5)
3880,0.54279286,0.45720714,0,1070,4) very common (100+)
3881,0.45000967,0.5499903,0,15,2) rare (6-20)
3882,0.08275878,0.9172412,1,0,1) very rare (1-5)
3883,0.8034808,0.1965192,0,78,3) common (21-100)
3884,0.07614058,0.9238594,1,0,1) very rare (1-5)
3885,0.048717085,0.9512829,1,0,1) very rare (1-5)
3886,0.4332752,0.5667248,0,5,1) very rare (1-5)
3887,0.99155176,0.008448243,0,35,3) common (21-100)
3888,0.799614,0.20038599,1,118,4) very common (100+)
3889,0.7629719,0.23702812,1,1070,4) very common (100+)
3890,0.22196247,0.77803755,0,26,3) common (21-100)
3891,0.91132015,0.08867985,0,1000,4) very common (100+)
3892,0.74919057,0.25080943,0,3,1) very rare (1-5)
3893,0.013031849,0.98696816,1,0,1) very rare (1-5)
3894,0.15676688,0.8432331,1,102,4) very common (100+)
3895,0.5664588,0.43354118,1,76,3) common (21-100)
3896,0.33843368,0.6615663,0,63,3) common (21-100)
3897,0.49502274,0.5049772,0,134,4) very common (100+)
3898,0.82846344,0.17153656,0,1000,4) very common (100+)
3899,0.96116227,0.03883773,1,1,1) very rare (1-5)
3900,0.68373567,0.31626433,1,4,1) very rare (1-5)
3901,0.55657995,0.44342005,0,69,3) common (21-100)
3902,0.60343045,0.39656955,1,237,4) very common (100+)
3903,0.2923418,0.7076582,0,0,1) very rare (1-5)
3904,0.9600053,0.039994717,0,11,2) rare (6-20)
3905,0.9781869,0.021813095,0,69,3) common (21-100)
3906,0.44751793,0.55248207,1,14,2) rare (6-20)
3907,0.8265456,0.1734544,0,1,1) very rare (1-5)
3908,0.1763319,0.8236681,1,5,1) very rare (1-5)
3909,0.12543873,0.87456125,1,7,2) rare (6-20)
3910,0.47852263,0.52147734,1,1070,4) very common (100+)
3911,0.72909045,0.27090955,1,65,3) common (21-100)
3912,0.087460324,0.91253966,1,0,1) very rare (1-5)
3913,0.24784833,0.75215167,1,4,1) very rare (1-5)
3914,0.6213851,0.3786149,0,84,3) common (21-100)
3915,0.8804984,0.11950159,1,0,1) very rare (1-5)
3916,0.73225844,0.26774156,1,34,3) common (21-100)
3917,0.55383575,0.44616425,1,118,4) very common (100+)
3918,0.8893565,0.110643506,1,3,1) very rare (1-5)
3919,0.85043085,0.14956915,1,2,1) very rare (1-5)
3920,0.30026743,0.69973254,0,14,2) rare (6-20)
3921,0.8805878,0.119412184,0,7,2) rare (6-20)
3922,0.1021085,0.8978915,1,0,1) very rare (1-5)
3923,0.1336849,0.8663151,1,70,3) common (21-100)
3924,0.75223124,0.24776876,1,68,3) common (21-100)
3925,0.8838516,0.11614841,1,4,1) very rare (1-5)
3926,0.43122044,0.5687796,0,1290,4) very common (100+)
3927,0.3658195,0.6341805,0,3,1) very rare (1-5)
3928,0.69522876,0.30477124,1,11,2) rare (6-20)
3929,0.44179142,0.5582086,0,21,3) common (21-100)
3930,0.50353503,0.49646497,0,0,1) very rare (1-5)
3931,0.14077012,0.85922986,1,6,2) rare (6-20)
3932,0.1415823,0.8584177,1,0,1) very rare (1-5)
3933,0.3325868,0.66741323,1,4,1) very rare (1-5)
3934,0.44603464,0.55396533,1,1070,4) very common (100+)
3935,0.20724194,0.79275805,1,2,1) very rare (1-5)
3936,0.18400015,0.81599987,1,76,3) common (21-100)
3937,0.73570704,0.26429296,0,14,2) rare (6-20)
3938,0.104836844,0.8951632,0,44,3) common (21-100)
3939,0.3947062,0.6052938,1,8,2) rare (6-20)
3940,0.41041362,0.5895864,1,105,4) very common (100+)
3941,0.15060014,0.84939986,1,53,3) common (21-100)
3942,0.32654575,0.6734543,0,142,4) very common (100+)
3943,0.2284907,0.7715093,0,0,1) very rare (1-5)
3944,0.8155676,0.18443239,1,81,3) common (21-100)
3945,0.15340394,0.84659606,1,1,1) very rare (1-5)
3946,0.74818736,0.25181264,0,84,3) common (21-100)
3947,0.29375565,0.70624435,0,21,3) common (21-100)
3948,0.26819864,0.7318014,0,123,4) very common (100+)
3949,0.05275599,0.947244,1,0,1) very rare (1-5)
3950,0.5948143,0.4051857,0,38,3) common (21-100)
3951,0.9916931,0.0083069205,0,78,3) common (21-100)
3952,0.25544807,0.7445519,0,159,4) very common (100+)
3953,0.2716361,0.7283639,0,5,1) very rare (1-5)
3954,0.4186635,0.5813365,0,25,3) common (21-100)
3955,0.44354478,0.55645525,0,5,1) very rare (1-5)
3956,0.049201023,0.950799,1,10,2) rare (6-20)
3957,0.35661092,0.6433891,0,18,2) rare (6-20)
3958,0.5334336,0.46656638,1,160,4) very common (100+)
3959,0.39429432,0.6057057,0,134,4) very common (100+)
3960,0.88252795,0.11747205,1,4,1) very rare (1-5)
3961,0.52800226,0.47199774,0,9,2) rare (6-20)
3962,0.8849621,0.11503792,1,76,3) common (21-100)
3963,0.14041974,0.8595803,0,6,2) rare (6-20)
3964,0.5940053,0.4059947,0,343,4) very common (100+)
3965,0.5502606,0.4497394,0,261,4) very common (100+)
3966,0.5803587,0.41964132,1,2,1) very rare (1-5)
3967,0.05515085,0.94484913,1,0,1) very rare (1-5)
3968,0.9699249,0.030075073,0,372,4) very common (100+)
3969,0.53919756,0.46080244,1,42,3) common (21-100)
3970,0.32700795,0.67299205,1,1,1) very rare (1-5)
3971,0.33450198,0.665498,0,0,1) very rare (1-5)
3972,0.06250709,0.9374929,0,0,1) very rare (1-5)
3973,0.93473977,0.06526023,0,134,4) very common (100+)
3974,0.4679477,0.5320523,0,0,1) very rare (1-5)
3975,0.7862052,0.21379483,1,3,1) very rare (1-5)
3976,0.7503817,0.24961829,0,5,1) very rare (1-5)
3977,0.5576107,0.4423893,1,107,4) very common (100+)
3978,0.3444332,0.6555668,0,261,4) very common (100+)
3979,0.68904686,0.31095314,0,1290,4) very common (100+)
3980,0.23166583,0.76833415,1,51,3) common (21-100)
3981,0.7891883,0.21081167,1,107,4) very common (100+)
3982,0.6279928,0.3720072,0,275,4) very common (100+)
3983,0.83754283,0.16245717,1,2,1) very rare (1-5)
3984,0.12394892,0.87605107,1,0,1) very rare (1-5)
3985,0.74730635,0.25269365,0,237,4) very common (100+)
3986,0.24179474,0.7582053,1,14,2) rare (6-20)
3987,0.6845364,0.3154636,0,10,2) rare (6-20)
3988,0.20722316,0.7927768,1,0,1) very rare (1-5)
3989,0.06445645,0.93554354,1,0,1) very rare (1-5)
3990,0.2127159,0.78728414,1,6,2) rare (6-20)
3991,0.89694804,0.10305196,0,145,4) very common (100+)
3992,0.113218844,0.88678116,1,17,2) rare (6-20)
3993,0.98672533,0.01327467,0,89,3) common (21-100)
3994,0.9174067,0.08259332,0,96,3) common (21-100)
3995,0.21135889,0.7886411,0,32,3) common (21-100)
3996,0.31070653,0.6892935,1,178,4) very common (100+)
3997,0.08025292,0.91974705,1,5,1) very rare (1-5)
3998,0.5070977,0.49290228,0,0,1) very rare (1-5)
3999,0.83075863,0.16924137,0,166,4) very common (100+)
4000,0.56394726,0.43605274,0,261,4) very common (100+)
4001,0.90468496,0.09531504,0,9,2) rare (6-20)
4002,0.23171212,0.7682879,1,0,1) very rare (1-5)
4003,0.7897438,0.21025622,0,46,3) common (21-100)
4004,0.46710745,0.5328926,1,2,1) very rare (1-5)
4005,0.5432892,0.45671082,1,69,3) common (21-100)
4006,0.8974094,0.10259062,0,22,3) common (21-100)
4007,0.47811702,0.521883,1,1,1) very rare (1-5)
4008,0.22174062,0.7782594,1,14,2) rare (6-20)
4009,0.5738907,0.4261093,0,1070,4) very common (100+)
4010,0.8140878,0.18591219,0,106,4) very common (100+)
4011,0.74185145,0.25814855,0,1290,4) very common (100+)
4012,0.12227305,0.877727,1,0,1) very rare (1-5)
4013,0.18881358,0.81118643,0,66,3) common (21-100)
4014,0.117309734,0.88269025,1,20,2) rare (6-20)
4015,0.9253494,0.074650586,0,66,3) common (21-100)
4016,0.37693712,0.62306285,0,275,4) very common (100+)
4017,0.36481866,0.6351813,1,19,2) rare (6-20)
4018,0.6396803,0.36031967,0,421,4) very common (100+)
4019,0.75090975,0.24909025,0,2,1) very rare (1-5)
4020,0.58891314,0.41108686,1,2,1) very rare (1-5)
4021,0.7323091,0.2676909,1,1,1) very rare (1-5)
4022,0.43361822,0.5663818,1,21,3) common (21-100)
4023,0.3609263,0.6390737,1,38,3) common (21-100)
4024,0.21891803,0.781082,0,6,2) rare (6-20)
4025,0.16552845,0.8344716,0,1,1) very rare (1-5)
4026,0.2667005,0.7332995,1,1,1) very rare (1-5)
4027,0.9763583,0.023641706,0,94,3) common (21-100)
4028,0.4857623,0.5142377,1,1290,4) very common (100+)
4029,0.70674133,0.29325867,1,0,1) very rare (1-5)
4030,0.14643392,0.85356605,0,5,1) very rare (1-5)
4031,0.13005722,0.8699428,0,2,1) very rare (1-5)
4032,0.98788923,0.01211077,1,1,1) very rare (1-5)
4033,0.12208145,0.87791854,1,3,1) very rare (1-5)
4034,0.359263,0.640737,1,0,1) very rare (1-5)
4035,0.9476462,0.0523538,1,81,3) common (21-100)
4036,0.23040079,0.7695992,0,36,3) common (21-100)
4037,0.10584978,0.8941502,1,1,1) very rare (1-5)
4038,0.34006265,0.6599374,1,0,1) very rare (1-5)
4039,0.16983896,0.83016104,1,75,3) common (21-100)
4040,0.5541205,0.44587952,0,43,3) common (21-100)
4041,0.12759444,0.8724055,1,0,1) very rare (1-5)
4042,0.81638306,0.18361694,0,17,2) rare (6-20)
4043,0.16933705,0.83066297,1,10,2) rare (6-20)
4044,0.9626975,0.037302494,1,0,1) very rare (1-5)
4045,0.76265234,0.23734766,1,17,2) rare (6-20)
4046,0.5815789,0.4184211,0,76,3) common (21-100)
4047,0.9163526,0.08364737,0,275,4) very common (100+)
4048,0.4777552,0.5222448,1,13,2) rare (6-20)
4049,0.16862199,0.831378,1,39,3) common (21-100)
4050,0.76726973,0.23273027,0,79,3) common (21-100)
4051,0.5914035,0.40859652,0,1,1) very rare (1-5)
4052,0.9559262,0.04407382,0,1000,4) very common (100+)
4053,0.7910329,0.20896709,0,91,3) common (21-100)
4054,0.37450752,0.62549245,1,3,1) very rare (1-5)
4055,0.60793585,0.39206415,0,44,3) common (21-100)
4056,0.9175997,0.08240032,0,1290,4) very common (100+)
4057,0.78419703,0.21580297,0,17,2) rare (6-20)
4058,0.4860141,0.5139859,0,22,3) common (21-100)
4059,0.075393215,0.9246068,0,3,1) very rare (1-5)
4060,0.19841392,0.8015861,1,1,1) very rare (1-5)
4061,0.09477877,0.9052212,1,1,1) very rare (1-5)
4062,0.47980306,0.5201969,1,22,3) common (21-100)
4063,0.70390344,0.29609656,1,343,4) very common (100+)
4064,0.57779247,0.42220753,1,8,2) rare (6-20)
4065,0.5047769,0.4952231,1,89,3) common (21-100)
4066,0.89486426,0.10513574,0,142,4) very common (100+)
4067,0.72427964,0.27572036,1,268,4) very common (100+)
4068,0.86782855,0.13217145,0,1290,4) very common (100+)
4069,0.06551301,0.934487,1,1,1) very rare (1-5)
4070,0.1715006,0.82849944,1,6,2) rare (6-20)
4071,0.5276901,0.4723099,0,88,3) common (21-100)
4072,0.35445178,0.6455482,1,14,2) rare (6-20)
4073,0.13413243,0.86586756,0,5,1) very rare (1-5)
4074,0.13318972,0.86681026,1,7,2) rare (6-20)
4075,0.116217114,0.88378286,1,0,1) very rare (1-5)
4076,0.9218995,0.0781005,0,121,4) very common (100+)
4077,0.34977502,0.650225,1,3,1) very rare (1-5)
4078,0.6524307,0.3475693,1,1070,4) very common (100+)
4079,0.16800593,0.83199406,1,0,1) very rare (1-5)
4080,0.76033443,0.23966557,0,111,4) very common (100+)
4081,0.41524437,0.58475566,1,0,1) very rare (1-5)
4082,0.8816163,0.118383706,0,47,3) common (21-100)
4083,0.042943694,0.9570563,1,0,1) very rare (1-5)
4084,0.28219256,0.7178074,1,0,1) very rare (1-5)
4085,0.7883828,0.21161717,1,65,3) common (21-100)
4086,0.51067513,0.48932487,0,1,1) very rare (1-5)
4087,0.65662295,0.34337705,0,2,1) very rare (1-5)
4088,0.3047862,0.6952138,1,3,1) very rare (1-5)
4089,0.29624486,0.70375514,1,1,1) very rare (1-5)
4090,0.20442201,0.795578,0,14,2) rare (6-20)
4091,0.6747179,0.3252821,1,8,2) rare (6-20)
4092,0.5135941,0.4864059,1,146,4) very common (100+)
4093,0.16603306,0.833967,1,0,1) very rare (1-5)
4094,0.9755705,0.0244295,0,10,2) rare (6-20)
4095,0.8599727,0.14002728,0,100,3) common (21-100)
4096,0.9504408,0.049559176,0,223,4) very common (100+)
4097,0.5321564,0.4678436,0,4,1) very rare (1-5)
4098,0.28592533,0.7140747,1,0,1) very rare (1-5)
4099,0.6707907,0.32920933,1,6,2) rare (6-20)
4100,0.22311436,0.7768856,0,2,1) very rare (1-5)
4101,0.09304628,0.9069537,0,3,1) very rare (1-5)
4102,0.14408733,0.8559127,0,1,1) very rare (1-5)
4103,0.92141134,0.078588665,0,343,4) very common (100+)
4104,0.55753386,0.44246614,0,1,1) very rare (1-5)
4105,0.04150357,0.95849645,1,0,1) very rare (1-5)
4106,0.10208571,0.8979143,1,0,1) very rare (1-5)
4107,0.66611975,0.33388025,1,1000,4) very common (100+)
4108,0.8887594,0.111240625,0,89,3) common (21-100)
4109,0.29833168,0.7016683,0,223,4) very common (100+)
4110,0.12668996,0.87331,1,85,3) common (21-100)
4111,0.37128124,0.62871873,1,4,1) very rare (1-5)
4112,0.84582496,0.15417504,0,74,3) common (21-100)
4113,0.6755315,0.3244685,1,15,2) rare (6-20)
4114,0.34415296,0.6558471,1,76,3) common (21-100)
4115,0.9684917,0.031508327,0,211,4) very common (100+)
4116,0.6643554,0.3356446,1,0,1) very rare (1-5)
4117,0.10643907,0.89356095,1,13,2) rare (6-20)
4118,0.89648974,0.10351026,0,84,3) common (21-100)
4119,0.70998895,0.29001105,0,1290,4) very common (100+)
4120,0.43964157,0.5603584,1,0,1) very rare (1-5)
4121,0.5608691,0.4391309,1,9,2) rare (6-20)
4122,0.60742515,0.39257485,1,1,1) very rare (1-5)
4123,0.023144126,0.9768559,1,0,1) very rare (1-5)
4124,0.48415756,0.51584244,0,66,3) common (21-100)
4125,0.14951761,0.8504824,1,1,1) very rare (1-5)
4126,0.3173637,0.68263626,1,21,3) common (21-100)
4127,0.5644095,0.4355905,1,118,4) very common (100+)
4128,0.60571426,0.39428574,0,69,3) common (21-100)
4129,0.21504794,0.78495204,0,27,3) common (21-100)
4130,0.99459994,0.0054000616,0,182,4) very common (100+)
4131,0.13102232,0.86897767,1,2,1) very rare (1-5)
4132,0.5633541,0.43664593,1,105,4) very common (100+)
4133,0.54921895,0.45078105,1,1290,4) very common (100+)
4134,0.92895156,0.07104844,1,1070,4) very common (100+)
4135,0.3526359,0.64736414,1,19,2) rare (6-20)
4136,0.20280837,0.7971916,1,2,1) very rare (1-5)
4137,0.9434073,0.056592703,0,15,2) rare (6-20)
4138,0.03683533,0.9631647,1,0,1) very rare (1-5)
4139,0.48480773,0.5151923,0,106,4) very common (100+)
4140,0.1190752,0.8809248,1,1,1) very rare (1-5)
4141,0.74663734,0.25336266,1,63,3) common (21-100)
4142,0.062238578,0.9377614,0,1,1) very rare (1-5)
4143,0.09670383,0.9032962,1,92,3) common (21-100)
4144,0.2774431,0.7225569,1,0,1) very rare (1-5)
4145,0.1720803,0.8279197,1,1,1) very rare (1-5)
4146,0.053570956,0.946429,1,0,1) very rare (1-5)
4147,0.3965079,0.60349214,1,23,3) common (21-100)
4148,0.7586458,0.24135423,0,4,1) very rare (1-5)
4149,0.19467853,0.80532146,1,0,1) very rare (1-5)
4150,0.9728026,0.02719742,0,1000,4) very common (100+)
4151,0.29595527,0.7040447,1,1070,4) very common (100+)
4152,0.94708365,0.052916348,0,1000,4) very common (100+)
4153,0.87798274,0.122017264,0,3,1) very rare (1-5)
4154,0.21349841,0.7865016,0,2,1) very rare (1-5)
4155,0.08629523,0.91370475,1,0,1) very rare (1-5)
4156,0.4701667,0.5298333,1,1290,4) very common (100+)
4157,0.24809998,0.7519,1,0,1) very rare (1-5)
4158,0.45326692,0.5467331,0,1,1) very rare (1-5)
4159,0.15522744,0.8447726,1,0,1) very rare (1-5)
4160,0.25109538,0.7489046,1,0,1) very rare (1-5)
4161,0.57084346,0.42915654,0,7,2) rare (6-20)
4162,0.5831001,0.41689992,1,35,3) common (21-100)
4163,0.20793572,0.7920643,1,37,3) common (21-100)
4164,0.23281117,0.76718885,0,17,2) rare (6-20)
4165,0.62125766,0.37874234,0,2,1) very rare (1-5)
4166,0.03274271,0.96725726,1,0,1) very rare (1-5)
4167,0.86731124,0.13268876,0,7,2) rare (6-20)
4168,0.8460668,0.15393323,1,89,3) common (21-100)
4169,0.122880206,0.8771198,1,275,4) very common (100+)
4170,0.10030027,0.89969975,1,1,1) very rare (1-5)
4171,0.36060607,0.6393939,1,106,4) very common (100+)
4172,0.9825294,0.017470598,0,1000,4) very common (100+)
4173,0.24144413,0.7585559,0,159,4) very common (100+)
4174,0.16019595,0.83980405,1,1,1) very rare (1-5)
4175,0.48742962,0.5125704,0,1,1) very rare (1-5)
4176,0.16007736,0.83992267,1,2,1) very rare (1-5)
4177,0.9496755,0.0503245,0,15,2) rare (6-20)
4178,0.01464734,0.98535264,1,21,3) common (21-100)
4179,0.4027674,0.5972326,0,343,4) very common (100+)
4180,0.059179634,0.94082034,1,27,3) common (21-100)
4181,0.27666315,0.7233368,1,1,1) very rare (1-5)
4182,0.06537027,0.93462974,0,1,1) very rare (1-5)
4183,0.096291825,0.90370816,1,0,1) very rare (1-5)
4184,0.18635535,0.81364465,0,237,4) very common (100+)
4185,0.70418775,0.29581225,0,3,1) very rare (1-5)
4186,0.91616887,0.08383113,0,78,3) common (21-100)
4187,0.23990496,0.76009506,1,118,4) very common (100+)
4188,0.94370323,0.056296766,0,8,2) rare (6-20)
4189,0.6666584,0.3333416,1,343,4) very common (100+)
4190,0.039616697,0.9603833,1,88,3) common (21-100)
4191,0.35799077,0.64200926,1,372,4) very common (100+)
4192,0.78319585,0.21680415,0,261,4) very common (100+)
4193,0.7485932,0.2514068,0,275,4) very common (100+)
4194,0.4754422,0.5245578,0,2,1) very rare (1-5)
4195,0.14211528,0.8578847,0,8,2) rare (6-20)
4196,0.6541202,0.3458798,0,37,3) common (21-100)
4197,0.23130278,0.7686972,0,1,1) very rare (1-5)
4198,0.7983119,0.20168811,1,1070,4) very common (100+)
4199,0.08501244,0.91498756,1,2,1) very rare (1-5)
4200,0.07429926,0.9257007,1,2,1) very rare (1-5)
4201,0.45411238,0.5458876,1,12,2) rare (6-20)
4202,0.99236214,0.0076378584,0,85,3) common (21-100)
4203,0.89860684,0.10139316,1,1070,4) very common (100+)
4204,0.51356924,0.48643076,1,15,2) rare (6-20)
4205,0.13655075,0.8634492,1,0,1) very rare (1-5)
4206,0.7023898,0.29761022,0,2,1) very rare (1-5)
4207,0.8891037,0.11089629,0,223,4) very common (100+)
4208,0.87487495,0.12512505,1,268,4) very common (100+)
4209,0.3282006,0.6717994,0,223,4) very common (100+)
4210,0.115977496,0.8840225,1,0,1) very rare (1-5)
4211,0.105190285,0.8948097,1,0,1) very rare (1-5)
4212,0.010829475,0.98917055,1,0,1) very rare (1-5)
4213,0.4066777,0.5933223,1,0,1) very rare (1-5)
4214,0.1945526,0.8054474,1,2,1) very rare (1-5)
4215,0.53090054,0.46909946,1,12,2) rare (6-20)
4216,0.66409916,0.33590084,0,46,3) common (21-100)
4217,0.44891414,0.5510858,0,10,2) rare (6-20)
4218,0.8689099,0.1310901,1,70,3) common (21-100)
4219,0.055097368,0.94490266,1,1,1) very rare (1-5)
4220,0.6331603,0.3668397,1,0,1) very rare (1-5)
4221,0.8238375,0.17616248,1,0,1) very rare (1-5)
4222,0.30414128,0.6958587,0,2,1) very rare (1-5)
4223,0.2638759,0.7361241,0,11,2) rare (6-20)
4224,0.1382472,0.8617528,1,160,4) very common (100+)
4225,0.21189769,0.7881023,1,2,1) very rare (1-5)
4226,0.6615684,0.3384316,0,66,3) common (21-100)
4227,0.32488868,0.6751113,0,16,2) rare (6-20)
4228,0.13619573,0.8638043,1,7,2) rare (6-20)
4229,0.88961816,0.11038184,0,26,3) common (21-100)
4230,0.8841935,0.11580652,0,223,4) very common (100+)
4231,0.13168438,0.86831564,1,1,1) very rare (1-5)
4232,0.15972206,0.8402779,1,0,1) very rare (1-5)
4233,0.97582924,0.024170756,0,1000,4) very common (100+)
4234,0.06042554,0.9395745,1,0,1) very rare (1-5)
4235,0.017652454,0.98234755,1,1,1) very rare (1-5)
4236,0.32295758,0.6770424,1,58,3) common (21-100)
4237,0.0458028,0.95419717,1,1,1) very rare (1-5)
4238,0.83770066,0.16229934,0,421,4) very common (100+)
4239,0.044463344,0.95553666,1,26,3) common (21-100)
4240,0.650127,0.349873,0,1,1) very rare (1-5)
4241,0.30543008,0.69456995,1,1,1) very rare (1-5)
4242,0.06525833,0.9347417,0,6,2) rare (6-20)
4243,0.52381575,0.47618425,0,9,2) rare (6-20)
4244,0.31096315,0.68903685,1,421,4) very common (100+)
4245,0.86396414,0.13603586,0,1070,4) very common (100+)
4246,0.5478786,0.45212138,0,28,3) common (21-100)
4247,0.9161839,0.08381611,0,37,3) common (21-100)
4248,0.8164834,0.18351662,1,15,2) rare (6-20)
4249,0.10127771,0.8987223,1,1,1) very rare (1-5)
4250,0.37805948,0.6219405,1,69,3) common (21-100)
4251,0.8205743,0.17942572,1,1,1) very rare (1-5)
4252,0.16114913,0.83885086,1,4,1) very rare (1-5)
4253,0.21923451,0.7807655,1,19,2) rare (6-20)
4254,0.35076982,0.6492302,1,21,3) common (21-100)
4255,0.42343313,0.5765669,1,24,3) common (21-100)
4256,0.44371882,0.5562812,1,7,2) rare (6-20)
4257,0.21149182,0.7885082,0,700,4) very common (100+)
4258,0.27054918,0.7294508,1,0,1) very rare (1-5)
4259,0.98642665,0.0135733485,0,52,3) common (21-100)
4260,0.102792,0.897208,1,178,4) very common (100+)
4261,0.2786401,0.7213599,1,0,1) very rare (1-5)
4262,0.94256383,0.05743617,1,2,1) very rare (1-5)
4263,0.044208772,0.95579123,1,16,2) rare (6-20)
4264,0.15967289,0.84032714,1,0,1) very rare (1-5)
4265,0.76947784,0.23052216,0,343,4) very common (100+)
4266,0.14152874,0.8584713,1,700,4) very common (100+)
4267,0.88428044,0.11571956,1,0,1) very rare (1-5)
4268,0.10014068,0.8998593,1,78,3) common (21-100)
4269,0.82795626,0.17204374,0,372,4) very common (100+)
4270,0.53936976,0.46063024,0,1070,4) very common (100+)
4271,0.953803,0.046196997,0,3,1) very rare (1-5)
4272,0.21312195,0.78687805,1,19,2) rare (6-20)
4273,0.06535625,0.93464375,1,0,1) very rare (1-5)
4274,0.25494307,0.7450569,0,3,1) very rare (1-5)
4275,0.6749751,0.3250249,0,34,3) common (21-100)
4276,0.72000194,0.27999806,0,100,3) common (21-100)
4277,0.16645348,0.8335465,1,2,1) very rare (1-5)
4278,0.38563976,0.6143602,0,1,1) very rare (1-5)
4279,0.1274857,0.8725143,1,0,1) very rare (1-5)
4280,0.56932366,0.43067634,1,166,4) very common (100+)
4281,0.5063235,0.49367648,0,4,1) very rare (1-5)
4282,0.42542154,0.57457846,0,261,4) very common (100+)
4283,0.45757064,0.5424293,1,1,1) very rare (1-5)
4284,0.20327492,0.7967251,0,134,4) very common (100+)
4285,0.089933395,0.9100666,1,82,3) common (21-100)
4286,0.5349316,0.4650684,1,2,1) very rare (1-5)
4287,0.58825254,0.41174746,0,60,3) common (21-100)
4288,0.034114365,0.96588564,1,0,1) very rare (1-5)
4289,0.8444861,0.15551388,0,2,1) very rare (1-5)
4290,0.100286536,0.89971346,1,9,2) rare (6-20)
4291,0.2708788,0.7291212,1,0,1) very rare (1-5)
4292,0.16546087,0.8345391,1,4,1) very rare (1-5)
4293,0.13907057,0.8609294,1,1,1) very rare (1-5)
4294,0.33881092,0.6611891,1,4,1) very rare (1-5)
4295,0.9371891,0.0628109,1,8,2) rare (6-20)
4296,0.84486467,0.15513533,0,38,3) common (21-100)
4297,0.6001758,0.3998242,0,22,3) common (21-100)
4298,0.897911,0.10208899,0,14,2) rare (6-20)
4299,0.44004387,0.55995613,0,43,3) common (21-100)
4300,0.10543213,0.89456785,1,0,1) very rare (1-5)
4301,0.8781111,0.121888876,1,12,2) rare (6-20)
4302,0.095752634,0.90424734,1,0,1) very rare (1-5)
4303,0.83084804,0.16915196,0,12,2) rare (6-20)
4304,0.4546116,0.5453884,1,5,1) very rare (1-5)
4305,0.19780707,0.8021929,1,49,3) common (21-100)
4306,0.9307783,0.069221675,0,1290,4) very common (100+)
4307,0.2648523,0.7351477,1,159,4) very common (100+)
4308,0.22480825,0.7751918,1,1,1) very rare (1-5)
4309,0.29203153,0.7079685,0,274,4) very common (100+)
4310,0.04609511,0.95390487,1,1,1) very rare (1-5)
4311,0.30680767,0.69319236,1,1,1) very rare (1-5)
4312,0.78321964,0.21678036,1,268,4) very common (100+)
4313,0.91781694,0.08218306,0,91,3) common (21-100)
4314,0.9110887,0.088911295,0,10,2) rare (6-20)
4315,0.45606214,0.54393786,1,14,2) rare (6-20)
4316,0.7912987,0.20870131,0,2,1) very rare (1-5)
4317,0.48302865,0.51697135,0,1290,4) very common (100+)
4318,0.0959,0.9041,1,1,1) very rare (1-5)
4319,0.9189871,0.081012905,1,0,1) very rare (1-5)
4320,0.95411634,0.045883656,0,118,4) very common (100+)
4321,0.4163438,0.5836562,1,700,4) very common (100+)
4322,0.21837376,0.7816262,0,2,1) very rare (1-5)
4323,0.016557697,0.9834423,1,0,1) very rare (1-5)
4324,0.83271426,0.16728574,0,343,4) very common (100+)
4325,0.38857514,0.61142486,1,0,1) very rare (1-5)
4326,0.5916124,0.4083876,1,3,1) very rare (1-5)
4327,0.5456097,0.4543903,0,5,1) very rare (1-5)
4328,0.05590782,0.94409215,1,8,2) rare (6-20)
4329,0.63321185,0.36678815,0,21,3) common (21-100)
4330,0.117249005,0.882751,0,13,2) rare (6-20)
4331,0.23749326,0.7625067,0,372,4) very common (100+)
4332,0.92189264,0.07810736,0,178,4) very common (100+)
4333,0.43545792,0.56454206,0,2,1) very rare (1-5)
4334,0.9793356,0.020664394,0,1000,4) very common (100+)
4335,0.89615303,0.10384697,1,7,2) rare (6-20)
4336,0.80314165,0.19685835,0,38,3) common (21-100)
4337,0.12020712,0.87979287,1,17,2) rare (6-20)
4338,0.8937285,0.106271505,1,7,2) rare (6-20)
4339,0.56473947,0.43526053,1,76,3) common (21-100)
4340,0.8321046,0.16789538,0,160,4) very common (100+)
4341,0.70087427,0.29912573,1,36,3) common (21-100)
4342,0.5186448,0.4813552,0,421,4) very common (100+)
4343,0.10216546,0.89783454,1,5,1) very rare (1-5)
4344,0.1527359,0.8472641,1,0,1) very rare (1-5)
4345,0.63833445,0.36166555,1,3,1) very rare (1-5)
4346,0.27858633,0.7214137,1,14,2) rare (6-20)
4347,0.012707715,0.9872923,1,19,2) rare (6-20)
4348,0.48296747,0.5170325,0,1,1) very rare (1-5)
4349,0.25208429,0.74791574,1,1,1) very rare (1-5)
4350,0.86886436,0.13113564,1,1,1) very rare (1-5)
4351,0.9306478,0.06935221,0,7,2) rare (6-20)
4352,0.34407645,0.65592355,0,1,1) very rare (1-5)
4353,0.990343,0.009657025,0,274,4) very common (100+)
4354,0.40909597,0.590904,1,58,3) common (21-100)
4355,0.65165436,0.34834564,0,237,4) very common (100+)
4356,0.36092636,0.6390736,1,8,2) rare (6-20)
4357,0.114384174,0.8856158,1,0,1) very rare (1-5)
4358,0.59740025,0.40259975,1,275,4) very common (100+)
4359,0.1686584,0.8313416,0,8,2) rare (6-20)
4360,0.6102532,0.3897468,1,0,1) very rare (1-5)
4361,0.19252436,0.8074756,1,0,1) very rare (1-5)
4362,0.55220675,0.44779325,0,24,3) common (21-100)
4363,0.91422325,0.085776746,0,23,3) common (21-100)
4364,0.35074747,0.64925253,1,1290,4) very common (100+)
4365,0.1619125,0.8380875,1,9,2) rare (6-20)
4366,0.9903251,0.009674907,0,71,3) common (21-100)
4367,0.08595931,0.9140407,1,0,1) very rare (1-5)
4368,0.8205148,0.1794852,0,91,3) common (21-100)
4369,0.17899524,0.82100475,1,19,2) rare (6-20)
4370,0.4714786,0.5285214,1,1070,4) very common (100+)
4371,0.95935225,0.040647745,0,13,2) rare (6-20)
4372,0.42185047,0.57814956,1,4,1) very rare (1-5)
4373,0.88459486,0.11540514,0,39,3) common (21-100)
4374,0.4945925,0.5054075,0,118,4) very common (100+)
4375,0.6099105,0.3900895,1,46,3) common (21-100)
4376,0.8703264,0.1296736,1,1070,4) very common (100+)
4377,0.43912765,0.5608723,1,0,1) very rare (1-5)
4378,0.26357052,0.73642945,0,1,1) very rare (1-5)
4379,0.9981862,0.001813829,0,89,3) common (21-100)
4380,0.63795924,0.36204076,1,44,3) common (21-100)
4381,0.5482436,0.45175642,0,343,4) very common (100+)
4382,0.21012074,0.78987926,1,0,1) very rare (1-5)
4383,0.6910507,0.3089493,0,421,4) very common (100+)
4384,0.49219197,0.507808,0,275,4) very common (100+)
4385,0.20674051,0.7932595,0,1,1) very rare (1-5)
4386,0.7978018,0.2021982,0,343,4) very common (100+)
4387,0.40139538,0.5986046,1,0,1) very rare (1-5)
4388,0.3735715,0.6264285,1,275,4) very common (100+)
4389,0.30243427,0.69756573,1,3,1) very rare (1-5)
4390,0.6998167,0.3001833,0,700,4) very common (100+)
4391,0.9548121,0.04518789,1,1,1) very rare (1-5)
4392,0.6833311,0.31666893,1,268,4) very common (100+)
4393,0.7182383,0.2817617,0,92,3) common (21-100)
4394,0.59753144,0.40246856,0,106,4) very common (100+)
4395,0.10071676,0.89928323,1,1,1) very rare (1-5)
4396,0.5615779,0.43842208,1,146,4) very common (100+)
4397,0.47543988,0.5245601,0,7,2) rare (6-20)
4398,0.8943256,0.105674386,0,261,4) very common (100+)
4399,0.69383824,0.30616176,1,21,3) common (21-100)
4400,0.89960414,0.10039586,0,46,3) common (21-100)
4401,0.97257036,0.02742964,0,1000,4) very common (100+)
4402,0.5391402,0.46085978,0,30,3) common (21-100)
4403,0.23524824,0.7647518,0,160,4) very common (100+)
4404,0.37131602,0.628684,0,27,3) common (21-100)
4405,0.5244742,0.4755258,1,0,1) very rare (1-5)
4406,0.46769556,0.5323044,1,107,4) very common (100+)
4407,0.71669674,0.28330326,1,25,3) common (21-100)
4408,0.1785729,0.8214271,1,0,1) very rare (1-5)
4409,0.46035787,0.5396421,0,700,4) very common (100+)
4410,0.80261356,0.19738644,0,30,3) common (21-100)
4411,0.73300534,0.26699466,0,1,1) very rare (1-5)
4412,0.4784741,0.52152586,0,12,2) rare (6-20)
4413,0.5365898,0.4634102,0,6,2) rare (6-20)
4414,0.99270093,0.0072990656,0,274,4) very common (100+)
4415,0.23739369,0.7626063,1,0,1) very rare (1-5)
4416,0.41673756,0.58326244,0,105,4) very common (100+)
4417,0.5745027,0.4254973,0,100,3) common (21-100)
4418,0.36795798,0.63204205,0,4,1) very rare (1-5)
4419,0.023624228,0.97637576,1,3,1) very rare (1-5)
4420,0.61640555,0.38359445,0,5,1) very rare (1-5)
4421,0.99463505,0.0053649545,0,89,3) common (21-100)
4422,0.1469094,0.8530906,0,2,1) very rare (1-5)
4423,0.42716512,0.57283485,0,146,4) very common (100+)
4424,0.26904085,0.7309592,0,700,4) very common (100+)
4425,0.13092788,0.86907214,0,1,1) very rare (1-5)
4426,0.73483855,0.26516145,1,0,1) very rare (1-5)
4427,0.18692327,0.81307673,1,1,1) very rare (1-5)
4428,0.4505064,0.5494936,0,1,1) very rare (1-5)
4429,0.3627036,0.63729644,1,372,4) very common (100+)
4430,0.18069993,0.81930006,0,30,3) common (21-100)
4431,0.0592374,0.9407626,1,23,3) common (21-100)
4432,0.020375889,0.9796241,1,6,2) rare (6-20)
4433,0.9866563,0.013343692,0,25,3) common (21-100)
4434,0.3165834,0.6834166,1,134,4) very common (100+)
4435,0.18891199,0.811088,0,108,4) very common (100+)
4436,0.09539518,0.9046048,0,41,3) common (21-100)
4437,0.24162294,0.7583771,1,1070,4) very common (100+)
4438,0.7996488,0.20035118,1,3,1) very rare (1-5)
4439,0.96657306,0.03342694,0,71,3) common (21-100)
4440,0.41390684,0.5860932,0,223,4) very common (100+)
4441,0.31220037,0.68779963,1,160,4) very common (100+)
4442,0.18653284,0.81346714,1,121,4) very common (100+)
4443,0.106488414,0.8935116,1,5,1) very rare (1-5)
4444,0.26749322,0.73250675,1,20,2) rare (6-20)
4445,0.49249765,0.5075023,0,1290,4) very common (100+)
4446,0.8821429,0.1178571,0,223,4) very common (100+)
4447,0.04744522,0.95255476,1,1,1) very rare (1-5)
4448,0.5714373,0.4285627,0,1070,4) very common (100+)
4449,0.06533714,0.9346629,1,0,1) very rare (1-5)
4450,0.20263784,0.79736215,1,2,1) very rare (1-5)
4451,0.9880728,0.011927187,0,1000,4) very common (100+)
4452,0.4331939,0.5668061,1,1070,4) very common (100+)
4453,0.7088651,0.2911349,0,134,4) very common (100+)
4454,0.42157623,0.57842374,1,2,1) very rare (1-5)
4455,0.46086442,0.5391356,1,28,3) common (21-100)
4456,0.7900348,0.20996523,1,0,1) very rare (1-5)
4457,0.98686486,0.013135135,0,118,4) very common (100+)
4458,0.31739733,0.68260264,0,105,4) very common (100+)
4459,0.28449595,0.71550405,1,33,3) common (21-100)
4460,0.8803892,0.11961079,1,261,4) very common (100+)
4461,0.42780796,0.5721921,1,6,2) rare (6-20)
4462,0.9386987,0.06130129,0,90,3) common (21-100)
4463,0.08039111,0.9196089,1,45,3) common (21-100)
4464,0.06972716,0.9302728,1,4,1) very rare (1-5)
4465,0.22142056,0.7785795,0,3,1) very rare (1-5)
4466,0.80113685,0.19886315,1,1070,4) very common (100+)
4467,0.8626195,0.13738048,0,0,1) very rare (1-5)
4468,0.24646199,0.753538,0,60,3) common (21-100)
4469,0.22159986,0.7784001,1,0,1) very rare (1-5)
4470,0.9139588,0.08604121,0,118,4) very common (100+)
4471,0.4355505,0.5644495,0,0,1) very rare (1-5)
4472,0.19171241,0.8082876,1,0,1) very rare (1-5)
4473,0.503137,0.496863,0,30,3) common (21-100)
4474,0.36881268,0.6311873,0,1290,4) very common (100+)
4475,0.97114885,0.028851151,0,99,3) common (21-100)
4476,0.99762565,0.002374351,0,89,3) common (21-100)
4477,0.518064,0.48193598,1,1,1) very rare (1-5)
4478,0.70075345,0.29924655,0,2,1) very rare (1-5)
4479,0.19732018,0.80267984,1,0,1) very rare (1-5)
4480,0.79187095,0.20812905,0,89,3) common (21-100)
4481,0.7951297,0.20487028,0,343,4) very common (100+)
4482,0.3685446,0.6314554,0,60,3) common (21-100)
4483,0.49331927,0.5066807,1,12,2) rare (6-20)
4484,0.10431313,0.89568686,1,24,3) common (21-100)
4485,0.62909615,0.37090385,1,1070,4) very common (100+)
4486,0.04984121,0.9501588,1,0,1) very rare (1-5)
4487,0.24612166,0.75387836,1,91,3) common (21-100)
4488,0.74659395,0.25340605,0,343,4) very common (100+)
4489,0.38618365,0.6138164,1,16,2) rare (6-20)
4490,0.037805833,0.96219414,1,2,1) very rare (1-5)
4491,0.53854805,0.46145195,1,1070,4) very common (100+)
4492,0.7143584,0.2856416,1,1000,4) very common (100+)
4493,0.3939344,0.60606563,1,268,4) very common (100+)
4494,0.1986192,0.8013808,1,0,1) very rare (1-5)
4495,0.22155932,0.7784407,0,1,1) very rare (1-5)
4496,0.70056456,0.29943544,0,178,4) very common (100+)
4497,0.08258453,0.9174155,1,0,1) very rare (1-5)
4498,0.32540113,0.6745989,1,700,4) very common (100+)
4499,0.35240805,0.64759195,1,1,1) very rare (1-5)
4500,0.19727409,0.8027259,1,2,1) very rare (1-5)
4501,0.24865496,0.75134504,1,5,1) very rare (1-5)
4502,0.8868876,0.11311239,0,36,3) common (21-100)
4503,0.27433792,0.7256621,1,1,1) very rare (1-5)
4504,0.3047112,0.6952888,1,0,1) very rare (1-5)
4505,0.7763571,0.22364289,1,268,4) very common (100+)
4506,0.5021163,0.49788368,1,107,4) very common (100+)
4507,0.362905,0.637095,1,0,1) very rare (1-5)
4508,0.28481942,0.7151806,1,159,4) very common (100+)
4509,0.40807304,0.59192693,0,1,1) very rare (1-5)
4510,0.33668885,0.6633111,1,2,1) very rare (1-5)
4511,0.28453192,0.71546805,0,33,3) common (21-100)
4512,0.39332145,0.60667855,0,3,1) very rare (1-5)
4513,0.67707103,0.32292897,0,78,3) common (21-100)
4514,0.102236055,0.89776397,1,1,1) very rare (1-5)
4515,0.1388152,0.86118484,0,24,3) common (21-100)
4516,0.031866647,0.96813333,0,20,2) rare (6-20)
4517,0.17446588,0.8255341,1,69,3) common (21-100)
4518,0.42500755,0.5749924,1,118,4) very common (100+)
4519,0.7768615,0.22313851,0,421,4) very common (100+)
4520,0.14272061,0.8572794,1,76,3) common (21-100)
4521,0.23448832,0.7655117,1,36,3) common (21-100)
4522,0.60103434,0.39896566,0,142,4) very common (100+)
4523,0.77109516,0.22890484,1,5,1) very rare (1-5)
4524,0.5267994,0.47320062,1,1070,4) very common (100+)
4525,0.56850934,0.43149066,1,3,1) very rare (1-5)
4526,0.20234542,0.79765457,1,58,3) common (21-100)
4527,0.14297383,0.85702616,1,2,1) very rare (1-5)
4528,0.43065482,0.5693452,0,38,3) common (21-100)
4529,0.7489735,0.2510265,0,421,4) very common (100+)
4530,0.15029584,0.84970415,0,17,2) rare (6-20)
4531,0.03289468,0.9671053,1,8,2) rare (6-20)
4532,0.8864495,0.113550484,1,3,1) very rare (1-5)
4533,0.73589045,0.26410955,1,1,1) very rare (1-5)
4534,0.38037908,0.6196209,0,1290,4) very common (100+)
4535,0.2653411,0.7346589,0,23,3) common (21-100)
4536,0.64225316,0.35774684,0,372,4) very common (100+)
4537,0.23161341,0.7683866,1,29,3) common (21-100)
4538,0.1265444,0.8734556,1,2,1) very rare (1-5)
4539,0.8173046,0.18269539,1,5,1) very rare (1-5)
4540,0.68016475,0.31983525,1,160,4) very common (100+)
4541,0.3421034,0.65789664,0,0,1) very rare (1-5)
4542,0.38717744,0.61282253,1,6,2) rare (6-20)
4543,0.21878144,0.7812185,0,16,2) rare (6-20)
4544,0.27417544,0.7258246,1,3,1) very rare (1-5)
4545,0.5425065,0.45749348,0,89,3) common (21-100)
4546,0.90218186,0.097818136,0,1000,4) very common (100+)
4547,0.38678837,0.61321163,0,58,3) common (21-100)
4548,0.2530407,0.7469593,0,28,3) common (21-100)
4549,0.95814824,0.04185176,1,5,1) very rare (1-5)
4550,0.4272222,0.5727778,0,421,4) very common (100+)
4551,0.26538637,0.73461366,1,26,3) common (21-100)
4552,0.844619,0.15538102,1,1,1) very rare (1-5)
4553,0.55597985,0.44402015,1,160,4) very common (100+)
4554,0.4315266,0.5684734,1,118,4) very common (100+)
4555,0.646386,0.35361397,0,1290,4) very common (100+)
4556,0.9588418,0.0411582,0,1000,4) very common (100+)
4557,0.08425074,0.91574925,1,10,2) rare (6-20)
4558,0.9424052,0.057594776,0,99,3) common (21-100)
4559,0.67618436,0.32381564,0,1290,4) very common (100+)
4560,0.7094405,0.29055947,0,1070,4) very common (100+)
4561,0.54937613,0.45062387,1,1070,4) very common (100+)
4562,0.82475096,0.17524904,0,134,4) very common (100+)
4563,0.9647361,0.035263896,0,142,4) very common (100+)
4564,0.58806336,0.41193664,1,70,3) common (21-100)
4565,0.21986553,0.78013444,0,85,3) common (21-100)
4566,0.6366901,0.36330992,0,1070,4) very common (100+)
4567,0.16791183,0.8320882,1,1,1) very rare (1-5)
4568,0.80653906,0.19346094,0,1000,4) very common (100+)
4569,0.05113284,0.94886714,1,6,2) rare (6-20)
4570,0.1550064,0.8449936,1,0,1) very rare (1-5)
4571,0.6578747,0.3421253,0,1290,4) very common (100+)
4572,0.51667374,0.48332626,0,5,1) very rare (1-5)
4573,0.5498655,0.45013452,0,1290,4) very common (100+)
4574,0.40003365,0.59996635,1,275,4) very common (100+)
4575,0.35078394,0.64921606,1,14,2) rare (6-20)
4576,0.24821243,0.75178754,0,146,4) very common (100+)
4577,0.21402611,0.7859739,0,1,1) very rare (1-5)
4578,0.74357027,0.25642973,1,8,2) rare (6-20)
4579,0.89701146,0.10298854,0,3,1) very rare (1-5)
4580,0.72958285,0.27041715,1,1070,4) very common (100+)
4581,0.6523854,0.3476146,0,223,4) very common (100+)
4582,0.65538454,0.34461546,0,1,1) very rare (1-5)
4583,0.6328179,0.36718208,0,108,4) very common (100+)
4584,0.21303165,0.78696835,1,3,1) very rare (1-5)
4585,0.63496494,0.36503506,0,159,4) very common (100+)
4586,0.06240494,0.93759507,1,275,4) very common (100+)
4587,0.18711953,0.81288046,1,5,1) very rare (1-5)
4588,0.05471924,0.9452808,1,1,1) very rare (1-5)
4589,0.6236829,0.37631708,0,66,3) common (21-100)
4590,0.8863763,0.11362368,1,1070,4) very common (100+)
4591,0.29237902,0.707621,1,107,4) very common (100+)
4592,0.27539545,0.72460455,0,2,1) very rare (1-5)
4593,0.923488,0.07651198,1,1070,4) very common (100+)
4594,0.20223717,0.7977628,1,91,3) common (21-100)
4595,0.7322064,0.2677936,0,66,3) common (21-100)
4596,0.61444753,0.38555247,1,3,1) very rare (1-5)
4597,0.7146035,0.28539652,0,0,1) very rare (1-5)
4598,0.8890241,0.11097592,1,111,4) very common (100+)
4599,0.74889636,0.25110364,0,700,4) very common (100+)
4600,0.75930786,0.24069214,0,46,3) common (21-100)
4601,0.9823126,0.01768738,0,211,4) very common (100+)
4602,0.042197075,0.95780295,1,1,1) very rare (1-5)
4603,0.058074307,0.9419257,1,0,1) very rare (1-5)
4604,0.21928015,0.7807199,1,26,3) common (21-100)
4605,0.17938206,0.8206179,1,13,2) rare (6-20)
4606,0.11239829,0.88760173,0,274,4) very common (100+)
4607,0.11694723,0.88305277,1,24,3) common (21-100)
4608,0.46034285,0.5396571,0,1070,4) very common (100+)
4609,0.46641484,0.5335852,1,44,3) common (21-100)
4610,0.76676923,0.23323077,0,166,4) very common (100+)
4611,0.12908864,0.87091136,1,47,3) common (21-100)
4612,0.22373351,0.77626646,0,0,1) very rare (1-5)
4613,0.094743274,0.90525675,1,3,1) very rare (1-5)
4614,0.6906752,0.3093248,0,10,2) rare (6-20)
4615,0.88689065,0.11310935,1,1,1) very rare (1-5)
4616,0.2999222,0.7000778,1,0,1) very rare (1-5)
4617,0.7732571,0.22674292,0,28,3) common (21-100)
4618,0.070454024,0.929546,1,1,1) very rare (1-5)
4619,0.6464268,0.3535732,1,166,4) very common (100+)
4620,0.08940003,0.91059995,0,3,1) very rare (1-5)
4621,0.43446457,0.5655354,0,100,3) common (21-100)
4622,0.7590555,0.2409445,0,7,2) rare (6-20)
4623,0.8248101,0.17518991,0,12,2) rare (6-20)
4624,0.11931648,0.88068354,1,15,2) rare (6-20)
4625,0.38709804,0.6129019,0,1070,4) very common (100+)
4626,0.059890553,0.94010943,1,1,1) very rare (1-5)
4627,0.67347056,0.32652944,1,26,3) common (21-100)
4628,0.6965452,0.30345482,1,12,2) rare (6-20)
4629,0.14688851,0.8531115,1,2,1) very rare (1-5)
4630,0.7451385,0.25486147,0,4,1) very rare (1-5)
4631,0.44481304,0.555187,1,51,3) common (21-100)
4632,0.7987039,0.20129609,0,160,4) very common (100+)
4633,0.5400593,0.45994067,0,6,2) rare (6-20)
4634,0.9150151,0.0849849,0,6,2) rare (6-20)
4635,0.6790229,0.3209771,0,1000,4) very common (100+)
4636,0.9804181,0.019581914,0,105,4) very common (100+)
4637,0.40140045,0.59859955,1,1000,4) very common (100+)
4638,0.57129484,0.42870516,0,123,4) very common (100+)
4639,0.10210258,0.8978974,1,0,1) very rare (1-5)
4640,0.09504985,0.90495014,1,15,2) rare (6-20)
4641,0.2479606,0.75203943,1,0,1) very rare (1-5)
4642,0.9837308,0.016269207,0,1000,4) very common (100+)
4643,0.15515952,0.84484047,1,99,3) common (21-100)
4644,0.50445056,0.49554944,1,0,1) very rare (1-5)
4645,0.46717492,0.5328251,1,0,1) very rare (1-5)
4646,0.97015387,0.029846132,0,15,2) rare (6-20)
4647,0.84820133,0.15179867,1,89,3) common (21-100)
4648,0.18576586,0.81423414,1,28,3) common (21-100)
4649,0.7371733,0.26282668,0,261,4) very common (100+)
4650,0.08582153,0.9141785,1,0,1) very rare (1-5)
4651,0.6627321,0.33726788,0,4,1) very rare (1-5)
4652,0.52063745,0.47936255,1,89,3) common (21-100)
4653,0.4129264,0.58707356,1,40,3) common (21-100)
4654,0.07468067,0.9253193,1,5,1) very rare (1-5)
4655,0.750837,0.24916297,1,1,1) very rare (1-5)
4656,0.95085293,0.04914707,0,700,4) very common (100+)
4657,0.7991246,0.2008754,0,100,3) common (21-100)
4658,0.092204735,0.90779525,1,0,1) very rare (1-5)
4659,0.06671492,0.93328506,0,2,1) very rare (1-5)
4660,0.0811026,0.9188974,1,261,4) very common (100+)
4661,0.11016886,0.8898311,1,1,1) very rare (1-5)
4662,0.26822427,0.73177576,1,0,1) very rare (1-5)
4663,0.2712644,0.72873557,0,0,1) very rare (1-5)
4664,0.12684116,0.8731588,1,0,1) very rare (1-5)
4665,0.18755347,0.81244653,1,4,1) very rare (1-5)
4666,0.15729043,0.84270954,1,372,4) very common (100+)
4667,0.53114027,0.46885973,1,118,4) very common (100+)
4668,0.56928587,0.43071413,0,2,1) very rare (1-5)
4669,0.30425146,0.69574857,1,1,1) very rare (1-5)
4670,0.8301658,0.1698342,1,27,3) common (21-100)
4671,0.6657407,0.33425927,0,99,3) common (21-100)
4672,0.9574228,0.042577207,0,102,4) very common (100+)
4673,0.23507619,0.7649238,0,60,3) common (21-100)
4674,0.76626796,0.23373204,0,134,4) very common (100+)
4675,0.5410404,0.45895958,0,105,4) very common (100+)
4676,0.48952413,0.5104759,1,18,2) rare (6-20)
4677,0.9672029,0.0327971,0,25,3) common (21-100)
4678,0.027979016,0.972021,1,2,1) very rare (1-5)
4679,0.76781124,0.23218876,0,105,4) very common (100+)
4680,0.24878626,0.7512137,1,2,1) very rare (1-5)
4681,0.6132018,0.3867982,0,142,4) very common (100+)
4682,0.16914587,0.8308541,0,5,1) very rare (1-5)
4683,0.13759139,0.86240864,1,5,1) very rare (1-5)
4684,0.20967741,0.7903226,1,9,2) rare (6-20)
4685,0.60215634,0.39784366,1,1290,4) very common (100+)
4686,0.05948948,0.9405105,0,178,4) very common (100+)
4687,0.13506508,0.8649349,1,142,4) very common (100+)
4688,0.2163504,0.78364956,1,0,1) very rare (1-5)
4689,0.78283364,0.21716636,0,178,4) very common (100+)
4690,0.7026454,0.29735458,0,28,3) common (21-100)
4691,0.39370877,0.60629123,0,15,2) rare (6-20)
4692,0.79896635,0.20103365,1,1290,4) very common (100+)
4693,0.057818446,0.9421815,1,66,3) common (21-100)
4694,0.08052634,0.91947365,1,2,1) very rare (1-5)
4695,0.7655634,0.23443657,0,1290,4) very common (100+)
4696,0.41890848,0.5810915,1,0,1) very rare (1-5)
4697,0.7226019,0.2773981,1,1,1) very rare (1-5)
4698,0.33552232,0.6644777,0,79,3) common (21-100)
4699,0.21517977,0.7848202,1,41,3) common (21-100)
4700,0.47093558,0.5290644,0,166,4) very common (100+)
4701,0.41339576,0.58660424,1,1,1) very rare (1-5)
4702,0.8864775,0.11352253,1,118,4) very common (100+)
4703,0.988755,0.011245012,0,1000,4) very common (100+)
4704,0.122825466,0.87717456,0,18,2) rare (6-20)
4705,0.2886341,0.71136594,1,15,2) rare (6-20)
4706,0.77994436,0.22005564,1,0,1) very rare (1-5)
4707,0.67863333,0.32136667,1,0,1) very rare (1-5)
4708,0.105208375,0.8947916,1,70,3) common (21-100)
4709,0.09197349,0.9080265,1,1,1) very rare (1-5)
4710,0.901284,0.09871602,0,17,2) rare (6-20)
4711,0.6394166,0.36058342,0,23,3) common (21-100)
4712,0.30872828,0.6912717,1,275,4) very common (100+)
4713,0.13996011,0.8600399,1,4,1) very rare (1-5)
4714,0.45965934,0.54034066,1,3,1) very rare (1-5)
4715,0.9818205,0.018179476,0,118,4) very common (100+)
4716,0.17562029,0.8243797,1,0,1) very rare (1-5)
4717,0.83874834,0.16125166,0,21,3) common (21-100)
4718,0.22710416,0.7728958,1,24,3) common (21-100)
4719,0.9931022,0.006897807,0,237,4) very common (100+)
4720,0.045835804,0.9541642,1,0,1) very rare (1-5)
4721,0.9738712,0.026128829,0,1000,4) very common (100+)
4722,0.15888654,0.84111345,1,7,2) rare (6-20)
4723,0.23224062,0.7677594,0,1,1) very rare (1-5)
4724,0.15158123,0.8484188,1,5,1) very rare (1-5)
4725,0.47266927,0.52733076,1,11,2) rare (6-20)
4726,0.10897955,0.8910204,0,66,3) common (21-100)
4727,0.71537364,0.28462636,0,65,3) common (21-100)
4728,0.88882315,0.11117685,0,2,1) very rare (1-5)
4729,0.6523592,0.3476408,0,66,3) common (21-100)
4730,0.46391308,0.5360869,1,70,3) common (21-100)
4731,0.488005,0.51199496,1,10,2) rare (6-20)
4732,0.9780106,0.021989405,0,89,3) common (21-100)
4733,0.5907664,0.40923363,1,7,2) rare (6-20)
4734,0.8026756,0.1973244,0,182,4) very common (100+)
4735,0.22348715,0.77651286,1,5,1) very rare (1-5)
4736,0.5069293,0.49307072,1,0,1) very rare (1-5)
4737,0.23586392,0.7641361,1,124,4) very common (100+)
4738,0.5651344,0.4348656,1,1,1) very rare (1-5)
4739,0.3609026,0.6390974,1,0,1) very rare (1-5)
4740,0.055267826,0.9447322,1,22,3) common (21-100)
4741,0.19013886,0.8098611,1,4,1) very rare (1-5)
4742,0.4649635,0.5350365,0,34,3) common (21-100)
4743,0.4810734,0.5189266,1,17,2) rare (6-20)
4744,0.15314652,0.8468535,0,0,1) very rare (1-5)
4745,0.036093626,0.96390635,1,0,1) very rare (1-5)
4746,0.44340372,0.5565963,0,146,4) very common (100+)
4747,0.24665456,0.75334543,1,0,1) very rare (1-5)
4748,0.94173676,0.058263242,0,18,2) rare (6-20)
4749,0.27404106,0.72595894,0,15,2) rare (6-20)
4750,0.84753907,0.15246093,1,1070,4) very common (100+)
4751,0.38272533,0.61727464,1,1,1) very rare (1-5)
4752,0.74102044,0.25897956,0,1070,4) very common (100+)
4753,0.24519639,0.7548036,0,56,3) common (21-100)
4754,0.41634482,0.5836552,0,5,1) very rare (1-5)
4755,0.9127433,0.08725673,0,275,4) very common (100+)
4756,0.3901889,0.60981107,0,105,4) very common (100+)
4757,0.36301932,0.63698065,1,0,1) very rare (1-5)
4758,0.2381643,0.7618357,1,0,1) very rare (1-5)
4759,0.29378358,0.70621645,0,0,1) very rare (1-5)
4760,0.31560525,0.6843947,1,123,4) very common (100+)
4761,0.31751776,0.68248224,1,62,3) common (21-100)
4762,0.048030995,0.951969,1,0,1) very rare (1-5)
4763,0.2563177,0.74368227,1,3,1) very rare (1-5)
4764,0.65350646,0.34649354,0,372,4) very common (100+)
4765,0.2349672,0.76503277,1,58,3) common (21-100)
4766,0.5002512,0.49974883,0,105,4) very common (100+)
4767,0.07328957,0.9267104,1,70,3) common (21-100)
4768,0.36983854,0.63016146,1,0,1) very rare (1-5)
4769,0.13821834,0.86178166,0,13,2) rare (6-20)
4770,0.17585869,0.8241413,1,0,1) very rare (1-5)
4771,0.09592093,0.9040791,1,27,3) common (21-100)
4772,0.14847057,0.8515294,1,4,1) very rare (1-5)
4773,0.68208146,0.31791854,1,107,4) very common (100+)
4774,0.9669399,0.033060074,0,99,3) common (21-100)
4775,0.9470361,0.052963912,0,274,4) very common (100+)
4776,0.8095379,0.19046211,0,10,2) rare (6-20)
4777,0.5571658,0.4428342,0,5,1) very rare (1-5)
4778,0.80161804,0.19838196,0,111,4) very common (100+)
4779,0.45995143,0.5400486,0,1,1) very rare (1-5)
4780,0.3221956,0.6778044,1,1,1) very rare (1-5)
4781,0.77878356,0.22121644,0,421,4) very common (100+)
4782,0.8085329,0.1914671,1,52,3) common (21-100)
4783,0.18273263,0.81726736,1,0,1) very rare (1-5)
4784,0.9238091,0.07619089,0,39,3) common (21-100)
4785,0.04988959,0.95011044,1,2,1) very rare (1-5)
4786,0.6080295,0.39197052,0,268,4) very common (100+)
4787,0.92908055,0.070919454,0,1000,4) very common (100+)
4788,0.26230115,0.73769885,1,35,3) common (21-100)
4789,0.78118503,0.21881497,0,91,3) common (21-100)
4790,0.36396432,0.6360357,0,0,1) very rare (1-5)
4791,0.6509543,0.3490457,1,30,3) common (21-100)
4792,0.06936087,0.93063915,1,3,1) very rare (1-5)
4793,0.5610063,0.4389937,0,166,4) very common (100+)
4794,0.8747782,0.12522179,0,82,3) common (21-100)
4795,0.84893763,0.15106237,1,66,3) common (21-100)
4796,0.6215424,0.3784576,0,237,4) very common (100+)
4797,0.28278777,0.7172122,0,13,2) rare (6-20)
4798,0.5224529,0.4775471,0,12,2) rare (6-20)
4799,0.74128956,0.25871044,0,3,1) very rare (1-5)
4800,0.19419624,0.8058038,1,1290,4) very common (100+)
4801,0.15214658,0.8478534,1,3,1) very rare (1-5)
4802,0.26960304,0.730397,1,160,4) very common (100+)
4803,0.7186329,0.28136712,0,7,2) rare (6-20)
4804,0.0532513,0.9467487,1,0,1) very rare (1-5)
4805,0.5157266,0.48427337,0,24,3) common (21-100)
4806,0.3189971,0.68100286,1,35,3) common (21-100)
4807,0.11873156,0.88126844,1,3,1) very rare (1-5)
4808,0.26296777,0.73703223,1,15,2) rare (6-20)
4809,0.9888976,0.011102378,0,211,4) very common (100+)
4810,0.4306748,0.5693252,1,0,1) very rare (1-5)
4811,0.048033953,0.95196605,0,71,3) common (21-100)
4812,0.8652897,0.13471031,1,0,1) very rare (1-5)
4813,0.3619709,0.6380291,0,178,4) very common (100+)
4814,0.16308069,0.8369193,1,2,1) very rare (1-5)
4815,0.41754717,0.58245283,0,3,1) very rare (1-5)
4816,0.3879788,0.6120212,1,118,4) very common (100+)
4817,0.07642477,0.9235752,1,0,1) very rare (1-5)
4818,0.89181185,0.10818815,0,19,2) rare (6-20)
4819,0.115240164,0.88475984,1,0,1) very rare (1-5)
4820,0.4872067,0.5127933,1,30,3) common (21-100)
4821,0.11381294,0.8861871,1,0,1) very rare (1-5)
4822,0.54432285,0.45567715,0,66,3) common (21-100)
4823,0.6567887,0.3432113,0,4,1) very rare (1-5)
4824,0.39607367,0.6039263,1,275,4) very common (100+)
4825,0.40022135,0.59977865,1,38,3) common (21-100)
4826,0.9673447,0.0326553,1,16,2) rare (6-20)
4827,0.62945306,0.37054694,1,2,1) very rare (1-5)
4828,0.13767405,0.86232597,0,421,4) very common (100+)
4829,0.4896665,0.51033354,1,3,1) very rare (1-5)
4830,0.9261031,0.073896885,0,8,2) rare (6-20)
4831,0.36288068,0.6371193,1,4,1) very rare (1-5)
4832,0.3675385,0.6324615,1,118,4) very common (100+)
4833,0.2821184,0.71788156,0,2,1) very rare (1-5)
4834,0.89749265,0.10250735,1,0,1) very rare (1-5)
4835,0.9983563,0.0016437173,0,274,4) very common (100+)
4836,0.661045,0.338955,0,39,3) common (21-100)
4837,0.06256564,0.9374344,1,0,1) very rare (1-5)
4838,0.95503324,0.044966757,1,0,1) very rare (1-5)
4839,0.06940861,0.9305914,1,0,1) very rare (1-5)
4840,0.64596564,0.35403436,0,18,2) rare (6-20)
4841,0.047430534,0.9525695,1,0,1) very rare (1-5)
4842,0.9406796,0.05932039,0,142,4) very common (100+)
4843,0.9854387,0.0145612955,0,1000,4) very common (100+)
4844,0.9389143,0.0610857,0,78,3) common (21-100)
4845,0.120220035,0.87977993,1,8,2) rare (6-20)
4846,0.09939091,0.9006091,1,0,1) very rare (1-5)
4847,0.6346655,0.3653345,0,10,2) rare (6-20)
4848,0.31826934,0.6817306,0,16,2) rare (6-20)
4849,0.14953065,0.85046935,1,8,2) rare (6-20)
4850,0.8860771,0.113922894,1,0,1) very rare (1-5)
4851,0.22073974,0.7792603,0,9,2) rare (6-20)
4852,0.7830276,0.21697241,0,1290,4) very common (100+)
4853,0.5499043,0.4500957,0,81,3) common (21-100)
4854,0.19900867,0.8009913,1,2,1) very rare (1-5)
4855,0.5454321,0.4545679,1,1000,4) very common (100+)
4856,0.09759205,0.90240794,0,41,3) common (21-100)
4857,0.78622204,0.21377796,1,1070,4) very common (100+)
4858,0.22027093,0.77972907,1,44,3) common (21-100)
4859,0.99803656,0.0019634366,0,211,4) very common (100+)
4860,0.6542752,0.34572482,1,36,3) common (21-100)
4861,0.5016827,0.4983173,1,268,4) very common (100+)
4862,0.084124155,0.91587585,1,0,1) very rare (1-5)
4863,0.50421226,0.49578774,1,0,1) very rare (1-5)
4864,0.07649233,0.9235077,1,0,1) very rare (1-5)
4865,0.5587722,0.4412278,1,0,1) very rare (1-5)
4866,0.21332394,0.78667605,1,19,2) rare (6-20)
4867,0.46847406,0.53152597,0,2,1) very rare (1-5)
4868,0.84068525,0.15931475,1,1,1) very rare (1-5)
4869,0.5335942,0.4664058,1,16,2) rare (6-20)
4870,0.41208154,0.58791846,0,41,3) common (21-100)
4871,0.6341077,0.3658923,0,268,4) very common (100+)
4872,0.7956548,0.20434523,0,134,4) very common (100+)
4873,0.39979568,0.60020435,1,0,1) very rare (1-5)
4874,0.25001088,0.74998915,0,29,3) common (21-100)
4875,0.34599763,0.65400237,1,15,2) rare (6-20)
4876,0.94366413,0.056335866,0,134,4) very common (100+)
4877,0.047588177,0.95241183,0,56,3) common (21-100)
4878,0.683428,0.316572,1,1070,4) very common (100+)
4879,0.76097643,0.23902357,1,0,1) very rare (1-5)
4880,0.724202,0.27579802,1,19,2) rare (6-20)
4881,0.102218606,0.8977814,0,7,2) rare (6-20)
4882,0.77012426,0.22987574,1,28,3) common (21-100)
4883,0.47918183,0.5208182,1,343,4) very common (100+)
4884,0.40027636,0.59972364,1,0,1) very rare (1-5)
4885,0.9094728,0.09052718,0,37,3) common (21-100)
4886,0.34606826,0.65393174,0,106,4) very common (100+)
4887,0.20537014,0.7946299,1,142,4) very common (100+)
4888,0.99367005,0.0063299537,0,89,3) common (21-100)
4889,0.35888484,0.6411152,1,7,2) rare (6-20)
4890,0.032151584,0.9678484,1,0,1) very rare (1-5)
4891,0.2801231,0.7198769,1,3,1) very rare (1-5)
4892,0.71835333,0.28164667,0,1000,4) very common (100+)
4893,0.01860551,0.98139447,1,0,1) very rare (1-5)
4894,0.014655011,0.985345,1,1,1) very rare (1-5)
4895,0.5564905,0.44350952,1,343,4) very common (100+)
4896,0.8024908,0.19750923,0,2,1) very rare (1-5)
4897,0.79599977,0.20400023,1,146,4) very common (100+)
4898,0.35165578,0.6483442,0,4,1) very rare (1-5)
4899,0.89752686,0.10247314,0,92,3) common (21-100)
4900,0.93372667,0.06627333,0,22,3) common (21-100)
4901,0.554752,0.445248,0,146,4) very common (100+)
4902,0.027675275,0.9723247,1,4,1) very rare (1-5)
4903,0.9859905,0.014009476,0,211,4) very common (100+)
4904,0.88963294,0.11036706,0,223,4) very common (100+)
4905,0.9090642,0.09093583,0,10,2) rare (6-20)
4906,0.6232608,0.3767392,0,107,4) very common (100+)
4907,0.35459828,0.6454017,0,0,1) very rare (1-5)
4908,0.45449102,0.545509,0,78,3) common (21-100)
4909,0.9654166,0.03458339,1,28,3) common (21-100)
4910,0.43587384,0.56412613,1,105,4) very common (100+)
4911,0.7422963,0.25770372,1,2,1) very rare (1-5)
4912,0.8134395,0.18656051,1,1070,4) very common (100+)
4913,0.018155374,0.9818446,1,16,2) rare (6-20)
4914,0.42317972,0.57682025,1,0,1) very rare (1-5)
4915,0.9007517,0.09924829,1,261,4) very common (100+)
4916,0.71889305,0.28110695,0,1070,4) very common (100+)
4917,0.8393054,0.1606946,0,105,4) very common (100+)
4918,0.38286757,0.6171324,0,58,3) common (21-100)
4919,0.9887948,0.011205196,0,1000,4) very common (100+)
4920,0.16179879,0.8382012,0,0,1) very rare (1-5)
4921,0.53443587,0.46556413,0,8,2) rare (6-20)
4922,0.9487096,0.051290393,0,39,3) common (21-100)
4923,0.31350553,0.68649447,0,3,1) very rare (1-5)
4924,0.10449498,0.895505,1,118,4) very common (100+)
4925,0.6856004,0.3143996,1,89,3) common (21-100)
4926,0.56193876,0.43806124,1,11,2) rare (6-20)
4927,0.76999027,0.23000973,1,1290,4) very common (100+)
4928,0.7623158,0.23768419,1,0,1) very rare (1-5)
4929,0.29465973,0.70534027,1,343,4) very common (100+)
4930,0.30110142,0.69889855,0,1,1) very rare (1-5)
4931,0.3543559,0.64564407,1,5,1) very rare (1-5)
4932,0.2570216,0.7429784,1,0,1) very rare (1-5)
4933,0.21499078,0.7850092,1,0,1) very rare (1-5)
4934,0.7036732,0.29632682,1,8,2) rare (6-20)
4935,0.9948131,0.0051869154,0,211,4) very common (100+)
4936,0.53311366,0.46688634,1,14,2) rare (6-20)
4937,0.7298397,0.27016032,1,14,2) rare (6-20)
4938,0.90128785,0.09871215,0,18,2) rare (6-20)
4939,0.856131,0.14386898,0,23,3) common (21-100)
4940,0.939994,0.060006022,1,7,2) rare (6-20)
4941,0.9133088,0.0866912,1,700,4) very common (100+)
4942,0.98703396,0.012966037,0,53,3) common (21-100)
4943,0.05600539,0.94399464,1,2,1) very rare (1-5)
4944,0.41673893,0.5832611,1,160,4) very common (100+)
4945,0.0483588,0.9516412,0,0,1) very rare (1-5)
4946,0.6042169,0.39578313,0,5,1) very rare (1-5)
4947,0.13729128,0.8627087,1,1,1) very rare (1-5)
4948,0.7698022,0.23019779,1,261,4) very common (100+)
4949,0.42047086,0.57952917,1,0,1) very rare (1-5)
4950,0.86361885,0.13638115,0,142,4) very common (100+)
4951,0.13545382,0.8645462,1,1,1) very rare (1-5)
4952,0.03885372,0.9611463,1,0,1) very rare (1-5)
4953,0.57100797,0.42899203,1,4,1) very rare (1-5)
4954,0.08490045,0.91509956,1,0,1) very rare (1-5)
4955,0.31065047,0.68934953,1,0,1) very rare (1-5)
4956,0.8415975,0.1584025,1,5,1) very rare (1-5)
4957,0.26468217,0.7353178,0,7,2) rare (6-20)
4958,0.4058765,0.5941235,1,31,3) common (21-100)
4959,0.21355678,0.78644323,1,4,1) very rare (1-5)
4960,0.833003,0.16699702,1,36,3) common (21-100)
4961,0.6554721,0.3445279,1,343,4) very common (100+)
4962,0.53243953,0.46756047,0,23,3) common (21-100)
4963,0.91948634,0.080513656,1,178,4) very common (100+)
4964,0.4775581,0.52244186,0,0,1) very rare (1-5)
4965,0.4543823,0.5456177,1,268,4) very common (100+)
4966,0.69314504,0.30685496,1,58,3) common (21-100)
4967,0.27360836,0.7263917,0,4,1) very rare (1-5)
4968,0.33973435,0.6602657,1,8,2) rare (6-20)
4969,0.73416245,0.26583755,0,5,1) very rare (1-5)
4970,0.08469323,0.91530675,1,0,1) very rare (1-5)
4971,0.3822443,0.6177557,0,17,2) rare (6-20)
4972,0.78603005,0.21396995,1,1070,4) very common (100+)
4973,0.96581584,0.034184158,0,1000,4) very common (100+)
4974,0.4236723,0.5763277,0,159,4) very common (100+)
4975,0.90237665,0.09762335,0,274,4) very common (100+)
4976,0.31424367,0.6857563,1,9,2) rare (6-20)
4977,0.28684247,0.71315753,1,0,1) very rare (1-5)
4978,0.91419464,0.08580536,0,63,3) common (21-100)
4979,0.25518784,0.74481213,1,1290,4) very common (100+)
4980,0.15067258,0.84932745,1,2,1) very rare (1-5)
4981,0.9026287,0.09737128,0,237,4) very common (100+)
4982,0.17794858,0.8220514,0,2,1) very rare (1-5)
4983,0.9344289,0.06557113,1,0,1) very rare (1-5)
4984,0.21754089,0.78245914,1,3,1) very rare (1-5)
4985,0.20134713,0.7986529,0,3,1) very rare (1-5)
4986,0.41492867,0.5850713,1,31,3) common (21-100)
4987,0.030110115,0.9698899,1,0,1) very rare (1-5)
4988,0.5285612,0.47143883,0,16,2) rare (6-20)
4989,0.3880263,0.6119737,1,8,2) rare (6-20)
4990,0.5106303,0.4893697,0,4,1) very rare (1-5)
4991,0.77288795,0.22711205,0,18,2) rare (6-20)
4992,0.09008184,0.9099182,0,3,1) very rare (1-5)
4993,0.7106938,0.28930622,1,1290,4) very common (100+)
4994,0.18930055,0.81069946,1,0,1) very rare (1-5)
4995,0.12791778,0.87208223,0,85,3) common (21-100)
4996,0.1254978,0.8745022,1,0,1) very rare (1-5)
4997,0.69537187,0.30462813,0,43,3) common (21-100)
4998,0.91153693,0.08846307,0,1000,4) very common (100+)
4999,0.40931252,0.5906875,1,0,1) very rare (1-5)
5000,0.96862763,0.03137237,0,223,4) very common (100+)
5001,0.30826917,0.69173086,1,6,2) rare (6-20)
5002,0.20866625,0.79133373,1,1,1) very rare (1-5)
5003,0.90322703,0.09677297,0,89,3) common (21-100)
5004,0.8071268,0.19287318,0,66,3) common (21-100)
5005,0.082057305,0.9179427,1,118,4) very common (100+)
5006,0.9906343,0.009365678,0,274,4) very common (100+)
