mol_idx,top_score,uq,error,frequency,tier
0,0.869288,0.13071197,0,74,3) common (21-100)
1,0.13118403,0.86881596,0,0,1) very rare (1-5)
2,0.959237,0.04076302,0,74,3) common (21-100)
3,0.24416451,0.7558355,1,0,1) very rare (1-5)
4,0.032710884,0.9672891,1,0,1) very rare (1-5)
5,0.6216223,0.37837768,0,7,2) rare (6-20)
6,0.36240333,0.63759667,0,2,1) very rare (1-5)
7,0.8212897,0.17871028,0,23,3) common (21-100)
8,0.5672146,0.4327854,1,4,1) very rare (1-5)
9,0.03557946,0.96442056,1,0,1) very rare (1-5)
10,0.07055354,0.92944646,1,0,1) very rare (1-5)
11,0.51179844,0.48820156,0,3,1) very rare (1-5)
12,0.074825734,0.92517424,1,0,1) very rare (1-5)
13,0.8631516,0.13684839,1,0,1) very rare (1-5)
14,0.9100955,0.08990449,0,1,1) very rare (1-5)
15,0.34657922,0.6534208,1,6,2) rare (6-20)
16,0.45906574,0.54093426,0,5,1) very rare (1-5)
17,0.9611879,0.0388121,0,74,3) common (21-100)
18,0.9065098,0.09349018,1,2,1) very rare (1-5)
19,0.8605013,0.13949871,0,3,1) very rare (1-5)
20,0.10718138,0.8928186,1,0,1) very rare (1-5)
21,0.90655684,0.093443155,0,74,3) common (21-100)
22,0.3294937,0.6705063,1,0,1) very rare (1-5)
23,0.6133534,0.38664663,1,14,2) rare (6-20)
24,0.52849776,0.47150224,0,108,4) very common (100+)
25,0.57096887,0.42903113,1,145,4) very common (100+)
26,0.32149163,0.6785084,1,7,2) rare (6-20)
27,0.20292325,0.79707676,1,20,2) rare (6-20)
28,0.32018176,0.6798183,0,10,2) rare (6-20)
29,0.2619066,0.7380934,1,0,1) very rare (1-5)
30,0.47428942,0.5257106,0,7,2) rare (6-20)
31,0.7146556,0.28534442,1,43,3) common (21-100)
32,0.19419563,0.8058044,1,1,1) very rare (1-5)
33,0.6449796,0.3550204,0,6,2) rare (6-20)
34,0.080200076,0.9197999,1,31,3) common (21-100)
35,0.1364671,0.8635329,1,0,1) very rare (1-5)
36,0.15221256,0.84778744,1,0,1) very rare (1-5)
37,0.5716143,0.42838567,1,3,1) very rare (1-5)
38,0.5099067,0.4900933,1,2,1) very rare (1-5)
39,0.68804705,0.31195295,0,84,3) common (21-100)
40,0.1184256,0.8815744,1,0,1) very rare (1-5)
41,0.13833727,0.86166275,1,0,1) very rare (1-5)
42,0.4762629,0.5237371,1,2,1) very rare (1-5)
43,0.24809074,0.75190926,0,3,1) very rare (1-5)
44,0.04704805,0.95295197,1,1,1) very rare (1-5)
45,0.57921976,0.42078024,1,0,1) very rare (1-5)
46,0.7578161,0.24218392,0,36,3) common (21-100)
47,0.28662896,0.71337104,1,3,1) very rare (1-5)
48,0.04464435,0.95535564,1,1,1) very rare (1-5)
49,0.07438904,0.92561096,0,0,1) very rare (1-5)
50,0.14528276,0.85471725,1,8,2) rare (6-20)
51,0.928107,0.07189298,1,2,1) very rare (1-5)
52,0.85276693,0.14723307,1,5,1) very rare (1-5)
53,0.81086177,0.18913823,1,44,3) common (21-100)
54,0.124526985,0.875473,1,0,1) very rare (1-5)
55,0.19950154,0.8004985,1,3,1) very rare (1-5)
56,0.75625724,0.24374276,1,1,1) very rare (1-5)
57,0.46809673,0.53190327,0,274,4) very common (100+)
58,0.058350064,0.9416499,1,14,2) rare (6-20)
59,0.5118775,0.48812252,1,2,1) very rare (1-5)
60,0.13279563,0.86720437,1,1,1) very rare (1-5)
61,0.621868,0.378132,1,2,1) very rare (1-5)
62,0.29005954,0.70994043,0,123,4) very common (100+)
63,0.12497542,0.87502456,1,1,1) very rare (1-5)
64,0.6125013,0.38749868,1,30,3) common (21-100)
65,0.9273375,0.07266247,0,15,2) rare (6-20)
66,0.63981134,0.36018866,0,6,2) rare (6-20)
67,0.34127724,0.65872276,0,13,2) rare (6-20)
68,0.98550934,0.014490664,0,274,4) very common (100+)
69,0.23860879,0.7613912,1,0,1) very rare (1-5)
70,0.4756459,0.5243541,0,5,1) very rare (1-5)
71,0.32829764,0.6717024,0,14,2) rare (6-20)
72,0.061176103,0.9388239,1,2,1) very rare (1-5)
73,0.2807402,0.7192598,1,142,4) very common (100+)
74,0.12211012,0.8778899,1,0,1) very rare (1-5)
75,0.5044396,0.4955604,1,81,3) common (21-100)
76,0.46977407,0.53022593,1,30,3) common (21-100)
77,0.42220688,0.5777931,1,4,1) very rare (1-5)
78,0.11876958,0.8812304,0,2,1) very rare (1-5)
79,0.29620472,0.7037953,1,1070,4) very common (100+)
80,0.7016252,0.29837477,1,1,1) very rare (1-5)
81,0.12844092,0.8715591,1,0,1) very rare (1-5)
82,0.028839359,0.97116065,1,3,1) very rare (1-5)
83,0.810809,0.18919098,1,1290,4) very common (100+)
84,0.15045643,0.8495436,1,1,1) very rare (1-5)
85,0.22158584,0.77841413,1,19,2) rare (6-20)
86,0.678217,0.321783,1,75,3) common (21-100)
87,0.013054907,0.9869451,1,24,3) common (21-100)
88,0.049102783,0.9508972,1,0,1) very rare (1-5)
89,0.42264867,0.57735133,0,106,4) very common (100+)
90,0.820874,0.17912602,0,81,3) common (21-100)
91,0.35392663,0.64607334,0,2,1) very rare (1-5)
92,0.24625999,0.75374,1,6,2) rare (6-20)
93,0.8582687,0.14173132,1,146,4) very common (100+)
94,0.8779554,0.12204462,1,3,1) very rare (1-5)
95,0.97117954,0.028820455,0,1290,4) very common (100+)
96,0.1798165,0.8201835,1,26,3) common (21-100)
97,0.035514206,0.96448576,1,15,2) rare (6-20)
98,0.14056088,0.85943913,1,107,4) very common (100+)
99,0.8848194,0.11518061,1,1070,4) very common (100+)
100,0.45442867,0.5455713,0,96,3) common (21-100)
101,0.07057919,0.9294208,1,1,1) very rare (1-5)
102,0.4876421,0.5123579,0,118,4) very common (100+)
103,0.4008178,0.5991822,0,0,1) very rare (1-5)
104,0.7102626,0.2897374,1,54,3) common (21-100)
105,0.59454995,0.40545005,0,1290,4) very common (100+)
106,0.99748385,0.0025161505,0,89,3) common (21-100)
107,0.12618679,0.8738132,1,20,2) rare (6-20)
108,0.72303694,0.27696306,0,66,3) common (21-100)
109,0.241552,0.758448,0,9,2) rare (6-20)
110,0.9889509,0.011049092,1,89,3) common (21-100)
111,0.558531,0.441469,1,16,2) rare (6-20)
112,0.0676959,0.9323041,1,0,1) very rare (1-5)
113,0.46861616,0.5313839,0,43,3) common (21-100)
114,0.15945804,0.84054196,0,111,4) very common (100+)
115,0.8973039,0.10269612,0,145,4) very common (100+)
116,0.021514239,0.97848576,1,1,1) very rare (1-5)
117,0.89700645,0.10299355,0,70,3) common (21-100)
118,0.5369894,0.4630106,1,94,3) common (21-100)
119,0.8761529,0.12384713,0,123,4) very common (100+)
120,0.103593886,0.8964061,0,33,3) common (21-100)
121,0.6213338,0.37866622,1,0,1) very rare (1-5)
122,0.6579742,0.34202582,1,0,1) very rare (1-5)
123,0.9635385,0.036461473,0,700,4) very common (100+)
124,0.40449554,0.59550446,0,37,3) common (21-100)
125,0.6035338,0.3964662,0,52,3) common (21-100)
126,0.19950737,0.80049264,1,0,1) very rare (1-5)
127,0.17465484,0.82534516,1,2,1) very rare (1-5)
128,0.0902303,0.9097697,1,0,1) very rare (1-5)
129,0.3474225,0.6525775,0,106,4) very common (100+)
130,0.89058506,0.109414935,1,11,2) rare (6-20)
131,0.34785205,0.65214795,0,2,1) very rare (1-5)
132,0.8794167,0.120583296,0,6,2) rare (6-20)
133,0.40583527,0.5941647,0,1,1) very rare (1-5)
134,0.9935933,0.0064067245,0,274,4) very common (100+)
135,0.14578089,0.8542191,1,0,1) very rare (1-5)
136,0.91151065,0.08848935,0,78,3) common (21-100)
137,0.5953567,0.4046433,1,0,1) very rare (1-5)
138,0.7693674,0.2306326,0,1290,4) very common (100+)
139,0.4755581,0.5244419,1,1070,4) very common (100+)
140,0.9890275,0.0109725,0,343,4) very common (100+)
141,0.97375894,0.026241064,0,74,3) common (21-100)
142,0.5930776,0.4069224,0,66,3) common (21-100)
143,0.5128414,0.4871586,1,2,1) very rare (1-5)
144,0.309397,0.690603,1,13,2) rare (6-20)
145,0.45632237,0.5436776,0,5,1) very rare (1-5)
146,0.35234377,0.6476562,1,166,4) very common (100+)
147,0.020357797,0.9796422,1,3,1) very rare (1-5)
148,0.09783666,0.9021633,1,1,1) very rare (1-5)
149,0.36075112,0.63924885,0,33,3) common (21-100)
150,0.84578294,0.15421706,0,178,4) very common (100+)
151,0.78088623,0.21911377,0,5,1) very rare (1-5)
152,0.4878049,0.5121951,0,1290,4) very common (100+)
153,0.19465747,0.80534256,0,33,3) common (21-100)
154,0.039244846,0.96075517,1,0,1) very rare (1-5)
155,0.39257514,0.60742486,0,33,3) common (21-100)
156,0.9569674,0.043032587,0,9,2) rare (6-20)
157,0.8896467,0.11035329,1,8,2) rare (6-20)
158,0.9822896,0.017710388,0,39,3) common (21-100)
159,0.39606827,0.6039317,1,4,1) very rare (1-5)
160,0.19535442,0.8046456,0,10,2) rare (6-20)
161,0.040981628,0.95901835,1,0,1) very rare (1-5)
162,0.074288145,0.92571187,0,76,3) common (21-100)
163,0.20664625,0.79335374,1,4,1) very rare (1-5)
164,0.15430923,0.8456908,1,160,4) very common (100+)
165,0.07201319,0.9279868,1,4,1) very rare (1-5)
166,0.8014318,0.19856822,1,7,2) rare (6-20)
167,0.12965351,0.8703465,0,4,1) very rare (1-5)
168,0.44907144,0.5509286,1,223,4) very common (100+)
169,0.25486183,0.74513817,0,8,2) rare (6-20)
170,0.33880985,0.66119015,1,0,1) very rare (1-5)
171,0.17121823,0.8287818,1,26,3) common (21-100)
172,0.46887648,0.5311235,1,1290,4) very common (100+)
173,0.72091115,0.27908885,0,105,4) very common (100+)
174,0.11296413,0.88703585,1,1,1) very rare (1-5)
175,0.22549285,0.77450716,1,2,1) very rare (1-5)
176,0.7765895,0.22341049,1,15,2) rare (6-20)
177,0.5171376,0.4828624,0,102,4) very common (100+)
178,0.93702346,0.06297654,0,1070,4) very common (100+)
179,0.804498,0.19550198,0,15,2) rare (6-20)
180,0.7949167,0.20508331,0,1070,4) very common (100+)
181,0.599245,0.400755,0,79,3) common (21-100)
182,0.7062992,0.2937008,1,1070,4) very common (100+)
183,0.1555379,0.8444621,1,36,3) common (21-100)
184,0.6132151,0.3867849,0,66,3) common (21-100)
185,0.6319239,0.3680761,0,1070,4) very common (100+)
186,0.998024,0.0019760132,0,211,4) very common (100+)
187,0.74517,0.25483,1,81,3) common (21-100)
188,0.04143768,0.9585623,1,10,2) rare (6-20)
189,0.20251037,0.79748964,1,1,1) very rare (1-5)
190,0.9729529,0.027047098,0,1070,4) very common (100+)
191,0.02255275,0.9774473,0,2,1) very rare (1-5)
192,0.67342633,0.32657367,1,20,2) rare (6-20)
193,0.602155,0.39784497,0,5,1) very rare (1-5)
194,0.21907456,0.78092545,0,4,1) very rare (1-5)
195,0.6232239,0.3767761,0,4,1) very rare (1-5)
196,0.7239502,0.2760498,0,6,2) rare (6-20)
197,0.58344394,0.41655606,1,45,3) common (21-100)
198,0.4800653,0.5199347,1,108,4) very common (100+)
199,0.2898889,0.71011114,0,44,3) common (21-100)
200,0.5514501,0.44854993,1,30,3) common (21-100)
201,0.25659397,0.74340606,1,96,3) common (21-100)
202,0.8596553,0.14034468,0,70,3) common (21-100)
203,0.52112085,0.47887915,1,0,1) very rare (1-5)
204,0.04036202,0.959638,1,2,1) very rare (1-5)
205,0.2487251,0.7512749,1,2,1) very rare (1-5)
206,0.49058753,0.50941247,1,372,4) very common (100+)
207,0.53243136,0.46756864,1,0,1) very rare (1-5)
208,0.3322215,0.6677785,1,11,2) rare (6-20)
209,0.1486954,0.8513046,1,0,1) very rare (1-5)
210,0.3174588,0.6825412,1,274,4) very common (100+)
211,0.8281889,0.1718111,0,99,3) common (21-100)
212,0.089692816,0.91030717,1,5,1) very rare (1-5)
213,0.9261181,0.073881924,0,1290,4) very common (100+)
214,0.45502013,0.5449799,0,5,1) very rare (1-5)
215,0.16314492,0.83685505,1,1,1) very rare (1-5)
216,0.7770783,0.22292173,0,121,4) very common (100+)
217,0.5312522,0.4687478,1,1,1) very rare (1-5)
218,0.7920095,0.20799053,0,118,4) very common (100+)
219,0.9821791,0.017820895,0,118,4) very common (100+)
220,0.6401205,0.3598795,1,1,1) very rare (1-5)
221,0.30883327,0.69116676,0,6,2) rare (6-20)
222,0.27474582,0.7252542,1,4,1) very rare (1-5)
223,0.20062327,0.7993767,0,4,1) very rare (1-5)
224,0.38151237,0.6184876,1,1,1) very rare (1-5)
225,0.7742231,0.22577691,0,1290,4) very common (100+)
226,0.60404915,0.39595085,1,9,2) rare (6-20)
227,0.6134542,0.38654578,0,8,2) rare (6-20)
228,0.6623802,0.33761978,1,9,2) rare (6-20)
229,0.5505884,0.44941157,1,237,4) very common (100+)
230,0.7504766,0.2495234,0,261,4) very common (100+)
231,0.12243984,0.87756014,1,3,1) very rare (1-5)
232,0.18896806,0.81103194,1,3,1) very rare (1-5)
233,0.91770905,0.08229095,0,108,4) very common (100+)
234,0.6232113,0.37678868,0,118,4) very common (100+)
235,0.041896082,0.9581039,1,9,2) rare (6-20)
236,0.37468842,0.6253116,1,20,2) rare (6-20)
237,0.4710887,0.5289113,0,22,3) common (21-100)
238,0.025418755,0.97458124,1,3,1) very rare (1-5)
239,0.4164706,0.5835294,1,145,4) very common (100+)
240,0.92436016,0.075639844,1,84,3) common (21-100)
241,0.43701482,0.5629852,1,33,3) common (21-100)
242,0.86213076,0.13786924,1,8,2) rare (6-20)
243,0.102453075,0.89754695,1,1,1) very rare (1-5)
244,0.21472763,0.78527236,1,39,3) common (21-100)
245,0.61855435,0.38144565,0,1070,4) very common (100+)
246,0.9662397,0.03376031,0,1070,4) very common (100+)
247,0.765661,0.234339,0,39,3) common (21-100)
248,0.42550075,0.57449925,0,3,1) very rare (1-5)
249,0.8694857,0.13051432,0,92,3) common (21-100)
250,0.21654248,0.7834575,1,0,1) very rare (1-5)
251,0.30106917,0.69893086,1,2,1) very rare (1-5)
252,0.2740242,0.7259758,0,5,1) very rare (1-5)
253,0.94256437,0.05743563,0,421,4) very common (100+)
254,0.24911189,0.7508881,1,0,1) very rare (1-5)
255,0.5604838,0.4395162,0,0,1) very rare (1-5)
256,0.6527323,0.3472677,1,16,2) rare (6-20)
257,0.17172715,0.8282728,1,0,1) very rare (1-5)
258,0.4333018,0.5666982,1,1070,4) very common (100+)
259,0.14188339,0.8581166,0,14,2) rare (6-20)
260,0.91143847,0.088561535,0,47,3) common (21-100)
261,0.4081066,0.59189343,1,0,1) very rare (1-5)
262,0.37264335,0.62735665,0,18,2) rare (6-20)
263,0.98117185,0.018828154,0,700,4) very common (100+)
264,0.8313335,0.16866648,1,79,3) common (21-100)
265,0.9471458,0.05285418,0,178,4) very common (100+)
266,0.9357133,0.06428671,0,261,4) very common (100+)
267,0.75905627,0.24094373,0,105,4) very common (100+)
268,0.46787277,0.53212726,0,5,1) very rare (1-5)
269,0.58676565,0.41323435,0,2,1) very rare (1-5)
270,0.05197351,0.9480265,1,0,1) very rare (1-5)
271,0.10544867,0.89455134,1,6,2) rare (6-20)
272,0.3636908,0.6363092,0,19,2) rare (6-20)
273,0.3162097,0.6837903,1,0,1) very rare (1-5)
274,0.21487322,0.7851268,1,3,1) very rare (1-5)
275,0.9048859,0.09511411,0,372,4) very common (100+)
276,0.58950883,0.41049117,0,2,1) very rare (1-5)
277,0.93330896,0.06669104,0,1070,4) very common (100+)
278,0.113972954,0.88602704,1,58,3) common (21-100)
279,0.3064625,0.6935375,1,372,4) very common (100+)
280,0.9314946,0.06850541,0,1290,4) very common (100+)
281,0.7309162,0.2690838,1,0,1) very rare (1-5)
282,0.16450317,0.83549684,1,4,1) very rare (1-5)
283,0.39144114,0.6085589,1,58,3) common (21-100)
284,0.37097558,0.6290244,0,5,1) very rare (1-5)
285,0.6887968,0.31120318,1,66,3) common (21-100)
286,0.67718965,0.32281035,0,52,3) common (21-100)
287,0.6725128,0.32748717,1,178,4) very common (100+)
288,0.89323765,0.10676235,0,5,1) very rare (1-5)
289,0.8529311,0.14706892,0,29,3) common (21-100)
290,0.51654094,0.48345906,0,1290,4) very common (100+)
291,0.5369934,0.46300662,1,7,2) rare (6-20)
292,0.9349352,0.06506479,0,105,4) very common (100+)
293,0.81577253,0.18422747,1,24,3) common (21-100)
294,0.84854954,0.15145046,0,94,3) common (21-100)
295,0.90282387,0.097176135,1,0,1) very rare (1-5)
296,0.3395041,0.6604959,1,2,1) very rare (1-5)
297,0.6963698,0.30363017,0,23,3) common (21-100)
298,0.8529385,0.14706153,0,1070,4) very common (100+)
299,0.6076344,0.39236557,0,79,3) common (21-100)
300,0.27759582,0.7224042,1,0,1) very rare (1-5)
301,0.30679533,0.69320464,1,5,1) very rare (1-5)
302,0.23759668,0.7624033,1,134,4) very common (100+)
303,0.18840581,0.8115942,0,700,4) very common (100+)
304,0.10475607,0.89524394,1,0,1) very rare (1-5)
305,0.03239001,0.96761,0,1,1) very rare (1-5)
306,0.73687327,0.26312673,0,6,2) rare (6-20)
307,0.07572784,0.9242722,1,0,1) very rare (1-5)
308,0.34930918,0.6506908,0,13,2) rare (6-20)
309,0.5169012,0.4830988,1,1,1) very rare (1-5)
310,0.6638528,0.3361472,0,11,2) rare (6-20)
311,0.37862462,0.6213754,0,1,1) very rare (1-5)
312,0.18422395,0.81577605,1,107,4) very common (100+)
313,0.44501352,0.5549865,1,28,3) common (21-100)
314,0.9382721,0.06172788,0,99,3) common (21-100)
315,0.95113915,0.048860848,1,5,1) very rare (1-5)
316,0.87701166,0.12298834,0,4,1) very rare (1-5)
317,0.59726423,0.40273577,0,0,1) very rare (1-5)
318,0.22236744,0.7776326,1,23,3) common (21-100)
319,0.78608865,0.21391135,0,6,2) rare (6-20)
320,0.41803268,0.58196735,1,268,4) very common (100+)
321,0.9426242,0.05737579,0,76,3) common (21-100)
322,0.8978551,0.1021449,0,12,2) rare (6-20)
323,0.25085053,0.74914944,1,79,3) common (21-100)
324,0.37330395,0.62669605,0,6,2) rare (6-20)
325,0.7268006,0.27319938,1,105,4) very common (100+)
326,0.97027147,0.029728532,0,182,4) very common (100+)
327,0.280675,0.719325,1,106,4) very common (100+)
328,0.08230708,0.9176929,1,274,4) very common (100+)
329,0.34576544,0.6542345,1,39,3) common (21-100)
330,0.13383825,0.86616176,1,268,4) very common (100+)
331,0.8117715,0.18822849,0,1290,4) very common (100+)
332,0.91449493,0.08550507,0,10,2) rare (6-20)
333,0.42765972,0.57234025,0,106,4) very common (100+)
334,0.110223636,0.88977635,1,2,1) very rare (1-5)
335,0.7708959,0.2291041,0,4,1) very rare (1-5)
336,0.2913914,0.7086086,0,1,1) very rare (1-5)
337,0.6678579,0.3321421,0,14,2) rare (6-20)
338,0.8868002,0.11319977,1,0,1) very rare (1-5)
339,0.2200111,0.7799889,1,3,1) very rare (1-5)
340,0.7321224,0.26787758,1,1070,4) very common (100+)
341,0.72568285,0.27431715,0,1290,4) very common (100+)
342,0.79603577,0.20396423,1,38,3) common (21-100)
343,0.76000893,0.23999107,1,23,3) common (21-100)
344,0.7351605,0.26483947,0,372,4) very common (100+)
345,0.66350806,0.33649194,1,1,1) very rare (1-5)
346,0.9463988,0.053601205,0,700,4) very common (100+)
347,0.36672592,0.6332741,0,121,4) very common (100+)
348,0.07866487,0.9213351,1,58,3) common (21-100)
349,0.5925055,0.4074945,0,3,1) very rare (1-5)
350,0.653539,0.346461,1,268,4) very common (100+)
351,0.732218,0.26778197,0,13,2) rare (6-20)
352,0.2363239,0.7636761,1,0,1) very rare (1-5)
353,0.98997116,0.010028839,0,85,3) common (21-100)
354,0.3854813,0.6145187,0,2,1) very rare (1-5)
355,0.06048938,0.93951064,1,0,1) very rare (1-5)
356,0.56539714,0.43460286,1,49,3) common (21-100)
357,0.81448424,0.18551576,0,700,4) very common (100+)
358,0.67487097,0.32512903,0,46,3) common (21-100)
359,0.1848161,0.8151839,1,1,1) very rare (1-5)
360,0.1703989,0.8296011,0,23,3) common (21-100)
361,0.5506646,0.4493354,1,81,3) common (21-100)
362,0.91030324,0.089696765,0,1070,4) very common (100+)
363,0.5238398,0.47616023,0,108,4) very common (100+)
364,0.45615324,0.5438467,1,1290,4) very common (100+)
365,0.6622667,0.33773333,1,58,3) common (21-100)
366,0.26755396,0.7324461,1,4,1) very rare (1-5)
367,0.39374796,0.6062521,0,145,4) very common (100+)
368,0.5999728,0.40002722,1,1290,4) very common (100+)
369,0.019945564,0.98005444,1,0,1) very rare (1-5)
370,0.74936634,0.25063366,1,16,2) rare (6-20)
371,0.1544148,0.8455852,1,1,1) very rare (1-5)
372,0.425302,0.574698,1,1290,4) very common (100+)
373,0.67524916,0.32475084,0,166,4) very common (100+)
374,0.5814586,0.41854137,1,1070,4) very common (100+)
375,0.5732904,0.4267096,1,1,1) very rare (1-5)
376,0.9296656,0.070334375,0,74,3) common (21-100)
377,0.8934889,0.106511116,0,142,4) very common (100+)
378,0.7280275,0.27197248,1,99,3) common (21-100)
379,0.25665507,0.7433449,1,24,3) common (21-100)
380,0.39485455,0.60514545,0,12,2) rare (6-20)
381,0.24788052,0.7521195,0,6,2) rare (6-20)
382,0.3101314,0.68986857,1,166,4) very common (100+)
383,0.30348495,0.6965151,0,3,1) very rare (1-5)
384,0.7756833,0.22431672,1,166,4) very common (100+)
385,0.69812876,0.30187124,1,17,2) rare (6-20)
386,0.87309915,0.12690085,0,421,4) very common (100+)
387,0.08190565,0.91809434,1,3,1) very rare (1-5)
388,0.29081896,0.7091811,1,3,1) very rare (1-5)
389,0.659036,0.34096402,0,160,4) very common (100+)
390,0.022681069,0.97731894,1,0,1) very rare (1-5)
391,0.7484446,0.25155538,0,78,3) common (21-100)
392,0.34582067,0.65417933,1,0,1) very rare (1-5)
393,0.7130595,0.28694052,1,275,4) very common (100+)
394,0.7186307,0.28136933,1,118,4) very common (100+)
395,0.0769286,0.9230714,0,0,1) very rare (1-5)
396,0.741648,0.25835198,0,1,1) very rare (1-5)
397,0.53451484,0.46548516,0,142,4) very common (100+)
398,0.1732797,0.8267203,1,0,1) very rare (1-5)
399,0.35188112,0.64811885,1,36,3) common (21-100)
400,0.85032517,0.14967483,0,372,4) very common (100+)
401,0.81529635,0.18470365,0,55,3) common (21-100)
402,0.52310777,0.47689223,0,3,1) very rare (1-5)
403,0.95366085,0.046339154,0,78,3) common (21-100)
404,0.4030425,0.5969575,0,700,4) very common (100+)
405,0.7795497,0.22045028,1,70,3) common (21-100)
406,0.98028654,0.019713461,0,421,4) very common (100+)
407,0.5826867,0.41731328,1,107,4) very common (100+)
408,0.2962493,0.7037507,1,96,3) common (21-100)
409,0.39778724,0.6022128,1,237,4) very common (100+)
410,0.8165914,0.18340862,0,124,4) very common (100+)
411,0.17629386,0.82370615,1,39,3) common (21-100)
412,0.20576364,0.79423636,0,2,1) very rare (1-5)
413,0.198068,0.801932,1,237,4) very common (100+)
414,0.05337224,0.94662774,0,2,1) very rare (1-5)
415,0.98583317,0.014166832,0,159,4) very common (100+)
416,0.30519372,0.6948063,1,39,3) common (21-100)
417,0.59910923,0.40089077,1,1290,4) very common (100+)
418,0.83101463,0.16898537,1,6,2) rare (6-20)
419,0.74944204,0.25055796,0,124,4) very common (100+)
420,0.25576076,0.7442392,1,49,3) common (21-100)
421,0.021735076,0.9782649,1,0,1) very rare (1-5)
422,0.16471846,0.83528155,1,2,1) very rare (1-5)
423,0.64111465,0.35888535,1,118,4) very common (100+)
424,0.3387212,0.66127884,0,18,2) rare (6-20)
425,0.86795455,0.13204545,1,4,1) very rare (1-5)
426,0.12134619,0.8786538,1,66,3) common (21-100)
427,0.27054933,0.7294507,1,0,1) very rare (1-5)
428,0.13464773,0.8653523,1,32,3) common (21-100)
429,0.6231701,0.37682992,0,343,4) very common (100+)
430,0.5338166,0.46618342,1,41,3) common (21-100)
431,0.86459047,0.13540953,0,1290,4) very common (100+)
432,0.29016384,0.7098361,0,58,3) common (21-100)
433,0.13451424,0.8654858,1,2,1) very rare (1-5)
434,0.8833303,0.116669714,1,70,3) common (21-100)
435,0.1269467,0.8730533,0,2,1) very rare (1-5)
436,0.58998615,0.41001385,1,1,1) very rare (1-5)
437,0.06918234,0.93081766,1,0,1) very rare (1-5)
438,0.42941183,0.5705882,1,24,3) common (21-100)
439,0.6375538,0.3624462,1,42,3) common (21-100)
440,0.6740483,0.3259517,0,372,4) very common (100+)
441,0.7121486,0.2878514,1,0,1) very rare (1-5)
442,0.63256437,0.36743563,0,1070,4) very common (100+)
443,0.53932655,0.46067345,0,237,4) very common (100+)
444,0.07487542,0.9251246,1,0,1) very rare (1-5)
445,0.2683552,0.7316448,0,3,1) very rare (1-5)
446,0.97051245,0.02948755,0,1290,4) very common (100+)
447,0.83419484,0.16580516,1,12,2) rare (6-20)
448,0.24409296,0.75590706,1,105,4) very common (100+)
449,0.9739639,0.026036084,0,86,3) common (21-100)
450,0.8015697,0.1984303,0,47,3) common (21-100)
451,0.4572834,0.5427166,1,123,4) very common (100+)
452,0.43792585,0.5620742,1,49,3) common (21-100)
453,0.7030495,0.29695052,0,12,2) rare (6-20)
454,0.028437816,0.9715622,1,8,2) rare (6-20)
455,0.15310384,0.8468962,1,0,1) very rare (1-5)
456,0.21273668,0.78726333,1,7,2) rare (6-20)
457,0.18906042,0.81093955,0,5,1) very rare (1-5)
458,0.9381817,0.0618183,0,211,4) very common (100+)
459,0.4893282,0.5106718,1,20,2) rare (6-20)
460,0.06985181,0.9301482,1,0,1) very rare (1-5)
461,0.76981133,0.23018867,0,700,4) very common (100+)
462,0.10590324,0.89409673,1,1,1) very rare (1-5)
463,0.83430237,0.16569763,0,5,1) very rare (1-5)
464,0.97230434,0.027695656,0,1290,4) very common (100+)
465,0.37528536,0.6247146,1,0,1) very rare (1-5)
466,0.60152626,0.39847374,0,42,3) common (21-100)
467,0.14092411,0.8590759,1,4,1) very rare (1-5)
468,0.9994436,0.00055640936,0,211,4) very common (100+)
469,0.12900302,0.87099695,1,0,1) very rare (1-5)
470,0.9355415,0.06445849,0,700,4) very common (100+)
471,0.29930574,0.70069426,1,34,3) common (21-100)
472,0.90496427,0.09503573,0,223,4) very common (100+)
473,0.08803646,0.9119635,1,0,1) very rare (1-5)
474,0.08507224,0.9149278,1,0,1) very rare (1-5)
475,0.5682322,0.43176782,1,47,3) common (21-100)
476,0.14790024,0.8520998,0,8,2) rare (6-20)
477,0.115136996,0.884863,0,0,1) very rare (1-5)
478,0.54348755,0.45651245,1,13,2) rare (6-20)
479,0.38389584,0.6161041,0,0,1) very rare (1-5)
480,0.58071023,0.41928977,1,274,4) very common (100+)
481,0.19229572,0.80770427,1,0,1) very rare (1-5)
482,0.6399534,0.36004663,1,0,1) very rare (1-5)
483,0.2415922,0.75840783,1,70,3) common (21-100)
484,0.071639076,0.92836094,1,10,2) rare (6-20)
485,0.76493824,0.23506176,1,0,1) very rare (1-5)
486,0.19439937,0.80560064,1,58,3) common (21-100)
487,0.20935279,0.7906472,1,19,2) rare (6-20)
488,0.6662353,0.33376467,1,1,1) very rare (1-5)
489,0.7166996,0.2833004,1,6,2) rare (6-20)
490,0.8914361,0.1085639,0,1070,4) very common (100+)
491,0.14462331,0.8553767,1,2,1) very rare (1-5)
492,0.8937787,0.10622132,0,1290,4) very common (100+)
493,0.9772828,0.022717178,0,142,4) very common (100+)
494,0.5874576,0.4125424,0,14,2) rare (6-20)
495,0.7838728,0.21612722,0,275,4) very common (100+)
496,0.2542185,0.74578154,0,23,3) common (21-100)
497,0.51762927,0.48237073,0,12,2) rare (6-20)
498,0.16870102,0.83129895,1,0,1) very rare (1-5)
499,0.61286247,0.38713753,0,37,3) common (21-100)
500,0.4582945,0.5417055,1,0,1) very rare (1-5)
501,0.3002546,0.6997454,1,0,1) very rare (1-5)
502,0.30627725,0.6937227,1,0,1) very rare (1-5)
503,0.62158406,0.37841594,1,1,1) very rare (1-5)
504,0.2584682,0.7415318,0,0,1) very rare (1-5)
505,0.4872941,0.5127059,1,0,1) very rare (1-5)
506,0.56245947,0.43754053,1,10,2) rare (6-20)
507,0.47716597,0.52283406,1,1290,4) very common (100+)
508,0.14682755,0.8531724,1,15,2) rare (6-20)
509,0.63671154,0.36328846,1,4,1) very rare (1-5)
510,0.3059232,0.6940768,1,76,3) common (21-100)
511,0.77636147,0.22363853,1,11,2) rare (6-20)
512,0.5064617,0.49353832,0,105,4) very common (100+)
513,0.9416889,0.058311105,1,62,3) common (21-100)
514,0.37401006,0.6259899,1,1290,4) very common (100+)
515,0.018247956,0.98175204,1,4,1) very rare (1-5)
516,0.0902984,0.9097016,1,36,3) common (21-100)
517,0.38818973,0.61181027,1,1,1) very rare (1-5)
518,0.14707328,0.85292673,1,6,2) rare (6-20)
519,0.18930843,0.8106916,1,46,3) common (21-100)
520,0.890887,0.10911298,0,5,1) very rare (1-5)
521,0.6100591,0.38994092,1,0,1) very rare (1-5)
522,0.5763304,0.42366958,1,0,1) very rare (1-5)
523,0.22919528,0.7708047,0,18,2) rare (6-20)
524,0.62704974,0.37295026,1,1,1) very rare (1-5)
525,0.084579445,0.91542053,1,23,3) common (21-100)
526,0.4218596,0.5781404,0,4,1) very rare (1-5)
527,0.8099613,0.19003868,1,0,1) very rare (1-5)
528,0.87367225,0.12632775,1,2,1) very rare (1-5)
529,0.18285441,0.8171456,1,14,2) rare (6-20)
530,0.5000478,0.4999522,0,56,3) common (21-100)
531,0.9002077,0.0997923,1,2,1) very rare (1-5)
532,0.4498023,0.5501977,1,96,3) common (21-100)
533,0.4457128,0.5542872,1,2,1) very rare (1-5)
534,0.2524927,0.74750733,1,41,3) common (21-100)
535,0.64284706,0.35715294,1,62,3) common (21-100)
536,0.033294592,0.9667054,1,4,1) very rare (1-5)
537,0.53430456,0.46569544,1,1070,4) very common (100+)
538,0.2239517,0.7760483,0,36,3) common (21-100)
539,0.96475595,0.035244048,0,3,1) very rare (1-5)
540,0.21703067,0.78296936,0,372,4) very common (100+)
541,0.23979612,0.7602039,0,8,2) rare (6-20)
542,0.022545412,0.9774546,1,0,1) very rare (1-5)
543,0.22019589,0.7798041,1,21,3) common (21-100)
544,0.2795274,0.7204726,0,19,2) rare (6-20)
545,0.57510686,0.42489314,0,19,2) rare (6-20)
546,0.7801257,0.21987432,0,28,3) common (21-100)
547,0.8346907,0.16530931,0,372,4) very common (100+)
548,0.039160345,0.9608396,1,0,1) very rare (1-5)
549,0.18895176,0.81104827,1,62,3) common (21-100)
550,0.68674076,0.31325924,0,105,4) very common (100+)
551,0.17639512,0.8236049,1,0,1) very rare (1-5)
552,0.6607528,0.33924723,0,6,2) rare (6-20)
553,0.36335033,0.63664967,0,2,1) very rare (1-5)
554,0.24934417,0.75065583,0,5,1) very rare (1-5)
555,0.18924205,0.81075794,1,5,1) very rare (1-5)
556,0.8122264,0.18777359,1,49,3) common (21-100)
557,0.8402852,0.15971482,1,9,2) rare (6-20)
558,0.26211685,0.73788315,0,28,3) common (21-100)
559,0.9167246,0.08327538,0,26,3) common (21-100)
560,0.4159118,0.5840882,0,15,2) rare (6-20)
561,0.5830723,0.4169277,0,106,4) very common (100+)
562,0.18183818,0.81816185,1,2,1) very rare (1-5)
563,0.28818926,0.7118107,1,0,1) very rare (1-5)
564,0.27251068,0.72748935,1,20,2) rare (6-20)
565,0.32094255,0.6790575,1,1,1) very rare (1-5)
566,0.77768195,0.22231805,1,12,2) rare (6-20)
567,0.14905183,0.85094815,1,107,4) very common (100+)
568,0.7371101,0.26288992,1,124,4) very common (100+)
569,0.91678715,0.08321285,0,7,2) rare (6-20)
570,0.41906548,0.5809345,0,5,1) very rare (1-5)
571,0.90702665,0.09297335,0,237,4) very common (100+)
572,0.19894688,0.8010531,1,1,1) very rare (1-5)
573,0.04807949,0.9519205,1,16,2) rare (6-20)
574,0.7757184,0.22428161,0,1,1) very rare (1-5)
575,0.59980756,0.40019244,1,1290,4) very common (100+)
576,0.6290705,0.37092948,1,700,4) very common (100+)
577,0.39974788,0.60025215,0,5,1) very rare (1-5)
578,0.5979099,0.40209007,0,14,2) rare (6-20)
579,0.37957263,0.62042737,0,178,4) very common (100+)
580,0.06819255,0.93180746,0,372,4) very common (100+)
581,0.8314032,0.1685968,0,3,1) very rare (1-5)
582,0.46220258,0.53779745,1,70,3) common (21-100)
583,0.32475778,0.6752422,1,6,2) rare (6-20)
584,0.22800791,0.7719921,0,223,4) very common (100+)
585,0.29444304,0.705557,1,1290,4) very common (100+)
586,0.4745967,0.52540326,0,62,3) common (21-100)
587,0.9712326,0.028767407,0,421,4) very common (100+)
588,0.068571225,0.9314288,0,159,4) very common (100+)
589,0.9814734,0.018526614,0,1000,4) very common (100+)
590,0.19714268,0.80285734,1,7,2) rare (6-20)
591,0.045738254,0.9542617,0,3,1) very rare (1-5)
592,0.6013415,0.3986585,0,237,4) very common (100+)
593,0.82228,0.17772001,0,34,3) common (21-100)
594,0.9717131,0.028286874,0,47,3) common (21-100)
595,0.32809874,0.6719012,1,10,2) rare (6-20)
596,0.64644,0.35355997,0,3,1) very rare (1-5)
597,0.96230775,0.03769225,0,274,4) very common (100+)
598,0.17448787,0.8255121,1,2,1) very rare (1-5)
599,0.42525148,0.5747485,0,21,3) common (21-100)
600,0.6306879,0.3693121,1,17,2) rare (6-20)
601,0.18711501,0.812885,1,1,1) very rare (1-5)
602,0.7804382,0.21956182,1,78,3) common (21-100)
603,0.67931646,0.32068354,1,78,3) common (21-100)
604,0.8269609,0.17303908,0,105,4) very common (100+)
605,0.929397,0.07060301,0,10,2) rare (6-20)
606,0.7885851,0.21141487,1,3,1) very rare (1-5)
607,0.80862886,0.19137114,0,79,3) common (21-100)
608,0.6989057,0.3010943,0,275,4) very common (100+)
609,0.17875649,0.8212435,0,12,2) rare (6-20)
610,0.4042357,0.5957643,1,124,4) very common (100+)
611,0.850528,0.149472,0,1,1) very rare (1-5)
612,0.20781551,0.7921845,1,25,3) common (21-100)
613,0.67768395,0.32231605,1,1,1) very rare (1-5)
614,0.36243346,0.63756657,1,5,1) very rare (1-5)
615,0.7054489,0.29455107,1,142,4) very common (100+)
616,0.015649641,0.9843504,1,0,1) very rare (1-5)
617,0.50026995,0.49973005,1,76,3) common (21-100)
618,0.11048122,0.8895188,1,159,4) very common (100+)
619,0.44207728,0.5579227,1,106,4) very common (100+)
620,0.2788119,0.72118807,0,5,1) very rare (1-5)
621,0.31590474,0.68409526,0,14,2) rare (6-20)
622,0.019415248,0.98058474,1,0,1) very rare (1-5)
623,0.049868993,0.950131,1,10,2) rare (6-20)
624,0.21801345,0.78198653,1,5,1) very rare (1-5)
625,0.1267277,0.8732723,1,86,3) common (21-100)
626,0.015835937,0.98416406,1,79,3) common (21-100)
627,0.4003404,0.59965956,1,8,2) rare (6-20)
628,0.21621263,0.78378737,1,38,3) common (21-100)
629,0.48266053,0.51733947,0,6,2) rare (6-20)
630,0.403081,0.596919,1,1,1) very rare (1-5)
631,0.0960242,0.9039758,1,3,1) very rare (1-5)
632,0.7885386,0.21146142,0,12,2) rare (6-20)
633,0.20620276,0.79379725,1,9,2) rare (6-20)
634,0.11339611,0.8866039,1,0,1) very rare (1-5)
635,0.59373784,0.40626216,1,2,1) very rare (1-5)
636,0.8635601,0.13643992,0,23,3) common (21-100)
637,0.15556389,0.8444361,1,0,1) very rare (1-5)
638,0.34267566,0.6573243,1,0,1) very rare (1-5)
639,0.22970246,0.7702975,0,2,1) very rare (1-5)
640,0.40131244,0.5986875,0,82,3) common (21-100)
641,0.4250992,0.5749008,0,2,1) very rare (1-5)
642,0.118712984,0.88128704,0,0,1) very rare (1-5)
643,0.4740407,0.5259593,1,1,1) very rare (1-5)
644,0.40539163,0.59460837,1,94,3) common (21-100)
645,0.86655724,0.13344276,0,2,1) very rare (1-5)
646,0.32687774,0.6731223,0,22,3) common (21-100)
647,0.12134874,0.87865126,1,4,1) very rare (1-5)
648,0.42495942,0.5750406,0,85,3) common (21-100)
649,0.64311546,0.35688454,0,13,2) rare (6-20)
650,0.6865309,0.3134691,0,15,2) rare (6-20)
651,0.22150381,0.7784962,1,1,1) very rare (1-5)
652,0.52114254,0.47885746,1,1,1) very rare (1-5)
653,0.11854304,0.881457,0,9,2) rare (6-20)
654,0.45801145,0.54198855,1,0,1) very rare (1-5)
655,0.014222378,0.9857776,1,0,1) very rare (1-5)
656,0.81792647,0.18207353,1,8,2) rare (6-20)
657,0.8006618,0.1993382,1,268,4) very common (100+)
658,0.43498102,0.565019,1,18,2) rare (6-20)
659,0.13376667,0.86623335,1,0,1) very rare (1-5)
660,0.30526078,0.6947392,0,6,2) rare (6-20)
661,0.19786397,0.80213606,1,275,4) very common (100+)
662,0.29572284,0.70427716,1,8,2) rare (6-20)
663,0.45121002,0.54879,0,0,1) very rare (1-5)
664,0.46084487,0.5391551,0,5,1) very rare (1-5)
665,0.58701307,0.41298693,1,0,1) very rare (1-5)
666,0.7296339,0.27036607,0,100,3) common (21-100)
667,0.48532873,0.51467127,1,1,1) very rare (1-5)
668,0.9245525,0.0754475,0,118,4) very common (100+)
669,0.5702565,0.42974353,0,106,4) very common (100+)
670,0.15405989,0.8459401,1,0,1) very rare (1-5)
671,0.3899903,0.6100097,0,19,2) rare (6-20)
672,0.303381,0.69661903,1,3,1) very rare (1-5)
673,0.72360605,0.27639395,0,1070,4) very common (100+)
674,0.11414323,0.88585675,0,0,1) very rare (1-5)
675,0.46269646,0.53730357,1,28,3) common (21-100)
676,0.3723184,0.6276816,1,5,1) very rare (1-5)
677,0.293092,0.706908,1,0,1) very rare (1-5)
678,0.15102169,0.8489783,0,1290,4) very common (100+)
679,0.26796365,0.73203635,0,1000,4) very common (100+)
680,0.13370986,0.86629015,1,7,2) rare (6-20)
681,0.109556004,0.890444,1,0,1) very rare (1-5)
682,0.39476922,0.6052308,1,2,1) very rare (1-5)
683,0.6484263,0.3515737,0,421,4) very common (100+)
684,0.15330115,0.8466989,1,0,1) very rare (1-5)
685,0.6419759,0.35802412,0,89,3) common (21-100)
686,0.1441727,0.85582733,1,0,1) very rare (1-5)
687,0.15503332,0.84496665,1,1,1) very rare (1-5)
688,0.733027,0.26697302,1,0,1) very rare (1-5)
689,0.05933695,0.94066304,1,2,1) very rare (1-5)
690,0.31546655,0.6845335,1,0,1) very rare (1-5)
691,0.22372547,0.77627456,1,13,2) rare (6-20)
692,0.800693,0.19930702,0,106,4) very common (100+)
693,0.372571,0.627429,0,7,2) rare (6-20)
694,0.3007967,0.6992033,1,28,3) common (21-100)
695,0.34228423,0.6577158,1,7,2) rare (6-20)
696,0.42259797,0.577402,1,70,3) common (21-100)
697,0.09651971,0.9034803,0,7,2) rare (6-20)
698,0.8809146,0.11908537,0,82,3) common (21-100)
699,0.6233135,0.3766865,0,7,2) rare (6-20)
700,0.72458565,0.27541435,0,5,1) very rare (1-5)
701,0.8932554,0.10674459,1,107,4) very common (100+)
702,0.07840574,0.92159426,1,7,2) rare (6-20)
703,0.4087574,0.5912426,0,1,1) very rare (1-5)
704,0.5960312,0.4039688,0,7,2) rare (6-20)
705,0.54566145,0.45433855,1,372,4) very common (100+)
706,0.037235405,0.9627646,1,0,1) very rare (1-5)
707,0.090784244,0.90921575,0,2,1) very rare (1-5)
708,0.12890013,0.8710999,1,20,2) rare (6-20)
709,0.72966635,0.27033365,0,261,4) very common (100+)
710,0.7951816,0.20481843,1,0,1) very rare (1-5)
711,0.28882885,0.71117115,0,3,1) very rare (1-5)
712,0.16803344,0.8319666,1,3,1) very rare (1-5)
713,0.6583388,0.3416612,0,96,3) common (21-100)
714,0.20226921,0.7977308,1,66,3) common (21-100)
715,0.08706773,0.9129323,1,44,3) common (21-100)
716,0.44846416,0.55153584,1,268,4) very common (100+)
717,0.93154705,0.068452954,1,1290,4) very common (100+)
718,0.50934017,0.49065983,0,6,2) rare (6-20)
719,0.33391264,0.6660874,0,4,1) very rare (1-5)
720,0.7132075,0.28679252,0,12,2) rare (6-20)
721,0.5584375,0.44156247,0,4,1) very rare (1-5)
722,0.38832125,0.6116787,1,111,4) very common (100+)
723,0.8288213,0.1711787,0,1070,4) very common (100+)
724,0.717155,0.28284502,0,15,2) rare (6-20)
725,0.19176427,0.80823576,1,1,1) very rare (1-5)
726,0.6077382,0.3922618,0,275,4) very common (100+)
727,0.5882805,0.4117195,0,1,1) very rare (1-5)
728,0.051929846,0.94807017,1,0,1) very rare (1-5)
729,0.59884685,0.40115315,1,1070,4) very common (100+)
730,0.24230985,0.75769013,0,275,4) very common (100+)
731,0.48930672,0.5106933,0,142,4) very common (100+)
732,0.5279748,0.47202522,1,41,3) common (21-100)
733,0.026354596,0.9736454,1,0,1) very rare (1-5)
734,0.46110734,0.5388926,0,107,4) very common (100+)
735,0.2039899,0.79601014,0,6,2) rare (6-20)
736,0.32232657,0.67767346,1,1,1) very rare (1-5)
737,0.84614056,0.15385944,0,39,3) common (21-100)
738,0.18794574,0.8120543,1,1,1) very rare (1-5)
739,0.21564032,0.7843597,1,17,2) rare (6-20)
740,0.30935675,0.69064325,0,15,2) rare (6-20)
741,0.08985171,0.91014826,1,70,3) common (21-100)
742,0.5081208,0.49187922,0,1070,4) very common (100+)
743,0.18106575,0.81893426,1,0,1) very rare (1-5)
744,0.8506791,0.1493209,1,4,1) very rare (1-5)
745,0.85323566,0.14676434,0,60,3) common (21-100)
746,0.58713937,0.41286063,0,2,1) very rare (1-5)
747,0.39704847,0.6029515,0,4,1) very rare (1-5)
748,0.14136373,0.85863626,1,17,2) rare (6-20)
749,0.16820389,0.8317961,0,0,1) very rare (1-5)
750,0.5746386,0.4253614,1,0,1) very rare (1-5)
751,0.7663584,0.23364162,0,15,2) rare (6-20)
752,0.7269344,0.27306563,0,0,1) very rare (1-5)
753,0.92317784,0.07682216,0,1000,4) very common (100+)
754,0.58457047,0.41542953,1,20,2) rare (6-20)
755,0.94887745,0.051122546,0,12,2) rare (6-20)
756,0.81340307,0.18659693,0,237,4) very common (100+)
757,0.9682708,0.03172922,0,9,2) rare (6-20)
758,0.50914544,0.49085456,1,47,3) common (21-100)
759,0.30426732,0.6957327,1,10,2) rare (6-20)
760,0.95215875,0.04784125,0,421,4) very common (100+)
761,0.055779282,0.9442207,1,261,4) very common (100+)
762,0.21816191,0.78183806,1,58,3) common (21-100)
763,0.84168726,0.15831274,1,1290,4) very common (100+)
764,0.54585457,0.45414543,0,102,4) very common (100+)
765,0.5475973,0.4524027,0,6,2) rare (6-20)
766,0.9751133,0.024886727,0,223,4) very common (100+)
767,0.11705063,0.88294935,0,0,1) very rare (1-5)
768,0.64725894,0.35274106,0,1070,4) very common (100+)
769,0.8635975,0.13640249,0,22,3) common (21-100)
770,0.9752831,0.024716914,0,94,3) common (21-100)
771,0.54824567,0.45175433,1,99,3) common (21-100)
772,0.5390963,0.4609037,1,23,3) common (21-100)
773,0.6678367,0.33216327,1,0,1) very rare (1-5)
774,0.08633962,0.9136604,0,81,3) common (21-100)
775,0.92183405,0.07816595,0,39,3) common (21-100)
776,0.40159625,0.59840375,0,1,1) very rare (1-5)
777,0.2637073,0.7362927,1,47,3) common (21-100)
778,0.21023141,0.7897686,0,0,1) very rare (1-5)
779,0.6921025,0.3078975,0,118,4) very common (100+)
780,0.6517599,0.34824008,0,4,1) very rare (1-5)
781,0.40338483,0.5966152,1,275,4) very common (100+)
782,0.4005928,0.5994072,1,0,1) very rare (1-5)
783,0.37016264,0.6298374,0,36,3) common (21-100)
784,0.14353232,0.85646766,1,40,3) common (21-100)
785,0.1711155,0.8288845,1,2,1) very rare (1-5)
786,0.9761535,0.023846507,1,19,2) rare (6-20)
787,0.27774686,0.72225314,0,1000,4) very common (100+)
788,0.40096033,0.5990397,1,90,3) common (21-100)
789,0.5656367,0.4343633,0,1290,4) very common (100+)
790,0.76330394,0.23669606,1,0,1) very rare (1-5)
791,0.7379083,0.2620917,0,1290,4) very common (100+)
792,0.08500694,0.91499305,1,0,1) very rare (1-5)
793,0.5544096,0.44559038,0,700,4) very common (100+)
794,0.98052317,0.019476831,0,44,3) common (21-100)
795,0.58114845,0.41885155,1,100,3) common (21-100)
796,0.20313919,0.7968608,1,0,1) very rare (1-5)
797,0.023429856,0.9765701,1,0,1) very rare (1-5)
798,0.16128466,0.8387153,1,0,1) very rare (1-5)
799,0.5787814,0.42121857,1,0,1) very rare (1-5)
800,0.05726937,0.9427306,1,372,4) very common (100+)
801,0.57608896,0.42391104,0,30,3) common (21-100)
802,0.91271627,0.08728373,0,421,4) very common (100+)
803,0.7951746,0.2048254,1,47,3) common (21-100)
804,0.5652036,0.4347964,1,66,3) common (21-100)
805,0.45135298,0.54864705,0,15,2) rare (6-20)
806,0.7901547,0.2098453,0,14,2) rare (6-20)
807,0.5162007,0.48379928,1,5,1) very rare (1-5)
808,0.7390787,0.2609213,0,14,2) rare (6-20)
809,0.28575802,0.714242,1,86,3) common (21-100)
810,0.16300885,0.83699113,1,0,1) very rare (1-5)
811,0.24121854,0.75878143,1,19,2) rare (6-20)
812,0.1516573,0.8483427,1,1,1) very rare (1-5)
813,0.96920997,0.030790031,0,108,4) very common (100+)
814,0.56917787,0.43082213,1,118,4) very common (100+)
815,0.34026828,0.65973175,0,41,3) common (21-100)
816,0.29827443,0.7017256,0,108,4) very common (100+)
817,0.94345254,0.056547463,1,0,1) very rare (1-5)
818,0.9859167,0.014083326,0,421,4) very common (100+)
819,0.2556861,0.7443139,1,13,2) rare (6-20)
820,0.08674213,0.91325784,0,1,1) very rare (1-5)
821,0.47735652,0.52264345,1,2,1) very rare (1-5)
822,0.8686082,0.13139182,1,275,4) very common (100+)
823,0.8828567,0.11714327,0,700,4) very common (100+)
824,0.13150552,0.8684945,1,0,1) very rare (1-5)
825,0.51626366,0.48373634,1,1,1) very rare (1-5)
826,0.7133663,0.28663367,0,1,1) very rare (1-5)
827,0.3686326,0.6313674,0,700,4) very common (100+)
828,0.6289029,0.3710971,0,1,1) very rare (1-5)
829,0.872719,0.12728101,0,68,3) common (21-100)
830,0.30354834,0.69645166,1,11,2) rare (6-20)
831,0.12781557,0.8721844,1,18,2) rare (6-20)
832,0.3490837,0.65091634,0,1,1) very rare (1-5)
833,0.9599183,0.04008168,0,105,4) very common (100+)
834,0.8510798,0.14892018,0,15,2) rare (6-20)
835,0.095812954,0.904187,0,1,1) very rare (1-5)
836,0.3532436,0.6467564,1,70,3) common (21-100)
837,0.393067,0.606933,1,1000,4) very common (100+)
838,0.07081545,0.92918456,1,3,1) very rare (1-5)
839,0.3981048,0.6018952,0,372,4) very common (100+)
840,0.8879299,0.11207008,0,142,4) very common (100+)
841,0.06308211,0.9369179,1,0,1) very rare (1-5)
842,0.9832041,0.016795874,0,1000,4) very common (100+)
843,0.2103712,0.7896288,1,58,3) common (21-100)
844,0.674788,0.325212,0,70,3) common (21-100)
845,0.24362825,0.75637174,0,84,3) common (21-100)
846,0.76885414,0.23114586,0,100,3) common (21-100)
847,0.4848375,0.51516247,0,121,4) very common (100+)
848,0.2844591,0.7155409,1,0,1) very rare (1-5)
849,0.22947738,0.7705226,1,22,3) common (21-100)
850,0.8097144,0.19028562,0,182,4) very common (100+)
851,0.65373886,0.34626114,0,14,2) rare (6-20)
852,0.23867293,0.7613271,1,36,3) common (21-100)
853,0.6335234,0.3664766,1,1,1) very rare (1-5)
854,0.4256998,0.57430017,1,0,1) very rare (1-5)
855,0.39337373,0.6066263,0,100,3) common (21-100)
856,0.42585713,0.5741429,1,20,2) rare (6-20)
857,0.42497846,0.5750215,1,3,1) very rare (1-5)
858,0.43701446,0.56298554,1,17,2) rare (6-20)
859,0.31574714,0.68425286,1,4,1) very rare (1-5)
860,0.32028604,0.67971396,1,6,2) rare (6-20)
861,0.97809005,0.021909952,0,35,3) common (21-100)
862,0.2476458,0.7523542,0,1,1) very rare (1-5)
863,0.8190897,0.18091029,0,274,4) very common (100+)
864,0.8032522,0.19674778,0,121,4) very common (100+)
865,0.14541273,0.85458726,1,0,1) very rare (1-5)
866,0.070207655,0.92979234,0,0,1) very rare (1-5)
867,0.2762563,0.7237437,0,7,2) rare (6-20)
868,0.91059524,0.08940476,0,700,4) very common (100+)
869,0.87099975,0.12900025,0,79,3) common (21-100)
870,0.47476363,0.52523637,1,17,2) rare (6-20)
871,0.4663231,0.53367686,0,14,2) rare (6-20)
872,0.10213202,0.897868,1,0,1) very rare (1-5)
873,0.76442724,0.23557276,0,24,3) common (21-100)
874,0.93746275,0.06253725,1,0,1) very rare (1-5)
875,0.043671712,0.9563283,1,0,1) very rare (1-5)
876,0.13893892,0.8610611,1,237,4) very common (100+)
877,0.7286482,0.2713518,0,21,3) common (21-100)
878,0.23155695,0.76844305,1,79,3) common (21-100)
879,0.74209595,0.25790405,1,0,1) very rare (1-5)
880,0.45797396,0.54202604,1,1,1) very rare (1-5)
881,0.3170673,0.68293273,1,36,3) common (21-100)
882,0.25972936,0.7402706,1,30,3) common (21-100)
883,0.3621092,0.6378908,1,343,4) very common (100+)
884,0.41145125,0.5885488,0,372,4) very common (100+)
885,0.08773468,0.9122653,1,0,1) very rare (1-5)
886,0.050944243,0.94905573,1,4,1) very rare (1-5)
887,0.9212743,0.078725696,1,0,1) very rare (1-5)
888,0.4866953,0.5133047,0,8,2) rare (6-20)
889,0.99251723,0.007482767,0,78,3) common (21-100)
890,0.30258,0.69742,1,1,1) very rare (1-5)
891,0.9900338,0.009966195,0,89,3) common (21-100)
892,0.8423129,0.15768713,1,0,1) very rare (1-5)
893,0.34961072,0.6503893,0,372,4) very common (100+)
894,0.24233869,0.75766134,1,18,2) rare (6-20)
895,0.56745714,0.43254286,1,28,3) common (21-100)
896,0.29516226,0.70483774,1,71,3) common (21-100)
897,0.41730154,0.58269846,1,14,2) rare (6-20)
898,0.5828108,0.41718918,0,1,1) very rare (1-5)
899,0.1971763,0.80282366,1,0,1) very rare (1-5)
900,0.34914666,0.65085334,1,268,4) very common (100+)
901,0.49115613,0.5088439,1,4,1) very rare (1-5)
902,0.3544428,0.64555717,0,2,1) very rare (1-5)
903,0.94063413,0.05936587,0,1070,4) very common (100+)
904,0.11406799,0.885932,1,7,2) rare (6-20)
905,0.034711383,0.96528864,1,275,4) very common (100+)
906,0.17063278,0.8293672,1,17,2) rare (6-20)
907,0.5491051,0.4508949,1,63,3) common (21-100)
908,0.88747793,0.112522066,0,63,3) common (21-100)
909,0.21399775,0.7860023,0,1290,4) very common (100+)
910,0.44687325,0.55312675,0,13,2) rare (6-20)
911,0.80605996,0.19394004,0,17,2) rare (6-20)
912,0.6992643,0.3007357,0,1290,4) very common (100+)
913,0.54100883,0.45899117,0,2,1) very rare (1-5)
914,0.47644976,0.5235503,0,6,2) rare (6-20)
915,0.6293127,0.3706873,0,18,2) rare (6-20)
916,0.041668493,0.9583315,1,178,4) very common (100+)
917,0.4451685,0.5548315,1,0,1) very rare (1-5)
918,0.83060855,0.16939145,0,166,4) very common (100+)
919,0.5161639,0.4838361,0,1290,4) very common (100+)
920,0.55723715,0.44276285,0,82,3) common (21-100)
921,0.04031644,0.95968354,1,0,1) very rare (1-5)
922,0.9392437,0.060756326,0,1000,4) very common (100+)
923,0.4453559,0.5546441,0,105,4) very common (100+)
924,0.9372322,0.0627678,0,118,4) very common (100+)
925,0.30575463,0.69424534,1,23,3) common (21-100)
926,0.7219193,0.2780807,1,4,1) very rare (1-5)
927,0.89291805,0.10708195,0,4,1) very rare (1-5)
928,0.565128,0.43487197,1,343,4) very common (100+)
929,0.15994406,0.84005594,1,2,1) very rare (1-5)
930,0.7945861,0.20541388,0,275,4) very common (100+)
931,0.3174739,0.6825261,0,20,2) rare (6-20)
932,0.2511985,0.74880147,1,11,2) rare (6-20)
933,0.08718188,0.91281813,0,1,1) very rare (1-5)
934,0.12275989,0.8772401,0,6,2) rare (6-20)
935,0.848724,0.15127599,1,0,1) very rare (1-5)
936,0.96061367,0.039386332,0,18,2) rare (6-20)
937,0.51735616,0.48264384,1,13,2) rare (6-20)
938,0.93040484,0.06959516,0,1290,4) very common (100+)
939,0.07187928,0.92812073,1,0,1) very rare (1-5)
940,0.11179938,0.88820064,1,0,1) very rare (1-5)
941,0.09930635,0.90069366,0,1,1) very rare (1-5)
942,0.59855044,0.40144956,0,5,1) very rare (1-5)
943,0.3119889,0.6880111,0,28,3) common (21-100)
944,0.79195565,0.20804435,1,261,4) very common (100+)
945,0.5949247,0.4050753,0,178,4) very common (100+)
946,0.123117834,0.8768822,1,0,1) very rare (1-5)
947,0.26565364,0.7343464,1,6,2) rare (6-20)
948,0.24804772,0.7519523,1,0,1) very rare (1-5)
949,0.21605185,0.7839482,1,69,3) common (21-100)
950,0.104669966,0.89533,1,0,1) very rare (1-5)
951,0.15487324,0.84512675,1,5,1) very rare (1-5)
952,0.8283418,0.17165822,0,223,4) very common (100+)
953,0.52223855,0.47776145,0,12,2) rare (6-20)
954,0.1842196,0.8157804,1,111,4) very common (100+)
955,0.17163272,0.8283673,0,159,4) very common (100+)
956,0.6935424,0.30645758,0,90,3) common (21-100)
957,0.63681805,0.36318195,1,44,3) common (21-100)
958,0.65541697,0.34458303,1,1,1) very rare (1-5)
959,0.12485484,0.87514514,1,14,2) rare (6-20)
960,0.141823,0.858177,1,0,1) very rare (1-5)
961,0.12214959,0.8778504,1,1,1) very rare (1-5)
962,0.13408561,0.8659144,1,0,1) very rare (1-5)
963,0.34874198,0.651258,1,70,3) common (21-100)
964,0.21839792,0.7816021,1,8,2) rare (6-20)
965,0.90573764,0.09426236,0,1070,4) very common (100+)
966,0.8108669,0.18913311,1,96,3) common (21-100)
967,0.28343844,0.71656156,1,10,2) rare (6-20)
968,0.89598954,0.10401046,0,45,3) common (21-100)
969,0.14855038,0.8514496,1,105,4) very common (100+)
970,0.24564864,0.7543514,0,4,1) very rare (1-5)
971,0.9699224,0.030077577,1,20,2) rare (6-20)
972,0.30681315,0.6931869,0,68,3) common (21-100)
973,0.70357776,0.29642224,0,63,3) common (21-100)
974,0.3370319,0.6629681,0,46,3) common (21-100)
975,0.12382882,0.8761712,1,1,1) very rare (1-5)
976,0.70962393,0.29037607,1,0,1) very rare (1-5)
977,0.4583317,0.5416683,0,261,4) very common (100+)
978,0.8636044,0.13639557,1,2,1) very rare (1-5)
979,0.20874687,0.79125315,1,6,2) rare (6-20)
980,0.52730167,0.47269833,0,111,4) very common (100+)
981,0.5699971,0.43000293,1,18,2) rare (6-20)
982,0.8415704,0.15842962,0,1290,4) very common (100+)
983,0.37809116,0.62190884,1,1070,4) very common (100+)
984,0.7130152,0.2869848,0,62,3) common (21-100)
985,0.042652637,0.9573474,1,0,1) very rare (1-5)
986,0.2429969,0.75700307,1,142,4) very common (100+)
987,0.5675421,0.43245792,0,1290,4) very common (100+)
988,0.7133221,0.2866779,0,47,3) common (21-100)
989,0.787771,0.21222901,1,76,3) common (21-100)
990,0.099451035,0.90054893,1,3,1) very rare (1-5)
991,0.35903233,0.64096767,1,0,1) very rare (1-5)
992,0.7164832,0.28351682,0,1070,4) very common (100+)
993,0.13065366,0.8693463,1,32,3) common (21-100)
994,0.304399,0.695601,1,1,1) very rare (1-5)
995,0.13853149,0.8614685,1,38,3) common (21-100)
996,0.16351876,0.8364812,0,0,1) very rare (1-5)
997,0.26912603,0.73087394,0,118,4) very common (100+)
998,0.96741,0.032589972,0,62,3) common (21-100)
999,0.31932813,0.6806719,1,13,2) rare (6-20)
1000,0.26844075,0.7315593,0,2,1) very rare (1-5)
1001,0.22324377,0.7767562,0,0,1) very rare (1-5)
1002,0.052521244,0.9474788,0,7,2) rare (6-20)
1003,0.060904905,0.9390951,1,68,3) common (21-100)
1004,0.11142125,0.8885788,1,16,2) rare (6-20)
1005,0.3152817,0.6847183,0,5,1) very rare (1-5)
1006,0.04927463,0.9507254,1,1,1) very rare (1-5)
1007,0.81494,0.18506002,0,53,3) common (21-100)
1008,0.3442324,0.65576756,1,7,2) rare (6-20)
1009,0.97473925,0.025260746,0,421,4) very common (100+)
1010,0.9083992,0.091600776,0,24,3) common (21-100)
1011,0.07743982,0.92256016,1,0,1) very rare (1-5)
1012,0.38716382,0.6128362,1,22,3) common (21-100)
1013,0.5434893,0.45651072,1,76,3) common (21-100)
1014,0.9803674,0.019632578,0,159,4) very common (100+)
1015,0.43702844,0.5629716,0,118,4) very common (100+)
1016,0.9458798,0.054120183,0,178,4) very common (100+)
1017,0.6696662,0.33033383,1,146,4) very common (100+)
1018,0.09642837,0.9035716,1,94,3) common (21-100)
1019,0.53616107,0.46383893,0,27,3) common (21-100)
1020,0.92173463,0.07826537,0,39,3) common (21-100)
1021,0.9179089,0.08209109,1,1,1) very rare (1-5)
1022,0.2500174,0.7499826,0,1,1) very rare (1-5)
1023,0.52360946,0.47639054,0,223,4) very common (100+)
1024,0.73198855,0.26801145,1,1,1) very rare (1-5)
1025,0.091937125,0.9080629,1,0,1) very rare (1-5)
1026,0.2626778,0.7373222,1,85,3) common (21-100)
1027,0.022314278,0.97768575,1,8,2) rare (6-20)
1028,0.071932234,0.92806774,1,0,1) very rare (1-5)
1029,0.18276384,0.8172362,1,0,1) very rare (1-5)
1030,0.7686768,0.23132318,0,372,4) very common (100+)
1031,0.08555744,0.91444254,1,5,1) very rare (1-5)
1032,0.16348787,0.83651215,1,27,3) common (21-100)
1033,0.40238002,0.59762,1,6,2) rare (6-20)
1034,0.59381294,0.40618706,1,1,1) very rare (1-5)
1035,0.57415116,0.42584884,1,3,1) very rare (1-5)
1036,0.41567943,0.58432055,1,5,1) very rare (1-5)
1037,0.4456916,0.5543084,0,134,4) very common (100+)
1038,0.68683726,0.31316274,0,107,4) very common (100+)
1039,0.055938683,0.94406134,0,5,1) very rare (1-5)
1040,0.83259875,0.16740125,0,1070,4) very common (100+)
1041,0.8439189,0.15608108,1,105,4) very common (100+)
1042,0.21633701,0.783663,1,20,2) rare (6-20)
1043,0.99535733,0.0046426654,0,89,3) common (21-100)
1044,0.24118622,0.7588138,1,3,1) very rare (1-5)
1045,0.410443,0.589557,1,70,3) common (21-100)
1046,0.568353,0.431647,1,66,3) common (21-100)
1047,0.2915133,0.7084867,1,24,3) common (21-100)
1048,0.24668261,0.75331736,1,0,1) very rare (1-5)
1049,0.8438128,0.15618718,1,42,3) common (21-100)
1050,0.6859616,0.3140384,0,1070,4) very common (100+)
1051,0.07390866,0.9260913,1,13,2) rare (6-20)
1052,0.3907607,0.60923934,1,700,4) very common (100+)
1053,0.6608741,0.33912587,1,75,3) common (21-100)
1054,0.7000998,0.29990017,1,4,1) very rare (1-5)
1055,0.36027318,0.6397268,0,10,2) rare (6-20)
1056,0.14851159,0.8514884,1,19,2) rare (6-20)
1057,0.7213838,0.2786162,0,42,3) common (21-100)
1058,0.023498617,0.9765014,1,23,3) common (21-100)
1059,0.76651937,0.23348063,0,0,1) very rare (1-5)
1060,0.36800373,0.6319963,1,0,1) very rare (1-5)
1061,0.87582034,0.12417966,0,1290,4) very common (100+)
1062,0.5083984,0.4916016,0,1070,4) very common (100+)
1063,0.05254625,0.94745374,1,3,1) very rare (1-5)
1064,0.39924464,0.60075533,0,16,2) rare (6-20)
1065,0.6808813,0.31911868,0,18,2) rare (6-20)
1066,0.7535796,0.24642038,0,1000,4) very common (100+)
1067,0.028696818,0.97130316,1,0,1) very rare (1-5)
1068,0.5806622,0.4193378,0,421,4) very common (100+)
1069,0.21398407,0.7860159,1,0,1) very rare (1-5)
1070,0.22474271,0.7752573,0,3,1) very rare (1-5)
1071,0.27394712,0.7260529,0,105,4) very common (100+)
1072,0.80083644,0.19916356,1,91,3) common (21-100)
1073,0.7504018,0.2495982,1,2,1) very rare (1-5)
1074,0.8130919,0.18690813,1,7,2) rare (6-20)
1075,0.20796944,0.7920306,0,1,1) very rare (1-5)
1076,0.63299394,0.36700606,1,20,2) rare (6-20)
1077,0.88901937,0.11098063,0,1290,4) very common (100+)
1078,0.86685705,0.13314295,0,22,3) common (21-100)
1079,0.19485731,0.8051427,1,3,1) very rare (1-5)
1080,0.1617194,0.8382806,0,0,1) very rare (1-5)
1081,0.08159754,0.91840243,1,2,1) very rare (1-5)
1082,0.87570447,0.12429553,0,1290,4) very common (100+)
1083,0.6504543,0.34954572,0,106,4) very common (100+)
1084,0.27850693,0.72149307,0,17,2) rare (6-20)
1085,0.16151088,0.8384891,1,2,1) very rare (1-5)
1086,0.9134144,0.08658558,1,3,1) very rare (1-5)
1087,0.48864496,0.51135504,0,3,1) very rare (1-5)
1088,0.17135574,0.8286443,1,2,1) very rare (1-5)
1089,0.44754902,0.552451,1,134,4) very common (100+)
1090,0.40723413,0.59276587,1,14,2) rare (6-20)
1091,0.30261815,0.69738185,0,1,1) very rare (1-5)
1092,0.6519328,0.34806722,0,0,1) very rare (1-5)
1093,0.9349383,0.06506169,0,11,2) rare (6-20)
1094,0.29293787,0.7070621,1,1,1) very rare (1-5)
1095,0.9222113,0.07778871,0,274,4) very common (100+)
1096,0.32361493,0.67638505,0,166,4) very common (100+)
1097,0.9252246,0.0747754,0,1290,4) very common (100+)
1098,0.8142968,0.18570322,0,7,2) rare (6-20)
1099,0.16904967,0.8309503,1,1,1) very rare (1-5)
1100,0.10681098,0.893189,1,1,1) very rare (1-5)
1101,0.6998283,0.30017167,0,1000,4) very common (100+)
1102,0.29184714,0.7081529,0,1,1) very rare (1-5)
1103,0.10527238,0.8947276,1,81,3) common (21-100)
1104,0.5915625,0.4084375,0,105,4) very common (100+)
1105,0.5486365,0.4513635,0,237,4) very common (100+)
1106,0.44043353,0.5595665,0,4,1) very rare (1-5)
1107,0.5171763,0.48282373,1,62,3) common (21-100)
1108,0.16628054,0.8337195,1,0,1) very rare (1-5)
1109,0.88979244,0.11020756,0,84,3) common (21-100)
1110,0.10672828,0.89327174,1,81,3) common (21-100)
1111,0.8300898,0.16991019,0,1290,4) very common (100+)
1112,0.76240003,0.23759997,0,1290,4) very common (100+)
1113,0.86737436,0.13262564,0,700,4) very common (100+)
1114,0.065580025,0.93442,1,0,1) very rare (1-5)
1115,0.08326307,0.91673696,1,8,2) rare (6-20)
1116,0.035306912,0.96469307,1,2,1) very rare (1-5)
1117,0.07900074,0.9209993,1,274,4) very common (100+)
1118,0.06447704,0.935523,1,4,1) very rare (1-5)
1119,0.11124285,0.88875717,1,0,1) very rare (1-5)
1120,0.7906295,0.2093705,0,145,4) very common (100+)
1121,0.9816751,0.018324912,0,421,4) very common (100+)
1122,0.06403252,0.9359675,1,0,1) very rare (1-5)
1123,0.20258932,0.79741067,1,76,3) common (21-100)
1124,0.44403252,0.55596745,1,0,1) very rare (1-5)
1125,0.8145884,0.18541157,1,28,3) common (21-100)
1126,0.36785915,0.6321409,1,0,1) very rare (1-5)
1127,0.40152165,0.5984783,1,39,3) common (21-100)
1128,0.24084099,0.759159,1,1,1) very rare (1-5)
1129,0.6124888,0.3875112,0,21,3) common (21-100)
1130,0.026732827,0.9732672,1,6,2) rare (6-20)
1131,0.053890187,0.94610983,1,4,1) very rare (1-5)
1132,0.73061377,0.26938623,0,1,1) very rare (1-5)
1133,0.12975444,0.8702456,1,36,3) common (21-100)
1134,0.8035115,0.1964885,0,1000,4) very common (100+)
1135,0.36234042,0.63765955,1,4,1) very rare (1-5)
1136,0.37768015,0.6223198,0,5,1) very rare (1-5)
1137,0.07908864,0.9209114,1,0,1) very rare (1-5)
1138,0.5450982,0.4549018,1,3,1) very rare (1-5)
1139,0.055303965,0.944696,1,3,1) very rare (1-5)
1140,0.58146876,0.41853124,0,700,4) very common (100+)
1141,0.24916737,0.7508326,0,1,1) very rare (1-5)
1142,0.29031408,0.7096859,1,71,3) common (21-100)
1143,0.03853049,0.96146953,1,6,2) rare (6-20)
1144,0.15316251,0.8468375,0,8,2) rare (6-20)
1145,0.9864741,0.013525903,1,89,3) common (21-100)
1146,0.89958024,0.10041976,1,1290,4) very common (100+)
1147,0.5989782,0.40102178,1,54,3) common (21-100)
1148,0.3579696,0.64203036,0,22,3) common (21-100)
1149,0.9365581,0.06344187,1,3,1) very rare (1-5)
1150,0.16834511,0.8316549,1,39,3) common (21-100)
1151,0.49148852,0.5085115,1,0,1) very rare (1-5)
1152,0.8644619,0.1355381,0,3,1) very rare (1-5)
1153,0.30637628,0.6936237,0,1,1) very rare (1-5)
1154,0.29072642,0.7092736,1,160,4) very common (100+)
1155,0.6209095,0.3790905,1,0,1) very rare (1-5)
1156,0.044869795,0.9551302,1,4,1) very rare (1-5)
1157,0.29994076,0.70005924,0,37,3) common (21-100)
1158,0.8393005,0.16069949,0,4,1) very rare (1-5)
1159,0.08664522,0.91335475,1,0,1) very rare (1-5)
1160,0.48091212,0.5190879,0,55,3) common (21-100)
1161,0.45534307,0.54465693,1,1070,4) very common (100+)
1162,0.9765554,0.023444593,0,421,4) very common (100+)
1163,0.4188664,0.5811336,1,700,4) very common (100+)
1164,0.6138163,0.38618368,0,237,4) very common (100+)
1165,0.53436357,0.46563643,1,142,4) very common (100+)
1166,0.31855685,0.68144315,1,76,3) common (21-100)
1167,0.929025,0.070975006,0,89,3) common (21-100)
1168,0.17746806,0.82253194,1,1,1) very rare (1-5)
1169,0.0794591,0.9205409,1,1,1) very rare (1-5)
1170,0.18066673,0.81933326,0,42,3) common (21-100)
1171,0.121731974,0.878268,1,1,1) very rare (1-5)
1172,0.4006638,0.5993362,0,25,3) common (21-100)
1173,0.88041514,0.11958486,0,10,2) rare (6-20)
1174,0.9091768,0.09082317,1,105,4) very common (100+)
1175,0.6661004,0.33389962,0,17,2) rare (6-20)
1176,0.09534123,0.9046588,1,0,1) very rare (1-5)
1177,0.52425665,0.47574335,1,4,1) very rare (1-5)
1178,0.7371038,0.26289618,1,0,1) very rare (1-5)
1179,0.26934683,0.73065317,1,0,1) very rare (1-5)
1180,0.08634642,0.9136536,1,0,1) very rare (1-5)
1181,0.5128182,0.48718178,0,1290,4) very common (100+)
1182,0.43040344,0.5695965,0,11,2) rare (6-20)
1183,0.29221848,0.70778155,1,4,1) very rare (1-5)
1184,0.8972911,0.102708876,0,70,3) common (21-100)
1185,0.6599467,0.34005332,1,1290,4) very common (100+)
1186,0.34782234,0.6521777,0,275,4) very common (100+)
1187,0.7448907,0.2551093,1,78,3) common (21-100)
1188,0.6046931,0.3953069,0,142,4) very common (100+)
1189,0.5680506,0.43194938,1,1,1) very rare (1-5)
1190,0.68445385,0.31554615,1,1070,4) very common (100+)
1191,0.9559368,0.04406321,0,211,4) very common (100+)
1192,0.1416783,0.85832167,1,1,1) very rare (1-5)
1193,0.11385945,0.8861405,1,5,1) very rare (1-5)
1194,0.018602092,0.9813979,1,2,1) very rare (1-5)
1195,0.25729117,0.7427088,0,275,4) very common (100+)
1196,0.7394123,0.2605877,1,18,2) rare (6-20)
1197,0.123310365,0.8766896,1,3,1) very rare (1-5)
1198,0.26465493,0.73534507,1,24,3) common (21-100)
1199,0.17230107,0.82769895,1,0,1) very rare (1-5)
1200,0.6656544,0.33434558,1,142,4) very common (100+)
1201,0.12624848,0.8737515,1,86,3) common (21-100)
1202,0.37180907,0.62819093,1,0,1) very rare (1-5)
1203,0.040033545,0.9599665,1,92,3) common (21-100)
1204,0.37382352,0.6261765,1,0,1) very rare (1-5)
1205,0.07125134,0.92874867,1,1,1) very rare (1-5)
1206,0.3995288,0.6004712,1,160,4) very common (100+)
1207,0.79063797,0.20936203,0,69,3) common (21-100)
1208,0.18471575,0.81528425,1,1,1) very rare (1-5)
1209,0.18642536,0.8135747,1,0,1) very rare (1-5)
1210,0.7991345,0.2008655,0,1070,4) very common (100+)
1211,0.10225389,0.8977461,1,5,1) very rare (1-5)
1212,0.25488985,0.74511015,1,1,1) very rare (1-5)
1213,0.43279225,0.56720775,0,372,4) very common (100+)
1214,0.5040865,0.4959135,0,2,1) very rare (1-5)
1215,0.17405234,0.82594764,1,1,1) very rare (1-5)
1216,0.21496078,0.7850392,1,86,3) common (21-100)
1217,0.91539687,0.08460313,0,700,4) very common (100+)
1218,0.2617252,0.7382748,1,4,1) very rare (1-5)
1219,0.91441166,0.085588336,0,372,4) very common (100+)
1220,0.7847075,0.21529251,0,2,1) very rare (1-5)
1221,0.1558869,0.8441131,1,0,1) very rare (1-5)
1222,0.66402024,0.33597976,0,1070,4) very common (100+)
1223,0.28592205,0.71407795,1,5,1) very rare (1-5)
1224,0.81570476,0.18429524,1,0,1) very rare (1-5)
1225,0.5923788,0.4076212,0,4,1) very rare (1-5)
1226,0.6118537,0.38814628,1,3,1) very rare (1-5)
1227,0.077828705,0.9221713,1,0,1) very rare (1-5)
1228,0.13939518,0.8606048,1,17,2) rare (6-20)
1229,0.23522758,0.7647724,1,0,1) very rare (1-5)
1230,0.47230557,0.52769446,1,268,4) very common (100+)
1231,0.09429173,0.90570825,0,1,1) very rare (1-5)
1232,0.16887459,0.8311254,0,1,1) very rare (1-5)
1233,0.52223146,0.47776854,0,421,4) very common (100+)
1234,0.40949148,0.5905085,0,1290,4) very common (100+)
1235,0.1419239,0.8580761,1,2,1) very rare (1-5)
1236,0.8621368,0.13786322,1,58,3) common (21-100)
1237,0.16411772,0.8358823,0,14,2) rare (6-20)
1238,0.13533771,0.8646623,1,36,3) common (21-100)
1239,0.49458757,0.50541246,1,0,1) very rare (1-5)
1240,0.8721438,0.1278562,1,5,1) very rare (1-5)
1241,0.90354174,0.096458256,1,15,2) rare (6-20)
1242,0.115319006,0.884681,1,18,2) rare (6-20)
1243,0.74077684,0.25922316,1,1290,4) very common (100+)
1244,0.47934017,0.5206598,1,14,2) rare (6-20)
1245,0.3441118,0.6558882,0,66,3) common (21-100)
1246,0.0646975,0.9353025,1,88,3) common (21-100)
1247,0.12212325,0.87787676,1,19,2) rare (6-20)
1248,0.7394585,0.2605415,1,19,2) rare (6-20)
1249,0.4177084,0.5822916,1,3,1) very rare (1-5)
1250,0.1279362,0.8720638,1,7,2) rare (6-20)
1251,0.41637653,0.58362347,0,1070,4) very common (100+)
1252,0.7611568,0.2388432,0,700,4) very common (100+)
1253,0.8985591,0.10144091,0,261,4) very common (100+)
1254,0.97048867,0.029511333,0,96,3) common (21-100)
1255,0.5508781,0.4491219,0,223,4) very common (100+)
1256,0.089024335,0.9109757,1,9,2) rare (6-20)
1257,0.92810464,0.07189536,0,106,4) very common (100+)
1258,0.0671446,0.93285537,1,0,1) very rare (1-5)
1259,0.9780489,0.02195108,1,0,1) very rare (1-5)
1260,0.16990371,0.8300963,0,5,1) very rare (1-5)
1261,0.5249541,0.47504592,1,3,1) very rare (1-5)
1262,0.52835613,0.47164387,0,86,3) common (21-100)
1263,0.60691094,0.39308906,1,4,1) very rare (1-5)
1264,0.13670294,0.86329705,1,5,1) very rare (1-5)
1265,0.42404607,0.57595396,1,76,3) common (21-100)
1266,0.49426678,0.50573325,1,0,1) very rare (1-5)
1267,0.1470763,0.8529237,0,17,2) rare (6-20)
1268,0.24826156,0.7517384,1,9,2) rare (6-20)
1269,0.09864487,0.90135515,1,0,1) very rare (1-5)
1270,0.9686807,0.03131932,1,0,1) very rare (1-5)
1271,0.80825114,0.19174886,1,0,1) very rare (1-5)
1272,0.17260857,0.82739145,1,23,3) common (21-100)
1273,0.5977859,0.4022141,1,9,2) rare (6-20)
1274,0.85167396,0.14832604,0,700,4) very common (100+)
1275,0.25392947,0.7460705,0,3,1) very rare (1-5)
1276,0.83049047,0.16950953,1,3,1) very rare (1-5)
1277,0.45342857,0.54657143,0,31,3) common (21-100)
1278,0.45137683,0.5486232,0,134,4) very common (100+)
1279,0.5252476,0.47475243,1,10,2) rare (6-20)
1280,0.39976218,0.60023785,1,15,2) rare (6-20)
1281,0.5961033,0.4038967,0,9,2) rare (6-20)
1282,0.41619474,0.58380526,0,0,1) very rare (1-5)
1283,0.9460999,0.053900123,0,261,4) very common (100+)
1284,0.20708477,0.7929152,0,43,3) common (21-100)
1285,0.7422349,0.2577651,1,37,3) common (21-100)
1286,0.030461695,0.96953833,1,4,1) very rare (1-5)
1287,0.17248203,0.827518,1,0,1) very rare (1-5)
1288,0.25101575,0.7489842,0,1,1) very rare (1-5)
1289,0.15050063,0.84949934,1,1,1) very rare (1-5)
1290,0.24217537,0.75782466,0,1,1) very rare (1-5)
1291,0.9693374,0.030662596,0,700,4) very common (100+)
1292,0.4358365,0.5641635,0,700,4) very common (100+)
1293,0.7582819,0.24171811,1,3,1) very rare (1-5)
1294,0.31131268,0.6886873,1,12,2) rare (6-20)
1295,0.054946244,0.94505376,1,3,1) very rare (1-5)
1296,0.98171383,0.018286169,0,1000,4) very common (100+)
1297,0.13649599,0.863504,1,0,1) very rare (1-5)
1298,0.705383,0.294617,1,3,1) very rare (1-5)
1299,0.14721948,0.8527805,1,3,1) very rare (1-5)
1300,0.96412003,0.03587997,0,78,3) common (21-100)
1301,0.5635824,0.43641758,0,24,3) common (21-100)
1302,0.6789168,0.3210832,0,11,2) rare (6-20)
1303,0.11922332,0.8807767,0,0,1) very rare (1-5)
1304,0.7688332,0.23116678,0,1290,4) very common (100+)
1305,0.38078895,0.6192111,0,7,2) rare (6-20)
1306,0.5341008,0.46589923,1,1290,4) very common (100+)
1307,0.88965917,0.11034083,0,4,1) very rare (1-5)
1308,0.63656145,0.36343855,1,1070,4) very common (100+)
1309,0.4392458,0.5607542,1,0,1) very rare (1-5)
1310,0.46968696,0.530313,0,421,4) very common (100+)
1311,0.2319446,0.7680554,1,7,2) rare (6-20)
1312,0.9700154,0.029984593,0,20,2) rare (6-20)
1313,0.9615955,0.038404524,0,1290,4) very common (100+)
1314,0.8585778,0.14142221,0,1000,4) very common (100+)
1315,0.48041138,0.5195886,0,0,1) very rare (1-5)
1316,0.16248178,0.8375182,1,16,2) rare (6-20)
1317,0.99435496,0.0056450367,0,94,3) common (21-100)
1318,0.07798942,0.9220106,1,14,2) rare (6-20)
1319,0.34585017,0.65414983,1,27,3) common (21-100)
1320,0.6015232,0.39847678,1,65,3) common (21-100)
1321,0.36172274,0.6382773,1,18,2) rare (6-20)
1322,0.5408879,0.4591121,1,0,1) very rare (1-5)
1323,0.22775403,0.772246,1,17,2) rare (6-20)
1324,0.21663542,0.7833646,0,1070,4) very common (100+)
1325,0.30865002,0.69135,0,21,3) common (21-100)
1326,0.967497,0.03250301,1,268,4) very common (100+)
1327,0.07328145,0.92671853,1,0,1) very rare (1-5)
1328,0.13995773,0.8600423,1,4,1) very rare (1-5)
1329,0.26304358,0.7369564,1,0,1) very rare (1-5)
1330,0.18923429,0.81076574,0,7,2) rare (6-20)
1331,0.82556534,0.17443466,0,5,1) very rare (1-5)
1332,0.9469046,0.0530954,0,20,2) rare (6-20)
1333,0.3845888,0.61541116,0,14,2) rare (6-20)
1334,0.9357112,0.064288795,1,70,3) common (21-100)
1335,0.70737916,0.29262084,0,42,3) common (21-100)
1336,0.7636301,0.23636991,1,1,1) very rare (1-5)
1337,0.073305,0.926695,1,18,2) rare (6-20)
1338,0.48239046,0.51760954,1,2,1) very rare (1-5)
1339,0.89278585,0.10721415,0,8,2) rare (6-20)
1340,0.8813071,0.118692875,0,223,4) very common (100+)
1341,0.17138064,0.82861936,0,1,1) very rare (1-5)
1342,0.17791124,0.8220888,1,0,1) very rare (1-5)
1343,0.59076345,0.40923655,1,1290,4) very common (100+)
1344,0.05767671,0.94232327,1,0,1) very rare (1-5)
1345,0.35679597,0.64320403,1,3,1) very rare (1-5)
1346,0.26011464,0.73988533,0,0,1) very rare (1-5)
1347,0.9870617,0.012938321,0,12,2) rare (6-20)
1348,0.93992025,0.060079753,0,261,4) very common (100+)
1349,0.4675762,0.5324238,0,160,4) very common (100+)
1350,0.33496565,0.66503435,0,9,2) rare (6-20)
1351,0.9669043,0.033095717,0,28,3) common (21-100)
1352,0.18373264,0.8162674,1,372,4) very common (100+)
1353,0.025377467,0.97462255,1,0,1) very rare (1-5)
1354,0.6107504,0.38924962,1,12,2) rare (6-20)
1355,0.21039951,0.7896005,1,1,1) very rare (1-5)
1356,0.48103723,0.51896274,1,0,1) very rare (1-5)
1357,0.35892582,0.6410742,1,100,3) common (21-100)
1358,0.91899776,0.081002235,1,5,1) very rare (1-5)
1359,0.4776523,0.5223477,0,76,3) common (21-100)
1360,0.3123324,0.6876676,1,160,4) very common (100+)
1361,0.88686496,0.11313504,0,12,2) rare (6-20)
1362,0.08639371,0.9136063,1,0,1) very rare (1-5)
1363,0.16383044,0.83616954,0,3,1) very rare (1-5)
1364,0.47032928,0.5296707,0,4,1) very rare (1-5)
1365,0.23418513,0.7658149,1,75,3) common (21-100)
1366,0.083285496,0.9167145,1,0,1) very rare (1-5)
1367,0.5812475,0.4187525,1,3,1) very rare (1-5)
1368,0.9349028,0.06509721,0,1000,4) very common (100+)
1369,0.51797634,0.48202366,0,2,1) very rare (1-5)
1370,0.87374496,0.12625504,0,700,4) very common (100+)
1371,0.43275586,0.5672442,1,3,1) very rare (1-5)
1372,0.100907944,0.8990921,1,0,1) very rare (1-5)
1373,0.0468432,0.9531568,1,17,2) rare (6-20)
1374,0.025070429,0.9749296,1,0,1) very rare (1-5)
1375,0.88047165,0.11952835,0,68,3) common (21-100)
1376,0.46993166,0.53006834,0,2,1) very rare (1-5)
1377,0.9914552,0.008544803,1,4,1) very rare (1-5)
1378,0.2993148,0.7006852,1,62,3) common (21-100)
1379,0.062563285,0.9374367,1,0,1) very rare (1-5)
1380,0.15906768,0.8409323,1,6,2) rare (6-20)
1381,0.9836548,0.016345203,0,211,4) very common (100+)
1382,0.68707466,0.31292534,1,13,2) rare (6-20)
1383,0.1116163,0.8883837,1,0,1) very rare (1-5)
1384,0.0827117,0.9172883,1,0,1) very rare (1-5)
1385,0.30180594,0.698194,1,0,1) very rare (1-5)
1386,0.5703368,0.42966318,0,105,4) very common (100+)
1387,0.3950888,0.6049112,0,2,1) very rare (1-5)
1388,0.95470643,0.04529357,0,1000,4) very common (100+)
1389,0.37134486,0.62865514,1,1,1) very rare (1-5)
1390,0.9430461,0.056953907,1,8,2) rare (6-20)
1391,0.107691444,0.89230853,1,30,3) common (21-100)
1392,0.7724376,0.22756243,1,1,1) very rare (1-5)
1393,0.21606825,0.78393173,1,0,1) very rare (1-5)
1394,0.13666292,0.8633371,0,0,1) very rare (1-5)
1395,0.8726081,0.12739187,0,62,3) common (21-100)
1396,0.54850686,0.45149314,1,2,1) very rare (1-5)
1397,0.92806417,0.07193583,0,142,4) very common (100+)
1398,0.23123668,0.7687633,1,0,1) very rare (1-5)
1399,0.6343363,0.3656637,1,7,2) rare (6-20)
1400,0.73991156,0.26008844,1,0,1) very rare (1-5)
1401,0.063542016,0.936458,1,2,1) very rare (1-5)
1402,0.2768129,0.7231871,1,6,2) rare (6-20)
1403,0.5189154,0.4810846,0,274,4) very common (100+)
1404,0.6959235,0.3040765,0,5,1) very rare (1-5)
1405,0.2929758,0.7070242,1,142,4) very common (100+)
1406,0.7083633,0.2916367,1,58,3) common (21-100)
1407,0.9005184,0.09948158,0,166,4) very common (100+)
1408,0.48011485,0.5198852,0,261,4) very common (100+)
1409,0.19161008,0.8083899,0,107,4) very common (100+)
1410,0.5089023,0.4910977,1,0,1) very rare (1-5)
1411,0.649366,0.35063398,0,3,1) very rare (1-5)
1412,0.977393,0.022607028,1,1070,4) very common (100+)
1413,0.33596405,0.6640359,1,32,3) common (21-100)
1414,0.24298984,0.75701016,0,2,1) very rare (1-5)
1415,0.37461707,0.6253829,1,0,1) very rare (1-5)
1416,0.40593824,0.59406173,1,1,1) very rare (1-5)
1417,0.7775028,0.22249722,0,47,3) common (21-100)
1418,0.4553507,0.5446493,1,0,1) very rare (1-5)
1419,0.6589511,0.3410489,0,421,4) very common (100+)
1420,0.97815084,0.021849155,0,700,4) very common (100+)
1421,0.059069525,0.9409305,1,3,1) very rare (1-5)
1422,0.13703008,0.86296993,0,0,1) very rare (1-5)
1423,0.26428604,0.73571396,1,421,4) very common (100+)
1424,0.15351242,0.8464876,1,92,3) common (21-100)
1425,0.32949826,0.6705017,0,1,1) very rare (1-5)
1426,0.1799917,0.8200083,1,0,1) very rare (1-5)
1427,0.1930481,0.8069519,1,3,1) very rare (1-5)
1428,0.21226875,0.78773123,1,0,1) very rare (1-5)
1429,0.8601631,0.1398369,0,1000,4) very common (100+)
1430,0.10170165,0.8982984,1,0,1) very rare (1-5)
1431,0.2785184,0.72148156,0,237,4) very common (100+)
1432,0.39264476,0.60735524,1,6,2) rare (6-20)
1433,0.594277,0.40572298,0,9,2) rare (6-20)
1434,0.54674613,0.45325387,1,0,1) very rare (1-5)
1435,0.6400768,0.35992318,0,1290,4) very common (100+)
1436,0.35991025,0.64008975,0,13,2) rare (6-20)
1437,0.16609152,0.8339085,1,421,4) very common (100+)
1438,0.08123451,0.9187655,0,105,4) very common (100+)
1439,0.42221424,0.57778573,1,31,3) common (21-100)
1440,0.4175262,0.5824738,0,237,4) very common (100+)
1441,0.8061763,0.1938237,1,89,3) common (21-100)
1442,0.10758982,0.89241016,1,0,1) very rare (1-5)
1443,0.8513417,0.14865828,1,2,1) very rare (1-5)
1444,0.46925533,0.5307447,1,0,1) very rare (1-5)
1445,0.20075661,0.7992434,0,1,1) very rare (1-5)
1446,0.6555999,0.3444001,0,35,3) common (21-100)
1447,0.7152409,0.2847591,0,1070,4) very common (100+)
1448,0.30089274,0.6991073,0,3,1) very rare (1-5)
1449,0.7848541,0.21514589,1,1290,4) very common (100+)
1450,0.2642504,0.7357496,0,3,1) very rare (1-5)
1451,0.9351758,0.06482422,0,89,3) common (21-100)
1452,0.05319298,0.946807,1,0,1) very rare (1-5)
1453,0.9260293,0.073970675,0,237,4) very common (100+)
1454,0.99411386,0.0058861375,0,211,4) very common (100+)
1455,0.66322404,0.33677596,0,1290,4) very common (100+)
1456,0.9808874,0.019112587,0,211,4) very common (100+)
1457,0.071152836,0.9288472,0,0,1) very rare (1-5)
1458,0.51820225,0.48179775,0,39,3) common (21-100)
1459,0.97305083,0.026949167,0,700,4) very common (100+)
1460,0.6070664,0.3929336,0,3,1) very rare (1-5)
1461,0.114356175,0.88564384,1,96,3) common (21-100)
1462,0.3743967,0.6256033,1,3,1) very rare (1-5)
1463,0.8734789,0.12652111,0,421,4) very common (100+)
1464,0.9602375,0.039762497,0,1000,4) very common (100+)
1465,0.40457,0.59543,1,118,4) very common (100+)
1466,0.6483641,0.35163587,0,28,3) common (21-100)
1467,0.047736503,0.9522635,1,79,3) common (21-100)
1468,0.23859228,0.76140773,1,29,3) common (21-100)
1469,0.29853174,0.7014682,1,96,3) common (21-100)
1470,0.6039791,0.3960209,1,0,1) very rare (1-5)
1471,0.35819885,0.6418011,1,8,2) rare (6-20)
1472,0.042801082,0.9571989,0,8,2) rare (6-20)
1473,0.9136779,0.08632213,0,6,2) rare (6-20)
1474,0.36355302,0.63644695,0,5,1) very rare (1-5)
1475,0.15954812,0.8404519,1,3,1) very rare (1-5)
1476,0.5083402,0.49165982,1,372,4) very common (100+)
1477,0.523764,0.476236,0,3,1) very rare (1-5)
1478,0.096149616,0.9038504,0,4,1) very rare (1-5)
1479,0.41297564,0.58702433,0,4,1) very rare (1-5)
1480,0.72888196,0.27111804,0,2,1) very rare (1-5)
1481,0.81058115,0.18941885,0,66,3) common (21-100)
1482,0.22810908,0.77189094,0,9,2) rare (6-20)
1483,0.24061964,0.75938034,0,82,3) common (21-100)
1484,0.9682847,0.031715274,0,1000,4) very common (100+)
1485,0.85111904,0.14888096,0,105,4) very common (100+)
1486,0.23134491,0.76865506,1,9,2) rare (6-20)
1487,0.9377196,0.062280416,1,142,4) very common (100+)
1488,0.7049742,0.29502583,0,3,1) very rare (1-5)
1489,0.6146038,0.38539618,1,0,1) very rare (1-5)
1490,0.04698199,0.953018,1,6,2) rare (6-20)
1491,0.5492603,0.45073968,1,0,1) very rare (1-5)
1492,0.19457069,0.80542934,1,1290,4) very common (100+)
1493,0.29911083,0.70088917,0,35,3) common (21-100)
1494,0.07264728,0.9273527,1,4,1) very rare (1-5)
1495,0.7759236,0.22407639,0,74,3) common (21-100)
1496,0.8788573,0.121142685,0,96,3) common (21-100)
1497,0.6219144,0.3780856,1,2,1) very rare (1-5)
1498,0.19020943,0.80979055,1,1,1) very rare (1-5)
1499,0.9059928,0.094007194,0,700,4) very common (100+)
1500,0.48820978,0.5117902,1,1,1) very rare (1-5)
1501,0.075107485,0.92489254,1,0,1) very rare (1-5)
1502,0.048315503,0.9516845,1,7,2) rare (6-20)
1503,0.58668417,0.41331583,1,15,2) rare (6-20)
1504,0.33424857,0.66575146,0,3,1) very rare (1-5)
1505,0.9234756,0.07652438,0,700,4) very common (100+)
1506,0.4633074,0.5366926,0,268,4) very common (100+)
1507,0.9534324,0.04656762,0,85,3) common (21-100)
1508,0.21500911,0.7849909,1,3,1) very rare (1-5)
1509,0.06763652,0.9323635,1,0,1) very rare (1-5)
1510,0.45224893,0.54775107,1,5,1) very rare (1-5)
1511,0.06697975,0.93302023,0,5,1) very rare (1-5)
1512,0.32541716,0.67458284,0,3,1) very rare (1-5)
1513,0.50450146,0.49549854,1,3,1) very rare (1-5)
1514,0.54414105,0.45585895,1,0,1) very rare (1-5)
1515,0.27813354,0.7218665,0,372,4) very common (100+)
1516,0.38632038,0.61367965,0,223,4) very common (100+)
1517,0.48630643,0.5136936,1,8,2) rare (6-20)
1518,0.7872324,0.2127676,0,1000,4) very common (100+)
1519,0.5381764,0.46182358,1,15,2) rare (6-20)
1520,0.98413587,0.015864134,0,275,4) very common (100+)
1521,0.07693994,0.92306006,1,0,1) very rare (1-5)
1522,0.9657047,0.03429532,0,14,2) rare (6-20)
1523,0.20356856,0.7964314,1,14,2) rare (6-20)
1524,0.4197755,0.5802245,1,142,4) very common (100+)
1525,0.38572654,0.6142734,0,1000,4) very common (100+)
1526,0.05486977,0.9451302,0,0,1) very rare (1-5)
1527,0.45026255,0.54973745,0,65,3) common (21-100)
1528,0.21825106,0.78174895,1,0,1) very rare (1-5)
1529,0.47349772,0.52650225,0,9,2) rare (6-20)
1530,0.8102245,0.18977553,0,159,4) very common (100+)
1531,0.12275183,0.87724817,1,0,1) very rare (1-5)
1532,0.9394181,0.060581923,1,1290,4) very common (100+)
1533,0.14144677,0.85855323,1,0,1) very rare (1-5)
1534,0.46147943,0.5385206,1,8,2) rare (6-20)
1535,0.58228827,0.41771173,0,18,2) rare (6-20)
1536,0.46060023,0.53939974,1,2,1) very rare (1-5)
1537,0.338884,0.661116,1,4,1) very rare (1-5)
1538,0.06376192,0.93623805,1,118,4) very common (100+)
1539,0.75297916,0.24702084,1,92,3) common (21-100)
1540,0.5902872,0.4097128,1,62,3) common (21-100)
1541,0.84250927,0.15749073,0,1,1) very rare (1-5)
1542,0.06295034,0.9370496,1,3,1) very rare (1-5)
1543,0.23698673,0.76301324,1,1290,4) very common (100+)
1544,0.4867512,0.5132488,0,19,2) rare (6-20)
1545,0.813186,0.18681401,0,1290,4) very common (100+)
1546,0.1015957,0.8984043,1,0,1) very rare (1-5)
1547,0.4835005,0.5164995,0,1070,4) very common (100+)
1548,0.3033279,0.6966721,1,4,1) very rare (1-5)
1549,0.6989766,0.30102342,0,106,4) very common (100+)
1550,0.6910667,0.30893332,0,19,2) rare (6-20)
1551,0.7119279,0.2880721,1,142,4) very common (100+)
1552,0.42279992,0.57720006,0,39,3) common (21-100)
1553,0.88446075,0.11553925,0,32,3) common (21-100)
1554,0.16747704,0.832523,0,2,1) very rare (1-5)
1555,0.10795491,0.8920451,1,0,1) very rare (1-5)
1556,0.41527924,0.58472073,1,123,4) very common (100+)
1557,0.8416317,0.15836829,1,90,3) common (21-100)
1558,0.05779499,0.942205,0,17,2) rare (6-20)
1559,0.26579022,0.7342098,1,5,1) very rare (1-5)
1560,0.12841001,0.87159,1,89,3) common (21-100)
1561,0.7615177,0.2384823,1,2,1) very rare (1-5)
1562,0.26632172,0.7336783,1,1070,4) very common (100+)
1563,0.60475737,0.39524263,0,2,1) very rare (1-5)
1564,0.12597357,0.8740264,1,8,2) rare (6-20)
1565,0.27513683,0.7248632,1,2,1) very rare (1-5)
1566,0.16836122,0.8316388,0,123,4) very common (100+)
1567,0.059414502,0.9405855,1,0,1) very rare (1-5)
1568,0.5679078,0.4320922,0,3,1) very rare (1-5)
1569,0.35638496,0.643615,1,372,4) very common (100+)
1570,0.7700641,0.22993588,0,23,3) common (21-100)
1571,0.06634983,0.9336502,1,16,2) rare (6-20)
1572,0.4731189,0.5268811,1,111,4) very common (100+)
1573,0.43343556,0.56656444,1,1,1) very rare (1-5)
1574,0.117324255,0.88267577,1,16,2) rare (6-20)
1575,0.8823969,0.11760312,0,8,2) rare (6-20)
1576,0.6991693,0.30083072,0,7,2) rare (6-20)
1577,0.89259994,0.10740006,1,70,3) common (21-100)
1578,0.2281677,0.7718323,1,11,2) rare (6-20)
1579,0.06276554,0.93723446,0,1,1) very rare (1-5)
1580,0.7082953,0.2917047,0,0,1) very rare (1-5)
1581,0.54724526,0.45275474,0,123,4) very common (100+)
1582,0.08850687,0.9114931,1,0,1) very rare (1-5)
1583,0.4034706,0.59652936,1,76,3) common (21-100)
1584,0.29120088,0.7087991,0,13,2) rare (6-20)
1585,0.40246972,0.59753025,0,237,4) very common (100+)
1586,0.6390857,0.3609143,1,0,1) very rare (1-5)
1587,0.22979169,0.7702083,0,8,2) rare (6-20)
1588,0.46044758,0.53955245,0,15,2) rare (6-20)
1589,0.8113895,0.1886105,1,72,3) common (21-100)
1590,0.14977457,0.85022545,1,0,1) very rare (1-5)
1591,0.18266802,0.81733197,1,0,1) very rare (1-5)
1592,0.060790483,0.9392095,1,0,1) very rare (1-5)
1593,0.114338115,0.8856619,0,9,2) rare (6-20)
1594,0.9899658,0.0100342035,0,17,2) rare (6-20)
1595,0.58966815,0.41033185,0,1000,4) very common (100+)
1596,0.54961747,0.45038253,0,3,1) very rare (1-5)
1597,0.16058548,0.83941454,1,1,1) very rare (1-5)
1598,0.6520923,0.34790772,1,5,1) very rare (1-5)
1599,0.26365504,0.73634493,1,5,1) very rare (1-5)
1600,0.48509482,0.5149052,0,1,1) very rare (1-5)
1601,0.07023204,0.92976797,1,0,1) very rare (1-5)
1602,0.23913473,0.7608653,1,0,1) very rare (1-5)
1603,0.7726074,0.22739261,0,2,1) very rare (1-5)
1604,0.14876793,0.85123205,0,24,3) common (21-100)
1605,0.50058234,0.49941766,0,4,1) very rare (1-5)
1606,0.39825094,0.60174906,1,3,1) very rare (1-5)
1607,0.47945878,0.5205412,0,1070,4) very common (100+)
1608,0.8443994,0.1556006,1,106,4) very common (100+)
1609,0.49658796,0.503412,1,79,3) common (21-100)
1610,0.05211084,0.94788915,1,5,1) very rare (1-5)
1611,0.60741025,0.39258975,0,1,1) very rare (1-5)
1612,0.1256381,0.8743619,1,39,3) common (21-100)
1613,0.9632917,0.036708295,1,1,1) very rare (1-5)
1614,0.88750756,0.11249244,0,182,4) very common (100+)
1615,0.02140937,0.9785906,1,11,2) rare (6-20)
1616,0.067207724,0.9327923,1,1,1) very rare (1-5)
1617,0.48909357,0.51090646,1,105,4) very common (100+)
1618,0.5804094,0.4195906,0,18,2) rare (6-20)
1619,0.006448936,0.9935511,1,0,1) very rare (1-5)
1620,0.77205145,0.22794855,0,1000,4) very common (100+)
1621,0.7545791,0.24542087,0,421,4) very common (100+)
1622,0.77429634,0.22570366,0,343,4) very common (100+)
1623,0.47036654,0.52963346,1,1070,4) very common (100+)
1624,0.2554944,0.74450564,1,79,3) common (21-100)
1625,0.87187874,0.12812126,0,99,3) common (21-100)
1626,0.09831461,0.90168536,0,0,1) very rare (1-5)
1627,0.8304624,0.1695376,1,146,4) very common (100+)
1628,0.6135428,0.3864572,1,118,4) very common (100+)
1629,0.4545193,0.5454807,0,0,1) very rare (1-5)
1630,0.42383203,0.57616794,1,0,1) very rare (1-5)
1631,0.757551,0.24244899,1,1,1) very rare (1-5)
1632,0.9597257,0.040274322,0,1000,4) very common (100+)
1633,0.23431838,0.7656816,1,0,1) very rare (1-5)
1634,0.20108509,0.7989149,1,0,1) very rare (1-5)
1635,0.8384187,0.16158128,0,14,2) rare (6-20)
1636,0.7130872,0.2869128,1,2,1) very rare (1-5)
1637,0.23764153,0.7623585,1,9,2) rare (6-20)
1638,0.46495616,0.53504384,1,79,3) common (21-100)
1639,0.95045817,0.04954183,0,1290,4) very common (100+)
1640,0.7295553,0.2704447,0,63,3) common (21-100)
1641,0.79068154,0.20931846,0,1290,4) very common (100+)
1642,0.7724114,0.2275886,0,106,4) very common (100+)
1643,0.72887075,0.27112925,1,0,1) very rare (1-5)
1644,0.24891143,0.75108856,0,23,3) common (21-100)
1645,0.54176784,0.45823216,0,223,4) very common (100+)
1646,0.45678455,0.54321545,1,1,1) very rare (1-5)
1647,0.09260853,0.9073915,1,14,2) rare (6-20)
1648,0.810746,0.18925399,0,421,4) very common (100+)
1649,0.21630093,0.78369904,1,700,4) very common (100+)
1650,0.87807596,0.12192404,0,39,3) common (21-100)
1651,0.6943222,0.30567777,1,58,3) common (21-100)
1652,0.66619116,0.33380884,1,0,1) very rare (1-5)
1653,0.4566356,0.5433644,0,71,3) common (21-100)
1654,0.4409097,0.55909026,1,134,4) very common (100+)
1655,0.09645999,0.90354,1,2,1) very rare (1-5)
1656,0.8931903,0.106809676,0,182,4) very common (100+)
1657,0.5529988,0.44700122,0,1070,4) very common (100+)
1658,0.06474218,0.9352578,1,55,3) common (21-100)
1659,0.10824512,0.89175487,1,22,3) common (21-100)
1660,0.030153992,0.969846,1,2,1) very rare (1-5)
1661,0.59245765,0.40754235,1,99,3) common (21-100)
1662,0.9753118,0.024688184,0,62,3) common (21-100)
1663,0.7650879,0.2349121,1,10,2) rare (6-20)
1664,0.10743284,0.89256716,1,0,1) very rare (1-5)
1665,0.74999523,0.25000477,1,2,1) very rare (1-5)
1666,0.91553694,0.08446306,0,421,4) very common (100+)
1667,0.44651288,0.5534871,0,4,1) very rare (1-5)
1668,0.750614,0.24938601,0,22,3) common (21-100)
1669,0.97399074,0.026009262,0,211,4) very common (100+)
1670,0.3260209,0.6739791,1,1070,4) very common (100+)
1671,0.08158191,0.9184181,1,0,1) very rare (1-5)
1672,0.954402,0.04559797,0,106,4) very common (100+)
1673,0.04789855,0.95210147,1,24,3) common (21-100)
1674,0.8927491,0.10725093,0,26,3) common (21-100)
1675,0.62935257,0.37064743,1,66,3) common (21-100)
1676,0.37049624,0.6295037,0,86,3) common (21-100)
1677,0.4199187,0.58008134,0,343,4) very common (100+)
1678,0.93080133,0.06919867,1,88,3) common (21-100)
1679,0.15013471,0.8498653,1,0,1) very rare (1-5)
1680,0.90043527,0.09956473,0,37,3) common (21-100)
1681,0.7863809,0.21361911,1,24,3) common (21-100)
1682,0.5615575,0.43844253,0,1290,4) very common (100+)
1683,0.500517,0.499483,0,343,4) very common (100+)
1684,0.53194,0.46806002,0,2,1) very rare (1-5)
1685,0.46089545,0.5391046,0,66,3) common (21-100)
1686,0.2430207,0.7569793,1,118,4) very common (100+)
1687,0.88587517,0.114124835,0,1070,4) very common (100+)
1688,0.48578998,0.51421,0,343,4) very common (100+)
1689,0.1517712,0.8482288,1,0,1) very rare (1-5)
1690,0.53584325,0.46415675,0,1290,4) very common (100+)
1691,0.19805872,0.8019413,0,39,3) common (21-100)
1692,0.94291973,0.05708027,0,17,2) rare (6-20)
1693,0.519558,0.480442,0,79,3) common (21-100)
1694,0.32275212,0.6772479,1,70,3) common (21-100)
1695,0.28382945,0.71617055,1,1,1) very rare (1-5)
1696,0.1514582,0.8485418,1,0,1) very rare (1-5)
1697,0.07579418,0.92420584,1,0,1) very rare (1-5)
1698,0.8504822,0.14951777,0,6,2) rare (6-20)
1699,0.12533267,0.87466735,1,0,1) very rare (1-5)
1700,0.6057275,0.3942725,1,0,1) very rare (1-5)
1701,0.3608155,0.6391845,0,3,1) very rare (1-5)
1702,0.9677999,0.032200098,0,23,3) common (21-100)
1703,0.43941385,0.56058615,1,5,1) very rare (1-5)
1704,0.9373735,0.06262648,1,7,2) rare (6-20)
1705,0.016464842,0.9835352,1,7,2) rare (6-20)
1706,0.0745651,0.9254349,1,8,2) rare (6-20)
1707,0.11315249,0.8868475,0,0,1) very rare (1-5)
1708,0.2738386,0.72616136,0,2,1) very rare (1-5)
1709,0.07199813,0.9280019,1,2,1) very rare (1-5)
1710,0.62603134,0.37396866,1,0,1) very rare (1-5)
1711,0.7622137,0.2377863,0,1000,4) very common (100+)
1712,0.1634125,0.8365875,1,16,2) rare (6-20)
1713,0.14274661,0.8572534,1,0,1) very rare (1-5)
1714,0.16861914,0.83138084,0,1,1) very rare (1-5)
1715,0.6053798,0.39462018,0,1070,4) very common (100+)
1716,0.7326952,0.26730478,0,178,4) very common (100+)
1717,0.4228478,0.5771522,0,123,4) very common (100+)
1718,0.34654242,0.6534576,0,41,3) common (21-100)
1719,0.78503644,0.21496356,0,178,4) very common (100+)
1720,0.7002884,0.29971159,1,111,4) very common (100+)
1721,0.19926184,0.80073816,1,1,1) very rare (1-5)
1722,0.95769376,0.042306244,0,421,4) very common (100+)
1723,0.49872285,0.50127715,1,9,2) rare (6-20)
1724,0.16712701,0.832873,1,0,1) very rare (1-5)
1725,0.9735752,0.026424825,0,1070,4) very common (100+)
1726,0.060163043,0.939837,1,1,1) very rare (1-5)
1727,0.05060325,0.9493967,1,3,1) very rare (1-5)
1728,0.50074905,0.49925095,1,1000,4) very common (100+)
1729,0.34982902,0.650171,1,118,4) very common (100+)
1730,0.3022081,0.69779193,1,8,2) rare (6-20)
1731,0.9557234,0.044276595,0,1000,4) very common (100+)
1732,0.14262076,0.85737926,0,372,4) very common (100+)
1733,0.7380171,0.26198292,0,105,4) very common (100+)
1734,0.93902403,0.06097597,0,89,3) common (21-100)
1735,0.06957423,0.93042576,1,17,2) rare (6-20)
1736,0.10914846,0.89085156,1,17,2) rare (6-20)
1737,0.6273289,0.37267113,0,7,2) rare (6-20)
1738,0.5136075,0.4863925,1,89,3) common (21-100)
1739,0.5973722,0.40262783,1,343,4) very common (100+)
1740,0.8613165,0.1386835,0,44,3) common (21-100)
1741,0.1477517,0.8522483,1,0,1) very rare (1-5)
1742,0.14271753,0.85728246,1,3,1) very rare (1-5)
1743,0.37076724,0.62923276,1,16,2) rare (6-20)
1744,0.40239406,0.59760594,0,99,3) common (21-100)
1745,0.88762045,0.11237955,0,79,3) common (21-100)
1746,0.07697373,0.92302626,1,0,1) very rare (1-5)
1747,0.9113462,0.0886538,0,55,3) common (21-100)
1748,0.26571164,0.73428833,0,26,3) common (21-100)
1749,0.8963723,0.10362768,0,34,3) common (21-100)
1750,0.281913,0.71808696,1,22,3) common (21-100)
1751,0.61952585,0.38047415,1,47,3) common (21-100)
1752,0.52753305,0.47246695,1,1000,4) very common (100+)
1753,0.25693572,0.7430643,1,0,1) very rare (1-5)
1754,0.9381587,0.06184131,1,0,1) very rare (1-5)
1755,0.4999052,0.5000948,1,1290,4) very common (100+)
1756,0.07071187,0.92928815,1,0,1) very rare (1-5)
1757,0.2666209,0.7333791,1,134,4) very common (100+)
1758,0.814851,0.18514901,1,0,1) very rare (1-5)
1759,0.0779779,0.9220221,1,0,1) very rare (1-5)
1760,0.45803005,0.54196995,0,9,2) rare (6-20)
1761,0.039694928,0.9603051,1,12,2) rare (6-20)
1762,0.53988016,0.46011984,1,2,1) very rare (1-5)
1763,0.5592318,0.44076818,0,39,3) common (21-100)
1764,0.59073246,0.40926754,1,81,3) common (21-100)
1765,0.12093083,0.87906915,1,3,1) very rare (1-5)
1766,0.75031334,0.24968666,1,6,2) rare (6-20)
1767,0.21469286,0.78530717,1,159,4) very common (100+)
1768,0.1958717,0.8041283,0,7,2) rare (6-20)
1769,0.061866075,0.93813396,1,8,2) rare (6-20)
1770,0.9253331,0.07466692,1,17,2) rare (6-20)
1771,0.3441814,0.6558186,0,24,3) common (21-100)
1772,0.7436874,0.2563126,0,700,4) very common (100+)
1773,0.2706299,0.7293701,1,6,2) rare (6-20)
1774,0.26957846,0.73042154,0,2,1) very rare (1-5)
1775,0.5491283,0.4508717,0,2,1) very rare (1-5)
1776,0.7185665,0.28143352,0,700,4) very common (100+)
1777,0.9397358,0.06026423,0,1290,4) very common (100+)
1778,0.3308482,0.6691518,0,5,1) very rare (1-5)
1779,0.10440679,0.8955932,1,0,1) very rare (1-5)
1780,0.829679,0.17032099,0,27,3) common (21-100)
1781,0.050125886,0.9498741,1,84,3) common (21-100)
1782,0.74235785,0.25764215,0,146,4) very common (100+)
1783,0.071938686,0.9280613,0,43,3) common (21-100)
1784,0.13003163,0.86996835,1,0,1) very rare (1-5)
1785,0.2659131,0.7340869,1,89,3) common (21-100)
1786,0.44985288,0.5501471,0,1,1) very rare (1-5)
1787,0.6411438,0.3588562,0,1290,4) very common (100+)
1788,0.13490269,0.8650973,1,0,1) very rare (1-5)
1789,0.4107681,0.5892319,0,8,2) rare (6-20)
1790,0.06133361,0.9386664,1,0,1) very rare (1-5)
1791,0.95836216,0.041637838,1,2,1) very rare (1-5)
1792,0.1178881,0.8821119,1,0,1) very rare (1-5)
1793,0.04157158,0.95842844,1,0,1) very rare (1-5)
1794,0.4976931,0.50230694,0,33,3) common (21-100)
1795,0.7512998,0.2487002,1,8,2) rare (6-20)
1796,0.789392,0.210608,1,1070,4) very common (100+)
1797,0.5834815,0.4165185,1,70,3) common (21-100)
1798,0.16985539,0.83014464,0,88,3) common (21-100)
1799,0.97888035,0.021119654,0,99,3) common (21-100)
1800,0.60664237,0.39335763,1,96,3) common (21-100)
1801,0.88822466,0.11177534,0,27,3) common (21-100)
1802,0.44162223,0.55837774,1,1,1) very rare (1-5)
1803,0.14041068,0.85958934,1,92,3) common (21-100)
1804,0.9611993,0.038800716,0,1000,4) very common (100+)
1805,0.29337013,0.7066299,1,1000,4) very common (100+)
1806,0.14862211,0.8513779,0,105,4) very common (100+)
1807,0.49494162,0.5050584,0,20,2) rare (6-20)
1808,0.09190736,0.9080926,1,7,2) rare (6-20)
1809,0.54808724,0.45191276,1,70,3) common (21-100)
1810,0.28350893,0.7164911,0,121,4) very common (100+)
1811,0.93144214,0.06855786,1,54,3) common (21-100)
1812,0.52590275,0.47409725,0,275,4) very common (100+)
1813,0.90550625,0.09449375,1,107,4) very common (100+)
1814,0.49191317,0.5080868,1,28,3) common (21-100)
1815,0.117176704,0.8828233,1,2,1) very rare (1-5)
1816,0.5827719,0.4172281,0,5,1) very rare (1-5)
1817,0.55712605,0.44287395,0,23,3) common (21-100)
1818,0.5320098,0.46799022,1,1290,4) very common (100+)
1819,0.7923207,0.20767927,1,54,3) common (21-100)
1820,0.94706815,0.052931845,0,85,3) common (21-100)
1821,0.13486576,0.86513424,1,2,1) very rare (1-5)
1822,0.19098729,0.8090127,1,32,3) common (21-100)
1823,0.042897847,0.9571022,1,0,1) very rare (1-5)
1824,0.5672751,0.4327249,0,12,2) rare (6-20)
1825,0.85613745,0.14386255,0,700,4) very common (100+)
1826,0.93936515,0.06063485,0,1290,4) very common (100+)
1827,0.27663928,0.7233607,0,134,4) very common (100+)
1828,0.2764721,0.7235279,0,3,1) very rare (1-5)
1829,0.6428295,0.35717052,0,9,2) rare (6-20)
1830,0.26750726,0.73249274,1,223,4) very common (100+)
1831,0.6883244,0.3116756,0,223,4) very common (100+)
1832,0.10043041,0.8995696,1,70,3) common (21-100)
1833,0.16124214,0.8387579,1,4,1) very rare (1-5)
1834,0.066902965,0.933097,0,17,2) rare (6-20)
1835,0.7986783,0.20132172,0,261,4) very common (100+)
1836,0.97382617,0.02617383,0,1000,4) very common (100+)
1837,0.36068156,0.63931847,1,35,3) common (21-100)
1838,0.57335126,0.42664874,0,1290,4) very common (100+)
1839,0.3176608,0.6823392,0,9,2) rare (6-20)
1840,0.55214304,0.44785696,0,1290,4) very common (100+)
1841,0.05761297,0.94238704,1,0,1) very rare (1-5)
1842,0.8388711,0.16112888,0,1000,4) very common (100+)
1843,0.30740324,0.6925968,0,91,3) common (21-100)
1844,0.46440938,0.53559065,0,6,2) rare (6-20)
1845,0.86174184,0.13825816,0,1290,4) very common (100+)
1846,0.15678996,0.84321004,1,18,2) rare (6-20)
1847,0.79172623,0.20827377,1,16,2) rare (6-20)
1848,0.06436221,0.9356378,1,0,1) very rare (1-5)
1849,0.6817797,0.31822032,1,24,3) common (21-100)
1850,0.48380494,0.51619506,1,118,4) very common (100+)
1851,0.39866573,0.6013343,1,14,2) rare (6-20)
1852,0.27898347,0.7210165,1,3,1) very rare (1-5)
1853,0.94539285,0.054607153,1,102,4) very common (100+)
1854,0.7500096,0.2499904,0,66,3) common (21-100)
1855,0.8362665,0.16373348,0,35,3) common (21-100)
1856,0.5987329,0.4012671,0,52,3) common (21-100)
1857,0.66210616,0.33789384,0,1290,4) very common (100+)
1858,0.10742699,0.892573,1,0,1) very rare (1-5)
1859,0.95813096,0.041869044,0,50,3) common (21-100)
1860,0.794633,0.20536703,0,1000,4) very common (100+)
1861,0.5030507,0.49694932,0,4,1) very rare (1-5)
1862,0.25277093,0.7472291,1,5,1) very rare (1-5)
1863,0.088364564,0.91163546,1,92,3) common (21-100)
1864,0.8188809,0.18111908,0,53,3) common (21-100)
1865,0.8602331,0.13976687,0,2,1) very rare (1-5)
1866,0.19027057,0.80972946,1,3,1) very rare (1-5)
1867,0.9156733,0.084326684,0,68,3) common (21-100)
1868,0.44787866,0.55212134,1,0,1) very rare (1-5)
1869,0.6134542,0.38654578,0,8,2) rare (6-20)
1870,0.43141073,0.56858927,1,0,1) very rare (1-5)
1871,0.24804263,0.75195736,0,47,3) common (21-100)
1872,0.39131138,0.6086886,0,0,1) very rare (1-5)
1873,0.42702278,0.5729772,1,19,2) rare (6-20)
1874,0.032763638,0.96723634,0,0,1) very rare (1-5)
1875,0.89203936,0.10796064,0,372,4) very common (100+)
1876,0.64642924,0.35357076,0,142,4) very common (100+)
1877,0.98950875,0.010491252,0,1000,4) very common (100+)
1878,0.55453634,0.44546366,0,178,4) very common (100+)
1879,0.10569438,0.8943056,1,9,2) rare (6-20)
1880,0.11666052,0.88333946,1,14,2) rare (6-20)
1881,0.15889418,0.8411058,1,2,1) very rare (1-5)
1882,0.61570626,0.38429374,1,1,1) very rare (1-5)
1883,0.07840752,0.9215925,1,4,1) very rare (1-5)
1884,0.16873509,0.8312649,1,0,1) very rare (1-5)
1885,0.16522394,0.83477604,1,0,1) very rare (1-5)
1886,0.5939705,0.40602952,1,1290,4) very common (100+)
1887,0.36010325,0.63989675,0,5,1) very rare (1-5)
1888,0.78231376,0.21768624,0,700,4) very common (100+)
1889,0.9122813,0.087718725,0,1000,4) very common (100+)
1890,0.14277399,0.857226,0,237,4) very common (100+)
1891,0.6950131,0.3049869,1,8,2) rare (6-20)
1892,0.33422625,0.66577375,1,1,1) very rare (1-5)
1893,0.41357973,0.5864203,0,2,1) very rare (1-5)
1894,0.6145449,0.38545507,0,47,3) common (21-100)
1895,0.670461,0.329539,1,6,2) rare (6-20)
1896,0.0978689,0.9021311,0,0,1) very rare (1-5)
1897,0.24418971,0.75581026,1,2,1) very rare (1-5)
1898,0.6098036,0.39019638,1,71,3) common (21-100)
1899,0.7310376,0.26896238,1,7,2) rare (6-20)
1900,0.6672333,0.3327667,0,1000,4) very common (100+)
1901,0.08086042,0.91913956,1,2,1) very rare (1-5)
1902,0.34899664,0.65100336,1,2,1) very rare (1-5)
1903,0.47178203,0.528218,1,44,3) common (21-100)
1904,0.68163425,0.31836575,1,44,3) common (21-100)
1905,0.95644546,0.043554544,0,50,3) common (21-100)
1906,0.43473408,0.5652659,0,39,3) common (21-100)
1907,0.65049255,0.34950745,0,3,1) very rare (1-5)
1908,0.27646437,0.72353566,1,1,1) very rare (1-5)
1909,0.3729354,0.6270646,1,159,4) very common (100+)
1910,0.5193165,0.4806835,1,7,2) rare (6-20)
1911,0.77745867,0.22254133,1,1290,4) very common (100+)
1912,0.98613364,0.013866365,0,53,3) common (21-100)
1913,0.8212458,0.17875421,1,17,2) rare (6-20)
1914,0.47167057,0.52832943,0,343,4) very common (100+)
1915,0.33047968,0.6695203,1,7,2) rare (6-20)
1916,0.51579547,0.48420453,0,99,3) common (21-100)
1917,0.44864255,0.55135745,0,3,1) very rare (1-5)
1918,0.16445269,0.8355473,1,0,1) very rare (1-5)
1919,0.047263764,0.95273626,1,0,1) very rare (1-5)
1920,0.5300078,0.46999222,1,0,1) very rare (1-5)
1921,0.13190335,0.86809665,0,41,3) common (21-100)
1922,0.4061474,0.59385264,1,33,3) common (21-100)
1923,0.23010454,0.76989543,1,17,2) rare (6-20)
1924,0.16708238,0.83291763,0,36,3) common (21-100)
1925,0.3974361,0.60256386,0,5,1) very rare (1-5)
1926,0.40052363,0.59947634,0,223,4) very common (100+)
1927,0.9889103,0.011089683,0,1000,4) very common (100+)
1928,0.8603544,0.13964558,0,146,4) very common (100+)
1929,0.10864189,0.89135814,1,1,1) very rare (1-5)
1930,0.70513654,0.29486346,1,4,1) very rare (1-5)
1931,0.4967035,0.5032965,1,0,1) very rare (1-5)
1932,0.9432118,0.056788206,0,1000,4) very common (100+)
1933,0.2097254,0.7902746,0,100,3) common (21-100)
1934,0.75042754,0.24957246,0,343,4) very common (100+)
1935,0.31039315,0.68960685,1,0,1) very rare (1-5)
1936,0.57153684,0.42846316,1,2,1) very rare (1-5)
1937,0.5236057,0.4763943,1,88,3) common (21-100)
1938,0.3419501,0.65804994,1,96,3) common (21-100)
1939,0.78195494,0.21804506,0,25,3) common (21-100)
1940,0.49811268,0.5018873,1,1290,4) very common (100+)
1941,0.4803893,0.5196107,1,0,1) very rare (1-5)
1942,0.3502526,0.6497474,0,5,1) very rare (1-5)
1943,0.6865748,0.31342518,0,1290,4) very common (100+)
1944,0.5621494,0.4378506,0,0,1) very rare (1-5)
1945,0.18375221,0.8162478,1,142,4) very common (100+)
1946,0.98917484,0.010825157,0,421,4) very common (100+)
1947,0.72388005,0.27611995,1,12,2) rare (6-20)
1948,0.7286341,0.27136588,0,1070,4) very common (100+)
1949,0.31174752,0.68825245,1,1,1) very rare (1-5)
1950,0.41330522,0.5866948,0,118,4) very common (100+)
1951,0.019307448,0.98069257,1,0,1) very rare (1-5)
1952,0.37937385,0.62062615,1,23,3) common (21-100)
1953,0.52531296,0.47468704,0,21,3) common (21-100)
1954,0.5586794,0.4413206,0,3,1) very rare (1-5)
1955,0.5917713,0.4082287,0,40,3) common (21-100)
1956,0.5250163,0.4749837,1,14,2) rare (6-20)
1957,0.9203437,0.0796563,0,5,1) very rare (1-5)
1958,0.36120546,0.63879454,1,21,3) common (21-100)
1959,0.97548705,0.024512947,0,421,4) very common (100+)
1960,0.795396,0.20460403,1,8,2) rare (6-20)
1961,0.04002693,0.9599731,0,1,1) very rare (1-5)
1962,0.11492949,0.8850705,1,38,3) common (21-100)
1963,0.6667269,0.3332731,1,160,4) very common (100+)
1964,0.21722302,0.78277695,1,5,1) very rare (1-5)
1965,0.25049743,0.74950254,1,134,4) very common (100+)
1966,0.3283704,0.6716296,1,22,3) common (21-100)
1967,0.8082535,0.19174647,1,142,4) very common (100+)
1968,0.3505611,0.64943886,1,2,1) very rare (1-5)
1969,0.38771668,0.61228335,0,3,1) very rare (1-5)
1970,0.4918012,0.5081988,0,1290,4) very common (100+)
1971,0.8504844,0.14951563,0,10,2) rare (6-20)
1972,0.01861518,0.9813848,1,0,1) very rare (1-5)
1973,0.046898823,0.95310116,1,14,2) rare (6-20)
1974,0.184872,0.81512797,1,0,1) very rare (1-5)
1975,0.023098584,0.9769014,1,2,1) very rare (1-5)
1976,0.91899014,0.081009865,0,700,4) very common (100+)
1977,0.10854735,0.89145267,1,4,1) very rare (1-5)
1978,0.10695331,0.8930467,0,7,2) rare (6-20)
1979,0.21327524,0.78672475,1,2,1) very rare (1-5)
1980,0.30817354,0.69182646,1,58,3) common (21-100)
1981,0.9850271,0.014972925,0,89,3) common (21-100)
1982,0.5230427,0.47695732,1,1070,4) very common (100+)
1983,0.3149256,0.6850744,1,3,1) very rare (1-5)
1984,0.37841693,0.6215831,1,0,1) very rare (1-5)
1985,0.24872532,0.7512747,1,1,1) very rare (1-5)
1986,0.6291559,0.37084413,0,5,1) very rare (1-5)
1987,0.9495021,0.05049789,0,99,3) common (21-100)
1988,0.92881167,0.07118833,0,421,4) very common (100+)
1989,0.36189368,0.63810635,0,0,1) very rare (1-5)
1990,0.42977083,0.5702292,1,5,1) very rare (1-5)
1991,0.6749709,0.32502908,0,60,3) common (21-100)
1992,0.16162911,0.8383709,1,1,1) very rare (1-5)
1993,0.6059319,0.39406812,1,2,1) very rare (1-5)
1994,0.31551352,0.6844865,0,99,3) common (21-100)
1995,0.7799305,0.22006953,1,160,4) very common (100+)
1996,0.70908743,0.29091257,0,2,1) very rare (1-5)
1997,0.14210276,0.8578972,1,9,2) rare (6-20)
1998,0.7602917,0.2397083,0,237,4) very common (100+)
1999,0.417707,0.58229303,0,28,3) common (21-100)
2000,0.13261028,0.86738974,0,1,1) very rare (1-5)
2001,0.67661315,0.32338685,0,166,4) very common (100+)
2002,0.64573604,0.35426396,0,88,3) common (21-100)
2003,0.39411375,0.6058862,1,19,2) rare (6-20)
2004,0.53598934,0.46401066,1,1290,4) very common (100+)
2005,0.66798824,0.33201176,0,1290,4) very common (100+)
2006,0.17284706,0.82715297,1,118,4) very common (100+)
2007,0.49248573,0.50751424,0,118,4) very common (100+)
2008,0.43366435,0.5663357,0,372,4) very common (100+)
2009,0.87225616,0.12774384,0,37,3) common (21-100)
2010,0.25987154,0.74012846,1,7,2) rare (6-20)
2011,0.3512824,0.64871764,0,29,3) common (21-100)
2012,0.13363174,0.8663683,1,0,1) very rare (1-5)
2013,0.5343498,0.4656502,0,68,3) common (21-100)
2014,0.3936431,0.60635686,0,27,3) common (21-100)
2015,0.18287535,0.81712466,0,3,1) very rare (1-5)
2016,0.95022744,0.04977256,1,166,4) very common (100+)
2017,0.72228134,0.27771866,1,261,4) very common (100+)
2018,0.4458691,0.5541309,0,18,2) rare (6-20)
2019,0.44739476,0.5526053,1,62,3) common (21-100)
2020,0.017275969,0.982724,1,0,1) very rare (1-5)
2021,0.097756654,0.9022434,1,16,2) rare (6-20)
2022,0.95055133,0.04944867,0,47,3) common (21-100)
2023,0.06297772,0.93702227,1,5,1) very rare (1-5)
2024,0.061904058,0.9380959,1,38,3) common (21-100)
2025,0.05584724,0.9441528,1,0,1) very rare (1-5)
2026,0.16617346,0.83382654,0,145,4) very common (100+)
2027,0.9767977,0.0232023,0,28,3) common (21-100)
2028,0.9466018,0.053398192,0,372,4) very common (100+)
2029,0.8450435,0.15495652,0,58,3) common (21-100)
2030,0.77677834,0.22322166,1,16,2) rare (6-20)
2031,0.75406426,0.24593574,0,1000,4) very common (100+)
2032,0.1496711,0.8503289,0,134,4) very common (100+)
2033,0.0745007,0.9254993,1,1,1) very rare (1-5)
2034,0.780965,0.21903503,0,68,3) common (21-100)
2035,0.5562986,0.4437014,0,106,4) very common (100+)
2036,0.2667192,0.7332808,0,7,2) rare (6-20)
2037,0.21934123,0.7806588,1,134,4) very common (100+)
2038,0.022109397,0.9778906,1,0,1) very rare (1-5)
2039,0.40109867,0.59890133,0,9,2) rare (6-20)
2040,0.32518017,0.6748198,0,15,2) rare (6-20)
2041,0.088251404,0.9117486,1,4,1) very rare (1-5)
2042,0.032891124,0.96710885,0,118,4) very common (100+)
2043,0.9078251,0.09217489,0,11,2) rare (6-20)
2044,0.14347972,0.8565203,1,1,1) very rare (1-5)
2045,0.90833175,0.09166825,1,54,3) common (21-100)
2046,0.828179,0.171821,1,16,2) rare (6-20)
2047,0.80387187,0.19612813,0,275,4) very common (100+)
2048,0.27548042,0.7245196,1,6,2) rare (6-20)
2049,0.37843183,0.6215682,0,47,3) common (21-100)
2050,0.3247038,0.6752962,0,5,1) very rare (1-5)
2051,0.58383995,0.41616005,0,1070,4) very common (100+)
2052,0.2959744,0.7040256,1,3,1) very rare (1-5)
2053,0.09269997,0.90730006,1,70,3) common (21-100)
2054,0.6568713,0.34312868,0,19,2) rare (6-20)
2055,0.61044705,0.38955295,1,3,1) very rare (1-5)
2056,0.87045175,0.12954825,0,421,4) very common (100+)
2057,0.91303366,0.086966336,1,1,1) very rare (1-5)
2058,0.96393645,0.036063552,0,275,4) very common (100+)
2059,0.982156,0.017844021,0,421,4) very common (100+)
2060,0.6441351,0.35586488,0,36,3) common (21-100)
2061,0.8879299,0.11207008,0,142,4) very common (100+)
2062,0.14939816,0.85060185,1,0,1) very rare (1-5)
2063,0.54174685,0.45825315,0,9,2) rare (6-20)
2064,0.81270415,0.18729585,0,1000,4) very common (100+)
2065,0.858421,0.14157897,0,105,4) very common (100+)
2066,0.6779956,0.32200438,1,1290,4) very common (100+)
2067,0.044049617,0.9559504,1,3,1) very rare (1-5)
2068,0.41449398,0.585506,0,3,1) very rare (1-5)
2069,0.1239437,0.8760563,1,4,1) very rare (1-5)
2070,0.19293104,0.80706894,1,0,1) very rare (1-5)
2071,0.51562214,0.48437786,1,1290,4) very common (100+)
2072,0.34416965,0.6558304,1,0,1) very rare (1-5)
2073,0.46802795,0.53197205,0,102,4) very common (100+)
2074,0.7669562,0.23304379,1,4,1) very rare (1-5)
2075,0.27709854,0.72290146,1,13,2) rare (6-20)
2076,0.60236615,0.39763385,0,36,3) common (21-100)
2077,0.3127095,0.6872905,0,7,2) rare (6-20)
2078,0.24487936,0.75512064,0,24,3) common (21-100)
2079,0.9938896,0.0061104298,0,211,4) very common (100+)
2080,0.16201785,0.8379822,1,0,1) very rare (1-5)
2081,0.9784757,0.02152431,0,85,3) common (21-100)
2082,0.49330047,0.50669956,0,105,4) very common (100+)
2083,0.4765728,0.5234272,0,5,1) very rare (1-5)
2084,0.9905325,0.009467483,0,182,4) very common (100+)
2085,0.16949251,0.8305075,1,3,1) very rare (1-5)
2086,0.8748242,0.12517577,0,275,4) very common (100+)
2087,0.2355595,0.76444054,1,0,1) very rare (1-5)
2088,0.77351743,0.22648257,0,121,4) very common (100+)
2089,0.9060915,0.09390849,0,142,4) very common (100+)
2090,0.042003386,0.9579966,1,15,2) rare (6-20)
2091,0.3291806,0.6708194,1,9,2) rare (6-20)
2092,0.2791479,0.72085214,1,1,1) very rare (1-5)
2093,0.675943,0.32405698,0,7,2) rare (6-20)
2094,0.16560599,0.834394,1,22,3) common (21-100)
2095,0.046873964,0.953126,1,0,1) very rare (1-5)
2096,0.46291375,0.53708625,0,27,3) common (21-100)
2097,0.22919646,0.7708036,0,237,4) very common (100+)
2098,0.22611281,0.77388716,1,17,2) rare (6-20)
2099,0.6068062,0.39319378,1,0,1) very rare (1-5)
2100,0.69408566,0.30591434,1,1,1) very rare (1-5)
2101,0.8517825,0.1482175,0,700,4) very common (100+)
2102,0.5602966,0.4397034,0,0,1) very rare (1-5)
2103,0.49994576,0.50005424,1,79,3) common (21-100)
2104,0.8780984,0.12190157,1,0,1) very rare (1-5)
2105,0.24208835,0.7579117,0,1,1) very rare (1-5)
2106,0.49527866,0.50472134,1,7,2) rare (6-20)
2107,0.6456786,0.35432142,1,0,1) very rare (1-5)
2108,0.21999241,0.7800076,1,6,2) rare (6-20)
2109,0.19933613,0.8006639,1,0,1) very rare (1-5)
2110,0.82905775,0.17094225,0,1000,4) very common (100+)
2111,0.71894795,0.28105205,0,123,4) very common (100+)
2112,0.93847775,0.061522245,1,2,1) very rare (1-5)
2113,0.05092202,0.94907796,0,41,3) common (21-100)
2114,0.6441461,0.35585392,1,700,4) very common (100+)
2115,0.78769946,0.21230054,1,26,3) common (21-100)
2116,0.038703598,0.9612964,1,0,1) very rare (1-5)
2117,0.718419,0.28158098,0,24,3) common (21-100)
2118,0.8625353,0.1374647,0,39,3) common (21-100)
2119,0.8571727,0.14282727,0,1070,4) very common (100+)
2120,0.5849184,0.41508162,1,1070,4) very common (100+)
2121,0.98192585,0.018074155,1,76,3) common (21-100)
2122,0.5345231,0.46547687,1,372,4) very common (100+)
2123,0.9741149,0.025885105,0,37,3) common (21-100)
2124,0.9697515,0.030248523,0,700,4) very common (100+)
2125,0.08471008,0.91528994,0,47,3) common (21-100)
2126,0.8567136,0.1432864,0,99,3) common (21-100)
2127,0.13749406,0.8625059,1,42,3) common (21-100)
2128,0.38489166,0.6151084,0,28,3) common (21-100)
2129,0.030247973,0.969752,1,0,1) very rare (1-5)
2130,0.44273153,0.5572685,0,78,3) common (21-100)
2131,0.7744081,0.2255919,1,58,3) common (21-100)
2132,0.36225381,0.6377462,1,1,1) very rare (1-5)
2133,0.93447083,0.06552917,0,159,4) very common (100+)
2134,0.30627725,0.6937227,1,0,1) very rare (1-5)
2135,0.5623569,0.4376431,1,76,3) common (21-100)
2136,0.8013247,0.19867527,0,7,2) rare (6-20)
2137,0.8737538,0.12624621,1,16,2) rare (6-20)
2138,0.56887144,0.43112856,1,70,3) common (21-100)
2139,0.66500306,0.33499694,1,134,4) very common (100+)
2140,0.6336474,0.36635262,1,0,1) very rare (1-5)
2141,0.9285513,0.071448684,0,12,2) rare (6-20)
2142,0.8541565,0.1458435,0,42,3) common (21-100)
2143,0.31920615,0.6807939,1,3,1) very rare (1-5)
2144,0.86054444,0.13945556,0,99,3) common (21-100)
2145,0.48028073,0.51971924,1,6,2) rare (6-20)
2146,0.30650285,0.6934972,1,178,4) very common (100+)
2147,0.8001269,0.19987309,0,68,3) common (21-100)
2148,0.6282056,0.3717944,0,13,2) rare (6-20)
2149,0.18539555,0.81460446,1,5,1) very rare (1-5)
2150,0.56588674,0.43411326,0,0,1) very rare (1-5)
2151,0.39549166,0.60450834,0,26,3) common (21-100)
2152,0.17673014,0.82326984,1,3,1) very rare (1-5)
2153,0.08852415,0.91147584,1,1,1) very rare (1-5)
2154,0.14288375,0.8571162,0,2,1) very rare (1-5)
2155,0.2537648,0.7462352,1,6,2) rare (6-20)
2156,0.0726577,0.9273423,1,5,1) very rare (1-5)
2157,0.973243,0.026757002,0,29,3) common (21-100)
2158,0.46253854,0.53746146,1,43,3) common (21-100)
2159,0.8366566,0.16334343,1,1290,4) very common (100+)
2160,0.78288996,0.21711004,0,1290,4) very common (100+)
2161,0.7868905,0.2131095,1,0,1) very rare (1-5)
2162,0.89138687,0.10861313,0,105,4) very common (100+)
2163,0.4647406,0.53525937,0,142,4) very common (100+)
2164,0.029803261,0.9701967,1,39,3) common (21-100)
2165,0.3182837,0.6817163,1,1,1) very rare (1-5)
2166,0.18319543,0.8168046,0,17,2) rare (6-20)
2167,0.22111939,0.7788806,0,2,1) very rare (1-5)
2168,0.17664863,0.8233514,1,1,1) very rare (1-5)
2169,0.9427841,0.05721593,0,52,3) common (21-100)
2170,0.593868,0.40613198,0,20,2) rare (6-20)
2171,0.77727187,0.22272813,1,2,1) very rare (1-5)
2172,0.28655756,0.71344244,1,3,1) very rare (1-5)
2173,0.84012073,0.15987927,0,0,1) very rare (1-5)
2174,0.10238086,0.8976191,0,2,1) very rare (1-5)
2175,0.13500461,0.86499536,1,3,1) very rare (1-5)
2176,0.79261565,0.20738435,0,6,2) rare (6-20)
2177,0.6276362,0.3723638,0,275,4) very common (100+)
2178,0.17157319,0.82842684,1,0,1) very rare (1-5)
2179,0.74335563,0.25664437,0,56,3) common (21-100)
2180,0.43265355,0.56734645,0,178,4) very common (100+)
2181,0.2570764,0.7429236,0,36,3) common (21-100)
2182,0.13129146,0.86870855,0,0,1) very rare (1-5)
2183,0.54507524,0.45492476,0,142,4) very common (100+)
2184,0.88613164,0.113868356,1,30,3) common (21-100)
2185,0.44116384,0.55883616,1,9,2) rare (6-20)
2186,0.58998567,0.41001433,1,92,3) common (21-100)
2187,0.30146703,0.69853294,0,223,4) very common (100+)
2188,0.8165611,0.1834389,1,0,1) very rare (1-5)
2189,0.33942148,0.6605785,0,37,3) common (21-100)
2190,0.51988405,0.48011595,0,1290,4) very common (100+)
2191,0.2922954,0.7077046,1,45,3) common (21-100)
2192,0.16371228,0.83628774,0,8,2) rare (6-20)
2193,0.20477854,0.79522145,1,0,1) very rare (1-5)
2194,0.7010542,0.29894578,1,1290,4) very common (100+)
2195,0.23564368,0.7643563,0,0,1) very rare (1-5)
2196,0.12377288,0.87622714,1,0,1) very rare (1-5)
2197,0.80023706,0.19976294,0,372,4) very common (100+)
2198,0.083366826,0.9166332,1,15,2) rare (6-20)
2199,0.12223868,0.8777613,1,4,1) very rare (1-5)
2200,0.679052,0.320948,1,1000,4) very common (100+)
2201,0.861485,0.138515,0,1070,4) very common (100+)
2202,0.09238607,0.90761393,1,159,4) very common (100+)
2203,0.1032327,0.8967673,0,2,1) very rare (1-5)
2204,0.62560606,0.37439394,0,1070,4) very common (100+)
2205,0.53506255,0.46493745,1,1,1) very rare (1-5)
2206,0.42215252,0.5778475,0,88,3) common (21-100)
2207,0.22424944,0.7757506,1,5,1) very rare (1-5)
2208,0.9789752,0.021024823,0,99,3) common (21-100)
2209,0.81660813,0.18339187,0,89,3) common (21-100)
2210,0.2802731,0.7197269,1,1,1) very rare (1-5)
2211,0.22281152,0.7771885,0,15,2) rare (6-20)
2212,0.4860165,0.5139835,1,39,3) common (21-100)
2213,0.79210675,0.20789325,1,237,4) very common (100+)
2214,0.14509006,0.85490996,0,21,3) common (21-100)
2215,0.09092471,0.90907526,1,0,1) very rare (1-5)
2216,0.39638022,0.6036198,0,41,3) common (21-100)
2217,0.26538387,0.73461616,0,24,3) common (21-100)
2218,0.07533538,0.9246646,1,0,1) very rare (1-5)
2219,0.4396878,0.5603122,0,23,3) common (21-100)
2220,0.43237355,0.5676265,0,6,2) rare (6-20)
2221,0.4487158,0.5512842,0,14,2) rare (6-20)
2222,0.17704397,0.822956,0,6,2) rare (6-20)
2223,0.049551204,0.9504488,1,1,1) very rare (1-5)
2224,0.2643552,0.7356448,0,4,1) very rare (1-5)
2225,0.66872025,0.33127975,0,2,1) very rare (1-5)
2226,0.42483196,0.575168,1,268,4) very common (100+)
2227,0.6753143,0.3246857,0,9,2) rare (6-20)
2228,0.8682562,0.13174379,1,0,1) very rare (1-5)
2229,0.6185002,0.38149983,1,700,4) very common (100+)
2230,0.77174705,0.22825295,0,421,4) very common (100+)
2231,0.6041896,0.39581043,0,0,1) very rare (1-5)
2232,0.35667488,0.6433251,1,4,1) very rare (1-5)
2233,0.1497023,0.8502977,1,19,2) rare (6-20)
2234,0.25201756,0.74798244,0,159,4) very common (100+)
2235,0.09201994,0.9079801,1,0,1) very rare (1-5)
2236,0.5121773,0.4878227,0,13,2) rare (6-20)
2237,0.104918,0.895082,1,6,2) rare (6-20)
2238,0.9298154,0.07018459,0,421,4) very common (100+)
2239,0.4452338,0.5547662,0,8,2) rare (6-20)
2240,0.7858409,0.21415907,1,20,2) rare (6-20)
2241,0.56207055,0.43792945,0,121,4) very common (100+)
2242,0.6400313,0.35996872,1,1,1) very rare (1-5)
2243,0.36300352,0.6369965,1,2,1) very rare (1-5)
2244,0.8856584,0.11434162,0,24,3) common (21-100)
2245,0.3589094,0.64109063,1,44,3) common (21-100)
2246,0.26781526,0.73218477,1,0,1) very rare (1-5)
2247,0.91529876,0.08470124,1,421,4) very common (100+)
2248,0.6900396,0.30996042,0,1000,4) very common (100+)
2249,0.91683704,0.08316296,0,700,4) very common (100+)
2250,0.30074885,0.6992512,0,2,1) very rare (1-5)
2251,0.33364424,0.6663557,1,9,2) rare (6-20)
2252,0.16087697,0.839123,1,94,3) common (21-100)
2253,0.67601967,0.32398033,0,145,4) very common (100+)
2254,0.47200805,0.52799195,1,1290,4) very common (100+)
2255,0.42745605,0.572544,1,1,1) very rare (1-5)
2256,0.109285556,0.89071447,1,1,1) very rare (1-5)
2257,0.8140453,0.18595469,1,27,3) common (21-100)
2258,0.6262684,0.3737316,1,106,4) very common (100+)
2259,0.29330334,0.7066966,0,5,1) very rare (1-5)
2260,0.13475397,0.86524606,1,118,4) very common (100+)
2261,0.5128941,0.4871059,1,3,1) very rare (1-5)
2262,0.09959498,0.90040505,1,0,1) very rare (1-5)
2263,0.15892322,0.8410768,1,29,3) common (21-100)
2264,0.09182736,0.9081726,1,2,1) very rare (1-5)
2265,0.26039484,0.7396052,1,134,4) very common (100+)
2266,0.86989826,0.13010174,0,71,3) common (21-100)
2267,0.20615065,0.79384935,1,0,1) very rare (1-5)
2268,0.13719204,0.862808,1,118,4) very common (100+)
2269,0.5305761,0.4694239,0,2,1) very rare (1-5)
2270,0.75978917,0.24021083,0,2,1) very rare (1-5)
2271,0.10814726,0.89185274,0,0,1) very rare (1-5)
2272,0.09884718,0.90115285,0,100,3) common (21-100)
2273,0.9370394,0.062960625,0,19,2) rare (6-20)
2274,0.91063386,0.08936614,1,78,3) common (21-100)
2275,0.9355269,0.06447309,0,1000,4) very common (100+)
2276,0.16541761,0.8345824,0,343,4) very common (100+)
2277,0.37719622,0.6228038,1,51,3) common (21-100)
2278,0.7992222,0.20077783,0,1070,4) very common (100+)
2279,0.48994792,0.5100521,0,7,2) rare (6-20)
2280,0.16981794,0.8301821,0,2,1) very rare (1-5)
2281,0.22707383,0.77292615,1,1,1) very rare (1-5)
2282,0.36496067,0.6350393,1,65,3) common (21-100)
2283,0.32392064,0.6760794,1,0,1) very rare (1-5)
2284,0.8933553,0.10664469,0,33,3) common (21-100)
2285,0.6846823,0.3153177,0,1000,4) very common (100+)
2286,0.3299454,0.6700546,0,0,1) very rare (1-5)
2287,0.45858723,0.5414128,1,107,4) very common (100+)
2288,0.5439825,0.4560175,1,106,4) very common (100+)
2289,0.6095725,0.39042747,1,1070,4) very common (100+)
2290,0.75271195,0.24728805,1,0,1) very rare (1-5)
2291,0.6917763,0.30822372,0,237,4) very common (100+)
2292,0.582911,0.417089,0,40,3) common (21-100)
2293,0.06271655,0.93728346,1,0,1) very rare (1-5)
2294,0.06758943,0.9324106,1,0,1) very rare (1-5)
2295,0.95899737,0.04100263,1,6,2) rare (6-20)
2296,0.2509673,0.74903274,0,0,1) very rare (1-5)
2297,0.16974023,0.8302598,1,0,1) very rare (1-5)
2298,0.31763315,0.68236685,1,121,4) very common (100+)
2299,0.257769,0.742231,1,372,4) very common (100+)
2300,0.11888293,0.88111705,1,7,2) rare (6-20)
2301,0.21061999,0.78938,1,26,3) common (21-100)
2302,0.26445344,0.7355466,1,0,1) very rare (1-5)
2303,0.72257376,0.27742624,1,89,3) common (21-100)
2304,0.9916911,0.0083088875,0,211,4) very common (100+)
2305,0.83727616,0.16272384,0,1000,4) very common (100+)
2306,0.36195287,0.6380471,0,100,3) common (21-100)
2307,0.12820119,0.8717988,0,0,1) very rare (1-5)
2308,0.2834457,0.7165543,1,0,1) very rare (1-5)
2309,0.62432754,0.37567246,0,105,4) very common (100+)
2310,0.5383513,0.4616487,1,1290,4) very common (100+)
2311,0.50716525,0.49283475,0,39,3) common (21-100)
2312,0.03636277,0.96363723,1,0,1) very rare (1-5)
2313,0.3850193,0.6149807,1,1070,4) very common (100+)
2314,0.08127937,0.9187206,1,1,1) very rare (1-5)
2315,0.4276899,0.5723101,1,0,1) very rare (1-5)
2316,0.827712,0.172288,1,70,3) common (21-100)
2317,0.80211097,0.19788903,0,268,4) very common (100+)
2318,0.9517915,0.048208475,0,261,4) very common (100+)
2319,0.2433542,0.7566458,0,62,3) common (21-100)
2320,0.42407367,0.5759263,0,1070,4) very common (100+)
2321,0.24309865,0.7569014,0,2,1) very rare (1-5)
2322,0.41738653,0.58261347,0,7,2) rare (6-20)
2323,0.10073753,0.8992625,1,0,1) very rare (1-5)
2324,0.5216193,0.47838068,0,3,1) very rare (1-5)
2325,0.9808662,0.019133806,0,37,3) common (21-100)
2326,0.45300108,0.5469989,1,0,1) very rare (1-5)
2327,0.9509444,0.049055576,0,12,2) rare (6-20)
2328,0.16383716,0.8361628,1,1,1) very rare (1-5)
2329,0.28078884,0.71921116,1,58,3) common (21-100)
2330,0.7804175,0.2195825,1,89,3) common (21-100)
2331,0.8478974,0.15210259,1,275,4) very common (100+)
2332,0.35317457,0.64682543,1,14,2) rare (6-20)
2333,0.21982495,0.78017503,1,0,1) very rare (1-5)
2334,0.19939962,0.8006004,1,45,3) common (21-100)
2335,0.457909,0.542091,1,1290,4) very common (100+)
2336,0.90163964,0.09836036,0,13,2) rare (6-20)
2337,0.058605667,0.9413943,1,2,1) very rare (1-5)
2338,0.1390948,0.8609052,0,14,2) rare (6-20)
2339,0.71452284,0.28547716,0,1070,4) very common (100+)
2340,0.63033265,0.36966735,0,1000,4) very common (100+)
2341,0.09639237,0.9036076,1,16,2) rare (6-20)
2342,0.18938531,0.8106147,1,111,4) very common (100+)
2343,0.5766916,0.42330837,0,25,3) common (21-100)
2344,0.41280842,0.5871916,0,23,3) common (21-100)
2345,0.5331425,0.4668575,1,1070,4) very common (100+)
2346,0.07349732,0.9265027,1,1,1) very rare (1-5)
2347,0.5430962,0.45690382,1,19,2) rare (6-20)
2348,0.2050716,0.79492843,1,7,2) rare (6-20)
2349,0.67753273,0.32246727,0,159,4) very common (100+)
2350,0.4205806,0.5794194,1,0,1) very rare (1-5)
2351,0.14668901,0.853311,1,69,3) common (21-100)
2352,0.1666847,0.8333153,0,43,3) common (21-100)
2353,0.7772362,0.22276378,1,146,4) very common (100+)
2354,0.18773142,0.8122686,1,4,1) very rare (1-5)
2355,0.5182793,0.4817207,1,0,1) very rare (1-5)
2356,0.6284772,0.37152278,1,9,2) rare (6-20)
2357,0.30327687,0.6967231,0,6,2) rare (6-20)
2358,0.2095499,0.7904501,1,2,1) very rare (1-5)
2359,0.61013025,0.38986975,0,92,3) common (21-100)
2360,0.838037,0.16196299,0,274,4) very common (100+)
2361,0.37864223,0.6213578,0,9,2) rare (6-20)
2362,0.26620123,0.73379874,1,31,3) common (21-100)
2363,0.48404315,0.5159569,0,23,3) common (21-100)
2364,0.45112315,0.5488769,1,38,3) common (21-100)
2365,0.337845,0.66215503,1,1070,4) very common (100+)
2366,0.7253689,0.27463108,1,0,1) very rare (1-5)
2367,0.96238834,0.037611663,0,99,3) common (21-100)
2368,0.120109394,0.8798906,1,5,1) very rare (1-5)
2369,0.10757877,0.89242125,1,8,2) rare (6-20)
2370,0.5644465,0.4355535,1,0,1) very rare (1-5)
2371,0.1974429,0.8025571,1,2,1) very rare (1-5)
2372,0.16238683,0.83761317,1,5,1) very rare (1-5)
2373,0.38222238,0.6177776,1,268,4) very common (100+)
2374,0.11195095,0.88804907,1,0,1) very rare (1-5)
2375,0.2923563,0.7076437,1,1,1) very rare (1-5)
2376,0.23277499,0.767225,0,3,1) very rare (1-5)
2377,0.6062268,0.3937732,1,3,1) very rare (1-5)
2378,0.94254184,0.057458162,1,2,1) very rare (1-5)
2379,0.02549404,0.97450596,1,14,2) rare (6-20)
2380,0.9374012,0.062598825,0,700,4) very common (100+)
2381,0.29664236,0.70335764,1,66,3) common (21-100)
2382,0.4681966,0.53180337,1,0,1) very rare (1-5)
2383,0.5391955,0.46080452,0,10,2) rare (6-20)
2384,0.7577356,0.24226439,0,39,3) common (21-100)
2385,0.65355885,0.34644115,0,71,3) common (21-100)
2386,0.12454596,0.87545407,1,4,1) very rare (1-5)
2387,0.12505703,0.87494296,1,79,3) common (21-100)
2388,0.5416963,0.4583037,1,0,1) very rare (1-5)
2389,0.99916136,0.00083863735,0,89,3) common (21-100)
2390,0.019665223,0.98033476,1,2,1) very rare (1-5)
2391,0.673933,0.32606697,1,268,4) very common (100+)
2392,0.25368795,0.746312,1,85,3) common (21-100)
2393,0.498463,0.50153697,0,36,3) common (21-100)
2394,0.3379951,0.6620049,0,142,4) very common (100+)
2395,0.9032058,0.09679419,0,4,1) very rare (1-5)
2396,0.13579194,0.86420804,1,35,3) common (21-100)
2397,0.22547154,0.77452844,1,7,2) rare (6-20)
2398,0.70008326,0.29991674,0,223,4) very common (100+)
2399,0.6439104,0.3560896,0,12,2) rare (6-20)
2400,0.91274416,0.087255836,0,1290,4) very common (100+)
2401,0.9357258,0.06427419,0,21,3) common (21-100)
2402,0.63586473,0.36413527,0,159,4) very common (100+)
2403,0.92790824,0.07209176,0,15,2) rare (6-20)
2404,0.99272186,0.0072781444,0,421,4) very common (100+)
2405,0.27261776,0.72738224,1,102,4) very common (100+)
2406,0.37855205,0.6214479,1,86,3) common (21-100)
2407,0.6687918,0.33120823,1,1,1) very rare (1-5)
2408,0.41103256,0.58896744,1,19,2) rare (6-20)
2409,0.14918184,0.85081816,1,0,1) very rare (1-5)
2410,0.482863,0.517137,1,0,1) very rare (1-5)
2411,0.46775162,0.5322484,1,19,2) rare (6-20)
2412,0.35881132,0.6411887,0,14,2) rare (6-20)
2413,0.037179634,0.96282035,1,134,4) very common (100+)
2414,0.2964938,0.70350623,1,0,1) very rare (1-5)
2415,0.4522937,0.5477063,1,1290,4) very common (100+)
2416,0.8621164,0.1378836,1,160,4) very common (100+)
2417,0.035346873,0.96465313,0,0,1) very rare (1-5)
2418,0.9000608,0.09993923,0,1070,4) very common (100+)
2419,0.27156585,0.72843415,1,0,1) very rare (1-5)
2420,0.89440715,0.10559285,0,23,3) common (21-100)
2421,0.27659094,0.72340906,0,4,1) very rare (1-5)
2422,0.2500182,0.74998176,1,30,3) common (21-100)
2423,0.20596945,0.79403055,0,4,1) very rare (1-5)
2424,0.42051157,0.5794884,1,0,1) very rare (1-5)
2425,0.57382727,0.42617273,1,1290,4) very common (100+)
2426,0.33298132,0.66701865,1,5,1) very rare (1-5)
2427,0.9918051,0.008194923,0,1000,4) very common (100+)
2428,0.36027822,0.63972175,0,142,4) very common (100+)
2429,0.5702762,0.4297238,0,12,2) rare (6-20)
2430,0.996252,0.0037479997,0,182,4) very common (100+)
2431,0.2776757,0.7223243,0,4,1) very rare (1-5)
2432,0.50151175,0.49848825,0,86,3) common (21-100)
2433,0.1495459,0.8504541,1,63,3) common (21-100)
2434,0.9230252,0.07697481,0,21,3) common (21-100)
2435,0.031275842,0.96872413,1,0,1) very rare (1-5)
2436,0.91495013,0.08504987,1,1290,4) very common (100+)
2437,0.45683143,0.54316854,1,0,1) very rare (1-5)
2438,0.18912037,0.81087965,1,0,1) very rare (1-5)
2439,0.49362087,0.5063791,1,118,4) very common (100+)
2440,0.367149,0.632851,1,86,3) common (21-100)
2441,0.94947016,0.050529838,0,421,4) very common (100+)
2442,0.38321495,0.61678505,0,1,1) very rare (1-5)
2443,0.8092691,0.19073093,0,700,4) very common (100+)
2444,0.3783476,0.62165236,0,2,1) very rare (1-5)
2445,0.97545785,0.024542153,0,1000,4) very common (100+)
2446,0.20344625,0.79655373,1,0,1) very rare (1-5)
2447,0.46564785,0.5343522,0,24,3) common (21-100)
2448,0.92418385,0.075816154,0,0,1) very rare (1-5)
2449,0.82166475,0.17833525,0,166,4) very common (100+)
2450,0.3923629,0.6076371,1,66,3) common (21-100)
2451,0.3301981,0.6698019,0,2,1) very rare (1-5)
2452,0.27522686,0.72477317,0,2,1) very rare (1-5)
2453,0.44431227,0.5556877,0,2,1) very rare (1-5)
2454,0.1829584,0.81704164,1,31,3) common (21-100)
2455,0.077074826,0.9229252,1,2,1) very rare (1-5)
2456,0.22383118,0.7761688,1,1,1) very rare (1-5)
2457,0.3528944,0.6471056,1,41,3) common (21-100)
2458,0.34127128,0.6587287,1,3,1) very rare (1-5)
2459,0.07486311,0.92513686,1,4,1) very rare (1-5)
2460,0.08289252,0.91710746,1,0,1) very rare (1-5)
2461,0.50863373,0.49136627,1,142,4) very common (100+)
2462,0.046127312,0.9538727,0,39,3) common (21-100)
2463,0.12299349,0.87700653,0,0,1) very rare (1-5)
2464,0.9530512,0.04694879,0,99,3) common (21-100)
2465,0.41562083,0.5843792,0,7,2) rare (6-20)
2466,0.22400841,0.77599156,0,0,1) very rare (1-5)
2467,0.14220154,0.85779846,1,0,1) very rare (1-5)
2468,0.64365333,0.35634667,0,23,3) common (21-100)
2469,0.6001544,0.3998456,1,166,4) very common (100+)
2470,0.94586897,0.05413103,0,1000,4) very common (100+)
2471,0.19152564,0.80847436,1,0,1) very rare (1-5)
2472,0.94807947,0.051920533,0,20,2) rare (6-20)
2473,0.5642112,0.4357888,1,11,2) rare (6-20)
2474,0.87440217,0.12559783,0,1000,4) very common (100+)
2475,0.8864134,0.113586605,1,14,2) rare (6-20)
2476,0.046913017,0.953087,1,1,1) very rare (1-5)
2477,0.77021694,0.22978306,1,106,4) very common (100+)
2478,0.20825166,0.79174834,1,4,1) very rare (1-5)
2479,0.9422837,0.05771631,0,74,3) common (21-100)
2480,0.07677883,0.9232212,1,0,1) very rare (1-5)
2481,0.7800511,0.21994889,1,24,3) common (21-100)
2482,0.690203,0.309797,0,1290,4) very common (100+)
2483,0.52014947,0.47985053,0,6,2) rare (6-20)
2484,0.21383739,0.7861626,0,2,1) very rare (1-5)
2485,0.9233038,0.07669622,0,1000,4) very common (100+)
2486,0.14186749,0.8581325,1,79,3) common (21-100)
2487,0.7826766,0.21732342,1,41,3) common (21-100)
2488,0.57378614,0.42621386,0,1,1) very rare (1-5)
2489,0.21386892,0.7861311,1,0,1) very rare (1-5)
2490,0.7660495,0.2339505,0,55,3) common (21-100)
2491,0.90803,0.09197003,0,85,3) common (21-100)
2492,0.7420266,0.25797337,0,211,4) very common (100+)
2493,0.30557552,0.6944245,1,70,3) common (21-100)
2494,0.11143622,0.88856375,1,0,1) very rare (1-5)
2495,0.80376506,0.19623494,0,1290,4) very common (100+)
2496,0.92886484,0.07113516,0,16,2) rare (6-20)
2497,0.44734815,0.5526519,0,13,2) rare (6-20)
2498,0.86605877,0.13394123,0,2,1) very rare (1-5)
2499,0.6646121,0.3353879,1,39,3) common (21-100)
2500,0.06730572,0.93269426,1,0,1) very rare (1-5)
2501,0.36760613,0.63239384,0,108,4) very common (100+)
2502,0.28551945,0.7144805,1,275,4) very common (100+)
2503,0.35690823,0.6430918,0,3,1) very rare (1-5)
2504,0.5630359,0.4369641,0,5,1) very rare (1-5)
2505,0.4841718,0.5158282,0,15,2) rare (6-20)
2506,0.098154254,0.90184575,1,0,1) very rare (1-5)
2507,0.22739296,0.772607,1,19,2) rare (6-20)
2508,0.88082635,0.119173646,0,7,2) rare (6-20)
2509,0.08583554,0.9141645,1,1,1) very rare (1-5)
2510,0.8490377,0.1509623,1,108,4) very common (100+)
2511,0.6446088,0.3553912,0,107,4) very common (100+)
2512,0.71307117,0.28692883,0,178,4) very common (100+)
2513,0.30300388,0.6969961,0,14,2) rare (6-20)
2514,0.45995098,0.540049,1,1,1) very rare (1-5)
2515,0.068849854,0.93115014,1,47,3) common (21-100)
2516,0.8234995,0.1765005,0,142,4) very common (100+)
2517,0.97228616,0.027713835,0,261,4) very common (100+)
2518,0.9362878,0.06371218,0,11,2) rare (6-20)
2519,0.2676141,0.7323859,0,39,3) common (21-100)
2520,0.6514449,0.3485551,0,16,2) rare (6-20)
2521,0.6980633,0.3019367,0,62,3) common (21-100)
2522,0.037177507,0.9628225,1,2,1) very rare (1-5)
2523,0.87059087,0.12940913,0,21,3) common (21-100)
2524,0.14529115,0.85470885,0,4,1) very rare (1-5)
2525,0.13894634,0.86105365,1,3,1) very rare (1-5)
2526,0.89712447,0.10287553,0,268,4) very common (100+)
2527,0.31691653,0.6830835,0,700,4) very common (100+)
2528,0.44020933,0.5597907,0,343,4) very common (100+)
2529,0.8542273,0.1457727,0,50,3) common (21-100)
2530,0.6437064,0.35629362,1,15,2) rare (6-20)
2531,0.99974114,0.00025886297,0,211,4) very common (100+)
2532,0.55592734,0.44407266,0,1070,4) very common (100+)
2533,0.7701302,0.22986978,1,92,3) common (21-100)
2534,0.8264249,0.1735751,0,69,3) common (21-100)
2535,0.6566829,0.3433171,1,372,4) very common (100+)
2536,0.47060746,0.52939254,1,72,3) common (21-100)
2537,0.6788101,0.32118988,0,22,3) common (21-100)
2538,0.25643587,0.7435641,0,11,2) rare (6-20)
2539,0.732787,0.267213,1,14,2) rare (6-20)
2540,0.6375337,0.36246628,1,7,2) rare (6-20)
2541,0.68595374,0.31404626,0,274,4) very common (100+)
2542,0.0541005,0.9458995,1,0,1) very rare (1-5)
2543,0.6313837,0.36861628,1,0,1) very rare (1-5)
2544,0.3605205,0.6394795,0,89,3) common (21-100)
2545,0.47233728,0.52766275,1,1070,4) very common (100+)
2546,0.87400997,0.12599003,0,6,2) rare (6-20)
2547,0.39550146,0.6044985,1,23,3) common (21-100)
2548,0.9920833,0.007916689,0,1000,4) very common (100+)
2549,0.25919375,0.7408062,1,22,3) common (21-100)
2550,0.35316533,0.6468347,1,84,3) common (21-100)
2551,0.3142089,0.68579113,1,0,1) very rare (1-5)
2552,0.14911221,0.8508878,1,1,1) very rare (1-5)
2553,0.5653484,0.4346516,1,21,3) common (21-100)
2554,0.6755318,0.3244682,0,343,4) very common (100+)
2555,0.47756022,0.5224398,1,102,4) very common (100+)
2556,0.15804616,0.8419539,1,14,2) rare (6-20)
2557,0.72962505,0.27037495,1,53,3) common (21-100)
2558,0.9014262,0.098573804,0,21,3) common (21-100)
2559,0.51584285,0.48415715,1,7,2) rare (6-20)
2560,0.26727015,0.73272985,1,1,1) very rare (1-5)
2561,0.45397463,0.5460254,0,2,1) very rare (1-5)
2562,0.24363211,0.7563679,1,22,3) common (21-100)
2563,0.06172697,0.938273,1,2,1) very rare (1-5)
2564,0.69482857,0.30517143,0,33,3) common (21-100)
2565,0.08349234,0.91650766,1,0,1) very rare (1-5)
2566,0.04859892,0.95140105,1,0,1) very rare (1-5)
2567,0.31488985,0.68511015,0,36,3) common (21-100)
2568,0.31009442,0.6899056,1,20,2) rare (6-20)
2569,0.4293192,0.5706808,1,1,1) very rare (1-5)
2570,0.1910147,0.8089853,1,0,1) very rare (1-5)
2571,0.31503338,0.6849666,0,1,1) very rare (1-5)
2572,0.9857442,0.014255822,0,24,3) common (21-100)
2573,0.67138827,0.32861173,1,100,3) common (21-100)
2574,0.39668557,0.6033144,1,18,2) rare (6-20)
2575,0.1565108,0.84348917,1,0,1) very rare (1-5)
2576,0.77974576,0.22025424,1,36,3) common (21-100)
2577,0.046340853,0.9536592,1,6,2) rare (6-20)
2578,0.74989784,0.25010216,1,4,1) very rare (1-5)
2579,0.12241108,0.8775889,1,88,3) common (21-100)
2580,0.8457879,0.15421212,0,261,4) very common (100+)
2581,0.340242,0.659758,1,3,1) very rare (1-5)
2582,0.9326461,0.067353904,0,27,3) common (21-100)
2583,0.25877255,0.74122745,1,0,1) very rare (1-5)
2584,0.14098229,0.8590177,1,0,1) very rare (1-5)
2585,0.98579204,0.014207959,0,182,4) very common (100+)
2586,0.65531164,0.34468836,1,123,4) very common (100+)
2587,0.82412964,0.17587036,0,11,2) rare (6-20)
2588,0.49460304,0.50539696,1,105,4) very common (100+)
2589,0.29578948,0.7042105,1,18,2) rare (6-20)
2590,0.06350774,0.93649226,1,0,1) very rare (1-5)
2591,0.016390538,0.98360944,1,0,1) very rare (1-5)
2592,0.16166683,0.8383332,1,3,1) very rare (1-5)
2593,0.22427548,0.77572453,0,3,1) very rare (1-5)
2594,0.2092332,0.79076684,1,2,1) very rare (1-5)
2595,0.83000916,0.16999084,0,421,4) very common (100+)
2596,0.97480154,0.02519846,0,700,4) very common (100+)
2597,0.8015969,0.19840312,0,2,1) very rare (1-5)
2598,0.4801918,0.5198082,0,0,1) very rare (1-5)
2599,0.33774334,0.66225666,1,2,1) very rare (1-5)
2600,0.14388224,0.8561177,0,21,3) common (21-100)
2601,0.5115185,0.48848152,0,0,1) very rare (1-5)
2602,0.6834915,0.31650847,1,11,2) rare (6-20)
2603,0.015783958,0.98421603,1,1,1) very rare (1-5)
2604,0.35953298,0.64046705,1,2,1) very rare (1-5)
2605,0.63813287,0.36186713,1,1070,4) very common (100+)
2606,0.06499976,0.93500024,1,0,1) very rare (1-5)
2607,0.64198756,0.35801244,0,261,4) very common (100+)
2608,0.22142114,0.7785789,1,62,3) common (21-100)
2609,0.75467986,0.24532014,0,14,2) rare (6-20)
2610,0.85450554,0.14549446,0,1,1) very rare (1-5)
2611,0.10883774,0.8911623,0,12,2) rare (6-20)
2612,0.50833756,0.49166244,0,75,3) common (21-100)
2613,0.55019844,0.44980156,0,14,2) rare (6-20)
2614,0.12389093,0.87610906,1,51,3) common (21-100)
2615,0.33295807,0.6670419,0,26,3) common (21-100)
2616,0.8468185,0.1531815,0,1000,4) very common (100+)
2617,0.37535968,0.62464035,0,1290,4) very common (100+)
2618,0.9112234,0.08877659,0,372,4) very common (100+)
2619,0.58579683,0.41420317,0,33,3) common (21-100)
2620,0.37999022,0.6200098,0,34,3) common (21-100)
2621,0.26794192,0.73205805,1,6,2) rare (6-20)
2622,0.3257981,0.6742019,0,27,3) common (21-100)
2623,0.09153269,0.9084673,1,1,1) very rare (1-5)
2624,0.779501,0.22049898,0,700,4) very common (100+)
2625,0.9526085,0.047391474,0,12,2) rare (6-20)
2626,0.9439125,0.056087494,0,1000,4) very common (100+)
2627,0.59217626,0.40782374,0,5,1) very rare (1-5)
2628,0.98996466,0.010035336,0,421,4) very common (100+)
2629,0.81913894,0.18086106,0,700,4) very common (100+)
2630,0.6150629,0.3849371,1,0,1) very rare (1-5)
2631,0.90503234,0.09496766,0,1290,4) very common (100+)
2632,0.088797994,0.911202,1,1,1) very rare (1-5)
2633,0.9035079,0.09649211,1,12,2) rare (6-20)
2634,0.992031,0.007969022,0,16,2) rare (6-20)
2635,0.23977889,0.7602211,1,0,1) very rare (1-5)
2636,0.99821305,0.0017869473,0,211,4) very common (100+)
2637,0.27197817,0.72802186,1,0,1) very rare (1-5)
2638,0.38761082,0.6123892,0,4,1) very rare (1-5)
2639,0.8382355,0.1617645,0,12,2) rare (6-20)
2640,0.85023713,0.14976287,0,10,2) rare (6-20)
2641,0.5574465,0.44255352,0,0,1) very rare (1-5)
2642,0.48914695,0.51085305,0,24,3) common (21-100)
2643,0.6572939,0.34270608,0,1,1) very rare (1-5)
2644,0.43466374,0.5653362,1,13,2) rare (6-20)
2645,0.18633758,0.8136624,0,1,1) very rare (1-5)
2646,0.9991123,0.000887692,0,89,3) common (21-100)
2647,0.043542445,0.95645756,1,0,1) very rare (1-5)
2648,0.8066232,0.19337678,0,3,1) very rare (1-5)
2649,0.979214,0.020785987,0,53,3) common (21-100)
2650,0.9363942,0.063605785,0,1290,4) very common (100+)
2651,0.94455254,0.05544746,1,8,2) rare (6-20)
2652,0.9972254,0.0027745962,0,211,4) very common (100+)
2653,0.7602537,0.23974627,1,146,4) very common (100+)
2654,0.41652817,0.58347183,1,421,4) very common (100+)
2655,0.11760014,0.88239986,1,14,2) rare (6-20)
2656,0.5949821,0.4050179,1,118,4) very common (100+)
2657,0.40889868,0.5911013,1,23,3) common (21-100)
2658,0.67239493,0.32760507,0,3,1) very rare (1-5)
2659,0.82237303,0.17762697,0,23,3) common (21-100)
2660,0.6560041,0.34399593,1,6,2) rare (6-20)
2661,0.0950726,0.9049274,0,5,1) very rare (1-5)
2662,0.96817553,0.03182447,1,0,1) very rare (1-5)
2663,0.18187599,0.818124,0,134,4) very common (100+)
2664,0.40016013,0.59983987,0,26,3) common (21-100)
2665,0.87236965,0.12763035,1,6,2) rare (6-20)
2666,0.63872576,0.36127424,0,70,3) common (21-100)
2667,0.47198117,0.52801883,1,0,1) very rare (1-5)
2668,0.45140398,0.548596,1,8,2) rare (6-20)
2669,0.53451794,0.46548206,0,1290,4) very common (100+)
2670,0.074637234,0.92536277,1,26,3) common (21-100)
2671,0.8435735,0.15642649,1,100,3) common (21-100)
2672,0.024974717,0.9750253,1,1,1) very rare (1-5)
2673,0.60315216,0.39684784,0,17,2) rare (6-20)
2674,0.8474913,0.15250868,0,32,3) common (21-100)
2675,0.08829656,0.91170347,1,33,3) common (21-100)
2676,0.5616911,0.4383089,1,30,3) common (21-100)
2677,0.16313647,0.8368635,1,0,1) very rare (1-5)
2678,0.43319872,0.5668013,0,1,1) very rare (1-5)
2679,0.110524096,0.8894759,1,0,1) very rare (1-5)
2680,0.042136777,0.9578632,0,21,3) common (21-100)
2681,0.21575265,0.78424734,1,3,1) very rare (1-5)
2682,0.53024524,0.46975476,0,0,1) very rare (1-5)
2683,0.5811782,0.4188218,0,7,2) rare (6-20)
2684,0.6488348,0.35116518,0,1070,4) very common (100+)
2685,0.80466574,0.19533426,0,3,1) very rare (1-5)
2686,0.95382094,0.046179056,0,39,3) common (21-100)
2687,0.3348059,0.6651941,0,6,2) rare (6-20)
2688,0.29530245,0.70469755,1,107,4) very common (100+)
2689,0.13162184,0.86837816,1,5,1) very rare (1-5)
2690,0.8784792,0.12152082,0,1290,4) very common (100+)
2691,0.52837086,0.47162914,1,78,3) common (21-100)
2692,0.66887057,0.33112943,1,1,1) very rare (1-5)
2693,0.56227344,0.43772656,1,274,4) very common (100+)
2694,0.8974316,0.10256839,1,3,1) very rare (1-5)
2695,0.3366865,0.6633135,1,7,2) rare (6-20)
2696,0.560291,0.439709,0,105,4) very common (100+)
2697,0.21735528,0.78264475,1,0,1) very rare (1-5)
2698,0.58829653,0.41170347,1,1,1) very rare (1-5)
2699,0.10742975,0.89257026,1,92,3) common (21-100)
2700,0.89179516,0.10820484,0,700,4) very common (100+)
2701,0.6719818,0.3280182,1,10,2) rare (6-20)
2702,0.36084017,0.6391598,1,0,1) very rare (1-5)
2703,0.8300724,0.1699276,1,124,4) very common (100+)
2704,0.98780185,0.01219815,0,700,4) very common (100+)
2705,0.7679412,0.23205882,0,69,3) common (21-100)
2706,0.16098009,0.8390199,1,9,2) rare (6-20)
2707,0.69059277,0.30940723,0,89,3) common (21-100)
2708,0.5598565,0.44014353,0,178,4) very common (100+)
2709,0.67048925,0.32951075,1,100,3) common (21-100)
2710,0.8719362,0.1280638,0,1290,4) very common (100+)
2711,0.9896842,0.010315776,0,1000,4) very common (100+)
2712,0.81497943,0.18502057,0,19,2) rare (6-20)
2713,0.22236483,0.77763516,1,275,4) very common (100+)
2714,0.14886898,0.851131,1,0,1) very rare (1-5)
2715,0.8510742,0.14892578,0,105,4) very common (100+)
2716,0.67681617,0.32318383,1,0,1) very rare (1-5)
2717,0.18123168,0.8187683,1,15,2) rare (6-20)
2718,0.8313181,0.16868192,0,85,3) common (21-100)
2719,0.78390896,0.21609104,0,111,4) very common (100+)
2720,0.17987634,0.8201237,1,107,4) very common (100+)
2721,0.40665507,0.5933449,1,0,1) very rare (1-5)
2722,0.9344553,0.065544724,0,99,3) common (21-100)
2723,0.5121617,0.48783833,1,0,1) very rare (1-5)
2724,0.50116235,0.49883765,0,1290,4) very common (100+)
2725,0.7510074,0.24899262,0,1000,4) very common (100+)
2726,0.93885696,0.06114304,0,700,4) very common (100+)
2727,0.18688661,0.8131134,1,0,1) very rare (1-5)
2728,0.5777433,0.4222567,0,7,2) rare (6-20)
2729,0.6477343,0.35226572,0,50,3) common (21-100)
2730,0.2076872,0.7923128,1,1,1) very rare (1-5)
2731,0.17913629,0.8208637,0,91,3) common (21-100)
2732,0.8579218,0.14207822,0,49,3) common (21-100)
2733,0.85188276,0.14811724,1,26,3) common (21-100)
2734,0.9644558,0.035544217,1,14,2) rare (6-20)
2735,0.3429943,0.65700567,0,1,1) very rare (1-5)
2736,0.05131742,0.9486826,0,0,1) very rare (1-5)
2737,0.30844706,0.69155294,0,20,2) rare (6-20)
2738,0.21658362,0.7834164,0,1,1) very rare (1-5)
2739,0.5124132,0.4875868,0,7,2) rare (6-20)
2740,0.031489167,0.9685108,1,13,2) rare (6-20)
2741,0.13442813,0.86557186,1,4,1) very rare (1-5)
2742,0.665461,0.334539,1,107,4) very common (100+)
2743,0.123834655,0.87616533,1,14,2) rare (6-20)
2744,0.07275353,0.92724645,1,4,1) very rare (1-5)
2745,0.72156876,0.27843124,1,15,2) rare (6-20)
2746,0.45178416,0.54821587,1,16,2) rare (6-20)
2747,0.81290585,0.18709415,0,11,2) rare (6-20)
2748,0.3758971,0.6241029,1,17,2) rare (6-20)
2749,0.9705887,0.029411316,1,0,1) very rare (1-5)
2750,0.9465956,0.05340439,0,421,4) very common (100+)
2751,0.02351094,0.97648907,1,1,1) very rare (1-5)
2752,0.97798973,0.022010267,0,1000,4) very common (100+)
2753,0.20286515,0.7971349,0,1070,4) very common (100+)
2754,0.84453607,0.15546393,1,1,1) very rare (1-5)
2755,0.22737914,0.77262086,1,3,1) very rare (1-5)
2756,0.02032473,0.9796753,1,35,3) common (21-100)
2757,0.9797212,0.020278811,0,90,3) common (21-100)
2758,0.9318039,0.06819612,0,7,2) rare (6-20)
2759,0.6636533,0.3363467,1,0,1) very rare (1-5)
2760,0.12898254,0.87101746,1,106,4) very common (100+)
2761,0.07061114,0.9293889,1,0,1) very rare (1-5)
2762,0.33390936,0.6660906,1,8,2) rare (6-20)
2763,0.17388217,0.8261178,1,1070,4) very common (100+)
2764,0.4040069,0.5959931,1,28,3) common (21-100)
2765,0.03092316,0.9690768,1,3,1) very rare (1-5)
2766,0.8624996,0.1375004,0,134,4) very common (100+)
2767,0.32173872,0.6782613,0,275,4) very common (100+)
2768,0.5467163,0.45328373,1,72,3) common (21-100)
2769,0.30668,0.69332004,1,343,4) very common (100+)
2770,0.1615354,0.8384646,1,0,1) very rare (1-5)
2771,0.95440716,0.045592844,1,1,1) very rare (1-5)
2772,0.6090583,0.39094168,1,15,2) rare (6-20)
2773,0.20318966,0.7968103,1,56,3) common (21-100)
2774,0.059069734,0.94093025,1,0,1) very rare (1-5)
2775,0.5353538,0.46464622,0,32,3) common (21-100)
2776,0.50902194,0.49097806,0,0,1) very rare (1-5)
2777,0.25019342,0.7498066,0,12,2) rare (6-20)
2778,0.74261814,0.25738186,0,118,4) very common (100+)
2779,0.561452,0.43854803,0,47,3) common (21-100)
2780,0.862949,0.13705099,0,35,3) common (21-100)
2781,0.15741688,0.8425831,1,58,3) common (21-100)
2782,0.23077801,0.769222,0,28,3) common (21-100)
2783,0.062114332,0.93788564,1,1,1) very rare (1-5)
2784,0.88941485,0.11058515,0,372,4) very common (100+)
2785,0.20452614,0.7954739,1,1,1) very rare (1-5)
2786,0.30208686,0.69791317,1,79,3) common (21-100)
2787,0.26057023,0.7394298,0,223,4) very common (100+)
2788,0.118618526,0.88138145,1,0,1) very rare (1-5)
2789,0.20460364,0.7953963,0,43,3) common (21-100)
2790,0.23916256,0.76083744,1,4,1) very rare (1-5)
2791,0.18631871,0.8136813,1,0,1) very rare (1-5)
2792,0.54495436,0.45504564,1,1000,4) very common (100+)
2793,0.56305534,0.43694466,1,0,1) very rare (1-5)
2794,0.902644,0.09735602,0,372,4) very common (100+)
2795,0.1547909,0.8452091,0,1,1) very rare (1-5)
2796,0.19144297,0.80855703,1,4,1) very rare (1-5)
2797,0.13779734,0.86220264,1,108,4) very common (100+)
2798,0.66891134,0.33108866,1,2,1) very rare (1-5)
2799,0.97299904,0.027000964,1,66,3) common (21-100)
2800,0.4234812,0.5765188,1,14,2) rare (6-20)
2801,0.14880686,0.85119313,0,42,3) common (21-100)
2802,0.47729558,0.5227044,0,4,1) very rare (1-5)
2803,0.7711509,0.22884911,0,1070,4) very common (100+)
2804,0.16057384,0.83942616,1,79,3) common (21-100)
2805,0.27264196,0.72735804,1,0,1) very rare (1-5)
2806,0.923991,0.076008976,1,1070,4) very common (100+)
2807,0.11101742,0.8889826,1,36,3) common (21-100)
2808,0.36230865,0.6376914,0,178,4) very common (100+)
2809,0.1987666,0.8012334,0,1,1) very rare (1-5)
2810,0.8789571,0.12104291,1,52,3) common (21-100)
2811,0.25593933,0.74406064,1,2,1) very rare (1-5)
2812,0.7209241,0.27907592,0,274,4) very common (100+)
2813,0.9457755,0.05422449,0,1070,4) very common (100+)
2814,0.16853333,0.8314667,1,3,1) very rare (1-5)
2815,0.15200645,0.84799355,1,0,1) very rare (1-5)
2816,0.98611265,0.013887346,0,182,4) very common (100+)
2817,0.9523063,0.04769373,0,223,4) very common (100+)
2818,0.07789458,0.92210543,1,0,1) very rare (1-5)
2819,0.18837579,0.8116242,1,6,2) rare (6-20)
2820,0.78420573,0.21579427,0,134,4) very common (100+)
2821,0.4674041,0.5325959,0,5,1) very rare (1-5)
2822,0.2775863,0.72241366,1,0,1) very rare (1-5)
2823,0.59574187,0.40425813,1,11,2) rare (6-20)
2824,0.8859836,0.11401641,0,21,3) common (21-100)
2825,0.06755135,0.9324486,1,23,3) common (21-100)
2826,0.72896004,0.27103996,0,4,1) very rare (1-5)
2827,0.081009336,0.9189907,0,1,1) very rare (1-5)
2828,0.26460326,0.73539674,0,0,1) very rare (1-5)
2829,0.7571567,0.24284327,1,86,3) common (21-100)
2830,0.697238,0.30276197,0,223,4) very common (100+)
2831,0.25699654,0.7430035,0,7,2) rare (6-20)
2832,0.9116986,0.08830142,0,1000,4) very common (100+)
2833,0.36765495,0.6323451,0,68,3) common (21-100)
2834,0.3330575,0.6669425,0,1,1) very rare (1-5)
2835,0.9612971,0.038702905,0,10,2) rare (6-20)
2836,0.8668457,0.13315427,0,343,4) very common (100+)
2837,0.11637426,0.88362575,1,0,1) very rare (1-5)
2838,0.072471574,0.92752844,1,3,1) very rare (1-5)
2839,0.88123137,0.11876863,0,700,4) very common (100+)
2840,0.7546849,0.24531507,0,1070,4) very common (100+)
2841,0.23109339,0.7689066,0,111,4) very common (100+)
2842,0.87625825,0.123741746,1,178,4) very common (100+)
2843,0.42236593,0.5776341,0,49,3) common (21-100)
2844,0.59938645,0.40061355,1,21,3) common (21-100)
2845,0.98768836,0.012311637,0,16,2) rare (6-20)
2846,0.15833347,0.8416665,1,7,2) rare (6-20)
2847,0.053867437,0.94613254,1,19,2) rare (6-20)
2848,0.82210565,0.17789435,0,274,4) very common (100+)
2849,0.5631207,0.43687928,0,99,3) common (21-100)
2850,0.5995571,0.4004429,1,1070,4) very common (100+)
2851,0.2369064,0.7630936,0,1,1) very rare (1-5)
2852,0.73349524,0.26650476,0,1,1) very rare (1-5)
2853,0.8523238,0.14767623,0,36,3) common (21-100)
2854,0.88823277,0.11176723,1,32,3) common (21-100)
2855,0.4461705,0.5538295,1,6,2) rare (6-20)
2856,0.68570083,0.31429917,1,47,3) common (21-100)
2857,0.75695634,0.24304366,0,3,1) very rare (1-5)
2858,0.9164194,0.08358061,0,78,3) common (21-100)
2859,0.31481722,0.6851828,1,3,1) very rare (1-5)
2860,0.85322154,0.14677846,0,24,3) common (21-100)
2861,0.20681171,0.7931883,1,4,1) very rare (1-5)
2862,0.8605832,0.13941681,0,99,3) common (21-100)
2863,0.8371497,0.16285032,0,1070,4) very common (100+)
2864,0.980141,0.019859016,0,39,3) common (21-100)
2865,0.7151366,0.2848634,0,9,2) rare (6-20)
2866,0.5053782,0.4946218,0,38,3) common (21-100)
2867,0.28144565,0.7185544,0,3,1) very rare (1-5)
2868,0.52308536,0.47691464,0,3,1) very rare (1-5)
2869,0.27213538,0.7278646,1,700,4) very common (100+)
2870,0.532622,0.46737802,0,178,4) very common (100+)
2871,0.84299046,0.15700954,0,343,4) very common (100+)
2872,0.4713692,0.5286308,1,1000,4) very common (100+)
2873,0.51302373,0.48697627,0,159,4) very common (100+)
2874,0.45435753,0.5456425,0,5,1) very rare (1-5)
2875,0.40508807,0.59491193,0,23,3) common (21-100)
2876,0.17087832,0.8291217,0,18,2) rare (6-20)
2877,0.23049879,0.7695012,0,6,2) rare (6-20)
2878,0.90009296,0.09990704,0,69,3) common (21-100)
2879,0.51948804,0.48051196,0,60,3) common (21-100)
2880,0.046472833,0.95352715,1,1,1) very rare (1-5)
2881,0.95050764,0.04949236,1,0,1) very rare (1-5)
2882,0.6190642,0.3809358,0,69,3) common (21-100)
2883,0.4536202,0.5463798,1,38,3) common (21-100)
2884,0.29245487,0.70754516,1,2,1) very rare (1-5)
2885,0.043527827,0.95647216,1,0,1) very rare (1-5)
2886,0.08556153,0.9144385,1,1,1) very rare (1-5)
2887,0.52883035,0.47116965,1,66,3) common (21-100)
2888,0.63281393,0.36718607,0,1,1) very rare (1-5)
2889,0.83475536,0.16524464,1,7,2) rare (6-20)
2890,0.16504791,0.8349521,0,6,2) rare (6-20)
2891,0.87288946,0.12711054,0,23,3) common (21-100)
2892,0.8017287,0.19827127,0,421,4) very common (100+)
2893,0.9631737,0.036826313,0,1000,4) very common (100+)
2894,0.75981796,0.24018204,0,4,1) very rare (1-5)
2895,0.51327294,0.48672706,1,0,1) very rare (1-5)
2896,0.8516611,0.14833891,1,1,1) very rare (1-5)
2897,0.16828218,0.83171785,0,0,1) very rare (1-5)
2898,0.9712479,0.028752089,0,142,4) very common (100+)
2899,0.66592795,0.33407205,1,1290,4) very common (100+)
2900,0.49565154,0.50434846,1,28,3) common (21-100)
2901,0.938667,0.061333,0,1000,4) very common (100+)
2902,0.14976074,0.8502393,0,8,2) rare (6-20)
2903,0.059819125,0.9401809,1,58,3) common (21-100)
2904,0.8592474,0.14075261,1,1,1) very rare (1-5)
2905,0.73962706,0.26037294,0,121,4) very common (100+)
2906,0.1381136,0.8618864,0,63,3) common (21-100)
2907,0.8936207,0.10637927,0,4,1) very rare (1-5)
2908,0.9199298,0.0800702,1,1070,4) very common (100+)
2909,0.37374586,0.62625414,0,14,2) rare (6-20)
2910,0.1781188,0.8218812,1,1,1) very rare (1-5)
2911,0.55236447,0.44763553,0,3,1) very rare (1-5)
2912,0.9172847,0.08271527,1,28,3) common (21-100)
2913,0.33673388,0.6632661,0,7,2) rare (6-20)
2914,0.15387896,0.8461211,1,0,1) very rare (1-5)
2915,0.8111729,0.1888271,0,6,2) rare (6-20)
2916,0.26827294,0.73172706,1,3,1) very rare (1-5)
2917,0.6327805,0.3672195,1,700,4) very common (100+)
2918,0.28405017,0.71594983,0,0,1) very rare (1-5)
2919,0.8279531,0.1720469,0,55,3) common (21-100)
2920,0.7850259,0.2149741,0,3,1) very rare (1-5)
2921,0.37551123,0.6244888,1,2,1) very rare (1-5)
2922,0.22826014,0.77173984,1,2,1) very rare (1-5)
2923,0.64751697,0.35248303,0,79,3) common (21-100)
2924,0.97771204,0.022287965,0,1000,4) very common (100+)
2925,0.75647634,0.24352366,1,268,4) very common (100+)
2926,0.99613863,0.0038613677,0,123,4) very common (100+)
2927,0.013566123,0.98643386,1,0,1) very rare (1-5)
2928,0.16517295,0.83482707,0,14,2) rare (6-20)
2929,0.152433,0.847567,0,23,3) common (21-100)
2930,0.6640351,0.33596492,0,1290,4) very common (100+)
2931,0.9153317,0.08466828,1,7,2) rare (6-20)
2932,0.35380384,0.6461961,1,1,1) very rare (1-5)
2933,0.59033203,0.40966797,1,6,2) rare (6-20)
2934,0.8666984,0.13330162,1,1070,4) very common (100+)
2935,0.21629556,0.78370446,1,2,1) very rare (1-5)
2936,0.9367981,0.063201904,1,3,1) very rare (1-5)
2937,0.36154962,0.6384504,1,1,1) very rare (1-5)
2938,0.16508868,0.83491135,1,66,3) common (21-100)
2939,0.14170049,0.8582995,1,0,1) very rare (1-5)
2940,0.18353425,0.81646574,0,3,1) very rare (1-5)
2941,0.64557767,0.35442233,1,1070,4) very common (100+)
2942,0.7524434,0.24755663,1,3,1) very rare (1-5)
2943,0.119008884,0.8809911,1,0,1) very rare (1-5)
2944,0.21134047,0.7886595,0,1,1) very rare (1-5)
2945,0.16792099,0.832079,0,34,3) common (21-100)
2946,0.48505864,0.51494133,1,6,2) rare (6-20)
2947,0.5037184,0.49628162,0,123,4) very common (100+)
2948,0.9291757,0.070824325,0,118,4) very common (100+)
2949,0.06381525,0.93618476,1,47,3) common (21-100)
2950,0.8401195,0.15988052,0,23,3) common (21-100)
2951,0.18711336,0.81288666,0,5,1) very rare (1-5)
2952,0.08342786,0.91657215,1,0,1) very rare (1-5)
2953,0.08285549,0.91714454,1,1,1) very rare (1-5)
2954,0.09867114,0.90132886,1,0,1) very rare (1-5)
2955,0.6430228,0.35697722,1,96,3) common (21-100)
2956,0.3567034,0.6432966,0,0,1) very rare (1-5)
2957,0.43586695,0.56413305,0,421,4) very common (100+)
2958,0.9658986,0.034101427,0,178,4) very common (100+)
2959,0.11132622,0.8886738,1,4,1) very rare (1-5)
2960,0.45953336,0.54046667,0,1000,4) very common (100+)
2961,0.44902351,0.5509765,0,41,3) common (21-100)
2962,0.13827518,0.86172485,1,0,1) very rare (1-5)
2963,0.4261251,0.5738749,0,63,3) common (21-100)
2964,0.06362141,0.9363786,0,33,3) common (21-100)
2965,0.9858548,0.0141451955,0,1000,4) very common (100+)
2966,0.62047976,0.37952024,1,8,2) rare (6-20)
2967,0.6177549,0.38224512,0,1290,4) very common (100+)
2968,0.4904527,0.5095473,1,7,2) rare (6-20)
2969,0.6234175,0.3765825,0,42,3) common (21-100)
2970,0.4689851,0.5310149,1,91,3) common (21-100)
2971,0.7552909,0.24470907,0,96,3) common (21-100)
2972,0.47817305,0.521827,0,66,3) common (21-100)
2973,0.27883306,0.72116697,1,3,1) very rare (1-5)
2974,0.06259517,0.9374048,1,17,2) rare (6-20)
2975,0.80435437,0.19564563,0,0,1) very rare (1-5)
2976,0.15072308,0.8492769,0,0,1) very rare (1-5)
2977,0.31588477,0.68411523,0,0,1) very rare (1-5)
2978,0.935511,0.06448901,0,700,4) very common (100+)
2979,0.48411074,0.5158893,0,79,3) common (21-100)
2980,0.15893835,0.84106165,0,5,1) very rare (1-5)
2981,0.8621639,0.1378361,1,118,4) very common (100+)
2982,0.9178164,0.0821836,0,11,2) rare (6-20)
2983,0.20290753,0.79709244,1,2,1) very rare (1-5)
2984,0.6313282,0.36867177,0,6,2) rare (6-20)
2985,0.12750076,0.8724992,1,7,2) rare (6-20)
2986,0.39322716,0.60677284,1,16,2) rare (6-20)
2987,0.91757447,0.082425535,0,134,4) very common (100+)
2988,0.82621104,0.17378896,0,159,4) very common (100+)
2989,0.71383286,0.28616714,1,19,2) rare (6-20)
2990,0.9351758,0.06482422,0,89,3) common (21-100)
2991,0.98489016,0.015109837,0,211,4) very common (100+)
2992,0.08264438,0.9173556,1,0,1) very rare (1-5)
2993,0.3755871,0.6244129,1,1070,4) very common (100+)
2994,0.59083,0.40916997,1,0,1) very rare (1-5)
2995,0.635545,0.36445498,1,63,3) common (21-100)
2996,0.52197224,0.47802776,0,53,3) common (21-100)
2997,0.55812764,0.44187236,0,21,3) common (21-100)
2998,0.4292662,0.5707338,1,38,3) common (21-100)
2999,0.8231111,0.17688888,0,223,4) very common (100+)
3000,0.46810174,0.53189826,1,1070,4) very common (100+)
3001,0.43236485,0.5676352,1,4,1) very rare (1-5)
3002,0.6840248,0.3159752,1,23,3) common (21-100)
3003,0.8890221,0.11097789,0,1070,4) very common (100+)
3004,0.6916481,0.30835187,0,1070,4) very common (100+)
3005,0.47153476,0.5284653,1,261,4) very common (100+)
3006,0.06307896,0.93692106,1,0,1) very rare (1-5)
3007,0.37766498,0.622335,1,1,1) very rare (1-5)
3008,0.35456547,0.6454345,0,0,1) very rare (1-5)
3009,0.20872,0.79128003,0,0,1) very rare (1-5)
3010,0.7134017,0.28659832,1,124,4) very common (100+)
3011,0.20908323,0.7909168,1,11,2) rare (6-20)
3012,0.19403043,0.8059696,0,0,1) very rare (1-5)
3013,0.7048868,0.2951132,1,21,3) common (21-100)
3014,0.046454366,0.95354563,1,0,1) very rare (1-5)
3015,0.079668045,0.92033195,0,0,1) very rare (1-5)
3016,0.9437154,0.056284606,0,142,4) very common (100+)
3017,0.16228804,0.83771193,0,261,4) very common (100+)
3018,0.30809918,0.69190085,1,3,1) very rare (1-5)
3019,0.036442485,0.96355754,1,0,1) very rare (1-5)
3020,0.031000128,0.96899986,0,88,3) common (21-100)
3021,0.32862258,0.6713774,0,3,1) very rare (1-5)
3022,0.8999209,0.10007912,0,421,4) very common (100+)
3023,0.07148289,0.9285171,1,17,2) rare (6-20)
3024,0.56405747,0.43594253,1,19,2) rare (6-20)
3025,0.54871714,0.45128286,1,0,1) very rare (1-5)
3026,0.31381708,0.6861829,1,39,3) common (21-100)
3027,0.6889457,0.3110543,0,700,4) very common (100+)
3028,0.942439,0.05756098,0,421,4) very common (100+)
3029,0.30806485,0.6919352,0,5,1) very rare (1-5)
3030,0.38036826,0.61963177,0,3,1) very rare (1-5)
3031,0.18309318,0.8169068,1,1,1) very rare (1-5)
3032,0.15476868,0.8452313,0,8,2) rare (6-20)
3033,0.6056963,0.39430368,0,9,2) rare (6-20)
3034,0.36910874,0.63089126,0,268,4) very common (100+)
3035,0.22157858,0.7784214,0,6,2) rare (6-20)
3036,0.78188866,0.21811134,0,3,1) very rare (1-5)
3037,0.02705378,0.9729462,1,1,1) very rare (1-5)
3038,0.7063919,0.29360813,1,343,4) very common (100+)
3039,0.99596053,0.0040394664,0,211,4) very common (100+)
3040,0.04724484,0.95275515,1,5,1) very rare (1-5)
3041,0.86386126,0.13613874,0,700,4) very common (100+)
3042,0.49838808,0.50161195,1,66,3) common (21-100)
3043,0.113748215,0.8862518,1,5,1) very rare (1-5)
3044,0.3214837,0.67851627,0,145,4) very common (100+)
3045,0.8555778,0.14442217,1,1000,4) very common (100+)
3046,0.83818185,0.16181815,1,0,1) very rare (1-5)
3047,0.6264645,0.3735355,0,3,1) very rare (1-5)
3048,0.9430836,0.056916416,0,9,2) rare (6-20)
3049,0.49749124,0.50250876,0,2,1) very rare (1-5)
3050,0.20397727,0.7960227,1,0,1) very rare (1-5)
3051,0.9900676,0.009932399,0,1290,4) very common (100+)
3052,0.018496262,0.9815037,0,62,3) common (21-100)
3053,0.49743485,0.50256515,0,14,2) rare (6-20)
3054,0.34325036,0.6567496,0,11,2) rare (6-20)
3055,0.24309865,0.7569014,1,2,1) very rare (1-5)
3056,0.51454204,0.48545796,1,89,3) common (21-100)
3057,0.6905972,0.30940282,1,1,1) very rare (1-5)
3058,0.47829068,0.5217093,1,31,3) common (21-100)
3059,0.607315,0.392685,0,27,3) common (21-100)
3060,0.40497404,0.59502596,0,10,2) rare (6-20)
3061,0.69611186,0.30388814,1,24,3) common (21-100)
3062,0.38768393,0.6123161,1,10,2) rare (6-20)
3063,0.38992313,0.6100769,1,274,4) very common (100+)
3064,0.66380644,0.33619356,0,15,2) rare (6-20)
3065,0.23783211,0.7621679,0,1,1) very rare (1-5)
3066,0.05656678,0.9434332,1,4,1) very rare (1-5)
3067,0.6548466,0.3451534,0,3,1) very rare (1-5)
3068,0.10012612,0.89987385,1,1,1) very rare (1-5)
3069,0.83928,0.16071999,0,700,4) very common (100+)
3070,0.43557835,0.56442165,0,1290,4) very common (100+)
3071,0.03880837,0.96119165,1,1290,4) very common (100+)
3072,0.13303185,0.86696815,1,0,1) very rare (1-5)
3073,0.606222,0.39377803,1,107,4) very common (100+)
3074,0.07750985,0.9224901,1,1,1) very rare (1-5)
3075,0.6699742,0.3300258,1,160,4) very common (100+)
3076,0.48331374,0.51668626,0,2,1) very rare (1-5)
3077,0.8306129,0.1693871,1,3,1) very rare (1-5)
3078,0.27127337,0.7287266,1,36,3) common (21-100)
3079,0.8450222,0.1549778,1,0,1) very rare (1-5)
3080,0.736428,0.26357198,0,1000,4) very common (100+)
3081,0.3849474,0.6150526,0,20,2) rare (6-20)
3082,0.16741985,0.83258015,1,0,1) very rare (1-5)
3083,0.6598844,0.3401156,0,1,1) very rare (1-5)
3084,0.95485973,0.045140266,0,1000,4) very common (100+)
3085,0.41957575,0.58042425,1,3,1) very rare (1-5)
3086,0.38418233,0.61581767,0,28,3) common (21-100)
3087,0.05109731,0.94890267,1,261,4) very common (100+)
3088,0.7548266,0.2451734,0,1,1) very rare (1-5)
3089,0.5762754,0.4237246,1,60,3) common (21-100)
3090,0.9875581,0.012441874,0,372,4) very common (100+)
3091,0.024920614,0.97507936,1,66,3) common (21-100)
3092,0.8715238,0.1284762,1,107,4) very common (100+)
3093,0.5095416,0.49045843,0,1290,4) very common (100+)
3094,0.61977553,0.38022447,1,32,3) common (21-100)
3095,0.74448764,0.25551236,0,10,2) rare (6-20)
3096,0.9007411,0.0992589,0,1000,4) very common (100+)
3097,0.39243332,0.6075667,1,102,4) very common (100+)
3098,0.5812956,0.4187044,0,14,2) rare (6-20)
3099,0.14909826,0.8509017,1,0,1) very rare (1-5)
3100,0.25687727,0.7431227,1,58,3) common (21-100)
3101,0.45713463,0.5428654,0,2,1) very rare (1-5)
3102,0.5665178,0.43348223,0,3,1) very rare (1-5)
3103,0.06951688,0.9304831,1,71,3) common (21-100)
3104,0.8675483,0.13245171,1,102,4) very common (100+)
3105,0.33958066,0.66041934,1,1,1) very rare (1-5)
3106,0.52268755,0.47731245,1,7,2) rare (6-20)
3107,0.658777,0.341223,0,15,2) rare (6-20)
3108,0.21876104,0.781239,1,118,4) very common (100+)
3109,0.28517532,0.7148247,1,0,1) very rare (1-5)
3110,0.11499038,0.88500965,1,118,4) very common (100+)
3111,0.4375714,0.5624286,0,1070,4) very common (100+)
3112,0.45297956,0.54702044,0,223,4) very common (100+)
3113,0.26505712,0.7349429,1,372,4) very common (100+)
3114,0.026717551,0.97328246,1,3,1) very rare (1-5)
3115,0.7897446,0.21025538,0,63,3) common (21-100)
3116,0.59841925,0.40158075,1,15,2) rare (6-20)
3117,0.45162314,0.54837686,1,4,1) very rare (1-5)
3118,0.5090245,0.4909755,0,0,1) very rare (1-5)
3119,0.5885104,0.4114896,1,20,2) rare (6-20)
3120,0.62433326,0.37566674,1,18,2) rare (6-20)
3121,0.052361082,0.9476389,1,8,2) rare (6-20)
3122,0.37824792,0.6217521,1,8,2) rare (6-20)
3123,0.36687702,0.633123,1,70,3) common (21-100)
3124,0.16350351,0.8364965,1,21,3) common (21-100)
3125,0.17583448,0.8241655,0,4,1) very rare (1-5)
3126,0.18762541,0.8123746,0,6,2) rare (6-20)
3127,0.98668647,0.013313532,0,274,4) very common (100+)
3128,0.35883892,0.6411611,1,0,1) very rare (1-5)
3129,0.15299574,0.8470043,1,5,1) very rare (1-5)
3130,0.15770116,0.84229887,1,0,1) very rare (1-5)
3131,0.43632627,0.56367373,0,3,1) very rare (1-5)
3132,0.39230147,0.60769856,0,24,3) common (21-100)
3133,0.024957137,0.9750429,1,1,1) very rare (1-5)
3134,0.17084995,0.8291501,1,0,1) very rare (1-5)
3135,0.36890635,0.6310936,0,1000,4) very common (100+)
3136,0.043744285,0.95625573,1,0,1) very rare (1-5)
3137,0.9171434,0.082856596,0,1000,4) very common (100+)
3138,0.5855468,0.4144532,0,3,1) very rare (1-5)
3139,0.54970855,0.45029145,1,223,4) very common (100+)
3140,0.0932949,0.9067051,1,0,1) very rare (1-5)
3141,0.17740388,0.82259613,1,0,1) very rare (1-5)
3142,0.6006357,0.3993643,0,12,2) rare (6-20)
3143,0.7986324,0.20136762,0,1000,4) very common (100+)
3144,0.24425745,0.75574255,0,14,2) rare (6-20)
3145,0.04044148,0.95955855,1,3,1) very rare (1-5)
3146,0.9879139,0.012086093,0,89,3) common (21-100)
3147,0.7469675,0.2530325,0,47,3) common (21-100)
3148,0.48825917,0.5117408,1,2,1) very rare (1-5)
3149,0.62855047,0.37144953,0,1000,4) very common (100+)
3150,0.83135885,0.16864115,0,14,2) rare (6-20)
3151,0.58263385,0.41736615,0,102,4) very common (100+)
3152,0.06250581,0.93749416,1,0,1) very rare (1-5)
3153,0.42161098,0.57838905,1,0,1) very rare (1-5)
3154,0.82454133,0.17545867,0,700,4) very common (100+)
3155,0.7051085,0.29489148,1,89,3) common (21-100)
3156,0.17582637,0.8241736,1,1,1) very rare (1-5)
3157,0.7049863,0.29501373,0,1070,4) very common (100+)
3158,0.19115253,0.8088475,1,14,2) rare (6-20)
3159,0.40929586,0.59070414,1,76,3) common (21-100)
3160,0.75800127,0.24199873,0,1,1) very rare (1-5)
3161,0.1077317,0.8922683,1,0,1) very rare (1-5)
3162,0.9348462,0.06515378,0,99,3) common (21-100)
3163,0.30124575,0.69875425,1,7,2) rare (6-20)
3164,0.0533576,0.9466424,1,1,1) very rare (1-5)
3165,0.84878916,0.15121084,1,3,1) very rare (1-5)
3166,0.11927652,0.8807235,1,1,1) very rare (1-5)
3167,0.281791,0.718209,1,3,1) very rare (1-5)
3168,0.9561113,0.043888688,0,1000,4) very common (100+)
3169,0.27642903,0.72357094,0,41,3) common (21-100)
3170,0.31774288,0.6822571,1,20,2) rare (6-20)
3171,0.6746896,0.3253104,1,31,3) common (21-100)
3172,0.031557027,0.968443,1,0,1) very rare (1-5)
3173,0.47465816,0.52534187,1,23,3) common (21-100)
3174,0.63698804,0.36301196,0,1000,4) very common (100+)
3175,0.19067256,0.8093274,1,0,1) very rare (1-5)
3176,0.92381835,0.07618165,0,27,3) common (21-100)
3177,0.9567501,0.043249905,0,91,3) common (21-100)
3178,0.096043065,0.90395695,1,58,3) common (21-100)
3179,0.5406714,0.4593286,1,33,3) common (21-100)
3180,0.4319075,0.56809247,0,102,4) very common (100+)
3181,0.3194868,0.6805132,1,36,3) common (21-100)
3182,0.8247312,0.17526883,0,39,3) common (21-100)
3183,0.797385,0.20261502,0,2,1) very rare (1-5)
3184,0.54027164,0.45972836,1,76,3) common (21-100)
3185,0.1088154,0.89118457,1,0,1) very rare (1-5)
3186,0.38084412,0.6191559,1,7,2) rare (6-20)
3187,0.07950649,0.9204935,1,0,1) very rare (1-5)
3188,0.035022367,0.9649776,1,2,1) very rare (1-5)
3189,0.1129983,0.8870017,1,14,2) rare (6-20)
3190,0.5566249,0.4433751,0,71,3) common (21-100)
3191,0.717399,0.282601,0,372,4) very common (100+)
3192,0.33411774,0.66588223,1,1,1) very rare (1-5)
3193,0.87383837,0.12616163,0,27,3) common (21-100)
3194,0.4653036,0.5346964,1,16,2) rare (6-20)
3195,0.9640253,0.03597468,1,0,1) very rare (1-5)
3196,0.43342662,0.5665734,0,12,2) rare (6-20)
3197,0.89771414,0.10228586,1,1,1) very rare (1-5)
3198,0.9382601,0.06173992,0,1000,4) very common (100+)
3199,0.688427,0.31157303,1,27,3) common (21-100)
3200,0.6028589,0.3971411,0,37,3) common (21-100)
3201,0.63185304,0.36814696,1,44,3) common (21-100)
3202,0.80085313,0.19914687,0,66,3) common (21-100)
3203,0.020729192,0.9792708,1,0,1) very rare (1-5)
3204,0.17189059,0.8281094,1,3,1) very rare (1-5)
3205,0.12191159,0.8780884,1,0,1) very rare (1-5)
3206,0.23037644,0.7696236,1,0,1) very rare (1-5)
3207,0.09742121,0.9025788,1,19,2) rare (6-20)
3208,0.6293657,0.37063432,0,1070,4) very common (100+)
3209,0.48161608,0.5183839,1,15,2) rare (6-20)
3210,0.72063756,0.27936244,0,1290,4) very common (100+)
3211,0.020739986,0.97926,1,1,1) very rare (1-5)
3212,0.87906116,0.12093884,0,24,3) common (21-100)
3213,0.01763311,0.9823669,0,18,2) rare (6-20)
3214,0.586851,0.413149,1,118,4) very common (100+)
3215,0.32697782,0.67302215,0,23,3) common (21-100)
3216,0.86192614,0.13807386,1,0,1) very rare (1-5)
3217,0.10134761,0.8986524,1,3,1) very rare (1-5)
3218,0.2756118,0.72438824,0,1,1) very rare (1-5)
3219,0.6714458,0.3285542,1,1,1) very rare (1-5)
3220,0.5951323,0.4048677,0,421,4) very common (100+)
3221,0.020754755,0.97924525,1,0,1) very rare (1-5)
3222,0.32730493,0.67269504,0,275,4) very common (100+)
3223,0.65110874,0.34889126,0,3,1) very rare (1-5)
3224,0.035898905,0.9641011,0,0,1) very rare (1-5)
3225,0.83961326,0.16038674,1,81,3) common (21-100)
3226,0.14498542,0.85501456,1,5,1) very rare (1-5)
3227,0.3811325,0.6188675,1,79,3) common (21-100)
3228,0.6501398,0.3498602,0,41,3) common (21-100)
3229,0.078297116,0.92170286,1,2,1) very rare (1-5)
3230,0.20198463,0.79801536,1,18,2) rare (6-20)
3231,0.9215257,0.07847428,1,5,1) very rare (1-5)
3232,0.28151178,0.7184882,0,23,3) common (21-100)
3233,0.67017436,0.32982564,0,1290,4) very common (100+)
3234,0.8180246,0.18197542,1,268,4) very common (100+)
3235,0.17498533,0.82501465,1,0,1) very rare (1-5)
3236,0.72486275,0.27513725,0,37,3) common (21-100)
3237,0.5694668,0.43053317,0,1290,4) very common (100+)
3238,0.8112295,0.18877047,0,142,4) very common (100+)
3239,0.3884489,0.6115511,1,76,3) common (21-100)
3240,0.5943202,0.40567982,1,60,3) common (21-100)
3241,0.46723604,0.53276396,1,0,1) very rare (1-5)
3242,0.2749962,0.72500384,0,66,3) common (21-100)
3243,0.12993522,0.8700648,0,3,1) very rare (1-5)
3244,0.958698,0.041302025,0,1000,4) very common (100+)
3245,0.5739595,0.42604047,1,19,2) rare (6-20)
3246,0.88670915,0.11329085,1,66,3) common (21-100)
3247,0.17406668,0.82593334,0,4,1) very rare (1-5)
3248,0.7909347,0.20906532,1,66,3) common (21-100)
3249,0.16673085,0.8332691,1,0,1) very rare (1-5)
3250,0.86625886,0.13374114,0,20,2) rare (6-20)
3251,0.42887658,0.5711234,0,2,1) very rare (1-5)
3252,0.6168403,0.3831597,0,1070,4) very common (100+)
3253,0.91324794,0.08675206,0,1290,4) very common (100+)
3254,0.57139534,0.42860466,0,85,3) common (21-100)
3255,0.36938453,0.6306155,1,0,1) very rare (1-5)
3256,0.7973379,0.20266211,0,94,3) common (21-100)
3257,0.46358255,0.5364175,1,13,2) rare (6-20)
3258,0.9804725,0.019527495,0,1000,4) very common (100+)
3259,0.9852545,0.014745474,0,1290,4) very common (100+)
3260,0.44711956,0.5528804,1,2,1) very rare (1-5)
3261,0.107612535,0.89238745,1,108,4) very common (100+)
3262,0.23035157,0.76964843,1,22,3) common (21-100)
3263,0.93114626,0.068853736,0,166,4) very common (100+)
3264,0.3095392,0.6904608,1,0,1) very rare (1-5)
3265,0.42066264,0.57933736,1,27,3) common (21-100)
3266,0.9102005,0.08979952,0,700,4) very common (100+)
3267,0.26583517,0.73416483,0,2,1) very rare (1-5)
3268,0.61920565,0.38079435,1,1,1) very rare (1-5)
3269,0.26047072,0.73952925,1,0,1) very rare (1-5)
3270,0.074343026,0.925657,0,0,1) very rare (1-5)
3271,0.62674916,0.37325084,1,5,1) very rare (1-5)
3272,0.056132436,0.94386756,1,8,2) rare (6-20)
3273,0.7812272,0.21877283,1,1070,4) very common (100+)
3274,0.7938548,0.20614523,1,166,4) very common (100+)
3275,0.47883976,0.52116024,0,1070,4) very common (100+)
3276,0.8517679,0.1482321,1,89,3) common (21-100)
3277,0.13066553,0.86933446,1,0,1) very rare (1-5)
3278,0.29321423,0.7067858,0,105,4) very common (100+)
3279,0.065168984,0.934831,1,0,1) very rare (1-5)
3280,0.5099676,0.49003237,1,37,3) common (21-100)
3281,0.78131807,0.21868193,1,1070,4) very common (100+)
3282,0.25014716,0.74985284,1,47,3) common (21-100)
3283,0.12470414,0.8752959,0,36,3) common (21-100)
3284,0.87604654,0.12395346,0,1290,4) very common (100+)
3285,0.075847246,0.92415273,1,0,1) very rare (1-5)
3286,0.17495468,0.82504535,1,0,1) very rare (1-5)
3287,0.04840596,0.95159405,1,0,1) very rare (1-5)
3288,0.8973513,0.102648675,1,99,3) common (21-100)
3289,0.74747074,0.25252926,0,18,2) rare (6-20)
3290,0.05808607,0.9419139,1,0,1) very rare (1-5)
3291,0.20656097,0.79343903,1,12,2) rare (6-20)
3292,0.13109612,0.8689039,1,1,1) very rare (1-5)
3293,0.30158645,0.69841355,1,0,1) very rare (1-5)
3294,0.4407478,0.5592522,1,159,4) very common (100+)
3295,0.5440796,0.4559204,1,65,3) common (21-100)
3296,0.44776565,0.55223435,1,1070,4) very common (100+)
3297,0.1228299,0.8771701,1,0,1) very rare (1-5)
3298,0.012564669,0.98743534,1,0,1) very rare (1-5)
3299,0.4338991,0.5661009,1,15,2) rare (6-20)
3300,0.38718405,0.612816,1,5,1) very rare (1-5)
3301,0.5040865,0.4959135,0,2,1) very rare (1-5)
3302,0.4903843,0.50961566,0,28,3) common (21-100)
3303,0.63262844,0.36737156,1,275,4) very common (100+)
3304,0.7202956,0.2797044,0,1000,4) very common (100+)
3305,0.6839211,0.3160789,1,0,1) very rare (1-5)
3306,0.9854154,0.014584601,0,71,3) common (21-100)
3307,0.5217499,0.4782501,1,1070,4) very common (100+)
3308,0.7687043,0.2312957,0,39,3) common (21-100)
3309,0.41560566,0.58439434,0,0,1) very rare (1-5)
3310,0.97764814,0.022351861,0,421,4) very common (100+)
3311,0.018498125,0.9815019,1,14,2) rare (6-20)
3312,0.63069785,0.36930215,0,3,1) very rare (1-5)
3313,0.40438095,0.5956191,0,63,3) common (21-100)
3314,0.7173607,0.28263932,0,102,4) very common (100+)
3315,0.8692647,0.13073528,0,700,4) very common (100+)
3316,0.97309905,0.026900947,0,1000,4) very common (100+)
3317,0.1395154,0.8604846,1,1,1) very rare (1-5)
3318,0.18164429,0.8183557,1,68,3) common (21-100)
3319,0.4536154,0.5463846,1,65,3) common (21-100)
3320,0.14830802,0.85169196,1,0,1) very rare (1-5)
3321,0.92360353,0.076396465,0,1000,4) very common (100+)
3322,0.4659219,0.5340781,1,19,2) rare (6-20)
3323,0.91063386,0.08936614,0,343,4) very common (100+)
3324,0.5840112,0.4159888,1,10,2) rare (6-20)
3325,0.87818515,0.12181485,0,15,2) rare (6-20)
3326,0.17141044,0.82858956,0,16,2) rare (6-20)
3327,0.613277,0.38672298,1,1290,4) very common (100+)
3328,0.97611165,0.02388835,0,182,4) very common (100+)
3329,0.26712662,0.7328734,1,5,1) very rare (1-5)
3330,0.6502715,0.34972852,1,1290,4) very common (100+)
3331,0.91963524,0.080364764,0,1000,4) very common (100+)
3332,0.4685493,0.5314507,1,63,3) common (21-100)
3333,0.99144113,0.008558869,0,211,4) very common (100+)
3334,0.2219846,0.7780154,0,24,3) common (21-100)
3335,0.9286665,0.07133353,0,343,4) very common (100+)
3336,0.2303153,0.7696847,1,1,1) very rare (1-5)
3337,0.37636924,0.62363076,0,2,1) very rare (1-5)
3338,0.5219742,0.4780258,0,46,3) common (21-100)
3339,0.13511473,0.8648853,1,3,1) very rare (1-5)
3340,0.8377823,0.16221768,0,25,3) common (21-100)
3341,0.5200233,0.4799767,0,86,3) common (21-100)
3342,0.775844,0.22415602,0,24,3) common (21-100)
3343,0.38966727,0.6103327,1,1,1) very rare (1-5)
3344,0.22009608,0.7799039,1,343,4) very common (100+)
3345,0.28869808,0.7113019,1,3,1) very rare (1-5)
3346,0.21492751,0.7850725,1,0,1) very rare (1-5)
3347,0.15244892,0.8475511,1,2,1) very rare (1-5)
3348,0.01799524,0.98200476,1,2,1) very rare (1-5)
3349,0.10324268,0.8967573,1,19,2) rare (6-20)
3350,0.94468814,0.05531186,1,11,2) rare (6-20)
3351,0.1978034,0.8021966,1,0,1) very rare (1-5)
3352,0.51438564,0.48561436,0,10,2) rare (6-20)
3353,0.74924433,0.25075567,0,4,1) very rare (1-5)
3354,0.27302,0.72698,1,29,3) common (21-100)
3355,0.30004337,0.69995666,0,14,2) rare (6-20)
3356,0.32030213,0.6796979,0,105,4) very common (100+)
3357,0.85422474,0.14577526,0,82,3) common (21-100)
3358,0.32735413,0.67264587,1,1,1) very rare (1-5)
3359,0.7907499,0.20925009,0,1070,4) very common (100+)
3360,0.43210584,0.56789416,1,24,3) common (21-100)
3361,0.8742484,0.12575161,0,11,2) rare (6-20)
3362,0.4869101,0.5130899,0,1290,4) very common (100+)
3363,0.7874006,0.2125994,0,4,1) very rare (1-5)
3364,0.5095271,0.4904729,1,178,4) very common (100+)
3365,0.90283,0.097169995,0,1290,4) very common (100+)
3366,0.11071979,0.8892802,1,6,2) rare (6-20)
3367,0.19268431,0.8073157,1,0,1) very rare (1-5)
3368,0.22039004,0.77961,1,19,2) rare (6-20)
3369,0.48290992,0.5170901,1,0,1) very rare (1-5)
3370,0.9819827,0.018017292,0,71,3) common (21-100)
3371,0.9065287,0.09347129,0,145,4) very common (100+)
3372,0.94273716,0.057262838,0,275,4) very common (100+)
3373,0.28218088,0.7178191,1,0,1) very rare (1-5)
3374,0.48319054,0.51680946,0,105,4) very common (100+)
3375,0.10151751,0.8984825,1,0,1) very rare (1-5)
3376,0.01622791,0.9837721,1,0,1) very rare (1-5)
3377,0.680341,0.319659,1,27,3) common (21-100)
3378,0.6048871,0.39511287,0,421,4) very common (100+)
3379,0.41947263,0.58052737,1,44,3) common (21-100)
3380,0.5570148,0.44298518,1,5,1) very rare (1-5)
3381,0.40415508,0.5958449,1,65,3) common (21-100)
3382,0.6884289,0.31157112,1,1,1) very rare (1-5)
3383,0.18371567,0.8162843,1,22,3) common (21-100)
3384,0.6142502,0.38574982,0,2,1) very rare (1-5)
3385,0.15715992,0.8428401,1,2,1) very rare (1-5)
3386,0.9658453,0.034154713,1,1070,4) very common (100+)
3387,0.12753884,0.87246114,0,1,1) very rare (1-5)
3388,0.069799095,0.93020093,1,0,1) very rare (1-5)
3389,0.7894846,0.21051538,0,24,3) common (21-100)
3390,0.13235095,0.8676491,0,7,2) rare (6-20)
3391,0.9451317,0.05486828,0,421,4) very common (100+)
3392,0.04124918,0.95875084,1,0,1) very rare (1-5)
3393,0.5597744,0.4402256,1,0,1) very rare (1-5)
3394,0.04623495,0.95376503,1,0,1) very rare (1-5)
3395,0.46232545,0.53767455,1,0,1) very rare (1-5)
3396,0.8692064,0.13079357,0,71,3) common (21-100)
3397,0.08378231,0.9162177,1,0,1) very rare (1-5)
3398,0.3094189,0.6905811,0,1,1) very rare (1-5)
3399,0.47359803,0.526402,1,96,3) common (21-100)
3400,0.5517773,0.4482227,1,66,3) common (21-100)
3401,0.7547354,0.24526459,0,700,4) very common (100+)
3402,0.53825766,0.46174234,0,88,3) common (21-100)
3403,0.29414886,0.70585114,1,1,1) very rare (1-5)
3404,0.8512041,0.1487959,1,46,3) common (21-100)
3405,0.48473978,0.5152602,0,14,2) rare (6-20)
3406,0.64700186,0.35299814,0,19,2) rare (6-20)
3407,0.13619725,0.86380273,1,4,1) very rare (1-5)
3408,0.44176292,0.5582371,0,85,3) common (21-100)
3409,0.038416967,0.961583,1,5,1) very rare (1-5)
3410,0.13607134,0.8639287,0,85,3) common (21-100)
3411,0.07550659,0.92449343,1,45,3) common (21-100)
3412,0.6284698,0.37153018,0,14,2) rare (6-20)
3413,0.42675737,0.57324266,1,261,4) very common (100+)
3414,0.97812176,0.021878242,0,10,2) rare (6-20)
3415,0.6051677,0.3948323,1,1290,4) very common (100+)
3416,0.9566852,0.043314815,0,1000,4) very common (100+)
3417,0.915872,0.08412802,0,2,1) very rare (1-5)
3418,0.17689309,0.8231069,0,1,1) very rare (1-5)
3419,0.82062835,0.17937165,0,275,4) very common (100+)
3420,0.8301742,0.16982579,1,10,2) rare (6-20)
3421,0.89586467,0.104135334,0,26,3) common (21-100)
3422,0.35708955,0.6429105,1,0,1) very rare (1-5)
3423,0.8666542,0.13334578,0,31,3) common (21-100)
3424,0.05372466,0.94627535,1,0,1) very rare (1-5)
3425,0.92712003,0.07287997,0,1000,4) very common (100+)
3426,0.87602586,0.123974144,1,11,2) rare (6-20)
3427,0.32707354,0.6729264,1,9,2) rare (6-20)
3428,0.14287508,0.8571249,0,92,3) common (21-100)
3429,0.42746273,0.5725373,1,49,3) common (21-100)
3430,0.58927983,0.41072017,1,268,4) very common (100+)
3431,0.17811756,0.8218824,1,105,4) very common (100+)
3432,0.31186992,0.6881301,1,23,3) common (21-100)
3433,0.09613897,0.90386105,1,2,1) very rare (1-5)
3434,0.15845972,0.8415403,0,43,3) common (21-100)
3435,0.013960327,0.9860397,1,159,4) very common (100+)
3436,0.5302824,0.46971762,0,2,1) very rare (1-5)
3437,0.45201227,0.5479877,1,0,1) very rare (1-5)
3438,0.45224985,0.5477501,0,1,1) very rare (1-5)
3439,0.8167799,0.18322009,0,24,3) common (21-100)
3440,0.9840912,0.015908778,0,145,4) very common (100+)
3441,0.5828693,0.4171307,1,6,2) rare (6-20)
3442,0.56636405,0.43363595,0,25,3) common (21-100)
3443,0.3367856,0.6632144,0,182,4) very common (100+)
3444,0.6781865,0.32181352,0,421,4) very common (100+)
3445,0.91820985,0.08179015,0,85,3) common (21-100)
3446,0.38149697,0.61850303,0,1290,4) very common (100+)
3447,0.06147327,0.93852675,1,53,3) common (21-100)
3448,0.016291186,0.9837088,1,0,1) very rare (1-5)
3449,0.6226856,0.3773144,1,30,3) common (21-100)
3450,0.6756328,0.32436723,0,2,1) very rare (1-5)
3451,0.3860672,0.6139328,1,2,1) very rare (1-5)
3452,0.8366176,0.16338241,0,1290,4) very common (100+)
3453,0.31168413,0.68831587,1,1290,4) very common (100+)
3454,0.68738806,0.31261194,0,14,2) rare (6-20)
3455,0.81868154,0.18131846,0,4,1) very rare (1-5)
3456,0.2806491,0.71935093,0,58,3) common (21-100)
3457,0.16395932,0.8360407,0,3,1) very rare (1-5)
3458,0.91726184,0.08273816,0,700,4) very common (100+)
3459,0.062666364,0.93733364,1,146,4) very common (100+)
3460,0.1735049,0.8264951,1,11,2) rare (6-20)
3461,0.13417217,0.8658278,1,0,1) very rare (1-5)
3462,0.5351511,0.46484888,0,106,4) very common (100+)
3463,0.31992635,0.6800736,1,51,3) common (21-100)
3464,0.050216462,0.94978356,1,4,1) very rare (1-5)
3465,0.4611619,0.5388381,0,237,4) very common (100+)
3466,0.16984405,0.83015597,1,6,2) rare (6-20)
3467,0.28715235,0.71284765,0,4,1) very rare (1-5)
3468,0.71612245,0.28387755,0,274,4) very common (100+)
3469,0.24430487,0.7556951,0,40,3) common (21-100)
3470,0.7981011,0.20189887,0,11,2) rare (6-20)
3471,0.3119982,0.6880018,1,34,3) common (21-100)
3472,0.57512194,0.42487806,1,0,1) very rare (1-5)
3473,0.11186147,0.88813853,1,1,1) very rare (1-5)
3474,0.440413,0.559587,0,1,1) very rare (1-5)
3475,0.8826219,0.117378116,1,19,2) rare (6-20)
3476,0.8353918,0.16460818,0,178,4) very common (100+)
3477,0.6275159,0.3724841,0,1070,4) very common (100+)
3478,0.16942039,0.83057964,1,4,1) very rare (1-5)
3479,0.7857388,0.21426117,1,53,3) common (21-100)
3480,0.15845528,0.84154475,1,38,3) common (21-100)
3481,0.31007046,0.68992954,0,0,1) very rare (1-5)
3482,0.73706317,0.26293683,0,1290,4) very common (100+)
3483,0.7349667,0.2650333,0,81,3) common (21-100)
3484,0.53445154,0.46554846,1,1290,4) very common (100+)
3485,0.78374296,0.21625704,1,146,4) very common (100+)
3486,0.13010268,0.8698973,1,3,1) very rare (1-5)
3487,0.9549031,0.045096874,1,4,1) very rare (1-5)
3488,0.029973095,0.9700269,1,2,1) very rare (1-5)
3489,0.08586749,0.91413254,1,4,1) very rare (1-5)
3490,0.53869355,0.46130645,0,8,2) rare (6-20)
3491,0.77202576,0.22797424,1,2,1) very rare (1-5)
3492,0.94617975,0.053820252,0,142,4) very common (100+)
3493,0.30326062,0.6967394,1,3,1) very rare (1-5)
3494,0.22934741,0.7706526,1,53,3) common (21-100)
3495,0.36838195,0.631618,1,27,3) common (21-100)
3496,0.45093003,0.54907,1,18,2) rare (6-20)
3497,0.7780133,0.22198671,0,10,2) rare (6-20)
3498,0.65120363,0.34879637,0,5,1) very rare (1-5)
3499,0.5323473,0.46765268,0,14,2) rare (6-20)
3500,0.29645553,0.7035445,1,1,1) very rare (1-5)
3501,0.074222125,0.92577785,1,0,1) very rare (1-5)
3502,0.8228242,0.17717582,0,5,1) very rare (1-5)
3503,0.16050985,0.8394902,1,1,1) very rare (1-5)
3504,0.92700785,0.072992146,0,1000,4) very common (100+)
3505,0.2186129,0.7813871,1,0,1) very rare (1-5)
3506,0.36284804,0.63715196,1,2,1) very rare (1-5)
3507,0.28194717,0.71805286,1,2,1) very rare (1-5)
3508,0.5278446,0.4721554,0,58,3) common (21-100)
3509,0.09936769,0.9006323,0,23,3) common (21-100)
3510,0.060161192,0.9398388,1,24,3) common (21-100)
3511,0.15082976,0.8491702,1,10,2) rare (6-20)
3512,0.50073135,0.49926865,1,0,1) very rare (1-5)
3513,0.4587928,0.5412072,0,47,3) common (21-100)
3514,0.30920425,0.6907958,0,79,3) common (21-100)
3515,0.58047307,0.41952693,1,11,2) rare (6-20)
3516,0.24097592,0.7590241,1,7,2) rare (6-20)
3517,0.9452361,0.054763913,1,24,3) common (21-100)
3518,0.7746884,0.22531158,0,33,3) common (21-100)
3519,0.5618104,0.43818963,1,19,2) rare (6-20)
3520,0.12486673,0.8751333,1,142,4) very common (100+)
3521,0.33692953,0.66307044,1,69,3) common (21-100)
3522,0.83537173,0.16462827,0,142,4) very common (100+)
3523,0.51329136,0.48670864,1,66,3) common (21-100)
3524,0.7089249,0.2910751,0,89,3) common (21-100)
3525,0.91370213,0.08629787,1,166,4) very common (100+)
3526,0.21781762,0.7821824,1,0,1) very rare (1-5)
3527,0.77137583,0.22862417,0,6,2) rare (6-20)
3528,0.50769615,0.49230385,0,7,2) rare (6-20)
3529,0.66491824,0.33508176,1,11,2) rare (6-20)
3530,0.5108558,0.4891442,0,700,4) very common (100+)
3531,0.7835614,0.21643859,0,261,4) very common (100+)
3532,0.9302399,0.069760084,0,1000,4) very common (100+)
3533,0.32258025,0.6774198,1,100,3) common (21-100)
3534,0.22407024,0.77592975,1,1,1) very rare (1-5)
3535,0.22079165,0.77920836,0,105,4) very common (100+)
3536,0.917906,0.08209401,0,84,3) common (21-100)
3537,0.39185047,0.6081495,1,36,3) common (21-100)
3538,0.7086942,0.29130578,0,2,1) very rare (1-5)
3539,0.061595224,0.9384048,1,7,2) rare (6-20)
3540,0.77627033,0.22372967,1,30,3) common (21-100)
3541,0.3161161,0.6838839,0,142,4) very common (100+)
3542,0.27252993,0.72747004,0,1,1) very rare (1-5)
3543,0.50484,0.49515998,0,15,2) rare (6-20)
3544,0.04444788,0.9555521,1,3,1) very rare (1-5)
3545,0.25716445,0.7428355,0,3,1) very rare (1-5)
3546,0.7513021,0.24869788,1,0,1) very rare (1-5)
3547,0.15007918,0.8499208,1,2,1) very rare (1-5)
3548,0.684165,0.315835,0,700,4) very common (100+)
3549,0.7592975,0.24070251,0,123,4) very common (100+)
3550,0.70669657,0.29330343,1,19,2) rare (6-20)
3551,0.042191222,0.9578088,1,0,1) very rare (1-5)
3552,0.55644476,0.44355524,0,1,1) very rare (1-5)
3553,0.65023774,0.34976226,1,1070,4) very common (100+)
3554,0.825519,0.17448097,1,18,2) rare (6-20)
3555,0.91871357,0.08128643,0,700,4) very common (100+)
3556,0.16335675,0.8366432,1,2,1) very rare (1-5)
3557,0.0982569,0.9017431,1,94,3) common (21-100)
3558,0.02423226,0.97576773,1,2,1) very rare (1-5)
3559,0.98831207,0.011687934,0,142,4) very common (100+)
3560,0.57860386,0.42139614,0,22,3) common (21-100)
3561,0.25856584,0.74143416,0,4,1) very rare (1-5)
3562,0.23620197,0.763798,1,0,1) very rare (1-5)
3563,0.7428502,0.25714982,1,0,1) very rare (1-5)
3564,0.24722432,0.75277567,0,2,1) very rare (1-5)
3565,0.8885533,0.11144668,0,700,4) very common (100+)
3566,0.5649853,0.43501472,1,268,4) very common (100+)
3567,0.89318913,0.10681087,1,0,1) very rare (1-5)
3568,0.9117384,0.088261604,1,99,3) common (21-100)
3569,0.15640174,0.84359825,1,20,2) rare (6-20)
3570,0.9707813,0.029218674,0,1000,4) very common (100+)
3571,0.5461868,0.4538132,0,1070,4) very common (100+)
3572,0.96175635,0.03824365,1,19,2) rare (6-20)
3573,0.012869631,0.98713034,1,0,1) very rare (1-5)
3574,0.5255103,0.4744897,0,1290,4) very common (100+)
3575,0.43027836,0.56972164,1,0,1) very rare (1-5)
3576,0.10563347,0.8943665,1,5,1) very rare (1-5)
3577,0.9369466,0.06305343,0,91,3) common (21-100)
3578,0.61480635,0.38519365,1,11,2) rare (6-20)
3579,0.07580688,0.92419314,1,2,1) very rare (1-5)
3580,0.633225,0.36677498,0,1290,4) very common (100+)
3581,0.46506608,0.5349339,1,0,1) very rare (1-5)
3582,0.5911498,0.4088502,0,1,1) very rare (1-5)
3583,0.36377895,0.63622105,1,81,3) common (21-100)
3584,0.84784824,0.15215176,0,12,2) rare (6-20)
3585,0.9979024,0.0020976067,1,211,4) very common (100+)
3586,0.7470936,0.25290638,1,13,2) rare (6-20)
3587,0.19285208,0.8071479,1,8,2) rare (6-20)
3588,0.99484575,0.005154252,0,99,3) common (21-100)
3589,0.9567775,0.043222487,0,118,4) very common (100+)
3590,0.9565316,0.043468416,0,1000,4) very common (100+)
3591,0.73226136,0.26773864,0,1070,4) very common (100+)
3592,0.95917237,0.040827632,1,100,3) common (21-100)
3593,0.38693532,0.61306465,0,3,1) very rare (1-5)
3594,0.2028787,0.7971213,1,0,1) very rare (1-5)
3595,0.3570522,0.6429478,1,14,2) rare (6-20)
3596,0.9444592,0.0555408,0,111,4) very common (100+)
3597,0.9161827,0.0838173,0,28,3) common (21-100)
3598,0.7402192,0.25978082,0,21,3) common (21-100)
3599,0.47281516,0.52718484,0,23,3) common (21-100)
3600,0.11575535,0.8842447,0,1,1) very rare (1-5)
3601,0.5807933,0.41920668,1,1,1) very rare (1-5)
3602,0.94273174,0.057268262,0,1070,4) very common (100+)
3603,0.85368437,0.14631563,0,7,2) rare (6-20)
3604,0.8067422,0.19325781,0,261,4) very common (100+)
3605,0.5662716,0.4337284,1,18,2) rare (6-20)
3606,0.07318212,0.9268179,0,1,1) very rare (1-5)
3607,0.71949375,0.28050625,0,223,4) very common (100+)
3608,0.08517072,0.91482925,0,2,1) very rare (1-5)
3609,0.07501402,0.924986,1,7,2) rare (6-20)
3610,0.24873634,0.7512637,1,0,1) very rare (1-5)
3611,0.127703,0.872297,1,2,1) very rare (1-5)
3612,0.6771291,0.3228709,0,28,3) common (21-100)
3613,0.27191153,0.7280885,1,3,1) very rare (1-5)
3614,0.48865503,0.51134497,1,85,3) common (21-100)
3615,0.903181,0.09681898,0,51,3) common (21-100)
3616,0.87677664,0.123223364,0,261,4) very common (100+)
3617,0.2524025,0.74759746,0,12,2) rare (6-20)
3618,0.3062565,0.69374347,0,9,2) rare (6-20)
3619,0.7686571,0.23134291,0,700,4) very common (100+)
3620,0.5619166,0.4380834,1,1070,4) very common (100+)
3621,0.55416685,0.44583315,0,17,2) rare (6-20)
3622,0.40611848,0.5938815,0,2,1) very rare (1-5)
3623,0.37421837,0.62578166,1,0,1) very rare (1-5)
3624,0.34414116,0.6558589,1,1,1) very rare (1-5)
3625,0.08925936,0.9107406,1,0,1) very rare (1-5)
3626,0.77714527,0.22285473,0,1000,4) very common (100+)
3627,0.9261764,0.07382357,0,123,4) very common (100+)
3628,0.8307729,0.16922712,0,211,4) very common (100+)
3629,0.91500044,0.08499956,0,38,3) common (21-100)
3630,0.85136074,0.14863926,1,66,3) common (21-100)
3631,0.56946,0.43054003,0,166,4) very common (100+)
3632,0.25887695,0.7411231,1,2,1) very rare (1-5)
3633,0.48538423,0.5146158,0,18,2) rare (6-20)
3634,0.87452555,0.12547445,0,118,4) very common (100+)
3635,0.40152255,0.5984775,0,33,3) common (21-100)
3636,0.36109647,0.6389035,1,2,1) very rare (1-5)
3637,0.047118865,0.95288116,1,7,2) rare (6-20)
3638,0.66386086,0.33613914,0,99,3) common (21-100)
3639,0.2406696,0.7593304,1,0,1) very rare (1-5)
3640,0.056062628,0.94393736,1,0,1) very rare (1-5)
3641,0.2590723,0.7409277,1,237,4) very common (100+)
3642,0.75010777,0.24989223,0,71,3) common (21-100)
3643,0.7388197,0.26118028,0,166,4) very common (100+)
3644,0.380596,0.61940396,0,14,2) rare (6-20)
3645,0.7068986,0.29310137,0,39,3) common (21-100)
3646,0.19118764,0.8088124,1,0,1) very rare (1-5)
3647,0.08678192,0.9132181,0,3,1) very rare (1-5)
3648,0.17115901,0.828841,0,6,2) rare (6-20)
3649,0.25657213,0.7434279,1,2,1) very rare (1-5)
3650,0.30939636,0.6906036,0,4,1) very rare (1-5)
3651,0.5409573,0.45904273,0,0,1) very rare (1-5)
3652,0.9844275,0.015572488,0,211,4) very common (100+)
3653,0.076658264,0.92334175,1,0,1) very rare (1-5)
3654,0.20741577,0.79258424,1,8,2) rare (6-20)
3655,0.14081247,0.85918754,1,0,1) very rare (1-5)
3656,0.08723578,0.9127642,1,58,3) common (21-100)
3657,0.4794039,0.5205961,0,20,2) rare (6-20)
3658,0.7504416,0.24955839,0,89,3) common (21-100)
3659,0.22624151,0.7737585,1,4,1) very rare (1-5)
3660,0.36577246,0.6342275,1,1,1) very rare (1-5)
3661,0.095340624,0.9046594,1,0,1) very rare (1-5)
3662,0.76731056,0.23268944,0,15,2) rare (6-20)
3663,0.35672024,0.6432798,1,12,2) rare (6-20)
3664,0.85480106,0.14519894,0,56,3) common (21-100)
3665,0.05120737,0.94879264,1,1,1) very rare (1-5)
3666,0.20229492,0.79770505,1,37,3) common (21-100)
3667,0.9786098,0.0213902,0,211,4) very common (100+)
3668,0.23350482,0.76649517,1,0,1) very rare (1-5)
3669,0.97808105,0.021918952,0,24,3) common (21-100)
3670,0.17318672,0.8268133,0,22,3) common (21-100)
3671,0.60269576,0.39730424,0,63,3) common (21-100)
3672,0.13296212,0.8670379,1,0,1) very rare (1-5)
3673,0.34233117,0.6576688,0,142,4) very common (100+)
3674,0.9426497,0.057350278,0,1070,4) very common (100+)
3675,0.2709406,0.7290594,1,4,1) very rare (1-5)
3676,0.40625733,0.59374267,0,79,3) common (21-100)
3677,0.32530227,0.67469776,1,14,2) rare (6-20)
3678,0.80088556,0.19911444,0,18,2) rare (6-20)
3679,0.37399116,0.62600887,1,2,1) very rare (1-5)
3680,0.24997583,0.7500242,1,68,3) common (21-100)
3681,0.50197804,0.49802196,1,89,3) common (21-100)
3682,0.80781394,0.19218606,0,17,2) rare (6-20)
3683,0.6289203,0.37107968,1,65,3) common (21-100)
3684,0.06193827,0.9380617,1,1,1) very rare (1-5)
3685,0.38722977,0.6127702,1,3,1) very rare (1-5)
3686,0.9910686,0.008931398,0,1000,4) very common (100+)
3687,0.78495115,0.21504885,1,69,3) common (21-100)
3688,0.36478946,0.6352105,1,19,2) rare (6-20)
3689,0.8858225,0.114177525,1,1,1) very rare (1-5)
3690,0.22959724,0.7704028,0,1,1) very rare (1-5)
3691,0.975365,0.024635017,0,91,3) common (21-100)
3692,0.92972094,0.07027906,0,178,4) very common (100+)
3693,0.8885312,0.11146879,0,33,3) common (21-100)
3694,0.074784994,0.925215,1,0,1) very rare (1-5)
3695,0.983024,0.016975999,1,142,4) very common (100+)
3696,0.8756486,0.12435138,0,0,1) very rare (1-5)
3697,0.27128652,0.7287135,1,8,2) rare (6-20)
3698,0.67308235,0.32691765,0,42,3) common (21-100)
3699,0.08669745,0.91330254,1,15,2) rare (6-20)
3700,0.49031752,0.5096825,1,166,4) very common (100+)
3701,0.20320189,0.7967981,0,4,1) very rare (1-5)
3702,0.33558157,0.66441846,0,0,1) very rare (1-5)
3703,0.20497936,0.79502064,1,4,1) very rare (1-5)
3704,0.7964546,0.20354539,0,1000,4) very common (100+)
3705,0.071414754,0.92858523,1,21,3) common (21-100)
3706,0.65724784,0.34275216,1,42,3) common (21-100)
3707,0.4118173,0.5881827,0,106,4) very common (100+)
3708,0.4504108,0.54958916,0,23,3) common (21-100)
3709,0.9903937,0.009606302,0,211,4) very common (100+)
3710,0.8911516,0.10884839,1,21,3) common (21-100)
3711,0.9771985,0.022801518,0,700,4) very common (100+)
3712,0.90976954,0.090230465,0,700,4) very common (100+)
3713,0.9639264,0.036073625,1,16,2) rare (6-20)
3714,0.24975252,0.7502475,1,1,1) very rare (1-5)
3715,0.92271554,0.077284455,0,2,1) very rare (1-5)
3716,0.2561046,0.7438954,0,0,1) very rare (1-5)
3717,0.18403147,0.8159685,1,14,2) rare (6-20)
3718,0.9430004,0.056999624,0,42,3) common (21-100)
3719,0.97714114,0.022858858,0,91,3) common (21-100)
3720,0.9265316,0.07346839,0,10,2) rare (6-20)
3721,0.12416805,0.87583196,1,0,1) very rare (1-5)
3722,0.30932167,0.69067836,1,7,2) rare (6-20)
3723,0.9152724,0.084727585,0,182,4) very common (100+)
3724,0.3035126,0.6964874,1,275,4) very common (100+)
3725,0.9207537,0.07924628,0,1000,4) very common (100+)
3726,0.46150473,0.5384953,0,1290,4) very common (100+)
3727,0.50112224,0.49887776,0,50,3) common (21-100)
3728,0.94979185,0.05020815,1,66,3) common (21-100)
3729,0.5319621,0.4680379,1,0,1) very rare (1-5)
3730,0.75236803,0.24763197,0,56,3) common (21-100)
3731,0.70440644,0.29559356,0,1070,4) very common (100+)
3732,0.9000409,0.099959075,0,1290,4) very common (100+)
3733,0.37429672,0.6257033,1,16,2) rare (6-20)
3734,0.94815063,0.051849365,0,1000,4) very common (100+)
3735,0.19836684,0.8016332,1,0,1) very rare (1-5)
3736,0.29781467,0.70218533,0,1,1) very rare (1-5)
3737,0.78691334,0.21308666,0,1,1) very rare (1-5)
3738,0.33061403,0.66938597,1,1,1) very rare (1-5)
3739,0.0177468,0.9822532,1,3,1) very rare (1-5)
3740,0.81127274,0.18872726,0,3,1) very rare (1-5)
3741,0.85372525,0.14627475,0,24,3) common (21-100)
3742,0.6396563,0.3603437,0,1290,4) very common (100+)
3743,0.44614863,0.55385137,0,14,2) rare (6-20)
3744,0.5948787,0.40512133,0,21,3) common (21-100)
3745,0.6453902,0.3546098,1,1,1) very rare (1-5)
3746,0.60725254,0.39274746,1,0,1) very rare (1-5)
3747,0.05187557,0.9481244,1,6,2) rare (6-20)
3748,0.23012753,0.7698725,0,19,2) rare (6-20)
3749,0.49063912,0.5093609,0,700,4) very common (100+)
3750,0.4863485,0.5136515,1,3,1) very rare (1-5)
3751,0.99592704,0.004072964,0,39,3) common (21-100)
3752,0.73199725,0.26800275,1,0,1) very rare (1-5)
3753,0.9465366,0.0534634,1,0,1) very rare (1-5)
3754,0.6206843,0.37931567,0,5,1) very rare (1-5)
3755,0.21668288,0.7833171,1,47,3) common (21-100)
3756,0.62668794,0.37331206,1,1,1) very rare (1-5)
3757,0.09751927,0.9024807,1,3,1) very rare (1-5)
3758,0.7055918,0.2944082,0,39,3) common (21-100)
3759,0.1400177,0.8599823,0,3,1) very rare (1-5)
3760,0.0059422855,0.9940577,1,0,1) very rare (1-5)
3761,0.7381618,0.2618382,1,5,1) very rare (1-5)
3762,0.034225445,0.96577454,1,0,1) very rare (1-5)
3763,0.73980194,0.26019806,0,275,4) very common (100+)
3764,0.0781051,0.9218949,1,0,1) very rare (1-5)
3765,0.30948818,0.6905118,0,72,3) common (21-100)
3766,0.38083872,0.61916125,1,28,3) common (21-100)
3767,0.11696651,0.8830335,1,2,1) very rare (1-5)
3768,0.5458525,0.45414752,0,7,2) rare (6-20)
3769,0.020760536,0.97923946,1,8,2) rare (6-20)
3770,0.036557592,0.9634424,1,0,1) very rare (1-5)
3771,0.37334016,0.62665987,1,5,1) very rare (1-5)
3772,0.16033825,0.8396617,1,1,1) very rare (1-5)
3773,0.043691568,0.9563084,1,0,1) very rare (1-5)
3774,0.6364506,0.3635494,1,10,2) rare (6-20)
3775,0.54969716,0.45030284,0,68,3) common (21-100)
3776,0.09091564,0.9090844,1,1,1) very rare (1-5)
3777,0.81411475,0.18588525,1,7,2) rare (6-20)
3778,0.050187234,0.94981277,1,0,1) very rare (1-5)
3779,0.80015284,0.19984716,0,25,3) common (21-100)
3780,0.8185332,0.18146682,0,96,3) common (21-100)
3781,0.99328136,0.0067186356,0,99,3) common (21-100)
3782,0.3659341,0.63406587,1,55,3) common (21-100)
3783,0.69506407,0.30493593,0,0,1) very rare (1-5)
3784,0.045022476,0.9549775,1,123,4) very common (100+)
3785,0.31682485,0.68317515,0,79,3) common (21-100)
3786,0.08309052,0.91690946,1,0,1) very rare (1-5)
3787,0.53944767,0.46055233,1,3,1) very rare (1-5)
3788,0.28427023,0.7157298,0,5,1) very rare (1-5)
3789,0.05611145,0.94388855,1,0,1) very rare (1-5)
3790,0.76699686,0.23300314,1,118,4) very common (100+)
3791,0.2552023,0.7447977,1,27,3) common (21-100)
3792,0.48584503,0.514155,0,14,2) rare (6-20)
3793,0.63085353,0.36914647,0,56,3) common (21-100)
3794,0.13193701,0.868063,1,3,1) very rare (1-5)
3795,0.9125948,0.087405205,0,7,2) rare (6-20)
3796,0.44976923,0.55023074,0,107,4) very common (100+)
3797,0.96767443,0.032325566,0,44,3) common (21-100)
3798,0.38701585,0.6129842,0,0,1) very rare (1-5)
3799,0.5788874,0.4211126,0,46,3) common (21-100)
3800,0.69053644,0.30946356,0,17,2) rare (6-20)
3801,0.24236254,0.75763744,0,1,1) very rare (1-5)
3802,0.15212768,0.8478723,0,4,1) very rare (1-5)
3803,0.4950048,0.5049952,1,0,1) very rare (1-5)
3804,0.4385106,0.5614894,1,3,1) very rare (1-5)
3805,0.40901995,0.59098005,1,0,1) very rare (1-5)
3806,0.3356376,0.66436243,1,0,1) very rare (1-5)
3807,0.66005945,0.33994055,1,8,2) rare (6-20)
3808,0.16933382,0.8306662,1,66,3) common (21-100)
3809,0.18515174,0.81484824,0,0,1) very rare (1-5)
3810,0.48561722,0.5143828,1,63,3) common (21-100)
3811,0.5259849,0.47401512,1,0,1) very rare (1-5)
3812,0.4999804,0.5000196,0,1,1) very rare (1-5)
3813,0.74432755,0.25567245,1,700,4) very common (100+)
3814,0.61626655,0.38373345,0,2,1) very rare (1-5)
3815,0.503824,0.496176,1,7,2) rare (6-20)
3816,0.8796788,0.120321214,0,223,4) very common (100+)
3817,0.25195533,0.74804467,1,0,1) very rare (1-5)
3818,0.9214604,0.07853961,1,2,1) very rare (1-5)
3819,0.92896813,0.07103187,0,146,4) very common (100+)
3820,0.27695736,0.7230426,0,5,1) very rare (1-5)
3821,0.6877907,0.3122093,0,1000,4) very common (100+)
3822,0.9397319,0.060268104,0,92,3) common (21-100)
3823,0.33389708,0.6661029,0,15,2) rare (6-20)
3824,0.30809093,0.6919091,0,343,4) very common (100+)
3825,0.9325,0.067499995,0,118,4) very common (100+)
3826,0.9948309,0.0051690936,1,19,2) rare (6-20)
3827,0.52280205,0.47719795,1,0,1) very rare (1-5)
3828,0.84239185,0.15760815,0,134,4) very common (100+)
3829,0.79768395,0.20231605,0,17,2) rare (6-20)
3830,0.8455707,0.15442932,1,107,4) very common (100+)
3831,0.11131672,0.88868326,1,1,1) very rare (1-5)
3832,0.5355484,0.4644516,0,1,1) very rare (1-5)
3833,0.5843415,0.41565847,1,85,3) common (21-100)
3834,0.3194191,0.6805809,1,0,1) very rare (1-5)
3835,0.03456223,0.96543777,1,0,1) very rare (1-5)
3836,0.12570347,0.87429655,1,0,1) very rare (1-5)
3837,0.1335378,0.86646223,1,2,1) very rare (1-5)
3838,0.39559463,0.6044054,0,178,4) very common (100+)
3839,0.11390707,0.8860929,1,108,4) very common (100+)
3840,0.56443727,0.43556273,1,27,3) common (21-100)
3841,0.9304435,0.069556475,0,1000,4) very common (100+)
3842,0.95172036,0.048279643,0,91,3) common (21-100)
3843,0.8718124,0.1281876,0,10,2) rare (6-20)
3844,0.06833068,0.9316693,1,6,2) rare (6-20)
3845,0.17335767,0.82664233,1,1,1) very rare (1-5)
3846,0.2103471,0.7896529,1,12,2) rare (6-20)
3847,0.27128902,0.728711,0,5,1) very rare (1-5)
3848,0.74589497,0.25410503,0,223,4) very common (100+)
3849,0.7637224,0.23627758,0,1000,4) very common (100+)
3850,0.286226,0.71377397,1,44,3) common (21-100)
3851,0.29350427,0.70649576,0,27,3) common (21-100)
3852,0.13193287,0.86806715,0,84,3) common (21-100)
3853,0.33082628,0.6691737,1,3,1) very rare (1-5)
3854,0.36487532,0.6351247,1,1,1) very rare (1-5)
3855,0.37087408,0.62912595,1,268,4) very common (100+)
3856,0.6426334,0.35736662,0,6,2) rare (6-20)
3857,0.84306705,0.15693295,0,35,3) common (21-100)
3858,0.9614694,0.03853059,0,17,2) rare (6-20)
3859,0.96157837,0.03842163,0,1000,4) very common (100+)
3860,0.27050784,0.7294922,0,5,1) very rare (1-5)
3861,0.17553575,0.82446426,0,13,2) rare (6-20)
3862,0.27008462,0.7299154,0,38,3) common (21-100)
3863,0.69173384,0.30826616,1,0,1) very rare (1-5)
3864,0.016136827,0.9838632,1,0,1) very rare (1-5)
3865,0.6527558,0.3472442,1,15,2) rare (6-20)
3866,0.9248018,0.07519817,0,1290,4) very common (100+)
3867,0.708603,0.29139698,1,0,1) very rare (1-5)
3868,0.3575133,0.6424867,0,142,4) very common (100+)
3869,0.95736957,0.042630434,0,700,4) very common (100+)
3870,0.44451803,0.555482,1,66,3) common (21-100)
3871,0.98364604,0.016353965,0,1000,4) very common (100+)
3872,0.94937146,0.050628543,0,39,3) common (21-100)
3873,0.7048817,0.29511827,0,5,1) very rare (1-5)
3874,0.5158847,0.4841153,0,16,2) rare (6-20)
3875,0.11153806,0.88846195,1,0,1) very rare (1-5)
3876,0.33635324,0.66364676,0,275,4) very common (100+)
3877,0.3472624,0.6527376,0,142,4) very common (100+)
3878,0.248693,0.751307,0,7,2) rare (6-20)
3879,0.34889862,0.65110135,1,0,1) very rare (1-5)
3880,0.8878424,0.11215758,0,1070,4) very common (100+)
3881,0.64581406,0.35418594,0,15,2) rare (6-20)
3882,0.24696317,0.75303686,1,0,1) very rare (1-5)
3883,0.85240424,0.14759576,0,78,3) common (21-100)
3884,0.09774187,0.90225816,1,0,1) very rare (1-5)
3885,0.044917203,0.9550828,1,0,1) very rare (1-5)
3886,0.74649966,0.25350034,0,5,1) very rare (1-5)
3887,0.9914624,0.0085375905,0,35,3) common (21-100)
3888,0.87531185,0.12468815,1,118,4) very common (100+)
3889,0.6014084,0.39859158,1,1070,4) very common (100+)
3890,0.17932776,0.8206723,1,26,3) common (21-100)
3891,0.88986546,0.11013454,0,1000,4) very common (100+)
3892,0.2771133,0.7228867,1,3,1) very rare (1-5)
3893,0.012854327,0.98714566,1,0,1) very rare (1-5)
3894,0.067108385,0.9328916,1,102,4) very common (100+)
3895,0.46645918,0.53354084,1,76,3) common (21-100)
3896,0.39648932,0.6035107,1,63,3) common (21-100)
3897,0.26447317,0.7355268,1,134,4) very common (100+)
3898,0.73862547,0.26137453,0,1000,4) very common (100+)
3899,0.9652011,0.03479892,1,1,1) very rare (1-5)
3900,0.8626634,0.13733661,1,4,1) very rare (1-5)
3901,0.7827534,0.21724659,0,69,3) common (21-100)
3902,0.44071782,0.5592822,1,237,4) very common (100+)
3903,0.10912945,0.8908706,1,0,1) very rare (1-5)
3904,0.98729837,0.012701631,0,11,2) rare (6-20)
3905,0.95825714,0.04174286,0,69,3) common (21-100)
3906,0.49722373,0.50277627,1,14,2) rare (6-20)
3907,0.81827694,0.18172306,0,1,1) very rare (1-5)
3908,0.26287535,0.7371247,0,5,1) very rare (1-5)
3909,0.3858984,0.6141016,1,7,2) rare (6-20)
3910,0.48423263,0.51576734,1,1070,4) very common (100+)
3911,0.47025558,0.5297444,1,65,3) common (21-100)
3912,0.24708018,0.7529198,1,0,1) very rare (1-5)
3913,0.34122613,0.6587739,1,4,1) very rare (1-5)
3914,0.75829417,0.24170583,0,84,3) common (21-100)
3915,0.63192123,0.36807877,1,0,1) very rare (1-5)
3916,0.6657624,0.33423758,1,34,3) common (21-100)
3917,0.6990912,0.3009088,1,118,4) very common (100+)
3918,0.8360468,0.16395319,1,3,1) very rare (1-5)
3919,0.8372649,0.1627351,1,2,1) very rare (1-5)
3920,0.12311556,0.87688446,0,14,2) rare (6-20)
3921,0.75712526,0.24287474,0,7,2) rare (6-20)
3922,0.08680526,0.9131947,1,0,1) very rare (1-5)
3923,0.11242082,0.8875792,1,70,3) common (21-100)
3924,0.66648495,0.33351505,1,68,3) common (21-100)
3925,0.8400324,0.1599676,1,4,1) very rare (1-5)
3926,0.6810932,0.31890678,0,1290,4) very common (100+)
3927,0.4109412,0.58905876,0,3,1) very rare (1-5)
3928,0.7889488,0.21105123,1,11,2) rare (6-20)
3929,0.46169356,0.5383065,0,21,3) common (21-100)
3930,0.5717721,0.4282279,0,0,1) very rare (1-5)
3931,0.55490696,0.44509304,1,6,2) rare (6-20)
3932,0.14285018,0.85714984,1,0,1) very rare (1-5)
3933,0.18297231,0.8170277,1,4,1) very rare (1-5)
3934,0.8610321,0.13896787,1,1070,4) very common (100+)
3935,0.612063,0.387937,1,2,1) very rare (1-5)
3936,0.63879,0.36121,1,76,3) common (21-100)
3937,0.7592174,0.24078262,0,14,2) rare (6-20)
3938,0.12131402,0.87868595,1,44,3) common (21-100)
3939,0.67922395,0.32077605,1,8,2) rare (6-20)
3940,0.45287657,0.54712343,1,105,4) very common (100+)
3941,0.52302784,0.47697216,1,53,3) common (21-100)
3942,0.37290728,0.6270927,1,142,4) very common (100+)
3943,0.14572544,0.8542746,0,0,1) very rare (1-5)
3944,0.52259934,0.47740066,1,81,3) common (21-100)
3945,0.11495682,0.8850432,1,1,1) very rare (1-5)
3946,0.770442,0.22955799,0,84,3) common (21-100)
3947,0.50227356,0.49772644,0,21,3) common (21-100)
3948,0.26664776,0.73335224,0,123,4) very common (100+)
3949,0.09295132,0.9070487,1,0,1) very rare (1-5)
3950,0.77212524,0.22787476,0,38,3) common (21-100)
3951,0.9918127,0.008187294,0,78,3) common (21-100)
3952,0.5812897,0.4187103,0,159,4) very common (100+)
3953,0.17522484,0.82477516,0,5,1) very rare (1-5)
3954,0.5006583,0.49934173,0,25,3) common (21-100)
3955,0.69143426,0.30856574,0,5,1) very rare (1-5)
3956,0.13845041,0.8615496,0,10,2) rare (6-20)
3957,0.1885458,0.8114542,0,18,2) rare (6-20)
3958,0.5124697,0.4875303,1,160,4) very common (100+)
3959,0.5212216,0.47877842,0,134,4) very common (100+)
3960,0.72896785,0.27103215,1,4,1) very rare (1-5)
3961,0.61744267,0.38255733,0,9,2) rare (6-20)
3962,0.6459455,0.3540545,1,76,3) common (21-100)
3963,0.45703816,0.54296184,1,6,2) rare (6-20)
3964,0.71494997,0.28505003,0,343,4) very common (100+)
3965,0.7603739,0.23962611,0,261,4) very common (100+)
3966,0.17074221,0.8292578,1,2,1) very rare (1-5)
3967,0.119516596,0.8804834,1,0,1) very rare (1-5)
3968,0.9861697,0.013830304,0,372,4) very common (100+)
3969,0.6726199,0.32738012,1,42,3) common (21-100)
3970,0.2311004,0.7688996,1,1,1) very rare (1-5)
3971,0.21611851,0.7838815,0,0,1) very rare (1-5)
3972,0.15172324,0.84827673,0,0,1) very rare (1-5)
3973,0.94040984,0.05959016,0,134,4) very common (100+)
3974,0.4434971,0.55650294,0,0,1) very rare (1-5)
3975,0.63725615,0.36274385,1,3,1) very rare (1-5)
3976,0.81585497,0.18414503,0,5,1) very rare (1-5)
3977,0.59789217,0.40210783,1,107,4) very common (100+)
3978,0.35724822,0.6427518,0,261,4) very common (100+)
3979,0.46577004,0.53423,0,1290,4) very common (100+)
3980,0.33720168,0.6627983,1,51,3) common (21-100)
3981,0.5668441,0.4331559,1,107,4) very common (100+)
3982,0.9415067,0.058493316,0,275,4) very common (100+)
3983,0.5762199,0.42378008,0,2,1) very rare (1-5)
3984,0.13053444,0.8694656,1,0,1) very rare (1-5)
3985,0.62714773,0.37285227,0,237,4) very common (100+)
3986,0.11333761,0.88666236,1,14,2) rare (6-20)
3987,0.75364417,0.24635583,0,10,2) rare (6-20)
3988,0.4340237,0.56597626,1,0,1) very rare (1-5)
3989,0.0762334,0.9237666,1,0,1) very rare (1-5)
3990,0.26416764,0.73583233,1,6,2) rare (6-20)
3991,0.9604649,0.039535105,0,145,4) very common (100+)
3992,0.19931848,0.80068153,1,17,2) rare (6-20)
3993,0.99072295,0.009277046,0,89,3) common (21-100)
3994,0.9083272,0.09167278,0,96,3) common (21-100)
3995,0.2737032,0.7262968,0,32,3) common (21-100)
3996,0.5208179,0.47918212,1,178,4) very common (100+)
3997,0.19371276,0.8062872,0,5,1) very rare (1-5)
3998,0.5606675,0.4393325,0,0,1) very rare (1-5)
3999,0.65170693,0.34829307,0,166,4) very common (100+)
4000,0.5233458,0.47665417,0,261,4) very common (100+)
4001,0.92824394,0.071756065,0,9,2) rare (6-20)
4002,0.38376793,0.61623204,1,0,1) very rare (1-5)
4003,0.8107469,0.18925309,0,46,3) common (21-100)
4004,0.62440896,0.37559104,1,2,1) very rare (1-5)
4005,0.62190086,0.37809914,1,69,3) common (21-100)
4006,0.8932668,0.1067332,0,22,3) common (21-100)
4007,0.6032204,0.3967796,1,1,1) very rare (1-5)
4008,0.32692876,0.67307127,1,14,2) rare (6-20)
4009,0.50487715,0.49512285,1,1070,4) very common (100+)
4010,0.71078926,0.28921074,0,106,4) very common (100+)
4011,0.8307527,0.16924733,0,1290,4) very common (100+)
4012,0.17992084,0.82007915,1,0,1) very rare (1-5)
4013,0.32348955,0.67651045,1,66,3) common (21-100)
4014,0.25710896,0.7428911,0,20,2) rare (6-20)
4015,0.9303164,0.06968361,0,66,3) common (21-100)
4016,0.75602645,0.24397355,0,275,4) very common (100+)
4017,0.42711326,0.5728867,1,19,2) rare (6-20)
4018,0.854644,0.145356,0,421,4) very common (100+)
4019,0.7248428,0.2751572,0,2,1) very rare (1-5)
4020,0.5513312,0.44866878,1,2,1) very rare (1-5)
4021,0.39718994,0.60281,1,1,1) very rare (1-5)
4022,0.661673,0.338327,1,21,3) common (21-100)
4023,0.48884714,0.51115286,1,38,3) common (21-100)
4024,0.22299996,0.77700007,1,6,2) rare (6-20)
4025,0.14658432,0.85341567,1,1,1) very rare (1-5)
4026,0.36993068,0.6300693,1,1,1) very rare (1-5)
4027,0.95715,0.042850018,0,94,3) common (21-100)
4028,0.6885321,0.3114679,1,1290,4) very common (100+)
4029,0.2827563,0.7172437,1,0,1) very rare (1-5)
4030,0.13288021,0.8671198,0,5,1) very rare (1-5)
4031,0.065586686,0.9344133,1,2,1) very rare (1-5)
4032,0.9692965,0.030703485,1,1,1) very rare (1-5)
4033,0.2433732,0.7566268,0,3,1) very rare (1-5)
4034,0.08258771,0.9174123,1,0,1) very rare (1-5)
4035,0.97108704,0.028912961,1,81,3) common (21-100)
4036,0.31429356,0.68570644,1,36,3) common (21-100)
4037,0.16831328,0.83168674,1,1,1) very rare (1-5)
4038,0.14083347,0.8591665,1,0,1) very rare (1-5)
4039,0.22419952,0.77580047,1,75,3) common (21-100)
4040,0.3623568,0.6376432,0,43,3) common (21-100)
4041,0.08954208,0.9104579,1,0,1) very rare (1-5)
4042,0.9182185,0.08178151,0,17,2) rare (6-20)
4043,0.07472511,0.9252749,1,10,2) rare (6-20)
4044,0.97355676,0.026443243,1,0,1) very rare (1-5)
4045,0.91833395,0.08166605,1,17,2) rare (6-20)
4046,0.50685173,0.49314827,0,76,3) common (21-100)
4047,0.9731093,0.026890695,0,275,4) very common (100+)
4048,0.50901943,0.49098057,1,13,2) rare (6-20)
4049,0.046636138,0.95336384,1,39,3) common (21-100)
4050,0.6800307,0.3199693,0,79,3) common (21-100)
4051,0.33068326,0.66931677,0,1,1) very rare (1-5)
4052,0.8883312,0.111668825,0,1000,4) very common (100+)
4053,0.8252864,0.17471361,0,91,3) common (21-100)
4054,0.65064317,0.34935683,1,3,1) very rare (1-5)
4055,0.5234801,0.47651988,1,44,3) common (21-100)
4056,0.8705785,0.12942147,0,1290,4) very common (100+)
4057,0.9448599,0.055140078,0,17,2) rare (6-20)
4058,0.39092642,0.6090736,1,22,3) common (21-100)
4059,0.19750941,0.8024906,1,3,1) very rare (1-5)
4060,0.20431185,0.79568815,1,1,1) very rare (1-5)
4061,0.08576349,0.9142365,1,1,1) very rare (1-5)
4062,0.6458337,0.35416633,0,22,3) common (21-100)
4063,0.73002964,0.26997036,1,343,4) very common (100+)
4064,0.3033351,0.6966649,1,8,2) rare (6-20)
4065,0.4526729,0.5473271,0,89,3) common (21-100)
4066,0.7588553,0.24114472,0,142,4) very common (100+)
4067,0.50379825,0.49620175,1,268,4) very common (100+)
4068,0.9453372,0.054662824,0,1290,4) very common (100+)
4069,0.14808282,0.85191715,1,1,1) very rare (1-5)
4070,0.21861185,0.78138816,1,6,2) rare (6-20)
4071,0.55344707,0.44655293,0,88,3) common (21-100)
4072,0.121917844,0.87808216,0,14,2) rare (6-20)
4073,0.12125734,0.87874264,1,5,1) very rare (1-5)
4074,0.09042163,0.9095784,1,7,2) rare (6-20)
4075,0.07438551,0.9256145,1,0,1) very rare (1-5)
4076,0.8500463,0.14995372,0,121,4) very common (100+)
4077,0.36560768,0.6343923,0,3,1) very rare (1-5)
4078,0.4882762,0.51172376,1,1070,4) very common (100+)
4079,0.27756763,0.7224324,1,0,1) very rare (1-5)
4080,0.81899023,0.18100977,0,111,4) very common (100+)
4081,0.1567492,0.8432508,1,0,1) very rare (1-5)
4082,0.91134745,0.08865255,0,47,3) common (21-100)
4083,0.03044483,0.96955514,1,0,1) very rare (1-5)
4084,0.07576939,0.92423064,1,0,1) very rare (1-5)
4085,0.6112107,0.3887893,1,65,3) common (21-100)
4086,0.16705446,0.8329455,0,1,1) very rare (1-5)
4087,0.63315237,0.36684763,0,2,1) very rare (1-5)
4088,0.29457647,0.70542353,1,3,1) very rare (1-5)
4089,0.23709509,0.7629049,1,1,1) very rare (1-5)
4090,0.5544206,0.4455794,0,14,2) rare (6-20)
4091,0.2694388,0.7305612,1,8,2) rare (6-20)
4092,0.5432332,0.45676678,1,146,4) very common (100+)
4093,0.40398806,0.59601194,1,0,1) very rare (1-5)
4094,0.93415475,0.06584525,0,10,2) rare (6-20)
4095,0.7058943,0.2941057,0,100,3) common (21-100)
4096,0.9742934,0.02570659,0,223,4) very common (100+)
4097,0.7165786,0.2834214,0,4,1) very rare (1-5)
4098,0.25959018,0.74040985,1,0,1) very rare (1-5)
4099,0.49023327,0.5097667,1,6,2) rare (6-20)
4100,0.28513303,0.714867,1,2,1) very rare (1-5)
4101,0.080808885,0.9191911,0,3,1) very rare (1-5)
4102,0.3332536,0.6667464,0,1,1) very rare (1-5)
4103,0.96613955,0.033860445,0,343,4) very common (100+)
4104,0.3164032,0.6835968,1,1,1) very rare (1-5)
4105,0.033700116,0.9662999,1,0,1) very rare (1-5)
4106,0.096607834,0.9033922,1,0,1) very rare (1-5)
4107,0.8218007,0.17819929,1,1000,4) very common (100+)
4108,0.80307406,0.19692594,0,89,3) common (21-100)
4109,0.5127109,0.48728907,0,223,4) very common (100+)
4110,0.1315427,0.8684573,1,85,3) common (21-100)
4111,0.8118556,0.18814439,1,4,1) very rare (1-5)
4112,0.9773094,0.022690594,0,74,3) common (21-100)
4113,0.70537776,0.29462224,1,15,2) rare (6-20)
4114,0.3901534,0.6098466,1,76,3) common (21-100)
4115,0.97302383,0.026976168,0,211,4) very common (100+)
4116,0.44763762,0.5523624,1,0,1) very rare (1-5)
4117,0.10748336,0.8925166,1,13,2) rare (6-20)
4118,0.92312604,0.07687396,0,84,3) common (21-100)
4119,0.86227965,0.13772035,0,1290,4) very common (100+)
4120,0.34871536,0.65128464,1,0,1) very rare (1-5)
4121,0.8382148,0.16178519,0,9,2) rare (6-20)
4122,0.68682194,0.31317806,1,1,1) very rare (1-5)
4123,0.012595507,0.98740447,1,0,1) very rare (1-5)
4124,0.52567726,0.47432274,0,66,3) common (21-100)
4125,0.222188,0.777812,1,1,1) very rare (1-5)
4126,0.25779104,0.74220896,1,21,3) common (21-100)
4127,0.5053602,0.4946398,1,118,4) very common (100+)
4128,0.5174861,0.4825139,0,69,3) common (21-100)
4129,0.5444887,0.45551127,0,27,3) common (21-100)
4130,0.9784772,0.02152282,0,182,4) very common (100+)
4131,0.11388202,0.886118,1,2,1) very rare (1-5)
4132,0.53842604,0.46157396,0,105,4) very common (100+)
4133,0.6011982,0.3988018,1,1290,4) very common (100+)
4134,0.91682094,0.08317906,1,1070,4) very common (100+)
4135,0.31261015,0.68738985,0,19,2) rare (6-20)
4136,0.29486772,0.70513225,1,2,1) very rare (1-5)
4137,0.92380136,0.07619864,0,15,2) rare (6-20)
4138,0.04091534,0.95908463,1,0,1) very rare (1-5)
4139,0.4358043,0.5641957,1,106,4) very common (100+)
4140,0.13200974,0.86799026,1,1,1) very rare (1-5)
4141,0.48649585,0.51350415,1,63,3) common (21-100)
4142,0.069672965,0.93032706,1,1,1) very rare (1-5)
4143,0.08408403,0.91591597,1,92,3) common (21-100)
4144,0.14047123,0.8595288,1,0,1) very rare (1-5)
4145,0.18161215,0.81838787,1,1,1) very rare (1-5)
4146,0.13621746,0.8637825,1,0,1) very rare (1-5)
4147,0.5790805,0.42091948,1,23,3) common (21-100)
4148,0.77685493,0.22314507,0,4,1) very rare (1-5)
4149,0.15515101,0.844849,1,0,1) very rare (1-5)
4150,0.8727425,0.12725753,0,1000,4) very common (100+)
4151,0.30736652,0.6926335,1,1070,4) very common (100+)
4152,0.86055595,0.13944405,0,1000,4) very common (100+)
4153,0.73567045,0.26432955,0,3,1) very rare (1-5)
4154,0.26000634,0.7399937,1,2,1) very rare (1-5)
4155,0.03999453,0.96000546,1,0,1) very rare (1-5)
4156,0.5339263,0.4660737,0,1290,4) very common (100+)
4157,0.20539798,0.79460204,1,0,1) very rare (1-5)
4158,0.78234667,0.21765333,0,1,1) very rare (1-5)
4159,0.19920541,0.8007946,1,0,1) very rare (1-5)
4160,0.3169861,0.6830139,1,0,1) very rare (1-5)
4161,0.56076187,0.43923813,0,7,2) rare (6-20)
4162,0.4323801,0.5676199,1,35,3) common (21-100)
4163,0.1966448,0.8033552,1,37,3) common (21-100)
4164,0.17687121,0.8231288,0,17,2) rare (6-20)
4165,0.20316388,0.79683614,0,2,1) very rare (1-5)
4166,0.070937835,0.9290622,1,0,1) very rare (1-5)
4167,0.96209186,0.037908137,0,7,2) rare (6-20)
4168,0.8118224,0.18817759,1,89,3) common (21-100)
4169,0.09112366,0.90887636,0,275,4) very common (100+)
4170,0.02677548,0.9732245,1,1,1) very rare (1-5)
4171,0.38244185,0.6175581,0,106,4) very common (100+)
4172,0.9848465,0.015153527,0,1000,4) very common (100+)
4173,0.27551103,0.724489,1,159,4) very common (100+)
4174,0.07355077,0.92644924,1,1,1) very rare (1-5)
4175,0.49051443,0.5094856,0,1,1) very rare (1-5)
4176,0.19342081,0.8065792,1,2,1) very rare (1-5)
4177,0.96849436,0.031505644,0,15,2) rare (6-20)
4178,0.043495942,0.95650405,0,21,3) common (21-100)
4179,0.7229173,0.27708268,0,343,4) very common (100+)
4180,0.04224176,0.95775825,1,27,3) common (21-100)
4181,0.20602517,0.7939748,1,1,1) very rare (1-5)
4182,0.06770572,0.93229425,0,1,1) very rare (1-5)
4183,0.08273505,0.91726494,1,0,1) very rare (1-5)
4184,0.13515508,0.8648449,0,237,4) very common (100+)
4185,0.8118915,0.1881085,0,3,1) very rare (1-5)
4186,0.7964078,0.20359218,0,78,3) common (21-100)
4187,0.16914338,0.8308566,1,118,4) very common (100+)
4188,0.96724844,0.03275156,0,8,2) rare (6-20)
4189,0.74546957,0.25453043,1,343,4) very common (100+)
4190,0.049229406,0.9507706,1,88,3) common (21-100)
4191,0.5527597,0.4472403,1,372,4) very common (100+)
4192,0.12379778,0.8762022,0,261,4) very common (100+)
4193,0.74289477,0.25710523,0,275,4) very common (100+)
4194,0.44820935,0.55179065,1,2,1) very rare (1-5)
4195,0.18216135,0.81783867,1,8,2) rare (6-20)
4196,0.70662355,0.29337645,0,37,3) common (21-100)
4197,0.20725666,0.7927433,1,1,1) very rare (1-5)
4198,0.666392,0.33360797,1,1070,4) very common (100+)
4199,0.045080163,0.9549198,0,2,1) very rare (1-5)
4200,0.03293782,0.9670622,1,2,1) very rare (1-5)
4201,0.28711927,0.71288073,1,12,2) rare (6-20)
4202,0.9866703,0.013329685,0,85,3) common (21-100)
4203,0.6333825,0.3666175,1,1070,4) very common (100+)
4204,0.3288277,0.67117226,1,15,2) rare (6-20)
4205,0.09561102,0.90438896,1,0,1) very rare (1-5)
4206,0.67017955,0.32982045,0,2,1) very rare (1-5)
4207,0.9411665,0.05883348,0,223,4) very common (100+)
4208,0.9725929,0.02740711,1,268,4) very common (100+)
4209,0.25719845,0.74280155,1,223,4) very common (100+)
4210,0.12397659,0.8760234,1,0,1) very rare (1-5)
4211,0.19616845,0.8038316,1,0,1) very rare (1-5)
4212,0.0102888085,0.98971117,1,0,1) very rare (1-5)
4213,0.5020602,0.49793983,1,0,1) very rare (1-5)
4214,0.14569972,0.85430026,1,2,1) very rare (1-5)
4215,0.23970489,0.7602951,1,12,2) rare (6-20)
4216,0.35796195,0.64203805,0,46,3) common (21-100)
4217,0.7102024,0.2897976,1,10,2) rare (6-20)
4218,0.8542636,0.1457364,1,70,3) common (21-100)
4219,0.09877543,0.90122455,1,1,1) very rare (1-5)
4220,0.46788135,0.5321187,1,0,1) very rare (1-5)
4221,0.8623272,0.13767278,1,0,1) very rare (1-5)
4222,0.59622943,0.40377057,0,2,1) very rare (1-5)
4223,0.59857476,0.40142524,0,11,2) rare (6-20)
4224,0.26073015,0.73926985,1,160,4) very common (100+)
4225,0.12448803,0.87551194,1,2,1) very rare (1-5)
4226,0.558019,0.44198102,0,66,3) common (21-100)
4227,0.34579906,0.6542009,0,16,2) rare (6-20)
4228,0.38030952,0.6196905,1,7,2) rare (6-20)
4229,0.9041463,0.09585369,0,26,3) common (21-100)
4230,0.951845,0.04815501,0,223,4) very common (100+)
4231,0.09522772,0.9047723,1,1,1) very rare (1-5)
4232,0.20190354,0.7980965,1,0,1) very rare (1-5)
4233,0.9894684,0.010531604,0,1000,4) very common (100+)
4234,0.056571852,0.94342816,1,0,1) very rare (1-5)
4235,0.21361504,0.78638494,1,1,1) very rare (1-5)
4236,0.35834563,0.6416544,1,58,3) common (21-100)
4237,0.026626563,0.9733734,1,1,1) very rare (1-5)
4238,0.9699237,0.030076325,0,421,4) very common (100+)
4239,0.026767446,0.97323257,1,26,3) common (21-100)
4240,0.40865722,0.5913428,0,1,1) very rare (1-5)
4241,0.74423087,0.25576913,1,1,1) very rare (1-5)
4242,0.3170606,0.6829394,1,6,2) rare (6-20)
4243,0.40764397,0.592356,0,9,2) rare (6-20)
4244,0.2854708,0.71452916,0,421,4) very common (100+)
4245,0.9428865,0.05711353,0,1070,4) very common (100+)
4246,0.14567974,0.8543203,1,28,3) common (21-100)
4247,0.7721926,0.2278074,0,37,3) common (21-100)
4248,0.8760349,0.123965085,1,15,2) rare (6-20)
4249,0.10938685,0.89061314,1,1,1) very rare (1-5)
4250,0.4035988,0.5964012,1,69,3) common (21-100)
4251,0.7857567,0.2142433,1,1,1) very rare (1-5)
4252,0.22744635,0.7725537,1,4,1) very rare (1-5)
4253,0.15697517,0.84302485,1,19,2) rare (6-20)
4254,0.61290044,0.38709956,0,21,3) common (21-100)
4255,0.20799698,0.79200304,1,24,3) common (21-100)
4256,0.66097754,0.33902246,1,7,2) rare (6-20)
4257,0.41341972,0.5865803,0,700,4) very common (100+)
4258,0.44027126,0.55972874,1,0,1) very rare (1-5)
4259,0.9789115,0.021088481,0,52,3) common (21-100)
4260,0.21096663,0.78903335,0,178,4) very common (100+)
4261,0.26324818,0.7367518,1,0,1) very rare (1-5)
4262,0.8656363,0.13436371,1,2,1) very rare (1-5)
4263,0.15389927,0.84610075,1,16,2) rare (6-20)
4264,0.16789891,0.8321011,1,0,1) very rare (1-5)
4265,0.8942567,0.10574329,0,343,4) very common (100+)
4266,0.051796827,0.94820315,1,700,4) very common (100+)
4267,0.85249484,0.14750516,1,0,1) very rare (1-5)
4268,0.06458248,0.93541753,1,78,3) common (21-100)
4269,0.94248676,0.057513237,0,372,4) very common (100+)
4270,0.7513816,0.24861842,0,1070,4) very common (100+)
4271,0.89075637,0.10924363,0,3,1) very rare (1-5)
4272,0.22440901,0.775591,0,19,2) rare (6-20)
4273,0.111502066,0.88849795,1,0,1) very rare (1-5)
4274,0.49113953,0.50886047,0,3,1) very rare (1-5)
4275,0.4796254,0.5203746,0,34,3) common (21-100)
4276,0.45399213,0.5460079,0,100,3) common (21-100)
4277,0.22445507,0.77554494,1,2,1) very rare (1-5)
4278,0.33751452,0.6624855,0,1,1) very rare (1-5)
4279,0.17846374,0.82153624,1,0,1) very rare (1-5)
4280,0.7958777,0.2041223,1,166,4) very common (100+)
4281,0.17921904,0.820781,0,4,1) very rare (1-5)
4282,0.77247465,0.22752535,0,261,4) very common (100+)
4283,0.1166211,0.8833789,1,1,1) very rare (1-5)
4284,0.2807894,0.7192106,1,134,4) very common (100+)
4285,0.09151544,0.9084846,1,82,3) common (21-100)
4286,0.2993571,0.70064294,1,2,1) very rare (1-5)
4287,0.74225515,0.25774485,0,60,3) common (21-100)
4288,0.06920796,0.93079203,1,0,1) very rare (1-5)
4289,0.8512491,0.1487509,0,2,1) very rare (1-5)
4290,0.10253743,0.89746255,1,9,2) rare (6-20)
4291,0.76295835,0.23704165,1,0,1) very rare (1-5)
4292,0.1528299,0.8471701,1,4,1) very rare (1-5)
4293,0.31376436,0.68623567,1,1,1) very rare (1-5)
4294,0.34805754,0.6519425,1,4,1) very rare (1-5)
4295,0.8064351,0.19356489,1,8,2) rare (6-20)
4296,0.6559181,0.34408188,0,38,3) common (21-100)
4297,0.11850732,0.8814927,1,22,3) common (21-100)
4298,0.8966296,0.10337043,0,14,2) rare (6-20)
4299,0.30085438,0.6991456,0,43,3) common (21-100)
4300,0.09374696,0.90625304,1,0,1) very rare (1-5)
4301,0.8690833,0.13091671,1,12,2) rare (6-20)
4302,0.13153037,0.8684696,1,0,1) very rare (1-5)
4303,0.35386735,0.64613265,0,12,2) rare (6-20)
4304,0.5558678,0.4441322,1,5,1) very rare (1-5)
4305,0.55680144,0.44319856,1,49,3) common (21-100)
4306,0.9558409,0.044159114,0,1290,4) very common (100+)
4307,0.29301834,0.70698166,0,159,4) very common (100+)
4308,0.14076084,0.85923916,1,1,1) very rare (1-5)
4309,0.385448,0.614552,1,274,4) very common (100+)
4310,0.06866961,0.9313304,1,1,1) very rare (1-5)
4311,0.799385,0.20061499,1,1,1) very rare (1-5)
4312,0.7390379,0.26096213,1,268,4) very common (100+)
4313,0.9683912,0.03160882,0,91,3) common (21-100)
4314,0.6326471,0.3673529,0,10,2) rare (6-20)
4315,0.3196152,0.6803848,1,14,2) rare (6-20)
4316,0.6948691,0.3051309,0,2,1) very rare (1-5)
4317,0.88325673,0.11674327,0,1290,4) very common (100+)
4318,0.060853384,0.93914664,1,1,1) very rare (1-5)
4319,0.8879514,0.112048626,1,0,1) very rare (1-5)
4320,0.8813823,0.11861771,0,118,4) very common (100+)
4321,0.7008085,0.29919147,0,700,4) very common (100+)
4322,0.331425,0.668575,0,2,1) very rare (1-5)
4323,0.0347157,0.9652843,1,0,1) very rare (1-5)
4324,0.89676845,0.10323155,0,343,4) very common (100+)
4325,0.5410956,0.4589044,1,0,1) very rare (1-5)
4326,0.40108353,0.5989165,1,3,1) very rare (1-5)
4327,0.64739084,0.35260916,0,5,1) very rare (1-5)
4328,0.018235616,0.9817644,1,8,2) rare (6-20)
4329,0.5971879,0.40281212,0,21,3) common (21-100)
4330,0.053999227,0.94600075,0,13,2) rare (6-20)
4331,0.13221744,0.8677826,0,372,4) very common (100+)
4332,0.8491531,0.1508469,0,178,4) very common (100+)
4333,0.7841904,0.21580958,0,2,1) very rare (1-5)
4334,0.8969348,0.10306519,0,1000,4) very common (100+)
4335,0.7877745,0.2122255,1,7,2) rare (6-20)
4336,0.26467824,0.73532176,1,38,3) common (21-100)
4337,0.07300867,0.92699134,1,17,2) rare (6-20)
4338,0.86900485,0.13099515,1,7,2) rare (6-20)
4339,0.48424903,0.515751,1,76,3) common (21-100)
4340,0.5352995,0.46470052,0,160,4) very common (100+)
4341,0.45252421,0.5474758,1,36,3) common (21-100)
4342,0.50361085,0.49638915,0,421,4) very common (100+)
4343,0.13331372,0.8666863,1,5,1) very rare (1-5)
4344,0.25861344,0.74138653,1,0,1) very rare (1-5)
4345,0.56457967,0.43542033,1,3,1) very rare (1-5)
4346,0.415768,0.584232,1,14,2) rare (6-20)
4347,0.028222073,0.9717779,1,19,2) rare (6-20)
4348,0.56045246,0.43954754,0,1,1) very rare (1-5)
4349,0.10932454,0.8906755,1,1,1) very rare (1-5)
4350,0.9466395,0.05336052,1,1,1) very rare (1-5)
4351,0.94869417,0.05130583,0,7,2) rare (6-20)
4352,0.1508074,0.8491926,0,1,1) very rare (1-5)
4353,0.98227227,0.017727733,0,274,4) very common (100+)
4354,0.73874354,0.26125646,1,58,3) common (21-100)
4355,0.44720006,0.55279994,0,237,4) very common (100+)
4356,0.32914212,0.6708579,0,8,2) rare (6-20)
4357,0.23914468,0.7608553,1,0,1) very rare (1-5)
4358,0.51697737,0.48302263,1,275,4) very common (100+)
4359,0.11064666,0.88935333,0,8,2) rare (6-20)
4360,0.67053664,0.32946336,1,0,1) very rare (1-5)
4361,0.21430309,0.7856969,0,0,1) very rare (1-5)
4362,0.06435443,0.9356456,0,24,3) common (21-100)
4363,0.7814218,0.21857822,0,23,3) common (21-100)
4364,0.60940176,0.39059824,1,1290,4) very common (100+)
4365,0.4047467,0.5952533,0,9,2) rare (6-20)
4366,0.991527,0.008472979,0,71,3) common (21-100)
4367,0.121743664,0.8782563,1,0,1) very rare (1-5)
4368,0.9474214,0.052578628,0,91,3) common (21-100)
4369,0.05129516,0.94870484,1,19,2) rare (6-20)
4370,0.44633758,0.5536624,0,1070,4) very common (100+)
4371,0.8483831,0.15161687,0,13,2) rare (6-20)
4372,0.17344858,0.82655144,1,4,1) very rare (1-5)
4373,0.8618122,0.13818783,0,39,3) common (21-100)
4374,0.107677914,0.89232206,0,118,4) very common (100+)
4375,0.84971327,0.15028673,1,46,3) common (21-100)
4376,0.850276,0.149724,1,1070,4) very common (100+)
4377,0.917952,0.082048,1,0,1) very rare (1-5)
4378,0.21775427,0.78224576,0,1,1) very rare (1-5)
4379,0.9972445,0.0027555227,0,89,3) common (21-100)
4380,0.57077396,0.42922604,0,44,3) common (21-100)
4381,0.84560245,0.15439755,0,343,4) very common (100+)
4382,0.114349276,0.88565075,1,0,1) very rare (1-5)
4383,0.67971253,0.32028747,0,421,4) very common (100+)
4384,0.66827494,0.33172506,0,275,4) very common (100+)
4385,0.28644997,0.71355003,1,1,1) very rare (1-5)
4386,0.9074849,0.09251511,0,343,4) very common (100+)
4387,0.38756362,0.6124364,1,0,1) very rare (1-5)
4388,0.3600086,0.6399914,1,275,4) very common (100+)
4389,0.3992785,0.6007215,1,3,1) very rare (1-5)
4390,0.86033195,0.13966805,0,700,4) very common (100+)
4391,0.8712971,0.12870288,1,1,1) very rare (1-5)
4392,0.48405403,0.515946,1,268,4) very common (100+)
4393,0.87753636,0.12246364,0,92,3) common (21-100)
4394,0.6130395,0.3869605,0,106,4) very common (100+)
4395,0.039472427,0.9605276,1,1,1) very rare (1-5)
4396,0.8462212,0.15377879,1,146,4) very common (100+)
4397,0.6395392,0.36046082,0,7,2) rare (6-20)
4398,0.86867017,0.13132983,0,261,4) very common (100+)
4399,0.7546549,0.24534512,1,21,3) common (21-100)
4400,0.80489135,0.19510865,0,46,3) common (21-100)
4401,0.91491973,0.085080266,0,1000,4) very common (100+)
4402,0.70232135,0.29767865,0,30,3) common (21-100)
4403,0.38212517,0.61787486,1,160,4) very common (100+)
4404,0.60899043,0.39100957,1,27,3) common (21-100)
4405,0.4767485,0.52325153,1,0,1) very rare (1-5)
4406,0.6681292,0.3318708,1,107,4) very common (100+)
4407,0.8709395,0.1290605,1,25,3) common (21-100)
4408,0.08356943,0.9164306,1,0,1) very rare (1-5)
4409,0.7806292,0.21937078,0,700,4) very common (100+)
4410,0.7576281,0.24237192,0,30,3) common (21-100)
4411,0.3756939,0.6243061,0,1,1) very rare (1-5)
4412,0.616403,0.38359702,0,12,2) rare (6-20)
4413,0.6261811,0.37381887,0,6,2) rare (6-20)
4414,0.9888043,0.011195719,0,274,4) very common (100+)
4415,0.24617742,0.75382257,1,0,1) very rare (1-5)
4416,0.3713953,0.6286047,1,105,4) very common (100+)
4417,0.644114,0.35588598,0,100,3) common (21-100)
4418,0.24914937,0.7508506,0,4,1) very rare (1-5)
4419,0.06783536,0.93216467,0,3,1) very rare (1-5)
4420,0.588757,0.41124302,0,5,1) very rare (1-5)
4421,0.988366,0.011633992,0,89,3) common (21-100)
4422,0.37391722,0.6260828,0,2,1) very rare (1-5)
4423,0.7332442,0.26675582,0,146,4) very common (100+)
4424,0.495712,0.50428796,0,700,4) very common (100+)
4425,0.23205857,0.7679414,1,1,1) very rare (1-5)
4426,0.6598932,0.3401068,1,0,1) very rare (1-5)
4427,0.14750184,0.8524982,1,1,1) very rare (1-5)
4428,0.28675792,0.71324205,1,1,1) very rare (1-5)
4429,0.68931085,0.31068915,1,372,4) very common (100+)
4430,0.247727,0.75227296,0,30,3) common (21-100)
4431,0.024309466,0.97569054,0,23,3) common (21-100)
4432,0.010380403,0.9896196,1,6,2) rare (6-20)
4433,0.98026514,0.01973486,0,25,3) common (21-100)
4434,0.32700947,0.67299056,1,134,4) very common (100+)
4435,0.5170295,0.48297048,0,108,4) very common (100+)
4436,0.06856069,0.9314393,0,41,3) common (21-100)
4437,0.4820922,0.5179078,0,1070,4) very common (100+)
4438,0.6497886,0.35021138,1,3,1) very rare (1-5)
4439,0.97626185,0.023738146,0,71,3) common (21-100)
4440,0.16873364,0.83126634,0,223,4) very common (100+)
4441,0.24979168,0.7502083,1,160,4) very common (100+)
4442,0.14072496,0.85927504,1,121,4) very common (100+)
4443,0.11716526,0.88283473,1,5,1) very rare (1-5)
4444,0.10885287,0.89114714,1,20,2) rare (6-20)
4445,0.4517965,0.54820347,1,1290,4) very common (100+)
4446,0.93921286,0.06078714,0,223,4) very common (100+)
4447,0.09169457,0.9083054,1,1,1) very rare (1-5)
4448,0.9162719,0.083728075,0,1070,4) very common (100+)
4449,0.0642434,0.9357566,1,0,1) very rare (1-5)
4450,0.22564928,0.7743507,0,2,1) very rare (1-5)
4451,0.9925842,0.0074157715,0,1000,4) very common (100+)
4452,0.6677281,0.33227187,0,1070,4) very common (100+)
4453,0.80179095,0.19820905,0,134,4) very common (100+)
4454,0.64090306,0.35909694,1,2,1) very rare (1-5)
4455,0.22742938,0.7725706,1,28,3) common (21-100)
4456,0.63500506,0.36499494,1,0,1) very rare (1-5)
4457,0.9367801,0.063219905,0,118,4) very common (100+)
4458,0.75845015,0.24154985,0,105,4) very common (100+)
4459,0.18840736,0.81159264,1,33,3) common (21-100)
4460,0.8369129,0.16308713,1,261,4) very common (100+)
4461,0.46892476,0.53107524,0,6,2) rare (6-20)
4462,0.5999405,0.40005952,0,90,3) common (21-100)
4463,0.08499452,0.9150055,1,45,3) common (21-100)
4464,0.080538265,0.9194617,1,4,1) very rare (1-5)
4465,0.3478664,0.6521336,0,3,1) very rare (1-5)
4466,0.48000792,0.5199921,1,1070,4) very common (100+)
4467,0.86748224,0.13251776,0,0,1) very rare (1-5)
4468,0.4643475,0.5356525,0,60,3) common (21-100)
4469,0.16737853,0.83262146,1,0,1) very rare (1-5)
4470,0.9288375,0.07116252,0,118,4) very common (100+)
4471,0.4110427,0.5889573,0,0,1) very rare (1-5)
4472,0.23921849,0.7607815,1,0,1) very rare (1-5)
4473,0.41089666,0.58910334,0,30,3) common (21-100)
4474,0.36241758,0.6375824,1,1290,4) very common (100+)
4475,0.98405623,0.015943766,0,99,3) common (21-100)
4476,0.99136376,0.008636236,0,89,3) common (21-100)
4477,0.55188674,0.44811326,1,1,1) very rare (1-5)
4478,0.5328548,0.4671452,0,2,1) very rare (1-5)
4479,0.30828077,0.69171923,1,0,1) very rare (1-5)
4480,0.6551483,0.34485167,0,89,3) common (21-100)
4481,0.94102603,0.058973968,0,343,4) very common (100+)
4482,0.46733516,0.53266484,1,60,3) common (21-100)
4483,0.3554407,0.64455926,1,12,2) rare (6-20)
4484,0.13254406,0.86745596,1,24,3) common (21-100)
4485,0.49854797,0.501452,1,1070,4) very common (100+)
4486,0.046383582,0.95361644,1,0,1) very rare (1-5)
4487,0.54598105,0.45401895,1,91,3) common (21-100)
4488,0.69639236,0.30360764,0,343,4) very common (100+)
4489,0.21640061,0.7835994,1,16,2) rare (6-20)
4490,0.10641118,0.89358884,1,2,1) very rare (1-5)
4491,0.6023883,0.39761168,1,1070,4) very common (100+)
4492,0.713924,0.286076,0,1000,4) very common (100+)
4493,0.28290826,0.71709174,1,268,4) very common (100+)
4494,0.24872532,0.7512747,1,0,1) very rare (1-5)
4495,0.1240625,0.8759375,0,1,1) very rare (1-5)
4496,0.7464316,0.2535684,0,178,4) very common (100+)
4497,0.082427606,0.9175724,1,0,1) very rare (1-5)
4498,0.37304774,0.6269523,0,700,4) very common (100+)
4499,0.04631694,0.9536831,1,1,1) very rare (1-5)
4500,0.15432946,0.8456705,0,2,1) very rare (1-5)
4501,0.42526957,0.5747304,1,5,1) very rare (1-5)
4502,0.84535414,0.15464586,0,36,3) common (21-100)
4503,0.23179318,0.76820683,1,1,1) very rare (1-5)
4504,0.19754536,0.80245465,1,0,1) very rare (1-5)
4505,0.8082097,0.19179028,1,268,4) very common (100+)
4506,0.3820244,0.6179756,1,107,4) very common (100+)
4507,0.39187527,0.60812473,1,0,1) very rare (1-5)
4508,0.24712566,0.7528744,1,159,4) very common (100+)
4509,0.33237088,0.6676291,0,1,1) very rare (1-5)
4510,0.3273556,0.6726444,1,2,1) very rare (1-5)
4511,0.4240838,0.5759162,0,33,3) common (21-100)
4512,0.18609637,0.8139036,0,3,1) very rare (1-5)
4513,0.7391255,0.2608745,0,78,3) common (21-100)
4514,0.09670202,0.90329796,1,1,1) very rare (1-5)
4515,0.16964881,0.8303512,1,24,3) common (21-100)
4516,0.048269384,0.9517306,1,20,2) rare (6-20)
4517,0.20475803,0.79524195,1,69,3) common (21-100)
4518,0.39332667,0.60667336,1,118,4) very common (100+)
4519,0.87885004,0.12114996,0,421,4) very common (100+)
4520,0.10939204,0.89060795,1,76,3) common (21-100)
4521,0.26093933,0.73906064,1,36,3) common (21-100)
4522,0.6297136,0.3702864,0,142,4) very common (100+)
4523,0.5843145,0.41568547,1,5,1) very rare (1-5)
4524,0.6129502,0.3870498,0,1070,4) very common (100+)
4525,0.44201156,0.5579884,1,3,1) very rare (1-5)
4526,0.24765582,0.7523442,1,58,3) common (21-100)
4527,0.21480058,0.7851994,1,2,1) very rare (1-5)
4528,0.14234698,0.857653,1,38,3) common (21-100)
4529,0.8517417,0.14825833,0,421,4) very common (100+)
4530,0.16396236,0.83603764,0,17,2) rare (6-20)
4531,0.018086024,0.981914,1,8,2) rare (6-20)
4532,0.9095653,0.09043467,1,3,1) very rare (1-5)
4533,0.85590816,0.14409184,1,1,1) very rare (1-5)
4534,0.2993092,0.7006908,1,1290,4) very common (100+)
4535,0.052717347,0.9472827,0,23,3) common (21-100)
4536,0.92114556,0.07885444,0,372,4) very common (100+)
4537,0.32955635,0.67044365,1,29,3) common (21-100)
4538,0.21143351,0.78856647,1,2,1) very rare (1-5)
4539,0.935355,0.06464499,1,5,1) very rare (1-5)
4540,0.67576355,0.32423645,1,160,4) very common (100+)
4541,0.69019383,0.30980617,0,0,1) very rare (1-5)
4542,0.7696205,0.23037952,1,6,2) rare (6-20)
4543,0.29483253,0.7051675,0,16,2) rare (6-20)
4544,0.2301342,0.7698658,1,3,1) very rare (1-5)
4545,0.719729,0.280271,1,89,3) common (21-100)
4546,0.78697526,0.21302474,0,1000,4) very common (100+)
4547,0.55325884,0.44674116,0,58,3) common (21-100)
4548,0.20511009,0.7948899,0,28,3) common (21-100)
4549,0.6028253,0.39717472,1,5,1) very rare (1-5)
4550,0.090658344,0.90934163,0,421,4) very common (100+)
4551,0.526609,0.473391,0,26,3) common (21-100)
4552,0.65160656,0.34839344,1,1,1) very rare (1-5)
4553,0.47656676,0.5234332,1,160,4) very common (100+)
4554,0.5627124,0.43728763,1,118,4) very common (100+)
4555,0.5148984,0.48510158,0,1290,4) very common (100+)
4556,0.9725859,0.027414083,0,1000,4) very common (100+)
4557,0.02913431,0.97086567,0,10,2) rare (6-20)
4558,0.97016853,0.029831469,0,99,3) common (21-100)
4559,0.9194604,0.080539584,0,1290,4) very common (100+)
4560,0.8721212,0.12787879,0,1070,4) very common (100+)
4561,0.66098905,0.33901095,0,1070,4) very common (100+)
4562,0.57383376,0.42616624,0,134,4) very common (100+)
4563,0.91562027,0.08437973,0,142,4) very common (100+)
4564,0.8595307,0.14046931,1,70,3) common (21-100)
4565,0.6848446,0.3151554,0,85,3) common (21-100)
4566,0.4231259,0.57687414,1,1070,4) very common (100+)
4567,0.13035975,0.86964023,1,1,1) very rare (1-5)
4568,0.9779091,0.022090912,0,1000,4) very common (100+)
4569,0.04879526,0.9512047,1,6,2) rare (6-20)
4570,0.19524501,0.804755,1,0,1) very rare (1-5)
4571,0.57081014,0.42918986,0,1290,4) very common (100+)
4572,0.7522974,0.2477026,0,5,1) very rare (1-5)
4573,0.60124093,0.39875907,0,1290,4) very common (100+)
4574,0.45368472,0.5463153,0,275,4) very common (100+)
4575,0.31999782,0.6800022,1,14,2) rare (6-20)
4576,0.41654825,0.58345175,1,146,4) very common (100+)
4577,0.22687884,0.7731212,0,1,1) very rare (1-5)
4578,0.8381202,0.16187978,1,8,2) rare (6-20)
4579,0.7844387,0.21556127,0,3,1) very rare (1-5)
4580,0.81574917,0.18425083,1,1070,4) very common (100+)
4581,0.5948319,0.40516812,0,223,4) very common (100+)
4582,0.51404643,0.48595357,0,1,1) very rare (1-5)
4583,0.82888794,0.17111206,0,108,4) very common (100+)
4584,0.4682419,0.53175807,1,3,1) very rare (1-5)
4585,0.18615736,0.81384265,1,159,4) very common (100+)
4586,0.1744399,0.8255601,1,275,4) very common (100+)
4587,0.08896745,0.91103256,1,5,1) very rare (1-5)
4588,0.031846575,0.9681534,1,1,1) very rare (1-5)
4589,0.5806907,0.41930932,0,66,3) common (21-100)
4590,0.5602667,0.43973333,1,1070,4) very common (100+)
4591,0.67939574,0.32060426,1,107,4) very common (100+)
4592,0.4466866,0.5533134,0,2,1) very rare (1-5)
4593,0.81675255,0.18324745,1,1070,4) very common (100+)
4594,0.13236287,0.86763716,0,91,3) common (21-100)
4595,0.8332769,0.16672307,0,66,3) common (21-100)
4596,0.34541193,0.6545881,1,3,1) very rare (1-5)
4597,0.7288037,0.2711963,0,0,1) very rare (1-5)
4598,0.898692,0.10130799,1,111,4) very common (100+)
4599,0.9095892,0.09041083,0,700,4) very common (100+)
4600,0.86267966,0.13732034,0,46,3) common (21-100)
4601,0.9874194,0.012580574,0,211,4) very common (100+)
4602,0.035759553,0.96424043,1,1,1) very rare (1-5)
4603,0.04178923,0.95821077,1,0,1) very rare (1-5)
4604,0.34232277,0.65767723,1,26,3) common (21-100)
4605,0.12821466,0.87178534,1,13,2) rare (6-20)
4606,0.12760836,0.87239164,1,274,4) very common (100+)
4607,0.23942672,0.76057327,1,24,3) common (21-100)
4608,0.7180323,0.2819677,0,1070,4) very common (100+)
4609,0.45422858,0.5457714,1,44,3) common (21-100)
4610,0.40956312,0.5904369,0,166,4) very common (100+)
4611,0.25587267,0.74412733,1,47,3) common (21-100)
4612,0.14570011,0.8542999,0,0,1) very rare (1-5)
4613,0.06641573,0.9335843,1,3,1) very rare (1-5)
4614,0.7391481,0.26085192,0,10,2) rare (6-20)
4615,0.5367209,0.46327913,1,1,1) very rare (1-5)
4616,0.49730402,0.502696,1,0,1) very rare (1-5)
4617,0.6003773,0.39962268,0,28,3) common (21-100)
4618,0.16837955,0.83162045,1,1,1) very rare (1-5)
4619,0.8839021,0.11609793,1,166,4) very common (100+)
4620,0.097086854,0.90291315,1,3,1) very rare (1-5)
4621,0.2937888,0.7062112,1,100,3) common (21-100)
4622,0.43438226,0.56561774,0,7,2) rare (6-20)
4623,0.5976431,0.40235692,0,12,2) rare (6-20)
4624,0.43626246,0.5637375,0,15,2) rare (6-20)
4625,0.59748036,0.40251964,0,1070,4) very common (100+)
4626,0.040928442,0.9590716,1,1,1) very rare (1-5)
4627,0.662387,0.337613,1,26,3) common (21-100)
4628,0.755193,0.244807,1,12,2) rare (6-20)
4629,0.36518687,0.63481313,1,2,1) very rare (1-5)
4630,0.7542649,0.24573511,0,4,1) very rare (1-5)
4631,0.47391194,0.52608806,1,51,3) common (21-100)
4632,0.5333035,0.4666965,0,160,4) very common (100+)
4633,0.71201134,0.28798866,0,6,2) rare (6-20)
4634,0.59972197,0.40027803,0,6,2) rare (6-20)
4635,0.2182832,0.7817168,1,1000,4) very common (100+)
4636,0.91374564,0.08625436,0,105,4) very common (100+)
4637,0.7437069,0.25629312,1,1000,4) very common (100+)
4638,0.84933144,0.15066856,0,123,4) very common (100+)
4639,0.05266091,0.9473391,1,0,1) very rare (1-5)
4640,0.17039591,0.8296041,1,15,2) rare (6-20)
4641,0.27941674,0.72058326,1,0,1) very rare (1-5)
4642,0.9697725,0.030227482,0,1000,4) very common (100+)
4643,0.14554213,0.85445786,1,99,3) common (21-100)
4644,0.5203655,0.47963452,1,0,1) very rare (1-5)
4645,0.15610541,0.8438946,1,0,1) very rare (1-5)
4646,0.97964305,0.020356953,0,15,2) rare (6-20)
4647,0.72856444,0.27143556,1,89,3) common (21-100)
4648,0.37715435,0.62284565,1,28,3) common (21-100)
4649,0.82544273,0.17455727,0,261,4) very common (100+)
4650,0.060645964,0.93935406,1,0,1) very rare (1-5)
4651,0.4813428,0.5186572,0,4,1) very rare (1-5)
4652,0.5401953,0.4598047,1,89,3) common (21-100)
4653,0.4701178,0.5298822,1,40,3) common (21-100)
4654,0.017533725,0.9824663,1,5,1) very rare (1-5)
4655,0.526847,0.473153,1,1,1) very rare (1-5)
4656,0.9533273,0.0466727,0,700,4) very common (100+)
4657,0.83144665,0.16855335,0,100,3) common (21-100)
4658,0.10820866,0.89179134,1,0,1) very rare (1-5)
4659,0.25254098,0.74745905,0,2,1) very rare (1-5)
4660,0.056250528,0.9437495,1,261,4) very common (100+)
4661,0.16981578,0.8301842,1,1,1) very rare (1-5)
4662,0.14638586,0.85361415,1,0,1) very rare (1-5)
4663,0.5563132,0.44368678,0,0,1) very rare (1-5)
4664,0.05811076,0.9418892,1,0,1) very rare (1-5)
4665,0.43144548,0.5685545,1,4,1) very rare (1-5)
4666,0.043933045,0.95606697,0,372,4) very common (100+)
4667,0.45930707,0.5406929,1,118,4) very common (100+)
4668,0.4615581,0.5384419,0,2,1) very rare (1-5)
4669,0.54448485,0.45551515,1,1,1) very rare (1-5)
4670,0.8233611,0.1766389,1,27,3) common (21-100)
4671,0.9404306,0.05956942,0,99,3) common (21-100)
4672,0.97077864,0.029221356,0,102,4) very common (100+)
4673,0.102238916,0.8977611,0,60,3) common (21-100)
4674,0.7269388,0.27306122,0,134,4) very common (100+)
4675,0.5280421,0.47195792,0,105,4) very common (100+)
4676,0.528735,0.47126502,1,18,2) rare (6-20)
4677,0.96075284,0.039247155,0,25,3) common (21-100)
4678,0.01663082,0.9833692,1,2,1) very rare (1-5)
4679,0.9337986,0.06620139,0,105,4) very common (100+)
4680,0.13181342,0.8681866,1,2,1) very rare (1-5)
4681,0.6751985,0.3248015,0,142,4) very common (100+)
4682,0.31155172,0.6884483,0,5,1) very rare (1-5)
4683,0.26050615,0.73949385,1,5,1) very rare (1-5)
4684,0.75072634,0.24927366,1,9,2) rare (6-20)
4685,0.6502259,0.34977412,1,1290,4) very common (100+)
4686,0.2322498,0.7677502,0,178,4) very common (100+)
4687,0.278649,0.721351,0,142,4) very common (100+)
4688,0.198302,0.80169797,1,0,1) very rare (1-5)
4689,0.8272544,0.17274559,0,178,4) very common (100+)
4690,0.2341753,0.7658247,0,28,3) common (21-100)
4691,0.7473209,0.2526791,0,15,2) rare (6-20)
4692,0.8344086,0.16559142,1,1290,4) very common (100+)
4693,0.040309947,0.95969003,1,66,3) common (21-100)
4694,0.051443487,0.94855654,1,2,1) very rare (1-5)
4695,0.74293387,0.25706613,0,1290,4) very common (100+)
4696,0.84671944,0.15328056,1,0,1) very rare (1-5)
4697,0.4581243,0.5418757,1,1,1) very rare (1-5)
4698,0.09753977,0.9024602,0,79,3) common (21-100)
4699,0.23081847,0.76918155,1,41,3) common (21-100)
4700,0.27707243,0.7229276,0,166,4) very common (100+)
4701,0.55174875,0.44825125,1,1,1) very rare (1-5)
4702,0.91340536,0.08659464,1,118,4) very common (100+)
4703,0.99095505,0.009044945,0,1000,4) very common (100+)
4704,0.27934852,0.7206515,0,18,2) rare (6-20)
4705,0.48630914,0.5136908,1,15,2) rare (6-20)
4706,0.7350975,0.26490247,1,0,1) very rare (1-5)
4707,0.597431,0.402569,1,0,1) very rare (1-5)
4708,0.29597673,0.70402324,1,70,3) common (21-100)
4709,0.13735905,0.862641,1,1,1) very rare (1-5)
4710,0.8279064,0.17209357,0,17,2) rare (6-20)
4711,0.7127006,0.2872994,1,23,3) common (21-100)
4712,0.73817575,0.26182425,0,275,4) very common (100+)
4713,0.47458932,0.52541065,1,4,1) very rare (1-5)
4714,0.3285096,0.67149043,1,3,1) very rare (1-5)
4715,0.9632205,0.036779523,0,118,4) very common (100+)
4716,0.4054859,0.59451413,1,0,1) very rare (1-5)
4717,0.67446184,0.32553816,0,21,3) common (21-100)
4718,0.23460926,0.76539075,1,24,3) common (21-100)
4719,0.930335,0.069665015,0,237,4) very common (100+)
4720,0.041023202,0.9589768,1,0,1) very rare (1-5)
4721,0.9782185,0.021781504,0,1000,4) very common (100+)
4722,0.1404027,0.8595973,1,7,2) rare (6-20)
4723,0.13694967,0.86305034,0,1,1) very rare (1-5)
4724,0.58564764,0.41435236,0,5,1) very rare (1-5)
4725,0.5871369,0.41286308,1,11,2) rare (6-20)
4726,0.31748223,0.68251777,0,66,3) common (21-100)
4727,0.32048282,0.67951715,1,65,3) common (21-100)
4728,0.8238289,0.17617112,0,2,1) very rare (1-5)
4729,0.6432907,0.3567093,0,66,3) common (21-100)
4730,0.5027604,0.4972396,1,70,3) common (21-100)
4731,0.6311432,0.3688568,1,10,2) rare (6-20)
4732,0.985851,0.01414901,0,89,3) common (21-100)
4733,0.7792166,0.22078341,1,7,2) rare (6-20)
4734,0.9789252,0.021074772,0,182,4) very common (100+)
4735,0.22776377,0.7722362,1,5,1) very rare (1-5)
4736,0.27257237,0.7274276,1,0,1) very rare (1-5)
4737,0.083834164,0.9161658,1,124,4) very common (100+)
4738,0.38457835,0.61542165,1,1,1) very rare (1-5)
4739,0.5261108,0.47388917,1,0,1) very rare (1-5)
4740,0.10518385,0.89481616,0,22,3) common (21-100)
4741,0.2202059,0.7797941,1,4,1) very rare (1-5)
4742,0.6437437,0.3562563,0,34,3) common (21-100)
4743,0.71388215,0.28611785,1,17,2) rare (6-20)
4744,0.19856323,0.8014368,0,0,1) very rare (1-5)
4745,0.075344235,0.9246558,1,0,1) very rare (1-5)
4746,0.65098673,0.34901327,1,146,4) very common (100+)
4747,0.18346384,0.8165362,1,0,1) very rare (1-5)
4748,0.9597091,0.040290892,0,18,2) rare (6-20)
4749,0.3012211,0.69877887,0,15,2) rare (6-20)
4750,0.55706745,0.44293255,1,1070,4) very common (100+)
4751,0.4632808,0.5367192,1,1,1) very rare (1-5)
4752,0.95204973,0.047950268,0,1070,4) very common (100+)
4753,0.38105074,0.6189493,0,56,3) common (21-100)
4754,0.25293165,0.74706835,0,5,1) very rare (1-5)
4755,0.88750297,0.11249703,0,275,4) very common (100+)
4756,0.57107776,0.42892224,0,105,4) very common (100+)
4757,0.3088454,0.6911546,1,0,1) very rare (1-5)
4758,0.22979927,0.7702007,1,0,1) very rare (1-5)
4759,0.07725076,0.9227492,1,0,1) very rare (1-5)
4760,0.484021,0.515979,1,123,4) very common (100+)
4761,0.55957425,0.44042575,1,62,3) common (21-100)
4762,0.039779548,0.96022046,1,0,1) very rare (1-5)
4763,0.22676459,0.77323544,1,3,1) very rare (1-5)
4764,0.5463459,0.4536541,0,372,4) very common (100+)
4765,0.6516559,0.3483441,1,58,3) common (21-100)
4766,0.24765767,0.75234234,0,105,4) very common (100+)
4767,0.13424271,0.8657573,1,70,3) common (21-100)
4768,0.27240282,0.7275972,1,0,1) very rare (1-5)
4769,0.11620628,0.8837937,0,13,2) rare (6-20)
4770,0.056697786,0.9433022,1,0,1) very rare (1-5)
4771,0.14084671,0.8591533,1,27,3) common (21-100)
4772,0.22775024,0.77224976,1,4,1) very rare (1-5)
4773,0.43782976,0.56217027,1,107,4) very common (100+)
4774,0.87960875,0.12039125,0,99,3) common (21-100)
4775,0.94796365,0.052036345,0,274,4) very common (100+)
4776,0.6609551,0.33904493,0,10,2) rare (6-20)
4777,0.26210114,0.7378988,0,5,1) very rare (1-5)
4778,0.94733596,0.05266404,0,111,4) very common (100+)
4779,0.4106359,0.5893641,0,1,1) very rare (1-5)
4780,0.22283001,0.77717,0,1,1) very rare (1-5)
4781,0.9237299,0.0762701,0,421,4) very common (100+)
4782,0.8683025,0.13169748,1,52,3) common (21-100)
4783,0.07455905,0.92544097,1,0,1) very rare (1-5)
4784,0.9646747,0.03532529,0,39,3) common (21-100)
4785,0.036735587,0.9632644,1,2,1) very rare (1-5)
4786,0.6045194,0.39548057,0,268,4) very common (100+)
4787,0.9338246,0.0661754,0,1000,4) very common (100+)
4788,0.62928903,0.37071097,1,35,3) common (21-100)
4789,0.8346708,0.16532922,0,91,3) common (21-100)
4790,0.08628784,0.91371214,0,0,1) very rare (1-5)
4791,0.43094447,0.56905556,1,30,3) common (21-100)
4792,0.1431199,0.85688007,0,3,1) very rare (1-5)
4793,0.51458055,0.48541945,0,166,4) very common (100+)
4794,0.7313427,0.26865733,0,82,3) common (21-100)
4795,0.916831,0.08316898,1,66,3) common (21-100)
4796,0.5645466,0.43545341,0,237,4) very common (100+)
4797,0.21482651,0.7851735,0,13,2) rare (6-20)
4798,0.16327904,0.83672094,0,12,2) rare (6-20)
4799,0.8519615,0.1480385,0,3,1) very rare (1-5)
4800,0.22343013,0.77656984,0,1290,4) very common (100+)
4801,0.033461284,0.9665387,1,3,1) very rare (1-5)
4802,0.27861834,0.72138166,1,160,4) very common (100+)
4803,0.8145112,0.18548882,0,7,2) rare (6-20)
4804,0.029760811,0.97023916,1,0,1) very rare (1-5)
4805,0.89927375,0.10072625,0,24,3) common (21-100)
4806,0.23247324,0.76752675,1,35,3) common (21-100)
4807,0.14234446,0.8576555,0,3,1) very rare (1-5)
4808,0.3359786,0.6640214,0,15,2) rare (6-20)
4809,0.99621093,0.0037890673,0,211,4) very common (100+)
4810,0.40113539,0.5988646,1,0,1) very rare (1-5)
4811,0.10873986,0.89126015,0,71,3) common (21-100)
4812,0.6850002,0.31499982,1,0,1) very rare (1-5)
4813,0.18519087,0.81480914,0,178,4) very common (100+)
4814,0.19604424,0.8039558,1,2,1) very rare (1-5)
4815,0.19548345,0.80451655,0,3,1) very rare (1-5)
4816,0.49246538,0.5075346,1,118,4) very common (100+)
4817,0.054252233,0.9457478,1,0,1) very rare (1-5)
4818,0.64716995,0.35283005,0,19,2) rare (6-20)
4819,0.21553019,0.78446984,1,0,1) very rare (1-5)
4820,0.38400266,0.6159973,1,30,3) common (21-100)
4821,0.16579297,0.83420706,1,0,1) very rare (1-5)
4822,0.52274585,0.47725415,1,66,3) common (21-100)
4823,0.7899727,0.21002728,0,4,1) very rare (1-5)
4824,0.51662177,0.48337823,0,275,4) very common (100+)
4825,0.2137228,0.7862772,1,38,3) common (21-100)
4826,0.9928308,0.007169187,1,16,2) rare (6-20)
4827,0.6330768,0.3669232,1,2,1) very rare (1-5)
4828,0.266797,0.733203,0,421,4) very common (100+)
4829,0.05222537,0.94777465,1,3,1) very rare (1-5)
4830,0.8564265,0.14357352,0,8,2) rare (6-20)
4831,0.27431625,0.72568375,0,4,1) very rare (1-5)
4832,0.29320872,0.7067913,1,118,4) very common (100+)
4833,0.08409918,0.9159008,1,2,1) very rare (1-5)
4834,0.94727266,0.05272734,1,0,1) very rare (1-5)
4835,0.9976586,0.0023413897,0,274,4) very common (100+)
4836,0.48542747,0.5145725,0,39,3) common (21-100)
4837,0.04271471,0.9572853,1,0,1) very rare (1-5)
4838,0.8174654,0.18253458,1,0,1) very rare (1-5)
4839,0.085622914,0.9143771,1,0,1) very rare (1-5)
4840,0.5186851,0.4813149,0,18,2) rare (6-20)
4841,0.08985949,0.9101405,1,0,1) very rare (1-5)
4842,0.959855,0.04014498,0,142,4) very common (100+)
4843,0.97470164,0.025298357,0,1000,4) very common (100+)
4844,0.7245808,0.27541918,0,78,3) common (21-100)
4845,0.09939642,0.9006036,1,8,2) rare (6-20)
4846,0.26266363,0.7373364,0,0,1) very rare (1-5)
4847,0.9179879,0.08201212,0,10,2) rare (6-20)
4848,0.50062895,0.49937105,0,16,2) rare (6-20)
4849,0.13296044,0.86703956,1,8,2) rare (6-20)
4850,0.96517944,0.034820557,1,0,1) very rare (1-5)
4851,0.2690067,0.7309933,0,9,2) rare (6-20)
4852,0.8362746,0.16372538,0,1290,4) very common (100+)
4853,0.34297344,0.6570265,1,81,3) common (21-100)
4854,0.37560928,0.6243907,1,2,1) very rare (1-5)
4855,0.5495039,0.45049608,1,1000,4) very common (100+)
4856,0.13317543,0.86682457,0,41,3) common (21-100)
4857,0.7361087,0.26389128,1,1070,4) very common (100+)
4858,0.42958137,0.5704186,1,44,3) common (21-100)
4859,0.9983204,0.0016795993,0,211,4) very common (100+)
4860,0.34676966,0.6532303,1,36,3) common (21-100)
4861,0.5673226,0.4326774,1,268,4) very common (100+)
4862,0.11905198,0.880948,1,0,1) very rare (1-5)
4863,0.4382332,0.5617668,1,0,1) very rare (1-5)
4864,0.10057407,0.8994259,1,0,1) very rare (1-5)
4865,0.47967717,0.5203228,1,0,1) very rare (1-5)
4866,0.19775452,0.8022455,1,19,2) rare (6-20)
4867,0.5596509,0.4403491,0,2,1) very rare (1-5)
4868,0.49913082,0.50086915,1,1,1) very rare (1-5)
4869,0.42343357,0.57656646,1,16,2) rare (6-20)
4870,0.4366191,0.5633809,0,41,3) common (21-100)
4871,0.74725467,0.25274533,0,268,4) very common (100+)
4872,0.8161518,0.1838482,0,134,4) very common (100+)
4873,0.34524542,0.6547546,1,0,1) very rare (1-5)
4874,0.4844531,0.5155469,0,29,3) common (21-100)
4875,0.40790835,0.5920917,1,15,2) rare (6-20)
4876,0.795019,0.20498103,0,134,4) very common (100+)
4877,0.50442916,0.49557084,1,56,3) common (21-100)
4878,0.7062803,0.2937197,1,1070,4) very common (100+)
4879,0.75847566,0.24152434,1,0,1) very rare (1-5)
4880,0.87460804,0.12539196,1,19,2) rare (6-20)
4881,0.12721406,0.8727859,0,7,2) rare (6-20)
4882,0.5401118,0.45988822,1,28,3) common (21-100)
4883,0.5474609,0.4525391,1,343,4) very common (100+)
4884,0.539688,0.460312,1,0,1) very rare (1-5)
4885,0.8720791,0.12792093,0,37,3) common (21-100)
4886,0.24705191,0.7529481,0,106,4) very common (100+)
4887,0.29246458,0.7075354,1,142,4) very common (100+)
4888,0.98749185,0.012508154,0,89,3) common (21-100)
4889,0.38302982,0.6169702,1,7,2) rare (6-20)
4890,0.07718164,0.92281836,1,0,1) very rare (1-5)
4891,0.50447524,0.49552476,1,3,1) very rare (1-5)
4892,0.8372876,0.1627124,0,1000,4) very common (100+)
4893,0.060038995,0.939961,1,0,1) very rare (1-5)
4894,0.031203685,0.9687963,1,1,1) very rare (1-5)
4895,0.67845905,0.32154095,0,343,4) very common (100+)
4896,0.7112452,0.28875482,0,2,1) very rare (1-5)
4897,0.8912801,0.108719885,1,146,4) very common (100+)
4898,0.67403716,0.32596284,0,4,1) very rare (1-5)
4899,0.78907746,0.21092254,0,92,3) common (21-100)
4900,0.86198467,0.13801533,0,22,3) common (21-100)
4901,0.6333634,0.36663657,1,146,4) very common (100+)
4902,0.011469355,0.98853064,1,4,1) very rare (1-5)
4903,0.9920333,0.007966697,0,211,4) very common (100+)
4904,0.94594395,0.05405605,0,223,4) very common (100+)
4905,0.910646,0.08935398,0,10,2) rare (6-20)
4906,0.61889523,0.38110477,0,107,4) very common (100+)
4907,0.42467037,0.57532966,0,0,1) very rare (1-5)
4908,0.76012707,0.23987293,0,78,3) common (21-100)
4909,0.93248636,0.067513645,1,28,3) common (21-100)
4910,0.5083272,0.4916728,1,105,4) very common (100+)
4911,0.8245995,0.1754005,1,2,1) very rare (1-5)
4912,0.48164523,0.5183548,1,1070,4) very common (100+)
4913,0.017354079,0.9826459,1,16,2) rare (6-20)
4914,0.28272104,0.71727896,1,0,1) very rare (1-5)
4915,0.9158636,0.08413643,1,261,4) very common (100+)
4916,0.69337547,0.30662453,0,1070,4) very common (100+)
4917,0.86759573,0.13240427,0,105,4) very common (100+)
4918,0.8837885,0.116211474,0,58,3) common (21-100)
4919,0.90709937,0.092900634,0,1000,4) very common (100+)
4920,0.27056107,0.7294389,0,0,1) very rare (1-5)
4921,0.8654584,0.13454157,0,8,2) rare (6-20)
4922,0.9558037,0.044196308,0,39,3) common (21-100)
4923,0.43789274,0.56210726,0,3,1) very rare (1-5)
4924,0.0855596,0.9144404,1,118,4) very common (100+)
4925,0.55483633,0.44516367,1,89,3) common (21-100)
4926,0.3040852,0.6959148,1,11,2) rare (6-20)
4927,0.62443084,0.37556916,1,1290,4) very common (100+)
4928,0.66602874,0.33397126,1,0,1) very rare (1-5)
4929,0.49067712,0.5093229,1,343,4) very common (100+)
4930,0.43580866,0.56419134,1,1,1) very rare (1-5)
4931,0.14498541,0.85501456,1,5,1) very rare (1-5)
4932,0.25212133,0.7478787,1,0,1) very rare (1-5)
4933,0.21971199,0.780288,1,0,1) very rare (1-5)
4934,0.46950862,0.53049135,1,8,2) rare (6-20)
4935,0.998324,0.001676023,0,211,4) very common (100+)
4936,0.6551498,0.34485018,0,14,2) rare (6-20)
4937,0.4615687,0.5384313,1,14,2) rare (6-20)
4938,0.93826866,0.06173134,0,18,2) rare (6-20)
4939,0.36637774,0.6336223,0,23,3) common (21-100)
4940,0.7100687,0.2899313,1,7,2) rare (6-20)
4941,0.944754,0.055245996,1,700,4) very common (100+)
4942,0.9849978,0.015002191,0,53,3) common (21-100)
4943,0.1462368,0.8537632,1,2,1) very rare (1-5)
4944,0.33239624,0.66760373,1,160,4) very common (100+)
4945,0.14224072,0.8577593,0,0,1) very rare (1-5)
4946,0.39460286,0.6053971,0,5,1) very rare (1-5)
4947,0.05009359,0.9499064,1,1,1) very rare (1-5)
4948,0.724198,0.27580202,1,261,4) very common (100+)
4949,0.1431644,0.8568356,1,0,1) very rare (1-5)
4950,0.8999924,0.10000759,0,142,4) very common (100+)
4951,0.05479873,0.9452013,1,1,1) very rare (1-5)
4952,0.045116365,0.95488364,1,0,1) very rare (1-5)
4953,0.805938,0.194062,0,4,1) very rare (1-5)
4954,0.070160635,0.9298394,1,0,1) very rare (1-5)
4955,0.112788565,0.88721144,1,0,1) very rare (1-5)
4956,0.55743194,0.44256806,1,5,1) very rare (1-5)
4957,0.58215606,0.41784394,0,7,2) rare (6-20)
4958,0.4846443,0.5153557,1,31,3) common (21-100)
4959,0.47768846,0.52231157,1,4,1) very rare (1-5)
4960,0.9654826,0.034517407,1,36,3) common (21-100)
4961,0.7566841,0.24331588,1,343,4) very common (100+)
4962,0.46429202,0.53570795,0,23,3) common (21-100)
4963,0.56175756,0.43824244,1,178,4) very common (100+)
4964,0.39882442,0.60117555,1,0,1) very rare (1-5)
4965,0.5820543,0.41794568,1,268,4) very common (100+)
4966,0.56241786,0.43758214,1,58,3) common (21-100)
4967,0.17835544,0.82164454,0,4,1) very rare (1-5)
4968,0.57662094,0.42337906,1,8,2) rare (6-20)
4969,0.4818468,0.5181532,0,5,1) very rare (1-5)
4970,0.082148686,0.9178513,1,0,1) very rare (1-5)
4971,0.052072942,0.94792706,1,17,2) rare (6-20)
4972,0.8468305,0.15316951,1,1070,4) very common (100+)
4973,0.9490569,0.050943077,0,1000,4) very common (100+)
4974,0.30398464,0.69601536,0,159,4) very common (100+)
4975,0.45637232,0.5436277,0,274,4) very common (100+)
4976,0.14873128,0.8512687,1,9,2) rare (6-20)
4977,0.21648604,0.78351396,1,0,1) very rare (1-5)
4978,0.94364697,0.056353033,0,63,3) common (21-100)
4979,0.22826445,0.77173555,1,1290,4) very common (100+)
4980,0.2998677,0.7001323,1,2,1) very rare (1-5)
4981,0.8515684,0.1484316,0,237,4) very common (100+)
4982,0.11397243,0.8860276,0,2,1) very rare (1-5)
4983,0.9057132,0.0942868,1,0,1) very rare (1-5)
4984,0.46695155,0.53304845,1,3,1) very rare (1-5)
4985,0.19031034,0.80968964,1,3,1) very rare (1-5)
4986,0.6412226,0.3587774,1,31,3) common (21-100)
4987,0.053327296,0.9466727,1,0,1) very rare (1-5)
4988,0.25767398,0.742326,0,16,2) rare (6-20)
4989,0.33668306,0.66331697,1,8,2) rare (6-20)
4990,0.55724406,0.44275594,0,4,1) very rare (1-5)
4991,0.63471544,0.36528456,0,18,2) rare (6-20)
4992,0.01598039,0.98401964,0,3,1) very rare (1-5)
4993,0.9129959,0.087004125,1,1290,4) very common (100+)
4994,0.29088336,0.70911664,1,0,1) very rare (1-5)
4995,0.088261716,0.9117383,0,85,3) common (21-100)
4996,0.039611224,0.9603888,1,0,1) very rare (1-5)
4997,0.71851236,0.28148764,0,43,3) common (21-100)
4998,0.94005364,0.05994636,0,1000,4) very common (100+)
4999,0.37581712,0.6241829,1,0,1) very rare (1-5)
5000,0.90794986,0.092050135,0,223,4) very common (100+)
5001,0.2721922,0.72780776,1,6,2) rare (6-20)
5002,0.2853589,0.7146411,1,1,1) very rare (1-5)
5003,0.8347509,0.16524911,0,89,3) common (21-100)
5004,0.95665234,0.043347657,0,66,3) common (21-100)
5005,0.13434817,0.86565185,1,118,4) very common (100+)
5006,0.97738045,0.022619545,0,274,4) very common (100+)
