mol_idx,top_score,uq,error,frequency,tier
0,0.95664024,0.043359756,0,74,3) common (21-100)
1,0.219547,0.78045297,0,0,1) very rare (1-5)
2,0.9529374,0.047062576,0,74,3) common (21-100)
3,0.2203014,0.7796986,1,0,1) very rare (1-5)
4,0.028172731,0.97182727,1,0,1) very rare (1-5)
5,0.3597652,0.6402348,0,7,2) rare (6-20)
6,0.4625343,0.5374657,0,2,1) very rare (1-5)
7,0.83375794,0.16624206,0,23,3) common (21-100)
8,0.41755486,0.58244514,1,4,1) very rare (1-5)
9,0.26010388,0.7398961,1,0,1) very rare (1-5)
10,0.06183529,0.9381647,1,0,1) very rare (1-5)
11,0.45047244,0.5495275,0,3,1) very rare (1-5)
12,0.13127989,0.8687201,1,0,1) very rare (1-5)
13,0.7770129,0.22298712,1,0,1) very rare (1-5)
14,0.83590513,0.16409487,0,1,1) very rare (1-5)
15,0.55011255,0.44988745,1,6,2) rare (6-20)
16,0.292027,0.707973,0,5,1) very rare (1-5)
17,0.9169983,0.08300167,0,74,3) common (21-100)
18,0.79759204,0.20240796,1,2,1) very rare (1-5)
19,0.7181077,0.2818923,0,3,1) very rare (1-5)
20,0.062922254,0.93707776,1,0,1) very rare (1-5)
21,0.7417089,0.25829113,0,74,3) common (21-100)
22,0.38952425,0.6104758,1,0,1) very rare (1-5)
23,0.853878,0.14612198,1,14,2) rare (6-20)
24,0.6785204,0.32147962,0,108,4) very common (100+)
25,0.5981706,0.40182942,0,145,4) very common (100+)
26,0.096193485,0.9038065,0,7,2) rare (6-20)
27,0.29846463,0.70153534,1,20,2) rare (6-20)
28,0.1655326,0.8344674,1,10,2) rare (6-20)
29,0.21226734,0.78773266,1,0,1) very rare (1-5)
30,0.5789975,0.4210025,0,7,2) rare (6-20)
31,0.8337634,0.16623658,1,43,3) common (21-100)
32,0.20651269,0.7934873,1,1,1) very rare (1-5)
33,0.66910326,0.33089674,0,6,2) rare (6-20)
34,0.07297591,0.92702407,1,31,3) common (21-100)
35,0.15990445,0.8400955,1,0,1) very rare (1-5)
36,0.1305328,0.8694672,1,0,1) very rare (1-5)
37,0.60694647,0.39305353,1,3,1) very rare (1-5)
38,0.10970683,0.8902932,1,2,1) very rare (1-5)
39,0.46874082,0.5312592,0,84,3) common (21-100)
40,0.09680611,0.9031939,1,0,1) very rare (1-5)
41,0.08830686,0.91169316,1,0,1) very rare (1-5)
42,0.4961233,0.5038767,1,2,1) very rare (1-5)
43,0.14146109,0.8585389,0,3,1) very rare (1-5)
44,0.09482132,0.90517867,1,1,1) very rare (1-5)
45,0.43178585,0.5682142,1,0,1) very rare (1-5)
46,0.660605,0.339395,0,36,3) common (21-100)
47,0.37932804,0.620672,1,3,1) very rare (1-5)
48,0.047257446,0.9527426,0,1,1) very rare (1-5)
49,0.08949087,0.9105091,1,0,1) very rare (1-5)
50,0.14245246,0.8575475,1,8,2) rare (6-20)
51,0.81281275,0.18718725,1,2,1) very rare (1-5)
52,0.564789,0.435211,1,5,1) very rare (1-5)
53,0.75091803,0.24908197,1,44,3) common (21-100)
54,0.092375524,0.9076245,1,0,1) very rare (1-5)
55,0.17896438,0.8210356,1,3,1) very rare (1-5)
56,0.6797219,0.3202781,1,1,1) very rare (1-5)
57,0.6061127,0.39388728,0,274,4) very common (100+)
58,0.07355282,0.92644715,1,14,2) rare (6-20)
59,0.7602193,0.23978072,1,2,1) very rare (1-5)
60,0.1317021,0.86829793,0,1,1) very rare (1-5)
61,0.53036684,0.46963316,1,2,1) very rare (1-5)
62,0.67644715,0.32355285,1,123,4) very common (100+)
63,0.08415084,0.91584915,1,1,1) very rare (1-5)
64,0.6709152,0.3290848,1,30,3) common (21-100)
65,0.9681714,0.031828582,0,15,2) rare (6-20)
66,0.22020549,0.7797945,0,6,2) rare (6-20)
67,0.2318148,0.7681852,0,13,2) rare (6-20)
68,0.98738843,0.012611568,0,274,4) very common (100+)
69,0.20808922,0.79191077,1,0,1) very rare (1-5)
70,0.3237452,0.6762548,0,5,1) very rare (1-5)
71,0.3942718,0.6057282,0,14,2) rare (6-20)
72,0.030071741,0.96992826,1,2,1) very rare (1-5)
73,0.22052015,0.77947986,1,142,4) very common (100+)
74,0.17861208,0.8213879,1,0,1) very rare (1-5)
75,0.45530042,0.54469955,1,81,3) common (21-100)
76,0.2956316,0.7043684,1,30,3) common (21-100)
77,0.57190734,0.42809266,1,4,1) very rare (1-5)
78,0.21934928,0.78065073,0,2,1) very rare (1-5)
79,0.65020925,0.34979075,1,1070,4) very common (100+)
80,0.4085413,0.5914587,1,1,1) very rare (1-5)
81,0.18818222,0.81181777,1,0,1) very rare (1-5)
82,0.03786833,0.9621317,1,3,1) very rare (1-5)
83,0.91157514,0.08842486,1,1290,4) very common (100+)
84,0.07779537,0.9222046,1,1,1) very rare (1-5)
85,0.7599893,0.24001068,1,19,2) rare (6-20)
86,0.38221127,0.61778873,1,75,3) common (21-100)
87,0.011653299,0.9883467,1,24,3) common (21-100)
88,0.10561473,0.8943853,1,0,1) very rare (1-5)
89,0.34212297,0.657877,0,106,4) very common (100+)
90,0.50105304,0.49894696,0,81,3) common (21-100)
91,0.33265394,0.66734606,0,2,1) very rare (1-5)
92,0.2504215,0.7495785,1,6,2) rare (6-20)
93,0.68277764,0.31722236,1,146,4) very common (100+)
94,0.51355684,0.48644316,1,3,1) very rare (1-5)
95,0.65000874,0.34999126,0,1290,4) very common (100+)
96,0.30317765,0.69682235,1,26,3) common (21-100)
97,0.16208284,0.83791715,0,15,2) rare (6-20)
98,0.22846642,0.7715336,1,107,4) very common (100+)
99,0.7279597,0.2720403,1,1070,4) very common (100+)
100,0.29315528,0.7068447,0,96,3) common (21-100)
101,0.10391062,0.8960894,1,1,1) very rare (1-5)
102,0.62359226,0.37640774,0,118,4) very common (100+)
103,0.42720205,0.57279795,0,0,1) very rare (1-5)
104,0.9338796,0.066120386,1,54,3) common (21-100)
105,0.5965228,0.4034772,0,1290,4) very common (100+)
106,0.9957723,0.004227698,0,89,3) common (21-100)
107,0.13299428,0.8670057,1,20,2) rare (6-20)
108,0.6103694,0.38963062,0,66,3) common (21-100)
109,0.18036214,0.8196379,1,9,2) rare (6-20)
110,0.92288446,0.077115536,1,89,3) common (21-100)
111,0.2736674,0.7263326,1,16,2) rare (6-20)
112,0.050170615,0.9498294,1,0,1) very rare (1-5)
113,0.57155824,0.42844176,0,43,3) common (21-100)
114,0.10352802,0.896472,0,111,4) very common (100+)
115,0.6834524,0.31654757,0,145,4) very common (100+)
116,0.017559623,0.98244035,1,1,1) very rare (1-5)
117,0.81457293,0.18542707,0,70,3) common (21-100)
118,0.4000538,0.5999462,1,94,3) common (21-100)
119,0.9158572,0.084142804,0,123,4) very common (100+)
120,0.1631982,0.83680177,0,33,3) common (21-100)
121,0.54341567,0.45658433,1,0,1) very rare (1-5)
122,0.4733202,0.5266798,1,0,1) very rare (1-5)
123,0.9694567,0.030543327,0,700,4) very common (100+)
124,0.66132325,0.33867675,1,37,3) common (21-100)
125,0.8855206,0.11447942,0,52,3) common (21-100)
126,0.263607,0.736393,1,0,1) very rare (1-5)
127,0.28621536,0.71378464,1,2,1) very rare (1-5)
128,0.17549218,0.82450783,1,0,1) very rare (1-5)
129,0.36145213,0.6385479,0,106,4) very common (100+)
130,0.9780417,0.021958292,1,11,2) rare (6-20)
131,0.508603,0.49139702,1,2,1) very rare (1-5)
132,0.7899183,0.2100817,0,6,2) rare (6-20)
133,0.5804521,0.41954792,0,1,1) very rare (1-5)
134,0.99290085,0.0070991516,0,274,4) very common (100+)
135,0.1759431,0.82405686,1,0,1) very rare (1-5)
136,0.94606125,0.053938746,0,78,3) common (21-100)
137,0.5836143,0.4163857,1,0,1) very rare (1-5)
138,0.64257765,0.35742235,0,1290,4) very common (100+)
139,0.39307156,0.60692847,0,1070,4) very common (100+)
140,0.98497665,0.015023351,0,343,4) very common (100+)
141,0.9124966,0.08750337,0,74,3) common (21-100)
142,0.31294596,0.68705404,0,66,3) common (21-100)
143,0.41353366,0.5864663,1,2,1) very rare (1-5)
144,0.30685472,0.6931453,1,13,2) rare (6-20)
145,0.28083852,0.7191615,0,5,1) very rare (1-5)
146,0.48328322,0.5167168,1,166,4) very common (100+)
147,0.013679314,0.9863207,1,3,1) very rare (1-5)
148,0.1202455,0.8797545,0,1,1) very rare (1-5)
149,0.36163914,0.63836086,0,33,3) common (21-100)
150,0.73749375,0.26250625,0,178,4) very common (100+)
151,0.39075774,0.60924226,0,5,1) very rare (1-5)
152,0.3619322,0.63806784,0,1290,4) very common (100+)
153,0.05865486,0.94134516,0,33,3) common (21-100)
154,0.034639772,0.9653602,1,0,1) very rare (1-5)
155,0.4076465,0.59235346,1,33,3) common (21-100)
156,0.7926546,0.20734543,0,9,2) rare (6-20)
157,0.9063044,0.09369558,1,8,2) rare (6-20)
158,0.93679744,0.06320256,0,39,3) common (21-100)
159,0.5770268,0.42297322,1,4,1) very rare (1-5)
160,0.51135147,0.48864853,0,10,2) rare (6-20)
161,0.25281683,0.7471832,1,0,1) very rare (1-5)
162,0.057528026,0.942472,1,76,3) common (21-100)
163,0.3266878,0.6733122,1,4,1) very rare (1-5)
164,0.10116434,0.89883566,1,160,4) very common (100+)
165,0.05338364,0.94661635,1,4,1) very rare (1-5)
166,0.8667143,0.1332857,1,7,2) rare (6-20)
167,0.17366648,0.8263335,0,4,1) very rare (1-5)
168,0.41981718,0.5801828,0,223,4) very common (100+)
169,0.29248002,0.70752,0,8,2) rare (6-20)
170,0.42751637,0.57248366,1,0,1) very rare (1-5)
171,0.31516486,0.68483514,1,26,3) common (21-100)
172,0.6682277,0.33177233,1,1290,4) very common (100+)
173,0.6587944,0.3412056,0,105,4) very common (100+)
174,0.18001567,0.8199843,1,1,1) very rare (1-5)
175,0.20508812,0.79491186,0,2,1) very rare (1-5)
176,0.2946391,0.7053609,0,15,2) rare (6-20)
177,0.29642412,0.70357585,0,102,4) very common (100+)
178,0.9693294,0.030670583,0,1070,4) very common (100+)
179,0.8971221,0.102877915,0,15,2) rare (6-20)
180,0.91265976,0.087340236,0,1070,4) very common (100+)
181,0.43097797,0.56902206,1,79,3) common (21-100)
182,0.66719186,0.33280814,0,1070,4) very common (100+)
183,0.07119115,0.92880887,1,36,3) common (21-100)
184,0.7681931,0.23180687,0,66,3) common (21-100)
185,0.8750048,0.12499517,0,1070,4) very common (100+)
186,0.9970101,0.0029898882,0,211,4) very common (100+)
187,0.4091183,0.5908817,1,81,3) common (21-100)
188,0.043668326,0.9563317,0,10,2) rare (6-20)
189,0.29727313,0.70272684,1,1,1) very rare (1-5)
190,0.9671259,0.032874107,0,1070,4) very common (100+)
191,0.09808418,0.9019158,1,2,1) very rare (1-5)
192,0.3824461,0.6175539,1,20,2) rare (6-20)
193,0.20614867,0.7938513,0,5,1) very rare (1-5)
194,0.19260164,0.8073984,0,4,1) very rare (1-5)
195,0.64612955,0.35387045,0,4,1) very rare (1-5)
196,0.7141163,0.28588372,0,6,2) rare (6-20)
197,0.89499986,0.10500014,1,45,3) common (21-100)
198,0.50414604,0.49585396,1,108,4) very common (100+)
199,0.63724005,0.36275995,0,44,3) common (21-100)
200,0.7177965,0.2822035,1,30,3) common (21-100)
201,0.42031693,0.57968307,1,96,3) common (21-100)
202,0.86832803,0.13167197,0,70,3) common (21-100)
203,0.26398477,0.7360152,1,0,1) very rare (1-5)
204,0.049307693,0.9506923,1,2,1) very rare (1-5)
205,0.1911226,0.8088774,1,2,1) very rare (1-5)
206,0.6111375,0.3888625,1,372,4) very common (100+)
207,0.508199,0.49180102,1,0,1) very rare (1-5)
208,0.14822821,0.8517718,1,11,2) rare (6-20)
209,0.6033244,0.3966756,1,0,1) very rare (1-5)
210,0.5174911,0.4825089,0,274,4) very common (100+)
211,0.4642364,0.5357636,0,99,3) common (21-100)
212,0.35525584,0.64474416,1,5,1) very rare (1-5)
213,0.7968054,0.20319462,0,1290,4) very common (100+)
214,0.35979432,0.6402057,0,5,1) very rare (1-5)
215,0.21214479,0.7878552,1,1,1) very rare (1-5)
216,0.39118454,0.60881543,1,121,4) very common (100+)
217,0.58238393,0.41761607,1,1,1) very rare (1-5)
218,0.5661197,0.43388033,0,118,4) very common (100+)
219,0.98568255,0.014317453,0,118,4) very common (100+)
220,0.4878425,0.5121575,1,1,1) very rare (1-5)
221,0.71853524,0.28146476,0,6,2) rare (6-20)
222,0.2239099,0.7760901,1,4,1) very rare (1-5)
223,0.3062698,0.69373024,0,4,1) very rare (1-5)
224,0.14990574,0.85009426,1,1,1) very rare (1-5)
225,0.63106126,0.36893874,0,1290,4) very common (100+)
226,0.40936622,0.59063375,1,9,2) rare (6-20)
227,0.5381753,0.46182472,0,8,2) rare (6-20)
228,0.58575064,0.41424936,1,9,2) rare (6-20)
229,0.74067223,0.25932777,1,237,4) very common (100+)
230,0.5322876,0.4677124,0,261,4) very common (100+)
231,0.27276415,0.72723585,1,3,1) very rare (1-5)
232,0.34006566,0.65993434,1,3,1) very rare (1-5)
233,0.6921546,0.3078454,0,108,4) very common (100+)
234,0.5223978,0.47760218,0,118,4) very common (100+)
235,0.076160364,0.9238396,1,9,2) rare (6-20)
236,0.38226253,0.6177375,1,20,2) rare (6-20)
237,0.68790656,0.31209344,1,22,3) common (21-100)
238,0.058049448,0.94195056,1,3,1) very rare (1-5)
239,0.39601827,0.60398173,1,145,4) very common (100+)
240,0.913916,0.08608401,1,84,3) common (21-100)
241,0.5916976,0.40830243,0,33,3) common (21-100)
242,0.90775496,0.09224504,1,8,2) rare (6-20)
243,0.27335134,0.7266487,1,1,1) very rare (1-5)
244,0.18786308,0.8121369,0,39,3) common (21-100)
245,0.8141336,0.18586642,0,1070,4) very common (100+)
246,0.9574046,0.042595387,0,1070,4) very common (100+)
247,0.7857651,0.21423489,0,39,3) common (21-100)
248,0.2149195,0.7850805,0,3,1) very rare (1-5)
249,0.85991365,0.14008635,0,92,3) common (21-100)
250,0.23027124,0.7697288,1,0,1) very rare (1-5)
251,0.37458113,0.6254189,1,2,1) very rare (1-5)
252,0.22022003,0.77978,1,5,1) very rare (1-5)
253,0.86976844,0.13023156,0,421,4) very common (100+)
254,0.17776415,0.8222358,1,0,1) very rare (1-5)
255,0.31929338,0.6807066,0,0,1) very rare (1-5)
256,0.3792663,0.62073374,1,16,2) rare (6-20)
257,0.54917413,0.45082587,1,0,1) very rare (1-5)
258,0.39243346,0.60756654,0,1070,4) very common (100+)
259,0.13487832,0.86512166,1,14,2) rare (6-20)
260,0.8728095,0.12719047,0,47,3) common (21-100)
261,0.69396764,0.30603236,1,0,1) very rare (1-5)
262,0.17111413,0.82888585,0,18,2) rare (6-20)
263,0.9890042,0.010995805,0,700,4) very common (100+)
264,0.7844242,0.21557581,1,79,3) common (21-100)
265,0.9000041,0.09999591,0,178,4) very common (100+)
266,0.7794153,0.22058469,0,261,4) very common (100+)
267,0.9549187,0.045081317,0,105,4) very common (100+)
268,0.33368334,0.6663166,0,5,1) very rare (1-5)
269,0.7296411,0.27035892,0,2,1) very rare (1-5)
270,0.06335288,0.9366471,1,0,1) very rare (1-5)
271,0.09891018,0.9010898,1,6,2) rare (6-20)
272,0.6973276,0.3026724,0,19,2) rare (6-20)
273,0.72858256,0.27141744,1,0,1) very rare (1-5)
274,0.35072204,0.6492779,1,3,1) very rare (1-5)
275,0.8964959,0.10350412,0,372,4) very common (100+)
276,0.58221847,0.41778153,0,2,1) very rare (1-5)
277,0.9510515,0.048948526,0,1070,4) very common (100+)
278,0.051715452,0.94828457,1,58,3) common (21-100)
279,0.24118058,0.7588194,1,372,4) very common (100+)
280,0.79884124,0.20115876,0,1290,4) very common (100+)
281,0.45417708,0.5458229,1,0,1) very rare (1-5)
282,0.026719166,0.97328085,1,4,1) very rare (1-5)
283,0.3962718,0.6037282,1,58,3) common (21-100)
284,0.24942216,0.7505778,1,5,1) very rare (1-5)
285,0.94536877,0.054631233,1,66,3) common (21-100)
286,0.8880859,0.1119141,0,52,3) common (21-100)
287,0.6236443,0.3763557,0,178,4) very common (100+)
288,0.7120978,0.28790218,0,5,1) very rare (1-5)
289,0.7544868,0.2455132,0,29,3) common (21-100)
290,0.72490656,0.27509344,0,1290,4) very common (100+)
291,0.63040584,0.36959416,1,7,2) rare (6-20)
292,0.91876215,0.08123785,0,105,4) very common (100+)
293,0.73420995,0.26579005,1,24,3) common (21-100)
294,0.92099345,0.07900655,0,94,3) common (21-100)
295,0.84717834,0.15282166,1,0,1) very rare (1-5)
296,0.8250389,0.17496109,1,2,1) very rare (1-5)
297,0.36483607,0.6351639,1,23,3) common (21-100)
298,0.81437343,0.18562657,0,1070,4) very common (100+)
299,0.8668474,0.1331526,0,79,3) common (21-100)
300,0.05968166,0.94031835,1,0,1) very rare (1-5)
301,0.16736977,0.8326302,1,5,1) very rare (1-5)
302,0.22711138,0.7728886,1,134,4) very common (100+)
303,0.3259861,0.6740139,0,700,4) very common (100+)
304,0.096338354,0.90366167,1,0,1) very rare (1-5)
305,0.013760554,0.98623943,1,1,1) very rare (1-5)
306,0.40150124,0.59849876,0,6,2) rare (6-20)
307,0.11187445,0.88812554,1,0,1) very rare (1-5)
308,0.1409105,0.8590895,0,13,2) rare (6-20)
309,0.47394577,0.52605426,1,1,1) very rare (1-5)
310,0.90588474,0.09411526,0,11,2) rare (6-20)
311,0.33837393,0.6616261,0,1,1) very rare (1-5)
312,0.2410957,0.7589043,1,107,4) very common (100+)
313,0.3057389,0.6942611,1,28,3) common (21-100)
314,0.96015686,0.039843142,0,99,3) common (21-100)
315,0.9538848,0.04611522,1,5,1) very rare (1-5)
316,0.63271695,0.36728305,0,4,1) very rare (1-5)
317,0.4094413,0.5905587,0,0,1) very rare (1-5)
318,0.39225575,0.6077442,1,23,3) common (21-100)
319,0.7388749,0.2611251,0,6,2) rare (6-20)
320,0.6583828,0.34161723,1,268,4) very common (100+)
321,0.92634195,0.07365805,0,76,3) common (21-100)
322,0.91927403,0.08072597,0,12,2) rare (6-20)
323,0.26223755,0.73776245,1,79,3) common (21-100)
324,0.32745877,0.67254126,0,6,2) rare (6-20)
325,0.6249777,0.3750223,1,105,4) very common (100+)
326,0.9759926,0.02400738,0,182,4) very common (100+)
327,0.2060693,0.7939307,0,106,4) very common (100+)
328,0.38453773,0.6154623,1,274,4) very common (100+)
329,0.46444878,0.5355512,1,39,3) common (21-100)
330,0.14833012,0.8516699,1,268,4) very common (100+)
331,0.80997074,0.19002926,0,1290,4) very common (100+)
332,0.9524724,0.04752761,0,10,2) rare (6-20)
333,0.5319396,0.46806037,0,106,4) very common (100+)
334,0.19871005,0.8012899,1,2,1) very rare (1-5)
335,0.81213427,0.18786573,0,4,1) very rare (1-5)
336,0.15373884,0.84626114,0,1,1) very rare (1-5)
337,0.6888564,0.31114358,0,14,2) rare (6-20)
338,0.7044607,0.29553932,1,0,1) very rare (1-5)
339,0.12976582,0.8702342,1,3,1) very rare (1-5)
340,0.48242995,0.51757,0,1070,4) very common (100+)
341,0.66034454,0.33965546,0,1290,4) very common (100+)
342,0.7117766,0.2882234,1,38,3) common (21-100)
343,0.6863639,0.31363612,1,23,3) common (21-100)
344,0.5356626,0.4643374,0,372,4) very common (100+)
345,0.34619346,0.65380657,1,1,1) very rare (1-5)
346,0.78626776,0.21373224,0,700,4) very common (100+)
347,0.7028828,0.29711717,0,121,4) very common (100+)
348,0.19837865,0.8016213,0,58,3) common (21-100)
349,0.6563804,0.34361959,0,3,1) very rare (1-5)
350,0.67784244,0.32215756,1,268,4) very common (100+)
351,0.7627137,0.23728633,0,13,2) rare (6-20)
352,0.12630796,0.87369204,1,0,1) very rare (1-5)
353,0.9381903,0.06180972,0,85,3) common (21-100)
354,0.36174276,0.63825727,0,2,1) very rare (1-5)
355,0.09524422,0.9047558,1,0,1) very rare (1-5)
356,0.53322256,0.46677744,1,49,3) common (21-100)
357,0.7362882,0.2637118,0,700,4) very common (100+)
358,0.9249577,0.07504231,0,46,3) common (21-100)
359,0.59643406,0.40356594,1,1,1) very rare (1-5)
360,0.30775732,0.6922427,0,23,3) common (21-100)
361,0.45465034,0.54534966,1,81,3) common (21-100)
362,0.73480654,0.26519346,0,1070,4) very common (100+)
363,0.34859335,0.65140665,0,108,4) very common (100+)
364,0.37786347,0.62213653,1,1290,4) very common (100+)
365,0.6225934,0.3774066,1,58,3) common (21-100)
366,0.16650613,0.8334939,1,4,1) very rare (1-5)
367,0.22915536,0.77084464,0,145,4) very common (100+)
368,0.6102089,0.38979107,0,1290,4) very common (100+)
369,0.028600318,0.97139966,1,0,1) very rare (1-5)
370,0.895563,0.10443699,1,16,2) rare (6-20)
371,0.12269751,0.87730247,1,1,1) very rare (1-5)
372,0.31922305,0.68077695,1,1290,4) very common (100+)
373,0.60187656,0.39812344,0,166,4) very common (100+)
374,0.5644837,0.4355163,0,1070,4) very common (100+)
375,0.32593396,0.67406607,1,1,1) very rare (1-5)
376,0.74456686,0.25543314,0,74,3) common (21-100)
377,0.84805894,0.15194106,0,142,4) very common (100+)
378,0.83640647,0.16359353,1,99,3) common (21-100)
379,0.23624319,0.7637568,1,24,3) common (21-100)
380,0.45726702,0.54273295,0,12,2) rare (6-20)
381,0.098758064,0.90124196,0,6,2) rare (6-20)
382,0.4948427,0.5051573,1,166,4) very common (100+)
383,0.17659408,0.8234059,0,3,1) very rare (1-5)
384,0.5103926,0.4896074,1,166,4) very common (100+)
385,0.8460882,0.15391183,1,17,2) rare (6-20)
386,0.40754777,0.5924522,0,421,4) very common (100+)
387,0.282208,0.71779203,1,3,1) very rare (1-5)
388,0.2693694,0.73063064,1,3,1) very rare (1-5)
389,0.5595641,0.4404359,0,160,4) very common (100+)
390,0.06632766,0.9336723,1,0,1) very rare (1-5)
391,0.4645475,0.5354525,0,78,3) common (21-100)
392,0.18386282,0.8161372,1,0,1) very rare (1-5)
393,0.96083736,0.039162636,1,275,4) very common (100+)
394,0.5717151,0.42828488,1,118,4) very common (100+)
395,0.11970006,0.8802999,0,0,1) very rare (1-5)
396,0.34825662,0.6517434,0,1,1) very rare (1-5)
397,0.8265602,0.1734398,0,142,4) very common (100+)
398,0.17478812,0.8252119,1,0,1) very rare (1-5)
399,0.111066975,0.888933,1,36,3) common (21-100)
400,0.40323347,0.59676653,1,372,4) very common (100+)
401,0.6035027,0.3964973,0,55,3) common (21-100)
402,0.7383999,0.26160008,1,3,1) very rare (1-5)
403,0.96803737,0.031962633,0,78,3) common (21-100)
404,0.6271183,0.3728817,0,700,4) very common (100+)
405,0.36732832,0.6326717,1,70,3) common (21-100)
406,0.90075433,0.09924567,0,421,4) very common (100+)
407,0.3156362,0.68436384,1,107,4) very common (100+)
408,0.16359957,0.83640045,1,96,3) common (21-100)
409,0.92728543,0.07271457,0,237,4) very common (100+)
410,0.7512115,0.24878848,0,124,4) very common (100+)
411,0.31789267,0.6821073,1,39,3) common (21-100)
412,0.20696023,0.7930398,0,2,1) very rare (1-5)
413,0.3386707,0.66132927,0,237,4) very common (100+)
414,0.018331751,0.98166823,1,2,1) very rare (1-5)
415,0.8638322,0.13616782,0,159,4) very common (100+)
416,0.49662477,0.50337523,1,39,3) common (21-100)
417,0.7431271,0.2568729,1,1290,4) very common (100+)
418,0.83413136,0.16586864,1,6,2) rare (6-20)
419,0.9375627,0.062437296,0,124,4) very common (100+)
420,0.11050167,0.88949835,1,49,3) common (21-100)
421,0.037394263,0.9626057,1,0,1) very rare (1-5)
422,0.3108544,0.68914557,0,2,1) very rare (1-5)
423,0.54051065,0.45948935,1,118,4) very common (100+)
424,0.32408938,0.6759106,0,18,2) rare (6-20)
425,0.8232311,0.1767689,1,4,1) very rare (1-5)
426,0.24327148,0.75672853,1,66,3) common (21-100)
427,0.52635384,0.47364616,1,0,1) very rare (1-5)
428,0.26520973,0.73479027,1,32,3) common (21-100)
429,0.5186741,0.48132592,0,343,4) very common (100+)
430,0.81465346,0.18534654,1,41,3) common (21-100)
431,0.6946747,0.30532533,0,1290,4) very common (100+)
432,0.47270614,0.52729386,0,58,3) common (21-100)
433,0.17572653,0.82427347,0,2,1) very rare (1-5)
434,0.94072086,0.059279144,1,70,3) common (21-100)
435,0.23192047,0.7680795,1,2,1) very rare (1-5)
436,0.53684795,0.46315205,1,1,1) very rare (1-5)
437,0.025691276,0.9743087,1,0,1) very rare (1-5)
438,0.44382736,0.5561726,1,24,3) common (21-100)
439,0.7789516,0.22104841,1,42,3) common (21-100)
440,0.6943259,0.30567408,0,372,4) very common (100+)
441,0.46099967,0.53900033,1,0,1) very rare (1-5)
442,0.66916984,0.33083016,0,1070,4) very common (100+)
443,0.88374066,0.11625934,0,237,4) very common (100+)
444,0.11734939,0.8826506,0,0,1) very rare (1-5)
445,0.097026475,0.90297353,1,3,1) very rare (1-5)
446,0.87599283,0.124007165,0,1290,4) very common (100+)
447,0.94225436,0.057745636,1,12,2) rare (6-20)
448,0.3167472,0.6832528,0,105,4) very common (100+)
449,0.8252307,0.17476928,0,86,3) common (21-100)
450,0.8835388,0.11646122,0,47,3) common (21-100)
451,0.4539919,0.5460081,1,123,4) very common (100+)
452,0.29562986,0.70437014,1,49,3) common (21-100)
453,0.07471513,0.92528486,1,12,2) rare (6-20)
454,0.036263134,0.9637369,1,8,2) rare (6-20)
455,0.11384236,0.88615763,1,0,1) very rare (1-5)
456,0.13307834,0.86692166,0,7,2) rare (6-20)
457,0.33455387,0.66544616,0,5,1) very rare (1-5)
458,0.9508168,0.04918319,0,211,4) very common (100+)
459,0.4046649,0.5953351,1,20,2) rare (6-20)
460,0.13371609,0.8662839,1,0,1) very rare (1-5)
461,0.8294914,0.17050862,0,700,4) very common (100+)
462,0.17711455,0.82288545,1,1,1) very rare (1-5)
463,0.83810616,0.16189384,0,5,1) very rare (1-5)
464,0.91034335,0.08965665,0,1290,4) very common (100+)
465,0.3831041,0.6168959,1,0,1) very rare (1-5)
466,0.69875944,0.30124056,0,42,3) common (21-100)
467,0.11637296,0.88362706,1,4,1) very rare (1-5)
468,0.99596894,0.004031062,0,211,4) very common (100+)
469,0.16556942,0.8344306,0,0,1) very rare (1-5)
470,0.9228666,0.07713342,0,700,4) very common (100+)
471,0.4636526,0.5363474,1,34,3) common (21-100)
472,0.6929871,0.30701292,0,223,4) very common (100+)
473,0.17633241,0.8236676,1,0,1) very rare (1-5)
474,0.08651136,0.9134886,1,0,1) very rare (1-5)
475,0.4957663,0.5042337,1,47,3) common (21-100)
476,0.786896,0.21310401,0,8,2) rare (6-20)
477,0.13496044,0.8650396,0,0,1) very rare (1-5)
478,0.46147904,0.53852093,1,13,2) rare (6-20)
479,0.2520665,0.7479335,0,0,1) very rare (1-5)
480,0.5651743,0.43482572,1,274,4) very common (100+)
481,0.22297369,0.7770263,1,0,1) very rare (1-5)
482,0.7594424,0.24055761,1,0,1) very rare (1-5)
483,0.187908,0.812092,1,70,3) common (21-100)
484,0.23908925,0.76091075,1,10,2) rare (6-20)
485,0.40258813,0.5974119,1,0,1) very rare (1-5)
486,0.06355222,0.9364478,1,58,3) common (21-100)
487,0.09487934,0.9051207,1,19,2) rare (6-20)
488,0.66092277,0.33907723,1,1,1) very rare (1-5)
489,0.28174376,0.71825624,1,6,2) rare (6-20)
490,0.9496259,0.05037409,0,1070,4) very common (100+)
491,0.14717634,0.8528237,1,2,1) very rare (1-5)
492,0.66764194,0.33235806,0,1290,4) very common (100+)
493,0.98926264,0.0107373595,0,142,4) very common (100+)
494,0.52627987,0.47372013,0,14,2) rare (6-20)
495,0.5344645,0.46553552,0,275,4) very common (100+)
496,0.7884631,0.21153688,0,23,3) common (21-100)
497,0.87506825,0.12493175,0,12,2) rare (6-20)
498,0.07594896,0.92405105,1,0,1) very rare (1-5)
499,0.66518766,0.33481234,0,37,3) common (21-100)
500,0.34136292,0.65863705,1,0,1) very rare (1-5)
501,0.100946985,0.89905304,1,0,1) very rare (1-5)
502,0.17001751,0.8299825,1,0,1) very rare (1-5)
503,0.2731147,0.7268853,1,1,1) very rare (1-5)
504,0.046455614,0.9535444,1,0,1) very rare (1-5)
505,0.50032157,0.49967843,1,0,1) very rare (1-5)
506,0.31596377,0.68403625,1,10,2) rare (6-20)
507,0.53532064,0.46467936,1,1290,4) very common (100+)
508,0.10059445,0.89940554,1,15,2) rare (6-20)
509,0.91217583,0.087824166,1,4,1) very rare (1-5)
510,0.20919684,0.7908032,1,76,3) common (21-100)
511,0.73130745,0.26869255,1,11,2) rare (6-20)
512,0.53711385,0.46288615,0,105,4) very common (100+)
513,0.80890214,0.19109786,1,62,3) common (21-100)
514,0.4295368,0.5704632,0,1290,4) very common (100+)
515,0.013644331,0.98635566,1,4,1) very rare (1-5)
516,0.10388371,0.89611626,1,36,3) common (21-100)
517,0.27243465,0.72756535,0,1,1) very rare (1-5)
518,0.72565556,0.27434444,1,6,2) rare (6-20)
519,0.29478398,0.70521605,0,46,3) common (21-100)
520,0.6898475,0.31015247,0,5,1) very rare (1-5)
521,0.7196271,0.28037292,1,0,1) very rare (1-5)
522,0.31045923,0.68954074,1,0,1) very rare (1-5)
523,0.4351317,0.56486833,1,18,2) rare (6-20)
524,0.30234772,0.6976523,1,1,1) very rare (1-5)
525,0.07901628,0.92098373,1,23,3) common (21-100)
526,0.30755857,0.69244146,0,4,1) very rare (1-5)
527,0.51867515,0.48132485,1,0,1) very rare (1-5)
528,0.75943136,0.24056864,1,2,1) very rare (1-5)
529,0.3101532,0.6898468,1,14,2) rare (6-20)
530,0.5985391,0.4014609,0,56,3) common (21-100)
531,0.50982577,0.49017423,1,2,1) very rare (1-5)
532,0.8219294,0.1780706,0,96,3) common (21-100)
533,0.3636705,0.63632953,1,2,1) very rare (1-5)
534,0.31121394,0.68878603,0,41,3) common (21-100)
535,0.5019677,0.49803227,0,62,3) common (21-100)
536,0.18144093,0.81855905,1,4,1) very rare (1-5)
537,0.6112111,0.38878888,1,1070,4) very common (100+)
538,0.59584993,0.40415007,0,36,3) common (21-100)
539,0.9467744,0.053225577,0,3,1) very rare (1-5)
540,0.15286852,0.8471315,1,372,4) very common (100+)
541,0.19884858,0.8011514,0,8,2) rare (6-20)
542,0.030287467,0.96971256,1,0,1) very rare (1-5)
543,0.55995685,0.44004315,1,21,3) common (21-100)
544,0.6118522,0.38814777,0,19,2) rare (6-20)
545,0.46980017,0.5301998,0,19,2) rare (6-20)
546,0.39066696,0.60933304,0,28,3) common (21-100)
547,0.7228334,0.2771666,0,372,4) very common (100+)
548,0.05543017,0.9445698,1,0,1) very rare (1-5)
549,0.13218127,0.8678187,1,62,3) common (21-100)
550,0.5061172,0.49388278,0,105,4) very common (100+)
551,0.18096296,0.819037,1,0,1) very rare (1-5)
552,0.4259997,0.5740003,0,6,2) rare (6-20)
553,0.36561674,0.63438326,0,2,1) very rare (1-5)
554,0.41977227,0.58022773,0,5,1) very rare (1-5)
555,0.35449156,0.6455084,0,5,1) very rare (1-5)
556,0.9346065,0.06539351,1,49,3) common (21-100)
557,0.6548851,0.3451149,1,9,2) rare (6-20)
558,0.16519573,0.8348043,0,28,3) common (21-100)
559,0.8711529,0.12884712,0,26,3) common (21-100)
560,0.51856154,0.48143846,0,15,2) rare (6-20)
561,0.50347066,0.49652934,0,106,4) very common (100+)
562,0.21578772,0.7842123,1,2,1) very rare (1-5)
563,0.36841017,0.63158983,1,0,1) very rare (1-5)
564,0.3232743,0.6767257,1,20,2) rare (6-20)
565,0.56427634,0.43572366,1,1,1) very rare (1-5)
566,0.53653204,0.46346796,1,12,2) rare (6-20)
567,0.3066996,0.69330037,1,107,4) very common (100+)
568,0.6079416,0.39205837,1,124,4) very common (100+)
569,0.85754174,0.14245826,0,7,2) rare (6-20)
570,0.12884372,0.8711563,1,5,1) very rare (1-5)
571,0.8607939,0.13920611,0,237,4) very common (100+)
572,0.10423598,0.895764,0,1,1) very rare (1-5)
573,0.19894658,0.8010534,1,16,2) rare (6-20)
574,0.56274486,0.43725514,0,1,1) very rare (1-5)
575,0.3417896,0.6582104,1,1290,4) very common (100+)
576,0.6997123,0.30028772,1,700,4) very common (100+)
577,0.36174485,0.6382551,0,5,1) very rare (1-5)
578,0.8475455,0.1524545,0,14,2) rare (6-20)
579,0.03454873,0.96545124,1,178,4) very common (100+)
580,0.110752024,0.88924795,0,372,4) very common (100+)
581,0.6374963,0.3625037,0,3,1) very rare (1-5)
582,0.42284045,0.5771595,0,70,3) common (21-100)
583,0.24986227,0.75013775,1,6,2) rare (6-20)
584,0.27341884,0.72658116,0,223,4) very common (100+)
585,0.77323836,0.22676164,1,1290,4) very common (100+)
586,0.43964317,0.56035686,1,62,3) common (21-100)
587,0.70325214,0.29674786,0,421,4) very common (100+)
588,0.09472371,0.9052763,0,159,4) very common (100+)
589,0.9735444,0.026455581,0,1000,4) very common (100+)
590,0.22029069,0.77970934,1,7,2) rare (6-20)
591,0.04780748,0.95219254,1,3,1) very rare (1-5)
592,0.8921292,0.10787082,0,237,4) very common (100+)
593,0.72919744,0.27080256,0,34,3) common (21-100)
594,0.9837134,0.016286612,0,47,3) common (21-100)
595,0.24640486,0.7535951,1,10,2) rare (6-20)
596,0.44211987,0.55788016,0,3,1) very rare (1-5)
597,0.96893555,0.03106445,0,274,4) very common (100+)
598,0.11036364,0.88963634,1,2,1) very rare (1-5)
599,0.71510977,0.28489023,0,21,3) common (21-100)
600,0.570891,0.42910898,1,17,2) rare (6-20)
601,0.19151281,0.8084872,1,1,1) very rare (1-5)
602,0.61146027,0.38853973,1,78,3) common (21-100)
603,0.804443,0.195557,1,78,3) common (21-100)
604,0.48179302,0.51820695,0,105,4) very common (100+)
605,0.9104672,0.08953279,0,10,2) rare (6-20)
606,0.48175788,0.5182421,1,3,1) very rare (1-5)
607,0.75383013,0.24616987,0,79,3) common (21-100)
608,0.7943106,0.20568937,0,275,4) very common (100+)
609,0.54237443,0.45762557,0,12,2) rare (6-20)
610,0.3218384,0.6781616,0,124,4) very common (100+)
611,0.6778967,0.32210332,0,1,1) very rare (1-5)
612,0.35763633,0.64236367,1,25,3) common (21-100)
613,0.21427119,0.7857288,1,1,1) very rare (1-5)
614,0.29410806,0.70589197,0,5,1) very rare (1-5)
615,0.5258632,0.47413683,1,142,4) very common (100+)
616,0.03896134,0.96103865,1,0,1) very rare (1-5)
617,0.4138044,0.5861956,1,76,3) common (21-100)
618,0.31185234,0.68814766,0,159,4) very common (100+)
619,0.67501104,0.32498896,0,106,4) very common (100+)
620,0.16792364,0.8320764,0,5,1) very rare (1-5)
621,0.3679676,0.6320324,0,14,2) rare (6-20)
622,0.012741109,0.9872589,1,0,1) very rare (1-5)
623,0.036459923,0.9635401,1,10,2) rare (6-20)
624,0.13882016,0.8611798,1,5,1) very rare (1-5)
625,0.37595007,0.6240499,1,86,3) common (21-100)
626,0.011474059,0.9885259,1,79,3) common (21-100)
627,0.4509831,0.5490169,1,8,2) rare (6-20)
628,0.8661061,0.1338939,1,38,3) common (21-100)
629,0.54316974,0.45683026,0,6,2) rare (6-20)
630,0.24815166,0.75184834,1,1,1) very rare (1-5)
631,0.36469027,0.6353097,1,3,1) very rare (1-5)
632,0.95134574,0.04865426,0,12,2) rare (6-20)
633,0.14831941,0.8516806,0,9,2) rare (6-20)
634,0.09583628,0.9041637,1,0,1) very rare (1-5)
635,0.35486805,0.64513195,1,2,1) very rare (1-5)
636,0.93637633,0.06362367,0,23,3) common (21-100)
637,0.3965428,0.6034572,1,0,1) very rare (1-5)
638,0.1940018,0.8059982,1,0,1) very rare (1-5)
639,0.22981107,0.7701889,0,2,1) very rare (1-5)
640,0.55267876,0.44732124,0,82,3) common (21-100)
641,0.52251464,0.47748536,0,2,1) very rare (1-5)
642,0.19656189,0.8034381,0,0,1) very rare (1-5)
643,0.40866163,0.5913384,1,1,1) very rare (1-5)
644,0.27187857,0.7281214,1,94,3) common (21-100)
645,0.8624227,0.1375773,0,2,1) very rare (1-5)
646,0.3050754,0.6949246,0,22,3) common (21-100)
647,0.19802107,0.80197895,0,4,1) very rare (1-5)
648,0.4740372,0.5259628,1,85,3) common (21-100)
649,0.44824082,0.5517592,0,13,2) rare (6-20)
650,0.37623826,0.6237618,0,15,2) rare (6-20)
651,0.29796243,0.7020376,1,1,1) very rare (1-5)
652,0.61739194,0.38260806,1,1,1) very rare (1-5)
653,0.1126228,0.8873772,1,9,2) rare (6-20)
654,0.090830535,0.90916944,1,0,1) very rare (1-5)
655,0.03938607,0.9606139,1,0,1) very rare (1-5)
656,0.9309681,0.069031894,1,8,2) rare (6-20)
657,0.60771525,0.39228475,1,268,4) very common (100+)
658,0.24070244,0.75929755,1,18,2) rare (6-20)
659,0.057112165,0.94288784,0,0,1) very rare (1-5)
660,0.321892,0.678108,0,6,2) rare (6-20)
661,0.055256397,0.94474363,1,275,4) very common (100+)
662,0.26840204,0.73159796,1,8,2) rare (6-20)
663,0.2904432,0.7095568,0,0,1) very rare (1-5)
664,0.4799428,0.5200572,0,5,1) very rare (1-5)
665,0.71128833,0.28871167,1,0,1) very rare (1-5)
666,0.77913946,0.22086054,0,100,3) common (21-100)
667,0.45724726,0.54275274,1,1,1) very rare (1-5)
668,0.94858176,0.051418245,0,118,4) very common (100+)
669,0.5085118,0.49148822,0,106,4) very common (100+)
670,0.16188458,0.83811545,1,0,1) very rare (1-5)
671,0.8156046,0.18439537,0,19,2) rare (6-20)
672,0.0868119,0.9131881,1,3,1) very rare (1-5)
673,0.91157126,0.088428736,0,1070,4) very common (100+)
674,0.38334373,0.6166563,0,0,1) very rare (1-5)
675,0.15854463,0.84145534,1,28,3) common (21-100)
676,0.42077136,0.57922864,0,5,1) very rare (1-5)
677,0.25239372,0.7476063,1,0,1) very rare (1-5)
678,0.13275738,0.86724263,0,1290,4) very common (100+)
679,0.46306556,0.53693444,0,1000,4) very common (100+)
680,0.08777153,0.91222847,1,7,2) rare (6-20)
681,0.2662979,0.73370206,1,0,1) very rare (1-5)
682,0.08860614,0.9113939,1,2,1) very rare (1-5)
683,0.699562,0.300438,0,421,4) very common (100+)
684,0.31434423,0.6856558,1,0,1) very rare (1-5)
685,0.51353717,0.48646283,0,89,3) common (21-100)
686,0.04961103,0.95038897,1,0,1) very rare (1-5)
687,0.21719532,0.78280467,1,1,1) very rare (1-5)
688,0.7813979,0.21860212,1,0,1) very rare (1-5)
689,0.08657191,0.91342807,1,2,1) very rare (1-5)
690,0.20195726,0.7980428,1,0,1) very rare (1-5)
691,0.36440453,0.63559544,1,13,2) rare (6-20)
692,0.7522356,0.24776441,0,106,4) very common (100+)
693,0.35807595,0.641924,0,7,2) rare (6-20)
694,0.6791419,0.32085812,1,28,3) common (21-100)
695,0.20890604,0.79109395,1,7,2) rare (6-20)
696,0.17238396,0.82761604,1,70,3) common (21-100)
697,0.10132813,0.89867187,0,7,2) rare (6-20)
698,0.73535573,0.26464427,0,82,3) common (21-100)
699,0.59831023,0.40168977,0,7,2) rare (6-20)
700,0.761824,0.23817599,0,5,1) very rare (1-5)
701,0.7987309,0.20126909,1,107,4) very common (100+)
702,0.28064686,0.71935314,1,7,2) rare (6-20)
703,0.17018253,0.8298175,1,1,1) very rare (1-5)
704,0.62240416,0.37759584,0,7,2) rare (6-20)
705,0.62927186,0.37072814,1,372,4) very common (100+)
706,0.017886806,0.9821132,1,0,1) very rare (1-5)
707,0.2272309,0.7727691,1,2,1) very rare (1-5)
708,0.2145243,0.78547573,1,20,2) rare (6-20)
709,0.5684762,0.4315238,0,261,4) very common (100+)
710,0.47358382,0.5264162,1,0,1) very rare (1-5)
711,0.15328251,0.8467175,1,3,1) very rare (1-5)
712,0.25731638,0.74268365,0,3,1) very rare (1-5)
713,0.06619832,0.93380165,0,96,3) common (21-100)
714,0.22824603,0.77175397,1,66,3) common (21-100)
715,0.4661849,0.5338151,1,44,3) common (21-100)
716,0.2041932,0.79580677,0,268,4) very common (100+)
717,0.8216299,0.17837012,1,1290,4) very common (100+)
718,0.27455974,0.72544026,0,6,2) rare (6-20)
719,0.35612264,0.6438774,0,4,1) very rare (1-5)
720,0.54615635,0.45384365,0,12,2) rare (6-20)
721,0.35602117,0.64397883,0,4,1) very rare (1-5)
722,0.70260835,0.29739165,1,111,4) very common (100+)
723,0.7594388,0.24056119,0,1070,4) very common (100+)
724,0.7126599,0.2873401,0,15,2) rare (6-20)
725,0.15666127,0.8433387,1,1,1) very rare (1-5)
726,0.59035444,0.40964556,0,275,4) very common (100+)
727,0.13746062,0.8625394,0,1,1) very rare (1-5)
728,0.056507353,0.94349265,1,0,1) very rare (1-5)
729,0.5272945,0.47270548,1,1070,4) very common (100+)
730,0.042390402,0.9576096,0,275,4) very common (100+)
731,0.864522,0.13547802,0,142,4) very common (100+)
732,0.6646045,0.33539551,1,41,3) common (21-100)
733,0.10488996,0.89511,1,0,1) very rare (1-5)
734,0.22072777,0.7792722,1,107,4) very common (100+)
735,0.116714835,0.88328516,0,6,2) rare (6-20)
736,0.4165202,0.58347976,1,1,1) very rare (1-5)
737,0.77732277,0.22267723,0,39,3) common (21-100)
738,0.13328189,0.8667181,1,1,1) very rare (1-5)
739,0.43919238,0.5608076,1,17,2) rare (6-20)
740,0.34271687,0.6572831,0,15,2) rare (6-20)
741,0.06141113,0.93858886,0,70,3) common (21-100)
742,0.8282208,0.17177922,0,1070,4) very common (100+)
743,0.2575982,0.74240184,1,0,1) very rare (1-5)
744,0.8034668,0.1965332,1,4,1) very rare (1-5)
745,0.9503631,0.0496369,0,60,3) common (21-100)
746,0.64668125,0.35331875,0,2,1) very rare (1-5)
747,0.59497344,0.40502656,0,4,1) very rare (1-5)
748,0.069414936,0.9305851,1,17,2) rare (6-20)
749,0.34709,0.65291,0,0,1) very rare (1-5)
750,0.6780913,0.3219087,1,0,1) very rare (1-5)
751,0.74623114,0.25376886,0,15,2) rare (6-20)
752,0.52347785,0.47652215,0,0,1) very rare (1-5)
753,0.8699837,0.13001633,0,1000,4) very common (100+)
754,0.6547179,0.34528208,1,20,2) rare (6-20)
755,0.6689257,0.3310743,0,12,2) rare (6-20)
756,0.9387841,0.061215878,0,237,4) very common (100+)
757,0.91715103,0.082848966,0,9,2) rare (6-20)
758,0.31342512,0.6865749,0,47,3) common (21-100)
759,0.33784944,0.66215056,0,10,2) rare (6-20)
760,0.8932064,0.10679358,0,421,4) very common (100+)
761,0.08312996,0.91687006,0,261,4) very common (100+)
762,0.32867402,0.671326,1,58,3) common (21-100)
763,0.89475363,0.105246365,1,1290,4) very common (100+)
764,0.6372469,0.3627531,0,102,4) very common (100+)
765,0.2992745,0.7007255,0,6,2) rare (6-20)
766,0.8615324,0.13846761,0,223,4) very common (100+)
767,0.018969664,0.98103034,0,0,1) very rare (1-5)
768,0.6714164,0.3285836,0,1070,4) very common (100+)
769,0.8495746,0.15042537,0,22,3) common (21-100)
770,0.95846903,0.041530967,0,94,3) common (21-100)
771,0.5510267,0.4489733,1,99,3) common (21-100)
772,0.1439221,0.8560779,1,23,3) common (21-100)
773,0.9085417,0.09145832,1,0,1) very rare (1-5)
774,0.15547502,0.844525,0,81,3) common (21-100)
775,0.97648287,0.023517132,0,39,3) common (21-100)
776,0.17801172,0.8219883,0,1,1) very rare (1-5)
777,0.24350336,0.75649667,1,47,3) common (21-100)
778,0.16071701,0.839283,0,0,1) very rare (1-5)
779,0.93313175,0.066868246,0,118,4) very common (100+)
780,0.38819015,0.61180985,0,4,1) very rare (1-5)
781,0.7398155,0.26018453,1,275,4) very common (100+)
782,0.40418786,0.59581214,1,0,1) very rare (1-5)
783,0.11029622,0.88970375,0,36,3) common (21-100)
784,0.23911363,0.7608864,0,40,3) common (21-100)
785,0.30083925,0.69916075,1,2,1) very rare (1-5)
786,0.9729416,0.027058423,1,19,2) rare (6-20)
787,0.2837056,0.7162944,1,1000,4) very common (100+)
788,0.6401496,0.3598504,0,90,3) common (21-100)
789,0.4933763,0.5066237,0,1290,4) very common (100+)
790,0.46261153,0.53738844,1,0,1) very rare (1-5)
791,0.59686583,0.40313417,1,1290,4) very common (100+)
792,0.16941354,0.83058643,1,0,1) very rare (1-5)
793,0.82024485,0.17975515,0,700,4) very common (100+)
794,0.96244353,0.03755647,0,44,3) common (21-100)
795,0.3896567,0.61034334,1,100,3) common (21-100)
796,0.5365098,0.4634902,1,0,1) very rare (1-5)
797,0.023689099,0.9763109,1,0,1) very rare (1-5)
798,0.21083401,0.789166,1,0,1) very rare (1-5)
799,0.29126433,0.7087357,1,0,1) very rare (1-5)
800,0.09001914,0.9099809,1,372,4) very common (100+)
801,0.32639056,0.67360944,1,30,3) common (21-100)
802,0.80891377,0.19108623,0,421,4) very common (100+)
803,0.9355792,0.06442082,1,47,3) common (21-100)
804,0.5271713,0.4728287,1,66,3) common (21-100)
805,0.7851831,0.21481693,0,15,2) rare (6-20)
806,0.7662299,0.23377007,0,14,2) rare (6-20)
807,0.43793926,0.5620607,1,5,1) very rare (1-5)
808,0.8334175,0.16658252,0,14,2) rare (6-20)
809,0.2807418,0.7192582,1,86,3) common (21-100)
810,0.039126027,0.96087396,1,0,1) very rare (1-5)
811,0.3429464,0.6570536,1,19,2) rare (6-20)
812,0.15360826,0.84639174,1,1,1) very rare (1-5)
813,0.84877086,0.15122914,0,108,4) very common (100+)
814,0.42624304,0.57375693,1,118,4) very common (100+)
815,0.646841,0.353159,0,41,3) common (21-100)
816,0.25665063,0.7433494,0,108,4) very common (100+)
817,0.9727131,0.027286887,1,0,1) very rare (1-5)
818,0.9875081,0.012491882,0,421,4) very common (100+)
819,0.23825458,0.76174545,0,13,2) rare (6-20)
820,0.09142297,0.908577,1,1,1) very rare (1-5)
821,0.28443232,0.7155677,1,2,1) very rare (1-5)
822,0.6219853,0.37801468,1,275,4) very common (100+)
823,0.9129351,0.08706492,0,700,4) very common (100+)
824,0.20464514,0.79535484,1,0,1) very rare (1-5)
825,0.6013815,0.39861852,1,1,1) very rare (1-5)
826,0.20426643,0.7957336,0,1,1) very rare (1-5)
827,0.36537212,0.6346279,0,700,4) very common (100+)
828,0.70056385,0.29943615,0,1,1) very rare (1-5)
829,0.7536253,0.24637473,0,68,3) common (21-100)
830,0.3140468,0.6859532,1,11,2) rare (6-20)
831,0.2296512,0.7703488,1,18,2) rare (6-20)
832,0.45813408,0.54186594,0,1,1) very rare (1-5)
833,0.9254404,0.07455963,0,105,4) very common (100+)
834,0.59020287,0.40979713,0,15,2) rare (6-20)
835,0.073012866,0.9269871,1,1,1) very rare (1-5)
836,0.45580417,0.54419583,1,70,3) common (21-100)
837,0.9104356,0.08956438,0,1000,4) very common (100+)
838,0.13168877,0.8683112,1,3,1) very rare (1-5)
839,0.51231074,0.48768926,1,372,4) very common (100+)
840,0.8757029,0.12429708,0,142,4) very common (100+)
841,0.081369594,0.9186304,1,0,1) very rare (1-5)
842,0.9963117,0.0036882758,0,1000,4) very common (100+)
843,0.26735243,0.73264754,1,58,3) common (21-100)
844,0.27423358,0.7257664,0,70,3) common (21-100)
845,0.15536545,0.84463453,1,84,3) common (21-100)
846,0.9123008,0.087699175,0,100,3) common (21-100)
847,0.67202544,0.32797456,0,121,4) very common (100+)
848,0.12463415,0.87536585,1,0,1) very rare (1-5)
849,0.16889714,0.83110285,1,22,3) common (21-100)
850,0.67599523,0.32400477,0,182,4) very common (100+)
851,0.8491863,0.1508137,0,14,2) rare (6-20)
852,0.13813606,0.861864,1,36,3) common (21-100)
853,0.46500823,0.53499174,1,1,1) very rare (1-5)
854,0.25218529,0.7478147,1,0,1) very rare (1-5)
855,0.6957557,0.30424428,0,100,3) common (21-100)
856,0.5341547,0.4658453,1,20,2) rare (6-20)
857,0.37614933,0.6238507,1,3,1) very rare (1-5)
858,0.27159575,0.7284043,1,17,2) rare (6-20)
859,0.13984378,0.86015624,1,4,1) very rare (1-5)
860,0.3566089,0.64339113,1,6,2) rare (6-20)
861,0.95790744,0.04209256,0,35,3) common (21-100)
862,0.36106288,0.6389371,0,1,1) very rare (1-5)
863,0.76865816,0.23134184,0,274,4) very common (100+)
864,0.821095,0.17890501,0,121,4) very common (100+)
865,0.1260062,0.8739938,0,0,1) very rare (1-5)
866,0.084104955,0.91589504,0,0,1) very rare (1-5)
867,0.3844481,0.6155519,0,7,2) rare (6-20)
868,0.9034565,0.09654349,0,700,4) very common (100+)
869,0.5134573,0.4865427,0,79,3) common (21-100)
870,0.17884727,0.82115275,0,17,2) rare (6-20)
871,0.2139328,0.7860672,0,14,2) rare (6-20)
872,0.16751356,0.83248645,1,0,1) very rare (1-5)
873,0.9511519,0.048848093,0,24,3) common (21-100)
874,0.9606643,0.039335728,1,0,1) very rare (1-5)
875,0.15297149,0.8470285,0,0,1) very rare (1-5)
876,0.25617915,0.74382085,1,237,4) very common (100+)
877,0.9445017,0.055498302,0,21,3) common (21-100)
878,0.060411107,0.9395889,1,79,3) common (21-100)
879,0.8355292,0.16447079,1,0,1) very rare (1-5)
880,0.5791871,0.4208129,1,1,1) very rare (1-5)
881,0.35194096,0.648059,1,36,3) common (21-100)
882,0.3358562,0.6641438,1,30,3) common (21-100)
883,0.71585286,0.28414714,1,343,4) very common (100+)
884,0.35108706,0.6489129,0,372,4) very common (100+)
885,0.09732095,0.902679,1,0,1) very rare (1-5)
886,0.07381463,0.92618537,1,4,1) very rare (1-5)
887,0.9482253,0.05177468,1,0,1) very rare (1-5)
888,0.16078837,0.83921164,1,8,2) rare (6-20)
889,0.9636448,0.036355197,0,78,3) common (21-100)
890,0.15537126,0.84462875,1,1,1) very rare (1-5)
891,0.963254,0.036746025,0,89,3) common (21-100)
892,0.753971,0.24602902,1,0,1) very rare (1-5)
893,0.2532271,0.7467729,1,372,4) very common (100+)
894,0.28447264,0.71552736,1,18,2) rare (6-20)
895,0.8627458,0.13725418,1,28,3) common (21-100)
896,0.366257,0.633743,0,71,3) common (21-100)
897,0.546874,0.453126,1,14,2) rare (6-20)
898,0.3860583,0.61394167,0,1,1) very rare (1-5)
899,0.14155199,0.858448,0,0,1) very rare (1-5)
900,0.40495798,0.595042,1,268,4) very common (100+)
901,0.42233488,0.5776651,1,4,1) very rare (1-5)
902,0.6330216,0.3669784,0,2,1) very rare (1-5)
903,0.82835835,0.17164165,0,1070,4) very common (100+)
904,0.2012969,0.7987031,0,7,2) rare (6-20)
905,0.013447849,0.9865522,1,275,4) very common (100+)
906,0.1792682,0.8207318,1,17,2) rare (6-20)
907,0.7189907,0.28100932,1,63,3) common (21-100)
908,0.6000091,0.39999092,0,63,3) common (21-100)
909,0.30192786,0.69807214,1,1290,4) very common (100+)
910,0.4340159,0.56598413,0,13,2) rare (6-20)
911,0.72114706,0.27885294,0,17,2) rare (6-20)
912,0.2770428,0.7229572,1,1290,4) very common (100+)
913,0.5914552,0.40854478,0,2,1) very rare (1-5)
914,0.6004211,0.39957893,0,6,2) rare (6-20)
915,0.38495407,0.6150459,0,18,2) rare (6-20)
916,0.027712783,0.97228724,1,178,4) very common (100+)
917,0.6204528,0.37954718,1,0,1) very rare (1-5)
918,0.87662375,0.12337625,0,166,4) very common (100+)
919,0.6399849,0.3600151,1,1290,4) very common (100+)
920,0.80549634,0.19450366,0,82,3) common (21-100)
921,0.092894904,0.9071051,1,0,1) very rare (1-5)
922,0.9783785,0.021621525,0,1000,4) very common (100+)
923,0.4003849,0.5996151,0,105,4) very common (100+)
924,0.79830956,0.20169044,0,118,4) very common (100+)
925,0.5344718,0.4655282,1,23,3) common (21-100)
926,0.3914566,0.6085434,1,4,1) very rare (1-5)
927,0.7473365,0.2526635,0,4,1) very rare (1-5)
928,0.6366541,0.36334592,1,343,4) very common (100+)
929,0.15938607,0.84061396,1,2,1) very rare (1-5)
930,0.6948846,0.3051154,0,275,4) very common (100+)
931,0.25645655,0.74354345,0,20,2) rare (6-20)
932,0.27061984,0.72938013,1,11,2) rare (6-20)
933,0.058509752,0.94149023,0,1,1) very rare (1-5)
934,0.06300714,0.9369929,1,6,2) rare (6-20)
935,0.8897184,0.11028159,1,0,1) very rare (1-5)
936,0.97744626,0.022553742,0,18,2) rare (6-20)
937,0.169382,0.830618,1,13,2) rare (6-20)
938,0.7401521,0.25984788,0,1290,4) very common (100+)
939,0.05121354,0.94878644,1,0,1) very rare (1-5)
940,0.44129488,0.5587051,1,0,1) very rare (1-5)
941,0.11085445,0.88914555,0,1,1) very rare (1-5)
942,0.5742049,0.42579508,0,5,1) very rare (1-5)
943,0.447943,0.552057,0,28,3) common (21-100)
944,0.81758577,0.18241423,1,261,4) very common (100+)
945,0.65699077,0.34300923,0,178,4) very common (100+)
946,0.39401177,0.60598826,1,0,1) very rare (1-5)
947,0.45400256,0.54599744,1,6,2) rare (6-20)
948,0.038234763,0.9617652,1,0,1) very rare (1-5)
949,0.78903186,0.21096814,0,69,3) common (21-100)
950,0.0739324,0.9260676,0,0,1) very rare (1-5)
951,0.09703338,0.9029666,1,5,1) very rare (1-5)
952,0.5604452,0.4395548,0,223,4) very common (100+)
953,0.9575969,0.042403102,0,12,2) rare (6-20)
954,0.284113,0.715887,1,111,4) very common (100+)
955,0.45263678,0.5473632,0,159,4) very common (100+)
956,0.54921585,0.45078415,0,90,3) common (21-100)
957,0.73193175,0.26806825,1,44,3) common (21-100)
958,0.8019868,0.19801319,1,1,1) very rare (1-5)
959,0.3457587,0.6542413,1,14,2) rare (6-20)
960,0.07181773,0.92818224,0,0,1) very rare (1-5)
961,0.11384132,0.8861587,1,1,1) very rare (1-5)
962,0.3504504,0.6495496,1,0,1) very rare (1-5)
963,0.25755432,0.7424457,1,70,3) common (21-100)
964,0.12344128,0.8765587,1,8,2) rare (6-20)
965,0.8908217,0.109178305,0,1070,4) very common (100+)
966,0.7454294,0.2545706,1,96,3) common (21-100)
967,0.49699026,0.50300974,1,10,2) rare (6-20)
968,0.7334891,0.2665109,0,45,3) common (21-100)
969,0.1580805,0.8419195,0,105,4) very common (100+)
970,0.30360433,0.69639564,0,4,1) very rare (1-5)
971,0.8691544,0.1308456,1,20,2) rare (6-20)
972,0.24374217,0.75625783,0,68,3) common (21-100)
973,0.40633062,0.5936694,0,63,3) common (21-100)
974,0.29415843,0.70584154,1,46,3) common (21-100)
975,0.19550961,0.8044904,1,1,1) very rare (1-5)
976,0.52217,0.47783,1,0,1) very rare (1-5)
977,0.5483472,0.45165282,1,261,4) very common (100+)
978,0.72358173,0.27641827,1,2,1) very rare (1-5)
979,0.13146721,0.8685328,1,6,2) rare (6-20)
980,0.2683494,0.7316506,0,111,4) very common (100+)
981,0.5635748,0.4364252,1,18,2) rare (6-20)
982,0.63362324,0.36637676,0,1290,4) very common (100+)
983,0.30645877,0.6935412,1,1070,4) very common (100+)
984,0.45886573,0.54113424,0,62,3) common (21-100)
985,0.078599386,0.9214006,0,0,1) very rare (1-5)
986,0.31328034,0.68671966,1,142,4) very common (100+)
987,0.33880836,0.66119164,0,1290,4) very common (100+)
988,0.78591996,0.21408004,0,47,3) common (21-100)
989,0.9417735,0.058226526,1,76,3) common (21-100)
990,0.031950746,0.9680492,1,3,1) very rare (1-5)
991,0.086901546,0.91309845,1,0,1) very rare (1-5)
992,0.8253137,0.17468631,0,1070,4) very common (100+)
993,0.08917295,0.91082704,1,32,3) common (21-100)
994,0.29288137,0.70711863,1,1,1) very rare (1-5)
995,0.17494576,0.8250542,1,38,3) common (21-100)
996,0.039102327,0.9608977,1,0,1) very rare (1-5)
997,0.5949111,0.4050889,0,118,4) very common (100+)
998,0.8834744,0.11652559,0,62,3) common (21-100)
999,0.23605599,0.76394403,1,13,2) rare (6-20)
1000,0.29943436,0.70056564,0,2,1) very rare (1-5)
1001,0.1941438,0.8058562,0,0,1) very rare (1-5)
1002,0.13625154,0.86374843,0,7,2) rare (6-20)
1003,0.08584802,0.91415197,1,68,3) common (21-100)
1004,0.1431449,0.8568551,1,16,2) rare (6-20)
1005,0.40433413,0.5956659,1,5,1) very rare (1-5)
1006,0.022128403,0.9778716,1,1,1) very rare (1-5)
1007,0.8080321,0.1919679,0,53,3) common (21-100)
1008,0.3736842,0.62631583,1,7,2) rare (6-20)
1009,0.96039987,0.039600134,0,421,4) very common (100+)
1010,0.9658017,0.034198284,0,24,3) common (21-100)
1011,0.118801415,0.8811986,0,0,1) very rare (1-5)
1012,0.50239056,0.49760944,1,22,3) common (21-100)
1013,0.44351977,0.5564802,1,76,3) common (21-100)
1014,0.9680893,0.031910717,0,159,4) very common (100+)
1015,0.32758996,0.67241,0,118,4) very common (100+)
1016,0.89806205,0.10193795,0,178,4) very common (100+)
1017,0.7618944,0.2381056,1,146,4) very common (100+)
1018,0.06119369,0.9388063,1,94,3) common (21-100)
1019,0.88344043,0.116559565,0,27,3) common (21-100)
1020,0.8988834,0.1011166,0,39,3) common (21-100)
1021,0.8607598,0.1392402,1,1,1) very rare (1-5)
1022,0.27773765,0.7222624,0,1,1) very rare (1-5)
1023,0.26446113,0.73553884,0,223,4) very common (100+)
1024,0.8132465,0.18675351,1,1,1) very rare (1-5)
1025,0.09749858,0.9025014,0,0,1) very rare (1-5)
1026,0.2937055,0.70629454,1,85,3) common (21-100)
1027,0.03136972,0.96863025,1,8,2) rare (6-20)
1028,0.1930561,0.8069439,1,0,1) very rare (1-5)
1029,0.21188837,0.7881116,1,0,1) very rare (1-5)
1030,0.52780044,0.47219956,0,372,4) very common (100+)
1031,0.08891799,0.911082,1,5,1) very rare (1-5)
1032,0.13140002,0.8686,1,27,3) common (21-100)
1033,0.081784956,0.91821504,0,6,2) rare (6-20)
1034,0.62831134,0.37168866,1,1,1) very rare (1-5)
1035,0.61771256,0.38228744,1,3,1) very rare (1-5)
1036,0.22817189,0.7718281,1,5,1) very rare (1-5)
1037,0.20343263,0.7965674,1,134,4) very common (100+)
1038,0.76762736,0.23237264,0,107,4) very common (100+)
1039,0.11059793,0.8894021,0,5,1) very rare (1-5)
1040,0.8412798,0.1587202,0,1070,4) very common (100+)
1041,0.8186409,0.18135911,1,105,4) very common (100+)
1042,0.23090416,0.76909584,1,20,2) rare (6-20)
1043,0.9889538,0.011046171,0,89,3) common (21-100)
1044,0.1298451,0.8701549,1,3,1) very rare (1-5)
1045,0.43539524,0.56460476,1,70,3) common (21-100)
1046,0.3952692,0.60473084,1,66,3) common (21-100)
1047,0.2387441,0.7612559,1,24,3) common (21-100)
1048,0.1275578,0.8724422,1,0,1) very rare (1-5)
1049,0.39559284,0.6044072,1,42,3) common (21-100)
1050,0.82176346,0.17823654,0,1070,4) very common (100+)
1051,0.28403383,0.71596617,1,13,2) rare (6-20)
1052,0.54613197,0.45386803,1,700,4) very common (100+)
1053,0.833218,0.16678202,1,75,3) common (21-100)
1054,0.5383693,0.4616307,1,4,1) very rare (1-5)
1055,0.413741,0.586259,1,10,2) rare (6-20)
1056,0.25819194,0.74180806,1,19,2) rare (6-20)
1057,0.8651628,0.13483721,0,42,3) common (21-100)
1058,0.03106188,0.9689381,0,23,3) common (21-100)
1059,0.8728065,0.12719351,0,0,1) very rare (1-5)
1060,0.20085447,0.7991455,1,0,1) very rare (1-5)
1061,0.6795323,0.3204677,0,1290,4) very common (100+)
1062,0.56787217,0.43212783,0,1070,4) very common (100+)
1063,0.0889814,0.9110186,1,3,1) very rare (1-5)
1064,0.6345161,0.36548388,0,16,2) rare (6-20)
1065,0.48662972,0.5133703,0,18,2) rare (6-20)
1066,0.84156185,0.15843815,0,1000,4) very common (100+)
1067,0.06086765,0.93913233,1,0,1) very rare (1-5)
1068,0.84052414,0.15947586,0,421,4) very common (100+)
1069,0.16538484,0.8346152,1,0,1) very rare (1-5)
1070,0.07992597,0.92007405,1,3,1) very rare (1-5)
1071,0.10459374,0.89540625,0,105,4) very common (100+)
1072,0.72106755,0.27893245,1,91,3) common (21-100)
1073,0.65784883,0.34215117,1,2,1) very rare (1-5)
1074,0.43609992,0.5639001,1,7,2) rare (6-20)
1075,0.34917754,0.65082246,0,1,1) very rare (1-5)
1076,0.39770013,0.60229987,1,20,2) rare (6-20)
1077,0.55932766,0.44067234,0,1290,4) very common (100+)
1078,0.942996,0.057003975,0,22,3) common (21-100)
1079,0.46915618,0.53084385,1,3,1) very rare (1-5)
1080,0.25940886,0.74059117,0,0,1) very rare (1-5)
1081,0.09135574,0.90864426,1,2,1) very rare (1-5)
1082,0.5321354,0.46786457,0,1290,4) very common (100+)
1083,0.7939429,0.20605707,0,106,4) very common (100+)
1084,0.45786822,0.5421318,0,17,2) rare (6-20)
1085,0.15119894,0.8488011,0,2,1) very rare (1-5)
1086,0.9315413,0.06845868,1,3,1) very rare (1-5)
1087,0.47589457,0.5241054,0,3,1) very rare (1-5)
1088,0.14475633,0.8552437,1,2,1) very rare (1-5)
1089,0.37532744,0.62467253,1,134,4) very common (100+)
1090,0.34403417,0.6559658,1,14,2) rare (6-20)
1091,0.25571397,0.74428606,0,1,1) very rare (1-5)
1092,0.41180688,0.5881931,0,0,1) very rare (1-5)
1093,0.9536586,0.04634142,0,11,2) rare (6-20)
1094,0.30199972,0.6980003,1,1,1) very rare (1-5)
1095,0.9653838,0.034616172,0,274,4) very common (100+)
1096,0.1272309,0.8727691,0,166,4) very common (100+)
1097,0.81217295,0.18782705,0,1290,4) very common (100+)
1098,0.90883,0.09117001,0,7,2) rare (6-20)
1099,0.14261556,0.85738444,1,1,1) very rare (1-5)
1100,0.32484865,0.67515135,1,1,1) very rare (1-5)
1101,0.8695026,0.1304974,0,1000,4) very common (100+)
1102,0.20178245,0.79821754,0,1,1) very rare (1-5)
1103,0.055972062,0.94402796,0,81,3) common (21-100)
1104,0.326315,0.673685,0,105,4) very common (100+)
1105,0.79374653,0.20625347,0,237,4) very common (100+)
1106,0.5877998,0.4122002,0,4,1) very rare (1-5)
1107,0.4245464,0.57545364,1,62,3) common (21-100)
1108,0.265202,0.734798,1,0,1) very rare (1-5)
1109,0.9222152,0.07778478,0,84,3) common (21-100)
1110,0.2589432,0.7410568,0,81,3) common (21-100)
1111,0.4775796,0.5224204,0,1290,4) very common (100+)
1112,0.6787656,0.3212344,0,1290,4) very common (100+)
1113,0.9657857,0.034214318,0,700,4) very common (100+)
1114,0.038091227,0.96190876,1,0,1) very rare (1-5)
1115,0.14058304,0.85941696,1,8,2) rare (6-20)
1116,0.08485985,0.91514015,1,2,1) very rare (1-5)
1117,0.06396844,0.9360316,1,274,4) very common (100+)
1118,0.15414488,0.8458551,1,4,1) very rare (1-5)
1119,0.06382225,0.93617773,1,0,1) very rare (1-5)
1120,0.62683856,0.37316144,0,145,4) very common (100+)
1121,0.9876211,0.012378871,0,421,4) very common (100+)
1122,0.10958271,0.8904173,1,0,1) very rare (1-5)
1123,0.1414885,0.8585115,1,76,3) common (21-100)
1124,0.34554863,0.6544514,1,0,1) very rare (1-5)
1125,0.9424504,0.057549596,1,28,3) common (21-100)
1126,0.40567306,0.594327,1,0,1) very rare (1-5)
1127,0.86342543,0.13657457,1,39,3) common (21-100)
1128,0.23480004,0.76519996,1,1,1) very rare (1-5)
1129,0.6475259,0.3524741,0,21,3) common (21-100)
1130,0.07325178,0.9267482,1,6,2) rare (6-20)
1131,0.077315964,0.922684,1,4,1) very rare (1-5)
1132,0.669355,0.33064502,0,1,1) very rare (1-5)
1133,0.28565773,0.71434224,1,36,3) common (21-100)
1134,0.95943654,0.040563464,0,1000,4) very common (100+)
1135,0.3681852,0.63181484,1,4,1) very rare (1-5)
1136,0.1137376,0.8862624,1,5,1) very rare (1-5)
1137,0.035070322,0.9649297,1,0,1) very rare (1-5)
1138,0.6604284,0.3395716,1,3,1) very rare (1-5)
1139,0.047762025,0.95223796,1,3,1) very rare (1-5)
1140,0.7470379,0.2529621,0,700,4) very common (100+)
1141,0.25100824,0.7489917,1,1,1) very rare (1-5)
1142,0.45234174,0.54765826,0,71,3) common (21-100)
1143,0.035631943,0.96436805,1,6,2) rare (6-20)
1144,0.26639798,0.73360205,1,8,2) rare (6-20)
1145,0.9818007,0.018199325,1,89,3) common (21-100)
1146,0.81327164,0.18672836,1,1290,4) very common (100+)
1147,0.4720518,0.5279482,1,54,3) common (21-100)
1148,0.40227804,0.59772193,0,22,3) common (21-100)
1149,0.8673687,0.1326313,1,3,1) very rare (1-5)
1150,0.079884365,0.92011565,1,39,3) common (21-100)
1151,0.3575507,0.64244926,1,0,1) very rare (1-5)
1152,0.8060465,0.19395351,0,3,1) very rare (1-5)
1153,0.3236687,0.6763313,0,1,1) very rare (1-5)
1154,0.48761553,0.5123845,1,160,4) very common (100+)
1155,0.59606284,0.40393716,1,0,1) very rare (1-5)
1156,0.03829929,0.96170074,1,4,1) very rare (1-5)
1157,0.71228695,0.28771305,0,37,3) common (21-100)
1158,0.74546605,0.25453395,0,4,1) very rare (1-5)
1159,0.09887804,0.901122,1,0,1) very rare (1-5)
1160,0.1619217,0.8380783,1,55,3) common (21-100)
1161,0.3351638,0.66483617,1,1070,4) very common (100+)
1162,0.94143546,0.058564544,0,421,4) very common (100+)
1163,0.62367153,0.37632847,1,700,4) very common (100+)
1164,0.43644544,0.5635545,0,237,4) very common (100+)
1165,0.57121605,0.42878395,1,142,4) very common (100+)
1166,0.8124642,0.18753582,1,76,3) common (21-100)
1167,0.97429514,0.02570486,0,89,3) common (21-100)
1168,0.24571541,0.7542846,1,1,1) very rare (1-5)
1169,0.04237447,0.9576255,0,1,1) very rare (1-5)
1170,0.5488285,0.45117152,0,42,3) common (21-100)
1171,0.2952378,0.7047622,1,1,1) very rare (1-5)
1172,0.46497363,0.5350264,0,25,3) common (21-100)
1173,0.9508744,0.04912561,0,10,2) rare (6-20)
1174,0.8178205,0.18217951,1,105,4) very common (100+)
1175,0.66694957,0.33305043,0,17,2) rare (6-20)
1176,0.13366157,0.86633843,1,0,1) very rare (1-5)
1177,0.3482116,0.6517884,1,4,1) very rare (1-5)
1178,0.6827713,0.31722867,1,0,1) very rare (1-5)
1179,0.11763192,0.8823681,1,0,1) very rare (1-5)
1180,0.07476999,0.92523,1,0,1) very rare (1-5)
1181,0.40931404,0.59068596,0,1290,4) very common (100+)
1182,0.58579403,0.41420597,1,11,2) rare (6-20)
1183,0.19337074,0.80662924,1,4,1) very rare (1-5)
1184,0.93444395,0.06555605,0,70,3) common (21-100)
1185,0.53126925,0.46873075,0,1290,4) very common (100+)
1186,0.321294,0.678706,1,275,4) very common (100+)
1187,0.3815428,0.6184572,1,78,3) common (21-100)
1188,0.87850344,0.12149656,0,142,4) very common (100+)
1189,0.27289954,0.7271005,1,1,1) very rare (1-5)
1190,0.553196,0.446804,1,1070,4) very common (100+)
1191,0.96315765,0.036842346,0,211,4) very common (100+)
1192,0.20737827,0.79262173,1,1,1) very rare (1-5)
1193,0.27484617,0.7251538,1,5,1) very rare (1-5)
1194,0.016698543,0.98330146,1,2,1) very rare (1-5)
1195,0.5750725,0.42492747,0,275,4) very common (100+)
1196,0.82892364,0.17107636,1,18,2) rare (6-20)
1197,0.092634715,0.90736526,1,3,1) very rare (1-5)
1198,0.08193205,0.91806793,1,24,3) common (21-100)
1199,0.09363652,0.9063635,1,0,1) very rare (1-5)
1200,0.6228181,0.3771819,1,142,4) very common (100+)
1201,0.52230257,0.47769743,1,86,3) common (21-100)
1202,0.4363062,0.56369376,1,0,1) very rare (1-5)
1203,0.023479436,0.97652054,1,92,3) common (21-100)
1204,0.064355895,0.9356441,1,0,1) very rare (1-5)
1205,0.38237152,0.61762846,1,1,1) very rare (1-5)
1206,0.31173554,0.6882645,1,160,4) very common (100+)
1207,0.70342237,0.29657763,0,69,3) common (21-100)
1208,0.15345275,0.84654725,1,1,1) very rare (1-5)
1209,0.07364977,0.92635024,1,0,1) very rare (1-5)
1210,0.67814076,0.32185924,0,1070,4) very common (100+)
1211,0.27843106,0.72156894,0,5,1) very rare (1-5)
1212,0.47399715,0.5260029,1,1,1) very rare (1-5)
1213,0.6229966,0.37700337,1,372,4) very common (100+)
1214,0.71110135,0.28889865,1,2,1) very rare (1-5)
1215,0.16928749,0.8307125,1,1,1) very rare (1-5)
1216,0.2480397,0.7519603,0,86,3) common (21-100)
1217,0.8453406,0.15465939,0,700,4) very common (100+)
1218,0.17196302,0.82803696,1,4,1) very rare (1-5)
1219,0.74709606,0.25290394,0,372,4) very common (100+)
1220,0.6657603,0.33423972,0,2,1) very rare (1-5)
1221,0.08511647,0.91488355,1,0,1) very rare (1-5)
1222,0.49666503,0.503335,0,1070,4) very common (100+)
1223,0.3279545,0.67204547,1,5,1) very rare (1-5)
1224,0.9014095,0.09859049,1,0,1) very rare (1-5)
1225,0.7939311,0.20606887,0,4,1) very rare (1-5)
1226,0.29825282,0.7017472,1,3,1) very rare (1-5)
1227,0.087831944,0.912168,1,0,1) very rare (1-5)
1228,0.10737423,0.89262575,1,17,2) rare (6-20)
1229,0.12640604,0.8735939,1,0,1) very rare (1-5)
1230,0.5831246,0.41687542,1,268,4) very common (100+)
1231,0.11483233,0.88516766,0,1,1) very rare (1-5)
1232,0.113363035,0.886637,1,1,1) very rare (1-5)
1233,0.45131615,0.5486839,0,421,4) very common (100+)
1234,0.25150132,0.7484987,1,1290,4) very common (100+)
1235,0.4695138,0.5304862,1,2,1) very rare (1-5)
1236,0.8562131,0.1437869,1,58,3) common (21-100)
1237,0.3089616,0.69103837,0,14,2) rare (6-20)
1238,0.35437799,0.645622,1,36,3) common (21-100)
1239,0.24280894,0.75719106,1,0,1) very rare (1-5)
1240,0.86363906,0.13636094,1,5,1) very rare (1-5)
1241,0.63948166,0.36051834,1,15,2) rare (6-20)
1242,0.31429482,0.6857052,1,18,2) rare (6-20)
1243,0.8374676,0.16253239,1,1290,4) very common (100+)
1244,0.28551748,0.71448255,1,14,2) rare (6-20)
1245,0.4789634,0.5210366,1,66,3) common (21-100)
1246,0.047837116,0.95216286,1,88,3) common (21-100)
1247,0.09883076,0.90116924,0,19,2) rare (6-20)
1248,0.6131607,0.38683927,1,19,2) rare (6-20)
1249,0.47685072,0.52314925,1,3,1) very rare (1-5)
1250,0.040318545,0.95968145,1,7,2) rare (6-20)
1251,0.6881204,0.31187958,0,1070,4) very common (100+)
1252,0.76328045,0.23671955,0,700,4) very common (100+)
1253,0.86887026,0.13112974,0,261,4) very common (100+)
1254,0.87894887,0.12105113,0,96,3) common (21-100)
1255,0.47747314,0.52252686,0,223,4) very common (100+)
1256,0.26933295,0.73066705,0,9,2) rare (6-20)
1257,0.9053577,0.09464228,0,106,4) very common (100+)
1258,0.031156993,0.968843,1,0,1) very rare (1-5)
1259,0.97445995,0.025540054,1,0,1) very rare (1-5)
1260,0.27213636,0.72786367,0,5,1) very rare (1-5)
1261,0.37261945,0.62738055,1,3,1) very rare (1-5)
1262,0.5835937,0.41640627,1,86,3) common (21-100)
1263,0.40534118,0.59465885,1,4,1) very rare (1-5)
1264,0.5433057,0.4566943,1,5,1) very rare (1-5)
1265,0.2603269,0.73967314,1,76,3) common (21-100)
1266,0.61041,0.38959002,1,0,1) very rare (1-5)
1267,0.19262439,0.8073756,1,17,2) rare (6-20)
1268,0.11284654,0.88715345,1,9,2) rare (6-20)
1269,0.19818477,0.8018152,1,0,1) very rare (1-5)
1270,0.98740536,0.01259464,1,0,1) very rare (1-5)
1271,0.7787233,0.2212767,1,0,1) very rare (1-5)
1272,0.1716161,0.8283839,1,23,3) common (21-100)
1273,0.44105053,0.5589495,1,9,2) rare (6-20)
1274,0.5324873,0.46751273,0,700,4) very common (100+)
1275,0.21156447,0.7884355,0,3,1) very rare (1-5)
1276,0.67432344,0.32567656,1,3,1) very rare (1-5)
1277,0.6909272,0.3090728,0,31,3) common (21-100)
1278,0.34625176,0.6537483,0,134,4) very common (100+)
1279,0.47914362,0.5208564,0,10,2) rare (6-20)
1280,0.2878379,0.71216214,1,15,2) rare (6-20)
1281,0.41341224,0.5865878,0,9,2) rare (6-20)
1282,0.4781132,0.5218868,0,0,1) very rare (1-5)
1283,0.9221642,0.0778358,0,261,4) very common (100+)
1284,0.57692754,0.42307246,0,43,3) common (21-100)
1285,0.5051658,0.49483418,1,37,3) common (21-100)
1286,0.043535687,0.9564643,1,4,1) very rare (1-5)
1287,0.27452806,0.725472,1,0,1) very rare (1-5)
1288,0.32623276,0.6737672,0,1,1) very rare (1-5)
1289,0.15794125,0.8420588,1,1,1) very rare (1-5)
1290,0.68756443,0.31243557,0,1,1) very rare (1-5)
1291,0.94618315,0.053816855,0,700,4) very common (100+)
1292,0.42184418,0.5781558,0,700,4) very common (100+)
1293,0.73691726,0.26308274,1,3,1) very rare (1-5)
1294,0.3670681,0.6329319,1,12,2) rare (6-20)
1295,0.054315988,0.945684,1,3,1) very rare (1-5)
1296,0.9871796,0.012820423,0,1000,4) very common (100+)
1297,0.1350635,0.8649365,1,0,1) very rare (1-5)
1298,0.65556335,0.34443665,1,3,1) very rare (1-5)
1299,0.1924715,0.8075285,0,3,1) very rare (1-5)
1300,0.9715471,0.028452873,0,78,3) common (21-100)
1301,0.52335536,0.47664464,0,24,3) common (21-100)
1302,0.6209653,0.3790347,0,11,2) rare (6-20)
1303,0.04649307,0.95350695,1,0,1) very rare (1-5)
1304,0.52899253,0.47100747,0,1290,4) very common (100+)
1305,0.47310933,0.52689064,0,7,2) rare (6-20)
1306,0.80847526,0.19152474,1,1290,4) very common (100+)
1307,0.7952761,0.2047239,0,4,1) very rare (1-5)
1308,0.5994856,0.40051442,0,1070,4) very common (100+)
1309,0.29079244,0.70920753,1,0,1) very rare (1-5)
1310,0.32163882,0.6783612,0,421,4) very common (100+)
1311,0.6162994,0.3837006,0,7,2) rare (6-20)
1312,0.96180266,0.03819734,0,20,2) rare (6-20)
1313,0.9424456,0.057554424,0,1290,4) very common (100+)
1314,0.9486741,0.051325917,0,1000,4) very common (100+)
1315,0.6902845,0.3097155,0,0,1) very rare (1-5)
1316,0.15563522,0.84436476,1,16,2) rare (6-20)
1317,0.98591125,0.01408875,0,94,3) common (21-100)
1318,0.14080967,0.85919034,0,14,2) rare (6-20)
1319,0.5737217,0.4262783,1,27,3) common (21-100)
1320,0.18626605,0.81373394,0,65,3) common (21-100)
1321,0.53658503,0.46341497,0,18,2) rare (6-20)
1322,0.71452475,0.28547525,1,0,1) very rare (1-5)
1323,0.14612657,0.85387343,1,17,2) rare (6-20)
1324,0.288687,0.711313,0,1070,4) very common (100+)
1325,0.346093,0.653907,0,21,3) common (21-100)
1326,0.9380603,0.061939716,1,268,4) very common (100+)
1327,0.0654824,0.9345176,1,0,1) very rare (1-5)
1328,0.1062693,0.8937307,1,4,1) very rare (1-5)
1329,0.04124127,0.9587587,1,0,1) very rare (1-5)
1330,0.14450274,0.85549724,0,7,2) rare (6-20)
1331,0.6728747,0.3271253,0,5,1) very rare (1-5)
1332,0.91639256,0.083607435,0,20,2) rare (6-20)
1333,0.4488087,0.55119133,1,14,2) rare (6-20)
1334,0.976647,0.02335298,1,70,3) common (21-100)
1335,0.7560443,0.24395567,0,42,3) common (21-100)
1336,0.72598195,0.27401805,1,1,1) very rare (1-5)
1337,0.03810087,0.96189916,1,18,2) rare (6-20)
1338,0.584615,0.415385,1,2,1) very rare (1-5)
1339,0.81195724,0.18804276,0,8,2) rare (6-20)
1340,0.8287804,0.17121959,0,223,4) very common (100+)
1341,0.35343164,0.64656836,1,1,1) very rare (1-5)
1342,0.15382345,0.84617656,1,0,1) very rare (1-5)
1343,0.7459628,0.2540372,1,1290,4) very common (100+)
1344,0.09798693,0.90201306,1,0,1) very rare (1-5)
1345,0.71197665,0.28802335,0,3,1) very rare (1-5)
1346,0.5216187,0.47838128,0,0,1) very rare (1-5)
1347,0.94232655,0.057673454,0,12,2) rare (6-20)
1348,0.6745008,0.32549918,0,261,4) very common (100+)
1349,0.23948085,0.76051915,1,160,4) very common (100+)
1350,0.36295733,0.63704264,0,9,2) rare (6-20)
1351,0.9035321,0.09646791,0,28,3) common (21-100)
1352,0.10195897,0.898041,1,372,4) very common (100+)
1353,0.03103056,0.96896946,1,0,1) very rare (1-5)
1354,0.8790733,0.12092668,0,12,2) rare (6-20)
1355,0.43629587,0.56370413,0,1,1) very rare (1-5)
1356,0.43847206,0.56152797,1,0,1) very rare (1-5)
1357,0.08835571,0.9116443,1,100,3) common (21-100)
1358,0.7258688,0.27413118,1,5,1) very rare (1-5)
1359,0.6186008,0.3813992,1,76,3) common (21-100)
1360,0.48428586,0.51571417,1,160,4) very common (100+)
1361,0.95831263,0.04168737,0,12,2) rare (6-20)
1362,0.0376888,0.9623112,1,0,1) very rare (1-5)
1363,0.15559374,0.84440625,0,3,1) very rare (1-5)
1364,0.25303623,0.74696374,1,4,1) very rare (1-5)
1365,0.25800925,0.74199075,1,75,3) common (21-100)
1366,0.08251245,0.91748756,1,0,1) very rare (1-5)
1367,0.5712755,0.42872453,1,3,1) very rare (1-5)
1368,0.9484354,0.051564574,0,1000,4) very common (100+)
1369,0.24231388,0.75768614,0,2,1) very rare (1-5)
1370,0.7185517,0.2814483,0,700,4) very common (100+)
1371,0.17835286,0.82164717,1,3,1) very rare (1-5)
1372,0.2332956,0.7667044,1,0,1) very rare (1-5)
1373,0.059313852,0.94068617,1,17,2) rare (6-20)
1374,0.02445777,0.97554225,1,0,1) very rare (1-5)
1375,0.9118726,0.088127375,0,68,3) common (21-100)
1376,0.42842084,0.57157916,0,2,1) very rare (1-5)
1377,0.98079747,0.01920253,1,4,1) very rare (1-5)
1378,0.6318193,0.3681807,1,62,3) common (21-100)
1379,0.06132958,0.9386704,1,0,1) very rare (1-5)
1380,0.1714121,0.8285879,1,6,2) rare (6-20)
1381,0.98404443,0.015955567,0,211,4) very common (100+)
1382,0.49495628,0.50504375,1,13,2) rare (6-20)
1383,0.16204663,0.8379534,1,0,1) very rare (1-5)
1384,0.37851948,0.6214805,1,0,1) very rare (1-5)
1385,0.1737658,0.8262342,1,0,1) very rare (1-5)
1386,0.86566544,0.13433456,0,105,4) very common (100+)
1387,0.17378931,0.8262107,1,2,1) very rare (1-5)
1388,0.99248767,0.007512331,0,1000,4) very common (100+)
1389,0.13136454,0.8686355,1,1,1) very rare (1-5)
1390,0.9328357,0.0671643,1,8,2) rare (6-20)
1391,0.06272645,0.93727356,0,30,3) common (21-100)
1392,0.7650062,0.23499382,1,1,1) very rare (1-5)
1393,0.33891937,0.6610806,1,0,1) very rare (1-5)
1394,0.15786442,0.84213555,1,0,1) very rare (1-5)
1395,0.9028813,0.097118676,0,62,3) common (21-100)
1396,0.45432067,0.54567933,1,2,1) very rare (1-5)
1397,0.9268827,0.073117316,0,142,4) very common (100+)
1398,0.17686374,0.82313627,1,0,1) very rare (1-5)
1399,0.21847859,0.78152144,1,7,2) rare (6-20)
1400,0.8035891,0.1964109,1,0,1) very rare (1-5)
1401,0.15084754,0.84915245,1,2,1) very rare (1-5)
1402,0.3359119,0.66408813,1,6,2) rare (6-20)
1403,0.53416187,0.46583813,0,274,4) very common (100+)
1404,0.48197877,0.5180212,0,5,1) very rare (1-5)
1405,0.3953769,0.6046231,0,142,4) very common (100+)
1406,0.65336627,0.34663373,1,58,3) common (21-100)
1407,0.8761164,0.123883605,0,166,4) very common (100+)
1408,0.46990126,0.53009874,0,261,4) very common (100+)
1409,0.24388872,0.75611126,0,107,4) very common (100+)
1410,0.4885792,0.5114208,1,0,1) very rare (1-5)
1411,0.68226343,0.31773657,0,3,1) very rare (1-5)
1412,0.8865652,0.11343479,1,1070,4) very common (100+)
1413,0.15218993,0.8478101,0,32,3) common (21-100)
1414,0.397998,0.602002,0,2,1) very rare (1-5)
1415,0.31831944,0.68168056,1,0,1) very rare (1-5)
1416,0.5604423,0.43955767,1,1,1) very rare (1-5)
1417,0.688043,0.311957,0,47,3) common (21-100)
1418,0.27616268,0.7238373,1,0,1) very rare (1-5)
1419,0.37857366,0.62142634,0,421,4) very common (100+)
1420,0.97593427,0.024065733,0,700,4) very common (100+)
1421,0.07549956,0.92450047,1,3,1) very rare (1-5)
1422,0.15574583,0.84425414,1,0,1) very rare (1-5)
1423,0.2550528,0.7449472,1,421,4) very common (100+)
1424,0.4065139,0.5934861,1,92,3) common (21-100)
1425,0.53550327,0.46449673,0,1,1) very rare (1-5)
1426,0.16058849,0.8394115,1,0,1) very rare (1-5)
1427,0.15512702,0.84487295,1,3,1) very rare (1-5)
1428,0.222544,0.777456,1,0,1) very rare (1-5)
1429,0.9402745,0.059725523,0,1000,4) very common (100+)
1430,0.2085106,0.7914894,1,0,1) very rare (1-5)
1431,0.57721543,0.42278457,0,237,4) very common (100+)
1432,0.3948801,0.60511994,1,6,2) rare (6-20)
1433,0.6456534,0.35434657,0,9,2) rare (6-20)
1434,0.4382844,0.5617156,1,0,1) very rare (1-5)
1435,0.17981017,0.82018983,1,1290,4) very common (100+)
1436,0.3737268,0.6262732,0,13,2) rare (6-20)
1437,0.16300067,0.8369993,1,421,4) very common (100+)
1438,0.26550004,0.73449993,0,105,4) very common (100+)
1439,0.3278856,0.6721144,1,31,3) common (21-100)
1440,0.34650737,0.6534926,0,237,4) very common (100+)
1441,0.86309546,0.13690454,1,89,3) common (21-100)
1442,0.08627572,0.9137243,1,0,1) very rare (1-5)
1443,0.8996378,0.10036218,1,2,1) very rare (1-5)
1444,0.7637039,0.23629612,1,0,1) very rare (1-5)
1445,0.3583428,0.64165723,0,1,1) very rare (1-5)
1446,0.4575367,0.5424633,0,35,3) common (21-100)
1447,0.8490871,0.15091288,0,1070,4) very common (100+)
1448,0.39294374,0.60705626,0,3,1) very rare (1-5)
1449,0.21522562,0.78477436,1,1290,4) very common (100+)
1450,0.20925839,0.7907416,1,3,1) very rare (1-5)
1451,0.8879727,0.11202729,0,89,3) common (21-100)
1452,0.1802727,0.8197273,1,0,1) very rare (1-5)
1453,0.9300673,0.0699327,0,237,4) very common (100+)
1454,0.9951917,0.0048083067,0,211,4) very common (100+)
1455,0.66666794,0.33333206,0,1290,4) very common (100+)
1456,0.9464104,0.053589582,0,211,4) very common (100+)
1457,0.34441504,0.65558493,0,0,1) very rare (1-5)
1458,0.31259298,0.687407,0,39,3) common (21-100)
1459,0.97881705,0.021182954,0,700,4) very common (100+)
1460,0.29372212,0.70627785,1,3,1) very rare (1-5)
1461,0.171574,0.828426,1,96,3) common (21-100)
1462,0.50776505,0.49223495,1,3,1) very rare (1-5)
1463,0.6869315,0.3130685,0,421,4) very common (100+)
1464,0.94488096,0.055119038,0,1000,4) very common (100+)
1465,0.32204673,0.67795324,0,118,4) very common (100+)
1466,0.7753176,0.22468239,0,28,3) common (21-100)
1467,0.16066144,0.83933854,1,79,3) common (21-100)
1468,0.14536898,0.854631,0,29,3) common (21-100)
1469,0.11369618,0.88630384,1,96,3) common (21-100)
1470,0.4320033,0.56799674,1,0,1) very rare (1-5)
1471,0.6828516,0.3171484,1,8,2) rare (6-20)
1472,0.053355712,0.9466443,0,8,2) rare (6-20)
1473,0.866271,0.13372898,0,6,2) rare (6-20)
1474,0.48757762,0.5124224,0,5,1) very rare (1-5)
1475,0.19006959,0.80993044,1,3,1) very rare (1-5)
1476,0.66551363,0.33448637,1,372,4) very common (100+)
1477,0.4575766,0.54242337,0,3,1) very rare (1-5)
1478,0.30535254,0.69464743,1,4,1) very rare (1-5)
1479,0.21529071,0.7847093,0,4,1) very rare (1-5)
1480,0.72602445,0.27397555,0,2,1) very rare (1-5)
1481,0.40587482,0.59412515,0,66,3) common (21-100)
1482,0.44865593,0.55134404,0,9,2) rare (6-20)
1483,0.28566325,0.71433675,0,82,3) common (21-100)
1484,0.9872126,0.012787402,0,1000,4) very common (100+)
1485,0.7081991,0.29180092,0,105,4) very common (100+)
1486,0.45590052,0.54409945,1,9,2) rare (6-20)
1487,0.98246956,0.017530441,1,142,4) very common (100+)
1488,0.5500941,0.44990587,0,3,1) very rare (1-5)
1489,0.5058622,0.49413782,1,0,1) very rare (1-5)
1490,0.075951524,0.9240485,1,6,2) rare (6-20)
1491,0.43760753,0.5623925,1,0,1) very rare (1-5)
1492,0.1650324,0.8349676,1,1290,4) very common (100+)
1493,0.12803817,0.87196183,0,35,3) common (21-100)
1494,0.017900234,0.9820998,1,4,1) very rare (1-5)
1495,0.888663,0.111337006,0,74,3) common (21-100)
1496,0.4264662,0.5735338,0,96,3) common (21-100)
1497,0.33438054,0.6656195,1,2,1) very rare (1-5)
1498,0.14036518,0.8596348,1,1,1) very rare (1-5)
1499,0.5136075,0.4863925,0,700,4) very common (100+)
1500,0.71852934,0.28147066,1,1,1) very rare (1-5)
1501,0.0630562,0.93694377,1,0,1) very rare (1-5)
1502,0.04314363,0.95685637,1,7,2) rare (6-20)
1503,0.21644072,0.78355926,1,15,2) rare (6-20)
1504,0.27040383,0.72959614,0,3,1) very rare (1-5)
1505,0.7571136,0.24288642,0,700,4) very common (100+)
1506,0.3538329,0.6461671,0,268,4) very common (100+)
1507,0.9375139,0.062486112,0,85,3) common (21-100)
1508,0.21892217,0.78107786,1,3,1) very rare (1-5)
1509,0.03538465,0.96461535,0,0,1) very rare (1-5)
1510,0.33139372,0.6686063,1,5,1) very rare (1-5)
1511,0.033979874,0.9660201,1,5,1) very rare (1-5)
1512,0.3821171,0.6178829,0,3,1) very rare (1-5)
1513,0.57411236,0.42588764,1,3,1) very rare (1-5)
1514,0.7303128,0.26968718,1,0,1) very rare (1-5)
1515,0.44137612,0.5586239,1,372,4) very common (100+)
1516,0.4299928,0.5700072,0,223,4) very common (100+)
1517,0.6681322,0.3318678,1,8,2) rare (6-20)
1518,0.96377856,0.036221445,0,1000,4) very common (100+)
1519,0.8046663,0.19533372,1,15,2) rare (6-20)
1520,0.9869337,0.013066292,0,275,4) very common (100+)
1521,0.028099699,0.9719003,1,0,1) very rare (1-5)
1522,0.9174152,0.0825848,0,14,2) rare (6-20)
1523,0.29055208,0.7094479,0,14,2) rare (6-20)
1524,0.6349909,0.36500913,1,142,4) very common (100+)
1525,0.60025644,0.39974356,0,1000,4) very common (100+)
1526,0.038976472,0.9610235,0,0,1) very rare (1-5)
1527,0.5984229,0.40157712,0,65,3) common (21-100)
1528,0.35094312,0.6490569,1,0,1) very rare (1-5)
1529,0.2941566,0.7058434,1,9,2) rare (6-20)
1530,0.92544067,0.07455933,0,159,4) very common (100+)
1531,0.08090777,0.91909224,1,0,1) very rare (1-5)
1532,0.8250438,0.1749562,1,1290,4) very common (100+)
1533,0.11037384,0.88962615,1,0,1) very rare (1-5)
1534,0.18911335,0.8108866,1,8,2) rare (6-20)
1535,0.5221952,0.47780478,0,18,2) rare (6-20)
1536,0.45925352,0.54074645,1,2,1) very rare (1-5)
1537,0.65751123,0.34248877,1,4,1) very rare (1-5)
1538,0.084401935,0.91559803,1,118,4) very common (100+)
1539,0.38299698,0.617003,1,92,3) common (21-100)
1540,0.47372818,0.5262718,1,62,3) common (21-100)
1541,0.38363454,0.61636543,0,1,1) very rare (1-5)
1542,0.07807757,0.92192245,1,3,1) very rare (1-5)
1543,0.24065758,0.75934243,0,1290,4) very common (100+)
1544,0.35437864,0.64562136,0,19,2) rare (6-20)
1545,0.4632895,0.5367105,1,1290,4) very common (100+)
1546,0.14335914,0.8566409,1,0,1) very rare (1-5)
1547,0.58694625,0.41305375,0,1070,4) very common (100+)
1548,0.18794121,0.8120588,1,4,1) very rare (1-5)
1549,0.6001306,0.39986938,0,106,4) very common (100+)
1550,0.7662384,0.23376161,0,19,2) rare (6-20)
1551,0.89030963,0.10969037,1,142,4) very common (100+)
1552,0.18058686,0.8194131,0,39,3) common (21-100)
1553,0.64195704,0.35804296,0,32,3) common (21-100)
1554,0.27581534,0.72418463,0,2,1) very rare (1-5)
1555,0.11566642,0.8843336,1,0,1) very rare (1-5)
1556,0.39448375,0.60551625,1,123,4) very common (100+)
1557,0.8965673,0.103432715,1,90,3) common (21-100)
1558,0.07533267,0.92466736,1,17,2) rare (6-20)
1559,0.25957528,0.74042475,1,5,1) very rare (1-5)
1560,0.1488095,0.8511905,1,89,3) common (21-100)
1561,0.67561466,0.32438534,1,2,1) very rare (1-5)
1562,0.4275144,0.57248557,1,1070,4) very common (100+)
1563,0.561241,0.43875903,0,2,1) very rare (1-5)
1564,0.12269582,0.8773042,1,8,2) rare (6-20)
1565,0.23854321,0.7614568,1,2,1) very rare (1-5)
1566,0.25702608,0.7429739,1,123,4) very common (100+)
1567,0.1761955,0.8238045,1,0,1) very rare (1-5)
1568,0.57360405,0.42639595,0,3,1) very rare (1-5)
1569,0.29527435,0.7047256,0,372,4) very common (100+)
1570,0.38884076,0.6111592,0,23,3) common (21-100)
1571,0.057282906,0.9427171,1,16,2) rare (6-20)
1572,0.12752952,0.8724705,0,111,4) very common (100+)
1573,0.43349165,0.56650835,1,1,1) very rare (1-5)
1574,0.053791236,0.9462088,1,16,2) rare (6-20)
1575,0.86757195,0.13242805,0,8,2) rare (6-20)
1576,0.5070501,0.4929499,0,7,2) rare (6-20)
1577,0.7974466,0.20255339,1,70,3) common (21-100)
1578,0.1055358,0.8944642,1,11,2) rare (6-20)
1579,0.3669644,0.6330356,0,1,1) very rare (1-5)
1580,0.6614092,0.3385908,0,0,1) very rare (1-5)
1581,0.6351534,0.3648466,0,123,4) very common (100+)
1582,0.083154395,0.9168456,1,0,1) very rare (1-5)
1583,0.39103362,0.60896635,1,76,3) common (21-100)
1584,0.3781868,0.6218132,1,13,2) rare (6-20)
1585,0.58767587,0.41232413,0,237,4) very common (100+)
1586,0.63474774,0.36525226,1,0,1) very rare (1-5)
1587,0.41367894,0.58632106,0,8,2) rare (6-20)
1588,0.45493814,0.5450618,0,15,2) rare (6-20)
1589,0.63241595,0.36758405,1,72,3) common (21-100)
1590,0.16236736,0.83763266,1,0,1) very rare (1-5)
1591,0.22150208,0.77849793,1,0,1) very rare (1-5)
1592,0.090779394,0.9092206,1,0,1) very rare (1-5)
1593,0.12726359,0.8727364,1,9,2) rare (6-20)
1594,0.7478289,0.2521711,0,17,2) rare (6-20)
1595,0.76008326,0.23991674,0,1000,4) very common (100+)
1596,0.26900303,0.73099697,0,3,1) very rare (1-5)
1597,0.24000745,0.75999254,0,1,1) very rare (1-5)
1598,0.6077672,0.39223278,1,5,1) very rare (1-5)
1599,0.46257785,0.5374222,1,5,1) very rare (1-5)
1600,0.16973896,0.83026105,0,1,1) very rare (1-5)
1601,0.07537394,0.92462605,1,0,1) very rare (1-5)
1602,0.26603302,0.73396695,1,0,1) very rare (1-5)
1603,0.663184,0.336816,0,2,1) very rare (1-5)
1604,0.54710853,0.45289147,0,24,3) common (21-100)
1605,0.38680375,0.61319625,0,4,1) very rare (1-5)
1606,0.23642282,0.76357716,1,3,1) very rare (1-5)
1607,0.37947118,0.6205288,0,1070,4) very common (100+)
1608,0.840618,0.15938199,1,106,4) very common (100+)
1609,0.12647645,0.87352353,1,79,3) common (21-100)
1610,0.022075884,0.9779241,0,5,1) very rare (1-5)
1611,0.30725408,0.6927459,0,1,1) very rare (1-5)
1612,0.058219425,0.94178057,0,39,3) common (21-100)
1613,0.98652875,0.013471246,1,1,1) very rare (1-5)
1614,0.8828891,0.11711091,0,182,4) very common (100+)
1615,0.01990281,0.9800972,1,11,2) rare (6-20)
1616,0.090539835,0.9094602,0,1,1) very rare (1-5)
1617,0.44597346,0.55402654,1,105,4) very common (100+)
1618,0.523697,0.47630298,0,18,2) rare (6-20)
1619,0.010616221,0.98938376,1,0,1) very rare (1-5)
1620,0.71233964,0.28766036,0,1000,4) very common (100+)
1621,0.44459996,0.5554,0,421,4) very common (100+)
1622,0.5199554,0.4800446,0,343,4) very common (100+)
1623,0.52606285,0.47393715,1,1070,4) very common (100+)
1624,0.2506103,0.7493897,1,79,3) common (21-100)
1625,0.670199,0.32980102,0,99,3) common (21-100)
1626,0.1551111,0.8448889,0,0,1) very rare (1-5)
1627,0.7854026,0.2145974,1,146,4) very common (100+)
1628,0.12777126,0.87222874,1,118,4) very common (100+)
1629,0.7289604,0.2710396,1,0,1) very rare (1-5)
1630,0.30982122,0.69017875,1,0,1) very rare (1-5)
1631,0.8086509,0.19134909,1,1,1) very rare (1-5)
1632,0.94746095,0.05253905,0,1000,4) very common (100+)
1633,0.18340613,0.8165939,1,0,1) very rare (1-5)
1634,0.13832666,0.86167336,1,0,1) very rare (1-5)
1635,0.52519727,0.47480273,0,14,2) rare (6-20)
1636,0.4281978,0.5718022,1,2,1) very rare (1-5)
1637,0.2951483,0.7048517,1,9,2) rare (6-20)
1638,0.57581246,0.42418754,1,79,3) common (21-100)
1639,0.63480884,0.36519116,0,1290,4) very common (100+)
1640,0.7442671,0.2557329,0,63,3) common (21-100)
1641,0.7455312,0.2544688,0,1290,4) very common (100+)
1642,0.6947223,0.3052777,0,106,4) very common (100+)
1643,0.55450284,0.44549716,1,0,1) very rare (1-5)
1644,0.17719826,0.8228017,1,23,3) common (21-100)
1645,0.3322472,0.6677528,0,223,4) very common (100+)
1646,0.7010721,0.2989279,1,1,1) very rare (1-5)
1647,0.10634878,0.89365125,1,14,2) rare (6-20)
1648,0.8689509,0.1310491,0,421,4) very common (100+)
1649,0.42598516,0.57401484,0,700,4) very common (100+)
1650,0.9370664,0.062933624,0,39,3) common (21-100)
1651,0.40285972,0.5971403,1,58,3) common (21-100)
1652,0.27736858,0.72263145,1,0,1) very rare (1-5)
1653,0.3691685,0.6308315,1,71,3) common (21-100)
1654,0.32597753,0.67402244,0,134,4) very common (100+)
1655,0.12960528,0.8703947,1,2,1) very rare (1-5)
1656,0.5803739,0.41962612,0,182,4) very common (100+)
1657,0.6875834,0.3124166,0,1070,4) very common (100+)
1658,0.05343764,0.94656235,1,55,3) common (21-100)
1659,0.16792883,0.8320712,1,22,3) common (21-100)
1660,0.07077423,0.9292258,1,2,1) very rare (1-5)
1661,0.5565424,0.4434576,1,99,3) common (21-100)
1662,0.9809207,0.019079328,0,62,3) common (21-100)
1663,0.83979094,0.16020906,1,10,2) rare (6-20)
1664,0.14812322,0.8518768,1,0,1) very rare (1-5)
1665,0.45695028,0.5430497,1,2,1) very rare (1-5)
1666,0.90128857,0.09871143,0,421,4) very common (100+)
1667,0.36525786,0.63474214,0,4,1) very rare (1-5)
1668,0.5113156,0.48868442,0,22,3) common (21-100)
1669,0.93282354,0.06717646,0,211,4) very common (100+)
1670,0.30542812,0.69457185,1,1070,4) very common (100+)
1671,0.0251871,0.9748129,1,0,1) very rare (1-5)
1672,0.93603426,0.06396574,0,106,4) very common (100+)
1673,0.08359411,0.9164059,1,24,3) common (21-100)
1674,0.72853464,0.27146536,0,26,3) common (21-100)
1675,0.21824755,0.78175247,1,66,3) common (21-100)
1676,0.3409642,0.6590358,0,86,3) common (21-100)
1677,0.5284318,0.47156823,0,343,4) very common (100+)
1678,0.92493945,0.07506055,1,88,3) common (21-100)
1679,0.05516662,0.9448334,1,0,1) very rare (1-5)
1680,0.9515568,0.0484432,0,37,3) common (21-100)
1681,0.53620356,0.46379644,1,24,3) common (21-100)
1682,0.47376412,0.5262359,1,1290,4) very common (100+)
1683,0.3015114,0.6984886,0,343,4) very common (100+)
1684,0.2362895,0.7637105,0,2,1) very rare (1-5)
1685,0.5618467,0.43815333,0,66,3) common (21-100)
1686,0.13484664,0.8651534,1,118,4) very common (100+)
1687,0.92922854,0.070771456,0,1070,4) very common (100+)
1688,0.40771917,0.59228086,0,343,4) very common (100+)
1689,0.08510114,0.9148989,1,0,1) very rare (1-5)
1690,0.55999935,0.44000065,0,1290,4) very common (100+)
1691,0.27832136,0.7216786,0,39,3) common (21-100)
1692,0.9437923,0.056207716,0,17,2) rare (6-20)
1693,0.4629116,0.5370884,0,79,3) common (21-100)
1694,0.5384105,0.46158952,1,70,3) common (21-100)
1695,0.40488297,0.59511703,1,1,1) very rare (1-5)
1696,0.2416046,0.75839543,1,0,1) very rare (1-5)
1697,0.041393112,0.9586069,1,0,1) very rare (1-5)
1698,0.7639069,0.2360931,0,6,2) rare (6-20)
1699,0.2983502,0.7016498,1,0,1) very rare (1-5)
1700,0.8060724,0.19392759,1,0,1) very rare (1-5)
1701,0.23822175,0.76177824,0,3,1) very rare (1-5)
1702,0.9845442,0.015455782,0,23,3) common (21-100)
1703,0.4935383,0.50646174,1,5,1) very rare (1-5)
1704,0.97543246,0.024567544,1,7,2) rare (6-20)
1705,0.008078921,0.99192107,1,7,2) rare (6-20)
1706,0.10218509,0.8978149,1,8,2) rare (6-20)
1707,0.07583489,0.9241651,0,0,1) very rare (1-5)
1708,0.27505332,0.7249467,0,2,1) very rare (1-5)
1709,0.107238084,0.89276195,1,2,1) very rare (1-5)
1710,0.32160878,0.6783912,1,0,1) very rare (1-5)
1711,0.9893646,0.010635376,0,1000,4) very common (100+)
1712,0.1734164,0.8265836,1,16,2) rare (6-20)
1713,0.045264207,0.9547358,1,0,1) very rare (1-5)
1714,0.3202324,0.6797676,0,1,1) very rare (1-5)
1715,0.6767971,0.3232029,0,1070,4) very common (100+)
1716,0.44452536,0.55547464,1,178,4) very common (100+)
1717,0.433115,0.566885,0,123,4) very common (100+)
1718,0.439818,0.560182,0,41,3) common (21-100)
1719,0.202717,0.797283,1,178,4) very common (100+)
1720,0.41863498,0.581365,1,111,4) very common (100+)
1721,0.46063918,0.5393608,1,1,1) very rare (1-5)
1722,0.93079287,0.06920713,0,421,4) very common (100+)
1723,0.13762005,0.86237997,1,9,2) rare (6-20)
1724,0.29797179,0.7020282,1,0,1) very rare (1-5)
1725,0.9852777,0.014722288,0,1070,4) very common (100+)
1726,0.08373208,0.91626793,1,1,1) very rare (1-5)
1727,0.048463117,0.9515369,1,3,1) very rare (1-5)
1728,0.58403915,0.41596085,1,1000,4) very common (100+)
1729,0.36748058,0.6325194,1,118,4) very common (100+)
1730,0.25517246,0.7448275,1,8,2) rare (6-20)
1731,0.9906238,0.009376228,0,1000,4) very common (100+)
1732,0.29317608,0.70682395,0,372,4) very common (100+)
1733,0.7972269,0.2027731,0,105,4) very common (100+)
1734,0.8584095,0.14159048,0,89,3) common (21-100)
1735,0.075705916,0.9242941,1,17,2) rare (6-20)
1736,0.23144716,0.76855284,1,17,2) rare (6-20)
1737,0.72735906,0.27264094,0,7,2) rare (6-20)
1738,0.61679983,0.38320017,1,89,3) common (21-100)
1739,0.42250812,0.5774919,1,343,4) very common (100+)
1740,0.6794134,0.32058662,0,44,3) common (21-100)
1741,0.14674965,0.8532504,1,0,1) very rare (1-5)
1742,0.15401427,0.8459857,1,3,1) very rare (1-5)
1743,0.21009615,0.7899039,1,16,2) rare (6-20)
1744,0.38803497,0.61196506,0,99,3) common (21-100)
1745,0.9055047,0.0944953,0,79,3) common (21-100)
1746,0.120497614,0.8795024,0,0,1) very rare (1-5)
1747,0.8669847,0.13301528,0,55,3) common (21-100)
1748,0.13177639,0.8682236,0,26,3) common (21-100)
1749,0.78096306,0.21903694,0,34,3) common (21-100)
1750,0.27754727,0.72245276,1,22,3) common (21-100)
1751,0.25766018,0.74233985,1,47,3) common (21-100)
1752,0.7591523,0.2408477,0,1000,4) very common (100+)
1753,0.31951836,0.6804817,1,0,1) very rare (1-5)
1754,0.89804244,0.10195756,1,0,1) very rare (1-5)
1755,0.75523466,0.24476534,1,1290,4) very common (100+)
1756,0.04156229,0.9584377,1,0,1) very rare (1-5)
1757,0.32272074,0.67727923,1,134,4) very common (100+)
1758,0.775361,0.224639,1,0,1) very rare (1-5)
1759,0.2710802,0.7289198,1,0,1) very rare (1-5)
1760,0.24245524,0.75754476,0,9,2) rare (6-20)
1761,0.02870153,0.97129846,1,12,2) rare (6-20)
1762,0.19888145,0.80111855,1,2,1) very rare (1-5)
1763,0.2553983,0.7446017,0,39,3) common (21-100)
1764,0.39075422,0.6092458,1,81,3) common (21-100)
1765,0.36574826,0.6342517,0,3,1) very rare (1-5)
1766,0.553925,0.44607502,1,6,2) rare (6-20)
1767,0.20380962,0.7961904,0,159,4) very common (100+)
1768,0.3469339,0.6530661,0,7,2) rare (6-20)
1769,0.0861343,0.9138657,1,8,2) rare (6-20)
1770,0.5726318,0.42736822,1,17,2) rare (6-20)
1771,0.6615406,0.33845937,0,24,3) common (21-100)
1772,0.7205779,0.2794221,0,700,4) very common (100+)
1773,0.19201341,0.8079866,1,6,2) rare (6-20)
1774,0.6127968,0.38720322,1,2,1) very rare (1-5)
1775,0.5235327,0.4764673,0,2,1) very rare (1-5)
1776,0.8448228,0.15517718,0,700,4) very common (100+)
1777,0.6374874,0.3625126,0,1290,4) very common (100+)
1778,0.53725445,0.46274555,0,5,1) very rare (1-5)
1779,0.041352984,0.958647,1,0,1) very rare (1-5)
1780,0.6186249,0.38137507,0,27,3) common (21-100)
1781,0.13277031,0.8672297,1,84,3) common (21-100)
1782,0.8419241,0.15807593,0,146,4) very common (100+)
1783,0.27213204,0.72786796,0,43,3) common (21-100)
1784,0.10317436,0.8968257,1,0,1) very rare (1-5)
1785,0.36499092,0.63500905,1,89,3) common (21-100)
1786,0.43822142,0.56177855,1,1,1) very rare (1-5)
1787,0.923031,0.07696903,0,1290,4) very common (100+)
1788,0.09887106,0.90112895,1,0,1) very rare (1-5)
1789,0.4784495,0.52155054,0,8,2) rare (6-20)
1790,0.082250535,0.91774946,1,0,1) very rare (1-5)
1791,0.9760035,0.023996472,1,2,1) very rare (1-5)
1792,0.08414338,0.9158566,1,0,1) very rare (1-5)
1793,0.05930567,0.94069433,1,0,1) very rare (1-5)
1794,0.70939004,0.29060996,0,33,3) common (21-100)
1795,0.6727089,0.32729107,1,8,2) rare (6-20)
1796,0.5821208,0.41787922,0,1070,4) very common (100+)
1797,0.4621463,0.5378537,1,70,3) common (21-100)
1798,0.16795684,0.8320432,0,88,3) common (21-100)
1799,0.95580256,0.04419744,0,99,3) common (21-100)
1800,0.5197663,0.48023373,1,96,3) common (21-100)
1801,0.7313519,0.2686481,0,27,3) common (21-100)
1802,0.27677274,0.72322726,1,1,1) very rare (1-5)
1803,0.17417957,0.82582045,1,92,3) common (21-100)
1804,0.97736144,0.02263856,0,1000,4) very common (100+)
1805,0.22846238,0.7715376,1,1000,4) very common (100+)
1806,0.4086763,0.59132373,0,105,4) very common (100+)
1807,0.2768176,0.72318244,0,20,2) rare (6-20)
1808,0.066594236,0.93340576,1,7,2) rare (6-20)
1809,0.48738605,0.51261395,1,70,3) common (21-100)
1810,0.29265863,0.7073414,0,121,4) very common (100+)
1811,0.9839638,0.016036212,1,54,3) common (21-100)
1812,0.5559672,0.4440328,0,275,4) very common (100+)
1813,0.6838324,0.3161676,1,107,4) very common (100+)
1814,0.5155176,0.4844824,1,28,3) common (21-100)
1815,0.28103045,0.7189696,1,2,1) very rare (1-5)
1816,0.7119712,0.28802878,0,5,1) very rare (1-5)
1817,0.44926924,0.55073076,0,23,3) common (21-100)
1818,0.6014772,0.3985228,1,1290,4) very common (100+)
1819,0.9217338,0.0782662,1,54,3) common (21-100)
1820,0.9633265,0.036673486,0,85,3) common (21-100)
1821,0.12473005,0.87526995,1,2,1) very rare (1-5)
1822,0.20402324,0.79597676,1,32,3) common (21-100)
1823,0.122152716,0.8778473,1,0,1) very rare (1-5)
1824,0.6334196,0.36658043,0,12,2) rare (6-20)
1825,0.8996737,0.1003263,0,700,4) very common (100+)
1826,0.7444303,0.2555697,0,1290,4) very common (100+)
1827,0.3363952,0.6636048,0,134,4) very common (100+)
1828,0.5277389,0.47226107,0,3,1) very rare (1-5)
1829,0.19063154,0.8093685,1,9,2) rare (6-20)
1830,0.17283303,0.827167,1,223,4) very common (100+)
1831,0.68847287,0.31152713,0,223,4) very common (100+)
1832,0.055141225,0.9448588,1,70,3) common (21-100)
1833,0.3642502,0.6357498,1,4,1) very rare (1-5)
1834,0.0978729,0.9021271,0,17,2) rare (6-20)
1835,0.77669173,0.22330827,0,261,4) very common (100+)
1836,0.9744778,0.025522172,0,1000,4) very common (100+)
1837,0.504858,0.49514198,1,35,3) common (21-100)
1838,0.7002897,0.29971027,1,1290,4) very common (100+)
1839,0.40749472,0.5925053,0,9,2) rare (6-20)
1840,0.6248328,0.3751672,1,1290,4) very common (100+)
1841,0.11892067,0.8810793,1,0,1) very rare (1-5)
1842,0.97245705,0.027542949,0,1000,4) very common (100+)
1843,0.26014653,0.7398535,1,91,3) common (21-100)
1844,0.76766425,0.23233575,0,6,2) rare (6-20)
1845,0.8158508,0.1841492,0,1290,4) very common (100+)
1846,0.44311938,0.5568806,1,18,2) rare (6-20)
1847,0.76257014,0.23742986,1,16,2) rare (6-20)
1848,0.049845435,0.95015454,1,0,1) very rare (1-5)
1849,0.41648304,0.58351696,1,24,3) common (21-100)
1850,0.38936812,0.6106319,1,118,4) very common (100+)
1851,0.58497804,0.41502196,0,14,2) rare (6-20)
1852,0.1826949,0.8173051,1,3,1) very rare (1-5)
1853,0.8984333,0.10156667,1,102,4) very common (100+)
1854,0.90848094,0.09151906,0,66,3) common (21-100)
1855,0.8671463,0.13285369,0,35,3) common (21-100)
1856,0.57449985,0.42550015,0,52,3) common (21-100)
1857,0.50605917,0.49394083,0,1290,4) very common (100+)
1858,0.09155008,0.9084499,1,0,1) very rare (1-5)
1859,0.91075784,0.08924216,0,50,3) common (21-100)
1860,0.98644793,0.01355207,0,1000,4) very common (100+)
1861,0.6071395,0.39286047,0,4,1) very rare (1-5)
1862,0.60020256,0.39979744,0,5,1) very rare (1-5)
1863,0.16091307,0.83908695,1,92,3) common (21-100)
1864,0.87853205,0.12146795,0,53,3) common (21-100)
1865,0.8424463,0.15755367,0,2,1) very rare (1-5)
1866,0.29346198,0.706538,1,3,1) very rare (1-5)
1867,0.86769915,0.13230085,0,68,3) common (21-100)
1868,0.29812813,0.7018719,1,0,1) very rare (1-5)
1869,0.5381753,0.46182472,0,8,2) rare (6-20)
1870,0.61117417,0.38882583,1,0,1) very rare (1-5)
1871,0.23613465,0.76386535,1,47,3) common (21-100)
1872,0.4578611,0.54213893,0,0,1) very rare (1-5)
1873,0.66689944,0.33310056,1,19,2) rare (6-20)
1874,0.055773612,0.9442264,1,0,1) very rare (1-5)
1875,0.83507764,0.16492236,0,372,4) very common (100+)
1876,0.87306607,0.12693393,0,142,4) very common (100+)
1877,0.99807644,0.0019235611,0,1000,4) very common (100+)
1878,0.47252473,0.52747524,0,178,4) very common (100+)
1879,0.10273941,0.8972606,1,9,2) rare (6-20)
1880,0.14280263,0.8571974,1,14,2) rare (6-20)
1881,0.093700945,0.90629905,0,2,1) very rare (1-5)
1882,0.45545927,0.54454076,1,1,1) very rare (1-5)
1883,0.25216568,0.7478343,1,4,1) very rare (1-5)
1884,0.09610121,0.9038988,1,0,1) very rare (1-5)
1885,0.10959069,0.8904093,0,0,1) very rare (1-5)
1886,0.6644287,0.3355713,1,1290,4) very common (100+)
1887,0.17234984,0.8276502,1,5,1) very rare (1-5)
1888,0.7799039,0.22009611,0,700,4) very common (100+)
1889,0.9751948,0.024805188,0,1000,4) very common (100+)
1890,0.43533614,0.5646639,0,237,4) very common (100+)
1891,0.5103159,0.4896841,1,8,2) rare (6-20)
1892,0.4301118,0.56988823,1,1,1) very rare (1-5)
1893,0.2143005,0.7856995,0,2,1) very rare (1-5)
1894,0.5553942,0.44460583,0,47,3) common (21-100)
1895,0.7398581,0.2601419,1,6,2) rare (6-20)
1896,0.051247314,0.9487527,1,0,1) very rare (1-5)
1897,0.3937575,0.60624254,0,2,1) very rare (1-5)
1898,0.74726665,0.25273335,1,71,3) common (21-100)
1899,0.5653358,0.4346642,1,7,2) rare (6-20)
1900,0.81041634,0.18958366,0,1000,4) very common (100+)
1901,0.06921255,0.93078744,1,2,1) very rare (1-5)
1902,0.18739319,0.8126068,1,2,1) very rare (1-5)
1903,0.32675174,0.6732483,1,44,3) common (21-100)
1904,0.51711625,0.48288375,1,44,3) common (21-100)
1905,0.91084456,0.089155436,0,50,3) common (21-100)
1906,0.4976772,0.5023228,1,39,3) common (21-100)
1907,0.32217228,0.6778277,0,3,1) very rare (1-5)
1908,0.31175283,0.6882472,1,1,1) very rare (1-5)
1909,0.55248845,0.44751155,1,159,4) very common (100+)
1910,0.26188332,0.7381167,1,7,2) rare (6-20)
1911,0.66085243,0.33914757,1,1290,4) very common (100+)
1912,0.9478461,0.052153885,0,53,3) common (21-100)
1913,0.9207503,0.07924968,1,17,2) rare (6-20)
1914,0.55695564,0.44304436,0,343,4) very common (100+)
1915,0.5075395,0.4924605,1,7,2) rare (6-20)
1916,0.58222246,0.41777754,0,99,3) common (21-100)
1917,0.80844384,0.19155616,0,3,1) very rare (1-5)
1918,0.14620744,0.85379255,1,0,1) very rare (1-5)
1919,0.20192689,0.7980731,1,0,1) very rare (1-5)
1920,0.29121935,0.70878065,1,0,1) very rare (1-5)
1921,0.19553828,0.8044617,1,41,3) common (21-100)
1922,0.5361919,0.46380812,1,33,3) common (21-100)
1923,0.31651613,0.68348384,0,17,2) rare (6-20)
1924,0.06791064,0.9320893,1,36,3) common (21-100)
1925,0.17705104,0.82294893,0,5,1) very rare (1-5)
1926,0.20107612,0.79892385,0,223,4) very common (100+)
1927,0.99652916,0.003470838,0,1000,4) very common (100+)
1928,0.9138887,0.08611131,0,146,4) very common (100+)
1929,0.16203786,0.83796215,1,1,1) very rare (1-5)
1930,0.40940836,0.59059167,1,4,1) very rare (1-5)
1931,0.7176677,0.2823323,1,0,1) very rare (1-5)
1932,0.9909253,0.009074688,0,1000,4) very common (100+)
1933,0.5123566,0.48764342,0,100,3) common (21-100)
1934,0.5118567,0.48814332,0,343,4) very common (100+)
1935,0.1332183,0.8667817,1,0,1) very rare (1-5)
1936,0.5057528,0.4942472,1,2,1) very rare (1-5)
1937,0.33417532,0.66582465,1,88,3) common (21-100)
1938,0.60290843,0.39709157,1,96,3) common (21-100)
1939,0.7928574,0.20714259,0,25,3) common (21-100)
1940,0.63258094,0.36741906,1,1290,4) very common (100+)
1941,0.3523097,0.6476903,1,0,1) very rare (1-5)
1942,0.31024316,0.6897569,0,5,1) very rare (1-5)
1943,0.5138185,0.4861815,1,1290,4) very common (100+)
1944,0.20896204,0.791038,0,0,1) very rare (1-5)
1945,0.16221385,0.83778614,1,142,4) very common (100+)
1946,0.90707296,0.09292704,0,421,4) very common (100+)
1947,0.7159867,0.28401327,1,12,2) rare (6-20)
1948,0.65713334,0.34286666,0,1070,4) very common (100+)
1949,0.17262885,0.8273711,1,1,1) very rare (1-5)
1950,0.27820367,0.72179633,0,118,4) very common (100+)
1951,0.06428763,0.93571234,1,0,1) very rare (1-5)
1952,0.27920097,0.720799,1,23,3) common (21-100)
1953,0.8457651,0.15423489,0,21,3) common (21-100)
1954,0.7716066,0.22839338,0,3,1) very rare (1-5)
1955,0.48950082,0.5104992,0,40,3) common (21-100)
1956,0.37489948,0.6251005,1,14,2) rare (6-20)
1957,0.8923189,0.107681096,0,5,1) very rare (1-5)
1958,0.29664534,0.70335466,1,21,3) common (21-100)
1959,0.7184149,0.2815851,0,421,4) very common (100+)
1960,0.8678574,0.1321426,1,8,2) rare (6-20)
1961,0.04938261,0.9506174,1,1,1) very rare (1-5)
1962,0.37767094,0.62232906,1,38,3) common (21-100)
1963,0.5377484,0.4622516,1,160,4) very common (100+)
1964,0.60875475,0.39124525,1,5,1) very rare (1-5)
1965,0.30341944,0.6965805,1,134,4) very common (100+)
1966,0.18610018,0.8138998,1,22,3) common (21-100)
1967,0.6537949,0.34620512,1,142,4) very common (100+)
1968,0.17875712,0.82124287,0,2,1) very rare (1-5)
1969,0.33364528,0.6663547,0,3,1) very rare (1-5)
1970,0.6999825,0.30001748,1,1290,4) very common (100+)
1971,0.7937198,0.20628017,0,10,2) rare (6-20)
1972,0.045629147,0.95437086,0,0,1) very rare (1-5)
1973,0.016416486,0.9835835,1,14,2) rare (6-20)
1974,0.27870026,0.72129977,1,0,1) very rare (1-5)
1975,0.025099464,0.97490054,1,2,1) very rare (1-5)
1976,0.64570516,0.35429484,0,700,4) very common (100+)
1977,0.0737494,0.9262506,1,4,1) very rare (1-5)
1978,0.17104466,0.82895535,0,7,2) rare (6-20)
1979,0.15920149,0.8407985,1,2,1) very rare (1-5)
1980,0.32776034,0.67223966,1,58,3) common (21-100)
1981,0.98565316,0.014346838,0,89,3) common (21-100)
1982,0.39458537,0.6054146,0,1070,4) very common (100+)
1983,0.23214602,0.767854,1,3,1) very rare (1-5)
1984,0.29169866,0.7083013,1,0,1) very rare (1-5)
1985,0.26934835,0.7306516,1,1,1) very rare (1-5)
1986,0.5479527,0.4520473,0,5,1) very rare (1-5)
1987,0.8562075,0.14379251,0,99,3) common (21-100)
1988,0.92430717,0.07569283,0,421,4) very common (100+)
1989,0.5386623,0.4613377,0,0,1) very rare (1-5)
1990,0.3735769,0.6264231,1,5,1) very rare (1-5)
1991,0.44578972,0.5542103,1,60,3) common (21-100)
1992,0.07308395,0.92691606,1,1,1) very rare (1-5)
1993,0.34868482,0.6513152,1,2,1) very rare (1-5)
1994,0.5894827,0.41051728,0,99,3) common (21-100)
1995,0.79937434,0.20062566,1,160,4) very common (100+)
1996,0.6461276,0.35387242,0,2,1) very rare (1-5)
1997,0.14649379,0.8535062,1,9,2) rare (6-20)
1998,0.88166827,0.11833173,0,237,4) very common (100+)
1999,0.31491616,0.68508387,0,28,3) common (21-100)
2000,0.11767563,0.88232434,0,1,1) very rare (1-5)
2001,0.6832863,0.3167137,0,166,4) very common (100+)
2002,0.17999123,0.82000875,1,88,3) common (21-100)
2003,0.4511037,0.5488963,1,19,2) rare (6-20)
2004,0.7878119,0.21218812,1,1290,4) very common (100+)
2005,0.6459409,0.3540591,0,1290,4) very common (100+)
2006,0.18741022,0.81258976,1,118,4) very common (100+)
2007,0.532178,0.46782202,0,118,4) very common (100+)
2008,0.5702475,0.42975253,0,372,4) very common (100+)
2009,0.88077843,0.11922157,0,37,3) common (21-100)
2010,0.3829671,0.6170329,1,7,2) rare (6-20)
2011,0.28638512,0.7136149,0,29,3) common (21-100)
2012,0.07749281,0.92250717,1,0,1) very rare (1-5)
2013,0.36284286,0.63715714,0,68,3) common (21-100)
2014,0.3518456,0.6481544,1,27,3) common (21-100)
2015,0.20101029,0.7989897,0,3,1) very rare (1-5)
2016,0.7864993,0.21350068,1,166,4) very common (100+)
2017,0.3496487,0.6503513,1,261,4) very common (100+)
2018,0.17714454,0.8228555,1,18,2) rare (6-20)
2019,0.36813977,0.63186026,1,62,3) common (21-100)
2020,0.034317788,0.9656822,1,0,1) very rare (1-5)
2021,0.36084697,0.639153,1,16,2) rare (6-20)
2022,0.9629218,0.0370782,0,47,3) common (21-100)
2023,0.054824173,0.9451758,1,5,1) very rare (1-5)
2024,0.11399186,0.88600814,1,38,3) common (21-100)
2025,0.056254428,0.94374555,0,0,1) very rare (1-5)
2026,0.40076843,0.5992316,0,145,4) very common (100+)
2027,0.9596829,0.04031712,0,28,3) common (21-100)
2028,0.9022404,0.097759604,0,372,4) very common (100+)
2029,0.95137775,0.04862225,0,58,3) common (21-100)
2030,0.70262504,0.29737496,1,16,2) rare (6-20)
2031,0.91049093,0.08950907,0,1000,4) very common (100+)
2032,0.37401277,0.62598723,1,134,4) very common (100+)
2033,0.18807593,0.8119241,1,1,1) very rare (1-5)
2034,0.37096342,0.62903655,0,68,3) common (21-100)
2035,0.44641304,0.55358696,0,106,4) very common (100+)
2036,0.14788581,0.8521142,0,7,2) rare (6-20)
2037,0.39991954,0.6000805,1,134,4) very common (100+)
2038,0.015920198,0.9840798,1,0,1) very rare (1-5)
2039,0.53715676,0.46284324,0,9,2) rare (6-20)
2040,0.443823,0.556177,0,15,2) rare (6-20)
2041,0.33844912,0.6615509,1,4,1) very rare (1-5)
2042,0.1623676,0.8376324,1,118,4) very common (100+)
2043,0.8077546,0.19224542,0,11,2) rare (6-20)
2044,0.2369422,0.7630578,1,1,1) very rare (1-5)
2045,0.922484,0.07751602,1,54,3) common (21-100)
2046,0.79335684,0.20664316,1,16,2) rare (6-20)
2047,0.70441866,0.29558134,0,275,4) very common (100+)
2048,0.34794718,0.6520528,1,6,2) rare (6-20)
2049,0.108421184,0.8915788,0,47,3) common (21-100)
2050,0.14183554,0.8581644,1,5,1) very rare (1-5)
2051,0.5520333,0.4479667,0,1070,4) very common (100+)
2052,0.30748075,0.69251925,1,3,1) very rare (1-5)
2053,0.05429054,0.94570947,1,70,3) common (21-100)
2054,0.81132877,0.18867123,0,19,2) rare (6-20)
2055,0.41656223,0.5834378,0,3,1) very rare (1-5)
2056,0.71326464,0.28673536,0,421,4) very common (100+)
2057,0.92606163,0.07393837,1,1,1) very rare (1-5)
2058,0.90765744,0.092342556,0,275,4) very common (100+)
2059,0.91745347,0.08254653,0,421,4) very common (100+)
2060,0.73266834,0.26733166,0,36,3) common (21-100)
2061,0.8757029,0.12429708,0,142,4) very common (100+)
2062,0.122522056,0.87747794,1,0,1) very rare (1-5)
2063,0.23525815,0.76474184,0,9,2) rare (6-20)
2064,0.8863771,0.113622904,0,1000,4) very common (100+)
2065,0.5055624,0.49443758,0,105,4) very common (100+)
2066,0.7883854,0.21161461,1,1290,4) very common (100+)
2067,0.14474572,0.8552543,1,3,1) very rare (1-5)
2068,0.45780584,0.5421941,1,3,1) very rare (1-5)
2069,0.22727649,0.7727235,1,4,1) very rare (1-5)
2070,0.21839318,0.7816068,1,0,1) very rare (1-5)
2071,0.48244822,0.5175518,1,1290,4) very common (100+)
2072,0.33184767,0.66815233,1,0,1) very rare (1-5)
2073,0.3219182,0.6780818,0,102,4) very common (100+)
2074,0.51690733,0.48309267,1,4,1) very rare (1-5)
2075,0.2312682,0.76873183,1,13,2) rare (6-20)
2076,0.77421665,0.22578335,0,36,3) common (21-100)
2077,0.12812914,0.8718709,1,7,2) rare (6-20)
2078,0.26990616,0.73009384,0,24,3) common (21-100)
2079,0.9942549,0.005745113,0,211,4) very common (100+)
2080,0.38017663,0.61982334,1,0,1) very rare (1-5)
2081,0.9778374,0.022162616,0,85,3) common (21-100)
2082,0.3208854,0.6791146,0,105,4) very common (100+)
2083,0.18778373,0.8122163,0,5,1) very rare (1-5)
2084,0.98412156,0.015878439,0,182,4) very common (100+)
2085,0.27651352,0.7234865,1,3,1) very rare (1-5)
2086,0.5780076,0.42199242,0,275,4) very common (100+)
2087,0.32393402,0.676066,1,0,1) very rare (1-5)
2088,0.82681966,0.17318034,0,121,4) very common (100+)
2089,0.8413166,0.15868342,0,142,4) very common (100+)
2090,0.111771494,0.88822854,1,15,2) rare (6-20)
2091,0.14880109,0.8511989,1,9,2) rare (6-20)
2092,0.28181407,0.7181859,0,1,1) very rare (1-5)
2093,0.42170316,0.57829684,0,7,2) rare (6-20)
2094,0.23431389,0.7656861,1,22,3) common (21-100)
2095,0.07141812,0.9285819,1,0,1) very rare (1-5)
2096,0.8339637,0.16603631,0,27,3) common (21-100)
2097,0.12506501,0.874935,1,237,4) very common (100+)
2098,0.046043027,0.95395696,1,17,2) rare (6-20)
2099,0.55938447,0.44061553,1,0,1) very rare (1-5)
2100,0.110861905,0.8891381,1,1,1) very rare (1-5)
2101,0.78231406,0.21768594,0,700,4) very common (100+)
2102,0.4411963,0.5588037,0,0,1) very rare (1-5)
2103,0.45594057,0.5440594,1,79,3) common (21-100)
2104,0.531999,0.468001,1,0,1) very rare (1-5)
2105,0.16555,0.83445,0,1,1) very rare (1-5)
2106,0.13094348,0.8690565,1,7,2) rare (6-20)
2107,0.49370658,0.5062934,1,0,1) very rare (1-5)
2108,0.3687321,0.6312679,1,6,2) rare (6-20)
2109,0.42686847,0.57313156,1,0,1) very rare (1-5)
2110,0.8858237,0.11417627,0,1000,4) very common (100+)
2111,0.8020165,0.1979835,0,123,4) very common (100+)
2112,0.8971663,0.10283369,1,2,1) very rare (1-5)
2113,0.06409856,0.93590146,1,41,3) common (21-100)
2114,0.73454034,0.26545966,1,700,4) very common (100+)
2115,0.48902404,0.51097596,1,26,3) common (21-100)
2116,0.060826205,0.9391738,1,0,1) very rare (1-5)
2117,0.23672457,0.76327544,1,24,3) common (21-100)
2118,0.8562622,0.1437378,0,39,3) common (21-100)
2119,0.48858753,0.5114125,0,1070,4) very common (100+)
2120,0.51424515,0.48575485,0,1070,4) very common (100+)
2121,0.9926306,0.007369399,1,76,3) common (21-100)
2122,0.21793918,0.7820608,1,372,4) very common (100+)
2123,0.97822315,0.021776855,0,37,3) common (21-100)
2124,0.92352325,0.07647675,0,700,4) very common (100+)
2125,0.094257355,0.90574265,1,47,3) common (21-100)
2126,0.9198944,0.0801056,0,99,3) common (21-100)
2127,0.14879268,0.8512073,0,42,3) common (21-100)
2128,0.4113407,0.5886593,0,28,3) common (21-100)
2129,0.102378465,0.8976215,1,0,1) very rare (1-5)
2130,0.57709455,0.42290545,0,78,3) common (21-100)
2131,0.12043601,0.879564,1,58,3) common (21-100)
2132,0.3713603,0.6286397,1,1,1) very rare (1-5)
2133,0.958048,0.041952014,0,159,4) very common (100+)
2134,0.17001751,0.8299825,1,0,1) very rare (1-5)
2135,0.42891473,0.5710853,1,76,3) common (21-100)
2136,0.7516367,0.24836332,0,7,2) rare (6-20)
2137,0.98197997,0.018020034,1,16,2) rare (6-20)
2138,0.44951004,0.55048996,1,70,3) common (21-100)
2139,0.2760858,0.7239142,0,134,4) very common (100+)
2140,0.7959664,0.20403361,1,0,1) very rare (1-5)
2141,0.9490415,0.050958514,0,12,2) rare (6-20)
2142,0.91862017,0.08137983,0,42,3) common (21-100)
2143,0.1707687,0.8292313,1,3,1) very rare (1-5)
2144,0.87473106,0.12526894,0,99,3) common (21-100)
2145,0.37230936,0.6276907,1,6,2) rare (6-20)
2146,0.13503745,0.8649626,1,178,4) very common (100+)
2147,0.2675732,0.73242676,0,68,3) common (21-100)
2148,0.59854347,0.40145653,0,13,2) rare (6-20)
2149,0.2415076,0.7584924,1,5,1) very rare (1-5)
2150,0.24229944,0.75770056,0,0,1) very rare (1-5)
2151,0.21603769,0.7839623,1,26,3) common (21-100)
2152,0.19689345,0.80310655,1,3,1) very rare (1-5)
2153,0.12665099,0.873349,1,1,1) very rare (1-5)
2154,0.15155834,0.84844166,0,2,1) very rare (1-5)
2155,0.21439739,0.7856026,1,6,2) rare (6-20)
2156,0.04566529,0.95433474,1,5,1) very rare (1-5)
2157,0.9436485,0.056351483,0,29,3) common (21-100)
2158,0.3637016,0.6362984,1,43,3) common (21-100)
2159,0.87617874,0.12382126,1,1290,4) very common (100+)
2160,0.8299813,0.17001867,0,1290,4) very common (100+)
2161,0.68334043,0.31665957,1,0,1) very rare (1-5)
2162,0.47221625,0.52778375,0,105,4) very common (100+)
2163,0.343786,0.656214,1,142,4) very common (100+)
2164,0.04476951,0.9552305,1,39,3) common (21-100)
2165,0.1928627,0.8071373,1,1,1) very rare (1-5)
2166,0.3905798,0.6094202,0,17,2) rare (6-20)
2167,0.17216086,0.82783914,0,2,1) very rare (1-5)
2168,0.34703535,0.65296465,1,1,1) very rare (1-5)
2169,0.90431726,0.09568274,0,52,3) common (21-100)
2170,0.47067347,0.52932656,0,20,2) rare (6-20)
2171,0.26298678,0.7370132,1,2,1) very rare (1-5)
2172,0.39221066,0.60778934,1,3,1) very rare (1-5)
2173,0.4612735,0.5387265,0,0,1) very rare (1-5)
2174,0.2006475,0.7993525,0,2,1) very rare (1-5)
2175,0.12266719,0.8773328,1,3,1) very rare (1-5)
2176,0.76854336,0.23145664,0,6,2) rare (6-20)
2177,0.77961445,0.22038555,1,275,4) very common (100+)
2178,0.092153154,0.90784687,1,0,1) very rare (1-5)
2179,0.7598999,0.24010009,0,56,3) common (21-100)
2180,0.7511304,0.2488696,0,178,4) very common (100+)
2181,0.30884573,0.69115424,0,36,3) common (21-100)
2182,0.11879876,0.88120127,0,0,1) very rare (1-5)
2183,0.591093,0.408907,1,142,4) very common (100+)
2184,0.9731906,0.026809394,1,30,3) common (21-100)
2185,0.6705959,0.32940412,0,9,2) rare (6-20)
2186,0.47680295,0.52319705,1,92,3) common (21-100)
2187,0.24478996,0.75521004,0,223,4) very common (100+)
2188,0.29654533,0.7034547,1,0,1) very rare (1-5)
2189,0.6794334,0.3205666,0,37,3) common (21-100)
2190,0.79306436,0.20693564,0,1290,4) very common (100+)
2191,0.3231672,0.6768328,1,45,3) common (21-100)
2192,0.16610242,0.8338976,0,8,2) rare (6-20)
2193,0.18420084,0.8157992,1,0,1) very rare (1-5)
2194,0.8181509,0.18184912,1,1290,4) very common (100+)
2195,0.308898,0.691102,0,0,1) very rare (1-5)
2196,0.14217418,0.8578258,1,0,1) very rare (1-5)
2197,0.5661576,0.43384242,0,372,4) very common (100+)
2198,0.073078476,0.92692155,1,15,2) rare (6-20)
2199,0.070325695,0.9296743,1,4,1) very rare (1-5)
2200,0.39269388,0.6073061,0,1000,4) very common (100+)
2201,0.8528966,0.14710343,0,1070,4) very common (100+)
2202,0.6579526,0.3420474,1,159,4) very common (100+)
2203,0.15278354,0.8472165,1,2,1) very rare (1-5)
2204,0.62586373,0.37413627,0,1070,4) very common (100+)
2205,0.6577596,0.3422404,1,1,1) very rare (1-5)
2206,0.06959256,0.93040746,0,88,3) common (21-100)
2207,0.15062737,0.8493726,1,5,1) very rare (1-5)
2208,0.94064254,0.059357464,0,99,3) common (21-100)
2209,0.77382904,0.22617096,0,89,3) common (21-100)
2210,0.47011933,0.52988064,1,1,1) very rare (1-5)
2211,0.58302414,0.41697586,0,15,2) rare (6-20)
2212,0.4799251,0.5200749,1,39,3) common (21-100)
2213,0.6810562,0.3189438,0,237,4) very common (100+)
2214,0.20661657,0.7933834,0,21,3) common (21-100)
2215,0.16632734,0.83367264,1,0,1) very rare (1-5)
2216,0.40180895,0.598191,0,41,3) common (21-100)
2217,0.46891242,0.5310876,0,24,3) common (21-100)
2218,0.14066757,0.85933244,1,0,1) very rare (1-5)
2219,0.42860678,0.57139325,0,23,3) common (21-100)
2220,0.42397872,0.5760213,0,6,2) rare (6-20)
2221,0.42878538,0.5712146,0,14,2) rare (6-20)
2222,0.2151143,0.7848857,0,6,2) rare (6-20)
2223,0.094784826,0.90521514,1,1,1) very rare (1-5)
2224,0.3734965,0.62650347,0,4,1) very rare (1-5)
2225,0.46540296,0.53459704,0,2,1) very rare (1-5)
2226,0.37949598,0.620504,0,268,4) very common (100+)
2227,0.32606706,0.6739329,0,9,2) rare (6-20)
2228,0.59386146,0.40613854,1,0,1) very rare (1-5)
2229,0.7745512,0.22544879,1,700,4) very common (100+)
2230,0.81238186,0.18761814,0,421,4) very common (100+)
2231,0.25788203,0.742118,0,0,1) very rare (1-5)
2232,0.567625,0.432375,1,4,1) very rare (1-5)
2233,0.08029133,0.91970867,1,19,2) rare (6-20)
2234,0.24267463,0.75732535,0,159,4) very common (100+)
2235,0.32757288,0.6724271,1,0,1) very rare (1-5)
2236,0.25564018,0.74435985,1,13,2) rare (6-20)
2237,0.16925232,0.83074766,0,6,2) rare (6-20)
2238,0.8425498,0.1574502,0,421,4) very common (100+)
2239,0.29375097,0.706249,0,8,2) rare (6-20)
2240,0.6867236,0.3132764,1,20,2) rare (6-20)
2241,0.57900107,0.42099893,0,121,4) very common (100+)
2242,0.45829776,0.5417023,1,1,1) very rare (1-5)
2243,0.27225628,0.72774374,1,2,1) very rare (1-5)
2244,0.92533505,0.07466495,0,24,3) common (21-100)
2245,0.59959805,0.40040195,1,44,3) common (21-100)
2246,0.22356765,0.77643234,1,0,1) very rare (1-5)
2247,0.4976786,0.50232136,1,421,4) very common (100+)
2248,0.71855325,0.28144675,0,1000,4) very common (100+)
2249,0.8661896,0.1338104,0,700,4) very common (100+)
2250,0.31332737,0.6866726,0,2,1) very rare (1-5)
2251,0.48723483,0.51276517,1,9,2) rare (6-20)
2252,0.17717323,0.82282674,1,94,3) common (21-100)
2253,0.8205518,0.17944819,0,145,4) very common (100+)
2254,0.5572487,0.4427513,1,1290,4) very common (100+)
2255,0.3083704,0.6916296,1,1,1) very rare (1-5)
2256,0.035799317,0.9642007,1,1,1) very rare (1-5)
2257,0.3355917,0.6644083,1,27,3) common (21-100)
2258,0.47136995,0.52863,1,106,4) very common (100+)
2259,0.11982241,0.8801776,0,5,1) very rare (1-5)
2260,0.18804917,0.8119508,1,118,4) very common (100+)
2261,0.29043096,0.70956904,1,3,1) very rare (1-5)
2262,0.124895066,0.8751049,1,0,1) very rare (1-5)
2263,0.10250678,0.89749324,0,29,3) common (21-100)
2264,0.099531904,0.9004681,1,2,1) very rare (1-5)
2265,0.17867185,0.82132816,0,134,4) very common (100+)
2266,0.88026714,0.11973286,0,71,3) common (21-100)
2267,0.16935304,0.830647,1,0,1) very rare (1-5)
2268,0.28838694,0.71161306,1,118,4) very common (100+)
2269,0.3874432,0.6125568,0,2,1) very rare (1-5)
2270,0.78944504,0.21055496,0,2,1) very rare (1-5)
2271,0.21832597,0.781674,1,0,1) very rare (1-5)
2272,0.1315742,0.8684258,0,100,3) common (21-100)
2273,0.8652753,0.13472468,0,19,2) rare (6-20)
2274,0.7675304,0.23246962,1,78,3) common (21-100)
2275,0.9483859,0.051614106,0,1000,4) very common (100+)
2276,0.22270219,0.7772978,1,343,4) very common (100+)
2277,0.55210966,0.44789034,1,51,3) common (21-100)
2278,0.66986495,0.33013505,0,1070,4) very common (100+)
2279,0.3887859,0.6112141,0,7,2) rare (6-20)
2280,0.32476154,0.6752385,0,2,1) very rare (1-5)
2281,0.24926278,0.7507372,0,1,1) very rare (1-5)
2282,0.61247563,0.38752437,1,65,3) common (21-100)
2283,0.4666188,0.5333812,1,0,1) very rare (1-5)
2284,0.7305912,0.26940882,0,33,3) common (21-100)
2285,0.8492148,0.15078521,0,1000,4) very common (100+)
2286,0.22329837,0.7767016,0,0,1) very rare (1-5)
2287,0.45512885,0.54487115,1,107,4) very common (100+)
2288,0.3016278,0.6983722,1,106,4) very common (100+)
2289,0.6755769,0.32442307,0,1070,4) very common (100+)
2290,0.29398844,0.70601153,1,0,1) very rare (1-5)
2291,0.78384274,0.21615726,0,237,4) very common (100+)
2292,0.7350838,0.26491618,0,40,3) common (21-100)
2293,0.25884724,0.74115276,1,0,1) very rare (1-5)
2294,0.04144221,0.9585578,1,0,1) very rare (1-5)
2295,0.72044265,0.27955735,1,6,2) rare (6-20)
2296,0.16553514,0.83446485,0,0,1) very rare (1-5)
2297,0.18865134,0.8113487,1,0,1) very rare (1-5)
2298,0.40570724,0.59429276,0,121,4) very common (100+)
2299,0.70675987,0.29324013,1,372,4) very common (100+)
2300,0.1546533,0.8453467,1,7,2) rare (6-20)
2301,0.113448955,0.886551,1,26,3) common (21-100)
2302,0.18007837,0.8199216,1,0,1) very rare (1-5)
2303,0.42782122,0.5721788,1,89,3) common (21-100)
2304,0.99516076,0.0048392415,0,211,4) very common (100+)
2305,0.76873666,0.23126334,0,1000,4) very common (100+)
2306,0.4680186,0.5319814,0,100,3) common (21-100)
2307,0.0663945,0.9336055,1,0,1) very rare (1-5)
2308,0.6168312,0.38316882,1,0,1) very rare (1-5)
2309,0.46040016,0.53959984,0,105,4) very common (100+)
2310,0.75917435,0.24082565,1,1290,4) very common (100+)
2311,0.3031398,0.6968602,0,39,3) common (21-100)
2312,0.07958356,0.9204164,0,0,1) very rare (1-5)
2313,0.46478254,0.53521746,1,1070,4) very common (100+)
2314,0.123882934,0.87611705,1,1,1) very rare (1-5)
2315,0.63114387,0.36885613,1,0,1) very rare (1-5)
2316,0.8759503,0.12404972,1,70,3) common (21-100)
2317,0.62843496,0.37156504,0,268,4) very common (100+)
2318,0.96298116,0.037018836,0,261,4) very common (100+)
2319,0.413449,0.586551,0,62,3) common (21-100)
2320,0.4773175,0.5226825,0,1070,4) very common (100+)
2321,0.1574725,0.8425275,1,2,1) very rare (1-5)
2322,0.6309096,0.36909038,0,7,2) rare (6-20)
2323,0.09469302,0.905307,0,0,1) very rare (1-5)
2324,0.4180102,0.58198977,0,3,1) very rare (1-5)
2325,0.88599885,0.114001155,0,37,3) common (21-100)
2326,0.27771953,0.7222805,1,0,1) very rare (1-5)
2327,0.9184007,0.081599295,0,12,2) rare (6-20)
2328,0.14619362,0.8538064,1,1,1) very rare (1-5)
2329,0.21791773,0.78208226,0,58,3) common (21-100)
2330,0.40441275,0.59558725,0,89,3) common (21-100)
2331,0.76789576,0.23210424,1,275,4) very common (100+)
2332,0.32833898,0.671661,1,14,2) rare (6-20)
2333,0.1546086,0.8453914,1,0,1) very rare (1-5)
2334,0.15879072,0.8412093,1,45,3) common (21-100)
2335,0.63049674,0.36950326,0,1290,4) very common (100+)
2336,0.93822765,0.061772346,0,13,2) rare (6-20)
2337,0.113308735,0.8866913,1,2,1) very rare (1-5)
2338,0.33054104,0.669459,0,14,2) rare (6-20)
2339,0.6008455,0.39915448,0,1070,4) very common (100+)
2340,0.9439929,0.056007087,0,1000,4) very common (100+)
2341,0.09160917,0.9083908,1,16,2) rare (6-20)
2342,0.059465393,0.9405346,0,111,4) very common (100+)
2343,0.43601263,0.5639874,0,25,3) common (21-100)
2344,0.46987885,0.53012115,0,23,3) common (21-100)
2345,0.8311212,0.1688788,0,1070,4) very common (100+)
2346,0.085833415,0.91416657,1,1,1) very rare (1-5)
2347,0.4284281,0.5715719,1,19,2) rare (6-20)
2348,0.5349702,0.46502978,1,7,2) rare (6-20)
2349,0.80151117,0.19848883,0,159,4) very common (100+)
2350,0.52446747,0.47553253,1,0,1) very rare (1-5)
2351,0.29230586,0.7076942,0,69,3) common (21-100)
2352,0.23760727,0.76239276,0,43,3) common (21-100)
2353,0.73419243,0.26580757,1,146,4) very common (100+)
2354,0.33561188,0.6643881,1,4,1) very rare (1-5)
2355,0.71972513,0.28027487,1,0,1) very rare (1-5)
2356,0.67184913,0.32815087,1,9,2) rare (6-20)
2357,0.1474559,0.85254407,1,6,2) rare (6-20)
2358,0.09207772,0.90792227,1,2,1) very rare (1-5)
2359,0.32402602,0.675974,0,92,3) common (21-100)
2360,0.91946405,0.08053595,0,274,4) very common (100+)
2361,0.63123184,0.36876816,0,9,2) rare (6-20)
2362,0.5368264,0.46317363,1,31,3) common (21-100)
2363,0.7907172,0.20928282,0,23,3) common (21-100)
2364,0.17971192,0.82028806,1,38,3) common (21-100)
2365,0.66456664,0.33543336,1,1070,4) very common (100+)
2366,0.28920084,0.71079916,1,0,1) very rare (1-5)
2367,0.843509,0.15649098,0,99,3) common (21-100)
2368,0.1782069,0.8217931,1,5,1) very rare (1-5)
2369,0.18285549,0.8171445,0,8,2) rare (6-20)
2370,0.38321093,0.6167891,1,0,1) very rare (1-5)
2371,0.11356488,0.88643515,1,2,1) very rare (1-5)
2372,0.12754361,0.8724564,1,5,1) very rare (1-5)
2373,0.56406486,0.43593514,1,268,4) very common (100+)
2374,0.13955963,0.8604404,1,0,1) very rare (1-5)
2375,0.13350579,0.8664942,1,1,1) very rare (1-5)
2376,0.13034596,0.86965406,0,3,1) very rare (1-5)
2377,0.40177312,0.5982269,1,3,1) very rare (1-5)
2378,0.9618242,0.03817582,1,2,1) very rare (1-5)
2379,0.034450598,0.9655494,1,14,2) rare (6-20)
2380,0.8610549,0.1389451,0,700,4) very common (100+)
2381,0.37073988,0.6292601,1,66,3) common (21-100)
2382,0.4568226,0.54317737,1,0,1) very rare (1-5)
2383,0.5682551,0.43174487,0,10,2) rare (6-20)
2384,0.3778368,0.6221632,1,39,3) common (21-100)
2385,0.62302965,0.37697035,0,71,3) common (21-100)
2386,0.31161138,0.6883886,1,4,1) very rare (1-5)
2387,0.12509665,0.8749033,1,79,3) common (21-100)
2388,0.56314814,0.43685186,1,0,1) very rare (1-5)
2389,0.99708337,0.002916634,0,89,3) common (21-100)
2390,0.014982607,0.9850174,1,2,1) very rare (1-5)
2391,0.76657516,0.23342484,1,268,4) very common (100+)
2392,0.28081778,0.71918225,1,85,3) common (21-100)
2393,0.6540119,0.3459881,0,36,3) common (21-100)
2394,0.52069557,0.47930443,0,142,4) very common (100+)
2395,0.8088557,0.19114429,0,4,1) very rare (1-5)
2396,0.2978492,0.7021508,1,35,3) common (21-100)
2397,0.1326214,0.8673786,1,7,2) rare (6-20)
2398,0.53011966,0.46988034,0,223,4) very common (100+)
2399,0.40826237,0.5917376,0,12,2) rare (6-20)
2400,0.84402955,0.15597045,0,1290,4) very common (100+)
2401,0.8635401,0.13645989,0,21,3) common (21-100)
2402,0.53253716,0.46746284,0,159,4) very common (100+)
2403,0.84040713,0.15959287,0,15,2) rare (6-20)
2404,0.99276054,0.007239461,0,421,4) very common (100+)
2405,0.3261401,0.6738599,1,102,4) very common (100+)
2406,0.49718896,0.5028111,0,86,3) common (21-100)
2407,0.4671043,0.5328957,1,1,1) very rare (1-5)
2408,0.6164744,0.3835256,1,19,2) rare (6-20)
2409,0.09430164,0.90569836,1,0,1) very rare (1-5)
2410,0.24005163,0.7599484,1,0,1) very rare (1-5)
2411,0.6171426,0.38285738,1,19,2) rare (6-20)
2412,0.53657025,0.46342975,0,14,2) rare (6-20)
2413,0.024187908,0.9758121,1,134,4) very common (100+)
2414,0.4025472,0.59745276,1,0,1) very rare (1-5)
2415,0.38404396,0.61595607,1,1290,4) very common (100+)
2416,0.8729432,0.12705678,1,160,4) very common (100+)
2417,0.039403774,0.9605962,1,0,1) very rare (1-5)
2418,0.84023565,0.15976435,0,1070,4) very common (100+)
2419,0.15747279,0.8425272,1,0,1) very rare (1-5)
2420,0.98599964,0.014000356,0,23,3) common (21-100)
2421,0.3441076,0.6558924,0,4,1) very rare (1-5)
2422,0.16023697,0.83976305,1,30,3) common (21-100)
2423,0.1454121,0.8545879,0,4,1) very rare (1-5)
2424,0.30631983,0.69368017,1,0,1) very rare (1-5)
2425,0.47091234,0.52908766,1,1290,4) very common (100+)
2426,0.25693467,0.74306536,0,5,1) very rare (1-5)
2427,0.9940606,0.005939424,0,1000,4) very common (100+)
2428,0.5282017,0.4717983,0,142,4) very common (100+)
2429,0.7864754,0.21352458,0,12,2) rare (6-20)
2430,0.9762542,0.023745775,0,182,4) very common (100+)
2431,0.37657517,0.6234248,0,4,1) very rare (1-5)
2432,0.46217054,0.53782946,1,86,3) common (21-100)
2433,0.1022825,0.8977175,1,63,3) common (21-100)
2434,0.89605874,0.10394126,0,21,3) common (21-100)
2435,0.032305904,0.9676941,1,0,1) very rare (1-5)
2436,0.8661016,0.13389838,1,1290,4) very common (100+)
2437,0.35080108,0.6491989,1,0,1) very rare (1-5)
2438,0.19125761,0.8087424,1,0,1) very rare (1-5)
2439,0.70425326,0.29574674,1,118,4) very common (100+)
2440,0.2328594,0.7671406,1,86,3) common (21-100)
2441,0.87995803,0.12004197,0,421,4) very common (100+)
2442,0.30458522,0.6954148,0,1,1) very rare (1-5)
2443,0.5781945,0.4218055,0,700,4) very common (100+)
2444,0.32762828,0.67237175,0,2,1) very rare (1-5)
2445,0.97679853,0.023201466,0,1000,4) very common (100+)
2446,0.120060995,0.879939,1,0,1) very rare (1-5)
2447,0.28718293,0.7128171,0,24,3) common (21-100)
2448,0.92328966,0.07671034,0,0,1) very rare (1-5)
2449,0.91266066,0.08733934,0,166,4) very common (100+)
2450,0.22508328,0.7749167,1,66,3) common (21-100)
2451,0.3976203,0.6023797,1,2,1) very rare (1-5)
2452,0.59126264,0.40873736,0,2,1) very rare (1-5)
2453,0.5338499,0.4661501,0,2,1) very rare (1-5)
2454,0.41099444,0.5890056,0,31,3) common (21-100)
2455,0.13048567,0.86951435,1,2,1) very rare (1-5)
2456,0.08395747,0.9160425,1,1,1) very rare (1-5)
2457,0.52417946,0.47582054,0,41,3) common (21-100)
2458,0.050662298,0.9493377,1,3,1) very rare (1-5)
2459,0.0247097,0.9752903,1,4,1) very rare (1-5)
2460,0.090472646,0.90952736,1,0,1) very rare (1-5)
2461,0.7466037,0.25339627,1,142,4) very common (100+)
2462,0.534748,0.46525198,0,39,3) common (21-100)
2463,0.061877266,0.93812275,0,0,1) very rare (1-5)
2464,0.94460404,0.05539596,0,99,3) common (21-100)
2465,0.4328513,0.5671487,0,7,2) rare (6-20)
2466,0.2218948,0.7781052,1,0,1) very rare (1-5)
2467,0.1631798,0.8368202,1,0,1) very rare (1-5)
2468,0.7720497,0.22795027,0,23,3) common (21-100)
2469,0.38813382,0.6118662,1,166,4) very common (100+)
2470,0.9741638,0.02583623,0,1000,4) very common (100+)
2471,0.5128931,0.48710692,1,0,1) very rare (1-5)
2472,0.962605,0.037395,0,20,2) rare (6-20)
2473,0.6402386,0.35976142,0,11,2) rare (6-20)
2474,0.97182965,0.028170347,0,1000,4) very common (100+)
2475,0.8832795,0.1167205,1,14,2) rare (6-20)
2476,0.18400207,0.81599796,1,1,1) very rare (1-5)
2477,0.36140338,0.63859665,0,106,4) very common (100+)
2478,0.15576723,0.8442328,0,4,1) very rare (1-5)
2479,0.96503574,0.034964263,0,74,3) common (21-100)
2480,0.043156326,0.9568437,1,0,1) very rare (1-5)
2481,0.7569387,0.2430613,1,24,3) common (21-100)
2482,0.14463307,0.85536695,1,1290,4) very common (100+)
2483,0.56104785,0.43895215,0,6,2) rare (6-20)
2484,0.50707966,0.49292034,0,2,1) very rare (1-5)
2485,0.9900653,0.009934723,0,1000,4) very common (100+)
2486,0.09956679,0.9004332,1,79,3) common (21-100)
2487,0.77268624,0.22731376,1,41,3) common (21-100)
2488,0.2822038,0.7177962,0,1,1) very rare (1-5)
2489,0.15421946,0.84578055,1,0,1) very rare (1-5)
2490,0.52877486,0.47122514,0,55,3) common (21-100)
2491,0.6116276,0.38837242,0,85,3) common (21-100)
2492,0.8582459,0.14175409,0,211,4) very common (100+)
2493,0.28447625,0.7155237,1,70,3) common (21-100)
2494,0.14724517,0.85275483,1,0,1) very rare (1-5)
2495,0.5865667,0.4134333,0,1290,4) very common (100+)
2496,0.8981237,0.10187632,0,16,2) rare (6-20)
2497,0.32642946,0.6735705,0,13,2) rare (6-20)
2498,0.80026054,0.19973946,0,2,1) very rare (1-5)
2499,0.6399157,0.3600843,1,39,3) common (21-100)
2500,0.03955877,0.96044123,1,0,1) very rare (1-5)
2501,0.46767262,0.5323274,0,108,4) very common (100+)
2502,0.39285317,0.60714686,1,275,4) very common (100+)
2503,0.2755418,0.7244582,1,3,1) very rare (1-5)
2504,0.48100716,0.51899284,0,5,1) very rare (1-5)
2505,0.3706601,0.62933993,0,15,2) rare (6-20)
2506,0.20524985,0.79475015,1,0,1) very rare (1-5)
2507,0.3391244,0.66087556,1,19,2) rare (6-20)
2508,0.8792411,0.12075889,0,7,2) rare (6-20)
2509,0.2599778,0.7400222,1,1,1) very rare (1-5)
2510,0.8787898,0.12121022,1,108,4) very common (100+)
2511,0.49118537,0.50881463,0,107,4) very common (100+)
2512,0.82422906,0.17577094,0,178,4) very common (100+)
2513,0.21761903,0.78238094,0,14,2) rare (6-20)
2514,0.15224728,0.8477527,1,1,1) very rare (1-5)
2515,0.088565,0.911435,1,47,3) common (21-100)
2516,0.92100537,0.07899463,0,142,4) very common (100+)
2517,0.9629893,0.03701073,0,261,4) very common (100+)
2518,0.9595935,0.040406525,0,11,2) rare (6-20)
2519,0.23530547,0.7646945,1,39,3) common (21-100)
2520,0.75448066,0.24551934,0,16,2) rare (6-20)
2521,0.67896324,0.32103676,0,62,3) common (21-100)
2522,0.02768657,0.9723134,1,2,1) very rare (1-5)
2523,0.750812,0.249188,0,21,3) common (21-100)
2524,0.28158703,0.718413,0,4,1) very rare (1-5)
2525,0.06986988,0.9301301,1,3,1) very rare (1-5)
2526,0.80560416,0.19439584,0,268,4) very common (100+)
2527,0.51332504,0.48667496,0,700,4) very common (100+)
2528,0.22736566,0.7726343,0,343,4) very common (100+)
2529,0.7330203,0.2669797,0,50,3) common (21-100)
2530,0.33756313,0.66243684,1,15,2) rare (6-20)
2531,0.998351,0.0016490221,0,211,4) very common (100+)
2532,0.7724367,0.22756332,0,1070,4) very common (100+)
2533,0.27773094,0.72226906,1,92,3) common (21-100)
2534,0.887838,0.112161994,0,69,3) common (21-100)
2535,0.38945073,0.6105493,1,372,4) very common (100+)
2536,0.22226182,0.7777382,0,72,3) common (21-100)
2537,0.7992343,0.20076573,0,22,3) common (21-100)
2538,0.264163,0.735837,0,11,2) rare (6-20)
2539,0.46904558,0.5309544,1,14,2) rare (6-20)
2540,0.2892631,0.7107369,1,7,2) rare (6-20)
2541,0.8111408,0.18885922,0,274,4) very common (100+)
2542,0.046032198,0.9539678,1,0,1) very rare (1-5)
2543,0.8769089,0.1230911,1,0,1) very rare (1-5)
2544,0.17954552,0.8204545,0,89,3) common (21-100)
2545,0.38543662,0.61456335,1,1070,4) very common (100+)
2546,0.83206576,0.16793424,0,6,2) rare (6-20)
2547,0.47610292,0.52389705,1,23,3) common (21-100)
2548,0.99757844,0.002421558,0,1000,4) very common (100+)
2549,0.24484771,0.7551523,1,22,3) common (21-100)
2550,0.6386551,0.36134487,1,84,3) common (21-100)
2551,0.6006706,0.39932942,1,0,1) very rare (1-5)
2552,0.22135897,0.77864105,0,1,1) very rare (1-5)
2553,0.14722314,0.8527769,1,21,3) common (21-100)
2554,0.5339967,0.4660033,0,343,4) very common (100+)
2555,0.2019603,0.7980397,0,102,4) very common (100+)
2556,0.11179901,0.888201,1,14,2) rare (6-20)
2557,0.933161,0.06683898,1,53,3) common (21-100)
2558,0.85283667,0.14716333,0,21,3) common (21-100)
2559,0.34303614,0.6569638,1,7,2) rare (6-20)
2560,0.2374628,0.7625372,1,1,1) very rare (1-5)
2561,0.21770439,0.7822956,0,2,1) very rare (1-5)
2562,0.42887658,0.5711234,1,22,3) common (21-100)
2563,0.06682327,0.93317676,1,2,1) very rare (1-5)
2564,0.9499762,0.050023794,0,33,3) common (21-100)
2565,0.22197093,0.7780291,1,0,1) very rare (1-5)
2566,0.035796758,0.96420324,1,0,1) very rare (1-5)
2567,0.27277476,0.72722524,0,36,3) common (21-100)
2568,0.174974,0.82502604,1,20,2) rare (6-20)
2569,0.5841826,0.41581738,1,1,1) very rare (1-5)
2570,0.11580006,0.8841999,1,0,1) very rare (1-5)
2571,0.41449082,0.5855092,0,1,1) very rare (1-5)
2572,0.9758706,0.02412939,0,24,3) common (21-100)
2573,0.63339037,0.36660963,1,100,3) common (21-100)
2574,0.27875087,0.7212491,1,18,2) rare (6-20)
2575,0.32143056,0.67856944,1,0,1) very rare (1-5)
2576,0.55299073,0.44700927,1,36,3) common (21-100)
2577,0.1453358,0.8546642,0,6,2) rare (6-20)
2578,0.75571436,0.24428564,1,4,1) very rare (1-5)
2579,0.100282416,0.89971757,1,88,3) common (21-100)
2580,0.9174943,0.0825057,0,261,4) very common (100+)
2581,0.2419353,0.7580647,1,3,1) very rare (1-5)
2582,0.84653103,0.15346897,0,27,3) common (21-100)
2583,0.037927568,0.96207243,1,0,1) very rare (1-5)
2584,0.13151845,0.8684815,1,0,1) very rare (1-5)
2585,0.9756394,0.024360597,0,182,4) very common (100+)
2586,0.20879808,0.79120195,1,123,4) very common (100+)
2587,0.752974,0.24702603,0,11,2) rare (6-20)
2588,0.5889513,0.4110487,1,105,4) very common (100+)
2589,0.32358465,0.6764153,1,18,2) rare (6-20)
2590,0.07624739,0.9237526,1,0,1) very rare (1-5)
2591,0.027058199,0.9729418,1,0,1) very rare (1-5)
2592,0.13042572,0.8695743,1,3,1) very rare (1-5)
2593,0.26880297,0.731197,0,3,1) very rare (1-5)
2594,0.2248462,0.7751538,1,2,1) very rare (1-5)
2595,0.8504761,0.14952391,0,421,4) very common (100+)
2596,0.9494575,0.050542474,0,700,4) very common (100+)
2597,0.8404894,0.15951061,0,2,1) very rare (1-5)
2598,0.19992799,0.800072,0,0,1) very rare (1-5)
2599,0.17814939,0.8218506,1,2,1) very rare (1-5)
2600,0.34932816,0.65067184,0,21,3) common (21-100)
2601,0.6854325,0.3145675,0,0,1) very rare (1-5)
2602,0.5096164,0.49038363,1,11,2) rare (6-20)
2603,0.033710778,0.9662892,1,1,1) very rare (1-5)
2604,0.40567383,0.59432614,1,2,1) very rare (1-5)
2605,0.25654995,0.74345005,0,1070,4) very common (100+)
2606,0.06685274,0.93314725,1,0,1) very rare (1-5)
2607,0.3388623,0.6611377,0,261,4) very common (100+)
2608,0.31922862,0.68077135,1,62,3) common (21-100)
2609,0.6924636,0.30753642,0,14,2) rare (6-20)
2610,0.7659104,0.23408961,0,1,1) very rare (1-5)
2611,0.14434563,0.85565436,1,12,2) rare (6-20)
2612,0.6397676,0.3602324,0,75,3) common (21-100)
2613,0.4022343,0.5977657,0,14,2) rare (6-20)
2614,0.0634096,0.93659043,1,51,3) common (21-100)
2615,0.93658,0.06342,0,26,3) common (21-100)
2616,0.9495598,0.050440192,0,1000,4) very common (100+)
2617,0.37098882,0.62901115,1,1290,4) very common (100+)
2618,0.73032445,0.26967555,0,372,4) very common (100+)
2619,0.4199693,0.5800307,0,33,3) common (21-100)
2620,0.6029007,0.39709932,0,34,3) common (21-100)
2621,0.3380141,0.6619859,1,6,2) rare (6-20)
2622,0.30711266,0.6928873,0,27,3) common (21-100)
2623,0.18709873,0.81290126,0,1,1) very rare (1-5)
2624,0.84926325,0.15073675,0,700,4) very common (100+)
2625,0.9191695,0.080830514,0,12,2) rare (6-20)
2626,0.98225915,0.017740846,0,1000,4) very common (100+)
2627,0.2744438,0.7255562,0,5,1) very rare (1-5)
2628,0.947373,0.052627027,0,421,4) very common (100+)
2629,0.81742483,0.18257517,0,700,4) very common (100+)
2630,0.47064537,0.52935463,1,0,1) very rare (1-5)
2631,0.82567877,0.17432123,0,1290,4) very common (100+)
2632,0.073826045,0.9261739,1,1,1) very rare (1-5)
2633,0.65994453,0.34005547,1,12,2) rare (6-20)
2634,0.98678386,0.013216138,0,16,2) rare (6-20)
2635,0.23942322,0.7605768,1,0,1) very rare (1-5)
2636,0.9984869,0.0015131235,0,211,4) very common (100+)
2637,0.17580035,0.8241997,1,0,1) very rare (1-5)
2638,0.22210278,0.77789724,0,4,1) very rare (1-5)
2639,0.78318506,0.21681494,0,12,2) rare (6-20)
2640,0.6800778,0.3199222,0,10,2) rare (6-20)
2641,0.38814268,0.6118573,1,0,1) very rare (1-5)
2642,0.60729456,0.39270544,0,24,3) common (21-100)
2643,0.5547741,0.4452259,0,1,1) very rare (1-5)
2644,0.2861485,0.7138515,1,13,2) rare (6-20)
2645,0.17883064,0.8211694,0,1,1) very rare (1-5)
2646,0.9972709,0.0027291179,0,89,3) common (21-100)
2647,0.11689168,0.8831083,1,0,1) very rare (1-5)
2648,0.6287833,0.3712167,0,3,1) very rare (1-5)
2649,0.9513175,0.04868251,0,53,3) common (21-100)
2650,0.8018148,0.1981852,0,1290,4) very common (100+)
2651,0.8133253,0.18667471,1,8,2) rare (6-20)
2652,0.97719973,0.022800267,0,211,4) very common (100+)
2653,0.7675562,0.23244381,1,146,4) very common (100+)
2654,0.25078237,0.7492176,1,421,4) very common (100+)
2655,0.093566716,0.9064333,1,14,2) rare (6-20)
2656,0.5102608,0.48973918,1,118,4) very common (100+)
2657,0.22155832,0.77844167,1,23,3) common (21-100)
2658,0.750896,0.24910402,0,3,1) very rare (1-5)
2659,0.6730853,0.32691473,0,23,3) common (21-100)
2660,0.7720809,0.2279191,1,6,2) rare (6-20)
2661,0.13002867,0.86997133,0,5,1) very rare (1-5)
2662,0.9583682,0.041631818,1,0,1) very rare (1-5)
2663,0.6270925,0.37290752,1,134,4) very common (100+)
2664,0.50963235,0.49036765,0,26,3) common (21-100)
2665,0.89557487,0.10442513,1,6,2) rare (6-20)
2666,0.42470843,0.5752916,0,70,3) common (21-100)
2667,0.4184453,0.5815547,1,0,1) very rare (1-5)
2668,0.52171683,0.47828317,1,8,2) rare (6-20)
2669,0.7543625,0.24563748,0,1290,4) very common (100+)
2670,0.066643536,0.93335646,1,26,3) common (21-100)
2671,0.7156466,0.28435338,1,100,3) common (21-100)
2672,0.028760694,0.9712393,1,1,1) very rare (1-5)
2673,0.4873031,0.51269686,0,17,2) rare (6-20)
2674,0.826504,0.17349601,0,32,3) common (21-100)
2675,0.18170081,0.8182992,0,33,3) common (21-100)
2676,0.57105625,0.42894375,1,30,3) common (21-100)
2677,0.07886271,0.9211373,1,0,1) very rare (1-5)
2678,0.76714,0.23286003,0,1,1) very rare (1-5)
2679,0.27763036,0.7223697,1,0,1) very rare (1-5)
2680,0.023387762,0.9766122,1,21,3) common (21-100)
2681,0.24855871,0.7514413,1,3,1) very rare (1-5)
2682,0.42409,0.57591,0,0,1) very rare (1-5)
2683,0.86147064,0.13852936,0,7,2) rare (6-20)
2684,0.6984168,0.30158317,0,1070,4) very common (100+)
2685,0.8027573,0.19724268,0,3,1) very rare (1-5)
2686,0.8416826,0.15831739,0,39,3) common (21-100)
2687,0.5547421,0.4452579,0,6,2) rare (6-20)
2688,0.22978574,0.77021426,1,107,4) very common (100+)
2689,0.22049111,0.7795089,1,5,1) very rare (1-5)
2690,0.8791515,0.12084848,0,1290,4) very common (100+)
2691,0.58405864,0.41594136,1,78,3) common (21-100)
2692,0.6910224,0.3089776,1,1,1) very rare (1-5)
2693,0.57976335,0.42023665,1,274,4) very common (100+)
2694,0.7410708,0.2589292,1,3,1) very rare (1-5)
2695,0.36612663,0.63387334,0,7,2) rare (6-20)
2696,0.5067206,0.4932794,0,105,4) very common (100+)
2697,0.107113354,0.89288664,1,0,1) very rare (1-5)
2698,0.27796218,0.7220378,1,1,1) very rare (1-5)
2699,0.12857315,0.8714268,1,92,3) common (21-100)
2700,0.9260919,0.07390809,0,700,4) very common (100+)
2701,0.6665939,0.3334061,1,10,2) rare (6-20)
2702,0.3539413,0.6460587,1,0,1) very rare (1-5)
2703,0.8206546,0.17934543,1,124,4) very common (100+)
2704,0.97054636,0.029453635,0,700,4) very common (100+)
2705,0.3444425,0.6555575,0,69,3) common (21-100)
2706,0.09946153,0.90053844,1,9,2) rare (6-20)
2707,0.81504405,0.18495595,0,89,3) common (21-100)
2708,0.79203236,0.20796764,0,178,4) very common (100+)
2709,0.5693554,0.43064457,1,100,3) common (21-100)
2710,0.7742909,0.22570908,0,1290,4) very common (100+)
2711,0.99667054,0.0033294559,0,1000,4) very common (100+)
2712,0.8758758,0.12412423,0,19,2) rare (6-20)
2713,0.060528103,0.9394719,1,275,4) very common (100+)
2714,0.16632621,0.8336738,1,0,1) very rare (1-5)
2715,0.8840669,0.11593312,0,105,4) very common (100+)
2716,0.6920855,0.3079145,1,0,1) very rare (1-5)
2717,0.09845459,0.9015454,1,15,2) rare (6-20)
2718,0.716302,0.28369802,0,85,3) common (21-100)
2719,0.40599716,0.59400284,0,111,4) very common (100+)
2720,0.35347238,0.64652765,1,107,4) very common (100+)
2721,0.5446946,0.4553054,1,0,1) very rare (1-5)
2722,0.95328665,0.046713352,0,99,3) common (21-100)
2723,0.51469356,0.48530644,1,0,1) very rare (1-5)
2724,0.67914516,0.32085484,0,1290,4) very common (100+)
2725,0.8794869,0.12051308,0,1000,4) very common (100+)
2726,0.9060824,0.09391761,0,700,4) very common (100+)
2727,0.16548823,0.83451176,1,0,1) very rare (1-5)
2728,0.29229033,0.70770967,0,7,2) rare (6-20)
2729,0.4499853,0.55001473,0,50,3) common (21-100)
2730,0.123280056,0.87671995,1,1,1) very rare (1-5)
2731,0.21011555,0.78988445,1,91,3) common (21-100)
2732,0.9552287,0.044771314,0,49,3) common (21-100)
2733,0.692622,0.307378,1,26,3) common (21-100)
2734,0.9474849,0.05251509,1,14,2) rare (6-20)
2735,0.15138698,0.848613,1,1,1) very rare (1-5)
2736,0.21535727,0.7846427,1,0,1) very rare (1-5)
2737,0.35142347,0.6485765,0,20,2) rare (6-20)
2738,0.1672969,0.8327031,0,1,1) very rare (1-5)
2739,0.4564728,0.5435272,0,7,2) rare (6-20)
2740,0.030901544,0.96909845,1,13,2) rare (6-20)
2741,0.21938089,0.78061914,1,4,1) very rare (1-5)
2742,0.69403714,0.30596286,1,107,4) very common (100+)
2743,0.15973124,0.84026873,1,14,2) rare (6-20)
2744,0.22926836,0.7707316,1,4,1) very rare (1-5)
2745,0.88516444,0.11483556,1,15,2) rare (6-20)
2746,0.5475795,0.45242047,1,16,2) rare (6-20)
2747,0.8697849,0.13021511,0,11,2) rare (6-20)
2748,0.2639512,0.7360488,1,17,2) rare (6-20)
2749,0.9697332,0.030266821,1,0,1) very rare (1-5)
2750,0.9077034,0.0922966,0,421,4) very common (100+)
2751,0.013262105,0.9867379,1,1,1) very rare (1-5)
2752,0.995808,0.0041919947,0,1000,4) very common (100+)
2753,0.26612535,0.7338747,0,1070,4) very common (100+)
2754,0.93984824,0.060151756,1,1,1) very rare (1-5)
2755,0.2378889,0.76211107,0,3,1) very rare (1-5)
2756,0.115052156,0.88494784,1,35,3) common (21-100)
2757,0.98028266,0.019717336,0,90,3) common (21-100)
2758,0.9501216,0.04987842,0,7,2) rare (6-20)
2759,0.5901134,0.4098866,1,0,1) very rare (1-5)
2760,0.19584036,0.80415964,1,106,4) very common (100+)
2761,0.034332525,0.9656675,1,0,1) very rare (1-5)
2762,0.22755557,0.7724444,1,8,2) rare (6-20)
2763,0.35894725,0.6410527,0,1070,4) very common (100+)
2764,0.38488367,0.61511636,1,28,3) common (21-100)
2765,0.272446,0.72755396,1,3,1) very rare (1-5)
2766,0.7756957,0.22430432,0,134,4) very common (100+)
2767,0.17491168,0.8250883,1,275,4) very common (100+)
2768,0.4945614,0.50543857,1,72,3) common (21-100)
2769,0.12085224,0.87914777,1,343,4) very common (100+)
2770,0.12536366,0.87463635,1,0,1) very rare (1-5)
2771,0.8594535,0.1405465,1,1,1) very rare (1-5)
2772,0.3862704,0.6137296,1,15,2) rare (6-20)
2773,0.48105863,0.5189414,1,56,3) common (21-100)
2774,0.06525663,0.93474334,1,0,1) very rare (1-5)
2775,0.3074656,0.6925344,0,32,3) common (21-100)
2776,0.45628965,0.54371035,0,0,1) very rare (1-5)
2777,0.17368968,0.82631034,0,12,2) rare (6-20)
2778,0.4326487,0.56735134,1,118,4) very common (100+)
2779,0.7007563,0.2992437,0,47,3) common (21-100)
2780,0.8998361,0.10016388,0,35,3) common (21-100)
2781,0.27325505,0.72674495,1,58,3) common (21-100)
2782,0.1180144,0.8819856,1,28,3) common (21-100)
2783,0.09320802,0.906792,1,1,1) very rare (1-5)
2784,0.6904256,0.30957443,0,372,4) very common (100+)
2785,0.16495009,0.8350499,1,1,1) very rare (1-5)
2786,0.46486887,0.5351311,1,79,3) common (21-100)
2787,0.18981536,0.81018466,0,223,4) very common (100+)
2788,0.11571281,0.8842872,1,0,1) very rare (1-5)
2789,0.6495748,0.35042518,0,43,3) common (21-100)
2790,0.41567335,0.5843266,1,4,1) very rare (1-5)
2791,0.29750603,0.70249397,1,0,1) very rare (1-5)
2792,0.56882393,0.43117607,1,1000,4) very common (100+)
2793,0.13969798,0.86030203,1,0,1) very rare (1-5)
2794,0.94329506,0.05670494,0,372,4) very common (100+)
2795,0.13785802,0.86214197,1,1,1) very rare (1-5)
2796,0.21670246,0.78329754,1,4,1) very rare (1-5)
2797,0.20646541,0.7935346,1,108,4) very common (100+)
2798,0.6529123,0.34708768,1,2,1) very rare (1-5)
2799,0.9944132,0.005586803,1,66,3) common (21-100)
2800,0.32137713,0.67862284,1,14,2) rare (6-20)
2801,0.37324035,0.62675965,0,42,3) common (21-100)
2802,0.44495574,0.5550443,0,4,1) very rare (1-5)
2803,0.7494878,0.25051218,0,1070,4) very common (100+)
2804,0.35975578,0.64024425,1,79,3) common (21-100)
2805,0.22433977,0.7756602,1,0,1) very rare (1-5)
2806,0.8345116,0.16548842,1,1070,4) very common (100+)
2807,0.051424004,0.948576,1,36,3) common (21-100)
2808,0.44385746,0.55614257,0,178,4) very common (100+)
2809,0.5200811,0.4799189,0,1,1) very rare (1-5)
2810,0.4982673,0.5017327,1,52,3) common (21-100)
2811,0.34350392,0.65649605,1,2,1) very rare (1-5)
2812,0.70556384,0.29443616,0,274,4) very common (100+)
2813,0.7406323,0.2593677,0,1070,4) very common (100+)
2814,0.06626021,0.9337398,1,3,1) very rare (1-5)
2815,0.09357406,0.90642595,1,0,1) very rare (1-5)
2816,0.93581164,0.06418836,0,182,4) very common (100+)
2817,0.891632,0.10836798,0,223,4) very common (100+)
2818,0.16625348,0.83374655,1,0,1) very rare (1-5)
2819,0.18731897,0.812681,1,6,2) rare (6-20)
2820,0.8802824,0.1197176,0,134,4) very common (100+)
2821,0.5892614,0.4107386,0,5,1) very rare (1-5)
2822,0.11907027,0.8809297,1,0,1) very rare (1-5)
2823,0.55597955,0.44402045,1,11,2) rare (6-20)
2824,0.71122444,0.28877556,0,21,3) common (21-100)
2825,0.04799663,0.95200336,0,23,3) common (21-100)
2826,0.71920127,0.28079873,0,4,1) very rare (1-5)
2827,0.10783481,0.8921652,1,1,1) very rare (1-5)
2828,0.15951408,0.84048593,1,0,1) very rare (1-5)
2829,0.5470808,0.4529192,1,86,3) common (21-100)
2830,0.50573975,0.49426025,0,223,4) very common (100+)
2831,0.16174644,0.83825356,0,7,2) rare (6-20)
2832,0.94171005,0.058289945,0,1000,4) very common (100+)
2833,0.24895824,0.75104177,0,68,3) common (21-100)
2834,0.2614262,0.7385738,1,1,1) very rare (1-5)
2835,0.97101194,0.028988063,0,10,2) rare (6-20)
2836,0.7194915,0.28050852,0,343,4) very common (100+)
2837,0.076784156,0.92321587,1,0,1) very rare (1-5)
2838,0.064275384,0.9357246,1,3,1) very rare (1-5)
2839,0.6675782,0.33242178,0,700,4) very common (100+)
2840,0.8802636,0.11973637,0,1070,4) very common (100+)
2841,0.5207126,0.4792874,0,111,4) very common (100+)
2842,0.73905104,0.26094896,1,178,4) very common (100+)
2843,0.5963682,0.4036318,0,49,3) common (21-100)
2844,0.7946178,0.20538223,1,21,3) common (21-100)
2845,0.98902285,0.010977149,0,16,2) rare (6-20)
2846,0.07378192,0.9262181,1,7,2) rare (6-20)
2847,0.03933189,0.9606681,0,19,2) rare (6-20)
2848,0.8321047,0.16789532,0,274,4) very common (100+)
2849,0.6241045,0.3758955,0,99,3) common (21-100)
2850,0.757607,0.24239302,0,1070,4) very common (100+)
2851,0.5500103,0.44998968,0,1,1) very rare (1-5)
2852,0.30579957,0.6942004,0,1,1) very rare (1-5)
2853,0.8699113,0.13008869,0,36,3) common (21-100)
2854,0.8461726,0.15382743,1,32,3) common (21-100)
2855,0.4220843,0.57791567,1,6,2) rare (6-20)
2856,0.653791,0.346209,1,47,3) common (21-100)
2857,0.8526848,0.1473152,0,3,1) very rare (1-5)
2858,0.9662437,0.033756316,0,78,3) common (21-100)
2859,0.14416288,0.8558371,1,3,1) very rare (1-5)
2860,0.92047167,0.07952833,0,24,3) common (21-100)
2861,0.061425585,0.93857443,0,4,1) very rare (1-5)
2862,0.58513635,0.41486365,0,99,3) common (21-100)
2863,0.8286053,0.1713947,0,1070,4) very common (100+)
2864,0.9561974,0.04380262,0,39,3) common (21-100)
2865,0.47561714,0.5243828,0,9,2) rare (6-20)
2866,0.4858148,0.5141852,1,38,3) common (21-100)
2867,0.45851144,0.5414885,0,3,1) very rare (1-5)
2868,0.47675267,0.52324736,0,3,1) very rare (1-5)
2869,0.052742016,0.947258,1,700,4) very common (100+)
2870,0.68818665,0.31181335,0,178,4) very common (100+)
2871,0.76205605,0.23794395,0,343,4) very common (100+)
2872,0.7478021,0.25219792,0,1000,4) very common (100+)
2873,0.49984944,0.50015056,0,159,4) very common (100+)
2874,0.37638357,0.62361646,0,5,1) very rare (1-5)
2875,0.5928891,0.40711093,0,23,3) common (21-100)
2876,0.25709194,0.74290806,0,18,2) rare (6-20)
2877,0.26744696,0.732553,1,6,2) rare (6-20)
2878,0.9004866,0.09951341,0,69,3) common (21-100)
2879,0.82259214,0.17740786,0,60,3) common (21-100)
2880,0.061207067,0.93879294,1,1,1) very rare (1-5)
2881,0.510259,0.48974103,1,0,1) very rare (1-5)
2882,0.703444,0.296556,0,69,3) common (21-100)
2883,0.2068283,0.7931717,1,38,3) common (21-100)
2884,0.3171373,0.6828627,1,2,1) very rare (1-5)
2885,0.05259955,0.94740045,1,0,1) very rare (1-5)
2886,0.1017781,0.8982219,1,1,1) very rare (1-5)
2887,0.5475721,0.45242792,1,66,3) common (21-100)
2888,0.6462802,0.35371977,0,1,1) very rare (1-5)
2889,0.7908052,0.20919478,1,7,2) rare (6-20)
2890,0.41183093,0.5881691,0,6,2) rare (6-20)
2891,0.90689516,0.09310484,0,23,3) common (21-100)
2892,0.55678314,0.44321686,0,421,4) very common (100+)
2893,0.9874007,0.012599289,0,1000,4) very common (100+)
2894,0.69387865,0.30612135,0,4,1) very rare (1-5)
2895,0.48558864,0.51441133,1,0,1) very rare (1-5)
2896,0.9406013,0.05939871,1,1,1) very rare (1-5)
2897,0.1106699,0.8893301,1,0,1) very rare (1-5)
2898,0.98685974,0.013140261,0,142,4) very common (100+)
2899,0.5480116,0.4519884,0,1290,4) very common (100+)
2900,0.4659583,0.5340417,1,28,3) common (21-100)
2901,0.9884008,0.011599183,0,1000,4) very common (100+)
2902,0.16698681,0.8330132,0,8,2) rare (6-20)
2903,0.046395764,0.9536042,1,58,3) common (21-100)
2904,0.6882296,0.31177038,1,1,1) very rare (1-5)
2905,0.56984293,0.43015707,0,121,4) very common (100+)
2906,0.094770394,0.9052296,1,63,3) common (21-100)
2907,0.96944696,0.030553043,0,4,1) very rare (1-5)
2908,0.6578165,0.34218347,1,1070,4) very common (100+)
2909,0.64844835,0.35155165,0,14,2) rare (6-20)
2910,0.26975393,0.73024607,1,1,1) very rare (1-5)
2911,0.6401946,0.3598054,0,3,1) very rare (1-5)
2912,0.9814714,0.01852858,1,28,3) common (21-100)
2913,0.39153156,0.6084684,1,7,2) rare (6-20)
2914,0.15259582,0.8474042,1,0,1) very rare (1-5)
2915,0.5576328,0.4423672,0,6,2) rare (6-20)
2916,0.21954261,0.7804574,1,3,1) very rare (1-5)
2917,0.35780427,0.6421957,0,700,4) very common (100+)
2918,0.11072753,0.88927245,0,0,1) very rare (1-5)
2919,0.62166995,0.37833005,0,55,3) common (21-100)
2920,0.4759137,0.5240863,0,3,1) very rare (1-5)
2921,0.08551657,0.9144834,1,2,1) very rare (1-5)
2922,0.17506826,0.82493174,1,2,1) very rare (1-5)
2923,0.39111176,0.60888827,0,79,3) common (21-100)
2924,0.9851987,0.014801323,0,1000,4) very common (100+)
2925,0.83881795,0.16118205,1,268,4) very common (100+)
2926,0.98453355,0.015466452,0,123,4) very common (100+)
2927,0.020897975,0.979102,1,0,1) very rare (1-5)
2928,0.38592505,0.61407495,1,14,2) rare (6-20)
2929,0.10156779,0.8984322,0,23,3) common (21-100)
2930,0.7504305,0.24956948,0,1290,4) very common (100+)
2931,0.90236557,0.097634435,1,7,2) rare (6-20)
2932,0.51419866,0.48580134,1,1,1) very rare (1-5)
2933,0.2840455,0.71595454,1,6,2) rare (6-20)
2934,0.69843704,0.30156296,1,1070,4) very common (100+)
2935,0.2786976,0.7213024,1,2,1) very rare (1-5)
2936,0.9607852,0.03921479,1,3,1) very rare (1-5)
2937,0.5612573,0.4387427,1,1,1) very rare (1-5)
2938,0.18134211,0.8186579,1,66,3) common (21-100)
2939,0.14457828,0.8554217,1,0,1) very rare (1-5)
2940,0.34064707,0.6593529,0,3,1) very rare (1-5)
2941,0.5952959,0.4047041,0,1070,4) very common (100+)
2942,0.48839402,0.511606,1,3,1) very rare (1-5)
2943,0.0844605,0.9155395,1,0,1) very rare (1-5)
2944,0.13298634,0.8670137,1,1,1) very rare (1-5)
2945,0.18634225,0.81365776,0,34,3) common (21-100)
2946,0.29531193,0.7046881,1,6,2) rare (6-20)
2947,0.17162679,0.8283732,0,123,4) very common (100+)
2948,0.95108545,0.04891455,0,118,4) very common (100+)
2949,0.027256535,0.97274345,1,47,3) common (21-100)
2950,0.8673833,0.1326167,0,23,3) common (21-100)
2951,0.110622995,0.889377,1,5,1) very rare (1-5)
2952,0.10636223,0.8936378,1,0,1) very rare (1-5)
2953,0.37278938,0.6272106,1,1,1) very rare (1-5)
2954,0.121192284,0.8788077,1,0,1) very rare (1-5)
2955,0.70418644,0.29581356,1,96,3) common (21-100)
2956,0.44214964,0.55785036,0,0,1) very rare (1-5)
2957,0.48095703,0.51904297,1,421,4) very common (100+)
2958,0.8339063,0.1660937,0,178,4) very common (100+)
2959,0.12969898,0.870301,1,4,1) very rare (1-5)
2960,0.69111484,0.30888516,0,1000,4) very common (100+)
2961,0.24693105,0.7530689,0,41,3) common (21-100)
2962,0.013201495,0.9867985,1,0,1) very rare (1-5)
2963,0.49806228,0.50193775,0,63,3) common (21-100)
2964,0.0983376,0.9016624,0,33,3) common (21-100)
2965,0.99541605,0.004583955,0,1000,4) very common (100+)
2966,0.69469744,0.30530256,1,8,2) rare (6-20)
2967,0.5585955,0.44140452,1,1290,4) very common (100+)
2968,0.50257427,0.49742573,1,7,2) rare (6-20)
2969,0.9130412,0.086958826,0,42,3) common (21-100)
2970,0.76519686,0.23480314,0,91,3) common (21-100)
2971,0.65711963,0.34288037,0,96,3) common (21-100)
2972,0.7851004,0.2148996,1,66,3) common (21-100)
2973,0.2052299,0.7947701,0,3,1) very rare (1-5)
2974,0.073255874,0.9267441,0,17,2) rare (6-20)
2975,0.6883079,0.31169212,0,0,1) very rare (1-5)
2976,0.24471027,0.75528973,0,0,1) very rare (1-5)
2977,0.31351662,0.6864834,0,0,1) very rare (1-5)
2978,0.8112083,0.18879169,0,700,4) very common (100+)
2979,0.5024392,0.4975608,0,79,3) common (21-100)
2980,0.26668143,0.73331857,0,5,1) very rare (1-5)
2981,0.53929466,0.46070534,1,118,4) very common (100+)
2982,0.92572224,0.07427776,0,11,2) rare (6-20)
2983,0.24570303,0.75429696,1,2,1) very rare (1-5)
2984,0.85516816,0.14483184,0,6,2) rare (6-20)
2985,0.10183178,0.8981682,1,7,2) rare (6-20)
2986,0.12307146,0.87692857,1,16,2) rare (6-20)
2987,0.44212037,0.5578796,1,134,4) very common (100+)
2988,0.95167255,0.048327446,0,159,4) very common (100+)
2989,0.6832965,0.3167035,1,19,2) rare (6-20)
2990,0.8879727,0.11202729,0,89,3) common (21-100)
2991,0.9874232,0.0125768185,0,211,4) very common (100+)
2992,0.09639871,0.9036013,1,0,1) very rare (1-5)
2993,0.5233016,0.4766984,0,1070,4) very common (100+)
2994,0.8134635,0.18653649,1,0,1) very rare (1-5)
2995,0.6068449,0.3931551,1,63,3) common (21-100)
2996,0.41016304,0.58983696,0,53,3) common (21-100)
2997,0.33204657,0.66795343,0,21,3) common (21-100)
2998,0.39342707,0.6065729,1,38,3) common (21-100)
2999,0.41834426,0.58165574,1,223,4) very common (100+)
3000,0.78464687,0.21535313,0,1070,4) very common (100+)
3001,0.4975731,0.50242686,1,4,1) very rare (1-5)
3002,0.49384534,0.50615466,1,23,3) common (21-100)
3003,0.91023004,0.08976996,0,1070,4) very common (100+)
3004,0.7160665,0.28393352,0,1070,4) very common (100+)
3005,0.37792218,0.6220778,1,261,4) very common (100+)
3006,0.13220899,0.867791,1,0,1) very rare (1-5)
3007,0.17007735,0.8299227,1,1,1) very rare (1-5)
3008,0.08543518,0.91456485,1,0,1) very rare (1-5)
3009,0.24843448,0.7515655,0,0,1) very rare (1-5)
3010,0.58782417,0.41217583,1,124,4) very common (100+)
3011,0.33209345,0.6679065,1,11,2) rare (6-20)
3012,0.15670411,0.8432959,1,0,1) very rare (1-5)
3013,0.18785481,0.8121452,1,21,3) common (21-100)
3014,0.18543461,0.8145654,1,0,1) very rare (1-5)
3015,0.08479764,0.9152024,0,0,1) very rare (1-5)
3016,0.96558785,0.034412146,0,142,4) very common (100+)
3017,0.5843056,0.41569442,0,261,4) very common (100+)
3018,0.21636677,0.78363323,1,3,1) very rare (1-5)
3019,0.039518747,0.9604812,1,0,1) very rare (1-5)
3020,0.03118983,0.9688102,0,88,3) common (21-100)
3021,0.3499224,0.6500776,0,3,1) very rare (1-5)
3022,0.86587924,0.13412076,0,421,4) very common (100+)
3023,0.08730604,0.912694,1,17,2) rare (6-20)
3024,0.48090997,0.51909006,1,19,2) rare (6-20)
3025,0.28732336,0.71267664,1,0,1) very rare (1-5)
3026,0.19330741,0.8066926,1,39,3) common (21-100)
3027,0.47468868,0.52531135,0,700,4) very common (100+)
3028,0.8248247,0.17517531,0,421,4) very common (100+)
3029,0.36921164,0.6307883,1,5,1) very rare (1-5)
3030,0.20317283,0.7968272,0,3,1) very rare (1-5)
3031,0.07750761,0.9224924,1,1,1) very rare (1-5)
3032,0.20805338,0.79194665,0,8,2) rare (6-20)
3033,0.5511566,0.44884342,0,9,2) rare (6-20)
3034,0.28005984,0.7199402,0,268,4) very common (100+)
3035,0.33056244,0.6694375,0,6,2) rare (6-20)
3036,0.5538303,0.44616967,0,3,1) very rare (1-5)
3037,0.0620884,0.9379116,1,1,1) very rare (1-5)
3038,0.45514765,0.5448524,1,343,4) very common (100+)
3039,0.99246615,0.0075338483,0,211,4) very common (100+)
3040,0.061164226,0.9388358,1,5,1) very rare (1-5)
3041,0.88626266,0.113737345,0,700,4) very common (100+)
3042,0.35583127,0.64416873,1,66,3) common (21-100)
3043,0.24490976,0.75509024,0,5,1) very rare (1-5)
3044,0.16722308,0.8327769,0,145,4) very common (100+)
3045,0.48091698,0.519083,0,1000,4) very common (100+)
3046,0.86320055,0.13679945,1,0,1) very rare (1-5)
3047,0.065259285,0.9347407,0,3,1) very rare (1-5)
3048,0.43501994,0.56498003,0,9,2) rare (6-20)
3049,0.19533467,0.8046653,0,2,1) very rare (1-5)
3050,0.17093222,0.82906777,1,0,1) very rare (1-5)
3051,0.9233056,0.07669443,0,1290,4) very common (100+)
3052,0.028458452,0.9715415,0,62,3) common (21-100)
3053,0.50497025,0.49502975,0,14,2) rare (6-20)
3054,0.46337533,0.53662467,1,11,2) rare (6-20)
3055,0.1574725,0.8425275,1,2,1) very rare (1-5)
3056,0.2615329,0.7384671,0,89,3) common (21-100)
3057,0.5349778,0.4650222,1,1,1) very rare (1-5)
3058,0.47337526,0.52662474,1,31,3) common (21-100)
3059,0.6786732,0.3213268,0,27,3) common (21-100)
3060,0.6820152,0.31798482,1,10,2) rare (6-20)
3061,0.7306528,0.2693472,1,24,3) common (21-100)
3062,0.15908891,0.8409111,1,10,2) rare (6-20)
3063,0.38596258,0.6140374,1,274,4) very common (100+)
3064,0.6434279,0.3565721,0,15,2) rare (6-20)
3065,0.27763912,0.72236085,0,1,1) very rare (1-5)
3066,0.037373662,0.96262634,1,4,1) very rare (1-5)
3067,0.4383871,0.5616129,0,3,1) very rare (1-5)
3068,0.054275822,0.9457242,1,1,1) very rare (1-5)
3069,0.706141,0.293859,0,700,4) very common (100+)
3070,0.50953084,0.49046916,1,1290,4) very common (100+)
3071,0.0696358,0.9303642,1,1290,4) very common (100+)
3072,0.060051724,0.93994826,1,0,1) very rare (1-5)
3073,0.38912907,0.61087096,1,107,4) very common (100+)
3074,0.048326474,0.9516735,1,1,1) very rare (1-5)
3075,0.22072285,0.77927715,1,160,4) very common (100+)
3076,0.37491295,0.625087,0,2,1) very rare (1-5)
3077,0.6745887,0.32541132,1,3,1) very rare (1-5)
3078,0.1655463,0.8344537,1,36,3) common (21-100)
3079,0.49114206,0.50885797,1,0,1) very rare (1-5)
3080,0.91906536,0.080934644,0,1000,4) very common (100+)
3081,0.33446875,0.6655313,0,20,2) rare (6-20)
3082,0.1611091,0.8388909,1,0,1) very rare (1-5)
3083,0.51140445,0.48859555,0,1,1) very rare (1-5)
3084,0.99421835,0.0057816505,0,1000,4) very common (100+)
3085,0.3580986,0.6419014,1,3,1) very rare (1-5)
3086,0.41150466,0.5884954,0,28,3) common (21-100)
3087,0.050103042,0.94989693,1,261,4) very common (100+)
3088,0.67401356,0.32598644,0,1,1) very rare (1-5)
3089,0.78701335,0.21298665,1,60,3) common (21-100)
3090,0.95590484,0.04409516,0,372,4) very common (100+)
3091,0.1013508,0.8986492,1,66,3) common (21-100)
3092,0.69572884,0.30427116,1,107,4) very common (100+)
3093,0.16568586,0.8343141,0,1290,4) very common (100+)
3094,0.464992,0.535008,1,32,3) common (21-100)
3095,0.5048427,0.4951573,0,10,2) rare (6-20)
3096,0.89089966,0.10910034,0,1000,4) very common (100+)
3097,0.2386855,0.7613145,0,102,4) very common (100+)
3098,0.7936931,0.20630687,0,14,2) rare (6-20)
3099,0.08288375,0.9171162,1,0,1) very rare (1-5)
3100,0.29932213,0.7006779,1,58,3) common (21-100)
3101,0.43370023,0.5662998,0,2,1) very rare (1-5)
3102,0.4956297,0.50437033,0,3,1) very rare (1-5)
3103,0.11850043,0.8814996,1,71,3) common (21-100)
3104,0.773986,0.22601402,1,102,4) very common (100+)
3105,0.24529359,0.7547064,1,1,1) very rare (1-5)
3106,0.66038686,0.33961314,1,7,2) rare (6-20)
3107,0.6749381,0.32506192,0,15,2) rare (6-20)
3108,0.18307523,0.81692475,1,118,4) very common (100+)
3109,0.49467635,0.50532365,1,0,1) very rare (1-5)
3110,0.111529,0.888471,1,118,4) very common (100+)
3111,0.20606701,0.793933,1,1070,4) very common (100+)
3112,0.5047763,0.4952237,0,223,4) very common (100+)
3113,0.6349985,0.3650015,1,372,4) very common (100+)
3114,0.023790458,0.9762095,1,3,1) very rare (1-5)
3115,0.7245241,0.27547592,0,63,3) common (21-100)
3116,0.3842192,0.61578083,1,15,2) rare (6-20)
3117,0.64004207,0.35995793,1,4,1) very rare (1-5)
3118,0.52675474,0.47324526,0,0,1) very rare (1-5)
3119,0.71439654,0.28560346,1,20,2) rare (6-20)
3120,0.4234724,0.5765276,1,18,2) rare (6-20)
3121,0.11807735,0.88192266,1,8,2) rare (6-20)
3122,0.20653172,0.7934683,1,8,2) rare (6-20)
3123,0.13940287,0.86059713,0,70,3) common (21-100)
3124,0.19359967,0.8064003,0,21,3) common (21-100)
3125,0.18273163,0.8172684,0,4,1) very rare (1-5)
3126,0.15987211,0.8401279,0,6,2) rare (6-20)
3127,0.99047464,0.009525359,0,274,4) very common (100+)
3128,0.056645826,0.9433542,0,0,1) very rare (1-5)
3129,0.18386239,0.8161376,0,5,1) very rare (1-5)
3130,0.21478935,0.78521067,1,0,1) very rare (1-5)
3131,0.44069755,0.55930245,0,3,1) very rare (1-5)
3132,0.6829706,0.31702942,0,24,3) common (21-100)
3133,0.080641836,0.91935813,1,1,1) very rare (1-5)
3134,0.34403694,0.65596306,1,0,1) very rare (1-5)
3135,0.5639784,0.43602163,0,1000,4) very common (100+)
3136,0.15001792,0.8499821,1,0,1) very rare (1-5)
3137,0.9575313,0.042468727,0,1000,4) very common (100+)
3138,0.6566643,0.3433357,0,3,1) very rare (1-5)
3139,0.5763447,0.42365527,1,223,4) very common (100+)
3140,0.05064466,0.94935536,1,0,1) very rare (1-5)
3141,0.12507713,0.8749229,1,0,1) very rare (1-5)
3142,0.6332954,0.36670458,0,12,2) rare (6-20)
3143,0.73986536,0.26013464,0,1000,4) very common (100+)
3144,0.06826536,0.9317346,0,14,2) rare (6-20)
3145,0.023220168,0.9767798,1,3,1) very rare (1-5)
3146,0.98439467,0.0156053305,0,89,3) common (21-100)
3147,0.6569359,0.34306413,0,47,3) common (21-100)
3148,0.6066393,0.39336067,1,2,1) very rare (1-5)
3149,0.847668,0.15233201,0,1000,4) very common (100+)
3150,0.8178786,0.1821214,0,14,2) rare (6-20)
3151,0.41869253,0.5813075,0,102,4) very common (100+)
3152,0.103614464,0.89638555,1,0,1) very rare (1-5)
3153,0.10920079,0.8907992,1,0,1) very rare (1-5)
3154,0.73259836,0.26740164,0,700,4) very common (100+)
3155,0.3541963,0.6458037,0,89,3) common (21-100)
3156,0.10084823,0.8991518,1,1,1) very rare (1-5)
3157,0.7245816,0.2754184,0,1070,4) very common (100+)
3158,0.06655749,0.93344253,0,14,2) rare (6-20)
3159,0.26520562,0.7347944,1,76,3) common (21-100)
3160,0.80930966,0.19069034,0,1,1) very rare (1-5)
3161,0.19267844,0.80732155,1,0,1) very rare (1-5)
3162,0.84222674,0.15777326,0,99,3) common (21-100)
3163,0.15778375,0.84221625,1,7,2) rare (6-20)
3164,0.031700354,0.9682996,1,1,1) very rare (1-5)
3165,0.6025259,0.3974741,1,3,1) very rare (1-5)
3166,0.030522801,0.9694772,1,1,1) very rare (1-5)
3167,0.4459402,0.5540598,1,3,1) very rare (1-5)
3168,0.95879143,0.041208565,0,1000,4) very common (100+)
3169,0.1671299,0.8328701,0,41,3) common (21-100)
3170,0.37787727,0.62212276,1,20,2) rare (6-20)
3171,0.4663147,0.5336853,1,31,3) common (21-100)
3172,0.06714436,0.93285567,1,0,1) very rare (1-5)
3173,0.16776535,0.8322346,1,23,3) common (21-100)
3174,0.92254525,0.077454746,0,1000,4) very common (100+)
3175,0.17494312,0.8250569,1,0,1) very rare (1-5)
3176,0.9149738,0.085026205,0,27,3) common (21-100)
3177,0.96621877,0.03378123,0,91,3) common (21-100)
3178,0.07273805,0.92726195,1,58,3) common (21-100)
3179,0.5630954,0.4369046,1,33,3) common (21-100)
3180,0.41061372,0.5893863,0,102,4) very common (100+)
3181,0.24748161,0.7525184,0,36,3) common (21-100)
3182,0.84881485,0.15118515,0,39,3) common (21-100)
3183,0.81354004,0.18645996,0,2,1) very rare (1-5)
3184,0.8638175,0.13618249,1,76,3) common (21-100)
3185,0.14155895,0.85844105,1,0,1) very rare (1-5)
3186,0.26974967,0.73025036,1,7,2) rare (6-20)
3187,0.030684033,0.96931595,1,0,1) very rare (1-5)
3188,0.09159929,0.9084007,1,2,1) very rare (1-5)
3189,0.07176938,0.92823064,1,14,2) rare (6-20)
3190,0.54806787,0.45193213,0,71,3) common (21-100)
3191,0.54570323,0.45429677,0,372,4) very common (100+)
3192,0.43468818,0.5653118,1,1,1) very rare (1-5)
3193,0.9366687,0.063331306,0,27,3) common (21-100)
3194,0.44311303,0.556887,1,16,2) rare (6-20)
3195,0.8500123,0.1499877,1,0,1) very rare (1-5)
3196,0.4618767,0.5381233,0,12,2) rare (6-20)
3197,0.85399854,0.14600146,1,1,1) very rare (1-5)
3198,0.9679424,0.032057583,0,1000,4) very common (100+)
3199,0.23454107,0.76545894,1,27,3) common (21-100)
3200,0.86550224,0.13449776,0,37,3) common (21-100)
3201,0.4828973,0.5171027,1,44,3) common (21-100)
3202,0.5227386,0.47726142,0,66,3) common (21-100)
3203,0.14499734,0.85500264,1,0,1) very rare (1-5)
3204,0.1547647,0.8452353,1,3,1) very rare (1-5)
3205,0.08049625,0.91950375,1,0,1) very rare (1-5)
3206,0.06650098,0.93349904,1,0,1) very rare (1-5)
3207,0.11057843,0.8894216,0,19,2) rare (6-20)
3208,0.75086963,0.24913037,0,1070,4) very common (100+)
3209,0.62391305,0.37608695,0,15,2) rare (6-20)
3210,0.42960072,0.5703993,1,1290,4) very common (100+)
3211,0.036132615,0.96386737,0,1,1) very rare (1-5)
3212,0.81254184,0.18745816,0,24,3) common (21-100)
3213,0.036824282,0.9631757,0,18,2) rare (6-20)
3214,0.48442525,0.51557475,1,118,4) very common (100+)
3215,0.5073628,0.49263722,0,23,3) common (21-100)
3216,0.9483192,0.051680803,1,0,1) very rare (1-5)
3217,0.074373275,0.92562675,1,3,1) very rare (1-5)
3218,0.3218701,0.6781299,1,1,1) very rare (1-5)
3219,0.5400229,0.4599771,1,1,1) very rare (1-5)
3220,0.4672689,0.53273106,1,421,4) very common (100+)
3221,0.05918194,0.9408181,1,0,1) very rare (1-5)
3222,0.40743324,0.5925667,1,275,4) very common (100+)
3223,0.53559864,0.46440136,0,3,1) very rare (1-5)
3224,0.035067525,0.9649325,1,0,1) very rare (1-5)
3225,0.49605727,0.5039427,1,81,3) common (21-100)
3226,0.19662958,0.8033704,1,5,1) very rare (1-5)
3227,0.36982164,0.63017833,1,79,3) common (21-100)
3228,0.62319845,0.37680155,0,41,3) common (21-100)
3229,0.07684647,0.9231535,1,2,1) very rare (1-5)
3230,0.0960505,0.9039495,1,18,2) rare (6-20)
3231,0.86885524,0.13114476,1,5,1) very rare (1-5)
3232,0.23266153,0.76733845,0,23,3) common (21-100)
3233,0.59776896,0.40223104,0,1290,4) very common (100+)
3234,0.7038496,0.2961504,1,268,4) very common (100+)
3235,0.12954237,0.87045765,1,0,1) very rare (1-5)
3236,0.6547676,0.34523243,0,37,3) common (21-100)
3237,0.64737505,0.35262495,0,1290,4) very common (100+)
3238,0.88151836,0.118481636,0,142,4) very common (100+)
3239,0.40375894,0.59624106,0,76,3) common (21-100)
3240,0.697683,0.30231702,1,60,3) common (21-100)
3241,0.22353074,0.77646923,1,0,1) very rare (1-5)
3242,0.5347514,0.46524858,1,66,3) common (21-100)
3243,0.28529045,0.7147095,1,3,1) very rare (1-5)
3244,0.9831286,0.016871393,0,1000,4) very common (100+)
3245,0.44061425,0.5593858,1,19,2) rare (6-20)
3246,0.8318701,0.16812992,1,66,3) common (21-100)
3247,0.39344302,0.606557,1,4,1) very rare (1-5)
3248,0.39992535,0.60007465,1,66,3) common (21-100)
3249,0.08132994,0.91867006,1,0,1) very rare (1-5)
3250,0.8413182,0.15868181,0,20,2) rare (6-20)
3251,0.20147868,0.79852134,0,2,1) very rare (1-5)
3252,0.74382424,0.25617576,0,1070,4) very common (100+)
3253,0.84460294,0.15539706,0,1290,4) very common (100+)
3254,0.4267145,0.57328546,0,85,3) common (21-100)
3255,0.67267984,0.32732016,1,0,1) very rare (1-5)
3256,0.51851314,0.48148686,0,94,3) common (21-100)
3257,0.6411474,0.35885262,1,13,2) rare (6-20)
3258,0.99571604,0.0042839646,0,1000,4) very common (100+)
3259,0.97265244,0.027347565,0,1290,4) very common (100+)
3260,0.2290977,0.7709023,1,2,1) very rare (1-5)
3261,0.13770926,0.86229074,1,108,4) very common (100+)
3262,0.4280168,0.5719832,1,22,3) common (21-100)
3263,0.9664952,0.033504784,0,166,4) very common (100+)
3264,0.23940182,0.7605982,1,0,1) very rare (1-5)
3265,0.5285873,0.47141272,1,27,3) common (21-100)
3266,0.8695163,0.13048369,0,700,4) very common (100+)
3267,0.22573987,0.77426016,0,2,1) very rare (1-5)
3268,0.66200185,0.33799815,1,1,1) very rare (1-5)
3269,0.3818342,0.6181658,1,0,1) very rare (1-5)
3270,0.15499438,0.84500563,1,0,1) very rare (1-5)
3271,0.81709105,0.18290895,1,5,1) very rare (1-5)
3272,0.18303822,0.81696177,1,8,2) rare (6-20)
3273,0.6756088,0.3243912,1,1070,4) very common (100+)
3274,0.502926,0.497074,1,166,4) very common (100+)
3275,0.8452289,0.15477109,0,1070,4) very common (100+)
3276,0.64611465,0.35388535,1,89,3) common (21-100)
3277,0.32592025,0.6740798,1,0,1) very rare (1-5)
3278,0.24298725,0.7570127,1,105,4) very common (100+)
3279,0.04334925,0.95665073,1,0,1) very rare (1-5)
3280,0.55733424,0.44266576,1,37,3) common (21-100)
3281,0.21616739,0.7838326,1,1070,4) very common (100+)
3282,0.13681497,0.86318505,1,47,3) common (21-100)
3283,0.15717784,0.8428222,1,36,3) common (21-100)
3284,0.45088905,0.54911095,0,1290,4) very common (100+)
3285,0.036401372,0.9635986,1,0,1) very rare (1-5)
3286,0.08780876,0.9121913,1,0,1) very rare (1-5)
3287,0.026911397,0.9730886,1,0,1) very rare (1-5)
3288,0.948262,0.051738024,1,99,3) common (21-100)
3289,0.6685569,0.33144307,0,18,2) rare (6-20)
3290,0.13496557,0.86503446,1,0,1) very rare (1-5)
3291,0.301544,0.698456,0,12,2) rare (6-20)
3292,0.22666386,0.7733362,1,1,1) very rare (1-5)
3293,0.4083789,0.5916211,1,0,1) very rare (1-5)
3294,0.646144,0.35385603,0,159,4) very common (100+)
3295,0.4657949,0.5342051,1,65,3) common (21-100)
3296,0.46452856,0.53547144,0,1070,4) very common (100+)
3297,0.13988031,0.8601197,1,0,1) very rare (1-5)
3298,0.023022592,0.9769774,1,0,1) very rare (1-5)
3299,0.22809117,0.7719088,1,15,2) rare (6-20)
3300,0.4046434,0.5953566,1,5,1) very rare (1-5)
3301,0.71110135,0.28889865,1,2,1) very rare (1-5)
3302,0.3579692,0.64203084,0,28,3) common (21-100)
3303,0.8530401,0.1469599,1,275,4) very common (100+)
3304,0.70337194,0.29662806,0,1000,4) very common (100+)
3305,0.7512549,0.24874508,1,0,1) very rare (1-5)
3306,0.980095,0.019904971,0,71,3) common (21-100)
3307,0.5588995,0.44110048,1,1070,4) very common (100+)
3308,0.0942756,0.9057244,0,39,3) common (21-100)
3309,0.20684251,0.79315746,0,0,1) very rare (1-5)
3310,0.9065839,0.093416095,0,421,4) very common (100+)
3311,0.02094647,0.97905356,1,14,2) rare (6-20)
3312,0.29703584,0.7029642,0,3,1) very rare (1-5)
3313,0.610739,0.389261,0,63,3) common (21-100)
3314,0.4350969,0.56490314,0,102,4) very common (100+)
3315,0.9450895,0.05491048,0,700,4) very common (100+)
3316,0.97897136,0.021028638,0,1000,4) very common (100+)
3317,0.16056949,0.8394305,1,1,1) very rare (1-5)
3318,0.115213245,0.8847867,0,68,3) common (21-100)
3319,0.055456385,0.9445436,1,65,3) common (21-100)
3320,0.100605525,0.89939445,1,0,1) very rare (1-5)
3321,0.98995835,0.010041654,0,1000,4) very common (100+)
3322,0.5034959,0.49650413,1,19,2) rare (6-20)
3323,0.7675304,0.23246962,0,343,4) very common (100+)
3324,0.49200866,0.5079913,1,10,2) rare (6-20)
3325,0.7933027,0.20669729,0,15,2) rare (6-20)
3326,0.31228122,0.68771875,0,16,2) rare (6-20)
3327,0.48384446,0.51615554,1,1290,4) very common (100+)
3328,0.9151673,0.08483273,0,182,4) very common (100+)
3329,0.28796968,0.7120303,1,5,1) very rare (1-5)
3330,0.5036353,0.4963647,1,1290,4) very common (100+)
3331,0.96750146,0.03249854,0,1000,4) very common (100+)
3332,0.28103632,0.7189637,0,63,3) common (21-100)
3333,0.9857781,0.014221907,0,211,4) very common (100+)
3334,0.27013606,0.72986394,0,24,3) common (21-100)
3335,0.8489618,0.15103823,0,343,4) very common (100+)
3336,0.5097567,0.49024332,1,1,1) very rare (1-5)
3337,0.36952025,0.63047975,0,2,1) very rare (1-5)
3338,0.2569022,0.7430978,1,46,3) common (21-100)
3339,0.13933691,0.86066306,1,3,1) very rare (1-5)
3340,0.8246967,0.17530328,0,25,3) common (21-100)
3341,0.75202674,0.24797326,0,86,3) common (21-100)
3342,0.8908994,0.10910058,0,24,3) common (21-100)
3343,0.2742096,0.7257904,1,1,1) very rare (1-5)
3344,0.57789934,0.42210066,1,343,4) very common (100+)
3345,0.14020853,0.85979146,1,3,1) very rare (1-5)
3346,0.12606014,0.8739399,1,0,1) very rare (1-5)
3347,0.09850498,0.90149504,1,2,1) very rare (1-5)
3348,0.016716782,0.9832832,1,2,1) very rare (1-5)
3349,0.141554,0.858446,1,19,2) rare (6-20)
3350,0.82629776,0.17370224,1,11,2) rare (6-20)
3351,0.07464656,0.9253534,1,0,1) very rare (1-5)
3352,0.41551793,0.5844821,0,10,2) rare (6-20)
3353,0.4217781,0.5782219,0,4,1) very rare (1-5)
3354,0.6429098,0.35709018,0,29,3) common (21-100)
3355,0.15973808,0.84026194,0,14,2) rare (6-20)
3356,0.35568038,0.64431965,0,105,4) very common (100+)
3357,0.78003216,0.21996784,0,82,3) common (21-100)
3358,0.07124982,0.92875016,1,1,1) very rare (1-5)
3359,0.9247301,0.07526988,0,1070,4) very common (100+)
3360,0.4172332,0.5827668,1,24,3) common (21-100)
3361,0.7981793,0.20182067,0,11,2) rare (6-20)
3362,0.5444504,0.4555496,1,1290,4) very common (100+)
3363,0.69133234,0.30866766,0,4,1) very rare (1-5)
3364,0.41922566,0.5807743,1,178,4) very common (100+)
3365,0.74237114,0.25762886,0,1290,4) very common (100+)
3366,0.09580211,0.9041979,1,6,2) rare (6-20)
3367,0.08207772,0.91792226,0,0,1) very rare (1-5)
3368,0.35650826,0.64349174,1,19,2) rare (6-20)
3369,0.6073073,0.3926927,1,0,1) very rare (1-5)
3370,0.9730809,0.026919127,0,71,3) common (21-100)
3371,0.92278737,0.07721263,0,145,4) very common (100+)
3372,0.9526875,0.047312498,0,275,4) very common (100+)
3373,0.4000504,0.5999496,1,0,1) very rare (1-5)
3374,0.23216744,0.7678326,0,105,4) very common (100+)
3375,0.21168552,0.78831446,1,0,1) very rare (1-5)
3376,0.009644816,0.9903552,1,0,1) very rare (1-5)
3377,0.5935752,0.40642482,1,27,3) common (21-100)
3378,0.7062684,0.29373157,0,421,4) very common (100+)
3379,0.643273,0.356727,0,44,3) common (21-100)
3380,0.8443725,0.15562749,1,5,1) very rare (1-5)
3381,0.43998167,0.5600183,1,65,3) common (21-100)
3382,0.2037068,0.7962932,0,1,1) very rare (1-5)
3383,0.18118505,0.81881493,1,22,3) common (21-100)
3384,0.4609823,0.5390177,0,2,1) very rare (1-5)
3385,0.070125766,0.92987424,1,2,1) very rare (1-5)
3386,0.8918115,0.10818851,1,1070,4) very common (100+)
3387,0.13420808,0.8657919,1,1,1) very rare (1-5)
3388,0.031451352,0.96854866,1,0,1) very rare (1-5)
3389,0.92729026,0.07270974,0,24,3) common (21-100)
3390,0.24924937,0.75075066,1,7,2) rare (6-20)
3391,0.75951624,0.24048376,0,421,4) very common (100+)
3392,0.05107866,0.9489213,1,0,1) very rare (1-5)
3393,0.8129333,0.18706667,1,0,1) very rare (1-5)
3394,0.20851366,0.7914863,1,0,1) very rare (1-5)
3395,0.2394892,0.7605108,1,0,1) very rare (1-5)
3396,0.6151148,0.3848852,0,71,3) common (21-100)
3397,0.048347007,0.951653,1,0,1) very rare (1-5)
3398,0.25950325,0.74049675,1,1,1) very rare (1-5)
3399,0.57617503,0.42382497,1,96,3) common (21-100)
3400,0.5298905,0.47010952,1,66,3) common (21-100)
3401,0.77457964,0.22542036,0,700,4) very common (100+)
3402,0.4736508,0.5263492,0,88,3) common (21-100)
3403,0.29552436,0.70447564,1,1,1) very rare (1-5)
3404,0.56076586,0.43923414,1,46,3) common (21-100)
3405,0.27647588,0.7235241,0,14,2) rare (6-20)
3406,0.7355073,0.2644927,0,19,2) rare (6-20)
3407,0.13382162,0.8661784,1,4,1) very rare (1-5)
3408,0.7070202,0.29297978,0,85,3) common (21-100)
3409,0.18900418,0.8109958,0,5,1) very rare (1-5)
3410,0.16640252,0.8335975,1,85,3) common (21-100)
3411,0.45203787,0.5479621,0,45,3) common (21-100)
3412,0.7108612,0.2891388,0,14,2) rare (6-20)
3413,0.72212195,0.27787805,1,261,4) very common (100+)
3414,0.9384803,0.061519682,0,10,2) rare (6-20)
3415,0.5137571,0.4862429,1,1290,4) very common (100+)
3416,0.9837964,0.016203582,0,1000,4) very common (100+)
3417,0.73196656,0.26803344,0,2,1) very rare (1-5)
3418,0.12066845,0.8793315,0,1,1) very rare (1-5)
3419,0.6727825,0.32721752,0,275,4) very common (100+)
3420,0.5285385,0.47146147,1,10,2) rare (6-20)
3421,0.92152184,0.07847816,0,26,3) common (21-100)
3422,0.41154137,0.58845866,1,0,1) very rare (1-5)
3423,0.72000164,0.27999836,0,31,3) common (21-100)
3424,0.07634704,0.92365295,1,0,1) very rare (1-5)
3425,0.9599028,0.040097177,0,1000,4) very common (100+)
3426,0.66788715,0.33211285,1,11,2) rare (6-20)
3427,0.5533224,0.44667763,0,9,2) rare (6-20)
3428,0.0343042,0.9656958,0,92,3) common (21-100)
3429,0.37250522,0.6274948,1,49,3) common (21-100)
3430,0.56923825,0.43076175,1,268,4) very common (100+)
3431,0.4959052,0.50409484,1,105,4) very common (100+)
3432,0.26579618,0.7342038,1,23,3) common (21-100)
3433,0.07893505,0.921065,1,2,1) very rare (1-5)
3434,0.12398468,0.8760153,0,43,3) common (21-100)
3435,0.021716276,0.9782837,0,159,4) very common (100+)
3436,0.41706747,0.58293253,0,2,1) very rare (1-5)
3437,0.22198524,0.7780148,1,0,1) very rare (1-5)
3438,0.48245928,0.5175407,1,1,1) very rare (1-5)
3439,0.7143689,0.28563112,0,24,3) common (21-100)
3440,0.94346535,0.056534648,0,145,4) very common (100+)
3441,0.5083708,0.49162918,1,6,2) rare (6-20)
3442,0.7492838,0.2507162,0,25,3) common (21-100)
3443,0.07533515,0.92466486,0,182,4) very common (100+)
3444,0.7394641,0.2605359,0,421,4) very common (100+)
3445,0.8345676,0.1654324,0,85,3) common (21-100)
3446,0.42504078,0.5749592,1,1290,4) very common (100+)
3447,0.109662205,0.8903378,1,53,3) common (21-100)
3448,0.019981015,0.980019,1,0,1) very rare (1-5)
3449,0.8173519,0.18264812,1,30,3) common (21-100)
3450,0.607604,0.39239597,0,2,1) very rare (1-5)
3451,0.2485165,0.7514835,1,2,1) very rare (1-5)
3452,0.43497345,0.5650265,0,1290,4) very common (100+)
3453,0.39481047,0.60518956,1,1290,4) very common (100+)
3454,0.78577065,0.21422935,0,14,2) rare (6-20)
3455,0.42164162,0.5783584,0,4,1) very rare (1-5)
3456,0.3142783,0.6857217,0,58,3) common (21-100)
3457,0.04558014,0.95441985,0,3,1) very rare (1-5)
3458,0.8456407,0.15435928,0,700,4) very common (100+)
3459,0.048022296,0.9519777,1,146,4) very common (100+)
3460,0.39804134,0.60195863,1,11,2) rare (6-20)
3461,0.0296377,0.9703623,1,0,1) very rare (1-5)
3462,0.7514738,0.24852622,0,106,4) very common (100+)
3463,0.59952366,0.40047634,1,51,3) common (21-100)
3464,0.13790037,0.86209965,0,4,1) very rare (1-5)
3465,0.6928161,0.30718392,0,237,4) very common (100+)
3466,0.16986358,0.8301364,1,6,2) rare (6-20)
3467,0.16845009,0.8315499,1,4,1) very rare (1-5)
3468,0.9247927,0.07520729,0,274,4) very common (100+)
3469,0.13654503,0.86345494,1,40,3) common (21-100)
3470,0.72506773,0.27493227,0,11,2) rare (6-20)
3471,0.18921791,0.8107821,0,34,3) common (21-100)
3472,0.5209784,0.4790216,1,0,1) very rare (1-5)
3473,0.06765266,0.93234736,0,1,1) very rare (1-5)
3474,0.60607666,0.39392334,0,1,1) very rare (1-5)
3475,0.77982336,0.22017664,1,19,2) rare (6-20)
3476,0.78705424,0.21294576,0,178,4) very common (100+)
3477,0.7713028,0.22869718,0,1070,4) very common (100+)
3478,0.26971805,0.73028195,1,4,1) very rare (1-5)
3479,0.77569985,0.22430015,1,53,3) common (21-100)
3480,0.2997898,0.7002102,1,38,3) common (21-100)
3481,0.13953812,0.8604619,1,0,1) very rare (1-5)
3482,0.3184682,0.6815318,0,1290,4) very common (100+)
3483,0.6812991,0.3187009,0,81,3) common (21-100)
3484,0.44992805,0.55007195,0,1290,4) very common (100+)
3485,0.61916023,0.38083977,1,146,4) very common (100+)
3486,0.11475638,0.8852436,1,3,1) very rare (1-5)
3487,0.90612316,0.09387684,1,4,1) very rare (1-5)
3488,0.057228748,0.94277126,1,2,1) very rare (1-5)
3489,0.047306728,0.9526933,1,4,1) very rare (1-5)
3490,0.554484,0.445516,0,8,2) rare (6-20)
3491,0.5637731,0.4362269,1,2,1) very rare (1-5)
3492,0.93890107,0.061098933,0,142,4) very common (100+)
3493,0.2643051,0.7356949,1,3,1) very rare (1-5)
3494,0.5534708,0.4465292,1,53,3) common (21-100)
3495,0.4413122,0.5586878,1,27,3) common (21-100)
3496,0.27895954,0.7210405,1,18,2) rare (6-20)
3497,0.56226254,0.43773746,0,10,2) rare (6-20)
3498,0.42359394,0.57640606,0,5,1) very rare (1-5)
3499,0.34529743,0.65470254,0,14,2) rare (6-20)
3500,0.07404855,0.9259515,1,1,1) very rare (1-5)
3501,0.08261254,0.9173875,1,0,1) very rare (1-5)
3502,0.9491973,0.050802708,0,5,1) very rare (1-5)
3503,0.17286102,0.82713896,1,1,1) very rare (1-5)
3504,0.93093824,0.069061756,0,1000,4) very common (100+)
3505,0.19062099,0.809379,1,0,1) very rare (1-5)
3506,0.42826173,0.57173824,1,2,1) very rare (1-5)
3507,0.30716074,0.69283926,1,2,1) very rare (1-5)
3508,0.9256491,0.07435089,0,58,3) common (21-100)
3509,0.22446704,0.77553296,0,23,3) common (21-100)
3510,0.045412056,0.95458794,1,24,3) common (21-100)
3511,0.31883883,0.68116117,1,10,2) rare (6-20)
3512,0.25037906,0.7496209,1,0,1) very rare (1-5)
3513,0.47819093,0.5218091,0,47,3) common (21-100)
3514,0.22091076,0.7790892,0,79,3) common (21-100)
3515,0.4237277,0.5762723,1,11,2) rare (6-20)
3516,0.67043185,0.32956815,0,7,2) rare (6-20)
3517,0.9606523,0.03934771,1,24,3) common (21-100)
3518,0.37347957,0.6265204,0,33,3) common (21-100)
3519,0.48311523,0.5168848,1,19,2) rare (6-20)
3520,0.15404798,0.84595203,1,142,4) very common (100+)
3521,0.5487236,0.45127642,1,69,3) common (21-100)
3522,0.8531819,0.1468181,0,142,4) very common (100+)
3523,0.3877971,0.6122029,1,66,3) common (21-100)
3524,0.46112394,0.53887606,0,89,3) common (21-100)
3525,0.6537622,0.34623778,0,166,4) very common (100+)
3526,0.049220994,0.950779,1,0,1) very rare (1-5)
3527,0.40043205,0.59956795,0,6,2) rare (6-20)
3528,0.636369,0.363631,0,7,2) rare (6-20)
3529,0.4296747,0.57032526,1,11,2) rare (6-20)
3530,0.5461499,0.4538501,0,700,4) very common (100+)
3531,0.56741166,0.43258834,0,261,4) very common (100+)
3532,0.986883,0.013117015,0,1000,4) very common (100+)
3533,0.3904307,0.6095693,0,100,3) common (21-100)
3534,0.5225122,0.4774878,1,1,1) very rare (1-5)
3535,0.44199997,0.558,0,105,4) very common (100+)
3536,0.77899665,0.22100335,0,84,3) common (21-100)
3537,0.86609775,0.13390225,1,36,3) common (21-100)
3538,0.55382997,0.44617003,1,2,1) very rare (1-5)
3539,0.12788033,0.87211967,1,7,2) rare (6-20)
3540,0.910068,0.089932024,1,30,3) common (21-100)
3541,0.62509,0.37491,0,142,4) very common (100+)
3542,0.05759217,0.94240785,0,1,1) very rare (1-5)
3543,0.75602585,0.24397415,0,15,2) rare (6-20)
3544,0.054772098,0.9452279,1,3,1) very rare (1-5)
3545,0.3519101,0.6480899,0,3,1) very rare (1-5)
3546,0.8044934,0.19550657,1,0,1) very rare (1-5)
3547,0.12698174,0.87301826,1,2,1) very rare (1-5)
3548,0.55299354,0.44700646,0,700,4) very common (100+)
3549,0.63789654,0.36210346,0,123,4) very common (100+)
3550,0.65031725,0.34968275,1,19,2) rare (6-20)
3551,0.02262918,0.9773708,1,0,1) very rare (1-5)
3552,0.7049064,0.2950936,0,1,1) very rare (1-5)
3553,0.46015197,0.539848,1,1070,4) very common (100+)
3554,0.9470634,0.052936614,1,18,2) rare (6-20)
3555,0.88338417,0.11661583,0,700,4) very common (100+)
3556,0.122085415,0.8779146,1,2,1) very rare (1-5)
3557,0.099323854,0.90067613,1,94,3) common (21-100)
3558,0.048813615,0.95118636,1,2,1) very rare (1-5)
3559,0.9957594,0.0042405725,0,142,4) very common (100+)
3560,0.4145541,0.5854459,0,22,3) common (21-100)
3561,0.12803519,0.8719648,1,4,1) very rare (1-5)
3562,0.5044586,0.4955414,1,0,1) very rare (1-5)
3563,0.38786995,0.61213005,1,0,1) very rare (1-5)
3564,0.28851545,0.71148455,0,2,1) very rare (1-5)
3565,0.86971265,0.13028735,0,700,4) very common (100+)
3566,0.8672436,0.13275641,1,268,4) very common (100+)
3567,0.9370272,0.062972784,1,0,1) very rare (1-5)
3568,0.81717926,0.18282074,1,99,3) common (21-100)
3569,0.07939057,0.9206094,0,20,2) rare (6-20)
3570,0.97522753,0.024772465,0,1000,4) very common (100+)
3571,0.6574348,0.34256518,0,1070,4) very common (100+)
3572,0.9644649,0.035535097,1,19,2) rare (6-20)
3573,0.040380996,0.959619,1,0,1) very rare (1-5)
3574,0.5880209,0.41197908,1,1290,4) very common (100+)
3575,0.19413334,0.80586666,1,0,1) very rare (1-5)
3576,0.094253466,0.9057465,0,5,1) very rare (1-5)
3577,0.8987776,0.101222396,0,91,3) common (21-100)
3578,0.68112034,0.31887966,1,11,2) rare (6-20)
3579,0.079719,0.920281,1,2,1) very rare (1-5)
3580,0.5137445,0.48625553,0,1290,4) very common (100+)
3581,0.27050906,0.72949094,1,0,1) very rare (1-5)
3582,0.39716578,0.6028342,0,1,1) very rare (1-5)
3583,0.6556505,0.3443495,1,81,3) common (21-100)
3584,0.7641395,0.23586053,0,12,2) rare (6-20)
3585,0.9925315,0.0074685216,1,211,4) very common (100+)
3586,0.7454834,0.2545166,1,13,2) rare (6-20)
3587,0.46972167,0.5302783,0,8,2) rare (6-20)
3588,0.98765415,0.0123458505,0,99,3) common (21-100)
3589,0.8342055,0.16579449,0,118,4) very common (100+)
3590,0.96080315,0.03919685,0,1000,4) very common (100+)
3591,0.94743454,0.052565455,0,1070,4) very common (100+)
3592,0.9075814,0.09241861,1,100,3) common (21-100)
3593,0.8230521,0.17694789,0,3,1) very rare (1-5)
3594,0.17798847,0.82201153,1,0,1) very rare (1-5)
3595,0.55082923,0.44917077,1,14,2) rare (6-20)
3596,0.9439708,0.0560292,0,111,4) very common (100+)
3597,0.9381521,0.061847925,0,28,3) common (21-100)
3598,0.82160753,0.17839247,0,21,3) common (21-100)
3599,0.44839382,0.5516062,0,23,3) common (21-100)
3600,0.46855485,0.53144515,0,1,1) very rare (1-5)
3601,0.4951384,0.5048616,1,1,1) very rare (1-5)
3602,0.97784734,0.022152662,0,1070,4) very common (100+)
3603,0.7518689,0.2481311,0,7,2) rare (6-20)
3604,0.7696821,0.23031789,0,261,4) very common (100+)
3605,0.5470112,0.4529888,1,18,2) rare (6-20)
3606,0.07459721,0.92540276,1,1,1) very rare (1-5)
3607,0.35612375,0.64387625,0,223,4) very common (100+)
3608,0.103238694,0.8967613,1,2,1) very rare (1-5)
3609,0.16538747,0.83461255,1,7,2) rare (6-20)
3610,0.37243637,0.6275636,0,0,1) very rare (1-5)
3611,0.46714115,0.53285885,0,2,1) very rare (1-5)
3612,0.67383105,0.32616895,0,28,3) common (21-100)
3613,0.33299896,0.667001,0,3,1) very rare (1-5)
3614,0.4623731,0.53762686,1,85,3) common (21-100)
3615,0.80886275,0.19113725,0,51,3) common (21-100)
3616,0.90762776,0.09237224,0,261,4) very common (100+)
3617,0.2674338,0.73256624,1,12,2) rare (6-20)
3618,0.15651906,0.84348094,0,9,2) rare (6-20)
3619,0.7304648,0.26953518,0,700,4) very common (100+)
3620,0.7009695,0.29903048,0,1070,4) very common (100+)
3621,0.45161268,0.5483873,1,17,2) rare (6-20)
3622,0.45854643,0.5414536,0,2,1) very rare (1-5)
3623,0.28784454,0.71215546,1,0,1) very rare (1-5)
3624,0.31897664,0.68102336,1,1,1) very rare (1-5)
3625,0.03202592,0.96797407,1,0,1) very rare (1-5)
3626,0.9664429,0.033557117,0,1000,4) very common (100+)
3627,0.80909026,0.19090974,0,123,4) very common (100+)
3628,0.5211778,0.47882217,0,211,4) very common (100+)
3629,0.89969665,0.10030335,0,38,3) common (21-100)
3630,0.8771732,0.122826815,1,66,3) common (21-100)
3631,0.8166097,0.18339032,0,166,4) very common (100+)
3632,0.2488293,0.7511707,1,2,1) very rare (1-5)
3633,0.3684684,0.6315316,1,18,2) rare (6-20)
3634,0.63487506,0.36512494,0,118,4) very common (100+)
3635,0.7576089,0.24239111,0,33,3) common (21-100)
3636,0.48251587,0.5174841,1,2,1) very rare (1-5)
3637,0.07709598,0.922904,1,7,2) rare (6-20)
3638,0.32946098,0.670539,0,99,3) common (21-100)
3639,0.31495968,0.68504035,1,0,1) very rare (1-5)
3640,0.052638434,0.9473616,1,0,1) very rare (1-5)
3641,0.20906517,0.7909348,0,237,4) very common (100+)
3642,0.7257989,0.2742011,0,71,3) common (21-100)
3643,0.7872369,0.21276307,0,166,4) very common (100+)
3644,0.20251723,0.7974828,0,14,2) rare (6-20)
3645,0.37983578,0.6201642,0,39,3) common (21-100)
3646,0.24896805,0.75103194,1,0,1) very rare (1-5)
3647,0.12684627,0.87315375,1,3,1) very rare (1-5)
3648,0.034003567,0.96599644,0,6,2) rare (6-20)
3649,0.234644,0.765356,0,2,1) very rare (1-5)
3650,0.22570257,0.7742974,0,4,1) very rare (1-5)
3651,0.34430584,0.6556941,0,0,1) very rare (1-5)
3652,0.98452616,0.015473843,0,211,4) very common (100+)
3653,0.056053918,0.94394606,1,0,1) very rare (1-5)
3654,0.15974808,0.8402519,1,8,2) rare (6-20)
3655,0.4079151,0.5920849,1,0,1) very rare (1-5)
3656,0.033486802,0.9665132,1,58,3) common (21-100)
3657,0.62115294,0.37884706,0,20,2) rare (6-20)
3658,0.948724,0.05127603,0,89,3) common (21-100)
3659,0.38394752,0.6160525,1,4,1) very rare (1-5)
3660,0.29658437,0.70341563,1,1,1) very rare (1-5)
3661,0.21727084,0.78272915,1,0,1) very rare (1-5)
3662,0.4856935,0.5143065,0,15,2) rare (6-20)
3663,0.25979745,0.74020255,1,12,2) rare (6-20)
3664,0.6837495,0.3162505,0,56,3) common (21-100)
3665,0.044522867,0.9554771,1,1,1) very rare (1-5)
3666,0.2676444,0.7323556,1,37,3) common (21-100)
3667,0.95958227,0.04041773,0,211,4) very common (100+)
3668,0.5905743,0.40942568,1,0,1) very rare (1-5)
3669,0.95092666,0.04907334,0,24,3) common (21-100)
3670,0.09667932,0.90332067,1,22,3) common (21-100)
3671,0.57794875,0.42205125,0,63,3) common (21-100)
3672,0.15017135,0.84982866,1,0,1) very rare (1-5)
3673,0.4429696,0.55703044,0,142,4) very common (100+)
3674,0.8807702,0.11922979,0,1070,4) very common (100+)
3675,0.2109039,0.7890961,0,4,1) very rare (1-5)
3676,0.50918317,0.49081683,0,79,3) common (21-100)
3677,0.21756074,0.78243923,0,14,2) rare (6-20)
3678,0.78574586,0.21425414,0,18,2) rare (6-20)
3679,0.27175254,0.72824746,1,2,1) very rare (1-5)
3680,0.4444684,0.5555316,1,68,3) common (21-100)
3681,0.5642508,0.43574917,1,89,3) common (21-100)
3682,0.6265638,0.3734362,0,17,2) rare (6-20)
3683,0.2932792,0.7067208,0,65,3) common (21-100)
3684,0.15140772,0.8485923,1,1,1) very rare (1-5)
3685,0.33862463,0.6613754,1,3,1) very rare (1-5)
3686,0.9959507,0.004049301,0,1000,4) very common (100+)
3687,0.4432616,0.5567384,1,69,3) common (21-100)
3688,0.22991198,0.770088,1,19,2) rare (6-20)
3689,0.69301903,0.30698097,1,1,1) very rare (1-5)
3690,0.4917398,0.5082602,1,1,1) very rare (1-5)
3691,0.93373823,0.06626177,0,91,3) common (21-100)
3692,0.8616433,0.13835669,0,178,4) very common (100+)
3693,0.5403742,0.45962578,1,33,3) common (21-100)
3694,0.043403808,0.9565962,1,0,1) very rare (1-5)
3695,0.99165654,0.008343458,1,142,4) very common (100+)
3696,0.56154984,0.43845016,0,0,1) very rare (1-5)
3697,0.29671022,0.70328975,1,8,2) rare (6-20)
3698,0.542209,0.45779097,0,42,3) common (21-100)
3699,0.047099676,0.95290035,1,15,2) rare (6-20)
3700,0.22011594,0.77988404,1,166,4) very common (100+)
3701,0.099946946,0.900053,1,4,1) very rare (1-5)
3702,0.31254712,0.6874529,0,0,1) very rare (1-5)
3703,0.52021253,0.47978747,0,4,1) very rare (1-5)
3704,0.95986515,0.040134847,0,1000,4) very common (100+)
3705,0.17522429,0.8247757,0,21,3) common (21-100)
3706,0.7308539,0.26914608,0,42,3) common (21-100)
3707,0.44944885,0.5505512,0,106,4) very common (100+)
3708,0.3595477,0.64045227,0,23,3) common (21-100)
3709,0.9463848,0.053615212,0,211,4) very common (100+)
3710,0.7948276,0.20517242,1,21,3) common (21-100)
3711,0.80669,0.19331002,0,700,4) very common (100+)
3712,0.8978303,0.10216969,0,700,4) very common (100+)
3713,0.8901702,0.10982978,1,16,2) rare (6-20)
3714,0.22537139,0.77462864,1,1,1) very rare (1-5)
3715,0.7580938,0.24190623,0,2,1) very rare (1-5)
3716,0.14288464,0.8571154,1,0,1) very rare (1-5)
3717,0.083872266,0.91612774,1,14,2) rare (6-20)
3718,0.8236911,0.17630887,0,42,3) common (21-100)
3719,0.91695553,0.08304447,0,91,3) common (21-100)
3720,0.8529065,0.14709347,0,10,2) rare (6-20)
3721,0.3131417,0.6868583,1,0,1) very rare (1-5)
3722,0.5730773,0.42692268,1,7,2) rare (6-20)
3723,0.78311753,0.21688247,0,182,4) very common (100+)
3724,0.32977867,0.6702213,0,275,4) very common (100+)
3725,0.93128175,0.068718255,0,1000,4) very common (100+)
3726,0.45977113,0.54022884,0,1290,4) very common (100+)
3727,0.37657264,0.6234274,0,50,3) common (21-100)
3728,0.90686965,0.09313035,1,66,3) common (21-100)
3729,0.43899533,0.56100464,1,0,1) very rare (1-5)
3730,0.7405518,0.25944817,0,56,3) common (21-100)
3731,0.82367474,0.17632526,0,1070,4) very common (100+)
3732,0.77016866,0.22983134,0,1290,4) very common (100+)
3733,0.12848637,0.8715136,1,16,2) rare (6-20)
3734,0.9694556,0.0305444,0,1000,4) very common (100+)
3735,0.15152442,0.8484756,1,0,1) very rare (1-5)
3736,0.2917832,0.7082168,0,1,1) very rare (1-5)
3737,0.7871744,0.2128256,0,1,1) very rare (1-5)
3738,0.31601796,0.683982,1,1,1) very rare (1-5)
3739,0.022937963,0.97706205,1,3,1) very rare (1-5)
3740,0.6313636,0.36863643,0,3,1) very rare (1-5)
3741,0.73509115,0.26490885,0,24,3) common (21-100)
3742,0.6314616,0.36853838,0,1290,4) very common (100+)
3743,0.28561044,0.71438956,0,14,2) rare (6-20)
3744,0.3374146,0.6625854,1,21,3) common (21-100)
3745,0.91881037,0.08118963,1,1,1) very rare (1-5)
3746,0.28654224,0.71345776,1,0,1) very rare (1-5)
3747,0.110352375,0.8896476,1,6,2) rare (6-20)
3748,0.17790362,0.82209635,1,19,2) rare (6-20)
3749,0.49890468,0.5010953,0,700,4) very common (100+)
3750,0.3591498,0.6408502,1,3,1) very rare (1-5)
3751,0.98313934,0.016860664,0,39,3) common (21-100)
3752,0.8628847,0.1371153,1,0,1) very rare (1-5)
3753,0.9159707,0.08402932,1,0,1) very rare (1-5)
3754,0.3576822,0.6423178,0,5,1) very rare (1-5)
3755,0.122571155,0.8774288,1,47,3) common (21-100)
3756,0.6358737,0.36412632,1,1,1) very rare (1-5)
3757,0.26250485,0.7374952,1,3,1) very rare (1-5)
3758,0.93501776,0.064982235,0,39,3) common (21-100)
3759,0.202565,0.797435,0,3,1) very rare (1-5)
3760,0.009569555,0.9904305,1,0,1) very rare (1-5)
3761,0.42640588,0.5735941,0,5,1) very rare (1-5)
3762,0.11173532,0.88826466,1,0,1) very rare (1-5)
3763,0.6644662,0.3355338,0,275,4) very common (100+)
3764,0.045729566,0.9542704,1,0,1) very rare (1-5)
3765,0.10771282,0.8922872,1,72,3) common (21-100)
3766,0.32084802,0.679152,1,28,3) common (21-100)
3767,0.14995058,0.85004944,1,2,1) very rare (1-5)
3768,0.60495365,0.39504635,0,7,2) rare (6-20)
3769,0.032359246,0.96764076,1,8,2) rare (6-20)
3770,0.02966591,0.9703341,1,0,1) very rare (1-5)
3771,0.377499,0.622501,1,5,1) very rare (1-5)
3772,0.10459886,0.8954011,1,1,1) very rare (1-5)
3773,0.026243914,0.9737561,1,0,1) very rare (1-5)
3774,0.4340665,0.56593347,1,10,2) rare (6-20)
3775,0.2828066,0.71719337,0,68,3) common (21-100)
3776,0.12881012,0.8711899,1,1,1) very rare (1-5)
3777,0.687826,0.31217402,1,7,2) rare (6-20)
3778,0.15314004,0.84685993,1,0,1) very rare (1-5)
3779,0.8843265,0.11567348,0,25,3) common (21-100)
3780,0.609891,0.390109,0,96,3) common (21-100)
3781,0.9867567,0.013243318,0,99,3) common (21-100)
3782,0.49492034,0.5050796,1,55,3) common (21-100)
3783,0.6112851,0.3887149,0,0,1) very rare (1-5)
3784,0.057015266,0.94298476,1,123,4) very common (100+)
3785,0.3678358,0.63216424,1,79,3) common (21-100)
3786,0.114773214,0.8852268,1,0,1) very rare (1-5)
3787,0.5849472,0.41505277,1,3,1) very rare (1-5)
3788,0.23407465,0.76592535,0,5,1) very rare (1-5)
3789,0.07582855,0.92417145,1,0,1) very rare (1-5)
3790,0.49896765,0.50103235,1,118,4) very common (100+)
3791,0.4337024,0.5662976,1,27,3) common (21-100)
3792,0.63714886,0.36285114,0,14,2) rare (6-20)
3793,0.7378855,0.26211452,0,56,3) common (21-100)
3794,0.06262508,0.93737495,1,3,1) very rare (1-5)
3795,0.7913184,0.20868158,0,7,2) rare (6-20)
3796,0.83976144,0.16023856,0,107,4) very common (100+)
3797,0.89735985,0.10264015,0,44,3) common (21-100)
3798,0.5522424,0.4477576,0,0,1) very rare (1-5)
3799,0.8170666,0.18293339,0,46,3) common (21-100)
3800,0.55159384,0.44840616,0,17,2) rare (6-20)
3801,0.27923113,0.72076887,1,1,1) very rare (1-5)
3802,0.13602054,0.86397946,1,4,1) very rare (1-5)
3803,0.6123219,0.3876781,1,0,1) very rare (1-5)
3804,0.410859,0.589141,1,3,1) very rare (1-5)
3805,0.053006765,0.94699323,1,0,1) very rare (1-5)
3806,0.3725147,0.6274853,1,0,1) very rare (1-5)
3807,0.869908,0.13009202,1,8,2) rare (6-20)
3808,0.13100733,0.8689927,1,66,3) common (21-100)
3809,0.17285833,0.82714164,1,0,1) very rare (1-5)
3810,0.20533618,0.7946638,1,63,3) common (21-100)
3811,0.36310154,0.63689846,1,0,1) very rare (1-5)
3812,0.46339127,0.5366087,0,1,1) very rare (1-5)
3813,0.7924072,0.20759279,0,700,4) very common (100+)
3814,0.512484,0.487516,0,2,1) very rare (1-5)
3815,0.5352244,0.46477562,1,7,2) rare (6-20)
3816,0.72039735,0.27960265,0,223,4) very common (100+)
3817,0.24016272,0.75983727,1,0,1) very rare (1-5)
3818,0.94751245,0.052487552,1,2,1) very rare (1-5)
3819,0.9170621,0.082937896,0,146,4) very common (100+)
3820,0.33001715,0.66998285,0,5,1) very rare (1-5)
3821,0.8974691,0.1025309,0,1000,4) very common (100+)
3822,0.6242411,0.3757589,0,92,3) common (21-100)
3823,0.31685746,0.68314254,0,15,2) rare (6-20)
3824,0.22072132,0.7792787,1,343,4) very common (100+)
3825,0.90308356,0.09691644,0,118,4) very common (100+)
3826,0.99199414,0.0080058575,1,19,2) rare (6-20)
3827,0.282178,0.71782196,1,0,1) very rare (1-5)
3828,0.8249246,0.17507541,0,134,4) very common (100+)
3829,0.8418884,0.15811157,0,17,2) rare (6-20)
3830,0.84615415,0.15384585,1,107,4) very common (100+)
3831,0.080678426,0.9193216,0,1,1) very rare (1-5)
3832,0.24535409,0.75464594,0,1,1) very rare (1-5)
3833,0.21470813,0.78529185,1,85,3) common (21-100)
3834,0.61133736,0.38866264,1,0,1) very rare (1-5)
3835,0.07496445,0.92503554,1,0,1) very rare (1-5)
3836,0.5746197,0.4253803,1,0,1) very rare (1-5)
3837,0.4965883,0.5034117,1,2,1) very rare (1-5)
3838,0.100013115,0.89998686,1,178,4) very common (100+)
3839,0.06480073,0.93519926,0,108,4) very common (100+)
3840,0.545734,0.454266,1,27,3) common (21-100)
3841,0.9724443,0.027555704,0,1000,4) very common (100+)
3842,0.69736516,0.30263484,0,91,3) common (21-100)
3843,0.8865582,0.113441825,0,10,2) rare (6-20)
3844,0.058039404,0.9419606,1,6,2) rare (6-20)
3845,0.2063891,0.79361093,0,1,1) very rare (1-5)
3846,0.11119173,0.88880825,0,12,2) rare (6-20)
3847,0.21189982,0.7881002,0,5,1) very rare (1-5)
3848,0.4068094,0.5931906,1,223,4) very common (100+)
3849,0.8081565,0.19184351,0,1000,4) very common (100+)
3850,0.55620164,0.44379836,1,44,3) common (21-100)
3851,0.41555366,0.5844463,0,27,3) common (21-100)
3852,0.0487767,0.9512233,0,84,3) common (21-100)
3853,0.4472898,0.5527102,1,3,1) very rare (1-5)
3854,0.30884597,0.691154,1,1,1) very rare (1-5)
3855,0.17991477,0.8200852,1,268,4) very common (100+)
3856,0.8233374,0.17666262,0,6,2) rare (6-20)
3857,0.85745806,0.14254194,0,35,3) common (21-100)
3858,0.8961698,0.10383022,0,17,2) rare (6-20)
3859,0.98813474,0.011865258,0,1000,4) very common (100+)
3860,0.16103536,0.83896464,0,5,1) very rare (1-5)
3861,0.21151882,0.7884812,1,13,2) rare (6-20)
3862,0.037688058,0.9623119,0,38,3) common (21-100)
3863,0.85735244,0.14264756,1,0,1) very rare (1-5)
3864,0.021512685,0.9784873,1,0,1) very rare (1-5)
3865,0.578815,0.42118502,1,15,2) rare (6-20)
3866,0.57883024,0.42116976,0,1290,4) very common (100+)
3867,0.48264104,0.51735896,1,0,1) very rare (1-5)
3868,0.42999315,0.57000685,1,142,4) very common (100+)
3869,0.9680931,0.031906903,0,700,4) very common (100+)
3870,0.27848965,0.72151035,0,66,3) common (21-100)
3871,0.9677678,0.032232225,0,1000,4) very common (100+)
3872,0.9526709,0.047329128,0,39,3) common (21-100)
3873,0.7726381,0.22736192,0,5,1) very rare (1-5)
3874,0.48973384,0.5102662,0,16,2) rare (6-20)
3875,0.10332161,0.8966784,1,0,1) very rare (1-5)
3876,0.4351837,0.5648163,1,275,4) very common (100+)
3877,0.7127335,0.2872665,0,142,4) very common (100+)
3878,0.44962955,0.55037045,0,7,2) rare (6-20)
3879,0.1630965,0.8369035,1,0,1) very rare (1-5)
3880,0.9196125,0.08038747,0,1070,4) very common (100+)
3881,0.7446508,0.25534922,0,15,2) rare (6-20)
3882,0.041814715,0.9581853,1,0,1) very rare (1-5)
3883,0.9414904,0.05850959,0,78,3) common (21-100)
3884,0.24383073,0.75616926,0,0,1) very rare (1-5)
3885,0.055853907,0.9441461,1,0,1) very rare (1-5)
3886,0.25264925,0.74735075,0,5,1) very rare (1-5)
3887,0.9817062,0.018293798,0,35,3) common (21-100)
3888,0.80436426,0.19563574,1,118,4) very common (100+)
3889,0.46890718,0.5310928,1,1070,4) very common (100+)
3890,0.14786659,0.8521334,0,26,3) common (21-100)
3891,0.95918727,0.04081273,0,1000,4) very common (100+)
3892,0.25458133,0.74541867,0,3,1) very rare (1-5)
3893,0.07330724,0.9266928,1,0,1) very rare (1-5)
3894,0.10283352,0.8971665,0,102,4) very common (100+)
3895,0.77392715,0.22607285,1,76,3) common (21-100)
3896,0.4635236,0.5364764,0,63,3) common (21-100)
3897,0.30576295,0.69423705,0,134,4) very common (100+)
3898,0.82331365,0.17668635,0,1000,4) very common (100+)
3899,0.9543992,0.045600772,1,1,1) very rare (1-5)
3900,0.52408284,0.47591716,1,4,1) very rare (1-5)
3901,0.7730479,0.22695208,0,69,3) common (21-100)
3902,0.18923561,0.8107644,1,237,4) very common (100+)
3903,0.1805028,0.8194972,0,0,1) very rare (1-5)
3904,0.88468176,0.11531824,0,11,2) rare (6-20)
3905,0.95404613,0.04595387,0,69,3) common (21-100)
3906,0.7334862,0.26651382,1,14,2) rare (6-20)
3907,0.63272345,0.36727655,0,1,1) very rare (1-5)
3908,0.19998568,0.8000143,1,5,1) very rare (1-5)
3909,0.12631698,0.87368304,0,7,2) rare (6-20)
3910,0.8196632,0.18033677,0,1070,4) very common (100+)
3911,0.40528473,0.59471524,0,65,3) common (21-100)
3912,0.37335482,0.6266452,1,0,1) very rare (1-5)
3913,0.8086795,0.19132048,1,4,1) very rare (1-5)
3914,0.3736092,0.6263908,0,84,3) common (21-100)
3915,0.87774354,0.12225646,1,0,1) very rare (1-5)
3916,0.65206754,0.34793246,1,34,3) common (21-100)
3917,0.6685069,0.33149308,1,118,4) very common (100+)
3918,0.8122042,0.18779582,1,3,1) very rare (1-5)
3919,0.42893314,0.57106686,1,2,1) very rare (1-5)
3920,0.24448994,0.7555101,0,14,2) rare (6-20)
3921,0.7094184,0.29058158,0,7,2) rare (6-20)
3922,0.10147206,0.8985279,1,0,1) very rare (1-5)
3923,0.15160878,0.84839123,1,70,3) common (21-100)
3924,0.3907817,0.6092183,0,68,3) common (21-100)
3925,0.5768321,0.42316788,1,4,1) very rare (1-5)
3926,0.5476442,0.4523558,0,1290,4) very common (100+)
3927,0.42183766,0.5781623,0,3,1) very rare (1-5)
3928,0.34501475,0.65498525,1,11,2) rare (6-20)
3929,0.73783374,0.26216626,0,21,3) common (21-100)
3930,0.4012644,0.5987356,0,0,1) very rare (1-5)
3931,0.24057512,0.75942487,1,6,2) rare (6-20)
3932,0.09016404,0.90983593,1,0,1) very rare (1-5)
3933,0.2939569,0.7060431,1,4,1) very rare (1-5)
3934,0.9309876,0.0690124,1,1070,4) very common (100+)
3935,0.30335674,0.69664323,1,2,1) very rare (1-5)
3936,0.32341236,0.67658764,1,76,3) common (21-100)
3937,0.59264666,0.40735334,0,14,2) rare (6-20)
3938,0.1790029,0.8209971,0,44,3) common (21-100)
3939,0.710161,0.28983903,1,8,2) rare (6-20)
3940,0.44726896,0.55273104,1,105,4) very common (100+)
3941,0.4440839,0.5559161,1,53,3) common (21-100)
3942,0.22551751,0.7744825,0,142,4) very common (100+)
3943,0.25804964,0.7419504,0,0,1) very rare (1-5)
3944,0.59864014,0.40135986,1,81,3) common (21-100)
3945,0.095070094,0.9049299,1,1,1) very rare (1-5)
3946,0.66224086,0.33775914,0,84,3) common (21-100)
3947,0.54627556,0.45372444,0,21,3) common (21-100)
3948,0.6766281,0.3233719,0,123,4) very common (100+)
3949,0.0402281,0.9597719,1,0,1) very rare (1-5)
3950,0.8298361,0.17016393,1,38,3) common (21-100)
3951,0.96525764,0.034742355,0,78,3) common (21-100)
3952,0.6805517,0.3194483,0,159,4) very common (100+)
3953,0.30082354,0.69917643,1,5,1) very rare (1-5)
3954,0.50280195,0.49719805,0,25,3) common (21-100)
3955,0.5534964,0.44650358,0,5,1) very rare (1-5)
3956,0.02438665,0.97561336,1,10,2) rare (6-20)
3957,0.27478996,0.7252101,1,18,2) rare (6-20)
3958,0.4405319,0.5594681,1,160,4) very common (100+)
3959,0.24342442,0.7565756,1,134,4) very common (100+)
3960,0.9564422,0.043557823,1,4,1) very rare (1-5)
3961,0.6498679,0.3501321,0,9,2) rare (6-20)
3962,0.87203795,0.12796205,1,76,3) common (21-100)
3963,0.107480675,0.89251935,0,6,2) rare (6-20)
3964,0.49426928,0.50573075,0,343,4) very common (100+)
3965,0.8924447,0.10755533,0,261,4) very common (100+)
3966,0.092711285,0.90728873,1,2,1) very rare (1-5)
3967,0.037023567,0.96297646,1,0,1) very rare (1-5)
3968,0.8876941,0.11230588,0,372,4) very common (100+)
3969,0.38778523,0.6122148,1,42,3) common (21-100)
3970,0.14426647,0.8557335,1,1,1) very rare (1-5)
3971,0.434526,0.56547403,0,0,1) very rare (1-5)
3972,0.1341044,0.8658956,0,0,1) very rare (1-5)
3973,0.8471802,0.15281981,0,134,4) very common (100+)
3974,0.15757672,0.84242326,0,0,1) very rare (1-5)
3975,0.3876275,0.6123725,1,3,1) very rare (1-5)
3976,0.7078733,0.29212672,0,5,1) very rare (1-5)
3977,0.2611697,0.7388303,1,107,4) very common (100+)
3978,0.614517,0.38548303,0,261,4) very common (100+)
3979,0.59166735,0.40833265,1,1290,4) very common (100+)
3980,0.23033613,0.7696639,1,51,3) common (21-100)
3981,0.55041486,0.44958514,1,107,4) very common (100+)
3982,0.91721076,0.08278924,0,275,4) very common (100+)
3983,0.6480557,0.35194433,1,2,1) very rare (1-5)
3984,0.08590977,0.9140902,1,0,1) very rare (1-5)
3985,0.8811217,0.118878305,0,237,4) very common (100+)
3986,0.14393413,0.85606587,1,14,2) rare (6-20)
3987,0.87083805,0.12916195,0,10,2) rare (6-20)
3988,0.33660534,0.6633947,1,0,1) very rare (1-5)
3989,0.07140026,0.9285997,1,0,1) very rare (1-5)
3990,0.22134754,0.7786524,1,6,2) rare (6-20)
3991,0.91111255,0.08888745,0,145,4) very common (100+)
3992,0.161344,0.838656,1,17,2) rare (6-20)
3993,0.9836631,0.016336918,0,89,3) common (21-100)
3994,0.9298042,0.070195794,0,96,3) common (21-100)
3995,0.0791309,0.9208691,0,32,3) common (21-100)
3996,0.38550296,0.61449707,1,178,4) very common (100+)
3997,0.08098758,0.9190124,1,5,1) very rare (1-5)
3998,0.40412205,0.59587795,0,0,1) very rare (1-5)
3999,0.7849657,0.2150343,0,166,4) very common (100+)
4000,0.7222947,0.2777053,0,261,4) very common (100+)
4001,0.6478068,0.35219318,0,9,2) rare (6-20)
4002,0.32307473,0.6769253,1,0,1) very rare (1-5)
4003,0.61967236,0.38032764,0,46,3) common (21-100)
4004,0.1385418,0.8614582,1,2,1) very rare (1-5)
4005,0.38750297,0.61249703,1,69,3) common (21-100)
4006,0.83806604,0.16193396,0,22,3) common (21-100)
4007,0.5750808,0.4249192,1,1,1) very rare (1-5)
4008,0.26105058,0.7389494,1,14,2) rare (6-20)
4009,0.539937,0.46006298,0,1070,4) very common (100+)
4010,0.4041749,0.5958251,0,106,4) very common (100+)
4011,0.44139785,0.55860215,0,1290,4) very common (100+)
4012,0.11196294,0.8880371,1,0,1) very rare (1-5)
4013,0.5187637,0.48123628,1,66,3) common (21-100)
4014,0.2493924,0.7506076,0,20,2) rare (6-20)
4015,0.9697233,0.030276716,0,66,3) common (21-100)
4016,0.59766906,0.40233094,1,275,4) very common (100+)
4017,0.23719808,0.7628019,1,19,2) rare (6-20)
4018,0.64009,0.35991,0,421,4) very common (100+)
4019,0.87924045,0.12075955,0,2,1) very rare (1-5)
4020,0.5080277,0.49197233,1,2,1) very rare (1-5)
4021,0.2811846,0.7188154,1,1,1) very rare (1-5)
4022,0.41213867,0.5878613,1,21,3) common (21-100)
4023,0.674442,0.325558,1,38,3) common (21-100)
4024,0.4538079,0.5461921,1,6,2) rare (6-20)
4025,0.1868617,0.8131383,0,1,1) very rare (1-5)
4026,0.19790816,0.80209184,1,1,1) very rare (1-5)
4027,0.94874257,0.05125743,0,94,3) common (21-100)
4028,0.7655036,0.23449641,1,1290,4) very common (100+)
4029,0.32492718,0.6750728,1,0,1) very rare (1-5)
4030,0.15997803,0.84002197,0,5,1) very rare (1-5)
4031,0.16848978,0.8315102,1,2,1) very rare (1-5)
4032,0.9729847,0.027015328,1,1,1) very rare (1-5)
4033,0.13613668,0.86386335,1,3,1) very rare (1-5)
4034,0.4147796,0.5852204,1,0,1) very rare (1-5)
4035,0.9650954,0.0349046,1,81,3) common (21-100)
4036,0.34001002,0.65998995,1,36,3) common (21-100)
4037,0.22004864,0.77995133,1,1,1) very rare (1-5)
4038,0.1526443,0.8473557,1,0,1) very rare (1-5)
4039,0.34202948,0.65797055,1,75,3) common (21-100)
4040,0.53789026,0.46210974,0,43,3) common (21-100)
4041,0.044600666,0.95539933,1,0,1) very rare (1-5)
4042,0.76085967,0.23914033,0,17,2) rare (6-20)
4043,0.12699288,0.8730071,1,10,2) rare (6-20)
4044,0.97109985,0.028900146,1,0,1) very rare (1-5)
4045,0.8584936,0.14150637,1,17,2) rare (6-20)
4046,0.47334507,0.52665496,0,76,3) common (21-100)
4047,0.8868292,0.1131708,0,275,4) very common (100+)
4048,0.38487428,0.6151257,1,13,2) rare (6-20)
4049,0.17923805,0.8207619,1,39,3) common (21-100)
4050,0.908855,0.09114498,0,79,3) common (21-100)
4051,0.50412655,0.49587345,0,1,1) very rare (1-5)
4052,0.9513645,0.048635483,0,1000,4) very common (100+)
4053,0.8174265,0.1825735,0,91,3) common (21-100)
4054,0.16946562,0.8305344,1,3,1) very rare (1-5)
4055,0.38461676,0.61538327,0,44,3) common (21-100)
4056,0.85358,0.14642,0,1290,4) very common (100+)
4057,0.7002124,0.29978758,0,17,2) rare (6-20)
4058,0.35138202,0.648618,0,22,3) common (21-100)
4059,0.090011805,0.90998816,1,3,1) very rare (1-5)
4060,0.22459483,0.77540517,1,1,1) very rare (1-5)
4061,0.050798133,0.9492019,1,1,1) very rare (1-5)
4062,0.343853,0.656147,0,22,3) common (21-100)
4063,0.446708,0.55329204,1,343,4) very common (100+)
4064,0.13477646,0.8652235,1,8,2) rare (6-20)
4065,0.28178146,0.71821856,1,89,3) common (21-100)
4066,0.9650424,0.034957588,0,142,4) very common (100+)
4067,0.6053961,0.3946039,1,268,4) very common (100+)
4068,0.82592905,0.17407095,0,1290,4) very common (100+)
4069,0.11990041,0.8800996,1,1,1) very rare (1-5)
4070,0.22562538,0.7743746,1,6,2) rare (6-20)
4071,0.55424225,0.44575775,0,88,3) common (21-100)
4072,0.33450592,0.6654941,1,14,2) rare (6-20)
4073,0.35080367,0.6491963,1,5,1) very rare (1-5)
4074,0.19267976,0.80732024,1,7,2) rare (6-20)
4075,0.19361869,0.80638134,1,0,1) very rare (1-5)
4076,0.9343646,0.06563538,0,121,4) very common (100+)
4077,0.3002164,0.69978356,0,3,1) very rare (1-5)
4078,0.44383582,0.55616415,0,1070,4) very common (100+)
4079,0.12252244,0.8774775,1,0,1) very rare (1-5)
4080,0.7900818,0.2099182,0,111,4) very common (100+)
4081,0.28426948,0.71573055,1,0,1) very rare (1-5)
4082,0.808718,0.19128197,0,47,3) common (21-100)
4083,0.058793824,0.94120616,1,0,1) very rare (1-5)
4084,0.09664031,0.9033597,1,0,1) very rare (1-5)
4085,0.5772551,0.42274493,0,65,3) common (21-100)
4086,0.099204786,0.9007952,0,1,1) very rare (1-5)
4087,0.43162036,0.56837964,0,2,1) very rare (1-5)
4088,0.39168572,0.6083143,1,3,1) very rare (1-5)
4089,0.44323903,0.55676097,1,1,1) very rare (1-5)
4090,0.25411224,0.74588776,0,14,2) rare (6-20)
4091,0.31077138,0.68922865,0,8,2) rare (6-20)
4092,0.40774158,0.59225845,1,146,4) very common (100+)
4093,0.3572357,0.64276433,1,0,1) very rare (1-5)
4094,0.88631725,0.11368275,0,10,2) rare (6-20)
4095,0.71386504,0.28613496,0,100,3) common (21-100)
4096,0.9248229,0.07517707,0,223,4) very common (100+)
4097,0.73827827,0.26172173,0,4,1) very rare (1-5)
4098,0.4927629,0.5072371,1,0,1) very rare (1-5)
4099,0.57235366,0.42764634,1,6,2) rare (6-20)
4100,0.16474368,0.83525634,0,2,1) very rare (1-5)
4101,0.07143414,0.92856586,1,3,1) very rare (1-5)
4102,0.1913893,0.8086107,0,1,1) very rare (1-5)
4103,0.9630833,0.036916673,0,343,4) very common (100+)
4104,0.59868264,0.40131736,1,1,1) very rare (1-5)
4105,0.037792638,0.9622074,1,0,1) very rare (1-5)
4106,0.14006789,0.8599321,1,0,1) very rare (1-5)
4107,0.4501395,0.5498605,0,1000,4) very common (100+)
4108,0.81873536,0.18126464,0,89,3) common (21-100)
4109,0.61511815,0.38488185,0,223,4) very common (100+)
4110,0.11013226,0.8898677,1,85,3) common (21-100)
4111,0.7908173,0.20918268,1,4,1) very rare (1-5)
4112,0.9519517,0.048048317,0,74,3) common (21-100)
4113,0.72173154,0.27826846,1,15,2) rare (6-20)
4114,0.46151233,0.5384877,1,76,3) common (21-100)
4115,0.92182344,0.07817656,0,211,4) very common (100+)
4116,0.24735343,0.75264657,1,0,1) very rare (1-5)
4117,0.19982089,0.8001791,1,13,2) rare (6-20)
4118,0.7913427,0.20865732,0,84,3) common (21-100)
4119,0.4736084,0.5263916,0,1290,4) very common (100+)
4120,0.72218347,0.27781653,1,0,1) very rare (1-5)
4121,0.48049474,0.51950526,0,9,2) rare (6-20)
4122,0.645471,0.35452902,1,1,1) very rare (1-5)
4123,0.024473349,0.97552663,1,0,1) very rare (1-5)
4124,0.19568525,0.80431473,1,66,3) common (21-100)
4125,0.15292723,0.8470728,1,1,1) very rare (1-5)
4126,0.19075623,0.8092438,1,21,3) common (21-100)
4127,0.5695765,0.4304235,1,118,4) very common (100+)
4128,0.5912184,0.4087816,0,69,3) common (21-100)
4129,0.27514663,0.7248534,0,27,3) common (21-100)
4130,0.9387457,0.061254323,0,182,4) very common (100+)
4131,0.101709105,0.8982909,0,2,1) very rare (1-5)
4132,0.6793219,0.3206781,0,105,4) very common (100+)
4133,0.71204436,0.28795564,1,1290,4) very common (100+)
4134,0.77477443,0.22522557,1,1070,4) very common (100+)
4135,0.34241113,0.65758884,0,19,2) rare (6-20)
4136,0.28572875,0.71427125,1,2,1) very rare (1-5)
4137,0.90382457,0.09617543,0,15,2) rare (6-20)
4138,0.026947059,0.9730529,1,0,1) very rare (1-5)
4139,0.34371832,0.6562817,1,106,4) very common (100+)
4140,0.09335603,0.906644,1,1,1) very rare (1-5)
4141,0.5357901,0.4642099,1,63,3) common (21-100)
4142,0.061941415,0.9380586,0,1,1) very rare (1-5)
4143,0.0912232,0.9087768,1,92,3) common (21-100)
4144,0.24393292,0.7560671,1,0,1) very rare (1-5)
4145,0.22422448,0.77577555,1,1,1) very rare (1-5)
4146,0.042436462,0.9575635,1,0,1) very rare (1-5)
4147,0.46862522,0.5313748,1,23,3) common (21-100)
4148,0.8697745,0.13022548,0,4,1) very rare (1-5)
4149,0.10806991,0.8919301,1,0,1) very rare (1-5)
4150,0.98056567,0.019434333,0,1000,4) very common (100+)
4151,0.4189409,0.5810591,1,1070,4) very common (100+)
4152,0.94669634,0.05330366,0,1000,4) very common (100+)
4153,0.58112246,0.41887754,0,3,1) very rare (1-5)
4154,0.6167216,0.38327843,0,2,1) very rare (1-5)
4155,0.058656547,0.9413434,1,0,1) very rare (1-5)
4156,0.6586889,0.3413111,1,1290,4) very common (100+)
4157,0.37287095,0.6271291,1,0,1) very rare (1-5)
4158,0.6553236,0.34467638,0,1,1) very rare (1-5)
4159,0.25735947,0.7426405,1,0,1) very rare (1-5)
4160,0.18385226,0.81614774,1,0,1) very rare (1-5)
4161,0.43659547,0.56340456,0,7,2) rare (6-20)
4162,0.6029978,0.39700222,1,35,3) common (21-100)
4163,0.37924623,0.62075377,1,37,3) common (21-100)
4164,0.5718337,0.42816627,0,17,2) rare (6-20)
4165,0.39183092,0.6081691,0,2,1) very rare (1-5)
4166,0.10187169,0.89812833,1,0,1) very rare (1-5)
4167,0.8641509,0.13584912,0,7,2) rare (6-20)
4168,0.810245,0.18975502,1,89,3) common (21-100)
4169,0.1534751,0.8465249,1,275,4) very common (100+)
4170,0.03457939,0.9654206,1,1,1) very rare (1-5)
4171,0.47710717,0.52289283,0,106,4) very common (100+)
4172,0.9928005,0.007199526,0,1000,4) very common (100+)
4173,0.106610924,0.8933891,0,159,4) very common (100+)
4174,0.06717548,0.9328245,1,1,1) very rare (1-5)
4175,0.58297807,0.41702193,0,1,1) very rare (1-5)
4176,0.17674215,0.82325786,1,2,1) very rare (1-5)
4177,0.91132915,0.08867085,0,15,2) rare (6-20)
4178,0.02890861,0.9710914,1,21,3) common (21-100)
4179,0.25409108,0.7459089,0,343,4) very common (100+)
4180,0.14958687,0.85041314,1,27,3) common (21-100)
4181,0.12202745,0.87797254,1,1,1) very rare (1-5)
4182,0.0276374,0.9723626,1,1,1) very rare (1-5)
4183,0.19383232,0.80616766,1,0,1) very rare (1-5)
4184,0.28026438,0.7197356,0,237,4) very common (100+)
4185,0.441604,0.558396,0,3,1) very rare (1-5)
4186,0.82326317,0.17673683,0,78,3) common (21-100)
4187,0.5977894,0.4022106,1,118,4) very common (100+)
4188,0.97627014,0.02372986,0,8,2) rare (6-20)
4189,0.8437096,0.15629041,1,343,4) very common (100+)
4190,0.015760507,0.9842395,1,88,3) common (21-100)
4191,0.49391505,0.5060849,1,372,4) very common (100+)
4192,0.3621337,0.63786626,1,261,4) very common (100+)
4193,0.6397337,0.36026633,0,275,4) very common (100+)
4194,0.6678625,0.33213753,0,2,1) very rare (1-5)
4195,0.15197846,0.8480215,1,8,2) rare (6-20)
4196,0.7603817,0.2396183,0,37,3) common (21-100)
4197,0.29471356,0.70528644,0,1,1) very rare (1-5)
4198,0.5403669,0.4596331,1,1070,4) very common (100+)
4199,0.07988279,0.9201172,1,2,1) very rare (1-5)
4200,0.03288213,0.96711785,1,2,1) very rare (1-5)
4201,0.55128336,0.44871664,1,12,2) rare (6-20)
4202,0.98114544,0.018854558,0,85,3) common (21-100)
4203,0.8777074,0.12229258,1,1070,4) very common (100+)
4204,0.28600568,0.7139943,1,15,2) rare (6-20)
4205,0.095753625,0.9042464,1,0,1) very rare (1-5)
4206,0.69843596,0.30156404,0,2,1) very rare (1-5)
4207,0.58498406,0.41501594,0,223,4) very common (100+)
4208,0.82972544,0.17027456,1,268,4) very common (100+)
4209,0.32095987,0.67904013,0,223,4) very common (100+)
4210,0.10025052,0.89974946,1,0,1) very rare (1-5)
4211,0.31830302,0.681697,1,0,1) very rare (1-5)
4212,0.0119674485,0.9880326,1,0,1) very rare (1-5)
4213,0.40595704,0.59404296,1,0,1) very rare (1-5)
4214,0.23708953,0.7629105,1,2,1) very rare (1-5)
4215,0.27450395,0.72549605,1,12,2) rare (6-20)
4216,0.7271975,0.27280247,0,46,3) common (21-100)
4217,0.6097088,0.3902912,0,10,2) rare (6-20)
4218,0.89234614,0.10765386,1,70,3) common (21-100)
4219,0.056066357,0.94393367,1,1,1) very rare (1-5)
4220,0.32999933,0.6700007,1,0,1) very rare (1-5)
4221,0.79226077,0.20773923,1,0,1) very rare (1-5)
4222,0.39378092,0.60621905,0,2,1) very rare (1-5)
4223,0.45703286,0.54296714,0,11,2) rare (6-20)
4224,0.20396733,0.79603267,0,160,4) very common (100+)
4225,0.18906721,0.81093276,1,2,1) very rare (1-5)
4226,0.7110564,0.2889436,0,66,3) common (21-100)
4227,0.22467043,0.7753296,0,16,2) rare (6-20)
4228,0.49912286,0.50087714,1,7,2) rare (6-20)
4229,0.7809553,0.21904469,0,26,3) common (21-100)
4230,0.90454096,0.095459044,0,223,4) very common (100+)
4231,0.21747698,0.78252304,1,1,1) very rare (1-5)
4232,0.14950284,0.8504971,1,0,1) very rare (1-5)
4233,0.9893091,0.0106909275,0,1000,4) very common (100+)
4234,0.037646662,0.96235335,1,0,1) very rare (1-5)
4235,0.041182335,0.95881766,1,1,1) very rare (1-5)
4236,0.29344574,0.7065543,1,58,3) common (21-100)
4237,0.48352036,0.5164796,1,1,1) very rare (1-5)
4238,0.8590726,0.14092737,0,421,4) very common (100+)
4239,0.024080012,0.97591996,1,26,3) common (21-100)
4240,0.5890977,0.41090232,0,1,1) very rare (1-5)
4241,0.22069103,0.779309,1,1,1) very rare (1-5)
4242,0.45436725,0.5456327,0,6,2) rare (6-20)
4243,0.46857753,0.5314225,1,9,2) rare (6-20)
4244,0.28875828,0.7112417,0,421,4) very common (100+)
4245,0.86761504,0.13238496,0,1070,4) very common (100+)
4246,0.24453412,0.75546587,1,28,3) common (21-100)
4247,0.9008388,0.09916121,0,37,3) common (21-100)
4248,0.8532097,0.14679033,1,15,2) rare (6-20)
4249,0.2345842,0.7654158,1,1,1) very rare (1-5)
4250,0.3700101,0.62998986,1,69,3) common (21-100)
4251,0.76686996,0.23313004,1,1,1) very rare (1-5)
4252,0.13624814,0.8637519,1,4,1) very rare (1-5)
4253,0.12334123,0.8766588,0,19,2) rare (6-20)
4254,0.6333148,0.3666852,0,21,3) common (21-100)
4255,0.32296863,0.6770314,1,24,3) common (21-100)
4256,0.6109218,0.3890782,1,7,2) rare (6-20)
4257,0.2685836,0.7314164,1,700,4) very common (100+)
4258,0.40126106,0.5987389,1,0,1) very rare (1-5)
4259,0.96912247,0.03087753,0,52,3) common (21-100)
4260,0.0834142,0.9165858,1,178,4) very common (100+)
4261,0.13758175,0.86241823,1,0,1) very rare (1-5)
4262,0.87885505,0.12114495,1,2,1) very rare (1-5)
4263,0.041242976,0.95875704,1,16,2) rare (6-20)
4264,0.13416725,0.86583275,1,0,1) very rare (1-5)
4265,0.8575339,0.14246613,0,343,4) very common (100+)
4266,0.13767456,0.86232543,1,700,4) very common (100+)
4267,0.93432075,0.06567925,1,0,1) very rare (1-5)
4268,0.07965443,0.92034554,1,78,3) common (21-100)
4269,0.67900723,0.32099277,0,372,4) very common (100+)
4270,0.6506675,0.3493325,0,1070,4) very common (100+)
4271,0.90304273,0.09695727,0,3,1) very rare (1-5)
4272,0.11947162,0.8805284,1,19,2) rare (6-20)
4273,0.053691808,0.9463082,1,0,1) very rare (1-5)
4274,0.46880913,0.5311909,0,3,1) very rare (1-5)
4275,0.60461473,0.39538527,0,34,3) common (21-100)
4276,0.76672935,0.23327065,0,100,3) common (21-100)
4277,0.4915479,0.50845206,1,2,1) very rare (1-5)
4278,0.2007131,0.7992869,1,1,1) very rare (1-5)
4279,0.09121548,0.9087845,1,0,1) very rare (1-5)
4280,0.35752144,0.6424786,1,166,4) very common (100+)
4281,0.30154362,0.6984564,0,4,1) very rare (1-5)
4282,0.4870776,0.5129224,1,261,4) very common (100+)
4283,0.2548933,0.7451067,1,1,1) very rare (1-5)
4284,0.37367943,0.6263206,1,134,4) very common (100+)
4285,0.21646456,0.7835354,1,82,3) common (21-100)
4286,0.31983644,0.68016356,1,2,1) very rare (1-5)
4287,0.6758324,0.3241676,0,60,3) common (21-100)
4288,0.059000354,0.9409996,1,0,1) very rare (1-5)
4289,0.71652406,0.28347594,0,2,1) very rare (1-5)
4290,0.08666065,0.9133394,1,9,2) rare (6-20)
4291,0.82500166,0.17499834,1,0,1) very rare (1-5)
4292,0.21713082,0.78286916,1,4,1) very rare (1-5)
4293,0.29191902,0.708081,1,1,1) very rare (1-5)
4294,0.6465,0.3535,1,4,1) very rare (1-5)
4295,0.9305292,0.06947082,1,8,2) rare (6-20)
4296,0.81985486,0.18014514,0,38,3) common (21-100)
4297,0.36803055,0.63196945,0,22,3) common (21-100)
4298,0.7736729,0.22632712,0,14,2) rare (6-20)
4299,0.46738738,0.5326126,0,43,3) common (21-100)
4300,0.13116232,0.8688377,1,0,1) very rare (1-5)
4301,0.9475928,0.052407205,1,12,2) rare (6-20)
4302,0.043117147,0.95688283,1,0,1) very rare (1-5)
4303,0.64577943,0.35422057,0,12,2) rare (6-20)
4304,0.29119465,0.7088053,1,5,1) very rare (1-5)
4305,0.18037313,0.81962687,1,49,3) common (21-100)
4306,0.6329817,0.36701828,0,1290,4) very common (100+)
4307,0.6802958,0.31970417,0,159,4) very common (100+)
4308,0.07379555,0.92620444,1,1,1) very rare (1-5)
4309,0.55036384,0.44963616,1,274,4) very common (100+)
4310,0.03673895,0.96326107,1,1,1) very rare (1-5)
4311,0.46924195,0.530758,1,1,1) very rare (1-5)
4312,0.8117406,0.18825942,1,268,4) very common (100+)
4313,0.9037092,0.09629083,0,91,3) common (21-100)
4314,0.826148,0.17385203,0,10,2) rare (6-20)
4315,0.9375501,0.062449872,1,14,2) rare (6-20)
4316,0.73634005,0.26365995,0,2,1) very rare (1-5)
4317,0.44221452,0.5577855,0,1290,4) very common (100+)
4318,0.082455166,0.91754484,0,1,1) very rare (1-5)
4319,0.86723095,0.13276905,1,0,1) very rare (1-5)
4320,0.614698,0.385302,0,118,4) very common (100+)
4321,0.64973694,0.35026306,0,700,4) very common (100+)
4322,0.31913328,0.6808667,0,2,1) very rare (1-5)
4323,0.06924855,0.93075144,1,0,1) very rare (1-5)
4324,0.8388681,0.16113192,0,343,4) very common (100+)
4325,0.6724683,0.3275317,1,0,1) very rare (1-5)
4326,0.57684803,0.42315197,1,3,1) very rare (1-5)
4327,0.7826701,0.21732992,0,5,1) very rare (1-5)
4328,0.028773235,0.97122675,1,8,2) rare (6-20)
4329,0.8037023,0.1962977,0,21,3) common (21-100)
4330,0.03488434,0.96511567,0,13,2) rare (6-20)
4331,0.2973045,0.7026955,0,372,4) very common (100+)
4332,0.7371911,0.26280892,0,178,4) very common (100+)
4333,0.5807333,0.4192667,0,2,1) very rare (1-5)
4334,0.97057986,0.029420137,0,1000,4) very common (100+)
4335,0.7255878,0.2744122,1,7,2) rare (6-20)
4336,0.4923352,0.5076648,0,38,3) common (21-100)
4337,0.07654823,0.9234518,0,17,2) rare (6-20)
4338,0.6984862,0.3015138,1,7,2) rare (6-20)
4339,0.66257674,0.33742326,1,76,3) common (21-100)
4340,0.6963633,0.30363673,1,160,4) very common (100+)
4341,0.44291022,0.5570898,1,36,3) common (21-100)
4342,0.8080891,0.19191092,0,421,4) very common (100+)
4343,0.110311374,0.8896886,1,5,1) very rare (1-5)
4344,0.27919087,0.7208091,1,0,1) very rare (1-5)
4345,0.5128542,0.48714578,1,3,1) very rare (1-5)
4346,0.26557833,0.7344217,1,14,2) rare (6-20)
4347,0.037191056,0.96280897,1,19,2) rare (6-20)
4348,0.5804182,0.41958177,0,1,1) very rare (1-5)
4349,0.12705943,0.87294054,1,1,1) very rare (1-5)
4350,0.8668105,0.1331895,1,1,1) very rare (1-5)
4351,0.69081354,0.30918646,0,7,2) rare (6-20)
4352,0.17301984,0.8269802,0,1,1) very rare (1-5)
4353,0.99030566,0.009694338,0,274,4) very common (100+)
4354,0.29155084,0.7084491,1,58,3) common (21-100)
4355,0.57220185,0.42779815,0,237,4) very common (100+)
4356,0.19778629,0.8022137,1,8,2) rare (6-20)
4357,0.11358543,0.8864146,1,0,1) very rare (1-5)
4358,0.38166323,0.6183368,0,275,4) very common (100+)
4359,0.20794104,0.79205894,1,8,2) rare (6-20)
4360,0.58190316,0.41809684,1,0,1) very rare (1-5)
4361,0.29506838,0.7049316,0,0,1) very rare (1-5)
4362,0.34110317,0.6588968,0,24,3) common (21-100)
4363,0.79763883,0.20236117,0,23,3) common (21-100)
4364,0.5568169,0.44318312,1,1290,4) very common (100+)
4365,0.13372013,0.86627984,1,9,2) rare (6-20)
4366,0.9903467,0.00965327,0,71,3) common (21-100)
4367,0.048372302,0.9516277,1,0,1) very rare (1-5)
4368,0.9061203,0.0938797,0,91,3) common (21-100)
4369,0.08049554,0.91950446,0,19,2) rare (6-20)
4370,0.4385597,0.5614403,0,1070,4) very common (100+)
4371,0.7520542,0.24794579,0,13,2) rare (6-20)
4372,0.32007128,0.6799287,1,4,1) very rare (1-5)
4373,0.8667043,0.13329571,0,39,3) common (21-100)
4374,0.1522392,0.8477608,0,118,4) very common (100+)
4375,0.532938,0.467062,1,46,3) common (21-100)
4376,0.77226007,0.22773993,1,1070,4) very common (100+)
4377,0.5478719,0.4521281,1,0,1) very rare (1-5)
4378,0.26522285,0.73477715,0,1,1) very rare (1-5)
4379,0.9945404,0.0054596066,0,89,3) common (21-100)
4380,0.675224,0.324776,0,44,3) common (21-100)
4381,0.6162202,0.38377982,0,343,4) very common (100+)
4382,0.086766884,0.9132331,1,0,1) very rare (1-5)
4383,0.39653423,0.6034658,0,421,4) very common (100+)
4384,0.6002283,0.3997717,0,275,4) very common (100+)
4385,0.28324834,0.7167517,1,1,1) very rare (1-5)
4386,0.6594017,0.3405983,0,343,4) very common (100+)
4387,0.12207026,0.87792975,1,0,1) very rare (1-5)
4388,0.43537834,0.5646217,1,275,4) very common (100+)
4389,0.13856621,0.8614338,1,3,1) very rare (1-5)
4390,0.7356658,0.2643342,0,700,4) very common (100+)
4391,0.76980096,0.23019904,1,1,1) very rare (1-5)
4392,0.6128329,0.3871671,1,268,4) very common (100+)
4393,0.80205667,0.19794333,0,92,3) common (21-100)
4394,0.43619657,0.56380343,0,106,4) very common (100+)
4395,0.038146526,0.9618535,0,1,1) very rare (1-5)
4396,0.6539171,0.34608293,1,146,4) very common (100+)
4397,0.5751747,0.4248253,0,7,2) rare (6-20)
4398,0.7930474,0.20695257,0,261,4) very common (100+)
4399,0.8248636,0.17513639,1,21,3) common (21-100)
4400,0.8071322,0.19286782,0,46,3) common (21-100)
4401,0.97374886,0.026251137,0,1000,4) very common (100+)
4402,0.70286,0.29714,0,30,3) common (21-100)
4403,0.3044552,0.69554484,0,160,4) very common (100+)
4404,0.5588037,0.44119632,1,27,3) common (21-100)
4405,0.30980718,0.6901928,1,0,1) very rare (1-5)
4406,0.62953115,0.37046885,1,107,4) very common (100+)
4407,0.816149,0.183851,1,25,3) common (21-100)
4408,0.120641865,0.8793581,1,0,1) very rare (1-5)
4409,0.57997894,0.42002106,0,700,4) very common (100+)
4410,0.56141704,0.43858296,0,30,3) common (21-100)
4411,0.510969,0.48903102,0,1,1) very rare (1-5)
4412,0.6742592,0.3257408,0,12,2) rare (6-20)
4413,0.6481133,0.3518867,0,6,2) rare (6-20)
4414,0.9711775,0.028822482,0,274,4) very common (100+)
4415,0.4467573,0.5532427,1,0,1) very rare (1-5)
4416,0.61310697,0.38689303,1,105,4) very common (100+)
4417,0.522658,0.477342,0,100,3) common (21-100)
4418,0.33608878,0.6639112,0,4,1) very rare (1-5)
4419,0.043572634,0.95642734,0,3,1) very rare (1-5)
4420,0.78798044,0.21201956,0,5,1) very rare (1-5)
4421,0.96471757,0.035282433,0,89,3) common (21-100)
4422,0.120813735,0.8791863,1,2,1) very rare (1-5)
4423,0.8205869,0.17941308,0,146,4) very common (100+)
4424,0.6756632,0.32433683,0,700,4) very common (100+)
4425,0.1523985,0.84760153,1,1,1) very rare (1-5)
4426,0.42328548,0.5767145,1,0,1) very rare (1-5)
4427,0.64151657,0.35848343,1,1,1) very rare (1-5)
4428,0.370247,0.629753,0,1,1) very rare (1-5)
4429,0.6221606,0.3778394,1,372,4) very common (100+)
4430,0.042654566,0.9573454,1,30,3) common (21-100)
4431,0.052231487,0.9477685,0,23,3) common (21-100)
4432,0.01510226,0.98489773,1,6,2) rare (6-20)
4433,0.98058987,0.019410133,0,25,3) common (21-100)
4434,0.36099666,0.63900334,1,134,4) very common (100+)
4435,0.65589124,0.34410876,0,108,4) very common (100+)
4436,0.08176747,0.91823256,1,41,3) common (21-100)
4437,0.17069197,0.82930803,1,1070,4) very common (100+)
4438,0.47035024,0.52964973,1,3,1) very rare (1-5)
4439,0.9381562,0.061843812,0,71,3) common (21-100)
4440,0.38704288,0.6129571,1,223,4) very common (100+)
4441,0.25385892,0.7461411,1,160,4) very common (100+)
4442,0.32916388,0.6708361,1,121,4) very common (100+)
4443,0.0605431,0.9394569,1,5,1) very rare (1-5)
4444,0.0771675,0.9228325,1,20,2) rare (6-20)
4445,0.6990439,0.30095607,1,1290,4) very common (100+)
4446,0.842024,0.15797597,0,223,4) very common (100+)
4447,0.12114883,0.8788512,1,1,1) very rare (1-5)
4448,0.6507659,0.3492341,0,1070,4) very common (100+)
4449,0.10639643,0.89360356,1,0,1) very rare (1-5)
4450,0.2613723,0.7386277,1,2,1) very rare (1-5)
4451,0.9937423,0.006257713,0,1000,4) very common (100+)
4452,0.8201292,0.17987078,0,1070,4) very common (100+)
4453,0.6880128,0.31198722,0,134,4) very common (100+)
4454,0.33838603,0.66161394,1,2,1) very rare (1-5)
4455,0.15763511,0.8423649,1,28,3) common (21-100)
4456,0.47662058,0.52337945,1,0,1) very rare (1-5)
4457,0.9862949,0.013705075,0,118,4) very common (100+)
4458,0.47739634,0.52260363,0,105,4) very common (100+)
4459,0.22066545,0.77933455,1,33,3) common (21-100)
4460,0.89885527,0.10114473,1,261,4) very common (100+)
4461,0.4389446,0.5610554,1,6,2) rare (6-20)
4462,0.84196615,0.15803385,0,90,3) common (21-100)
4463,0.050386198,0.9496138,1,45,3) common (21-100)
4464,0.04233075,0.95766926,1,4,1) very rare (1-5)
4465,0.23917133,0.7608287,0,3,1) very rare (1-5)
4466,0.59261423,0.40738577,0,1070,4) very common (100+)
4467,0.9405127,0.059487283,0,0,1) very rare (1-5)
4468,0.3182911,0.68170893,0,60,3) common (21-100)
4469,0.1850774,0.8149226,1,0,1) very rare (1-5)
4470,0.89490914,0.10509086,0,118,4) very common (100+)
4471,0.32445925,0.67554075,0,0,1) very rare (1-5)
4472,0.2125004,0.7874996,1,0,1) very rare (1-5)
4473,0.6231201,0.37687987,0,30,3) common (21-100)
4474,0.35264444,0.64735556,0,1290,4) very common (100+)
4475,0.9609229,0.039077103,0,99,3) common (21-100)
4476,0.98929507,0.010704935,0,89,3) common (21-100)
4477,0.24956015,0.7504399,1,1,1) very rare (1-5)
4478,0.8613724,0.13862759,0,2,1) very rare (1-5)
4479,0.1951671,0.80483294,1,0,1) very rare (1-5)
4480,0.72635686,0.27364314,0,89,3) common (21-100)
4481,0.69547737,0.30452263,0,343,4) very common (100+)
4482,0.8504944,0.14950562,0,60,3) common (21-100)
4483,0.41966677,0.58033323,1,12,2) rare (6-20)
4484,0.30029368,0.6997063,1,24,3) common (21-100)
4485,0.58291304,0.41708696,0,1070,4) very common (100+)
4486,0.050510783,0.94948924,1,0,1) very rare (1-5)
4487,0.2659131,0.7340869,1,91,3) common (21-100)
4488,0.7647494,0.23525059,0,343,4) very common (100+)
4489,0.443287,0.556713,1,16,2) rare (6-20)
4490,0.04540674,0.95459324,1,2,1) very rare (1-5)
4491,0.8533883,0.14661169,0,1070,4) very common (100+)
4492,0.64538324,0.35461676,0,1000,4) very common (100+)
4493,0.43633834,0.5636617,0,268,4) very common (100+)
4494,0.26934835,0.7306516,1,0,1) very rare (1-5)
4495,0.13672769,0.8632723,1,1,1) very rare (1-5)
4496,0.83446926,0.16553074,0,178,4) very common (100+)
4497,0.07853178,0.9214682,1,0,1) very rare (1-5)
4498,0.25799894,0.74200106,0,700,4) very common (100+)
4499,0.11125836,0.8887416,1,1,1) very rare (1-5)
4500,0.28994545,0.7100545,1,2,1) very rare (1-5)
4501,0.53339857,0.46660143,1,5,1) very rare (1-5)
4502,0.8959848,0.10401517,0,36,3) common (21-100)
4503,0.22581562,0.77418435,1,1,1) very rare (1-5)
4504,0.24939261,0.7506074,1,0,1) very rare (1-5)
4505,0.6242268,0.3757732,1,268,4) very common (100+)
4506,0.3424879,0.65751207,0,107,4) very common (100+)
4507,0.6287713,0.3712287,1,0,1) very rare (1-5)
4508,0.6310154,0.36898458,0,159,4) very common (100+)
4509,0.23446457,0.7655354,0,1,1) very rare (1-5)
4510,0.4896294,0.5103706,1,2,1) very rare (1-5)
4511,0.43568385,0.56431615,0,33,3) common (21-100)
4512,0.099190414,0.9008096,0,3,1) very rare (1-5)
4513,0.61288154,0.38711846,0,78,3) common (21-100)
4514,0.07044363,0.92955637,1,1,1) very rare (1-5)
4515,0.43290552,0.56709445,0,24,3) common (21-100)
4516,0.13282435,0.86717564,1,20,2) rare (6-20)
4517,0.39481324,0.60518676,1,69,3) common (21-100)
4518,0.30920312,0.69079685,0,118,4) very common (100+)
4519,0.9181828,0.08181721,0,421,4) very common (100+)
4520,0.12544613,0.87455386,1,76,3) common (21-100)
4521,0.21314006,0.7868599,0,36,3) common (21-100)
4522,0.7773733,0.22262669,0,142,4) very common (100+)
4523,0.8724674,0.1275326,1,5,1) very rare (1-5)
4524,0.8026274,0.19737262,0,1070,4) very common (100+)
4525,0.44281307,0.55718696,1,3,1) very rare (1-5)
4526,0.22961345,0.7703866,1,58,3) common (21-100)
4527,0.1303182,0.86968184,1,2,1) very rare (1-5)
4528,0.3376612,0.6623388,0,38,3) common (21-100)
4529,0.80886644,0.19113356,0,421,4) very common (100+)
4530,0.30420655,0.69579345,0,17,2) rare (6-20)
4531,0.03519181,0.96480817,1,8,2) rare (6-20)
4532,0.44130918,0.5586908,1,3,1) very rare (1-5)
4533,0.66521424,0.33478576,1,1,1) very rare (1-5)
4534,0.37960124,0.62039876,1,1290,4) very common (100+)
4535,0.17103405,0.82896596,1,23,3) common (21-100)
4536,0.7202525,0.2797475,0,372,4) very common (100+)
4537,0.44324225,0.55675775,1,29,3) common (21-100)
4538,0.03981319,0.96018684,1,2,1) very rare (1-5)
4539,0.7425396,0.25746042,1,5,1) very rare (1-5)
4540,0.8955209,0.104479074,1,160,4) very common (100+)
4541,0.4414783,0.5585217,0,0,1) very rare (1-5)
4542,0.54262674,0.45737326,1,6,2) rare (6-20)
4543,0.15399873,0.84600127,0,16,2) rare (6-20)
4544,0.101257846,0.89874214,1,3,1) very rare (1-5)
4545,0.56230223,0.43769777,1,89,3) common (21-100)
4546,0.8526858,0.14731419,0,1000,4) very common (100+)
4547,0.4019627,0.5980373,0,58,3) common (21-100)
4548,0.27902532,0.7209747,0,28,3) common (21-100)
4549,0.88079536,0.11920464,1,5,1) very rare (1-5)
4550,0.1357493,0.8642507,0,421,4) very common (100+)
4551,0.28075603,0.719244,0,26,3) common (21-100)
4552,0.8684241,0.13157588,1,1,1) very rare (1-5)
4553,0.73869663,0.26130337,1,160,4) very common (100+)
4554,0.546239,0.45376098,1,118,4) very common (100+)
4555,0.66396827,0.33603173,1,1290,4) very common (100+)
4556,0.93781996,0.062180042,0,1000,4) very common (100+)
4557,0.024830455,0.97516954,1,10,2) rare (6-20)
4558,0.8441011,0.15589893,0,99,3) common (21-100)
4559,0.70710874,0.29289126,0,1290,4) very common (100+)
4560,0.7339955,0.2660045,0,1070,4) very common (100+)
4561,0.7567947,0.24320531,0,1070,4) very common (100+)
4562,0.49355483,0.50644517,0,134,4) very common (100+)
4563,0.9643846,0.035615385,0,142,4) very common (100+)
4564,0.78256446,0.21743554,1,70,3) common (21-100)
4565,0.35305357,0.64694643,0,85,3) common (21-100)
4566,0.39054194,0.6094581,1,1070,4) very common (100+)
4567,0.27297258,0.7270274,1,1,1) very rare (1-5)
4568,0.95128757,0.048712432,0,1000,4) very common (100+)
4569,0.03497132,0.9650287,1,6,2) rare (6-20)
4570,0.15315358,0.8468464,1,0,1) very rare (1-5)
4571,0.7025676,0.29743242,1,1290,4) very common (100+)
4572,0.7441801,0.25581992,0,5,1) very rare (1-5)
4573,0.57449293,0.42550707,0,1290,4) very common (100+)
4574,0.36235535,0.63764465,0,275,4) very common (100+)
4575,0.20042528,0.79957473,1,14,2) rare (6-20)
4576,0.38497064,0.61502934,0,146,4) very common (100+)
4577,0.13900848,0.86099154,0,1,1) very rare (1-5)
4578,0.47151658,0.5284834,1,8,2) rare (6-20)
4579,0.76109713,0.23890287,0,3,1) very rare (1-5)
4580,0.5958613,0.40413868,1,1070,4) very common (100+)
4581,0.3271822,0.6728178,0,223,4) very common (100+)
4582,0.30175996,0.69824004,0,1,1) very rare (1-5)
4583,0.80923337,0.19076663,0,108,4) very common (100+)
4584,0.47915113,0.5208489,1,3,1) very rare (1-5)
4585,0.29087865,0.70912135,0,159,4) very common (100+)
4586,0.36037686,0.63962317,0,275,4) very common (100+)
4587,0.051115394,0.9488846,1,5,1) very rare (1-5)
4588,0.055820752,0.94417924,1,1,1) very rare (1-5)
4589,0.50930744,0.49069256,0,66,3) common (21-100)
4590,0.44698715,0.55301285,1,1070,4) very common (100+)
4591,0.49048036,0.50951964,1,107,4) very common (100+)
4592,0.29207206,0.70792794,0,2,1) very rare (1-5)
4593,0.83811146,0.16188854,1,1070,4) very common (100+)
4594,0.19022456,0.8097755,1,91,3) common (21-100)
4595,0.9163936,0.08360642,0,66,3) common (21-100)
4596,0.87669915,0.12330085,1,3,1) very rare (1-5)
4597,0.47766384,0.5223361,0,0,1) very rare (1-5)
4598,0.9185359,0.08146411,1,111,4) very common (100+)
4599,0.8638841,0.13611591,0,700,4) very common (100+)
4600,0.5174351,0.48256493,0,46,3) common (21-100)
4601,0.99233,0.0076699853,0,211,4) very common (100+)
4602,0.027503416,0.97249657,1,1,1) very rare (1-5)
4603,0.07062798,0.929372,1,0,1) very rare (1-5)
4604,0.1340832,0.8659168,1,26,3) common (21-100)
4605,0.16176416,0.83823586,1,13,2) rare (6-20)
4606,0.20242846,0.79757154,0,274,4) very common (100+)
4607,0.16721155,0.83278847,1,24,3) common (21-100)
4608,0.6964946,0.30350542,0,1070,4) very common (100+)
4609,0.26689744,0.73310256,1,44,3) common (21-100)
4610,0.52822506,0.47177494,0,166,4) very common (100+)
4611,0.2629628,0.7370372,0,47,3) common (21-100)
4612,0.13143998,0.86856,1,0,1) very rare (1-5)
4613,0.058564812,0.9414352,1,3,1) very rare (1-5)
4614,0.6971329,0.3028671,0,10,2) rare (6-20)
4615,0.63189095,0.36810905,1,1,1) very rare (1-5)
4616,0.38881963,0.61118037,1,0,1) very rare (1-5)
4617,0.42335162,0.57664835,0,28,3) common (21-100)
4618,0.12486709,0.8751329,1,1,1) very rare (1-5)
4619,0.6874756,0.31252438,0,166,4) very common (100+)
4620,0.049753107,0.9502469,1,3,1) very rare (1-5)
4621,0.31584376,0.68415624,0,100,3) common (21-100)
4622,0.35179365,0.64820635,1,7,2) rare (6-20)
4623,0.45015636,0.54984367,0,12,2) rare (6-20)
4624,0.1387267,0.8612733,0,15,2) rare (6-20)
4625,0.61746496,0.38253504,0,1070,4) very common (100+)
4626,0.0754188,0.92458117,0,1,1) very rare (1-5)
4627,0.66187936,0.33812064,0,26,3) common (21-100)
4628,0.94933707,0.050662935,1,12,2) rare (6-20)
4629,0.24877062,0.7512294,1,2,1) very rare (1-5)
4630,0.3844561,0.6155439,0,4,1) very rare (1-5)
4631,0.5074524,0.49254757,1,51,3) common (21-100)
4632,0.80403,0.19597,0,160,4) very common (100+)
4633,0.8837444,0.11625558,0,6,2) rare (6-20)
4634,0.75906736,0.24093264,0,6,2) rare (6-20)
4635,0.79304206,0.20695794,0,1000,4) very common (100+)
4636,0.925005,0.07499498,0,105,4) very common (100+)
4637,0.6798741,0.32012588,1,1000,4) very common (100+)
4638,0.65545154,0.34454846,0,123,4) very common (100+)
4639,0.07033021,0.9296698,1,0,1) very rare (1-5)
4640,0.15969321,0.84030676,1,15,2) rare (6-20)
4641,0.20097403,0.79902595,1,0,1) very rare (1-5)
4642,0.9868711,0.013128877,0,1000,4) very common (100+)
4643,0.15263377,0.8473662,1,99,3) common (21-100)
4644,0.6089367,0.39106327,1,0,1) very rare (1-5)
4645,0.1253601,0.87463987,1,0,1) very rare (1-5)
4646,0.88682765,0.11317235,0,15,2) rare (6-20)
4647,0.6030391,0.3969609,0,89,3) common (21-100)
4648,0.51367855,0.48632145,1,28,3) common (21-100)
4649,0.5670041,0.43299592,0,261,4) very common (100+)
4650,0.07037881,0.9296212,1,0,1) very rare (1-5)
4651,0.41417852,0.5858215,0,4,1) very rare (1-5)
4652,0.43245843,0.5675416,1,89,3) common (21-100)
4653,0.570503,0.429497,1,40,3) common (21-100)
4654,0.027914936,0.97208506,1,5,1) very rare (1-5)
4655,0.7666985,0.23330152,1,1,1) very rare (1-5)
4656,0.9494514,0.050548613,0,700,4) very common (100+)
4657,0.67030084,0.32969916,0,100,3) common (21-100)
4658,0.1393749,0.8606251,1,0,1) very rare (1-5)
4659,0.14466836,0.85533166,1,2,1) very rare (1-5)
4660,0.12344103,0.87655896,1,261,4) very common (100+)
4661,0.048042018,0.951958,1,1,1) very rare (1-5)
4662,0.18387282,0.8161272,1,0,1) very rare (1-5)
4663,0.56091154,0.43908846,0,0,1) very rare (1-5)
4664,0.0639491,0.9360509,1,0,1) very rare (1-5)
4665,0.21284014,0.78715986,1,4,1) very rare (1-5)
4666,0.04774649,0.9522535,1,372,4) very common (100+)
4667,0.48689738,0.51310265,1,118,4) very common (100+)
4668,0.4855878,0.51441216,0,2,1) very rare (1-5)
4669,0.28080297,0.71919703,1,1,1) very rare (1-5)
4670,0.93863374,0.06136626,1,27,3) common (21-100)
4671,0.95723486,0.04276514,0,99,3) common (21-100)
4672,0.9465567,0.053443313,0,102,4) very common (100+)
4673,0.44505104,0.5549489,0,60,3) common (21-100)
4674,0.5548993,0.44510072,0,134,4) very common (100+)
4675,0.49960408,0.5003959,0,105,4) very common (100+)
4676,0.5354969,0.4645031,1,18,2) rare (6-20)
4677,0.9279422,0.07205778,0,25,3) common (21-100)
4678,0.02545082,0.9745492,1,2,1) very rare (1-5)
4679,0.81244475,0.18755525,0,105,4) very common (100+)
4680,0.12828667,0.87171334,1,2,1) very rare (1-5)
4681,0.4746977,0.5253023,0,142,4) very common (100+)
4682,0.6308788,0.3691212,0,5,1) very rare (1-5)
4683,0.2548447,0.74515533,1,5,1) very rare (1-5)
4684,0.4061473,0.5938527,1,9,2) rare (6-20)
4685,0.84712964,0.15287036,1,1290,4) very common (100+)
4686,0.21173586,0.78826416,0,178,4) very common (100+)
4687,0.06721283,0.9327872,1,142,4) very common (100+)
4688,0.14478666,0.85521334,0,0,1) very rare (1-5)
4689,0.74943733,0.25056267,0,178,4) very common (100+)
4690,0.20236541,0.7976346,0,28,3) common (21-100)
4691,0.79597497,0.20402503,0,15,2) rare (6-20)
4692,0.59984493,0.40015507,1,1290,4) very common (100+)
4693,0.07301858,0.92698145,1,66,3) common (21-100)
4694,0.20555262,0.79444736,1,2,1) very rare (1-5)
4695,0.5977947,0.4022053,0,1290,4) very common (100+)
4696,0.649441,0.350559,1,0,1) very rare (1-5)
4697,0.6022246,0.3977754,1,1,1) very rare (1-5)
4698,0.19798878,0.80201125,0,79,3) common (21-100)
4699,0.14394659,0.8560534,1,41,3) common (21-100)
4700,0.6961028,0.3038972,0,166,4) very common (100+)
4701,0.8313367,0.16866332,1,1,1) very rare (1-5)
4702,0.847223,0.15277702,1,118,4) very common (100+)
4703,0.9846994,0.015300572,0,1000,4) very common (100+)
4704,0.34488335,0.6551167,0,18,2) rare (6-20)
4705,0.36008835,0.63991165,1,15,2) rare (6-20)
4706,0.45467952,0.5453205,1,0,1) very rare (1-5)
4707,0.77558875,0.22441125,1,0,1) very rare (1-5)
4708,0.041854173,0.95814586,1,70,3) common (21-100)
4709,0.14180095,0.85819906,1,1,1) very rare (1-5)
4710,0.89974743,0.10025257,0,17,2) rare (6-20)
4711,0.85066754,0.14933246,1,23,3) common (21-100)
4712,0.45836753,0.5416325,0,275,4) very common (100+)
4713,0.19183555,0.8081645,1,4,1) very rare (1-5)
4714,0.378581,0.621419,1,3,1) very rare (1-5)
4715,0.9809021,0.019097924,0,118,4) very common (100+)
4716,0.30944604,0.69055396,1,0,1) very rare (1-5)
4717,0.628829,0.371171,0,21,3) common (21-100)
4718,0.29783618,0.7021638,1,24,3) common (21-100)
4719,0.9822234,0.017776608,0,237,4) very common (100+)
4720,0.09436305,0.90563697,1,0,1) very rare (1-5)
4721,0.9929369,0.007063091,0,1000,4) very common (100+)
4722,0.22338115,0.77661884,1,7,2) rare (6-20)
4723,0.12615393,0.87384605,0,1,1) very rare (1-5)
4724,0.21931286,0.78068715,0,5,1) very rare (1-5)
4725,0.57480264,0.42519736,1,11,2) rare (6-20)
4726,0.10894973,0.8910503,1,66,3) common (21-100)
4727,0.5012941,0.49870592,0,65,3) common (21-100)
4728,0.8215096,0.1784904,0,2,1) very rare (1-5)
4729,0.59149855,0.40850145,0,66,3) common (21-100)
4730,0.44751725,0.5524827,1,70,3) common (21-100)
4731,0.4982796,0.5017204,1,10,2) rare (6-20)
4732,0.9551045,0.04489553,0,89,3) common (21-100)
4733,0.53038853,0.46961147,0,7,2) rare (6-20)
4734,0.84483147,0.15516853,0,182,4) very common (100+)
4735,0.2057341,0.79426587,1,5,1) very rare (1-5)
4736,0.53828025,0.46171975,1,0,1) very rare (1-5)
4737,0.15309997,0.84690005,1,124,4) very common (100+)
4738,0.5864223,0.41357768,1,1,1) very rare (1-5)
4739,0.26763844,0.73236156,1,0,1) very rare (1-5)
4740,0.1732538,0.8267462,0,22,3) common (21-100)
4741,0.11346094,0.88653904,1,4,1) very rare (1-5)
4742,0.28821912,0.7117809,0,34,3) common (21-100)
4743,0.7194774,0.28052258,1,17,2) rare (6-20)
4744,0.17217268,0.82782733,0,0,1) very rare (1-5)
4745,0.05658206,0.94341797,1,0,1) very rare (1-5)
4746,0.34179404,0.658206,1,146,4) very common (100+)
4747,0.1774557,0.82254434,1,0,1) very rare (1-5)
4748,0.96192807,0.03807193,0,18,2) rare (6-20)
4749,0.4584264,0.54157364,0,15,2) rare (6-20)
4750,0.4832012,0.5167988,0,1070,4) very common (100+)
4751,0.6156135,0.38438648,1,1,1) very rare (1-5)
4752,0.82269615,0.17730385,0,1070,4) very common (100+)
4753,0.42172018,0.57827985,0,56,3) common (21-100)
4754,0.6088873,0.3911127,0,5,1) very rare (1-5)
4755,0.7391346,0.2608654,0,275,4) very common (100+)
4756,0.493532,0.506468,0,105,4) very common (100+)
4757,0.21351963,0.78648037,1,0,1) very rare (1-5)
4758,0.3135247,0.6864753,1,0,1) very rare (1-5)
4759,0.1662826,0.8337174,1,0,1) very rare (1-5)
4760,0.31011334,0.6898867,1,123,4) very common (100+)
4761,0.48954797,0.51045203,1,62,3) common (21-100)
4762,0.044795994,0.955204,1,0,1) very rare (1-5)
4763,0.12267196,0.87732804,1,3,1) very rare (1-5)
4764,0.74755234,0.25244766,0,372,4) very common (100+)
4765,0.47878313,0.52121687,1,58,3) common (21-100)
4766,0.78021634,0.21978366,0,105,4) very common (100+)
4767,0.18543087,0.8145691,1,70,3) common (21-100)
4768,0.24878591,0.7512141,1,0,1) very rare (1-5)
4769,0.11551877,0.88448125,0,13,2) rare (6-20)
4770,0.056290127,0.94370985,1,0,1) very rare (1-5)
4771,0.2043431,0.7956569,1,27,3) common (21-100)
4772,0.18458906,0.815411,1,4,1) very rare (1-5)
4773,0.47655848,0.52344155,1,107,4) very common (100+)
4774,0.9539197,0.04608029,0,99,3) common (21-100)
4775,0.9040065,0.09599352,0,274,4) very common (100+)
4776,0.8686558,0.1313442,0,10,2) rare (6-20)
4777,0.7548468,0.24515319,0,5,1) very rare (1-5)
4778,0.8282981,0.17170191,0,111,4) very common (100+)
4779,0.42736635,0.5726336,0,1,1) very rare (1-5)
4780,0.28284395,0.71715605,1,1,1) very rare (1-5)
4781,0.83840984,0.16159016,0,421,4) very common (100+)
4782,0.8335127,0.16648728,1,52,3) common (21-100)
4783,0.13360824,0.8663918,1,0,1) very rare (1-5)
4784,0.96710783,0.032892168,0,39,3) common (21-100)
4785,0.08090843,0.9190916,1,2,1) very rare (1-5)
4786,0.44262278,0.5573772,1,268,4) very common (100+)
4787,0.9184576,0.08154237,0,1000,4) very common (100+)
4788,0.6854298,0.3145702,1,35,3) common (21-100)
4789,0.88740546,0.112594545,0,91,3) common (21-100)
4790,0.2112811,0.7887189,0,0,1) very rare (1-5)
4791,0.49450898,0.505491,1,30,3) common (21-100)
4792,0.052161373,0.9478386,1,3,1) very rare (1-5)
4793,0.6621448,0.33785522,0,166,4) very common (100+)
4794,0.8706879,0.1293121,0,82,3) common (21-100)
4795,0.94515043,0.054849565,1,66,3) common (21-100)
4796,0.6912613,0.3087387,0,237,4) very common (100+)
4797,0.43543833,0.56456167,0,13,2) rare (6-20)
4798,0.6439144,0.3560856,0,12,2) rare (6-20)
4799,0.85357636,0.14642364,0,3,1) very rare (1-5)
4800,0.15270619,0.8472938,0,1290,4) very common (100+)
4801,0.19795066,0.80204934,1,3,1) very rare (1-5)
4802,0.51673764,0.48326236,1,160,4) very common (100+)
4803,0.5944076,0.40559238,0,7,2) rare (6-20)
4804,0.032585926,0.9674141,1,0,1) very rare (1-5)
4805,0.73239267,0.26760733,0,24,3) common (21-100)
4806,0.63767755,0.36232245,1,35,3) common (21-100)
4807,0.14372727,0.8562727,1,3,1) very rare (1-5)
4808,0.2938948,0.70610523,0,15,2) rare (6-20)
4809,0.99362165,0.0063783526,0,211,4) very common (100+)
4810,0.54326946,0.45673054,1,0,1) very rare (1-5)
4811,0.07115855,0.9288415,0,71,3) common (21-100)
4812,0.69242084,0.30757916,1,0,1) very rare (1-5)
4813,0.38096747,0.6190325,0,178,4) very common (100+)
4814,0.15117034,0.8488296,1,2,1) very rare (1-5)
4815,0.32382864,0.67617136,0,3,1) very rare (1-5)
4816,0.3372171,0.6627829,1,118,4) very common (100+)
4817,0.09827616,0.90172386,1,0,1) very rare (1-5)
4818,0.620732,0.379268,0,19,2) rare (6-20)
4819,0.23893826,0.7610617,1,0,1) very rare (1-5)
4820,0.3643798,0.63562024,1,30,3) common (21-100)
4821,0.24367884,0.7563212,1,0,1) very rare (1-5)
4822,0.41089275,0.5891073,1,66,3) common (21-100)
4823,0.79990435,0.20009565,0,4,1) very rare (1-5)
4824,0.32830065,0.67169935,1,275,4) very common (100+)
4825,0.3049612,0.6950388,1,38,3) common (21-100)
4826,0.9828928,0.017107189,1,16,2) rare (6-20)
4827,0.35716134,0.64283866,1,2,1) very rare (1-5)
4828,0.24868241,0.7513176,1,421,4) very common (100+)
4829,0.17363316,0.82636684,1,3,1) very rare (1-5)
4830,0.95474756,0.045252442,0,8,2) rare (6-20)
4831,0.45124057,0.54875946,0,4,1) very rare (1-5)
4832,0.18543123,0.81456876,1,118,4) very common (100+)
4833,0.39348638,0.6065136,0,2,1) very rare (1-5)
4834,0.8405776,0.1594224,1,0,1) very rare (1-5)
4835,0.9963272,0.0036727786,0,274,4) very common (100+)
4836,0.60115194,0.39884806,0,39,3) common (21-100)
4837,0.05888635,0.94111365,1,0,1) very rare (1-5)
4838,0.90768224,0.09231776,1,0,1) very rare (1-5)
4839,0.16104962,0.8389504,0,0,1) very rare (1-5)
4840,0.44033334,0.55966663,0,18,2) rare (6-20)
4841,0.24349996,0.7565,1,0,1) very rare (1-5)
4842,0.95090216,0.049097836,0,142,4) very common (100+)
4843,0.9812462,0.018753827,0,1000,4) very common (100+)
4844,0.7032643,0.2967357,0,78,3) common (21-100)
4845,0.1341512,0.8658488,1,8,2) rare (6-20)
4846,0.11914518,0.88085485,0,0,1) very rare (1-5)
4847,0.62054473,0.37945527,0,10,2) rare (6-20)
4848,0.41419533,0.5858047,0,16,2) rare (6-20)
4849,0.06681297,0.933187,1,8,2) rare (6-20)
4850,0.9372964,0.06270361,1,0,1) very rare (1-5)
4851,0.236616,0.763384,1,9,2) rare (6-20)
4852,0.5384616,0.46153837,0,1290,4) very common (100+)
4853,0.6092433,0.39075673,0,81,3) common (21-100)
4854,0.10723435,0.89276564,1,2,1) very rare (1-5)
4855,0.8590573,0.1409427,0,1000,4) very common (100+)
4856,0.06899062,0.9310094,0,41,3) common (21-100)
4857,0.60270494,0.39729506,1,1070,4) very common (100+)
4858,0.42190444,0.57809556,0,44,3) common (21-100)
4859,0.9965688,0.003431201,0,211,4) very common (100+)
4860,0.25756022,0.74243975,0,36,3) common (21-100)
4861,0.84978014,0.15021986,1,268,4) very common (100+)
4862,0.09321919,0.90678084,1,0,1) very rare (1-5)
4863,0.49191922,0.5080808,1,0,1) very rare (1-5)
4864,0.028990475,0.97100955,1,0,1) very rare (1-5)
4865,0.49147388,0.5085261,1,0,1) very rare (1-5)
4866,0.14444903,0.855551,1,19,2) rare (6-20)
4867,0.41058835,0.5894116,0,2,1) very rare (1-5)
4868,0.77850324,0.22149676,1,1,1) very rare (1-5)
4869,0.36182216,0.6381779,1,16,2) rare (6-20)
4870,0.40419033,0.5958097,0,41,3) common (21-100)
4871,0.74357414,0.25642586,0,268,4) very common (100+)
4872,0.7951947,0.20480531,0,134,4) very common (100+)
4873,0.30939445,0.6906055,1,0,1) very rare (1-5)
4874,0.46283293,0.5371671,0,29,3) common (21-100)
4875,0.53746444,0.46253556,1,15,2) rare (6-20)
4876,0.7970678,0.20293218,0,134,4) very common (100+)
4877,0.21606071,0.7839393,0,56,3) common (21-100)
4878,0.30981496,0.69018507,1,1070,4) very common (100+)
4879,0.74356365,0.25643635,1,0,1) very rare (1-5)
4880,0.62253183,0.37746817,1,19,2) rare (6-20)
4881,0.07030971,0.9296903,0,7,2) rare (6-20)
4882,0.47564518,0.5243548,1,28,3) common (21-100)
4883,0.14516611,0.8548339,1,343,4) very common (100+)
4884,0.3845855,0.6154145,1,0,1) very rare (1-5)
4885,0.94455415,0.05544585,0,37,3) common (21-100)
4886,0.30180252,0.6981975,1,106,4) very common (100+)
4887,0.15062556,0.8493744,1,142,4) very common (100+)
4888,0.97049093,0.029509068,0,89,3) common (21-100)
4889,0.22626922,0.77373075,0,7,2) rare (6-20)
4890,0.046843193,0.9531568,1,0,1) very rare (1-5)
4891,0.19586483,0.8041352,1,3,1) very rare (1-5)
4892,0.89040357,0.10959643,0,1000,4) very common (100+)
4893,0.046834692,0.9531653,1,0,1) very rare (1-5)
4894,0.031583726,0.9684163,1,1,1) very rare (1-5)
4895,0.40255857,0.59744143,1,343,4) very common (100+)
4896,0.7079226,0.29207742,0,2,1) very rare (1-5)
4897,0.87249035,0.12750965,1,146,4) very common (100+)
4898,0.18850392,0.8114961,0,4,1) very rare (1-5)
4899,0.8327866,0.16721338,0,92,3) common (21-100)
4900,0.9386725,0.061327517,0,22,3) common (21-100)
4901,0.68203586,0.31796414,0,146,4) very common (100+)
4902,0.015117667,0.98488235,1,4,1) very rare (1-5)
4903,0.971537,0.028463006,0,211,4) very common (100+)
4904,0.88047624,0.11952376,0,223,4) very common (100+)
4905,0.9721754,0.02782458,0,10,2) rare (6-20)
4906,0.34412962,0.6558704,1,107,4) very common (100+)
4907,0.31560805,0.684392,0,0,1) very rare (1-5)
4908,0.71591264,0.28408736,0,78,3) common (21-100)
4909,0.63507205,0.36492795,1,28,3) common (21-100)
4910,0.23126125,0.76873875,0,105,4) very common (100+)
4911,0.77386874,0.22613126,1,2,1) very rare (1-5)
4912,0.56195956,0.43804044,1,1070,4) very common (100+)
4913,0.036811214,0.96318877,1,16,2) rare (6-20)
4914,0.19920073,0.80079925,1,0,1) very rare (1-5)
4915,0.87277764,0.12722236,1,261,4) very common (100+)
4916,0.31565607,0.68434393,0,1070,4) very common (100+)
4917,0.7245641,0.27543592,0,105,4) very common (100+)
4918,0.483388,0.516612,0,58,3) common (21-100)
4919,0.9879897,0.012010276,0,1000,4) very common (100+)
4920,0.16112112,0.83887887,1,0,1) very rare (1-5)
4921,0.67807347,0.32192653,0,8,2) rare (6-20)
4922,0.9733941,0.026605904,0,39,3) common (21-100)
4923,0.6802166,0.3197834,0,3,1) very rare (1-5)
4924,0.13361403,0.86638594,1,118,4) very common (100+)
4925,0.4538543,0.5461457,0,89,3) common (21-100)
4926,0.6472311,0.3527689,1,11,2) rare (6-20)
4927,0.41856468,0.5814353,1,1290,4) very common (100+)
4928,0.5266977,0.4733023,1,0,1) very rare (1-5)
4929,0.38647768,0.6135223,1,343,4) very common (100+)
4930,0.36020228,0.6397977,1,1,1) very rare (1-5)
4931,0.19662961,0.80337036,1,5,1) very rare (1-5)
4932,0.13211969,0.86788034,1,0,1) very rare (1-5)
4933,0.23939845,0.7606015,1,0,1) very rare (1-5)
4934,0.74122626,0.25877374,1,8,2) rare (6-20)
4935,0.9917142,0.0082858205,0,211,4) very common (100+)
4936,0.6795699,0.3204301,0,14,2) rare (6-20)
4937,0.60454416,0.39545584,1,14,2) rare (6-20)
4938,0.7345659,0.2654341,0,18,2) rare (6-20)
4939,0.8689809,0.13101912,0,23,3) common (21-100)
4940,0.8434061,0.15659392,1,7,2) rare (6-20)
4941,0.7440759,0.2559241,1,700,4) very common (100+)
4942,0.995928,0.0040720105,0,53,3) common (21-100)
4943,0.21786872,0.7821313,1,2,1) very rare (1-5)
4944,0.41868293,0.58131707,1,160,4) very common (100+)
4945,0.040283147,0.95971686,1,0,1) very rare (1-5)
4946,0.6785038,0.3214962,0,5,1) very rare (1-5)
4947,0.10014234,0.89985764,1,1,1) very rare (1-5)
4948,0.7537151,0.2462849,1,261,4) very common (100+)
4949,0.35574037,0.64425963,1,0,1) very rare (1-5)
4950,0.9242508,0.07574922,0,142,4) very common (100+)
4951,0.08847828,0.91152173,0,1,1) very rare (1-5)
4952,0.099425085,0.9005749,1,0,1) very rare (1-5)
4953,0.7203976,0.2796024,0,4,1) very rare (1-5)
4954,0.041468985,0.958531,1,0,1) very rare (1-5)
4955,0.17416151,0.8258385,1,0,1) very rare (1-5)
4956,0.69842935,0.30157065,1,5,1) very rare (1-5)
4957,0.5308176,0.46918237,0,7,2) rare (6-20)
4958,0.35441154,0.64558846,1,31,3) common (21-100)
4959,0.31443635,0.6855637,1,4,1) very rare (1-5)
4960,0.7445768,0.2554232,1,36,3) common (21-100)
4961,0.6473353,0.3526647,1,343,4) very common (100+)
4962,0.3983829,0.6016171,1,23,3) common (21-100)
4963,0.59919965,0.40080035,1,178,4) very common (100+)
4964,0.2902387,0.70976126,0,0,1) very rare (1-5)
4965,0.41387752,0.5861225,1,268,4) very common (100+)
4966,0.6278849,0.37211508,1,58,3) common (21-100)
4967,0.23797324,0.7620268,0,4,1) very rare (1-5)
4968,0.41891292,0.5810871,1,8,2) rare (6-20)
4969,0.34346065,0.6565393,0,5,1) very rare (1-5)
4970,0.08688577,0.91311425,1,0,1) very rare (1-5)
4971,0.23431419,0.7656858,0,17,2) rare (6-20)
4972,0.7189858,0.2810142,1,1070,4) very common (100+)
4973,0.9867018,0.0132982135,0,1000,4) very common (100+)
4974,0.57834125,0.42165875,0,159,4) very common (100+)
4975,0.84110695,0.15889305,0,274,4) very common (100+)
4976,0.2320818,0.7679182,1,9,2) rare (6-20)
4977,0.14895175,0.85104823,1,0,1) very rare (1-5)
4978,0.8882432,0.1117568,0,63,3) common (21-100)
4979,0.3153368,0.6846632,1,1290,4) very common (100+)
4980,0.088354886,0.9116451,1,2,1) very rare (1-5)
4981,0.91801006,0.081989944,0,237,4) very common (100+)
4982,0.109261565,0.8907384,0,2,1) very rare (1-5)
4983,0.68365824,0.31634176,1,0,1) very rare (1-5)
4984,0.48888257,0.51111746,1,3,1) very rare (1-5)
4985,0.66773015,0.33226985,0,3,1) very rare (1-5)
4986,0.5140356,0.48596442,1,31,3) common (21-100)
4987,0.223936,0.776064,1,0,1) very rare (1-5)
4988,0.19000483,0.8099952,0,16,2) rare (6-20)
4989,0.35616848,0.6438315,1,8,2) rare (6-20)
4990,0.57307,0.42693,0,4,1) very rare (1-5)
4991,0.4128833,0.5871167,0,18,2) rare (6-20)
4992,0.044953886,0.9550461,0,3,1) very rare (1-5)
4993,0.81891114,0.18108886,1,1290,4) very common (100+)
4994,0.30073246,0.6992675,1,0,1) very rare (1-5)
4995,0.16447714,0.8355229,1,85,3) common (21-100)
4996,0.016532188,0.9834678,1,0,1) very rare (1-5)
4997,0.6402861,0.3597139,0,43,3) common (21-100)
4998,0.9740984,0.025901616,0,1000,4) very common (100+)
4999,0.41296956,0.5870304,0,0,1) very rare (1-5)
5000,0.76253885,0.23746115,0,223,4) very common (100+)
5001,0.15766081,0.84233916,1,6,2) rare (6-20)
5002,0.25304225,0.7469578,1,1,1) very rare (1-5)
5003,0.95105463,0.048945367,0,89,3) common (21-100)
5004,0.776212,0.22378802,0,66,3) common (21-100)
5005,0.24297372,0.7570263,0,118,4) very common (100+)
5006,0.9318091,0.06819087,0,274,4) very common (100+)
