mol_idx,top_score,error,frequency,tier,mean_top_score,std_top_score,agreement_rate,predictive_entropy
0,0.9352515,0,74,3) common (21-100),0.72439295,0.08887767,1.0,2.06363582486639
1,0.22641666,0,0,1) very rare (1-5),0.09318104,0.048368,0.7,6.57748805716613
2,0.83074236,0,74,3) common (21-100),0.5551096,0.13075177,1.0,2.7084057778944044
3,0.16736875,1,0,1) very rare (1-5),0.07030736,0.02931083,0.5,6.979544898410173
4,0.072041854,1,0,1) very rare (1-5),0.036543153,0.016810032,0.55,7.504553842670806
5,0.58427376,0,7,2) rare (6-20),0.3593307,0.15756671,0.85,3.670718442557326
6,0.55770224,0,2,1) very rare (1-5),0.3882982,0.11081698,0.85,3.9933434381884707
7,0.812602,0,23,3) common (21-100),0.61468667,0.11445738,1.0,1.6535349537857522
8,0.6971888,1,4,1) very rare (1-5),0.37814823,0.12173654,0.95,4.521568723756149
9,0.028285239,1,0,1) very rare (1-5),0.024759863,0.010958665,0.4,7.622332892885008
10,0.04520195,1,0,1) very rare (1-5),0.026712144,0.01878819,0.5,7.996950628587361
11,0.58254325,0,3,1) very rare (1-5),0.29032326,0.10725156,0.95,5.431279572762207
12,0.05001002,1,0,1) very rare (1-5),0.031749927,0.015248828,0.5,7.7345741019545216
13,0.81874514,1,0,1) very rare (1-5),0.45238867,0.13883245,1.0,4.423202767240105
14,0.78735405,0,1,1) very rare (1-5),0.45153007,0.13185963,1.0,4.186425114586468
15,0.2884783,1,6,2) rare (6-20),0.09289053,0.056122106,1.0,7.481819975127706
16,0.34366018,0,5,1) very rare (1-5),0.13327006,0.050012022,0.8,6.23842334272173
17,0.91346306,0,74,3) common (21-100),0.6720767,0.12862974,1.0,2.4527469624196403
18,0.8520078,1,2,1) very rare (1-5),0.65436655,0.12924011,1.0,1.9058486015430143
19,0.84766096,0,3,1) very rare (1-5),0.6476506,0.12702814,0.95,2.1880671906805937
20,0.061667882,1,0,1) very rare (1-5),0.037420996,0.013058064,0.35,7.69481699951648
21,0.72957146,0,74,3) common (21-100),0.5075975,0.122692205,1.0,3.033171278628959
22,0.13258748,1,0,1) very rare (1-5),0.057920318,0.030217085,0.9,7.807424968119336
23,0.6075993,1,14,2) rare (6-20),0.37840623,0.09621379,0.85,3.9538147883860204
24,0.859005,0,108,4) very common (100+),0.60022557,0.11311951,1.0,2.9247465403098913
25,0.5442937,1,145,4) very common (100+),0.48841372,0.0684473,0.75,2.3644297108671113
26,0.09536088,1,7,2) rare (6-20),0.04157074,0.016511627,0.45,7.481684540639834
27,0.1478284,1,20,2) rare (6-20),0.09171666,0.0411096,0.55,6.268234665768177
28,0.12385844,0,10,2) rare (6-20),0.04854607,0.021552669,0.75,7.253110537030101
29,0.35797003,1,0,1) very rare (1-5),0.20057473,0.06744652,0.75,4.343182865649032
30,0.3449551,0,7,2) rare (6-20),0.24350956,0.0716765,0.65,3.808370308811312
31,0.6731026,1,43,3) common (21-100),0.38976926,0.16176534,0.95,4.522134567490075
32,0.28955826,0,1,1) very rare (1-5),0.20366816,0.067554906,0.65,4.659188238978534
33,0.8658715,0,6,2) rare (6-20),0.62487125,0.10863892,1.0,2.6745751632132047
34,0.22258744,1,31,3) common (21-100),0.09304277,0.04438065,0.9,7.001300346436362
35,0.07283675,1,0,1) very rare (1-5),0.045836277,0.021125482,0.4,7.2052100969548185
36,0.16475756,1,0,1) very rare (1-5),0.08641227,0.03533888,0.55,6.686193250366822
37,0.760364,1,3,1) very rare (1-5),0.3669368,0.10834571,1.0,4.681935435328041
38,0.20685546,1,2,1) very rare (1-5),0.16796109,0.02745039,0.45,4.05881814185526
39,0.49198696,0,84,3) common (21-100),0.295806,0.0845612,0.7,4.607156344551367
40,0.10012276,1,0,1) very rare (1-5),0.039151266,0.0177714,0.65,7.803205856882406
41,0.061444033,1,0,1) very rare (1-5),0.0324332,0.0085978955,0.5,7.369565051218103
42,0.21880835,0,2,1) very rare (1-5),0.106795534,0.050765384,0.7,6.6591655282326165
43,0.2885833,0,3,1) very rare (1-5),0.12766932,0.07060532,0.85,6.522972905901133
44,0.05499082,0,1,1) very rare (1-5),0.028071761,0.012543986,0.6,7.953435301079217
45,0.7112438,1,0,1) very rare (1-5),0.4506549,0.104768254,0.95,3.5004488740534687
46,0.4759342,0,36,3) common (21-100),0.1836091,0.12401558,1.0,6.853645944679547
47,0.6152317,0,3,1) very rare (1-5),0.26875257,0.111214876,1.0,5.251745249898216
48,0.026868666,1,1,1) very rare (1-5),0.02446216,0.0059699495,0.3,7.629298424983665
49,0.07789908,1,0,1) very rare (1-5),0.05041644,0.022863228,0.25,7.305420527526023
50,0.085768275,1,8,2) rare (6-20),0.08321191,0.031989623,0.25,5.660066940680007
51,0.9118957,1,2,1) very rare (1-5),0.6708246,0.10763716,1.0,2.621047401203868
52,0.73957103,1,5,1) very rare (1-5),0.531305,0.1359771,1.0,2.4871352689571427
53,0.23937337,1,44,3) common (21-100),0.22173364,0.0772829,0.55,4.586948123781597
54,0.04749669,1,0,1) very rare (1-5),0.03135517,0.013973079,0.45,7.43033391292706
55,0.07933255,1,3,1) very rare (1-5),0.033213615,0.0145489825,0.65,8.156098474128925
56,0.670667,1,1,1) very rare (1-5),0.28417405,0.1333203,1.0,6.0378432284522345
57,0.549302,0,274,4) very common (100+),0.24232535,0.09504382,0.8,5.457848872028087
58,0.091803044,1,14,2) rare (6-20),0.0427057,0.019390387,0.4,7.78682607617607
59,0.53572506,1,2,1) very rare (1-5),0.3567417,0.080271006,0.65,3.1045188147414824
60,0.19073349,0,1,1) very rare (1-5),0.0753824,0.04722903,0.75,7.313901899067762
61,0.4989331,1,2,1) very rare (1-5),0.28787148,0.11954071,0.9,5.1234592593354975
62,0.27494943,1,123,4) very common (100+),0.1573632,0.048385568,0.55,5.53790056331672
63,0.11522462,1,1,1) very rare (1-5),0.039060503,0.016192393,0.8,7.792581945274045
64,0.40966496,1,30,3) common (21-100),0.33388406,0.069369584,0.65,3.7015066428436763
65,0.9737526,0,15,2) rare (6-20),0.7449052,0.12528592,1.0,2.4385397374573987
66,0.7396236,0,6,2) rare (6-20),0.40775752,0.15832941,1.0,4.641482180830693
67,0.6211312,1,13,2) rare (6-20),0.3614796,0.13506895,0.85,4.288144149874178
68,0.99485767,0,274,4) very common (100+),0.95446557,0.060232677,1.0,0.373964676278994
69,0.07914717,1,0,1) very rare (1-5),0.07088926,0.021847127,0.25,6.70116416784624
70,0.81906164,0,5,1) very rare (1-5),0.57921094,0.12823474,1.0,2.989802814639397
71,0.5726529,0,14,2) rare (6-20),0.24844937,0.11822785,1.0,5.9258925639680875
72,0.3386807,1,2,1) very rare (1-5),0.15577564,0.07712291,1.0,6.618868439731108
73,0.21265222,1,142,4) very common (100+),0.08418472,0.043080278,0.95,7.045227103473611
74,0.08336468,1,0,1) very rare (1-5),0.030899653,0.009071916,0.35,7.703812731974949
75,0.14668241,1,81,3) common (21-100),0.10536053,0.044948157,0.35,6.359251513155844
76,0.26185814,1,30,3) common (21-100),0.19241732,0.07026538,0.65,5.361285516795942
77,0.729379,1,4,1) very rare (1-5),0.3439134,0.10882593,1.0,5.48054918981239
78,0.15245931,0,2,1) very rare (1-5),0.09296318,0.031063491,0.35,6.166205897006762
79,0.7887293,1,1070,4) very common (100+),0.48422608,0.1342017,1.0,3.6283467809164818
80,0.77652353,1,1,1) very rare (1-5),0.34478906,0.12098373,1.0,5.224153746439591
81,0.1944133,1,0,1) very rare (1-5),0.06518602,0.025989518,0.95,7.635808592364079
82,0.050441332,1,3,1) very rare (1-5),0.039247412,0.017745946,0.3,7.771925442135259
83,0.95388305,1,1290,4) very common (100+),0.7856982,0.10037804,1.0,1.8118635463870074
84,0.2738026,1,1,1) very rare (1-5),0.10112548,0.057677146,0.7,7.287336984503758
85,0.3743408,1,19,2) rare (6-20),0.20605135,0.12951335,0.75,5.141369129630785
86,0.5215525,0,75,3) common (21-100),0.26211795,0.103636734,0.85,5.858694112887191
87,0.008160864,1,24,3) common (21-100),0.0078942105,0.0028454007,0.25,8.548047856961324
88,0.16616897,1,0,1) very rare (1-5),0.06261466,0.025729414,0.65,7.148851205473687
89,0.46877506,0,106,4) very common (100+),0.21527639,0.11739896,0.9,5.925182026504986
90,0.3849216,0,81,3) common (21-100),0.28466827,0.103666574,0.7,3.814129882752219
91,0.43315434,0,2,1) very rare (1-5),0.29724282,0.12202093,0.8,4.405448773235609
92,0.13282748,1,6,2) rare (6-20),0.10199948,0.029832063,0.35,5.382716182892265
93,0.87289214,1,146,4) very common (100+),0.5555895,0.104041286,1.0,3.3852268384901723
94,0.93524367,1,3,1) very rare (1-5),0.7549746,0.12392822,1.0,1.934606022210819
95,0.9776298,0,1290,4) very common (100+),0.84839046,0.073058106,1.0,1.252867432105467
96,0.054220762,1,26,3) common (21-100),0.043743193,0.014114964,0.35,7.093028123163083
97,0.05431574,1,15,2) rare (6-20),0.034640357,0.010657912,0.4,7.585279283655221
98,0.16504002,1,107,4) very common (100+),0.10358846,0.038382754,0.45,6.02574541056908
99,0.8845751,1,1070,4) very common (100+),0.69747376,0.12009992,1.0,1.8475633544707208
100,0.46314248,0,96,3) common (21-100),0.24072257,0.10060765,0.9,5.476432822418218
101,0.22691153,1,1,1) very rare (1-5),0.08084034,0.0616759,0.95,7.746666745050024
102,0.63673836,0,118,4) very common (100+),0.42502627,0.14632164,0.95,3.7566019872719068
103,0.49903768,0,0,1) very rare (1-5),0.31426057,0.117243454,1.0,3.2769644184839737
104,0.82458454,1,54,3) common (21-100),0.56898826,0.118041135,1.0,2.964235731065941
105,0.8683401,0,1290,4) very common (100+),0.58860505,0.14651728,1.0,2.773114315245177
106,0.99505436,0,89,3) common (21-100),0.9443782,0.03955663,1.0,0.5313278790105388
107,0.08871829,1,20,2) rare (6-20),0.048339304,0.019905366,0.5,7.250447963434384
108,0.95193875,0,66,3) common (21-100),0.7553896,0.07861165,1.0,2.141977176780006
109,0.419331,0,9,2) rare (6-20),0.18743443,0.08339027,0.95,5.595138146358444
110,0.98724,1,89,3) common (21-100),0.90135604,0.08208653,1.0,0.8724563686568176
111,0.43140152,1,16,2) rare (6-20),0.34141165,0.11464095,0.6,3.5214492564165623
112,0.054315053,1,0,1) very rare (1-5),0.04317013,0.014825083,0.35,7.333238176244025
113,0.32733148,0,43,3) common (21-100),0.17868489,0.07365341,0.55,5.855609637187492
114,0.10649372,1,111,4) very common (100+),0.04872181,0.01788784,0.5,7.1784428497709545
115,0.64153534,0,145,4) very common (100+),0.35893002,0.13134024,1.0,4.576710577735483
116,0.043171614,1,1,1) very rare (1-5),0.021022838,0.008540288,0.55,8.055829258374033
117,0.90706366,0,70,3) common (21-100),0.5639678,0.14149728,1.0,3.7999011004552323
118,0.484119,0,94,3) common (21-100),0.39412004,0.08663803,0.7,3.016718626420293
119,0.9494763,0,123,4) very common (100+),0.7812092,0.11292401,1.0,1.3293896065720878
120,0.36781368,0,33,3) common (21-100),0.21036008,0.07727735,0.55,5.691287497577811
121,0.51895314,1,0,1) very rare (1-5),0.58438635,0.07903141,0.55,1.701666549970945
122,0.7841603,1,0,1) very rare (1-5),0.59952104,0.13145013,0.8,1.7958805258212398
123,0.95931697,0,700,4) very common (100+),0.7372921,0.106084354,1.0,2.507081374282978
124,0.64597124,1,37,3) common (21-100),0.3299573,0.11685501,0.9,5.329831264968527
125,0.34162998,1,52,3) common (21-100),0.3290324,0.116741836,0.45,3.7036676097481465
126,0.11483392,1,0,1) very rare (1-5),0.047064908,0.027391063,0.7,7.805255887451622
127,0.15395913,1,2,1) very rare (1-5),0.07116006,0.040636644,0.6,7.237209136281831
128,0.12099111,1,0,1) very rare (1-5),0.05033528,0.027112246,0.75,7.286913753598528
129,0.66700846,0,106,4) very common (100+),0.32560456,0.100800455,1.0,4.612769695957535
130,0.94677347,1,11,2) rare (6-20),0.7823441,0.069437355,1.0,1.6318003713103613
131,0.36389837,1,2,1) very rare (1-5),0.20099123,0.10783684,0.7,5.560078363949673
132,0.8271195,0,6,2) rare (6-20),0.72209805,0.11657226,0.95,1.201449164071961
133,0.6485046,0,1,1) very rare (1-5),0.44019407,0.13849786,0.95,3.2259732312221816
134,0.9924793,0,274,4) very common (100+),0.9175065,0.055245128,1.0,0.7620588223646136
135,0.35142222,1,0,1) very rare (1-5),0.16478829,0.06624779,0.95,6.315040258014571
136,0.86020464,0,78,3) common (21-100),0.6421986,0.1134101,1.0,2.0892015196054534
137,0.840798,1,0,1) very rare (1-5),0.6406768,0.10472351,1.0,2.388831271502317
138,0.5400175,1,1290,4) very common (100+),0.48602876,0.099521324,0.7,2.7373078029342195
139,0.65892595,1,1070,4) very common (100+),0.4751431,0.12061306,1.0,2.5770069068348866
140,0.9898811,0,343,4) very common (100+),0.87758386,0.08015388,1.0,1.2689032588471394
141,0.98123413,0,74,3) common (21-100),0.9120305,0.048391607,1.0,0.6229819252754348
142,0.35236916,0,66,3) common (21-100),0.23287806,0.08514468,0.6,4.490331856661326
143,0.54128873,1,2,1) very rare (1-5),0.2200788,0.08815219,1.0,5.357170495782313
144,0.2930359,1,13,2) rare (6-20),0.16611351,0.06913801,0.65,5.965195757726623
145,0.4104312,0,5,1) very rare (1-5),0.1434063,0.064835876,0.8,7.269128384650717
146,0.50347733,1,166,4) very common (100+),0.40922752,0.08746672,0.75,2.24240192055936
147,0.057620805,1,3,1) very rare (1-5),0.028490221,0.012603647,0.95,8.17227876902607
148,0.32500726,1,1,1) very rare (1-5),0.1590967,0.059881996,0.95,5.327902746844869
149,0.4385196,0,33,3) common (21-100),0.1885712,0.07169159,0.8,5.746270595903386
150,0.48008204,0,178,4) very common (100+),0.16207318,0.0649042,1.0,6.67428084625935
151,0.31781477,0,5,1) very rare (1-5),0.17142542,0.054245062,0.75,5.183698966766549
152,0.85941464,0,1290,4) very common (100+),0.5132097,0.16117261,1.0,4.18475057587662
153,0.10976565,0,33,3) common (21-100),0.05090355,0.028477125,0.55,7.801675311316404
154,0.029735401,1,0,1) very rare (1-5),0.025781706,0.0076302034,0.25,7.541133234597842
155,0.70750237,0,33,3) common (21-100),0.43072063,0.087769665,0.9,3.5364012216251406
156,0.8754085,0,9,2) rare (6-20),0.6298531,0.122337684,1.0,2.326525458214965
157,0.8663443,1,8,2) rare (6-20),0.5510201,0.13198942,1.0,3.3357084417152407
158,0.9638964,0,39,3) common (21-100),0.6968739,0.13530289,1.0,2.7941147627971605
159,0.39652374,1,4,1) very rare (1-5),0.25361732,0.09819518,0.65,4.1574937720663865
160,0.23586641,0,10,2) rare (6-20),0.12359097,0.08890659,0.45,6.4295354179645186
161,0.08919836,1,0,1) very rare (1-5),0.06117927,0.016736884,0.35,7.0074347941722355
162,0.0798964,1,76,3) common (21-100),0.04658822,0.016525237,0.3,7.154534104293742
163,0.47604942,1,4,1) very rare (1-5),0.2815181,0.0961342,0.8,4.476360448126366
164,0.19346814,1,160,4) very common (100+),0.07048122,0.028964033,0.9,7.2778569164308164
165,0.06643282,1,4,1) very rare (1-5),0.056812175,0.014895355,0.2,6.96959612942109
166,0.83937776,1,7,2) rare (6-20),0.5438289,0.1397275,1.0,3.426969686674547
167,0.22149202,0,4,1) very rare (1-5),0.09269247,0.058338057,0.95,7.150730189400345
168,0.3449928,0,223,4) very common (100+),0.3210686,0.14088047,0.45,3.818193384264258
169,0.22019367,1,8,2) rare (6-20),0.10030152,0.046583097,0.55,6.8281485620594
170,0.3020221,1,0,1) very rare (1-5),0.10115324,0.041218676,0.75,6.712015406060745
171,0.12644479,1,26,3) common (21-100),0.07290967,0.03881567,0.45,6.876706570378108
172,0.7874531,0,1290,4) very common (100+),0.60270065,0.12284528,1.0,2.0478268344855244
173,0.82438904,0,105,4) very common (100+),0.42532253,0.1539703,1.0,4.952442447873166
174,0.54411346,1,1,1) very rare (1-5),0.23632717,0.09169292,1.0,5.9246953292278794
175,0.2923501,1,2,1) very rare (1-5),0.15822439,0.05771787,0.85,5.6139905302552755
176,0.5077839,1,15,2) rare (6-20),0.27207875,0.12213329,0.75,5.443578048187371
177,0.4788423,0,102,4) very common (100+),0.26109642,0.11027469,0.9,5.209643683221905
178,0.8872374,0,1070,4) very common (100+),0.7225342,0.13496006,0.95,1.5385844255145469
179,0.91631335,0,15,2) rare (6-20),0.6580238,0.12730269,1.0,2.612468664036568
180,0.70586,0,1070,4) very common (100+),0.6390954,0.12069216,0.75,1.3977587698162406
181,0.5848703,0,79,3) common (21-100),0.27871293,0.13861136,0.95,4.810757321250235
182,0.79186845,1,1070,4) very common (100+),0.63385886,0.11702884,0.95,1.4850003679115298
183,0.09220985,1,36,3) common (21-100),0.030617554,0.016149303,0.9,7.811083536364421
184,0.6587446,0,66,3) common (21-100),0.35736483,0.1233417,0.8,4.138348152994598
185,0.8817082,0,1070,4) very common (100+),0.627349,0.12822448,1.0,2.8885203570249245
186,0.9989712,0,211,4) very common (100+),0.98556507,0.011588898,1.0,0.15009355794514348
187,0.2828201,1,81,3) common (21-100),0.21304648,0.09104503,0.55,4.8028569407048725
188,0.057560023,1,10,2) rare (6-20),0.025508258,0.008662265,0.55,7.645641469262793
189,0.3449249,1,1,1) very rare (1-5),0.28714386,0.098322324,0.45,3.9319305408741982
190,0.8734323,0,1070,4) very common (100+),0.74748427,0.08454085,1.0,1.6486473232442815
191,0.08093505,1,2,1) very rare (1-5),0.030898213,0.011617738,0.6,7.515141811168508
192,0.2811334,1,20,2) rare (6-20),0.11926236,0.04699576,1.0,6.414288892604654
193,0.2755914,0,5,1) very rare (1-5),0.09677996,0.030448265,0.5,7.199014072216846
194,0.40318602,0,4,1) very rare (1-5),0.14440677,0.0563823,0.8,6.101182097763857
195,0.59473777,0,4,1) very rare (1-5),0.36979437,0.10976839,0.75,3.008521609593636
196,0.69181645,0,6,2) rare (6-20),0.49485368,0.12771682,0.95,2.9262854963019027
197,0.5494379,1,45,3) common (21-100),0.4377903,0.09742641,0.7,3.60910431230958
198,0.7540757,1,108,4) very common (100+),0.4699642,0.15139742,0.95,3.499713844232288
199,0.5629197,0,44,3) common (21-100),0.21919604,0.09737188,0.95,5.988201740608769
200,0.8348916,1,30,3) common (21-100),0.59929377,0.1716837,1.0,2.6628805417816785
201,0.2382071,1,96,3) common (21-100),0.11954145,0.04060686,0.5,6.119751103114513
202,0.84518915,0,70,3) common (21-100),0.53817827,0.15437292,1.0,3.8434014623514234
203,0.41723666,1,0,1) very rare (1-5),0.13179788,0.0700295,1.0,7.412990994132463
204,0.022716122,1,2,1) very rare (1-5),0.020033952,0.0052587,0.2,7.628978517881238
205,0.09618426,1,2,1) very rare (1-5),0.08285616,0.033118147,0.45,6.213873344782845
206,0.59063363,1,372,4) very common (100+),0.2912282,0.13033369,1.0,4.998942066018736
207,0.74909216,1,0,1) very rare (1-5),0.37849623,0.18912208,1.0,4.734177307541981
208,0.1384008,1,11,2) rare (6-20),0.06325494,0.022934802,0.75,7.091567029084196
209,0.28610653,1,0,1) very rare (1-5),0.10813998,0.04804541,0.9,6.682752216239965
210,0.33197823,0,274,4) very common (100+),0.29216892,0.09504516,0.4,3.4714901151878164
211,0.5088654,0,99,3) common (21-100),0.5309166,0.11226304,0.55,2.3277372322534324
212,0.4749833,1,5,1) very rare (1-5),0.24217717,0.105500646,0.95,5.270546070122272
213,0.9740001,0,1290,4) very common (100+),0.8595273,0.048368882,1.0,1.0398573485072826
214,0.68349636,0,5,1) very rare (1-5),0.38835406,0.14526969,1.0,4.344214742012273
215,0.1261732,1,1,1) very rare (1-5),0.06542827,0.031981863,0.4,7.030659447251388
216,0.7267579,0,121,4) very common (100+),0.51268566,0.1297992,0.95,3.150769990546928
217,0.32875648,1,1,1) very rare (1-5),0.1486944,0.052619744,0.6,6.580828847758509
218,0.70877934,0,118,4) very common (100+),0.51768196,0.1152954,1.0,2.2442010989629155
219,0.9901708,0,118,4) very common (100+),0.9148054,0.04458085,1.0,0.8269365774841273
220,0.31863317,1,1,1) very rare (1-5),0.14629106,0.044763513,0.85,5.794463818413869
221,0.63269895,0,6,2) rare (6-20),0.31623143,0.12503581,1.0,5.210812160591949
222,0.17026137,1,4,1) very rare (1-5),0.08643304,0.025122572,0.45,6.455419292028833
223,0.4679612,0,4,1) very rare (1-5),0.18588826,0.07848052,0.85,5.475784646903452
224,0.24659385,1,1,1) very rare (1-5),0.11402352,0.04059405,0.8,6.153328080473973
225,0.8590709,0,1290,4) very common (100+),0.6880071,0.12560844,1.0,1.9590525112298727
226,0.4098826,1,9,2) rare (6-20),0.20327675,0.0661054,0.7,5.314189613385898
227,0.90697056,0,8,2) rare (6-20),0.6824936,0.10986993,1.0,2.3997384698175974
228,0.6030623,1,9,2) rare (6-20),0.33155593,0.13887125,1.0,4.646103150890744
229,0.82078147,1,237,4) very common (100+),0.52043205,0.15169835,1.0,3.5647392214675526
230,0.8101224,0,261,4) very common (100+),0.4437583,0.15290402,1.0,4.546564067344556
231,0.26669005,1,3,1) very rare (1-5),0.10107069,0.04483206,0.8,6.664654362681397
232,0.18271932,1,3,1) very rare (1-5),0.057396285,0.02367217,0.6,7.104365928875187
233,0.88836616,0,108,4) very common (100+),0.64094645,0.16966955,1.0,2.5821806372528324
234,0.71641225,0,118,4) very common (100+),0.6504835,0.11566561,0.85,1.5138205865589602
235,0.18043913,1,9,2) rare (6-20),0.07695382,0.038620144,0.65,7.247015829646599
236,0.47529948,1,20,2) rare (6-20),0.23848028,0.07799109,0.75,5.30216588630923
237,0.3167991,1,22,3) common (21-100),0.18528299,0.0722584,0.55,5.443932757587474
238,0.031634375,1,3,1) very rare (1-5),0.02100397,0.00834626,0.2,8.055506110027357
239,0.64950615,1,145,4) very common (100+),0.2584311,0.1155122,0.95,5.725086366330559
240,0.83390903,1,84,3) common (21-100),0.48127192,0.15277068,1.0,4.044481697108388
241,0.47878438,1,33,3) common (21-100),0.25639325,0.086840436,0.7,4.75201278788613
242,0.873399,1,8,2) rare (6-20),0.6606889,0.12905858,0.95,1.9746344815593615
243,0.24284656,1,1,1) very rare (1-5),0.15063645,0.04729477,0.75,5.8759911940653655
244,0.09586506,1,39,3) common (21-100),0.0615203,0.025653811,0.5,7.097802176616749
245,0.7193465,0,1070,4) very common (100+),0.6100078,0.11497752,0.9,2.216046340965992
246,0.8233908,0,1070,4) very common (100+),0.5473853,0.1502552,0.95,3.053087103870536
247,0.859089,0,39,3) common (21-100),0.5753797,0.14725782,1.0,2.973134837192631
248,0.37888986,0,3,1) very rare (1-5),0.22838333,0.10005926,1.0,5.173385882060886
249,0.7812957,0,92,3) common (21-100),0.47535276,0.1485261,0.95,3.495209570367717
250,0.34342298,1,0,1) very rare (1-5),0.1504382,0.10295546,0.85,6.504139338336003
251,0.14449713,1,2,1) very rare (1-5),0.0840239,0.032616857,0.5,7.084578015338528
252,0.30848604,1,5,1) very rare (1-5),0.13285169,0.055459138,0.75,6.446755237535136
253,0.9410009,0,421,4) very common (100+),0.8004538,0.07939682,1.0,1.3841277963880492
254,0.27473357,1,0,1) very rare (1-5),0.14516652,0.04681397,0.4,5.7762573335188225
255,0.11776385,0,0,1) very rare (1-5),0.05279562,0.02706252,0.45,7.755755351385046
256,0.45829055,1,16,2) rare (6-20),0.22198987,0.08316566,1.0,5.453460974035387
257,0.5080793,1,0,1) very rare (1-5),0.23356101,0.13957196,0.9,5.831465467471657
258,0.53525245,1,1070,4) very common (100+),0.28604862,0.07152162,0.55,4.5334007155491856
259,0.26352817,1,14,2) rare (6-20),0.09314926,0.05724132,0.7,7.213198587033618
260,0.7637909,0,47,3) common (21-100),0.3803142,0.15428253,1.0,4.527583106171547
261,0.41063625,1,0,1) very rare (1-5),0.14749762,0.054752763,0.95,5.779409444713451
262,0.023060905,1,18,2) rare (6-20),0.014463288,0.006094596,0.3,8.212454381617931
263,0.951112,0,700,4) very common (100+),0.7958474,0.08046775,1.0,1.795648316166624
264,0.78803045,1,79,3) common (21-100),0.46326107,0.12070678,1.0,4.246760089171845
265,0.94190747,0,178,4) very common (100+),0.69143295,0.12259614,1.0,2.5735620681756206
266,0.9021577,0,261,4) very common (100+),0.6675821,0.15660694,1.0,2.501371603762114
267,0.8422887,0,105,4) very common (100+),0.5814737,0.14342757,0.95,3.241590137134239
268,0.5366657,0,5,1) very rare (1-5),0.39012134,0.10872677,0.55,3.198139938331968
269,0.71146935,0,2,1) very rare (1-5),0.49066967,0.13779567,0.85,2.635184336066888
270,0.20019425,1,0,1) very rare (1-5),0.06955773,0.04272723,0.8,7.303239324599135
271,0.045173172,1,6,2) rare (6-20),0.02275442,0.007503454,0.4,7.979824306112746
272,0.8198694,0,19,2) rare (6-20),0.5925814,0.11242405,1.0,2.6620723758708276
273,0.30172768,1,0,1) very rare (1-5),0.22941339,0.05607018,0.45,4.2915492146225205
274,0.1712551,1,3,1) very rare (1-5),0.094499715,0.04354883,0.45,6.55387730053397
275,0.51496726,0,372,4) very common (100+),0.21208093,0.08398452,0.9,5.871793926258872
276,0.6327169,0,2,1) very rare (1-5),0.51462275,0.094173685,0.85,2.533536813119431
277,0.90845275,0,1070,4) very common (100+),0.83376664,0.076511756,1.0,0.7574380712140367
278,0.13142483,1,58,3) common (21-100),0.09251383,0.030729277,0.4,6.350169554355203
279,0.19511983,1,372,4) very common (100+),0.12295637,0.050625034,0.4,5.936228777295769
280,0.87616813,0,1290,4) very common (100+),0.70668447,0.13950387,1.0,1.2405733044967713
281,0.73115695,1,0,1) very rare (1-5),0.4497648,0.092105076,1.0,3.250054790438327
282,0.07707058,0,4,1) very rare (1-5),0.04509816,0.027558804,0.3,7.808601766014762
283,0.5390167,1,58,3) common (21-100),0.43372074,0.11453598,0.6,2.6961576990092286
284,0.565254,0,5,1) very rare (1-5),0.32099044,0.104144625,0.9,4.082611424063044
285,0.86053485,1,66,3) common (21-100),0.56429434,0.17608456,1.0,3.2014784261710996
286,0.7524422,0,52,3) common (21-100),0.35515398,0.109755814,1.0,5.0704707497314
287,0.5776526,1,178,4) very common (100+),0.5296638,0.083365545,0.55,2.1775973099292454
288,0.9053327,0,5,1) very rare (1-5),0.5442826,0.13427697,1.0,3.9924519536321457
289,0.95027727,0,29,3) common (21-100),0.7167388,0.097375505,1.0,2.4517066237365497
290,0.39991662,0,1290,4) very common (100+),0.30367127,0.09659322,0.65,4.474962437346699
291,0.6856123,1,7,2) rare (6-20),0.41335887,0.14844917,1.0,4.14565218881924
292,0.90535915,0,105,4) very common (100+),0.69060266,0.13465682,1.0,2.130133105888185
293,0.7703498,0,24,3) common (21-100),0.569458,0.117280066,0.95,2.439462572507156
294,0.852908,0,94,3) common (21-100),0.49790072,0.14319849,1.0,4.174148010804216
295,0.78914106,1,0,1) very rare (1-5),0.7306084,0.09537676,1.0,0.8223458051436651
296,0.3245103,1,2,1) very rare (1-5),0.1736873,0.06483707,0.55,6.063797166707727
297,0.49256542,0,23,3) common (21-100),0.24476346,0.107020415,1.0,5.528707121563458
298,0.89656526,0,1070,4) very common (100+),0.7036886,0.091003604,1.0,1.7608139197127046
299,0.7861144,0,79,3) common (21-100),0.36406034,0.099520475,1.0,5.311299947238935
300,0.08626693,1,0,1) very rare (1-5),0.050327312,0.022258334,0.25,7.2371885897271735
301,0.33993793,1,5,1) very rare (1-5),0.13571097,0.08070019,0.85,6.734895679097864
302,0.36032107,1,134,4) very common (100+),0.23429093,0.052882258,0.55,3.9221745319483334
303,0.3696039,1,700,4) very common (100+),0.1333119,0.042508136,0.85,6.835048556991066
304,0.21204582,1,0,1) very rare (1-5),0.1054668,0.060264602,0.7,6.576934056290806
305,0.019164234,1,1,1) very rare (1-5),0.014744264,0.008496897,0.25,8.192437906706585
306,0.8507047,0,6,2) rare (6-20),0.53377706,0.14785536,1.0,3.4791039047680123
307,0.104110576,1,0,1) very rare (1-5),0.062898524,0.016533388,0.3,6.551221757367957
308,0.55085194,0,13,2) rare (6-20),0.22795315,0.12384582,0.95,6.334920251320213
309,0.62642455,1,1,1) very rare (1-5),0.33587462,0.13037093,1.0,4.766809022026782
310,0.87925446,0,11,2) rare (6-20),0.56995326,0.14460833,1.0,3.599591396692818
311,0.306267,0,1,1) very rare (1-5),0.08542604,0.033625003,1.0,7.2615049876243365
312,0.39771986,1,107,4) very common (100+),0.23453648,0.06912965,0.75,3.9584628491534386
313,0.29593897,1,28,3) common (21-100),0.21059409,0.06659308,0.55,4.571157504196765
314,0.936943,0,99,3) common (21-100),0.7956464,0.10069023,1.0,1.230448202301332
315,0.8924433,1,5,1) very rare (1-5),0.67372507,0.11246803,1.0,2.100026232164336
316,0.8663644,0,4,1) very rare (1-5),0.5750206,0.111635484,1.0,3.7006828181960905
317,0.5827305,1,0,1) very rare (1-5),0.32213622,0.09233155,0.95,4.51882064678507
318,0.5219084,0,23,3) common (21-100),0.38929224,0.11177709,0.8,3.57353125827314
319,0.78987896,0,6,2) rare (6-20),0.51760805,0.14167902,1.0,3.4891331219395614
320,0.6336517,1,268,4) very common (100+),0.4059015,0.114981726,0.9,3.886743460448909
321,0.9212898,0,76,3) common (21-100),0.78960884,0.1048888,1.0,1.4198690456892082
322,0.9444213,0,12,2) rare (6-20),0.83843344,0.06611699,1.0,1.0141141332083337
323,0.31373644,1,79,3) common (21-100),0.1498377,0.05539731,0.85,5.808425510626627
324,0.6440674,0,6,2) rare (6-20),0.28409407,0.1320152,1.0,5.581981378018234
325,0.6726977,1,105,4) very common (100+),0.353486,0.15140739,0.85,4.8634795287379955
326,0.98303485,0,182,4) very common (100+),0.8076981,0.067257546,1.0,1.8960301164595137
327,0.86232555,1,106,4) very common (100+),0.5527949,0.1320517,1.0,3.274220585341324
328,0.065206654,1,274,4) very common (100+),0.031011706,0.016649319,0.7,8.06993253288605
329,0.3193638,1,39,3) common (21-100),0.20254429,0.06340695,0.65,5.217300129303885
330,0.20737252,1,268,4) very common (100+),0.17392002,0.063454606,0.5,5.109521122524232
331,0.97264963,0,1290,4) very common (100+),0.81810254,0.09163314,1.0,1.664156260322501
332,0.84742224,0,10,2) rare (6-20),0.60550225,0.15003152,1.0,2.801066538674533
333,0.690961,0,106,4) very common (100+),0.4589107,0.13008954,0.9,3.015826459373196
334,0.21911721,1,2,1) very rare (1-5),0.12286452,0.025945412,0.7,5.143002150737946
335,0.92521185,0,4,1) very rare (1-5),0.60563534,0.1363478,1.0,3.3239287305313416
336,0.24849746,0,1,1) very rare (1-5),0.17414363,0.06507687,0.4,5.128771794523629
337,0.79426664,0,14,2) rare (6-20),0.5362166,0.119289435,1.0,3.2649210214220714
338,0.91419905,1,0,1) very rare (1-5),0.58155715,0.16191125,1.0,3.7820847889715132
339,0.104008526,1,3,1) very rare (1-5),0.04677804,0.035459395,0.75,7.884028500045485
340,0.4286599,1,1070,4) very common (100+),0.3292579,0.084483474,0.6,4.266861614200821
341,0.83742946,0,1290,4) very common (100+),0.5969633,0.17088895,1.0,2.6747043300055733
342,0.8449371,1,38,3) common (21-100),0.64064634,0.14152144,1.0,2.302410018102556
343,0.75538844,1,23,3) common (21-100),0.43788916,0.13756633,1.0,3.868072710307887
344,0.9208183,0,372,4) very common (100+),0.579881,0.1358863,1.0,3.8599941728077902
345,0.3299123,1,1,1) very rare (1-5),0.25218204,0.07195695,0.5,4.8354024147030605
346,0.8903096,0,700,4) very common (100+),0.60636514,0.0976213,1.0,3.37689332562264
347,0.6031834,0,121,4) very common (100+),0.41768712,0.10465245,0.9,3.218571711866125
348,0.132598,0,58,3) common (21-100),0.055199396,0.039867986,0.4,7.197207426993735
349,0.8682098,0,3,1) very rare (1-5),0.5170642,0.16272366,1.0,3.8902824829602736
350,0.8384063,1,268,4) very common (100+),0.4955954,0.11757534,0.95,3.7251413234295265
351,0.8986339,0,13,2) rare (6-20),0.60330224,0.120390765,1.0,3.088779773214891
352,0.1642318,1,0,1) very rare (1-5),0.07650709,0.03823368,0.35,7.08199130619067
353,0.9753514,0,85,3) common (21-100),0.84565324,0.07239779,1.0,1.3511992510186674
354,0.3748237,0,2,1) very rare (1-5),0.33761507,0.07982866,0.55,3.7602440404180104
355,0.1139155,1,0,1) very rare (1-5),0.054995365,0.020951692,0.45,7.020710460253726
356,0.35957888,0,49,3) common (21-100),0.28360876,0.093652464,0.5,3.7877575146691247
357,0.90365374,0,700,4) very common (100+),0.7434001,0.120447084,1.0,1.4877430923512251
358,0.7183324,0,46,3) common (21-100),0.5511837,0.14376472,0.85,2.6098313654574006
359,0.8772586,1,1,1) very rare (1-5),0.48115665,0.16449957,1.0,4.421748699735456
360,0.17102009,1,23,3) common (21-100),0.0939114,0.033406153,0.45,7.263448767918334
361,0.47171602,1,81,3) common (21-100),0.47747105,0.09718216,0.5,1.9949393167564287
362,0.95767677,0,1070,4) very common (100+),0.84205455,0.064332716,1.0,1.2457656693371486
363,0.6396591,0,108,4) very common (100+),0.30840534,0.14334644,1.0,5.201953439128676
364,0.44357634,0,1290,4) very common (100+),0.27653533,0.07888611,0.75,3.9442344625183705
365,0.6454857,1,58,3) common (21-100),0.44228157,0.12658125,0.85,3.34400640447961
366,0.24150552,1,4,1) very rare (1-5),0.1146396,0.040212333,0.65,5.946495456448604
367,0.60759217,0,145,4) very common (100+),0.24081998,0.08374666,1.0,6.4475275352121955
368,0.5106713,0,1290,4) very common (100+),0.22301444,0.06616388,0.85,5.323951541617824
369,0.038507998,1,0,1) very rare (1-5),0.025044475,0.006377054,0.3,7.61823818681123
370,0.6449995,1,16,2) rare (6-20),0.35438627,0.15176685,0.8,4.832582640740899
371,0.1125171,1,1,1) very rare (1-5),0.061724532,0.026670508,0.45,6.655457337730317
372,0.26906654,0,1290,4) very common (100+),0.21523325,0.08065487,0.4,4.634696575470156
373,0.8224477,0,166,4) very common (100+),0.5317751,0.13525343,0.95,3.751394725680028
374,0.42283598,1,1070,4) very common (100+),0.39887503,0.09993407,0.55,3.58471953629232
375,0.27378505,1,1,1) very rare (1-5),0.092290156,0.04979913,0.8,7.5450636896890195
376,0.9244836,0,74,3) common (21-100),0.62072706,0.10019806,1.0,2.7998607237439623
377,0.8425923,0,142,4) very common (100+),0.60784733,0.10923278,1.0,2.8015662526862837
378,0.8577934,1,99,3) common (21-100),0.53543615,0.13315909,1.0,3.7828782785826416
379,0.3803733,1,24,3) common (21-100),0.23536654,0.067852564,0.85,4.992883739800444
380,0.46642178,0,12,2) rare (6-20),0.18075319,0.08584598,0.95,6.57281109810614
381,0.14478302,0,6,2) rare (6-20),0.060010057,0.035979588,0.9,7.372017573089437
382,0.45719847,1,166,4) very common (100+),0.2056402,0.07968643,0.9,5.119647976570904
383,0.3222691,0,3,1) very rare (1-5),0.15135615,0.052747875,0.9,5.722108255564621
384,0.45957825,0,166,4) very common (100+),0.39266676,0.0947321,0.5,3.9524422576281517
385,0.5820829,1,17,2) rare (6-20),0.3410781,0.10456557,0.95,3.4344879454711554
386,0.6464419,0,421,4) very common (100+),0.25585833,0.09493593,1.0,6.553224180578827
387,0.17270118,1,3,1) very rare (1-5),0.07671891,0.03300864,0.65,6.421718246132317
388,0.23772684,1,3,1) very rare (1-5),0.13885882,0.06950107,0.5,6.1214564287743976
389,0.77671283,1,160,4) very common (100+),0.49359363,0.15645361,1.0,3.5060494449728474
390,0.05511477,1,0,1) very rare (1-5),0.026252065,0.011986628,0.45,8.098319854048057
391,0.8719607,0,78,3) common (21-100),0.67662954,0.11449422,0.95,1.7073162527454935
392,0.5202668,1,0,1) very rare (1-5),0.21314843,0.084859565,0.85,5.9278451685710705
393,0.97132605,1,275,4) very common (100+),0.89794874,0.06318325,1.0,0.667314702022168
394,0.66982126,1,118,4) very common (100+),0.46785387,0.13533515,0.95,3.086016288384274
395,0.051515143,1,0,1) very rare (1-5),0.033878222,0.024952738,0.4,7.46425001311099
396,0.7291227,0,1,1) very rare (1-5),0.4049322,0.10408858,1.0,4.555474064617856
397,0.70030147,0,142,4) very common (100+),0.45859385,0.11572423,0.8,2.5222598877621745
398,0.15025744,1,0,1) very rare (1-5),0.061180998,0.028206212,1.0,7.615898727135821
399,0.027878605,1,36,3) common (21-100),0.022244167,0.00864479,0.3,7.921454656463752
400,0.8527371,0,372,4) very common (100+),0.60841733,0.15336432,0.95,2.9286892031110328
401,0.8004509,0,55,3) common (21-100),0.51351154,0.13022235,1.0,3.2245406974018005
402,0.5851652,1,3,1) very rare (1-5),0.36600792,0.091548756,0.6,4.117600670781897
403,0.9917374,0,78,3) common (21-100),0.92172325,0.05319437,1.0,0.5827069019439379
404,0.5169442,0,700,4) very common (100+),0.30562407,0.08212717,0.75,4.328954416683455
405,0.4744544,1,70,3) common (21-100),0.16820058,0.08605946,0.95,7.041980568227338
406,0.98160297,0,421,4) very common (100+),0.8848511,0.06023699,1.0,0.9713378956451423
407,0.597986,1,107,4) very common (100+),0.38330632,0.07437504,0.7,2.679738533653567
408,0.16348295,0,96,3) common (21-100),0.10459994,0.04784698,0.5,6.411153409352555
409,0.6940025,0,237,4) very common (100+),0.4191343,0.11228469,1.0,3.9073090756324422
410,0.77516544,0,124,4) very common (100+),0.42050996,0.14596929,1.0,4.30666927401573
411,0.13283059,1,39,3) common (21-100),0.06761061,0.027235506,0.65,6.758476865957535
412,0.095835276,0,2,1) very rare (1-5),0.03889502,0.021406421,0.3,7.197841237143038
413,0.46850395,0,237,4) very common (100+),0.2259691,0.116354376,0.75,5.25300124226548
414,0.03241437,0,2,1) very rare (1-5),0.02411065,0.0061673494,0.45,7.7302418415683345
415,0.97470254,0,159,4) very common (100+),0.82767403,0.09923417,1.0,1.7225209745973658
416,0.52021277,0,39,3) common (21-100),0.42606884,0.17604986,0.55,3.1770367343491426
417,0.46077916,1,1290,4) very common (100+),0.4596042,0.0886489,0.55,2.2860822303375627
418,0.86713344,1,6,2) rare (6-20),0.558412,0.15137152,1.0,3.239838121180818
419,0.9535067,0,124,4) very common (100+),0.82781774,0.10006225,1.0,1.279993989492329
420,0.13551423,1,49,3) common (21-100),0.084173575,0.024815287,0.45,6.183161933381623
421,0.02337081,1,0,1) very rare (1-5),0.011504101,0.0034324534,0.35,8.34933273105846
422,0.26835528,0,2,1) very rare (1-5),0.14596134,0.046255805,0.7,5.848989894803353
423,0.67002064,1,118,4) very common (100+),0.28532043,0.11444936,1.0,5.71341748822478
424,0.47110808,0,18,2) rare (6-20),0.1552132,0.07078792,1.0,6.6725450597247224
425,0.60947984,1,4,1) very rare (1-5),0.4875482,0.10679364,0.75,2.1393721761868516
426,0.059217602,1,66,3) common (21-100),0.024456479,0.010649348,0.25,7.9401980110749255
427,0.27495754,1,0,1) very rare (1-5),0.10765533,0.050764546,0.8,6.859863675828231
428,0.17098133,0,32,3) common (21-100),0.14539531,0.038536698,0.45,5.1766664807622105
429,0.59330857,0,343,4) very common (100+),0.2776298,0.10367618,1.0,5.6707087486976295
430,0.74974424,1,41,3) common (21-100),0.49242154,0.13552804,1.0,3.739163822460053
431,0.91815424,0,1290,4) very common (100+),0.75600076,0.10467049,1.0,1.5865841097338425
432,0.37413546,0,58,3) common (21-100),0.22321275,0.09166214,0.75,4.839384283777306
433,0.673934,0,2,1) very rare (1-5),0.30807233,0.10633451,1.0,5.064490438872566
434,0.94540024,1,70,3) common (21-100),0.74417245,0.10365017,1.0,2.144400293517947
435,0.11998754,1,2,1) very rare (1-5),0.0877864,0.022175448,0.5,5.583187460733911
436,0.5539168,1,1,1) very rare (1-5),0.3449216,0.083486795,0.85,4.176874477956948
437,0.061874337,1,0,1) very rare (1-5),0.036551505,0.013996891,0.6,7.918124016087299
438,0.4532408,1,24,3) common (21-100),0.24539971,0.086721,1.0,5.13994732933384
439,0.5156338,1,42,3) common (21-100),0.36341217,0.13606466,0.8,4.084274029205221
440,0.60011756,0,372,4) very common (100+),0.43938693,0.10574735,0.95,2.8721198319680177
441,0.34637356,1,0,1) very rare (1-5),0.10108811,0.052705288,1.0,7.414280485569232
442,0.5833366,0,1070,4) very common (100+),0.4031012,0.10711937,0.9,3.4293932402032703
443,0.77302057,0,237,4) very common (100+),0.4581923,0.11664788,1.0,4.189397183152053
444,0.076271184,1,0,1) very rare (1-5),0.042100728,0.018214524,0.5,7.443875390673835
445,0.11879407,0,3,1) very rare (1-5),0.03625516,0.013790197,0.9,7.895894850892843
446,0.9855988,0,1290,4) very common (100+),0.9202229,0.031257004,1.0,0.5849187251905624
447,0.93029773,1,12,2) rare (6-20),0.6907822,0.16059563,1.0,2.381657732401692
448,0.16209765,0,105,4) very common (100+),0.07591818,0.02567632,0.65,6.6513266307485885
449,0.9496714,0,86,3) common (21-100),0.80609167,0.06899465,1.0,1.2075088821398425
450,0.9563478,0,47,3) common (21-100),0.74042886,0.07604103,1.0,2.159812398812672
451,0.6811449,0,123,4) very common (100+),0.489489,0.098574184,0.95,3.0891563373540896
452,0.4019428,1,49,3) common (21-100),0.40967327,0.0924914,0.55,2.3706364247276035
453,0.30298677,0,12,2) rare (6-20),0.105172694,0.07156994,0.9,7.1507138800498335
454,0.079531476,1,8,2) rare (6-20),0.039155975,0.025166513,0.4,7.789852596578447
455,0.14967012,1,0,1) very rare (1-5),0.08577585,0.028401565,0.25,6.508491346170736
456,0.18973674,0,7,2) rare (6-20),0.08500681,0.034605168,0.6,6.973467977725909
457,0.09786188,0,5,1) very rare (1-5),0.0492287,0.032077592,0.55,7.35904929927095
458,0.9632597,0,211,4) very common (100+),0.7144377,0.09760431,1.0,2.750009203901132
459,0.69600815,0,20,2) rare (6-20),0.45144686,0.14499988,0.9,3.586597435702533
460,0.10801335,1,0,1) very rare (1-5),0.06453863,0.028563466,0.3,6.918838355125114
461,0.4330383,0,700,4) very common (100+),0.15352,0.056449935,0.9,6.584493814148084
462,0.44192117,1,1,1) very rare (1-5),0.16117647,0.091591135,0.95,6.600509205573835
463,0.9393518,0,5,1) very rare (1-5),0.73866904,0.091361925,1.0,1.9564061101581625
464,0.95038646,0,1290,4) very common (100+),0.8819014,0.061303444,1.0,0.48315672871309334
465,0.19743764,1,0,1) very rare (1-5),0.07916043,0.04220089,0.9,7.304984358540888
466,0.7718659,0,42,3) common (21-100),0.53830093,0.12265633,1.0,2.8077353646061014
467,0.1492801,1,4,1) very rare (1-5),0.08547886,0.048346717,0.7,6.345723882821652
468,0.99849916,0,211,4) very common (100+),0.9860579,0.0098096635,1.0,0.12387192577002791
469,0.37104446,0,0,1) very rare (1-5),0.15573141,0.08134446,0.95,5.919357443901138
470,0.9102141,0,700,4) very common (100+),0.65064156,0.14251839,1.0,2.6221151425087306
471,0.25487942,1,34,3) common (21-100),0.12388722,0.04357403,0.65,6.073736448115762
472,0.8927512,0,223,4) very common (100+),0.6963955,0.11060556,1.0,1.8721305766568999
473,0.12488922,1,0,1) very rare (1-5),0.04794742,0.030761493,0.55,7.556795844114873
474,0.084341034,1,0,1) very rare (1-5),0.04075667,0.013174855,0.5,7.248471912551302
475,0.37020963,1,47,3) common (21-100),0.24912629,0.08716182,0.6,4.849496579097629
476,0.65450084,0,8,2) rare (6-20),0.32390445,0.13478635,1.0,5.53213372642371
477,0.24499327,0,0,1) very rare (1-5),0.14820343,0.0557698,0.85,5.440059205166801
478,0.51950455,1,13,2) rare (6-20),0.31397912,0.14097239,1.0,4.9899077389142565
479,0.48639435,1,0,1) very rare (1-5),0.2653898,0.09553526,0.9,3.618259899936083
480,0.82418424,1,274,4) very common (100+),0.6825253,0.118526086,1.0,1.1740891257468005
481,0.1409343,1,0,1) very rare (1-5),0.10507281,0.036118824,0.3,6.447756665360275
482,0.6772981,1,0,1) very rare (1-5),0.47114262,0.11629768,0.85,3.2258294638947285
483,0.25590268,1,70,3) common (21-100),0.11941089,0.05457923,0.6,6.102640466299357
484,0.17585997,1,10,2) rare (6-20),0.07246007,0.04575323,0.85,7.471657056903413
485,0.77986705,1,0,1) very rare (1-5),0.59207326,0.087576054,1.0,2.0813364940125485
486,0.29992256,1,58,3) common (21-100),0.11938758,0.049255524,0.9,6.2550188594279
487,0.2705007,1,19,2) rare (6-20),0.11441962,0.030084567,0.9,6.224865282229844
488,0.7923467,1,1,1) very rare (1-5),0.44757748,0.1311374,1.0,4.365916634884719
489,0.5141057,1,6,2) rare (6-20),0.3240779,0.12503077,0.6,4.054959364402687
490,0.75005066,0,1070,4) very common (100+),0.65110314,0.10684546,0.95,1.0513998865356093
491,0.2421575,1,2,1) very rare (1-5),0.12171461,0.050172612,0.75,6.255773322677603
492,0.84772784,0,1290,4) very common (100+),0.5546558,0.15081427,1.0,3.4736474569085685
493,0.97489345,0,142,4) very common (100+),0.8631365,0.07810179,1.0,0.8993164457785133
494,0.53433365,0,14,2) rare (6-20),0.31126457,0.10642152,0.95,4.0069867492592595
495,0.6054558,0,275,4) very common (100+),0.3613709,0.0837426,0.9,4.020356828924841
496,0.95490396,0,23,3) common (21-100),0.6829092,0.10878165,1.0,2.9121522814919816
497,0.5776871,1,12,2) rare (6-20),0.5216348,0.08872547,0.6,2.028337664099542
498,0.4034402,1,0,1) very rare (1-5),0.19487819,0.10577616,1.0,5.844138019317692
499,0.16359012,1,37,3) common (21-100),0.098790854,0.0380419,0.4,6.279865580847216
500,0.477849,1,0,1) very rare (1-5),0.2093012,0.08103577,0.95,6.297239373499906
501,0.15644065,1,0,1) very rare (1-5),0.062205177,0.027631603,0.65,7.354073615493965
502,0.098369874,1,0,1) very rare (1-5),0.05191964,0.028862512,0.5,7.396670464657
503,0.30198538,1,1,1) very rare (1-5),0.21683328,0.079675764,0.6,5.143210780175696
504,0.05791058,1,0,1) very rare (1-5),0.040840834,0.026465993,0.6,7.754999097679953
505,0.347661,1,0,1) very rare (1-5),0.20839126,0.06647234,0.65,4.759112683951891
506,0.4929121,1,10,2) rare (6-20),0.25773725,0.09348608,0.95,4.869612871232903
507,0.48667288,0,1290,4) very common (100+),0.40052524,0.07810232,0.55,3.770625501691368
508,0.18046333,1,15,2) rare (6-20),0.082785316,0.047025267,0.6,6.9524479389809875
509,0.575093,1,4,1) very rare (1-5),0.28314131,0.13307106,1.0,5.456154106358892
510,0.20533642,0,76,3) common (21-100),0.14712062,0.061556727,0.5,5.575678303075862
511,0.5990453,1,11,2) rare (6-20),0.41422072,0.12941386,0.8,3.0181867440379353
512,0.53052366,0,105,4) very common (100+),0.4239456,0.07273479,0.75,3.115073354304981
513,0.8600973,1,62,3) common (21-100),0.5273864,0.14529507,1.0,3.9522267017602806
514,0.51580983,0,1290,4) very common (100+),0.34099594,0.09519802,0.6,3.2813358495231717
515,0.016317008,1,4,1) very rare (1-5),0.0124177765,0.0040913713,0.2,8.147021087069419
516,0.13076629,1,36,3) common (21-100),0.06732835,0.03086048,0.7,7.23440314729349
517,0.3826786,0,1,1) very rare (1-5),0.31487006,0.06394264,0.55,3.40135547696394
518,0.2919363,1,6,2) rare (6-20),0.14564086,0.07179669,0.75,6.069733027988745
519,0.18770516,0,46,3) common (21-100),0.10191101,0.03072732,0.5,6.170918217719993
520,0.9229748,0,5,1) very rare (1-5),0.67934763,0.116195045,1.0,2.671935500815714
521,0.77890795,1,0,1) very rare (1-5),0.40504354,0.14007068,1.0,4.639646367552148
522,0.52906,1,0,1) very rare (1-5),0.23275085,0.10953419,0.8,6.0279507419945215
523,0.3576684,1,18,2) rare (6-20),0.21346435,0.07524243,0.5,4.779705506080882
524,0.5311702,1,1,1) very rare (1-5),0.33241147,0.105052486,0.7,4.362518486331026
525,0.4203981,1,23,3) common (21-100),0.13134071,0.07388601,0.8,6.82480608473499
526,0.310851,0,4,1) very rare (1-5),0.20834081,0.060502306,0.55,5.415428522421251
527,0.76495224,1,0,1) very rare (1-5),0.32473752,0.10839498,0.95,5.702272524770384
528,0.7210256,1,2,1) very rare (1-5),0.528048,0.14619693,1.0,2.378560236930551
529,0.45947805,1,14,2) rare (6-20),0.22567876,0.10154895,0.95,5.749705141508245
530,0.54462856,0,56,3) common (21-100),0.2714488,0.089664996,0.95,4.787996970177631
531,0.8099914,1,2,1) very rare (1-5),0.63666254,0.11299293,0.95,1.5037042706304127
532,0.80781835,0,96,3) common (21-100),0.65312743,0.15116484,0.95,1.5067112833887573
533,0.2383616,1,2,1) very rare (1-5),0.14416859,0.06661315,0.4,5.698590022025103
534,0.23262192,1,41,3) common (21-100),0.18709871,0.057184003,0.45,5.25047459034087
535,0.4112438,0,62,3) common (21-100),0.23702936,0.10049608,0.5,5.5370386739770865
536,0.08947878,1,4,1) very rare (1-5),0.04567916,0.02490556,0.55,7.722891739517184
537,0.85437685,1,1070,4) very common (100+),0.608216,0.13740326,1.0,2.646746226679692
538,0.21091732,0,36,3) common (21-100),0.096055046,0.044533968,0.6,6.294361809515179
539,0.9764519,0,3,1) very rare (1-5),0.8306265,0.08321381,1.0,1.595593648310011
540,0.26529562,1,372,4) very common (100+),0.1442379,0.063640684,0.6,5.862872456909118
541,0.25873753,0,8,2) rare (6-20),0.18701948,0.066403545,0.65,5.105377302559952
542,0.04145114,1,0,1) very rare (1-5),0.02032779,0.009253242,0.4,7.963293749408868
543,0.19246562,1,21,3) common (21-100),0.0971457,0.043722525,0.65,6.610000705005105
544,0.6402987,0,19,2) rare (6-20),0.3968038,0.1401418,1.0,3.8812949128257914
545,0.11129999,1,19,2) rare (6-20),0.07237823,0.024289157,0.5,6.0133507657673775
546,0.5656457,0,28,3) common (21-100),0.3922694,0.08251058,0.85,4.086042720376336
547,0.47267902,0,372,4) very common (100+),0.2504307,0.12011092,0.8,5.729930404480063
548,0.045604836,1,0,1) very rare (1-5),0.026897285,0.014284308,0.25,7.713200887082991
549,0.21470521,1,62,3) common (21-100),0.13077348,0.06305049,0.35,5.923432108257957
550,0.70848167,0,105,4) very common (100+),0.41402858,0.11694986,0.75,3.9718808099134106
551,0.10510836,1,0,1) very rare (1-5),0.0820504,0.027134292,0.25,6.126401261694864
552,0.37019908,0,6,2) rare (6-20),0.217379,0.0831301,0.8,5.315313265308211
553,0.3158452,0,2,1) very rare (1-5),0.11477341,0.050831687,0.85,7.011159008233836
554,0.492465,0,5,1) very rare (1-5),0.24902996,0.09409272,0.9,5.172561012554157
555,0.18116665,0,5,1) very rare (1-5),0.14917974,0.09398301,0.6,5.647419280604952
556,0.6112365,0,49,3) common (21-100),0.5463875,0.12813069,0.7,2.327198144330807
557,0.5256036,1,9,2) rare (6-20),0.26781705,0.084569976,1.0,4.634344572667202
558,0.1767469,0,28,3) common (21-100),0.07834758,0.031305928,0.6,6.893692632152433
559,0.86520535,0,26,3) common (21-100),0.6072184,0.1252022,1.0,2.932342765765627
560,0.73966986,0,15,2) rare (6-20),0.44259197,0.14407937,1.0,3.643239775485626
561,0.6970901,0,106,4) very common (100+),0.40246314,0.14714876,0.95,4.023285845785622
562,0.17351209,1,2,1) very rare (1-5),0.09199865,0.04172757,0.6,6.496030624149911
563,0.38670647,1,0,1) very rare (1-5),0.20045026,0.066604964,0.6,5.688542224733428
564,0.50611037,1,20,2) rare (6-20),0.26932615,0.13017814,0.8,5.459621270541043
565,0.23171158,1,1,1) very rare (1-5),0.13026485,0.04167492,0.55,6.157975099452837
566,0.75329775,1,12,2) rare (6-20),0.5311043,0.12366037,1.0,2.7275460345637326
567,0.060098946,0,107,4) very common (100+),0.02624091,0.0082394155,0.4,7.7002705300387255
568,0.44049287,1,124,4) very common (100+),0.4672183,0.09328286,0.55,2.584864302475153
569,0.92729807,0,7,2) rare (6-20),0.75973374,0.109246686,1.0,1.615049456506854
570,0.1890299,1,5,1) very rare (1-5),0.16171381,0.06743581,0.55,4.770416312573553
571,0.93350524,0,237,4) very common (100+),0.7602304,0.0738753,1.0,1.8149653393027754
572,0.11404764,1,1,1) very rare (1-5),0.071794465,0.03369928,0.65,7.395781871169008
573,0.18745583,1,16,2) rare (6-20),0.062934674,0.035874303,0.95,7.297407188917454
574,0.6938443,0,1,1) very rare (1-5),0.2860921,0.120824315,1.0,5.633708349835739
575,0.41794786,0,1290,4) very common (100+),0.37500542,0.123558834,0.5,2.891456032707779
576,0.56699735,0,700,4) very common (100+),0.56162876,0.08585575,0.5,1.9461198765344971
577,0.7716726,0,5,1) very rare (1-5),0.43417192,0.16133136,1.0,4.340054479738387
578,0.5753508,0,14,2) rare (6-20),0.34814543,0.11187323,0.95,4.227535688083317
579,0.24499938,0,178,4) very common (100+),0.07122185,0.03026759,1.0,7.862827305637003
580,0.090949394,0,372,4) very common (100+),0.04538972,0.031206625,0.65,7.594662489125248
581,0.73204166,0,3,1) very rare (1-5),0.5435588,0.12802759,1.0,2.2693953528579773
582,0.43504432,0,70,3) common (21-100),0.40259886,0.08366539,0.5,3.2558104397368157
583,0.21032852,1,6,2) rare (6-20),0.13946852,0.064794786,0.65,6.2074159420131
584,0.4304945,0,223,4) very common (100+),0.19624437,0.050409973,0.55,5.200076775330794
585,0.65978485,1,1290,4) very common (100+),0.4774705,0.10684738,0.85,3.1831861719928987
586,0.43920764,1,62,3) common (21-100),0.19512318,0.106506996,0.8,6.418004132171568
587,0.7671132,0,421,4) very common (100+),0.53107625,0.11982881,0.95,2.6953690168723385
588,0.027617013,1,159,4) very common (100+),0.018060334,0.0065561584,0.25,8.245945004176807
589,0.9656744,0,1000,4) very common (100+),0.90154445,0.07296116,1.0,0.506291564963546
590,0.27863687,0,7,2) rare (6-20),0.1211675,0.078719385,0.75,6.750902063195374
591,0.050581537,1,3,1) very rare (1-5),0.030588955,0.013079794,0.35,7.3990004408621335
592,0.8479214,0,237,4) very common (100+),0.6148523,0.13808143,1.0,2.587017112165154
593,0.65105885,0,34,3) common (21-100),0.30470335,0.111324675,1.0,5.085283547879376
594,0.9524704,0,47,3) common (21-100),0.75345963,0.12096251,1.0,2.192124035385822
595,0.56844056,1,10,2) rare (6-20),0.22668917,0.10960946,1.0,6.081797342527702
596,0.5779383,0,3,1) very rare (1-5),0.38452104,0.10673033,0.75,3.095678747831772
597,0.9799714,0,274,4) very common (100+),0.78356445,0.08643535,1.0,1.9940288453745723
598,0.16399233,0,2,1) very rare (1-5),0.10069704,0.044474196,0.45,5.685511417981811
599,0.56690365,0,21,3) common (21-100),0.25438923,0.106435396,0.95,5.086470390738887
600,0.25731358,1,17,2) rare (6-20),0.10513078,0.049663443,0.8,6.373447308801213
601,0.11655834,1,1,1) very rare (1-5),0.039125342,0.02073236,0.85,7.7408723080869
602,0.6692253,1,78,3) common (21-100),0.55948114,0.117942065,0.9,1.8952083561418132
603,0.84716386,1,78,3) common (21-100),0.6245638,0.14113943,1.0,2.489270781143422
604,0.62669224,0,105,4) very common (100+),0.2818558,0.10703697,0.85,5.535841557780474
605,0.9195702,0,10,2) rare (6-20),0.6641251,0.13387793,1.0,2.8495168653980807
606,0.8091112,1,3,1) very rare (1-5),0.5452884,0.12303326,0.95,3.5768440833630772
607,0.8240356,0,79,3) common (21-100),0.5215546,0.13513687,1.0,4.114608159960294
608,0.76666284,0,275,4) very common (100+),0.3772562,0.12018595,1.0,4.535796383459605
609,0.5584664,0,12,2) rare (6-20),0.22939715,0.10738054,1.0,6.505710188069469
610,0.438457,1,124,4) very common (100+),0.28068358,0.10571,0.8,4.148957608631194
611,0.81286746,0,1,1) very rare (1-5),0.5458847,0.14983566,1.0,2.691605970695314
612,0.18059248,1,25,3) common (21-100),0.078551084,0.051528472,0.7,7.075771506964195
613,0.38773653,1,1,1) very rare (1-5),0.17487587,0.112624295,1.0,6.708911998416339
614,0.64343005,0,5,1) very rare (1-5),0.2841002,0.11103411,1.0,5.709186582572151
615,0.47976333,1,142,4) very common (100+),0.23286124,0.10532819,0.95,5.810283939282175
616,0.023806514,1,0,1) very rare (1-5),0.013924703,0.006525733,0.5,8.15463023635415
617,0.6600309,1,76,3) common (21-100),0.31847933,0.10353856,1.0,5.396658880072092
618,0.2513068,0,159,4) very common (100+),0.12743708,0.056365557,0.65,6.505825510707198
619,0.7997423,0,106,4) very common (100+),0.53718245,0.13936774,1.0,2.728100042680211
620,0.44136742,1,5,1) very rare (1-5),0.20554209,0.07380746,0.85,5.889186450577662
621,0.4221554,0,14,2) rare (6-20),0.25373578,0.069808334,0.85,4.3666524385717524
622,0.024533221,1,0,1) very rare (1-5),0.019407298,0.009936189,0.3,7.982643247880968
623,0.1730648,1,10,2) rare (6-20),0.06248302,0.033962537,1.0,8.004375229429012
624,0.27999252,0,5,1) very rare (1-5),0.116950855,0.061594095,0.85,6.6030108926058535
625,0.1327308,1,86,3) common (21-100),0.1112235,0.029367883,0.25,6.066341999733555
626,0.013011423,1,79,3) common (21-100),0.010512567,0.0056037116,0.3,8.438253490352295
627,0.28853527,1,8,2) rare (6-20),0.21683982,0.05031995,0.5,4.479788787009586
628,0.83834237,1,38,3) common (21-100),0.53847027,0.16552937,1.0,3.2053491279913002
629,0.46258312,0,6,2) rare (6-20),0.27421203,0.0918251,0.6,4.825519803265008
630,0.28430116,1,1,1) very rare (1-5),0.11840061,0.06018882,0.9,6.794058865521374
631,0.10445769,1,3,1) very rare (1-5),0.05083201,0.022246078,0.4,7.184337149984254
632,0.97899854,0,12,2) rare (6-20),0.8984392,0.059554033,1.0,0.7962188873807441
633,0.26608312,1,9,2) rare (6-20),0.17148277,0.06676797,0.65,5.502966329437145
634,0.15059628,1,0,1) very rare (1-5),0.102473415,0.04119781,0.45,5.48499490539257
635,0.39488235,1,2,1) very rare (1-5),0.28046486,0.06887205,0.5,4.524712875808342
636,0.86120635,0,23,3) common (21-100),0.5388049,0.1645356,1.0,3.5721532061689043
637,0.15390632,1,0,1) very rare (1-5),0.08804111,0.02422282,0.55,6.368201379654026
638,0.14879459,1,0,1) very rare (1-5),0.06467227,0.01947092,0.45,7.235481872982854
639,0.29865164,0,2,1) very rare (1-5),0.12785664,0.06345884,0.9,6.930991650009463
640,0.35373154,0,82,3) common (21-100),0.26069152,0.056553017,0.6,4.466481204207412
641,0.55473155,0,2,1) very rare (1-5),0.30313632,0.117903836,1.0,4.86887610011785
642,0.2131209,1,0,1) very rare (1-5),0.08983491,0.04433546,0.65,6.744474682724821
643,0.2694045,1,1,1) very rare (1-5),0.110458896,0.0547377,0.95,7.031960248107923
644,0.31645367,1,94,3) common (21-100),0.16574854,0.058149446,0.45,5.3848551522207995
645,0.7548053,0,2,1) very rare (1-5),0.49311432,0.11622258,1.0,3.3743324485936426
646,0.15006699,1,22,3) common (21-100),0.11465736,0.040421274,0.5,6.002778902187534
647,0.13316798,0,4,1) very rare (1-5),0.043330304,0.018970264,0.65,7.6373212337247605
648,0.4220211,1,85,3) common (21-100),0.22731633,0.11050898,0.6,5.13651790435584
649,0.70514846,0,13,2) rare (6-20),0.31157392,0.097640134,1.0,6.0312667816677195
650,0.4758576,0,15,2) rare (6-20),0.24292609,0.079823665,0.85,5.679438552584872
651,0.17993458,1,1,1) very rare (1-5),0.10916634,0.041298836,0.55,5.899400736035471
652,0.5366241,1,1,1) very rare (1-5),0.27693874,0.09589344,0.85,4.743194226377533
653,0.10012549,0,9,2) rare (6-20),0.049669646,0.021852188,0.35,7.158283196014436
654,0.12789384,1,0,1) very rare (1-5),0.055732198,0.025313087,0.45,7.192801457917421
655,0.014015667,1,0,1) very rare (1-5),0.011497931,0.005192534,0.25,8.235325447872231
656,0.77059954,1,8,2) rare (6-20),0.45520014,0.17052282,1.0,4.4036221456802
657,0.65642196,1,268,4) very common (100+),0.3877395,0.10170128,0.8,3.7755371701682274
658,0.24210125,1,18,2) rare (6-20),0.17065367,0.07400881,0.45,5.607287105452072
659,0.1386135,1,0,1) very rare (1-5),0.052474357,0.027396126,0.9,7.2693737504259275
660,0.35288066,1,6,2) rare (6-20),0.22911279,0.0639456,0.75,4.752174186802517
661,0.24698755,1,275,4) very common (100+),0.07737089,0.05049849,1.0,7.70856255624323
662,0.45876098,1,8,2) rare (6-20),0.30093837,0.091347165,0.6,4.509442218734524
663,0.5015408,0,0,1) very rare (1-5),0.35055834,0.107382506,0.9,3.814613814266567
664,0.20860809,0,5,1) very rare (1-5),0.093674436,0.059235584,0.65,7.131648093017264
665,0.4564981,1,0,1) very rare (1-5),0.23837788,0.10506473,0.6,5.732585424932924
666,0.55003417,0,100,3) common (21-100),0.42628297,0.098108664,0.6,3.59384083523398
667,0.405787,1,1,1) very rare (1-5),0.27692086,0.083045416,0.7,3.4473483900496618
668,0.93006337,0,118,4) very common (100+),0.753265,0.13670158,1.0,1.7606095649234246
669,0.60740167,0,106,4) very common (100+),0.29467943,0.11044365,0.8,4.731334664164625
670,0.17287444,0,0,1) very rare (1-5),0.105140924,0.025631363,0.65,6.061053443995541
671,0.71936744,0,19,2) rare (6-20),0.53361344,0.1591476,0.85,2.607058600057938
672,0.10672491,1,3,1) very rare (1-5),0.050227426,0.017349252,0.6,7.239177128999627
673,0.79828507,0,1070,4) very common (100+),0.6674451,0.12456987,1.0,2.008840255066594
674,0.31319937,0,0,1) very rare (1-5),0.14344758,0.058821592,0.9,5.861769480797432
675,0.41379288,1,28,3) common (21-100),0.19573101,0.082681276,0.8,5.797408715252459
676,0.41687438,0,5,1) very rare (1-5),0.21813652,0.090438426,0.95,5.245675378682907
677,0.5095714,1,0,1) very rare (1-5),0.34732392,0.08215922,1.0,3.9038149608174546
678,0.13194144,1,1290,4) very common (100+),0.112339556,0.035550673,0.35,5.981396244680565
679,0.62816185,0,1000,4) very common (100+),0.3659844,0.10792961,1.0,4.724974320694999
680,0.20082647,1,7,2) rare (6-20),0.10721592,0.0323791,0.55,6.42037356321466
681,0.3114392,1,0,1) very rare (1-5),0.123958424,0.058695033,0.7,6.448562600653065
682,0.21016268,1,2,1) very rare (1-5),0.076642126,0.028723966,0.95,7.491612948036819
683,0.8678322,0,421,4) very common (100+),0.5200784,0.16631526,1.0,3.9669082234306
684,0.22983702,1,0,1) very rare (1-5),0.13666396,0.062631086,0.55,5.443184758444108
685,0.41407436,0,89,3) common (21-100),0.14531374,0.098465614,0.95,6.883887486826694
686,0.059334338,1,0,1) very rare (1-5),0.020447562,0.007859432,0.55,7.979239869537613
687,0.07282159,0,1,1) very rare (1-5),0.052752115,0.030328522,0.3,7.149591075104055
688,0.930828,1,0,1) very rare (1-5),0.6026081,0.09558777,1.0,3.6400384241633024
689,0.053794526,1,2,1) very rare (1-5),0.02823402,0.010561751,0.25,7.860238866782476
690,0.23550579,1,0,1) very rare (1-5),0.121307194,0.050953932,0.85,6.3556716866685665
691,0.2557933,1,13,2) rare (6-20),0.09952921,0.0550856,1.0,7.125452641385667
692,0.8427599,0,106,4) very common (100+),0.53686,0.1200309,1.0,3.5193792621556845
693,0.36465234,0,7,2) rare (6-20),0.1502628,0.068746164,0.95,6.201767650684589
694,0.6478469,1,28,3) common (21-100),0.39629915,0.102680355,0.9,3.8097728439502854
695,0.32709178,1,7,2) rare (6-20),0.25657043,0.08904889,0.45,3.6095430220139475
696,0.21366107,1,70,3) common (21-100),0.13377452,0.06494813,0.5,5.849938308818288
697,0.085497685,0,7,2) rare (6-20),0.046070583,0.011775583,0.25,6.958532910634474
698,0.54153305,0,82,3) common (21-100),0.27597994,0.10407439,0.9,4.817691647709736
699,0.32324794,0,7,2) rare (6-20),0.22193353,0.079640955,0.45,5.403522971842145
700,0.82746625,0,5,1) very rare (1-5),0.54744077,0.14262094,1.0,3.5706791593284577
701,0.84323204,1,107,4) very common (100+),0.5254455,0.14127456,1.0,3.0594805442566617
702,0.3220997,1,7,2) rare (6-20),0.15589823,0.065480895,0.85,6.033134549139962
703,0.50218713,1,1,1) very rare (1-5),0.27665776,0.11986869,0.9,5.534801659497537
704,0.83123976,0,7,2) rare (6-20),0.47168913,0.12179007,1.0,4.599204810834434
705,0.7758934,1,372,4) very common (100+),0.5614852,0.15749821,1.0,2.5339581035236827
706,0.05244362,1,0,1) very rare (1-5),0.022988012,0.020865884,0.75,8.205571925705494
707,0.087498285,1,2,1) very rare (1-5),0.05769854,0.019052073,0.6,6.739634880009786
708,0.1423515,1,20,2) rare (6-20),0.07369358,0.032458063,0.6,6.745187208642726
709,0.88036776,0,261,4) very common (100+),0.51829195,0.1478604,1.0,4.119736264265785
710,0.06712034,1,0,1) very rare (1-5),0.045875277,0.018375918,0.4,7.168747823057856
711,0.15112153,0,3,1) very rare (1-5),0.0830037,0.03296894,0.4,5.999256005725914
712,0.7051059,0,3,1) very rare (1-5),0.33372805,0.088011794,1.0,5.242602913734771
713,0.4755994,0,96,3) common (21-100),0.21042323,0.09860876,1.0,6.395458480242541
714,0.31257066,1,66,3) common (21-100),0.21772258,0.08942734,0.55,5.112569382811537
715,0.293264,0,44,3) common (21-100),0.09108939,0.031581458,0.85,7.280238054285694
716,0.3959912,1,268,4) very common (100+),0.16747837,0.06022099,0.85,5.980095384767673
717,0.92015666,1,1290,4) very common (100+),0.661543,0.12155127,1.0,2.5495092999810387
718,0.640489,0,6,2) rare (6-20),0.2321649,0.09521367,1.0,6.368386597140069
719,0.36963686,1,4,1) very rare (1-5),0.26194805,0.11869132,0.75,4.287877612891938
720,0.6444921,0,12,2) rare (6-20),0.48228025,0.16533594,1.0,2.374234035026504
721,0.34926307,0,4,1) very rare (1-5),0.17993513,0.067456394,0.95,5.152851531227274
722,0.36935574,0,111,4) very common (100+),0.27327594,0.09386134,0.7,4.548743799687191
723,0.70302826,0,1070,4) very common (100+),0.46162686,0.13149005,1.0,3.554295615275966
724,0.6686818,0,15,2) rare (6-20),0.64416444,0.10772804,0.75,1.6095402190064516
725,0.33830246,1,1,1) very rare (1-5),0.17005384,0.061636582,0.85,5.822770041144856
726,0.49160886,0,275,4) very common (100+),0.25242957,0.087595336,0.95,4.743175327019078
727,0.2428498,0,1,1) very rare (1-5),0.11259004,0.050947066,0.65,6.343877233590139
728,0.0820671,1,0,1) very rare (1-5),0.03669147,0.019937646,0.85,7.860611398143482
729,0.77848524,1,1070,4) very common (100+),0.544406,0.12484206,0.95,3.0951296426841446
730,0.06889784,1,275,4) very common (100+),0.05299325,0.016871713,0.4,6.981247794263039
731,0.44844314,0,142,4) very common (100+),0.41727272,0.12514563,0.55,3.3299653769771935
732,0.54022294,1,41,3) common (21-100),0.47374305,0.10462249,0.55,2.6495939935479327
733,0.025569092,1,0,1) very rare (1-5),0.013385795,0.006246091,0.55,8.326939201562471
734,0.22188844,1,107,4) very common (100+),0.13462368,0.048300046,0.45,5.638844250028495
735,0.18880236,0,6,2) rare (6-20),0.11111804,0.04365595,0.6,6.706455344491866
736,0.5053845,1,1,1) very rare (1-5),0.26357144,0.10229402,0.8,5.48629265026168
737,0.8862679,0,39,3) common (21-100),0.5968744,0.15567234,1.0,2.8552393547308443
738,0.24554181,0,1,1) very rare (1-5),0.12401907,0.05972647,0.85,6.006152018677982
739,0.5227195,1,17,2) rare (6-20),0.30888325,0.121970885,0.95,3.5189601872149936
740,0.33804995,0,15,2) rare (6-20),0.25741845,0.07790367,0.6,3.4461992524136877
741,0.08664187,1,70,3) common (21-100),0.05384351,0.03066898,0.35,6.858252524608634
742,0.7889462,0,1070,4) very common (100+),0.5780962,0.1495429,1.0,2.9307535320508475
743,0.30552894,1,0,1) very rare (1-5),0.092625655,0.0399368,0.9,6.699206757361328
744,0.8100458,1,4,1) very rare (1-5),0.4017282,0.12230391,1.0,4.9562807034815
745,0.8198516,0,60,3) common (21-100),0.42414936,0.11862097,1.0,5.018465690672458
746,0.80156845,0,2,1) very rare (1-5),0.50226605,0.14944603,0.95,3.635240266288373
747,0.41231155,0,4,1) very rare (1-5),0.23938668,0.056542475,0.65,4.752084025964496
748,0.24406762,1,17,2) rare (6-20),0.100623,0.06600941,0.8,7.053286487065328
749,0.15804836,0,0,1) very rare (1-5),0.066333935,0.025060415,0.55,7.265136209237447
750,0.82823193,1,0,1) very rare (1-5),0.45281467,0.18967272,1.0,5.000276355471043
751,0.89921284,0,15,2) rare (6-20),0.65640104,0.1175792,1.0,2.2496679233992984
752,0.7805625,0,0,1) very rare (1-5),0.3362858,0.1558077,1.0,5.420462636923812
753,0.8458081,0,1000,4) very common (100+),0.48117596,0.17159043,1.0,4.390126757736436
754,0.43893334,1,20,2) rare (6-20),0.3556222,0.112022795,0.65,3.8533573403787362
755,0.9230062,0,12,2) rare (6-20),0.74913776,0.09106678,1.0,1.4568428945551481
756,0.77142817,0,237,4) very common (100+),0.38327992,0.13286312,1.0,5.147237883423036
757,0.904551,0,9,2) rare (6-20),0.65847665,0.14260207,1.0,2.07212910699899
758,0.47044078,1,47,3) common (21-100),0.23240697,0.08838718,0.9,5.5597074160632385
759,0.352566,0,10,2) rare (6-20),0.22417279,0.10098732,0.5,5.18401090393877
760,0.93048555,0,421,4) very common (100+),0.7787848,0.10928613,1.0,1.637788461481356
761,0.045565665,1,261,4) very common (100+),0.028076613,0.014266722,0.3,7.718898272435963
762,0.13848096,1,58,3) common (21-100),0.07356091,0.037946556,0.75,6.961193903248212
763,0.778814,1,1290,4) very common (100+),0.73336446,0.11035866,0.95,1.1088863368196311
764,0.74304605,0,102,4) very common (100+),0.50271755,0.13800709,0.9,3.153074771535647
765,0.4329463,0,6,2) rare (6-20),0.18947306,0.07359188,0.9,5.777787097648491
766,0.9769514,0,223,4) very common (100+),0.8499411,0.059178337,1.0,1.2879790135218139
767,0.070062436,0,0,1) very rare (1-5),0.03525395,0.018797638,0.75,8.025812597888029
768,0.82791877,0,1070,4) very common (100+),0.51574504,0.15868525,1.0,3.7596136685178294
769,0.924326,0,22,3) common (21-100),0.68302613,0.13479371,1.0,2.545324123475475
770,0.9527835,0,94,3) common (21-100),0.7574709,0.11999998,1.0,1.9146209044180194
771,0.6030932,1,99,3) common (21-100),0.45302862,0.08756241,0.75,2.148798603898373
772,0.43085173,1,23,3) common (21-100),0.19649138,0.0936508,0.8,5.59071061348518
773,0.8489638,1,0,1) very rare (1-5),0.60411966,0.12848546,1.0,2.4862581346636734
774,0.070822775,0,81,3) common (21-100),0.042229645,0.0147958305,0.35,7.2091364311475274
775,0.99037254,0,39,3) common (21-100),0.89522964,0.056244694,1.0,0.9883135449981606
776,0.1502063,1,1,1) very rare (1-5),0.06751428,0.03202375,0.5,7.289677941243795
777,0.33007792,0,47,3) common (21-100),0.19806673,0.07133669,0.5,5.879002297424501
778,0.20613162,0,0,1) very rare (1-5),0.15519562,0.05770309,0.4,5.645442742246235
779,0.7957611,0,118,4) very common (100+),0.48430604,0.15987551,1.0,4.238238580928683
780,0.5932133,0,4,1) very rare (1-5),0.2584036,0.113346785,1.0,5.70048152961448
781,0.35664254,1,275,4) very common (100+),0.14601263,0.0647405,0.75,6.186341335535282
782,0.6106406,1,0,1) very rare (1-5),0.2242407,0.06991668,1.0,5.691021373963832
783,0.2797348,1,36,3) common (21-100),0.12951599,0.049168274,0.85,5.865678824531883
784,0.22674511,0,40,3) common (21-100),0.08467452,0.02772309,0.5,7.0575754908498585
785,0.6271512,1,2,1) very rare (1-5),0.31822056,0.13826647,0.95,4.9159563555968315
786,0.8991955,1,19,2) rare (6-20),0.66401446,0.094215095,1.0,2.8186022701119495
787,0.07298244,0,1000,4) very common (100+),0.05084456,0.019773798,0.3,6.95443370959831
788,0.58822304,1,90,3) common (21-100),0.46922293,0.115681924,0.9,2.7201737213595454
789,0.69294584,0,1290,4) very common (100+),0.34644377,0.10915318,0.95,4.779881118264246
790,0.57739234,1,0,1) very rare (1-5),0.3640534,0.10340821,0.9,3.624402523258135
791,0.66511804,1,1290,4) very common (100+),0.46214002,0.09317157,0.75,3.3691984175452863
792,0.21077855,0,0,1) very rare (1-5),0.1267315,0.05928728,0.5,6.100600354663029
793,0.33228824,0,700,4) very common (100+),0.09530372,0.042781033,0.85,7.4372358190370615
794,0.94130236,0,44,3) common (21-100),0.73110443,0.09804913,1.0,2.2265517937373436
795,0.4894894,1,100,3) common (21-100),0.5086122,0.08903973,0.6,1.6395156029718674
796,0.444051,1,0,1) very rare (1-5),0.15796813,0.09438528,1.0,6.509831594159553
797,0.0117712235,1,0,1) very rare (1-5),0.010721306,0.003910988,0.2,8.286831114795412
798,0.6018245,1,0,1) very rare (1-5),0.2585061,0.12770344,1.0,6.00042141260257
799,0.27515316,1,0,1) very rare (1-5),0.14756188,0.061159536,0.85,5.790182725713253
800,0.051478826,1,372,4) very common (100+),0.032108918,0.012115809,0.4,7.586759976585609
801,0.36176655,0,30,3) common (21-100),0.15757287,0.07398287,0.65,5.9409634595553875
802,0.9689399,0,421,4) very common (100+),0.7671632,0.110102415,1.0,2.120037627066372
803,0.8468872,1,47,3) common (21-100),0.51321995,0.16203052,1.0,3.676826398879676
804,0.6190631,1,66,3) common (21-100),0.40342808,0.14312014,0.8,4.1334997151948265
805,0.683163,0,15,2) rare (6-20),0.3926969,0.15526107,1.0,3.9764717264672407
806,0.71219903,0,14,2) rare (6-20),0.42422763,0.13089219,0.85,3.616237156222661
807,0.71730125,0,5,1) very rare (1-5),0.53966373,0.10252304,0.9,1.971045385709502
808,0.76569474,0,14,2) rare (6-20),0.3837563,0.13088848,1.0,5.103783287270921
809,0.26822126,1,86,3) common (21-100),0.18620412,0.09608783,0.55,5.378542530100807
810,0.046013035,1,0,1) very rare (1-5),0.028764928,0.013198492,0.5,7.85669703887417
811,0.35728678,1,19,2) rare (6-20),0.15768462,0.07864749,0.95,6.307802108528982
812,0.29077482,1,1,1) very rare (1-5),0.15731129,0.065078236,0.65,5.472011924752149
813,0.9390166,0,108,4) very common (100+),0.740826,0.11564024,1.0,2.103084320015949
814,0.34809455,1,118,4) very common (100+),0.2970267,0.08152443,0.65,3.213295528051657
815,0.2435541,0,41,3) common (21-100),0.12627628,0.042886727,0.5,6.191445360312815
816,0.18647166,1,108,4) very common (100+),0.12722132,0.05944785,0.5,6.460535405117685
817,0.93008226,1,0,1) very rare (1-5),0.65490913,0.17138882,1.0,3.274660056816498
818,0.9941075,0,421,4) very common (100+),0.9473907,0.030638313,1.0,0.4692770571472627
819,0.44292066,0,13,2) rare (6-20),0.21382399,0.08815902,0.9,5.679721002254711
820,0.15801124,1,1,1) very rare (1-5),0.095761076,0.04698394,0.7,6.606068223362108
821,0.4308346,1,2,1) very rare (1-5),0.26563996,0.06395632,0.95,4.029046262502744
822,0.8946727,1,275,4) very common (100+),0.75307095,0.12132892,0.9,1.161809913360703
823,0.9210701,0,700,4) very common (100+),0.6759993,0.085224174,1.0,2.764575051914405
824,0.14319316,1,0,1) very rare (1-5),0.11407697,0.048850447,0.7,5.9610014481705935
825,0.40057054,1,1,1) very rare (1-5),0.15998049,0.07769223,1.0,6.779655257895079
826,0.8356562,0,1,1) very rare (1-5),0.46238756,0.14155266,1.0,4.5915453100872075
827,0.45023966,1,700,4) very common (100+),0.30703014,0.09519075,0.8,4.410893078393487
828,0.8693848,0,1,1) very rare (1-5),0.6314596,0.114396006,1.0,2.374607886091867
829,0.546321,0,68,3) common (21-100),0.28110403,0.126354,0.9,4.930754113903632
830,0.31015703,1,11,2) rare (6-20),0.15745537,0.041870527,0.75,5.115231842376282
831,0.26947826,1,18,2) rare (6-20),0.148588,0.07200848,0.65,6.339944839572234
832,0.7059939,0,1,1) very rare (1-5),0.298423,0.12367058,1.0,6.115986114337636
833,0.9790852,0,105,4) very common (100+),0.88600504,0.07146053,1.0,1.0908918376093621
834,0.9031048,0,15,2) rare (6-20),0.63690436,0.13719012,1.0,3.0513108035508845
835,0.060209982,1,1,1) very rare (1-5),0.04812833,0.017414115,0.35,7.176876770530388
836,0.46208557,1,70,3) common (21-100),0.22833034,0.071324416,0.75,5.180814274570466
837,0.6502425,0,1000,4) very common (100+),0.3322481,0.1192293,0.95,4.432702375618817
838,0.1334023,1,3,1) very rare (1-5),0.10306022,0.039671462,0.25,5.717018841173058
839,0.41448334,1,372,4) very common (100+),0.21769568,0.09809686,0.7,5.406014059079004
840,0.9568944,0,142,4) very common (100+),0.85453475,0.06134602,1.0,0.987809894801537
841,0.06366172,1,0,1) very rare (1-5),0.036788367,0.015682226,0.55,7.3680469080601245
842,0.99681216,0,1000,4) very common (100+),0.9704272,0.024051305,1.0,0.19907134795469245
843,0.3072949,1,58,3) common (21-100),0.21873958,0.09227808,0.45,4.979913701288922
844,0.48764932,0,70,3) common (21-100),0.27836594,0.09693284,0.7,4.767459525170663
845,0.09455392,0,84,3) common (21-100),0.066792585,0.022300161,0.55,6.644798286931469
846,0.9121816,0,100,3) common (21-100),0.5981353,0.15751009,1.0,3.1924444757929695
847,0.5244037,0,121,4) very common (100+),0.3914516,0.103315555,0.6,3.5312165962422406
848,0.23098102,1,0,1) very rare (1-5),0.13244317,0.054751746,0.5,6.280054322917678
849,0.29132563,1,22,3) common (21-100),0.113052346,0.05295484,0.85,7.1171552744163655
850,0.8255489,0,182,4) very common (100+),0.5409452,0.12914412,1.0,3.6988274986894325
851,0.9098227,0,14,2) rare (6-20),0.68419105,0.09702846,1.0,2.1673589158802047
852,0.27573144,1,36,3) common (21-100),0.12831318,0.03656067,0.5,6.6509092841407265
853,0.6318053,1,1,1) very rare (1-5),0.26236027,0.13728505,1.0,6.584623943723854
854,0.2099535,1,0,1) very rare (1-5),0.15604192,0.046107344,0.45,5.069803365184086
855,0.6799836,0,100,3) common (21-100),0.34164768,0.12971246,1.0,5.244017613904484
856,0.4303267,1,20,2) rare (6-20),0.14316738,0.07221924,0.9,6.813710994210846
857,0.6811881,1,3,1) very rare (1-5),0.47407883,0.11131442,1.0,3.022260201267217
858,0.33148342,1,17,2) rare (6-20),0.12233138,0.03576263,0.75,7.006388809748801
859,0.09575418,1,4,1) very rare (1-5),0.05264777,0.017091412,0.65,7.208250899838991
860,0.51564854,1,6,2) rare (6-20),0.18273894,0.049275853,1.0,6.095975575565743
861,0.9717952,0,35,3) common (21-100),0.8735914,0.06911813,1.0,0.9987715343474666
862,0.8276422,0,1,1) very rare (1-5),0.4368933,0.15986729,1.0,4.829767674940216
863,0.7347065,0,274,4) very common (100+),0.71910465,0.128807,0.8,0.8938511340942242
864,0.89038724,0,121,4) very common (100+),0.6090791,0.10422412,1.0,3.2728367599398083
865,0.1372243,0,0,1) very rare (1-5),0.07937376,0.019454394,0.45,6.8105880589347265
866,0.07413213,0,0,1) very rare (1-5),0.050135475,0.014446297,0.3,7.005947733291132
867,0.3547465,0,7,2) rare (6-20),0.1935244,0.08672654,0.8,5.205358869245594
868,0.9300543,0,700,4) very common (100+),0.7501278,0.13734674,0.95,1.5187408208677682
869,0.6307223,0,79,3) common (21-100),0.29126137,0.08057194,0.95,5.147404338362648
870,0.38087678,0,17,2) rare (6-20),0.32505032,0.09699096,0.65,3.675890828241812
871,0.69558865,0,14,2) rare (6-20),0.31590968,0.105112456,1.0,5.544500104744435
872,0.16944171,1,0,1) very rare (1-5),0.06829888,0.04207184,0.35,6.934738411233515
873,0.9533921,0,24,3) common (21-100),0.78026885,0.105582096,1.0,1.5131772417402038
874,0.98843247,1,0,1) very rare (1-5),0.9077014,0.04129487,1.0,0.751309509233784
875,0.086814046,0,0,1) very rare (1-5),0.063908234,0.033517428,0.5,6.840385297744419
876,0.34027475,0,237,4) very common (100+),0.14796773,0.08584209,0.8,6.104847826499191
877,0.4416965,0,21,3) common (21-100),0.21551728,0.09465436,1.0,5.32538860919752
878,0.06287118,1,79,3) common (21-100),0.033153847,0.016235739,0.4,7.881035505769482
879,0.5629661,1,0,1) very rare (1-5),0.45492214,0.08691155,0.75,2.2589862413413146
880,0.3645641,1,1,1) very rare (1-5),0.18353239,0.074715905,0.8,5.618409744014046
881,0.29856566,1,36,3) common (21-100),0.21796794,0.10593666,0.75,4.6448053989786695
882,0.5895055,1,30,3) common (21-100),0.28319794,0.099863954,1.0,5.146720786101567
883,0.16490941,1,343,4) very common (100+),0.06536058,0.035619102,0.7,7.272893859384945
884,0.5274186,0,372,4) very common (100+),0.20409903,0.07726579,0.95,6.480459965793924
885,0.14699484,1,0,1) very rare (1-5),0.07445303,0.042799365,0.55,6.916868029763065
886,0.024285441,1,4,1) very rare (1-5),0.0262899,0.007917524,0.2,7.493015117425049
887,0.95399386,1,0,1) very rare (1-5),0.6658227,0.11941477,1.0,3.116204964048303
888,0.25024444,0,8,2) rare (6-20),0.1472807,0.058760375,0.55,4.96185260266825
889,0.9802325,0,78,3) common (21-100),0.9100386,0.059662364,1.0,0.6240255183947097
890,0.20914282,1,1,1) very rare (1-5),0.16581497,0.06636191,0.5,5.5046641329322
891,0.98237926,0,89,3) common (21-100),0.82840776,0.070208706,1.0,1.6922424077723266
892,0.86649424,1,0,1) very rare (1-5),0.48566955,0.17118806,1.0,4.638353793493791
893,0.14880542,0,372,4) very common (100+),0.064476505,0.024877492,0.6,7.410792787785679
894,0.30933258,1,18,2) rare (6-20),0.20074491,0.06570847,0.6,5.231174829225765
895,0.67047334,1,28,3) common (21-100),0.47254276,0.13403797,0.9,3.26384328436638
896,0.2587251,1,71,3) common (21-100),0.21992247,0.0771759,0.55,4.550044391295733
897,0.55056363,1,14,2) rare (6-20),0.30680147,0.09710234,0.75,4.8499507319665085
898,0.52053946,0,1,1) very rare (1-5),0.26028687,0.13727777,1.0,5.94204444740047
899,0.17618468,0,0,1) very rare (1-5),0.059387576,0.026909338,0.8,7.443625618543509
900,0.3866408,1,268,4) very common (100+),0.19485861,0.08003086,0.85,5.3917059281732005
901,0.540191,1,4,1) very rare (1-5),0.3077736,0.11283398,0.9,4.455941274334956
902,0.3141903,0,2,1) very rare (1-5),0.18953714,0.06292665,0.75,5.456420611214385
903,0.6923584,0,1070,4) very common (100+),0.6538137,0.123224,0.8,1.6871112826671917
904,0.6323953,0,7,2) rare (6-20),0.28815895,0.090415835,1.0,5.535707093910377
905,0.01950471,1,275,4) very common (100+),0.016243143,0.0085901255,0.25,8.062144098738333
906,0.1754176,1,17,2) rare (6-20),0.08675958,0.025761534,0.7,6.929143439865286
907,0.58830804,1,63,3) common (21-100),0.33835354,0.11212977,0.75,4.7213793506923745
908,0.93407166,0,63,3) common (21-100),0.7236265,0.10065624,1.0,2.348492946160871
909,0.38423407,0,1290,4) very common (100+),0.17570844,0.06553589,0.95,6.2300301615756934
910,0.55359864,0,13,2) rare (6-20),0.21356702,0.11060813,0.95,6.080715308246203
911,0.78392166,0,17,2) rare (6-20),0.4533922,0.14468093,0.95,3.791634302696651
912,0.25243476,1,1290,4) very common (100+),0.19192424,0.065604515,0.65,5.533131915410149
913,0.43493226,0,2,1) very rare (1-5),0.13173373,0.06671369,0.9,6.585571414758897
914,0.5531774,0,6,2) rare (6-20),0.25511333,0.070346646,1.0,5.433063243691249
915,0.7509898,0,18,2) rare (6-20),0.38166037,0.10485449,1.0,4.303118722337651
916,0.053572927,1,178,4) very common (100+),0.028438797,0.00986206,0.35,7.655552793334096
917,0.55228144,1,0,1) very rare (1-5),0.2953548,0.09718272,0.8,4.9413896381965134
918,0.83189,0,166,4) very common (100+),0.70775485,0.12928802,0.95,1.6321023588053079
919,0.7484377,0,1290,4) very common (100+),0.5788891,0.14072947,0.95,2.688297668714915
920,0.69097716,0,82,3) common (21-100),0.3913398,0.13071214,0.85,3.980931288611989
921,0.05902051,1,0,1) very rare (1-5),0.049684804,0.021077173,0.3,6.904921757096328
922,0.98661697,0,1000,4) very common (100+),0.8926843,0.040145732,1.0,0.8748133075115792
923,0.52268887,0,105,4) very common (100+),0.2644518,0.08823412,0.8,5.216768483008001
924,0.9454329,0,118,4) very common (100+),0.7315573,0.12023147,1.0,1.9562355593808651
925,0.484491,1,23,3) common (21-100),0.23399472,0.07799557,0.95,5.216582700984461
926,0.56182635,1,4,1) very rare (1-5),0.22964318,0.12190137,1.0,6.550568003710291
927,0.94078815,0,4,1) very rare (1-5),0.7429199,0.104083404,1.0,2.2539365988619027
928,0.8749554,1,343,4) very common (100+),0.71612567,0.118414044,1.0,1.744664090496275
929,0.22951025,0,2,1) very rare (1-5),0.16526642,0.053285666,0.5,5.005623751055262
930,0.4420375,0,275,4) very common (100+),0.17285088,0.10698326,1.0,6.556795249014895
931,0.15457532,1,20,2) rare (6-20),0.089404985,0.03020095,0.55,6.796041803701822
932,0.10838387,1,11,2) rare (6-20),0.0842928,0.03580423,0.45,5.854453987359135
933,0.1200413,0,1,1) very rare (1-5),0.07052054,0.023520172,0.35,6.630920539056571
934,0.4462918,1,6,2) rare (6-20),0.2060306,0.071050964,0.95,5.566165046162416
935,0.5858694,1,0,1) very rare (1-5),0.23274016,0.09260044,1.0,6.045586144805446
936,0.9351962,0,18,2) rare (6-20),0.7675915,0.086016305,1.0,1.6807117507352178
937,0.4680859,1,13,2) rare (6-20),0.28140834,0.09526461,0.85,4.385474934482718
938,0.8845904,0,1290,4) very common (100+),0.54206073,0.16618375,1.0,3.323360316163509
939,0.049272016,1,0,1) very rare (1-5),0.025533486,0.010680946,0.6,7.81867930544373
940,0.45497033,1,0,1) very rare (1-5),0.30919033,0.13310406,0.85,4.138056670561943
941,0.10539866,1,1,1) very rare (1-5),0.049061697,0.022955282,0.5,7.418006809585369
942,0.42620516,0,5,1) very rare (1-5),0.20170343,0.08448705,0.95,5.979371042328547
943,0.30004665,0,28,3) common (21-100),0.14223373,0.0717893,0.7,6.638428112671381
944,0.4513628,0,261,4) very common (100+),0.41621056,0.09698138,0.6,3.9962023509191367
945,0.8327497,0,178,4) very common (100+),0.6170519,0.1281207,0.95,2.4882734844079484
946,0.091132365,1,0,1) very rare (1-5),0.05584257,0.026670003,0.45,7.612480591217764
947,0.35419604,1,6,2) rare (6-20),0.15803263,0.07933855,0.85,6.425440149133926
948,0.03992828,1,0,1) very rare (1-5),0.020479117,0.013168703,0.5,8.075791418013821
949,0.476504,0,69,3) common (21-100),0.3604923,0.12473788,0.7,4.232644365777848
950,0.07490533,0,0,1) very rare (1-5),0.041083913,0.021992454,0.35,7.511003856970625
951,0.20781907,0,5,1) very rare (1-5),0.107202604,0.049957253,0.8,6.468837863063561
952,0.7350291,0,223,4) very common (100+),0.54659015,0.12136206,0.85,2.7726631238982766
953,0.50078166,1,12,2) rare (6-20),0.55422455,0.076170154,0.75,1.6576411071625874
954,0.19940025,1,111,4) very common (100+),0.07888386,0.04383413,0.65,6.790460395774462
955,0.17984289,0,159,4) very common (100+),0.110851645,0.027870784,0.45,6.132848516985894
956,0.79857403,0,90,3) common (21-100),0.4128301,0.15082073,1.0,4.6320460475991005
957,0.38569117,1,44,3) common (21-100),0.39640877,0.09965961,0.4,2.3793006131814116
958,0.70063317,1,1,1) very rare (1-5),0.3369164,0.14457297,0.95,4.394404831393152
959,0.1506849,1,14,2) rare (6-20),0.069071226,0.018149396,0.4,6.622597256641786
960,0.18263215,0,0,1) very rare (1-5),0.10378128,0.03914614,0.4,6.042055482936254
961,0.1939108,0,1,1) very rare (1-5),0.08777837,0.03239896,0.6,6.353832323027392
962,0.2800816,1,0,1) very rare (1-5),0.10072917,0.057016764,1.0,7.3687892128111585
963,0.39738828,1,70,3) common (21-100),0.19254091,0.09044284,0.7,5.798999960954474
964,0.076804005,1,8,2) rare (6-20),0.061002333,0.025353098,0.35,6.76160307941918
965,0.8698473,0,1070,4) very common (100+),0.6438719,0.112595476,1.0,2.8097815535718946
966,0.86099404,1,96,3) common (21-100),0.59744537,0.13785903,1.0,2.838120094490464
967,0.23038763,1,10,2) rare (6-20),0.08467322,0.046164416,0.6,7.315185441419263
968,0.6453535,0,45,3) common (21-100),0.2539157,0.10163726,1.0,6.258509688219194
969,0.27922016,0,105,4) very common (100+),0.16320424,0.054874223,0.7,5.845326448520687
970,0.49964756,0,4,1) very rare (1-5),0.15379494,0.06633879,0.95,6.38550631231061
971,0.7901886,1,20,2) rare (6-20),0.4127345,0.12918943,0.95,4.367086197043681
972,0.602097,1,68,3) common (21-100),0.23854037,0.09144687,0.95,5.628169743333369
973,0.51661986,0,63,3) common (21-100),0.22479817,0.11181458,0.95,5.614500051821114
974,0.6680959,0,46,3) common (21-100),0.45882338,0.15352514,0.95,2.8954197667468233
975,0.14819615,1,1,1) very rare (1-5),0.07018413,0.02157859,0.45,6.7165964773445115
976,0.5545884,1,0,1) very rare (1-5),0.24949622,0.102666184,0.95,5.165835356494962
977,0.617623,1,261,4) very common (100+),0.38033727,0.13155834,0.8,3.913977986228127
978,0.82812047,1,2,1) very rare (1-5),0.42905584,0.13006055,1.0,4.694778896533666
979,0.12688021,1,6,2) rare (6-20),0.06400575,0.021133015,0.65,7.02251452322802
980,0.2726128,0,111,4) very common (100+),0.08341335,0.03614958,0.85,7.353552278271332
981,0.23947574,1,18,2) rare (6-20),0.15430002,0.04732017,0.55,5.08154471736582
982,0.9225019,0,1290,4) very common (100+),0.78355896,0.0949855,1.0,1.2631792374497628
983,0.1914583,1,1070,4) very common (100+),0.09014774,0.055583384,0.65,6.648937747611521
984,0.74896014,0,62,3) common (21-100),0.34291682,0.099319324,1.0,5.25140433782145
985,0.056183048,0,0,1) very rare (1-5),0.042789377,0.015526688,0.3,7.137148920928421
986,0.6027228,1,142,4) very common (100+),0.26585078,0.12387504,0.9,5.3416296590809225
987,0.3497217,1,1290,4) very common (100+),0.27249828,0.08389152,0.55,4.658942239241158
988,0.71066535,0,47,3) common (21-100),0.4861117,0.15135093,0.95,3.0861684646063607
989,0.8668908,1,76,3) common (21-100),0.60291946,0.11811523,1.0,2.619459988998289
990,0.2694342,1,3,1) very rare (1-5),0.108405195,0.05728866,1.0,7.08508942226514
991,0.5097056,1,0,1) very rare (1-5),0.18833907,0.068953715,0.85,6.606090498889498
992,0.7298125,0,1070,4) very common (100+),0.48845634,0.08897426,1.0,3.0295803919915905
993,0.07336706,1,32,3) common (21-100),0.039260283,0.016692894,0.25,7.495276930214644
994,0.46078604,1,1,1) very rare (1-5),0.19537255,0.089339405,0.95,5.189239854563549
995,0.28353316,1,38,3) common (21-100),0.14291726,0.064934656,0.6,5.981072205529498
996,0.16146804,1,0,1) very rare (1-5),0.05873402,0.03031077,0.8,7.036510505912741
997,0.32670757,0,118,4) very common (100+),0.15025665,0.071248025,0.85,6.164654096571345
998,0.96510834,0,62,3) common (21-100),0.75667936,0.13996655,1.0,2.140328424356016
999,0.14809908,1,13,2) rare (6-20),0.058242727,0.025549276,0.8,7.36986181298502
1000,0.41532877,0,2,1) very rare (1-5),0.23684415,0.068052836,0.6,4.99400287527487
1001,0.56216115,0,0,1) very rare (1-5),0.31709504,0.09999667,0.8,4.4196802030964
1002,0.10118246,0,7,2) rare (6-20),0.064735316,0.025371669,0.35,7.0122635145663335
1003,0.091235764,0,68,3) common (21-100),0.047462482,0.042123143,0.45,7.782229778721195
1004,0.035569947,1,16,2) rare (6-20),0.03182191,0.011500123,0.3,7.68442312859446
1005,0.46792063,1,5,1) very rare (1-5),0.27096173,0.07782958,0.9,3.86789419875228
1006,0.047118053,1,1,1) very rare (1-5),0.031408917,0.013173121,0.3,7.7732943488889354
1007,0.7967112,0,53,3) common (21-100),0.3465307,0.11073851,1.0,5.734053617768964
1008,0.38993308,1,7,2) rare (6-20),0.28961974,0.10095549,0.55,4.4861840263713955
1009,0.9584298,0,421,4) very common (100+),0.7645412,0.063952625,1.0,2.189127215173536
1010,0.9711591,0,24,3) common (21-100),0.84863234,0.060579464,1.0,1.0915968258266908
1011,0.055470597,1,0,1) very rare (1-5),0.032158054,0.011662144,0.35,7.816799269546454
1012,0.5121329,1,22,3) common (21-100),0.32406753,0.121063195,0.85,4.079339649662441
1013,0.31493822,1,76,3) common (21-100),0.19140129,0.087638706,0.5,5.760998159202466
1014,0.97134364,0,159,4) very common (100+),0.80905104,0.107168235,1.0,1.6460962131419556
1015,0.46830824,0,118,4) very common (100+),0.20561095,0.0886362,1.0,6.1658730847077745
1016,0.9856689,0,178,4) very common (100+),0.8724826,0.06639206,1.0,1.1937673510486344
1017,0.6791666,1,146,4) very common (100+),0.42648482,0.10960505,1.0,4.138894776381049
1018,0.104699805,1,94,3) common (21-100),0.03973481,0.018026661,0.7,7.9252737154964406
1019,0.7807242,0,27,3) common (21-100),0.49618274,0.13042489,0.95,3.476303236298241
1020,0.9623231,0,39,3) common (21-100),0.75158024,0.12672019,1.0,2.214109202536062
1021,0.8612044,1,1,1) very rare (1-5),0.6552692,0.11912746,1.0,2.016679926051587
1022,0.32332435,0,1,1) very rare (1-5),0.1699011,0.0780283,0.7,6.3866256928249125
1023,0.14354841,0,223,4) very common (100+),0.058040135,0.033676967,0.65,7.416783164373529
1024,0.85476106,1,1,1) very rare (1-5),0.5855089,0.11493533,1.0,3.3808123695215837
1025,0.33784854,0,0,1) very rare (1-5),0.1068877,0.055658814,0.95,7.086057515902604
1026,0.34472054,0,85,3) common (21-100),0.23606005,0.07400803,0.65,5.623241188366894
1027,0.04816423,1,8,2) rare (6-20),0.024616212,0.0109822275,0.45,7.908872764784921
1028,0.12524739,1,0,1) very rare (1-5),0.045871474,0.041299976,0.9,7.986802758322493
1029,0.18637678,1,0,1) very rare (1-5),0.15870568,0.05213491,0.3,5.012936749221188
1030,0.8283818,0,372,4) very common (100+),0.6984485,0.09293074,1.0,1.5829288998976894
1031,0.08143064,1,5,1) very rare (1-5),0.046826437,0.023183389,0.35,7.451556257324053
1032,0.26607922,1,27,3) common (21-100),0.13460468,0.047397442,0.55,6.84675056947299
1033,0.2924832,1,6,2) rare (6-20),0.15309852,0.07234242,0.85,4.972786988890986
1034,0.9392574,1,1,1) very rare (1-5),0.7537576,0.11930224,1.0,1.795678408656597
1035,0.7262968,1,3,1) very rare (1-5),0.34938255,0.14671406,0.95,5.028186233238385
1036,0.7065544,1,5,1) very rare (1-5),0.32765266,0.1227335,1.0,5.053291051563045
1037,0.3129483,0,134,4) very common (100+),0.15363854,0.061028387,0.8,5.231208586431002
1038,0.821795,0,107,4) very common (100+),0.44747907,0.10141012,1.0,4.438797101478604
1039,0.18237379,0,5,1) very rare (1-5),0.07189314,0.04466669,0.95,7.656858052584637
1040,0.72788215,0,1070,4) very common (100+),0.60011923,0.11712011,0.9,1.9370900598239942
1041,0.90529436,1,105,4) very common (100+),0.6290928,0.18201746,1.0,2.8503018114709966
1042,0.32619193,1,20,2) rare (6-20),0.18350075,0.086140655,0.75,5.435876243956439
1043,0.98205477,0,89,3) common (21-100),0.8938309,0.056894436,1.0,0.9324562309145333
1044,0.33387482,1,3,1) very rare (1-5),0.1396298,0.05276327,0.85,6.100500011571924
1045,0.4209747,1,70,3) common (21-100),0.28380543,0.08088529,0.5,5.034050700604043
1046,0.54395247,1,66,3) common (21-100),0.23650412,0.09241204,1.0,5.733713320076282
1047,0.07656984,1,24,3) common (21-100),0.04195963,0.01978769,0.45,7.581099543588355
1048,0.3909421,1,0,1) very rare (1-5),0.14868207,0.07022852,1.0,6.760869263724687
1049,0.59940076,1,42,3) common (21-100),0.25551495,0.116913214,0.95,5.670097865946141
1050,0.7200736,0,1070,4) very common (100+),0.5934237,0.13326547,0.95,2.1338915782789174
1051,0.035682548,1,13,2) rare (6-20),0.0212311,0.0073927008,0.25,7.747170375421328
1052,0.65632224,0,700,4) very common (100+),0.35217345,0.09169901,0.7,4.747900452774296
1053,0.3579171,1,75,3) common (21-100),0.2858449,0.090813376,0.5,4.288910918009898
1054,0.433992,1,4,1) very rare (1-5),0.35751742,0.07588732,0.5,3.4257907241873147
1055,0.27017307,1,10,2) rare (6-20),0.17964265,0.06517344,0.6,4.450386298980257
1056,0.08684301,1,19,2) rare (6-20),0.06711529,0.019621896,0.2,6.266585055181439
1057,0.7927482,0,42,3) common (21-100),0.6737243,0.12456095,1.0,1.3284865763884985
1058,0.033651333,0,23,3) common (21-100),0.019537332,0.008637234,0.35,7.957928826728001
1059,0.86429554,0,0,1) very rare (1-5),0.61746615,0.14859548,1.0,2.7691326136826904
1060,0.34260574,1,0,1) very rare (1-5),0.30488545,0.06784444,0.5,3.8355885849932223
1061,0.9332068,0,1290,4) very common (100+),0.82793933,0.07093235,1.0,1.1944644843815473
1062,0.5750105,0,1070,4) very common (100+),0.39956194,0.10275626,0.75,3.556503300749071
1063,0.12678704,1,3,1) very rare (1-5),0.054553162,0.017672585,0.55,7.085044581683135
1064,0.26615885,0,16,2) rare (6-20),0.14463808,0.049193423,0.6,5.590268515412754
1065,0.6886849,0,18,2) rare (6-20),0.3161225,0.112103425,1.0,5.770177422533383
1066,0.822632,0,1000,4) very common (100+),0.57395405,0.120542996,1.0,3.1691984547323955
1067,0.019544823,1,0,1) very rare (1-5),0.0148431435,0.0070761,0.3,8.121502141390316
1068,0.7074065,0,421,4) very common (100+),0.40856877,0.14100005,0.95,4.546036693355005
1069,0.33402118,1,0,1) very rare (1-5),0.1568201,0.082292795,1.0,6.643519945550447
1070,0.31252477,0,3,1) very rare (1-5),0.13814726,0.0745041,0.85,6.251051618142945
1071,0.119487494,0,105,4) very common (100+),0.060063265,0.01936105,0.5,7.108825114572815
1072,0.69883394,1,91,3) common (21-100),0.5821569,0.1050775,0.9,1.702806062542413
1073,0.79423976,1,2,1) very rare (1-5),0.40276083,0.13905077,1.0,4.666122005287379
1074,0.47902137,1,7,2) rare (6-20),0.19023472,0.09371483,1.0,6.231671562481996
1075,0.29065505,1,1,1) very rare (1-5),0.09802918,0.038893435,0.6,6.75935510587098
1076,0.79948324,1,20,2) rare (6-20),0.46844682,0.12779184,1.0,4.017921377188067
1077,0.84074855,0,1290,4) very common (100+),0.6164909,0.12898701,1.0,2.5784366027448797
1078,0.97007096,0,22,3) common (21-100),0.871534,0.07222034,1.0,0.8543491060184086
1079,0.41241178,1,3,1) very rare (1-5),0.10834746,0.059497166,1.0,6.971605745320701
1080,0.27884638,0,0,1) very rare (1-5),0.21094973,0.06260283,0.55,5.131037346671565
1081,0.12913252,1,2,1) very rare (1-5),0.07985219,0.039665923,0.45,6.658747146320376
1082,0.82345647,0,1290,4) very common (100+),0.63511205,0.11354665,0.95,2.068454853826605
1083,0.88012564,0,106,4) very common (100+),0.5086544,0.12076919,1.0,3.8568666685496202
1084,0.24914354,0,17,2) rare (6-20),0.18246366,0.05792796,0.55,4.823938148172098
1085,0.14025956,0,2,1) very rare (1-5),0.05819962,0.025192806,0.45,7.41471678608298
1086,0.9381048,1,3,1) very rare (1-5),0.7159291,0.13436183,1.0,2.2918389487242856
1087,0.54878944,0,3,1) very rare (1-5),0.36554164,0.11362877,0.8,3.2844407942886438
1088,0.08580946,1,2,1) very rare (1-5),0.048982054,0.019905753,0.3,6.8439641695102695
1089,0.4004538,1,134,4) very common (100+),0.16597573,0.07202644,0.85,6.343740763063318
1090,0.3386625,0,14,2) rare (6-20),0.18232536,0.07029277,0.75,5.6889668741499095
1091,0.2470066,0,1,1) very rare (1-5),0.09566876,0.05520072,0.8,6.99407462378531
1092,0.3121555,0,0,1) very rare (1-5),0.17278227,0.04163171,0.75,5.424005191535554
1093,0.91175395,0,11,2) rare (6-20),0.75304985,0.08835454,1.0,1.9719982629931263
1094,0.27232793,1,1,1) very rare (1-5),0.12393911,0.055129718,0.85,7.0346853561915985
1095,0.9505828,0,274,4) very common (100+),0.7911001,0.086179696,1.0,1.4807226863569378
1096,0.41578996,0,166,4) very common (100+),0.15982167,0.060310952,0.5,6.567242529623988
1097,0.87535393,0,1290,4) very common (100+),0.74279314,0.110344805,1.0,1.5824803639448954
1098,0.79446644,0,7,2) rare (6-20),0.39823127,0.11232994,1.0,5.015550819604739
1099,0.19602561,1,1,1) very rare (1-5),0.111333646,0.04783896,0.45,5.677228721254456
1100,0.09475102,1,1,1) very rare (1-5),0.051703434,0.024284398,0.4,7.136586885164808
1101,0.9303387,0,1000,4) very common (100+),0.7283894,0.15275076,1.0,1.9639964078658476
1102,0.8374919,0,1,1) very rare (1-5),0.5433177,0.17259392,1.0,3.1875116648966753
1103,0.34947988,1,81,3) common (21-100),0.12289093,0.051207107,0.65,6.771494140089544
1104,0.506018,0,105,4) very common (100+),0.30443427,0.13201825,0.95,5.29945714428674
1105,0.7879241,0,237,4) very common (100+),0.4422471,0.14583907,1.0,4.642760080719752
1106,0.48148644,1,4,1) very rare (1-5),0.4092533,0.1140777,0.75,3.014906621331109
1107,0.48040774,1,62,3) common (21-100),0.15117338,0.06413425,1.0,6.9339226067868776
1108,0.29725254,1,0,1) very rare (1-5),0.12107537,0.051189527,0.85,6.10078044749112
1109,0.955765,0,84,3) common (21-100),0.7297463,0.10687671,1.0,2.3450639095236068
1110,0.29816183,1,81,3) common (21-100),0.13265903,0.06661065,0.8,6.426036387770198
1111,0.8554831,0,1290,4) very common (100+),0.59659684,0.11120225,1.0,3.073290347430743
1112,0.9285939,0,1290,4) very common (100+),0.7552691,0.08066754,1.0,1.9395107308414385
1113,0.6454953,0,700,4) very common (100+),0.28562436,0.08701576,0.9,5.603306657889353
1114,0.07193124,1,0,1) very rare (1-5),0.026722256,0.0106916465,0.7,7.871068949836018
1115,0.119972244,1,8,2) rare (6-20),0.05345465,0.019905502,0.5,7.309857707076377
1116,0.087908916,1,2,1) very rare (1-5),0.061995696,0.023833757,0.4,6.466541105222718
1117,0.026744194,1,274,4) very common (100+),0.017993743,0.007994526,0.3,7.939881690808587
1118,0.15220356,0,4,1) very rare (1-5),0.049296744,0.023648294,0.7,7.355552291500476
1119,0.033478312,1,0,1) very rare (1-5),0.021855548,0.007177028,0.3,7.715163966372078
1120,0.71746415,0,145,4) very common (100+),0.37167388,0.123184085,1.0,4.831620330302187
1121,0.98132414,0,421,4) very common (100+),0.8555228,0.095038764,1.0,1.2900953227749876
1122,0.24004932,1,0,1) very rare (1-5),0.11935965,0.047530353,0.75,6.6073213897125385
1123,0.115011014,1,76,3) common (21-100),0.06680255,0.020970352,0.45,6.815800746880704
1124,0.62169915,1,0,1) very rare (1-5),0.39257795,0.11803039,0.85,4.353525607537106
1125,0.68172616,1,28,3) common (21-100),0.40803847,0.13502425,1.0,4.303934904165827
1126,0.49969357,1,0,1) very rare (1-5),0.26778418,0.099511035,0.9,4.210269053649365
1127,0.32520032,1,39,3) common (21-100),0.22880761,0.102437116,0.65,4.400993676261935
1128,0.13496582,1,1,1) very rare (1-5),0.09119276,0.04103481,0.55,6.428939352822319
1129,0.7126149,0,21,3) common (21-100),0.53455406,0.13579194,0.8,2.3278466094434083
1130,0.025062773,1,6,2) rare (6-20),0.017461438,0.0068315184,0.2,8.097990557139715
1131,0.06597716,1,4,1) very rare (1-5),0.03712385,0.019500872,0.65,7.470831936885736
1132,0.7437897,0,1,1) very rare (1-5),0.4484939,0.15504184,0.95,3.9016853537978435
1133,0.14790909,1,36,3) common (21-100),0.071900144,0.027211335,0.55,6.793022486283564
1134,0.91398966,0,1000,4) very common (100+),0.82830894,0.10632888,1.0,0.8981140436240815
1135,0.35407898,1,4,1) very rare (1-5),0.26871505,0.06842823,0.7,3.8416838028057745
1136,0.4153224,0,5,1) very rare (1-5),0.21109645,0.08008555,0.8,5.4247799165591974
1137,0.040815413,1,0,1) very rare (1-5),0.018411422,0.00535534,0.55,7.930898177265301
1138,0.56160736,1,3,1) very rare (1-5),0.37238255,0.10928906,0.8,4.362400938598904
1139,0.10254073,1,3,1) very rare (1-5),0.039872177,0.018017199,0.7,7.772964240118895
1140,0.5124837,0,700,4) very common (100+),0.36393365,0.15784107,0.85,3.182908945641492
1141,0.15291771,0,1,1) very rare (1-5),0.08992637,0.036921725,0.4,7.002222818248063
1142,0.4284791,0,71,3) common (21-100),0.37715513,0.1444322,0.75,2.846576805076464
1143,0.019487942,1,6,2) rare (6-20),0.016269209,0.0048236432,0.25,7.9614873632689624
1144,0.18715875,1,8,2) rare (6-20),0.06734341,0.02331008,0.6,7.269682320129832
1145,0.97823,1,89,3) common (21-100),0.8329201,0.06902613,1.0,1.6558135270359458
1146,0.5859514,1,1290,4) very common (100+),0.42620373,0.11998791,0.75,2.979359514608479
1147,0.7424102,1,54,3) common (21-100),0.53538764,0.11062657,0.9,2.606770669490571
1148,0.43057132,0,22,3) common (21-100),0.3140996,0.10207989,0.7,3.9336478035731304
1149,0.7386198,1,3,1) very rare (1-5),0.36896068,0.16038445,0.95,4.565728372037089
1150,0.0481919,1,39,3) common (21-100),0.027843112,0.010426797,0.35,7.663704202957529
1151,0.5186195,1,0,1) very rare (1-5),0.28187418,0.12550105,0.85,4.660611312407099
1152,0.7522229,0,3,1) very rare (1-5),0.56463724,0.13449275,0.9,2.6146228238010796
1153,0.23404,0,1,1) very rare (1-5),0.09812094,0.022017559,0.45,6.465304609906369
1154,0.53004444,1,160,4) very common (100+),0.31369942,0.096656375,0.9,4.5216061736912
1155,0.7505119,1,0,1) very rare (1-5),0.2526474,0.09699377,1.0,6.082923305183174
1156,0.0994423,1,4,1) very rare (1-5),0.050936688,0.023500727,0.5,7.204533617419379
1157,0.49834087,0,37,3) common (21-100),0.23622397,0.083612554,0.8,5.680036875163217
1158,0.7724292,0,4,1) very rare (1-5),0.38993126,0.11854296,1.0,5.201304558113755
1159,0.12822913,1,0,1) very rare (1-5),0.0557495,0.040317014,0.75,7.490846314853362
1160,0.21784598,0,55,3) common (21-100),0.09688975,0.038546797,0.7,6.847178827350271
1161,0.4299816,1,1070,4) very common (100+),0.38456136,0.11148034,0.6,2.531468680793457
1162,0.9268579,0,421,4) very common (100+),0.72727644,0.11878659,1.0,2.107184822041323
1163,0.575229,0,700,4) very common (100+),0.31860012,0.10023021,0.8,4.558623713326711
1164,0.6963579,0,237,4) very common (100+),0.35820618,0.103897154,0.9,4.694778308008872
1165,0.49542058,1,142,4) very common (100+),0.2188135,0.10350425,0.95,5.166065271910473
1166,0.64613867,1,76,3) common (21-100),0.35233802,0.123963624,0.95,5.409724385526827
1167,0.9702105,0,89,3) common (21-100),0.81304455,0.07916096,1.0,1.5923912081672489
1168,0.12713516,1,1,1) very rare (1-5),0.045403756,0.020454932,0.75,7.779906863568267
1169,0.06118679,0,1,1) very rare (1-5),0.049388237,0.027764315,0.35,7.033333810737824
1170,0.2804802,0,42,3) common (21-100),0.13870788,0.051593307,0.7,5.829609517083536
1171,0.3904649,1,1,1) very rare (1-5),0.16031802,0.060023766,0.85,6.259985820630738
1172,0.22861166,1,25,3) common (21-100),0.19044435,0.065628424,0.4,4.636920458074627
1173,0.96163636,0,10,2) rare (6-20),0.8839263,0.05348261,1.0,0.7606115898915626
1174,0.73092604,1,105,4) very common (100+),0.46761113,0.11460187,0.95,3.521757627503236
1175,0.43734995,0,17,2) rare (6-20),0.28020447,0.07949706,0.75,4.322334158671676
1176,0.10960715,1,0,1) very rare (1-5),0.06460143,0.02078391,0.4,7.203207462925821
1177,0.4417566,1,4,1) very rare (1-5),0.35837138,0.106108256,0.55,2.525798344850093
1178,0.5615556,1,0,1) very rare (1-5),0.5482397,0.0792545,0.8,1.9039231293036967
1179,0.11248241,1,0,1) very rare (1-5),0.06589055,0.023730328,0.35,7.189914247660613
1180,0.057108052,1,0,1) very rare (1-5),0.03681136,0.0122056855,0.35,7.313705729953441
1181,0.54039127,0,1290,4) very common (100+),0.3547141,0.109571904,0.8,3.7075854746547887
1182,0.37849504,1,11,2) rare (6-20),0.1979742,0.08215979,0.65,5.286226575187876
1183,0.080111906,1,4,1) very rare (1-5),0.08145607,0.03370545,0.2,5.6147617801633825
1184,0.9474402,0,70,3) common (21-100),0.75038344,0.1024455,1.0,2.0656690779941242
1185,0.52585834,0,1290,4) very common (100+),0.53762156,0.082836956,0.55,1.9348512932185278
1186,0.19156255,1,275,4) very common (100+),0.15921822,0.04637259,0.45,5.10477475694614
1187,0.43768734,1,78,3) common (21-100),0.2719474,0.1231842,0.6,4.439105064657339
1188,0.96616805,0,142,4) very common (100+),0.76213634,0.09116782,1.0,2.1917767092822227
1189,0.48063493,1,1,1) very rare (1-5),0.2425088,0.08460856,0.75,4.656139984323488
1190,0.9321961,1,1070,4) very common (100+),0.6977679,0.092588805,1.0,2.516693123932061
1191,0.98952454,0,211,4) very common (100+),0.8632018,0.07496507,1.0,1.4414224253241954
1192,0.11267764,1,1,1) very rare (1-5),0.052984577,0.019674037,0.25,7.348839214413173
1193,0.25819746,1,5,1) very rare (1-5),0.15666339,0.05248723,0.45,5.869908908684063
1194,0.03134607,1,2,1) very rare (1-5),0.015123891,0.0061060525,0.45,8.394027996929946
1195,0.26707438,1,275,4) very common (100+),0.12615493,0.08002508,0.55,6.365462804049738
1196,0.701863,1,18,2) rare (6-20),0.39296752,0.14055303,0.9,4.513587657872821
1197,0.08170575,1,3,1) very rare (1-5),0.03472223,0.01648599,0.6,7.798932987144356
1198,0.11397664,1,24,3) common (21-100),0.06365053,0.030661227,0.5,7.048615729681089
1199,0.18236406,1,0,1) very rare (1-5),0.092206456,0.030438788,0.6,6.280342133818278
1200,0.7626193,1,142,4) very common (100+),0.667735,0.09771733,0.95,1.3935417381515092
1201,0.2726444,1,86,3) common (21-100),0.14110526,0.056634028,0.65,5.968682418553892
1202,0.23806624,1,0,1) very rare (1-5),0.16144021,0.042280138,0.5,5.20735278409503
1203,0.051430847,1,92,3) common (21-100),0.02144832,0.011149375,0.65,8.118934582915442
1204,0.31855416,1,0,1) very rare (1-5),0.10563451,0.05676589,1.0,7.194882054946479
1205,0.08820371,1,1,1) very rare (1-5),0.074687935,0.028647427,0.3,6.3422321010001435
1206,0.33849475,1,160,4) very common (100+),0.14429443,0.06278646,1.0,6.272588759606773
1207,0.67127055,1,69,3) common (21-100),0.45505708,0.12210209,0.85,3.7377982423613316
1208,0.2534583,1,1,1) very rare (1-5),0.106122516,0.05040971,0.85,6.838235714766776
1209,0.06700973,1,0,1) very rare (1-5),0.06111266,0.022217955,0.35,6.151320040420934
1210,0.5059768,1,1070,4) very common (100+),0.52366817,0.093795635,0.5,1.7547296301406998
1211,0.065690294,1,5,1) very rare (1-5),0.02971802,0.014570639,0.35,7.914108081222341
1212,0.31432897,1,1,1) very rare (1-5),0.1760407,0.069976285,0.55,5.707766202403668
1213,0.24860273,1,372,4) very common (100+),0.15370497,0.053680006,0.75,5.338727118733006
1214,0.4721329,1,2,1) very rare (1-5),0.45183048,0.10909778,0.7,3.342938431529615
1215,0.34011197,1,1,1) very rare (1-5),0.12271853,0.050081886,0.85,6.349909936545769
1216,0.1726382,1,86,3) common (21-100),0.10692762,0.033229034,0.5,6.4559964785293555
1217,0.9131823,0,700,4) very common (100+),0.79516846,0.08267982,1.0,1.177264592009798
1218,0.1632421,1,4,1) very rare (1-5),0.06472328,0.016887363,0.45,6.735040078149847
1219,0.8956413,0,372,4) very common (100+),0.48463815,0.119726546,1.0,4.726297002714258
1220,0.8905903,0,2,1) very rare (1-5),0.53782624,0.120414,1.0,4.2757028828378365
1221,0.06941285,1,0,1) very rare (1-5),0.0527714,0.020791795,0.35,6.784391159548408
1222,0.52328944,0,1070,4) very common (100+),0.29290593,0.12685764,0.95,5.043558174239758
1223,0.15743777,1,5,1) very rare (1-5),0.07124002,0.02941093,0.55,7.220505787724954
1224,0.38489786,1,0,1) very rare (1-5),0.19021335,0.09347517,0.9,5.881836933687385
1225,0.811049,0,4,1) very rare (1-5),0.44374794,0.1352168,1.0,3.99458132837656
1226,0.29207605,1,3,1) very rare (1-5),0.1705946,0.059964553,0.65,5.108934789178015
1227,0.07274528,1,0,1) very rare (1-5),0.054750852,0.021748299,0.35,6.680468870945692
1228,0.3624336,1,17,2) rare (6-20),0.15223993,0.06236607,0.9,6.300104043712225
1229,0.18770319,1,0,1) very rare (1-5),0.06707049,0.03808579,0.65,7.377611122264602
1230,0.40062124,0,268,4) very common (100+),0.3169266,0.10373843,0.4,3.679616319680262
1231,0.09148147,1,1,1) very rare (1-5),0.046178825,0.011493724,0.3,7.546157618173193
1232,0.15687108,1,1,1) very rare (1-5),0.07179017,0.031155223,0.7,7.190633495727948
1233,0.388319,0,421,4) very common (100+),0.24810454,0.07667689,0.55,4.93598812250794
1234,0.30494523,1,1290,4) very common (100+),0.24142416,0.063607976,0.45,4.343031781041735
1235,0.3272301,1,2,1) very rare (1-5),0.16027944,0.07587727,0.9,5.961721726804171
1236,0.7041826,1,58,3) common (21-100),0.40789956,0.14215395,1.0,3.9572227429600173
1237,0.19464986,0,14,2) rare (6-20),0.05195558,0.026366666,0.9,7.715954827108305
1238,0.2560106,1,36,3) common (21-100),0.15370116,0.035772037,0.4,5.787032057347415
1239,0.118231215,1,0,1) very rare (1-5),0.07170214,0.026278764,0.45,6.928979620780978
1240,0.727158,1,5,1) very rare (1-5),0.4747119,0.120388314,1.0,3.491289685818027
1241,0.7802345,1,15,2) rare (6-20),0.5404506,0.12502371,1.0,2.9515384576431236
1242,0.15929954,1,18,2) rare (6-20),0.06542347,0.024084738,0.45,7.190375571992208
1243,0.8830005,1,1290,4) very common (100+),0.6571813,0.08827055,0.95,2.5689177084025574
1244,0.22123441,1,14,2) rare (6-20),0.15120646,0.05924075,0.6,5.677095220040963
1245,0.4345058,0,66,3) common (21-100),0.37350377,0.09352599,0.9,3.1227440092536662
1246,0.016528074,1,88,3) common (21-100),0.01785062,0.008283067,0.2,8.143860895927089
1247,0.1435585,1,19,2) rare (6-20),0.066085026,0.028786121,0.7,7.3629309808303365
1248,0.5729959,1,19,2) rare (6-20),0.3053482,0.06793131,0.85,4.54428691005567
1249,0.28480235,1,3,1) very rare (1-5),0.14166026,0.062491562,0.6,5.856662833393187
1250,0.11244238,1,7,2) rare (6-20),0.04636798,0.01876409,0.75,7.361542478501247
1251,0.52880937,1,1070,4) very common (100+),0.37018645,0.10645291,0.8,3.735419217197425
1252,0.6405444,0,700,4) very common (100+),0.26590845,0.075551786,1.0,6.471836881156394
1253,0.85767114,0,261,4) very common (100+),0.48297566,0.15230334,1.0,4.655127479851128
1254,0.96841115,0,96,3) common (21-100),0.79892933,0.13205764,1.0,1.5232212081271548
1255,0.48324743,0,223,4) very common (100+),0.39656037,0.10886263,0.55,4.143257810700666
1256,0.38396996,0,9,2) rare (6-20),0.16069828,0.06835306,0.6,5.970132277406497
1257,0.94407016,0,106,4) very common (100+),0.7650121,0.090513006,1.0,1.7318474309113505
1258,0.029731864,1,0,1) very rare (1-5),0.024876662,0.009639937,0.25,7.621693644399053
1259,0.983063,1,0,1) very rare (1-5),0.9005755,0.05027824,1.0,0.7853633395524373
1260,0.3540975,0,5,1) very rare (1-5),0.13745123,0.044612456,1.0,6.483350824722358
1261,0.41391554,1,3,1) very rare (1-5),0.27563947,0.095612906,0.6,4.4722446478820235
1262,0.9131232,1,86,3) common (21-100),0.6887857,0.16378742,1.0,2.071617601903348
1263,0.37870422,1,4,1) very rare (1-5),0.29210156,0.06975173,0.65,3.6194335601441106
1264,0.17820355,1,5,1) very rare (1-5),0.102922514,0.035123855,0.45,6.860969415823368
1265,0.17398871,1,76,3) common (21-100),0.07875143,0.026801765,0.5,6.90954593265346
1266,0.2111725,0,0,1) very rare (1-5),0.08349453,0.047436155,0.75,7.376699663914
1267,0.15419084,0,17,2) rare (6-20),0.10370438,0.038878053,0.3,6.4481871430990765
1268,0.1252706,1,9,2) rare (6-20),0.12767898,0.039210085,0.3,5.888228258445836
1269,0.17871824,1,0,1) very rare (1-5),0.09295982,0.037552055,0.5,6.8924220950575465
1270,0.9522381,1,0,1) very rare (1-5),0.7520951,0.092918865,1.0,2.126330432962971
1271,0.7420122,1,0,1) very rare (1-5),0.5446746,0.13237427,0.95,2.6297671796824877
1272,0.2860189,0,23,3) common (21-100),0.14991271,0.07502344,0.55,6.510311595390171
1273,0.21612437,1,9,2) rare (6-20),0.1173682,0.04371777,0.4,6.125848152623847
1274,0.5305196,0,700,4) very common (100+),0.37344003,0.0984497,0.85,4.212990647867851
1275,0.4530032,0,3,1) very rare (1-5),0.24858513,0.08073113,1.0,4.581620796449173
1276,0.83437073,1,3,1) very rare (1-5),0.5614738,0.15344808,1.0,3.1120289694370236
1277,0.7389586,0,31,3) common (21-100),0.4463296,0.1275755,0.9,4.151583703533079
1278,0.25930646,0,134,4) very common (100+),0.22105947,0.055625115,0.5,4.50182092497539
1279,0.6761397,0,10,2) rare (6-20),0.45604545,0.13520192,0.95,2.708629933561992
1280,0.28787047,1,15,2) rare (6-20),0.12799494,0.04982116,0.6,6.494721268991084
1281,0.46538782,1,9,2) rare (6-20),0.26334727,0.07090456,0.7,5.302731470193977
1282,0.2840045,0,0,1) very rare (1-5),0.15205488,0.039036494,0.8,5.510579237089217
1283,0.9400377,0,261,4) very common (100+),0.7368136,0.10444197,1.0,2.096835724618459
1284,0.8135543,0,43,3) common (21-100),0.5520998,0.14193095,1.0,3.273403346255244
1285,0.7432663,1,37,3) common (21-100),0.44594374,0.12956361,0.95,4.158620635064213
1286,0.029440906,1,4,1) very rare (1-5),0.024617035,0.009482442,0.3,7.83944038707593
1287,0.114526615,0,0,1) very rare (1-5),0.06686313,0.030835623,0.5,7.369611488770965
1288,0.119644515,1,1,1) very rare (1-5),0.059731107,0.029337566,0.6,7.314699844452598
1289,0.11086586,1,1,1) very rare (1-5),0.09292694,0.034479335,0.3,5.929096833198564
1290,0.44351888,0,1,1) very rare (1-5),0.25992838,0.12059291,0.9,4.474535544659875
1291,0.96291333,0,700,4) very common (100+),0.8640372,0.07844713,1.0,0.910392265927455
1292,0.61838883,0,700,4) very common (100+),0.3010428,0.12395401,0.95,5.4933896306138035
1293,0.6730409,1,3,1) very rare (1-5),0.30675572,0.119507976,0.95,5.5539940727098305
1294,0.35923868,1,12,2) rare (6-20),0.16629496,0.060539883,0.9,6.015236778869091
1295,0.036038954,1,3,1) very rare (1-5),0.024208264,0.0073466287,0.25,7.830360978151308
1296,0.97526044,0,1000,4) very common (100+),0.87021935,0.05790689,1.0,1.1006689156219047
1297,0.20799294,1,0,1) very rare (1-5),0.1173384,0.06653763,0.8,6.205150345545411
1298,0.63993967,1,3,1) very rare (1-5),0.25168556,0.098074034,0.95,6.53255552110063
1299,0.13319243,0,3,1) very rare (1-5),0.077735335,0.024291592,0.5,7.04607827966832
1300,0.96514845,0,78,3) common (21-100),0.78635186,0.086423166,1.0,1.783827628317194
1301,0.45671973,0,24,3) common (21-100),0.2370139,0.11333106,0.95,5.5559632621554655
1302,0.4387482,0,11,2) rare (6-20),0.2519095,0.104154535,1.0,5.3779106041480995
1303,0.06830319,1,0,1) very rare (1-5),0.036827814,0.014084367,0.3,7.495067515195587
1304,0.765804,0,1290,4) very common (100+),0.47502065,0.13559356,0.95,3.5317305155147403
1305,0.21131343,0,7,2) rare (6-20),0.23510262,0.0927167,0.5,3.8435367706862733
1306,0.5447306,0,1290,4) very common (100+),0.5157994,0.14588419,0.65,2.491119572370524
1307,0.87546486,0,4,1) very rare (1-5),0.53841287,0.0998475,1.0,3.5370658125145527
1308,0.8720091,1,1070,4) very common (100+),0.6548946,0.11511473,1.0,2.5652994859424636
1309,0.2752794,1,0,1) very rare (1-5),0.19411016,0.081972785,0.45,4.6729982996805095
1310,0.42890632,1,421,4) very common (100+),0.20155211,0.08731175,0.85,5.848077567892098
1311,0.46830076,1,7,2) rare (6-20),0.2797402,0.1011391,0.85,4.235317207962618
1312,0.95760363,0,20,2) rare (6-20),0.78340405,0.11052526,1.0,1.6903828370694554
1313,0.98198235,0,1290,4) very common (100+),0.90810794,0.045191035,1.0,0.7623686592955488
1314,0.57378775,0,1000,4) very common (100+),0.32429522,0.09810156,0.85,4.52004731581457
1315,0.60039914,0,0,1) very rare (1-5),0.22872916,0.10925166,0.95,6.292908047246195
1316,0.32514045,1,16,2) rare (6-20),0.23785762,0.07649895,0.45,4.538986735780389
1317,0.9899296,0,94,3) common (21-100),0.8934393,0.058754798,1.0,1.0683037524489556
1318,0.03917529,1,14,2) rare (6-20),0.029657707,0.012083065,0.5,7.752488541524972
1319,0.26154706,1,27,3) common (21-100),0.23569843,0.06547516,0.6,3.5793319231078105
1320,0.25911862,1,65,3) common (21-100),0.16175736,0.061636515,0.75,5.412151806255595
1321,0.35372034,1,18,2) rare (6-20),0.2454503,0.062085193,0.45,4.1868457592257595
1322,0.725907,1,0,1) very rare (1-5),0.57343376,0.1437843,0.8,2.002260549315657
1323,0.27537262,1,17,2) rare (6-20),0.08814134,0.043366536,0.95,7.3986158253491
1324,0.33754504,1,1070,4) very common (100+),0.16369472,0.067924276,0.55,6.104057339213681
1325,0.507617,0,21,3) common (21-100),0.307912,0.104782864,0.85,4.41725218552824
1326,0.98744804,1,268,4) very common (100+),0.9180721,0.0350423,1.0,0.6511550809048343
1327,0.12400781,1,0,1) very rare (1-5),0.074566975,0.037129562,0.35,6.473983051357283
1328,0.06711179,1,4,1) very rare (1-5),0.04120096,0.017812781,0.35,7.110767326001634
1329,0.27303374,1,0,1) very rare (1-5),0.07526825,0.039571308,1.0,7.587641143116784
1330,0.2589154,1,7,2) rare (6-20),0.12385098,0.04469248,0.65,5.707078640988875
1331,0.874107,0,5,1) very rare (1-5),0.5559688,0.11082035,1.0,3.8501531725600846
1332,0.93019867,0,20,2) rare (6-20),0.6538581,0.10715956,1.0,2.957013717416972
1333,0.6482291,1,14,2) rare (6-20),0.37180886,0.1193389,0.95,4.569616067086993
1334,0.86212385,1,70,3) common (21-100),0.5624739,0.1478641,1.0,3.386736619365281
1335,0.81807595,0,42,3) common (21-100),0.5065367,0.14185475,1.0,3.4980231173355563
1336,0.68557286,1,1,1) very rare (1-5),0.31469524,0.1194007,1.0,4.876747072459917
1337,0.06039451,1,18,2) rare (6-20),0.021723699,0.01440142,0.8,8.02744366860771
1338,0.80557925,1,2,1) very rare (1-5),0.4330968,0.16957952,1.0,4.209199753151041
1339,0.8450867,0,8,2) rare (6-20),0.57480705,0.16810888,0.95,3.137178570090757
1340,0.8571255,0,223,4) very common (100+),0.47941628,0.17450902,1.0,4.3568264064851405
1341,0.2990984,0,1,1) very rare (1-5),0.19841155,0.07776194,0.55,5.018760015856803
1342,0.23991802,1,0,1) very rare (1-5),0.12088116,0.043452132,0.55,5.906364577890973
1343,0.53605044,1,1290,4) very common (100+),0.5532352,0.07907237,0.6,2.3505806765057167
1344,0.22543772,1,0,1) very rare (1-5),0.11497877,0.044373903,0.7,6.957800492132305
1345,0.4584769,1,3,1) very rare (1-5),0.2880679,0.1094551,0.65,4.753691300621221
1346,0.40296653,0,0,1) very rare (1-5),0.2295553,0.116050474,0.95,4.761161486066406
1347,0.9818763,0,12,2) rare (6-20),0.83789986,0.079611786,1.0,1.3896639323838218
1348,0.81974036,0,261,4) very common (100+),0.48736042,0.18613923,0.95,4.044943861127019
1349,0.5457802,0,160,4) very common (100+),0.27813023,0.082180336,0.95,5.035439866678357
1350,0.3139977,0,9,2) rare (6-20),0.2099982,0.087705575,0.65,4.560565972357724
1351,0.8618292,0,28,3) common (21-100),0.67047393,0.111847214,1.0,2.123707910694224
1352,0.16845168,1,372,4) very common (100+),0.08675667,0.032118857,0.5,6.260166954974618
1353,0.02366578,1,0,1) very rare (1-5),0.013397329,0.007617301,0.35,8.214838521481393
1354,0.5807284,0,12,2) rare (6-20),0.49495602,0.108287156,0.7,2.6000390565101767
1355,0.27786475,0,1,1) very rare (1-5),0.13324295,0.069883,0.7,6.515092384794045
1356,0.45928353,1,0,1) very rare (1-5),0.19883823,0.113853216,0.95,6.146729382191234
1357,0.14828837,1,100,3) common (21-100),0.10463264,0.03319573,0.35,5.76451859006774
1358,0.8419605,1,5,1) very rare (1-5),0.6601424,0.11042066,1.0,1.9132702913790325
1359,0.75111127,1,76,3) common (21-100),0.544831,0.13362588,0.95,2.9648515802490585
1360,0.7340506,1,160,4) very common (100+),0.36034542,0.12194996,1.0,4.747034865291861
1361,0.7275496,0,12,2) rare (6-20),0.40279865,0.11056388,1.0,4.186883139464716
1362,0.07610677,1,0,1) very rare (1-5),0.044663034,0.015550249,0.35,7.144826790985299
1363,0.09317658,0,3,1) very rare (1-5),0.047292896,0.02567071,0.5,7.390213586935459
1364,0.27380687,1,4,1) very rare (1-5),0.23990004,0.077213325,0.5,3.413269084558104
1365,0.15575282,1,75,3) common (21-100),0.088054016,0.045208383,0.6,6.479229227889748
1366,0.03281828,1,0,1) very rare (1-5),0.018060775,0.006137527,0.3,7.90415912480398
1367,0.39612404,1,3,1) very rare (1-5),0.29524145,0.09937289,0.6,5.170710613575883
1368,0.9525895,0,1000,4) very common (100+),0.83031875,0.0907755,1.0,1.060662001029392
1369,0.52871895,0,2,1) very rare (1-5),0.21522805,0.11311935,0.8,5.912550377967008
1370,0.93002987,0,700,4) very common (100+),0.6684247,0.12427983,1.0,3.006192527291925
1371,0.16315003,1,3,1) very rare (1-5),0.081292085,0.056958724,0.4,7.056133764426619
1372,0.16387689,1,0,1) very rare (1-5),0.05384632,0.024398817,0.85,7.470896339871936
1373,0.05368487,1,17,2) rare (6-20),0.035121545,0.014302564,0.25,7.601353685604862
1374,0.031033628,1,0,1) very rare (1-5),0.020602645,0.008300822,0.3,8.031466890281088
1375,0.8533594,0,68,3) common (21-100),0.5547055,0.15500599,1.0,3.532735296161959
1376,0.5135394,0,2,1) very rare (1-5),0.21391344,0.10617861,0.9,5.881497964965478
1377,0.9905364,1,4,1) very rare (1-5),0.8938241,0.06812888,1.0,1.1205766120068006
1378,0.18444079,1,62,3) common (21-100),0.18787818,0.045048036,0.4,3.278730655803474
1379,0.05899469,1,0,1) very rare (1-5),0.050602812,0.025323937,0.3,6.714657406801047
1380,0.20831971,1,6,2) rare (6-20),0.11669239,0.05798532,0.65,5.742549489625354
1381,0.99559253,0,211,4) very common (100+),0.904294,0.074452475,1.0,1.0471344992541838
1382,0.775187,1,13,2) rare (6-20),0.47718963,0.1239437,1.0,3.897298072166937
1383,0.1593495,1,0,1) very rare (1-5),0.07881062,0.042860378,0.75,7.113981060664883
1384,0.1529114,1,0,1) very rare (1-5),0.06890849,0.034037866,0.45,7.170294993855714
1385,0.22202551,1,0,1) very rare (1-5),0.13326396,0.05602139,0.7,5.35358896655575
1386,0.43724972,0,105,4) very common (100+),0.26124614,0.08283618,0.8,4.409031683548244
1387,0.24185295,0,2,1) very rare (1-5),0.085261,0.03042132,0.95,7.38892920065418
1388,0.9963232,0,1000,4) very common (100+),0.96558034,0.016916063,1.0,0.31611320356261663
1389,0.178564,1,1,1) very rare (1-5),0.09462778,0.030972451,0.45,6.725575447945513
1390,0.95357066,1,8,2) rare (6-20),0.6880071,0.13019274,1.0,2.916676775522573
1391,0.08807784,1,30,3) common (21-100),0.06388895,0.021396924,0.3,6.858482568651763
1392,0.48865515,1,1,1) very rare (1-5),0.2926965,0.116737306,0.85,4.122383536959952
1393,0.552006,1,0,1) very rare (1-5),0.20205343,0.07941943,1.0,6.400660367111322
1394,0.19729674,0,0,1) very rare (1-5),0.11776736,0.036514126,0.6,6.112296641210251
1395,0.7705931,0,62,3) common (21-100),0.4225084,0.15416954,1.0,4.649725143508343
1396,0.49598283,1,2,1) very rare (1-5),0.39862305,0.11375202,0.8,3.6252135378978982
1397,0.9801696,0,142,4) very common (100+),0.83249915,0.11703461,1.0,1.3704239511830718
1398,0.32965252,1,0,1) very rare (1-5),0.12362301,0.06473427,0.9,6.638707289710882
1399,0.50121343,1,7,2) rare (6-20),0.29945734,0.10280377,0.75,4.718257498342499
1400,0.7697422,1,0,1) very rare (1-5),0.36745524,0.14491077,1.0,5.072288595496948
1401,0.17466107,0,2,1) very rare (1-5),0.13517803,0.06761128,0.35,6.09480920754729
1402,0.4039791,0,6,2) rare (6-20),0.30356658,0.111398116,0.65,3.27598508375111
1403,0.40146962,1,274,4) very common (100+),0.31383866,0.0933031,0.6,4.034766400289183
1404,0.36671838,0,5,1) very rare (1-5),0.29528025,0.078713335,0.6,3.964291736269588
1405,0.6752738,0,142,4) very common (100+),0.3688137,0.1191009,0.85,4.375412401050542
1406,0.45003137,1,58,3) common (21-100),0.32414436,0.083348356,0.65,4.018541424068324
1407,0.9786189,0,166,4) very common (100+),0.801871,0.12409123,1.0,2.0269338569983555
1408,0.48293805,0,261,4) very common (100+),0.20037706,0.081574276,1.0,6.624383296811056
1409,0.43258783,0,107,4) very common (100+),0.19925211,0.12355062,0.9,5.406395385702892
1410,0.39424556,1,0,1) very rare (1-5),0.14811322,0.043576624,0.85,6.563834507582408
1411,0.8517698,0,3,1) very rare (1-5),0.6419164,0.17290534,0.95,2.026816489754674
1412,0.98305964,1,1070,4) very common (100+),0.8571483,0.061863042,1.0,1.2652185518963113
1413,0.6337006,0,32,3) common (21-100),0.327815,0.124330476,1.0,5.298926300418644
1414,0.15951456,0,2,1) very rare (1-5),0.059460122,0.022112722,0.6,7.236703019184299
1415,0.26964173,1,0,1) very rare (1-5),0.09621863,0.04647192,0.95,6.888280467827341
1416,0.5435182,1,1,1) very rare (1-5),0.3591437,0.12202327,0.65,3.3559146563991313
1417,0.6906144,0,47,3) common (21-100),0.3880013,0.11165861,1.0,4.186153241571911
1418,0.49291772,1,0,1) very rare (1-5),0.28658202,0.111195475,0.9,4.212817737701809
1419,0.37767887,0,421,4) very common (100+),0.19209225,0.08176656,0.85,5.959993138345939
1420,0.98829377,0,700,4) very common (100+),0.94526243,0.036772765,1.0,0.46761567209028776
1421,0.057707623,0,3,1) very rare (1-5),0.030710671,0.015831815,0.4,7.728408108970079
1422,0.047395073,1,0,1) very rare (1-5),0.048278697,0.014877381,0.25,6.65989649755997
1423,0.11745162,0,421,4) very common (100+),0.088122495,0.030129349,0.25,6.500355483119429
1424,0.23686975,1,92,3) common (21-100),0.1369042,0.07832711,0.65,6.542494479937007
1425,0.20368014,0,1,1) very rare (1-5),0.07454061,0.045828253,0.85,7.212876504954188
1426,0.1940363,1,0,1) very rare (1-5),0.079297304,0.028180834,0.65,6.910971709119047
1427,0.2206709,1,3,1) very rare (1-5),0.13771537,0.07601658,0.6,5.516105445448299
1428,0.058734924,1,0,1) very rare (1-5),0.060096692,0.022022873,0.2,6.745905633552192
1429,0.9574138,0,1000,4) very common (100+),0.843366,0.08507954,1.0,1.0112762904931472
1430,0.060274515,1,0,1) very rare (1-5),0.048981614,0.02320249,0.4,7.38218630989366
1431,0.7409963,0,237,4) very common (100+),0.4646359,0.1237608,1.0,3.7766151848446783
1432,0.12923913,1,6,2) rare (6-20),0.08087687,0.043029413,0.6,6.724643741416477
1433,0.7203079,0,9,2) rare (6-20),0.56725985,0.1299977,0.95,1.9871202334291915
1434,0.3345222,1,0,1) very rare (1-5),0.18744351,0.067917146,0.65,4.881300950959
1435,0.33502465,0,1290,4) very common (100+),0.13766298,0.06153573,0.7,6.376675235642324
1436,0.5369351,0,13,2) rare (6-20),0.3819428,0.154748,0.75,2.9589361454203633
1437,0.2260169,1,421,4) very common (100+),0.0965202,0.051228736,0.8,6.593688539556185
1438,0.3107199,0,105,4) very common (100+),0.111215755,0.05801326,0.95,7.189155093292168
1439,0.18305744,1,31,3) common (21-100),0.12194027,0.03663642,0.45,5.639474013491985
1440,0.4737547,0,237,4) very common (100+),0.2794324,0.12309217,0.7,4.713250574030502
1441,0.91055596,1,89,3) common (21-100),0.66827834,0.11267104,1.0,2.6925402790379716
1442,0.080702014,1,0,1) very rare (1-5),0.03682688,0.01933108,0.45,7.592427227179343
1443,0.7785603,1,2,1) very rare (1-5),0.5618743,0.11648191,1.0,2.5437582241349475
1444,0.15341699,0,0,1) very rare (1-5),0.0876749,0.036830213,0.5,6.786242489967259
1445,0.22438641,0,1,1) very rare (1-5),0.09546729,0.035317287,0.85,7.070213114235193
1446,0.31488332,0,35,3) common (21-100),0.1725778,0.07820174,0.7,6.3778083651567306
1447,0.5726563,0,1070,4) very common (100+),0.44960648,0.10672542,0.7,2.5033848316462484
1448,0.4385956,0,3,1) very rare (1-5),0.20119457,0.09190892,0.85,5.910608571559372
1449,0.5238321,1,1290,4) very common (100+),0.2548924,0.08697651,0.85,5.458187070178263
1450,0.38258973,1,3,1) very rare (1-5),0.13587335,0.044316296,0.95,6.25210578038746
1451,0.8649408,0,89,3) common (21-100),0.51772356,0.1527509,1.0,3.823711708935586
1452,0.32251915,1,0,1) very rare (1-5),0.10328815,0.056284007,0.95,6.869222237225044
1453,0.89152724,0,237,4) very common (100+),0.5679281,0.13592215,1.0,3.2670362237478656
1454,0.9910953,0,211,4) very common (100+),0.89508045,0.03997568,1.0,1.0407124307914137
1455,0.88596225,0,1290,4) very common (100+),0.6482121,0.15616493,1.0,2.450607871403189
1456,0.96090025,0,211,4) very common (100+),0.70620185,0.09577926,1.0,2.8113682092737537
1457,0.05158106,0,0,1) very rare (1-5),0.025949335,0.007706021,0.5,7.864679275540405
1458,0.63487935,0,39,3) common (21-100),0.25348294,0.07845764,1.0,5.944880856690466
1459,0.9845696,0,700,4) very common (100+),0.88156766,0.04512021,1.0,1.1471805323372788
1460,0.7120647,0,3,1) very rare (1-5),0.5126523,0.106369644,1.0,2.730984708467755
1461,0.44942406,1,96,3) common (21-100),0.21576934,0.06309516,0.8,5.565414174074114
1462,0.44329116,1,3,1) very rare (1-5),0.28661284,0.05957588,0.6,3.2312799008627566
1463,0.8279623,0,421,4) very common (100+),0.4614362,0.1168414,1.0,4.477043516285537
1464,0.8537493,0,1000,4) very common (100+),0.5236591,0.12581159,1.0,3.5595638591258068
1465,0.47785103,1,118,4) very common (100+),0.38873032,0.11152846,0.8,2.8938457231841297
1466,0.5382627,0,28,3) common (21-100),0.43297023,0.13622226,0.65,2.64734829654168
1467,0.16633292,1,79,3) common (21-100),0.064958856,0.027015146,0.65,7.063690504993487
1468,0.4336594,0,29,3) common (21-100),0.23030314,0.11326341,0.8,4.996495960956068
1469,0.28375822,1,96,3) common (21-100),0.13295427,0.069188,0.6,7.191302683019368
1470,0.6408624,1,0,1) very rare (1-5),0.36683434,0.11941426,1.0,4.397388339227619
1471,0.29291537,1,8,2) rare (6-20),0.12970704,0.06129766,0.75,6.526139883693654
1472,0.052550767,1,8,2) rare (6-20),0.02322719,0.012292944,0.45,8.136954091397296
1473,0.96530783,0,6,2) rare (6-20),0.81927586,0.08660329,1.0,1.3933706765408602
1474,0.6376084,0,5,1) very rare (1-5),0.29886788,0.10918183,1.0,5.646876602394158
1475,0.18482217,1,3,1) very rare (1-5),0.13636795,0.057079345,0.4,5.856020087129446
1476,0.73635477,1,372,4) very common (100+),0.46054226,0.13464771,0.95,3.401971140774163
1477,0.5416651,0,3,1) very rare (1-5),0.2684791,0.11974151,1.0,5.70662498932927
1478,0.07707923,1,4,1) very rare (1-5),0.055362992,0.015982676,0.3,7.079341347968169
1479,0.19319956,0,4,1) very rare (1-5),0.13209748,0.08831589,0.6,6.36473842860086
1480,0.67200255,0,2,1) very rare (1-5),0.36565092,0.11049882,0.95,3.9756904745235317
1481,0.5047402,0,66,3) common (21-100),0.29418448,0.10679439,0.8,4.8722824540736696
1482,0.6009744,0,9,2) rare (6-20),0.40568194,0.10296023,1.0,3.780957335431327
1483,0.086927556,0,82,3) common (21-100),0.06611301,0.017108712,0.3,6.108160552575405
1484,0.9610968,0,1000,4) very common (100+),0.69234717,0.09410148,1.0,2.7353331888465995
1485,0.78661996,0,105,4) very common (100+),0.38946694,0.097004645,1.0,4.667708930406061
1486,0.34126118,1,9,2) rare (6-20),0.18507347,0.058512896,0.75,4.895535912706189
1487,0.98363805,1,142,4) very common (100+),0.9025323,0.04546927,1.0,0.7478221355459947
1488,0.67035645,0,3,1) very rare (1-5),0.4968492,0.10792746,0.95,2.4305754934082673
1489,0.43844116,1,0,1) very rare (1-5),0.21582761,0.09404542,0.85,5.926704249068072
1490,0.059001893,1,6,2) rare (6-20),0.023910217,0.010346243,0.7,8.002332586655804
1491,0.37027004,1,0,1) very rare (1-5),0.2232999,0.06667653,0.5,5.099987188881114
1492,0.28354892,1,1290,4) very common (100+),0.19787565,0.08570416,0.75,4.751253423394006
1493,0.108374774,1,35,3) common (21-100),0.054929297,0.02956438,0.45,7.297121639430434
1494,0.021464985,1,4,1) very rare (1-5),0.013893405,0.006365095,0.25,8.095675424790285
1495,0.83398575,0,74,3) common (21-100),0.524339,0.15459071,1.0,3.4460829288295685
1496,0.36545786,0,96,3) common (21-100),0.23493369,0.064415105,0.65,5.3148859874463845
1497,0.6144773,1,2,1) very rare (1-5),0.37343696,0.12822592,1.0,3.7227907383909438
1498,0.14388745,1,1,1) very rare (1-5),0.07189347,0.044728648,0.5,7.36004688543818
1499,0.7137939,0,700,4) very common (100+),0.70563495,0.12931082,0.85,0.9784555841187529
1500,0.5832639,1,1,1) very rare (1-5),0.28187633,0.08646519,0.85,5.069917795445932
1501,0.1463388,1,0,1) very rare (1-5),0.07387205,0.0372049,0.75,6.796809380144262
1502,0.139978,1,7,2) rare (6-20),0.06410067,0.04744915,0.6,7.368946966475792
1503,0.43627194,1,15,2) rare (6-20),0.2613925,0.097971454,0.95,4.9264841201629
1504,0.22198427,0,3,1) very rare (1-5),0.09280611,0.032825563,0.65,6.714826683098654
1505,0.9310243,0,700,4) very common (100+),0.82571757,0.075408824,1.0,1.1567506566737238
1506,0.6599141,0,268,4) very common (100+),0.3020302,0.07904669,0.9,4.570552089289726
1507,0.9425536,0,85,3) common (21-100),0.6790326,0.114901885,1.0,2.7459529127185887
1508,0.107591055,0,3,1) very rare (1-5),0.088872164,0.028123142,0.2,5.813401233454544
1509,0.05425034,1,0,1) very rare (1-5),0.03110199,0.017603513,0.45,7.880772636868941
1510,0.38740873,1,5,1) very rare (1-5),0.20175633,0.10870018,0.55,5.621514630751679
1511,0.18363683,1,5,1) very rare (1-5),0.063222215,0.042131234,1.0,7.442496319350317
1512,0.43734273,0,3,1) very rare (1-5),0.24246843,0.11508568,0.9,5.2683491473905
1513,0.57624114,1,3,1) very rare (1-5),0.38860118,0.11385035,0.75,3.0352158502775266
1514,0.80792934,1,0,1) very rare (1-5),0.5061393,0.14277834,0.95,3.6890614899081045
1515,0.43962622,1,372,4) very common (100+),0.29150426,0.10084749,0.7,4.791403022341029
1516,0.5804718,0,223,4) very common (100+),0.2266099,0.06092876,1.0,6.317186575367107
1517,0.6574648,1,8,2) rare (6-20),0.4258585,0.13772616,0.85,3.789256462218358
1518,0.8456224,0,1000,4) very common (100+),0.63773316,0.1378749,1.0,2.5006806565230764
1519,0.3068275,1,15,2) rare (6-20),0.20636413,0.06084188,0.6,5.111623691966809
1520,0.9876323,0,275,4) very common (100+),0.91489553,0.044625297,1.0,0.6957777111297891
1521,0.27934992,1,0,1) very rare (1-5),0.08562466,0.045651678,0.75,7.347057578378476
1522,0.91234666,0,14,2) rare (6-20),0.6837653,0.09063391,1.0,2.5052661071093056
1523,0.32290903,0,14,2) rare (6-20),0.19535606,0.09036884,0.8,5.466124095128478
1524,0.36197686,1,142,4) very common (100+),0.27110443,0.0976303,0.55,4.380652753926032
1525,0.7215587,0,1000,4) very common (100+),0.48734394,0.13910063,0.95,3.456580129742931
1526,0.1389594,0,0,1) very rare (1-5),0.07060944,0.049844526,0.95,7.5315230813915655
1527,0.550042,0,65,3) common (21-100),0.23489217,0.12688698,1.0,5.633785900140735
1528,0.33158445,1,0,1) very rare (1-5),0.17968532,0.06660593,0.9,4.995508754882897
1529,0.42715985,0,9,2) rare (6-20),0.26436684,0.10751578,0.7,3.8108235931410963
1530,0.8826035,0,159,4) very common (100+),0.57531106,0.1410091,1.0,3.388584842294316
1531,0.08076834,1,0,1) very rare (1-5),0.04757744,0.014934135,0.6,7.234107316837669
1532,0.73954976,1,1290,4) very common (100+),0.48239392,0.1535255,0.95,3.282428083723803
1533,0.13192986,0,0,1) very rare (1-5),0.08321089,0.045984857,0.4,6.715279594055031
1534,0.16854891,1,8,2) rare (6-20),0.10736631,0.037874434,0.35,6.076420517685276
1535,0.8021724,0,18,2) rare (6-20),0.35549712,0.12914957,1.0,5.207925462629115
1536,0.3959409,1,2,1) very rare (1-5),0.28716236,0.09819599,0.55,3.916440553535754
1537,0.6468768,1,4,1) very rare (1-5),0.33308932,0.120824896,0.9,5.271445719562628
1538,0.15151207,1,118,4) very common (100+),0.061490476,0.039414953,0.75,7.5226276203267215
1539,0.83517665,1,92,3) common (21-100),0.4469502,0.12292813,1.0,4.8114803408286875
1540,0.7104714,1,62,3) common (21-100),0.5960135,0.09551417,0.8,1.8487683612876575
1541,0.8462595,0,1,1) very rare (1-5),0.4737422,0.09652477,1.0,3.9983774362143527
1542,0.047045887,1,3,1) very rare (1-5),0.026091153,0.011858658,0.4,8.006426858251864
1543,0.30558616,0,1290,4) very common (100+),0.15960756,0.043045178,0.65,6.625094200018385
1544,0.7710394,0,19,2) rare (6-20),0.38021556,0.11715837,1.0,5.110320739629228
1545,0.66043353,0,1290,4) very common (100+),0.4476881,0.111109115,0.9,3.8194773346761197
1546,0.06415672,1,0,1) very rare (1-5),0.04673933,0.015698772,0.25,7.064180370578391
1547,0.74511135,1,1070,4) very common (100+),0.46327248,0.13832542,1.0,3.4914702458173563
1548,0.20362073,0,4,1) very rare (1-5),0.15728226,0.039868195,0.4,4.9641908813012705
1549,0.82278746,0,106,4) very common (100+),0.6652087,0.14164923,0.95,1.7319588538780493
1550,0.695662,0,19,2) rare (6-20),0.3493067,0.14996514,1.0,4.952627968281915
1551,0.5889957,1,142,4) very common (100+),0.2512777,0.11825169,1.0,5.961186611633354
1552,0.34723255,0,39,3) common (21-100),0.16491753,0.06651744,0.95,5.820769170089682
1553,0.64166963,0,32,3) common (21-100),0.42900497,0.143472,1.0,3.2025223317034923
1554,0.33160296,0,2,1) very rare (1-5),0.11684845,0.04619964,0.9,6.578602934740248
1555,0.0666339,1,0,1) very rare (1-5),0.043128505,0.017496515,0.25,7.394883427008062
1556,0.59790385,1,123,4) very common (100+),0.30246857,0.09586091,0.9,4.53661131626901
1557,0.8589105,1,90,3) common (21-100),0.48367578,0.13750222,1.0,4.4632815862550625
1558,0.17351927,1,17,2) rare (6-20),0.06518495,0.03488468,0.65,7.286498899760181
1559,0.16197181,1,5,1) very rare (1-5),0.120787635,0.04366218,0.3,5.769263125769436
1560,0.07963638,1,89,3) common (21-100),0.03829772,0.014158411,0.45,7.630431526984164
1561,0.78723526,1,2,1) very rare (1-5),0.51474875,0.11812122,0.95,3.091007565986199
1562,0.25457183,0,1070,4) very common (100+),0.14126793,0.051292326,0.6,6.200647130377481
1563,0.5795026,0,2,1) very rare (1-5),0.49111372,0.09924872,0.75,2.1262798996387917
1564,0.17017075,0,8,2) rare (6-20),0.06189058,0.03224386,0.8,7.092174930545948
1565,0.25733104,1,2,1) very rare (1-5),0.14393984,0.05029549,0.6,6.215727151115985
1566,0.30094317,0,123,4) very common (100+),0.15190986,0.056283593,0.75,6.222822074676751
1567,0.23800443,1,0,1) very rare (1-5),0.10380115,0.0394333,0.75,6.1946298775726
1568,0.44047746,0,3,1) very rare (1-5),0.23446123,0.10806775,0.75,5.3868580748588455
1569,0.19303465,0,372,4) very common (100+),0.12400699,0.041705027,0.4,5.491129148371706
1570,0.65691817,0,23,3) common (21-100),0.3293399,0.112875685,1.0,4.677765582138479
1571,0.12869172,1,16,2) rare (6-20),0.055083387,0.031057036,0.75,7.67454013411387
1572,0.21626344,0,111,4) very common (100+),0.09924015,0.04728898,0.85,6.692612767818435
1573,0.20220026,1,1,1) very rare (1-5),0.10186704,0.034708023,0.65,5.881577846130545
1574,0.089349434,0,16,2) rare (6-20),0.048452187,0.019861998,0.4,6.989154043483804
1575,0.93916863,0,8,2) rare (6-20),0.74795234,0.12424787,1.0,1.7525498635960979
1576,0.727636,0,7,2) rare (6-20),0.39788043,0.11062068,1.0,3.5744309127331957
1577,0.48148695,1,70,3) common (21-100),0.21882296,0.06926166,0.65,5.632659716223165
1578,0.68225324,1,11,2) rare (6-20),0.2990317,0.107962124,1.0,5.529045806671884
1579,0.085549496,1,1,1) very rare (1-5),0.06889451,0.024699518,0.35,6.947612959796628
1580,0.7259178,0,0,1) very rare (1-5),0.51433456,0.12338827,1.0,2.910372403947458
1581,0.74612546,0,123,4) very common (100+),0.42305002,0.14403383,1.0,4.542399479919106
1582,0.0956593,1,0,1) very rare (1-5),0.061463468,0.022768024,0.65,7.10832624359706
1583,0.3907407,1,76,3) common (21-100),0.17584677,0.075089194,0.75,5.7596346362003015
1584,0.5785596,0,13,2) rare (6-20),0.33543324,0.12871009,0.85,4.562833811908487
1585,0.4394922,0,237,4) very common (100+),0.19579901,0.07972902,0.85,6.073017815404107
1586,0.64376134,1,0,1) very rare (1-5),0.3045022,0.0977495,1.0,4.560086182680514
1587,0.36501703,0,8,2) rare (6-20),0.3503868,0.08831567,0.5,2.9123142807326547
1588,0.6117568,0,15,2) rare (6-20),0.42904586,0.13662851,0.9,3.7410041887531094
1589,0.3616518,1,72,3) common (21-100),0.21566308,0.061802488,0.55,5.329625512521726
1590,0.54172164,1,0,1) very rare (1-5),0.22192211,0.06802923,0.85,6.0761253420429755
1591,0.21834941,1,0,1) very rare (1-5),0.13657597,0.05549853,0.65,5.271445581583384
1592,0.047258813,1,0,1) very rare (1-5),0.029768918,0.012764026,0.25,7.532267851680446
1593,0.26984647,0,9,2) rare (6-20),0.12319951,0.08852848,0.55,6.215624797450846
1594,0.9247244,0,17,2) rare (6-20),0.6979831,0.09117173,1.0,1.968199594878276
1595,0.8793372,0,1000,4) very common (100+),0.6327182,0.13157964,1.0,1.9753018935562443
1596,0.2701467,0,3,1) very rare (1-5),0.08795212,0.036142603,0.8,7.027627984366798
1597,0.15092622,0,1,1) very rare (1-5),0.084308736,0.029080108,0.35,5.975950852050808
1598,0.7087039,1,5,1) very rare (1-5),0.5224011,0.14767936,1.0,2.2385269718427083
1599,0.6318667,1,5,1) very rare (1-5),0.3279696,0.12645812,1.0,4.474049514969307
1600,0.36397216,0,1,1) very rare (1-5),0.18781658,0.08360754,0.9,5.426812081269294
1601,0.09911479,1,0,1) very rare (1-5),0.044355564,0.028185891,0.55,7.5163877745396235
1602,0.5894226,1,0,1) very rare (1-5),0.20184894,0.09171427,1.0,5.810663391030592
1603,0.85183734,0,2,1) very rare (1-5),0.4718845,0.15547767,1.0,4.70569260217377
1604,0.57223266,0,24,3) common (21-100),0.18103099,0.07864765,1.0,6.597160199263696
1605,0.5416118,0,4,1) very rare (1-5),0.26050082,0.12168381,0.9,5.581421455083122
1606,0.3928232,1,3,1) very rare (1-5),0.1941592,0.07244103,0.8,6.202438462203217
1607,0.43706527,0,1070,4) very common (100+),0.22954433,0.09142937,0.75,5.344138816409197
1608,0.4822259,1,106,4) very common (100+),0.18756297,0.078323096,0.95,6.335132121211409
1609,0.44271976,1,79,3) common (21-100),0.21984753,0.09517661,0.7,5.317198589205367
1610,0.04866993,1,5,1) very rare (1-5),0.02458113,0.014879251,0.45,7.944150322322302
1611,0.50500625,0,1,1) very rare (1-5),0.313173,0.0856284,0.7,3.966908603013313
1612,0.05119456,1,39,3) common (21-100),0.045889754,0.020209737,0.4,7.1104317179207435
1613,0.976886,1,1,1) very rare (1-5),0.9146013,0.04498498,1.0,0.5520481282064826
1614,0.5017219,0,182,4) very common (100+),0.4775533,0.08796308,0.5,3.037691039536819
1615,0.042981103,1,11,2) rare (6-20),0.017472561,0.0064984174,0.5,8.116514146329056
1616,0.46637008,0,1,1) very rare (1-5),0.21007042,0.1102801,1.0,5.95089564972443
1617,0.6088676,1,105,4) very common (100+),0.4004354,0.11168788,0.85,3.8846169210252697
1618,0.47329944,0,18,2) rare (6-20),0.18168594,0.06571141,1.0,6.363414823677599
1619,0.013188971,1,0,1) very rare (1-5),0.007235258,0.0021144233,0.15,8.535041519347647
1620,0.76452917,0,1000,4) very common (100+),0.40786988,0.11089545,0.95,4.853314194883508
1621,0.72008735,0,421,4) very common (100+),0.2944633,0.120927,1.0,5.719724964859137
1622,0.62964165,0,343,4) very common (100+),0.32087776,0.12098259,1.0,5.483864158461645
1623,0.8557584,1,1070,4) very common (100+),0.5810748,0.12750542,0.95,2.3547269826930646
1624,0.5005396,1,79,3) common (21-100),0.31786543,0.10340191,0.75,4.378533198658911
1625,0.8177316,0,99,3) common (21-100),0.5462018,0.12762488,1.0,2.8322697816884426
1626,0.13874874,0,0,1) very rare (1-5),0.07195818,0.030041896,0.55,7.239687358675448
1627,0.78393626,1,146,4) very common (100+),0.6235618,0.12645662,0.9,2.0774721821110025
1628,0.65670896,1,118,4) very common (100+),0.28184125,0.098148994,0.95,5.563511649482894
1629,0.48269558,1,0,1) very rare (1-5),0.41809368,0.08214335,0.5,3.03230081998148
1630,0.23095821,1,0,1) very rare (1-5),0.1355395,0.045788314,0.65,5.853721558863443
1631,0.680464,1,1,1) very rare (1-5),0.5182521,0.1107202,0.9,2.671900237924942
1632,0.8295402,0,1000,4) very common (100+),0.56756186,0.14373675,1.0,3.0093380329371713
1633,0.209726,1,0,1) very rare (1-5),0.087411255,0.049056698,0.7,6.796068522857098
1634,0.10246221,1,0,1) very rare (1-5),0.054113835,0.023066854,0.45,7.409738852588472
1635,0.5283989,0,14,2) rare (6-20),0.35256034,0.1247091,0.8,3.6904244003680784
1636,0.71414757,1,2,1) very rare (1-5),0.49387532,0.124227874,0.95,3.2392852488069788
1637,0.36769268,1,9,2) rare (6-20),0.18136196,0.09780031,0.85,5.444484397437733
1638,0.42401382,1,79,3) common (21-100),0.15395181,0.07732988,1.0,7.05408280885975
1639,0.878996,0,1290,4) very common (100+),0.58237207,0.117692046,1.0,3.1887864039622036
1640,0.8002084,0,63,3) common (21-100),0.51599836,0.13433747,1.0,3.4389212229506407
1641,0.966907,0,1290,4) very common (100+),0.8222207,0.07161227,1.0,1.6390089806387158
1642,0.67004,0,106,4) very common (100+),0.44892573,0.16842113,0.95,3.14455953020003
1643,0.48115045,1,0,1) very rare (1-5),0.28157222,0.105434544,0.7,5.143233445446985
1644,0.2554563,0,23,3) common (21-100),0.09556944,0.037358087,0.9,5.951548504849922
1645,0.50759536,0,223,4) very common (100+),0.25361532,0.07015963,0.7,5.144654165130102
1646,0.34384418,1,1,1) very rare (1-5),0.12734972,0.04919166,0.9,6.501258825143399
1647,0.12810242,1,14,2) rare (6-20),0.08996327,0.045914076,0.5,6.710043045004886
1648,0.88694096,0,421,4) very common (100+),0.5640528,0.17445576,0.95,3.418112152361803
1649,0.3512221,0,700,4) very common (100+),0.18338251,0.08395074,0.8,5.709355030341506
1650,0.951068,0,39,3) common (21-100),0.81183195,0.086722635,1.0,1.0990994507339977
1651,0.6377896,1,58,3) common (21-100),0.44320518,0.11476837,0.95,3.0178336866420326
1652,0.5727867,1,0,1) very rare (1-5),0.24635749,0.11605861,0.95,5.330634344199315
1653,0.5704357,0,71,3) common (21-100),0.4093522,0.15088262,0.7,2.5131840336688165
1654,0.5605854,1,134,4) very common (100+),0.33066887,0.13049467,0.85,4.5798980067473085
1655,0.1729152,1,2,1) very rare (1-5),0.12567663,0.052039962,0.4,5.714621701294267
1656,0.94185543,0,182,4) very common (100+),0.6138186,0.12914038,1.0,3.698545394968497
1657,0.7906029,1,1070,4) very common (100+),0.63983715,0.103817776,0.9,1.3772165603484672
1658,0.08444929,1,55,3) common (21-100),0.049649455,0.019555004,0.65,7.320434803027755
1659,0.14775984,1,22,3) common (21-100),0.07023551,0.032306787,0.55,7.072909341092119
1660,0.044061355,1,2,1) very rare (1-5),0.02219896,0.0059014354,0.45,7.937875238339446
1661,0.7683082,1,99,3) common (21-100),0.5526055,0.10629315,0.8,2.4540003917100726
1662,0.98375297,0,62,3) common (21-100),0.82128495,0.11008885,1.0,1.8426564325432542
1663,0.9255146,1,10,2) rare (6-20),0.7344445,0.1569715,0.95,1.610197152449535
1664,0.11830881,1,0,1) very rare (1-5),0.10177833,0.03255079,0.35,5.61253566995359
1665,0.8154035,1,2,1) very rare (1-5),0.48784524,0.11670183,1.0,4.153442991487717
1666,0.89471436,0,421,4) very common (100+),0.69545877,0.09979223,1.0,1.9962196737957731
1667,0.73613864,0,4,1) very rare (1-5),0.4797668,0.13907349,0.95,3.4051969948189713
1668,0.7248505,0,22,3) common (21-100),0.3364194,0.10634804,1.0,5.027717782371651
1669,0.9805592,0,211,4) very common (100+),0.83206284,0.09283374,1.0,1.667470796690088
1670,0.550846,1,1070,4) very common (100+),0.37258273,0.15292461,0.8,3.2494008158931535
1671,0.04380679,1,0,1) very rare (1-5),0.03666251,0.014456466,0.3,7.328730640245809
1672,0.9778446,0,106,4) very common (100+),0.8387451,0.10480459,1.0,1.1893202304696175
1673,0.05736378,1,24,3) common (21-100),0.021200435,0.007041589,0.55,8.235346319061362
1674,0.87463623,0,26,3) common (21-100),0.5627473,0.14632462,1.0,3.0478707734740538
1675,0.5004793,1,66,3) common (21-100),0.1927099,0.076597326,0.9,6.029476332574724
1676,0.36842358,1,86,3) common (21-100),0.33584797,0.06785001,0.45,3.0010867260548553
1677,0.48878184,0,343,4) very common (100+),0.21463442,0.096989,0.9,5.912692072393089
1678,0.76425827,1,88,3) common (21-100),0.46853313,0.11698929,1.0,4.016134724120059
1679,0.14611505,1,0,1) very rare (1-5),0.053129792,0.033508368,0.95,7.829775999766263
1680,0.830173,0,37,3) common (21-100),0.66892236,0.12561496,1.0,2.4214929540379724
1681,0.55215025,1,24,3) common (21-100),0.31357634,0.10092032,0.75,4.283602252288232
1682,0.51718116,0,1290,4) very common (100+),0.31070232,0.12214767,0.8,4.55276089082584
1683,0.32156608,1,343,4) very common (100+),0.25032738,0.0749336,0.75,4.360057454512907
1684,0.44442165,0,2,1) very rare (1-5),0.17804375,0.09696814,0.95,6.434953232786073
1685,0.5155654,0,66,3) common (21-100),0.28874883,0.08473235,0.95,4.7224352893614645
1686,0.15437591,1,118,4) very common (100+),0.08264713,0.064151436,0.6,7.0954906614984825
1687,0.9123587,0,1070,4) very common (100+),0.7597431,0.08877904,1.0,1.5336250638876479
1688,0.4446413,0,343,4) very common (100+),0.18269381,0.082270294,0.95,6.009054356211313
1689,0.10843597,1,0,1) very rare (1-5),0.06351258,0.02636281,0.7,6.605185535661429
1690,0.9377704,0,1290,4) very common (100+),0.69333017,0.10815034,1.0,2.4584144095089715
1691,0.42978945,0,39,3) common (21-100),0.19064423,0.04266671,0.55,5.675746380611228
1692,0.950661,0,17,2) rare (6-20),0.6901647,0.14555086,1.0,2.717027700289247
1693,0.44771287,0,79,3) common (21-100),0.16708417,0.06428098,1.0,6.648429966132603
1694,0.3398008,1,70,3) common (21-100),0.30829173,0.082014,0.7,3.774974653860115
1695,0.14131013,1,1,1) very rare (1-5),0.123566344,0.044214923,0.4,5.791173113474158
1696,0.24163128,1,0,1) very rare (1-5),0.17359102,0.06049481,0.75,5.599192550346523
1697,0.18787204,1,0,1) very rare (1-5),0.06408492,0.039670542,0.95,7.5082558317158
1698,0.9496795,0,6,2) rare (6-20),0.7240143,0.1331678,1.0,2.375131465233674
1699,0.16333604,1,0,1) very rare (1-5),0.056532938,0.02137113,0.8,7.445896591134643
1700,0.59842247,1,0,1) very rare (1-5),0.45829526,0.096013896,0.85,3.1757767540501036
1701,0.570994,0,3,1) very rare (1-5),0.22051868,0.11602625,0.95,5.959650023441386
1702,0.9677096,0,23,3) common (21-100),0.80908555,0.0909646,1.0,1.596271698926583
1703,0.5081901,1,5,1) very rare (1-5),0.21430163,0.107051425,0.95,5.643809440090996
1704,0.9675491,1,7,2) rare (6-20),0.80071986,0.08554918,1.0,1.699103489491735
1705,0.038639043,1,7,2) rare (6-20),0.023035614,0.009430875,0.4,7.966735772895024
1706,0.07075698,1,8,2) rare (6-20),0.046974003,0.01989927,0.4,7.400368254498321
1707,0.17764488,1,0,1) very rare (1-5),0.05469328,0.018153617,0.7,7.511903972932696
1708,0.558919,0,2,1) very rare (1-5),0.20388696,0.06906444,1.0,6.481034078748228
1709,0.05606655,1,2,1) very rare (1-5),0.054437876,0.021477584,0.15,6.943390993213953
1710,0.20472069,1,0,1) very rare (1-5),0.102880895,0.028260821,0.65,6.125573201828929
1711,0.9754601,0,1000,4) very common (100+),0.86283225,0.070008025,1.0,1.0960599644876154
1712,0.2434871,1,16,2) rare (6-20),0.12258266,0.059773117,0.65,6.6387688716821485
1713,0.115182996,1,0,1) very rare (1-5),0.059515618,0.024445552,0.7,7.033202007014906
1714,0.22433303,0,1,1) very rare (1-5),0.14753807,0.06271486,0.6,6.2300752959201215
1715,0.66154915,0,1070,4) very common (100+),0.5103657,0.11498214,0.9,3.1145282361327338
1716,0.5722715,0,178,4) very common (100+),0.3414505,0.105819695,0.85,4.390690193347822
1717,0.7061964,0,123,4) very common (100+),0.5466296,0.097590014,1.0,2.606206574876159
1718,0.44600308,0,41,3) common (21-100),0.18393186,0.062024515,0.8,5.636403459419567
1719,0.16923732,1,178,4) very common (100+),0.102695666,0.03558743,0.5,6.073782518258729
1720,0.5386451,1,111,4) very common (100+),0.34006006,0.10305293,0.9,3.5666236234910675
1721,0.4984229,1,1,1) very rare (1-5),0.21417162,0.09850107,0.85,5.962586034521567
1722,0.9877815,0,421,4) very common (100+),0.9124223,0.046953894,1.0,0.8523250794115269
1723,0.0861925,1,9,2) rare (6-20),0.04037955,0.019180972,0.5,7.678559919886666
1724,0.59898573,1,0,1) very rare (1-5),0.27289122,0.096696764,0.85,5.586283918160177
1725,0.9842642,0,1070,4) very common (100+),0.9280232,0.03538678,1.0,0.4896143476766435
1726,0.17858621,1,1,1) very rare (1-5),0.059060358,0.02114005,0.85,7.057842340131331
1727,0.020626081,0,3,1) very rare (1-5),0.026092213,0.010748577,0.25,7.554839661623651
1728,0.88871795,1,1000,4) very common (100+),0.5947412,0.13971922,1.0,3.083936663886113
1729,0.40329129,1,118,4) very common (100+),0.1573067,0.06852446,0.8,6.116590753781994
1730,0.3149041,1,8,2) rare (6-20),0.15532424,0.057593655,0.85,5.724982560923422
1731,0.8728961,0,1000,4) very common (100+),0.6074151,0.13229921,1.0,2.4597701222500277
1732,0.64005893,0,372,4) very common (100+),0.3576703,0.13589752,1.0,4.966306542604057
1733,0.60513115,0,105,4) very common (100+),0.6047672,0.118170485,0.85,1.5222346704716823
1734,0.9129784,0,89,3) common (21-100),0.6887059,0.11810829,1.0,2.455716273433216
1735,0.03338054,1,17,2) rare (6-20),0.02564241,0.0077820355,0.2,7.375910654976411
1736,0.3022983,1,17,2) rare (6-20),0.104539014,0.026054155,0.75,6.45337363081104
1737,0.66096795,0,7,2) rare (6-20),0.3746487,0.10886605,1.0,4.603886890584735
1738,0.54482144,1,89,3) common (21-100),0.2791374,0.09183862,0.95,5.781905049543237
1739,0.54539216,1,343,4) very common (100+),0.20805559,0.08068127,0.85,6.175815975687455
1740,0.87472606,0,44,3) common (21-100),0.45563632,0.16764435,1.0,4.957750281827571
1741,0.1713059,1,0,1) very rare (1-5),0.15867503,0.07974178,0.55,5.2375232197733865
1742,0.27224964,1,3,1) very rare (1-5),0.10565295,0.049003996,0.75,6.586789617738754
1743,0.4427799,1,16,2) rare (6-20),0.22810201,0.088491224,0.55,4.79346983112933
1744,0.39708924,0,99,3) common (21-100),0.218164,0.086598516,0.85,5.088778404291293
1745,0.9506571,0,79,3) common (21-100),0.74674416,0.13371286,1.0,1.9263387961697112
1746,0.24055591,0,0,1) very rare (1-5),0.08787407,0.041957162,0.95,7.369322759669874
1747,0.8870837,0,55,3) common (21-100),0.6496917,0.14755988,1.0,2.469893510866245
1748,0.2744977,0,26,3) common (21-100),0.12262069,0.05933035,0.9,6.7632672556546325
1749,0.92928034,0,34,3) common (21-100),0.7415278,0.09458957,1.0,1.8891772405530105
1750,0.48154852,0,22,3) common (21-100),0.21706712,0.12166496,0.95,6.016500147553071
1751,0.45023257,1,47,3) common (21-100),0.26194704,0.1258913,0.8,4.45379444576566
1752,0.5474263,0,1000,4) very common (100+),0.58050185,0.09192106,0.6,1.9297943214886386
1753,0.29930452,1,0,1) very rare (1-5),0.21244021,0.07757852,0.6,4.495267748655562
1754,0.925594,1,0,1) very rare (1-5),0.5661099,0.13788675,1.0,3.87234664344812
1755,0.5799568,1,1290,4) very common (100+),0.46035105,0.11621059,1.0,3.375777077041363
1756,0.05935676,1,0,1) very rare (1-5),0.03388947,0.013153127,0.5,7.55630613272128
1757,0.37394828,1,134,4) very common (100+),0.20545444,0.08043077,0.8,5.013331469965449
1758,0.54702294,1,0,1) very rare (1-5),0.21845827,0.08813816,1.0,6.141840324319183
1759,0.08490516,1,0,1) very rare (1-5),0.0472035,0.01582411,0.4,7.617746058256416
1760,0.43359193,0,9,2) rare (6-20),0.20975801,0.09628714,0.8,5.397392380742902
1761,0.03763208,0,12,2) rare (6-20),0.027632153,0.014973992,0.45,8.126466797032688
1762,0.21871263,1,2,1) very rare (1-5),0.08352214,0.049576648,0.85,7.66037608754052
1763,0.15908292,0,39,3) common (21-100),0.07356052,0.03523816,0.4,7.199312316310835
1764,0.20831099,1,81,3) common (21-100),0.19266692,0.046150737,0.35,4.427909638775714
1765,0.17373732,0,3,1) very rare (1-5),0.1209958,0.037529103,0.55,6.027671936089193
1766,0.38653752,1,6,2) rare (6-20),0.24046919,0.09823636,0.7,4.968226613160226
1767,0.3969568,1,159,4) very common (100+),0.20251949,0.06895019,0.6,5.640945021101483
1768,0.41848984,0,7,2) rare (6-20),0.24295287,0.10395092,0.9,5.67456113802489
1769,0.14767952,1,8,2) rare (6-20),0.058234014,0.044283252,0.9,7.705152391143256
1770,0.80468225,1,17,2) rare (6-20),0.43598795,0.13682108,1.0,4.641890575062727
1771,0.26596513,0,24,3) common (21-100),0.14463049,0.07837582,0.45,6.210960895166632
1772,0.71239144,0,700,4) very common (100+),0.5013687,0.13035926,0.85,2.5874335551433947
1773,0.18503252,1,6,2) rare (6-20),0.10899703,0.059265565,0.7,6.691084182301397
1774,0.2421091,0,2,1) very rare (1-5),0.14305624,0.05672437,0.4,5.589522605297584
1775,0.77085775,0,2,1) very rare (1-5),0.4488148,0.1492616,1.0,3.875187169152113
1776,0.72870046,0,700,4) very common (100+),0.41287214,0.11519747,1.0,4.506839191544203
1777,0.9527071,0,1290,4) very common (100+),0.72333205,0.12583126,1.0,2.5612726459416684
1778,0.36417913,0,5,1) very rare (1-5),0.30518278,0.0829498,0.75,3.939504331447896
1779,0.12192197,0,0,1) very rare (1-5),0.07037251,0.036794838,0.7,6.745473657509152
1780,0.81118524,0,27,3) common (21-100),0.5881191,0.15449035,0.95,2.434451664137304
1781,0.12406196,1,84,3) common (21-100),0.05601613,0.04457029,0.7,7.405945002699752
1782,0.8580168,0,146,4) very common (100+),0.6712778,0.1180107,1.0,2.0519438895865916
1783,0.26145688,0,43,3) common (21-100),0.12029666,0.050744213,0.85,6.63439356734652
1784,0.08834956,1,0,1) very rare (1-5),0.06702393,0.025494395,0.35,6.558085287951524
1785,0.4221008,1,89,3) common (21-100),0.3363482,0.12318307,0.65,3.8599035619728763
1786,0.54198265,0,1,1) very rare (1-5),0.347492,0.085028976,0.85,3.482420083098579
1787,0.906876,0,1290,4) very common (100+),0.7172635,0.120285615,1.0,1.6236104441649812
1788,0.13849732,1,0,1) very rare (1-5),0.08084534,0.03495931,0.55,7.029968488069799
1789,0.7629596,0,8,2) rare (6-20),0.49357596,0.12050927,1.0,3.576285875495317
1790,0.087082505,1,0,1) very rare (1-5),0.065922,0.017530786,0.35,6.224749495370747
1791,0.9765339,1,2,1) very rare (1-5),0.8071167,0.10684173,1.0,1.7116116919319535
1792,0.18451212,1,0,1) very rare (1-5),0.058058053,0.019641463,0.8,7.543234271088341
1793,0.07945981,1,0,1) very rare (1-5),0.043753013,0.022706626,0.4,7.538800193201406
1794,0.91039103,0,33,3) common (21-100),0.5892285,0.10654565,1.0,3.576203031910327
1795,0.34474608,1,8,2) rare (6-20),0.1532962,0.070917614,0.9,5.491756085521061
1796,0.72495306,1,1070,4) very common (100+),0.5007161,0.11839372,0.95,2.9738246963720916
1797,0.16005057,1,70,3) common (21-100),0.11464356,0.035588104,0.55,5.805703134208711
1798,0.20891032,0,88,3) common (21-100),0.06327267,0.039246436,1.0,7.905762698275903
1799,0.9699912,0,99,3) common (21-100),0.83489704,0.083795026,1.0,1.3511868159533402
1800,0.4388359,1,96,3) common (21-100),0.46427137,0.10266151,0.65,2.414075498513838
1801,0.9617081,0,27,3) common (21-100),0.7316672,0.1263031,1.0,2.5497225099933187
1802,0.29963824,0,1,1) very rare (1-5),0.2229453,0.07830957,0.5,4.381210882910941
1803,0.18208505,1,92,3) common (21-100),0.08620948,0.03182139,0.7,6.520248311607231
1804,0.9856619,0,1000,4) very common (100+),0.90016496,0.04048946,1.0,0.9151499368053612
1805,0.119150504,1,1000,4) very common (100+),0.10346758,0.041533124,0.4,6.2857069346521985
1806,0.29431275,0,105,4) very common (100+),0.12723012,0.057142556,0.9,6.159397573014923
1807,0.80962557,0,20,2) rare (6-20),0.5499314,0.12209484,1.0,2.7697141954878344
1808,0.12312927,1,7,2) rare (6-20),0.04046818,0.021414094,0.7,7.896037819643098
1809,0.2692895,1,70,3) common (21-100),0.2342349,0.07107352,0.5,3.940682334786476
1810,0.6650701,0,121,4) very common (100+),0.35305673,0.13266894,0.85,4.863568651366601
1811,0.98445374,1,54,3) common (21-100),0.9258647,0.03331858,1.0,0.5346312524050785
1812,0.53948367,0,275,4) very common (100+),0.27228647,0.10803262,0.95,5.318075215626171
1813,0.65953416,1,107,4) very common (100+),0.26289946,0.088947594,1.0,6.105480939668945
1814,0.6075584,1,28,3) common (21-100),0.49955493,0.14214595,0.85,2.2951961637647273
1815,0.15417103,1,2,1) very rare (1-5),0.0847267,0.024857348,0.45,6.0536016664449654
1816,0.45396626,1,5,1) very rare (1-5),0.32966334,0.11772992,0.65,4.702674071377118
1817,0.44232422,1,23,3) common (21-100),0.21361223,0.07325262,0.7,5.872343790396249
1818,0.53673077,0,1290,4) very common (100+),0.5452382,0.07378004,0.55,1.5514115996115452
1819,0.977975,1,54,3) common (21-100),0.8768821,0.057039913,1.0,1.075104891416431
1820,0.9475593,0,85,3) common (21-100),0.63648385,0.16248761,1.0,3.3461702327547806
1821,0.35515365,1,2,1) very rare (1-5),0.14822766,0.07786682,0.9,6.568434253316784
1822,0.14236599,1,32,3) common (21-100),0.046977557,0.023226649,0.55,7.819647291787589
1823,0.2573312,1,0,1) very rare (1-5),0.100587346,0.06717684,0.95,7.500271706891109
1824,0.5792889,0,12,2) rare (6-20),0.43901438,0.099964045,0.95,2.5993268879190703
1825,0.90167093,0,700,4) very common (100+),0.51533616,0.16015047,1.0,4.301844394064737
1826,0.90273315,0,1290,4) very common (100+),0.7140814,0.106570825,1.0,2.0517569475697703
1827,0.6766374,1,134,4) very common (100+),0.29663995,0.14004436,1.0,5.717433077039528
1828,0.6480695,0,3,1) very rare (1-5),0.37710124,0.10011697,0.95,4.577185064084832
1829,0.7672156,0,9,2) rare (6-20),0.40118924,0.12662448,1.0,4.471486778713336
1830,0.15608355,1,223,4) very common (100+),0.08209497,0.031834796,0.4,6.635076827955565
1831,0.6913054,0,223,4) very common (100+),0.38846546,0.13350055,0.95,4.283015122605248
1832,0.028339071,1,70,3) common (21-100),0.019035917,0.008659155,0.4,7.869419685305346
1833,0.35493234,1,4,1) very rare (1-5),0.21670659,0.09310731,0.7,4.447859782330994
1834,0.052660637,1,17,2) rare (6-20),0.02711626,0.0076180818,0.3,7.765464281343588
1835,0.8096418,0,261,4) very common (100+),0.52022934,0.17716916,1.0,3.1560352572331984
1836,0.9628963,0,1000,4) very common (100+),0.85644454,0.08886901,1.0,1.078052478096031
1837,0.7474835,1,35,3) common (21-100),0.4239679,0.13036364,1.0,4.525591414400404
1838,0.5279522,0,1290,4) very common (100+),0.5814962,0.10316777,0.65,1.380226791447978
1839,0.44925693,0,9,2) rare (6-20),0.2053953,0.085888,1.0,5.467330796211009
1840,0.59726804,0,1290,4) very common (100+),0.62837553,0.1022396,0.6,1.3559211518757617
1841,0.019279284,1,0,1) very rare (1-5),0.014504038,0.0063737445,0.2,7.9845297678387865
1842,0.9696474,0,1000,4) very common (100+),0.9471172,0.026494728,1.0,0.31360153765243054
1843,0.28753963,0,91,3) common (21-100),0.13405056,0.06942938,0.65,6.005319129066274
1844,0.510751,0,6,2) rare (6-20),0.33591467,0.10667442,0.85,3.805997420031468
1845,0.93442136,0,1290,4) very common (100+),0.6795841,0.14435966,1.0,2.7144356419211833
1846,0.19161771,1,18,2) rare (6-20),0.08469863,0.042463206,0.75,7.118084947632903
1847,0.69373316,1,16,2) rare (6-20),0.39524883,0.08183687,1.0,3.7027336507746464
1848,0.023870664,1,0,1) very rare (1-5),0.017768767,0.0041770847,0.4,7.956473366535844
1849,0.7165612,1,24,3) common (21-100),0.5251578,0.10110919,1.0,2.4490905223061796
1850,0.70828414,1,118,4) very common (100+),0.4280552,0.14297564,0.95,3.6239913736069007
1851,0.36136785,1,14,2) rare (6-20),0.19641176,0.062183022,0.8,4.860164338925286
1852,0.24229375,1,3,1) very rare (1-5),0.10205797,0.04435226,0.55,6.846883156724131
1853,0.81966937,1,102,4) very common (100+),0.47418728,0.14279583,1.0,4.38802343829989
1854,0.9251907,0,66,3) common (21-100),0.733967,0.11137778,1.0,1.8570590369460667
1855,0.9352615,0,35,3) common (21-100),0.6893186,0.11929773,1.0,2.2734779954415005
1856,0.6832124,0,52,3) common (21-100),0.36082298,0.13021666,0.95,4.714921389283694
1857,0.49616313,0,1290,4) very common (100+),0.47439346,0.09884399,0.7,2.9634999502833597
1858,0.042853583,1,0,1) very rare (1-5),0.024667734,0.0073536704,0.25,7.682707400862485
1859,0.95336854,0,50,3) common (21-100),0.69515324,0.08733403,1.0,2.6672311183918302
1860,0.7051708,0,1000,4) very common (100+),0.5798727,0.11546645,0.8,1.9482480615594018
1861,0.62909675,0,4,1) very rare (1-5),0.26980838,0.12111297,1.0,5.647650519348052
1862,0.532819,0,5,1) very rare (1-5),0.29358277,0.10233027,0.85,4.490725338452303
1863,0.35465685,1,92,3) common (21-100),0.19943517,0.060838956,0.65,4.962202620530069
1864,0.9064699,0,53,3) common (21-100),0.7314569,0.14261,1.0,1.9128267751593946
1865,0.7996822,0,2,1) very rare (1-5),0.4491106,0.12936753,1.0,3.8166332609714444
1866,0.11843368,1,3,1) very rare (1-5),0.052071624,0.027923824,0.75,7.206775645899457
1867,0.8268336,0,68,3) common (21-100),0.46219715,0.1572659,1.0,4.517894782960372
1868,0.4830983,1,0,1) very rare (1-5),0.15541032,0.06671295,1.0,6.832050580805284
1869,0.90697056,0,8,2) rare (6-20),0.62182605,0.14353456,1.0,2.710176820697187
1870,0.7771812,1,0,1) very rare (1-5),0.38843474,0.10610377,1.0,5.093029323142182
1871,0.30198172,0,47,3) common (21-100),0.108672634,0.026904395,0.4,6.158027916020361
1872,0.49690115,0,0,1) very rare (1-5),0.3328882,0.13611789,0.75,3.159341119388527
1873,0.51458913,1,19,2) rare (6-20),0.48751768,0.11691433,0.8,2.452725204664593
1874,0.042771507,1,0,1) very rare (1-5),0.04379416,0.015010991,0.2,7.068725172212666
1875,0.83150315,0,372,4) very common (100+),0.40988833,0.14286774,1.0,5.080838199680393
1876,0.69479316,0,142,4) very common (100+),0.54684585,0.11520353,0.95,1.9997187978281117
1877,0.99517316,0,1000,4) very common (100+),0.9465574,0.028432122,1.0,0.5236057700490397
1878,0.7383101,0,178,4) very common (100+),0.39229488,0.15768349,0.95,4.802575390802923
1879,0.088640444,1,9,2) rare (6-20),0.04430713,0.01726415,0.5,7.11004870850071
1880,0.12114354,1,14,2) rare (6-20),0.079691514,0.04416911,0.5,6.32869701807245
1881,0.09708124,1,2,1) very rare (1-5),0.04236169,0.027678426,0.55,7.776486870136182
1882,0.6436745,1,1,1) very rare (1-5),0.3967545,0.10684483,0.95,4.157551266002608
1883,0.3949007,1,4,1) very rare (1-5),0.13645703,0.052320823,1.0,6.92595539101999
1884,0.086786054,1,0,1) very rare (1-5),0.043092504,0.0102713015,0.45,7.126755755715783
1885,0.25802046,1,0,1) very rare (1-5),0.13182048,0.06683818,0.9,6.547515334211734
1886,0.43554658,1,1290,4) very common (100+),0.32617512,0.094178066,0.55,4.264666021024145
1887,0.17571115,1,5,1) very rare (1-5),0.104216084,0.04558713,0.55,5.949022897921214
1888,0.8900116,0,700,4) very common (100+),0.55043375,0.16666059,1.0,3.6213799949224486
1889,0.9545102,0,1000,4) very common (100+),0.80835265,0.06399183,1.0,1.3086033413608211
1890,0.24723266,0,237,4) very common (100+),0.10145815,0.03967236,0.8,7.020342432272204
1891,0.54747903,1,8,2) rare (6-20),0.29322258,0.10614285,0.9,4.3835871771292565
1892,0.78445,1,1,1) very rare (1-5),0.48318124,0.16160797,1.0,3.8103966762511705
1893,0.3912958,1,2,1) very rare (1-5),0.28667125,0.074649505,0.75,4.285464140680998
1894,0.6388067,0,47,3) common (21-100),0.45453963,0.08903904,1.0,3.224257878790911
1895,0.52011096,1,6,2) rare (6-20),0.50948614,0.1074485,0.55,2.179013221498921
1896,0.3169714,0,0,1) very rare (1-5),0.09326236,0.045947924,0.85,7.120430925243623
1897,0.4252281,0,2,1) very rare (1-5),0.1784797,0.11843961,0.55,5.764369027002638
1898,0.49793148,1,71,3) common (21-100),0.5001381,0.06281902,0.65,1.735497712919279
1899,0.40210387,1,7,2) rare (6-20),0.227489,0.087132946,0.6,5.961345037427403
1900,0.56695837,0,1000,4) very common (100+),0.22787435,0.09057695,0.9,5.832993458056891
1901,0.18951467,1,2,1) very rare (1-5),0.0639623,0.0293713,0.7,7.248891825877026
1902,0.17751406,0,2,1) very rare (1-5),0.11596521,0.043683045,0.55,5.4109378822703915
1903,0.8107964,1,44,3) common (21-100),0.47029933,0.1410832,1.0,4.712044893264419
1904,0.51669765,1,44,3) common (21-100),0.29765087,0.10012764,0.8,4.910091179731568
1905,0.9699821,0,50,3) common (21-100),0.7677699,0.12461169,1.0,2.1548466423436192
1906,0.678779,1,39,3) common (21-100),0.2972493,0.11573034,0.8,5.2464113709259905
1907,0.5598818,0,3,1) very rare (1-5),0.28752902,0.15804055,1.0,5.198853981989005
1908,0.5839451,1,1,1) very rare (1-5),0.37291113,0.12824942,0.95,3.7007279805733972
1909,0.6949516,1,159,4) very common (100+),0.46192193,0.105295055,1.0,3.5433163731241892
1910,0.46634406,1,7,2) rare (6-20),0.22605903,0.07213329,0.85,5.03499688850203
1911,0.8840142,1,1290,4) very common (100+),0.75612026,0.0707522,1.0,1.7357681244051117
1912,0.9777059,0,53,3) common (21-100),0.84000075,0.085748,1.0,1.5481287571711155
1913,0.87894815,1,17,2) rare (6-20),0.66869086,0.13227457,0.95,2.314448197534272
1914,0.65862507,0,343,4) very common (100+),0.31350774,0.116111465,1.0,4.695713380646269
1915,0.5067301,1,7,2) rare (6-20),0.28456086,0.13126148,0.95,4.578554814107583
1916,0.6462528,0,99,3) common (21-100),0.5456767,0.11269785,0.8,2.080151176197553
1917,0.67094254,0,3,1) very rare (1-5),0.3693592,0.12598413,1.0,4.904807133901574
1918,0.11585075,1,0,1) very rare (1-5),0.055738132,0.030711308,0.55,7.542771153185628
1919,0.108162984,1,0,1) very rare (1-5),0.04621614,0.02067161,0.75,7.941299823940722
1920,0.2871092,1,0,1) very rare (1-5),0.22586326,0.08988381,0.55,4.085494236202175
1921,0.118828386,1,41,3) common (21-100),0.095092304,0.026895802,0.35,5.649220334538878
1922,0.2917959,1,33,3) common (21-100),0.2573102,0.0683779,0.4,4.173331506211143
1923,0.14732423,1,17,2) rare (6-20),0.16269693,0.038488276,0.35,4.373612801956632
1924,0.06361944,1,36,3) common (21-100),0.029527888,0.010674433,0.4,7.9914007409503665
1925,0.18652084,0,5,1) very rare (1-5),0.110475734,0.054759994,0.4,6.8215708261432315
1926,0.33182773,0,223,4) very common (100+),0.12622182,0.05349744,0.85,6.315784962502228
1927,0.9981159,0,1000,4) very common (100+),0.9783785,0.011192515,1.0,0.22381591808044926
1928,0.7873773,0,146,4) very common (100+),0.5158074,0.13130984,0.85,3.2800899108580364
1929,0.2673954,1,1,1) very rare (1-5),0.08260681,0.046342723,0.95,7.382249267301082
1930,0.50378054,1,4,1) very rare (1-5),0.26964158,0.096095465,0.75,5.286170067792969
1931,0.5886365,1,0,1) very rare (1-5),0.2055695,0.08419007,0.95,6.551060794710805
1932,0.9900969,0,1000,4) very common (100+),0.9406729,0.023296123,1.0,0.480861442073766
1933,0.71183974,0,100,3) common (21-100),0.5137167,0.0874263,0.9,2.7185290171527985
1934,0.3561182,0,343,4) very common (100+),0.27462417,0.08846405,0.8,3.717747176729061
1935,0.22389439,1,0,1) very rare (1-5),0.13997248,0.048440985,0.5,5.494342124981303
1936,0.67103696,1,2,1) very rare (1-5),0.38207164,0.15985149,1.0,3.4466917500353618
1937,0.32815707,1,88,3) common (21-100),0.2769873,0.06540764,0.4,3.400176312174218
1938,0.3596997,1,96,3) common (21-100),0.305502,0.07674331,0.5,3.3317687800950435
1939,0.26669517,0,25,3) common (21-100),0.16910991,0.038027745,0.45,5.496968562186245
1940,0.6026363,0,1290,4) very common (100+),0.44353795,0.081151515,0.6,2.7711436260551956
1941,0.42448637,1,0,1) very rare (1-5),0.2111214,0.053001165,0.8,4.910428078634196
1942,0.591025,0,5,1) very rare (1-5),0.39573723,0.14119054,0.9,3.131980734868374
1943,0.51875454,0,1290,4) very common (100+),0.4402791,0.08803482,0.55,2.939972154678957
1944,0.16973653,0,0,1) very rare (1-5),0.08296517,0.046696804,0.6,6.995976150145323
1945,0.25927773,1,142,4) very common (100+),0.12345781,0.06448276,0.8,7.042209423952664
1946,0.96535724,0,421,4) very common (100+),0.82165605,0.09749641,1.0,1.4904290298891767
1947,0.35496825,1,12,2) rare (6-20),0.18779907,0.059821352,0.75,5.48633094284689
1948,0.62285656,1,1070,4) very common (100+),0.54976875,0.08806802,0.8,2.0974619762912896
1949,0.44620678,1,1,1) very rare (1-5),0.19612728,0.088946864,0.9,5.743932225737215
1950,0.36206162,0,118,4) very common (100+),0.24103498,0.09324755,0.55,4.841051450151507
1951,0.025661947,1,0,1) very rare (1-5),0.014711434,0.007040292,0.45,8.209402305164689
1952,0.4138916,1,23,3) common (21-100),0.21921095,0.0501506,0.7,4.551042917853907
1953,0.39728108,0,21,3) common (21-100),0.15689304,0.056359578,0.9,6.616139169144038
1954,0.80350226,0,3,1) very rare (1-5),0.4412095,0.1181686,1.0,4.140490030690381
1955,0.38264167,0,40,3) common (21-100),0.19193396,0.079179786,0.65,6.15163387085957
1956,0.3850346,1,14,2) rare (6-20),0.29212934,0.096062735,0.55,4.243992830244681
1957,0.91665995,0,5,1) very rare (1-5),0.58719325,0.11241726,1.0,3.7418385882338163
1958,0.4404978,1,21,3) common (21-100),0.28534415,0.08103086,0.65,3.458869596301929
1959,0.7476103,0,421,4) very common (100+),0.63830817,0.13089491,0.8,1.5406376540880193
1960,0.92389333,1,8,2) rare (6-20),0.8187374,0.07477086,1.0,1.009368751552205
1961,0.09533678,1,1,1) very rare (1-5),0.051215697,0.02257143,0.35,7.023106450429429
1962,0.1350698,1,38,3) common (21-100),0.07366349,0.05242822,0.5,6.843930771393552
1963,0.48291147,1,160,4) very common (100+),0.20122342,0.10154852,0.95,5.808021758923069
1964,0.2552818,1,5,1) very rare (1-5),0.14030978,0.052605625,0.45,6.274425783381066
1965,0.32514772,1,134,4) very common (100+),0.21740595,0.06639786,0.6,4.383440552429464
1966,0.34197024,1,22,3) common (21-100),0.20239031,0.08764885,0.7,5.839715174700847
1967,0.9287979,1,142,4) very common (100+),0.79375035,0.08635968,1.0,1.4665401748778657
1968,0.4324701,1,2,1) very rare (1-5),0.23364642,0.096493326,0.95,4.859286001361336
1969,0.22141048,0,3,1) very rare (1-5),0.12430625,0.049290568,0.75,6.027008338748844
1970,0.7811911,0,1290,4) very common (100+),0.6418927,0.104940124,0.95,1.6023951555556806
1971,0.9122339,0,10,2) rare (6-20),0.62521404,0.09442648,1.0,3.0645989295756024
1972,0.085023426,1,0,1) very rare (1-5),0.03933828,0.018963857,0.55,7.994038904815142
1973,0.038887568,1,14,2) rare (6-20),0.020852834,0.0071961377,0.5,8.187601705854664
1974,0.275757,1,0,1) very rare (1-5),0.18017314,0.056793023,0.5,5.240278804963731
1975,0.058935124,1,2,1) very rare (1-5),0.03131684,0.011297659,0.3,7.532109842231803
1976,0.9405699,0,700,4) very common (100+),0.8070494,0.08838775,1.0,1.2664596409798037
1977,0.035275064,1,4,1) very rare (1-5),0.020865846,0.009869117,0.2,8.156792579390535
1978,0.22789656,0,7,2) rare (6-20),0.13536146,0.055388056,0.45,5.876089083866466
1979,0.16293244,1,2,1) very rare (1-5),0.096603386,0.04193944,0.45,6.737209353193542
1980,0.3278456,1,58,3) common (21-100),0.18962589,0.062914215,0.8,4.931955091382793
1981,0.9817591,0,89,3) common (21-100),0.8692444,0.089672014,1.0,1.134285855794668
1982,0.4439053,1,1070,4) very common (100+),0.27031136,0.08925712,0.6,4.469515604207653
1983,0.21298775,0,3,1) very rare (1-5),0.11713257,0.04019967,0.6,6.127390120430801
1984,0.54038996,1,0,1) very rare (1-5),0.21815495,0.07886532,0.95,6.294139326522648
1985,0.38965976,1,1,1) very rare (1-5),0.24173775,0.07000099,0.85,3.4983086878853813
1986,0.9528569,0,5,1) very rare (1-5),0.7192917,0.095512345,1.0,2.274783487711722
1987,0.9163386,0,99,3) common (21-100),0.6290037,0.16245419,1.0,3.0888604298701803
1988,0.918187,0,421,4) very common (100+),0.7343347,0.12532811,1.0,2.048359577908007
1989,0.62646586,0,0,1) very rare (1-5),0.29719356,0.07777767,1.0,4.504310876289068
1990,0.5245215,1,5,1) very rare (1-5),0.32913703,0.07551407,0.75,4.532932030988961
1991,0.4407618,0,60,3) common (21-100),0.37138513,0.08078128,0.55,3.430768207153496
1992,0.06385859,1,1,1) very rare (1-5),0.051768113,0.019859968,0.25,7.066567107213642
1993,0.47156227,1,2,1) very rare (1-5),0.23835044,0.07061632,0.85,5.079170105309144
1994,0.64653647,1,99,3) common (21-100),0.32368737,0.11522868,1.0,5.016817414290876
1995,0.86274326,1,160,4) very common (100+),0.4819328,0.124371305,1.0,4.235068641131473
1996,0.7745778,0,2,1) very rare (1-5),0.42440575,0.15286638,1.0,4.711032446990081
1997,0.08845634,1,9,2) rare (6-20),0.04083133,0.022700742,0.55,7.393235685590646
1998,0.9279403,0,237,4) very common (100+),0.8153943,0.07190714,1.0,0.9391243516410115
1999,0.660574,0,28,3) common (21-100),0.30491406,0.10513378,1.0,5.2386073607017005
2000,0.1024153,1,1,1) very rare (1-5),0.067647606,0.02371868,0.3,6.575387126062455
2001,0.68315935,0,166,4) very common (100+),0.48707533,0.113629654,0.8,3.0438378422542476
2002,0.5330228,0,88,3) common (21-100),0.21634114,0.10391724,1.0,6.0617435009341945
2003,0.48433423,1,19,2) rare (6-20),0.23653634,0.11938504,0.95,5.657945187027509
2004,0.70424104,1,1290,4) very common (100+),0.4870461,0.12570606,0.85,2.811371414659807
2005,0.84029883,0,1290,4) very common (100+),0.65387213,0.10997186,1.0,2.3218027672007238
2006,0.07715061,1,118,4) very common (100+),0.05417779,0.029825266,0.4,7.197986817358287
2007,0.22225034,0,118,4) very common (100+),0.12287538,0.044901576,0.75,6.384899429334112
2008,0.7778897,0,372,4) very common (100+),0.57303107,0.12581658,1.0,2.954330613580482
2009,0.7620284,0,37,3) common (21-100),0.5105721,0.15248765,1.0,2.8805487873704125
2010,0.32206815,1,7,2) rare (6-20),0.18109041,0.04774997,0.4,5.122694307850821
2011,0.3902537,0,29,3) common (21-100),0.1508952,0.066805445,1.0,6.440155031281838
2012,0.120427735,1,0,1) very rare (1-5),0.062809594,0.03479132,0.6,7.2403269648347255
2013,0.5009591,0,68,3) common (21-100),0.17167866,0.0715022,1.0,6.804707105152859
2014,0.4883797,0,27,3) common (21-100),0.29762438,0.057360064,0.7,4.207109141476799
2015,0.2442341,0,3,1) very rare (1-5),0.10409089,0.05409643,0.8,6.964900443524936
2016,0.8929924,1,166,4) very common (100+),0.7584381,0.114449345,1.0,1.5833844309571115
2017,0.5891341,1,261,4) very common (100+),0.17376047,0.07275351,1.0,7.110460114075833
2018,0.29493624,1,18,2) rare (6-20),0.21004808,0.06442934,0.55,4.0939276095556565
2019,0.6890718,1,62,3) common (21-100),0.3794436,0.10986719,0.95,4.174339077021681
2020,0.036252443,1,0,1) very rare (1-5),0.020709654,0.012211381,0.25,8.182028177788805
2021,0.083854266,1,16,2) rare (6-20),0.054069508,0.025157368,0.65,7.42329325262336
2022,0.88018996,0,47,3) common (21-100),0.54162216,0.128447,1.0,3.730159663787573
2023,0.118674584,1,5,1) very rare (1-5),0.040520705,0.021267436,0.65,7.65300663692617
2024,0.13138112,1,38,3) common (21-100),0.067602694,0.03846238,0.5,6.919345294120808
2025,0.06585948,1,0,1) very rare (1-5),0.03842547,0.0164156,0.3,6.992514978816721
2026,0.17770134,1,145,4) very common (100+),0.08892757,0.031127105,0.45,6.632581517019292
2027,0.9268579,0,28,3) common (21-100),0.75879484,0.102099866,1.0,1.6139444205685904
2028,0.8298931,0,372,4) very common (100+),0.56788516,0.1635685,0.95,2.9828491836998494
2029,0.86006945,0,58,3) common (21-100),0.55307585,0.10621996,1.0,3.3874486980239773
2030,0.91329926,1,16,2) rare (6-20),0.68363667,0.1467838,1.0,2.4998364549092535
2031,0.8167083,0,1000,4) very common (100+),0.5566772,0.09987428,1.0,2.885360410141923
2032,0.40021813,0,134,4) very common (100+),0.22204956,0.057639714,0.95,4.717604053122941
2033,0.26130775,1,1,1) very rare (1-5),0.11013081,0.0524139,0.75,7.0649761256421915
2034,0.26692337,0,68,3) common (21-100),0.085103415,0.040302202,0.8,7.49828417826088
2035,0.476684,0,106,4) very common (100+),0.18792288,0.0838871,1.0,6.3631443811835435
2036,0.2729142,0,7,2) rare (6-20),0.16567425,0.090957224,0.75,5.0850183738265375
2037,0.22428568,1,134,4) very common (100+),0.15690978,0.030743817,0.55,5.502697635276612
2038,0.015495245,1,0,1) very rare (1-5),0.010154412,0.0059501287,0.15,8.339565786056319
2039,0.61025894,0,9,2) rare (6-20),0.44297773,0.12744612,0.9,2.694783932809298
2040,0.47006947,0,15,2) rare (6-20),0.35030547,0.093212605,0.65,3.389857655424303
2041,0.09561277,0,4,1) very rare (1-5),0.048302844,0.027666576,0.5,7.8795469023231925
2042,0.08669163,1,118,4) very common (100+),0.048274804,0.039242607,0.55,7.2626808459562495
2043,0.8630898,0,11,2) rare (6-20),0.62070644,0.13207951,1.0,2.4604710025233407
2044,0.10995273,1,1,1) very rare (1-5),0.08742596,0.035349563,0.25,6.209398185384462
2045,0.94250125,1,54,3) common (21-100),0.8189497,0.09845819,1.0,1.1106651302862858
2046,0.587046,1,16,2) rare (6-20),0.50189924,0.1337746,0.75,2.4879002982657217
2047,0.59343386,0,275,4) very common (100+),0.33638987,0.076402955,0.85,4.566023502236753
2048,0.1980252,1,6,2) rare (6-20),0.1494083,0.05345907,0.65,5.051770777143149
2049,0.21139438,0,47,3) common (21-100),0.10100524,0.04203871,0.55,6.229693051749662
2050,0.27770415,0,5,1) very rare (1-5),0.16543142,0.070413746,0.85,5.912378053836796
2051,0.48539916,1,1070,4) very common (100+),0.4954113,0.09782642,0.6,1.7155053035972114
2052,0.37487823,1,3,1) very rare (1-5),0.172197,0.061588544,0.9,6.065356925300238
2053,0.23572426,1,70,3) common (21-100),0.112367585,0.06746589,0.75,6.923730225574353
2054,0.6721798,0,19,2) rare (6-20),0.4582587,0.12281822,0.95,2.9048801431994207
2055,0.558199,0,3,1) very rare (1-5),0.4659676,0.12683065,0.7,3.295972503263042
2056,0.8912364,0,421,4) very common (100+),0.5952668,0.12304556,1.0,2.9543768338600556
2057,0.9239749,1,1,1) very rare (1-5),0.7346505,0.10006578,1.0,1.8716894034792917
2058,0.93374467,0,275,4) very common (100+),0.7025372,0.12533203,1.0,2.3967966367446767
2059,0.9867269,0,421,4) very common (100+),0.8804895,0.06869238,1.0,1.1569147514553033
2060,0.51962733,0,36,3) common (21-100),0.25781593,0.08383313,1.0,5.699872419472457
2061,0.9568944,0,142,4) very common (100+),0.8213471,0.091067195,1.0,1.1101108184648767
2062,0.12656046,1,0,1) very rare (1-5),0.10877236,0.040154807,0.45,6.284572522423382
2063,0.6538202,0,9,2) rare (6-20),0.3435824,0.1414505,0.95,4.8380750570761215
2064,0.9552771,0,1000,4) very common (100+),0.8684467,0.058883186,1.0,0.8630064743266563
2065,0.62949926,0,105,4) very common (100+),0.32202622,0.13682044,0.9,4.494873885916412
2066,0.7221607,0,1290,4) very common (100+),0.56509745,0.11297878,0.8,2.4140390837774763
2067,0.23425129,1,3,1) very rare (1-5),0.08425154,0.05588239,0.9,7.246644840268624
2068,0.56715494,1,3,1) very rare (1-5),0.37025842,0.12346392,0.8,3.381739492295256
2069,0.19986302,1,4,1) very rare (1-5),0.103052184,0.05123663,0.4,6.5527527539207195
2070,0.34189904,1,0,1) very rare (1-5),0.12206662,0.05738346,1.0,7.166745416484214
2071,0.62494963,0,1290,4) very common (100+),0.4996442,0.11273506,0.85,1.716320574004806
2072,0.17885716,1,0,1) very rare (1-5),0.115248,0.036385607,0.55,6.462741239865972
2073,0.36458912,0,102,4) very common (100+),0.26942265,0.07892239,0.55,4.467761751077884
2074,0.51970726,1,4,1) very rare (1-5),0.39662147,0.11041021,0.65,3.337491886392071
2075,0.07586894,1,13,2) rare (6-20),0.036746033,0.022886427,0.35,7.518590427070192
2076,0.497556,1,36,3) common (21-100),0.2707622,0.08406411,0.85,4.8275036455098395
2077,0.11854218,0,7,2) rare (6-20),0.05194377,0.021460192,0.7,7.622775053772928
2078,0.19821247,0,24,3) common (21-100),0.102684334,0.04302617,0.55,6.951224139894647
2079,0.9936899,0,211,4) very common (100+),0.9388334,0.028177882,1.0,0.6139593744303249
2080,0.45641887,1,0,1) very rare (1-5),0.19944212,0.06117406,0.7,5.761876736335976
2081,0.97300965,0,85,3) common (21-100),0.87269384,0.10112788,1.0,0.8448290040612795
2082,0.32762673,0,105,4) very common (100+),0.14496541,0.058478944,0.7,6.699783162416416
2083,0.2106397,1,5,1) very rare (1-5),0.1296575,0.04678673,0.4,5.815390036469276
2084,0.99257517,0,182,4) very common (100+),0.9302433,0.027451348,1.0,0.7210833718047313
2085,0.31551957,0,3,1) very rare (1-5),0.21355376,0.07310383,0.55,5.434422445730934
2086,0.7445262,0,275,4) very common (100+),0.3546537,0.123042665,0.95,5.154688413750547
2087,0.06808938,1,0,1) very rare (1-5),0.048147686,0.015844516,0.35,7.067632859728597
2088,0.6300761,0,121,4) very common (100+),0.41170344,0.08537126,0.85,3.7773211460325884
2089,0.9266476,0,142,4) very common (100+),0.7183611,0.09842938,1.0,2.159495020985575
2090,0.13138567,1,15,2) rare (6-20),0.06718269,0.027681747,0.6,6.912429592315106
2091,0.3713486,1,9,2) rare (6-20),0.22406128,0.07177098,0.8,4.862437565561156
2092,0.45657855,0,1,1) very rare (1-5),0.14114857,0.07047277,0.95,7.064733561129236
2093,0.7316942,0,7,2) rare (6-20),0.32203048,0.14052047,1.0,5.451058364410435
2094,0.09696356,1,22,3) common (21-100),0.05847125,0.027801914,0.3,6.984910984207708
2095,0.09528069,1,0,1) very rare (1-5),0.041503616,0.019359903,0.8,7.653724438055825
2096,0.7245318,0,27,3) common (21-100),0.39096552,0.14062236,1.0,4.446760028367663
2097,0.19745441,0,237,4) very common (100+),0.12027466,0.044665232,0.55,5.7767726584401204
2098,0.21384147,1,17,2) rare (6-20),0.0679002,0.029428918,1.0,7.825013701634908
2099,0.25378627,1,0,1) very rare (1-5),0.16069409,0.065688245,0.55,5.491381683112753
2100,0.5554725,1,1,1) very rare (1-5),0.2521922,0.09988499,0.95,5.943684769936976
2101,0.8867108,0,700,4) very common (100+),0.67533004,0.13352406,1.0,2.347560846056151
2102,0.31137842,0,0,1) very rare (1-5),0.14037567,0.088132165,0.8,6.578562643121905
2103,0.5876724,1,79,3) common (21-100),0.27858895,0.07945982,0.9,4.701811495139265
2104,0.931254,1,0,1) very rare (1-5),0.5526141,0.16033956,1.0,4.258928855238614
2105,0.3162038,1,1,1) very rare (1-5),0.13931927,0.056337517,0.75,5.957097969264796
2106,0.18376362,1,7,2) rare (6-20),0.12851651,0.059047315,0.35,5.973934363184294
2107,0.3609136,1,0,1) very rare (1-5),0.16168483,0.09224623,0.8,6.9863336744417275
2108,0.5729744,1,6,2) rare (6-20),0.24185161,0.0831232,1.0,5.892919546550119
2109,0.13412346,1,0,1) very rare (1-5),0.096284375,0.04397354,0.5,6.0482693877186
2110,0.95418924,0,1000,4) very common (100+),0.700713,0.15239275,1.0,2.6021347902615592
2111,0.80222094,0,123,4) very common (100+),0.55750716,0.14885315,0.95,2.59882312359644
2112,0.9618793,1,2,1) very rare (1-5),0.7303795,0.10041495,1.0,2.48519840634543
2113,0.11632655,0,41,3) common (21-100),0.067762,0.03570415,0.55,7.289829627955691
2114,0.72662,1,700,4) very common (100+),0.56948686,0.08534117,0.85,1.6657947177860042
2115,0.8528926,1,26,3) common (21-100),0.69746864,0.10877749,1.0,1.6480892701146592
2116,0.023430899,1,0,1) very rare (1-5),0.013572222,0.0051431837,0.25,8.399953745574383
2117,0.3379733,1,24,3) common (21-100),0.2623119,0.070287414,0.35,4.074117871996167
2118,0.93459135,0,39,3) common (21-100),0.65461695,0.1251667,1.0,2.9087615085235283
2119,0.5089035,1,1070,4) very common (100+),0.53390825,0.08826516,0.65,2.195966069495907
2120,0.71696454,1,1070,4) very common (100+),0.4887901,0.10948915,0.9,3.0959853049945454
2121,0.9877231,1,76,3) common (21-100),0.9192808,0.038181987,1.0,0.7729140997205812
2122,0.33450866,1,372,4) very common (100+),0.22076102,0.091806814,0.7,4.222714834242888
2123,0.9845078,0,37,3) common (21-100),0.89447325,0.06287961,1.0,0.9375046925370625
2124,0.9427853,0,700,4) very common (100+),0.7748332,0.07882499,1.0,1.8511241910029508
2125,0.26033637,0,47,3) common (21-100),0.10898304,0.05851098,0.85,6.745933367413094
2126,0.9581803,0,99,3) common (21-100),0.7920916,0.11670683,1.0,1.6509564487375663
2127,0.070605636,1,42,3) common (21-100),0.051735647,0.01937116,0.35,7.247228948449989
2128,0.27136913,1,28,3) common (21-100),0.18812779,0.07503566,0.6,5.709772150904856
2129,0.03064161,1,0,1) very rare (1-5),0.023111098,0.0075399727,0.4,7.603103044370599
2130,0.5067822,1,78,3) common (21-100),0.3952423,0.117375,0.7,3.4741312681168717
2131,0.5157486,1,58,3) common (21-100),0.2042973,0.07789585,1.0,6.576572783243316
2132,0.49410522,1,1,1) very rare (1-5),0.13604459,0.056631476,1.0,7.243051067502149
2133,0.97214377,0,159,4) very common (100+),0.84275895,0.079006426,1.0,1.2788500217740888
2134,0.098369874,1,0,1) very rare (1-5),0.055594347,0.016695678,0.75,7.250559876739007
2135,0.44868228,1,76,3) common (21-100),0.43430004,0.09946652,0.65,3.1976320976328862
2136,0.68243915,0,7,2) rare (6-20),0.32026315,0.10661864,1.0,5.165010524173993
2137,0.9927362,1,16,2) rare (6-20),0.9382553,0.03797641,1.0,0.5968019750746255
2138,0.33607316,1,70,3) common (21-100),0.33061332,0.10530327,0.4,3.199396593579962
2139,0.74728054,1,134,4) very common (100+),0.56879246,0.101324745,1.0,2.3387477381296713
2140,0.8328197,1,0,1) very rare (1-5),0.54633695,0.13387264,1.0,3.2199044754315533
2141,0.9672857,0,12,2) rare (6-20),0.83215654,0.07933247,1.0,1.3885818734438646
2142,0.9021944,0,42,3) common (21-100),0.82440627,0.091076456,1.0,0.7617585601200415
2143,0.20509614,1,3,1) very rare (1-5),0.14310256,0.0445271,0.55,5.4284462547114645
2144,0.87156254,0,99,3) common (21-100),0.5588008,0.177599,1.0,3.4794506998451875
2145,0.42244676,1,6,2) rare (6-20),0.3195606,0.08525516,0.9,3.5471403539627513
2146,0.15254347,1,178,4) very common (100+),0.06236831,0.01999589,0.5,6.856193249022663
2147,0.26472718,0,68,3) common (21-100),0.11168383,0.061117083,0.95,7.2314374263615395
2148,0.59320533,1,13,2) rare (6-20),0.38623986,0.14010714,0.7,3.8083111248338977
2149,0.14945687,1,5,1) very rare (1-5),0.10604167,0.036581304,0.4,5.198530462770486
2150,0.5635778,0,0,1) very rare (1-5),0.17166,0.08601748,1.0,6.940624884605245
2151,0.2334991,0,26,3) common (21-100),0.091544405,0.049878005,0.65,7.04198299537954
2152,0.4028368,1,3,1) very rare (1-5),0.18733282,0.08555112,0.85,5.4819094736419665
2153,0.28159478,1,1,1) very rare (1-5),0.12468705,0.06511196,0.7,6.682032736608276
2154,0.16625588,0,2,1) very rare (1-5),0.066769786,0.028311335,0.9,7.132688670032269
2155,0.19718906,1,6,2) rare (6-20),0.09662891,0.027518936,0.55,6.051367530635172
2156,0.1777846,1,5,1) very rare (1-5),0.0568371,0.028980058,0.95,7.7669072743745335
2157,0.9936712,0,29,3) common (21-100),0.92172796,0.04498956,1.0,0.7393724792482871
2158,0.5232927,1,43,3) common (21-100),0.2899541,0.089261785,0.8,4.913801867658319
2159,0.8333305,1,1290,4) very common (100+),0.7576987,0.13007541,1.0,1.1239993461447364
2160,0.92938876,0,1290,4) very common (100+),0.72765654,0.13264248,1.0,2.0314152920039894
2161,0.45494574,1,0,1) very rare (1-5),0.39743656,0.10062048,0.6,3.219803041911342
2162,0.7852974,0,105,4) very common (100+),0.54546225,0.11804549,0.95,2.9052535168364235
2163,0.29106414,0,142,4) very common (100+),0.2658231,0.076663986,0.55,3.768933500382757
2164,0.055115804,0,39,3) common (21-100),0.023130784,0.008170142,0.65,7.942364081633271
2165,0.26535562,1,1,1) very rare (1-5),0.18816385,0.050377473,0.6,4.7313826829367125
2166,0.3339211,0,17,2) rare (6-20),0.14034058,0.052558664,0.85,6.41604447706935
2167,0.5219043,0,2,1) very rare (1-5),0.2633323,0.09407749,0.95,5.106390458104266
2168,0.23952514,1,1,1) very rare (1-5),0.18475041,0.07410986,0.35,5.073008715421162
2169,0.9237088,0,52,3) common (21-100),0.6131389,0.17090277,1.0,3.2652139266641234
2170,0.8279868,0,20,2) rare (6-20),0.54758537,0.12982391,1.0,2.8978334996734403
2171,0.66328675,1,2,1) very rare (1-5),0.33988485,0.09965534,0.9,4.835215541171394
2172,0.276085,1,3,1) very rare (1-5),0.17590709,0.07287851,0.5,5.060805470519914
2173,0.34952432,1,0,1) very rare (1-5),0.3370223,0.07935785,0.45,3.202976379509939
2174,0.22613911,1,2,1) very rare (1-5),0.13117191,0.061701965,0.65,6.672090255989831
2175,0.23213257,1,3,1) very rare (1-5),0.10214581,0.05208946,0.8,6.495755166626761
2176,0.82024086,0,6,2) rare (6-20),0.64474386,0.12358874,0.95,2.0298170370580957
2177,0.8626007,1,275,4) very common (100+),0.7265654,0.09814775,1.0,1.1834597743211015
2178,0.1551344,1,0,1) very rare (1-5),0.05668366,0.027408138,0.65,7.6627358379217565
2179,0.8423939,0,56,3) common (21-100),0.5332514,0.14394242,0.95,3.1622607703285714
2180,0.84692395,0,178,4) very common (100+),0.48273212,0.13683593,1.0,4.4635876943013635
2181,0.23144916,1,36,3) common (21-100),0.09017344,0.028125312,0.55,7.086269288183599
2182,0.1019086,0,0,1) very rare (1-5),0.058263637,0.040655397,0.4,7.080326445444468
2183,0.5447367,1,142,4) very common (100+),0.29716516,0.12122305,0.85,4.169621573446695
2184,0.987909,1,30,3) common (21-100),0.9161145,0.044385515,1.0,0.7457260756790371
2185,0.5281921,1,9,2) rare (6-20),0.37115926,0.086061135,0.65,3.386894933653142
2186,0.5475247,1,92,3) common (21-100),0.29884055,0.077875555,0.65,5.278432805476221
2187,0.57920325,0,223,4) very common (100+),0.21753445,0.09908129,0.95,6.225630985239993
2188,0.8089504,1,0,1) very rare (1-5),0.4475724,0.12964205,1.0,4.543221058703221
2189,0.3867635,0,37,3) common (21-100),0.16548495,0.08557333,1.0,6.920215259913261
2190,0.7430923,0,1290,4) very common (100+),0.49473485,0.09274817,0.9,3.354499965353389
2191,0.35038468,1,45,3) common (21-100),0.163205,0.057374597,0.65,5.579764062143614
2192,0.13587093,0,8,2) rare (6-20),0.08407048,0.03854809,0.5,6.626916214754949
2193,0.45535198,1,0,1) very rare (1-5),0.2460933,0.108930446,0.8,5.261157337962116
2194,0.93470216,1,1290,4) very common (100+),0.7151306,0.08499068,1.0,2.3887234754100026
2195,0.24873137,0,0,1) very rare (1-5),0.19737431,0.07058577,0.5,4.706582448178308
2196,0.17180291,1,0,1) very rare (1-5),0.10840811,0.04793152,0.8,5.830172481188518
2197,0.7069793,0,372,4) very common (100+),0.36397547,0.11672276,1.0,4.390437391445289
2198,0.044743087,1,15,2) rare (6-20),0.03137349,0.014632177,0.25,7.386111971712884
2199,0.10193665,1,4,1) very rare (1-5),0.062188774,0.025537895,0.55,7.222670142583966
2200,0.4257716,0,1000,4) very common (100+),0.29880404,0.07224911,0.65,4.533754324874407
2201,0.7676815,0,1070,4) very common (100+),0.634164,0.16163687,0.95,1.675216251862869
2202,0.33915988,1,159,4) very common (100+),0.12588792,0.06634303,0.9,6.836917664549939
2203,0.122391835,0,2,1) very rare (1-5),0.073653154,0.021454096,0.3,6.434069702423276
2204,0.6494464,0,1070,4) very common (100+),0.3975353,0.09944094,1.0,3.7845507384467503
2205,0.6276336,1,1,1) very rare (1-5),0.3111802,0.13106416,1.0,4.9095810308779
2206,0.32663855,0,88,3) common (21-100),0.08084601,0.03276732,1.0,7.67268657168087
2207,0.37873325,1,5,1) very rare (1-5),0.17868932,0.073068835,0.75,5.58065157189258
2208,0.97676337,0,99,3) common (21-100),0.8493415,0.0895663,1.0,1.2493859593234016
2209,0.73945546,0,89,3) common (21-100),0.30166727,0.10598604,1.0,5.729615451552716
2210,0.21949238,1,1,1) very rare (1-5),0.08936045,0.042295385,0.7,7.222200736010251
2211,0.41448084,0,15,2) rare (6-20),0.2004809,0.088210166,0.8,5.585918140547412
2212,0.65301913,1,39,3) common (21-100),0.4503487,0.080334574,0.75,2.920485534867833
2213,0.69757754,0,237,4) very common (100+),0.62050766,0.09245304,0.7,1.7456483968331924
2214,0.44408104,0,21,3) common (21-100),0.14509663,0.0565947,1.0,7.07995803453349
2215,0.07693679,1,0,1) very rare (1-5),0.059504993,0.026718495,0.3,6.995476519067946
2216,0.23704472,1,41,3) common (21-100),0.1574406,0.040514152,0.55,5.284747025650846
2217,0.35476455,0,24,3) common (21-100),0.20114224,0.063285194,0.55,5.277543005322336
2218,0.11581058,1,0,1) very rare (1-5),0.06394679,0.027074877,0.4,6.59366290390758
2219,0.40065697,0,23,3) common (21-100),0.21997423,0.07362089,0.9,5.382665532844021
2220,0.27653813,0,6,2) rare (6-20),0.17530327,0.0850904,0.75,5.273286171129675
2221,0.65207034,0,14,2) rare (6-20),0.26903397,0.107878394,1.0,6.092521927083676
2222,0.19587253,0,6,2) rare (6-20),0.09275201,0.030762563,0.75,6.813892130879816
2223,0.070907325,1,1,1) very rare (1-5),0.030249152,0.011393996,0.45,7.816536537332729
2224,0.21393467,0,4,1) very rare (1-5),0.107393995,0.043668404,0.45,5.615554331253665
2225,0.439016,0,2,1) very rare (1-5),0.1688137,0.0710513,1.0,6.236337303741253
2226,0.5437805,1,268,4) very common (100+),0.32108697,0.14904743,0.85,4.485020149818498
2227,0.43861398,0,9,2) rare (6-20),0.16523328,0.072345965,0.8,6.879928102618957
2228,0.8077821,1,0,1) very rare (1-5),0.5446187,0.1296888,1.0,3.39961360238003
2229,0.5725414,1,700,4) very common (100+),0.4579537,0.12426691,0.6,3.3691288198867233
2230,0.9094578,0,421,4) very common (100+),0.7023138,0.12175194,1.0,2.3048641209430434
2231,0.25848597,0,0,1) very rare (1-5),0.14189443,0.05467485,0.5,6.533677040906092
2232,0.4520568,1,4,1) very rare (1-5),0.3607244,0.10852642,0.65,3.614079579448269
2233,0.052254412,1,19,2) rare (6-20),0.03981313,0.016143175,0.25,6.959759790832898
2234,0.24301594,1,159,4) very common (100+),0.17281052,0.053558066,0.45,4.500303313487812
2235,0.12606947,1,0,1) very rare (1-5),0.044116177,0.02067799,0.75,8.111306417877863
2236,0.26080987,1,13,2) rare (6-20),0.19806008,0.086792156,0.65,5.122298600379535
2237,0.1923777,1,6,2) rare (6-20),0.07141174,0.027357092,0.65,7.106687549913784
2238,0.9339327,0,421,4) very common (100+),0.6946523,0.11619936,1.0,2.2520240908624
2239,0.15500014,0,8,2) rare (6-20),0.05990817,0.033964615,0.75,7.561127038198194
2240,0.8441253,1,20,2) rare (6-20),0.5122286,0.11341371,1.0,4.003556348486223
2241,0.5298754,0,121,4) very common (100+),0.5696856,0.11196973,0.6,1.8520789061785146
2242,0.36085522,1,1,1) very rare (1-5),0.18974379,0.060283188,0.75,5.619337368240034
2243,0.24285845,1,2,1) very rare (1-5),0.10026711,0.04094775,0.55,6.970348532073515
2244,0.9444293,0,24,3) common (21-100),0.805009,0.082855165,1.0,1.226320251379047
2245,0.32823452,1,44,3) common (21-100),0.13327873,0.086403355,0.9,6.6580672490975
2246,0.18336329,1,0,1) very rare (1-5),0.109715775,0.056223694,0.75,6.176545571971704
2247,0.7732197,1,421,4) very common (100+),0.4129149,0.10360101,1.0,4.529204189057939
2248,0.44180554,0,1000,4) very common (100+),0.26248354,0.058480263,0.7,4.973714753600401
2249,0.97435033,0,700,4) very common (100+),0.88110113,0.06222512,1.0,0.9120663100425557
2250,0.4086261,0,2,1) very rare (1-5),0.13673195,0.066790625,0.95,7.009361043401572
2251,0.41382086,1,9,2) rare (6-20),0.16776751,0.060727935,0.95,5.7844801190439155
2252,0.48183304,0,94,3) common (21-100),0.18544236,0.069694474,1.0,6.49581529256832
2253,0.7684806,0,145,4) very common (100+),0.6481557,0.1409408,0.8,1.4362068434951274
2254,0.57290274,1,1290,4) very common (100+),0.56345546,0.09125531,0.75,1.6349579487421448
2255,0.15705957,1,1,1) very rare (1-5),0.11862272,0.04101746,0.3,5.800516084715932
2256,0.068988584,1,1,1) very rare (1-5),0.026740085,0.011989264,0.6,7.996284278599923
2257,0.5925526,1,27,3) common (21-100),0.34365773,0.13794266,0.9,3.9731043235031636
2258,0.49051994,1,106,4) very common (100+),0.22847934,0.09528457,1.0,6.16056589924398
2259,0.090605184,1,5,1) very rare (1-5),0.048211563,0.02089821,0.45,7.537206270905574
2260,0.07072426,0,118,4) very common (100+),0.059835773,0.022591682,0.35,6.765654439155543
2261,0.12499407,1,3,1) very rare (1-5),0.07491432,0.028037585,0.5,6.569045817966214
2262,0.22219527,1,0,1) very rare (1-5),0.13928743,0.048306763,0.45,5.952170417811761
2263,0.7998981,0,29,3) common (21-100),0.43280482,0.14912051,1.0,4.616840764050955
2264,0.20053391,1,2,1) very rare (1-5),0.11877934,0.048722446,0.75,5.933694096838181
2265,0.3509495,1,134,4) very common (100+),0.16463509,0.08276237,0.7,6.1320028275915375
2266,0.7246345,0,71,3) common (21-100),0.444475,0.12980305,1.0,4.216037699797341
2267,0.24541742,1,0,1) very rare (1-5),0.12606545,0.054747794,0.9,6.259810006492205
2268,0.06502989,1,118,4) very common (100+),0.057257928,0.025851393,0.15,6.722728938748571
2269,0.43265778,0,2,1) very rare (1-5),0.18251711,0.065393254,0.9,5.860395468884672
2270,0.79072213,0,2,1) very rare (1-5),0.5938515,0.12447156,1.0,2.251995427596352
2271,0.18799521,1,0,1) very rare (1-5),0.09643679,0.03600164,0.55,6.016201932862078
2272,0.20016901,1,100,3) common (21-100),0.09989574,0.0515818,0.75,6.596838849014102
2273,0.9148373,0,19,2) rare (6-20),0.7374053,0.095883176,1.0,1.4828950416752822
2274,0.822258,1,78,3) common (21-100),0.61385065,0.12949763,0.95,2.0222363006951993
2275,0.96781254,0,1000,4) very common (100+),0.8051308,0.119026296,1.0,1.8240046780675994
2276,0.30606174,0,343,4) very common (100+),0.13644895,0.06327479,0.9,5.689536791156564
2277,0.7777269,1,51,3) common (21-100),0.55581003,0.13434564,0.95,2.528199438266528
2278,0.58522904,0,1070,4) very common (100+),0.5014888,0.08089623,0.7,2.8823486233575193
2279,0.732422,0,7,2) rare (6-20),0.44820267,0.149192,0.95,3.7375038602627795
2280,0.30372638,0,2,1) very rare (1-5),0.16630915,0.082018316,0.8,5.528145453845573
2281,0.34592032,0,1,1) very rare (1-5),0.1683069,0.078584835,0.7,5.751962750706016
2282,0.41653377,1,65,3) common (21-100),0.39973646,0.09344651,0.4,2.4680743532277565
2283,0.401518,1,0,1) very rare (1-5),0.13342842,0.06593654,0.95,6.644648139567447
2284,0.7775169,0,33,3) common (21-100),0.4826576,0.15336807,0.9,3.360138929213839
2285,0.4199993,0,1000,4) very common (100+),0.32282478,0.10490118,0.65,4.491167848511602
2286,0.21654664,0,0,1) very rare (1-5),0.08154038,0.03580886,0.9,7.243931642651402
2287,0.39513507,1,107,4) very common (100+),0.3752547,0.103070326,0.65,3.2809559252709293
2288,0.7158875,1,106,4) very common (100+),0.47916275,0.14072028,0.85,2.7549366648234175
2289,0.7970584,1,1070,4) very common (100+),0.6149601,0.10272293,0.85,1.9808704049899282
2290,0.4744449,1,0,1) very rare (1-5),0.23852687,0.117047526,0.85,5.837283548803576
2291,0.39554277,0,237,4) very common (100+),0.2788102,0.084634915,0.6,4.5120101751355515
2292,0.6870065,0,40,3) common (21-100),0.32825732,0.106941774,1.0,5.091566055514947
2293,0.089598306,1,0,1) very rare (1-5),0.04885368,0.017616306,0.55,6.86919909425893
2294,0.16240458,1,0,1) very rare (1-5),0.056167714,0.02227499,0.7,7.838268319826357
2295,0.8019683,1,6,2) rare (6-20),0.61787534,0.14623861,0.8,2.1991062191201616
2296,0.16009465,1,0,1) very rare (1-5),0.13194735,0.050357718,0.5,4.985158138627162
2297,0.12736113,1,0,1) very rare (1-5),0.07222656,0.02758258,0.55,6.934811663960094
2298,0.30884114,0,121,4) very common (100+),0.1411701,0.07802735,0.75,6.482809249046861
2299,0.17079581,1,372,4) very common (100+),0.11976872,0.043151367,0.35,5.286676922367134
2300,0.11986001,1,7,2) rare (6-20),0.049305875,0.024495592,0.9,7.144213927775006
2301,0.27184924,1,26,3) common (21-100),0.110352494,0.048859086,0.8,6.576236043423241
2302,0.2183251,1,0,1) very rare (1-5),0.09271221,0.058430403,0.55,6.791850229949628
2303,0.63501006,1,89,3) common (21-100),0.3463862,0.104724735,0.85,4.504941703366423
2304,0.99501365,0,211,4) very common (100+),0.9460479,0.029705487,1.0,0.49331390326660685
2305,0.8595668,0,1000,4) very common (100+),0.41884536,0.13792852,1.0,5.3009231315121275
2306,0.34608364,0,100,3) common (21-100),0.19736384,0.07717168,0.8,5.359858572083387
2307,0.07065881,1,0,1) very rare (1-5),0.034248766,0.011720323,0.4,7.637677115539537
2308,0.57786804,1,0,1) very rare (1-5),0.4406281,0.13023181,0.8,3.3249030322378257
2309,0.37059695,1,105,4) very common (100+),0.33558866,0.074444585,0.4,3.3887182294955593
2310,0.5668814,0,1290,4) very common (100+),0.45979786,0.12046682,0.65,2.8659542157638564
2311,0.6841246,0,39,3) common (21-100),0.38649517,0.1298672,0.85,4.679686169680944
2312,0.05032874,1,0,1) very rare (1-5),0.03255812,0.011152,0.35,7.770777606594315
2313,0.77795947,1,1070,4) very common (100+),0.6176745,0.116435565,1.0,1.6531986345483312
2314,0.23211728,1,1,1) very rare (1-5),0.08865295,0.04646336,0.75,7.209107208676286
2315,0.23311159,1,0,1) very rare (1-5),0.12066791,0.04379495,0.5,6.466140776036035
2316,0.8955245,1,70,3) common (21-100),0.6526277,0.12231766,1.0,2.9165485534029685
2317,0.64929867,0,268,4) very common (100+),0.54110307,0.1032421,0.9,2.418313143907989
2318,0.91378385,0,261,4) very common (100+),0.7053131,0.123578176,1.0,2.1512060754646183
2319,0.43111062,0,62,3) common (21-100),0.17323467,0.08041447,0.95,6.8063234841987805
2320,0.4790025,1,1070,4) very common (100+),0.2485545,0.06661794,0.55,4.736646588805017
2321,0.22708397,1,2,1) very rare (1-5),0.17275454,0.056485053,0.45,3.4735565484874207
2322,0.4599705,0,7,2) rare (6-20),0.23404828,0.080938414,0.95,5.1144306369126635
2323,0.14718369,1,0,1) very rare (1-5),0.07852379,0.058136713,0.65,6.900500945496098
2324,0.6689833,0,3,1) very rare (1-5),0.29350135,0.13907963,1.0,5.766898168735098
2325,0.96393734,0,37,3) common (21-100),0.79422945,0.07504917,1.0,1.658320021324502
2326,0.6467466,1,0,1) very rare (1-5),0.40183672,0.14710352,0.95,4.0753212137548624
2327,0.9424096,0,12,2) rare (6-20),0.74184746,0.08868624,1.0,2.053223379499986
2328,0.1434445,1,1,1) very rare (1-5),0.06529339,0.02550319,0.5,6.932935065563025
2329,0.23133019,1,58,3) common (21-100),0.1041185,0.033305384,0.85,6.136279980951397
2330,0.53942394,0,89,3) common (21-100),0.4160742,0.08012454,0.65,3.6366627570556087
2331,0.76002014,1,275,4) very common (100+),0.5284144,0.13595524,0.85,2.5220086177517844
2332,0.5012651,1,14,2) rare (6-20),0.3390182,0.110561416,0.85,3.913877891990582
2333,0.159229,1,0,1) very rare (1-5),0.09172981,0.03341026,0.35,5.804290694846371
2334,0.42525187,1,45,3) common (21-100),0.19069427,0.07485122,1.0,5.7768484920758425
2335,0.6728054,0,1290,4) very common (100+),0.49550277,0.11421573,0.85,2.6435334655084946
2336,0.9259357,0,13,2) rare (6-20),0.75499564,0.10542772,1.0,1.5251016873389518
2337,0.20658983,1,2,1) very rare (1-5),0.070051506,0.025382675,0.6,7.01536814363642
2338,0.13254343,1,14,2) rare (6-20),0.0428078,0.02397791,0.45,7.7461566649685505
2339,0.5959045,1,1070,4) very common (100+),0.48440313,0.1134255,0.7,2.825200203576332
2340,0.87623936,0,1000,4) very common (100+),0.69758636,0.1120068,1.0,1.9004081362859173
2341,0.029397368,1,16,2) rare (6-20),0.019927068,0.00844189,0.3,7.807887223335058
2342,0.032471478,1,111,4) very common (100+),0.018303063,0.0073082983,0.45,8.185598331196628
2343,0.8379451,0,25,3) common (21-100),0.5946318,0.12578318,1.0,2.59132737866491
2344,0.44443423,0,23,3) common (21-100),0.22913317,0.0738971,0.9,4.706981901883109
2345,0.67574954,0,1070,4) very common (100+),0.59372914,0.108417965,0.8,1.5478395447003772
2346,0.058127027,1,1,1) very rare (1-5),0.050363086,0.023034325,0.3,7.020684300361799
2347,0.34106663,1,19,2) rare (6-20),0.2506909,0.05216617,0.5,3.9959504278575477
2348,0.34305266,1,7,2) rare (6-20),0.1857064,0.06694319,0.7,5.126455011162263
2349,0.78220356,0,159,4) very common (100+),0.44096494,0.16058215,1.0,4.652442309859795
2350,0.30716044,1,0,1) very rare (1-5),0.15368745,0.049872577,0.9,5.35462677827239
2351,0.28002957,1,69,3) common (21-100),0.094022766,0.037229702,0.7,6.797348118240512
2352,0.2543049,0,43,3) common (21-100),0.09118645,0.035133347,0.85,6.85567378870261
2353,0.80792934,1,146,4) very common (100+),0.5648467,0.13003269,0.95,2.725846403412618
2354,0.21269988,1,4,1) very rare (1-5),0.122428045,0.056430977,0.5,5.930837347947428
2355,0.68945307,1,0,1) very rare (1-5),0.4034702,0.12408834,1.0,3.957300161293576
2356,0.44404557,0,9,2) rare (6-20),0.25688797,0.10584336,0.65,4.772280390471565
2357,0.18721657,1,6,2) rare (6-20),0.104437366,0.04127386,0.5,6.574382631147305
2358,0.10264862,1,2,1) very rare (1-5),0.054671276,0.021743197,0.45,7.106011416919512
2359,0.20515943,0,92,3) common (21-100),0.09714706,0.037014,0.45,7.171728714531335
2360,0.9091633,0,274,4) very common (100+),0.8043877,0.11940827,1.0,0.9648102257913707
2361,0.5083411,0,9,2) rare (6-20),0.23882887,0.069847725,0.95,5.443290741051296
2362,0.6314088,1,31,3) common (21-100),0.29282922,0.14692947,1.0,5.076257512624129
2363,0.75401735,0,23,3) common (21-100),0.44479603,0.1561502,1.0,4.521016926622119
2364,0.41181767,1,38,3) common (21-100),0.18219015,0.06975272,0.8,6.078703633505004
2365,0.55995286,1,1070,4) very common (100+),0.36559403,0.10358942,0.8,4.260330782123654
2366,0.54753387,1,0,1) very rare (1-5),0.26417392,0.07792755,0.8,5.477844451924393
2367,0.97548217,0,99,3) common (21-100),0.8299365,0.08113909,1.0,1.5618416476947183
2368,0.23709701,1,5,1) very rare (1-5),0.097251534,0.05584784,0.65,6.553125879237587
2369,0.26320675,0,8,2) rare (6-20),0.14861031,0.041769113,0.7,5.54340275140946
2370,0.6218562,1,0,1) very rare (1-5),0.27798545,0.14293909,1.0,5.793427682563447
2371,0.2003726,1,2,1) very rare (1-5),0.16090265,0.05869509,0.45,4.8174533552514385
2372,0.2886145,1,5,1) very rare (1-5),0.14795803,0.050115675,0.55,5.898086919135162
2373,0.65866643,1,268,4) very common (100+),0.5272014,0.115813166,0.9,2.948091892423008
2374,0.18446963,1,0,1) very rare (1-5),0.106700435,0.041579712,0.6,5.820023188164156
2375,0.045821466,1,1,1) very rare (1-5),0.034718547,0.0107919825,0.4,7.669664189631861
2376,0.081034265,0,3,1) very rare (1-5),0.04905368,0.020047078,0.3,7.291562059698418
2377,0.56515276,1,3,1) very rare (1-5),0.30916408,0.13613552,0.9,4.800308972832782
2378,0.9174262,1,2,1) very rare (1-5),0.80149376,0.097432144,1.0,1.2539226740254712
2379,0.0596936,1,14,2) rare (6-20),0.028565649,0.014286842,0.4,7.733717613809406
2380,0.9680236,0,700,4) very common (100+),0.8299247,0.09018547,1.0,1.4020433354086386
2381,0.17878677,1,66,3) common (21-100),0.07912842,0.03027654,0.45,6.984577040192828
2382,0.5944093,1,0,1) very rare (1-5),0.4148077,0.12694423,0.8,3.3254772734500255
2383,0.6448984,0,10,2) rare (6-20),0.23263815,0.10186598,1.0,6.554664542317157
2384,0.75052565,0,39,3) common (21-100),0.37208667,0.13777761,0.95,5.385800326115268
2385,0.3934601,0,71,3) common (21-100),0.23258626,0.08569858,0.75,4.3870542115818045
2386,0.544899,1,4,1) very rare (1-5),0.27242923,0.10570772,0.95,5.388897852170519
2387,0.19133168,1,79,3) common (21-100),0.11711141,0.036133338,0.6,5.922025284633147
2388,0.68039715,1,0,1) very rare (1-5),0.31226978,0.11256003,1.0,5.5487345690156795
2389,0.9988393,0,89,3) common (21-100),0.98694867,0.0073656407,1.0,0.14716695839740682
2390,0.017765945,1,2,1) very rare (1-5),0.0136908945,0.0052623907,0.35,8.100207515111762
2391,0.6121253,1,268,4) very common (100+),0.49998322,0.1433708,0.95,2.7855078353016323
2392,0.52491844,1,85,3) common (21-100),0.22938225,0.07542056,1.0,6.091989201970685
2393,0.58712274,0,36,3) common (21-100),0.43212023,0.1056126,0.65,3.647463534013228
2394,0.27461028,0,142,4) very common (100+),0.15307726,0.04766486,0.55,5.825599333613673
2395,0.44375452,0,4,1) very rare (1-5),0.45212275,0.10441283,0.7,2.2431115366957224
2396,0.2190593,1,35,3) common (21-100),0.110878445,0.077351205,0.9,6.675253417653993
2397,0.046903998,1,7,2) rare (6-20),0.021081919,0.0134026995,0.35,8.249669198695752
2398,0.8521386,0,223,4) very common (100+),0.61853206,0.15202607,1.0,2.774665384960803
2399,0.7062376,0,12,2) rare (6-20),0.44186115,0.08249319,0.9,3.1165266145214505
2400,0.9571219,0,1290,4) very common (100+),0.86332446,0.08393366,1.0,0.6063218081387296
2401,0.9607942,0,21,3) common (21-100),0.86765385,0.057557374,1.0,0.8655249753660726
2402,0.4312956,0,159,4) very common (100+),0.18974888,0.097035915,1.0,6.443137852499412
2403,0.8196154,0,15,2) rare (6-20),0.62336075,0.1347816,1.0,2.0167856802669264
2404,0.9833446,0,421,4) very common (100+),0.8415905,0.07962531,1.0,1.3959100477962438
2405,0.22493148,1,102,4) very common (100+),0.09601517,0.04601123,0.65,6.765302761458588
2406,0.60548246,0,86,3) common (21-100),0.3266918,0.120474696,0.95,4.8208552563956415
2407,0.35282397,1,1,1) very rare (1-5),0.25108197,0.09039867,0.7,4.63862411318644
2408,0.5656392,1,19,2) rare (6-20),0.2656603,0.11377707,0.9,5.299189865005912
2409,0.1347649,1,0,1) very rare (1-5),0.089079246,0.027546626,0.3,5.088051377129637
2410,0.28540826,1,0,1) very rare (1-5),0.10804796,0.05583523,1.0,6.762551573712065
2411,0.48068312,1,19,2) rare (6-20),0.3079664,0.114471555,0.7,4.13621475630162
2412,0.55432874,0,14,2) rare (6-20),0.17523795,0.08746767,1.0,6.714597129162669
2413,0.042761378,1,134,4) very common (100+),0.033036347,0.013800622,0.45,7.812824039495748
2414,0.16753839,1,0,1) very rare (1-5),0.0653245,0.03398467,0.6,7.024075303617491
2415,0.63404715,1,1290,4) very common (100+),0.31585708,0.14995748,0.95,5.437607292250415
2416,0.80623776,1,160,4) very common (100+),0.52798444,0.14380339,0.95,3.4927015102377106
2417,0.026397849,1,0,1) very rare (1-5),0.015874248,0.004374245,0.4,8.073025419384791
2418,0.7921876,0,1070,4) very common (100+),0.51169777,0.14903988,0.95,3.61904744945072
2419,0.16172712,1,0,1) very rare (1-5),0.09095621,0.034290362,0.35,5.938475962501078
2420,0.9565581,0,23,3) common (21-100),0.78246343,0.110843584,1.0,1.2928054187613776
2421,0.558005,0,4,1) very rare (1-5),0.2919981,0.13351429,1.0,5.405098979114491
2422,0.1105908,1,30,3) common (21-100),0.05319043,0.026071858,0.7,7.345178409203891
2423,0.335478,0,4,1) very rare (1-5),0.17450693,0.05854203,0.65,5.09435505523014
2424,0.66489595,1,0,1) very rare (1-5),0.4205687,0.10795261,1.0,4.068582221940472
2425,0.4507297,1,1290,4) very common (100+),0.31254584,0.10570812,0.8,4.070986905444683
2426,0.33026755,0,5,1) very rare (1-5),0.1983926,0.07447318,0.8,5.508941712842269
2427,0.99492234,0,1000,4) very common (100+),0.94232064,0.031458102,1.0,0.5703566456786576
2428,0.45212457,1,142,4) very common (100+),0.26871428,0.10519416,0.8,5.075539262912046
2429,0.8542589,0,12,2) rare (6-20),0.59041876,0.10624884,1.0,2.5202128640404613
2430,0.9904393,0,182,4) very common (100+),0.9200455,0.038647953,1.0,0.7617667516527644
2431,0.25598246,0,4,1) very rare (1-5),0.110905096,0.06759648,0.7,6.950748149308035
2432,0.5828782,0,86,3) common (21-100),0.43818015,0.13203095,0.7,2.8985040258377834
2433,0.16370423,1,63,3) common (21-100),0.082082435,0.04209814,0.65,6.7133502997144525
2434,0.9606433,0,21,3) common (21-100),0.86737794,0.06155249,1.0,0.8749961507485569
2435,0.010567539,0,0,1) very rare (1-5),0.008463796,0.004281214,0.25,8.556669797666581
2436,0.8578594,1,1290,4) very common (100+),0.6544405,0.13538815,0.95,1.9411422248389296
2437,0.7422756,1,0,1) very rare (1-5),0.34528583,0.12809955,1.0,5.2855923254659425
2438,0.15496413,1,0,1) very rare (1-5),0.094639696,0.037600037,0.4,5.953245862652558
2439,0.50564736,1,118,4) very common (100+),0.27333656,0.10217382,0.7,4.9709086413631205
2440,0.33430055,1,86,3) common (21-100),0.17692462,0.05030552,0.7,4.864084128829967
2441,0.93343514,0,421,4) very common (100+),0.5865774,0.12795302,1.0,3.636233890571166
2442,0.21214664,0,1,1) very rare (1-5),0.1343871,0.056057878,0.75,6.0325876522800765
2443,0.6154041,0,700,4) very common (100+),0.22882417,0.09934148,0.95,6.428525867940273
2444,0.37504107,0,2,1) very rare (1-5),0.16962342,0.05465257,0.8,6.0935473175842105
2445,0.9872339,0,1000,4) very common (100+),0.917281,0.059696037,1.0,0.6134509662961383
2446,0.13318838,1,0,1) very rare (1-5),0.08703812,0.02446544,0.65,6.242690923679518
2447,0.12802517,0,24,3) common (21-100),0.0658897,0.03729139,0.75,7.467087043091115
2448,0.78596157,0,0,1) very rare (1-5),0.42435637,0.15503392,1.0,4.775360444698603
2449,0.87626916,0,166,4) very common (100+),0.5176786,0.19212765,1.0,4.169822300747002
2450,0.3150885,1,66,3) common (21-100),0.13275127,0.08864775,0.95,6.969499224227713
2451,0.17084758,1,2,1) very rare (1-5),0.12800014,0.05633116,0.55,5.870640487674764
2452,0.43349102,0,2,1) very rare (1-5),0.24718693,0.09214671,0.95,4.975627829286785
2453,0.41516438,0,2,1) very rare (1-5),0.2774933,0.0836195,0.55,4.4856024989572285
2454,0.6752359,0,31,3) common (21-100),0.31894413,0.1466713,1.0,5.5553409285837025
2455,0.30062768,1,2,1) very rare (1-5),0.11635651,0.08120717,0.85,7.249603487848934
2456,0.11244772,1,1,1) very rare (1-5),0.07655044,0.021413647,0.4,6.285300456354529
2457,0.31693548,1,41,3) common (21-100),0.17349009,0.08209523,0.8,6.190218397870992
2458,0.09718736,1,3,1) very rare (1-5),0.03486728,0.012779456,0.45,7.812073624431589
2459,0.055691805,1,4,1) very rare (1-5),0.035327297,0.012530033,0.4,7.359679233700462
2460,0.026164321,1,0,1) very rare (1-5),0.014873375,0.007837183,0.35,8.335277407318902
2461,0.6477708,1,142,4) very common (100+),0.46522203,0.11368585,0.8,2.7703491940477494
2462,0.22671059,0,39,3) common (21-100),0.08464831,0.040281948,0.9,7.363104811606872
2463,0.09372399,0,0,1) very rare (1-5),0.03767126,0.01373552,0.8,7.762332280949557
2464,0.8439349,0,99,3) common (21-100),0.6360132,0.13787702,0.95,2.4329098259935265
2465,0.4562173,0,7,2) rare (6-20),0.30157876,0.09445631,0.6,4.153034653406897
2466,0.035446703,0,0,1) very rare (1-5),0.025496412,0.014178111,0.2,7.839000612617699
2467,0.22478811,1,0,1) very rare (1-5),0.11417784,0.051721916,0.6,5.635985963533315
2468,0.81764734,0,23,3) common (21-100),0.39687502,0.14595012,1.0,4.888842820205537
2469,0.64806885,1,166,4) very common (100+),0.3799727,0.15822911,0.9,4.381940195485765
2470,0.97745824,0,1000,4) very common (100+),0.8628502,0.059371598,1.0,1.1192012125249295
2471,0.38640663,1,0,1) very rare (1-5),0.12900698,0.069219284,0.95,7.210838800015434
2472,0.9478756,0,20,2) rare (6-20),0.7771742,0.107626796,1.0,1.718365518701175
2473,0.73403883,1,11,2) rare (6-20),0.5112542,0.13419998,0.9,2.878281041181333
2474,0.97398156,0,1000,4) very common (100+),0.8521078,0.08270326,1.0,1.1194204827214207
2475,0.7907496,1,14,2) rare (6-20),0.42758933,0.1478814,1.0,3.9117250569803024
2476,0.046095237,1,1,1) very rare (1-5),0.0200302,0.007625049,0.4,8.04082815884896
2477,0.41464913,0,106,4) very common (100+),0.2516584,0.07656201,0.7,5.150404152029075
2478,0.17620003,1,4,1) very rare (1-5),0.08698486,0.025181117,0.45,6.505458907381051
2479,0.93981665,0,74,3) common (21-100),0.78787315,0.09443229,1.0,1.3698169630627715
2480,0.047230754,1,0,1) very rare (1-5),0.030108552,0.008006727,0.25,7.423156822533723
2481,0.6730617,1,24,3) common (21-100),0.5023201,0.10925913,0.9,2.9074557723574395
2482,0.3142453,0,1290,4) very common (100+),0.18068188,0.050605528,0.75,5.15394313116084
2483,0.761497,0,6,2) rare (6-20),0.45448264,0.1311811,0.95,3.7188226540093954
2484,0.44291493,0,2,1) very rare (1-5),0.17093381,0.09321105,0.9,6.581125284948447
2485,0.97543675,0,1000,4) very common (100+),0.9082821,0.06127422,1.0,0.45504264324838495
2486,0.26268446,1,79,3) common (21-100),0.14519104,0.055260066,0.6,5.665017479592188
2487,0.70422035,1,41,3) common (21-100),0.43622962,0.14794226,0.85,3.8137017527716774
2488,0.26443902,0,1,1) very rare (1-5),0.10312806,0.05671656,0.7,6.971400686210673
2489,0.11854285,0,0,1) very rare (1-5),0.10432985,0.029832475,0.4,5.33390052916354
2490,0.6680945,0,55,3) common (21-100),0.30849332,0.11201692,0.95,4.354349937947688
2491,0.55109656,1,85,3) common (21-100),0.47546405,0.114503875,0.55,3.1780317701657665
2492,0.84148514,0,211,4) very common (100+),0.35640973,0.11953031,1.0,5.974729513276493
2493,0.24969971,1,70,3) common (21-100),0.2071195,0.07301831,0.35,4.78151612116665
2494,0.15687183,1,0,1) very rare (1-5),0.070355505,0.01849265,0.6,6.694731272012835
2495,0.9224535,0,1290,4) very common (100+),0.8068792,0.08762112,1.0,0.8652494854283411
2496,0.93310267,0,16,2) rare (6-20),0.68401575,0.15192425,1.0,2.416274484299524
2497,0.49221936,0,13,2) rare (6-20),0.16743493,0.057110798,1.0,6.981993998141444
2498,0.8783043,0,2,1) very rare (1-5),0.6356532,0.11257321,1.0,2.8052735861889815
2499,0.5712117,1,39,3) common (21-100),0.23287031,0.090950646,1.0,6.599388941085109
2500,0.113291055,1,0,1) very rare (1-5),0.035826005,0.0155104725,0.75,8.008349156410224
2501,0.42592767,0,108,4) very common (100+),0.2000182,0.10942607,0.75,6.217707310613973
2502,0.52755874,1,275,4) very common (100+),0.31399512,0.1212283,0.85,4.469896159104356
2503,0.35683578,1,3,1) very rare (1-5),0.24774976,0.1015032,0.75,4.930773888550148
2504,0.8036374,0,5,1) very rare (1-5),0.46225205,0.12732148,1.0,4.827480022979759
2505,0.48763895,0,15,2) rare (6-20),0.16110024,0.062844835,0.9,6.671145551818652
2506,0.4853285,1,0,1) very rare (1-5),0.26387396,0.06395577,0.9,4.8896363079794805
2507,0.2502948,1,19,2) rare (6-20),0.10385114,0.05959185,1.0,6.894269355311333
2508,0.9247976,0,7,2) rare (6-20),0.7361796,0.120651536,1.0,1.8173814728872926
2509,0.08508812,1,1,1) very rare (1-5),0.050216377,0.019323412,0.55,7.193424253480744
2510,0.43121305,1,108,4) very common (100+),0.32539034,0.10146718,0.55,3.499495803100748
2511,0.4392281,0,107,4) very common (100+),0.18765917,0.06927391,0.95,6.014771429316841
2512,0.8082573,0,178,4) very common (100+),0.4535562,0.11873937,1.0,4.456713553607444
2513,0.14376505,1,14,2) rare (6-20),0.1046623,0.038879387,0.35,6.63338466156955
2514,0.2902882,1,1,1) very rare (1-5),0.11091451,0.056518123,0.75,6.431900367267568
2515,0.025520036,1,47,3) common (21-100),0.020695783,0.009241801,0.25,7.811753932387385
2516,0.93725884,0,142,4) very common (100+),0.7413339,0.11001135,1.0,2.029732114527368
2517,0.9717401,0,261,4) very common (100+),0.835515,0.10430216,1.0,1.434106336774239
2518,0.98873645,0,11,2) rare (6-20),0.89007235,0.064459026,1.0,1.080036002445738
2519,0.319919,0,39,3) common (21-100),0.13709109,0.08304914,0.8,6.801268698104298
2520,0.6563305,0,16,2) rare (6-20),0.4537375,0.110000096,0.9,2.880885895804197
2521,0.7484609,0,62,3) common (21-100),0.3434412,0.12593281,1.0,4.784413192809181
2522,0.072463274,1,2,1) very rare (1-5),0.036470566,0.014490505,0.55,7.514065947009929
2523,0.90110797,0,21,3) common (21-100),0.68994963,0.10042233,1.0,2.1014752218937054
2524,0.44321293,0,4,1) very rare (1-5),0.21391204,0.09007316,0.9,5.506317267577964
2525,0.06880411,1,3,1) very rare (1-5),0.032200944,0.016821878,0.4,7.965148357421645
2526,0.9411012,0,268,4) very common (100+),0.74169177,0.15043075,1.0,1.906494563615806
2527,0.32849345,0,700,4) very common (100+),0.15640067,0.083894044,0.75,6.17601085080598
2528,0.3109491,0,343,4) very common (100+),0.1637361,0.061535332,0.7,5.816649530082621
2529,0.8319669,0,50,3) common (21-100),0.54086006,0.1350731,1.0,2.758826807967489
2530,0.6633784,0,15,2) rare (6-20),0.39908707,0.13835882,1.0,3.8291932377054074
2531,0.999635,0,211,4) very common (100+),0.99426997,0.0031569914,1.0,0.06530290073254923
2532,0.6770697,1,1070,4) very common (100+),0.61798304,0.0985707,0.8,1.6438112307623087
2533,0.70628095,1,92,3) common (21-100),0.29838055,0.11580378,1.0,5.760421300727715
2534,0.80602443,0,69,3) common (21-100),0.40518814,0.13010155,1.0,5.221650089147724
2535,0.43583125,1,372,4) very common (100+),0.22122428,0.071588,0.9,5.754486588321793
2536,0.621026,1,72,3) common (21-100),0.30156377,0.17217879,1.0,4.991429032236973
2537,0.9018877,0,22,3) common (21-100),0.69058484,0.12394218,1.0,2.1275845974805203
2538,0.15432529,0,11,2) rare (6-20),0.06892552,0.032709062,0.55,6.681812828325801
2539,0.64679676,1,14,2) rare (6-20),0.4017202,0.11179944,0.85,3.897787883871956
2540,0.42184266,1,7,2) rare (6-20),0.1932687,0.12514588,0.9,5.965137046263591
2541,0.7934009,0,274,4) very common (100+),0.6187491,0.12171689,1.0,2.0682413330082077
2542,0.047301244,1,0,1) very rare (1-5),0.017576907,0.006192081,0.45,8.05810639066132
2543,0.7610095,1,0,1) very rare (1-5),0.29676515,0.107030965,1.0,5.983066613595495
2544,0.73740846,0,89,3) common (21-100),0.34774876,0.13926487,1.0,5.371965993864796
2545,0.59474885,1,1070,4) very common (100+),0.3675081,0.08743945,0.85,3.6150464935751554
2546,0.9255644,0,6,2) rare (6-20),0.58657277,0.15090908,1.0,4.031913927870686
2547,0.33929443,0,23,3) common (21-100),0.285346,0.08716072,0.55,4.273784236585625
2548,0.9928678,0,1000,4) very common (100+),0.9393072,0.029150888,1.0,0.5700211896819504
2549,0.7193487,1,22,3) common (21-100),0.35380158,0.11239185,0.95,4.493448330911008
2550,0.43463746,1,84,3) common (21-100),0.26082045,0.076469935,0.9,5.530344568242446
2551,0.6907696,1,0,1) very rare (1-5),0.38992342,0.13949445,1.0,4.4630525302160144
2552,0.520278,0,1,1) very rare (1-5),0.24321163,0.10269573,1.0,5.926859436103664
2553,0.180132,1,21,3) common (21-100),0.10724042,0.034040682,0.55,6.171772967077218
2554,0.5745782,0,343,4) very common (100+),0.34935606,0.10854461,0.95,4.146307611862065
2555,0.39881516,1,102,4) very common (100+),0.26249355,0.097592875,0.55,4.905841934351407
2556,0.24058798,1,14,2) rare (6-20),0.075305976,0.02916285,0.8,7.245764641780294
2557,0.5139559,1,53,3) common (21-100),0.22282839,0.10121244,0.8,6.061991264163302
2558,0.8386587,0,21,3) common (21-100),0.5091529,0.14121896,1.0,3.964575639420352
2559,0.51054966,1,7,2) rare (6-20),0.24975383,0.104464546,0.85,4.334724882657648
2560,0.39043388,1,1,1) very rare (1-5),0.21014674,0.09303581,0.55,5.4203487008734905
2561,0.46186742,1,2,1) very rare (1-5),0.28026146,0.080820695,0.7,4.735733362454239
2562,0.56681436,1,22,3) common (21-100),0.25158954,0.09559443,0.95,5.977265757429241
2563,0.29120955,1,2,1) very rare (1-5),0.09584997,0.039964613,0.7,6.824670934554726
2564,0.7265511,0,33,3) common (21-100),0.317543,0.120753445,0.95,5.5218027798620195
2565,0.25646505,1,0,1) very rare (1-5),0.11907075,0.047726784,0.85,6.370486385109898
2566,0.21239603,1,0,1) very rare (1-5),0.065676585,0.027160741,0.7,7.167769049459697
2567,0.13819292,0,36,3) common (21-100),0.09283589,0.0489384,0.45,6.304854660066716
2568,0.34882426,0,20,2) rare (6-20),0.19693714,0.07767744,0.65,5.7501857760533595
2569,0.5422636,1,1,1) very rare (1-5),0.30475894,0.106264226,0.95,4.978638239896394
2570,0.20617154,1,0,1) very rare (1-5),0.08868299,0.04000331,0.6,6.363420043599069
2571,0.18879259,1,1,1) very rare (1-5),0.15440501,0.041354008,0.5,5.35071311862793
2572,0.9860968,0,24,3) common (21-100),0.91595334,0.038224947,1.0,0.7471769893988913
2573,0.6452096,1,100,3) common (21-100),0.57353264,0.11685566,0.65,1.609449425078162
2574,0.5127134,1,18,2) rare (6-20),0.3678387,0.10168388,0.8,3.354238554630289
2575,0.089588135,1,0,1) very rare (1-5),0.059651256,0.027282976,0.35,7.371320619345796
2576,0.6438084,1,36,3) common (21-100),0.49287635,0.09860807,0.8,2.755031893485765
2577,0.055120286,0,6,2) rare (6-20),0.030088093,0.014800391,0.4,7.86438390026748
2578,0.7441314,1,4,1) very rare (1-5),0.35599762,0.10680829,1.0,4.890182296382276
2579,0.1063636,1,88,3) common (21-100),0.04729937,0.022501307,0.45,7.591730720885241
2580,0.9492448,0,261,4) very common (100+),0.7566934,0.06287554,1.0,2.0447540385526546
2581,0.1681805,1,3,1) very rare (1-5),0.083131045,0.033264183,0.4,6.729648762642661
2582,0.8759633,0,27,3) common (21-100),0.69243807,0.13316374,0.95,1.7772504095585206
2583,0.095145285,1,0,1) very rare (1-5),0.054317225,0.026821015,0.45,7.28269481149575
2584,0.2357846,1,0,1) very rare (1-5),0.09981366,0.05055503,0.95,7.240272768015303
2585,0.98778254,0,182,4) very common (100+),0.88371074,0.07136544,1.0,1.1798953440586337
2586,0.30730155,1,123,4) very common (100+),0.16112694,0.06458292,0.95,5.6996642712727414
2587,0.7374863,0,11,2) rare (6-20),0.46386218,0.10154178,0.95,2.866271842756776
2588,0.49265742,1,105,4) very common (100+),0.4968977,0.0963633,0.6,3.2492903223240006
2589,0.2322658,1,18,2) rare (6-20),0.15781868,0.04934276,0.4,5.228292848119024
2590,0.05558253,1,0,1) very rare (1-5),0.037926838,0.025701439,0.4,7.605068080278316
2591,0.01732387,1,0,1) very rare (1-5),0.01224451,0.0058554714,0.4,8.28134671427855
2592,0.061879218,1,3,1) very rare (1-5),0.038429834,0.01725641,0.35,7.574703486459807
2593,0.36532396,0,3,1) very rare (1-5),0.28703377,0.08088091,0.6,4.060637313958459
2594,0.15922938,1,2,1) very rare (1-5),0.09519417,0.039564528,0.55,6.276804707077936
2595,0.70938087,0,421,4) very common (100+),0.51498014,0.11216051,0.85,2.4992876006715314
2596,0.98865473,0,700,4) very common (100+),0.9262959,0.033761024,1.0,0.6144087828269733
2597,0.8158489,0,2,1) very rare (1-5),0.45139736,0.12259493,1.0,4.373554501187515
2598,0.28591716,0,0,1) very rare (1-5),0.10549287,0.06560996,1.0,7.220773411927068
2599,0.11279735,1,2,1) very rare (1-5),0.06233425,0.031964533,0.45,7.078886684652455
2600,0.71928954,0,21,3) common (21-100),0.37575,0.13098975,1.0,4.832209378877832
2601,0.4578904,1,0,1) very rare (1-5),0.35303336,0.09428077,0.65,4.054343296664346
2602,0.28027558,1,11,2) rare (6-20),0.21451977,0.0704886,0.55,5.185848607017841
2603,0.035888836,1,1,1) very rare (1-5),0.01690365,0.009688216,0.5,8.113394238507619
2604,0.18407288,1,2,1) very rare (1-5),0.101111434,0.051931676,0.75,6.044777888915581
2605,0.31330663,1,1070,4) very common (100+),0.25530416,0.077242926,0.45,4.550271298789869
2606,0.05682857,0,0,1) very rare (1-5),0.031063065,0.010046258,0.45,7.550505852006493
2607,0.5325528,0,261,4) very common (100+),0.19367924,0.08289543,1.0,6.3329897556608
2608,0.37311396,1,62,3) common (21-100),0.20004979,0.07465027,0.9,5.473371926468767
2609,0.855045,0,14,2) rare (6-20),0.5413093,0.11742442,1.0,3.363877497717298
2610,0.8671865,0,1,1) very rare (1-5),0.459673,0.15644461,1.0,4.632366587251414
2611,0.2131838,1,12,2) rare (6-20),0.090209484,0.047996737,0.85,6.609852048892817
2612,0.8430151,0,75,3) common (21-100),0.51140183,0.11547347,1.0,3.8227369640301845
2613,0.43823552,0,14,2) rare (6-20),0.40296307,0.10265681,0.6,3.5304951870386048
2614,0.06299208,1,51,3) common (21-100),0.037840016,0.018453307,0.4,7.8392677360484395
2615,0.6189724,0,26,3) common (21-100),0.20749037,0.09319476,1.0,6.969506578203221
2616,0.9593266,0,1000,4) very common (100+),0.8338825,0.08039159,1.0,1.2068883355064857
2617,0.4761926,0,1290,4) very common (100+),0.30647886,0.09117497,0.6,4.847637802446045
2618,0.6152611,0,372,4) very common (100+),0.43578878,0.10294626,0.7,3.2041838526148445
2619,0.42117423,0,33,3) common (21-100),0.15194027,0.08102141,0.95,6.936396762810954
2620,0.4162473,0,34,3) common (21-100),0.21727109,0.07028093,0.8,5.3919878141112685
2621,0.2561428,1,6,2) rare (6-20),0.11829382,0.034070235,0.55,6.5000390558708245
2622,0.4649883,0,27,3) common (21-100),0.26148805,0.10660282,0.6,5.147495216873012
2623,0.058404535,1,1,1) very rare (1-5),0.03318487,0.011675911,0.3,7.420564833874417
2624,0.7054685,0,700,4) very common (100+),0.32176787,0.11368347,1.0,5.634416708664531
2625,0.943344,0,12,2) rare (6-20),0.70731765,0.118668504,1.0,2.460222856259372
2626,0.98871744,0,1000,4) very common (100+),0.892965,0.07231296,1.0,1.0391096631080938
2627,0.56409705,0,5,1) very rare (1-5),0.2291615,0.09777036,1.0,6.4666552387237735
2628,0.9625924,0,421,4) very common (100+),0.78616005,0.08107778,1.0,1.8957643848472492
2629,0.61305714,0,700,4) very common (100+),0.34055454,0.13759044,0.95,4.631351837533363
2630,0.6546644,1,0,1) very rare (1-5),0.37467456,0.14422107,1.0,4.449387930277622
2631,0.8990934,0,1290,4) very common (100+),0.7820401,0.089331485,1.0,1.4483938718602178
2632,0.14117236,1,1,1) very rare (1-5),0.103932485,0.053889032,0.4,5.739952135819332
2633,0.63415694,1,12,2) rare (6-20),0.2514456,0.09164177,1.0,6.158585754361696
2634,0.9935454,0,16,2) rare (6-20),0.9154788,0.09135899,1.0,0.8732918578650961
2635,0.11823084,1,0,1) very rare (1-5),0.066787936,0.030673726,0.45,7.294888877435257
2636,0.9992729,0,211,4) very common (100+),0.98783654,0.012921128,1.0,0.13704374841003736
2637,0.32615283,1,0,1) very rare (1-5),0.22812793,0.066465005,0.6,3.41267558544089
2638,0.17902626,1,4,1) very rare (1-5),0.13562128,0.037559766,0.4,5.5352075466547275
2639,0.6357647,0,12,2) rare (6-20),0.52127945,0.0826182,0.85,2.2172365331043586
2640,0.8272551,0,10,2) rare (6-20),0.4494123,0.17529333,0.95,4.540943941153671
2641,0.57280487,0,0,1) very rare (1-5),0.2516722,0.12354792,0.95,5.958656606071745
2642,0.8982372,0,24,3) common (21-100),0.58255225,0.17311983,1.0,3.671436937595331
2643,0.56946456,0,1,1) very rare (1-5),0.1938808,0.117632076,1.0,6.626980002473074
2644,0.38018918,1,13,2) rare (6-20),0.23149419,0.069079794,0.8,3.835606860056754
2645,0.088759385,0,1,1) very rare (1-5),0.04688389,0.025459012,0.85,7.52247739500015
2646,0.9937028,0,89,3) common (21-100),0.9519327,0.034308396,1.0,0.4243228203856091
2647,0.22031729,1,0,1) very rare (1-5),0.06648348,0.034078974,0.95,7.071470863986686
2648,0.82885766,0,3,1) very rare (1-5),0.49692506,0.16026095,0.95,4.106288041638268
2649,0.933704,0,53,3) common (21-100),0.714909,0.08207522,1.0,2.3934465638794555
2650,0.9420639,0,1290,4) very common (100+),0.820319,0.089718275,1.0,1.2721972539067268
2651,0.9300741,1,8,2) rare (6-20),0.750996,0.116517834,1.0,1.9485238583955804
2652,0.99550015,0,211,4) very common (100+),0.9437496,0.029665446,1.0,0.5799664538303974
2653,0.6528385,1,146,4) very common (100+),0.29799205,0.09038007,0.95,5.089494387445345
2654,0.25153407,1,421,4) very common (100+),0.10647635,0.04598303,1.0,6.8551722330634774
2655,0.06462594,1,14,2) rare (6-20),0.04117082,0.016436208,0.25,7.216188520743097
2656,0.4376198,1,118,4) very common (100+),0.34856933,0.10851192,0.65,3.9752803774371603
2657,0.5864637,1,23,3) common (21-100),0.22503822,0.11148055,1.0,6.193318898485441
2658,0.27273825,0,3,1) very rare (1-5),0.18004212,0.060737923,0.55,5.859156780559658
2659,0.93257344,0,23,3) common (21-100),0.7423128,0.12332053,1.0,1.6175118400535855
2660,0.8351192,1,6,2) rare (6-20),0.54068774,0.096971855,1.0,3.26550984594281
2661,0.17499052,0,5,1) very rare (1-5),0.070156455,0.03959744,0.5,7.476333750605949
2662,0.94260216,1,0,1) very rare (1-5),0.6155682,0.14110161,1.0,3.5914326904677
2663,0.25932196,1,134,4) very common (100+),0.10512991,0.03204582,0.75,6.781350271369265
2664,0.7065308,0,26,3) common (21-100),0.47873473,0.1286387,0.95,2.5856756745797584
2665,0.9534088,1,6,2) rare (6-20),0.8181198,0.09727275,1.0,1.3629375592110737
2666,0.38530594,1,70,3) common (21-100),0.15799749,0.07894956,0.7,6.491753364361759
2667,0.44104865,1,0,1) very rare (1-5),0.25034815,0.10529358,0.85,4.82975935378717
2668,0.5265391,0,8,2) rare (6-20),0.27517003,0.08697725,0.65,5.014339309927952
2669,0.87825435,0,1290,4) very common (100+),0.7529596,0.08864208,1.0,1.8248731916573
2670,0.046454657,0,26,3) common (21-100),0.030428072,0.015028415,0.3,7.883520394578464
2671,0.7313644,1,100,3) common (21-100),0.5224715,0.12388403,0.95,2.785913516427006
2672,0.037811738,1,1,1) very rare (1-5),0.021686476,0.008305638,0.5,7.782082995352931
2673,0.6588203,0,17,2) rare (6-20),0.3196492,0.124812976,1.0,4.94481933348376
2674,0.80971533,0,32,3) common (21-100),0.4580586,0.17194442,1.0,4.102390454849952
2675,0.14181836,0,33,3) common (21-100),0.09286442,0.036675785,0.65,6.959844972919029
2676,0.43473512,1,30,3) common (21-100),0.2235157,0.054168683,0.8,5.248767055706026
2677,0.15266874,1,0,1) very rare (1-5),0.07416179,0.031614505,0.75,7.180710768804826
2678,0.40786347,0,1,1) very rare (1-5),0.17647316,0.07899976,1.0,6.345288173323058
2679,0.11471269,1,0,1) very rare (1-5),0.054720186,0.0344318,1.0,7.618632019722073
2680,0.07226996,1,21,3) common (21-100),0.03878717,0.017460177,0.5,7.8858014811270625
2681,0.4961801,1,3,1) very rare (1-5),0.23427656,0.10687005,0.9,6.12508339118762
2682,0.5775528,0,0,1) very rare (1-5),0.18966433,0.06703755,1.0,6.338238680741328
2683,0.786199,0,7,2) rare (6-20),0.44464678,0.13545346,1.0,4.218052447898645
2684,0.7617001,0,1070,4) very common (100+),0.45588923,0.1284462,0.95,3.8600210043683374
2685,0.8895311,0,3,1) very rare (1-5),0.7039763,0.12274893,1.0,1.6104147066654295
2686,0.9119199,0,39,3) common (21-100),0.5591673,0.1255237,1.0,3.910899076361619
2687,0.36792818,0,6,2) rare (6-20),0.1311354,0.0627936,1.0,7.167899397501056
2688,0.18545924,1,107,4) very common (100+),0.10978548,0.048101585,0.65,6.652836269722877
2689,0.10429303,1,5,1) very rare (1-5),0.04050579,0.018607253,0.8,7.684957916431475
2690,0.91276836,0,1290,4) very common (100+),0.7450981,0.06528486,1.0,1.919061822392564
2691,0.37055913,1,78,3) common (21-100),0.2064713,0.08804518,0.7,5.248768796402001
2692,0.8981052,1,1,1) very rare (1-5),0.6185171,0.13922916,1.0,2.908891224528618
2693,0.33461174,1,274,4) very common (100+),0.2818224,0.10250954,0.65,4.029518493343096
2694,0.9322504,1,3,1) very rare (1-5),0.7486746,0.09112985,1.0,1.6530084295187093
2695,0.3056111,0,7,2) rare (6-20),0.16650082,0.07526452,0.75,5.887944582268952
2696,0.6399354,0,105,4) very common (100+),0.30345663,0.09582952,1.0,5.973560002625289
2697,0.16521658,0,0,1) very rare (1-5),0.086227655,0.03932283,0.6,5.585816472212748
2698,0.55582315,1,1,1) very rare (1-5),0.25633878,0.09303291,0.9,4.807982767752689
2699,0.19735847,1,92,3) common (21-100),0.15759265,0.06670322,0.5,5.261353657531021
2700,0.63801533,0,700,4) very common (100+),0.28853875,0.124846786,0.95,5.77898873747644
2701,0.8505338,1,10,2) rare (6-20),0.5217895,0.12922673,1.0,3.888905800908345
2702,0.1800592,1,0,1) very rare (1-5),0.12616265,0.025959931,0.4,5.1957755710976805
2703,0.6531407,1,124,4) very common (100+),0.38004452,0.10253702,0.75,3.8343657317314515
2704,0.98733133,0,700,4) very common (100+),0.89043844,0.07324507,1.0,0.8753315862041476
2705,0.33737904,0,69,3) common (21-100),0.14654882,0.08584086,1.0,6.6850187379905535
2706,0.078210555,1,9,2) rare (6-20),0.043958247,0.031301964,0.5,7.588411796725374
2707,0.9604969,0,89,3) common (21-100),0.750646,0.10972674,1.0,1.8642064169219172
2708,0.5052045,0,178,4) very common (100+),0.16706476,0.06614952,0.95,6.845856570283224
2709,0.9284874,1,100,3) common (21-100),0.727502,0.110260956,1.0,2.00690285721619
2710,0.9017254,0,1290,4) very common (100+),0.75820786,0.08062668,1.0,1.5638048701485712
2711,0.990755,0,1000,4) very common (100+),0.9479102,0.025195146,1.0,0.46586160759729206
2712,0.9423745,0,19,2) rare (6-20),0.7020501,0.15705097,1.0,2.5856481109574028
2713,0.106450945,1,275,4) very common (100+),0.05946343,0.046061352,0.65,7.536759004657268
2714,0.047843087,1,0,1) very rare (1-5),0.035351235,0.011935678,0.4,7.598500862007834
2715,0.95803356,0,105,4) very common (100+),0.8472827,0.0846403,1.0,1.1679677935495067
2716,0.7812784,1,0,1) very rare (1-5),0.6569472,0.11444671,1.0,1.9421435864118244
2717,0.06250572,1,15,2) rare (6-20),0.04349462,0.0139047345,0.5,6.862912903557156
2718,0.8217103,0,85,3) common (21-100),0.45524353,0.15187979,1.0,4.225715310289847
2719,0.78156227,0,111,4) very common (100+),0.49071354,0.08953055,1.0,3.3752635623241414
2720,0.33175617,1,107,4) very common (100+),0.14179423,0.07571651,0.7,6.434276985288515
2721,0.6436907,1,0,1) very rare (1-5),0.32653466,0.12994316,0.85,4.8057685396434096
2722,0.9117434,0,99,3) common (21-100),0.60391295,0.09027137,1.0,3.297590409670858
2723,0.7574555,1,0,1) very rare (1-5),0.44287586,0.16278183,1.0,3.990538788037626
2724,0.6428518,0,1290,4) very common (100+),0.5299887,0.13374801,0.85,2.7246607106442835
2725,0.95979357,0,1000,4) very common (100+),0.76364136,0.07942909,1.0,2.072455426116225
2726,0.9095494,0,700,4) very common (100+),0.78288865,0.07527465,1.0,1.5638074708784147
2727,0.18486147,1,0,1) very rare (1-5),0.10555975,0.024276758,0.55,5.910793082971642
2728,0.8274626,0,7,2) rare (6-20),0.58678824,0.12281154,1.0,2.8378191285287118
2729,0.7314031,0,50,3) common (21-100),0.37450504,0.15148358,1.0,4.918308506033912
2730,0.27339944,1,1,1) very rare (1-5),0.12475654,0.03726687,0.7,6.270041910429005
2731,0.40539238,1,91,3) common (21-100),0.13060386,0.062613055,0.95,6.909107371679927
2732,0.9907672,0,49,3) common (21-100),0.8816778,0.05213836,1.0,1.2579448563859077
2733,0.7823496,1,26,3) common (21-100),0.561207,0.14670299,0.95,2.6892080287859157
2734,0.96023345,1,14,2) rare (6-20),0.7828667,0.116868116,1.0,1.9650594664066487
2735,0.35534176,0,1,1) very rare (1-5),0.24688642,0.07918954,0.8,3.7741357354902214
2736,0.08729485,0,0,1) very rare (1-5),0.038190626,0.029619478,0.85,7.813573128854673
2737,0.7986414,0,20,2) rare (6-20),0.4470648,0.12260954,1.0,4.574844538019079
2738,0.33234766,1,1,1) very rare (1-5),0.2703983,0.06397045,0.45,4.206180537939366
2739,0.58762586,0,7,2) rare (6-20),0.28277773,0.094012976,1.0,4.71966808271155
2740,0.021459071,1,13,2) rare (6-20),0.017142523,0.0068742787,0.2,7.947960429580591
2741,0.15574698,0,4,1) very rare (1-5),0.08040564,0.030145166,0.45,6.995447699389743
2742,0.78859746,1,107,4) very common (100+),0.5652017,0.16539668,0.95,2.6335033527545346
2743,0.55568063,1,14,2) rare (6-20),0.23351486,0.08431925,0.95,5.990080684373759
2744,0.22735201,1,4,1) very rare (1-5),0.07683668,0.039455704,0.85,7.173992721229482
2745,0.89675915,1,15,2) rare (6-20),0.5559043,0.15859239,1.0,3.3924885050265474
2746,0.75672084,1,16,2) rare (6-20),0.5501691,0.12310684,0.95,2.792150288448784
2747,0.94891703,0,11,2) rare (6-20),0.72209305,0.12593968,1.0,2.5929824545644142
2748,0.26888305,1,17,2) rare (6-20),0.13212055,0.055768706,0.8,6.02786709153113
2749,0.9587236,1,0,1) very rare (1-5),0.6545086,0.13256104,1.0,3.2822356343569776
2750,0.9560621,0,421,4) very common (100+),0.7307784,0.11635731,1.0,2.407663904459176
2751,0.035823055,0,1,1) very rare (1-5),0.018569905,0.00676172,0.75,8.156236915549465
2752,0.9953288,0,1000,4) very common (100+),0.9523139,0.032451138,1.0,0.4615308963516765
2753,0.39767674,0,1070,4) very common (100+),0.12644312,0.04690429,1.0,7.431487001427449
2754,0.9499762,1,1,1) very rare (1-5),0.772841,0.1191616,1.0,1.7071880249104763
2755,0.25688443,1,3,1) very rare (1-5),0.19744685,0.057894904,0.35,4.365753104788408
2756,0.060506348,1,35,3) common (21-100),0.029814195,0.014458249,0.55,8.120862393034594
2757,0.9743931,0,90,3) common (21-100),0.7660695,0.11686116,1.0,2.2818245793910807
2758,0.958134,0,7,2) rare (6-20),0.7538819,0.083154194,1.0,2.2758823283179637
2759,0.59408957,1,0,1) very rare (1-5),0.4434979,0.14069666,0.95,3.5434428535276035
2760,0.28256187,0,106,4) very common (100+),0.12351827,0.045960568,0.5,5.477077713654879
2761,0.053428452,1,0,1) very rare (1-5),0.032983523,0.02292379,0.45,7.806360035827754
2762,0.31216526,1,8,2) rare (6-20),0.13172068,0.050511133,0.95,6.813059231175062
2763,0.162139,1,1070,4) very common (100+),0.13446389,0.047367606,0.45,5.860331547984977
2764,0.3366479,1,28,3) common (21-100),0.16290715,0.06467612,0.6,5.442811484894733
2765,0.048475765,1,3,1) very rare (1-5),0.042630747,0.029244728,0.3,7.548643440993924
2766,0.8264687,0,134,4) very common (100+),0.53575623,0.13947362,1.0,2.711487469062827
2767,0.25840113,0,275,4) very common (100+),0.12020087,0.03816027,0.7,5.352363161407615
2768,0.4866383,1,72,3) common (21-100),0.22223833,0.08397616,0.85,5.43333685675815
2769,0.15764181,1,343,4) very common (100+),0.10739976,0.03862332,0.4,6.077656134236059
2770,0.039104015,1,0,1) very rare (1-5),0.02722401,0.01135608,0.3,7.454054820624306
2771,0.9112775,1,1,1) very rare (1-5),0.620411,0.13272084,1.0,3.178102751679494
2772,0.7650461,1,15,2) rare (6-20),0.4751032,0.09941359,1.0,3.1120941893687255
2773,0.090477474,1,56,3) common (21-100),0.052568246,0.01854895,0.65,7.388202862167913
2774,0.15149085,1,0,1) very rare (1-5),0.059955925,0.032148965,0.8,7.32746476962223
2775,0.25132638,0,32,3) common (21-100),0.12029953,0.042113513,0.75,6.1901068189986885
2776,0.5345319,0,0,1) very rare (1-5),0.3386618,0.12025823,0.95,3.899882215209959
2777,0.09129096,0,12,2) rare (6-20),0.043672793,0.013742877,0.45,7.40663390968956
2778,0.8103939,0,118,4) very common (100+),0.47632426,0.1593827,1.0,4.075412050024065
2779,0.48342916,0,47,3) common (21-100),0.3414066,0.118272774,0.9,3.3306213668738343
2780,0.8304848,0,35,3) common (21-100),0.48619413,0.16314553,1.0,4.134229128336374
2781,0.10584791,1,58,3) common (21-100),0.08461069,0.027333094,0.3,5.694008326743967
2782,0.10155136,0,28,3) common (21-100),0.052240115,0.01806048,0.65,7.424247047329152
2783,0.119217195,0,1,1) very rare (1-5),0.058902763,0.019265585,0.45,6.611151715286498
2784,0.7475238,0,372,4) very common (100+),0.39265162,0.13566747,1.0,4.6465565500458865
2785,0.51045084,1,1,1) very rare (1-5),0.27736253,0.092041194,0.85,4.325594947964509
2786,0.19791543,1,79,3) common (21-100),0.13873382,0.037749283,0.5,5.5483009025420085
2787,0.5802482,0,223,4) very common (100+),0.21245241,0.0824013,1.0,6.146347498944159
2788,0.23737818,0,0,1) very rare (1-5),0.14083509,0.053894788,0.6,5.688573178931999
2789,0.70080066,0,43,3) common (21-100),0.39162022,0.12006283,1.0,4.0592443544861325
2790,0.17255647,1,4,1) very rare (1-5),0.08464073,0.039987702,0.6,6.560928689136939
2791,0.09882724,1,0,1) very rare (1-5),0.0732042,0.020920852,0.35,6.24779015184431
2792,0.58385193,1,1000,4) very common (100+),0.5694596,0.106048755,0.7,1.5195571327085917
2793,0.31833997,1,0,1) very rare (1-5),0.09910103,0.048305713,1.0,7.545673930011231
2794,0.8546404,0,372,4) very common (100+),0.64553356,0.15188695,0.95,1.8220705917294875
2795,0.34796998,0,1,1) very rare (1-5),0.110998705,0.06168954,1.0,6.970313999901231
2796,0.10635216,1,4,1) very rare (1-5),0.05990412,0.018646035,0.4,6.51302729529903
2797,0.17926607,1,108,4) very common (100+),0.104755364,0.05688732,0.55,7.029651959971508
2798,0.6255569,1,2,1) very rare (1-5),0.33917823,0.12179665,0.9,4.505409335984692
2799,0.9977824,1,66,3) common (21-100),0.9806442,0.012041378,1.0,0.2071610594223187
2800,0.1583616,1,14,2) rare (6-20),0.1016773,0.042718023,0.35,6.7561763745922185
2801,0.28857657,0,42,3) common (21-100),0.099195205,0.054297294,1.0,7.108645724864429
2802,0.6785052,0,4,1) very rare (1-5),0.29938656,0.13408889,1.0,5.205786475973529
2803,0.4581176,1,1070,4) very common (100+),0.35750747,0.08879504,0.75,4.235008487020307
2804,0.17187372,1,79,3) common (21-100),0.10238321,0.04443879,0.55,6.987546302664202
2805,0.2278021,1,0,1) very rare (1-5),0.107857786,0.06033345,0.65,6.576346092743237
2806,0.77840513,1,1070,4) very common (100+),0.57698023,0.13383625,1.0,3.025854376922889
2807,0.0221091,1,36,3) common (21-100),0.017508807,0.007169807,0.15,7.932515864132563
2808,0.53274924,0,178,4) very common (100+),0.19830899,0.06830986,0.9,6.463702176560403
2809,0.25867966,1,1,1) very rare (1-5),0.18226865,0.05283548,0.65,4.8483529580638525
2810,0.6444188,1,52,3) common (21-100),0.35834616,0.11343618,0.9,4.041953953374905
2811,0.14705485,1,2,1) very rare (1-5),0.109264076,0.03250958,0.35,6.034971225480399
2812,0.50783855,0,274,4) very common (100+),0.22942774,0.10400849,1.0,6.103567388549102
2813,0.88090825,0,1070,4) very common (100+),0.5736811,0.132435,1.0,3.113755915602969
2814,0.17615569,1,3,1) very rare (1-5),0.11117022,0.044395622,0.6,6.5228953873983855
2815,0.19087087,1,0,1) very rare (1-5),0.091634914,0.039225776,0.45,6.624022277846461
2816,0.98597544,0,182,4) very common (100+),0.8679382,0.0790643,1.0,1.3356046630882168
2817,0.8708945,0,223,4) very common (100+),0.64294475,0.117179535,1.0,2.5064025056901205
2818,0.057190012,0,0,1) very rare (1-5),0.04482869,0.015515686,0.35,6.743570514697974
2819,0.2765421,1,6,2) rare (6-20),0.13303387,0.07262275,0.7,6.284440757004831
2820,0.76637006,0,134,4) very common (100+),0.3855554,0.11398019,1.0,4.361203817584309
2821,0.41414648,0,5,1) very rare (1-5),0.23610935,0.100098394,0.95,4.91201091092935
2822,0.290125,1,0,1) very rare (1-5),0.12799318,0.05197547,0.8,6.424149062839715
2823,0.5842512,1,11,2) rare (6-20),0.5624265,0.08434352,0.55,1.7431380922240451
2824,0.12045127,1,21,3) common (21-100),0.07290261,0.03184431,0.45,7.3684548881917795
2825,0.07994892,1,23,3) common (21-100),0.035291523,0.01481427,0.5,7.631933519222146
2826,0.44255978,0,4,1) very rare (1-5),0.19750583,0.08786009,0.8,5.944317742450374
2827,0.083275795,1,1,1) very rare (1-5),0.036346763,0.027868617,0.6,8.21791356683044
2828,0.099139795,0,0,1) very rare (1-5),0.08140366,0.028283373,0.4,5.944542554602352
2829,0.5315178,1,86,3) common (21-100),0.35816312,0.12757201,0.65,2.893388415818637
2830,0.6564578,0,223,4) very common (100+),0.46376634,0.124801666,0.95,3.5390386238809945
2831,0.2181568,0,7,2) rare (6-20),0.08067989,0.042858746,0.6,7.09447278779777
2832,0.9407203,0,1000,4) very common (100+),0.8168775,0.072435066,1.0,0.9790513378497927
2833,0.12906986,0,68,3) common (21-100),0.058175612,0.027214587,0.7,7.429667770221098
2834,0.25345802,0,1,1) very rare (1-5),0.2836856,0.07584363,0.45,2.9538108807257553
2835,0.91538274,0,10,2) rare (6-20),0.69740313,0.11393295,1.0,2.6503295967933505
2836,0.78946275,0,343,4) very common (100+),0.521572,0.13865587,1.0,2.8162159687364037
2837,0.105019696,0,0,1) very rare (1-5),0.067930676,0.02771497,0.45,6.5293379702685
2838,0.10041266,1,3,1) very rare (1-5),0.053326152,0.017282465,0.35,6.75866689664503
2839,0.8052667,0,700,4) very common (100+),0.5539639,0.0959118,0.95,2.4090295511279427
2840,0.8315499,0,1070,4) very common (100+),0.6373549,0.12404651,1.0,2.438364519765575
2841,0.367437,0,111,4) very common (100+),0.17667721,0.07623331,0.8,5.515919175982498
2842,0.8897678,1,178,4) very common (100+),0.6949747,0.1352912,1.0,1.9902929205752784
2843,0.7480151,0,49,3) common (21-100),0.38184533,0.16746782,1.0,5.3243404324171015
2844,0.90125823,1,21,3) common (21-100),0.66825056,0.12107561,1.0,2.4017421404165566
2845,0.9850433,0,16,2) rare (6-20),0.8744008,0.06936823,1.0,1.1864448336760938
2846,0.13863409,1,7,2) rare (6-20),0.044538684,0.024621287,0.7,7.645573773978439
2847,0.16809438,1,19,2) rare (6-20),0.07446422,0.028764242,0.75,7.25586530500026
2848,0.8908561,0,274,4) very common (100+),0.6517661,0.12535106,1.0,2.3327028097084717
2849,0.7428986,0,99,3) common (21-100),0.323626,0.14694197,0.95,5.5547047716836
2850,0.7635915,1,1070,4) very common (100+),0.64698464,0.09625708,1.0,1.306686627828958
2851,0.14890073,1,1,1) very rare (1-5),0.08492939,0.031482104,0.45,6.765601943818966
2852,0.75155336,0,1,1) very rare (1-5),0.32383427,0.13344339,1.0,5.681750236897381
2853,0.8375305,0,36,3) common (21-100),0.5434542,0.13831891,1.0,3.127902191712443
2854,0.9475418,1,32,3) common (21-100),0.76051915,0.12803994,1.0,1.7515533985081277
2855,0.46539572,1,6,2) rare (6-20),0.3568516,0.110659994,0.8,4.172813043548544
2856,0.9263548,1,47,3) common (21-100),0.751868,0.11904241,1.0,1.7256025480318113
2857,0.77053535,0,3,1) very rare (1-5),0.46743035,0.14749847,0.9,3.5324051371500063
2858,0.9730559,0,78,3) common (21-100),0.8777239,0.062419686,1.0,0.9526094952384591
2859,0.13059695,0,3,1) very rare (1-5),0.08453049,0.025627585,0.45,5.864411691332613
2860,0.80805016,0,24,3) common (21-100),0.43864074,0.12399267,1.0,4.403231631083676
2861,0.1359118,1,4,1) very rare (1-5),0.06200569,0.027174184,0.6,7.275206959314733
2862,0.6752451,0,99,3) common (21-100),0.6048072,0.09912776,0.8,1.6059012160493449
2863,0.8066378,0,1070,4) very common (100+),0.5808097,0.16038091,1.0,2.9931129738105
2864,0.98357695,0,39,3) common (21-100),0.8208097,0.08568003,1.0,1.794293157456953
2865,0.64233553,0,9,2) rare (6-20),0.30348545,0.11379833,1.0,4.741116980466951
2866,0.4933416,1,38,3) common (21-100),0.39143893,0.12340312,0.65,3.8652423676032734
2867,0.7710594,0,3,1) very rare (1-5),0.49002576,0.18956013,0.95,3.582474832754774
2868,0.5599954,0,3,1) very rare (1-5),0.39236674,0.08917494,0.9,2.829282395850095
2869,0.0906333,1,700,4) very common (100+),0.041222524,0.021805672,0.5,7.364935886742038
2870,0.51579696,0,178,4) very common (100+),0.40663177,0.13347553,0.85,4.157396419756893
2871,0.84526145,0,343,4) very common (100+),0.44336635,0.11906688,1.0,4.441134374260853
2872,0.49094683,0,1000,4) very common (100+),0.43272048,0.07329634,0.5,2.950841105185857
2873,0.70911974,0,159,4) very common (100+),0.4948874,0.12623052,0.8,3.5118354859528313
2874,0.43375397,0,5,1) very rare (1-5),0.36165887,0.10955581,0.65,2.9164038683247697
2875,0.8867169,0,23,3) common (21-100),0.59708065,0.09804741,1.0,2.8499107256375997
2876,0.3769505,0,18,2) rare (6-20),0.19854778,0.10612106,0.75,5.535463425100497
2877,0.32877088,1,6,2) rare (6-20),0.21062537,0.051067952,0.4,4.087018152582489
2878,0.7778448,0,69,3) common (21-100),0.43424702,0.16937694,1.0,4.654244549838034
2879,0.7316964,0,60,3) common (21-100),0.36085206,0.18586342,1.0,4.7661697802466225
2880,0.031478416,1,1,1) very rare (1-5),0.014931227,0.006250305,0.25,8.147665462356262
2881,0.8774008,1,0,1) very rare (1-5),0.5721754,0.15834568,1.0,3.3555863342791055
2882,0.45103773,1,69,3) common (21-100),0.2699426,0.07213507,0.55,4.849835614271583
2883,0.14596903,1,38,3) common (21-100),0.10003982,0.02843906,0.45,6.255954891799444
2884,0.3195285,1,2,1) very rare (1-5),0.19745418,0.08599208,0.75,4.435245569277006
2885,0.05327466,1,0,1) very rare (1-5),0.037831284,0.0112255905,0.3,6.810349712056313
2886,0.31716436,0,1,1) very rare (1-5),0.14732574,0.04292096,0.5,5.7767611446783675
2887,0.55024374,1,66,3) common (21-100),0.34330702,0.12071781,0.9,3.613024301284411
2888,0.7971442,0,1,1) very rare (1-5),0.49173063,0.11169515,1.0,3.791704675155316
2889,0.7338093,1,7,2) rare (6-20),0.34920675,0.12647367,1.0,4.852982158820426
2890,0.08756971,0,6,2) rare (6-20),0.043959204,0.022051008,0.45,7.5906963001339
2891,0.8878639,0,23,3) common (21-100),0.6335888,0.12980673,1.0,2.771246839498412
2892,0.8585724,0,421,4) very common (100+),0.67067623,0.11735185,0.95,2.1221708160963764
2893,0.97549474,0,1000,4) very common (100+),0.86008435,0.082394585,1.0,0.970345033416224
2894,0.5585562,0,4,1) very rare (1-5),0.4174579,0.1506719,0.75,3.561498869954205
2895,0.44723257,1,0,1) very rare (1-5),0.31659764,0.10335761,0.6,3.6198860881862718
2896,0.9334322,1,1,1) very rare (1-5),0.7752908,0.073942415,1.0,1.588322727091963
2897,0.12419338,1,0,1) very rare (1-5),0.08142466,0.02057606,0.5,6.018037691765363
2898,0.990352,0,142,4) very common (100+),0.8945527,0.050226267,1.0,0.9801659382218912
2899,0.81883913,0,1290,4) very common (100+),0.7114986,0.09891418,1.0,1.2496991312370276
2900,0.23232554,1,28,3) common (21-100),0.1653525,0.055256568,0.5,5.530323983429992
2901,0.97458375,0,1000,4) very common (100+),0.80953157,0.10298977,1.0,1.6246374891787922
2902,0.0761486,1,8,2) rare (6-20),0.04389901,0.02206709,0.3,7.096984305757534
2903,0.10623226,1,58,3) common (21-100),0.059082843,0.025722666,0.35,7.212431210847011
2904,0.6393469,1,1,1) very rare (1-5),0.32444823,0.07185726,0.85,4.911711454834622
2905,0.8965769,0,121,4) very common (100+),0.62605554,0.12162653,1.0,2.471058254919462
2906,0.053265423,0,63,3) common (21-100),0.03390885,0.01734842,0.45,7.497659276689427
2907,0.94680107,0,4,1) very rare (1-5),0.6946641,0.13216902,1.0,2.754681339420745
2908,0.7235381,1,1070,4) very common (100+),0.5024888,0.11721797,0.85,2.188646376683183
2909,0.48895746,0,14,2) rare (6-20),0.2378922,0.08275901,0.95,5.642424670233406
2910,0.46418723,1,1,1) very rare (1-5),0.24492785,0.10051161,0.95,5.227824030877148
2911,0.5202994,0,3,1) very rare (1-5),0.48743114,0.0859955,0.95,2.1905609470850704
2912,0.9528493,1,28,3) common (21-100),0.82128876,0.10212681,1.0,1.2761984517320952
2913,0.60549283,0,7,2) rare (6-20),0.41906506,0.13586067,0.95,3.1275763838563346
2914,0.30460152,1,0,1) very rare (1-5),0.12130928,0.06922733,0.65,6.359030269561471
2915,0.8653157,0,6,2) rare (6-20),0.6263712,0.12597038,1.0,2.722706778029196
2916,0.28917342,1,3,1) very rare (1-5),0.18746652,0.078348145,0.6,5.355665426634866
2917,0.55681646,0,700,4) very common (100+),0.48405328,0.07848008,0.8,2.5573678187745186
2918,0.35847178,0,0,1) very rare (1-5),0.14029221,0.059418187,1.0,6.474492197958851
2919,0.87184244,0,55,3) common (21-100),0.6305913,0.124728255,1.0,2.6610213832450174
2920,0.47112846,0,3,1) very rare (1-5),0.24944296,0.07871545,0.7,5.206968740957813
2921,0.11862,0,2,1) very rare (1-5),0.073751315,0.023958512,0.5,6.46386334140494
2922,0.22371641,1,2,1) very rare (1-5),0.09547718,0.040461957,0.85,6.699275321028733
2923,0.5149919,0,79,3) common (21-100),0.264464,0.09013333,0.9,5.309898235062394
2924,0.9936016,0,1000,4) very common (100+),0.94906443,0.03379637,1.0,0.4087187467958927
2925,0.7559341,1,268,4) very common (100+),0.5930611,0.12890573,0.9,1.9207535647756555
2926,0.99538535,0,123,4) very common (100+),0.9411305,0.025770118,1.0,0.6154770030508663
2927,0.011885603,1,0,1) very rare (1-5),0.009912772,0.0037729433,0.25,8.145833149548064
2928,0.31309584,1,14,2) rare (6-20),0.11864288,0.06532248,0.85,6.855699084870697
2929,0.19207034,0,23,3) common (21-100),0.07919733,0.037010685,0.75,7.400442262497382
2930,0.81023407,0,1290,4) very common (100+),0.66435343,0.15892792,0.9,1.7425738378029272
2931,0.83827484,1,7,2) rare (6-20),0.4756357,0.15385862,1.0,4.36872689040943
2932,0.35299766,1,1,1) very rare (1-5),0.13341767,0.08365211,0.9,6.819155580246928
2933,0.25607213,1,6,2) rare (6-20),0.07619644,0.048103575,0.95,7.771818574449277
2934,0.8705356,1,1070,4) very common (100+),0.6829621,0.09024114,1.0,1.9974131449660357
2935,0.30991748,1,2,1) very rare (1-5),0.16440293,0.07645742,0.55,6.49426632973379
2936,0.9724382,1,3,1) very rare (1-5),0.79412585,0.10717943,1.0,1.5081137391513937
2937,0.324003,1,1,1) very rare (1-5),0.2004852,0.07357727,0.6,4.562748731734747
2938,0.113899596,1,66,3) common (21-100),0.071940914,0.031360395,0.6,6.231656105679357
2939,0.15935268,1,0,1) very rare (1-5),0.06305751,0.027689707,0.9,7.220792219274301
2940,0.247817,0,3,1) very rare (1-5),0.13972339,0.07832716,0.65,5.862518735192739
2941,0.50420475,1,1070,4) very common (100+),0.32569686,0.07490041,0.75,4.688138420336722
2942,0.7091557,1,3,1) very rare (1-5),0.33045053,0.12185321,1.0,5.519054263313778
2943,0.058911774,0,0,1) very rare (1-5),0.040020507,0.012070036,0.35,7.094675971195599
2944,0.41137892,0,1,1) very rare (1-5),0.2211084,0.10323327,0.85,5.4629231227861155
2945,0.13231564,1,34,3) common (21-100),0.07621274,0.031630103,0.35,6.942681370823881
2946,0.48755404,1,6,2) rare (6-20),0.16256846,0.056403633,1.0,6.8806248006897635
2947,0.52005935,0,123,4) very common (100+),0.27117467,0.11897461,0.9,5.11244113106005
2948,0.8994636,0,118,4) very common (100+),0.64011604,0.11580247,1.0,2.7742405228991847
2949,0.21234126,1,47,3) common (21-100),0.073928684,0.03983162,0.9,7.380373819069121
2950,0.95151603,0,23,3) common (21-100),0.8094821,0.08950877,1.0,1.3539252399856776
2951,0.17222854,1,5,1) very rare (1-5),0.1342788,0.034099497,0.45,5.539563941968554
2952,0.42795524,1,0,1) very rare (1-5),0.14632086,0.061404776,0.95,6.60931052085177
2953,0.0563675,1,1,1) very rare (1-5),0.021817124,0.009877001,0.55,7.902659215367184
2954,0.06541137,1,0,1) very rare (1-5),0.041757796,0.011330572,0.35,7.000533147164487
2955,0.74869895,1,96,3) common (21-100),0.4662736,0.16562991,0.95,3.1241716315915284
2956,0.3628673,1,0,1) very rare (1-5),0.1500988,0.072694704,0.85,6.138222146675672
2957,0.60236484,0,421,4) very common (100+),0.3794539,0.13332966,0.95,4.363977812899581
2958,0.85873693,0,178,4) very common (100+),0.4857688,0.13778047,1.0,4.063902171432774
2959,0.10457728,1,4,1) very rare (1-5),0.05499308,0.019205393,0.65,7.074986407233375
2960,0.8571767,0,1000,4) very common (100+),0.7113273,0.12363332,1.0,1.835934388981818
2961,0.50369024,0,41,3) common (21-100),0.2585944,0.072827235,0.9,5.101984907705297
2962,0.17903328,1,0,1) very rare (1-5),0.053240977,0.024358366,0.75,8.063899951038302
2963,0.7104199,0,63,3) common (21-100),0.35660034,0.12795506,0.85,4.17655799870397
2964,0.1483846,0,33,3) common (21-100),0.05778721,0.024603039,0.9,7.631155422534212
2965,0.9927164,0,1000,4) very common (100+),0.9517536,0.032416817,1.0,0.4028284894493623
2966,0.40308452,1,8,2) rare (6-20),0.3191459,0.08609785,0.6,4.219809623732464
2967,0.5256086,0,1290,4) very common (100+),0.41283983,0.11536884,0.9,3.158167333233016
2968,0.49049252,1,7,2) rare (6-20),0.30634493,0.07231853,0.75,4.4836497404349736
2969,0.65397316,0,42,3) common (21-100),0.6204374,0.102737606,0.75,1.2135141770658562
2970,0.34466964,0,91,3) common (21-100),0.19786152,0.077817425,0.6,5.755878950948629
2971,0.95473313,0,96,3) common (21-100),0.74246114,0.11816839,1.0,2.212560195687282
2972,0.7548861,1,66,3) common (21-100),0.5451843,0.18011934,0.85,2.477579909439879
2973,0.17053878,0,3,1) very rare (1-5),0.11050069,0.0214562,0.4,6.058028437832464
2974,0.1618172,0,17,2) rare (6-20),0.060228586,0.044925187,1.0,7.506707773753989
2975,0.56115645,0,0,1) very rare (1-5),0.38505453,0.10174367,0.95,3.9849265176700444
2976,0.06451171,0,0,1) very rare (1-5),0.03611996,0.01579441,0.35,7.5495819842001275
2977,0.130751,0,0,1) very rare (1-5),0.07593503,0.040526047,0.5,6.7067423175574525
2978,0.9664792,0,700,4) very common (100+),0.87936735,0.05461418,1.0,0.8554829354894975
2979,0.827192,0,79,3) common (21-100),0.46433496,0.1110562,1.0,4.142055723253618
2980,0.11079538,0,5,1) very rare (1-5),0.0722785,0.036646266,0.4,7.087894026661014
2981,0.6679767,1,118,4) very common (100+),0.35188517,0.1391649,0.95,3.8247578979290884
2982,0.88639253,0,11,2) rare (6-20),0.69350487,0.1289308,1.0,1.7356684878488786
2983,0.37999186,1,2,1) very rare (1-5),0.18054727,0.09662824,0.95,5.705100572574851
2984,0.86659175,0,6,2) rare (6-20),0.4852086,0.1441513,1.0,4.221301127557004
2985,0.13524963,0,7,2) rare (6-20),0.10225803,0.03313649,0.5,5.940136563313301
2986,0.4907906,1,16,2) rare (6-20),0.16125676,0.089098744,1.0,7.035516941678914
2987,0.7670406,0,134,4) very common (100+),0.39777327,0.14716718,0.95,4.8101467466317605
2988,0.92344695,0,159,4) very common (100+),0.6190853,0.13272814,1.0,3.0763639273245693
2989,0.6266793,1,19,2) rare (6-20),0.33951372,0.10299995,0.95,4.181010101371649
2990,0.8649408,0,89,3) common (21-100),0.5566822,0.14154005,1.0,3.5326331060821445
2991,0.998355,0,211,4) very common (100+),0.967786,0.023347868,1.0,0.38499531263175324
2992,0.21521537,1,0,1) very rare (1-5),0.099883996,0.031009676,0.5,6.4441361813429925
2993,0.36018294,0,1070,4) very common (100+),0.23859318,0.078693666,0.55,4.74300291669233
2994,0.7104407,1,0,1) very rare (1-5),0.50914186,0.124932,0.95,2.8353859972841366
2995,0.45900318,1,63,3) common (21-100),0.29664183,0.10855187,0.9,5.044204342102053
2996,0.09058374,0,53,3) common (21-100),0.046537682,0.021414721,0.6,7.666557745289514
2997,0.5392715,0,21,3) common (21-100),0.33066297,0.1073997,0.8,4.0483741410941105
2998,0.20775938,1,38,3) common (21-100),0.07362796,0.027401788,0.7,7.675420641784726
2999,0.76699555,0,223,4) very common (100+),0.5037637,0.13241966,0.9,3.0157222423496868
3000,0.40676814,0,1070,4) very common (100+),0.27083704,0.085683525,0.55,4.45460038247111
3001,0.68771386,1,4,1) very rare (1-5),0.29891574,0.13372402,0.95,5.581620643496566
3002,0.5101273,0,23,3) common (21-100),0.45830637,0.116342105,0.7,2.578151365558971
3003,0.8746941,0,1070,4) very common (100+),0.7115878,0.15207285,1.0,1.838732732648955
3004,0.48364857,1,1070,4) very common (100+),0.40888205,0.09400816,0.55,3.808937153542704
3005,0.4768026,1,261,4) very common (100+),0.32692203,0.13381521,0.7,3.7731546129282068
3006,0.054996237,1,0,1) very rare (1-5),0.028714394,0.013706827,0.45,8.033782212326559
3007,0.13685082,1,1,1) very rare (1-5),0.10750464,0.04311249,0.4,5.951531239038065
3008,0.2514429,1,0,1) very rare (1-5),0.07864267,0.042061415,0.85,7.139244984194361
3009,0.24606621,0,0,1) very rare (1-5),0.08705437,0.024142195,0.5,6.293922129190913
3010,0.5226821,1,124,4) very common (100+),0.38161436,0.123361826,0.6,3.554891357791951
3011,0.051368438,0,11,2) rare (6-20),0.033607416,0.011437736,0.25,7.738025499697545
3012,0.18619506,0,0,1) very rare (1-5),0.10590452,0.047168225,0.6,6.1035291504737925
3013,0.3588821,1,21,3) common (21-100),0.22184007,0.07260198,0.9,4.803359933386519
3014,0.11338583,1,0,1) very rare (1-5),0.068366244,0.03623952,0.4,6.884315550080855
3015,0.041763525,0,0,1) very rare (1-5),0.030998174,0.01215953,0.4,7.6540953538
3016,0.9769174,0,142,4) very common (100+),0.8966128,0.05751403,1.0,0.7706876485940369
3017,0.32615545,0,261,4) very common (100+),0.16489781,0.082128346,0.9,5.973828076476136
3018,0.35157016,1,3,1) very rare (1-5),0.16756639,0.0752422,0.7,5.862991783318959
3019,0.04324864,1,0,1) very rare (1-5),0.035044488,0.013589135,0.35,7.831020776012567
3020,0.11842749,0,88,3) common (21-100),0.055219103,0.041645877,1.0,7.831001502912191
3021,0.109100506,0,3,1) very rare (1-5),0.055578012,0.030480169,0.8,7.369093707628851
3022,0.9340292,0,421,4) very common (100+),0.7497265,0.08485105,1.0,2.0040233268179546
3023,0.084042914,0,17,2) rare (6-20),0.041566383,0.014228745,0.55,7.483295193937323
3024,0.79826033,1,19,2) rare (6-20),0.55528593,0.13499351,0.95,3.1512955082189746
3025,0.62667984,1,0,1) very rare (1-5),0.30782008,0.11622061,0.95,5.286946444943915
3026,0.114440456,1,39,3) common (21-100),0.058184467,0.017977327,0.3,7.18992045351819
3027,0.84623575,0,700,4) very common (100+),0.56277376,0.13116026,1.0,3.608320390121195
3028,0.9499118,0,421,4) very common (100+),0.7568038,0.10687475,1.0,2.2170007791014434
3029,0.59869504,1,5,1) very rare (1-5),0.47503704,0.11509944,0.8,2.4681839966789525
3030,0.36524916,0,3,1) very rare (1-5),0.20177492,0.07477221,0.6,5.525953483755198
3031,0.05984609,0,1,1) very rare (1-5),0.042187896,0.015441057,0.3,7.052451003862709
3032,0.3282709,0,8,2) rare (6-20),0.14750612,0.082075365,0.8,6.1782588767143345
3033,0.41901138,1,9,2) rare (6-20),0.3107024,0.080032155,0.7,4.0736960427643965
3034,0.25725275,1,268,4) very common (100+),0.106250346,0.050041948,0.45,6.668736576294117
3035,0.0787942,0,6,2) rare (6-20),0.041391768,0.026066348,0.85,7.8968505830839515
3036,0.5903834,0,3,1) very rare (1-5),0.4512097,0.12321741,0.95,2.437610815777068
3037,0.024559734,1,1,1) very rare (1-5),0.016767051,0.008911911,0.2,7.986272101388045
3038,0.6617082,1,343,4) very common (100+),0.46929765,0.13732016,0.75,3.039504794705694
3039,0.9980653,0,211,4) very common (100+),0.95524186,0.03410824,1.0,0.462337691991539
3040,0.13097791,1,5,1) very rare (1-5),0.043598555,0.022970049,1.0,7.756074845253182
3041,0.9571819,0,700,4) very common (100+),0.7360667,0.1476018,1.0,1.925210900901781
3042,0.39651746,1,66,3) common (21-100),0.2308983,0.08746282,0.65,4.342556802070478
3043,0.24484193,0,5,1) very rare (1-5),0.11950065,0.064450145,0.5,6.417087298324263
3044,0.5745926,0,145,4) very common (100+),0.28907642,0.13328472,0.9,5.035880398984878
3045,0.74492085,0,1000,4) very common (100+),0.63847023,0.13745219,0.95,2.023728048144455
3046,0.7345171,1,0,1) very rare (1-5),0.4223587,0.12185958,1.0,4.456656086063884
3047,0.5695122,0,3,1) very rare (1-5),0.20987563,0.08808466,0.95,6.312101554203917
3048,0.73330534,0,9,2) rare (6-20),0.39699754,0.111629374,0.95,4.083952102886704
3049,0.50237495,0,2,1) very rare (1-5),0.22487827,0.12827824,0.95,5.841221360008955
3050,0.16118002,1,0,1) very rare (1-5),0.10789343,0.041616093,0.4,6.511596357897672
3051,0.9699883,0,1290,4) very common (100+),0.86642665,0.05810543,1.0,1.0852011109469173
3052,0.011633235,1,62,3) common (21-100),0.010112932,0.0032676891,0.2,8.237222947891189
3053,0.47166827,0,14,2) rare (6-20),0.21023388,0.07329526,0.8,5.544007140670987
3054,0.58472294,1,11,2) rare (6-20),0.4214949,0.09081221,0.75,2.523639366942129
3055,0.22708397,0,2,1) very rare (1-5),0.17872337,0.04506777,0.4,3.4595202480349934
3056,0.39004645,1,89,3) common (21-100),0.22490866,0.0685585,0.75,5.080017197806216
3057,0.53418106,1,1,1) very rare (1-5),0.35591325,0.14086099,0.85,4.200502390631227
3058,0.5626611,1,31,3) common (21-100),0.46370512,0.14205275,0.65,3.102710465052952
3059,0.64804524,0,27,3) common (21-100),0.40003008,0.13234411,0.95,4.487111436991017
3060,0.32382998,1,10,2) rare (6-20),0.24396864,0.07227691,0.5,4.127239826901864
3061,0.41042987,1,24,3) common (21-100),0.26424628,0.08530213,0.6,4.708852450926547
3062,0.5061176,1,10,2) rare (6-20),0.30654392,0.11603147,0.75,4.247593064287929
3063,0.69077027,1,274,4) very common (100+),0.518793,0.14455333,1.0,2.4953949612956494
3064,0.85485107,0,15,2) rare (6-20),0.71323144,0.12452899,1.0,1.5265185801731331
3065,0.22599536,0,1,1) very rare (1-5),0.16420463,0.07197948,0.5,5.687716629953285
3066,0.04951156,1,4,1) very rare (1-5),0.036546506,0.011061499,0.3,7.451014414443961
3067,0.6082314,0,3,1) very rare (1-5),0.2454801,0.08832378,0.9,5.260970227520659
3068,0.08445849,1,1,1) very rare (1-5),0.044700872,0.021435827,0.45,7.537116844095497
3069,0.9232697,0,700,4) very common (100+),0.5962468,0.11303456,1.0,3.6912469161602512
3070,0.4976275,1,1290,4) very common (100+),0.16977757,0.077637486,1.0,6.685412242353012
3071,0.03824377,1,1290,4) very common (100+),0.01794221,0.0070589497,0.35,8.369106359115339
3072,0.118947856,1,0,1) very rare (1-5),0.04319427,0.02340404,0.5,7.95258706198233
3073,0.377522,1,107,4) very common (100+),0.19972685,0.0710914,0.8,5.385428974618653
3074,0.031064298,1,1,1) very rare (1-5),0.023123275,0.009215232,0.3,7.597807445500543
3075,0.20925325,1,160,4) very common (100+),0.11291832,0.025397765,0.6,6.354108142959836
3076,0.7885959,0,2,1) very rare (1-5),0.3957869,0.11273176,1.0,5.321984012213248
3077,0.96596354,1,3,1) very rare (1-5),0.788046,0.08776518,1.0,1.5277954251247552
3078,0.117699355,1,36,3) common (21-100),0.07185528,0.032297954,0.4,6.990836430538827
3079,0.4585393,1,0,1) very rare (1-5),0.22115283,0.08954034,1.0,5.878940626153314
3080,0.91769636,0,1000,4) very common (100+),0.6923762,0.08913958,1.0,2.454481173620139
3081,0.36691573,0,20,2) rare (6-20),0.18738583,0.0795884,0.85,5.538969022491772
3082,0.067976445,1,0,1) very rare (1-5),0.050241686,0.020128567,0.5,6.960294747588382
3083,0.5617491,0,1,1) very rare (1-5),0.27887067,0.09755579,1.0,5.386480207920107
3084,0.98496014,0,1000,4) very common (100+),0.85397255,0.08187892,1.0,1.3294005939125588
3085,0.43411076,1,3,1) very rare (1-5),0.14058915,0.07572202,0.95,7.046529766324686
3086,0.4948354,0,28,3) common (21-100),0.20874567,0.07793416,0.75,6.059157298874044
3087,0.19813831,1,261,4) very common (100+),0.08468797,0.041236773,0.95,7.278017497569426
3088,0.9206306,0,1,1) very rare (1-5),0.69927436,0.124769785,1.0,2.707697024503693
3089,0.631527,1,60,3) common (21-100),0.37844443,0.09378447,0.95,3.565012684151438
3090,0.98936915,0,372,4) very common (100+),0.93330467,0.037394676,1.0,0.6065061195073406
3091,0.08068311,1,66,3) common (21-100),0.040023264,0.01861827,0.5,7.7325247282898
3092,0.69678533,1,107,4) very common (100+),0.5946999,0.088079296,0.8,1.6878054923968264
3093,0.6028539,0,1290,4) very common (100+),0.19774806,0.087669685,0.95,6.4100966068425755
3094,0.59404373,1,32,3) common (21-100),0.4092144,0.13787778,0.9,3.102992957989815
3095,0.687699,0,10,2) rare (6-20),0.38431603,0.13127391,1.0,4.914691610224711
3096,0.85576516,0,1000,4) very common (100+),0.48248857,0.14510064,1.0,4.492084491682601
3097,0.23920831,1,102,4) very common (100+),0.13252556,0.047930643,0.65,6.1037431981605765
3098,0.4399886,0,14,2) rare (6-20),0.16735165,0.069988534,0.8,6.503555046996032
3099,0.083903596,1,0,1) very rare (1-5),0.07704268,0.026527353,0.4,6.2704453121482775
3100,0.4726194,1,58,3) common (21-100),0.29724154,0.08672791,0.8,4.062863759371405
3101,0.36884016,0,2,1) very rare (1-5),0.28745025,0.061666653,0.5,3.5133180142239766
3102,0.56093687,0,3,1) very rare (1-5),0.41408128,0.12768003,0.85,2.460601726868649
3103,0.13120377,1,71,3) common (21-100),0.06505367,0.025253717,0.65,7.298734468303581
3104,0.9229444,1,102,4) very common (100+),0.6566732,0.10178817,1.0,2.7324026380689257
3105,0.19377325,1,1,1) very rare (1-5),0.1628913,0.035727013,0.5,4.344892763817307
3106,0.64136076,1,7,2) rare (6-20),0.38213506,0.120309666,0.9,3.8679136824882883
3107,0.38125527,0,15,2) rare (6-20),0.16069317,0.07805094,1.0,6.417869495933615
3108,0.2513742,1,118,4) very common (100+),0.1825315,0.0809155,0.55,5.1803988828446865
3109,0.27203277,1,0,1) very rare (1-5),0.11097989,0.038616985,0.6,6.5813234782897
3110,0.14729698,1,118,4) very common (100+),0.074468605,0.031337783,0.7,6.783681062181896
3111,0.48598745,1,1070,4) very common (100+),0.27574736,0.07008192,0.75,4.664822370689048
3112,0.7115445,0,223,4) very common (100+),0.3045446,0.10210542,0.85,5.350718851516254
3113,0.47369662,1,372,4) very common (100+),0.17824654,0.08429658,0.9,6.189721816991077
3114,0.058438037,1,3,1) very rare (1-5),0.02457445,0.012584248,0.75,8.119403125435845
3115,0.8574486,0,63,3) common (21-100),0.51705873,0.1522629,1.0,3.532543482323826
3116,0.5992439,1,15,2) rare (6-20),0.4985052,0.10909621,0.7,2.339447187820467
3117,0.6840911,1,4,1) very rare (1-5),0.43507442,0.17143553,0.95,4.2244519145842965
3118,0.5828025,0,0,1) very rare (1-5),0.3002338,0.08581373,0.9,4.8272683704680635
3119,0.4333761,1,20,2) rare (6-20),0.17470187,0.08469185,0.75,5.971127594364772
3120,0.7866255,1,18,2) rare (6-20),0.4713626,0.13443446,0.8,3.911353856188859
3121,0.3621288,1,8,2) rare (6-20),0.16292706,0.076515235,1.0,6.62718445801584
3122,0.27523813,1,8,2) rare (6-20),0.14791559,0.060809504,0.55,6.163163050921116
3123,0.34571472,1,70,3) common (21-100),0.14450495,0.046486,0.8,6.14009957163954
3124,0.3817395,1,21,3) common (21-100),0.1701007,0.058247864,0.9,5.952413298179413
3125,0.29829597,0,4,1) very rare (1-5),0.08687979,0.03909981,1.0,7.244055733894012
3126,0.30117637,1,6,2) rare (6-20),0.114027694,0.051593676,0.65,6.811046137173527
3127,0.9928214,0,274,4) very common (100+),0.94617236,0.020662457,1.0,0.47892308670908135
3128,0.29237399,1,0,1) very rare (1-5),0.17816333,0.055540077,0.5,5.946697605124331
3129,0.4009161,1,5,1) very rare (1-5),0.16486345,0.056039467,0.9,6.0282107667683045
3130,0.07619929,1,0,1) very rare (1-5),0.025741333,0.0129721165,0.8,7.901434170807325
3131,0.41882935,1,3,1) very rare (1-5),0.40275663,0.093628,0.5,3.095079210693003
3132,0.38406864,0,24,3) common (21-100),0.18850765,0.096625425,0.85,5.6833643521105675
3133,0.019589936,1,1,1) very rare (1-5),0.013757788,0.0039973715,0.25,8.044228925925484
3134,0.359321,1,0,1) very rare (1-5),0.22889459,0.07406741,0.8,4.607144633952901
3135,0.31586123,1,1000,4) very common (100+),0.18719439,0.080393374,0.6,6.107881308892932
3136,0.033142142,1,0,1) very rare (1-5),0.02154104,0.009840969,0.2,7.735240010018259
3137,0.9863194,0,1000,4) very common (100+),0.8889661,0.06577558,1.0,1.0194509129451335
3138,0.5726701,0,3,1) very rare (1-5),0.4183796,0.12217512,0.9,2.5278898943645194
3139,0.3462487,1,223,4) very common (100+),0.23119572,0.06683208,0.55,5.096977380169568
3140,0.041623976,1,0,1) very rare (1-5),0.028833792,0.010853196,0.35,7.020289476723631
3141,0.1549707,1,0,1) very rare (1-5),0.07759471,0.038499113,0.45,7.1554670382500705
3142,0.5801273,0,12,2) rare (6-20),0.25387046,0.079023555,0.95,5.509195760608611
3143,0.88598317,0,1000,4) very common (100+),0.5206471,0.194268,1.0,4.033445745355395
3144,0.20440102,0,14,2) rare (6-20),0.06802382,0.032950096,0.85,7.333426231751286
3145,0.026420921,1,3,1) very rare (1-5),0.019920308,0.0056145685,0.35,7.6879803841394505
3146,0.9782202,0,89,3) common (21-100),0.8258036,0.094422735,1.0,1.6270986465296027
3147,0.65109944,0,47,3) common (21-100),0.3154601,0.111222014,1.0,4.697156964120867
3148,0.7820982,1,2,1) very rare (1-5),0.50451434,0.14172967,1.0,3.684370953077428
3149,0.801625,0,1000,4) very common (100+),0.6502079,0.11125275,0.85,1.5364820228249343
3150,0.69020414,0,14,2) rare (6-20),0.42428073,0.110282205,0.85,2.9433677728455216
3151,0.37285474,0,102,4) very common (100+),0.2487612,0.10305889,0.5,5.615892933024409
3152,0.37414542,1,0,1) very rare (1-5),0.11889843,0.052142728,1.0,7.4433490896484225
3153,0.13315204,1,0,1) very rare (1-5),0.078783505,0.032515552,0.45,6.899285063806998
3154,0.91756094,0,700,4) very common (100+),0.64229584,0.14492673,1.0,2.899860946846779
3155,0.54940003,0,89,3) common (21-100),0.31470832,0.08942739,0.75,4.945472488353017
3156,0.11507782,1,1,1) very rare (1-5),0.11838801,0.029662848,0.35,5.03809188893063
3157,0.44047734,0,1070,4) very common (100+),0.280336,0.10120523,0.85,3.7833794578256614
3158,0.1832666,1,14,2) rare (6-20),0.12494737,0.044469647,0.35,5.855867148383755
3159,0.15479267,1,76,3) common (21-100),0.08586565,0.044506293,0.55,6.353083771003665
3160,0.75696385,0,1,1) very rare (1-5),0.3305741,0.12606768,1.0,6.240522402058391
3161,0.1506402,1,0,1) very rare (1-5),0.06714769,0.027755635,0.9,7.153336685194864
3162,0.94532907,0,99,3) common (21-100),0.76882756,0.11298497,1.0,1.874995279036963
3163,0.23734364,1,7,2) rare (6-20),0.12880382,0.041628625,0.5,6.167335035559798
3164,0.0361008,1,1,1) very rare (1-5),0.026574155,0.01359237,0.3,7.9065057340513505
3165,0.791169,1,3,1) very rare (1-5),0.5410539,0.13006423,1.0,3.1264802637665783
3166,0.026709165,1,1,1) very rare (1-5),0.01539474,0.0069700642,0.2,8.0529193459412
3167,0.306469,1,3,1) very rare (1-5),0.1567122,0.056886952,0.9,5.9897746483290835
3168,0.9789296,0,1000,4) very common (100+),0.87078923,0.062568344,1.0,1.0217242329305185
3169,0.41648638,0,41,3) common (21-100),0.21183006,0.07675349,0.85,5.373890619490069
3170,0.31134066,1,20,2) rare (6-20),0.16157602,0.068142265,0.7,5.990251273470269
3171,0.4473225,0,31,3) common (21-100),0.27951002,0.12529233,0.8,5.111923903162593
3172,0.033521928,1,0,1) very rare (1-5),0.026616031,0.013849675,0.55,7.768043924895708
3173,0.36503634,1,23,3) common (21-100),0.13005088,0.045501463,0.9,6.405229076406936
3174,0.83027476,0,1000,4) very common (100+),0.5779642,0.11825543,0.95,2.862718072865164
3175,0.36479315,1,0,1) very rare (1-5),0.23032343,0.0634571,0.65,4.500775177159671
3176,0.8871569,0,27,3) common (21-100),0.5034713,0.121855475,1.0,4.375002182447223
3177,0.97868353,0,91,3) common (21-100),0.83059233,0.117708415,1.0,1.5358714099132253
3178,0.07400952,1,58,3) common (21-100),0.044411562,0.021919036,0.5,7.498209052546157
3179,0.20292158,1,33,3) common (21-100),0.12395191,0.060044277,0.5,6.510300165690635
3180,0.22297783,0,102,4) very common (100+),0.1250827,0.055943567,0.55,6.486630263249809
3181,0.2509183,0,36,3) common (21-100),0.15231887,0.057993673,0.6,5.300810044130749
3182,0.95347685,0,39,3) common (21-100),0.68446255,0.11222791,1.0,2.966456083456353
3183,0.8413963,0,2,1) very rare (1-5),0.43953067,0.12065408,1.0,4.855796801406056
3184,0.6744278,1,76,3) common (21-100),0.6264071,0.122561604,0.75,1.228384855331015
3185,0.1335617,1,0,1) very rare (1-5),0.08539183,0.037927408,0.45,6.787354798611879
3186,0.25469458,1,7,2) rare (6-20),0.25399274,0.06852954,0.45,3.945986879597613
3187,0.28417605,1,0,1) very rare (1-5),0.128994,0.07989178,0.7,6.6245884556876184
3188,0.030830532,1,2,1) very rare (1-5),0.01696845,0.004388327,0.3,7.9250956324354975
3189,0.245288,1,14,2) rare (6-20),0.071084194,0.04213543,0.85,7.593731641208539
3190,0.69800556,0,71,3) common (21-100),0.49896637,0.10950462,0.9,2.148800578925207
3191,0.54651093,0,372,4) very common (100+),0.30462506,0.09247624,0.7,3.9172781797849425
3192,0.42343178,1,1,1) very rare (1-5),0.2564616,0.06667956,0.55,3.9648073223665543
3193,0.77802765,0,27,3) common (21-100),0.36962652,0.13062033,1.0,4.814485298919713
3194,0.3970328,1,16,2) rare (6-20),0.3364889,0.10423401,0.75,3.2909632283798063
3195,0.9348507,1,0,1) very rare (1-5),0.7336214,0.10831551,1.0,2.164765632951407
3196,0.40747923,0,12,2) rare (6-20),0.36200914,0.09219643,0.6,3.2432918050219013
3197,0.8857114,1,1,1) very rare (1-5),0.4469498,0.12884305,1.0,4.848935594652404
3198,0.98323417,0,1000,4) very common (100+),0.88488024,0.06757465,1.0,0.8962536988799388
3199,0.16984254,1,27,3) common (21-100),0.07988944,0.031261347,0.5,6.85351420774847
3200,0.79994273,0,37,3) common (21-100),0.61353785,0.111914,0.85,1.6447535575649685
3201,0.5269772,1,44,3) common (21-100),0.47524634,0.12140293,0.65,2.5606344140087156
3202,0.6705224,0,66,3) common (21-100),0.5780281,0.1102791,1.0,1.750470269021871
3203,0.03194814,1,0,1) very rare (1-5),0.023373233,0.008217618,0.25,7.61452891863728
3204,0.1900868,1,3,1) very rare (1-5),0.09254252,0.038603384,0.85,6.640502355532401
3205,0.10594892,1,0,1) very rare (1-5),0.06459461,0.034784544,0.5,7.043642990148014
3206,0.08798762,1,0,1) very rare (1-5),0.052615248,0.033247825,0.5,7.5167532974645
3207,0.11016017,1,19,2) rare (6-20),0.060101174,0.030523485,0.65,7.042296742216687
3208,0.69583124,0,1070,4) very common (100+),0.4464044,0.12486583,0.9,3.460910136690383
3209,0.5750361,0,15,2) rare (6-20),0.40034094,0.11365017,0.8,2.911241883968891
3210,0.8809937,0,1290,4) very common (100+),0.69337523,0.14817372,1.0,1.896785617690219
3211,0.02998751,1,1,1) very rare (1-5),0.020598345,0.008128868,0.5,7.993341711285958
3212,0.6152909,0,24,3) common (21-100),0.43668383,0.09953326,0.85,3.2499344549936335
3213,0.11794838,0,18,2) rare (6-20),0.048124436,0.027757494,0.85,7.785140301655475
3214,0.28682208,1,118,4) very common (100+),0.17367736,0.050220024,0.45,5.454259252271437
3215,0.6479732,0,23,3) common (21-100),0.32957992,0.0862996,1.0,5.075947814892557
3216,0.92692435,1,0,1) very rare (1-5),0.6705712,0.14384565,1.0,2.9137105155118355
3217,0.19212413,1,3,1) very rare (1-5),0.10913823,0.04859945,0.8,6.524890220387775
3218,0.27088508,0,1,1) very rare (1-5),0.2812732,0.112176284,0.35,3.524047584735319
3219,0.39294115,1,1,1) very rare (1-5),0.2762739,0.07649958,0.6,3.9787283506011355
3220,0.67546844,0,421,4) very common (100+),0.3552949,0.10812882,1.0,5.0812639898251115
3221,0.060190428,1,0,1) very rare (1-5),0.025007134,0.012341781,0.45,7.990741930545883
3222,0.29479364,1,275,4) very common (100+),0.2148408,0.08104335,0.55,4.806703933311497
3223,0.59801364,0,3,1) very rare (1-5),0.38298553,0.12402193,0.9,3.5100206755943493
3224,0.031789687,1,0,1) very rare (1-5),0.02759465,0.009494756,0.2,7.333289700321204
3225,0.91870034,1,81,3) common (21-100),0.7356505,0.088786945,1.0,1.701609419945902
3226,0.2619508,1,5,1) very rare (1-5),0.1673394,0.044410706,0.75,5.1632391186853335
3227,0.17102735,1,79,3) common (21-100),0.10018395,0.03697811,0.55,6.154019844008725
3228,0.61020535,0,41,3) common (21-100),0.2994946,0.0974024,1.0,5.151031183453989
3229,0.06715544,0,2,1) very rare (1-5),0.042960428,0.021067796,0.4,7.159488401173803
3230,0.31786957,0,18,2) rare (6-20),0.17161795,0.06907833,0.6,5.371554642946805
3231,0.93152094,1,5,1) very rare (1-5),0.619802,0.13315186,1.0,3.233208223259008
3232,0.18511893,0,23,3) common (21-100),0.098346174,0.045345344,0.7,6.657179368597419
3233,0.8554969,0,1290,4) very common (100+),0.62848836,0.15808982,1.0,2.1934598701244865
3234,0.65294474,1,268,4) very common (100+),0.40836325,0.118710645,0.8,3.5856886811715705
3235,0.08235989,1,0,1) very rare (1-5),0.067210294,0.023405215,0.35,6.008283093163782
3236,0.9207659,0,37,3) common (21-100),0.63870704,0.11077182,1.0,2.8868098104461417
3237,0.7776077,0,1290,4) very common (100+),0.62588775,0.07998223,1.0,2.0473498627029905
3238,0.9046505,0,142,4) very common (100+),0.77517605,0.11565168,0.95,1.1233236153279902
3239,0.22991337,0,76,3) common (21-100),0.19154458,0.068475984,0.55,4.70721704775152
3240,0.540815,1,60,3) common (21-100),0.5101083,0.11119734,0.65,2.4081220710938553
3241,0.46477717,1,0,1) very rare (1-5),0.20688136,0.09785744,0.95,6.275184957161773
3242,0.408509,1,66,3) common (21-100),0.34228733,0.13517424,0.75,2.8074726295291774
3243,0.51592314,0,3,1) very rare (1-5),0.27885467,0.08932588,0.95,5.047636221868601
3244,0.98931396,0,1000,4) very common (100+),0.93289596,0.039394293,1.0,0.5265456128600845
3245,0.6327084,1,19,2) rare (6-20),0.5127163,0.122606196,1.0,2.3190187669583664
3246,0.9185586,1,66,3) common (21-100),0.6505558,0.12669219,1.0,2.919887090411674
3247,0.2333321,1,4,1) very rare (1-5),0.124192916,0.04511792,0.45,6.305538113989687
3248,0.3673083,1,66,3) common (21-100),0.2799206,0.08721901,0.45,3.8356103131956747
3249,0.16016193,1,0,1) very rare (1-5),0.095062576,0.020589082,0.55,6.2956138888721735
3250,0.9006235,0,20,2) rare (6-20),0.6638987,0.11208509,1.0,2.5344618563751196
3251,0.2273985,0,2,1) very rare (1-5),0.18281554,0.046089884,0.55,4.792798834311568
3252,0.54295707,1,1070,4) very common (100+),0.36393744,0.09116778,0.9,3.6314750004130336
3253,0.96080273,0,1290,4) very common (100+),0.877648,0.07268225,1.0,0.7128414919986907
3254,0.3864189,0,85,3) common (21-100),0.26903108,0.070158154,0.6,3.7351306385593452
3255,0.26438594,1,0,1) very rare (1-5),0.11371286,0.050719317,0.95,6.726079354150477
3256,0.85585546,0,94,3) common (21-100),0.66829735,0.0965118,1.0,1.9636508731870421
3257,0.47078165,1,13,2) rare (6-20),0.443969,0.0925081,0.55,1.9061044479895393
3258,0.9948009,0,1000,4) very common (100+),0.94243324,0.026980804,1.0,0.582060549773158
3259,0.98417366,0,1290,4) very common (100+),0.9207899,0.050598502,1.0,0.5263193334690855
3260,0.31189826,1,2,1) very rare (1-5),0.110921584,0.05064588,0.9,7.108338998111934
3261,0.14429747,0,108,4) very common (100+),0.07226234,0.026397388,0.5,6.770955069205321
3262,0.17136969,1,22,3) common (21-100),0.11115619,0.05561761,0.65,5.862417748550016
3263,0.9082548,0,166,4) very common (100+),0.6944032,0.12862337,1.0,2.1423829530614897
3264,0.14768048,1,0,1) very rare (1-5),0.060850613,0.01733901,0.55,7.449316457122973
3265,0.5314939,1,27,3) common (21-100),0.35787737,0.13036087,0.75,3.8074491630388305
3266,0.9019584,0,700,4) very common (100+),0.5692628,0.14159566,0.95,3.5613793482254783
3267,0.2677134,0,2,1) very rare (1-5),0.24031837,0.06665474,0.6,3.6314483547012784
3268,0.6511817,1,1,1) very rare (1-5),0.23981376,0.084495075,1.0,6.142629132317129
3269,0.27880463,1,0,1) very rare (1-5),0.16053037,0.06921792,0.9,5.505671346064579
3270,0.4664727,1,0,1) very rare (1-5),0.1817217,0.07437263,0.95,6.065689485193767
3271,0.40251824,1,5,1) very rare (1-5),0.18266347,0.09017658,0.95,6.350709604820287
3272,0.5939745,1,8,2) rare (6-20),0.23118517,0.12806909,1.0,6.377387977483112
3273,0.94285315,1,1070,4) very common (100+),0.78154695,0.11478883,1.0,1.5919844862139167
3274,0.62421066,1,166,4) very common (100+),0.4762579,0.08205077,0.75,2.9336387498515935
3275,0.7498399,0,1070,4) very common (100+),0.49944696,0.14992428,1.0,3.272084244214135
3276,0.85827816,1,89,3) common (21-100),0.51860654,0.15044546,1.0,4.146065234326112
3277,0.4241867,1,0,1) very rare (1-5),0.18721557,0.0829022,0.95,6.221316377381219
3278,0.07879833,1,105,4) very common (100+),0.041474335,0.010332746,0.35,7.230183667175143
3279,0.018044395,1,0,1) very rare (1-5),0.011649626,0.0038277558,0.35,8.281203034980763
3280,0.5606536,1,37,3) common (21-100),0.48660284,0.11992887,0.65,3.237408280410582
3281,0.63537645,1,1070,4) very common (100+),0.39187253,0.091304384,0.9,4.092487270940497
3282,0.2894231,1,47,3) common (21-100),0.12687072,0.059122995,0.65,6.248552379539351
3283,0.1470627,1,36,3) common (21-100),0.04742218,0.021948885,0.5,7.681593989218626
3284,0.8730328,0,1290,4) very common (100+),0.6405608,0.1416273,1.0,2.4759692375026683
3285,0.028132405,1,0,1) very rare (1-5),0.028346097,0.007913533,0.2,7.269943123111712
3286,0.04855115,1,0,1) very rare (1-5),0.031331066,0.025826557,0.6,7.8706997509697665
3287,0.055443544,1,0,1) very rare (1-5),0.023072764,0.011934604,0.65,8.052699697010729
3288,0.9839701,1,99,3) common (21-100),0.87491053,0.07084317,1.0,0.9110040794392587
3289,0.7067915,0,18,2) rare (6-20),0.3417845,0.17335239,0.85,5.22981428173363
3290,0.043327283,1,0,1) very rare (1-5),0.03502837,0.013362196,0.2,7.407603992619398
3291,0.2206034,1,12,2) rare (6-20),0.08728873,0.03548072,0.85,6.672010817778277
3292,0.2687844,1,1,1) very rare (1-5),0.13452266,0.047809195,0.55,6.175926059922404
3293,0.40707347,1,0,1) very rare (1-5),0.18291692,0.11360566,0.95,6.491585889769951
3294,0.42568573,1,159,4) very common (100+),0.32011682,0.08341312,0.6,4.645832820496114
3295,0.4278315,0,65,3) common (21-100),0.36263248,0.11871241,0.5,3.811415428706472
3296,0.40756258,1,1070,4) very common (100+),0.15681791,0.085907534,0.95,6.557013702847533
3297,0.030925808,1,0,1) very rare (1-5),0.024459876,0.012422694,0.3,8.051353126736757
3298,0.04916271,1,0,1) very rare (1-5),0.019842701,0.009664441,0.65,8.09339696745937
3299,0.36530545,1,15,2) rare (6-20),0.2523259,0.107615605,0.6,4.952700626485181
3300,0.68082744,1,5,1) very rare (1-5),0.47827595,0.17225754,0.95,2.826794778977508
3301,0.4721329,1,2,1) very rare (1-5),0.4293201,0.09759292,0.7,3.514033433193355
3302,0.16198324,0,28,3) common (21-100),0.07181375,0.031057475,0.6,7.255305526920788
3303,0.9340951,1,275,4) very common (100+),0.7526619,0.09101571,1.0,1.9520211637166598
3304,0.7964247,0,1000,4) very common (100+),0.700188,0.11458748,0.9,1.0555490066746753
3305,0.70949703,1,0,1) very rare (1-5),0.46411148,0.10989281,1.0,3.3558830443675767
3306,0.9640609,0,71,3) common (21-100),0.8041933,0.09180465,1.0,1.6249315810849785
3307,0.64254516,1,1070,4) very common (100+),0.4664824,0.11511322,0.7,3.047513753486748
3308,0.6681595,0,39,3) common (21-100),0.25636953,0.10671322,0.9,6.212956769460874
3309,0.3960012,0,0,1) very rare (1-5),0.20892087,0.06231136,0.9,5.417275057408027
3310,0.8423987,0,421,4) very common (100+),0.7030388,0.110175006,1.0,1.9604481470022095
3311,0.118209265,1,14,2) rare (6-20),0.06478188,0.026641987,0.55,7.468844350555982
3312,0.6601372,0,3,1) very rare (1-5),0.4619824,0.11048989,0.85,2.951148967674598
3313,0.56414825,0,63,3) common (21-100),0.31529242,0.08224686,1.0,4.618807261385876
3314,0.86314887,0,102,4) very common (100+),0.50153196,0.1519804,1.0,4.2210231228682
3315,0.83534306,0,700,4) very common (100+),0.5757898,0.13580218,1.0,2.742553447504316
3316,0.980525,0,1000,4) very common (100+),0.86033076,0.074988775,1.0,1.199904765464304
3317,0.34564784,1,1,1) very rare (1-5),0.16029294,0.055495482,0.8,5.4666086031372405
3318,0.136487,0,68,3) common (21-100),0.066472165,0.023264917,0.65,6.8023778571100815
3319,0.08267564,1,65,3) common (21-100),0.053458564,0.018316686,0.5,7.435240392554315
3320,0.19311813,1,0,1) very rare (1-5),0.0893035,0.03674097,0.55,6.778652320451573
3321,0.8866869,0,1000,4) very common (100+),0.7043988,0.117248595,1.0,1.8394582454571247
3322,0.47520432,1,19,2) rare (6-20),0.3568635,0.12132387,0.6,3.2536807834085315
3323,0.822258,0,343,4) very common (100+),0.6644976,0.1057835,1.0,1.969787714652702
3324,0.43866834,1,10,2) rare (6-20),0.2845873,0.103476554,0.7,4.38275533678185
3325,0.9373398,0,15,2) rare (6-20),0.7887221,0.11383777,1.0,1.573415494757603
3326,0.15572816,1,16,2) rare (6-20),0.09458254,0.03572466,0.35,6.386842386875818
3327,0.59493655,1,1290,4) very common (100+),0.40111342,0.10741488,0.75,3.528285701625802
3328,0.98414004,0,182,4) very common (100+),0.8552189,0.061720338,1.0,1.3990320040132496
3329,0.38082364,1,5,1) very rare (1-5),0.16948578,0.06378682,0.8,5.6802323340262575
3330,0.58296925,1,1290,4) very common (100+),0.2953563,0.1327848,0.95,5.650872460902422
3331,0.9658679,0,1000,4) very common (100+),0.81892574,0.08347417,1.0,1.4359970397397737
3332,0.6120445,1,63,3) common (21-100),0.36719882,0.12867361,0.95,4.660238295668999
3333,0.9843593,0,211,4) very common (100+),0.88095427,0.048964225,1.0,1.0696391467522588
3334,0.16743824,0,24,3) common (21-100),0.09482219,0.03394331,0.5,6.512360723392013
3335,0.9200067,0,343,4) very common (100+),0.7068348,0.105372645,1.0,2.2987579324981238
3336,0.24020192,1,1,1) very rare (1-5),0.15801278,0.052716006,0.4,5.3607366413924815
3337,0.36608347,0,2,1) very rare (1-5),0.20724311,0.06671779,0.6,5.403994891445315
3338,0.44036222,0,46,3) common (21-100),0.24608207,0.08213197,0.65,4.766264873869104
3339,0.17967124,1,3,1) very rare (1-5),0.09426139,0.04514362,0.85,6.11447181858857
3340,0.84289855,0,25,3) common (21-100),0.6693957,0.1653808,0.95,1.8439566965883194
3341,0.5050395,0,86,3) common (21-100),0.41699433,0.11565377,0.75,2.531033287831927
3342,0.72365004,0,24,3) common (21-100),0.37439167,0.12695068,1.0,5.29574261936411
3343,0.54765016,0,1,1) very rare (1-5),0.28039518,0.0933527,0.9,5.031350381572576
3344,0.23169333,1,343,4) very common (100+),0.09200827,0.03585774,0.75,6.771169870479479
3345,0.7252061,1,3,1) very rare (1-5),0.39003748,0.12475746,1.0,4.753011553633217
3346,0.11576541,1,0,1) very rare (1-5),0.070012055,0.019766552,0.4,7.16747233368326
3347,0.16373707,1,2,1) very rare (1-5),0.09507029,0.063284114,0.75,6.490337923416217
3348,0.017048972,1,2,1) very rare (1-5),0.010586415,0.005141498,0.25,8.450952469813263
3349,0.19034004,1,19,2) rare (6-20),0.05726107,0.027528003,0.75,7.758787585686356
3350,0.61972207,1,11,2) rare (6-20),0.25199157,0.09473371,0.85,5.406707331402197
3351,0.05632944,1,0,1) very rare (1-5),0.025960395,0.013892802,0.4,7.695552425694615
3352,0.42967573,0,10,2) rare (6-20),0.31530374,0.082810454,0.6,4.51715245706264
3353,0.5618462,1,4,1) very rare (1-5),0.36973983,0.118994474,0.85,3.564464632542195
3354,0.34910434,0,29,3) common (21-100),0.16986172,0.07231572,0.6,6.009946610356545
3355,0.24159151,0,14,2) rare (6-20),0.068067946,0.033286095,0.85,7.398264664287205
3356,0.51868564,0,105,4) very common (100+),0.21252076,0.073427245,1.0,6.413849352921271
3357,0.75104374,0,82,3) common (21-100),0.401834,0.11590666,0.95,4.099136241712162
3358,0.28510657,1,1,1) very rare (1-5),0.096999414,0.04739601,0.8,6.971676847902792
3359,0.50950766,0,1070,4) very common (100+),0.4195388,0.110222876,0.6,3.041400453996183
3360,0.5822058,1,24,3) common (21-100),0.2367845,0.121370524,1.0,6.324028417443507
3361,0.9389987,0,11,2) rare (6-20),0.74060625,0.0824871,1.0,2.0455102842262316
3362,0.48920977,0,1290,4) very common (100+),0.35170528,0.10139093,0.7,3.147008796643533
3363,0.7010284,0,4,1) very rare (1-5),0.27587122,0.14161247,1.0,6.074939109846096
3364,0.4582885,1,178,4) very common (100+),0.23294568,0.113217615,1.0,5.854977908562793
3365,0.9056205,0,1290,4) very common (100+),0.73310214,0.08359134,1.0,1.6269794219850167
3366,0.08458958,1,6,2) rare (6-20),0.08069952,0.028099857,0.5,6.136547837233079
3367,0.15847549,0,0,1) very rare (1-5),0.06891816,0.033818822,0.8,7.264247608272845
3368,0.29042634,1,19,2) rare (6-20),0.15644114,0.07421324,0.5,5.759667160539024
3369,0.7004743,1,0,1) very rare (1-5),0.33701017,0.08719622,0.95,5.039495586111985
3370,0.9777753,0,71,3) common (21-100),0.8014922,0.106476165,1.0,1.8492754658213737
3371,0.84778893,0,145,4) very common (100+),0.5847404,0.14219986,1.0,3.0154629528961103
3372,0.75788677,0,275,4) very common (100+),0.4641714,0.11197483,0.95,3.438741536824482
3373,0.47953838,1,0,1) very rare (1-5),0.22935693,0.08977943,0.8,5.715844489985688
3374,0.49725133,0,105,4) very common (100+),0.28329924,0.09489111,0.9,5.083832919840226
3375,0.033054903,1,0,1) very rare (1-5),0.018938903,0.009121469,0.45,8.166944775613022
3376,0.015387894,1,0,1) very rare (1-5),0.0120895,0.0048756795,0.3,8.392935237317555
3377,0.48475328,0,27,3) common (21-100),0.1969414,0.08806485,1.0,6.6915622893693545
3378,0.80774313,0,421,4) very common (100+),0.505766,0.15980805,1.0,3.5895457005351545
3379,0.3978578,0,44,3) common (21-100),0.21286511,0.09685782,0.7,6.266722228026965
3380,0.46933198,1,5,1) very rare (1-5),0.39246267,0.11160632,0.7,3.1979964305228394
3381,0.54011256,1,65,3) common (21-100),0.36253732,0.12212253,0.85,3.6056972622560557
3382,0.3934232,1,1,1) very rare (1-5),0.23290543,0.074943915,0.7,5.299136728595084
3383,0.19371894,1,22,3) common (21-100),0.14715147,0.051597487,0.6,5.453362309761746
3384,0.3537667,0,2,1) very rare (1-5),0.24057083,0.08144124,0.7,5.134345894116483
3385,0.24086626,1,2,1) very rare (1-5),0.1271606,0.041688997,0.65,6.247210771557441
3386,0.9846994,1,1070,4) very common (100+),0.9412023,0.030158972,1.0,0.44931933592740053
3387,0.0763165,1,1,1) very rare (1-5),0.06181273,0.034417666,0.4,6.635110142266239
3388,0.074938305,1,0,1) very rare (1-5),0.034727305,0.022003736,0.55,7.571493648460036
3389,0.8839244,0,24,3) common (21-100),0.57186306,0.17437027,1.0,2.7932562563559435
3390,0.22079106,1,7,2) rare (6-20),0.091392204,0.046876058,0.7,6.597869679427024
3391,0.94150394,0,421,4) very common (100+),0.7232138,0.10062472,1.0,2.523722206852611
3392,0.06452346,1,0,1) very rare (1-5),0.03731482,0.014925143,0.6,6.933060086809563
3393,0.8413364,1,0,1) very rare (1-5),0.5640536,0.14118043,1.0,2.8105751046104017
3394,0.083068095,1,0,1) very rare (1-5),0.040937483,0.01543869,0.65,7.269075363700209
3395,0.5073348,1,0,1) very rare (1-5),0.3010023,0.06549472,0.6,4.302100926134542
3396,0.63526016,0,71,3) common (21-100),0.27551278,0.12971628,1.0,5.753586804807005
3397,0.0714704,1,0,1) very rare (1-5),0.046455204,0.014764837,0.25,6.9172652564475685
3398,0.5822205,1,1,1) very rare (1-5),0.3386488,0.11877978,0.95,4.354895409490462
3399,0.803183,1,96,3) common (21-100),0.71680605,0.107573815,1.0,1.2325327551370562
3400,0.37886506,1,66,3) common (21-100),0.24030685,0.052231222,0.55,5.081804696820472
3401,0.6797869,0,700,4) very common (100+),0.6753512,0.10863523,0.8,1.3093585808620738
3402,0.8295477,0,88,3) common (21-100),0.42186236,0.120557256,1.0,5.198597302467986
3403,0.17384046,1,1,1) very rare (1-5),0.09033851,0.040505674,0.55,6.205550651664695
3404,0.6727371,1,46,3) common (21-100),0.42089477,0.122403935,1.0,4.029312850068511
3405,0.6601917,0,14,2) rare (6-20),0.32625183,0.09929059,1.0,5.642362217991069
3406,0.82417816,0,19,2) rare (6-20),0.65302145,0.13303924,1.0,1.6181848250159436
3407,0.26869425,1,4,1) very rare (1-5),0.1627912,0.0680331,0.55,5.199337630168783
3408,0.4616976,0,85,3) common (21-100),0.21332547,0.077968426,0.85,6.0153163898995015
3409,0.2354725,0,5,1) very rare (1-5),0.078118205,0.048023183,1.0,7.803045559946738
3410,0.13696857,0,85,3) common (21-100),0.059098918,0.0208991,0.35,7.477974285108573
3411,0.17722656,1,45,3) common (21-100),0.056043047,0.034432013,0.75,7.507658134525261
3412,0.7825572,0,14,2) rare (6-20),0.507424,0.14656347,1.0,2.666656043083079
3413,0.36085588,1,261,4) very common (100+),0.18245278,0.08923407,0.95,6.226678963576964
3414,0.98165166,0,10,2) rare (6-20),0.83001584,0.07381576,1.0,1.6440480280268286
3415,0.620378,0,1290,4) very common (100+),0.49735174,0.13581522,0.65,2.8921961372824736
3416,0.9810605,0,1000,4) very common (100+),0.89785796,0.07048548,1.0,0.8263902079809271
3417,0.94207406,0,2,1) very rare (1-5),0.7100313,0.12310407,1.0,2.6386998942348265
3418,0.40731478,0,1,1) very rare (1-5),0.19281885,0.07781382,1.0,5.6799746399299
3419,0.55457133,0,275,4) very common (100+),0.5911892,0.1053301,0.55,1.2369660194869758
3420,0.44424945,1,10,2) rare (6-20),0.45204788,0.09291377,0.75,2.46355742563956
3421,0.9476339,0,26,3) common (21-100),0.7971123,0.09510922,1.0,1.5265199448590276
3422,0.36786425,1,0,1) very rare (1-5),0.25493827,0.07171207,0.5,4.000525907749153
3423,0.9142666,0,31,3) common (21-100),0.7065503,0.09464685,1.0,2.075557100672414
3424,0.05891259,1,0,1) very rare (1-5),0.034442384,0.011704139,0.5,7.276737335272571
3425,0.9500727,0,1000,4) very common (100+),0.70685273,0.11771448,1.0,2.8323672667177044
3426,0.6849004,1,11,2) rare (6-20),0.62289083,0.106774285,0.9,1.8476719250241815
3427,0.37701803,0,9,2) rare (6-20),0.16189925,0.06685279,0.85,5.785436635231829
3428,0.2587481,0,92,3) common (21-100),0.08188325,0.04675969,0.9,7.737756032923189
3429,0.31185,1,49,3) common (21-100),0.08410293,0.057572585,0.95,7.541076642491687
3430,0.8691147,1,268,4) very common (100+),0.64877796,0.12738374,1.0,2.71509845133324
3431,0.5948612,1,105,4) very common (100+),0.29324088,0.09778012,0.9,5.267648872237313
3432,0.3553924,1,23,3) common (21-100),0.19279909,0.085950114,0.85,5.129543322605463
3433,0.052038603,1,2,1) very rare (1-5),0.021469802,0.009313495,0.6,7.6035889423551275
3434,0.33597136,0,43,3) common (21-100),0.115160026,0.05179669,1.0,7.291000401929364
3435,0.059329987,0,159,4) very common (100+),0.026910812,0.011564244,0.4,8.077775649112501
3436,0.25473833,1,2,1) very rare (1-5),0.16596888,0.059756685,0.5,5.7926078031397275
3437,0.2791157,1,0,1) very rare (1-5),0.123140134,0.041996848,0.75,5.925738325754577
3438,0.3237471,0,1,1) very rare (1-5),0.21617532,0.07284217,0.55,5.329856339351182
3439,0.62996566,0,24,3) common (21-100),0.44595328,0.13517754,0.85,2.99443439594941
3440,0.85049677,0,145,4) very common (100+),0.5823855,0.15163152,1.0,3.439792010270751
3441,0.45369017,1,6,2) rare (6-20),0.35792086,0.11057361,0.6,3.1689738508218612
3442,0.914785,0,25,3) common (21-100),0.7665492,0.111982636,1.0,1.4867206155819872
3443,0.23740704,0,182,4) very common (100+),0.08338837,0.046659578,0.8,7.6556521916297005
3444,0.7506521,0,421,4) very common (100+),0.35062587,0.08303896,1.0,4.9554157641316365
3445,0.6723469,0,85,3) common (21-100),0.4936359,0.10374439,0.95,2.3984898546169493
3446,0.38377306,0,1290,4) very common (100+),0.43101677,0.09503916,0.4,2.11120934699314
3447,0.021426737,1,53,3) common (21-100),0.019700881,0.009744717,0.3,7.960986162059683
3448,0.019256089,0,0,1) very rare (1-5),0.011949056,0.0044578416,0.25,8.190712664767878
3449,0.48179197,1,30,3) common (21-100),0.48172832,0.08810558,0.55,2.1915830171436945
3450,0.5741275,0,2,1) very rare (1-5),0.22657022,0.108388186,1.0,5.5198037051031665
3451,0.39957842,1,2,1) very rare (1-5),0.32909346,0.10850677,0.8,2.863430132429759
3452,0.70977414,0,1290,4) very common (100+),0.4357508,0.16189773,0.9,3.3220910636110714
3453,0.61469835,1,1290,4) very common (100+),0.30502206,0.10551232,0.95,5.447438865564434
3454,0.7676988,0,14,2) rare (6-20),0.36059332,0.1532425,1.0,5.58798036212986
3455,0.7916978,0,4,1) very rare (1-5),0.4290533,0.11495254,0.95,4.7152700399159935
3456,0.40059403,1,58,3) common (21-100),0.21971643,0.11384831,0.75,5.540083478266448
3457,0.11289539,0,3,1) very rare (1-5),0.07376503,0.029316776,0.5,6.840779628531128
3458,0.78807384,0,700,4) very common (100+),0.40324187,0.12601021,1.0,4.906669766505062
3459,0.111694686,1,146,4) very common (100+),0.040845007,0.018552747,0.75,8.075989059923574
3460,0.2877984,1,11,2) rare (6-20),0.124000624,0.07765035,0.9,6.661719748324478
3461,0.082932785,1,0,1) very rare (1-5),0.024792025,0.010647874,0.9,8.130143297439636
3462,0.80668646,0,106,4) very common (100+),0.44472438,0.14490426,1.0,4.422531770512894
3463,0.5457026,1,51,3) common (21-100),0.31169167,0.114443734,0.95,4.643186572430099
3464,0.089786366,0,4,1) very rare (1-5),0.05779662,0.021880738,0.3,6.872634430855681
3465,0.14115174,1,237,4) very common (100+),0.09474654,0.060248032,0.4,6.878986396641173
3466,0.18880156,1,6,2) rare (6-20),0.10546292,0.047455378,0.35,6.118695450086367
3467,0.29703423,0,4,1) very rare (1-5),0.14262648,0.06658547,0.9,6.439873724586665
3468,0.72659594,0,274,4) very common (100+),0.37515575,0.09478544,1.0,4.632236026382667
3469,0.1403584,1,40,3) common (21-100),0.08900985,0.033013202,0.55,6.794301700126514
3470,0.6924979,0,11,2) rare (6-20),0.34118432,0.13618559,1.0,4.951575939600425
3471,0.14044152,0,34,3) common (21-100),0.09173016,0.045073085,0.5,6.642701084682676
3472,0.5052314,1,0,1) very rare (1-5),0.20245436,0.09157455,0.95,6.198982500379103
3473,0.15301652,1,1,1) very rare (1-5),0.064226225,0.03180613,0.45,7.292184211619688
3474,0.6746348,0,1,1) very rare (1-5),0.50664806,0.115837224,0.95,2.3985884992700166
3475,0.9074838,1,19,2) rare (6-20),0.6087661,0.108431086,1.0,3.1595253426459626
3476,0.8742983,0,178,4) very common (100+),0.5003923,0.13478938,1.0,4.585729399813408
3477,0.49256486,1,1070,4) very common (100+),0.45367652,0.121750414,0.5,2.8044328381384513
3478,0.36218786,1,4,1) very rare (1-5),0.104427814,0.0376605,0.95,7.166674885991567
3479,0.87388116,1,53,3) common (21-100),0.739431,0.0861364,1.0,1.3943933803886754
3480,0.21170035,1,38,3) common (21-100),0.15771027,0.049031164,0.45,5.5435616923528706
3481,0.25681826,1,0,1) very rare (1-5),0.13701655,0.07211979,0.8,6.075999317543417
3482,0.86226183,0,1290,4) very common (100+),0.70150834,0.11697207,1.0,1.9740199856856604
3483,0.25651705,0,81,3) common (21-100),0.17944732,0.076788746,0.65,5.55783350318189
3484,0.5850526,1,1290,4) very common (100+),0.47597057,0.13058302,0.7,3.6135263011958454
3485,0.72465384,1,146,4) very common (100+),0.6533156,0.124132134,0.95,1.4913000552730233
3486,0.07153174,0,3,1) very rare (1-5),0.052800488,0.01713495,0.4,6.736015262338161
3487,0.9327257,1,4,1) very rare (1-5),0.7130743,0.09073403,1.0,2.40839965762565
3488,0.080487594,1,2,1) very rare (1-5),0.044100486,0.023382941,0.55,7.451962948233686
3489,0.24805251,1,4,1) very rare (1-5),0.097078,0.04643355,0.75,6.936378202326419
3490,0.44446927,0,8,2) rare (6-20),0.15788239,0.07492626,0.95,6.629801536160946
3491,0.43595922,1,2,1) very rare (1-5),0.26394194,0.08301166,0.7,4.435047463792259
3492,0.9713832,0,142,4) very common (100+),0.84549177,0.09877081,1.0,1.4186465928863996
3493,0.4945141,1,3,1) very rare (1-5),0.30566946,0.08663425,0.85,4.412418894244338
3494,0.20713332,1,53,3) common (21-100),0.09759475,0.044903755,0.75,6.31891779489923
3495,0.5377359,1,27,3) common (21-100),0.1740046,0.071772136,0.95,6.333627638500775
3496,0.32881242,1,18,2) rare (6-20),0.17034464,0.06302804,0.95,5.9669442950872185
3497,0.5226795,0,10,2) rare (6-20),0.49993044,0.09136899,0.55,2.1856050702695966
3498,0.46686023,0,5,1) very rare (1-5),0.37209526,0.099715665,0.7,2.535607718862466
3499,0.7213645,0,14,2) rare (6-20),0.40380055,0.13961317,1.0,3.87273001275268
3500,0.23090912,1,1,1) very rare (1-5),0.09214678,0.053897608,0.75,6.885793449713748
3501,0.09125529,1,0,1) very rare (1-5),0.040493064,0.015078843,0.65,7.324856816332937
3502,0.91193825,0,5,1) very rare (1-5),0.6312504,0.12908633,1.0,3.0972696926039385
3503,0.27027088,1,1,1) very rare (1-5),0.11748548,0.06601312,0.95,6.23535739408284
3504,0.9703091,0,1000,4) very common (100+),0.8072008,0.07207027,1.0,1.6960564417084083
3505,0.1282416,1,0,1) very rare (1-5),0.10282804,0.04280803,0.35,5.1006667453440215
3506,0.25400653,1,2,1) very rare (1-5),0.116431355,0.056074116,0.6,6.566605258331937
3507,0.061375458,0,2,1) very rare (1-5),0.037110157,0.012477872,0.25,7.578434797259884
3508,0.92865074,0,58,3) common (21-100),0.72628546,0.11014329,1.0,1.641172342840606
3509,0.09552302,0,23,3) common (21-100),0.04972551,0.01978104,0.4,7.305500478752373
3510,0.07712543,1,24,3) common (21-100),0.03648027,0.021381417,0.65,7.329153717540863
3511,0.19269897,1,10,2) rare (6-20),0.11081091,0.035661675,0.5,6.579526219493645
3512,0.701154,1,0,1) very rare (1-5),0.40178722,0.10577742,0.95,4.079167946938756
3513,0.5976571,0,47,3) common (21-100),0.4718319,0.105346344,0.95,2.8838224878493244
3514,0.099751376,0,79,3) common (21-100),0.033866156,0.009944149,0.7,7.451147220032517
3515,0.39175284,1,11,2) rare (6-20),0.3550816,0.08398993,0.55,2.994265152290504
3516,0.2582368,0,7,2) rare (6-20),0.16229133,0.097153485,0.65,6.166829893815985
3517,0.9594048,1,24,3) common (21-100),0.8027099,0.08362402,1.0,1.4364495975509797
3518,0.38054398,0,33,3) common (21-100),0.29203522,0.06199861,0.5,3.8679439163121874
3519,0.6191766,1,19,2) rare (6-20),0.38727048,0.12395512,0.85,4.1023640993878185
3520,0.49661425,1,142,4) very common (100+),0.19045267,0.08037943,1.0,6.802492166572559
3521,0.4486288,1,69,3) common (21-100),0.20780449,0.12612663,1.0,6.4644273917357555
3522,0.94123423,0,142,4) very common (100+),0.72043514,0.10819296,1.0,2.362738387051535
3523,0.3395371,1,66,3) common (21-100),0.24616703,0.08510794,0.7,4.467378135312016
3524,0.77336234,0,89,3) common (21-100),0.48298138,0.10552241,1.0,3.6849673342347984
3525,0.6907034,1,166,4) very common (100+),0.47239542,0.11431955,1.0,3.701912728585502
3526,0.1563623,1,0,1) very rare (1-5),0.1261162,0.042202916,0.55,5.186921252076244
3527,0.6495866,0,6,2) rare (6-20),0.38701874,0.11830973,1.0,4.3290726258337635
3528,0.7360509,0,7,2) rare (6-20),0.38769227,0.14062873,1.0,4.6074992258101535
3529,0.682879,1,11,2) rare (6-20),0.50419414,0.13449155,0.85,2.584294298718668
3530,0.63762033,0,700,4) very common (100+),0.30828288,0.14543182,1.0,5.761021597438148
3531,0.55153096,0,261,4) very common (100+),0.3710229,0.09758238,0.8,4.07699998041193
3532,0.97704995,0,1000,4) very common (100+),0.79605407,0.100744694,1.0,1.8489338450977368
3533,0.6406344,0,100,3) common (21-100),0.28233728,0.10738527,1.0,5.636756690007678
3534,0.19927289,1,1,1) very rare (1-5),0.13169843,0.056690145,0.7,5.706504271622717
3535,0.14658804,0,105,4) very common (100+),0.062072612,0.03191161,0.6,7.280204040263834
3536,0.8259834,0,84,3) common (21-100),0.5010704,0.11582838,0.95,3.9478533503907496
3537,0.6718758,1,36,3) common (21-100),0.27725303,0.13220483,1.0,6.2116872329254065
3538,0.80920297,0,2,1) very rare (1-5),0.64440763,0.12710932,0.95,2.281139825430368
3539,0.058093484,1,7,2) rare (6-20),0.03586117,0.016753506,0.4,7.460160285988055
3540,0.72258526,1,30,3) common (21-100),0.37389696,0.12353112,0.95,4.465919784172659
3541,0.41893744,0,142,4) very common (100+),0.36180955,0.094080366,0.55,3.188721600169192
3542,0.094766565,0,1,1) very rare (1-5),0.029756531,0.015421442,0.8,7.944671614532097
3543,0.3282531,0,15,2) rare (6-20),0.098020926,0.04356014,0.7,7.238382781845159
3544,0.055147946,1,3,1) very rare (1-5),0.030558407,0.007977674,0.45,7.461132685439749
3545,0.31454477,0,3,1) very rare (1-5),0.118546344,0.0604387,0.75,7.260560162486472
3546,0.6931833,1,0,1) very rare (1-5),0.3546399,0.093481146,1.0,4.501047740058651
3547,0.09629046,1,2,1) very rare (1-5),0.073191434,0.03238203,0.4,6.2839411899226585
3548,0.65025973,0,700,4) very common (100+),0.2868484,0.1200106,1.0,6.035599049457296
3549,0.70184904,0,123,4) very common (100+),0.30940977,0.10769711,1.0,5.154853116116406
3550,0.6523303,1,19,2) rare (6-20),0.3879281,0.14591815,0.9,3.9814183652052826
3551,0.032828774,1,0,1) very rare (1-5),0.020734932,0.0061965566,0.6,7.8926731536350685
3552,0.8189305,0,1,1) very rare (1-5),0.5028993,0.14363958,1.0,3.7894203769405443
3553,0.61888325,1,1070,4) very common (100+),0.42226896,0.12055835,0.9,3.0622577506629307
3554,0.93626046,1,18,2) rare (6-20),0.7976144,0.107073925,1.0,1.3217071798409683
3555,0.9271185,0,700,4) very common (100+),0.7388375,0.11844813,1.0,1.9123671492786842
3556,0.14551064,1,2,1) very rare (1-5),0.07150353,0.030920025,0.65,7.047683513386233
3557,0.07092679,1,94,3) common (21-100),0.042261682,0.01740024,0.45,7.17620253016774
3558,0.018473644,1,2,1) very rare (1-5),0.015092142,0.0051079774,0.25,8.297159276695968
3559,0.9902969,0,142,4) very common (100+),0.9251515,0.04471191,1.0,0.6880306421497544
3560,0.41591194,0,22,3) common (21-100),0.25380594,0.10451938,0.9,4.58620858003715
3561,0.13791713,1,4,1) very rare (1-5),0.08941896,0.021685824,0.4,6.090977154016045
3562,0.33463484,1,0,1) very rare (1-5),0.19570829,0.0821222,0.65,5.778869322503203
3563,0.8278599,1,0,1) very rare (1-5),0.5239843,0.12738818,1.0,3.241131304119336
3564,0.22812316,0,2,1) very rare (1-5),0.09823485,0.040334903,0.8,7.044438720054702
3565,0.71951604,0,700,4) very common (100+),0.37747496,0.18522567,1.0,4.617857226601163
3566,0.5901591,1,268,4) very common (100+),0.44985896,0.09278146,0.85,2.537658595935303
3567,0.8769852,1,0,1) very rare (1-5),0.51399803,0.13846783,1.0,4.125234671863163
3568,0.9655126,1,99,3) common (21-100),0.84322995,0.073608294,1.0,1.1029349370203272
3569,0.11026274,0,20,2) rare (6-20),0.05925814,0.031133534,0.35,7.437223693822686
3570,0.97726,0,1000,4) very common (100+),0.8228183,0.078760885,1.0,1.5089693414474161
3571,0.46421298,0,1070,4) very common (100+),0.41774574,0.084533446,0.55,3.145146747983612
3572,0.9830603,1,19,2) rare (6-20),0.87706363,0.059670556,1.0,1.1113117601176519
3573,0.03660021,1,0,1) very rare (1-5),0.02569434,0.0093425205,0.55,7.7166716738701115
3574,0.58317727,0,1290,4) very common (100+),0.5669766,0.10499102,0.75,1.958856281742063
3575,0.40202582,1,0,1) very rare (1-5),0.22766228,0.08082567,0.8,4.974465846906837
3576,0.10612047,1,5,1) very rare (1-5),0.06497012,0.025480116,0.35,6.765185696457106
3577,0.878419,0,91,3) common (21-100),0.6644409,0.13034871,1.0,2.231469098613238
3578,0.6817405,1,11,2) rare (6-20),0.26667795,0.13924272,0.95,5.904193218551477
3579,0.15819171,1,2,1) very rare (1-5),0.07171884,0.043566648,0.65,7.23163258791603
3580,0.8197841,0,1290,4) very common (100+),0.6783646,0.10632842,1.0,2.137467018454709
3581,0.1349199,1,0,1) very rare (1-5),0.12777106,0.032906476,0.3,4.833695457083881
3582,0.64028555,0,1,1) very rare (1-5),0.39874643,0.14401492,0.85,3.4893193130514697
3583,0.3688594,1,81,3) common (21-100),0.16913962,0.048182387,0.85,5.1448022136928255
3584,0.6053286,0,12,2) rare (6-20),0.5069536,0.095112555,0.75,2.2092484748713397
3585,0.9986488,1,211,4) very common (100+),0.9785638,0.011432664,1.0,0.23177777693592133
3586,0.82745475,1,13,2) rare (6-20),0.5293479,0.12849312,1.0,3.5912609867902203
3587,0.21158242,0,8,2) rare (6-20),0.16456999,0.043730576,0.35,5.205635093575166
3588,0.98738146,0,99,3) common (21-100),0.9175116,0.037984453,1.0,0.6586083578171374
3589,0.9553239,0,118,4) very common (100+),0.79253334,0.07442377,1.0,1.5953577318005112
3590,0.82448757,0,1000,4) very common (100+),0.6413058,0.119531244,1.0,1.7292696229305227
3591,0.7630529,0,1070,4) very common (100+),0.6469721,0.12425851,0.9,1.2205882772977914
3592,0.9630519,1,100,3) common (21-100),0.8048185,0.072868794,1.0,1.5479620061210912
3593,0.67751545,0,3,1) very rare (1-5),0.4339471,0.10917966,0.95,2.756067456349428
3594,0.29866624,1,0,1) very rare (1-5),0.19351599,0.061964903,0.7,3.9941338118645167
3595,0.49557406,1,14,2) rare (6-20),0.1997286,0.08991465,0.7,6.2652848521637825
3596,0.9740571,0,111,4) very common (100+),0.842477,0.08415337,1.0,1.2577073613218013
3597,0.87353563,0,28,3) common (21-100),0.64928734,0.088461176,1.0,2.448434435268485
3598,0.6834684,0,21,3) common (21-100),0.40401202,0.13035285,1.0,3.2566251646555306
3599,0.30893666,0,23,3) common (21-100),0.12724063,0.0452486,0.85,6.546139537695105
3600,0.13765214,1,1,1) very rare (1-5),0.05207633,0.02704879,0.65,7.640575793694325
3601,0.6607225,1,1,1) very rare (1-5),0.37100098,0.14766166,0.95,4.336699966969243
3602,0.82790375,0,1070,4) very common (100+),0.69334304,0.12273379,0.85,1.0842407156138376
3603,0.8332574,0,7,2) rare (6-20),0.68253213,0.1293765,1.0,1.9501065485647398
3604,0.67532736,0,261,4) very common (100+),0.45520967,0.13685043,0.85,3.4750048992773
3605,0.67247385,1,18,2) rare (6-20),0.45736235,0.10312597,0.8,3.969214392587482
3606,0.097586155,0,1,1) very rare (1-5),0.05881098,0.013955076,0.35,7.2415697033605815
3607,0.5600481,0,223,4) very common (100+),0.20302185,0.08072145,1.0,6.187082618956815
3608,0.14799075,1,2,1) very rare (1-5),0.09997581,0.060303558,0.55,5.966140660421525
3609,0.21699134,1,7,2) rare (6-20),0.109818935,0.052980453,0.5,6.011141698507593
3610,0.26464877,1,0,1) very rare (1-5),0.14633301,0.08369849,0.6,6.576486712166888
3611,0.34340972,0,2,1) very rare (1-5),0.1602068,0.06543857,0.65,5.613479019198595
3612,0.62363744,0,28,3) common (21-100),0.48157915,0.12136491,0.85,3.2411497591960288
3613,0.11896725,0,3,1) very rare (1-5),0.11002314,0.03479073,0.3,6.230340071060927
3614,0.52323174,1,85,3) common (21-100),0.40291438,0.097015746,0.8,2.9345355746433026
3615,0.8895933,0,51,3) common (21-100),0.7395113,0.11930378,1.0,1.4188861912391522
3616,0.86911225,0,261,4) very common (100+),0.6710955,0.13781896,1.0,2.3430417488173085
3617,0.6402166,1,12,2) rare (6-20),0.3703323,0.09001517,0.9,4.336807318381949
3618,0.4046826,0,9,2) rare (6-20),0.25355348,0.0818373,0.9,4.469939281748449
3619,0.34083742,0,700,4) very common (100+),0.17553237,0.07646388,0.6,5.754981344645924
3620,0.70523953,1,1070,4) very common (100+),0.53599083,0.11317515,0.95,2.3135721114196515
3621,0.5152491,1,17,2) rare (6-20),0.37179893,0.10697421,0.85,3.2944438929945847
3622,0.50844467,0,2,1) very rare (1-5),0.20735669,0.10469463,0.85,6.366811304227337
3623,0.23674034,1,0,1) very rare (1-5),0.08980467,0.053141903,0.85,7.110469502826815
3624,0.30794972,1,1,1) very rare (1-5),0.14402053,0.076530784,0.45,6.799224022266121
3625,0.09805048,1,0,1) very rare (1-5),0.056491554,0.018361062,0.4,6.94593532630979
3626,0.93578124,0,1000,4) very common (100+),0.61242676,0.12338295,1.0,3.4718796771981615
3627,0.911765,0,123,4) very common (100+),0.737947,0.109048985,1.0,1.7270937111266063
3628,0.93268675,0,211,4) very common (100+),0.5770463,0.18078941,1.0,4.030361372621771
3629,0.7802387,0,38,3) common (21-100),0.3723916,0.1501179,0.95,5.184455469187106
3630,0.8512442,1,66,3) common (21-100),0.5543219,0.11091415,1.0,3.4314766050575445
3631,0.618327,0,166,4) very common (100+),0.3710666,0.118885905,0.85,3.869197398254387
3632,0.46608335,1,2,1) very rare (1-5),0.1712957,0.100229606,0.95,6.151811926108659
3633,0.5294127,1,18,2) rare (6-20),0.3389877,0.09059389,0.8,3.4644709260234277
3634,0.7132285,0,118,4) very common (100+),0.34859988,0.11746237,1.0,5.056216920158884
3635,0.9241315,0,33,3) common (21-100),0.74907696,0.11647104,1.0,1.7448467106249845
3636,0.3274914,1,2,1) very rare (1-5),0.26325643,0.08299894,0.6,4.2658077991570025
3637,0.09223236,1,7,2) rare (6-20),0.04143968,0.01571775,0.6,7.249756771950582
3638,0.8315607,0,99,3) common (21-100),0.42508036,0.12140289,1.0,5.126822803259915
3639,0.41165656,1,0,1) very rare (1-5),0.16203529,0.08726003,0.9,6.605605344348521
3640,0.07948275,1,0,1) very rare (1-5),0.025620585,0.015205109,0.9,8.352751203782034
3641,0.23657285,1,237,4) very common (100+),0.1010921,0.056726858,0.65,6.492613700879206
3642,0.5415822,0,71,3) common (21-100),0.39094633,0.103667215,0.75,3.5304274651454195
3643,0.6622422,0,166,4) very common (100+),0.5839168,0.0985865,0.75,1.876029296974495
3644,0.82630825,0,14,2) rare (6-20),0.50115764,0.10789215,0.95,3.37955990874731
3645,0.80346125,0,39,3) common (21-100),0.4166976,0.13253944,1.0,4.854000449582532
3646,0.30076164,1,0,1) very rare (1-5),0.16274905,0.07430519,0.45,5.487141043284217
3647,0.19948895,0,3,1) very rare (1-5),0.097763285,0.042620715,0.7,6.605366749841826
3648,0.037437025,1,6,2) rare (6-20),0.02191412,0.009714032,0.35,7.874660442188353
3649,0.3181649,0,2,1) very rare (1-5),0.2189668,0.07807291,0.75,5.004128170689796
3650,0.5513173,0,4,1) very rare (1-5),0.2956006,0.10182369,0.95,4.650300800074509
3651,0.5228808,0,0,1) very rare (1-5),0.22031817,0.08743349,0.95,5.042718461037762
3652,0.97934544,0,211,4) very common (100+),0.8126155,0.10472437,1.0,1.843964641520382
3653,0.046635985,1,0,1) very rare (1-5),0.028890932,0.015323103,0.55,7.5165251284818755
3654,0.257108,1,8,2) rare (6-20),0.07231021,0.032785527,1.0,7.9775454277894315
3655,0.19781129,1,0,1) very rare (1-5),0.106202446,0.061933964,0.45,6.607180397046381
3656,0.019812832,1,58,3) common (21-100),0.018344639,0.0056768227,0.25,7.918259079361668
3657,0.44753993,0,20,2) rare (6-20),0.20981297,0.11271804,1.0,6.1714962089824335
3658,0.55310106,0,89,3) common (21-100),0.19877958,0.090603895,0.85,5.971176552361002
3659,0.20498984,1,4,1) very rare (1-5),0.087506756,0.03440217,0.55,6.569372980709224
3660,0.2614972,1,1,1) very rare (1-5),0.10588038,0.05286036,0.8,6.593638391014244
3661,0.10811539,1,0,1) very rare (1-5),0.07046215,0.028586844,0.3,7.04170962079771
3662,0.71567345,0,15,2) rare (6-20),0.45881605,0.10248833,1.0,3.2402630683944347
3663,0.5447397,1,12,2) rare (6-20),0.20868202,0.1254361,1.0,6.212981497663922
3664,0.8363829,0,56,3) common (21-100),0.469294,0.14843813,1.0,4.355055789211486
3665,0.085012406,1,1,1) very rare (1-5),0.06048604,0.016649874,0.25,6.870435494856749
3666,0.19025782,1,37,3) common (21-100),0.096782625,0.045232337,0.55,6.661368196659454
3667,0.98778313,0,211,4) very common (100+),0.8503394,0.09713248,1.0,1.5337621200466498
3668,0.28772292,1,0,1) very rare (1-5),0.08007844,0.041976377,0.95,7.643277236899159
3669,0.9430009,0,24,3) common (21-100),0.63949597,0.12702225,1.0,3.184346000615515
3670,0.16714123,0,22,3) common (21-100),0.08470102,0.057878163,0.5,7.081190381786131
3671,0.58557785,0,63,3) common (21-100),0.28408802,0.090439826,1.0,5.054689513982367
3672,0.09100433,1,0,1) very rare (1-5),0.03902013,0.012961702,0.9,7.4319479683548035
3673,0.37092078,0,142,4) very common (100+),0.23737994,0.070400886,0.5,5.077037732161996
3674,0.92237127,0,1070,4) very common (100+),0.8179678,0.08256614,1.0,1.23365987005531
3675,0.32851154,1,4,1) very rare (1-5),0.26430905,0.13422325,0.65,4.240580371678377
3676,0.62199944,0,79,3) common (21-100),0.32583445,0.105981156,1.0,4.611407027857243
3677,0.2627106,1,14,2) rare (6-20),0.24776354,0.07849144,0.4,3.412563994721624
3678,0.9000159,0,18,2) rare (6-20),0.65507156,0.09490685,1.0,2.444186685279568
3679,0.41642964,1,2,1) very rare (1-5),0.19949123,0.0657884,0.9,4.923664731055419
3680,0.46933445,0,68,3) common (21-100),0.17383295,0.061712734,0.85,6.062476224079081
3681,0.4356534,1,89,3) common (21-100),0.16740231,0.06951924,0.9,6.775309075122083
3682,0.7102871,0,17,2) rare (6-20),0.45806685,0.15104361,1.0,3.7026157093080436
3683,0.2646532,0,65,3) common (21-100),0.22156055,0.067664675,0.35,4.179787279986668
3684,0.14736271,1,1,1) very rare (1-5),0.055346686,0.024709096,0.55,7.538926653037833
3685,0.731229,1,3,1) very rare (1-5),0.43325502,0.13041882,1.0,4.067575444165082
3686,0.9947767,0,1000,4) very common (100+),0.9616785,0.014300742,1.0,0.34605980209135384
3687,0.7464468,1,69,3) common (21-100),0.4003393,0.12927876,1.0,4.934690785656467
3688,0.22241665,1,19,2) rare (6-20),0.10823508,0.050966844,0.6,6.452290011956061
3689,0.57056093,1,1,1) very rare (1-5),0.40972972,0.13399091,0.8,3.5178150748901595
3690,0.33354914,1,1,1) very rare (1-5),0.20879583,0.0648712,0.5,5.413788810318765
3691,0.83975554,0,91,3) common (21-100),0.46705183,0.13833342,1.0,4.501652281705302
3692,0.92642033,0,178,4) very common (100+),0.65393996,0.11359614,1.0,2.921382798081761
3693,0.92227167,0,33,3) common (21-100),0.7294023,0.1158955,1.0,2.0895200382983115
3694,0.06627983,1,0,1) very rare (1-5),0.05596424,0.013750999,0.3,6.545608308102413
3695,0.9724626,1,142,4) very common (100+),0.8699371,0.056019764,1.0,1.0113173795811656
3696,0.82608587,0,0,1) very rare (1-5),0.6854472,0.13576345,1.0,1.3701430068161338
3697,0.25715023,1,8,2) rare (6-20),0.1650503,0.065305814,0.5,5.8096504768934665
3698,0.625437,0,42,3) common (21-100),0.36913478,0.12767199,1.0,4.640795624769938
3699,0.082844116,1,15,2) rare (6-20),0.045345195,0.03264653,0.4,7.436982256414226
3700,0.4301774,1,166,4) very common (100+),0.20682833,0.0865998,0.75,5.473614002152603
3701,0.12315105,0,4,1) very rare (1-5),0.05425154,0.031148795,0.7,7.3544724991829975
3702,0.21797368,1,0,1) very rare (1-5),0.15768364,0.052727517,0.5,6.058440606423979
3703,0.3736078,0,4,1) very rare (1-5),0.17218815,0.07567794,0.95,5.895718823128628
3704,0.9308571,0,1000,4) very common (100+),0.7044206,0.1103357,1.0,2.584516206410147
3705,0.18730421,1,21,3) common (21-100),0.096816935,0.046196643,0.5,6.872776932675964
3706,0.59670776,1,42,3) common (21-100),0.48371163,0.09774203,0.7,2.5660555928139663
3707,0.5325061,0,106,4) very common (100+),0.4236436,0.111222416,0.5,3.56235335683732
3708,0.3843904,0,23,3) common (21-100),0.18218316,0.0734814,0.9,5.128379705166242
3709,0.96106356,0,211,4) very common (100+),0.7431395,0.11779846,1.0,2.269031821878209
3710,0.89871484,1,21,3) common (21-100),0.6534149,0.15440968,1.0,2.4567936636889773
3711,0.98469603,0,700,4) very common (100+),0.8986926,0.059622653,1.0,0.8933260919680868
3712,0.893973,0,700,4) very common (100+),0.6386974,0.12163704,1.0,2.6490366125759905
3713,0.88501847,1,16,2) rare (6-20),0.6781877,0.11408768,1.0,2.1030149424986155
3714,0.47514135,1,1,1) very rare (1-5),0.21962264,0.077981055,0.75,5.318774373495574
3715,0.89269644,0,2,1) very rare (1-5),0.64349926,0.121341154,1.0,2.6482479862351984
3716,0.110718176,0,0,1) very rare (1-5),0.06094843,0.048726283,0.65,7.383259528832559
3717,0.10559773,1,14,2) rare (6-20),0.035590783,0.014361902,0.65,7.815688023998226
3718,0.9606577,0,42,3) common (21-100),0.7132622,0.11435037,1.0,2.5054274234899467
3719,0.95961547,0,91,3) common (21-100),0.8148115,0.11863241,1.0,1.3005727560963325
3720,0.9587912,0,10,2) rare (6-20),0.6734024,0.11588306,1.0,3.1150523476555105
3721,0.34915555,1,0,1) very rare (1-5),0.15456805,0.06455774,1.0,6.841639198238214
3722,0.15681592,1,7,2) rare (6-20),0.13057652,0.057656895,0.5,5.541473109571847
3723,0.9515958,0,182,4) very common (100+),0.7608238,0.12532692,1.0,1.8856678344560927
3724,0.2391299,0,275,4) very common (100+),0.18288186,0.06208326,0.4,5.364462371185438
3725,0.94769174,0,1000,4) very common (100+),0.80865365,0.10635541,1.0,1.5098482196398375
3726,0.5047166,0,1290,4) very common (100+),0.37043595,0.07480398,0.6,2.9617484653350203
3727,0.28558424,1,50,3) common (21-100),0.15404844,0.08458976,0.6,6.004862649927267
3728,0.94816893,1,66,3) common (21-100),0.72615874,0.09624088,1.0,2.1910874093754478
3729,0.52854556,1,0,1) very rare (1-5),0.37022203,0.122253485,0.7,3.8615211177223516
3730,0.8982571,0,56,3) common (21-100),0.6711214,0.13528256,1.0,2.176543236955095
3731,0.61890584,0,1070,4) very common (100+),0.5292094,0.090406835,0.65,2.2996204481302174
3732,0.9352491,0,1290,4) very common (100+),0.7343812,0.099197514,1.0,2.0433306269311604
3733,0.30991057,1,16,2) rare (6-20),0.10058761,0.06895265,0.8,7.012273478092036
3734,0.96450925,0,1000,4) very common (100+),0.87632287,0.050890755,1.0,0.9162578529352629
3735,0.36548287,1,0,1) very rare (1-5),0.20794359,0.07549963,0.8,4.954511156304801
3736,0.24596041,0,1,1) very rare (1-5),0.09825256,0.04052617,0.65,6.537925682010375
3737,0.8915313,0,1,1) very rare (1-5),0.6857099,0.12635618,1.0,1.8828743105848247
3738,0.30199075,1,1,1) very rare (1-5),0.2361718,0.048349537,0.45,4.612089303086273
3739,0.05080445,1,3,1) very rare (1-5),0.028019968,0.011705551,0.4,7.579010191550193
3740,0.87510264,0,3,1) very rare (1-5),0.59818166,0.13951522,1.0,3.207083474391874
3741,0.52631456,0,24,3) common (21-100),0.2706824,0.09842964,0.85,4.51794259859195
3742,0.7742551,0,1290,4) very common (100+),0.5391639,0.13252662,1.0,3.064129382103329
3743,0.16191697,0,14,2) rare (6-20),0.079681054,0.028703785,0.5,7.017751747544427
3744,0.6741683,0,21,3) common (21-100),0.43608546,0.10867656,0.9,3.0933915521966213
3745,0.85710555,1,1,1) very rare (1-5),0.42514148,0.15543085,1.0,5.104747273015532
3746,0.64604086,1,0,1) very rare (1-5),0.33822066,0.14824833,0.95,4.337354499437125
3747,0.09357286,1,6,2) rare (6-20),0.04322081,0.021019647,0.7,7.629359281353659
3748,0.68975884,0,19,2) rare (6-20),0.40177116,0.114208825,1.0,4.196305944591459
3749,0.19943832,0,700,4) very common (100+),0.086227864,0.035309304,0.55,6.973717204398939
3750,0.38341329,1,3,1) very rare (1-5),0.19118007,0.07006581,0.85,5.154867510170501
3751,0.99652475,0,39,3) common (21-100),0.96411353,0.013913983,1.0,0.39179258631384756
3752,0.8768422,1,0,1) very rare (1-5),0.52419657,0.14454925,1.0,4.074021092180799
3753,0.9100311,1,0,1) very rare (1-5),0.5157479,0.14913252,1.0,4.191462702035222
3754,0.40944722,0,5,1) very rare (1-5),0.28244835,0.09262463,0.55,3.488975887274306
3755,0.17435488,1,47,3) common (21-100),0.062170208,0.022330564,0.75,7.468200593555652
3756,0.5203924,1,1,1) very rare (1-5),0.37435773,0.10423675,0.8,3.3437629728497926
3757,0.07679219,1,3,1) very rare (1-5),0.030379256,0.017413909,0.55,8.02160599971595
3758,0.93818474,0,39,3) common (21-100),0.7305194,0.13590711,1.0,2.354329243473735
3759,0.18654646,0,3,1) very rare (1-5),0.10362339,0.03373669,0.6,6.8064060568134
3760,0.013747939,0,0,1) very rare (1-5),0.0089325085,0.0038357002,0.3,8.645356204652028
3761,0.3810301,0,5,1) very rare (1-5),0.28259933,0.08620459,0.55,4.417408362590546
3762,0.04146288,1,0,1) very rare (1-5),0.023573859,0.0055309697,0.25,7.568760283896064
3763,0.8873903,0,275,4) very common (100+),0.64061826,0.14716241,1.0,2.251584418763516
3764,0.20632468,1,0,1) very rare (1-5),0.076689295,0.041565776,0.95,7.1772781698913635
3765,0.089236565,0,72,3) common (21-100),0.042001314,0.016679375,0.4,7.570848926254957
3766,0.2645644,1,28,3) common (21-100),0.101593114,0.033687707,0.75,6.48570377930637
3767,0.22796038,1,2,1) very rare (1-5),0.1322209,0.05462664,0.55,6.157406888039546
3768,0.63218886,0,7,2) rare (6-20),0.39274222,0.13582304,1.0,3.4770006032683023
3769,0.04826486,1,8,2) rare (6-20),0.037913717,0.019394232,0.2,7.713499497164487
3770,0.019779226,1,0,1) very rare (1-5),0.011408331,0.004008742,0.4,8.473123578401005
3771,0.3648439,1,5,1) very rare (1-5),0.2833211,0.08581167,0.55,3.6513231042950367
3772,0.2262131,0,1,1) very rare (1-5),0.14271264,0.060192473,0.5,5.744017869389121
3773,0.045662533,1,0,1) very rare (1-5),0.02718674,0.015314074,0.4,7.720674265856296
3774,0.5265385,1,10,2) rare (6-20),0.5317339,0.08835509,0.55,1.8927415246856505
3775,0.543189,0,68,3) common (21-100),0.20306179,0.10018416,1.0,6.592795699800264
3776,0.029028177,1,1,1) very rare (1-5),0.015600286,0.004673004,0.35,8.07460444691464
3777,0.7062422,1,7,2) rare (6-20),0.35806656,0.122720055,1.0,4.939260427264161
3778,0.058414295,1,0,1) very rare (1-5),0.028424446,0.016509593,0.4,7.963622694932374
3779,0.56858146,1,25,3) common (21-100),0.42943472,0.11476693,0.6,3.9338295707756386
3780,0.75587237,0,96,3) common (21-100),0.38582146,0.12586273,1.0,4.99408346622133
3781,0.9912354,0,99,3) common (21-100),0.9456434,0.027771987,1.0,0.49340662031133603
3782,0.6869211,1,55,3) common (21-100),0.46282893,0.14397973,0.95,3.32965644579403
3783,0.5714591,0,0,1) very rare (1-5),0.373911,0.15440106,0.85,4.019441647850193
3784,0.079078406,0,123,4) very common (100+),0.031103918,0.020508947,0.95,7.98773193741615
3785,0.3919891,0,79,3) common (21-100),0.1737872,0.051746707,0.55,6.28393938161713
3786,0.040004894,1,0,1) very rare (1-5),0.047456414,0.020001844,0.35,6.88022025178371
3787,0.49189097,1,3,1) very rare (1-5),0.37767196,0.08302979,0.6,4.1039290208442285
3788,0.19156496,0,5,1) very rare (1-5),0.100052044,0.044830784,0.7,7.141050842420972
3789,0.11471966,0,0,1) very rare (1-5),0.044983514,0.020590419,0.75,7.268071790107472
3790,0.6835795,1,118,4) very common (100+),0.45239234,0.12360219,0.9,2.8130380421825256
3791,0.09829101,1,27,3) common (21-100),0.053011157,0.0150115285,0.3,7.363068778665398
3792,0.35381,0,14,2) rare (6-20),0.1395861,0.059533764,0.8,6.884227066936952
3793,0.6527875,0,56,3) common (21-100),0.40629855,0.15609942,0.95,3.6287177003974587
3794,0.077930376,0,3,1) very rare (1-5),0.05969851,0.02336652,0.25,6.82503174017207
3795,0.9410391,0,7,2) rare (6-20),0.6705693,0.13512191,1.0,2.8120130538689447
3796,0.5351604,0,107,4) very common (100+),0.3231025,0.09248441,0.85,3.9259602362776462
3797,0.98675007,0,44,3) common (21-100),0.86708385,0.05006511,1.0,1.3035070457572495
3798,0.571885,0,0,1) very rare (1-5),0.3560292,0.13725026,0.95,3.767647896483533
3799,0.6924397,0,46,3) common (21-100),0.45117846,0.14282146,0.85,3.253864276979252
3800,0.7066741,0,17,2) rare (6-20),0.46377444,0.11960665,0.95,3.6803613973429123
3801,0.35121533,1,1,1) very rare (1-5),0.24078825,0.070256956,0.6,3.9404362677915703
3802,0.08802314,0,4,1) very rare (1-5),0.04823857,0.021172497,0.4,7.158519890841051
3803,0.6259368,1,0,1) very rare (1-5),0.22610965,0.08131383,1.0,6.2855059746162905
3804,0.7342941,1,3,1) very rare (1-5),0.44993678,0.11868375,1.0,3.382845361071946
3805,0.23550431,1,0,1) very rare (1-5),0.075893514,0.04243412,0.85,7.377116043760672
3806,0.13680747,1,0,1) very rare (1-5),0.10728475,0.073384546,0.25,5.803902293229093
3807,0.7792395,1,8,2) rare (6-20),0.42300183,0.1555384,1.0,4.452596717912632
3808,0.15915632,1,66,3) common (21-100),0.07900337,0.023658823,0.6,6.710974741788297
3809,0.10536265,0,0,1) very rare (1-5),0.044440232,0.017693967,0.45,7.46591557970045
3810,0.21807885,1,63,3) common (21-100),0.12507519,0.047966085,0.55,5.839616074170716
3811,0.6167699,1,0,1) very rare (1-5),0.31451502,0.12924221,0.85,5.132677529880286
3812,0.34791365,0,1,1) very rare (1-5),0.22270846,0.07648127,0.6,5.370774234023569
3813,0.6236707,1,700,4) very common (100+),0.41891414,0.09882466,0.55,3.29588422550503
3814,0.82515264,0,2,1) very rare (1-5),0.6602768,0.130738,0.95,1.4627424907920492
3815,0.4040749,1,7,2) rare (6-20),0.17366406,0.07842867,0.75,5.853350289215904
3816,0.73858184,0,223,4) very common (100+),0.5643277,0.13679491,0.95,2.3039625328160858
3817,0.29559422,1,0,1) very rare (1-5),0.16197953,0.071381755,0.6,5.845723569458905
3818,0.85688716,1,2,1) very rare (1-5),0.6620264,0.13398764,1.0,1.9337674332515289
3819,0.7812167,0,146,4) very common (100+),0.5639904,0.15311173,0.85,2.479910010792724
3820,0.4136782,0,5,1) very rare (1-5),0.197117,0.09754372,0.9,5.464493680517016
3821,0.81723124,0,1000,4) very common (100+),0.5075633,0.17528462,0.95,3.250651048636729
3822,0.82189846,0,92,3) common (21-100),0.4872218,0.171807,0.95,4.35794761346089
3823,0.33038378,0,15,2) rare (6-20),0.2563101,0.05612929,0.55,4.666606084548193
3824,0.29906443,0,343,4) very common (100+),0.24718967,0.104844674,0.45,4.877004186812425
3825,0.9727769,0,118,4) very common (100+),0.7793994,0.14774576,1.0,1.8086919473894765
3826,0.9936469,1,19,2) rare (6-20),0.8774373,0.06886454,1.0,1.30723360718365
3827,0.30327594,1,0,1) very rare (1-5),0.196866,0.040208217,0.5,4.983231852756342
3828,0.65739125,0,134,4) very common (100+),0.35268098,0.12626672,0.85,3.9252417395214096
3829,0.7575057,0,17,2) rare (6-20),0.44696268,0.14013831,0.9,4.166442701481525
3830,0.8988748,1,107,4) very common (100+),0.7213125,0.13158865,1.0,1.7866815540214458
3831,0.11836385,1,1,1) very rare (1-5),0.09411447,0.028280502,0.45,6.163532620389975
3832,0.3597284,1,1,1) very rare (1-5),0.27964538,0.08084202,0.55,4.513492957797505
3833,0.37332445,1,85,3) common (21-100),0.3132884,0.09578127,0.65,3.8669314713198655
3834,0.35598755,1,0,1) very rare (1-5),0.16266371,0.05697576,0.6,5.894609819397544
3835,0.07652046,1,0,1) very rare (1-5),0.037234575,0.014660634,0.55,7.613879024858052
3836,0.56394696,1,0,1) very rare (1-5),0.31045467,0.10700219,0.9,5.532203145008801
3837,0.52818626,1,2,1) very rare (1-5),0.21749187,0.107092924,0.85,5.795466305681374
3838,0.05890478,0,178,4) very common (100+),0.031084066,0.017051883,0.4,7.480283333974003
3839,0.0895049,1,108,4) very common (100+),0.048741035,0.01802117,0.5,7.314207262714365
3840,0.5163266,1,27,3) common (21-100),0.2921434,0.09742809,0.7,4.742310047725728
3841,0.922623,0,1000,4) very common (100+),0.6316988,0.12983677,1.0,3.2795129923069912
3842,0.7176976,0,91,3) common (21-100),0.5384113,0.11872215,0.95,2.488012251660031
3843,0.8535625,0,10,2) rare (6-20),0.525017,0.13964984,1.0,4.033475043002182
3844,0.06981723,1,6,2) rare (6-20),0.038984686,0.02017467,0.6,7.654251121941892
3845,0.17693152,0,1,1) very rare (1-5),0.0717414,0.040361457,0.7,6.498855347338643
3846,0.17186022,1,12,2) rare (6-20),0.092513025,0.037982,0.6,7.303815663579657
3847,0.085018255,0,5,1) very rare (1-5),0.032874774,0.029639296,0.85,7.928055995738114
3848,0.8394124,0,223,4) very common (100+),0.60422146,0.123750225,1.0,2.768495361031348
3849,0.95531416,0,1000,4) very common (100+),0.7938912,0.08271243,1.0,1.6067521812452086
3850,0.5361366,1,44,3) common (21-100),0.28158566,0.12859894,0.95,5.372527484444573
3851,0.45818502,1,27,3) common (21-100),0.31215745,0.09637515,0.7,4.198293847803695
3852,0.038598668,0,84,3) common (21-100),0.026275221,0.0115769105,0.4,7.816575610891496
3853,0.31291842,0,3,1) very rare (1-5),0.18648265,0.06670785,0.55,5.984824578260994
3854,0.6055456,1,1,1) very rare (1-5),0.31348962,0.111584865,0.95,4.757981375295575
3855,0.2775605,1,268,4) very common (100+),0.19291833,0.07013496,0.5,5.190178113172594
3856,0.8385108,0,6,2) rare (6-20),0.6084073,0.11980898,1.0,2.896942637096167
3857,0.8204332,0,35,3) common (21-100),0.5503083,0.11618493,1.0,3.0097823944342927
3858,0.9085285,0,17,2) rare (6-20),0.75019,0.099832624,1.0,1.5906125982105288
3859,0.984099,0,1000,4) very common (100+),0.92083466,0.033883117,1.0,0.6166111792402211
3860,0.36491635,0,5,1) very rare (1-5),0.16134484,0.07698597,0.85,6.568339293059607
3861,0.037287284,0,13,2) rare (6-20),0.021136057,0.00745696,0.25,7.699323215394315
3862,0.051014062,0,38,3) common (21-100),0.013895047,0.00452298,0.5,8.363420057204372
3863,0.83835924,1,0,1) very rare (1-5),0.41317636,0.114933364,1.0,5.031001536750417
3864,0.024715597,1,0,1) very rare (1-5),0.016485412,0.006884699,0.25,8.029176408791695
3865,0.43758866,1,15,2) rare (6-20),0.36721402,0.092414364,0.65,3.4212685588542735
3866,0.8730158,0,1290,4) very common (100+),0.6975571,0.12800923,1.0,1.7004763976224664
3867,0.3158933,1,0,1) very rare (1-5),0.21311907,0.08331547,0.55,4.552643209672372
3868,0.36183277,0,142,4) very common (100+),0.246025,0.09307754,0.75,5.421860048262228
3869,0.98346704,0,700,4) very common (100+),0.90258753,0.062087882,1.0,0.8552011936084326
3870,0.27885893,1,66,3) common (21-100),0.281933,0.075690724,0.5,3.7104367758446433
3871,0.97911423,0,1000,4) very common (100+),0.8540584,0.09083272,1.0,1.1994541764867683
3872,0.97729695,0,39,3) common (21-100),0.92013377,0.037385423,1.0,0.5798824625857204
3873,0.4040063,0,5,1) very rare (1-5),0.2808172,0.03941686,0.6,3.6746907581781616
3874,0.7109536,0,16,2) rare (6-20),0.3846696,0.1494239,0.9,4.457857384272123
3875,0.10418063,1,0,1) very rare (1-5),0.04216862,0.018522192,0.35,7.528803447300167
3876,0.7222361,1,275,4) very common (100+),0.41685313,0.158806,1.0,4.171878821278061
3877,0.5215044,0,142,4) very common (100+),0.26226857,0.0824999,0.95,5.1565128513645
3878,0.5283272,0,7,2) rare (6-20),0.31301907,0.12129569,0.75,4.072797251525927
3879,0.23229258,1,0,1) very rare (1-5),0.19875371,0.05153662,0.4,4.323967329505951
3880,0.73821187,0,1070,4) very common (100+),0.52853733,0.12872222,1.0,2.4513222215902886
3881,0.5485611,0,15,2) rare (6-20),0.519676,0.11752084,0.7,2.0721663912987416
3882,0.107093334,1,0,1) very rare (1-5),0.05070917,0.03386021,0.6,7.605990374119125
3883,0.7892429,0,78,3) common (21-100),0.46007696,0.15423472,1.0,4.228967415410297
3884,0.13825975,1,0,1) very rare (1-5),0.06991248,0.03258032,0.3,6.805362959711178
3885,0.12699895,1,0,1) very rare (1-5),0.06271094,0.050798245,0.65,7.554454789345023
3886,0.2532878,1,5,1) very rare (1-5),0.12772436,0.07022623,0.8,6.56202881016017
3887,0.9935134,0,35,3) common (21-100),0.9580798,0.034906287,1.0,0.3647276674613738
3888,0.8841323,1,118,4) very common (100+),0.6200757,0.17076619,1.0,2.63828028058049
3889,0.7609002,1,1070,4) very common (100+),0.54837173,0.10995303,0.75,2.35912162144716
3890,0.1464975,1,26,3) common (21-100),0.055333458,0.027094727,0.7,7.093928441534084
3891,0.9584621,0,1000,4) very common (100+),0.8221534,0.09668661,1.0,1.4048788021748102
3892,0.4138883,0,3,1) very rare (1-5),0.31404263,0.103286736,0.85,4.091960890926954
3893,0.022091696,1,0,1) very rare (1-5),0.014975265,0.0071962043,0.2,8.24802199971218
3894,0.31154352,0,102,4) very common (100+),0.1332781,0.09109382,1.0,6.9301736804222935
3895,0.39343482,0,76,3) common (21-100),0.42956644,0.08450974,0.65,2.566270309207952
3896,0.51303285,0,63,3) common (21-100),0.22678928,0.11359678,0.85,5.025376963875273
3897,0.37374097,0,134,4) very common (100+),0.25547704,0.08507696,0.6,4.623200419422619
3898,0.9161796,0,1000,4) very common (100+),0.7015039,0.09086586,1.0,2.206406890384743
3899,0.98591655,1,1,1) very rare (1-5),0.8609477,0.07763321,1.0,1.3476039528778563
3900,0.6093582,1,4,1) very rare (1-5),0.4010791,0.09610594,0.7,3.6984554351421837
3901,0.3186424,0,69,3) common (21-100),0.18103543,0.06694922,0.8,5.918361747362703
3902,0.28795165,1,237,4) very common (100+),0.11395036,0.06694982,0.95,6.6636747246571195
3903,0.29093862,0,0,1) very rare (1-5),0.18334752,0.08958182,0.4,5.651037967363013
3904,0.77302134,0,11,2) rare (6-20),0.4860629,0.15683132,0.95,3.739326349249283
3905,0.9580896,0,69,3) common (21-100),0.81725407,0.11186795,1.0,1.3266806985934998
3906,0.6729225,1,14,2) rare (6-20),0.4845808,0.10592664,0.95,2.5477859932215385
3907,0.83997697,0,1,1) very rare (1-5),0.56440216,0.1275368,1.0,3.160477334010505
3908,0.3291734,1,5,1) very rare (1-5),0.17931281,0.07487231,0.8,5.8497650521083635
3909,0.3586955,0,7,2) rare (6-20),0.12666003,0.055885147,0.85,6.502984668593834
3910,0.45163295,1,1070,4) very common (100+),0.3926521,0.11087626,0.6,3.7404819470463897
3911,0.42451927,1,65,3) common (21-100),0.3662216,0.10826105,0.7,3.2374145363314284
3912,0.05366673,1,0,1) very rare (1-5),0.04350485,0.021105036,0.4,7.243789274124835
3913,0.50532866,1,4,1) very rare (1-5),0.26309246,0.12100784,0.8,5.2463879841535395
3914,0.2538268,0,84,3) common (21-100),0.09391588,0.04290063,0.65,7.039540667841236
3915,0.8168456,1,0,1) very rare (1-5),0.47577056,0.14403203,1.0,4.041883594501272
3916,0.62170625,1,34,3) common (21-100),0.25261343,0.10656904,1.0,5.858450284348414
3917,0.869824,1,118,4) very common (100+),0.5145501,0.12509015,1.0,4.006565588444915
3918,0.87241364,1,3,1) very rare (1-5),0.63299835,0.127846,1.0,2.588329019982117
3919,0.76740384,1,2,1) very rare (1-5),0.45445794,0.11424593,0.95,4.096475262744645
3920,0.20469983,1,14,2) rare (6-20),0.14145932,0.07591944,0.5,6.253557715125174
3921,0.8441399,0,7,2) rare (6-20),0.5887957,0.0894014,1.0,2.737958270118286
3922,0.035876635,1,0,1) very rare (1-5),0.021165464,0.009455377,0.35,8.082586469028772
3923,0.062492542,1,70,3) common (21-100),0.036912788,0.010164111,0.3,7.440593516498268
3924,0.7675519,1,68,3) common (21-100),0.4270103,0.10010759,1.0,4.460459172469728
3925,0.8194594,1,4,1) very rare (1-5),0.67865455,0.14143127,0.9,1.4348247119506379
3926,0.44112176,0,1290,4) very common (100+),0.20352972,0.08969709,0.9,5.3146376622583915
3927,0.4019317,1,3,1) very rare (1-5),0.3157916,0.10778413,0.45,3.3634447107210903
3928,0.8457356,1,11,2) rare (6-20),0.51363593,0.12811494,1.0,3.9469595553327776
3929,0.45709437,0,21,3) common (21-100),0.3052521,0.097488426,0.85,4.08768633440888
3930,0.4078624,0,0,1) very rare (1-5),0.23580904,0.09848329,0.55,4.35407789437933
3931,0.29834944,1,6,2) rare (6-20),0.1716835,0.051041845,0.75,5.447453672408445
3932,0.5680502,1,0,1) very rare (1-5),0.22315629,0.12643291,0.95,5.6780054534451505
3933,0.4954293,1,4,1) very rare (1-5),0.24473555,0.08731815,0.9,4.919097719590847
3934,0.9290047,1,1070,4) very common (100+),0.6853479,0.097333096,1.0,2.725634375782545
3935,0.09109486,1,2,1) very rare (1-5),0.04489361,0.020148885,0.4,7.365093973723038
3936,0.52682626,1,76,3) common (21-100),0.24624097,0.09615281,0.75,5.113821895300168
3937,0.83987767,0,14,2) rare (6-20),0.63365835,0.08300706,1.0,2.08131802609256
3938,0.38582093,0,44,3) common (21-100),0.13688156,0.055798467,1.0,6.89996211107242
3939,0.4638619,1,8,2) rare (6-20),0.40335995,0.115456134,0.6,3.4242753423453465
3940,0.4905145,1,105,4) very common (100+),0.2515088,0.091893144,0.8,5.139416289046407
3941,0.34168813,1,53,3) common (21-100),0.15455768,0.046792895,0.9,6.611057412189255
3942,0.25287658,0,142,4) very common (100+),0.19172463,0.058297925,0.6,5.543650278238845
3943,0.19592309,0,0,1) very rare (1-5),0.068920866,0.030867666,0.65,7.323533692958884
3944,0.69890827,1,81,3) common (21-100),0.5035,0.118929535,0.9,3.0331027533832184
3945,0.153425,1,1,1) very rare (1-5),0.05448966,0.0251606,0.9,7.136653299213741
3946,0.73068523,0,84,3) common (21-100),0.354669,0.13130806,0.95,5.111566591888147
3947,0.6000036,0,21,3) common (21-100),0.28547543,0.08419541,1.0,5.5126185303053505
3948,0.5961623,0,123,4) very common (100+),0.32424894,0.10121762,0.85,4.773095066341826
3949,0.03413403,1,0,1) very rare (1-5),0.027875345,0.01027849,0.25,7.5364768260878625
3950,0.54149497,1,38,3) common (21-100),0.60461,0.077248,0.65,1.3036274334742721
3951,0.9797933,0,78,3) common (21-100),0.8521703,0.0941077,1.0,1.2998313658304932
3952,0.42561606,0,159,4) very common (100+),0.18566845,0.13142882,0.9,6.798224806862857
3953,0.18937044,0,5,1) very rare (1-5),0.077561684,0.033458676,0.65,7.025919654001771
3954,0.5826548,1,25,3) common (21-100),0.3194204,0.11705168,0.6,4.896900419529988
3955,0.700018,0,5,1) very rare (1-5),0.54209054,0.10685702,1.0,2.599276486353231
3956,0.10507983,1,10,2) rare (6-20),0.04768195,0.022428,0.7,7.324156040852341
3957,0.2890978,1,18,2) rare (6-20),0.16938564,0.041071944,0.5,4.841093795445305
3958,0.4296858,1,160,4) very common (100+),0.22175327,0.051803134,0.6,4.912110806319457
3959,0.3301973,1,134,4) very common (100+),0.15703586,0.080264844,0.95,6.934378516637759
3960,0.9180183,1,4,1) very rare (1-5),0.823847,0.077889964,1.0,1.0804009520927293
3961,0.8406979,0,9,2) rare (6-20),0.41220418,0.14669405,0.9,4.399323574808785
3962,0.77949923,1,76,3) common (21-100),0.56602967,0.14592429,1.0,3.032930026643954
3963,0.29733098,1,6,2) rare (6-20),0.17018856,0.074425384,0.8,6.067422681369994
3964,0.35203406,1,343,4) very common (100+),0.28706533,0.09346128,0.4,3.6306525390381825
3965,0.81475455,0,261,4) very common (100+),0.3724416,0.11707701,1.0,5.301013803293378
3966,0.06256085,1,2,1) very rare (1-5),0.034768187,0.013033262,0.5,7.562133667395488
3967,0.08101863,1,0,1) very rare (1-5),0.043150842,0.020844711,0.6,7.356853614908968
3968,0.97337013,0,372,4) very common (100+),0.8018608,0.093061544,1.0,1.7018940943131173
3969,0.6272583,1,42,3) common (21-100),0.33325595,0.16420577,1.0,4.807877597144287
3970,0.5522787,1,1,1) very rare (1-5),0.22092156,0.11508439,1.0,5.912628208737147
3971,0.41359288,0,0,1) very rare (1-5),0.27906495,0.11780873,0.85,4.227730158495512
3972,0.20709579,0,0,1) very rare (1-5),0.07143794,0.042236596,0.75,7.381654216966581
3973,0.9431229,0,134,4) very common (100+),0.70595455,0.11755999,1.0,2.359104087162278
3974,0.25443977,1,0,1) very rare (1-5),0.17580791,0.054437462,0.5,5.524452005953388
3975,0.64862806,1,3,1) very rare (1-5),0.44550124,0.11244421,0.9,3.407960772862319
3976,0.47063312,0,5,1) very rare (1-5),0.43624067,0.11237405,0.6,2.883031200457279
3977,0.24704804,1,107,4) very common (100+),0.117415346,0.0744615,0.75,6.488615176229983
3978,0.40420634,0,261,4) very common (100+),0.17649145,0.08158768,0.9,6.2561449183721205
3979,0.4254718,1,1290,4) very common (100+),0.32019445,0.08013531,0.5,4.097648792124508
3980,0.36833477,1,51,3) common (21-100),0.23837349,0.07467405,0.7,4.762749386257707
3981,0.45535904,1,107,4) very common (100+),0.38750005,0.10614079,0.65,3.010523005968452
3982,0.81523013,0,275,4) very common (100+),0.6335764,0.097576775,1.0,2.106149536319286
3983,0.43497318,1,2,1) very rare (1-5),0.19995397,0.07729302,0.95,5.939271547002487
3984,0.28283352,1,0,1) very rare (1-5),0.093709975,0.07442167,0.95,7.230987682767232
3985,0.8293827,0,237,4) very common (100+),0.47552362,0.13734573,1.0,4.346351392921008
3986,0.086912155,1,14,2) rare (6-20),0.05605037,0.011538193,0.4,7.036883905739499
3987,0.82016784,0,10,2) rare (6-20),0.48990935,0.13504648,1.0,3.2000229152585797
3988,0.28674734,1,0,1) very rare (1-5),0.14129996,0.034575827,0.9,6.184813915809951
3989,0.10019213,1,0,1) very rare (1-5),0.033724047,0.010605415,0.45,7.727697298679093
3990,0.12621722,1,6,2) rare (6-20),0.051312674,0.023336831,0.7,7.5827975167131
3991,0.72932476,0,145,4) very common (100+),0.5997087,0.10268281,0.8,1.6208405090492304
3992,0.33228937,1,17,2) rare (6-20),0.15771611,0.057873886,0.7,6.15269242997341
3993,0.9782827,0,89,3) common (21-100),0.84245205,0.06592405,1.0,1.404936102788824
3994,0.7185904,0,96,3) common (21-100),0.32889438,0.101702206,1.0,5.319403047083289
3995,0.2754815,0,32,3) common (21-100),0.0811272,0.038673665,0.8,7.390736278543419
3996,0.42272392,1,178,4) very common (100+),0.24873665,0.07456844,0.8,5.174651998509949
3997,0.1456503,0,5,1) very rare (1-5),0.068515055,0.031683642,0.6,7.023088628820135
3998,0.39470932,0,0,1) very rare (1-5),0.3134737,0.09722209,0.65,3.928756935103192
3999,0.75950235,0,166,4) very common (100+),0.48907155,0.13157062,1.0,3.333633837112808
4000,0.5112491,0,261,4) very common (100+),0.29356843,0.09023884,0.9,5.081604910014535
4001,0.7707535,0,9,2) rare (6-20),0.52759707,0.13524447,1.0,2.920126583754255
4002,0.2645973,1,0,1) very rare (1-5),0.12901478,0.081805535,0.75,6.9372194824922335
4003,0.8554713,0,46,3) common (21-100),0.72006404,0.098011464,1.0,1.6706190548684472
4004,0.680018,1,2,1) very rare (1-5),0.29829934,0.13536114,1.0,6.014164432069087
4005,0.59159523,1,69,3) common (21-100),0.27801242,0.11929238,1.0,5.307684964499022
4006,0.9355477,0,22,3) common (21-100),0.7557623,0.11258187,1.0,1.726372018020008
4007,0.53212094,1,1,1) very rare (1-5),0.32969937,0.13518776,0.85,3.7336042386059205
4008,0.11451173,1,14,2) rare (6-20),0.055119894,0.019131249,0.45,7.0554139080108165
4009,0.7502421,1,1070,4) very common (100+),0.60458076,0.11163174,0.8,1.978631992197847
4010,0.46539444,0,106,4) very common (100+),0.1992317,0.07776201,0.85,5.717346353208671
4011,0.8702232,0,1290,4) very common (100+),0.5940708,0.15259881,1.0,2.7736999298933718
4012,0.24025913,1,0,1) very rare (1-5),0.07180468,0.03334535,0.85,7.396957324676795
4013,0.44358122,0,66,3) common (21-100),0.16507904,0.07953395,0.9,6.495371111679021
4014,0.1188612,1,20,2) rare (6-20),0.078458875,0.024825616,0.4,6.162348918407683
4015,0.93899095,0,66,3) common (21-100),0.7600523,0.11672405,1.0,1.8832279017444467
4016,0.5752095,1,275,4) very common (100+),0.40068784,0.10880044,0.75,3.696947675876695
4017,0.38707307,1,19,2) rare (6-20),0.16192369,0.058679305,0.6,5.7241853835909895
4018,0.5760491,0,421,4) very common (100+),0.2577637,0.07100172,0.9,5.512576334151417
4019,0.85383683,0,2,1) very rare (1-5),0.6108211,0.1364112,1.0,2.867925147840734
4020,0.5228154,1,2,1) very rare (1-5),0.2943012,0.110764205,0.95,4.895505521464457
4021,0.17030957,1,1,1) very rare (1-5),0.1697965,0.055537075,0.35,4.534655836761007
4022,0.534436,1,21,3) common (21-100),0.27410737,0.05929246,0.95,5.041950310869744
4023,0.7103634,1,38,3) common (21-100),0.5132371,0.108953476,0.8,2.648982723489711
4024,0.18406893,1,6,2) rare (6-20),0.1619771,0.05886598,0.35,5.142324188288399
4025,0.11134697,1,1,1) very rare (1-5),0.04855889,0.022679402,0.45,7.6475857303170205
4026,0.306012,1,1,1) very rare (1-5),0.25424692,0.06903753,0.55,4.0600727202386855
4027,0.9456155,0,94,3) common (21-100),0.7027684,0.13592426,1.0,2.607879797238929
4028,0.5775474,1,1290,4) very common (100+),0.23245887,0.12226419,1.0,6.432736571449656
4029,0.33280173,1,0,1) very rare (1-5),0.17990871,0.09048975,0.7,5.809575705269515
4030,0.12996612,0,5,1) very rare (1-5),0.08611949,0.036101285,0.5,6.0056811685814475
4031,0.24092989,0,2,1) very rare (1-5),0.077707574,0.043578524,0.85,7.5189421232514455
4032,0.9536096,1,1,1) very rare (1-5),0.7535449,0.12230419,1.0,2.2479100724501624
4033,0.13586502,1,3,1) very rare (1-5),0.090368524,0.029724687,0.45,6.273732888329747
4034,0.13177633,1,0,1) very rare (1-5),0.073158786,0.027642353,0.45,7.235498740922742
4035,0.95287347,1,81,3) common (21-100),0.7794337,0.08654956,1.0,1.7160031684860548
4036,0.10900954,1,36,3) common (21-100),0.05577887,0.017615564,0.55,7.1231556110509295
4037,0.037367366,1,1,1) very rare (1-5),0.02376097,0.010931717,0.35,7.9445170845190605
4038,0.36983055,1,0,1) very rare (1-5),0.12435838,0.06639954,0.95,7.181454781138972
4039,0.1386604,1,75,3) common (21-100),0.09853517,0.048860036,0.35,6.610920099976952
4040,0.42601576,0,43,3) common (21-100),0.33673418,0.09335002,0.6,4.14537399762699
4041,0.12680405,1,0,1) very rare (1-5),0.0615624,0.038714,0.75,7.285730239811555
4042,0.760407,0,17,2) rare (6-20),0.54121435,0.12782867,0.9,2.392429160091992
4043,0.12037877,1,10,2) rare (6-20),0.05202801,0.028201532,0.55,7.758669914410643
4044,0.88391215,1,0,1) very rare (1-5),0.6729876,0.10392738,0.95,1.9835022839355783
4045,0.8113402,1,17,2) rare (6-20),0.5968417,0.121840484,1.0,2.4932690707827074
4046,0.43300667,0,76,3) common (21-100),0.2970775,0.09806523,0.6,4.267750339366008
4047,0.9444518,0,275,4) very common (100+),0.7113833,0.13406035,1.0,1.8760047100910477
4048,0.4512409,1,13,2) rare (6-20),0.14791307,0.045532566,0.9,6.331281868270158
4049,0.17174074,0,39,3) common (21-100),0.07506646,0.033693854,0.9,7.632380814918554
4050,0.6895868,0,79,3) common (21-100),0.45202106,0.11735578,0.95,3.358064285056466
4051,0.6479785,0,1,1) very rare (1-5),0.54176205,0.14031479,0.85,2.4380831497703475
4052,0.92529225,0,1000,4) very common (100+),0.7882495,0.08326788,1.0,1.3661941659199068
4053,0.7262776,0,91,3) common (21-100),0.32248682,0.096544415,1.0,5.516417928293409
4054,0.39634913,1,3,1) very rare (1-5),0.17806868,0.08431448,0.95,5.848255474033383
4055,0.5191305,0,44,3) common (21-100),0.22357015,0.069418475,0.85,5.411393416127881
4056,0.9010986,0,1290,4) very common (100+),0.675304,0.10579127,1.0,2.2222231785278814
4057,0.87161905,0,17,2) rare (6-20),0.57825893,0.12813516,1.0,2.7783812506887764
4058,0.28737944,1,22,3) common (21-100),0.21756764,0.08703728,0.45,5.133529029115994
4059,0.087743096,1,3,1) very rare (1-5),0.04067024,0.020074558,0.7,7.93012689572164
4060,0.14739978,1,1,1) very rare (1-5),0.094709724,0.03749154,0.4,6.34773780412719
4061,0.274509,1,1,1) very rare (1-5),0.11208604,0.060153037,0.85,7.199024738137895
4062,0.45789254,1,22,3) common (21-100),0.4224202,0.12451087,0.7,2.7472569954198085
4063,0.7150659,1,343,4) very common (100+),0.4383049,0.13389786,1.0,3.1761180596760545
4064,0.2847082,1,8,2) rare (6-20),0.17527221,0.07006556,0.6,5.797935193701932
4065,0.5017565,1,89,3) common (21-100),0.1688139,0.11125268,0.95,6.657519282700487
4066,0.96793526,0,142,4) very common (100+),0.8531143,0.0910063,1.0,0.9233685956356901
4067,0.8563153,1,268,4) very common (100+),0.6179044,0.14697821,1.0,2.177363427904855
4068,0.7834398,0,1290,4) very common (100+),0.61928904,0.15553713,0.8,1.652078565894637
4069,0.10354113,1,1,1) very rare (1-5),0.04962022,0.025937414,0.55,7.56928367897356
4070,0.18735814,0,6,2) rare (6-20),0.09467167,0.025916955,0.35,6.685210263384794
4071,0.52686733,0,88,3) common (21-100),0.19415486,0.09664314,0.95,5.883460097030651
4072,0.14753091,0,14,2) rare (6-20),0.088460326,0.032236107,0.45,6.169364261618522
4073,0.13479152,1,5,1) very rare (1-5),0.07638596,0.028352393,0.55,6.520552766233704
4074,0.14338794,1,7,2) rare (6-20),0.049950965,0.023824414,0.75,7.129332643673651
4075,0.13460737,1,0,1) very rare (1-5),0.11342899,0.045504693,0.45,5.420885752455714
4076,0.9538873,0,121,4) very common (100+),0.69020855,0.13349415,1.0,2.875315455124933
4077,0.24642819,0,3,1) very rare (1-5),0.1602811,0.06385939,0.6,5.222610379730099
4078,0.23450938,1,1070,4) very common (100+),0.1042227,0.038644057,0.8,6.778861492252454
4079,0.10819672,1,0,1) very rare (1-5),0.08357138,0.036856268,0.35,6.2782413716278285
4080,0.6686551,0,111,4) very common (100+),0.35739216,0.104085624,0.95,4.417299620386599
4081,0.31212494,1,0,1) very rare (1-5),0.20791474,0.07032725,0.6,5.179578319118293
4082,0.88709855,0,47,3) common (21-100),0.5990432,0.13134606,1.0,2.835589245401913
4083,0.07883884,1,0,1) very rare (1-5),0.029140424,0.013973483,0.65,7.999064081861316
4084,0.09404808,1,0,1) very rare (1-5),0.031841066,0.015766485,0.85,7.74250438210252
4085,0.6646653,1,65,3) common (21-100),0.5641301,0.12944207,0.9,1.8467870099127774
4086,0.3691931,0,1,1) very rare (1-5),0.24207771,0.06752961,0.7,4.4947684632344345
4087,0.62533396,0,2,1) very rare (1-5),0.37242,0.11822145,1.0,3.6355462423776057
4088,0.074068725,1,3,1) very rare (1-5),0.042212468,0.018182049,0.6,7.766435834738869
4089,0.20414034,1,1,1) very rare (1-5),0.10509132,0.04812094,0.45,6.683287893930362
4090,0.3948141,0,14,2) rare (6-20),0.1760659,0.087792926,0.9,5.947959912164416
4091,0.35164937,1,8,2) rare (6-20),0.26881713,0.06845894,0.55,4.458798707740726
4092,0.5906442,1,146,4) very common (100+),0.40481776,0.12529011,0.8,3.196409165133045
4093,0.16385959,1,0,1) very rare (1-5),0.088957526,0.04088395,0.45,6.557056607330276
4094,0.9406085,0,10,2) rare (6-20),0.6947578,0.13984522,1.0,2.7187808060987155
4095,0.68455535,0,100,3) common (21-100),0.47384724,0.10018656,0.8,3.3541602905443724
4096,0.97323483,0,223,4) very common (100+),0.7899736,0.079095565,1.0,1.9621427125678985
4097,0.377055,0,4,1) very rare (1-5),0.26210195,0.11330037,0.75,4.918661855833408
4098,0.2423089,1,0,1) very rare (1-5),0.14987251,0.042964738,0.55,5.302644997153332
4099,0.7045003,1,6,2) rare (6-20),0.535415,0.1375442,0.95,2.536968666821453
4100,0.6205644,0,2,1) very rare (1-5),0.28006738,0.10637425,0.95,5.679619086536066
4101,0.07145615,0,3,1) very rare (1-5),0.04994903,0.013425552,0.45,6.799487332476508
4102,0.19670798,1,1,1) very rare (1-5),0.10355258,0.036048386,0.7,6.28717043500601
4103,0.94876474,0,343,4) very common (100+),0.65384173,0.12816116,1.0,3.10387489613582
4104,0.3235868,1,1,1) very rare (1-5),0.14927451,0.057046127,0.55,6.700835276383202
4105,0.020116739,1,0,1) very rare (1-5),0.017546996,0.007475075,0.15,7.988511226526247
4106,0.06650789,1,0,1) very rare (1-5),0.044671826,0.02041689,0.3,7.290978621472897
4107,0.94046223,1,1000,4) very common (100+),0.6650514,0.102037326,1.0,3.061054084027434
4108,0.6406513,0,89,3) common (21-100),0.29342648,0.117032066,0.9,5.151834437879129
4109,0.66108954,0,223,4) very common (100+),0.4626754,0.1324661,0.8,3.22396460485444
4110,0.0541396,1,85,3) common (21-100),0.03145722,0.011782766,0.4,7.7269476030465665
4111,0.8702383,1,4,1) very rare (1-5),0.5091609,0.16144647,1.0,3.930742335574493
4112,0.96173483,0,74,3) common (21-100),0.80882996,0.09850122,1.0,1.3597783112745854
4113,0.37106192,1,15,2) rare (6-20),0.3589967,0.06771626,0.55,2.965680297775464
4114,0.14181985,1,76,3) common (21-100),0.093144335,0.047566023,0.6,6.7354818839084105
4115,0.98449206,0,211,4) very common (100+),0.8618188,0.053600755,1.0,1.2950755824258846
4116,0.20323795,1,0,1) very rare (1-5),0.08698797,0.05111529,0.75,6.806448024814455
4117,0.14339687,1,13,2) rare (6-20),0.06294904,0.01814271,0.6,7.078777146505681
4118,0.6943076,0,84,3) common (21-100),0.2810309,0.09432208,1.0,5.88885798581868
4119,0.8941085,0,1290,4) very common (100+),0.7327239,0.114648506,1.0,1.9681385333253152
4120,0.293398,1,0,1) very rare (1-5),0.17740217,0.048402857,0.5,5.8931716045928395
4121,0.5891204,0,9,2) rare (6-20),0.33800358,0.10600722,1.0,4.779484743502477
4122,0.3156896,1,1,1) very rare (1-5),0.17672838,0.096357085,0.8,5.425165434559414
4123,0.020121213,1,0,1) very rare (1-5),0.015093187,0.004648404,0.25,8.089393021067599
4124,0.6159093,0,66,3) common (21-100),0.28960648,0.13472074,0.95,5.05739288315741
4125,0.3052636,1,1,1) very rare (1-5),0.18296406,0.060167596,0.7,5.116633904764521
4126,0.1484093,1,21,3) common (21-100),0.08347446,0.028454894,0.45,6.4043253134782745
4127,0.39596817,1,118,4) very common (100+),0.3998376,0.08126307,0.55,2.2534877636483555
4128,0.46061662,0,69,3) common (21-100),0.18072136,0.08277771,1.0,6.247105821934079
4129,0.17471488,0,27,3) common (21-100),0.06655227,0.040266495,0.75,7.368188305930653
4130,0.96806395,0,182,4) very common (100+),0.7692523,0.12610435,1.0,2.0594314996209597
4131,0.2029277,1,2,1) very rare (1-5),0.076474525,0.025050586,0.9,7.000222940328898
4132,0.80665326,1,105,4) very common (100+),0.5981367,0.10344318,0.95,2.2027952546647875
4133,0.74074084,1,1290,4) very common (100+),0.49108586,0.13024601,1.0,3.0486712761309414
4134,0.9218614,1,1070,4) very common (100+),0.7489904,0.1034212,1.0,1.6387509082893783
4135,0.34200114,1,19,2) rare (6-20),0.18667215,0.06505039,0.75,5.952421696842391
4136,0.12454695,1,2,1) very rare (1-5),0.06745024,0.030902654,0.55,7.029358612236342
4137,0.91800636,0,15,2) rare (6-20),0.7146692,0.14180139,1.0,2.034349084837901
4138,0.06010692,1,0,1) very rare (1-5),0.028413523,0.014566384,0.4,7.946784230042777
4139,0.49120843,1,106,4) very common (100+),0.34633422,0.14492773,0.75,2.9450523438855836
4140,0.086087205,1,1,1) very rare (1-5),0.08657042,0.020093484,0.35,5.359456775286567
4141,0.66977006,1,63,3) common (21-100),0.3607229,0.12732834,1.0,4.815341760409398
4142,0.32472402,0,1,1) very rare (1-5),0.095106766,0.048960745,0.85,7.4065049661623865
4143,0.07229656,1,92,3) common (21-100),0.055380486,0.023790495,0.2,6.332514032773538
4144,0.22495022,1,0,1) very rare (1-5),0.089029446,0.058362156,0.9,7.078328035770967
4145,0.4562635,1,1,1) very rare (1-5),0.19710317,0.08960826,0.85,5.893007920362791
4146,0.09607294,1,0,1) very rare (1-5),0.04017823,0.024580453,0.6,7.901353185661906
4147,0.5041204,1,23,3) common (21-100),0.2394408,0.07657858,0.9,4.992900193981508
4148,0.81859887,0,4,1) very rare (1-5),0.53538465,0.14612643,1.0,3.4248362415642797
4149,0.10075875,1,0,1) very rare (1-5),0.05062855,0.021192985,0.6,7.623934215574622
4150,0.9668638,0,1000,4) very common (100+),0.84140843,0.08494405,1.0,1.170017866931579
4151,0.3138737,0,1070,4) very common (100+),0.25064892,0.075465724,0.55,4.626298271508596
4152,0.946105,0,1000,4) very common (100+),0.7553214,0.11143109,1.0,1.9256467003166298
4153,0.79360336,0,3,1) very rare (1-5),0.5014954,0.14456116,1.0,3.2049403123979414
4154,0.43627387,0,2,1) very rare (1-5),0.2655885,0.07561763,0.85,4.440357464414163
4155,0.070850275,1,0,1) very rare (1-5),0.032579005,0.012736484,0.4,7.685921105551266
4156,0.61653095,0,1290,4) very common (100+),0.42770544,0.1255702,0.85,3.8622665429831775
4157,0.15821,1,0,1) very rare (1-5),0.09429034,0.040714238,0.35,6.481490255494658
4158,0.74068964,0,1,1) very rare (1-5),0.4582078,0.15111578,1.0,4.068932225941898
4159,0.36642733,1,0,1) very rare (1-5),0.16385397,0.08977644,0.7,5.617143267365804
4160,0.3117163,1,0,1) very rare (1-5),0.11618398,0.0638629,1.0,6.923176968715923
4161,0.44612476,0,7,2) rare (6-20),0.25759143,0.09928349,0.9,4.261182512903501
4162,0.531306,1,35,3) common (21-100),0.29980564,0.13313872,1.0,5.044272046509505
4163,0.36385947,0,37,3) common (21-100),0.22630349,0.0553946,0.5,5.047792664647423
4164,0.636885,0,17,2) rare (6-20),0.3296665,0.11865633,1.0,4.55633357491609
4165,0.44310132,0,2,1) very rare (1-5),0.24119326,0.10531868,0.85,4.967668017629215
4166,0.05970996,1,0,1) very rare (1-5),0.029082814,0.01952646,0.45,7.8850327252261465
4167,0.9452494,0,7,2) rare (6-20),0.71693534,0.1332434,1.0,2.3984677226270343
4168,0.6272842,1,89,3) common (21-100),0.23613659,0.110059954,1.0,6.168487303912915
4169,0.49084592,1,275,4) very common (100+),0.2024292,0.08658866,0.9,6.595267020001572
4170,0.028015535,1,1,1) very rare (1-5),0.024042785,0.009164145,0.25,7.616396890538077
4171,0.5007863,0,106,4) very common (100+),0.2454807,0.09269269,0.8,5.620909145379764
4172,0.9933856,0,1000,4) very common (100+),0.9494535,0.026903104,1.0,0.4342674272397263
4173,0.21672648,1,159,4) very common (100+),0.08445611,0.031101435,0.65,7.348720538856689
4174,0.07396452,1,1,1) very rare (1-5),0.04002106,0.015169295,0.6,7.671269571081392
4175,0.56318533,0,1,1) very rare (1-5),0.28519464,0.12439662,0.9,5.415488517549899
4176,0.5033569,1,2,1) very rare (1-5),0.13987105,0.06554373,1.0,6.808786301201694
4177,0.95815045,0,15,2) rare (6-20),0.82653964,0.09368667,1.0,1.1336992697728796
4178,0.013556965,1,21,3) common (21-100),0.011033685,0.0037727912,0.35,8.392784049866158
4179,0.20135808,1,343,4) very common (100+),0.08225961,0.030795654,0.55,6.802709402775342
4180,0.23028404,1,27,3) common (21-100),0.13395104,0.059725475,0.5,5.904468204050706
4181,0.16453567,1,1,1) very rare (1-5),0.09363521,0.035907913,0.65,6.456694183269413
4182,0.084035374,1,1,1) very rare (1-5),0.050680168,0.019588877,0.25,7.193944025529616
4183,0.09904076,1,0,1) very rare (1-5),0.051991217,0.026073162,0.55,7.403644755109324
4184,0.02817325,1,237,4) very common (100+),0.020195344,0.008637427,0.4,7.9453700361099635
4185,0.63130146,0,3,1) very rare (1-5),0.31400746,0.14111187,0.95,5.0131591710711625
4186,0.94648194,0,78,3) common (21-100),0.78702277,0.09261505,1.0,1.6165079043141863
4187,0.13112198,1,118,4) very common (100+),0.06998079,0.02470161,0.35,6.627596717019443
4188,0.9278666,0,8,2) rare (6-20),0.7098127,0.11840263,1.0,2.3743990635542573
4189,0.7227583,1,343,4) very common (100+),0.45801178,0.16461185,0.9,3.0624712391002222
4190,0.032847505,1,88,3) common (21-100),0.023264512,0.010583644,0.25,8.084304052841375
4191,0.5833601,1,372,4) very common (100+),0.34263188,0.11480975,0.95,3.850906951114602
4192,0.3443721,1,261,4) very common (100+),0.19293067,0.0835479,0.85,5.687163052874521
4193,0.70308536,0,275,4) very common (100+),0.3506315,0.1439276,1.0,5.018435579610947
4194,0.7519849,0,2,1) very rare (1-5),0.43981022,0.15524806,1.0,4.117998833883044
4195,0.32384175,1,8,2) rare (6-20),0.13662182,0.044375952,0.8,5.763156896137028
4196,0.8551932,0,37,3) common (21-100),0.43324488,0.14020307,1.0,5.135446756303578
4197,0.3471105,0,1,1) very rare (1-5),0.16158326,0.08805158,0.6,5.510913928853247
4198,0.7928627,1,1070,4) very common (100+),0.5334281,0.15875417,1.0,3.4029933387039746
4199,0.06784882,1,2,1) very rare (1-5),0.04982568,0.023360655,0.55,7.124137625479811
4200,0.045094952,1,2,1) very rare (1-5),0.025923252,0.01093765,0.4,7.960182038863339
4201,0.41044807,0,12,2) rare (6-20),0.34691507,0.102852866,0.6,3.733126828181197
4202,0.97642523,0,85,3) common (21-100),0.8826543,0.05536448,1.0,0.8003359781203616
4203,0.9327879,1,1070,4) very common (100+),0.7446442,0.09525604,1.0,2.1404739131619115
4204,0.21475984,0,15,2) rare (6-20),0.11621553,0.044328406,0.5,6.554173600329008
4205,0.12659201,1,0,1) very rare (1-5),0.08241473,0.022791686,0.35,6.299080158003402
4206,0.4505904,0,2,1) very rare (1-5),0.3186834,0.106141634,0.75,4.532049070108001
4207,0.92564625,0,223,4) very common (100+),0.8333863,0.076977804,1.0,1.0576929463010405
4208,0.93793833,1,268,4) very common (100+),0.6284123,0.15137261,1.0,3.4622213339070207
4209,0.2876734,0,223,4) very common (100+),0.14249969,0.061296616,0.5,6.641737697102796
4210,0.2038692,1,0,1) very rare (1-5),0.12341346,0.06005445,0.9,6.583166924202071
4211,0.20199549,1,0,1) very rare (1-5),0.10220748,0.07384908,0.7,7.287852573545059
4212,0.03716311,1,0,1) very rare (1-5),0.020680262,0.0073096408,0.4,8.185120057435784
4213,0.34229112,1,0,1) very rare (1-5),0.1435838,0.060995832,0.6,5.681717586816086
4214,0.33055082,1,2,1) very rare (1-5),0.1590709,0.060773555,0.65,5.940767651163102
4215,0.43549928,1,12,2) rare (6-20),0.28417042,0.12880483,0.75,3.9189696568211367
4216,0.6183517,0,46,3) common (21-100),0.28134263,0.12704778,1.0,5.989558658216126
4217,0.46000156,0,10,2) rare (6-20),0.38494757,0.102204666,0.7,2.5023101738843847
4218,0.66559696,1,70,3) common (21-100),0.28857583,0.1106092,0.9,5.710712127284631
4219,0.014389935,1,1,1) very rare (1-5),0.0108426595,0.0035358116,0.25,8.166769513326182
4220,0.6139148,1,0,1) very rare (1-5),0.31130716,0.11508407,0.9,4.569109422400901
4221,0.81100625,1,0,1) very rare (1-5),0.45151973,0.13749276,1.0,4.624200745337893
4222,0.31980217,0,2,1) very rare (1-5),0.075729646,0.037071615,0.95,7.820018955515554
4223,0.82612574,0,11,2) rare (6-20),0.51202565,0.14707385,1.0,3.927838408336263
4224,0.37012407,1,160,4) very common (100+),0.17622176,0.07281297,0.9,5.746781096379433
4225,0.34166026,1,2,1) very rare (1-5),0.17834811,0.054795075,0.5,5.896308595552341
4226,0.89232224,0,66,3) common (21-100),0.74057513,0.12587248,1.0,1.459053524393718
4227,0.1406576,1,16,2) rare (6-20),0.094910614,0.045023393,0.4,6.03044739021111
4228,0.20892423,1,7,2) rare (6-20),0.06997564,0.03441579,1.0,7.574424118422968
4229,0.89679825,0,26,3) common (21-100),0.66237503,0.08776544,1.0,2.4476754231393465
4230,0.95178366,0,223,4) very common (100+),0.83908385,0.063178875,1.0,0.9531253094692153
4231,0.07814608,1,1,1) very rare (1-5),0.050946373,0.017790748,0.3,6.631901751391649
4232,0.1960417,1,0,1) very rare (1-5),0.12766239,0.047795843,0.55,5.959202463736698
4233,0.99389946,0,1000,4) very common (100+),0.9401642,0.03822604,1.0,0.6038906529815624
4234,0.023872485,1,0,1) very rare (1-5),0.01645026,0.0047817314,0.25,7.995657467133085
4235,0.054268155,1,1,1) very rare (1-5),0.032587208,0.019408476,0.45,7.684237692328695
4236,0.33252016,1,58,3) common (21-100),0.20860048,0.06150904,0.65,5.6756541549813955
4237,0.0880582,1,1,1) very rare (1-5),0.04232248,0.020015659,0.7,7.81208943343651
4238,0.96734834,0,421,4) very common (100+),0.86709136,0.07171131,1.0,0.8434337016243026
4239,0.0723448,1,26,3) common (21-100),0.031113986,0.022100462,0.85,8.046345337422675
4240,0.60074365,0,1,1) very rare (1-5),0.475394,0.1252887,0.85,2.813731570750151
4241,0.258708,1,1,1) very rare (1-5),0.19576633,0.078002825,0.5,5.134642748006974
4242,0.35129762,0,6,2) rare (6-20),0.14603126,0.044759765,0.85,6.6913615175817025
4243,0.7221124,0,9,2) rare (6-20),0.5168585,0.16133502,0.9,2.770119398249787
4244,0.5307721,0,421,4) very common (100+),0.24528973,0.08535321,1.0,6.064120786304766
4245,0.95394325,0,1070,4) very common (100+),0.8525785,0.08594999,1.0,0.9369297142077075
4246,0.47711352,1,28,3) common (21-100),0.24440894,0.08544949,0.8,5.259399394817471
4247,0.8886531,0,37,3) common (21-100),0.7040054,0.12434778,1.0,2.020053131169952
4248,0.8470673,1,15,2) rare (6-20),0.6088494,0.120011084,1.0,2.767156818515628
4249,0.15948611,0,1,1) very rare (1-5),0.054199636,0.018030819,0.65,7.247861961016675
4250,0.42957696,1,69,3) common (21-100),0.29034263,0.0894373,0.65,4.5110561828080185
4251,0.5454712,1,1,1) very rare (1-5),0.37212744,0.095135674,0.75,3.4319703508798023
4252,0.24523321,1,4,1) very rare (1-5),0.11226274,0.049845736,0.75,6.711218846880025
4253,0.14639685,1,19,2) rare (6-20),0.06545648,0.03455225,0.6,7.311254138682763
4254,0.53783864,0,21,3) common (21-100),0.27857468,0.12545125,1.0,5.138909989835725
4255,0.2229247,1,24,3) common (21-100),0.08787863,0.040221553,0.4,6.631010972421797
4256,0.49780515,1,7,2) rare (6-20),0.23220253,0.08583331,0.65,5.394713018250894
4257,0.29082495,1,700,4) very common (100+),0.15400401,0.05714513,0.6,6.1584072102144365
4258,0.13215367,1,0,1) very rare (1-5),0.057643436,0.025021415,0.6,7.106205326894006
4259,0.97420764,0,52,3) common (21-100),0.7869075,0.11061864,1.0,1.955256451243427
4260,0.059295673,1,178,4) very common (100+),0.058939733,0.019861624,0.25,6.569883460095357
4261,0.37063172,1,0,1) very rare (1-5),0.13170572,0.067077816,0.85,6.945972121178809
4262,0.8519393,1,2,1) very rare (1-5),0.6186395,0.13619237,1.0,2.6203532364603057
4263,0.08119845,1,16,2) rare (6-20),0.04517355,0.01916179,0.4,7.227260406656429
4264,0.25603035,1,0,1) very rare (1-5),0.1510553,0.061172526,0.9,5.842371101574836
4265,0.89901227,0,343,4) very common (100+),0.59233695,0.12137828,1.0,3.2328856441674967
4266,0.046738874,1,700,4) very common (100+),0.023647824,0.0108771585,0.35,8.157859921503217
4267,0.9477372,1,0,1) very rare (1-5),0.682459,0.1328177,1.0,2.7985455644007167
4268,0.32679316,1,78,3) common (21-100),0.13964802,0.06632771,1.0,7.070485247124651
4269,0.5769928,0,372,4) very common (100+),0.20633075,0.11985372,1.0,6.7462841028425675
4270,0.39911845,0,1070,4) very common (100+),0.3544951,0.09133318,0.75,3.1656656592709815
4271,0.90241444,0,3,1) very rare (1-5),0.5304109,0.12379294,1.0,3.997094633269671
4272,0.13465154,1,19,2) rare (6-20),0.08288175,0.02006998,0.35,6.150526931654225
4273,0.06461141,1,0,1) very rare (1-5),0.061858933,0.029120652,0.45,6.842884008066389
4274,0.7659542,0,3,1) very rare (1-5),0.3479181,0.109766394,1.0,5.406278091646965
4275,0.6483346,0,34,3) common (21-100),0.34967062,0.118477575,1.0,4.898618841202469
4276,0.7151005,0,100,3) common (21-100),0.53670824,0.1231482,0.85,2.3746537480436167
4277,0.2602337,1,2,1) very rare (1-5),0.09592913,0.032319855,0.75,6.86980845521092
4278,0.4328534,0,1,1) very rare (1-5),0.24129415,0.12180268,0.75,5.19886013489986
4279,0.2023412,0,0,1) very rare (1-5),0.08318469,0.035948493,0.65,6.881298043990899
4280,0.5778653,1,166,4) very common (100+),0.38787913,0.07837706,0.85,3.7737261809749967
4281,0.5502722,0,4,1) very rare (1-5),0.24274698,0.09541004,0.95,5.7240883933470545
4282,0.7124588,0,261,4) very common (100+),0.510937,0.14279865,0.9,2.9731281297032233
4283,0.44800037,1,1,1) very rare (1-5),0.20254116,0.08172689,0.85,5.705815166019633
4284,0.27433062,0,134,4) very common (100+),0.24288738,0.07310171,0.45,3.889726972417973
4285,0.18142793,1,82,3) common (21-100),0.06777878,0.032080647,0.6,6.370919067341294
4286,0.20598474,1,2,1) very rare (1-5),0.1537585,0.045926314,0.5,4.932425171930771
4287,0.7732046,0,60,3) common (21-100),0.47259003,0.13651647,0.95,3.3817644770646216
4288,0.046192847,1,0,1) very rare (1-5),0.02747502,0.02060634,0.5,7.678045182939867
4289,0.9035493,0,2,1) very rare (1-5),0.5509248,0.12153693,1.0,4.141271968764958
4290,0.23362577,1,9,2) rare (6-20),0.113359824,0.07185798,0.8,6.949869672356731
4291,0.11797286,1,0,1) very rare (1-5),0.054483294,0.020102808,0.55,7.186369074633257
4292,0.12139047,1,4,1) very rare (1-5),0.07040633,0.027073618,0.3,7.278971023456868
4293,0.27013803,1,1,1) very rare (1-5),0.16075799,0.051294174,0.75,6.108935181861561
4294,0.4865926,1,4,1) very rare (1-5),0.24651396,0.10326791,0.8,5.433002517454124
4295,0.82604665,1,8,2) rare (6-20),0.50011355,0.10040398,1.0,3.7277709995476105
4296,0.8989246,0,38,3) common (21-100),0.6583596,0.101623476,1.0,2.7275689387627784
4297,0.4646231,0,22,3) common (21-100),0.12902008,0.06617367,0.95,7.2909324281270145
4298,0.8996197,0,14,2) rare (6-20),0.65074617,0.13835932,1.0,2.8182654552306947
4299,0.44340748,0,43,3) common (21-100),0.24066035,0.09724151,0.95,4.780216773905392
4300,0.08647521,1,0,1) very rare (1-5),0.04957541,0.030898469,0.4,7.451522484809486
4301,0.93183213,1,12,2) rare (6-20),0.69214356,0.14351133,1.0,2.6386695427474414
4302,0.18941133,1,0,1) very rare (1-5),0.10620429,0.04504937,0.8,6.7159196746548435
4303,0.6042879,0,12,2) rare (6-20),0.24950679,0.13552615,0.95,6.365287743869078
4304,0.42047852,1,5,1) very rare (1-5),0.4410565,0.12288044,0.7,2.178352622993764
4305,0.13160518,0,49,3) common (21-100),0.074328385,0.025998453,0.45,6.991330120336725
4306,0.71500456,0,1290,4) very common (100+),0.4324216,0.12450534,1.0,3.939150295347584
4307,0.35090303,0,159,4) very common (100+),0.13240817,0.052973423,0.85,6.525958580057718
4308,0.08504249,1,1,1) very rare (1-5),0.032503836,0.018468231,0.8,7.992089307604625
4309,0.21935841,1,274,4) very common (100+),0.26025933,0.082948975,0.3,3.708645082623636
4310,0.09380729,1,1,1) very rare (1-5),0.031914573,0.02059528,0.7,8.07183850547829
4311,0.6878983,1,1,1) very rare (1-5),0.3686752,0.102848746,1.0,4.69196820361525
4312,0.9157601,1,268,4) very common (100+),0.5970248,0.140328,1.0,3.1997476999762755
4313,0.9509027,0,91,3) common (21-100),0.78383404,0.09308838,1.0,1.7447301089391538
4314,0.88610053,0,10,2) rare (6-20),0.62231946,0.15709631,1.0,2.6181740687585444
4315,0.5409641,1,14,2) rare (6-20),0.28556013,0.10362575,0.9,4.877502608544647
4316,0.569469,0,2,1) very rare (1-5),0.44818377,0.118776485,0.85,2.988643169585405
4317,0.9058389,0,1290,4) very common (100+),0.7563394,0.08972942,1.0,1.4987453727109161
4318,0.15735026,1,1,1) very rare (1-5),0.08954047,0.040972423,0.45,6.737730809828677
4319,0.7870076,1,0,1) very rare (1-5),0.58142096,0.10170314,0.95,2.5896882971434407
4320,0.86803466,0,118,4) very common (100+),0.5479298,0.12941621,1.0,3.9098659922070205
4321,0.8468472,0,700,4) very common (100+),0.6839657,0.09254316,0.95,1.5042606291528353
4322,0.26851898,1,2,1) very rare (1-5),0.1482997,0.07182048,0.55,6.656138148562442
4323,0.11626696,1,0,1) very rare (1-5),0.04101742,0.0148821715,0.55,7.6588984815870615
4324,0.8620665,0,343,4) very common (100+),0.60547966,0.1575754,1.0,2.600679404433134
4325,0.32296833,1,0,1) very rare (1-5),0.23202308,0.092523254,0.85,3.622148316412776
4326,0.2340944,1,3,1) very rare (1-5),0.11635448,0.04007131,0.55,6.114229047882857
4327,0.7503093,0,5,1) very rare (1-5),0.41175562,0.123569734,1.0,4.544818300990723
4328,0.042543594,1,8,2) rare (6-20),0.025873002,0.016423216,0.8,8.099913539893757
4329,0.7180039,1,21,3) common (21-100),0.6370848,0.12337793,0.8,1.8726340506922172
4330,0.057717,1,13,2) rare (6-20),0.05191297,0.024097487,0.35,7.296611009736798
4331,0.27862746,0,372,4) very common (100+),0.074165836,0.04774422,1.0,7.948548859477864
4332,0.7261644,0,178,4) very common (100+),0.35166308,0.109105095,1.0,4.67952022668565
4333,0.6121207,0,2,1) very rare (1-5),0.37571338,0.14498067,0.85,3.9031962594511818
4334,0.8807558,0,1000,4) very common (100+),0.54481643,0.14686188,1.0,3.3671135423851615
4335,0.7811586,1,7,2) rare (6-20),0.59392124,0.10264909,0.95,1.8140859651523333
4336,0.2954152,0,38,3) common (21-100),0.13529791,0.07290095,0.75,6.239939516346511
4337,0.025922017,0,17,2) rare (6-20),0.017190766,0.00534319,0.15,7.865434092197527
4338,0.73110896,1,7,2) rare (6-20),0.65371966,0.10791942,0.85,1.1084111991203551
4339,0.64814746,1,76,3) common (21-100),0.40426508,0.1418973,0.8,3.588455600421333
4340,0.72282875,0,160,4) very common (100+),0.4578125,0.11901141,1.0,3.8461800730214097
4341,0.75628746,1,36,3) common (21-100),0.55526596,0.14276868,0.95,2.5011759152573814
4342,0.56062514,0,421,4) very common (100+),0.21556309,0.08438308,0.9,6.05460217472195
4343,0.084961146,1,5,1) very rare (1-5),0.04359065,0.013023164,0.4,7.203878040966275
4344,0.17852375,1,0,1) very rare (1-5),0.090606645,0.0408944,0.75,6.770601570026317
4345,0.39519534,1,3,1) very rare (1-5),0.22629054,0.102687486,0.85,5.568895079099407
4346,0.17930372,1,14,2) rare (6-20),0.13371256,0.034615766,0.35,5.561864353272879
4347,0.030053662,1,19,2) rare (6-20),0.016267076,0.0067743333,0.75,8.07527021225943
4348,0.8217739,0,1,1) very rare (1-5),0.51690805,0.114528574,0.95,2.728634613554738
4349,0.09570676,1,1,1) very rare (1-5),0.06456028,0.025688255,0.3,7.289560052287543
4350,0.87377,1,1,1) very rare (1-5),0.7119726,0.118464716,1.0,1.6901288234840786
4351,0.86721,0,7,2) rare (6-20),0.6071706,0.117345996,1.0,3.0229354831730477
4352,0.26551387,0,1,1) very rare (1-5),0.12507088,0.04957702,0.8,5.271467453313894
4353,0.98004293,0,274,4) very common (100+),0.886501,0.042740367,1.0,0.95593050005591
4354,0.1757243,1,58,3) common (21-100),0.079485364,0.040800422,0.8,6.786812595582233
4355,0.5329007,0,237,4) very common (100+),0.42070335,0.060492296,0.7,2.6967075012996724
4356,0.23854102,0,8,2) rare (6-20),0.14132169,0.04448039,0.55,5.834652643136753
4357,0.18044004,1,0,1) very rare (1-5),0.10384778,0.042080753,0.4,6.416256875505512
4358,0.56999743,1,275,4) very common (100+),0.41938677,0.0943252,0.6,3.042337466018439
4359,0.27279288,0,8,2) rare (6-20),0.12021152,0.053273976,0.75,6.734664312067667
4360,0.5994749,1,0,1) very rare (1-5),0.35491207,0.123076804,0.95,4.557347342697215
4361,0.23287618,1,0,1) very rare (1-5),0.17475739,0.06419027,0.5,5.2271768765269675
4362,0.11667271,0,24,3) common (21-100),0.051027425,0.031320736,0.55,7.618937032920899
4363,0.9529008,0,23,3) common (21-100),0.73069733,0.110521324,1.0,2.5264986461979744
4364,0.44134453,0,1290,4) very common (100+),0.2800895,0.07015487,0.6,5.129042679250254
4365,0.20576811,0,9,2) rare (6-20),0.13000086,0.06529041,0.5,4.905356319979489
4366,0.9852314,0,71,3) common (21-100),0.91880846,0.042283956,1.0,0.7123399638797813
4367,0.09008552,1,0,1) very rare (1-5),0.028870856,0.015073946,0.8,8.186266921651155
4368,0.88777065,0,91,3) common (21-100),0.55019164,0.17197526,1.0,3.828042739723527
4369,0.23574638,1,19,2) rare (6-20),0.074945025,0.04380738,1.0,7.998923685481344
4370,0.37319037,1,1070,4) very common (100+),0.42221767,0.1005349,0.35,2.22403871457339
4371,0.86014044,0,13,2) rare (6-20),0.6916197,0.10930841,1.0,2.005068639676479
4372,0.38277745,1,4,1) very rare (1-5),0.24838741,0.06048282,0.5,4.232542439311946
4373,0.93634886,0,39,3) common (21-100),0.7942067,0.08521568,1.0,1.5131859189690036
4374,0.28450313,0,118,4) very common (100+),0.13794723,0.06876684,0.75,6.1555525396072355
4375,0.7549704,1,46,3) common (21-100),0.50589806,0.14555459,1.0,2.7361310718211795
4376,0.80657643,1,1070,4) very common (100+),0.6638629,0.11695708,0.95,1.4583637162459047
4377,0.8915979,1,0,1) very rare (1-5),0.5150944,0.11158215,1.0,4.293385714531235
4378,0.22454342,0,1,1) very rare (1-5),0.08632709,0.0385248,0.9,7.1652554955666075
4379,0.9952254,0,89,3) common (21-100),0.9584154,0.017315581,1.0,0.37161301534223146
4380,0.6711235,1,44,3) common (21-100),0.50569546,0.11863035,0.9,2.976596925637354
4381,0.73651737,0,343,4) very common (100+),0.39083606,0.14741229,1.0,4.683610035300081
4382,0.07628699,1,0,1) very rare (1-5),0.042321157,0.016656024,0.35,7.113014258355153
4383,0.9066856,0,421,4) very common (100+),0.59060115,0.11005316,1.0,3.358839758772395
4384,0.56894743,0,275,4) very common (100+),0.46117726,0.085561655,0.7,2.0664741929605794
4385,0.37674537,0,1,1) very rare (1-5),0.1302378,0.056442752,0.75,6.971074904655788
4386,0.64402133,0,343,4) very common (100+),0.32838756,0.13268806,0.9,4.905302401934875
4387,0.28270096,1,0,1) very rare (1-5),0.09874438,0.04199458,0.95,7.2478714429871385
4388,0.5505895,1,275,4) very common (100+),0.29880154,0.124271244,0.9,5.450817886072782
4389,0.121726625,0,3,1) very rare (1-5),0.04458166,0.017306672,0.5,7.401716426064059
4390,0.85917,0,700,4) very common (100+),0.50278765,0.15466751,1.0,3.93822830812013
4391,0.8211078,1,1,1) very rare (1-5),0.6899958,0.1430245,1.0,1.8328652087505808
4392,0.49720147,1,268,4) very common (100+),0.28795868,0.106445275,1.0,4.533706238022755
4393,0.7502127,0,92,3) common (21-100),0.39665395,0.13451844,1.0,4.905453488919636
4394,0.45491692,0,106,4) very common (100+),0.25024176,0.09574828,0.85,4.529201200125481
4395,0.107896626,1,1,1) very rare (1-5),0.050103795,0.026531417,0.55,6.899037374579125
4396,0.91673416,1,146,4) very common (100+),0.8053791,0.07637258,1.0,1.0987186887861675
4397,0.7274849,0,7,2) rare (6-20),0.518924,0.14194168,1.0,3.1792900717681976
4398,0.86258817,0,261,4) very common (100+),0.48443395,0.15456505,1.0,4.480163912901244
4399,0.7347955,1,21,3) common (21-100),0.5760148,0.1272739,0.95,2.272316477153607
4400,0.8000737,0,46,3) common (21-100),0.56944644,0.12325168,0.95,2.7644346249997525
4401,0.9450179,0,1000,4) very common (100+),0.8566117,0.07508266,1.0,0.8778903836519484
4402,0.8662676,0,30,3) common (21-100),0.73026925,0.101905145,1.0,1.3340153499495266
4403,0.26213473,1,160,4) very common (100+),0.17083056,0.07871193,0.9,5.087450538931144
4404,0.4492314,1,27,3) common (21-100),0.31073743,0.07660058,0.8,5.116514451352309
4405,0.38519895,1,0,1) very rare (1-5),0.1589694,0.056312796,0.8,5.881334890421814
4406,0.447394,1,107,4) very common (100+),0.30201012,0.075586624,0.8,4.663264907124984
4407,0.871271,1,25,3) common (21-100),0.52928823,0.12071065,1.0,3.8607992360374492
4408,0.12946887,1,0,1) very rare (1-5),0.067972794,0.027348792,0.55,7.310867650273053
4409,0.6281131,0,700,4) very common (100+),0.55683,0.10616078,0.85,1.9466759593935716
4410,0.9388806,0,30,3) common (21-100),0.7425002,0.12250739,1.0,1.8316880358866077
4411,0.5527427,0,1,1) very rare (1-5),0.24617366,0.086755075,0.8,4.808105817764473
4412,0.8804231,0,12,2) rare (6-20),0.623266,0.14983884,0.95,2.0912287596071484
4413,0.47318,0,6,2) rare (6-20),0.19446166,0.12782596,1.0,6.915532936803698
4414,0.97427976,0,274,4) very common (100+),0.86503947,0.054670323,1.0,1.2368876844835681
4415,0.46725804,1,0,1) very rare (1-5),0.1852313,0.08679865,1.0,6.815071448072221
4416,0.43938276,1,105,4) very common (100+),0.24153717,0.08981163,0.75,5.559301913674311
4417,0.28372177,1,100,3) common (21-100),0.1831161,0.07315784,0.65,5.604325652581565
4418,0.3119616,0,4,1) very rare (1-5),0.1583514,0.053220287,0.85,5.922520145071722
4419,0.106829435,0,3,1) very rare (1-5),0.042804115,0.028858623,0.65,7.47622667615169
4420,0.8314653,0,5,1) very rare (1-5),0.5661634,0.14287446,1.0,3.1393125847466985
4421,0.93218046,0,89,3) common (21-100),0.7537874,0.09050564,1.0,1.9251586141866277
4422,0.16259919,1,2,1) very rare (1-5),0.1123688,0.039085675,0.45,5.981081818232439
4423,0.5630667,0,146,4) very common (100+),0.2587006,0.08994547,0.8,5.559485111772572
4424,0.3646627,0,700,4) very common (100+),0.21591601,0.10265042,0.7,5.601680440050003
4425,0.1801528,0,1,1) very rare (1-5),0.11796932,0.033624005,0.45,5.309700849697813
4426,0.5047087,1,0,1) very rare (1-5),0.2918056,0.11570042,1.0,4.378688906240976
4427,0.36841756,1,1,1) very rare (1-5),0.13887846,0.057822622,0.85,6.831170788872619
4428,0.3939507,1,1,1) very rare (1-5),0.2971024,0.07152186,0.55,4.279046920440378
4429,0.44318593,1,372,4) very common (100+),0.33620983,0.109465756,0.75,3.702465330734177
4430,0.122675374,0,30,3) common (21-100),0.047069408,0.024515282,0.9,7.790223659681089
4431,0.062255878,1,23,3) common (21-100),0.028755039,0.014363166,0.55,7.75354270597747
4432,0.016743058,1,6,2) rare (6-20),0.009014495,0.0034250228,0.4,8.399503448494125
4433,0.9752603,0,25,3) common (21-100),0.8839471,0.055071175,1.0,0.8423869960415044
4434,0.2235311,1,134,4) very common (100+),0.0947987,0.055629782,0.6,6.597462075727117
4435,0.8166827,0,108,4) very common (100+),0.37487003,0.14991483,1.0,5.23368296326096
4436,0.056543503,1,41,3) common (21-100),0.038336877,0.0101443725,0.35,7.246912465770237
4437,0.23750462,1,1070,4) very common (100+),0.14189832,0.043305848,0.55,5.7391665362091056
4438,0.6334095,1,3,1) very rare (1-5),0.3894049,0.09745352,1.0,4.135452646468137
4439,0.8855696,0,71,3) common (21-100),0.54925275,0.14267276,1.0,3.6921264353552132
4440,0.16788016,1,223,4) very common (100+),0.07548732,0.034412127,0.45,7.018668259139927
4441,0.62948674,0,160,4) very common (100+),0.34800443,0.11971007,0.85,4.501660207570374
4442,0.41769233,1,121,4) very common (100+),0.12994458,0.06241211,0.95,7.024348493232136
4443,0.022713758,1,5,1) very rare (1-5),0.017884763,0.004762636,0.2,7.881668653579832
4444,0.12600076,0,20,2) rare (6-20),0.05778839,0.031597167,0.8,7.340349450176795
4445,0.59787893,1,1290,4) very common (100+),0.37713107,0.13952407,0.9,4.4619773371291656
4446,0.88764477,0,223,4) very common (100+),0.54138774,0.1312586,1.0,3.829838836201757
4447,0.2251829,1,1,1) very rare (1-5),0.08743392,0.0406858,0.9,7.272048694908785
4448,0.77137816,0,1070,4) very common (100+),0.52364695,0.10555775,1.0,2.7293183772419165
4449,0.06979039,1,0,1) very rare (1-5),0.043127727,0.017254842,0.25,6.844304479709208
4450,0.2564982,1,2,1) very rare (1-5),0.18678899,0.06511045,0.55,4.2551523689730875
4451,0.99383473,0,1000,4) very common (100+),0.95875436,0.025445357,1.0,0.36355683587212184
4452,0.438869,0,1070,4) very common (100+),0.3522865,0.072171845,0.6,3.740444966509346
4453,0.5242283,1,134,4) very common (100+),0.55768484,0.11048618,0.7,1.73691560922784
4454,0.25189057,1,2,1) very rare (1-5),0.12526302,0.0657479,0.85,6.37158077352006
4455,0.5004372,1,28,3) common (21-100),0.27989724,0.094648704,0.95,4.7531474574343715
4456,0.39702246,1,0,1) very rare (1-5),0.22666547,0.105357535,0.9,4.99583965187719
4457,0.985523,0,118,4) very common (100+),0.9032238,0.053315267,1.0,0.8779190732261145
4458,0.53011763,0,105,4) very common (100+),0.45058766,0.08379353,0.5,2.915461727725893
4459,0.19896838,0,33,3) common (21-100),0.08843006,0.038213704,0.65,7.002046633597798
4460,0.6230031,1,261,4) very common (100+),0.37421742,0.089529745,1.0,4.048381468588884
4461,0.65842026,1,6,2) rare (6-20),0.458345,0.14219971,0.8,3.1406288040134682
4462,0.94197714,0,90,3) common (21-100),0.60652137,0.118055806,1.0,3.7311326288014883
4463,0.07110653,1,45,3) common (21-100),0.042883728,0.010956689,0.3,7.143130283049336
4464,0.034966603,1,4,1) very rare (1-5),0.024053952,0.010542828,0.35,7.453962974951349
4465,0.2387989,0,3,1) very rare (1-5),0.19591862,0.055239756,0.5,4.844552447802208
4466,0.33860546,1,1070,4) very common (100+),0.39733276,0.070399456,0.5,2.5852228873340795
4467,0.9651107,0,0,1) very rare (1-5),0.73541635,0.127431,1.0,2.3916494372443116
4468,0.09971574,0,60,3) common (21-100),0.045423374,0.031082405,0.8,7.881164138980966
4469,0.27194637,1,0,1) very rare (1-5),0.18304951,0.08085851,0.7,4.428754410340996
4470,0.6739077,0,118,4) very common (100+),0.5457988,0.12669155,0.85,2.338230018063194
4471,0.35101,0,0,1) very rare (1-5),0.2157569,0.085465334,0.55,5.580404671496927
4472,0.30939427,1,0,1) very rare (1-5),0.15253757,0.050714094,0.85,5.699886206608728
4473,0.5579329,1,30,3) common (21-100),0.32793704,0.09765549,0.7,3.963167160922527
4474,0.42241624,0,1290,4) very common (100+),0.28810146,0.07941643,0.8,4.500483322296829
4475,0.95857054,0,99,3) common (21-100),0.7645108,0.07554136,1.0,2.1045984226262426
4476,0.99105364,0,89,3) common (21-100),0.90328777,0.07089687,1.0,0.8813536099744083
4477,0.3213989,1,1,1) very rare (1-5),0.10965949,0.06274602,0.55,6.882069397680132
4478,0.34443173,1,2,1) very rare (1-5),0.31817824,0.09030745,0.5,4.175640807404159
4479,0.21125655,1,0,1) very rare (1-5),0.17714956,0.0534164,0.35,4.871402509003712
4480,0.86624515,0,89,3) common (21-100),0.5160457,0.14096566,1.0,4.232813590010355
4481,0.49881098,0,343,4) very common (100+),0.34062666,0.11327825,0.8,3.6438645893521335
4482,0.4210106,1,60,3) common (21-100),0.2747151,0.107632615,0.6,5.4109483402511565
4483,0.35285765,0,12,2) rare (6-20),0.24076596,0.10640356,0.45,4.760787483947206
4484,0.19433832,1,24,3) common (21-100),0.081194535,0.04122785,0.9,7.3819101060201735
4485,0.50486404,1,1070,4) very common (100+),0.29546148,0.097169936,0.75,4.63291921699181
4486,0.13803826,1,0,1) very rare (1-5),0.056444276,0.023876507,0.9,7.374678825098405
4487,0.7485758,0,91,3) common (21-100),0.42055112,0.14882831,0.95,3.991852635310721
4488,0.8082789,0,343,4) very common (100+),0.4275442,0.14127977,1.0,4.43784862887133
4489,0.5553113,1,16,2) rare (6-20),0.16000488,0.061018612,1.0,6.811794568834964
4490,0.09562694,1,2,1) very rare (1-5),0.037333958,0.018187486,0.45,7.946216388698696
4491,0.6094307,0,1070,4) very common (100+),0.5591377,0.10216464,0.8,2.196685164294773
4492,0.6557878,1,1000,4) very common (100+),0.3498283,0.12155644,0.95,4.345591992249457
4493,0.33414182,0,268,4) very common (100+),0.24706912,0.091212556,0.65,4.367973212772761
4494,0.38965976,1,0,1) very rare (1-5),0.2614479,0.0736363,0.95,3.379501563107193
4495,0.32498777,0,1,1) very rare (1-5),0.17226623,0.07958856,0.8,6.019163103850121
4496,0.88409585,0,178,4) very common (100+),0.57335794,0.119999565,1.0,3.0804853273068544
4497,0.12648083,1,0,1) very rare (1-5),0.04056272,0.0198418,0.65,7.86235019038123
4498,0.37875974,1,700,4) very common (100+),0.23127134,0.06935778,0.5,4.821128697178708
4499,0.16936305,1,1,1) very rare (1-5),0.07123103,0.03469908,0.7,7.280747765984986
4500,0.29328385,1,2,1) very rare (1-5),0.18959664,0.08287389,0.65,4.860776963954216
4501,0.44102892,1,5,1) very rare (1-5),0.22647679,0.089348175,0.95,5.630291283135915
4502,0.92270607,0,36,3) common (21-100),0.66689765,0.13173206,1.0,2.95156348356405
4503,0.25897697,1,1,1) very rare (1-5),0.13677548,0.0561662,0.7,6.106728694328184
4504,0.22943528,1,0,1) very rare (1-5),0.13911799,0.043611165,0.75,5.173789901924847
4505,0.96031964,1,268,4) very common (100+),0.83270156,0.08664764,1.0,1.2538133416449617
4506,0.34809652,1,107,4) very common (100+),0.30743814,0.08579102,0.5,3.76640446042908
4507,0.35818756,1,0,1) very rare (1-5),0.19375728,0.08950174,0.7,5.42425122843285
4508,0.4108428,0,159,4) very common (100+),0.16054958,0.07425543,0.75,6.38974823520236
4509,0.34000176,0,1,1) very rare (1-5),0.33711642,0.095718406,0.45,2.892997602396391
4510,0.4629599,1,2,1) very rare (1-5),0.1742054,0.08167026,1.0,7.04821572828182
4511,0.5524594,0,33,3) common (21-100),0.28714207,0.110794775,0.9,5.35420631110124
4512,0.11886015,1,3,1) very rare (1-5),0.05603855,0.033946384,0.75,7.195529538813694
4513,0.8270461,0,78,3) common (21-100),0.6216141,0.082924016,1.0,1.9624685227813925
4514,0.07984328,1,1,1) very rare (1-5),0.049901437,0.020079521,0.35,6.93406896535244
4515,0.32650536,0,24,3) common (21-100),0.14570361,0.06358337,0.95,6.396859147300728
4516,0.10470283,1,20,2) rare (6-20),0.042775147,0.023871364,0.65,7.615701902778232
4517,0.23475157,1,69,3) common (21-100),0.11632035,0.03467998,0.7,6.211722758208744
4518,0.45473528,0,118,4) very common (100+),0.29236776,0.11257839,0.75,4.243155650500505
4519,0.9168037,0,421,4) very common (100+),0.6793374,0.14827646,1.0,2.3334965185707075
4520,0.18141112,1,76,3) common (21-100),0.09725371,0.050575133,0.4,7.0201516939614175
4521,0.44104448,1,36,3) common (21-100),0.23808654,0.09579488,0.65,5.224977471821483
4522,0.7238308,0,142,4) very common (100+),0.53112435,0.11118024,0.95,2.674987616098202
4523,0.8612645,1,5,1) very rare (1-5),0.70561427,0.12730257,1.0,1.923811276333458
4524,0.6100558,0,1070,4) very common (100+),0.55825734,0.13495706,0.65,1.7371880366346757
4525,0.6300957,1,3,1) very rare (1-5),0.33806977,0.09456835,0.8,4.224839896605381
4526,0.19102341,1,58,3) common (21-100),0.11830517,0.04161791,0.4,5.767269823095616
4527,0.3745992,1,2,1) very rare (1-5),0.18557051,0.07017211,1.0,5.389714913440192
4528,0.27346072,0,38,3) common (21-100),0.09519928,0.06471446,1.0,7.324348421298586
4529,0.77260894,0,421,4) very common (100+),0.45948252,0.1303542,1.0,3.9440232503532378
4530,0.060680654,0,17,2) rare (6-20),0.035782218,0.011951393,0.25,7.295823082322004
4531,0.03563355,1,8,2) rare (6-20),0.0168866,0.0090852985,0.45,7.989255255104823
4532,0.72031003,1,3,1) very rare (1-5),0.30541125,0.11794739,1.0,6.0995005957551625
4533,0.5513032,1,1,1) very rare (1-5),0.3559472,0.081538565,0.85,3.9252678620258985
4534,0.40284762,0,1290,4) very common (100+),0.24373245,0.11127314,0.55,4.8854245972961365
4535,0.17018096,0,23,3) common (21-100),0.06518652,0.040254325,0.7,7.4778316600226935
4536,0.8325665,0,372,4) very common (100+),0.5518769,0.15348887,0.95,3.235758395241113
4537,0.424812,1,29,3) common (21-100),0.30815268,0.113325536,0.9,3.9531118729861574
4538,0.13121402,1,2,1) very rare (1-5),0.054621864,0.029492384,0.75,7.581282226626772
4539,0.78626287,1,5,1) very rare (1-5),0.41592255,0.13885753,1.0,4.658336369391469
4540,0.5781022,1,160,4) very common (100+),0.41203642,0.09957759,0.9,3.138924916881377
4541,0.29248142,0,0,1) very rare (1-5),0.14976951,0.0663869,0.85,5.447260169541617
4542,0.59495455,1,6,2) rare (6-20),0.45586315,0.15182184,0.9,2.8208249227665227
4543,0.6016094,0,16,2) rare (6-20),0.20562606,0.107065134,0.95,6.525765834606692
4544,0.14187312,1,3,1) very rare (1-5),0.07657713,0.025980465,0.55,6.1841246987666665
4545,0.8483614,1,89,3) common (21-100),0.71724904,0.10473868,0.95,1.4150360145290117
4546,0.86096114,0,1000,4) very common (100+),0.48220578,0.15883237,1.0,4.4150862575891425
4547,0.7481618,0,58,3) common (21-100),0.5011122,0.14818352,1.0,3.377131362868187
4548,0.4757324,0,28,3) common (21-100),0.20687512,0.0700149,1.0,5.928093556915513
4549,0.9209846,1,5,1) very rare (1-5),0.5403396,0.13804686,1.0,4.36663779679678
4550,0.023495013,1,421,4) very common (100+),0.015421924,0.0053579127,0.35,8.046088411813491
4551,0.5265326,0,26,3) common (21-100),0.26931992,0.098022126,1.0,5.105279339787515
4552,0.78465545,1,1,1) very rare (1-5),0.5947945,0.10888688,0.95,2.4559824717103615
4553,0.80244386,1,160,4) very common (100+),0.47269052,0.12584071,1.0,4.06199961347427
4554,0.4752356,1,118,4) very common (100+),0.40106902,0.09157716,0.7,2.9479990453875593
4555,0.52240664,0,1290,4) very common (100+),0.3129501,0.0977053,0.7,4.134282690020561
4556,0.95695955,0,1000,4) very common (100+),0.75982314,0.11668414,1.0,2.052324197834717
4557,0.012788109,1,10,2) rare (6-20),0.0098720575,0.003463726,0.3,8.297061141517393
4558,0.88318884,0,99,3) common (21-100),0.6164082,0.13492061,0.95,2.4476289949961987
4559,0.81582797,0,1290,4) very common (100+),0.59684473,0.11960462,1.0,2.4130238371300643
4560,0.8443146,0,1070,4) very common (100+),0.5958147,0.12317688,1.0,3.1520441587761088
4561,0.5757443,0,1070,4) very common (100+),0.5920669,0.094121344,0.7,2.0702717043507564
4562,0.4057506,0,134,4) very common (100+),0.20631273,0.10218338,0.75,6.413337564630218
4563,0.9650342,0,142,4) very common (100+),0.76387286,0.10583038,1.0,1.8720845382758822
4564,0.50566,1,70,3) common (21-100),0.2956131,0.10389205,0.9,4.3380906747436585
4565,0.4723784,0,85,3) common (21-100),0.17835183,0.06769261,1.0,6.352612846680759
4566,0.76989967,0,1070,4) very common (100+),0.4486528,0.1383518,1.0,3.973440233982584
4567,0.19582862,1,1,1) very rare (1-5),0.106781624,0.047868475,0.4,5.470271970278188
4568,0.9400332,0,1000,4) very common (100+),0.7486242,0.07495111,1.0,1.9416360918940636
4569,0.048572958,1,6,2) rare (6-20),0.025484871,0.013363739,0.45,7.679997923135073
4570,0.13912717,1,0,1) very rare (1-5),0.043120347,0.015479737,0.6,7.48680860762861
4571,0.60552293,1,1290,4) very common (100+),0.49374667,0.09025391,0.55,2.4897908716819943
4572,0.86498773,0,5,1) very rare (1-5),0.5614036,0.1231132,1.0,3.0262793504106082
4573,0.73454565,0,1290,4) very common (100+),0.35992038,0.115891725,1.0,5.237347546676382
4574,0.38642824,1,275,4) very common (100+),0.38919908,0.10591935,0.5,2.7055148735038834
4575,0.35223,1,14,2) rare (6-20),0.17918165,0.09425239,0.7,5.550265516437305
4576,0.4266582,0,146,4) very common (100+),0.21962424,0.066739276,0.5,5.639947922611913
4577,0.14676066,0,1,1) very rare (1-5),0.062234383,0.029706128,0.6,7.063903175070869
4578,0.8858398,1,8,2) rare (6-20),0.5319796,0.13396002,1.0,3.9265499221895572
4579,0.8606784,0,3,1) very rare (1-5),0.63407856,0.13325329,1.0,1.9909718185982337
4580,0.7949198,1,1070,4) very common (100+),0.513991,0.088719495,0.95,3.0841545185784254
4581,0.7858298,0,223,4) very common (100+),0.44624764,0.11989943,1.0,4.440110385926636
4582,0.29786232,0,1,1) very rare (1-5),0.109058514,0.04514391,0.7,7.064237913218294
4583,0.85067195,0,108,4) very common (100+),0.67049205,0.13455366,1.0,1.7602281838404856
4584,0.10015517,1,3,1) very rare (1-5),0.051046282,0.024972549,0.5,7.413011647702418
4585,0.4644585,1,159,4) very common (100+),0.16375007,0.073528625,0.85,6.387703264582612
4586,0.12266437,0,275,4) very common (100+),0.05415787,0.024852114,0.8,7.6221166909632
4587,0.07409509,1,5,1) very rare (1-5),0.039393842,0.018941967,0.3,7.484427311198462
4588,0.05161624,1,1,1) very rare (1-5),0.03750204,0.016027914,0.3,7.298152502965827
4589,0.7826985,0,66,3) common (21-100),0.56928164,0.113114834,1.0,2.7102100183839273
4590,0.882257,1,1070,4) very common (100+),0.65238225,0.11799806,0.95,1.8962694909178484
4591,0.2707644,1,107,4) very common (100+),0.13569959,0.053504277,0.8,5.930056360611271
4592,0.48908073,0,2,1) very rare (1-5),0.2108331,0.115048125,0.85,5.3623333798167
4593,0.8920411,1,1070,4) very common (100+),0.6224864,0.13847041,1.0,3.163601858866726
4594,0.56715214,0,91,3) common (21-100),0.25087014,0.13233455,1.0,6.2235933385753945
4595,0.86969084,0,66,3) common (21-100),0.62804157,0.09501256,1.0,2.37080954505877
4596,0.6747891,1,3,1) very rare (1-5),0.42044562,0.14939135,0.9,4.117305784097242
4597,0.28933072,0,0,1) very rare (1-5),0.24842446,0.08137569,0.5,4.76592122732105
4598,0.9271045,1,111,4) very common (100+),0.6875385,0.10269144,1.0,2.7065364163698487
4599,0.87954366,0,700,4) very common (100+),0.56357396,0.14087448,1.0,3.718318217584973
4600,0.58042383,0,46,3) common (21-100),0.31621847,0.07459721,0.75,4.7605987529919425
4601,0.9839318,0,211,4) very common (100+),0.8512599,0.061769858,1.0,1.5419611966289906
4602,0.02636748,1,1,1) very rare (1-5),0.020986047,0.008991129,0.4,7.868061882939459
4603,0.10532485,0,0,1) very rare (1-5),0.05752676,0.014771736,0.6,7.01773748516362
4604,0.28628728,1,26,3) common (21-100),0.18177071,0.06531201,0.5,5.17860181886468
4605,0.045957793,1,13,2) rare (6-20),0.037489396,0.016535986,0.35,7.369308052896118
4606,0.104339816,0,274,4) very common (100+),0.05244115,0.022123467,0.8,7.543844586990776
4607,0.17547284,1,24,3) common (21-100),0.06208823,0.021161972,0.8,7.236829325786237
4608,0.77542555,0,1070,4) very common (100+),0.5636947,0.11871346,0.95,3.065921840216273
4609,0.34119818,1,44,3) common (21-100),0.17559305,0.068251975,0.55,6.353775446502823
4610,0.71279275,0,166,4) very common (100+),0.51568377,0.15924048,0.85,2.3928036886323643
4611,0.3140724,0,47,3) common (21-100),0.1645444,0.05959409,0.7,5.950367607611884
4612,0.38647714,1,0,1) very rare (1-5),0.23245569,0.08594988,0.8,4.53064630630722
4613,0.076434925,1,3,1) very rare (1-5),0.039473213,0.019827927,0.5,7.878679411862633
4614,0.8318215,0,10,2) rare (6-20),0.60227174,0.14527728,1.0,1.9160819972879135
4615,0.8107882,1,1,1) very rare (1-5),0.5222007,0.10515604,1.0,3.797363316194499
4616,0.5126811,1,0,1) very rare (1-5),0.34799078,0.11670954,0.75,3.790484322377319
4617,0.33383486,0,28,3) common (21-100),0.16963097,0.071156025,0.65,5.767956028872317
4618,0.083277754,1,1,1) very rare (1-5),0.044936173,0.020879615,0.35,7.561448347566516
4619,0.74117666,1,166,4) very common (100+),0.4820672,0.13312677,0.95,4.117455814742908
4620,0.18535993,0,3,1) very rare (1-5),0.060592502,0.02967982,0.85,7.603556597857246
4621,0.587779,0,100,3) common (21-100),0.35683408,0.14548542,0.9,3.2255390891625884
4622,0.6955813,0,7,2) rare (6-20),0.3941539,0.101051025,0.95,3.852136726499428
4623,0.3881655,0,12,2) rare (6-20),0.21057972,0.0790504,0.85,5.193211543688218
4624,0.12418495,0,15,2) rare (6-20),0.08215023,0.042756982,0.45,7.106097101815401
4625,0.41704962,0,1070,4) very common (100+),0.24025634,0.08784069,0.55,5.244476459894882
4626,0.023258671,0,1,1) very rare (1-5),0.01627637,0.005302836,0.2,7.852514014253057
4627,0.6296069,1,26,3) common (21-100),0.4240036,0.11593548,0.95,3.3271796345128335
4628,0.8728493,1,12,2) rare (6-20),0.470419,0.09854185,1.0,4.5332598592887825
4629,0.35814023,1,2,1) very rare (1-5),0.12835357,0.047933746,0.8,6.090247450658738
4630,0.55654323,0,4,1) very rare (1-5),0.25122532,0.122603126,0.9,4.96136164719025
4631,0.36453062,1,51,3) common (21-100),0.16472848,0.061517473,0.6,6.279778511845324
4632,0.768861,0,160,4) very common (100+),0.5056694,0.11179334,1.0,3.6954737314732995
4633,0.5657853,0,6,2) rare (6-20),0.26050204,0.13077211,0.95,5.653518002547028
4634,0.68875635,0,6,2) rare (6-20),0.48859143,0.14421466,0.75,2.812250379136607
4635,0.49113056,0,1000,4) very common (100+),0.31576326,0.11127588,0.85,4.621942106748471
4636,0.9679924,0,105,4) very common (100+),0.8403617,0.091283254,1.0,1.3917770961514597
4637,0.4577992,1,1000,4) very common (100+),0.3696098,0.11742355,0.65,3.7871768459847943
4638,0.6839434,0,123,4) very common (100+),0.34106952,0.099026255,1.0,4.73563965860701
4639,0.037539344,1,0,1) very rare (1-5),0.024277937,0.014634633,0.4,7.589844400907117
4640,0.110564366,1,15,2) rare (6-20),0.068866976,0.030218799,0.55,6.983802508952862
4641,0.37583187,1,0,1) very rare (1-5),0.14277294,0.06992778,0.85,6.328947643626501
4642,0.9924821,0,1000,4) very common (100+),0.9252825,0.050441787,1.0,0.6786569431583961
4643,0.34511665,1,99,3) common (21-100),0.17303802,0.07151646,0.9,6.240367948643907
4644,0.46145806,1,0,1) very rare (1-5),0.19513223,0.093215354,0.95,6.267893616848195
4645,0.44808275,1,0,1) very rare (1-5),0.15653485,0.07633898,1.0,6.6404320389361295
4646,0.96281695,0,15,2) rare (6-20),0.8305265,0.06384091,1.0,1.2263285925372815
4647,0.4564007,1,89,3) common (21-100),0.43625084,0.07813844,0.7,2.499563303506168
4648,0.22026192,1,28,3) common (21-100),0.083241835,0.050694264,0.9,7.000718591215434
4649,0.65104866,0,261,4) very common (100+),0.3551448,0.12281389,0.9,4.520253318545613
4650,0.123529024,1,0,1) very rare (1-5),0.08279079,0.031826053,0.4,6.252816881183151
4651,0.70910823,0,4,1) very rare (1-5),0.38162738,0.0933267,1.0,4.872982465215665
4652,0.5771621,1,89,3) common (21-100),0.32035324,0.09290357,0.8,4.420922822381124
4653,0.32545272,1,40,3) common (21-100),0.20096001,0.057745248,0.65,5.186336888915177
4654,0.046065237,1,5,1) very rare (1-5),0.02004873,0.009490603,0.4,8.032169431616058
4655,0.2511012,1,1,1) very rare (1-5),0.095984854,0.044656325,0.95,6.975492404310824
4656,0.9852669,0,700,4) very common (100+),0.92468166,0.04430822,1.0,0.6433945383734994
4657,0.5777965,0,100,3) common (21-100),0.30328393,0.09781116,0.9,4.443601567966073
4658,0.094448745,1,0,1) very rare (1-5),0.042586125,0.016367551,0.55,7.702395686821539
4659,0.103645004,0,2,1) very rare (1-5),0.058229167,0.023773484,0.75,7.119993107469119
4660,0.18729024,1,261,4) very common (100+),0.068778105,0.026252653,0.5,6.956939427056685
4661,0.11557501,1,1,1) very rare (1-5),0.038847543,0.020750096,0.95,7.741136318304732
4662,0.10282555,1,0,1) very rare (1-5),0.09507654,0.015728336,0.25,5.369696256432114
4663,0.3264353,0,0,1) very rare (1-5),0.1604809,0.04127556,0.8,5.123579890715368
4664,0.075821094,1,0,1) very rare (1-5),0.04472239,0.016510569,0.4,6.852888697425368
4665,0.17549084,0,4,1) very rare (1-5),0.1457127,0.048630435,0.35,4.527589181833807
4666,0.17935285,1,372,4) very common (100+),0.068885274,0.04373105,0.95,7.2895571413060685
4667,0.72353035,1,118,4) very common (100+),0.52242005,0.14906538,0.95,2.6841836989582357
4668,0.37095934,0,2,1) very rare (1-5),0.23982291,0.08049843,0.5,4.586657451737929
4669,0.4457826,1,1,1) very rare (1-5),0.3988352,0.08953907,0.75,3.177233890495118
4670,0.7574808,1,27,3) common (21-100),0.37249637,0.13149019,1.0,4.562486555808219
4671,0.47966665,0,99,3) common (21-100),0.435469,0.09036789,0.65,3.090180747894715
4672,0.90211403,0,102,4) very common (100+),0.6631391,0.11554988,1.0,2.9015265981870924
4673,0.14518315,0,60,3) common (21-100),0.04167189,0.020067398,0.9,7.808292014688519
4674,0.82816267,0,134,4) very common (100+),0.7102529,0.14549072,1.0,1.5218722189918172
4675,0.6189703,0,105,4) very common (100+),0.4917093,0.10663637,0.85,3.0016341620586355
4676,0.6006696,1,18,2) rare (6-20),0.5637197,0.087168574,0.7,1.7230270925650935
4677,0.9558765,0,25,3) common (21-100),0.77666646,0.10856431,1.0,1.7431660938314262
4678,0.08264944,1,2,1) very rare (1-5),0.025460472,0.012192208,0.75,8.13678458723308
4679,0.90565044,0,105,4) very common (100+),0.6365919,0.10460911,1.0,3.175592520214726
4680,0.14873269,1,2,1) very rare (1-5),0.11381217,0.054482117,0.45,6.194268894271538
4681,0.49284324,0,142,4) very common (100+),0.23815748,0.09803001,0.75,5.001703247315952
4682,0.6902071,0,5,1) very rare (1-5),0.3359303,0.11641397,1.0,5.448281431999244
4683,0.35509133,1,5,1) very rare (1-5),0.12647185,0.08361147,1.0,7.1141190544638295
4684,0.24513468,1,9,2) rare (6-20),0.08614531,0.048448235,0.95,7.178435597458671
4685,0.5699878,1,1290,4) very common (100+),0.5807982,0.10069678,0.7,1.576200998106384
4686,0.62138414,0,178,4) very common (100+),0.21422486,0.09128584,1.0,6.59662361130999
4687,0.052285448,1,142,4) very common (100+),0.021188725,0.008295356,0.5,7.8413376220516895
4688,0.20282531,0,0,1) very rare (1-5),0.14838973,0.048491646,0.35,6.096494561575676
4689,0.7674716,0,178,4) very common (100+),0.35186958,0.1288119,1.0,5.237183491287733
4690,0.26655516,1,28,3) common (21-100),0.17365809,0.07866586,0.65,5.902323044516798
4691,0.86477953,0,15,2) rare (6-20),0.5657374,0.14678617,1.0,3.3478208901421
4692,0.64577395,1,1290,4) very common (100+),0.31016743,0.092148624,1.0,5.547316192772834
4693,0.07830687,0,66,3) common (21-100),0.037909545,0.027706211,0.55,7.6863447566417245
4694,0.07669825,1,2,1) very rare (1-5),0.049916677,0.019181358,0.45,7.112549062601914
4695,0.86430687,0,1290,4) very common (100+),0.7112277,0.11535998,1.0,1.7423914091995063
4696,0.37375838,1,0,1) very rare (1-5),0.21511814,0.116071545,0.75,5.565837923315085
4697,0.5191481,1,1,1) very rare (1-5),0.49097157,0.077665344,0.8,2.4969022230401894
4698,0.22447398,0,79,3) common (21-100),0.08786976,0.05023001,0.95,6.675134419699893
4699,0.13900734,1,41,3) common (21-100),0.07575871,0.031760737,0.5,6.484868800697385
4700,0.5806063,0,166,4) very common (100+),0.22811076,0.113307446,1.0,5.839105843918738
4701,0.24996075,1,1,1) very rare (1-5),0.113349654,0.047978956,0.5,6.493775961509845
4702,0.8667463,1,118,4) very common (100+),0.6911224,0.1571733,1.0,1.7636688668136773
4703,0.99547076,0,1000,4) very common (100+),0.9487362,0.03933523,1.0,0.5078990021275501
4704,0.3027531,0,18,2) rare (6-20),0.102501884,0.06162716,0.85,7.287342475891088
4705,0.3520469,1,15,2) rare (6-20),0.12904689,0.07088067,0.8,6.569644444506633
4706,0.3884709,1,0,1) very rare (1-5),0.13458522,0.070934035,0.9,6.911891458545049
4707,0.5247597,1,0,1) very rare (1-5),0.2109389,0.08613236,1.0,6.383845980738235
4708,0.081536286,1,70,3) common (21-100),0.036291674,0.013619316,0.4,7.445917469315704
4709,0.14789441,1,1,1) very rare (1-5),0.07747186,0.02141262,0.65,6.738393814846555
4710,0.8231422,0,17,2) rare (6-20),0.5623636,0.1317792,1.0,2.8245696067600776
4711,0.512261,0,23,3) common (21-100),0.51415384,0.06490015,0.65,1.6298802562273367
4712,0.50481796,0,275,4) very common (100+),0.3816135,0.10121788,0.6,3.517905803553363
4713,0.31607553,1,4,1) very rare (1-5),0.10233508,0.04268416,0.9,6.527162584947044
4714,0.48552316,1,3,1) very rare (1-5),0.15591124,0.05826733,0.85,6.373342705222408
4715,0.98654956,0,118,4) very common (100+),0.8757777,0.058273084,1.0,1.1574222052651675
4716,0.38005233,1,0,1) very rare (1-5),0.22461605,0.0699701,0.95,4.5347281223303835
4717,0.85624355,0,21,3) common (21-100),0.51783854,0.14802946,1.0,3.8935084483404356
4718,0.15568253,1,24,3) common (21-100),0.0704946,0.030112525,0.5,6.923683926233658
4719,0.96619874,0,237,4) very common (100+),0.8852149,0.04815091,1.0,0.7392061382529728
4720,0.03316221,1,0,1) very rare (1-5),0.013063118,0.0041120183,0.55,8.175814041674492
4721,0.99579704,0,1000,4) very common (100+),0.9448263,0.038370647,1.0,0.6193440963184332
4722,0.16886476,1,7,2) rare (6-20),0.118251406,0.03593096,0.4,4.695504792660494
4723,0.12619978,1,1,1) very rare (1-5),0.082459815,0.0338862,0.45,6.71181437485169
4724,0.519479,0,5,1) very rare (1-5),0.25553447,0.068822734,0.95,5.3570024985126645
4725,0.42150694,1,11,2) rare (6-20),0.22199158,0.096899,0.9,5.191227703920733
4726,0.28963807,0,66,3) common (21-100),0.15952952,0.043856025,0.8,6.077404165299176
4727,0.51669556,0,65,3) common (21-100),0.24901132,0.07969775,0.75,4.968035584905548
4728,0.9263898,0,2,1) very rare (1-5),0.69074416,0.09745227,1.0,2.3480164308824865
4729,0.5671723,0,66,3) common (21-100),0.33759955,0.10665035,0.9,4.664152795296535
4730,0.5587211,1,70,3) common (21-100),0.25497073,0.11516143,1.0,5.862270997446135
4731,0.16047414,1,10,2) rare (6-20),0.07676156,0.035557725,0.7,7.159508697565045
4732,0.9720958,0,89,3) common (21-100),0.8639619,0.037760712,1.0,1.128222193895311
4733,0.6071876,0,7,2) rare (6-20),0.4087258,0.10189119,0.7,3.7565201637720067
4734,0.9075912,0,182,4) very common (100+),0.6335602,0.16022673,1.0,2.8901795217606723
4735,0.27182883,0,5,1) very rare (1-5),0.15992038,0.06585847,0.7,5.850063567025725
4736,0.13824819,1,0,1) very rare (1-5),0.07091614,0.02336327,0.3,6.724307352241515
4737,0.42150047,1,124,4) very common (100+),0.21191505,0.10665255,0.9,5.921672129671346
4738,0.53637767,1,1,1) very rare (1-5),0.2221143,0.10169013,1.0,6.272075020325193
4739,0.17941031,1,0,1) very rare (1-5),0.10318369,0.04360597,0.4,6.507539633467979
4740,0.09114686,1,22,3) common (21-100),0.050103664,0.02810658,0.65,7.725829681852237
4741,0.14552645,1,4,1) very rare (1-5),0.08235358,0.024685645,0.45,6.456277277787873
4742,0.61478585,0,34,3) common (21-100),0.32070875,0.14196928,0.9,4.734934731605514
4743,0.7584411,1,17,2) rare (6-20),0.61780375,0.12495122,0.95,2.1758105722947243
4744,0.12694943,0,0,1) very rare (1-5),0.07965262,0.03477376,0.3,6.364639325492457
4745,0.03546682,1,0,1) very rare (1-5),0.025005277,0.009656031,0.5,7.796128875292637
4746,0.5847144,1,146,4) very common (100+),0.31034833,0.08815317,0.9,4.494640751011476
4747,0.118293025,1,0,1) very rare (1-5),0.07773475,0.05475748,0.4,7.047869101938716
4748,0.93212813,0,18,2) rare (6-20),0.75118816,0.10530529,1.0,1.458404856024101
4749,0.589242,0,15,2) rare (6-20),0.3663917,0.1280008,0.85,4.06421551302127
4750,0.7543188,1,1070,4) very common (100+),0.35601133,0.087458536,1.0,4.924796104930374
4751,0.4075408,1,1,1) very rare (1-5),0.18597057,0.095816344,0.85,5.809766718671771
4752,0.5731041,0,1070,4) very common (100+),0.2158624,0.10158756,1.0,6.285511701304701
4753,0.0964924,0,56,3) common (21-100),0.029392922,0.013774866,0.75,7.726477318399445
4754,0.35203388,0,5,1) very rare (1-5),0.17803583,0.07284349,0.9,5.566107967775996
4755,0.8415478,0,275,4) very common (100+),0.63611805,0.11526866,1.0,2.4695918280729288
4756,0.6834613,0,105,4) very common (100+),0.34802175,0.122037925,1.0,4.857971071800263
4757,0.22656323,1,0,1) very rare (1-5),0.13859347,0.041969355,0.6,6.303012304340549
4758,0.1866407,1,0,1) very rare (1-5),0.10779605,0.054939616,0.6,6.822531814269805
4759,0.10583109,1,0,1) very rare (1-5),0.051991753,0.022078397,0.5,7.124241836394083
4760,0.2044716,1,123,4) very common (100+),0.07844941,0.032134656,0.6,7.136416441052799
4761,0.32373443,1,62,3) common (21-100),0.2773443,0.11654624,0.55,4.400299481425455
4762,0.13045031,1,0,1) very rare (1-5),0.05424769,0.017789653,0.55,7.583556254636402
4763,0.19021663,1,3,1) very rare (1-5),0.09406255,0.03402972,0.55,6.717782948229836
4764,0.6761779,0,372,4) very common (100+),0.28433186,0.07923168,0.95,5.188588282865961
4765,0.33467758,1,58,3) common (21-100),0.18814662,0.07303348,0.65,6.054789561062873
4766,0.64225024,0,105,4) very common (100+),0.3103292,0.105235964,1.0,5.5098930391681336
4767,0.17579482,1,70,3) common (21-100),0.09446831,0.032418974,0.65,5.829107877713376
4768,0.39865384,1,0,1) very rare (1-5),0.1521756,0.07554899,0.9,6.177219509004086
4769,0.11832277,0,13,2) rare (6-20),0.0736117,0.036535237,0.5,7.165419640869118
4770,0.08557666,1,0,1) very rare (1-5),0.05742414,0.019226281,0.25,6.485696464325594
4771,0.5321574,1,27,3) common (21-100),0.24105446,0.10955738,0.9,5.752733516201112
4772,0.1967355,1,4,1) very rare (1-5),0.1341426,0.0638721,0.35,5.760276048481918
4773,0.43278486,1,107,4) very common (100+),0.26627988,0.05841676,0.55,4.078665859074353
4774,0.96134907,0,99,3) common (21-100),0.74392295,0.120095685,1.0,1.9537978637770654
4775,0.6861951,0,274,4) very common (100+),0.57706636,0.115647584,0.85,2.4353145771250264
4776,0.75349975,0,10,2) rare (6-20),0.34938806,0.12931357,1.0,5.206117695022839
4777,0.36379367,0,5,1) very rare (1-5),0.2020835,0.04859538,0.75,5.24458646803145
4778,0.6867239,0,111,4) very common (100+),0.42900935,0.12746346,0.95,3.5430434182874104
4779,0.29339552,0,1,1) very rare (1-5),0.15216298,0.061139386,0.6,6.277152163851107
4780,0.35968703,1,1,1) very rare (1-5),0.25568423,0.07581628,0.65,3.8914559442351306
4781,0.8735286,0,421,4) very common (100+),0.5216467,0.12637204,1.0,4.103583981718996
4782,0.88004065,1,52,3) common (21-100),0.6304797,0.11673475,1.0,2.6714370030645833
4783,0.34805176,1,0,1) very rare (1-5),0.12739453,0.07381294,0.85,6.212580279488322
4784,0.98720247,0,39,3) common (21-100),0.875972,0.054021526,1.0,1.1765066189474767
4785,0.09541537,1,2,1) very rare (1-5),0.031647768,0.015373843,0.7,7.956672826827702
4786,0.38868716,1,268,4) very common (100+),0.26236448,0.07049517,0.55,4.912522846401248
4787,0.87681746,0,1000,4) very common (100+),0.74007744,0.11836615,1.0,1.4000570516832664
4788,0.6004373,1,35,3) common (21-100),0.24599285,0.10721658,1.0,6.244580972161962
4789,0.40533626,0,91,3) common (21-100),0.27609524,0.10715801,0.6,4.910616829444595
4790,0.47425273,0,0,1) very rare (1-5),0.20026962,0.10329082,0.85,5.9373325202140546
4791,0.4128313,1,30,3) common (21-100),0.26132643,0.09572847,0.8,5.030543896630192
4792,0.03417916,1,3,1) very rare (1-5),0.026257765,0.01026785,0.35,7.852987188816254
4793,0.77917475,0,166,4) very common (100+),0.4915966,0.1279567,0.95,3.742208973050257
4794,0.6435489,0,82,3) common (21-100),0.31608465,0.10560559,1.0,5.180717737336572
4795,0.9137575,1,66,3) common (21-100),0.6424304,0.1086172,1.0,3.088827686705054
4796,0.64069486,0,237,4) very common (100+),0.38197032,0.12004106,1.0,3.9335418198457015
4797,0.3233582,0,13,2) rare (6-20),0.20295802,0.09876972,0.8,4.368284554141168
4798,0.2916636,0,12,2) rare (6-20),0.12433259,0.070127234,1.0,7.094504957607681
4799,0.7510291,0,3,1) very rare (1-5),0.53252,0.123310275,1.0,2.5171913612367027
4800,0.14949636,1,1290,4) very common (100+),0.08210635,0.030187171,0.8,6.909542310702023
4801,0.25149295,1,3,1) very rare (1-5),0.098045565,0.06061211,0.95,7.3701962049796075
4802,0.49993187,1,160,4) very common (100+),0.32834384,0.101146385,0.8,3.8906254576595996
4803,0.6999554,0,7,2) rare (6-20),0.37468904,0.1126856,0.9,4.525753623123151
4804,0.058595587,1,0,1) very rare (1-5),0.021310832,0.007441721,0.5,8.024433686508047
4805,0.6528823,0,24,3) common (21-100),0.4556808,0.14856546,0.85,3.4923717343978007
4806,0.7978029,1,35,3) common (21-100),0.4405915,0.1751053,1.0,4.6883595409504935
4807,0.1952199,0,3,1) very rare (1-5),0.09676933,0.036966756,0.6,6.529844494228287
4808,0.2915479,0,15,2) rare (6-20),0.18480882,0.05948953,0.6,6.055206451443085
4809,0.9931678,0,211,4) very common (100+),0.90175784,0.041617297,1.0,1.0003467679986513
4810,0.5838722,1,0,1) very rare (1-5),0.2837956,0.0997522,0.9,4.739617377814403
4811,0.021866951,0,71,3) common (21-100),0.015726306,0.0054394244,0.25,8.093999455216366
4812,0.7613644,1,0,1) very rare (1-5),0.4279068,0.104092106,1.0,4.37410435690465
4813,0.39882317,0,178,4) very common (100+),0.16579883,0.06587028,0.85,6.389076375126438
4814,0.3025189,1,2,1) very rare (1-5),0.17143032,0.05173508,0.8,5.071612142764245
4815,0.14354798,0,3,1) very rare (1-5),0.046213094,0.023675129,0.7,7.949976696325097
4816,0.22928618,1,118,4) very common (100+),0.079737045,0.042181775,0.65,7.020749209080338
4817,0.09049562,1,0,1) very rare (1-5),0.05750013,0.041095283,0.5,7.201888951228405
4818,0.5518839,0,19,2) rare (6-20),0.32121864,0.098974,0.9,4.374815458316973
4819,0.17445518,1,0,1) very rare (1-5),0.07018264,0.025104033,0.4,7.218896763923738
4820,0.49726212,1,30,3) common (21-100),0.17484,0.08179085,0.95,6.289963090376135
4821,0.04043771,1,0,1) very rare (1-5),0.026168603,0.008983503,0.3,7.748593523915386
4822,0.44578958,0,66,3) common (21-100),0.37536657,0.07938421,0.6,3.248884698367868
4823,0.6516254,0,4,1) very rare (1-5),0.49699792,0.14922602,0.8,3.1433730567727456
4824,0.47714972,1,275,4) very common (100+),0.3503608,0.09203546,0.7,3.8450989587465534
4825,0.2619935,1,38,3) common (21-100),0.2972536,0.075051665,0.4,3.2278200365785263
4826,0.97828776,1,16,2) rare (6-20),0.9228058,0.036111157,1.0,0.524153978083807
4827,0.8624236,1,2,1) very rare (1-5),0.5903357,0.11952285,1.0,2.992780001882376
4828,0.436564,0,421,4) very common (100+),0.19419944,0.07052453,0.75,6.295817147062109
4829,0.08147933,1,3,1) very rare (1-5),0.054254346,0.019027613,0.4,7.032389143525053
4830,0.9541259,0,8,2) rare (6-20),0.7068175,0.12488582,1.0,2.701731097404865
4831,0.34949434,0,4,1) very rare (1-5),0.2028609,0.07285779,0.65,5.726842907726638
4832,0.18902469,1,118,4) very common (100+),0.17189625,0.07833501,0.35,5.297237669655981
4833,0.09869259,0,2,1) very rare (1-5),0.06458907,0.022043912,0.4,6.886181616194928
4834,0.92083704,1,0,1) very rare (1-5),0.6026974,0.1316354,1.0,3.665842458224784
4835,0.9921991,0,274,4) very common (100+),0.9593002,0.020621136,1.0,0.31032871106309523
4836,0.39623332,0,39,3) common (21-100),0.17256202,0.06863668,0.75,6.341232421781916
4837,0.043693278,1,0,1) very rare (1-5),0.021899108,0.008439138,0.3,7.886695920419122
4838,0.8606633,1,0,1) very rare (1-5),0.5261933,0.1015413,1.0,4.001471974025725
4839,0.07227176,0,0,1) very rare (1-5),0.03544011,0.014753039,0.5,7.694151909262196
4840,0.7883489,0,18,2) rare (6-20),0.4886589,0.14418355,1.0,3.7498300648635463
4841,0.045149576,1,0,1) very rare (1-5),0.026472282,0.008260153,0.7,7.466842618236918
4842,0.9563428,0,142,4) very common (100+),0.83169395,0.07170992,1.0,1.1973689002999315
4843,0.98421013,0,1000,4) very common (100+),0.9356998,0.05214837,1.0,0.4725596312309402
4844,0.8307703,0,78,3) common (21-100),0.58187556,0.12596309,1.0,2.1250930194827196
4845,0.07377707,1,8,2) rare (6-20),0.05785213,0.01448401,0.25,6.897553853827762
4846,0.2863128,0,0,1) very rare (1-5),0.12739787,0.050322127,0.7,6.142010307800011
4847,0.83426183,0,10,2) rare (6-20),0.65080714,0.13966708,1.0,2.236158369443734
4848,0.586791,0,16,2) rare (6-20),0.32552186,0.10139795,1.0,4.844706975837293
4849,0.19174664,1,8,2) rare (6-20),0.1458464,0.05218581,0.3,5.472640016848077
4850,0.97983515,1,0,1) very rare (1-5),0.9390429,0.043944553,1.0,0.38571485693403856
4851,0.23649406,1,9,2) rare (6-20),0.1967816,0.068821214,0.45,5.039802004833147
4852,0.7715519,0,1290,4) very common (100+),0.49659887,0.118992746,1.0,3.742006774828295
4853,0.24489816,0,81,3) common (21-100),0.19319834,0.046127856,0.45,4.211684276605699
4854,0.13098302,1,2,1) very rare (1-5),0.12497171,0.04351323,0.35,5.052907713635365
4855,0.84013796,1,1000,4) very common (100+),0.6021051,0.1129259,0.95,2.145868244863082
4856,0.20359148,0,41,3) common (21-100),0.0682821,0.026090913,0.8,6.785364352777462
4857,0.8863558,1,1070,4) very common (100+),0.7344646,0.10130957,1.0,0.9985606485523124
4858,0.3456573,1,44,3) common (21-100),0.24850464,0.08454455,0.5,4.835803756616315
4859,0.99624723,0,211,4) very common (100+),0.95976114,0.023979498,1.0,0.37383737851892246
4860,0.52134717,1,36,3) common (21-100),0.389942,0.09902257,0.75,3.3957223010873925
4861,0.66187066,1,268,4) very common (100+),0.5109324,0.09676501,0.8,2.5278208361312275
4862,0.14995284,1,0,1) very rare (1-5),0.056599032,0.05119113,0.9,7.688159305565636
4863,0.6584114,1,0,1) very rare (1-5),0.39846763,0.11954466,0.95,3.9317943742389048
4864,0.13584156,1,0,1) very rare (1-5),0.07388271,0.053201668,0.8,7.521063414652369
4865,0.2754361,1,0,1) very rare (1-5),0.10103619,0.049231075,0.8,7.320887244266476
4866,0.2547603,1,19,2) rare (6-20),0.13966402,0.07948548,0.6,6.4171729115432665
4867,0.79344153,0,2,1) very rare (1-5),0.35032457,0.14638579,1.0,5.510718475107796
4868,0.5839714,1,1,1) very rare (1-5),0.23722908,0.11175719,1.0,5.777414174473456
4869,0.43811798,1,16,2) rare (6-20),0.29467362,0.09608949,0.75,4.560359523456808
4870,0.47130442,0,41,3) common (21-100),0.2566146,0.112410635,0.95,4.969648252271855
4871,0.71031046,0,268,4) very common (100+),0.594134,0.13212638,0.95,1.6134394232325433
4872,0.6026012,0,134,4) very common (100+),0.36653298,0.10837395,0.75,3.887646869627384
4873,0.5169489,1,0,1) very rare (1-5),0.34240302,0.097055584,0.8,3.6242743937787054
4874,0.8426023,0,29,3) common (21-100),0.48723087,0.12682597,1.0,3.7745683124785048
4875,0.36043835,1,15,2) rare (6-20),0.21624097,0.07876903,0.65,4.6698291248905806
4876,0.8156598,0,134,4) very common (100+),0.468206,0.18328772,1.0,4.332508068693183
4877,0.43591,1,56,3) common (21-100),0.1527449,0.08104864,0.95,6.926441337631704
4878,0.5335312,1,1070,4) very common (100+),0.19557378,0.09267994,1.0,6.511498856045632
4879,0.7361373,1,0,1) very rare (1-5),0.3913613,0.1276702,1.0,4.767869597474375
4880,0.74813735,1,19,2) rare (6-20),0.53396577,0.117136896,1.0,3.038346150887582
4881,0.14197001,0,7,2) rare (6-20),0.03468602,0.014076337,0.9,7.916663616804787
4882,0.5044371,1,28,3) common (21-100),0.24867725,0.08660393,0.6,4.741049654717049
4883,0.27521676,1,343,4) very common (100+),0.13078363,0.061212424,0.6,5.980934462980001
4884,0.59925634,1,0,1) very rare (1-5),0.32091287,0.11763956,1.0,4.742656607358168
4885,0.9781618,0,37,3) common (21-100),0.8634831,0.05829378,1.0,1.2711650485387742
4886,0.33181956,0,106,4) very common (100+),0.20277831,0.0830682,0.7,5.599303360584576
4887,0.10768416,1,142,4) very common (100+),0.052524157,0.03511663,0.65,7.581568527407002
4888,0.97768664,0,89,3) common (21-100),0.8478693,0.07780261,1.0,1.3010595494312336
4889,0.18326491,1,7,2) rare (6-20),0.12467897,0.05377129,0.6,5.998313429806753
4890,0.06687956,1,0,1) very rare (1-5),0.039046142,0.01907452,0.55,7.409946194892569
4891,0.1887583,1,3,1) very rare (1-5),0.09662126,0.04603297,0.45,6.785470617660329
4892,0.84488577,0,1000,4) very common (100+),0.5596964,0.15616333,1.0,3.06655760623081
4893,0.026718365,1,0,1) very rare (1-5),0.024173733,0.008655628,0.35,7.553006528379292
4894,0.107945725,1,1,1) very rare (1-5),0.040370274,0.014492558,0.75,7.855049091795566
4895,0.50880504,0,343,4) very common (100+),0.3309721,0.10210727,0.75,4.038394097118086
4896,0.90830284,0,2,1) very rare (1-5),0.56419367,0.11796001,1.0,4.004245188097718
4897,0.909575,1,146,4) very common (100+),0.82121325,0.073042884,1.0,0.9648483339066645
4898,0.19015926,0,4,1) very rare (1-5),0.08138795,0.022935424,0.65,6.58084036057281
4899,0.5955042,0,92,3) common (21-100),0.24517787,0.13019958,1.0,6.0664997824925
4900,0.89990884,0,22,3) common (21-100),0.7663189,0.10613836,1.0,1.2036556846547724
4901,0.59851956,0,146,4) very common (100+),0.3711296,0.09209307,0.7,4.405009615668526
4902,0.022226542,1,4,1) very rare (1-5),0.012418961,0.0054281824,0.3,8.419856775836125
4903,0.99439806,0,211,4) very common (100+),0.94491374,0.02271921,1.0,0.573147162010566
4904,0.94987166,0,223,4) very common (100+),0.7103311,0.12273634,1.0,2.387227920629771
4905,0.98599166,0,10,2) rare (6-20),0.88817674,0.05687219,1.0,1.0313269729961103
4906,0.5236943,0,107,4) very common (100+),0.2850552,0.1127489,0.8,3.973967644539098
4907,0.27871618,0,0,1) very rare (1-5),0.1195993,0.065911986,0.7,6.334236609678796
4908,0.52217555,0,78,3) common (21-100),0.2083755,0.10426664,0.95,5.867044410566612
4909,0.6346501,1,28,3) common (21-100),0.27381325,0.08133018,1.0,5.46130613311623
4910,0.40457368,1,105,4) very common (100+),0.18304244,0.06723406,0.8,5.752014660798238
4911,0.65240777,1,2,1) very rare (1-5),0.30514985,0.10862094,1.0,5.318922037427432
4912,0.77441233,1,1070,4) very common (100+),0.57058954,0.11168087,1.0,2.232404956494657
4913,0.09548316,1,16,2) rare (6-20),0.037757523,0.028490195,0.85,8.037361540913718
4914,0.14458624,1,0,1) very rare (1-5),0.07437678,0.023211643,0.5,6.8661804205867085
4915,0.9821702,1,261,4) very common (100+),0.8604723,0.06158335,1.0,1.1934525965989884
4916,0.9103778,0,1070,4) very common (100+),0.64632094,0.16932602,1.0,3.0530733339401603
4917,0.84744585,0,105,4) very common (100+),0.71483064,0.09378748,1.0,1.5827319970130167
4918,0.46044716,0,58,3) common (21-100),0.25322422,0.13125865,0.7,5.098478972291943
4919,0.98200583,0,1000,4) very common (100+),0.93874896,0.056218605,1.0,0.3846289579735397
4920,0.11602733,1,0,1) very rare (1-5),0.073576294,0.018891597,0.35,5.945512507023643
4921,0.6819856,0,8,2) rare (6-20),0.52805114,0.1416814,0.95,2.5335000723628096
4922,0.94451797,0,39,3) common (21-100),0.78205407,0.0805798,1.0,1.731756144188835
4923,0.49131688,1,3,1) very rare (1-5),0.35280508,0.11198769,0.55,4.341135361240858
4924,0.16885775,1,118,4) very common (100+),0.07394059,0.037395716,0.9,7.238608916476299
4925,0.52617425,0,89,3) common (21-100),0.4651431,0.094266176,0.85,2.7069112731846463
4926,0.8112824,1,11,2) rare (6-20),0.3617363,0.13346756,1.0,5.556947676615572
4927,0.8338645,1,1290,4) very common (100+),0.47728524,0.14339079,0.95,4.5145178034878635
4928,0.66437274,1,0,1) very rare (1-5),0.49390855,0.11684674,0.85,2.662144142670017
4929,0.18853417,0,343,4) very common (100+),0.13328768,0.045315802,0.4,6.202299662082714
4930,0.31908348,1,1,1) very rare (1-5),0.14472349,0.055335145,0.8,6.142200885542545
4931,0.2619508,1,5,1) very rare (1-5),0.15545186,0.04776439,0.85,5.263118350065433
4932,0.10329172,1,0,1) very rare (1-5),0.05530552,0.036666423,0.35,7.005255836099712
4933,0.06652697,1,0,1) very rare (1-5),0.04322453,0.024487343,0.5,7.6530152291756846
4934,0.67882985,1,8,2) rare (6-20),0.39446992,0.10385801,1.0,4.554226747890898
4935,0.9955415,0,211,4) very common (100+),0.95426524,0.025589911,1.0,0.4561274976741889
4936,0.6458071,0,14,2) rare (6-20),0.3337953,0.1088754,0.95,4.936383698899357
4937,0.5106081,1,14,2) rare (6-20),0.20462517,0.10535788,1.0,6.526941378784974
4938,0.86581135,0,18,2) rare (6-20),0.74319834,0.07550804,1.0,1.3029859419418037
4939,0.7622812,0,23,3) common (21-100),0.3333547,0.1035887,1.0,5.512059005704937
4940,0.7949018,1,7,2) rare (6-20),0.49121323,0.13063051,1.0,3.2181368620106343
4941,0.8993682,1,700,4) very common (100+),0.63588667,0.14657961,1.0,3.1592458543546345
4942,0.99464536,0,53,3) common (21-100),0.9480871,0.028003965,1.0,0.4755768271579194
4943,0.21411802,1,2,1) very rare (1-5),0.07583026,0.044358693,1.0,7.256186659837718
4944,0.24125832,1,160,4) very common (100+),0.1207103,0.047369607,0.4,6.505067021736986
4945,0.07209941,1,0,1) very rare (1-5),0.043113314,0.020024328,0.65,7.493294705082012
4946,0.6258567,0,5,1) very rare (1-5),0.3782503,0.14444725,0.95,4.414647968518519
4947,0.14693172,1,1,1) very rare (1-5),0.08231806,0.045201644,0.6,6.85069881498122
4948,0.85715675,1,261,4) very common (100+),0.7384008,0.11466014,0.95,1.4144483156864505
4949,0.111022316,0,0,1) very rare (1-5),0.11325091,0.04740356,0.3,5.545733841926198
4950,0.9618836,0,142,4) very common (100+),0.87030303,0.062282566,1.0,0.8363715316185374
4951,0.33496463,1,1,1) very rare (1-5),0.109536186,0.075084016,0.9,7.3117210275760876
4952,0.034028683,0,0,1) very rare (1-5),0.026752423,0.011032912,0.2,7.710864662467294
4953,0.45385745,0,4,1) very rare (1-5),0.45175838,0.08959543,0.65,2.9936174216331493
4954,0.05441243,1,0,1) very rare (1-5),0.033290017,0.0134767415,0.4,7.253650652576908
4955,0.14790638,1,0,1) very rare (1-5),0.054630775,0.015287723,0.85,7.042552208992944
4956,0.8768838,1,5,1) very rare (1-5),0.5342776,0.13303195,1.0,4.099415377590552
4957,0.2962849,0,7,2) rare (6-20),0.16235247,0.06912242,0.8,6.2815548577019555
4958,0.2118166,1,31,3) common (21-100),0.16970776,0.062144637,0.5,5.595419985050252
4959,0.3555634,1,4,1) very rare (1-5),0.1765558,0.06866267,0.8,5.910027526194558
4960,0.8953402,1,36,3) common (21-100),0.6276001,0.12470643,1.0,3.1409150518075424
4961,0.54511106,1,343,4) very common (100+),0.33259353,0.12897064,0.9,3.699927945560074
4962,0.31940255,1,23,3) common (21-100),0.23190215,0.06501826,0.35,4.3333215903940605
4963,0.81162447,1,178,4) very common (100+),0.54205936,0.14145575,0.9,2.9970284220197083
4964,0.3064467,0,0,1) very rare (1-5),0.114674985,0.028154047,0.65,6.2238563765582455
4965,0.45537314,1,268,4) very common (100+),0.19043188,0.07526602,0.7,6.261636553067547
4966,0.5208647,1,58,3) common (21-100),0.29357126,0.09580225,0.85,4.094920266224746
4967,0.24190412,0,4,1) very rare (1-5),0.1097131,0.053694416,0.65,6.22623425378584
4968,0.38795358,1,8,2) rare (6-20),0.26615375,0.10360544,0.65,5.171410082133694
4969,0.44745547,0,5,1) very rare (1-5),0.24172895,0.08438334,0.65,5.100417201585732
4970,0.43310428,1,0,1) very rare (1-5),0.17680763,0.051153366,0.95,6.495457181177939
4971,0.33592784,0,17,2) rare (6-20),0.18301597,0.11884469,1.0,6.577330650515679
4972,0.8891868,1,1070,4) very common (100+),0.7013617,0.16265269,0.95,1.7528594894869758
4973,0.971245,0,1000,4) very common (100+),0.798458,0.105573595,1.0,1.663077964524489
4974,0.7608948,0,159,4) very common (100+),0.3711056,0.15659067,1.0,5.063282500993588
4975,0.69828707,0,274,4) very common (100+),0.434197,0.14311606,0.95,4.064853386350567
4976,0.11867873,1,9,2) rare (6-20),0.0608597,0.025175719,0.65,6.404115108962781
4977,0.19777325,1,0,1) very rare (1-5),0.09725766,0.06081542,0.65,6.372896603673983
4978,0.9389815,0,63,3) common (21-100),0.6747462,0.10576722,1.0,2.430486727424491
4979,0.21646748,1,1290,4) very common (100+),0.1113433,0.06156604,0.6,6.721463740169813
4980,0.09943707,1,2,1) very rare (1-5),0.046719134,0.028095767,0.5,7.559972981654087
4981,0.79763365,0,237,4) very common (100+),0.6593483,0.11173604,1.0,1.6262264210775572
4982,0.074930124,0,2,1) very rare (1-5),0.036242023,0.012116565,0.45,7.425334414743535
4983,0.8740636,1,0,1) very rare (1-5),0.70310694,0.12275545,1.0,1.5647535467630926
4984,0.28965238,1,3,1) very rare (1-5),0.13430302,0.06404976,0.6,6.443350784628194
4985,0.46937653,0,3,1) very rare (1-5),0.21929984,0.06896593,0.95,5.020168597221269
4986,0.39050913,1,31,3) common (21-100),0.2920386,0.09143787,0.6,4.078307933461643
4987,0.07105951,1,0,1) very rare (1-5),0.042225353,0.015139846,0.3,7.74284051156282
4988,0.673378,0,16,2) rare (6-20),0.27586332,0.09968313,1.0,6.318923207783122
4989,0.46145537,1,8,2) rare (6-20),0.33471662,0.089514874,0.85,3.5033161642832003
4990,0.5986988,0,4,1) very rare (1-5),0.3454305,0.13895233,0.85,4.45205851928401
4991,0.5004393,0,18,2) rare (6-20),0.40599608,0.09805063,0.75,2.7799859318288482
4992,0.07837818,0,3,1) very rare (1-5),0.04239831,0.019815883,0.55,7.703143343527109
4993,0.86699003,1,1290,4) very common (100+),0.5898219,0.14521863,1.0,3.245730257583581
4994,0.21823385,1,0,1) very rare (1-5),0.14726879,0.05204475,0.75,5.740112471089152
4995,0.32862028,1,85,3) common (21-100),0.09749858,0.036700968,0.8,6.940568932387796
4996,0.04728351,1,0,1) very rare (1-5),0.02286269,0.012848082,0.45,7.991533536776844
4997,0.6172837,0,43,3) common (21-100),0.25722337,0.101399995,0.95,5.919512394128348
4998,0.983245,0,1000,4) very common (100+),0.89954424,0.034810703,1.0,0.7800686930486214
4999,0.73514605,1,0,1) very rare (1-5),0.4344317,0.16429417,1.0,3.968473365885364
5000,0.8184009,0,223,4) very common (100+),0.56883097,0.14053988,0.95,2.9003427475118366
5001,0.22928274,1,6,2) rare (6-20),0.1286731,0.04916959,0.5,6.249751084526581
5002,0.4422345,1,1,1) very rare (1-5),0.17174564,0.069113754,0.85,5.964097415620368
5003,0.9415346,0,89,3) common (21-100),0.66263026,0.13837157,1.0,3.0281340202594365
5004,0.73751044,0,66,3) common (21-100),0.45688042,0.12668577,1.0,3.302605172995777
5005,0.20366433,1,118,4) very common (100+),0.08240118,0.038108982,0.8,6.886416844992268
5006,0.9466157,0,274,4) very common (100+),0.72004616,0.14097247,1.0,2.4803678889452416
