mol_idx,top_score,uq,error,frequency,tier
0,0.9352515,0.064748526,0,74,3) common (21-100)
1,0.22641666,0.77358335,0,0,1) very rare (1-5)
2,0.83074236,0.16925764,0,74,3) common (21-100)
3,0.16736875,0.83263123,1,0,1) very rare (1-5)
4,0.072041854,0.92795813,1,0,1) very rare (1-5)
5,0.58427376,0.41572624,0,7,2) rare (6-20)
6,0.55770224,0.44229776,0,2,1) very rare (1-5)
7,0.812602,0.18739802,0,23,3) common (21-100)
8,0.6971888,0.3028112,1,4,1) very rare (1-5)
9,0.028285239,0.97171474,1,0,1) very rare (1-5)
10,0.04520195,0.95479804,1,0,1) very rare (1-5)
11,0.58254325,0.41745675,0,3,1) very rare (1-5)
12,0.05001002,0.94999,1,0,1) very rare (1-5)
13,0.81874514,0.18125486,1,0,1) very rare (1-5)
14,0.78735405,0.21264595,0,1,1) very rare (1-5)
15,0.2884783,0.7115217,1,6,2) rare (6-20)
16,0.34366018,0.6563398,0,5,1) very rare (1-5)
17,0.91346306,0.086536944,0,74,3) common (21-100)
18,0.8520078,0.1479922,1,2,1) very rare (1-5)
19,0.84766096,0.15233904,0,3,1) very rare (1-5)
20,0.061667882,0.93833214,1,0,1) very rare (1-5)
21,0.72957146,0.27042854,0,74,3) common (21-100)
22,0.13258748,0.8674125,1,0,1) very rare (1-5)
23,0.6075993,0.39240068,1,14,2) rare (6-20)
24,0.859005,0.14099503,0,108,4) very common (100+)
25,0.5442937,0.4557063,1,145,4) very common (100+)
26,0.09536088,0.9046391,1,7,2) rare (6-20)
27,0.1478284,0.8521716,1,20,2) rare (6-20)
28,0.12385844,0.87614155,0,10,2) rare (6-20)
29,0.35797003,0.64203,1,0,1) very rare (1-5)
30,0.3449551,0.6550449,0,7,2) rare (6-20)
31,0.6731026,0.32689738,1,43,3) common (21-100)
32,0.28955826,0.7104417,0,1,1) very rare (1-5)
33,0.8658715,0.13412851,0,6,2) rare (6-20)
34,0.22258744,0.77741253,1,31,3) common (21-100)
35,0.07283675,0.92716324,1,0,1) very rare (1-5)
36,0.16475756,0.83524245,1,0,1) very rare (1-5)
37,0.760364,0.239636,1,3,1) very rare (1-5)
38,0.20685546,0.7931445,1,2,1) very rare (1-5)
39,0.49198696,0.508013,0,84,3) common (21-100)
40,0.10012276,0.89987725,1,0,1) very rare (1-5)
41,0.061444033,0.93855596,1,0,1) very rare (1-5)
42,0.21880835,0.78119165,0,2,1) very rare (1-5)
43,0.2885833,0.7114167,0,3,1) very rare (1-5)
44,0.05499082,0.9450092,0,1,1) very rare (1-5)
45,0.7112438,0.2887562,1,0,1) very rare (1-5)
46,0.4759342,0.5240658,0,36,3) common (21-100)
47,0.6152317,0.3847683,0,3,1) very rare (1-5)
48,0.026868666,0.97313136,1,1,1) very rare (1-5)
49,0.07789908,0.9221009,1,0,1) very rare (1-5)
50,0.085768275,0.9142317,1,8,2) rare (6-20)
51,0.9118957,0.08810431,1,2,1) very rare (1-5)
52,0.73957103,0.26042897,1,5,1) very rare (1-5)
53,0.23937337,0.7606266,1,44,3) common (21-100)
54,0.04749669,0.9525033,1,0,1) very rare (1-5)
55,0.07933255,0.92066747,1,3,1) very rare (1-5)
56,0.670667,0.329333,1,1,1) very rare (1-5)
57,0.549302,0.45069802,0,274,4) very common (100+)
58,0.091803044,0.9081969,1,14,2) rare (6-20)
59,0.53572506,0.46427494,1,2,1) very rare (1-5)
60,0.19073349,0.8092665,0,1,1) very rare (1-5)
61,0.4989331,0.5010669,1,2,1) very rare (1-5)
62,0.27494943,0.72505057,1,123,4) very common (100+)
63,0.11522462,0.8847754,1,1,1) very rare (1-5)
64,0.40966496,0.590335,1,30,3) common (21-100)
65,0.9737526,0.026247382,0,15,2) rare (6-20)
66,0.7396236,0.2603764,0,6,2) rare (6-20)
67,0.6211312,0.37886882,1,13,2) rare (6-20)
68,0.99485767,0.005142331,0,274,4) very common (100+)
69,0.07914717,0.92085284,1,0,1) very rare (1-5)
70,0.81906164,0.18093836,0,5,1) very rare (1-5)
71,0.5726529,0.42734712,0,14,2) rare (6-20)
72,0.3386807,0.66131926,1,2,1) very rare (1-5)
73,0.21265222,0.7873478,1,142,4) very common (100+)
74,0.08336468,0.91663533,1,0,1) very rare (1-5)
75,0.14668241,0.8533176,1,81,3) common (21-100)
76,0.26185814,0.7381419,1,30,3) common (21-100)
77,0.729379,0.270621,1,4,1) very rare (1-5)
78,0.15245931,0.8475407,0,2,1) very rare (1-5)
79,0.7887293,0.21127069,1,1070,4) very common (100+)
80,0.77652353,0.22347647,1,1,1) very rare (1-5)
81,0.1944133,0.8055867,1,0,1) very rare (1-5)
82,0.050441332,0.9495587,1,3,1) very rare (1-5)
83,0.95388305,0.046116948,1,1290,4) very common (100+)
84,0.2738026,0.72619736,1,1,1) very rare (1-5)
85,0.3743408,0.6256592,1,19,2) rare (6-20)
86,0.5215525,0.4784475,0,75,3) common (21-100)
87,0.008160864,0.9918391,1,24,3) common (21-100)
88,0.16616897,0.833831,1,0,1) very rare (1-5)
89,0.46877506,0.53122497,0,106,4) very common (100+)
90,0.3849216,0.6150784,0,81,3) common (21-100)
91,0.43315434,0.56684566,0,2,1) very rare (1-5)
92,0.13282748,0.86717254,1,6,2) rare (6-20)
93,0.87289214,0.12710786,1,146,4) very common (100+)
94,0.93524367,0.064756334,1,3,1) very rare (1-5)
95,0.9776298,0.02237022,0,1290,4) very common (100+)
96,0.054220762,0.94577926,1,26,3) common (21-100)
97,0.05431574,0.94568425,1,15,2) rare (6-20)
98,0.16504002,0.83496,1,107,4) very common (100+)
99,0.8845751,0.11542487,1,1070,4) very common (100+)
100,0.46314248,0.5368575,0,96,3) common (21-100)
101,0.22691153,0.77308846,1,1,1) very rare (1-5)
102,0.63673836,0.36326164,0,118,4) very common (100+)
103,0.49903768,0.5009623,0,0,1) very rare (1-5)
104,0.82458454,0.17541546,1,54,3) common (21-100)
105,0.8683401,0.13165992,0,1290,4) very common (100+)
106,0.99505436,0.004945636,0,89,3) common (21-100)
107,0.08871829,0.9112817,1,20,2) rare (6-20)
108,0.95193875,0.04806125,0,66,3) common (21-100)
109,0.419331,0.580669,0,9,2) rare (6-20)
110,0.98724,0.012759984,1,89,3) common (21-100)
111,0.43140152,0.5685985,1,16,2) rare (6-20)
112,0.054315053,0.94568497,1,0,1) very rare (1-5)
113,0.32733148,0.6726685,0,43,3) common (21-100)
114,0.10649372,0.8935063,1,111,4) very common (100+)
115,0.64153534,0.35846466,0,145,4) very common (100+)
116,0.043171614,0.95682836,1,1,1) very rare (1-5)
117,0.90706366,0.09293634,0,70,3) common (21-100)
118,0.484119,0.515881,0,94,3) common (21-100)
119,0.9494763,0.0505237,0,123,4) very common (100+)
120,0.36781368,0.6321863,0,33,3) common (21-100)
121,0.51895314,0.48104686,1,0,1) very rare (1-5)
122,0.7841603,0.21583968,1,0,1) very rare (1-5)
123,0.95931697,0.04068303,0,700,4) very common (100+)
124,0.64597124,0.35402876,1,37,3) common (21-100)
125,0.34162998,0.65837,1,52,3) common (21-100)
126,0.11483392,0.88516605,1,0,1) very rare (1-5)
127,0.15395913,0.84604084,1,2,1) very rare (1-5)
128,0.12099111,0.8790089,1,0,1) very rare (1-5)
129,0.66700846,0.33299154,0,106,4) very common (100+)
130,0.94677347,0.05322653,1,11,2) rare (6-20)
131,0.36389837,0.6361016,1,2,1) very rare (1-5)
132,0.8271195,0.17288047,0,6,2) rare (6-20)
133,0.6485046,0.3514954,0,1,1) very rare (1-5)
134,0.9924793,0.0075206757,0,274,4) very common (100+)
135,0.35142222,0.6485778,1,0,1) very rare (1-5)
136,0.86020464,0.13979536,0,78,3) common (21-100)
137,0.840798,0.15920198,1,0,1) very rare (1-5)
138,0.5400175,0.4599825,1,1290,4) very common (100+)
139,0.65892595,0.34107405,1,1070,4) very common (100+)
140,0.9898811,0.010118902,0,343,4) very common (100+)
141,0.98123413,0.018765867,0,74,3) common (21-100)
142,0.35236916,0.6476308,0,66,3) common (21-100)
143,0.54128873,0.45871127,1,2,1) very rare (1-5)
144,0.2930359,0.70696414,1,13,2) rare (6-20)
145,0.4104312,0.5895688,0,5,1) very rare (1-5)
146,0.50347733,0.49652267,1,166,4) very common (100+)
147,0.057620805,0.9423792,1,3,1) very rare (1-5)
148,0.32500726,0.67499274,1,1,1) very rare (1-5)
149,0.4385196,0.5614804,0,33,3) common (21-100)
150,0.48008204,0.51991796,0,178,4) very common (100+)
151,0.31781477,0.68218523,0,5,1) very rare (1-5)
152,0.85941464,0.14058536,0,1290,4) very common (100+)
153,0.10976565,0.89023435,0,33,3) common (21-100)
154,0.029735401,0.9702646,1,0,1) very rare (1-5)
155,0.70750237,0.29249763,0,33,3) common (21-100)
156,0.8754085,0.12459153,0,9,2) rare (6-20)
157,0.8663443,0.13365573,1,8,2) rare (6-20)
158,0.9638964,0.036103606,0,39,3) common (21-100)
159,0.39652374,0.6034763,1,4,1) very rare (1-5)
160,0.23586641,0.7641336,0,10,2) rare (6-20)
161,0.08919836,0.91080165,1,0,1) very rare (1-5)
162,0.0798964,0.9201036,1,76,3) common (21-100)
163,0.47604942,0.5239506,1,4,1) very rare (1-5)
164,0.19346814,0.80653185,1,160,4) very common (100+)
165,0.06643282,0.93356717,1,4,1) very rare (1-5)
166,0.83937776,0.16062224,1,7,2) rare (6-20)
167,0.22149202,0.77850795,0,4,1) very rare (1-5)
168,0.3449928,0.65500724,0,223,4) very common (100+)
169,0.22019367,0.7798063,1,8,2) rare (6-20)
170,0.3020221,0.6979779,1,0,1) very rare (1-5)
171,0.12644479,0.8735552,1,26,3) common (21-100)
172,0.7874531,0.21254689,0,1290,4) very common (100+)
173,0.82438904,0.17561096,0,105,4) very common (100+)
174,0.54411346,0.45588654,1,1,1) very rare (1-5)
175,0.2923501,0.7076499,1,2,1) very rare (1-5)
176,0.5077839,0.4922161,1,15,2) rare (6-20)
177,0.4788423,0.52115774,0,102,4) very common (100+)
178,0.8872374,0.11276257,0,1070,4) very common (100+)
179,0.91631335,0.08368665,0,15,2) rare (6-20)
180,0.70586,0.29413998,0,1070,4) very common (100+)
181,0.5848703,0.41512972,0,79,3) common (21-100)
182,0.79186845,0.20813155,1,1070,4) very common (100+)
183,0.09220985,0.9077901,1,36,3) common (21-100)
184,0.6587446,0.34125543,0,66,3) common (21-100)
185,0.8817082,0.118291795,0,1070,4) very common (100+)
186,0.9989712,0.0010287762,0,211,4) very common (100+)
187,0.2828201,0.7171799,1,81,3) common (21-100)
188,0.057560023,0.94244,1,10,2) rare (6-20)
189,0.3449249,0.6550751,1,1,1) very rare (1-5)
190,0.8734323,0.12656772,0,1070,4) very common (100+)
191,0.08093505,0.91906494,1,2,1) very rare (1-5)
192,0.2811334,0.7188666,1,20,2) rare (6-20)
193,0.2755914,0.7244086,0,5,1) very rare (1-5)
194,0.40318602,0.596814,0,4,1) very rare (1-5)
195,0.59473777,0.40526223,0,4,1) very rare (1-5)
196,0.69181645,0.30818355,0,6,2) rare (6-20)
197,0.5494379,0.45056212,1,45,3) common (21-100)
198,0.7540757,0.2459243,1,108,4) very common (100+)
199,0.5629197,0.43708032,0,44,3) common (21-100)
200,0.8348916,0.16510838,1,30,3) common (21-100)
201,0.2382071,0.7617929,1,96,3) common (21-100)
202,0.84518915,0.15481085,0,70,3) common (21-100)
203,0.41723666,0.5827633,1,0,1) very rare (1-5)
204,0.022716122,0.9772839,1,2,1) very rare (1-5)
205,0.09618426,0.90381575,1,2,1) very rare (1-5)
206,0.59063363,0.40936637,1,372,4) very common (100+)
207,0.74909216,0.25090784,1,0,1) very rare (1-5)
208,0.1384008,0.8615992,1,11,2) rare (6-20)
209,0.28610653,0.7138935,1,0,1) very rare (1-5)
210,0.33197823,0.6680218,0,274,4) very common (100+)
211,0.5088654,0.49113458,0,99,3) common (21-100)
212,0.4749833,0.52501667,1,5,1) very rare (1-5)
213,0.9740001,0.025999904,0,1290,4) very common (100+)
214,0.68349636,0.31650364,0,5,1) very rare (1-5)
215,0.1261732,0.8738268,1,1,1) very rare (1-5)
216,0.7267579,0.27324212,0,121,4) very common (100+)
217,0.32875648,0.67124355,1,1,1) very rare (1-5)
218,0.70877934,0.29122066,0,118,4) very common (100+)
219,0.9901708,0.009829223,0,118,4) very common (100+)
220,0.31863317,0.6813668,1,1,1) very rare (1-5)
221,0.63269895,0.36730105,0,6,2) rare (6-20)
222,0.17026137,0.8297386,1,4,1) very rare (1-5)
223,0.4679612,0.5320388,0,4,1) very rare (1-5)
224,0.24659385,0.75340617,1,1,1) very rare (1-5)
225,0.8590709,0.1409291,0,1290,4) very common (100+)
226,0.4098826,0.5901174,1,9,2) rare (6-20)
227,0.90697056,0.09302944,0,8,2) rare (6-20)
228,0.6030623,0.39693773,1,9,2) rare (6-20)
229,0.82078147,0.17921853,1,237,4) very common (100+)
230,0.8101224,0.18987763,0,261,4) very common (100+)
231,0.26669005,0.73331,1,3,1) very rare (1-5)
232,0.18271932,0.81728065,1,3,1) very rare (1-5)
233,0.88836616,0.11163384,0,108,4) very common (100+)
234,0.71641225,0.28358775,0,118,4) very common (100+)
235,0.18043913,0.8195609,1,9,2) rare (6-20)
236,0.47529948,0.5247005,1,20,2) rare (6-20)
237,0.3167991,0.6832009,1,22,3) common (21-100)
238,0.031634375,0.9683656,1,3,1) very rare (1-5)
239,0.64950615,0.35049385,1,145,4) very common (100+)
240,0.83390903,0.16609097,1,84,3) common (21-100)
241,0.47878438,0.5212156,1,33,3) common (21-100)
242,0.873399,0.12660098,1,8,2) rare (6-20)
243,0.24284656,0.75715345,1,1,1) very rare (1-5)
244,0.09586506,0.9041349,1,39,3) common (21-100)
245,0.7193465,0.28065348,0,1070,4) very common (100+)
246,0.8233908,0.17660922,0,1070,4) very common (100+)
247,0.859089,0.14091098,0,39,3) common (21-100)
248,0.37888986,0.62111014,0,3,1) very rare (1-5)
249,0.7812957,0.21870428,0,92,3) common (21-100)
250,0.34342298,0.656577,1,0,1) very rare (1-5)
251,0.14449713,0.85550284,1,2,1) very rare (1-5)
252,0.30848604,0.69151396,1,5,1) very rare (1-5)
253,0.9410009,0.05899912,0,421,4) very common (100+)
254,0.27473357,0.72526646,1,0,1) very rare (1-5)
255,0.11776385,0.8822361,0,0,1) very rare (1-5)
256,0.45829055,0.5417094,1,16,2) rare (6-20)
257,0.5080793,0.4919207,1,0,1) very rare (1-5)
258,0.53525245,0.46474755,1,1070,4) very common (100+)
259,0.26352817,0.73647183,1,14,2) rare (6-20)
260,0.7637909,0.2362091,0,47,3) common (21-100)
261,0.41063625,0.58936375,1,0,1) very rare (1-5)
262,0.023060905,0.9769391,1,18,2) rare (6-20)
263,0.951112,0.048888028,0,700,4) very common (100+)
264,0.78803045,0.21196955,1,79,3) common (21-100)
265,0.94190747,0.058092535,0,178,4) very common (100+)
266,0.9021577,0.097842276,0,261,4) very common (100+)
267,0.8422887,0.15771133,0,105,4) very common (100+)
268,0.5366657,0.46333432,0,5,1) very rare (1-5)
269,0.71146935,0.28853065,0,2,1) very rare (1-5)
270,0.20019425,0.79980576,1,0,1) very rare (1-5)
271,0.045173172,0.95482683,1,6,2) rare (6-20)
272,0.8198694,0.1801306,0,19,2) rare (6-20)
273,0.30172768,0.69827235,1,0,1) very rare (1-5)
274,0.1712551,0.8287449,1,3,1) very rare (1-5)
275,0.51496726,0.48503274,0,372,4) very common (100+)
276,0.6327169,0.3672831,0,2,1) very rare (1-5)
277,0.90845275,0.09154725,0,1070,4) very common (100+)
278,0.13142483,0.86857516,1,58,3) common (21-100)
279,0.19511983,0.80488014,1,372,4) very common (100+)
280,0.87616813,0.12383187,0,1290,4) very common (100+)
281,0.73115695,0.26884305,1,0,1) very rare (1-5)
282,0.07707058,0.9229294,0,4,1) very rare (1-5)
283,0.5390167,0.46098328,1,58,3) common (21-100)
284,0.565254,0.43474603,0,5,1) very rare (1-5)
285,0.86053485,0.13946515,1,66,3) common (21-100)
286,0.7524422,0.24755782,0,52,3) common (21-100)
287,0.5776526,0.42234743,1,178,4) very common (100+)
288,0.9053327,0.094667315,0,5,1) very rare (1-5)
289,0.95027727,0.04972273,0,29,3) common (21-100)
290,0.39991662,0.60008335,0,1290,4) very common (100+)
291,0.6856123,0.31438768,1,7,2) rare (6-20)
292,0.90535915,0.09464085,0,105,4) very common (100+)
293,0.7703498,0.2296502,0,24,3) common (21-100)
294,0.852908,0.14709198,0,94,3) common (21-100)
295,0.78914106,0.21085894,1,0,1) very rare (1-5)
296,0.3245103,0.67548966,1,2,1) very rare (1-5)
297,0.49256542,0.5074346,0,23,3) common (21-100)
298,0.89656526,0.10343474,0,1070,4) very common (100+)
299,0.7861144,0.2138856,0,79,3) common (21-100)
300,0.08626693,0.91373307,1,0,1) very rare (1-5)
301,0.33993793,0.6600621,1,5,1) very rare (1-5)
302,0.36032107,0.63967896,1,134,4) very common (100+)
303,0.3696039,0.6303961,1,700,4) very common (100+)
304,0.21204582,0.7879542,1,0,1) very rare (1-5)
305,0.019164234,0.9808358,1,1,1) very rare (1-5)
306,0.8507047,0.14929527,0,6,2) rare (6-20)
307,0.104110576,0.8958894,1,0,1) very rare (1-5)
308,0.55085194,0.44914806,0,13,2) rare (6-20)
309,0.62642455,0.37357545,1,1,1) very rare (1-5)
310,0.87925446,0.12074554,0,11,2) rare (6-20)
311,0.306267,0.693733,0,1,1) very rare (1-5)
312,0.39771986,0.60228014,1,107,4) very common (100+)
313,0.29593897,0.70406103,1,28,3) common (21-100)
314,0.936943,0.063057005,0,99,3) common (21-100)
315,0.8924433,0.1075567,1,5,1) very rare (1-5)
316,0.8663644,0.13363558,0,4,1) very rare (1-5)
317,0.5827305,0.41726953,1,0,1) very rare (1-5)
318,0.5219084,0.4780916,0,23,3) common (21-100)
319,0.78987896,0.21012104,0,6,2) rare (6-20)
320,0.6336517,0.36634833,1,268,4) very common (100+)
321,0.9212898,0.0787102,0,76,3) common (21-100)
322,0.9444213,0.05557871,0,12,2) rare (6-20)
323,0.31373644,0.68626356,1,79,3) common (21-100)
324,0.6440674,0.3559326,0,6,2) rare (6-20)
325,0.6726977,0.32730228,1,105,4) very common (100+)
326,0.98303485,0.01696515,0,182,4) very common (100+)
327,0.86232555,0.13767445,1,106,4) very common (100+)
328,0.065206654,0.93479335,1,274,4) very common (100+)
329,0.3193638,0.68063617,1,39,3) common (21-100)
330,0.20737252,0.79262745,1,268,4) very common (100+)
331,0.97264963,0.027350366,0,1290,4) very common (100+)
332,0.84742224,0.15257776,0,10,2) rare (6-20)
333,0.690961,0.309039,0,106,4) very common (100+)
334,0.21911721,0.7808828,1,2,1) very rare (1-5)
335,0.92521185,0.07478815,0,4,1) very rare (1-5)
336,0.24849746,0.7515025,0,1,1) very rare (1-5)
337,0.79426664,0.20573336,0,14,2) rare (6-20)
338,0.91419905,0.085800946,1,0,1) very rare (1-5)
339,0.104008526,0.89599144,1,3,1) very rare (1-5)
340,0.4286599,0.5713401,1,1070,4) very common (100+)
341,0.83742946,0.16257054,0,1290,4) very common (100+)
342,0.8449371,0.15506291,1,38,3) common (21-100)
343,0.75538844,0.24461156,1,23,3) common (21-100)
344,0.9208183,0.07918167,0,372,4) very common (100+)
345,0.3299123,0.6700877,1,1,1) very rare (1-5)
346,0.8903096,0.10969043,0,700,4) very common (100+)
347,0.6031834,0.3968166,0,121,4) very common (100+)
348,0.132598,0.867402,0,58,3) common (21-100)
349,0.8682098,0.13179022,0,3,1) very rare (1-5)
350,0.8384063,0.16159368,1,268,4) very common (100+)
351,0.8986339,0.1013661,0,13,2) rare (6-20)
352,0.1642318,0.8357682,1,0,1) very rare (1-5)
353,0.9753514,0.024648607,0,85,3) common (21-100)
354,0.3748237,0.6251763,0,2,1) very rare (1-5)
355,0.1139155,0.8860845,1,0,1) very rare (1-5)
356,0.35957888,0.64042115,0,49,3) common (21-100)
357,0.90365374,0.09634626,0,700,4) very common (100+)
358,0.7183324,0.2816676,0,46,3) common (21-100)
359,0.8772586,0.1227414,1,1,1) very rare (1-5)
360,0.17102009,0.8289799,1,23,3) common (21-100)
361,0.47171602,0.52828395,1,81,3) common (21-100)
362,0.95767677,0.04232323,0,1070,4) very common (100+)
363,0.6396591,0.3603409,0,108,4) very common (100+)
364,0.44357634,0.55642366,0,1290,4) very common (100+)
365,0.6454857,0.3545143,1,58,3) common (21-100)
366,0.24150552,0.7584945,1,4,1) very rare (1-5)
367,0.60759217,0.39240783,0,145,4) very common (100+)
368,0.5106713,0.48932868,0,1290,4) very common (100+)
369,0.038507998,0.961492,1,0,1) very rare (1-5)
370,0.6449995,0.3550005,1,16,2) rare (6-20)
371,0.1125171,0.8874829,1,1,1) very rare (1-5)
372,0.26906654,0.7309334,0,1290,4) very common (100+)
373,0.8224477,0.17755228,0,166,4) very common (100+)
374,0.42283598,0.57716405,1,1070,4) very common (100+)
375,0.27378505,0.72621495,1,1,1) very rare (1-5)
376,0.9244836,0.0755164,0,74,3) common (21-100)
377,0.8425923,0.1574077,0,142,4) very common (100+)
378,0.8577934,0.14220661,1,99,3) common (21-100)
379,0.3803733,0.6196267,1,24,3) common (21-100)
380,0.46642178,0.5335782,0,12,2) rare (6-20)
381,0.14478302,0.855217,0,6,2) rare (6-20)
382,0.45719847,0.5428015,1,166,4) very common (100+)
383,0.3222691,0.6777309,0,3,1) very rare (1-5)
384,0.45957825,0.5404217,0,166,4) very common (100+)
385,0.5820829,0.41791707,1,17,2) rare (6-20)
386,0.6464419,0.35355812,0,421,4) very common (100+)
387,0.17270118,0.8272988,1,3,1) very rare (1-5)
388,0.23772684,0.7622732,1,3,1) very rare (1-5)
389,0.77671283,0.22328717,1,160,4) very common (100+)
390,0.05511477,0.94488525,1,0,1) very rare (1-5)
391,0.8719607,0.1280393,0,78,3) common (21-100)
392,0.5202668,0.47973323,1,0,1) very rare (1-5)
393,0.97132605,0.028673947,1,275,4) very common (100+)
394,0.66982126,0.33017874,1,118,4) very common (100+)
395,0.051515143,0.94848484,1,0,1) very rare (1-5)
396,0.7291227,0.2708773,0,1,1) very rare (1-5)
397,0.70030147,0.29969853,0,142,4) very common (100+)
398,0.15025744,0.84974253,1,0,1) very rare (1-5)
399,0.027878605,0.9721214,1,36,3) common (21-100)
400,0.8527371,0.14726287,0,372,4) very common (100+)
401,0.8004509,0.19954908,0,55,3) common (21-100)
402,0.5851652,0.4148348,1,3,1) very rare (1-5)
403,0.9917374,0.008262575,0,78,3) common (21-100)
404,0.5169442,0.48305577,0,700,4) very common (100+)
405,0.4744544,0.5255456,1,70,3) common (21-100)
406,0.98160297,0.018397033,0,421,4) very common (100+)
407,0.597986,0.40201402,1,107,4) very common (100+)
408,0.16348295,0.83651704,0,96,3) common (21-100)
409,0.6940025,0.3059975,0,237,4) very common (100+)
410,0.77516544,0.22483456,0,124,4) very common (100+)
411,0.13283059,0.8671694,1,39,3) common (21-100)
412,0.095835276,0.90416473,0,2,1) very rare (1-5)
413,0.46850395,0.53149605,0,237,4) very common (100+)
414,0.03241437,0.9675856,0,2,1) very rare (1-5)
415,0.97470254,0.025297463,0,159,4) very common (100+)
416,0.52021277,0.47978723,0,39,3) common (21-100)
417,0.46077916,0.5392208,1,1290,4) very common (100+)
418,0.86713344,0.13286656,1,6,2) rare (6-20)
419,0.9535067,0.04649329,0,124,4) very common (100+)
420,0.13551423,0.86448574,1,49,3) common (21-100)
421,0.02337081,0.9766292,1,0,1) very rare (1-5)
422,0.26835528,0.73164475,0,2,1) very rare (1-5)
423,0.67002064,0.32997936,1,118,4) very common (100+)
424,0.47110808,0.5288919,0,18,2) rare (6-20)
425,0.60947984,0.39052016,1,4,1) very rare (1-5)
426,0.059217602,0.9407824,1,66,3) common (21-100)
427,0.27495754,0.72504246,1,0,1) very rare (1-5)
428,0.17098133,0.82901865,0,32,3) common (21-100)
429,0.59330857,0.40669143,0,343,4) very common (100+)
430,0.74974424,0.25025576,1,41,3) common (21-100)
431,0.91815424,0.08184576,0,1290,4) very common (100+)
432,0.37413546,0.6258645,0,58,3) common (21-100)
433,0.673934,0.32606602,0,2,1) very rare (1-5)
434,0.94540024,0.054599762,1,70,3) common (21-100)
435,0.11998754,0.88001245,1,2,1) very rare (1-5)
436,0.5539168,0.4460832,1,1,1) very rare (1-5)
437,0.061874337,0.93812567,1,0,1) very rare (1-5)
438,0.4532408,0.5467592,1,24,3) common (21-100)
439,0.5156338,0.48436618,1,42,3) common (21-100)
440,0.60011756,0.39988244,0,372,4) very common (100+)
441,0.34637356,0.65362644,1,0,1) very rare (1-5)
442,0.5833366,0.4166634,0,1070,4) very common (100+)
443,0.77302057,0.22697943,0,237,4) very common (100+)
444,0.076271184,0.9237288,1,0,1) very rare (1-5)
445,0.11879407,0.8812059,0,3,1) very rare (1-5)
446,0.9855988,0.014401197,0,1290,4) very common (100+)
447,0.93029773,0.06970227,1,12,2) rare (6-20)
448,0.16209765,0.83790237,0,105,4) very common (100+)
449,0.9496714,0.050328612,0,86,3) common (21-100)
450,0.9563478,0.043652177,0,47,3) common (21-100)
451,0.6811449,0.3188551,0,123,4) very common (100+)
452,0.4019428,0.5980572,1,49,3) common (21-100)
453,0.30298677,0.69701326,0,12,2) rare (6-20)
454,0.079531476,0.9204685,1,8,2) rare (6-20)
455,0.14967012,0.8503299,1,0,1) very rare (1-5)
456,0.18973674,0.8102633,0,7,2) rare (6-20)
457,0.09786188,0.9021381,0,5,1) very rare (1-5)
458,0.9632597,0.036740303,0,211,4) very common (100+)
459,0.69600815,0.30399185,0,20,2) rare (6-20)
460,0.10801335,0.89198667,1,0,1) very rare (1-5)
461,0.4330383,0.5669617,0,700,4) very common (100+)
462,0.44192117,0.5580788,1,1,1) very rare (1-5)
463,0.9393518,0.060648203,0,5,1) very rare (1-5)
464,0.95038646,0.049613535,0,1290,4) very common (100+)
465,0.19743764,0.80256236,1,0,1) very rare (1-5)
466,0.7718659,0.2281341,0,42,3) common (21-100)
467,0.1492801,0.8507199,1,4,1) very rare (1-5)
468,0.99849916,0.001500845,0,211,4) very common (100+)
469,0.37104446,0.62895554,0,0,1) very rare (1-5)
470,0.9102141,0.089785874,0,700,4) very common (100+)
471,0.25487942,0.7451206,1,34,3) common (21-100)
472,0.8927512,0.10724878,0,223,4) very common (100+)
473,0.12488922,0.8751108,1,0,1) very rare (1-5)
474,0.084341034,0.91565895,1,0,1) very rare (1-5)
475,0.37020963,0.62979037,1,47,3) common (21-100)
476,0.65450084,0.34549916,0,8,2) rare (6-20)
477,0.24499327,0.75500673,0,0,1) very rare (1-5)
478,0.51950455,0.48049545,1,13,2) rare (6-20)
479,0.48639435,0.51360565,1,0,1) very rare (1-5)
480,0.82418424,0.17581576,1,274,4) very common (100+)
481,0.1409343,0.8590657,1,0,1) very rare (1-5)
482,0.6772981,0.32270187,1,0,1) very rare (1-5)
483,0.25590268,0.74409735,1,70,3) common (21-100)
484,0.17585997,0.82414,1,10,2) rare (6-20)
485,0.77986705,0.22013295,1,0,1) very rare (1-5)
486,0.29992256,0.7000774,1,58,3) common (21-100)
487,0.2705007,0.72949934,1,19,2) rare (6-20)
488,0.7923467,0.20765328,1,1,1) very rare (1-5)
489,0.5141057,0.48589432,1,6,2) rare (6-20)
490,0.75005066,0.24994934,0,1070,4) very common (100+)
491,0.2421575,0.7578425,1,2,1) very rare (1-5)
492,0.84772784,0.15227216,0,1290,4) very common (100+)
493,0.97489345,0.02510655,0,142,4) very common (100+)
494,0.53433365,0.46566635,0,14,2) rare (6-20)
495,0.6054558,0.39454418,0,275,4) very common (100+)
496,0.95490396,0.04509604,0,23,3) common (21-100)
497,0.5776871,0.42231292,1,12,2) rare (6-20)
498,0.4034402,0.59655976,1,0,1) very rare (1-5)
499,0.16359012,0.83640987,1,37,3) common (21-100)
500,0.477849,0.522151,1,0,1) very rare (1-5)
501,0.15644065,0.8435594,1,0,1) very rare (1-5)
502,0.098369874,0.9016301,1,0,1) very rare (1-5)
503,0.30198538,0.6980146,1,1,1) very rare (1-5)
504,0.05791058,0.94208944,1,0,1) very rare (1-5)
505,0.347661,0.652339,1,0,1) very rare (1-5)
506,0.4929121,0.5070879,1,10,2) rare (6-20)
507,0.48667288,0.5133271,0,1290,4) very common (100+)
508,0.18046333,0.8195367,1,15,2) rare (6-20)
509,0.575093,0.42490703,1,4,1) very rare (1-5)
510,0.20533642,0.79466355,0,76,3) common (21-100)
511,0.5990453,0.40095472,1,11,2) rare (6-20)
512,0.53052366,0.46947634,0,105,4) very common (100+)
513,0.8600973,0.13990271,1,62,3) common (21-100)
514,0.51580983,0.48419017,0,1290,4) very common (100+)
515,0.016317008,0.983683,1,4,1) very rare (1-5)
516,0.13076629,0.8692337,1,36,3) common (21-100)
517,0.3826786,0.6173214,0,1,1) very rare (1-5)
518,0.2919363,0.7080637,1,6,2) rare (6-20)
519,0.18770516,0.81229484,0,46,3) common (21-100)
520,0.9229748,0.077025175,0,5,1) very rare (1-5)
521,0.77890795,0.22109205,1,0,1) very rare (1-5)
522,0.52906,0.47094,1,0,1) very rare (1-5)
523,0.3576684,0.6423316,1,18,2) rare (6-20)
524,0.5311702,0.4688298,1,1,1) very rare (1-5)
525,0.4203981,0.5796019,1,23,3) common (21-100)
526,0.310851,0.689149,0,4,1) very rare (1-5)
527,0.76495224,0.23504776,1,0,1) very rare (1-5)
528,0.7210256,0.2789744,1,2,1) very rare (1-5)
529,0.45947805,0.540522,1,14,2) rare (6-20)
530,0.54462856,0.45537144,0,56,3) common (21-100)
531,0.8099914,0.19000858,1,2,1) very rare (1-5)
532,0.80781835,0.19218165,0,96,3) common (21-100)
533,0.2383616,0.7616384,1,2,1) very rare (1-5)
534,0.23262192,0.7673781,1,41,3) common (21-100)
535,0.4112438,0.5887562,0,62,3) common (21-100)
536,0.08947878,0.9105212,1,4,1) very rare (1-5)
537,0.85437685,0.14562315,1,1070,4) very common (100+)
538,0.21091732,0.78908265,0,36,3) common (21-100)
539,0.9764519,0.023548126,0,3,1) very rare (1-5)
540,0.26529562,0.7347044,1,372,4) very common (100+)
541,0.25873753,0.74126244,0,8,2) rare (6-20)
542,0.04145114,0.95854884,1,0,1) very rare (1-5)
543,0.19246562,0.8075344,1,21,3) common (21-100)
544,0.6402987,0.35970128,0,19,2) rare (6-20)
545,0.11129999,0.8887,1,19,2) rare (6-20)
546,0.5656457,0.4343543,0,28,3) common (21-100)
547,0.47267902,0.527321,0,372,4) very common (100+)
548,0.045604836,0.9543952,1,0,1) very rare (1-5)
549,0.21470521,0.7852948,1,62,3) common (21-100)
550,0.70848167,0.29151833,0,105,4) very common (100+)
551,0.10510836,0.8948916,1,0,1) very rare (1-5)
552,0.37019908,0.6298009,0,6,2) rare (6-20)
553,0.3158452,0.6841548,0,2,1) very rare (1-5)
554,0.492465,0.507535,0,5,1) very rare (1-5)
555,0.18116665,0.81883335,0,5,1) very rare (1-5)
556,0.6112365,0.3887635,0,49,3) common (21-100)
557,0.5256036,0.4743964,1,9,2) rare (6-20)
558,0.1767469,0.8232531,0,28,3) common (21-100)
559,0.86520535,0.13479465,0,26,3) common (21-100)
560,0.73966986,0.26033014,0,15,2) rare (6-20)
561,0.6970901,0.3029099,0,106,4) very common (100+)
562,0.17351209,0.8264879,1,2,1) very rare (1-5)
563,0.38670647,0.6132935,1,0,1) very rare (1-5)
564,0.50611037,0.49388963,1,20,2) rare (6-20)
565,0.23171158,0.76828843,1,1,1) very rare (1-5)
566,0.75329775,0.24670225,1,12,2) rare (6-20)
567,0.060098946,0.93990105,0,107,4) very common (100+)
568,0.44049287,0.55950713,1,124,4) very common (100+)
569,0.92729807,0.07270193,0,7,2) rare (6-20)
570,0.1890299,0.81097007,1,5,1) very rare (1-5)
571,0.93350524,0.06649476,0,237,4) very common (100+)
572,0.11404764,0.88595235,1,1,1) very rare (1-5)
573,0.18745583,0.81254417,1,16,2) rare (6-20)
574,0.6938443,0.30615568,0,1,1) very rare (1-5)
575,0.41794786,0.5820521,0,1290,4) very common (100+)
576,0.56699735,0.43300265,0,700,4) very common (100+)
577,0.7716726,0.2283274,0,5,1) very rare (1-5)
578,0.5753508,0.42464918,0,14,2) rare (6-20)
579,0.24499938,0.7550006,0,178,4) very common (100+)
580,0.090949394,0.9090506,0,372,4) very common (100+)
581,0.73204166,0.26795834,0,3,1) very rare (1-5)
582,0.43504432,0.5649557,0,70,3) common (21-100)
583,0.21032852,0.7896715,1,6,2) rare (6-20)
584,0.4304945,0.5695055,0,223,4) very common (100+)
585,0.65978485,0.34021515,1,1290,4) very common (100+)
586,0.43920764,0.5607923,1,62,3) common (21-100)
587,0.7671132,0.23288679,0,421,4) very common (100+)
588,0.027617013,0.97238296,1,159,4) very common (100+)
589,0.9656744,0.0343256,0,1000,4) very common (100+)
590,0.27863687,0.7213631,0,7,2) rare (6-20)
591,0.050581537,0.9494185,1,3,1) very rare (1-5)
592,0.8479214,0.15207863,0,237,4) very common (100+)
593,0.65105885,0.34894115,0,34,3) common (21-100)
594,0.9524704,0.04752958,0,47,3) common (21-100)
595,0.56844056,0.43155944,1,10,2) rare (6-20)
596,0.5779383,0.42206168,0,3,1) very rare (1-5)
597,0.9799714,0.020028591,0,274,4) very common (100+)
598,0.16399233,0.83600765,0,2,1) very rare (1-5)
599,0.56690365,0.43309635,0,21,3) common (21-100)
600,0.25731358,0.7426864,1,17,2) rare (6-20)
601,0.11655834,0.8834417,1,1,1) very rare (1-5)
602,0.6692253,0.33077472,1,78,3) common (21-100)
603,0.84716386,0.15283614,1,78,3) common (21-100)
604,0.62669224,0.37330776,0,105,4) very common (100+)
605,0.9195702,0.08042979,0,10,2) rare (6-20)
606,0.8091112,0.19088882,1,3,1) very rare (1-5)
607,0.8240356,0.17596442,0,79,3) common (21-100)
608,0.76666284,0.23333716,0,275,4) very common (100+)
609,0.5584664,0.44153363,0,12,2) rare (6-20)
610,0.438457,0.561543,1,124,4) very common (100+)
611,0.81286746,0.18713254,0,1,1) very rare (1-5)
612,0.18059248,0.8194075,1,25,3) common (21-100)
613,0.38773653,0.61226344,1,1,1) very rare (1-5)
614,0.64343005,0.35656995,0,5,1) very rare (1-5)
615,0.47976333,0.5202367,1,142,4) very common (100+)
616,0.023806514,0.9761935,1,0,1) very rare (1-5)
617,0.6600309,0.3399691,1,76,3) common (21-100)
618,0.2513068,0.7486932,0,159,4) very common (100+)
619,0.7997423,0.20025772,0,106,4) very common (100+)
620,0.44136742,0.5586326,1,5,1) very rare (1-5)
621,0.4221554,0.5778446,0,14,2) rare (6-20)
622,0.024533221,0.9754668,1,0,1) very rare (1-5)
623,0.1730648,0.8269352,1,10,2) rare (6-20)
624,0.27999252,0.7200075,0,5,1) very rare (1-5)
625,0.1327308,0.8672692,1,86,3) common (21-100)
626,0.013011423,0.9869886,1,79,3) common (21-100)
627,0.28853527,0.71146476,1,8,2) rare (6-20)
628,0.83834237,0.16165763,1,38,3) common (21-100)
629,0.46258312,0.5374169,0,6,2) rare (6-20)
630,0.28430116,0.71569884,1,1,1) very rare (1-5)
631,0.10445769,0.8955423,1,3,1) very rare (1-5)
632,0.97899854,0.021001458,0,12,2) rare (6-20)
633,0.26608312,0.7339169,1,9,2) rare (6-20)
634,0.15059628,0.84940374,1,0,1) very rare (1-5)
635,0.39488235,0.6051177,1,2,1) very rare (1-5)
636,0.86120635,0.13879365,0,23,3) common (21-100)
637,0.15390632,0.84609365,1,0,1) very rare (1-5)
638,0.14879459,0.8512054,1,0,1) very rare (1-5)
639,0.29865164,0.70134836,0,2,1) very rare (1-5)
640,0.35373154,0.6462685,0,82,3) common (21-100)
641,0.55473155,0.44526845,0,2,1) very rare (1-5)
642,0.2131209,0.7868791,1,0,1) very rare (1-5)
643,0.2694045,0.73059547,1,1,1) very rare (1-5)
644,0.31645367,0.6835463,1,94,3) common (21-100)
645,0.7548053,0.24519467,0,2,1) very rare (1-5)
646,0.15006699,0.849933,1,22,3) common (21-100)
647,0.13316798,0.866832,0,4,1) very rare (1-5)
648,0.4220211,0.5779789,1,85,3) common (21-100)
649,0.70514846,0.29485154,0,13,2) rare (6-20)
650,0.4758576,0.5241424,0,15,2) rare (6-20)
651,0.17993458,0.82006544,1,1,1) very rare (1-5)
652,0.5366241,0.46337593,1,1,1) very rare (1-5)
653,0.10012549,0.8998745,0,9,2) rare (6-20)
654,0.12789384,0.8721062,1,0,1) very rare (1-5)
655,0.014015667,0.9859843,1,0,1) very rare (1-5)
656,0.77059954,0.22940046,1,8,2) rare (6-20)
657,0.65642196,0.34357804,1,268,4) very common (100+)
658,0.24210125,0.75789875,1,18,2) rare (6-20)
659,0.1386135,0.8613865,1,0,1) very rare (1-5)
660,0.35288066,0.64711934,1,6,2) rare (6-20)
661,0.24698755,0.7530124,1,275,4) very common (100+)
662,0.45876098,0.541239,1,8,2) rare (6-20)
663,0.5015408,0.49845922,0,0,1) very rare (1-5)
664,0.20860809,0.7913919,0,5,1) very rare (1-5)
665,0.4564981,0.5435019,1,0,1) very rare (1-5)
666,0.55003417,0.44996583,0,100,3) common (21-100)
667,0.405787,0.594213,1,1,1) very rare (1-5)
668,0.93006337,0.06993663,0,118,4) very common (100+)
669,0.60740167,0.39259833,0,106,4) very common (100+)
670,0.17287444,0.82712555,0,0,1) very rare (1-5)
671,0.71936744,0.28063256,0,19,2) rare (6-20)
672,0.10672491,0.8932751,1,3,1) very rare (1-5)
673,0.79828507,0.20171493,0,1070,4) very common (100+)
674,0.31319937,0.6868006,0,0,1) very rare (1-5)
675,0.41379288,0.58620715,1,28,3) common (21-100)
676,0.41687438,0.5831256,0,5,1) very rare (1-5)
677,0.5095714,0.49042863,1,0,1) very rare (1-5)
678,0.13194144,0.86805856,1,1290,4) very common (100+)
679,0.62816185,0.37183815,0,1000,4) very common (100+)
680,0.20082647,0.79917353,1,7,2) rare (6-20)
681,0.3114392,0.68856084,1,0,1) very rare (1-5)
682,0.21016268,0.7898373,1,2,1) very rare (1-5)
683,0.8678322,0.13216782,0,421,4) very common (100+)
684,0.22983702,0.770163,1,0,1) very rare (1-5)
685,0.41407436,0.58592564,0,89,3) common (21-100)
686,0.059334338,0.94066566,1,0,1) very rare (1-5)
687,0.07282159,0.9271784,0,1,1) very rare (1-5)
688,0.930828,0.069172025,1,0,1) very rare (1-5)
689,0.053794526,0.9462055,1,2,1) very rare (1-5)
690,0.23550579,0.7644942,1,0,1) very rare (1-5)
691,0.2557933,0.74420667,1,13,2) rare (6-20)
692,0.8427599,0.1572401,0,106,4) very common (100+)
693,0.36465234,0.63534766,0,7,2) rare (6-20)
694,0.6478469,0.35215312,1,28,3) common (21-100)
695,0.32709178,0.6729082,1,7,2) rare (6-20)
696,0.21366107,0.7863389,1,70,3) common (21-100)
697,0.085497685,0.9145023,0,7,2) rare (6-20)
698,0.54153305,0.45846695,0,82,3) common (21-100)
699,0.32324794,0.6767521,0,7,2) rare (6-20)
700,0.82746625,0.17253375,0,5,1) very rare (1-5)
701,0.84323204,0.15676796,1,107,4) very common (100+)
702,0.3220997,0.6779003,1,7,2) rare (6-20)
703,0.50218713,0.49781287,1,1,1) very rare (1-5)
704,0.83123976,0.16876024,0,7,2) rare (6-20)
705,0.7758934,0.22410661,1,372,4) very common (100+)
706,0.05244362,0.9475564,1,0,1) very rare (1-5)
707,0.087498285,0.9125017,1,2,1) very rare (1-5)
708,0.1423515,0.8576485,1,20,2) rare (6-20)
709,0.88036776,0.119632244,0,261,4) very common (100+)
710,0.06712034,0.9328797,1,0,1) very rare (1-5)
711,0.15112153,0.8488785,0,3,1) very rare (1-5)
712,0.7051059,0.2948941,0,3,1) very rare (1-5)
713,0.4755994,0.5244006,0,96,3) common (21-100)
714,0.31257066,0.6874293,1,66,3) common (21-100)
715,0.293264,0.70673597,0,44,3) common (21-100)
716,0.3959912,0.6040088,1,268,4) very common (100+)
717,0.92015666,0.07984334,1,1290,4) very common (100+)
718,0.640489,0.35951102,0,6,2) rare (6-20)
719,0.36963686,0.6303631,1,4,1) very rare (1-5)
720,0.6444921,0.3555079,0,12,2) rare (6-20)
721,0.34926307,0.6507369,0,4,1) very rare (1-5)
722,0.36935574,0.63064426,0,111,4) very common (100+)
723,0.70302826,0.29697174,0,1070,4) very common (100+)
724,0.6686818,0.3313182,0,15,2) rare (6-20)
725,0.33830246,0.6616975,1,1,1) very rare (1-5)
726,0.49160886,0.50839114,0,275,4) very common (100+)
727,0.2428498,0.7571502,0,1,1) very rare (1-5)
728,0.0820671,0.91793287,1,0,1) very rare (1-5)
729,0.77848524,0.22151476,1,1070,4) very common (100+)
730,0.06889784,0.93110216,1,275,4) very common (100+)
731,0.44844314,0.5515568,0,142,4) very common (100+)
732,0.54022294,0.45977706,1,41,3) common (21-100)
733,0.025569092,0.9744309,1,0,1) very rare (1-5)
734,0.22188844,0.7781116,1,107,4) very common (100+)
735,0.18880236,0.81119764,0,6,2) rare (6-20)
736,0.5053845,0.4946155,1,1,1) very rare (1-5)
737,0.8862679,0.1137321,0,39,3) common (21-100)
738,0.24554181,0.7544582,0,1,1) very rare (1-5)
739,0.5227195,0.4772805,1,17,2) rare (6-20)
740,0.33804995,0.66195005,0,15,2) rare (6-20)
741,0.08664187,0.91335815,1,70,3) common (21-100)
742,0.7889462,0.21105379,0,1070,4) very common (100+)
743,0.30552894,0.69447106,1,0,1) very rare (1-5)
744,0.8100458,0.18995422,1,4,1) very rare (1-5)
745,0.8198516,0.18014842,0,60,3) common (21-100)
746,0.80156845,0.19843155,0,2,1) very rare (1-5)
747,0.41231155,0.58768845,0,4,1) very rare (1-5)
748,0.24406762,0.7559324,1,17,2) rare (6-20)
749,0.15804836,0.8419516,0,0,1) very rare (1-5)
750,0.82823193,0.17176807,1,0,1) very rare (1-5)
751,0.89921284,0.10078716,0,15,2) rare (6-20)
752,0.7805625,0.21943748,0,0,1) very rare (1-5)
753,0.8458081,0.15419191,0,1000,4) very common (100+)
754,0.43893334,0.5610666,1,20,2) rare (6-20)
755,0.9230062,0.07699382,0,12,2) rare (6-20)
756,0.77142817,0.22857183,0,237,4) very common (100+)
757,0.904551,0.09544897,0,9,2) rare (6-20)
758,0.47044078,0.52955925,1,47,3) common (21-100)
759,0.352566,0.647434,0,10,2) rare (6-20)
760,0.93048555,0.06951445,0,421,4) very common (100+)
761,0.045565665,0.95443434,1,261,4) very common (100+)
762,0.13848096,0.86151904,1,58,3) common (21-100)
763,0.778814,0.22118598,1,1290,4) very common (100+)
764,0.74304605,0.25695395,0,102,4) very common (100+)
765,0.4329463,0.5670537,0,6,2) rare (6-20)
766,0.9769514,0.02304858,0,223,4) very common (100+)
767,0.070062436,0.92993754,0,0,1) very rare (1-5)
768,0.82791877,0.17208123,0,1070,4) very common (100+)
769,0.924326,0.075674,0,22,3) common (21-100)
770,0.9527835,0.047216475,0,94,3) common (21-100)
771,0.6030932,0.3969068,1,99,3) common (21-100)
772,0.43085173,0.5691483,1,23,3) common (21-100)
773,0.8489638,0.1510362,1,0,1) very rare (1-5)
774,0.070822775,0.9291772,0,81,3) common (21-100)
775,0.99037254,0.009627461,0,39,3) common (21-100)
776,0.1502063,0.8497937,1,1,1) very rare (1-5)
777,0.33007792,0.6699221,0,47,3) common (21-100)
778,0.20613162,0.79386836,0,0,1) very rare (1-5)
779,0.7957611,0.20423889,0,118,4) very common (100+)
780,0.5932133,0.40678668,0,4,1) very rare (1-5)
781,0.35664254,0.64335746,1,275,4) very common (100+)
782,0.6106406,0.3893594,1,0,1) very rare (1-5)
783,0.2797348,0.7202652,1,36,3) common (21-100)
784,0.22674511,0.7732549,0,40,3) common (21-100)
785,0.6271512,0.3728488,1,2,1) very rare (1-5)
786,0.8991955,0.10080451,1,19,2) rare (6-20)
787,0.07298244,0.92701757,0,1000,4) very common (100+)
788,0.58822304,0.41177696,1,90,3) common (21-100)
789,0.69294584,0.30705416,0,1290,4) very common (100+)
790,0.57739234,0.42260766,1,0,1) very rare (1-5)
791,0.66511804,0.33488196,1,1290,4) very common (100+)
792,0.21077855,0.78922147,0,0,1) very rare (1-5)
793,0.33228824,0.66771173,0,700,4) very common (100+)
794,0.94130236,0.05869764,0,44,3) common (21-100)
795,0.4894894,0.51051056,1,100,3) common (21-100)
796,0.444051,0.555949,1,0,1) very rare (1-5)
797,0.0117712235,0.9882288,1,0,1) very rare (1-5)
798,0.6018245,0.39817548,1,0,1) very rare (1-5)
799,0.27515316,0.72484684,1,0,1) very rare (1-5)
800,0.051478826,0.9485212,1,372,4) very common (100+)
801,0.36176655,0.6382334,0,30,3) common (21-100)
802,0.9689399,0.0310601,0,421,4) very common (100+)
803,0.8468872,0.15311283,1,47,3) common (21-100)
804,0.6190631,0.38093692,1,66,3) common (21-100)
805,0.683163,0.316837,0,15,2) rare (6-20)
806,0.71219903,0.28780097,0,14,2) rare (6-20)
807,0.71730125,0.28269875,0,5,1) very rare (1-5)
808,0.76569474,0.23430526,0,14,2) rare (6-20)
809,0.26822126,0.73177874,1,86,3) common (21-100)
810,0.046013035,0.95398694,1,0,1) very rare (1-5)
811,0.35728678,0.6427132,1,19,2) rare (6-20)
812,0.29077482,0.7092252,1,1,1) very rare (1-5)
813,0.9390166,0.06098342,0,108,4) very common (100+)
814,0.34809455,0.6519054,1,118,4) very common (100+)
815,0.2435541,0.7564459,0,41,3) common (21-100)
816,0.18647166,0.81352836,1,108,4) very common (100+)
817,0.93008226,0.06991774,1,0,1) very rare (1-5)
818,0.9941075,0.005892515,0,421,4) very common (100+)
819,0.44292066,0.5570793,0,13,2) rare (6-20)
820,0.15801124,0.84198874,1,1,1) very rare (1-5)
821,0.4308346,0.5691654,1,2,1) very rare (1-5)
822,0.8946727,0.10532731,1,275,4) very common (100+)
823,0.9210701,0.0789299,0,700,4) very common (100+)
824,0.14319316,0.8568069,1,0,1) very rare (1-5)
825,0.40057054,0.5994295,1,1,1) very rare (1-5)
826,0.8356562,0.16434377,0,1,1) very rare (1-5)
827,0.45023966,0.54976034,1,700,4) very common (100+)
828,0.8693848,0.13061517,0,1,1) very rare (1-5)
829,0.546321,0.45367903,0,68,3) common (21-100)
830,0.31015703,0.68984294,1,11,2) rare (6-20)
831,0.26947826,0.73052174,1,18,2) rare (6-20)
832,0.7059939,0.2940061,0,1,1) very rare (1-5)
833,0.9790852,0.020914793,0,105,4) very common (100+)
834,0.9031048,0.09689522,0,15,2) rare (6-20)
835,0.060209982,0.93979,1,1,1) very rare (1-5)
836,0.46208557,0.5379144,1,70,3) common (21-100)
837,0.6502425,0.3497575,0,1000,4) very common (100+)
838,0.1334023,0.8665977,1,3,1) very rare (1-5)
839,0.41448334,0.5855167,1,372,4) very common (100+)
840,0.9568944,0.043105602,0,142,4) very common (100+)
841,0.06366172,0.9363383,1,0,1) very rare (1-5)
842,0.99681216,0.0031878352,0,1000,4) very common (100+)
843,0.3072949,0.6927051,1,58,3) common (21-100)
844,0.48764932,0.5123507,0,70,3) common (21-100)
845,0.09455392,0.90544605,0,84,3) common (21-100)
846,0.9121816,0.087818384,0,100,3) common (21-100)
847,0.5244037,0.4755963,0,121,4) very common (100+)
848,0.23098102,0.769019,1,0,1) very rare (1-5)
849,0.29132563,0.7086744,1,22,3) common (21-100)
850,0.8255489,0.17445111,0,182,4) very common (100+)
851,0.9098227,0.0901773,0,14,2) rare (6-20)
852,0.27573144,0.72426856,1,36,3) common (21-100)
853,0.6318053,0.3681947,1,1,1) very rare (1-5)
854,0.2099535,0.7900465,1,0,1) very rare (1-5)
855,0.6799836,0.32001638,0,100,3) common (21-100)
856,0.4303267,0.5696733,1,20,2) rare (6-20)
857,0.6811881,0.3188119,1,3,1) very rare (1-5)
858,0.33148342,0.6685166,1,17,2) rare (6-20)
859,0.09575418,0.90424585,1,4,1) very rare (1-5)
860,0.51564854,0.48435146,1,6,2) rare (6-20)
861,0.9717952,0.028204799,0,35,3) common (21-100)
862,0.8276422,0.1723578,0,1,1) very rare (1-5)
863,0.7347065,0.26529348,0,274,4) very common (100+)
864,0.89038724,0.10961276,0,121,4) very common (100+)
865,0.1372243,0.8627757,0,0,1) very rare (1-5)
866,0.07413213,0.92586786,0,0,1) very rare (1-5)
867,0.3547465,0.64525354,0,7,2) rare (6-20)
868,0.9300543,0.06994569,0,700,4) very common (100+)
869,0.6307223,0.36927772,0,79,3) common (21-100)
870,0.38087678,0.6191232,0,17,2) rare (6-20)
871,0.69558865,0.30441135,0,14,2) rare (6-20)
872,0.16944171,0.8305583,1,0,1) very rare (1-5)
873,0.9533921,0.04660791,0,24,3) common (21-100)
874,0.98843247,0.011567533,1,0,1) very rare (1-5)
875,0.086814046,0.91318595,0,0,1) very rare (1-5)
876,0.34027475,0.65972525,0,237,4) very common (100+)
877,0.4416965,0.5583035,0,21,3) common (21-100)
878,0.06287118,0.93712884,1,79,3) common (21-100)
879,0.5629661,0.4370339,1,0,1) very rare (1-5)
880,0.3645641,0.63543594,1,1,1) very rare (1-5)
881,0.29856566,0.7014344,1,36,3) common (21-100)
882,0.5895055,0.4104945,1,30,3) common (21-100)
883,0.16490941,0.8350906,1,343,4) very common (100+)
884,0.5274186,0.4725814,0,372,4) very common (100+)
885,0.14699484,0.8530052,1,0,1) very rare (1-5)
886,0.024285441,0.97571456,1,4,1) very rare (1-5)
887,0.95399386,0.046006143,1,0,1) very rare (1-5)
888,0.25024444,0.74975556,0,8,2) rare (6-20)
889,0.9802325,0.019767523,0,78,3) common (21-100)
890,0.20914282,0.7908572,1,1,1) very rare (1-5)
891,0.98237926,0.017620742,0,89,3) common (21-100)
892,0.86649424,0.13350576,1,0,1) very rare (1-5)
893,0.14880542,0.85119456,0,372,4) very common (100+)
894,0.30933258,0.6906674,1,18,2) rare (6-20)
895,0.67047334,0.32952666,1,28,3) common (21-100)
896,0.2587251,0.7412749,1,71,3) common (21-100)
897,0.55056363,0.44943637,1,14,2) rare (6-20)
898,0.52053946,0.47946054,0,1,1) very rare (1-5)
899,0.17618468,0.82381535,0,0,1) very rare (1-5)
900,0.3866408,0.6133592,1,268,4) very common (100+)
901,0.540191,0.459809,1,4,1) very rare (1-5)
902,0.3141903,0.68580973,0,2,1) very rare (1-5)
903,0.6923584,0.30764163,0,1070,4) very common (100+)
904,0.6323953,0.36760467,0,7,2) rare (6-20)
905,0.01950471,0.9804953,1,275,4) very common (100+)
906,0.1754176,0.8245824,1,17,2) rare (6-20)
907,0.58830804,0.41169196,1,63,3) common (21-100)
908,0.93407166,0.06592834,0,63,3) common (21-100)
909,0.38423407,0.6157659,0,1290,4) very common (100+)
910,0.55359864,0.44640136,0,13,2) rare (6-20)
911,0.78392166,0.21607834,0,17,2) rare (6-20)
912,0.25243476,0.74756527,1,1290,4) very common (100+)
913,0.43493226,0.56506777,0,2,1) very rare (1-5)
914,0.5531774,0.44682258,0,6,2) rare (6-20)
915,0.7509898,0.2490102,0,18,2) rare (6-20)
916,0.053572927,0.94642705,1,178,4) very common (100+)
917,0.55228144,0.44771856,1,0,1) very rare (1-5)
918,0.83189,0.16811001,0,166,4) very common (100+)
919,0.7484377,0.2515623,0,1290,4) very common (100+)
920,0.69097716,0.30902284,0,82,3) common (21-100)
921,0.05902051,0.9409795,1,0,1) very rare (1-5)
922,0.98661697,0.013383031,0,1000,4) very common (100+)
923,0.52268887,0.47731113,0,105,4) very common (100+)
924,0.9454329,0.0545671,0,118,4) very common (100+)
925,0.484491,0.515509,1,23,3) common (21-100)
926,0.56182635,0.43817365,1,4,1) very rare (1-5)
927,0.94078815,0.05921185,0,4,1) very rare (1-5)
928,0.8749554,0.12504458,1,343,4) very common (100+)
929,0.22951025,0.77048975,0,2,1) very rare (1-5)
930,0.4420375,0.55796254,0,275,4) very common (100+)
931,0.15457532,0.84542465,1,20,2) rare (6-20)
932,0.10838387,0.8916161,1,11,2) rare (6-20)
933,0.1200413,0.8799587,0,1,1) very rare (1-5)
934,0.4462918,0.5537082,1,6,2) rare (6-20)
935,0.5858694,0.41413063,1,0,1) very rare (1-5)
936,0.9351962,0.06480378,0,18,2) rare (6-20)
937,0.4680859,0.5319141,1,13,2) rare (6-20)
938,0.8845904,0.11540961,0,1290,4) very common (100+)
939,0.049272016,0.950728,1,0,1) very rare (1-5)
940,0.45497033,0.54502964,1,0,1) very rare (1-5)
941,0.10539866,0.89460135,1,1,1) very rare (1-5)
942,0.42620516,0.57379484,0,5,1) very rare (1-5)
943,0.30004665,0.6999533,0,28,3) common (21-100)
944,0.4513628,0.5486372,0,261,4) very common (100+)
945,0.8327497,0.16725028,0,178,4) very common (100+)
946,0.091132365,0.90886766,1,0,1) very rare (1-5)
947,0.35419604,0.6458039,1,6,2) rare (6-20)
948,0.03992828,0.96007174,1,0,1) very rare (1-5)
949,0.476504,0.52349603,0,69,3) common (21-100)
950,0.07490533,0.92509466,0,0,1) very rare (1-5)
951,0.20781907,0.7921809,0,5,1) very rare (1-5)
952,0.7350291,0.2649709,0,223,4) very common (100+)
953,0.50078166,0.49921834,1,12,2) rare (6-20)
954,0.19940025,0.80059975,1,111,4) very common (100+)
955,0.17984289,0.8201571,0,159,4) very common (100+)
956,0.79857403,0.20142597,0,90,3) common (21-100)
957,0.38569117,0.61430883,1,44,3) common (21-100)
958,0.70063317,0.29936683,1,1,1) very rare (1-5)
959,0.1506849,0.8493151,1,14,2) rare (6-20)
960,0.18263215,0.81736785,0,0,1) very rare (1-5)
961,0.1939108,0.80608916,0,1,1) very rare (1-5)
962,0.2800816,0.7199184,1,0,1) very rare (1-5)
963,0.39738828,0.6026117,1,70,3) common (21-100)
964,0.076804005,0.923196,1,8,2) rare (6-20)
965,0.8698473,0.1301527,0,1070,4) very common (100+)
966,0.86099404,0.13900596,1,96,3) common (21-100)
967,0.23038763,0.7696124,1,10,2) rare (6-20)
968,0.6453535,0.3546465,0,45,3) common (21-100)
969,0.27922016,0.72077984,0,105,4) very common (100+)
970,0.49964756,0.50035244,0,4,1) very rare (1-5)
971,0.7901886,0.20981139,1,20,2) rare (6-20)
972,0.602097,0.39790303,1,68,3) common (21-100)
973,0.51661986,0.48338014,0,63,3) common (21-100)
974,0.6680959,0.3319041,0,46,3) common (21-100)
975,0.14819615,0.85180384,1,1,1) very rare (1-5)
976,0.5545884,0.44541162,1,0,1) very rare (1-5)
977,0.617623,0.38237703,1,261,4) very common (100+)
978,0.82812047,0.17187953,1,2,1) very rare (1-5)
979,0.12688021,0.8731198,1,6,2) rare (6-20)
980,0.2726128,0.7273872,0,111,4) very common (100+)
981,0.23947574,0.7605243,1,18,2) rare (6-20)
982,0.9225019,0.07749808,0,1290,4) very common (100+)
983,0.1914583,0.8085417,1,1070,4) very common (100+)
984,0.74896014,0.25103986,0,62,3) common (21-100)
985,0.056183048,0.94381696,0,0,1) very rare (1-5)
986,0.6027228,0.39727718,1,142,4) very common (100+)
987,0.3497217,0.65027833,1,1290,4) very common (100+)
988,0.71066535,0.28933465,0,47,3) common (21-100)
989,0.8668908,0.13310921,1,76,3) common (21-100)
990,0.2694342,0.7305658,1,3,1) very rare (1-5)
991,0.5097056,0.4902944,1,0,1) very rare (1-5)
992,0.7298125,0.2701875,0,1070,4) very common (100+)
993,0.07336706,0.92663294,1,32,3) common (21-100)
994,0.46078604,0.53921396,1,1,1) very rare (1-5)
995,0.28353316,0.71646684,1,38,3) common (21-100)
996,0.16146804,0.838532,1,0,1) very rare (1-5)
997,0.32670757,0.6732924,0,118,4) very common (100+)
998,0.96510834,0.034891665,0,62,3) common (21-100)
999,0.14809908,0.85190094,1,13,2) rare (6-20)
1000,0.41532877,0.58467126,0,2,1) very rare (1-5)
1001,0.56216115,0.43783885,0,0,1) very rare (1-5)
1002,0.10118246,0.89881754,0,7,2) rare (6-20)
1003,0.091235764,0.90876424,0,68,3) common (21-100)
1004,0.035569947,0.96443003,1,16,2) rare (6-20)
1005,0.46792063,0.53207934,1,5,1) very rare (1-5)
1006,0.047118053,0.95288193,1,1,1) very rare (1-5)
1007,0.7967112,0.2032888,0,53,3) common (21-100)
1008,0.38993308,0.6100669,1,7,2) rare (6-20)
1009,0.9584298,0.041570187,0,421,4) very common (100+)
1010,0.9711591,0.0288409,0,24,3) common (21-100)
1011,0.055470597,0.9445294,1,0,1) very rare (1-5)
1012,0.5121329,0.48786712,1,22,3) common (21-100)
1013,0.31493822,0.6850618,1,76,3) common (21-100)
1014,0.97134364,0.028656363,0,159,4) very common (100+)
1015,0.46830824,0.5316918,0,118,4) very common (100+)
1016,0.9856689,0.014331102,0,178,4) very common (100+)
1017,0.6791666,0.32083338,1,146,4) very common (100+)
1018,0.104699805,0.8953002,1,94,3) common (21-100)
1019,0.7807242,0.21927577,0,27,3) common (21-100)
1020,0.9623231,0.03767687,0,39,3) common (21-100)
1021,0.8612044,0.13879561,1,1,1) very rare (1-5)
1022,0.32332435,0.6766757,0,1,1) very rare (1-5)
1023,0.14354841,0.8564516,0,223,4) very common (100+)
1024,0.85476106,0.14523894,1,1,1) very rare (1-5)
1025,0.33784854,0.66215146,0,0,1) very rare (1-5)
1026,0.34472054,0.65527946,0,85,3) common (21-100)
1027,0.04816423,0.95183575,1,8,2) rare (6-20)
1028,0.12524739,0.87475264,1,0,1) very rare (1-5)
1029,0.18637678,0.8136232,1,0,1) very rare (1-5)
1030,0.8283818,0.17161822,0,372,4) very common (100+)
1031,0.08143064,0.9185694,1,5,1) very rare (1-5)
1032,0.26607922,0.7339208,1,27,3) common (21-100)
1033,0.2924832,0.7075168,1,6,2) rare (6-20)
1034,0.9392574,0.060742617,1,1,1) very rare (1-5)
1035,0.7262968,0.27370322,1,3,1) very rare (1-5)
1036,0.7065544,0.2934456,1,5,1) very rare (1-5)
1037,0.3129483,0.6870517,0,134,4) very common (100+)
1038,0.821795,0.17820501,0,107,4) very common (100+)
1039,0.18237379,0.81762624,0,5,1) very rare (1-5)
1040,0.72788215,0.27211785,0,1070,4) very common (100+)
1041,0.90529436,0.09470564,1,105,4) very common (100+)
1042,0.32619193,0.6738081,1,20,2) rare (6-20)
1043,0.98205477,0.01794523,0,89,3) common (21-100)
1044,0.33387482,0.6661252,1,3,1) very rare (1-5)
1045,0.4209747,0.57902527,1,70,3) common (21-100)
1046,0.54395247,0.45604753,1,66,3) common (21-100)
1047,0.07656984,0.92343014,1,24,3) common (21-100)
1048,0.3909421,0.6090579,1,0,1) very rare (1-5)
1049,0.59940076,0.40059924,1,42,3) common (21-100)
1050,0.7200736,0.27992642,0,1070,4) very common (100+)
1051,0.035682548,0.96431744,1,13,2) rare (6-20)
1052,0.65632224,0.34367776,0,700,4) very common (100+)
1053,0.3579171,0.6420829,1,75,3) common (21-100)
1054,0.433992,0.566008,1,4,1) very rare (1-5)
1055,0.27017307,0.7298269,1,10,2) rare (6-20)
1056,0.08684301,0.913157,1,19,2) rare (6-20)
1057,0.7927482,0.20725179,0,42,3) common (21-100)
1058,0.033651333,0.96634865,0,23,3) common (21-100)
1059,0.86429554,0.13570446,0,0,1) very rare (1-5)
1060,0.34260574,0.6573943,1,0,1) very rare (1-5)
1061,0.9332068,0.0667932,0,1290,4) very common (100+)
1062,0.5750105,0.42498952,0,1070,4) very common (100+)
1063,0.12678704,0.87321293,1,3,1) very rare (1-5)
1064,0.26615885,0.7338412,0,16,2) rare (6-20)
1065,0.6886849,0.31131512,0,18,2) rare (6-20)
1066,0.822632,0.17736799,0,1000,4) very common (100+)
1067,0.019544823,0.98045516,1,0,1) very rare (1-5)
1068,0.7074065,0.29259348,0,421,4) very common (100+)
1069,0.33402118,0.6659788,1,0,1) very rare (1-5)
1070,0.31252477,0.6874752,0,3,1) very rare (1-5)
1071,0.119487494,0.8805125,0,105,4) very common (100+)
1072,0.69883394,0.30116606,1,91,3) common (21-100)
1073,0.79423976,0.20576024,1,2,1) very rare (1-5)
1074,0.47902137,0.5209786,1,7,2) rare (6-20)
1075,0.29065505,0.709345,1,1,1) very rare (1-5)
1076,0.79948324,0.20051676,1,20,2) rare (6-20)
1077,0.84074855,0.15925145,0,1290,4) very common (100+)
1078,0.97007096,0.029929042,0,22,3) common (21-100)
1079,0.41241178,0.5875882,1,3,1) very rare (1-5)
1080,0.27884638,0.7211536,0,0,1) very rare (1-5)
1081,0.12913252,0.8708675,1,2,1) very rare (1-5)
1082,0.82345647,0.17654353,0,1290,4) very common (100+)
1083,0.88012564,0.11987436,0,106,4) very common (100+)
1084,0.24914354,0.75085646,0,17,2) rare (6-20)
1085,0.14025956,0.85974044,0,2,1) very rare (1-5)
1086,0.9381048,0.06189519,1,3,1) very rare (1-5)
1087,0.54878944,0.45121056,0,3,1) very rare (1-5)
1088,0.08580946,0.91419053,1,2,1) very rare (1-5)
1089,0.4004538,0.5995462,1,134,4) very common (100+)
1090,0.3386625,0.6613375,0,14,2) rare (6-20)
1091,0.2470066,0.7529934,0,1,1) very rare (1-5)
1092,0.3121555,0.6878445,0,0,1) very rare (1-5)
1093,0.91175395,0.08824605,0,11,2) rare (6-20)
1094,0.27232793,0.7276721,1,1,1) very rare (1-5)
1095,0.9505828,0.049417198,0,274,4) very common (100+)
1096,0.41578996,0.58421004,0,166,4) very common (100+)
1097,0.87535393,0.12464607,0,1290,4) very common (100+)
1098,0.79446644,0.20553356,0,7,2) rare (6-20)
1099,0.19602561,0.8039744,1,1,1) very rare (1-5)
1100,0.09475102,0.905249,1,1,1) very rare (1-5)
1101,0.9303387,0.06966132,0,1000,4) very common (100+)
1102,0.8374919,0.16250807,0,1,1) very rare (1-5)
1103,0.34947988,0.6505201,1,81,3) common (21-100)
1104,0.506018,0.49398202,0,105,4) very common (100+)
1105,0.7879241,0.21207589,0,237,4) very common (100+)
1106,0.48148644,0.51851356,1,4,1) very rare (1-5)
1107,0.48040774,0.5195923,1,62,3) common (21-100)
1108,0.29725254,0.70274746,1,0,1) very rare (1-5)
1109,0.955765,0.04423499,0,84,3) common (21-100)
1110,0.29816183,0.70183814,1,81,3) common (21-100)
1111,0.8554831,0.14451689,0,1290,4) very common (100+)
1112,0.9285939,0.071406126,0,1290,4) very common (100+)
1113,0.6454953,0.3545047,0,700,4) very common (100+)
1114,0.07193124,0.92806876,1,0,1) very rare (1-5)
1115,0.119972244,0.8800278,1,8,2) rare (6-20)
1116,0.087908916,0.9120911,1,2,1) very rare (1-5)
1117,0.026744194,0.9732558,1,274,4) very common (100+)
1118,0.15220356,0.84779644,0,4,1) very rare (1-5)
1119,0.033478312,0.9665217,1,0,1) very rare (1-5)
1120,0.71746415,0.28253585,0,145,4) very common (100+)
1121,0.98132414,0.018675864,0,421,4) very common (100+)
1122,0.24004932,0.7599507,1,0,1) very rare (1-5)
1123,0.115011014,0.88498896,1,76,3) common (21-100)
1124,0.62169915,0.37830085,1,0,1) very rare (1-5)
1125,0.68172616,0.31827384,1,28,3) common (21-100)
1126,0.49969357,0.5003064,1,0,1) very rare (1-5)
1127,0.32520032,0.6747997,1,39,3) common (21-100)
1128,0.13496582,0.86503416,1,1,1) very rare (1-5)
1129,0.7126149,0.2873851,0,21,3) common (21-100)
1130,0.025062773,0.9749372,1,6,2) rare (6-20)
1131,0.06597716,0.93402284,1,4,1) very rare (1-5)
1132,0.7437897,0.25621033,0,1,1) very rare (1-5)
1133,0.14790909,0.8520909,1,36,3) common (21-100)
1134,0.91398966,0.08601034,0,1000,4) very common (100+)
1135,0.35407898,0.645921,1,4,1) very rare (1-5)
1136,0.4153224,0.5846776,0,5,1) very rare (1-5)
1137,0.040815413,0.9591846,1,0,1) very rare (1-5)
1138,0.56160736,0.43839264,1,3,1) very rare (1-5)
1139,0.10254073,0.89745927,1,3,1) very rare (1-5)
1140,0.5124837,0.48751628,0,700,4) very common (100+)
1141,0.15291771,0.84708226,0,1,1) very rare (1-5)
1142,0.4284791,0.5715209,0,71,3) common (21-100)
1143,0.019487942,0.9805121,1,6,2) rare (6-20)
1144,0.18715875,0.81284124,1,8,2) rare (6-20)
1145,0.97823,0.02177,1,89,3) common (21-100)
1146,0.5859514,0.4140486,1,1290,4) very common (100+)
1147,0.7424102,0.25758982,1,54,3) common (21-100)
1148,0.43057132,0.5694287,0,22,3) common (21-100)
1149,0.7386198,0.2613802,1,3,1) very rare (1-5)
1150,0.0481919,0.9518081,1,39,3) common (21-100)
1151,0.5186195,0.48138052,1,0,1) very rare (1-5)
1152,0.7522229,0.2477771,0,3,1) very rare (1-5)
1153,0.23404,0.76596,0,1,1) very rare (1-5)
1154,0.53004444,0.46995556,1,160,4) very common (100+)
1155,0.7505119,0.24948812,1,0,1) very rare (1-5)
1156,0.0994423,0.9005577,1,4,1) very rare (1-5)
1157,0.49834087,0.50165915,0,37,3) common (21-100)
1158,0.7724292,0.22757077,0,4,1) very rare (1-5)
1159,0.12822913,0.87177086,1,0,1) very rare (1-5)
1160,0.21784598,0.782154,0,55,3) common (21-100)
1161,0.4299816,0.5700184,1,1070,4) very common (100+)
1162,0.9268579,0.07314211,0,421,4) very common (100+)
1163,0.575229,0.424771,0,700,4) very common (100+)
1164,0.6963579,0.3036421,0,237,4) very common (100+)
1165,0.49542058,0.5045794,1,142,4) very common (100+)
1166,0.64613867,0.35386133,1,76,3) common (21-100)
1167,0.9702105,0.029789507,0,89,3) common (21-100)
1168,0.12713516,0.87286484,1,1,1) very rare (1-5)
1169,0.06118679,0.9388132,0,1,1) very rare (1-5)
1170,0.2804802,0.7195198,0,42,3) common (21-100)
1171,0.3904649,0.6095351,1,1,1) very rare (1-5)
1172,0.22861166,0.77138835,1,25,3) common (21-100)
1173,0.96163636,0.038363636,0,10,2) rare (6-20)
1174,0.73092604,0.26907396,1,105,4) very common (100+)
1175,0.43734995,0.5626501,0,17,2) rare (6-20)
1176,0.10960715,0.89039284,1,0,1) very rare (1-5)
1177,0.4417566,0.5582434,1,4,1) very rare (1-5)
1178,0.5615556,0.43844438,1,0,1) very rare (1-5)
1179,0.11248241,0.8875176,1,0,1) very rare (1-5)
1180,0.057108052,0.94289196,1,0,1) very rare (1-5)
1181,0.54039127,0.45960873,0,1290,4) very common (100+)
1182,0.37849504,0.62150496,1,11,2) rare (6-20)
1183,0.080111906,0.9198881,1,4,1) very rare (1-5)
1184,0.9474402,0.052559793,0,70,3) common (21-100)
1185,0.52585834,0.47414166,0,1290,4) very common (100+)
1186,0.19156255,0.80843747,1,275,4) very common (100+)
1187,0.43768734,0.56231266,1,78,3) common (21-100)
1188,0.96616805,0.033831954,0,142,4) very common (100+)
1189,0.48063493,0.5193651,1,1,1) very rare (1-5)
1190,0.9321961,0.06780392,1,1070,4) very common (100+)
1191,0.98952454,0.010475457,0,211,4) very common (100+)
1192,0.11267764,0.88732237,1,1,1) very rare (1-5)
1193,0.25819746,0.7418026,1,5,1) very rare (1-5)
1194,0.03134607,0.9686539,1,2,1) very rare (1-5)
1195,0.26707438,0.73292565,1,275,4) very common (100+)
1196,0.701863,0.298137,1,18,2) rare (6-20)
1197,0.08170575,0.91829425,1,3,1) very rare (1-5)
1198,0.11397664,0.88602334,1,24,3) common (21-100)
1199,0.18236406,0.81763595,1,0,1) very rare (1-5)
1200,0.7626193,0.23738068,1,142,4) very common (100+)
1201,0.2726444,0.7273556,1,86,3) common (21-100)
1202,0.23806624,0.76193374,1,0,1) very rare (1-5)
1203,0.051430847,0.9485692,1,92,3) common (21-100)
1204,0.31855416,0.68144584,1,0,1) very rare (1-5)
1205,0.08820371,0.9117963,1,1,1) very rare (1-5)
1206,0.33849475,0.6615052,1,160,4) very common (100+)
1207,0.67127055,0.32872945,1,69,3) common (21-100)
1208,0.2534583,0.74654174,1,1,1) very rare (1-5)
1209,0.06700973,0.93299025,1,0,1) very rare (1-5)
1210,0.5059768,0.4940232,1,1070,4) very common (100+)
1211,0.065690294,0.9343097,1,5,1) very rare (1-5)
1212,0.31432897,0.68567103,1,1,1) very rare (1-5)
1213,0.24860273,0.75139725,1,372,4) very common (100+)
1214,0.4721329,0.5278671,1,2,1) very rare (1-5)
1215,0.34011197,0.659888,1,1,1) very rare (1-5)
1216,0.1726382,0.8273618,1,86,3) common (21-100)
1217,0.9131823,0.08681768,0,700,4) very common (100+)
1218,0.1632421,0.8367579,1,4,1) very rare (1-5)
1219,0.8956413,0.10435867,0,372,4) very common (100+)
1220,0.8905903,0.10940969,0,2,1) very rare (1-5)
1221,0.06941285,0.9305872,1,0,1) very rare (1-5)
1222,0.52328944,0.47671056,0,1070,4) very common (100+)
1223,0.15743777,0.8425622,1,5,1) very rare (1-5)
1224,0.38489786,0.6151022,1,0,1) very rare (1-5)
1225,0.811049,0.18895102,0,4,1) very rare (1-5)
1226,0.29207605,0.70792395,1,3,1) very rare (1-5)
1227,0.07274528,0.92725474,1,0,1) very rare (1-5)
1228,0.3624336,0.6375664,1,17,2) rare (6-20)
1229,0.18770319,0.8122968,1,0,1) very rare (1-5)
1230,0.40062124,0.59937876,0,268,4) very common (100+)
1231,0.09148147,0.90851855,1,1,1) very rare (1-5)
1232,0.15687108,0.8431289,1,1,1) very rare (1-5)
1233,0.388319,0.611681,0,421,4) very common (100+)
1234,0.30494523,0.69505477,1,1290,4) very common (100+)
1235,0.3272301,0.6727699,1,2,1) very rare (1-5)
1236,0.7041826,0.29581738,1,58,3) common (21-100)
1237,0.19464986,0.8053501,0,14,2) rare (6-20)
1238,0.2560106,0.7439894,1,36,3) common (21-100)
1239,0.118231215,0.88176876,1,0,1) very rare (1-5)
1240,0.727158,0.272842,1,5,1) very rare (1-5)
1241,0.7802345,0.21976548,1,15,2) rare (6-20)
1242,0.15929954,0.84070045,1,18,2) rare (6-20)
1243,0.8830005,0.11699951,1,1290,4) very common (100+)
1244,0.22123441,0.77876556,1,14,2) rare (6-20)
1245,0.4345058,0.5654942,0,66,3) common (21-100)
1246,0.016528074,0.98347193,1,88,3) common (21-100)
1247,0.1435585,0.8564415,1,19,2) rare (6-20)
1248,0.5729959,0.4270041,1,19,2) rare (6-20)
1249,0.28480235,0.7151977,1,3,1) very rare (1-5)
1250,0.11244238,0.8875576,1,7,2) rare (6-20)
1251,0.52880937,0.47119063,1,1070,4) very common (100+)
1252,0.6405444,0.3594556,0,700,4) very common (100+)
1253,0.85767114,0.14232886,0,261,4) very common (100+)
1254,0.96841115,0.031588852,0,96,3) common (21-100)
1255,0.48324743,0.5167526,0,223,4) very common (100+)
1256,0.38396996,0.61603004,0,9,2) rare (6-20)
1257,0.94407016,0.05592984,0,106,4) very common (100+)
1258,0.029731864,0.97026813,1,0,1) very rare (1-5)
1259,0.983063,0.016937017,1,0,1) very rare (1-5)
1260,0.3540975,0.6459025,0,5,1) very rare (1-5)
1261,0.41391554,0.5860845,1,3,1) very rare (1-5)
1262,0.9131232,0.08687681,1,86,3) common (21-100)
1263,0.37870422,0.6212958,1,4,1) very rare (1-5)
1264,0.17820355,0.8217964,1,5,1) very rare (1-5)
1265,0.17398871,0.8260113,1,76,3) common (21-100)
1266,0.2111725,0.7888275,0,0,1) very rare (1-5)
1267,0.15419084,0.84580916,0,17,2) rare (6-20)
1268,0.1252706,0.8747294,1,9,2) rare (6-20)
1269,0.17871824,0.8212818,1,0,1) very rare (1-5)
1270,0.9522381,0.047761917,1,0,1) very rare (1-5)
1271,0.7420122,0.2579878,1,0,1) very rare (1-5)
1272,0.2860189,0.7139811,0,23,3) common (21-100)
1273,0.21612437,0.78387564,1,9,2) rare (6-20)
1274,0.5305196,0.4694804,0,700,4) very common (100+)
1275,0.4530032,0.54699683,0,3,1) very rare (1-5)
1276,0.83437073,0.16562927,1,3,1) very rare (1-5)
1277,0.7389586,0.2610414,0,31,3) common (21-100)
1278,0.25930646,0.74069357,0,134,4) very common (100+)
1279,0.6761397,0.3238603,0,10,2) rare (6-20)
1280,0.28787047,0.71212953,1,15,2) rare (6-20)
1281,0.46538782,0.5346122,1,9,2) rare (6-20)
1282,0.2840045,0.7159955,0,0,1) very rare (1-5)
1283,0.9400377,0.059962273,0,261,4) very common (100+)
1284,0.8135543,0.18644571,0,43,3) common (21-100)
1285,0.7432663,0.25673372,1,37,3) common (21-100)
1286,0.029440906,0.9705591,1,4,1) very rare (1-5)
1287,0.114526615,0.8854734,0,0,1) very rare (1-5)
1288,0.119644515,0.8803555,1,1,1) very rare (1-5)
1289,0.11086586,0.88913417,1,1,1) very rare (1-5)
1290,0.44351888,0.5564811,0,1,1) very rare (1-5)
1291,0.96291333,0.037086666,0,700,4) very common (100+)
1292,0.61838883,0.38161117,0,700,4) very common (100+)
1293,0.6730409,0.32695907,1,3,1) very rare (1-5)
1294,0.35923868,0.6407613,1,12,2) rare (6-20)
1295,0.036038954,0.96396106,1,3,1) very rare (1-5)
1296,0.97526044,0.024739563,0,1000,4) very common (100+)
1297,0.20799294,0.7920071,1,0,1) very rare (1-5)
1298,0.63993967,0.36006033,1,3,1) very rare (1-5)
1299,0.13319243,0.8668076,0,3,1) very rare (1-5)
1300,0.96514845,0.03485155,0,78,3) common (21-100)
1301,0.45671973,0.54328024,0,24,3) common (21-100)
1302,0.4387482,0.56125176,0,11,2) rare (6-20)
1303,0.06830319,0.93169683,1,0,1) very rare (1-5)
1304,0.765804,0.234196,0,1290,4) very common (100+)
1305,0.21131343,0.7886866,0,7,2) rare (6-20)
1306,0.5447306,0.4552694,0,1290,4) very common (100+)
1307,0.87546486,0.12453514,0,4,1) very rare (1-5)
1308,0.8720091,0.1279909,1,1070,4) very common (100+)
1309,0.2752794,0.7247206,1,0,1) very rare (1-5)
1310,0.42890632,0.5710937,1,421,4) very common (100+)
1311,0.46830076,0.53169924,1,7,2) rare (6-20)
1312,0.95760363,0.042396367,0,20,2) rare (6-20)
1313,0.98198235,0.01801765,0,1290,4) very common (100+)
1314,0.57378775,0.42621225,0,1000,4) very common (100+)
1315,0.60039914,0.39960086,0,0,1) very rare (1-5)
1316,0.32514045,0.6748595,1,16,2) rare (6-20)
1317,0.9899296,0.010070384,0,94,3) common (21-100)
1318,0.03917529,0.9608247,1,14,2) rare (6-20)
1319,0.26154706,0.7384529,1,27,3) common (21-100)
1320,0.25911862,0.7408814,1,65,3) common (21-100)
1321,0.35372034,0.6462797,1,18,2) rare (6-20)
1322,0.725907,0.27409297,1,0,1) very rare (1-5)
1323,0.27537262,0.7246274,1,17,2) rare (6-20)
1324,0.33754504,0.66245496,1,1070,4) very common (100+)
1325,0.507617,0.492383,0,21,3) common (21-100)
1326,0.98744804,0.012551963,1,268,4) very common (100+)
1327,0.12400781,0.8759922,1,0,1) very rare (1-5)
1328,0.06711179,0.9328882,1,4,1) very rare (1-5)
1329,0.27303374,0.72696626,1,0,1) very rare (1-5)
1330,0.2589154,0.7410846,1,7,2) rare (6-20)
1331,0.874107,0.125893,0,5,1) very rare (1-5)
1332,0.93019867,0.06980133,0,20,2) rare (6-20)
1333,0.6482291,0.35177088,1,14,2) rare (6-20)
1334,0.86212385,0.13787615,1,70,3) common (21-100)
1335,0.81807595,0.18192405,0,42,3) common (21-100)
1336,0.68557286,0.31442714,1,1,1) very rare (1-5)
1337,0.06039451,0.9396055,1,18,2) rare (6-20)
1338,0.80557925,0.19442075,1,2,1) very rare (1-5)
1339,0.8450867,0.1549133,0,8,2) rare (6-20)
1340,0.8571255,0.14287448,0,223,4) very common (100+)
1341,0.2990984,0.7009016,0,1,1) very rare (1-5)
1342,0.23991802,0.760082,1,0,1) very rare (1-5)
1343,0.53605044,0.46394956,1,1290,4) very common (100+)
1344,0.22543772,0.7745623,1,0,1) very rare (1-5)
1345,0.4584769,0.5415231,1,3,1) very rare (1-5)
1346,0.40296653,0.5970335,0,0,1) very rare (1-5)
1347,0.9818763,0.018123686,0,12,2) rare (6-20)
1348,0.81974036,0.18025964,0,261,4) very common (100+)
1349,0.5457802,0.45421982,0,160,4) very common (100+)
1350,0.3139977,0.6860023,0,9,2) rare (6-20)
1351,0.8618292,0.13817078,0,28,3) common (21-100)
1352,0.16845168,0.83154833,1,372,4) very common (100+)
1353,0.02366578,0.9763342,1,0,1) very rare (1-5)
1354,0.5807284,0.4192716,0,12,2) rare (6-20)
1355,0.27786475,0.72213525,0,1,1) very rare (1-5)
1356,0.45928353,0.54071647,1,0,1) very rare (1-5)
1357,0.14828837,0.85171163,1,100,3) common (21-100)
1358,0.8419605,0.15803951,1,5,1) very rare (1-5)
1359,0.75111127,0.24888873,1,76,3) common (21-100)
1360,0.7340506,0.26594943,1,160,4) very common (100+)
1361,0.7275496,0.2724504,0,12,2) rare (6-20)
1362,0.07610677,0.9238932,1,0,1) very rare (1-5)
1363,0.09317658,0.9068234,0,3,1) very rare (1-5)
1364,0.27380687,0.72619313,1,4,1) very rare (1-5)
1365,0.15575282,0.84424716,1,75,3) common (21-100)
1366,0.03281828,0.96718174,1,0,1) very rare (1-5)
1367,0.39612404,0.603876,1,3,1) very rare (1-5)
1368,0.9525895,0.047410488,0,1000,4) very common (100+)
1369,0.52871895,0.47128105,0,2,1) very rare (1-5)
1370,0.93002987,0.06997013,0,700,4) very common (100+)
1371,0.16315003,0.83685,1,3,1) very rare (1-5)
1372,0.16387689,0.8361231,1,0,1) very rare (1-5)
1373,0.05368487,0.9463151,1,17,2) rare (6-20)
1374,0.031033628,0.96896636,1,0,1) very rare (1-5)
1375,0.8533594,0.1466406,0,68,3) common (21-100)
1376,0.5135394,0.48646063,0,2,1) very rare (1-5)
1377,0.9905364,0.009463608,1,4,1) very rare (1-5)
1378,0.18444079,0.8155592,1,62,3) common (21-100)
1379,0.05899469,0.9410053,1,0,1) very rare (1-5)
1380,0.20831971,0.7916803,1,6,2) rare (6-20)
1381,0.99559253,0.0044074655,0,211,4) very common (100+)
1382,0.775187,0.22481298,1,13,2) rare (6-20)
1383,0.1593495,0.8406505,1,0,1) very rare (1-5)
1384,0.1529114,0.8470886,1,0,1) very rare (1-5)
1385,0.22202551,0.7779745,1,0,1) very rare (1-5)
1386,0.43724972,0.5627503,0,105,4) very common (100+)
1387,0.24185295,0.75814706,0,2,1) very rare (1-5)
1388,0.9963232,0.0036767721,0,1000,4) very common (100+)
1389,0.178564,0.821436,1,1,1) very rare (1-5)
1390,0.95357066,0.046429336,1,8,2) rare (6-20)
1391,0.08807784,0.91192216,1,30,3) common (21-100)
1392,0.48865515,0.51134485,1,1,1) very rare (1-5)
1393,0.552006,0.447994,1,0,1) very rare (1-5)
1394,0.19729674,0.80270326,0,0,1) very rare (1-5)
1395,0.7705931,0.2294069,0,62,3) common (21-100)
1396,0.49598283,0.5040172,1,2,1) very rare (1-5)
1397,0.9801696,0.019830406,0,142,4) very common (100+)
1398,0.32965252,0.67034745,1,0,1) very rare (1-5)
1399,0.50121343,0.49878657,1,7,2) rare (6-20)
1400,0.7697422,0.23025781,1,0,1) very rare (1-5)
1401,0.17466107,0.82533896,0,2,1) very rare (1-5)
1402,0.4039791,0.59602094,0,6,2) rare (6-20)
1403,0.40146962,0.5985304,1,274,4) very common (100+)
1404,0.36671838,0.6332816,0,5,1) very rare (1-5)
1405,0.6752738,0.32472622,0,142,4) very common (100+)
1406,0.45003137,0.5499686,1,58,3) common (21-100)
1407,0.9786189,0.02138108,0,166,4) very common (100+)
1408,0.48293805,0.51706195,0,261,4) very common (100+)
1409,0.43258783,0.56741214,0,107,4) very common (100+)
1410,0.39424556,0.60575444,1,0,1) very rare (1-5)
1411,0.8517698,0.1482302,0,3,1) very rare (1-5)
1412,0.98305964,0.016940355,1,1070,4) very common (100+)
1413,0.6337006,0.3662994,0,32,3) common (21-100)
1414,0.15951456,0.84048545,0,2,1) very rare (1-5)
1415,0.26964173,0.73035824,1,0,1) very rare (1-5)
1416,0.5435182,0.4564818,1,1,1) very rare (1-5)
1417,0.6906144,0.3093856,0,47,3) common (21-100)
1418,0.49291772,0.5070823,1,0,1) very rare (1-5)
1419,0.37767887,0.6223211,0,421,4) very common (100+)
1420,0.98829377,0.011706233,0,700,4) very common (100+)
1421,0.057707623,0.9422924,0,3,1) very rare (1-5)
1422,0.047395073,0.95260495,1,0,1) very rare (1-5)
1423,0.11745162,0.8825484,0,421,4) very common (100+)
1424,0.23686975,0.76313025,1,92,3) common (21-100)
1425,0.20368014,0.79631984,0,1,1) very rare (1-5)
1426,0.1940363,0.8059637,1,0,1) very rare (1-5)
1427,0.2206709,0.7793291,1,3,1) very rare (1-5)
1428,0.058734924,0.9412651,1,0,1) very rare (1-5)
1429,0.9574138,0.042586207,0,1000,4) very common (100+)
1430,0.060274515,0.93972546,1,0,1) very rare (1-5)
1431,0.7409963,0.2590037,0,237,4) very common (100+)
1432,0.12923913,0.87076086,1,6,2) rare (6-20)
1433,0.7203079,0.2796921,0,9,2) rare (6-20)
1434,0.3345222,0.6654778,1,0,1) very rare (1-5)
1435,0.33502465,0.66497535,0,1290,4) very common (100+)
1436,0.5369351,0.4630649,0,13,2) rare (6-20)
1437,0.2260169,0.7739831,1,421,4) very common (100+)
1438,0.3107199,0.6892801,0,105,4) very common (100+)
1439,0.18305744,0.8169426,1,31,3) common (21-100)
1440,0.4737547,0.5262453,0,237,4) very common (100+)
1441,0.91055596,0.08944404,1,89,3) common (21-100)
1442,0.080702014,0.919298,1,0,1) very rare (1-5)
1443,0.7785603,0.22143972,1,2,1) very rare (1-5)
1444,0.15341699,0.846583,0,0,1) very rare (1-5)
1445,0.22438641,0.7756136,0,1,1) very rare (1-5)
1446,0.31488332,0.68511665,0,35,3) common (21-100)
1447,0.5726563,0.42734373,0,1070,4) very common (100+)
1448,0.4385956,0.5614044,0,3,1) very rare (1-5)
1449,0.5238321,0.47616792,1,1290,4) very common (100+)
1450,0.38258973,0.6174103,1,3,1) very rare (1-5)
1451,0.8649408,0.13505918,0,89,3) common (21-100)
1452,0.32251915,0.6774808,1,0,1) very rare (1-5)
1453,0.89152724,0.108472764,0,237,4) very common (100+)
1454,0.9910953,0.0089046955,0,211,4) very common (100+)
1455,0.88596225,0.11403775,0,1290,4) very common (100+)
1456,0.96090025,0.039099753,0,211,4) very common (100+)
1457,0.05158106,0.9484189,0,0,1) very rare (1-5)
1458,0.63487935,0.36512065,0,39,3) common (21-100)
1459,0.9845696,0.015430391,0,700,4) very common (100+)
1460,0.7120647,0.28793532,0,3,1) very rare (1-5)
1461,0.44942406,0.550576,1,96,3) common (21-100)
1462,0.44329116,0.5567088,1,3,1) very rare (1-5)
1463,0.8279623,0.17203772,0,421,4) very common (100+)
1464,0.8537493,0.14625072,0,1000,4) very common (100+)
1465,0.47785103,0.52214897,1,118,4) very common (100+)
1466,0.5382627,0.46173728,0,28,3) common (21-100)
1467,0.16633292,0.8336671,1,79,3) common (21-100)
1468,0.4336594,0.56634057,0,29,3) common (21-100)
1469,0.28375822,0.7162418,1,96,3) common (21-100)
1470,0.6408624,0.3591376,1,0,1) very rare (1-5)
1471,0.29291537,0.70708466,1,8,2) rare (6-20)
1472,0.052550767,0.9474492,1,8,2) rare (6-20)
1473,0.96530783,0.03469217,0,6,2) rare (6-20)
1474,0.6376084,0.3623916,0,5,1) very rare (1-5)
1475,0.18482217,0.8151778,1,3,1) very rare (1-5)
1476,0.73635477,0.26364523,1,372,4) very common (100+)
1477,0.5416651,0.45833492,0,3,1) very rare (1-5)
1478,0.07707923,0.92292076,1,4,1) very rare (1-5)
1479,0.19319956,0.8068004,0,4,1) very rare (1-5)
1480,0.67200255,0.32799745,0,2,1) very rare (1-5)
1481,0.5047402,0.49525982,0,66,3) common (21-100)
1482,0.6009744,0.39902562,0,9,2) rare (6-20)
1483,0.086927556,0.91307247,0,82,3) common (21-100)
1484,0.9610968,0.038903177,0,1000,4) very common (100+)
1485,0.78661996,0.21338004,0,105,4) very common (100+)
1486,0.34126118,0.65873885,1,9,2) rare (6-20)
1487,0.98363805,0.016361952,1,142,4) very common (100+)
1488,0.67035645,0.32964355,0,3,1) very rare (1-5)
1489,0.43844116,0.56155884,1,0,1) very rare (1-5)
1490,0.059001893,0.9409981,1,6,2) rare (6-20)
1491,0.37027004,0.62973,1,0,1) very rare (1-5)
1492,0.28354892,0.71645105,1,1290,4) very common (100+)
1493,0.108374774,0.8916252,1,35,3) common (21-100)
1494,0.021464985,0.978535,1,4,1) very rare (1-5)
1495,0.83398575,0.16601425,0,74,3) common (21-100)
1496,0.36545786,0.6345421,0,96,3) common (21-100)
1497,0.6144773,0.38552272,1,2,1) very rare (1-5)
1498,0.14388745,0.85611254,1,1,1) very rare (1-5)
1499,0.7137939,0.28620613,0,700,4) very common (100+)
1500,0.5832639,0.41673613,1,1,1) very rare (1-5)
1501,0.1463388,0.8536612,1,0,1) very rare (1-5)
1502,0.139978,0.860022,1,7,2) rare (6-20)
1503,0.43627194,0.5637281,1,15,2) rare (6-20)
1504,0.22198427,0.77801573,0,3,1) very rare (1-5)
1505,0.9310243,0.06897569,0,700,4) very common (100+)
1506,0.6599141,0.34008592,0,268,4) very common (100+)
1507,0.9425536,0.05744642,0,85,3) common (21-100)
1508,0.107591055,0.89240897,0,3,1) very rare (1-5)
1509,0.05425034,0.94574964,1,0,1) very rare (1-5)
1510,0.38740873,0.61259127,1,5,1) very rare (1-5)
1511,0.18363683,0.81636316,1,5,1) very rare (1-5)
1512,0.43734273,0.56265724,0,3,1) very rare (1-5)
1513,0.57624114,0.42375886,1,3,1) very rare (1-5)
1514,0.80792934,0.19207066,1,0,1) very rare (1-5)
1515,0.43962622,0.5603738,1,372,4) very common (100+)
1516,0.5804718,0.4195282,0,223,4) very common (100+)
1517,0.6574648,0.3425352,1,8,2) rare (6-20)
1518,0.8456224,0.15437758,0,1000,4) very common (100+)
1519,0.3068275,0.6931725,1,15,2) rare (6-20)
1520,0.9876323,0.012367725,0,275,4) very common (100+)
1521,0.27934992,0.7206501,1,0,1) very rare (1-5)
1522,0.91234666,0.08765334,0,14,2) rare (6-20)
1523,0.32290903,0.677091,0,14,2) rare (6-20)
1524,0.36197686,0.63802314,1,142,4) very common (100+)
1525,0.7215587,0.2784413,0,1000,4) very common (100+)
1526,0.1389594,0.8610406,0,0,1) very rare (1-5)
1527,0.550042,0.44995803,0,65,3) common (21-100)
1528,0.33158445,0.66841555,1,0,1) very rare (1-5)
1529,0.42715985,0.57284015,0,9,2) rare (6-20)
1530,0.8826035,0.117396474,0,159,4) very common (100+)
1531,0.08076834,0.91923165,1,0,1) very rare (1-5)
1532,0.73954976,0.26045024,1,1290,4) very common (100+)
1533,0.13192986,0.8680701,0,0,1) very rare (1-5)
1534,0.16854891,0.83145106,1,8,2) rare (6-20)
1535,0.8021724,0.19782758,0,18,2) rare (6-20)
1536,0.3959409,0.6040591,1,2,1) very rare (1-5)
1537,0.6468768,0.3531232,1,4,1) very rare (1-5)
1538,0.15151207,0.8484879,1,118,4) very common (100+)
1539,0.83517665,0.16482335,1,92,3) common (21-100)
1540,0.7104714,0.2895286,1,62,3) common (21-100)
1541,0.8462595,0.15374053,0,1,1) very rare (1-5)
1542,0.047045887,0.9529541,1,3,1) very rare (1-5)
1543,0.30558616,0.69441384,0,1290,4) very common (100+)
1544,0.7710394,0.22896057,0,19,2) rare (6-20)
1545,0.66043353,0.33956647,0,1290,4) very common (100+)
1546,0.06415672,0.9358433,1,0,1) very rare (1-5)
1547,0.74511135,0.25488865,1,1070,4) very common (100+)
1548,0.20362073,0.79637927,0,4,1) very rare (1-5)
1549,0.82278746,0.17721254,0,106,4) very common (100+)
1550,0.695662,0.30433798,0,19,2) rare (6-20)
1551,0.5889957,0.4110043,1,142,4) very common (100+)
1552,0.34723255,0.6527674,0,39,3) common (21-100)
1553,0.64166963,0.35833037,0,32,3) common (21-100)
1554,0.33160296,0.66839707,0,2,1) very rare (1-5)
1555,0.0666339,0.9333661,1,0,1) very rare (1-5)
1556,0.59790385,0.40209615,1,123,4) very common (100+)
1557,0.8589105,0.1410895,1,90,3) common (21-100)
1558,0.17351927,0.82648075,1,17,2) rare (6-20)
1559,0.16197181,0.8380282,1,5,1) very rare (1-5)
1560,0.07963638,0.9203636,1,89,3) common (21-100)
1561,0.78723526,0.21276474,1,2,1) very rare (1-5)
1562,0.25457183,0.7454282,0,1070,4) very common (100+)
1563,0.5795026,0.42049742,0,2,1) very rare (1-5)
1564,0.17017075,0.8298292,0,8,2) rare (6-20)
1565,0.25733104,0.742669,1,2,1) very rare (1-5)
1566,0.30094317,0.69905686,0,123,4) very common (100+)
1567,0.23800443,0.76199555,1,0,1) very rare (1-5)
1568,0.44047746,0.5595225,0,3,1) very rare (1-5)
1569,0.19303465,0.80696535,0,372,4) very common (100+)
1570,0.65691817,0.34308183,0,23,3) common (21-100)
1571,0.12869172,0.87130827,1,16,2) rare (6-20)
1572,0.21626344,0.7837366,0,111,4) very common (100+)
1573,0.20220026,0.7977997,1,1,1) very rare (1-5)
1574,0.089349434,0.91065055,0,16,2) rare (6-20)
1575,0.93916863,0.060831368,0,8,2) rare (6-20)
1576,0.727636,0.27236402,0,7,2) rare (6-20)
1577,0.48148695,0.5185131,1,70,3) common (21-100)
1578,0.68225324,0.31774676,1,11,2) rare (6-20)
1579,0.085549496,0.9144505,1,1,1) very rare (1-5)
1580,0.7259178,0.27408218,0,0,1) very rare (1-5)
1581,0.74612546,0.25387454,0,123,4) very common (100+)
1582,0.0956593,0.9043407,1,0,1) very rare (1-5)
1583,0.3907407,0.6092593,1,76,3) common (21-100)
1584,0.5785596,0.42144042,0,13,2) rare (6-20)
1585,0.4394922,0.5605078,0,237,4) very common (100+)
1586,0.64376134,0.35623866,1,0,1) very rare (1-5)
1587,0.36501703,0.63498294,0,8,2) rare (6-20)
1588,0.6117568,0.3882432,0,15,2) rare (6-20)
1589,0.3616518,0.6383482,1,72,3) common (21-100)
1590,0.54172164,0.45827836,1,0,1) very rare (1-5)
1591,0.21834941,0.7816506,1,0,1) very rare (1-5)
1592,0.047258813,0.9527412,1,0,1) very rare (1-5)
1593,0.26984647,0.73015356,0,9,2) rare (6-20)
1594,0.9247244,0.0752756,0,17,2) rare (6-20)
1595,0.8793372,0.12066281,0,1000,4) very common (100+)
1596,0.2701467,0.7298533,0,3,1) very rare (1-5)
1597,0.15092622,0.84907377,0,1,1) very rare (1-5)
1598,0.7087039,0.29129612,1,5,1) very rare (1-5)
1599,0.6318667,0.3681333,1,5,1) very rare (1-5)
1600,0.36397216,0.6360278,0,1,1) very rare (1-5)
1601,0.09911479,0.9008852,1,0,1) very rare (1-5)
1602,0.5894226,0.41057742,1,0,1) very rare (1-5)
1603,0.85183734,0.14816266,0,2,1) very rare (1-5)
1604,0.57223266,0.42776734,0,24,3) common (21-100)
1605,0.5416118,0.4583882,0,4,1) very rare (1-5)
1606,0.3928232,0.6071768,1,3,1) very rare (1-5)
1607,0.43706527,0.56293476,0,1070,4) very common (100+)
1608,0.4822259,0.5177741,1,106,4) very common (100+)
1609,0.44271976,0.55728024,1,79,3) common (21-100)
1610,0.04866993,0.95133007,1,5,1) very rare (1-5)
1611,0.50500625,0.49499375,0,1,1) very rare (1-5)
1612,0.05119456,0.94880545,1,39,3) common (21-100)
1613,0.976886,0.023114026,1,1,1) very rare (1-5)
1614,0.5017219,0.49827808,0,182,4) very common (100+)
1615,0.042981103,0.9570189,1,11,2) rare (6-20)
1616,0.46637008,0.5336299,0,1,1) very rare (1-5)
1617,0.6088676,0.3911324,1,105,4) very common (100+)
1618,0.47329944,0.52670056,0,18,2) rare (6-20)
1619,0.013188971,0.98681104,1,0,1) very rare (1-5)
1620,0.76452917,0.23547083,0,1000,4) very common (100+)
1621,0.72008735,0.27991265,0,421,4) very common (100+)
1622,0.62964165,0.37035835,0,343,4) very common (100+)
1623,0.8557584,0.14424157,1,1070,4) very common (100+)
1624,0.5005396,0.4994604,1,79,3) common (21-100)
1625,0.8177316,0.18226838,0,99,3) common (21-100)
1626,0.13874874,0.86125124,0,0,1) very rare (1-5)
1627,0.78393626,0.21606374,1,146,4) very common (100+)
1628,0.65670896,0.34329104,1,118,4) very common (100+)
1629,0.48269558,0.5173044,1,0,1) very rare (1-5)
1630,0.23095821,0.7690418,1,0,1) very rare (1-5)
1631,0.680464,0.31953597,1,1,1) very rare (1-5)
1632,0.8295402,0.1704598,0,1000,4) very common (100+)
1633,0.209726,0.790274,1,0,1) very rare (1-5)
1634,0.10246221,0.89753777,1,0,1) very rare (1-5)
1635,0.5283989,0.47160113,0,14,2) rare (6-20)
1636,0.71414757,0.28585243,1,2,1) very rare (1-5)
1637,0.36769268,0.6323073,1,9,2) rare (6-20)
1638,0.42401382,0.57598615,1,79,3) common (21-100)
1639,0.878996,0.121003985,0,1290,4) very common (100+)
1640,0.8002084,0.19979161,0,63,3) common (21-100)
1641,0.966907,0.033092976,0,1290,4) very common (100+)
1642,0.67004,0.32996,0,106,4) very common (100+)
1643,0.48115045,0.51884955,1,0,1) very rare (1-5)
1644,0.2554563,0.7445437,0,23,3) common (21-100)
1645,0.50759536,0.49240464,0,223,4) very common (100+)
1646,0.34384418,0.6561558,1,1,1) very rare (1-5)
1647,0.12810242,0.8718976,1,14,2) rare (6-20)
1648,0.88694096,0.113059044,0,421,4) very common (100+)
1649,0.3512221,0.6487779,0,700,4) very common (100+)
1650,0.951068,0.048932016,0,39,3) common (21-100)
1651,0.6377896,0.3622104,1,58,3) common (21-100)
1652,0.5727867,0.4272133,1,0,1) very rare (1-5)
1653,0.5704357,0.4295643,0,71,3) common (21-100)
1654,0.5605854,0.43941462,1,134,4) very common (100+)
1655,0.1729152,0.8270848,1,2,1) very rare (1-5)
1656,0.94185543,0.05814457,0,182,4) very common (100+)
1657,0.7906029,0.20939708,1,1070,4) very common (100+)
1658,0.08444929,0.9155507,1,55,3) common (21-100)
1659,0.14775984,0.85224015,1,22,3) common (21-100)
1660,0.044061355,0.95593864,1,2,1) very rare (1-5)
1661,0.7683082,0.23169178,1,99,3) common (21-100)
1662,0.98375297,0.016247034,0,62,3) common (21-100)
1663,0.9255146,0.07448542,1,10,2) rare (6-20)
1664,0.11830881,0.8816912,1,0,1) very rare (1-5)
1665,0.8154035,0.18459648,1,2,1) very rare (1-5)
1666,0.89471436,0.105285645,0,421,4) very common (100+)
1667,0.73613864,0.26386136,0,4,1) very rare (1-5)
1668,0.7248505,0.27514952,0,22,3) common (21-100)
1669,0.9805592,0.01944083,0,211,4) very common (100+)
1670,0.550846,0.44915402,1,1070,4) very common (100+)
1671,0.04380679,0.9561932,1,0,1) very rare (1-5)
1672,0.9778446,0.022155404,0,106,4) very common (100+)
1673,0.05736378,0.94263625,1,24,3) common (21-100)
1674,0.87463623,0.12536377,0,26,3) common (21-100)
1675,0.5004793,0.49952072,1,66,3) common (21-100)
1676,0.36842358,0.6315764,1,86,3) common (21-100)
1677,0.48878184,0.5112182,0,343,4) very common (100+)
1678,0.76425827,0.23574173,1,88,3) common (21-100)
1679,0.14611505,0.85388494,1,0,1) very rare (1-5)
1680,0.830173,0.16982698,0,37,3) common (21-100)
1681,0.55215025,0.44784975,1,24,3) common (21-100)
1682,0.51718116,0.48281884,0,1290,4) very common (100+)
1683,0.32156608,0.6784339,1,343,4) very common (100+)
1684,0.44442165,0.55557835,0,2,1) very rare (1-5)
1685,0.5155654,0.4844346,0,66,3) common (21-100)
1686,0.15437591,0.8456241,1,118,4) very common (100+)
1687,0.9123587,0.0876413,0,1070,4) very common (100+)
1688,0.4446413,0.5553587,0,343,4) very common (100+)
1689,0.10843597,0.891564,1,0,1) very rare (1-5)
1690,0.9377704,0.062229574,0,1290,4) very common (100+)
1691,0.42978945,0.5702106,0,39,3) common (21-100)
1692,0.950661,0.049338996,0,17,2) rare (6-20)
1693,0.44771287,0.5522871,0,79,3) common (21-100)
1694,0.3398008,0.66019917,1,70,3) common (21-100)
1695,0.14131013,0.8586899,1,1,1) very rare (1-5)
1696,0.24163128,0.75836873,1,0,1) very rare (1-5)
1697,0.18787204,0.81212795,1,0,1) very rare (1-5)
1698,0.9496795,0.050320506,0,6,2) rare (6-20)
1699,0.16333604,0.83666396,1,0,1) very rare (1-5)
1700,0.59842247,0.40157753,1,0,1) very rare (1-5)
1701,0.570994,0.42900598,0,3,1) very rare (1-5)
1702,0.9677096,0.0322904,0,23,3) common (21-100)
1703,0.5081901,0.4918099,1,5,1) very rare (1-5)
1704,0.9675491,0.032450914,1,7,2) rare (6-20)
1705,0.038639043,0.96136093,1,7,2) rare (6-20)
1706,0.07075698,0.929243,1,8,2) rare (6-20)
1707,0.17764488,0.82235515,1,0,1) very rare (1-5)
1708,0.558919,0.441081,0,2,1) very rare (1-5)
1709,0.05606655,0.9439334,1,2,1) very rare (1-5)
1710,0.20472069,0.7952793,1,0,1) very rare (1-5)
1711,0.9754601,0.024539888,0,1000,4) very common (100+)
1712,0.2434871,0.7565129,1,16,2) rare (6-20)
1713,0.115182996,0.884817,1,0,1) very rare (1-5)
1714,0.22433303,0.77566695,0,1,1) very rare (1-5)
1715,0.66154915,0.33845085,0,1070,4) very common (100+)
1716,0.5722715,0.42772847,0,178,4) very common (100+)
1717,0.7061964,0.29380357,0,123,4) very common (100+)
1718,0.44600308,0.5539969,0,41,3) common (21-100)
1719,0.16923732,0.8307627,1,178,4) very common (100+)
1720,0.5386451,0.4613549,1,111,4) very common (100+)
1721,0.4984229,0.50157714,1,1,1) very rare (1-5)
1722,0.9877815,0.012218475,0,421,4) very common (100+)
1723,0.0861925,0.9138075,1,9,2) rare (6-20)
1724,0.59898573,0.40101427,1,0,1) very rare (1-5)
1725,0.9842642,0.015735805,0,1070,4) very common (100+)
1726,0.17858621,0.82141376,1,1,1) very rare (1-5)
1727,0.020626081,0.97937393,0,3,1) very rare (1-5)
1728,0.88871795,0.11128205,1,1000,4) very common (100+)
1729,0.40329129,0.5967087,1,118,4) very common (100+)
1730,0.3149041,0.6850959,1,8,2) rare (6-20)
1731,0.8728961,0.12710392,0,1000,4) very common (100+)
1732,0.64005893,0.35994107,0,372,4) very common (100+)
1733,0.60513115,0.39486885,0,105,4) very common (100+)
1734,0.9129784,0.08702159,0,89,3) common (21-100)
1735,0.03338054,0.9666195,1,17,2) rare (6-20)
1736,0.3022983,0.6977017,1,17,2) rare (6-20)
1737,0.66096795,0.33903205,0,7,2) rare (6-20)
1738,0.54482144,0.45517856,1,89,3) common (21-100)
1739,0.54539216,0.45460784,1,343,4) very common (100+)
1740,0.87472606,0.12527394,0,44,3) common (21-100)
1741,0.1713059,0.8286941,1,0,1) very rare (1-5)
1742,0.27224964,0.72775036,1,3,1) very rare (1-5)
1743,0.4427799,0.5572201,1,16,2) rare (6-20)
1744,0.39708924,0.60291076,0,99,3) common (21-100)
1745,0.9506571,0.04934287,0,79,3) common (21-100)
1746,0.24055591,0.7594441,0,0,1) very rare (1-5)
1747,0.8870837,0.11291629,0,55,3) common (21-100)
1748,0.2744977,0.7255023,0,26,3) common (21-100)
1749,0.92928034,0.07071966,0,34,3) common (21-100)
1750,0.48154852,0.51845145,0,22,3) common (21-100)
1751,0.45023257,0.54976743,1,47,3) common (21-100)
1752,0.5474263,0.45257372,0,1000,4) very common (100+)
1753,0.29930452,0.7006955,1,0,1) very rare (1-5)
1754,0.925594,0.07440603,1,0,1) very rare (1-5)
1755,0.5799568,0.42004317,1,1290,4) very common (100+)
1756,0.05935676,0.94064325,1,0,1) very rare (1-5)
1757,0.37394828,0.6260517,1,134,4) very common (100+)
1758,0.54702294,0.45297706,1,0,1) very rare (1-5)
1759,0.08490516,0.91509485,1,0,1) very rare (1-5)
1760,0.43359193,0.56640804,0,9,2) rare (6-20)
1761,0.03763208,0.9623679,0,12,2) rare (6-20)
1762,0.21871263,0.7812874,1,2,1) very rare (1-5)
1763,0.15908292,0.8409171,0,39,3) common (21-100)
1764,0.20831099,0.79168904,1,81,3) common (21-100)
1765,0.17373732,0.8262627,0,3,1) very rare (1-5)
1766,0.38653752,0.61346245,1,6,2) rare (6-20)
1767,0.3969568,0.6030432,1,159,4) very common (100+)
1768,0.41848984,0.5815102,0,7,2) rare (6-20)
1769,0.14767952,0.8523205,1,8,2) rare (6-20)
1770,0.80468225,0.19531775,1,17,2) rare (6-20)
1771,0.26596513,0.7340349,0,24,3) common (21-100)
1772,0.71239144,0.28760856,0,700,4) very common (100+)
1773,0.18503252,0.8149675,1,6,2) rare (6-20)
1774,0.2421091,0.7578909,0,2,1) very rare (1-5)
1775,0.77085775,0.22914225,0,2,1) very rare (1-5)
1776,0.72870046,0.27129954,0,700,4) very common (100+)
1777,0.9527071,0.04729289,0,1290,4) very common (100+)
1778,0.36417913,0.63582087,0,5,1) very rare (1-5)
1779,0.12192197,0.87807804,0,0,1) very rare (1-5)
1780,0.81118524,0.18881476,0,27,3) common (21-100)
1781,0.12406196,0.87593806,1,84,3) common (21-100)
1782,0.8580168,0.14198321,0,146,4) very common (100+)
1783,0.26145688,0.73854315,0,43,3) common (21-100)
1784,0.08834956,0.9116504,1,0,1) very rare (1-5)
1785,0.4221008,0.5778992,1,89,3) common (21-100)
1786,0.54198265,0.45801735,0,1,1) very rare (1-5)
1787,0.906876,0.09312397,0,1290,4) very common (100+)
1788,0.13849732,0.86150265,1,0,1) very rare (1-5)
1789,0.7629596,0.2370404,0,8,2) rare (6-20)
1790,0.087082505,0.9129175,1,0,1) very rare (1-5)
1791,0.9765339,0.02346611,1,2,1) very rare (1-5)
1792,0.18451212,0.81548786,1,0,1) very rare (1-5)
1793,0.07945981,0.9205402,1,0,1) very rare (1-5)
1794,0.91039103,0.08960897,0,33,3) common (21-100)
1795,0.34474608,0.6552539,1,8,2) rare (6-20)
1796,0.72495306,0.27504694,1,1070,4) very common (100+)
1797,0.16005057,0.8399494,1,70,3) common (21-100)
1798,0.20891032,0.79108965,0,88,3) common (21-100)
1799,0.9699912,0.030008793,0,99,3) common (21-100)
1800,0.4388359,0.56116414,1,96,3) common (21-100)
1801,0.9617081,0.03829187,0,27,3) common (21-100)
1802,0.29963824,0.7003617,0,1,1) very rare (1-5)
1803,0.18208505,0.81791496,1,92,3) common (21-100)
1804,0.9856619,0.014338076,0,1000,4) very common (100+)
1805,0.119150504,0.8808495,1,1000,4) very common (100+)
1806,0.29431275,0.7056873,0,105,4) very common (100+)
1807,0.80962557,0.19037443,0,20,2) rare (6-20)
1808,0.12312927,0.87687075,1,7,2) rare (6-20)
1809,0.2692895,0.7307105,1,70,3) common (21-100)
1810,0.6650701,0.33492988,0,121,4) very common (100+)
1811,0.98445374,0.015546262,1,54,3) common (21-100)
1812,0.53948367,0.46051633,0,275,4) very common (100+)
1813,0.65953416,0.34046584,1,107,4) very common (100+)
1814,0.6075584,0.39244157,1,28,3) common (21-100)
1815,0.15417103,0.84582895,1,2,1) very rare (1-5)
1816,0.45396626,0.54603374,1,5,1) very rare (1-5)
1817,0.44232422,0.5576758,1,23,3) common (21-100)
1818,0.53673077,0.46326923,0,1290,4) very common (100+)
1819,0.977975,0.02202499,1,54,3) common (21-100)
1820,0.9475593,0.052440703,0,85,3) common (21-100)
1821,0.35515365,0.6448463,1,2,1) very rare (1-5)
1822,0.14236599,0.857634,1,32,3) common (21-100)
1823,0.2573312,0.7426688,1,0,1) very rare (1-5)
1824,0.5792889,0.4207111,0,12,2) rare (6-20)
1825,0.90167093,0.09832907,0,700,4) very common (100+)
1826,0.90273315,0.09726685,0,1290,4) very common (100+)
1827,0.6766374,0.3233626,1,134,4) very common (100+)
1828,0.6480695,0.3519305,0,3,1) very rare (1-5)
1829,0.7672156,0.23278439,0,9,2) rare (6-20)
1830,0.15608355,0.8439164,1,223,4) very common (100+)
1831,0.6913054,0.3086946,0,223,4) very common (100+)
1832,0.028339071,0.9716609,1,70,3) common (21-100)
1833,0.35493234,0.6450677,1,4,1) very rare (1-5)
1834,0.052660637,0.94733936,1,17,2) rare (6-20)
1835,0.8096418,0.19035822,0,261,4) very common (100+)
1836,0.9628963,0.037103713,0,1000,4) very common (100+)
1837,0.7474835,0.2525165,1,35,3) common (21-100)
1838,0.5279522,0.4720478,0,1290,4) very common (100+)
1839,0.44925693,0.5507431,0,9,2) rare (6-20)
1840,0.59726804,0.40273196,0,1290,4) very common (100+)
1841,0.019279284,0.9807207,1,0,1) very rare (1-5)
1842,0.9696474,0.030352592,0,1000,4) very common (100+)
1843,0.28753963,0.7124604,0,91,3) common (21-100)
1844,0.510751,0.489249,0,6,2) rare (6-20)
1845,0.93442136,0.06557864,0,1290,4) very common (100+)
1846,0.19161771,0.8083823,1,18,2) rare (6-20)
1847,0.69373316,0.30626684,1,16,2) rare (6-20)
1848,0.023870664,0.97612935,1,0,1) very rare (1-5)
1849,0.7165612,0.2834388,1,24,3) common (21-100)
1850,0.70828414,0.29171586,1,118,4) very common (100+)
1851,0.36136785,0.6386322,1,14,2) rare (6-20)
1852,0.24229375,0.7577063,1,3,1) very rare (1-5)
1853,0.81966937,0.18033063,1,102,4) very common (100+)
1854,0.9251907,0.07480931,0,66,3) common (21-100)
1855,0.9352615,0.06473851,0,35,3) common (21-100)
1856,0.6832124,0.3167876,0,52,3) common (21-100)
1857,0.49616313,0.50383687,0,1290,4) very common (100+)
1858,0.042853583,0.9571464,1,0,1) very rare (1-5)
1859,0.95336854,0.046631455,0,50,3) common (21-100)
1860,0.7051708,0.2948292,0,1000,4) very common (100+)
1861,0.62909675,0.37090325,0,4,1) very rare (1-5)
1862,0.532819,0.46718103,0,5,1) very rare (1-5)
1863,0.35465685,0.6453432,1,92,3) common (21-100)
1864,0.9064699,0.09353012,0,53,3) common (21-100)
1865,0.7996822,0.2003178,0,2,1) very rare (1-5)
1866,0.11843368,0.88156635,1,3,1) very rare (1-5)
1867,0.8268336,0.1731664,0,68,3) common (21-100)
1868,0.4830983,0.51690173,1,0,1) very rare (1-5)
1869,0.90697056,0.09302944,0,8,2) rare (6-20)
1870,0.7771812,0.22281879,1,0,1) very rare (1-5)
1871,0.30198172,0.6980183,0,47,3) common (21-100)
1872,0.49690115,0.50309885,0,0,1) very rare (1-5)
1873,0.51458913,0.48541087,1,19,2) rare (6-20)
1874,0.042771507,0.9572285,1,0,1) very rare (1-5)
1875,0.83150315,0.16849685,0,372,4) very common (100+)
1876,0.69479316,0.30520684,0,142,4) very common (100+)
1877,0.99517316,0.0048268437,0,1000,4) very common (100+)
1878,0.7383101,0.2616899,0,178,4) very common (100+)
1879,0.088640444,0.91135955,1,9,2) rare (6-20)
1880,0.12114354,0.8788565,1,14,2) rare (6-20)
1881,0.09708124,0.90291876,1,2,1) very rare (1-5)
1882,0.6436745,0.3563255,1,1,1) very rare (1-5)
1883,0.3949007,0.6050993,1,4,1) very rare (1-5)
1884,0.086786054,0.91321397,1,0,1) very rare (1-5)
1885,0.25802046,0.74197954,1,0,1) very rare (1-5)
1886,0.43554658,0.5644534,1,1290,4) very common (100+)
1887,0.17571115,0.82428885,1,5,1) very rare (1-5)
1888,0.8900116,0.10998839,0,700,4) very common (100+)
1889,0.9545102,0.045489788,0,1000,4) very common (100+)
1890,0.24723266,0.7527673,0,237,4) very common (100+)
1891,0.54747903,0.45252097,1,8,2) rare (6-20)
1892,0.78445,0.21555,1,1,1) very rare (1-5)
1893,0.3912958,0.6087042,1,2,1) very rare (1-5)
1894,0.6388067,0.3611933,0,47,3) common (21-100)
1895,0.52011096,0.47988904,1,6,2) rare (6-20)
1896,0.3169714,0.6830286,0,0,1) very rare (1-5)
1897,0.4252281,0.5747719,0,2,1) very rare (1-5)
1898,0.49793148,0.5020685,1,71,3) common (21-100)
1899,0.40210387,0.5978961,1,7,2) rare (6-20)
1900,0.56695837,0.43304163,0,1000,4) very common (100+)
1901,0.18951467,0.81048536,1,2,1) very rare (1-5)
1902,0.17751406,0.8224859,0,2,1) very rare (1-5)
1903,0.8107964,0.18920362,1,44,3) common (21-100)
1904,0.51669765,0.48330235,1,44,3) common (21-100)
1905,0.9699821,0.030017912,0,50,3) common (21-100)
1906,0.678779,0.321221,1,39,3) common (21-100)
1907,0.5598818,0.4401182,0,3,1) very rare (1-5)
1908,0.5839451,0.4160549,1,1,1) very rare (1-5)
1909,0.6949516,0.3050484,1,159,4) very common (100+)
1910,0.46634406,0.53365594,1,7,2) rare (6-20)
1911,0.8840142,0.11598581,1,1290,4) very common (100+)
1912,0.9777059,0.022294104,0,53,3) common (21-100)
1913,0.87894815,0.12105185,1,17,2) rare (6-20)
1914,0.65862507,0.34137493,0,343,4) very common (100+)
1915,0.5067301,0.49326992,1,7,2) rare (6-20)
1916,0.6462528,0.3537472,0,99,3) common (21-100)
1917,0.67094254,0.32905746,0,3,1) very rare (1-5)
1918,0.11585075,0.88414925,1,0,1) very rare (1-5)
1919,0.108162984,0.891837,1,0,1) very rare (1-5)
1920,0.2871092,0.7128908,1,0,1) very rare (1-5)
1921,0.118828386,0.8811716,1,41,3) common (21-100)
1922,0.2917959,0.7082041,1,33,3) common (21-100)
1923,0.14732423,0.8526758,1,17,2) rare (6-20)
1924,0.06361944,0.93638057,1,36,3) common (21-100)
1925,0.18652084,0.8134792,0,5,1) very rare (1-5)
1926,0.33182773,0.66817224,0,223,4) very common (100+)
1927,0.9981159,0.0018841028,0,1000,4) very common (100+)
1928,0.7873773,0.2126227,0,146,4) very common (100+)
1929,0.2673954,0.7326046,1,1,1) very rare (1-5)
1930,0.50378054,0.49621946,1,4,1) very rare (1-5)
1931,0.5886365,0.41136348,1,0,1) very rare (1-5)
1932,0.9900969,0.009903073,0,1000,4) very common (100+)
1933,0.71183974,0.28816026,0,100,3) common (21-100)
1934,0.3561182,0.6438818,0,343,4) very common (100+)
1935,0.22389439,0.77610564,1,0,1) very rare (1-5)
1936,0.67103696,0.32896304,1,2,1) very rare (1-5)
1937,0.32815707,0.67184293,1,88,3) common (21-100)
1938,0.3596997,0.6403003,1,96,3) common (21-100)
1939,0.26669517,0.73330486,0,25,3) common (21-100)
1940,0.6026363,0.39736372,0,1290,4) very common (100+)
1941,0.42448637,0.5755136,1,0,1) very rare (1-5)
1942,0.591025,0.408975,0,5,1) very rare (1-5)
1943,0.51875454,0.48124546,0,1290,4) very common (100+)
1944,0.16973653,0.8302635,0,0,1) very rare (1-5)
1945,0.25927773,0.7407223,1,142,4) very common (100+)
1946,0.96535724,0.034642756,0,421,4) very common (100+)
1947,0.35496825,0.64503175,1,12,2) rare (6-20)
1948,0.62285656,0.37714344,1,1070,4) very common (100+)
1949,0.44620678,0.5537932,1,1,1) very rare (1-5)
1950,0.36206162,0.6379384,0,118,4) very common (100+)
1951,0.025661947,0.97433805,1,0,1) very rare (1-5)
1952,0.4138916,0.5861084,1,23,3) common (21-100)
1953,0.39728108,0.60271895,0,21,3) common (21-100)
1954,0.80350226,0.19649774,0,3,1) very rare (1-5)
1955,0.38264167,0.6173583,0,40,3) common (21-100)
1956,0.3850346,0.61496544,1,14,2) rare (6-20)
1957,0.91665995,0.08334005,0,5,1) very rare (1-5)
1958,0.4404978,0.55950224,1,21,3) common (21-100)
1959,0.7476103,0.25238973,0,421,4) very common (100+)
1960,0.92389333,0.07610667,1,8,2) rare (6-20)
1961,0.09533678,0.9046632,1,1,1) very rare (1-5)
1962,0.1350698,0.8649302,1,38,3) common (21-100)
1963,0.48291147,0.51708853,1,160,4) very common (100+)
1964,0.2552818,0.7447182,1,5,1) very rare (1-5)
1965,0.32514772,0.67485225,1,134,4) very common (100+)
1966,0.34197024,0.6580298,1,22,3) common (21-100)
1967,0.9287979,0.0712021,1,142,4) very common (100+)
1968,0.4324701,0.5675299,1,2,1) very rare (1-5)
1969,0.22141048,0.7785895,0,3,1) very rare (1-5)
1970,0.7811911,0.21880889,0,1290,4) very common (100+)
1971,0.9122339,0.08776611,0,10,2) rare (6-20)
1972,0.085023426,0.9149766,1,0,1) very rare (1-5)
1973,0.038887568,0.96111244,1,14,2) rare (6-20)
1974,0.275757,0.724243,1,0,1) very rare (1-5)
1975,0.058935124,0.9410649,1,2,1) very rare (1-5)
1976,0.9405699,0.059430122,0,700,4) very common (100+)
1977,0.035275064,0.96472496,1,4,1) very rare (1-5)
1978,0.22789656,0.7721034,0,7,2) rare (6-20)
1979,0.16293244,0.83706754,1,2,1) very rare (1-5)
1980,0.3278456,0.6721544,1,58,3) common (21-100)
1981,0.9817591,0.018240929,0,89,3) common (21-100)
1982,0.4439053,0.5560947,1,1070,4) very common (100+)
1983,0.21298775,0.7870122,0,3,1) very rare (1-5)
1984,0.54038996,0.45961004,1,0,1) very rare (1-5)
1985,0.38965976,0.61034024,1,1,1) very rare (1-5)
1986,0.9528569,0.0471431,0,5,1) very rare (1-5)
1987,0.9163386,0.08366138,0,99,3) common (21-100)
1988,0.918187,0.08181298,0,421,4) very common (100+)
1989,0.62646586,0.37353414,0,0,1) very rare (1-5)
1990,0.5245215,0.47547847,1,5,1) very rare (1-5)
1991,0.4407618,0.5592382,0,60,3) common (21-100)
1992,0.06385859,0.93614143,1,1,1) very rare (1-5)
1993,0.47156227,0.52843773,1,2,1) very rare (1-5)
1994,0.64653647,0.35346353,1,99,3) common (21-100)
1995,0.86274326,0.13725674,1,160,4) very common (100+)
1996,0.7745778,0.2254222,0,2,1) very rare (1-5)
1997,0.08845634,0.91154367,1,9,2) rare (6-20)
1998,0.9279403,0.07205969,0,237,4) very common (100+)
1999,0.660574,0.33942598,0,28,3) common (21-100)
2000,0.1024153,0.8975847,1,1,1) very rare (1-5)
2001,0.68315935,0.31684065,0,166,4) very common (100+)
2002,0.5330228,0.46697718,0,88,3) common (21-100)
2003,0.48433423,0.51566577,1,19,2) rare (6-20)
2004,0.70424104,0.29575896,1,1290,4) very common (100+)
2005,0.84029883,0.15970117,0,1290,4) very common (100+)
2006,0.07715061,0.9228494,1,118,4) very common (100+)
2007,0.22225034,0.77774966,0,118,4) very common (100+)
2008,0.7778897,0.22211027,0,372,4) very common (100+)
2009,0.7620284,0.2379716,0,37,3) common (21-100)
2010,0.32206815,0.67793185,1,7,2) rare (6-20)
2011,0.3902537,0.60974634,0,29,3) common (21-100)
2012,0.120427735,0.8795723,1,0,1) very rare (1-5)
2013,0.5009591,0.4990409,0,68,3) common (21-100)
2014,0.4883797,0.5116203,0,27,3) common (21-100)
2015,0.2442341,0.7557659,0,3,1) very rare (1-5)
2016,0.8929924,0.10700762,1,166,4) very common (100+)
2017,0.5891341,0.4108659,1,261,4) very common (100+)
2018,0.29493624,0.70506376,1,18,2) rare (6-20)
2019,0.6890718,0.31092823,1,62,3) common (21-100)
2020,0.036252443,0.96374756,1,0,1) very rare (1-5)
2021,0.083854266,0.91614574,1,16,2) rare (6-20)
2022,0.88018996,0.119810045,0,47,3) common (21-100)
2023,0.118674584,0.8813254,1,5,1) very rare (1-5)
2024,0.13138112,0.86861885,1,38,3) common (21-100)
2025,0.06585948,0.9341405,1,0,1) very rare (1-5)
2026,0.17770134,0.82229865,1,145,4) very common (100+)
2027,0.9268579,0.07314211,0,28,3) common (21-100)
2028,0.8298931,0.17010689,0,372,4) very common (100+)
2029,0.86006945,0.13993055,0,58,3) common (21-100)
2030,0.91329926,0.08670074,1,16,2) rare (6-20)
2031,0.8167083,0.18329167,0,1000,4) very common (100+)
2032,0.40021813,0.5997819,0,134,4) very common (100+)
2033,0.26130775,0.7386923,1,1,1) very rare (1-5)
2034,0.26692337,0.73307663,0,68,3) common (21-100)
2035,0.476684,0.523316,0,106,4) very common (100+)
2036,0.2729142,0.7270858,0,7,2) rare (6-20)
2037,0.22428568,0.77571434,1,134,4) very common (100+)
2038,0.015495245,0.98450476,1,0,1) very rare (1-5)
2039,0.61025894,0.38974106,0,9,2) rare (6-20)
2040,0.47006947,0.52993053,0,15,2) rare (6-20)
2041,0.09561277,0.90438724,0,4,1) very rare (1-5)
2042,0.08669163,0.9133084,1,118,4) very common (100+)
2043,0.8630898,0.1369102,0,11,2) rare (6-20)
2044,0.10995273,0.89004725,1,1,1) very rare (1-5)
2045,0.94250125,0.057498753,1,54,3) common (21-100)
2046,0.587046,0.41295397,1,16,2) rare (6-20)
2047,0.59343386,0.40656614,0,275,4) very common (100+)
2048,0.1980252,0.8019748,1,6,2) rare (6-20)
2049,0.21139438,0.78860563,0,47,3) common (21-100)
2050,0.27770415,0.7222959,0,5,1) very rare (1-5)
2051,0.48539916,0.5146009,1,1070,4) very common (100+)
2052,0.37487823,0.6251218,1,3,1) very rare (1-5)
2053,0.23572426,0.7642757,1,70,3) common (21-100)
2054,0.6721798,0.32782018,0,19,2) rare (6-20)
2055,0.558199,0.441801,0,3,1) very rare (1-5)
2056,0.8912364,0.108763576,0,421,4) very common (100+)
2057,0.9239749,0.07602513,1,1,1) very rare (1-5)
2058,0.93374467,0.06625533,0,275,4) very common (100+)
2059,0.9867269,0.01327312,0,421,4) very common (100+)
2060,0.51962733,0.48037267,0,36,3) common (21-100)
2061,0.9568944,0.043105602,0,142,4) very common (100+)
2062,0.12656046,0.87343955,1,0,1) very rare (1-5)
2063,0.6538202,0.34617978,0,9,2) rare (6-20)
2064,0.9552771,0.044722915,0,1000,4) very common (100+)
2065,0.62949926,0.37050074,0,105,4) very common (100+)
2066,0.7221607,0.2778393,0,1290,4) very common (100+)
2067,0.23425129,0.76574874,1,3,1) very rare (1-5)
2068,0.56715494,0.43284506,1,3,1) very rare (1-5)
2069,0.19986302,0.800137,1,4,1) very rare (1-5)
2070,0.34189904,0.65810096,1,0,1) very rare (1-5)
2071,0.62494963,0.37505037,0,1290,4) very common (100+)
2072,0.17885716,0.82114285,1,0,1) very rare (1-5)
2073,0.36458912,0.6354109,0,102,4) very common (100+)
2074,0.51970726,0.48029274,1,4,1) very rare (1-5)
2075,0.07586894,0.92413104,1,13,2) rare (6-20)
2076,0.497556,0.502444,1,36,3) common (21-100)
2077,0.11854218,0.8814578,0,7,2) rare (6-20)
2078,0.19821247,0.8017875,0,24,3) common (21-100)
2079,0.9936899,0.0063101053,0,211,4) very common (100+)
2080,0.45641887,0.5435811,1,0,1) very rare (1-5)
2081,0.97300965,0.026990354,0,85,3) common (21-100)
2082,0.32762673,0.6723733,0,105,4) very common (100+)
2083,0.2106397,0.7893603,1,5,1) very rare (1-5)
2084,0.99257517,0.0074248314,0,182,4) very common (100+)
2085,0.31551957,0.6844804,0,3,1) very rare (1-5)
2086,0.7445262,0.2554738,0,275,4) very common (100+)
2087,0.06808938,0.93191063,1,0,1) very rare (1-5)
2088,0.6300761,0.3699239,0,121,4) very common (100+)
2089,0.9266476,0.0733524,0,142,4) very common (100+)
2090,0.13138567,0.8686143,1,15,2) rare (6-20)
2091,0.3713486,0.6286514,1,9,2) rare (6-20)
2092,0.45657855,0.54342145,0,1,1) very rare (1-5)
2093,0.7316942,0.26830578,0,7,2) rare (6-20)
2094,0.09696356,0.9030364,1,22,3) common (21-100)
2095,0.09528069,0.9047193,1,0,1) very rare (1-5)
2096,0.7245318,0.27546817,0,27,3) common (21-100)
2097,0.19745441,0.8025456,0,237,4) very common (100+)
2098,0.21384147,0.78615856,1,17,2) rare (6-20)
2099,0.25378627,0.74621373,1,0,1) very rare (1-5)
2100,0.5554725,0.4445275,1,1,1) very rare (1-5)
2101,0.8867108,0.11328918,0,700,4) very common (100+)
2102,0.31137842,0.6886216,0,0,1) very rare (1-5)
2103,0.5876724,0.4123276,1,79,3) common (21-100)
2104,0.931254,0.06874597,1,0,1) very rare (1-5)
2105,0.3162038,0.68379617,1,1,1) very rare (1-5)
2106,0.18376362,0.8162364,1,7,2) rare (6-20)
2107,0.3609136,0.63908637,1,0,1) very rare (1-5)
2108,0.5729744,0.42702562,1,6,2) rare (6-20)
2109,0.13412346,0.86587656,1,0,1) very rare (1-5)
2110,0.95418924,0.04581076,0,1000,4) very common (100+)
2111,0.80222094,0.19777906,0,123,4) very common (100+)
2112,0.9618793,0.038120687,1,2,1) very rare (1-5)
2113,0.11632655,0.8836734,0,41,3) common (21-100)
2114,0.72662,0.27337998,1,700,4) very common (100+)
2115,0.8528926,0.14710742,1,26,3) common (21-100)
2116,0.023430899,0.9765691,1,0,1) very rare (1-5)
2117,0.3379733,0.6620267,1,24,3) common (21-100)
2118,0.93459135,0.06540865,0,39,3) common (21-100)
2119,0.5089035,0.4910965,1,1070,4) very common (100+)
2120,0.71696454,0.28303546,1,1070,4) very common (100+)
2121,0.9877231,0.012276888,1,76,3) common (21-100)
2122,0.33450866,0.66549134,1,372,4) very common (100+)
2123,0.9845078,0.015492201,0,37,3) common (21-100)
2124,0.9427853,0.057214677,0,700,4) very common (100+)
2125,0.26033637,0.7396636,0,47,3) common (21-100)
2126,0.9581803,0.04181969,0,99,3) common (21-100)
2127,0.070605636,0.92939436,1,42,3) common (21-100)
2128,0.27136913,0.7286309,1,28,3) common (21-100)
2129,0.03064161,0.9693584,1,0,1) very rare (1-5)
2130,0.5067822,0.49321783,1,78,3) common (21-100)
2131,0.5157486,0.48425138,1,58,3) common (21-100)
2132,0.49410522,0.5058948,1,1,1) very rare (1-5)
2133,0.97214377,0.02785623,0,159,4) very common (100+)
2134,0.098369874,0.9016301,1,0,1) very rare (1-5)
2135,0.44868228,0.5513177,1,76,3) common (21-100)
2136,0.68243915,0.31756085,0,7,2) rare (6-20)
2137,0.9927362,0.0072637796,1,16,2) rare (6-20)
2138,0.33607316,0.66392684,1,70,3) common (21-100)
2139,0.74728054,0.25271946,1,134,4) very common (100+)
2140,0.8328197,0.1671803,1,0,1) very rare (1-5)
2141,0.9672857,0.032714307,0,12,2) rare (6-20)
2142,0.9021944,0.09780562,0,42,3) common (21-100)
2143,0.20509614,0.7949039,1,3,1) very rare (1-5)
2144,0.87156254,0.12843746,0,99,3) common (21-100)
2145,0.42244676,0.5775533,1,6,2) rare (6-20)
2146,0.15254347,0.8474565,1,178,4) very common (100+)
2147,0.26472718,0.7352728,0,68,3) common (21-100)
2148,0.59320533,0.40679467,1,13,2) rare (6-20)
2149,0.14945687,0.85054314,1,5,1) very rare (1-5)
2150,0.5635778,0.43642223,0,0,1) very rare (1-5)
2151,0.2334991,0.7665009,0,26,3) common (21-100)
2152,0.4028368,0.5971632,1,3,1) very rare (1-5)
2153,0.28159478,0.71840525,1,1,1) very rare (1-5)
2154,0.16625588,0.8337441,0,2,1) very rare (1-5)
2155,0.19718906,0.8028109,1,6,2) rare (6-20)
2156,0.1777846,0.8222154,1,5,1) very rare (1-5)
2157,0.9936712,0.006328821,0,29,3) common (21-100)
2158,0.5232927,0.47670728,1,43,3) common (21-100)
2159,0.8333305,0.16666949,1,1290,4) very common (100+)
2160,0.92938876,0.07061124,0,1290,4) very common (100+)
2161,0.45494574,0.54505426,1,0,1) very rare (1-5)
2162,0.7852974,0.2147026,0,105,4) very common (100+)
2163,0.29106414,0.70893586,0,142,4) very common (100+)
2164,0.055115804,0.9448842,0,39,3) common (21-100)
2165,0.26535562,0.7346444,1,1,1) very rare (1-5)
2166,0.3339211,0.6660789,0,17,2) rare (6-20)
2167,0.5219043,0.4780957,0,2,1) very rare (1-5)
2168,0.23952514,0.76047486,1,1,1) very rare (1-5)
2169,0.9237088,0.0762912,0,52,3) common (21-100)
2170,0.8279868,0.17201322,0,20,2) rare (6-20)
2171,0.66328675,0.33671325,1,2,1) very rare (1-5)
2172,0.276085,0.723915,1,3,1) very rare (1-5)
2173,0.34952432,0.6504757,1,0,1) very rare (1-5)
2174,0.22613911,0.7738609,1,2,1) very rare (1-5)
2175,0.23213257,0.76786745,1,3,1) very rare (1-5)
2176,0.82024086,0.17975914,0,6,2) rare (6-20)
2177,0.8626007,0.13739932,1,275,4) very common (100+)
2178,0.1551344,0.8448656,1,0,1) very rare (1-5)
2179,0.8423939,0.15760612,0,56,3) common (21-100)
2180,0.84692395,0.15307605,0,178,4) very common (100+)
2181,0.23144916,0.7685509,1,36,3) common (21-100)
2182,0.1019086,0.8980914,0,0,1) very rare (1-5)
2183,0.5447367,0.45526332,1,142,4) very common (100+)
2184,0.987909,0.012090981,1,30,3) common (21-100)
2185,0.5281921,0.4718079,1,9,2) rare (6-20)
2186,0.5475247,0.4524753,1,92,3) common (21-100)
2187,0.57920325,0.42079675,0,223,4) very common (100+)
2188,0.8089504,0.19104958,1,0,1) very rare (1-5)
2189,0.3867635,0.6132365,0,37,3) common (21-100)
2190,0.7430923,0.2569077,0,1290,4) very common (100+)
2191,0.35038468,0.6496153,1,45,3) common (21-100)
2192,0.13587093,0.86412907,0,8,2) rare (6-20)
2193,0.45535198,0.54464805,1,0,1) very rare (1-5)
2194,0.93470216,0.06529784,1,1290,4) very common (100+)
2195,0.24873137,0.7512686,0,0,1) very rare (1-5)
2196,0.17180291,0.8281971,1,0,1) very rare (1-5)
2197,0.7069793,0.29302073,0,372,4) very common (100+)
2198,0.044743087,0.95525694,1,15,2) rare (6-20)
2199,0.10193665,0.89806336,1,4,1) very rare (1-5)
2200,0.4257716,0.5742284,0,1000,4) very common (100+)
2201,0.7676815,0.23231852,0,1070,4) very common (100+)
2202,0.33915988,0.66084015,1,159,4) very common (100+)
2203,0.122391835,0.8776082,0,2,1) very rare (1-5)
2204,0.6494464,0.35055357,0,1070,4) very common (100+)
2205,0.6276336,0.37236643,1,1,1) very rare (1-5)
2206,0.32663855,0.6733614,0,88,3) common (21-100)
2207,0.37873325,0.6212667,1,5,1) very rare (1-5)
2208,0.97676337,0.023236632,0,99,3) common (21-100)
2209,0.73945546,0.26054454,0,89,3) common (21-100)
2210,0.21949238,0.7805076,1,1,1) very rare (1-5)
2211,0.41448084,0.5855192,0,15,2) rare (6-20)
2212,0.65301913,0.34698087,1,39,3) common (21-100)
2213,0.69757754,0.30242246,0,237,4) very common (100+)
2214,0.44408104,0.55591893,0,21,3) common (21-100)
2215,0.07693679,0.9230632,1,0,1) very rare (1-5)
2216,0.23704472,0.7629553,1,41,3) common (21-100)
2217,0.35476455,0.6452354,0,24,3) common (21-100)
2218,0.11581058,0.8841894,1,0,1) very rare (1-5)
2219,0.40065697,0.59934306,0,23,3) common (21-100)
2220,0.27653813,0.72346187,0,6,2) rare (6-20)
2221,0.65207034,0.34792966,0,14,2) rare (6-20)
2222,0.19587253,0.80412745,0,6,2) rare (6-20)
2223,0.070907325,0.92909265,1,1,1) very rare (1-5)
2224,0.21393467,0.78606534,0,4,1) very rare (1-5)
2225,0.439016,0.560984,0,2,1) very rare (1-5)
2226,0.5437805,0.4562195,1,268,4) very common (100+)
2227,0.43861398,0.561386,0,9,2) rare (6-20)
2228,0.8077821,0.19221789,1,0,1) very rare (1-5)
2229,0.5725414,0.42745858,1,700,4) very common (100+)
2230,0.9094578,0.0905422,0,421,4) very common (100+)
2231,0.25848597,0.741514,0,0,1) very rare (1-5)
2232,0.4520568,0.54794323,1,4,1) very rare (1-5)
2233,0.052254412,0.94774556,1,19,2) rare (6-20)
2234,0.24301594,0.75698406,1,159,4) very common (100+)
2235,0.12606947,0.8739305,1,0,1) very rare (1-5)
2236,0.26080987,0.7391901,1,13,2) rare (6-20)
2237,0.1923777,0.8076223,1,6,2) rare (6-20)
2238,0.9339327,0.06606728,0,421,4) very common (100+)
2239,0.15500014,0.84499985,0,8,2) rare (6-20)
2240,0.8441253,0.15587473,1,20,2) rare (6-20)
2241,0.5298754,0.4701246,0,121,4) very common (100+)
2242,0.36085522,0.6391448,1,1,1) very rare (1-5)
2243,0.24285845,0.75714153,1,2,1) very rare (1-5)
2244,0.9444293,0.05557072,0,24,3) common (21-100)
2245,0.32823452,0.67176545,1,44,3) common (21-100)
2246,0.18336329,0.8166367,1,0,1) very rare (1-5)
2247,0.7732197,0.2267803,1,421,4) very common (100+)
2248,0.44180554,0.55819446,0,1000,4) very common (100+)
2249,0.97435033,0.025649667,0,700,4) very common (100+)
2250,0.4086261,0.5913739,0,2,1) very rare (1-5)
2251,0.41382086,0.58617914,1,9,2) rare (6-20)
2252,0.48183304,0.51816696,0,94,3) common (21-100)
2253,0.7684806,0.2315194,0,145,4) very common (100+)
2254,0.57290274,0.42709726,1,1290,4) very common (100+)
2255,0.15705957,0.84294045,1,1,1) very rare (1-5)
2256,0.068988584,0.93101144,1,1,1) very rare (1-5)
2257,0.5925526,0.4074474,1,27,3) common (21-100)
2258,0.49051994,0.50948006,1,106,4) very common (100+)
2259,0.090605184,0.9093948,1,5,1) very rare (1-5)
2260,0.07072426,0.92927575,0,118,4) very common (100+)
2261,0.12499407,0.87500596,1,3,1) very rare (1-5)
2262,0.22219527,0.77780473,1,0,1) very rare (1-5)
2263,0.7998981,0.20010191,0,29,3) common (21-100)
2264,0.20053391,0.7994661,1,2,1) very rare (1-5)
2265,0.3509495,0.6490505,1,134,4) very common (100+)
2266,0.7246345,0.27536547,0,71,3) common (21-100)
2267,0.24541742,0.7545826,1,0,1) very rare (1-5)
2268,0.06502989,0.93497014,1,118,4) very common (100+)
2269,0.43265778,0.5673422,0,2,1) very rare (1-5)
2270,0.79072213,0.20927787,0,2,1) very rare (1-5)
2271,0.18799521,0.8120048,1,0,1) very rare (1-5)
2272,0.20016901,0.799831,1,100,3) common (21-100)
2273,0.9148373,0.0851627,0,19,2) rare (6-20)
2274,0.822258,0.177742,1,78,3) common (21-100)
2275,0.96781254,0.03218746,0,1000,4) very common (100+)
2276,0.30606174,0.69393826,0,343,4) very common (100+)
2277,0.7777269,0.22227311,1,51,3) common (21-100)
2278,0.58522904,0.41477096,0,1070,4) very common (100+)
2279,0.732422,0.267578,0,7,2) rare (6-20)
2280,0.30372638,0.6962736,0,2,1) very rare (1-5)
2281,0.34592032,0.6540797,0,1,1) very rare (1-5)
2282,0.41653377,0.58346623,1,65,3) common (21-100)
2283,0.401518,0.598482,1,0,1) very rare (1-5)
2284,0.7775169,0.2224831,0,33,3) common (21-100)
2285,0.4199993,0.5800007,0,1000,4) very common (100+)
2286,0.21654664,0.78345335,0,0,1) very rare (1-5)
2287,0.39513507,0.60486495,1,107,4) very common (100+)
2288,0.7158875,0.2841125,1,106,4) very common (100+)
2289,0.7970584,0.2029416,1,1070,4) very common (100+)
2290,0.4744449,0.52555513,1,0,1) very rare (1-5)
2291,0.39554277,0.60445726,0,237,4) very common (100+)
2292,0.6870065,0.31299353,0,40,3) common (21-100)
2293,0.089598306,0.9104017,1,0,1) very rare (1-5)
2294,0.16240458,0.8375954,1,0,1) very rare (1-5)
2295,0.8019683,0.19803172,1,6,2) rare (6-20)
2296,0.16009465,0.8399054,1,0,1) very rare (1-5)
2297,0.12736113,0.8726389,1,0,1) very rare (1-5)
2298,0.30884114,0.6911589,0,121,4) very common (100+)
2299,0.17079581,0.8292042,1,372,4) very common (100+)
2300,0.11986001,0.88014,1,7,2) rare (6-20)
2301,0.27184924,0.7281507,1,26,3) common (21-100)
2302,0.2183251,0.7816749,1,0,1) very rare (1-5)
2303,0.63501006,0.36498994,1,89,3) common (21-100)
2304,0.99501365,0.004986346,0,211,4) very common (100+)
2305,0.8595668,0.14043319,0,1000,4) very common (100+)
2306,0.34608364,0.65391636,0,100,3) common (21-100)
2307,0.07065881,0.9293412,1,0,1) very rare (1-5)
2308,0.57786804,0.42213196,1,0,1) very rare (1-5)
2309,0.37059695,0.62940305,1,105,4) very common (100+)
2310,0.5668814,0.43311858,0,1290,4) very common (100+)
2311,0.6841246,0.3158754,0,39,3) common (21-100)
2312,0.05032874,0.94967127,1,0,1) very rare (1-5)
2313,0.77795947,0.22204053,1,1070,4) very common (100+)
2314,0.23211728,0.7678827,1,1,1) very rare (1-5)
2315,0.23311159,0.7668884,1,0,1) very rare (1-5)
2316,0.8955245,0.1044755,1,70,3) common (21-100)
2317,0.64929867,0.35070133,0,268,4) very common (100+)
2318,0.91378385,0.08621615,0,261,4) very common (100+)
2319,0.43111062,0.5688894,0,62,3) common (21-100)
2320,0.4790025,0.5209975,1,1070,4) very common (100+)
2321,0.22708397,0.772916,1,2,1) very rare (1-5)
2322,0.4599705,0.5400295,0,7,2) rare (6-20)
2323,0.14718369,0.85281634,1,0,1) very rare (1-5)
2324,0.6689833,0.33101672,0,3,1) very rare (1-5)
2325,0.96393734,0.036062658,0,37,3) common (21-100)
2326,0.6467466,0.35325342,1,0,1) very rare (1-5)
2327,0.9424096,0.057590425,0,12,2) rare (6-20)
2328,0.1434445,0.8565555,1,1,1) very rare (1-5)
2329,0.23133019,0.76866984,1,58,3) common (21-100)
2330,0.53942394,0.46057606,0,89,3) common (21-100)
2331,0.76002014,0.23997986,1,275,4) very common (100+)
2332,0.5012651,0.4987349,1,14,2) rare (6-20)
2333,0.159229,0.840771,1,0,1) very rare (1-5)
2334,0.42525187,0.57474816,1,45,3) common (21-100)
2335,0.6728054,0.32719457,0,1290,4) very common (100+)
2336,0.9259357,0.074064314,0,13,2) rare (6-20)
2337,0.20658983,0.7934102,1,2,1) very rare (1-5)
2338,0.13254343,0.86745656,1,14,2) rare (6-20)
2339,0.5959045,0.40409547,1,1070,4) very common (100+)
2340,0.87623936,0.12376064,0,1000,4) very common (100+)
2341,0.029397368,0.97060263,1,16,2) rare (6-20)
2342,0.032471478,0.9675285,1,111,4) very common (100+)
2343,0.8379451,0.1620549,0,25,3) common (21-100)
2344,0.44443423,0.5555658,0,23,3) common (21-100)
2345,0.67574954,0.32425046,0,1070,4) very common (100+)
2346,0.058127027,0.94187295,1,1,1) very rare (1-5)
2347,0.34106663,0.6589334,1,19,2) rare (6-20)
2348,0.34305266,0.6569474,1,7,2) rare (6-20)
2349,0.78220356,0.21779644,0,159,4) very common (100+)
2350,0.30716044,0.69283956,1,0,1) very rare (1-5)
2351,0.28002957,0.71997046,1,69,3) common (21-100)
2352,0.2543049,0.7456951,0,43,3) common (21-100)
2353,0.80792934,0.19207066,1,146,4) very common (100+)
2354,0.21269988,0.7873001,1,4,1) very rare (1-5)
2355,0.68945307,0.31054693,1,0,1) very rare (1-5)
2356,0.44404557,0.55595446,0,9,2) rare (6-20)
2357,0.18721657,0.8127834,1,6,2) rare (6-20)
2358,0.10264862,0.8973514,1,2,1) very rare (1-5)
2359,0.20515943,0.7948406,0,92,3) common (21-100)
2360,0.9091633,0.090836704,0,274,4) very common (100+)
2361,0.5083411,0.49165893,0,9,2) rare (6-20)
2362,0.6314088,0.3685912,1,31,3) common (21-100)
2363,0.75401735,0.24598265,0,23,3) common (21-100)
2364,0.41181767,0.58818233,1,38,3) common (21-100)
2365,0.55995286,0.44004714,1,1070,4) very common (100+)
2366,0.54753387,0.45246613,1,0,1) very rare (1-5)
2367,0.97548217,0.024517834,0,99,3) common (21-100)
2368,0.23709701,0.762903,1,5,1) very rare (1-5)
2369,0.26320675,0.7367933,0,8,2) rare (6-20)
2370,0.6218562,0.3781438,1,0,1) very rare (1-5)
2371,0.2003726,0.7996274,1,2,1) very rare (1-5)
2372,0.2886145,0.7113855,1,5,1) very rare (1-5)
2373,0.65866643,0.34133357,1,268,4) very common (100+)
2374,0.18446963,0.81553036,1,0,1) very rare (1-5)
2375,0.045821466,0.9541785,1,1,1) very rare (1-5)
2376,0.081034265,0.91896576,0,3,1) very rare (1-5)
2377,0.56515276,0.43484724,1,3,1) very rare (1-5)
2378,0.9174262,0.08257377,1,2,1) very rare (1-5)
2379,0.0596936,0.9403064,1,14,2) rare (6-20)
2380,0.9680236,0.0319764,0,700,4) very common (100+)
2381,0.17878677,0.82121325,1,66,3) common (21-100)
2382,0.5944093,0.4055907,1,0,1) very rare (1-5)
2383,0.6448984,0.3551016,0,10,2) rare (6-20)
2384,0.75052565,0.24947435,0,39,3) common (21-100)
2385,0.3934601,0.6065399,0,71,3) common (21-100)
2386,0.544899,0.455101,1,4,1) very rare (1-5)
2387,0.19133168,0.8086683,1,79,3) common (21-100)
2388,0.68039715,0.31960285,1,0,1) very rare (1-5)
2389,0.9988393,0.0011606812,0,89,3) common (21-100)
2390,0.017765945,0.98223406,1,2,1) very rare (1-5)
2391,0.6121253,0.38787472,1,268,4) very common (100+)
2392,0.52491844,0.47508156,1,85,3) common (21-100)
2393,0.58712274,0.41287726,0,36,3) common (21-100)
2394,0.27461028,0.7253897,0,142,4) very common (100+)
2395,0.44375452,0.55624545,0,4,1) very rare (1-5)
2396,0.2190593,0.7809407,1,35,3) common (21-100)
2397,0.046903998,0.95309603,1,7,2) rare (6-20)
2398,0.8521386,0.14786142,0,223,4) very common (100+)
2399,0.7062376,0.2937624,0,12,2) rare (6-20)
2400,0.9571219,0.04287809,0,1290,4) very common (100+)
2401,0.9607942,0.03920579,0,21,3) common (21-100)
2402,0.4312956,0.56870437,0,159,4) very common (100+)
2403,0.8196154,0.18038458,0,15,2) rare (6-20)
2404,0.9833446,0.016655385,0,421,4) very common (100+)
2405,0.22493148,0.7750685,1,102,4) very common (100+)
2406,0.60548246,0.39451754,0,86,3) common (21-100)
2407,0.35282397,0.647176,1,1,1) very rare (1-5)
2408,0.5656392,0.4343608,1,19,2) rare (6-20)
2409,0.1347649,0.8652351,1,0,1) very rare (1-5)
2410,0.28540826,0.71459174,1,0,1) very rare (1-5)
2411,0.48068312,0.5193169,1,19,2) rare (6-20)
2412,0.55432874,0.44567126,0,14,2) rare (6-20)
2413,0.042761378,0.9572386,1,134,4) very common (100+)
2414,0.16753839,0.8324616,1,0,1) very rare (1-5)
2415,0.63404715,0.36595285,1,1290,4) very common (100+)
2416,0.80623776,0.19376224,1,160,4) very common (100+)
2417,0.026397849,0.9736022,1,0,1) very rare (1-5)
2418,0.7921876,0.20781243,0,1070,4) very common (100+)
2419,0.16172712,0.83827287,1,0,1) very rare (1-5)
2420,0.9565581,0.04344189,0,23,3) common (21-100)
2421,0.558005,0.44199502,0,4,1) very rare (1-5)
2422,0.1105908,0.8894092,1,30,3) common (21-100)
2423,0.335478,0.664522,0,4,1) very rare (1-5)
2424,0.66489595,0.33510405,1,0,1) very rare (1-5)
2425,0.4507297,0.5492703,1,1290,4) very common (100+)
2426,0.33026755,0.66973245,0,5,1) very rare (1-5)
2427,0.99492234,0.00507766,0,1000,4) very common (100+)
2428,0.45212457,0.5478754,1,142,4) very common (100+)
2429,0.8542589,0.1457411,0,12,2) rare (6-20)
2430,0.9904393,0.009560704,0,182,4) very common (100+)
2431,0.25598246,0.74401754,0,4,1) very rare (1-5)
2432,0.5828782,0.41712183,0,86,3) common (21-100)
2433,0.16370423,0.8362958,1,63,3) common (21-100)
2434,0.9606433,0.03935671,0,21,3) common (21-100)
2435,0.010567539,0.98943245,0,0,1) very rare (1-5)
2436,0.8578594,0.14214063,1,1290,4) very common (100+)
2437,0.7422756,0.2577244,1,0,1) very rare (1-5)
2438,0.15496413,0.84503585,1,0,1) very rare (1-5)
2439,0.50564736,0.49435264,1,118,4) very common (100+)
2440,0.33430055,0.6656995,1,86,3) common (21-100)
2441,0.93343514,0.06656486,0,421,4) very common (100+)
2442,0.21214664,0.78785336,0,1,1) very rare (1-5)
2443,0.6154041,0.38459587,0,700,4) very common (100+)
2444,0.37504107,0.62495893,0,2,1) very rare (1-5)
2445,0.9872339,0.012766123,0,1000,4) very common (100+)
2446,0.13318838,0.86681163,1,0,1) very rare (1-5)
2447,0.12802517,0.8719748,0,24,3) common (21-100)
2448,0.78596157,0.21403843,0,0,1) very rare (1-5)
2449,0.87626916,0.12373084,0,166,4) very common (100+)
2450,0.3150885,0.6849115,1,66,3) common (21-100)
2451,0.17084758,0.8291524,1,2,1) very rare (1-5)
2452,0.43349102,0.566509,0,2,1) very rare (1-5)
2453,0.41516438,0.58483565,0,2,1) very rare (1-5)
2454,0.6752359,0.32476407,0,31,3) common (21-100)
2455,0.30062768,0.6993723,1,2,1) very rare (1-5)
2456,0.11244772,0.88755226,1,1,1) very rare (1-5)
2457,0.31693548,0.6830645,1,41,3) common (21-100)
2458,0.09718736,0.90281266,1,3,1) very rare (1-5)
2459,0.055691805,0.9443082,1,4,1) very rare (1-5)
2460,0.026164321,0.9738357,1,0,1) very rare (1-5)
2461,0.6477708,0.35222918,1,142,4) very common (100+)
2462,0.22671059,0.77328944,0,39,3) common (21-100)
2463,0.09372399,0.906276,0,0,1) very rare (1-5)
2464,0.8439349,0.1560651,0,99,3) common (21-100)
2465,0.4562173,0.5437827,0,7,2) rare (6-20)
2466,0.035446703,0.9645533,0,0,1) very rare (1-5)
2467,0.22478811,0.7752119,1,0,1) very rare (1-5)
2468,0.81764734,0.18235266,0,23,3) common (21-100)
2469,0.64806885,0.35193115,1,166,4) very common (100+)
2470,0.97745824,0.022541761,0,1000,4) very common (100+)
2471,0.38640663,0.61359334,1,0,1) very rare (1-5)
2472,0.9478756,0.05212438,0,20,2) rare (6-20)
2473,0.73403883,0.26596117,1,11,2) rare (6-20)
2474,0.97398156,0.02601844,0,1000,4) very common (100+)
2475,0.7907496,0.20925039,1,14,2) rare (6-20)
2476,0.046095237,0.95390475,1,1,1) very rare (1-5)
2477,0.41464913,0.5853509,0,106,4) very common (100+)
2478,0.17620003,0.82379997,1,4,1) very rare (1-5)
2479,0.93981665,0.060183346,0,74,3) common (21-100)
2480,0.047230754,0.9527692,1,0,1) very rare (1-5)
2481,0.6730617,0.32693827,1,24,3) common (21-100)
2482,0.3142453,0.68575466,0,1290,4) very common (100+)
2483,0.761497,0.23850298,0,6,2) rare (6-20)
2484,0.44291493,0.55708504,0,2,1) very rare (1-5)
2485,0.97543675,0.024563253,0,1000,4) very common (100+)
2486,0.26268446,0.73731554,1,79,3) common (21-100)
2487,0.70422035,0.29577965,1,41,3) common (21-100)
2488,0.26443902,0.735561,0,1,1) very rare (1-5)
2489,0.11854285,0.88145715,0,0,1) very rare (1-5)
2490,0.6680945,0.33190548,0,55,3) common (21-100)
2491,0.55109656,0.44890344,1,85,3) common (21-100)
2492,0.84148514,0.15851486,0,211,4) very common (100+)
2493,0.24969971,0.7503003,1,70,3) common (21-100)
2494,0.15687183,0.8431282,1,0,1) very rare (1-5)
2495,0.9224535,0.07754648,0,1290,4) very common (100+)
2496,0.93310267,0.06689733,0,16,2) rare (6-20)
2497,0.49221936,0.5077807,0,13,2) rare (6-20)
2498,0.8783043,0.1216957,0,2,1) very rare (1-5)
2499,0.5712117,0.4287883,1,39,3) common (21-100)
2500,0.113291055,0.886709,1,0,1) very rare (1-5)
2501,0.42592767,0.57407236,0,108,4) very common (100+)
2502,0.52755874,0.47244126,1,275,4) very common (100+)
2503,0.35683578,0.6431642,1,3,1) very rare (1-5)
2504,0.8036374,0.19636261,0,5,1) very rare (1-5)
2505,0.48763895,0.51236105,0,15,2) rare (6-20)
2506,0.4853285,0.5146715,1,0,1) very rare (1-5)
2507,0.2502948,0.7497052,1,19,2) rare (6-20)
2508,0.9247976,0.075202405,0,7,2) rare (6-20)
2509,0.08508812,0.91491187,1,1,1) very rare (1-5)
2510,0.43121305,0.568787,1,108,4) very common (100+)
2511,0.4392281,0.56077194,0,107,4) very common (100+)
2512,0.8082573,0.19174272,0,178,4) very common (100+)
2513,0.14376505,0.85623497,1,14,2) rare (6-20)
2514,0.2902882,0.7097118,1,1,1) very rare (1-5)
2515,0.025520036,0.97448,1,47,3) common (21-100)
2516,0.93725884,0.06274116,0,142,4) very common (100+)
2517,0.9717401,0.028259873,0,261,4) very common (100+)
2518,0.98873645,0.011263549,0,11,2) rare (6-20)
2519,0.319919,0.680081,0,39,3) common (21-100)
2520,0.6563305,0.34366947,0,16,2) rare (6-20)
2521,0.7484609,0.2515391,0,62,3) common (21-100)
2522,0.072463274,0.9275367,1,2,1) very rare (1-5)
2523,0.90110797,0.09889203,0,21,3) common (21-100)
2524,0.44321293,0.5567871,0,4,1) very rare (1-5)
2525,0.06880411,0.9311959,1,3,1) very rare (1-5)
2526,0.9411012,0.058898807,0,268,4) very common (100+)
2527,0.32849345,0.6715065,0,700,4) very common (100+)
2528,0.3109491,0.6890509,0,343,4) very common (100+)
2529,0.8319669,0.16803312,0,50,3) common (21-100)
2530,0.6633784,0.33662158,0,15,2) rare (6-20)
2531,0.999635,0.00036501884,0,211,4) very common (100+)
2532,0.6770697,0.32293028,1,1070,4) very common (100+)
2533,0.70628095,0.29371905,1,92,3) common (21-100)
2534,0.80602443,0.19397557,0,69,3) common (21-100)
2535,0.43583125,0.56416875,1,372,4) very common (100+)
2536,0.621026,0.37897402,1,72,3) common (21-100)
2537,0.9018877,0.098112285,0,22,3) common (21-100)
2538,0.15432529,0.8456747,0,11,2) rare (6-20)
2539,0.64679676,0.35320324,1,14,2) rare (6-20)
2540,0.42184266,0.5781573,1,7,2) rare (6-20)
2541,0.7934009,0.20659912,0,274,4) very common (100+)
2542,0.047301244,0.95269877,1,0,1) very rare (1-5)
2543,0.7610095,0.23899049,1,0,1) very rare (1-5)
2544,0.73740846,0.26259154,0,89,3) common (21-100)
2545,0.59474885,0.40525115,1,1070,4) very common (100+)
2546,0.9255644,0.07443559,0,6,2) rare (6-20)
2547,0.33929443,0.66070557,0,23,3) common (21-100)
2548,0.9928678,0.0071321726,0,1000,4) very common (100+)
2549,0.7193487,0.28065127,1,22,3) common (21-100)
2550,0.43463746,0.5653626,1,84,3) common (21-100)
2551,0.6907696,0.3092304,1,0,1) very rare (1-5)
2552,0.520278,0.47972202,0,1,1) very rare (1-5)
2553,0.180132,0.81986797,1,21,3) common (21-100)
2554,0.5745782,0.42542177,0,343,4) very common (100+)
2555,0.39881516,0.60118484,1,102,4) very common (100+)
2556,0.24058798,0.75941205,1,14,2) rare (6-20)
2557,0.5139559,0.4860441,1,53,3) common (21-100)
2558,0.8386587,0.16134131,0,21,3) common (21-100)
2559,0.51054966,0.48945034,1,7,2) rare (6-20)
2560,0.39043388,0.6095661,1,1,1) very rare (1-5)
2561,0.46186742,0.53813255,1,2,1) very rare (1-5)
2562,0.56681436,0.43318564,1,22,3) common (21-100)
2563,0.29120955,0.7087904,1,2,1) very rare (1-5)
2564,0.7265511,0.27344888,0,33,3) common (21-100)
2565,0.25646505,0.7435349,1,0,1) very rare (1-5)
2566,0.21239603,0.787604,1,0,1) very rare (1-5)
2567,0.13819292,0.8618071,0,36,3) common (21-100)
2568,0.34882426,0.65117574,0,20,2) rare (6-20)
2569,0.5422636,0.45773637,1,1,1) very rare (1-5)
2570,0.20617154,0.7938285,1,0,1) very rare (1-5)
2571,0.18879259,0.8112074,1,1,1) very rare (1-5)
2572,0.9860968,0.013903201,0,24,3) common (21-100)
2573,0.6452096,0.3547904,1,100,3) common (21-100)
2574,0.5127134,0.48728663,1,18,2) rare (6-20)
2575,0.089588135,0.91041183,1,0,1) very rare (1-5)
2576,0.6438084,0.35619158,1,36,3) common (21-100)
2577,0.055120286,0.9448797,0,6,2) rare (6-20)
2578,0.7441314,0.2558686,1,4,1) very rare (1-5)
2579,0.1063636,0.8936364,1,88,3) common (21-100)
2580,0.9492448,0.050755203,0,261,4) very common (100+)
2581,0.1681805,0.83181953,1,3,1) very rare (1-5)
2582,0.8759633,0.12403673,0,27,3) common (21-100)
2583,0.095145285,0.9048547,1,0,1) very rare (1-5)
2584,0.2357846,0.7642154,1,0,1) very rare (1-5)
2585,0.98778254,0.012217462,0,182,4) very common (100+)
2586,0.30730155,0.6926985,1,123,4) very common (100+)
2587,0.7374863,0.2625137,0,11,2) rare (6-20)
2588,0.49265742,0.5073426,1,105,4) very common (100+)
2589,0.2322658,0.76773417,1,18,2) rare (6-20)
2590,0.05558253,0.9444175,1,0,1) very rare (1-5)
2591,0.01732387,0.98267615,1,0,1) very rare (1-5)
2592,0.061879218,0.9381208,1,3,1) very rare (1-5)
2593,0.36532396,0.63467604,0,3,1) very rare (1-5)
2594,0.15922938,0.8407706,1,2,1) very rare (1-5)
2595,0.70938087,0.29061913,0,421,4) very common (100+)
2596,0.98865473,0.011345267,0,700,4) very common (100+)
2597,0.8158489,0.18415111,0,2,1) very rare (1-5)
2598,0.28591716,0.71408284,0,0,1) very rare (1-5)
2599,0.11279735,0.8872026,1,2,1) very rare (1-5)
2600,0.71928954,0.28071046,0,21,3) common (21-100)
2601,0.4578904,0.5421096,1,0,1) very rare (1-5)
2602,0.28027558,0.7197244,1,11,2) rare (6-20)
2603,0.035888836,0.96411115,1,1,1) very rare (1-5)
2604,0.18407288,0.81592715,1,2,1) very rare (1-5)
2605,0.31330663,0.6866934,1,1070,4) very common (100+)
2606,0.05682857,0.94317144,0,0,1) very rare (1-5)
2607,0.5325528,0.46744722,0,261,4) very common (100+)
2608,0.37311396,0.626886,1,62,3) common (21-100)
2609,0.855045,0.14495498,0,14,2) rare (6-20)
2610,0.8671865,0.13281351,0,1,1) very rare (1-5)
2611,0.2131838,0.7868162,1,12,2) rare (6-20)
2612,0.8430151,0.15698493,0,75,3) common (21-100)
2613,0.43823552,0.5617645,0,14,2) rare (6-20)
2614,0.06299208,0.9370079,1,51,3) common (21-100)
2615,0.6189724,0.38102758,0,26,3) common (21-100)
2616,0.9593266,0.040673375,0,1000,4) very common (100+)
2617,0.4761926,0.5238074,0,1290,4) very common (100+)
2618,0.6152611,0.38473892,0,372,4) very common (100+)
2619,0.42117423,0.5788258,0,33,3) common (21-100)
2620,0.4162473,0.5837527,0,34,3) common (21-100)
2621,0.2561428,0.7438572,1,6,2) rare (6-20)
2622,0.4649883,0.5350117,0,27,3) common (21-100)
2623,0.058404535,0.94159544,1,1,1) very rare (1-5)
2624,0.7054685,0.29453152,0,700,4) very common (100+)
2625,0.943344,0.056656003,0,12,2) rare (6-20)
2626,0.98871744,0.011282563,0,1000,4) very common (100+)
2627,0.56409705,0.43590295,0,5,1) very rare (1-5)
2628,0.9625924,0.037407577,0,421,4) very common (100+)
2629,0.61305714,0.38694286,0,700,4) very common (100+)
2630,0.6546644,0.3453356,1,0,1) very rare (1-5)
2631,0.8990934,0.10090661,0,1290,4) very common (100+)
2632,0.14117236,0.85882765,1,1,1) very rare (1-5)
2633,0.63415694,0.36584306,1,12,2) rare (6-20)
2634,0.9935454,0.006454587,0,16,2) rare (6-20)
2635,0.11823084,0.8817692,1,0,1) very rare (1-5)
2636,0.9992729,0.00072711706,0,211,4) very common (100+)
2637,0.32615283,0.6738472,1,0,1) very rare (1-5)
2638,0.17902626,0.82097375,1,4,1) very rare (1-5)
2639,0.6357647,0.36423528,0,12,2) rare (6-20)
2640,0.8272551,0.17274493,0,10,2) rare (6-20)
2641,0.57280487,0.42719513,0,0,1) very rare (1-5)
2642,0.8982372,0.10176277,0,24,3) common (21-100)
2643,0.56946456,0.43053544,0,1,1) very rare (1-5)
2644,0.38018918,0.6198108,1,13,2) rare (6-20)
2645,0.088759385,0.91124064,0,1,1) very rare (1-5)
2646,0.9937028,0.006297171,0,89,3) common (21-100)
2647,0.22031729,0.7796827,1,0,1) very rare (1-5)
2648,0.82885766,0.17114234,0,3,1) very rare (1-5)
2649,0.933704,0.06629598,0,53,3) common (21-100)
2650,0.9420639,0.057936072,0,1290,4) very common (100+)
2651,0.9300741,0.069925904,1,8,2) rare (6-20)
2652,0.99550015,0.0044998527,0,211,4) very common (100+)
2653,0.6528385,0.34716147,1,146,4) very common (100+)
2654,0.25153407,0.7484659,1,421,4) very common (100+)
2655,0.06462594,0.9353741,1,14,2) rare (6-20)
2656,0.4376198,0.5623802,1,118,4) very common (100+)
2657,0.5864637,0.4135363,1,23,3) common (21-100)
2658,0.27273825,0.7272618,0,3,1) very rare (1-5)
2659,0.93257344,0.06742656,0,23,3) common (21-100)
2660,0.8351192,0.16488081,1,6,2) rare (6-20)
2661,0.17499052,0.82500947,0,5,1) very rare (1-5)
2662,0.94260216,0.057397842,1,0,1) very rare (1-5)
2663,0.25932196,0.7406781,1,134,4) very common (100+)
2664,0.7065308,0.2934692,0,26,3) common (21-100)
2665,0.9534088,0.046591222,1,6,2) rare (6-20)
2666,0.38530594,0.61469406,1,70,3) common (21-100)
2667,0.44104865,0.5589514,1,0,1) very rare (1-5)
2668,0.5265391,0.4734609,0,8,2) rare (6-20)
2669,0.87825435,0.121745646,0,1290,4) very common (100+)
2670,0.046454657,0.95354533,0,26,3) common (21-100)
2671,0.7313644,0.26863557,1,100,3) common (21-100)
2672,0.037811738,0.96218824,1,1,1) very rare (1-5)
2673,0.6588203,0.34117973,0,17,2) rare (6-20)
2674,0.80971533,0.19028467,0,32,3) common (21-100)
2675,0.14181836,0.85818166,0,33,3) common (21-100)
2676,0.43473512,0.5652649,1,30,3) common (21-100)
2677,0.15266874,0.8473313,1,0,1) very rare (1-5)
2678,0.40786347,0.5921365,0,1,1) very rare (1-5)
2679,0.11471269,0.8852873,1,0,1) very rare (1-5)
2680,0.07226996,0.92773,1,21,3) common (21-100)
2681,0.4961801,0.50381994,1,3,1) very rare (1-5)
2682,0.5775528,0.4224472,0,0,1) very rare (1-5)
2683,0.786199,0.21380103,0,7,2) rare (6-20)
2684,0.7617001,0.2382999,0,1070,4) very common (100+)
2685,0.8895311,0.110468924,0,3,1) very rare (1-5)
2686,0.9119199,0.08808011,0,39,3) common (21-100)
2687,0.36792818,0.63207185,0,6,2) rare (6-20)
2688,0.18545924,0.81454074,1,107,4) very common (100+)
2689,0.10429303,0.89570695,1,5,1) very rare (1-5)
2690,0.91276836,0.087231636,0,1290,4) very common (100+)
2691,0.37055913,0.6294409,1,78,3) common (21-100)
2692,0.8981052,0.101894796,1,1,1) very rare (1-5)
2693,0.33461174,0.6653882,1,274,4) very common (100+)
2694,0.9322504,0.06774962,1,3,1) very rare (1-5)
2695,0.3056111,0.69438887,0,7,2) rare (6-20)
2696,0.6399354,0.36006463,0,105,4) very common (100+)
2697,0.16521658,0.83478343,0,0,1) very rare (1-5)
2698,0.55582315,0.44417685,1,1,1) very rare (1-5)
2699,0.19735847,0.8026415,1,92,3) common (21-100)
2700,0.63801533,0.36198467,0,700,4) very common (100+)
2701,0.8505338,0.14946622,1,10,2) rare (6-20)
2702,0.1800592,0.8199408,1,0,1) very rare (1-5)
2703,0.6531407,0.34685928,1,124,4) very common (100+)
2704,0.98733133,0.012668669,0,700,4) very common (100+)
2705,0.33737904,0.66262096,0,69,3) common (21-100)
2706,0.078210555,0.92178947,1,9,2) rare (6-20)
2707,0.9604969,0.039503098,0,89,3) common (21-100)
2708,0.5052045,0.4947955,0,178,4) very common (100+)
2709,0.9284874,0.07151258,1,100,3) common (21-100)
2710,0.9017254,0.09827459,0,1290,4) very common (100+)
2711,0.990755,0.009244978,0,1000,4) very common (100+)
2712,0.9423745,0.057625473,0,19,2) rare (6-20)
2713,0.106450945,0.8935491,1,275,4) very common (100+)
2714,0.047843087,0.9521569,1,0,1) very rare (1-5)
2715,0.95803356,0.04196644,0,105,4) very common (100+)
2716,0.7812784,0.21872163,1,0,1) very rare (1-5)
2717,0.06250572,0.9374943,1,15,2) rare (6-20)
2718,0.8217103,0.17828971,0,85,3) common (21-100)
2719,0.78156227,0.21843773,0,111,4) very common (100+)
2720,0.33175617,0.6682438,1,107,4) very common (100+)
2721,0.6436907,0.3563093,1,0,1) very rare (1-5)
2722,0.9117434,0.0882566,0,99,3) common (21-100)
2723,0.7574555,0.24254447,1,0,1) very rare (1-5)
2724,0.6428518,0.35714817,0,1290,4) very common (100+)
2725,0.95979357,0.040206432,0,1000,4) very common (100+)
2726,0.9095494,0.090450585,0,700,4) very common (100+)
2727,0.18486147,0.8151385,1,0,1) very rare (1-5)
2728,0.8274626,0.17253739,0,7,2) rare (6-20)
2729,0.7314031,0.2685969,0,50,3) common (21-100)
2730,0.27339944,0.7266005,1,1,1) very rare (1-5)
2731,0.40539238,0.5946076,1,91,3) common (21-100)
2732,0.9907672,0.009232819,0,49,3) common (21-100)
2733,0.7823496,0.21765041,1,26,3) common (21-100)
2734,0.96023345,0.03976655,1,14,2) rare (6-20)
2735,0.35534176,0.6446582,0,1,1) very rare (1-5)
2736,0.08729485,0.9127052,0,0,1) very rare (1-5)
2737,0.7986414,0.20135862,0,20,2) rare (6-20)
2738,0.33234766,0.66765237,1,1,1) very rare (1-5)
2739,0.58762586,0.41237414,0,7,2) rare (6-20)
2740,0.021459071,0.97854096,1,13,2) rare (6-20)
2741,0.15574698,0.844253,0,4,1) very rare (1-5)
2742,0.78859746,0.21140254,1,107,4) very common (100+)
2743,0.55568063,0.44431937,1,14,2) rare (6-20)
2744,0.22735201,0.772648,1,4,1) very rare (1-5)
2745,0.89675915,0.10324085,1,15,2) rare (6-20)
2746,0.75672084,0.24327916,1,16,2) rare (6-20)
2747,0.94891703,0.05108297,0,11,2) rare (6-20)
2748,0.26888305,0.73111695,1,17,2) rare (6-20)
2749,0.9587236,0.041276395,1,0,1) very rare (1-5)
2750,0.9560621,0.04393792,0,421,4) very common (100+)
2751,0.035823055,0.96417695,0,1,1) very rare (1-5)
2752,0.9953288,0.004671216,0,1000,4) very common (100+)
2753,0.39767674,0.6023233,0,1070,4) very common (100+)
2754,0.9499762,0.050023794,1,1,1) very rare (1-5)
2755,0.25688443,0.74311554,1,3,1) very rare (1-5)
2756,0.060506348,0.93949366,1,35,3) common (21-100)
2757,0.9743931,0.02560687,0,90,3) common (21-100)
2758,0.958134,0.041866004,0,7,2) rare (6-20)
2759,0.59408957,0.40591043,1,0,1) very rare (1-5)
2760,0.28256187,0.7174381,0,106,4) very common (100+)
2761,0.053428452,0.9465715,1,0,1) very rare (1-5)
2762,0.31216526,0.68783474,1,8,2) rare (6-20)
2763,0.162139,0.837861,1,1070,4) very common (100+)
2764,0.3366479,0.66335213,1,28,3) common (21-100)
2765,0.048475765,0.95152426,1,3,1) very rare (1-5)
2766,0.8264687,0.1735313,0,134,4) very common (100+)
2767,0.25840113,0.74159884,0,275,4) very common (100+)
2768,0.4866383,0.5133617,1,72,3) common (21-100)
2769,0.15764181,0.8423582,1,343,4) very common (100+)
2770,0.039104015,0.960896,1,0,1) very rare (1-5)
2771,0.9112775,0.08872253,1,1,1) very rare (1-5)
2772,0.7650461,0.23495388,1,15,2) rare (6-20)
2773,0.090477474,0.90952253,1,56,3) common (21-100)
2774,0.15149085,0.84850913,1,0,1) very rare (1-5)
2775,0.25132638,0.7486736,0,32,3) common (21-100)
2776,0.5345319,0.4654681,0,0,1) very rare (1-5)
2777,0.09129096,0.90870905,0,12,2) rare (6-20)
2778,0.8103939,0.18960607,0,118,4) very common (100+)
2779,0.48342916,0.5165708,0,47,3) common (21-100)
2780,0.8304848,0.16951519,0,35,3) common (21-100)
2781,0.10584791,0.8941521,1,58,3) common (21-100)
2782,0.10155136,0.89844865,0,28,3) common (21-100)
2783,0.119217195,0.8807828,0,1,1) very rare (1-5)
2784,0.7475238,0.25247622,0,372,4) very common (100+)
2785,0.51045084,0.48954916,1,1,1) very rare (1-5)
2786,0.19791543,0.80208457,1,79,3) common (21-100)
2787,0.5802482,0.41975182,0,223,4) very common (100+)
2788,0.23737818,0.7626218,0,0,1) very rare (1-5)
2789,0.70080066,0.29919934,0,43,3) common (21-100)
2790,0.17255647,0.82744354,1,4,1) very rare (1-5)
2791,0.09882724,0.90117276,1,0,1) very rare (1-5)
2792,0.58385193,0.41614807,1,1000,4) very common (100+)
2793,0.31833997,0.68166006,1,0,1) very rare (1-5)
2794,0.8546404,0.14535958,0,372,4) very common (100+)
2795,0.34796998,0.65203,0,1,1) very rare (1-5)
2796,0.10635216,0.89364785,1,4,1) very rare (1-5)
2797,0.17926607,0.8207339,1,108,4) very common (100+)
2798,0.6255569,0.3744431,1,2,1) very rare (1-5)
2799,0.9977824,0.0022175908,1,66,3) common (21-100)
2800,0.1583616,0.8416384,1,14,2) rare (6-20)
2801,0.28857657,0.7114234,0,42,3) common (21-100)
2802,0.6785052,0.32149482,0,4,1) very rare (1-5)
2803,0.4581176,0.5418824,1,1070,4) very common (100+)
2804,0.17187372,0.8281263,1,79,3) common (21-100)
2805,0.2278021,0.7721979,1,0,1) very rare (1-5)
2806,0.77840513,0.22159487,1,1070,4) very common (100+)
2807,0.0221091,0.9778909,1,36,3) common (21-100)
2808,0.53274924,0.46725076,0,178,4) very common (100+)
2809,0.25867966,0.7413204,1,1,1) very rare (1-5)
2810,0.6444188,0.35558122,1,52,3) common (21-100)
2811,0.14705485,0.85294515,1,2,1) very rare (1-5)
2812,0.50783855,0.49216145,0,274,4) very common (100+)
2813,0.88090825,0.11909175,0,1070,4) very common (100+)
2814,0.17615569,0.8238443,1,3,1) very rare (1-5)
2815,0.19087087,0.8091291,1,0,1) very rare (1-5)
2816,0.98597544,0.014024556,0,182,4) very common (100+)
2817,0.8708945,0.12910551,0,223,4) very common (100+)
2818,0.057190012,0.94281,0,0,1) very rare (1-5)
2819,0.2765421,0.72345793,1,6,2) rare (6-20)
2820,0.76637006,0.23362994,0,134,4) very common (100+)
2821,0.41414648,0.5858535,0,5,1) very rare (1-5)
2822,0.290125,0.709875,1,0,1) very rare (1-5)
2823,0.5842512,0.41574878,1,11,2) rare (6-20)
2824,0.12045127,0.8795487,1,21,3) common (21-100)
2825,0.07994892,0.9200511,1,23,3) common (21-100)
2826,0.44255978,0.5574402,0,4,1) very rare (1-5)
2827,0.083275795,0.9167242,1,1,1) very rare (1-5)
2828,0.099139795,0.9008602,0,0,1) very rare (1-5)
2829,0.5315178,0.4684822,1,86,3) common (21-100)
2830,0.6564578,0.34354222,0,223,4) very common (100+)
2831,0.2181568,0.7818432,0,7,2) rare (6-20)
2832,0.9407203,0.05927968,0,1000,4) very common (100+)
2833,0.12906986,0.87093014,0,68,3) common (21-100)
2834,0.25345802,0.746542,0,1,1) very rare (1-5)
2835,0.91538274,0.08461726,0,10,2) rare (6-20)
2836,0.78946275,0.21053725,0,343,4) very common (100+)
2837,0.105019696,0.8949803,0,0,1) very rare (1-5)
2838,0.10041266,0.89958733,1,3,1) very rare (1-5)
2839,0.8052667,0.19473332,0,700,4) very common (100+)
2840,0.8315499,0.16845012,0,1070,4) very common (100+)
2841,0.367437,0.632563,0,111,4) very common (100+)
2842,0.8897678,0.110232174,1,178,4) very common (100+)
2843,0.7480151,0.2519849,0,49,3) common (21-100)
2844,0.90125823,0.09874177,1,21,3) common (21-100)
2845,0.9850433,0.014956713,0,16,2) rare (6-20)
2846,0.13863409,0.8613659,1,7,2) rare (6-20)
2847,0.16809438,0.8319056,1,19,2) rare (6-20)
2848,0.8908561,0.10914391,0,274,4) very common (100+)
2849,0.7428986,0.25710142,0,99,3) common (21-100)
2850,0.7635915,0.23640847,1,1070,4) very common (100+)
2851,0.14890073,0.85109925,1,1,1) very rare (1-5)
2852,0.75155336,0.24844664,0,1,1) very rare (1-5)
2853,0.8375305,0.1624695,0,36,3) common (21-100)
2854,0.9475418,0.052458227,1,32,3) common (21-100)
2855,0.46539572,0.5346043,1,6,2) rare (6-20)
2856,0.9263548,0.073645175,1,47,3) common (21-100)
2857,0.77053535,0.22946465,0,3,1) very rare (1-5)
2858,0.9730559,0.0269441,0,78,3) common (21-100)
2859,0.13059695,0.86940306,0,3,1) very rare (1-5)
2860,0.80805016,0.19194984,0,24,3) common (21-100)
2861,0.1359118,0.8640882,1,4,1) very rare (1-5)
2862,0.6752451,0.3247549,0,99,3) common (21-100)
2863,0.8066378,0.19336218,0,1070,4) very common (100+)
2864,0.98357695,0.016423047,0,39,3) common (21-100)
2865,0.64233553,0.35766447,0,9,2) rare (6-20)
2866,0.4933416,0.50665843,1,38,3) common (21-100)
2867,0.7710594,0.2289406,0,3,1) very rare (1-5)
2868,0.5599954,0.4400046,0,3,1) very rare (1-5)
2869,0.0906333,0.9093667,1,700,4) very common (100+)
2870,0.51579696,0.48420304,0,178,4) very common (100+)
2871,0.84526145,0.15473855,0,343,4) very common (100+)
2872,0.49094683,0.5090532,0,1000,4) very common (100+)
2873,0.70911974,0.29088026,0,159,4) very common (100+)
2874,0.43375397,0.56624603,0,5,1) very rare (1-5)
2875,0.8867169,0.1132831,0,23,3) common (21-100)
2876,0.3769505,0.6230495,0,18,2) rare (6-20)
2877,0.32877088,0.6712291,1,6,2) rare (6-20)
2878,0.7778448,0.22215521,0,69,3) common (21-100)
2879,0.7316964,0.26830357,0,60,3) common (21-100)
2880,0.031478416,0.9685216,1,1,1) very rare (1-5)
2881,0.8774008,0.122599185,1,0,1) very rare (1-5)
2882,0.45103773,0.54896224,1,69,3) common (21-100)
2883,0.14596903,0.85403097,1,38,3) common (21-100)
2884,0.3195285,0.68047154,1,2,1) very rare (1-5)
2885,0.05327466,0.94672537,1,0,1) very rare (1-5)
2886,0.31716436,0.68283564,0,1,1) very rare (1-5)
2887,0.55024374,0.44975626,1,66,3) common (21-100)
2888,0.7971442,0.20285583,0,1,1) very rare (1-5)
2889,0.7338093,0.2661907,1,7,2) rare (6-20)
2890,0.08756971,0.9124303,0,6,2) rare (6-20)
2891,0.8878639,0.112136126,0,23,3) common (21-100)
2892,0.8585724,0.14142758,0,421,4) very common (100+)
2893,0.97549474,0.024505258,0,1000,4) very common (100+)
2894,0.5585562,0.4414438,0,4,1) very rare (1-5)
2895,0.44723257,0.5527674,1,0,1) very rare (1-5)
2896,0.9334322,0.06656778,1,1,1) very rare (1-5)
2897,0.12419338,0.8758066,1,0,1) very rare (1-5)
2898,0.990352,0.009648025,0,142,4) very common (100+)
2899,0.81883913,0.18116087,0,1290,4) very common (100+)
2900,0.23232554,0.76767445,1,28,3) common (21-100)
2901,0.97458375,0.025416255,0,1000,4) very common (100+)
2902,0.0761486,0.9238514,1,8,2) rare (6-20)
2903,0.10623226,0.8937677,1,58,3) common (21-100)
2904,0.6393469,0.3606531,1,1,1) very rare (1-5)
2905,0.8965769,0.10342312,0,121,4) very common (100+)
2906,0.053265423,0.94673455,0,63,3) common (21-100)
2907,0.94680107,0.053198934,0,4,1) very rare (1-5)
2908,0.7235381,0.2764619,1,1070,4) very common (100+)
2909,0.48895746,0.51104254,0,14,2) rare (6-20)
2910,0.46418723,0.53581274,1,1,1) very rare (1-5)
2911,0.5202994,0.47970062,0,3,1) very rare (1-5)
2912,0.9528493,0.04715067,1,28,3) common (21-100)
2913,0.60549283,0.39450717,0,7,2) rare (6-20)
2914,0.30460152,0.69539845,1,0,1) very rare (1-5)
2915,0.8653157,0.13468432,0,6,2) rare (6-20)
2916,0.28917342,0.7108266,1,3,1) very rare (1-5)
2917,0.55681646,0.44318354,0,700,4) very common (100+)
2918,0.35847178,0.64152825,0,0,1) very rare (1-5)
2919,0.87184244,0.12815756,0,55,3) common (21-100)
2920,0.47112846,0.52887154,0,3,1) very rare (1-5)
2921,0.11862,0.88138,0,2,1) very rare (1-5)
2922,0.22371641,0.7762836,1,2,1) very rare (1-5)
2923,0.5149919,0.48500812,0,79,3) common (21-100)
2924,0.9936016,0.00639838,0,1000,4) very common (100+)
2925,0.7559341,0.24406588,1,268,4) very common (100+)
2926,0.99538535,0.004614651,0,123,4) very common (100+)
2927,0.011885603,0.9881144,1,0,1) very rare (1-5)
2928,0.31309584,0.6869042,1,14,2) rare (6-20)
2929,0.19207034,0.80792964,0,23,3) common (21-100)
2930,0.81023407,0.18976593,0,1290,4) very common (100+)
2931,0.83827484,0.16172516,1,7,2) rare (6-20)
2932,0.35299766,0.64700234,1,1,1) very rare (1-5)
2933,0.25607213,0.74392784,1,6,2) rare (6-20)
2934,0.8705356,0.12946439,1,1070,4) very common (100+)
2935,0.30991748,0.69008255,1,2,1) very rare (1-5)
2936,0.9724382,0.027561784,1,3,1) very rare (1-5)
2937,0.324003,0.675997,1,1,1) very rare (1-5)
2938,0.113899596,0.8861004,1,66,3) common (21-100)
2939,0.15935268,0.84064734,1,0,1) very rare (1-5)
2940,0.247817,0.752183,0,3,1) very rare (1-5)
2941,0.50420475,0.49579525,1,1070,4) very common (100+)
2942,0.7091557,0.29084432,1,3,1) very rare (1-5)
2943,0.058911774,0.9410882,0,0,1) very rare (1-5)
2944,0.41137892,0.5886211,0,1,1) very rare (1-5)
2945,0.13231564,0.86768436,1,34,3) common (21-100)
2946,0.48755404,0.5124459,1,6,2) rare (6-20)
2947,0.52005935,0.47994065,0,123,4) very common (100+)
2948,0.8994636,0.100536406,0,118,4) very common (100+)
2949,0.21234126,0.78765875,1,47,3) common (21-100)
2950,0.95151603,0.048483968,0,23,3) common (21-100)
2951,0.17222854,0.8277714,1,5,1) very rare (1-5)
2952,0.42795524,0.57204473,1,0,1) very rare (1-5)
2953,0.0563675,0.9436325,1,1,1) very rare (1-5)
2954,0.06541137,0.9345886,1,0,1) very rare (1-5)
2955,0.74869895,0.25130105,1,96,3) common (21-100)
2956,0.3628673,0.6371327,1,0,1) very rare (1-5)
2957,0.60236484,0.39763516,0,421,4) very common (100+)
2958,0.85873693,0.14126307,0,178,4) very common (100+)
2959,0.10457728,0.8954227,1,4,1) very rare (1-5)
2960,0.8571767,0.14282328,0,1000,4) very common (100+)
2961,0.50369024,0.49630976,0,41,3) common (21-100)
2962,0.17903328,0.8209667,1,0,1) very rare (1-5)
2963,0.7104199,0.2895801,0,63,3) common (21-100)
2964,0.1483846,0.8516154,0,33,3) common (21-100)
2965,0.9927164,0.007283628,0,1000,4) very common (100+)
2966,0.40308452,0.5969155,1,8,2) rare (6-20)
2967,0.5256086,0.4743914,0,1290,4) very common (100+)
2968,0.49049252,0.5095075,1,7,2) rare (6-20)
2969,0.65397316,0.34602684,0,42,3) common (21-100)
2970,0.34466964,0.65533036,0,91,3) common (21-100)
2971,0.95473313,0.045266867,0,96,3) common (21-100)
2972,0.7548861,0.24511391,1,66,3) common (21-100)
2973,0.17053878,0.8294612,0,3,1) very rare (1-5)
2974,0.1618172,0.8381828,0,17,2) rare (6-20)
2975,0.56115645,0.43884355,0,0,1) very rare (1-5)
2976,0.06451171,0.9354883,0,0,1) very rare (1-5)
2977,0.130751,0.869249,0,0,1) very rare (1-5)
2978,0.9664792,0.033520818,0,700,4) very common (100+)
2979,0.827192,0.17280799,0,79,3) common (21-100)
2980,0.11079538,0.8892046,0,5,1) very rare (1-5)
2981,0.6679767,0.33202332,1,118,4) very common (100+)
2982,0.88639253,0.113607466,0,11,2) rare (6-20)
2983,0.37999186,0.6200081,1,2,1) very rare (1-5)
2984,0.86659175,0.13340825,0,6,2) rare (6-20)
2985,0.13524963,0.8647504,0,7,2) rare (6-20)
2986,0.4907906,0.5092094,1,16,2) rare (6-20)
2987,0.7670406,0.23295939,0,134,4) very common (100+)
2988,0.92344695,0.07655305,0,159,4) very common (100+)
2989,0.6266793,0.3733207,1,19,2) rare (6-20)
2990,0.8649408,0.13505918,0,89,3) common (21-100)
2991,0.998355,0.0016450286,0,211,4) very common (100+)
2992,0.21521537,0.7847846,1,0,1) very rare (1-5)
2993,0.36018294,0.63981706,0,1070,4) very common (100+)
2994,0.7104407,0.2895593,1,0,1) very rare (1-5)
2995,0.45900318,0.5409968,1,63,3) common (21-100)
2996,0.09058374,0.90941626,0,53,3) common (21-100)
2997,0.5392715,0.46072853,0,21,3) common (21-100)
2998,0.20775938,0.7922406,1,38,3) common (21-100)
2999,0.76699555,0.23300445,0,223,4) very common (100+)
3000,0.40676814,0.59323186,0,1070,4) very common (100+)
3001,0.68771386,0.31228614,1,4,1) very rare (1-5)
3002,0.5101273,0.4898727,0,23,3) common (21-100)
3003,0.8746941,0.12530589,0,1070,4) very common (100+)
3004,0.48364857,0.51635146,1,1070,4) very common (100+)
3005,0.4768026,0.5231974,1,261,4) very common (100+)
3006,0.054996237,0.94500375,1,0,1) very rare (1-5)
3007,0.13685082,0.86314917,1,1,1) very rare (1-5)
3008,0.2514429,0.7485571,1,0,1) very rare (1-5)
3009,0.24606621,0.7539338,0,0,1) very rare (1-5)
3010,0.5226821,0.47731793,1,124,4) very common (100+)
3011,0.051368438,0.9486316,0,11,2) rare (6-20)
3012,0.18619506,0.8138049,0,0,1) very rare (1-5)
3013,0.3588821,0.64111793,1,21,3) common (21-100)
3014,0.11338583,0.8866142,1,0,1) very rare (1-5)
3015,0.041763525,0.95823646,0,0,1) very rare (1-5)
3016,0.9769174,0.023082614,0,142,4) very common (100+)
3017,0.32615545,0.6738446,0,261,4) very common (100+)
3018,0.35157016,0.6484299,1,3,1) very rare (1-5)
3019,0.04324864,0.95675135,1,0,1) very rare (1-5)
3020,0.11842749,0.8815725,0,88,3) common (21-100)
3021,0.109100506,0.8908995,0,3,1) very rare (1-5)
3022,0.9340292,0.06597078,0,421,4) very common (100+)
3023,0.084042914,0.9159571,0,17,2) rare (6-20)
3024,0.79826033,0.20173967,1,19,2) rare (6-20)
3025,0.62667984,0.37332016,1,0,1) very rare (1-5)
3026,0.114440456,0.88555956,1,39,3) common (21-100)
3027,0.84623575,0.15376425,0,700,4) very common (100+)
3028,0.9499118,0.050088227,0,421,4) very common (100+)
3029,0.59869504,0.40130496,1,5,1) very rare (1-5)
3030,0.36524916,0.63475084,0,3,1) very rare (1-5)
3031,0.05984609,0.9401539,0,1,1) very rare (1-5)
3032,0.3282709,0.6717291,0,8,2) rare (6-20)
3033,0.41901138,0.58098865,1,9,2) rare (6-20)
3034,0.25725275,0.74274725,1,268,4) very common (100+)
3035,0.0787942,0.9212058,0,6,2) rare (6-20)
3036,0.5903834,0.4096166,0,3,1) very rare (1-5)
3037,0.024559734,0.97544026,1,1,1) very rare (1-5)
3038,0.6617082,0.33829182,1,343,4) very common (100+)
3039,0.9980653,0.0019347072,0,211,4) very common (100+)
3040,0.13097791,0.8690221,1,5,1) very rare (1-5)
3041,0.9571819,0.04281813,0,700,4) very common (100+)
3042,0.39651746,0.60348254,1,66,3) common (21-100)
3043,0.24484193,0.75515807,0,5,1) very rare (1-5)
3044,0.5745926,0.4254074,0,145,4) very common (100+)
3045,0.74492085,0.25507915,0,1000,4) very common (100+)
3046,0.7345171,0.2654829,1,0,1) very rare (1-5)
3047,0.5695122,0.4304878,0,3,1) very rare (1-5)
3048,0.73330534,0.26669466,0,9,2) rare (6-20)
3049,0.50237495,0.49762505,0,2,1) very rare (1-5)
3050,0.16118002,0.83882,1,0,1) very rare (1-5)
3051,0.9699883,0.030011714,0,1290,4) very common (100+)
3052,0.011633235,0.9883668,1,62,3) common (21-100)
3053,0.47166827,0.52833176,0,14,2) rare (6-20)
3054,0.58472294,0.41527706,1,11,2) rare (6-20)
3055,0.22708397,0.772916,0,2,1) very rare (1-5)
3056,0.39004645,0.6099535,1,89,3) common (21-100)
3057,0.53418106,0.46581894,1,1,1) very rare (1-5)
3058,0.5626611,0.4373389,1,31,3) common (21-100)
3059,0.64804524,0.35195476,0,27,3) common (21-100)
3060,0.32382998,0.67617,1,10,2) rare (6-20)
3061,0.41042987,0.58957016,1,24,3) common (21-100)
3062,0.5061176,0.49388242,1,10,2) rare (6-20)
3063,0.69077027,0.30922973,1,274,4) very common (100+)
3064,0.85485107,0.14514893,0,15,2) rare (6-20)
3065,0.22599536,0.77400464,0,1,1) very rare (1-5)
3066,0.04951156,0.95048845,1,4,1) very rare (1-5)
3067,0.6082314,0.39176857,0,3,1) very rare (1-5)
3068,0.08445849,0.9155415,1,1,1) very rare (1-5)
3069,0.9232697,0.07673031,0,700,4) very common (100+)
3070,0.4976275,0.5023725,1,1290,4) very common (100+)
3071,0.03824377,0.9617562,1,1290,4) very common (100+)
3072,0.118947856,0.88105214,1,0,1) very rare (1-5)
3073,0.377522,0.622478,1,107,4) very common (100+)
3074,0.031064298,0.9689357,1,1,1) very rare (1-5)
3075,0.20925325,0.79074675,1,160,4) very common (100+)
3076,0.7885959,0.21140409,0,2,1) very rare (1-5)
3077,0.96596354,0.034036458,1,3,1) very rare (1-5)
3078,0.117699355,0.8823006,1,36,3) common (21-100)
3079,0.4585393,0.5414607,1,0,1) very rare (1-5)
3080,0.91769636,0.08230364,0,1000,4) very common (100+)
3081,0.36691573,0.6330843,0,20,2) rare (6-20)
3082,0.067976445,0.9320235,1,0,1) very rare (1-5)
3083,0.5617491,0.4382509,0,1,1) very rare (1-5)
3084,0.98496014,0.015039861,0,1000,4) very common (100+)
3085,0.43411076,0.56588924,1,3,1) very rare (1-5)
3086,0.4948354,0.5051646,0,28,3) common (21-100)
3087,0.19813831,0.8018617,1,261,4) very common (100+)
3088,0.9206306,0.079369426,0,1,1) very rare (1-5)
3089,0.631527,0.368473,1,60,3) common (21-100)
3090,0.98936915,0.010630846,0,372,4) very common (100+)
3091,0.08068311,0.9193169,1,66,3) common (21-100)
3092,0.69678533,0.30321467,1,107,4) very common (100+)
3093,0.6028539,0.3971461,0,1290,4) very common (100+)
3094,0.59404373,0.40595627,1,32,3) common (21-100)
3095,0.687699,0.31230098,0,10,2) rare (6-20)
3096,0.85576516,0.14423484,0,1000,4) very common (100+)
3097,0.23920831,0.76079166,1,102,4) very common (100+)
3098,0.4399886,0.5600114,0,14,2) rare (6-20)
3099,0.083903596,0.9160964,1,0,1) very rare (1-5)
3100,0.4726194,0.5273806,1,58,3) common (21-100)
3101,0.36884016,0.63115984,0,2,1) very rare (1-5)
3102,0.56093687,0.43906313,0,3,1) very rare (1-5)
3103,0.13120377,0.8687962,1,71,3) common (21-100)
3104,0.9229444,0.07705557,1,102,4) very common (100+)
3105,0.19377325,0.80622673,1,1,1) very rare (1-5)
3106,0.64136076,0.35863924,1,7,2) rare (6-20)
3107,0.38125527,0.61874473,0,15,2) rare (6-20)
3108,0.2513742,0.74862576,1,118,4) very common (100+)
3109,0.27203277,0.72796726,1,0,1) very rare (1-5)
3110,0.14729698,0.85270303,1,118,4) very common (100+)
3111,0.48598745,0.5140126,1,1070,4) very common (100+)
3112,0.7115445,0.2884555,0,223,4) very common (100+)
3113,0.47369662,0.5263034,1,372,4) very common (100+)
3114,0.058438037,0.94156194,1,3,1) very rare (1-5)
3115,0.8574486,0.14255142,0,63,3) common (21-100)
3116,0.5992439,0.40075612,1,15,2) rare (6-20)
3117,0.6840911,0.3159089,1,4,1) very rare (1-5)
3118,0.5828025,0.41719753,0,0,1) very rare (1-5)
3119,0.4333761,0.5666239,1,20,2) rare (6-20)
3120,0.7866255,0.2133745,1,18,2) rare (6-20)
3121,0.3621288,0.6378712,1,8,2) rare (6-20)
3122,0.27523813,0.72476184,1,8,2) rare (6-20)
3123,0.34571472,0.6542853,1,70,3) common (21-100)
3124,0.3817395,0.6182605,1,21,3) common (21-100)
3125,0.29829597,0.701704,0,4,1) very rare (1-5)
3126,0.30117637,0.69882363,1,6,2) rare (6-20)
3127,0.9928214,0.0071786046,0,274,4) very common (100+)
3128,0.29237399,0.707626,1,0,1) very rare (1-5)
3129,0.4009161,0.5990839,1,5,1) very rare (1-5)
3130,0.07619929,0.9238007,1,0,1) very rare (1-5)
3131,0.41882935,0.5811707,1,3,1) very rare (1-5)
3132,0.38406864,0.6159314,0,24,3) common (21-100)
3133,0.019589936,0.98041004,1,1,1) very rare (1-5)
3134,0.359321,0.640679,1,0,1) very rare (1-5)
3135,0.31586123,0.6841388,1,1000,4) very common (100+)
3136,0.033142142,0.96685785,1,0,1) very rare (1-5)
3137,0.9863194,0.013680577,0,1000,4) very common (100+)
3138,0.5726701,0.4273299,0,3,1) very rare (1-5)
3139,0.3462487,0.6537513,1,223,4) very common (100+)
3140,0.041623976,0.95837605,1,0,1) very rare (1-5)
3141,0.1549707,0.8450293,1,0,1) very rare (1-5)
3142,0.5801273,0.4198727,0,12,2) rare (6-20)
3143,0.88598317,0.11401683,0,1000,4) very common (100+)
3144,0.20440102,0.795599,0,14,2) rare (6-20)
3145,0.026420921,0.97357905,1,3,1) very rare (1-5)
3146,0.9782202,0.021779776,0,89,3) common (21-100)
3147,0.65109944,0.34890056,0,47,3) common (21-100)
3148,0.7820982,0.21790183,1,2,1) very rare (1-5)
3149,0.801625,0.19837499,0,1000,4) very common (100+)
3150,0.69020414,0.30979586,0,14,2) rare (6-20)
3151,0.37285474,0.6271453,0,102,4) very common (100+)
3152,0.37414542,0.6258546,1,0,1) very rare (1-5)
3153,0.13315204,0.866848,1,0,1) very rare (1-5)
3154,0.91756094,0.082439065,0,700,4) very common (100+)
3155,0.54940003,0.45059997,0,89,3) common (21-100)
3156,0.11507782,0.88492215,1,1,1) very rare (1-5)
3157,0.44047734,0.5595226,0,1070,4) very common (100+)
3158,0.1832666,0.8167334,1,14,2) rare (6-20)
3159,0.15479267,0.84520733,1,76,3) common (21-100)
3160,0.75696385,0.24303615,0,1,1) very rare (1-5)
3161,0.1506402,0.8493598,1,0,1) very rare (1-5)
3162,0.94532907,0.05467093,0,99,3) common (21-100)
3163,0.23734364,0.76265633,1,7,2) rare (6-20)
3164,0.0361008,0.9638992,1,1,1) very rare (1-5)
3165,0.791169,0.20883101,1,3,1) very rare (1-5)
3166,0.026709165,0.97329086,1,1,1) very rare (1-5)
3167,0.306469,0.69353104,1,3,1) very rare (1-5)
3168,0.9789296,0.02107042,0,1000,4) very common (100+)
3169,0.41648638,0.5835136,0,41,3) common (21-100)
3170,0.31134066,0.6886593,1,20,2) rare (6-20)
3171,0.4473225,0.5526775,0,31,3) common (21-100)
3172,0.033521928,0.96647805,1,0,1) very rare (1-5)
3173,0.36503634,0.63496363,1,23,3) common (21-100)
3174,0.83027476,0.16972524,0,1000,4) very common (100+)
3175,0.36479315,0.6352068,1,0,1) very rare (1-5)
3176,0.8871569,0.112843096,0,27,3) common (21-100)
3177,0.97868353,0.021316469,0,91,3) common (21-100)
3178,0.07400952,0.92599046,1,58,3) common (21-100)
3179,0.20292158,0.79707843,1,33,3) common (21-100)
3180,0.22297783,0.7770222,0,102,4) very common (100+)
3181,0.2509183,0.74908173,0,36,3) common (21-100)
3182,0.95347685,0.046523154,0,39,3) common (21-100)
3183,0.8413963,0.15860373,0,2,1) very rare (1-5)
3184,0.6744278,0.3255722,1,76,3) common (21-100)
3185,0.1335617,0.86643827,1,0,1) very rare (1-5)
3186,0.25469458,0.7453054,1,7,2) rare (6-20)
3187,0.28417605,0.71582395,1,0,1) very rare (1-5)
3188,0.030830532,0.9691695,1,2,1) very rare (1-5)
3189,0.245288,0.754712,1,14,2) rare (6-20)
3190,0.69800556,0.30199444,0,71,3) common (21-100)
3191,0.54651093,0.45348907,0,372,4) very common (100+)
3192,0.42343178,0.57656825,1,1,1) very rare (1-5)
3193,0.77802765,0.22197235,0,27,3) common (21-100)
3194,0.3970328,0.6029672,1,16,2) rare (6-20)
3195,0.9348507,0.06514931,1,0,1) very rare (1-5)
3196,0.40747923,0.5925208,0,12,2) rare (6-20)
3197,0.8857114,0.11428863,1,1,1) very rare (1-5)
3198,0.98323417,0.016765833,0,1000,4) very common (100+)
3199,0.16984254,0.83015746,1,27,3) common (21-100)
3200,0.79994273,0.20005727,0,37,3) common (21-100)
3201,0.5269772,0.47302282,1,44,3) common (21-100)
3202,0.6705224,0.3294776,0,66,3) common (21-100)
3203,0.03194814,0.96805185,1,0,1) very rare (1-5)
3204,0.1900868,0.8099132,1,3,1) very rare (1-5)
3205,0.10594892,0.8940511,1,0,1) very rare (1-5)
3206,0.08798762,0.9120124,1,0,1) very rare (1-5)
3207,0.11016017,0.8898398,1,19,2) rare (6-20)
3208,0.69583124,0.30416876,0,1070,4) very common (100+)
3209,0.5750361,0.4249639,0,15,2) rare (6-20)
3210,0.8809937,0.119006276,0,1290,4) very common (100+)
3211,0.02998751,0.9700125,1,1,1) very rare (1-5)
3212,0.6152909,0.38470912,0,24,3) common (21-100)
3213,0.11794838,0.8820516,0,18,2) rare (6-20)
3214,0.28682208,0.7131779,1,118,4) very common (100+)
3215,0.6479732,0.35202682,0,23,3) common (21-100)
3216,0.92692435,0.07307565,1,0,1) very rare (1-5)
3217,0.19212413,0.8078759,1,3,1) very rare (1-5)
3218,0.27088508,0.7291149,0,1,1) very rare (1-5)
3219,0.39294115,0.6070589,1,1,1) very rare (1-5)
3220,0.67546844,0.32453156,0,421,4) very common (100+)
3221,0.060190428,0.93980956,1,0,1) very rare (1-5)
3222,0.29479364,0.7052064,1,275,4) very common (100+)
3223,0.59801364,0.40198636,0,3,1) very rare (1-5)
3224,0.031789687,0.96821034,1,0,1) very rare (1-5)
3225,0.91870034,0.08129966,1,81,3) common (21-100)
3226,0.2619508,0.7380492,1,5,1) very rare (1-5)
3227,0.17102735,0.82897264,1,79,3) common (21-100)
3228,0.61020535,0.38979465,0,41,3) common (21-100)
3229,0.06715544,0.9328446,0,2,1) very rare (1-5)
3230,0.31786957,0.68213046,0,18,2) rare (6-20)
3231,0.93152094,0.06847906,1,5,1) very rare (1-5)
3232,0.18511893,0.8148811,0,23,3) common (21-100)
3233,0.8554969,0.14450312,0,1290,4) very common (100+)
3234,0.65294474,0.34705526,1,268,4) very common (100+)
3235,0.08235989,0.9176401,1,0,1) very rare (1-5)
3236,0.9207659,0.07923412,0,37,3) common (21-100)
3237,0.7776077,0.22239232,0,1290,4) very common (100+)
3238,0.9046505,0.09534949,0,142,4) very common (100+)
3239,0.22991337,0.77008665,0,76,3) common (21-100)
3240,0.540815,0.459185,1,60,3) common (21-100)
3241,0.46477717,0.5352228,1,0,1) very rare (1-5)
3242,0.408509,0.591491,1,66,3) common (21-100)
3243,0.51592314,0.48407686,0,3,1) very rare (1-5)
3244,0.98931396,0.01068604,0,1000,4) very common (100+)
3245,0.6327084,0.36729163,1,19,2) rare (6-20)
3246,0.9185586,0.0814414,1,66,3) common (21-100)
3247,0.2333321,0.7666679,1,4,1) very rare (1-5)
3248,0.3673083,0.63269174,1,66,3) common (21-100)
3249,0.16016193,0.8398381,1,0,1) very rare (1-5)
3250,0.9006235,0.0993765,0,20,2) rare (6-20)
3251,0.2273985,0.7726015,0,2,1) very rare (1-5)
3252,0.54295707,0.45704293,1,1070,4) very common (100+)
3253,0.96080273,0.039197266,0,1290,4) very common (100+)
3254,0.3864189,0.61358106,0,85,3) common (21-100)
3255,0.26438594,0.73561406,1,0,1) very rare (1-5)
3256,0.85585546,0.14414454,0,94,3) common (21-100)
3257,0.47078165,0.5292183,1,13,2) rare (6-20)
3258,0.9948009,0.0051990747,0,1000,4) very common (100+)
3259,0.98417366,0.015826344,0,1290,4) very common (100+)
3260,0.31189826,0.68810177,1,2,1) very rare (1-5)
3261,0.14429747,0.8557025,0,108,4) very common (100+)
3262,0.17136969,0.8286303,1,22,3) common (21-100)
3263,0.9082548,0.0917452,0,166,4) very common (100+)
3264,0.14768048,0.85231954,1,0,1) very rare (1-5)
3265,0.5314939,0.4685061,1,27,3) common (21-100)
3266,0.9019584,0.098041594,0,700,4) very common (100+)
3267,0.2677134,0.7322866,0,2,1) very rare (1-5)
3268,0.6511817,0.3488183,1,1,1) very rare (1-5)
3269,0.27880463,0.72119534,1,0,1) very rare (1-5)
3270,0.4664727,0.5335273,1,0,1) very rare (1-5)
3271,0.40251824,0.5974817,1,5,1) very rare (1-5)
3272,0.5939745,0.40602553,1,8,2) rare (6-20)
3273,0.94285315,0.057146847,1,1070,4) very common (100+)
3274,0.62421066,0.37578934,1,166,4) very common (100+)
3275,0.7498399,0.2501601,0,1070,4) very common (100+)
3276,0.85827816,0.14172184,1,89,3) common (21-100)
3277,0.4241867,0.5758133,1,0,1) very rare (1-5)
3278,0.07879833,0.92120165,1,105,4) very common (100+)
3279,0.018044395,0.9819556,1,0,1) very rare (1-5)
3280,0.5606536,0.43934637,1,37,3) common (21-100)
3281,0.63537645,0.36462355,1,1070,4) very common (100+)
3282,0.2894231,0.7105769,1,47,3) common (21-100)
3283,0.1470627,0.8529373,1,36,3) common (21-100)
3284,0.8730328,0.12696719,0,1290,4) very common (100+)
3285,0.028132405,0.9718676,1,0,1) very rare (1-5)
3286,0.04855115,0.95144886,1,0,1) very rare (1-5)
3287,0.055443544,0.9445565,1,0,1) very rare (1-5)
3288,0.9839701,0.016029894,1,99,3) common (21-100)
3289,0.7067915,0.29320848,0,18,2) rare (6-20)
3290,0.043327283,0.9566727,1,0,1) very rare (1-5)
3291,0.2206034,0.7793966,1,12,2) rare (6-20)
3292,0.2687844,0.7312156,1,1,1) very rare (1-5)
3293,0.40707347,0.5929265,1,0,1) very rare (1-5)
3294,0.42568573,0.57431424,1,159,4) very common (100+)
3295,0.4278315,0.57216847,0,65,3) common (21-100)
3296,0.40756258,0.5924374,1,1070,4) very common (100+)
3297,0.030925808,0.9690742,1,0,1) very rare (1-5)
3298,0.04916271,0.9508373,1,0,1) very rare (1-5)
3299,0.36530545,0.6346946,1,15,2) rare (6-20)
3300,0.68082744,0.31917256,1,5,1) very rare (1-5)
3301,0.4721329,0.5278671,1,2,1) very rare (1-5)
3302,0.16198324,0.83801675,0,28,3) common (21-100)
3303,0.9340951,0.065904915,1,275,4) very common (100+)
3304,0.7964247,0.20357531,0,1000,4) very common (100+)
3305,0.70949703,0.29050297,1,0,1) very rare (1-5)
3306,0.9640609,0.035939097,0,71,3) common (21-100)
3307,0.64254516,0.35745484,1,1070,4) very common (100+)
3308,0.6681595,0.33184052,0,39,3) common (21-100)
3309,0.3960012,0.6039988,0,0,1) very rare (1-5)
3310,0.8423987,0.1576013,0,421,4) very common (100+)
3311,0.118209265,0.88179076,1,14,2) rare (6-20)
3312,0.6601372,0.33986282,0,3,1) very rare (1-5)
3313,0.56414825,0.43585175,0,63,3) common (21-100)
3314,0.86314887,0.13685113,0,102,4) very common (100+)
3315,0.83534306,0.16465694,0,700,4) very common (100+)
3316,0.980525,0.019474983,0,1000,4) very common (100+)
3317,0.34564784,0.6543522,1,1,1) very rare (1-5)
3318,0.136487,0.863513,0,68,3) common (21-100)
3319,0.08267564,0.91732436,1,65,3) common (21-100)
3320,0.19311813,0.8068819,1,0,1) very rare (1-5)
3321,0.8866869,0.11331308,0,1000,4) very common (100+)
3322,0.47520432,0.52479565,1,19,2) rare (6-20)
3323,0.822258,0.177742,0,343,4) very common (100+)
3324,0.43866834,0.5613316,1,10,2) rare (6-20)
3325,0.9373398,0.06266022,0,15,2) rare (6-20)
3326,0.15572816,0.84427184,1,16,2) rare (6-20)
3327,0.59493655,0.40506345,1,1290,4) very common (100+)
3328,0.98414004,0.015859962,0,182,4) very common (100+)
3329,0.38082364,0.6191764,1,5,1) very rare (1-5)
3330,0.58296925,0.41703075,1,1290,4) very common (100+)
3331,0.9658679,0.034132123,0,1000,4) very common (100+)
3332,0.6120445,0.3879555,1,63,3) common (21-100)
3333,0.9843593,0.015640676,0,211,4) very common (100+)
3334,0.16743824,0.83256173,0,24,3) common (21-100)
3335,0.9200067,0.07999331,0,343,4) very common (100+)
3336,0.24020192,0.75979805,1,1,1) very rare (1-5)
3337,0.36608347,0.6339165,0,2,1) very rare (1-5)
3338,0.44036222,0.5596378,0,46,3) common (21-100)
3339,0.17967124,0.8203288,1,3,1) very rare (1-5)
3340,0.84289855,0.15710145,0,25,3) common (21-100)
3341,0.5050395,0.4949605,0,86,3) common (21-100)
3342,0.72365004,0.27634996,0,24,3) common (21-100)
3343,0.54765016,0.45234984,0,1,1) very rare (1-5)
3344,0.23169333,0.7683067,1,343,4) very common (100+)
3345,0.7252061,0.27479392,1,3,1) very rare (1-5)
3346,0.11576541,0.8842346,1,0,1) very rare (1-5)
3347,0.16373707,0.83626294,1,2,1) very rare (1-5)
3348,0.017048972,0.98295105,1,2,1) very rare (1-5)
3349,0.19034004,0.80965996,1,19,2) rare (6-20)
3350,0.61972207,0.38027793,1,11,2) rare (6-20)
3351,0.05632944,0.9436706,1,0,1) very rare (1-5)
3352,0.42967573,0.5703243,0,10,2) rare (6-20)
3353,0.5618462,0.4381538,1,4,1) very rare (1-5)
3354,0.34910434,0.65089566,0,29,3) common (21-100)
3355,0.24159151,0.7584085,0,14,2) rare (6-20)
3356,0.51868564,0.48131436,0,105,4) very common (100+)
3357,0.75104374,0.24895626,0,82,3) common (21-100)
3358,0.28510657,0.71489346,1,1,1) very rare (1-5)
3359,0.50950766,0.49049234,0,1070,4) very common (100+)
3360,0.5822058,0.41779423,1,24,3) common (21-100)
3361,0.9389987,0.0610013,0,11,2) rare (6-20)
3362,0.48920977,0.5107902,0,1290,4) very common (100+)
3363,0.7010284,0.2989716,0,4,1) very rare (1-5)
3364,0.4582885,0.5417115,1,178,4) very common (100+)
3365,0.9056205,0.094379485,0,1290,4) very common (100+)
3366,0.08458958,0.9154104,1,6,2) rare (6-20)
3367,0.15847549,0.8415245,0,0,1) very rare (1-5)
3368,0.29042634,0.7095736,1,19,2) rare (6-20)
3369,0.7004743,0.29952568,1,0,1) very rare (1-5)
3370,0.9777753,0.022224724,0,71,3) common (21-100)
3371,0.84778893,0.15221107,0,145,4) very common (100+)
3372,0.75788677,0.24211323,0,275,4) very common (100+)
3373,0.47953838,0.5204616,1,0,1) very rare (1-5)
3374,0.49725133,0.50274867,0,105,4) very common (100+)
3375,0.033054903,0.9669451,1,0,1) very rare (1-5)
3376,0.015387894,0.9846121,1,0,1) very rare (1-5)
3377,0.48475328,0.51524675,0,27,3) common (21-100)
3378,0.80774313,0.19225687,0,421,4) very common (100+)
3379,0.3978578,0.6021422,0,44,3) common (21-100)
3380,0.46933198,0.530668,1,5,1) very rare (1-5)
3381,0.54011256,0.45988744,1,65,3) common (21-100)
3382,0.3934232,0.6065768,1,1,1) very rare (1-5)
3383,0.19371894,0.8062811,1,22,3) common (21-100)
3384,0.3537667,0.6462333,0,2,1) very rare (1-5)
3385,0.24086626,0.75913376,1,2,1) very rare (1-5)
3386,0.9846994,0.015300572,1,1070,4) very common (100+)
3387,0.0763165,0.9236835,1,1,1) very rare (1-5)
3388,0.074938305,0.9250617,1,0,1) very rare (1-5)
3389,0.8839244,0.116075575,0,24,3) common (21-100)
3390,0.22079106,0.77920896,1,7,2) rare (6-20)
3391,0.94150394,0.058496058,0,421,4) very common (100+)
3392,0.06452346,0.93547654,1,0,1) very rare (1-5)
3393,0.8413364,0.15866357,1,0,1) very rare (1-5)
3394,0.083068095,0.9169319,1,0,1) very rare (1-5)
3395,0.5073348,0.49266517,1,0,1) very rare (1-5)
3396,0.63526016,0.36473984,0,71,3) common (21-100)
3397,0.0714704,0.9285296,1,0,1) very rare (1-5)
3398,0.5822205,0.4177795,1,1,1) very rare (1-5)
3399,0.803183,0.19681698,1,96,3) common (21-100)
3400,0.37886506,0.62113494,1,66,3) common (21-100)
3401,0.6797869,0.32021308,0,700,4) very common (100+)
3402,0.8295477,0.1704523,0,88,3) common (21-100)
3403,0.17384046,0.82615954,1,1,1) very rare (1-5)
3404,0.6727371,0.32726288,1,46,3) common (21-100)
3405,0.6601917,0.3398083,0,14,2) rare (6-20)
3406,0.82417816,0.17582184,0,19,2) rare (6-20)
3407,0.26869425,0.7313057,1,4,1) very rare (1-5)
3408,0.4616976,0.5383024,0,85,3) common (21-100)
3409,0.2354725,0.7645275,0,5,1) very rare (1-5)
3410,0.13696857,0.86303145,0,85,3) common (21-100)
3411,0.17722656,0.82277346,1,45,3) common (21-100)
3412,0.7825572,0.21744281,0,14,2) rare (6-20)
3413,0.36085588,0.6391441,1,261,4) very common (100+)
3414,0.98165166,0.018348336,0,10,2) rare (6-20)
3415,0.620378,0.37962198,0,1290,4) very common (100+)
3416,0.9810605,0.018939495,0,1000,4) very common (100+)
3417,0.94207406,0.05792594,0,2,1) very rare (1-5)
3418,0.40731478,0.5926852,0,1,1) very rare (1-5)
3419,0.55457133,0.44542867,0,275,4) very common (100+)
3420,0.44424945,0.55575055,1,10,2) rare (6-20)
3421,0.9476339,0.052366078,0,26,3) common (21-100)
3422,0.36786425,0.63213575,1,0,1) very rare (1-5)
3423,0.9142666,0.08573341,0,31,3) common (21-100)
3424,0.05891259,0.9410874,1,0,1) very rare (1-5)
3425,0.9500727,0.049927294,0,1000,4) very common (100+)
3426,0.6849004,0.3150996,1,11,2) rare (6-20)
3427,0.37701803,0.62298197,0,9,2) rare (6-20)
3428,0.2587481,0.7412519,0,92,3) common (21-100)
3429,0.31185,0.68815,1,49,3) common (21-100)
3430,0.8691147,0.1308853,1,268,4) very common (100+)
3431,0.5948612,0.4051388,1,105,4) very common (100+)
3432,0.3553924,0.6446076,1,23,3) common (21-100)
3433,0.052038603,0.9479614,1,2,1) very rare (1-5)
3434,0.33597136,0.66402864,0,43,3) common (21-100)
3435,0.059329987,0.94067,0,159,4) very common (100+)
3436,0.25473833,0.74526167,1,2,1) very rare (1-5)
3437,0.2791157,0.7208843,1,0,1) very rare (1-5)
3438,0.3237471,0.6762529,0,1,1) very rare (1-5)
3439,0.62996566,0.37003434,0,24,3) common (21-100)
3440,0.85049677,0.14950323,0,145,4) very common (100+)
3441,0.45369017,0.5463098,1,6,2) rare (6-20)
3442,0.914785,0.08521497,0,25,3) common (21-100)
3443,0.23740704,0.762593,0,182,4) very common (100+)
3444,0.7506521,0.24934793,0,421,4) very common (100+)
3445,0.6723469,0.3276531,0,85,3) common (21-100)
3446,0.38377306,0.6162269,0,1290,4) very common (100+)
3447,0.021426737,0.97857326,1,53,3) common (21-100)
3448,0.019256089,0.9807439,0,0,1) very rare (1-5)
3449,0.48179197,0.518208,1,30,3) common (21-100)
3450,0.5741275,0.4258725,0,2,1) very rare (1-5)
3451,0.39957842,0.60042155,1,2,1) very rare (1-5)
3452,0.70977414,0.29022586,0,1290,4) very common (100+)
3453,0.61469835,0.38530165,1,1290,4) very common (100+)
3454,0.7676988,0.23230118,0,14,2) rare (6-20)
3455,0.7916978,0.2083022,0,4,1) very rare (1-5)
3456,0.40059403,0.599406,1,58,3) common (21-100)
3457,0.11289539,0.88710463,0,3,1) very rare (1-5)
3458,0.78807384,0.21192616,0,700,4) very common (100+)
3459,0.111694686,0.8883053,1,146,4) very common (100+)
3460,0.2877984,0.7122016,1,11,2) rare (6-20)
3461,0.082932785,0.9170672,1,0,1) very rare (1-5)
3462,0.80668646,0.19331354,0,106,4) very common (100+)
3463,0.5457026,0.45429742,1,51,3) common (21-100)
3464,0.089786366,0.91021365,0,4,1) very rare (1-5)
3465,0.14115174,0.8588483,1,237,4) very common (100+)
3466,0.18880156,0.8111985,1,6,2) rare (6-20)
3467,0.29703423,0.70296574,0,4,1) very rare (1-5)
3468,0.72659594,0.27340406,0,274,4) very common (100+)
3469,0.1403584,0.8596416,1,40,3) common (21-100)
3470,0.6924979,0.3075021,0,11,2) rare (6-20)
3471,0.14044152,0.85955846,0,34,3) common (21-100)
3472,0.5052314,0.49476862,1,0,1) very rare (1-5)
3473,0.15301652,0.8469835,1,1,1) very rare (1-5)
3474,0.6746348,0.3253652,0,1,1) very rare (1-5)
3475,0.9074838,0.092516184,1,19,2) rare (6-20)
3476,0.8742983,0.12570173,0,178,4) very common (100+)
3477,0.49256486,0.50743514,1,1070,4) very common (100+)
3478,0.36218786,0.63781214,1,4,1) very rare (1-5)
3479,0.87388116,0.12611884,1,53,3) common (21-100)
3480,0.21170035,0.7882997,1,38,3) common (21-100)
3481,0.25681826,0.7431817,1,0,1) very rare (1-5)
3482,0.86226183,0.13773817,0,1290,4) very common (100+)
3483,0.25651705,0.74348295,0,81,3) common (21-100)
3484,0.5850526,0.4149474,1,1290,4) very common (100+)
3485,0.72465384,0.27534616,1,146,4) very common (100+)
3486,0.07153174,0.9284682,0,3,1) very rare (1-5)
3487,0.9327257,0.06727427,1,4,1) very rare (1-5)
3488,0.080487594,0.9195124,1,2,1) very rare (1-5)
3489,0.24805251,0.7519475,1,4,1) very rare (1-5)
3490,0.44446927,0.5555307,0,8,2) rare (6-20)
3491,0.43595922,0.5640408,1,2,1) very rare (1-5)
3492,0.9713832,0.028616786,0,142,4) very common (100+)
3493,0.4945141,0.5054859,1,3,1) very rare (1-5)
3494,0.20713332,0.7928667,1,53,3) common (21-100)
3495,0.5377359,0.46226412,1,27,3) common (21-100)
3496,0.32881242,0.6711876,1,18,2) rare (6-20)
3497,0.5226795,0.4773205,0,10,2) rare (6-20)
3498,0.46686023,0.53313977,0,5,1) very rare (1-5)
3499,0.7213645,0.2786355,0,14,2) rare (6-20)
3500,0.23090912,0.7690909,1,1,1) very rare (1-5)
3501,0.09125529,0.9087447,1,0,1) very rare (1-5)
3502,0.91193825,0.08806175,0,5,1) very rare (1-5)
3503,0.27027088,0.7297291,1,1,1) very rare (1-5)
3504,0.9703091,0.029690921,0,1000,4) very common (100+)
3505,0.1282416,0.8717584,1,0,1) very rare (1-5)
3506,0.25400653,0.7459935,1,2,1) very rare (1-5)
3507,0.061375458,0.93862456,0,2,1) very rare (1-5)
3508,0.92865074,0.07134926,0,58,3) common (21-100)
3509,0.09552302,0.904477,0,23,3) common (21-100)
3510,0.07712543,0.92287457,1,24,3) common (21-100)
3511,0.19269897,0.80730104,1,10,2) rare (6-20)
3512,0.701154,0.298846,1,0,1) very rare (1-5)
3513,0.5976571,0.40234292,0,47,3) common (21-100)
3514,0.099751376,0.90024865,0,79,3) common (21-100)
3515,0.39175284,0.60824716,1,11,2) rare (6-20)
3516,0.2582368,0.74176323,0,7,2) rare (6-20)
3517,0.9594048,0.040595174,1,24,3) common (21-100)
3518,0.38054398,0.61945605,0,33,3) common (21-100)
3519,0.6191766,0.38082337,1,19,2) rare (6-20)
3520,0.49661425,0.5033858,1,142,4) very common (100+)
3521,0.4486288,0.5513712,1,69,3) common (21-100)
3522,0.94123423,0.05876577,0,142,4) very common (100+)
3523,0.3395371,0.66046286,1,66,3) common (21-100)
3524,0.77336234,0.22663766,0,89,3) common (21-100)
3525,0.6907034,0.3092966,1,166,4) very common (100+)
3526,0.1563623,0.8436377,1,0,1) very rare (1-5)
3527,0.6495866,0.35041338,0,6,2) rare (6-20)
3528,0.7360509,0.2639491,0,7,2) rare (6-20)
3529,0.682879,0.31712103,1,11,2) rare (6-20)
3530,0.63762033,0.36237967,0,700,4) very common (100+)
3531,0.55153096,0.44846904,0,261,4) very common (100+)
3532,0.97704995,0.022950053,0,1000,4) very common (100+)
3533,0.6406344,0.35936558,0,100,3) common (21-100)
3534,0.19927289,0.8007271,1,1,1) very rare (1-5)
3535,0.14658804,0.853412,0,105,4) very common (100+)
3536,0.8259834,0.1740166,0,84,3) common (21-100)
3537,0.6718758,0.32812423,1,36,3) common (21-100)
3538,0.80920297,0.19079703,0,2,1) very rare (1-5)
3539,0.058093484,0.9419065,1,7,2) rare (6-20)
3540,0.72258526,0.27741474,1,30,3) common (21-100)
3541,0.41893744,0.58106256,0,142,4) very common (100+)
3542,0.094766565,0.90523344,0,1,1) very rare (1-5)
3543,0.3282531,0.6717469,0,15,2) rare (6-20)
3544,0.055147946,0.94485205,1,3,1) very rare (1-5)
3545,0.31454477,0.6854552,0,3,1) very rare (1-5)
3546,0.6931833,0.3068167,1,0,1) very rare (1-5)
3547,0.09629046,0.90370953,1,2,1) very rare (1-5)
3548,0.65025973,0.34974027,0,700,4) very common (100+)
3549,0.70184904,0.29815096,0,123,4) very common (100+)
3550,0.6523303,0.34766972,1,19,2) rare (6-20)
3551,0.032828774,0.96717125,1,0,1) very rare (1-5)
3552,0.8189305,0.1810695,0,1,1) very rare (1-5)
3553,0.61888325,0.38111675,1,1070,4) very common (100+)
3554,0.93626046,0.06373954,1,18,2) rare (6-20)
3555,0.9271185,0.07288152,0,700,4) very common (100+)
3556,0.14551064,0.8544893,1,2,1) very rare (1-5)
3557,0.07092679,0.9290732,1,94,3) common (21-100)
3558,0.018473644,0.9815264,1,2,1) very rare (1-5)
3559,0.9902969,0.0097031,0,142,4) very common (100+)
3560,0.41591194,0.5840881,0,22,3) common (21-100)
3561,0.13791713,0.86208284,1,4,1) very rare (1-5)
3562,0.33463484,0.66536516,1,0,1) very rare (1-5)
3563,0.8278599,0.17214012,1,0,1) very rare (1-5)
3564,0.22812316,0.7718768,0,2,1) very rare (1-5)
3565,0.71951604,0.28048396,0,700,4) very common (100+)
3566,0.5901591,0.40984088,1,268,4) very common (100+)
3567,0.8769852,0.12301481,1,0,1) very rare (1-5)
3568,0.9655126,0.034487426,1,99,3) common (21-100)
3569,0.11026274,0.88973725,0,20,2) rare (6-20)
3570,0.97726,0.022740006,0,1000,4) very common (100+)
3571,0.46421298,0.535787,0,1070,4) very common (100+)
3572,0.9830603,0.0169397,1,19,2) rare (6-20)
3573,0.03660021,0.96339977,1,0,1) very rare (1-5)
3574,0.58317727,0.41682273,0,1290,4) very common (100+)
3575,0.40202582,0.5979742,1,0,1) very rare (1-5)
3576,0.10612047,0.89387953,1,5,1) very rare (1-5)
3577,0.878419,0.12158102,0,91,3) common (21-100)
3578,0.6817405,0.31825948,1,11,2) rare (6-20)
3579,0.15819171,0.8418083,1,2,1) very rare (1-5)
3580,0.8197841,0.1802159,0,1290,4) very common (100+)
3581,0.1349199,0.8650801,1,0,1) very rare (1-5)
3582,0.64028555,0.35971445,0,1,1) very rare (1-5)
3583,0.3688594,0.6311406,1,81,3) common (21-100)
3584,0.6053286,0.39467138,0,12,2) rare (6-20)
3585,0.9986488,0.0013511777,1,211,4) very common (100+)
3586,0.82745475,0.17254525,1,13,2) rare (6-20)
3587,0.21158242,0.7884176,0,8,2) rare (6-20)
3588,0.98738146,0.012618542,0,99,3) common (21-100)
3589,0.9553239,0.044676125,0,118,4) very common (100+)
3590,0.82448757,0.17551243,0,1000,4) very common (100+)
3591,0.7630529,0.23694712,0,1070,4) very common (100+)
3592,0.9630519,0.036948085,1,100,3) common (21-100)
3593,0.67751545,0.32248455,0,3,1) very rare (1-5)
3594,0.29866624,0.70133376,1,0,1) very rare (1-5)
3595,0.49557406,0.50442594,1,14,2) rare (6-20)
3596,0.9740571,0.025942922,0,111,4) very common (100+)
3597,0.87353563,0.12646437,0,28,3) common (21-100)
3598,0.6834684,0.3165316,0,21,3) common (21-100)
3599,0.30893666,0.69106334,0,23,3) common (21-100)
3600,0.13765214,0.86234784,1,1,1) very rare (1-5)
3601,0.6607225,0.3392775,1,1,1) very rare (1-5)
3602,0.82790375,0.17209625,0,1070,4) very common (100+)
3603,0.8332574,0.16674262,0,7,2) rare (6-20)
3604,0.67532736,0.32467264,0,261,4) very common (100+)
3605,0.67247385,0.32752615,1,18,2) rare (6-20)
3606,0.097586155,0.90241385,0,1,1) very rare (1-5)
3607,0.5600481,0.4399519,0,223,4) very common (100+)
3608,0.14799075,0.85200924,1,2,1) very rare (1-5)
3609,0.21699134,0.7830087,1,7,2) rare (6-20)
3610,0.26464877,0.7353512,1,0,1) very rare (1-5)
3611,0.34340972,0.6565903,0,2,1) very rare (1-5)
3612,0.62363744,0.37636256,0,28,3) common (21-100)
3613,0.11896725,0.88103276,0,3,1) very rare (1-5)
3614,0.52323174,0.47676826,1,85,3) common (21-100)
3615,0.8895933,0.1104067,0,51,3) common (21-100)
3616,0.86911225,0.13088775,0,261,4) very common (100+)
3617,0.6402166,0.3597834,1,12,2) rare (6-20)
3618,0.4046826,0.59531736,0,9,2) rare (6-20)
3619,0.34083742,0.6591626,0,700,4) very common (100+)
3620,0.70523953,0.29476047,1,1070,4) very common (100+)
3621,0.5152491,0.48475093,1,17,2) rare (6-20)
3622,0.50844467,0.49155533,0,2,1) very rare (1-5)
3623,0.23674034,0.76325965,1,0,1) very rare (1-5)
3624,0.30794972,0.6920503,1,1,1) very rare (1-5)
3625,0.09805048,0.9019495,1,0,1) very rare (1-5)
3626,0.93578124,0.06421876,0,1000,4) very common (100+)
3627,0.911765,0.08823502,0,123,4) very common (100+)
3628,0.93268675,0.067313254,0,211,4) very common (100+)
3629,0.7802387,0.21976131,0,38,3) common (21-100)
3630,0.8512442,0.14875579,1,66,3) common (21-100)
3631,0.618327,0.38167298,0,166,4) very common (100+)
3632,0.46608335,0.53391665,1,2,1) very rare (1-5)
3633,0.5294127,0.4705873,1,18,2) rare (6-20)
3634,0.7132285,0.28677148,0,118,4) very common (100+)
3635,0.9241315,0.07586849,0,33,3) common (21-100)
3636,0.3274914,0.6725086,1,2,1) very rare (1-5)
3637,0.09223236,0.90776765,1,7,2) rare (6-20)
3638,0.8315607,0.16843933,0,99,3) common (21-100)
3639,0.41165656,0.58834344,1,0,1) very rare (1-5)
3640,0.07948275,0.92051727,1,0,1) very rare (1-5)
3641,0.23657285,0.76342714,1,237,4) very common (100+)
3642,0.5415822,0.45841777,0,71,3) common (21-100)
3643,0.6622422,0.33775783,0,166,4) very common (100+)
3644,0.82630825,0.17369175,0,14,2) rare (6-20)
3645,0.80346125,0.19653875,0,39,3) common (21-100)
3646,0.30076164,0.69923836,1,0,1) very rare (1-5)
3647,0.19948895,0.80051106,0,3,1) very rare (1-5)
3648,0.037437025,0.962563,1,6,2) rare (6-20)
3649,0.3181649,0.68183506,0,2,1) very rare (1-5)
3650,0.5513173,0.44868273,0,4,1) very rare (1-5)
3651,0.5228808,0.4771192,0,0,1) very rare (1-5)
3652,0.97934544,0.02065456,0,211,4) very common (100+)
3653,0.046635985,0.953364,1,0,1) very rare (1-5)
3654,0.257108,0.742892,1,8,2) rare (6-20)
3655,0.19781129,0.8021887,1,0,1) very rare (1-5)
3656,0.019812832,0.9801872,1,58,3) common (21-100)
3657,0.44753993,0.5524601,0,20,2) rare (6-20)
3658,0.55310106,0.44689894,0,89,3) common (21-100)
3659,0.20498984,0.79501015,1,4,1) very rare (1-5)
3660,0.2614972,0.7385028,1,1,1) very rare (1-5)
3661,0.10811539,0.8918846,1,0,1) very rare (1-5)
3662,0.71567345,0.28432655,0,15,2) rare (6-20)
3663,0.5447397,0.45526028,1,12,2) rare (6-20)
3664,0.8363829,0.16361707,0,56,3) common (21-100)
3665,0.085012406,0.91498756,1,1,1) very rare (1-5)
3666,0.19025782,0.8097422,1,37,3) common (21-100)
3667,0.98778313,0.012216866,0,211,4) very common (100+)
3668,0.28772292,0.71227705,1,0,1) very rare (1-5)
3669,0.9430009,0.056999087,0,24,3) common (21-100)
3670,0.16714123,0.8328588,0,22,3) common (21-100)
3671,0.58557785,0.41442215,0,63,3) common (21-100)
3672,0.09100433,0.9089957,1,0,1) very rare (1-5)
3673,0.37092078,0.6290792,0,142,4) very common (100+)
3674,0.92237127,0.07762873,0,1070,4) very common (100+)
3675,0.32851154,0.67148846,1,4,1) very rare (1-5)
3676,0.62199944,0.37800056,0,79,3) common (21-100)
3677,0.2627106,0.7372894,1,14,2) rare (6-20)
3678,0.9000159,0.09998411,0,18,2) rare (6-20)
3679,0.41642964,0.58357036,1,2,1) very rare (1-5)
3680,0.46933445,0.5306655,0,68,3) common (21-100)
3681,0.4356534,0.5643466,1,89,3) common (21-100)
3682,0.7102871,0.2897129,0,17,2) rare (6-20)
3683,0.2646532,0.7353468,0,65,3) common (21-100)
3684,0.14736271,0.8526373,1,1,1) very rare (1-5)
3685,0.731229,0.268771,1,3,1) very rare (1-5)
3686,0.9947767,0.005223274,0,1000,4) very common (100+)
3687,0.7464468,0.2535532,1,69,3) common (21-100)
3688,0.22241665,0.77758336,1,19,2) rare (6-20)
3689,0.57056093,0.42943907,1,1,1) very rare (1-5)
3690,0.33354914,0.66645086,1,1,1) very rare (1-5)
3691,0.83975554,0.16024446,0,91,3) common (21-100)
3692,0.92642033,0.07357967,0,178,4) very common (100+)
3693,0.92227167,0.07772833,0,33,3) common (21-100)
3694,0.06627983,0.9337202,1,0,1) very rare (1-5)
3695,0.9724626,0.027537405,1,142,4) very common (100+)
3696,0.82608587,0.17391413,0,0,1) very rare (1-5)
3697,0.25715023,0.74284977,1,8,2) rare (6-20)
3698,0.625437,0.37456298,0,42,3) common (21-100)
3699,0.082844116,0.91715586,1,15,2) rare (6-20)
3700,0.4301774,0.5698226,1,166,4) very common (100+)
3701,0.12315105,0.87684894,0,4,1) very rare (1-5)
3702,0.21797368,0.7820263,1,0,1) very rare (1-5)
3703,0.3736078,0.6263922,0,4,1) very rare (1-5)
3704,0.9308571,0.06914288,0,1000,4) very common (100+)
3705,0.18730421,0.8126958,1,21,3) common (21-100)
3706,0.59670776,0.40329224,1,42,3) common (21-100)
3707,0.5325061,0.4674939,0,106,4) very common (100+)
3708,0.3843904,0.6156096,0,23,3) common (21-100)
3709,0.96106356,0.038936436,0,211,4) very common (100+)
3710,0.89871484,0.10128516,1,21,3) common (21-100)
3711,0.98469603,0.015303969,0,700,4) very common (100+)
3712,0.893973,0.10602701,0,700,4) very common (100+)
3713,0.88501847,0.11498153,1,16,2) rare (6-20)
3714,0.47514135,0.52485865,1,1,1) very rare (1-5)
3715,0.89269644,0.10730356,0,2,1) very rare (1-5)
3716,0.110718176,0.8892818,0,0,1) very rare (1-5)
3717,0.10559773,0.89440227,1,14,2) rare (6-20)
3718,0.9606577,0.039342284,0,42,3) common (21-100)
3719,0.95961547,0.04038453,0,91,3) common (21-100)
3720,0.9587912,0.041208804,0,10,2) rare (6-20)
3721,0.34915555,0.65084445,1,0,1) very rare (1-5)
3722,0.15681592,0.8431841,1,7,2) rare (6-20)
3723,0.9515958,0.048404217,0,182,4) very common (100+)
3724,0.2391299,0.7608701,0,275,4) very common (100+)
3725,0.94769174,0.05230826,0,1000,4) very common (100+)
3726,0.5047166,0.49528342,0,1290,4) very common (100+)
3727,0.28558424,0.7144158,1,50,3) common (21-100)
3728,0.94816893,0.051831067,1,66,3) common (21-100)
3729,0.52854556,0.47145444,1,0,1) very rare (1-5)
3730,0.8982571,0.10174292,0,56,3) common (21-100)
3731,0.61890584,0.38109416,0,1070,4) very common (100+)
3732,0.9352491,0.06475091,0,1290,4) very common (100+)
3733,0.30991057,0.69008946,1,16,2) rare (6-20)
3734,0.96450925,0.03549075,0,1000,4) very common (100+)
3735,0.36548287,0.63451713,1,0,1) very rare (1-5)
3736,0.24596041,0.7540396,0,1,1) very rare (1-5)
3737,0.8915313,0.10846871,0,1,1) very rare (1-5)
3738,0.30199075,0.69800925,1,1,1) very rare (1-5)
3739,0.05080445,0.94919556,1,3,1) very rare (1-5)
3740,0.87510264,0.12489736,0,3,1) very rare (1-5)
3741,0.52631456,0.47368544,0,24,3) common (21-100)
3742,0.7742551,0.2257449,0,1290,4) very common (100+)
3743,0.16191697,0.838083,0,14,2) rare (6-20)
3744,0.6741683,0.3258317,0,21,3) common (21-100)
3745,0.85710555,0.14289445,1,1,1) very rare (1-5)
3746,0.64604086,0.35395914,1,0,1) very rare (1-5)
3747,0.09357286,0.90642715,1,6,2) rare (6-20)
3748,0.68975884,0.31024116,0,19,2) rare (6-20)
3749,0.19943832,0.80056167,0,700,4) very common (100+)
3750,0.38341329,0.6165867,1,3,1) very rare (1-5)
3751,0.99652475,0.0034752488,0,39,3) common (21-100)
3752,0.8768422,0.1231578,1,0,1) very rare (1-5)
3753,0.9100311,0.08996892,1,0,1) very rare (1-5)
3754,0.40944722,0.5905528,0,5,1) very rare (1-5)
3755,0.17435488,0.8256451,1,47,3) common (21-100)
3756,0.5203924,0.47960758,1,1,1) very rare (1-5)
3757,0.07679219,0.9232078,1,3,1) very rare (1-5)
3758,0.93818474,0.06181526,0,39,3) common (21-100)
3759,0.18654646,0.81345356,0,3,1) very rare (1-5)
3760,0.013747939,0.98625207,0,0,1) very rare (1-5)
3761,0.3810301,0.6189699,0,5,1) very rare (1-5)
3762,0.04146288,0.9585371,1,0,1) very rare (1-5)
3763,0.8873903,0.112609684,0,275,4) very common (100+)
3764,0.20632468,0.7936753,1,0,1) very rare (1-5)
3765,0.089236565,0.91076344,0,72,3) common (21-100)
3766,0.2645644,0.7354356,1,28,3) common (21-100)
3767,0.22796038,0.77203965,1,2,1) very rare (1-5)
3768,0.63218886,0.36781114,0,7,2) rare (6-20)
3769,0.04826486,0.95173514,1,8,2) rare (6-20)
3770,0.019779226,0.9802208,1,0,1) very rare (1-5)
3771,0.3648439,0.6351561,1,5,1) very rare (1-5)
3772,0.2262131,0.7737869,0,1,1) very rare (1-5)
3773,0.045662533,0.9543375,1,0,1) very rare (1-5)
3774,0.5265385,0.4734615,1,10,2) rare (6-20)
3775,0.543189,0.456811,0,68,3) common (21-100)
3776,0.029028177,0.9709718,1,1,1) very rare (1-5)
3777,0.7062422,0.2937578,1,7,2) rare (6-20)
3778,0.058414295,0.9415857,1,0,1) very rare (1-5)
3779,0.56858146,0.43141854,1,25,3) common (21-100)
3780,0.75587237,0.24412763,0,96,3) common (21-100)
3781,0.9912354,0.008764625,0,99,3) common (21-100)
3782,0.6869211,0.31307888,1,55,3) common (21-100)
3783,0.5714591,0.4285409,0,0,1) very rare (1-5)
3784,0.079078406,0.92092156,0,123,4) very common (100+)
3785,0.3919891,0.6080109,0,79,3) common (21-100)
3786,0.040004894,0.9599951,1,0,1) very rare (1-5)
3787,0.49189097,0.50810903,1,3,1) very rare (1-5)
3788,0.19156496,0.808435,0,5,1) very rare (1-5)
3789,0.11471966,0.8852804,0,0,1) very rare (1-5)
3790,0.6835795,0.3164205,1,118,4) very common (100+)
3791,0.09829101,0.90170896,1,27,3) common (21-100)
3792,0.35381,0.64619,0,14,2) rare (6-20)
3793,0.6527875,0.3472125,0,56,3) common (21-100)
3794,0.077930376,0.9220696,0,3,1) very rare (1-5)
3795,0.9410391,0.058960915,0,7,2) rare (6-20)
3796,0.5351604,0.46483958,0,107,4) very common (100+)
3797,0.98675007,0.013249934,0,44,3) common (21-100)
3798,0.571885,0.428115,0,0,1) very rare (1-5)
3799,0.6924397,0.30756032,0,46,3) common (21-100)
3800,0.7066741,0.2933259,0,17,2) rare (6-20)
3801,0.35121533,0.64878464,1,1,1) very rare (1-5)
3802,0.08802314,0.9119769,0,4,1) very rare (1-5)
3803,0.6259368,0.3740632,1,0,1) very rare (1-5)
3804,0.7342941,0.26570588,1,3,1) very rare (1-5)
3805,0.23550431,0.7644957,1,0,1) very rare (1-5)
3806,0.13680747,0.86319256,1,0,1) very rare (1-5)
3807,0.7792395,0.22076052,1,8,2) rare (6-20)
3808,0.15915632,0.8408437,1,66,3) common (21-100)
3809,0.10536265,0.89463735,0,0,1) very rare (1-5)
3810,0.21807885,0.78192115,1,63,3) common (21-100)
3811,0.6167699,0.3832301,1,0,1) very rare (1-5)
3812,0.34791365,0.6520864,0,1,1) very rare (1-5)
3813,0.6236707,0.3763293,1,700,4) very common (100+)
3814,0.82515264,0.17484736,0,2,1) very rare (1-5)
3815,0.4040749,0.5959251,1,7,2) rare (6-20)
3816,0.73858184,0.26141816,0,223,4) very common (100+)
3817,0.29559422,0.7044058,1,0,1) very rare (1-5)
3818,0.85688716,0.14311284,1,2,1) very rare (1-5)
3819,0.7812167,0.21878332,0,146,4) very common (100+)
3820,0.4136782,0.58632183,0,5,1) very rare (1-5)
3821,0.81723124,0.18276876,0,1000,4) very common (100+)
3822,0.82189846,0.17810154,0,92,3) common (21-100)
3823,0.33038378,0.6696162,0,15,2) rare (6-20)
3824,0.29906443,0.7009356,0,343,4) very common (100+)
3825,0.9727769,0.02722311,0,118,4) very common (100+)
3826,0.9936469,0.0063530803,1,19,2) rare (6-20)
3827,0.30327594,0.69672406,1,0,1) very rare (1-5)
3828,0.65739125,0.34260875,0,134,4) very common (100+)
3829,0.7575057,0.24249429,0,17,2) rare (6-20)
3830,0.8988748,0.10112518,1,107,4) very common (100+)
3831,0.11836385,0.88163614,1,1,1) very rare (1-5)
3832,0.3597284,0.6402716,1,1,1) very rare (1-5)
3833,0.37332445,0.62667555,1,85,3) common (21-100)
3834,0.35598755,0.64401245,1,0,1) very rare (1-5)
3835,0.07652046,0.92347956,1,0,1) very rare (1-5)
3836,0.56394696,0.43605304,1,0,1) very rare (1-5)
3837,0.52818626,0.47181374,1,2,1) very rare (1-5)
3838,0.05890478,0.94109523,0,178,4) very common (100+)
3839,0.0895049,0.9104951,1,108,4) very common (100+)
3840,0.5163266,0.4836734,1,27,3) common (21-100)
3841,0.922623,0.07737702,0,1000,4) very common (100+)
3842,0.7176976,0.28230238,0,91,3) common (21-100)
3843,0.8535625,0.14643753,0,10,2) rare (6-20)
3844,0.06981723,0.93018275,1,6,2) rare (6-20)
3845,0.17693152,0.8230685,0,1,1) very rare (1-5)
3846,0.17186022,0.8281398,1,12,2) rare (6-20)
3847,0.085018255,0.9149817,0,5,1) very rare (1-5)
3848,0.8394124,0.16058761,0,223,4) very common (100+)
3849,0.95531416,0.04468584,0,1000,4) very common (100+)
3850,0.5361366,0.46386337,1,44,3) common (21-100)
3851,0.45818502,0.541815,1,27,3) common (21-100)
3852,0.038598668,0.96140134,0,84,3) common (21-100)
3853,0.31291842,0.6870816,0,3,1) very rare (1-5)
3854,0.6055456,0.39445442,1,1,1) very rare (1-5)
3855,0.2775605,0.7224395,1,268,4) very common (100+)
3856,0.8385108,0.16148919,0,6,2) rare (6-20)
3857,0.8204332,0.1795668,0,35,3) common (21-100)
3858,0.9085285,0.09147149,0,17,2) rare (6-20)
3859,0.984099,0.01590103,0,1000,4) very common (100+)
3860,0.36491635,0.6350837,0,5,1) very rare (1-5)
3861,0.037287284,0.9627127,0,13,2) rare (6-20)
3862,0.051014062,0.94898593,0,38,3) common (21-100)
3863,0.83835924,0.16164076,1,0,1) very rare (1-5)
3864,0.024715597,0.9752844,1,0,1) very rare (1-5)
3865,0.43758866,0.5624113,1,15,2) rare (6-20)
3866,0.8730158,0.12698418,0,1290,4) very common (100+)
3867,0.3158933,0.6841067,1,0,1) very rare (1-5)
3868,0.36183277,0.63816726,0,142,4) very common (100+)
3869,0.98346704,0.016532958,0,700,4) very common (100+)
3870,0.27885893,0.7211411,1,66,3) common (21-100)
3871,0.97911423,0.020885766,0,1000,4) very common (100+)
3872,0.97729695,0.022703052,0,39,3) common (21-100)
3873,0.4040063,0.5959937,0,5,1) very rare (1-5)
3874,0.7109536,0.2890464,0,16,2) rare (6-20)
3875,0.10418063,0.89581937,1,0,1) very rare (1-5)
3876,0.7222361,0.2777639,1,275,4) very common (100+)
3877,0.5215044,0.4784956,0,142,4) very common (100+)
3878,0.5283272,0.47167277,0,7,2) rare (6-20)
3879,0.23229258,0.7677074,1,0,1) very rare (1-5)
3880,0.73821187,0.26178813,0,1070,4) very common (100+)
3881,0.5485611,0.4514389,0,15,2) rare (6-20)
3882,0.107093334,0.89290667,1,0,1) very rare (1-5)
3883,0.7892429,0.21075708,0,78,3) common (21-100)
3884,0.13825975,0.86174023,1,0,1) very rare (1-5)
3885,0.12699895,0.87300104,1,0,1) very rare (1-5)
3886,0.2532878,0.7467122,1,5,1) very rare (1-5)
3887,0.9935134,0.0064865947,0,35,3) common (21-100)
3888,0.8841323,0.115867674,1,118,4) very common (100+)
3889,0.7609002,0.2390998,1,1070,4) very common (100+)
3890,0.1464975,0.8535025,1,26,3) common (21-100)
3891,0.9584621,0.04153788,0,1000,4) very common (100+)
3892,0.4138883,0.58611166,0,3,1) very rare (1-5)
3893,0.022091696,0.9779083,1,0,1) very rare (1-5)
3894,0.31154352,0.6884565,0,102,4) very common (100+)
3895,0.39343482,0.6065652,0,76,3) common (21-100)
3896,0.51303285,0.48696715,0,63,3) common (21-100)
3897,0.37374097,0.626259,0,134,4) very common (100+)
3898,0.9161796,0.0838204,0,1000,4) very common (100+)
3899,0.98591655,0.014083445,1,1,1) very rare (1-5)
3900,0.6093582,0.3906418,1,4,1) very rare (1-5)
3901,0.3186424,0.6813576,0,69,3) common (21-100)
3902,0.28795165,0.71204835,1,237,4) very common (100+)
3903,0.29093862,0.7090614,0,0,1) very rare (1-5)
3904,0.77302134,0.22697866,0,11,2) rare (6-20)
3905,0.9580896,0.04191041,0,69,3) common (21-100)
3906,0.6729225,0.3270775,1,14,2) rare (6-20)
3907,0.83997697,0.16002303,0,1,1) very rare (1-5)
3908,0.3291734,0.6708266,1,5,1) very rare (1-5)
3909,0.3586955,0.6413045,0,7,2) rare (6-20)
3910,0.45163295,0.548367,1,1070,4) very common (100+)
3911,0.42451927,0.5754807,1,65,3) common (21-100)
3912,0.05366673,0.9463333,1,0,1) very rare (1-5)
3913,0.50532866,0.49467134,1,4,1) very rare (1-5)
3914,0.2538268,0.7461732,0,84,3) common (21-100)
3915,0.8168456,0.1831544,1,0,1) very rare (1-5)
3916,0.62170625,0.37829375,1,34,3) common (21-100)
3917,0.869824,0.13017601,1,118,4) very common (100+)
3918,0.87241364,0.12758636,1,3,1) very rare (1-5)
3919,0.76740384,0.23259616,1,2,1) very rare (1-5)
3920,0.20469983,0.7953002,1,14,2) rare (6-20)
3921,0.8441399,0.15586013,0,7,2) rare (6-20)
3922,0.035876635,0.96412337,1,0,1) very rare (1-5)
3923,0.062492542,0.93750745,1,70,3) common (21-100)
3924,0.7675519,0.2324481,1,68,3) common (21-100)
3925,0.8194594,0.18054062,1,4,1) very rare (1-5)
3926,0.44112176,0.55887824,0,1290,4) very common (100+)
3927,0.4019317,0.5980683,1,3,1) very rare (1-5)
3928,0.8457356,0.15426439,1,11,2) rare (6-20)
3929,0.45709437,0.5429056,0,21,3) common (21-100)
3930,0.4078624,0.5921376,0,0,1) very rare (1-5)
3931,0.29834944,0.70165056,1,6,2) rare (6-20)
3932,0.5680502,0.4319498,1,0,1) very rare (1-5)
3933,0.4954293,0.5045707,1,4,1) very rare (1-5)
3934,0.9290047,0.07099527,1,1070,4) very common (100+)
3935,0.09109486,0.90890515,1,2,1) very rare (1-5)
3936,0.52682626,0.47317374,1,76,3) common (21-100)
3937,0.83987767,0.16012233,0,14,2) rare (6-20)
3938,0.38582093,0.6141791,0,44,3) common (21-100)
3939,0.4638619,0.53613806,1,8,2) rare (6-20)
3940,0.4905145,0.5094855,1,105,4) very common (100+)
3941,0.34168813,0.65831184,1,53,3) common (21-100)
3942,0.25287658,0.7471234,0,142,4) very common (100+)
3943,0.19592309,0.8040769,0,0,1) very rare (1-5)
3944,0.69890827,0.30109173,1,81,3) common (21-100)
3945,0.153425,0.846575,1,1,1) very rare (1-5)
3946,0.73068523,0.26931477,0,84,3) common (21-100)
3947,0.6000036,0.3999964,0,21,3) common (21-100)
3948,0.5961623,0.40383768,0,123,4) very common (100+)
3949,0.03413403,0.96586597,1,0,1) very rare (1-5)
3950,0.54149497,0.45850503,1,38,3) common (21-100)
3951,0.9797933,0.02020669,0,78,3) common (21-100)
3952,0.42561606,0.574384,0,159,4) very common (100+)
3953,0.18937044,0.81062955,0,5,1) very rare (1-5)
3954,0.5826548,0.41734523,1,25,3) common (21-100)
3955,0.700018,0.299982,0,5,1) very rare (1-5)
3956,0.10507983,0.8949202,1,10,2) rare (6-20)
3957,0.2890978,0.7109022,1,18,2) rare (6-20)
3958,0.4296858,0.57031417,1,160,4) very common (100+)
3959,0.3301973,0.66980267,1,134,4) very common (100+)
3960,0.9180183,0.08198172,1,4,1) very rare (1-5)
3961,0.8406979,0.15930212,0,9,2) rare (6-20)
3962,0.77949923,0.22050077,1,76,3) common (21-100)
3963,0.29733098,0.702669,1,6,2) rare (6-20)
3964,0.35203406,0.6479659,1,343,4) very common (100+)
3965,0.81475455,0.18524545,0,261,4) very common (100+)
3966,0.06256085,0.93743914,1,2,1) very rare (1-5)
3967,0.08101863,0.9189814,1,0,1) very rare (1-5)
3968,0.97337013,0.026629865,0,372,4) very common (100+)
3969,0.6272583,0.3727417,1,42,3) common (21-100)
3970,0.5522787,0.4477213,1,1,1) very rare (1-5)
3971,0.41359288,0.5864071,0,0,1) very rare (1-5)
3972,0.20709579,0.7929042,0,0,1) very rare (1-5)
3973,0.9431229,0.056877077,0,134,4) very common (100+)
3974,0.25443977,0.7455602,1,0,1) very rare (1-5)
3975,0.64862806,0.35137194,1,3,1) very rare (1-5)
3976,0.47063312,0.52936685,0,5,1) very rare (1-5)
3977,0.24704804,0.752952,1,107,4) very common (100+)
3978,0.40420634,0.59579366,0,261,4) very common (100+)
3979,0.4254718,0.5745282,1,1290,4) very common (100+)
3980,0.36833477,0.6316652,1,51,3) common (21-100)
3981,0.45535904,0.54464096,1,107,4) very common (100+)
3982,0.81523013,0.18476987,0,275,4) very common (100+)
3983,0.43497318,0.5650268,1,2,1) very rare (1-5)
3984,0.28283352,0.7171665,1,0,1) very rare (1-5)
3985,0.8293827,0.17061728,0,237,4) very common (100+)
3986,0.086912155,0.91308784,1,14,2) rare (6-20)
3987,0.82016784,0.17983216,0,10,2) rare (6-20)
3988,0.28674734,0.71325266,1,0,1) very rare (1-5)
3989,0.10019213,0.8998079,1,0,1) very rare (1-5)
3990,0.12621722,0.87378275,1,6,2) rare (6-20)
3991,0.72932476,0.27067524,0,145,4) very common (100+)
3992,0.33228937,0.66771066,1,17,2) rare (6-20)
3993,0.9782827,0.02171731,0,89,3) common (21-100)
3994,0.7185904,0.28140962,0,96,3) common (21-100)
3995,0.2754815,0.72451854,0,32,3) common (21-100)
3996,0.42272392,0.5772761,1,178,4) very common (100+)
3997,0.1456503,0.85434973,0,5,1) very rare (1-5)
3998,0.39470932,0.60529065,0,0,1) very rare (1-5)
3999,0.75950235,0.24049765,0,166,4) very common (100+)
4000,0.5112491,0.48875087,0,261,4) very common (100+)
4001,0.7707535,0.2292465,0,9,2) rare (6-20)
4002,0.2645973,0.7354027,1,0,1) very rare (1-5)
4003,0.8554713,0.14452869,0,46,3) common (21-100)
4004,0.680018,0.319982,1,2,1) very rare (1-5)
4005,0.59159523,0.40840477,1,69,3) common (21-100)
4006,0.9355477,0.06445229,0,22,3) common (21-100)
4007,0.53212094,0.46787906,1,1,1) very rare (1-5)
4008,0.11451173,0.8854883,1,14,2) rare (6-20)
4009,0.7502421,0.24975789,1,1070,4) very common (100+)
4010,0.46539444,0.53460556,0,106,4) very common (100+)
4011,0.8702232,0.12977678,0,1290,4) very common (100+)
4012,0.24025913,0.7597409,1,0,1) very rare (1-5)
4013,0.44358122,0.5564188,0,66,3) common (21-100)
4014,0.1188612,0.8811388,1,20,2) rare (6-20)
4015,0.93899095,0.06100905,0,66,3) common (21-100)
4016,0.5752095,0.4247905,1,275,4) very common (100+)
4017,0.38707307,0.61292696,1,19,2) rare (6-20)
4018,0.5760491,0.4239509,0,421,4) very common (100+)
4019,0.85383683,0.14616317,0,2,1) very rare (1-5)
4020,0.5228154,0.4771846,1,2,1) very rare (1-5)
4021,0.17030957,0.82969046,1,1,1) very rare (1-5)
4022,0.534436,0.465564,1,21,3) common (21-100)
4023,0.7103634,0.2896366,1,38,3) common (21-100)
4024,0.18406893,0.8159311,1,6,2) rare (6-20)
4025,0.11134697,0.88865304,1,1,1) very rare (1-5)
4026,0.306012,0.69398797,1,1,1) very rare (1-5)
4027,0.9456155,0.05438453,0,94,3) common (21-100)
4028,0.5775474,0.42245263,1,1290,4) very common (100+)
4029,0.33280173,0.6671983,1,0,1) very rare (1-5)
4030,0.12996612,0.87003386,0,5,1) very rare (1-5)
4031,0.24092989,0.7590701,0,2,1) very rare (1-5)
4032,0.9536096,0.046390414,1,1,1) very rare (1-5)
4033,0.13586502,0.86413497,1,3,1) very rare (1-5)
4034,0.13177633,0.86822367,1,0,1) very rare (1-5)
4035,0.95287347,0.04712653,1,81,3) common (21-100)
4036,0.10900954,0.89099044,1,36,3) common (21-100)
4037,0.037367366,0.96263266,1,1,1) very rare (1-5)
4038,0.36983055,0.63016945,1,0,1) very rare (1-5)
4039,0.1386604,0.86133957,1,75,3) common (21-100)
4040,0.42601576,0.57398427,0,43,3) common (21-100)
4041,0.12680405,0.87319595,1,0,1) very rare (1-5)
4042,0.760407,0.23959303,0,17,2) rare (6-20)
4043,0.12037877,0.8796212,1,10,2) rare (6-20)
4044,0.88391215,0.116087854,1,0,1) very rare (1-5)
4045,0.8113402,0.18865979,1,17,2) rare (6-20)
4046,0.43300667,0.56699336,0,76,3) common (21-100)
4047,0.9444518,0.05554819,0,275,4) very common (100+)
4048,0.4512409,0.5487591,1,13,2) rare (6-20)
4049,0.17174074,0.8282592,0,39,3) common (21-100)
4050,0.6895868,0.31041318,0,79,3) common (21-100)
4051,0.6479785,0.35202152,0,1,1) very rare (1-5)
4052,0.92529225,0.07470775,0,1000,4) very common (100+)
4053,0.7262776,0.2737224,0,91,3) common (21-100)
4054,0.39634913,0.60365087,1,3,1) very rare (1-5)
4055,0.5191305,0.48086947,0,44,3) common (21-100)
4056,0.9010986,0.09890139,0,1290,4) very common (100+)
4057,0.87161905,0.12838095,0,17,2) rare (6-20)
4058,0.28737944,0.71262056,1,22,3) common (21-100)
4059,0.087743096,0.9122569,1,3,1) very rare (1-5)
4060,0.14739978,0.8526002,1,1,1) very rare (1-5)
4061,0.274509,0.725491,1,1,1) very rare (1-5)
4062,0.45789254,0.54210746,1,22,3) common (21-100)
4063,0.7150659,0.2849341,1,343,4) very common (100+)
4064,0.2847082,0.7152918,1,8,2) rare (6-20)
4065,0.5017565,0.4982435,1,89,3) common (21-100)
4066,0.96793526,0.032064736,0,142,4) very common (100+)
4067,0.8563153,0.14368469,1,268,4) very common (100+)
4068,0.7834398,0.21656018,0,1290,4) very common (100+)
4069,0.10354113,0.89645886,1,1,1) very rare (1-5)
4070,0.18735814,0.81264186,0,6,2) rare (6-20)
4071,0.52686733,0.47313267,0,88,3) common (21-100)
4072,0.14753091,0.8524691,0,14,2) rare (6-20)
4073,0.13479152,0.8652085,1,5,1) very rare (1-5)
4074,0.14338794,0.8566121,1,7,2) rare (6-20)
4075,0.13460737,0.8653926,1,0,1) very rare (1-5)
4076,0.9538873,0.046112716,0,121,4) very common (100+)
4077,0.24642819,0.7535718,0,3,1) very rare (1-5)
4078,0.23450938,0.76549065,1,1070,4) very common (100+)
4079,0.10819672,0.89180326,1,0,1) very rare (1-5)
4080,0.6686551,0.3313449,0,111,4) very common (100+)
4081,0.31212494,0.68787503,1,0,1) very rare (1-5)
4082,0.88709855,0.11290145,0,47,3) common (21-100)
4083,0.07883884,0.9211612,1,0,1) very rare (1-5)
4084,0.09404808,0.9059519,1,0,1) very rare (1-5)
4085,0.6646653,0.33533472,1,65,3) common (21-100)
4086,0.3691931,0.6308069,0,1,1) very rare (1-5)
4087,0.62533396,0.37466604,0,2,1) very rare (1-5)
4088,0.074068725,0.9259313,1,3,1) very rare (1-5)
4089,0.20414034,0.7958597,1,1,1) very rare (1-5)
4090,0.3948141,0.60518587,0,14,2) rare (6-20)
4091,0.35164937,0.6483506,1,8,2) rare (6-20)
4092,0.5906442,0.40935582,1,146,4) very common (100+)
4093,0.16385959,0.8361404,1,0,1) very rare (1-5)
4094,0.9406085,0.0593915,0,10,2) rare (6-20)
4095,0.68455535,0.31544465,0,100,3) common (21-100)
4096,0.97323483,0.026765168,0,223,4) very common (100+)
4097,0.377055,0.622945,0,4,1) very rare (1-5)
4098,0.2423089,0.7576911,1,0,1) very rare (1-5)
4099,0.7045003,0.29549968,1,6,2) rare (6-20)
4100,0.6205644,0.3794356,0,2,1) very rare (1-5)
4101,0.07145615,0.92854387,0,3,1) very rare (1-5)
4102,0.19670798,0.80329204,1,1,1) very rare (1-5)
4103,0.94876474,0.05123526,0,343,4) very common (100+)
4104,0.3235868,0.6764132,1,1,1) very rare (1-5)
4105,0.020116739,0.97988325,1,0,1) very rare (1-5)
4106,0.06650789,0.9334921,1,0,1) very rare (1-5)
4107,0.94046223,0.05953777,1,1000,4) very common (100+)
4108,0.6406513,0.3593487,0,89,3) common (21-100)
4109,0.66108954,0.33891046,0,223,4) very common (100+)
4110,0.0541396,0.9458604,1,85,3) common (21-100)
4111,0.8702383,0.1297617,1,4,1) very rare (1-5)
4112,0.96173483,0.03826517,0,74,3) common (21-100)
4113,0.37106192,0.6289381,1,15,2) rare (6-20)
4114,0.14181985,0.85818017,1,76,3) common (21-100)
4115,0.98449206,0.0155079365,0,211,4) very common (100+)
4116,0.20323795,0.79676205,1,0,1) very rare (1-5)
4117,0.14339687,0.85660315,1,13,2) rare (6-20)
4118,0.6943076,0.30569237,0,84,3) common (21-100)
4119,0.8941085,0.105891526,0,1290,4) very common (100+)
4120,0.293398,0.706602,1,0,1) very rare (1-5)
4121,0.5891204,0.4108796,0,9,2) rare (6-20)
4122,0.3156896,0.68431044,1,1,1) very rare (1-5)
4123,0.020121213,0.9798788,1,0,1) very rare (1-5)
4124,0.6159093,0.38409072,0,66,3) common (21-100)
4125,0.3052636,0.69473636,1,1,1) very rare (1-5)
4126,0.1484093,0.8515907,1,21,3) common (21-100)
4127,0.39596817,0.6040318,1,118,4) very common (100+)
4128,0.46061662,0.5393834,0,69,3) common (21-100)
4129,0.17471488,0.82528514,0,27,3) common (21-100)
4130,0.96806395,0.03193605,0,182,4) very common (100+)
4131,0.2029277,0.7970723,1,2,1) very rare (1-5)
4132,0.80665326,0.19334674,1,105,4) very common (100+)
4133,0.74074084,0.25925916,1,1290,4) very common (100+)
4134,0.9218614,0.07813859,1,1070,4) very common (100+)
4135,0.34200114,0.65799886,1,19,2) rare (6-20)
4136,0.12454695,0.87545305,1,2,1) very rare (1-5)
4137,0.91800636,0.08199364,0,15,2) rare (6-20)
4138,0.06010692,0.93989307,1,0,1) very rare (1-5)
4139,0.49120843,0.50879157,1,106,4) very common (100+)
4140,0.086087205,0.9139128,1,1,1) very rare (1-5)
4141,0.66977006,0.33022994,1,63,3) common (21-100)
4142,0.32472402,0.675276,0,1,1) very rare (1-5)
4143,0.07229656,0.92770344,1,92,3) common (21-100)
4144,0.22495022,0.7750498,1,0,1) very rare (1-5)
4145,0.4562635,0.54373646,1,1,1) very rare (1-5)
4146,0.09607294,0.9039271,1,0,1) very rare (1-5)
4147,0.5041204,0.4958796,1,23,3) common (21-100)
4148,0.81859887,0.18140113,0,4,1) very rare (1-5)
4149,0.10075875,0.89924127,1,0,1) very rare (1-5)
4150,0.9668638,0.03313619,0,1000,4) very common (100+)
4151,0.3138737,0.6861263,0,1070,4) very common (100+)
4152,0.946105,0.053894997,0,1000,4) very common (100+)
4153,0.79360336,0.20639664,0,3,1) very rare (1-5)
4154,0.43627387,0.5637261,0,2,1) very rare (1-5)
4155,0.070850275,0.92914975,1,0,1) very rare (1-5)
4156,0.61653095,0.38346905,0,1290,4) very common (100+)
4157,0.15821,0.84179,1,0,1) very rare (1-5)
4158,0.74068964,0.25931036,0,1,1) very rare (1-5)
4159,0.36642733,0.6335727,1,0,1) very rare (1-5)
4160,0.3117163,0.6882837,1,0,1) very rare (1-5)
4161,0.44612476,0.5538752,0,7,2) rare (6-20)
4162,0.531306,0.46869397,1,35,3) common (21-100)
4163,0.36385947,0.6361405,0,37,3) common (21-100)
4164,0.636885,0.363115,0,17,2) rare (6-20)
4165,0.44310132,0.5568987,0,2,1) very rare (1-5)
4166,0.05970996,0.94029003,1,0,1) very rare (1-5)
4167,0.9452494,0.05475062,0,7,2) rare (6-20)
4168,0.6272842,0.37271577,1,89,3) common (21-100)
4169,0.49084592,0.5091541,1,275,4) very common (100+)
4170,0.028015535,0.97198445,1,1,1) very rare (1-5)
4171,0.5007863,0.4992137,0,106,4) very common (100+)
4172,0.9933856,0.006614387,0,1000,4) very common (100+)
4173,0.21672648,0.7832735,1,159,4) very common (100+)
4174,0.07396452,0.92603546,1,1,1) very rare (1-5)
4175,0.56318533,0.43681467,0,1,1) very rare (1-5)
4176,0.5033569,0.49664313,1,2,1) very rare (1-5)
4177,0.95815045,0.041849554,0,15,2) rare (6-20)
4178,0.013556965,0.98644304,1,21,3) common (21-100)
4179,0.20135808,0.7986419,1,343,4) very common (100+)
4180,0.23028404,0.76971596,1,27,3) common (21-100)
4181,0.16453567,0.83546436,1,1,1) very rare (1-5)
4182,0.084035374,0.9159646,1,1,1) very rare (1-5)
4183,0.09904076,0.90095925,1,0,1) very rare (1-5)
4184,0.02817325,0.97182673,1,237,4) very common (100+)
4185,0.63130146,0.36869854,0,3,1) very rare (1-5)
4186,0.94648194,0.053518057,0,78,3) common (21-100)
4187,0.13112198,0.868878,1,118,4) very common (100+)
4188,0.9278666,0.07213342,0,8,2) rare (6-20)
4189,0.7227583,0.2772417,1,343,4) very common (100+)
4190,0.032847505,0.9671525,1,88,3) common (21-100)
4191,0.5833601,0.41663992,1,372,4) very common (100+)
4192,0.3443721,0.6556279,1,261,4) very common (100+)
4193,0.70308536,0.29691464,0,275,4) very common (100+)
4194,0.7519849,0.2480151,0,2,1) very rare (1-5)
4195,0.32384175,0.67615825,1,8,2) rare (6-20)
4196,0.8551932,0.1448068,0,37,3) common (21-100)
4197,0.3471105,0.6528895,0,1,1) very rare (1-5)
4198,0.7928627,0.20713729,1,1070,4) very common (100+)
4199,0.06784882,0.9321512,1,2,1) very rare (1-5)
4200,0.045094952,0.95490503,1,2,1) very rare (1-5)
4201,0.41044807,0.5895519,0,12,2) rare (6-20)
4202,0.97642523,0.02357477,0,85,3) common (21-100)
4203,0.9327879,0.067212105,1,1070,4) very common (100+)
4204,0.21475984,0.7852402,0,15,2) rare (6-20)
4205,0.12659201,0.87340796,1,0,1) very rare (1-5)
4206,0.4505904,0.5494096,0,2,1) very rare (1-5)
4207,0.92564625,0.074353755,0,223,4) very common (100+)
4208,0.93793833,0.062061667,1,268,4) very common (100+)
4209,0.2876734,0.7123266,0,223,4) very common (100+)
4210,0.2038692,0.7961308,1,0,1) very rare (1-5)
4211,0.20199549,0.7980045,1,0,1) very rare (1-5)
4212,0.03716311,0.96283686,1,0,1) very rare (1-5)
4213,0.34229112,0.6577089,1,0,1) very rare (1-5)
4214,0.33055082,0.6694492,1,2,1) very rare (1-5)
4215,0.43549928,0.5645007,1,12,2) rare (6-20)
4216,0.6183517,0.3816483,0,46,3) common (21-100)
4217,0.46000156,0.5399984,0,10,2) rare (6-20)
4218,0.66559696,0.33440304,1,70,3) common (21-100)
4219,0.014389935,0.98561007,1,1,1) very rare (1-5)
4220,0.6139148,0.3860852,1,0,1) very rare (1-5)
4221,0.81100625,0.18899375,1,0,1) very rare (1-5)
4222,0.31980217,0.68019783,0,2,1) very rare (1-5)
4223,0.82612574,0.17387426,0,11,2) rare (6-20)
4224,0.37012407,0.6298759,1,160,4) very common (100+)
4225,0.34166026,0.65833974,1,2,1) very rare (1-5)
4226,0.89232224,0.10767776,0,66,3) common (21-100)
4227,0.1406576,0.8593424,1,16,2) rare (6-20)
4228,0.20892423,0.79107577,1,7,2) rare (6-20)
4229,0.89679825,0.10320175,0,26,3) common (21-100)
4230,0.95178366,0.048216343,0,223,4) very common (100+)
4231,0.07814608,0.9218539,1,1,1) very rare (1-5)
4232,0.1960417,0.8039583,1,0,1) very rare (1-5)
4233,0.99389946,0.0061005354,0,1000,4) very common (100+)
4234,0.023872485,0.9761275,1,0,1) very rare (1-5)
4235,0.054268155,0.9457318,1,1,1) very rare (1-5)
4236,0.33252016,0.6674799,1,58,3) common (21-100)
4237,0.0880582,0.91194177,1,1,1) very rare (1-5)
4238,0.96734834,0.032651663,0,421,4) very common (100+)
4239,0.0723448,0.9276552,1,26,3) common (21-100)
4240,0.60074365,0.39925635,0,1,1) very rare (1-5)
4241,0.258708,0.741292,1,1,1) very rare (1-5)
4242,0.35129762,0.6487024,0,6,2) rare (6-20)
4243,0.7221124,0.27788758,0,9,2) rare (6-20)
4244,0.5307721,0.4692279,0,421,4) very common (100+)
4245,0.95394325,0.046056747,0,1070,4) very common (100+)
4246,0.47711352,0.5228865,1,28,3) common (21-100)
4247,0.8886531,0.1113469,0,37,3) common (21-100)
4248,0.8470673,0.1529327,1,15,2) rare (6-20)
4249,0.15948611,0.8405139,0,1,1) very rare (1-5)
4250,0.42957696,0.570423,1,69,3) common (21-100)
4251,0.5454712,0.4545288,1,1,1) very rare (1-5)
4252,0.24523321,0.7547668,1,4,1) very rare (1-5)
4253,0.14639685,0.8536031,1,19,2) rare (6-20)
4254,0.53783864,0.46216136,0,21,3) common (21-100)
4255,0.2229247,0.7770753,1,24,3) common (21-100)
4256,0.49780515,0.5021949,1,7,2) rare (6-20)
4257,0.29082495,0.70917505,1,700,4) very common (100+)
4258,0.13215367,0.8678463,1,0,1) very rare (1-5)
4259,0.97420764,0.02579236,0,52,3) common (21-100)
4260,0.059295673,0.94070435,1,178,4) very common (100+)
4261,0.37063172,0.6293683,1,0,1) very rare (1-5)
4262,0.8519393,0.14806068,1,2,1) very rare (1-5)
4263,0.08119845,0.91880155,1,16,2) rare (6-20)
4264,0.25603035,0.7439697,1,0,1) very rare (1-5)
4265,0.89901227,0.10098773,0,343,4) very common (100+)
4266,0.046738874,0.95326114,1,700,4) very common (100+)
4267,0.9477372,0.052262783,1,0,1) very rare (1-5)
4268,0.32679316,0.6732068,1,78,3) common (21-100)
4269,0.5769928,0.4230072,0,372,4) very common (100+)
4270,0.39911845,0.6008816,0,1070,4) very common (100+)
4271,0.90241444,0.09758556,0,3,1) very rare (1-5)
4272,0.13465154,0.86534846,1,19,2) rare (6-20)
4273,0.06461141,0.93538857,1,0,1) very rare (1-5)
4274,0.7659542,0.2340458,0,3,1) very rare (1-5)
4275,0.6483346,0.35166538,0,34,3) common (21-100)
4276,0.7151005,0.28489947,0,100,3) common (21-100)
4277,0.2602337,0.7397663,1,2,1) very rare (1-5)
4278,0.4328534,0.5671466,0,1,1) very rare (1-5)
4279,0.2023412,0.7976588,0,0,1) very rare (1-5)
4280,0.5778653,0.4221347,1,166,4) very common (100+)
4281,0.5502722,0.44972777,0,4,1) very rare (1-5)
4282,0.7124588,0.2875412,0,261,4) very common (100+)
4283,0.44800037,0.5519996,1,1,1) very rare (1-5)
4284,0.27433062,0.7256694,0,134,4) very common (100+)
4285,0.18142793,0.81857204,1,82,3) common (21-100)
4286,0.20598474,0.7940153,1,2,1) very rare (1-5)
4287,0.7732046,0.22679538,0,60,3) common (21-100)
4288,0.046192847,0.9538072,1,0,1) very rare (1-5)
4289,0.9035493,0.09645069,0,2,1) very rare (1-5)
4290,0.23362577,0.76637423,1,9,2) rare (6-20)
4291,0.11797286,0.88202715,1,0,1) very rare (1-5)
4292,0.12139047,0.87860954,1,4,1) very rare (1-5)
4293,0.27013803,0.729862,1,1,1) very rare (1-5)
4294,0.4865926,0.5134074,1,4,1) very rare (1-5)
4295,0.82604665,0.17395335,1,8,2) rare (6-20)
4296,0.8989246,0.10107541,0,38,3) common (21-100)
4297,0.4646231,0.5353769,0,22,3) common (21-100)
4298,0.8996197,0.1003803,0,14,2) rare (6-20)
4299,0.44340748,0.5565925,0,43,3) common (21-100)
4300,0.08647521,0.9135248,1,0,1) very rare (1-5)
4301,0.93183213,0.068167865,1,12,2) rare (6-20)
4302,0.18941133,0.81058866,1,0,1) very rare (1-5)
4303,0.6042879,0.39571208,0,12,2) rare (6-20)
4304,0.42047852,0.5795215,1,5,1) very rare (1-5)
4305,0.13160518,0.86839485,0,49,3) common (21-100)
4306,0.71500456,0.28499544,0,1290,4) very common (100+)
4307,0.35090303,0.64909697,0,159,4) very common (100+)
4308,0.08504249,0.9149575,1,1,1) very rare (1-5)
4309,0.21935841,0.78064156,1,274,4) very common (100+)
4310,0.09380729,0.9061927,1,1,1) very rare (1-5)
4311,0.6878983,0.31210172,1,1,1) very rare (1-5)
4312,0.9157601,0.0842399,1,268,4) very common (100+)
4313,0.9509027,0.0490973,0,91,3) common (21-100)
4314,0.88610053,0.11389947,0,10,2) rare (6-20)
4315,0.5409641,0.45903587,1,14,2) rare (6-20)
4316,0.569469,0.43053102,0,2,1) very rare (1-5)
4317,0.9058389,0.09416109,0,1290,4) very common (100+)
4318,0.15735026,0.84264976,1,1,1) very rare (1-5)
4319,0.7870076,0.21299243,1,0,1) very rare (1-5)
4320,0.86803466,0.13196534,0,118,4) very common (100+)
4321,0.8468472,0.15315282,0,700,4) very common (100+)
4322,0.26851898,0.731481,1,2,1) very rare (1-5)
4323,0.11626696,0.88373303,1,0,1) very rare (1-5)
4324,0.8620665,0.1379335,0,343,4) very common (100+)
4325,0.32296833,0.67703164,1,0,1) very rare (1-5)
4326,0.2340944,0.7659056,1,3,1) very rare (1-5)
4327,0.7503093,0.24969071,0,5,1) very rare (1-5)
4328,0.042543594,0.9574564,1,8,2) rare (6-20)
4329,0.7180039,0.28199607,1,21,3) common (21-100)
4330,0.057717,0.942283,1,13,2) rare (6-20)
4331,0.27862746,0.72137254,0,372,4) very common (100+)
4332,0.7261644,0.2738356,0,178,4) very common (100+)
4333,0.6121207,0.3878793,0,2,1) very rare (1-5)
4334,0.8807558,0.11924422,0,1000,4) very common (100+)
4335,0.7811586,0.21884137,1,7,2) rare (6-20)
4336,0.2954152,0.70458484,0,38,3) common (21-100)
4337,0.025922017,0.974078,0,17,2) rare (6-20)
4338,0.73110896,0.26889104,1,7,2) rare (6-20)
4339,0.64814746,0.35185254,1,76,3) common (21-100)
4340,0.72282875,0.27717125,0,160,4) very common (100+)
4341,0.75628746,0.24371254,1,36,3) common (21-100)
4342,0.56062514,0.43937486,0,421,4) very common (100+)
4343,0.084961146,0.9150388,1,5,1) very rare (1-5)
4344,0.17852375,0.8214762,1,0,1) very rare (1-5)
4345,0.39519534,0.60480464,1,3,1) very rare (1-5)
4346,0.17930372,0.8206963,1,14,2) rare (6-20)
4347,0.030053662,0.9699463,1,19,2) rare (6-20)
4348,0.8217739,0.17822611,0,1,1) very rare (1-5)
4349,0.09570676,0.90429324,1,1,1) very rare (1-5)
4350,0.87377,0.12623,1,1,1) very rare (1-5)
4351,0.86721,0.13279003,0,7,2) rare (6-20)
4352,0.26551387,0.7344861,0,1,1) very rare (1-5)
4353,0.98004293,0.019957066,0,274,4) very common (100+)
4354,0.1757243,0.82427573,1,58,3) common (21-100)
4355,0.5329007,0.4670993,0,237,4) very common (100+)
4356,0.23854102,0.761459,0,8,2) rare (6-20)
4357,0.18044004,0.81955993,1,0,1) very rare (1-5)
4358,0.56999743,0.43000257,1,275,4) very common (100+)
4359,0.27279288,0.7272071,0,8,2) rare (6-20)
4360,0.5994749,0.4005251,1,0,1) very rare (1-5)
4361,0.23287618,0.7671238,1,0,1) very rare (1-5)
4362,0.11667271,0.8833273,0,24,3) common (21-100)
4363,0.9529008,0.047099173,0,23,3) common (21-100)
4364,0.44134453,0.5586555,0,1290,4) very common (100+)
4365,0.20576811,0.7942319,0,9,2) rare (6-20)
4366,0.9852314,0.0147686,0,71,3) common (21-100)
4367,0.09008552,0.9099145,1,0,1) very rare (1-5)
4368,0.88777065,0.11222935,0,91,3) common (21-100)
4369,0.23574638,0.7642536,1,19,2) rare (6-20)
4370,0.37319037,0.6268096,1,1070,4) very common (100+)
4371,0.86014044,0.13985956,0,13,2) rare (6-20)
4372,0.38277745,0.61722255,1,4,1) very rare (1-5)
4373,0.93634886,0.063651145,0,39,3) common (21-100)
4374,0.28450313,0.7154969,0,118,4) very common (100+)
4375,0.7549704,0.24502963,1,46,3) common (21-100)
4376,0.80657643,0.19342357,1,1070,4) very common (100+)
4377,0.8915979,0.10840207,1,0,1) very rare (1-5)
4378,0.22454342,0.77545655,0,1,1) very rare (1-5)
4379,0.9952254,0.0047745705,0,89,3) common (21-100)
4380,0.6711235,0.3288765,1,44,3) common (21-100)
4381,0.73651737,0.26348263,0,343,4) very common (100+)
4382,0.07628699,0.923713,1,0,1) very rare (1-5)
4383,0.9066856,0.09331441,0,421,4) very common (100+)
4384,0.56894743,0.43105257,0,275,4) very common (100+)
4385,0.37674537,0.62325466,0,1,1) very rare (1-5)
4386,0.64402133,0.35597867,0,343,4) very common (100+)
4387,0.28270096,0.71729904,1,0,1) very rare (1-5)
4388,0.5505895,0.4494105,1,275,4) very common (100+)
4389,0.121726625,0.87827337,0,3,1) very rare (1-5)
4390,0.85917,0.14082998,0,700,4) very common (100+)
4391,0.8211078,0.1788922,1,1,1) very rare (1-5)
4392,0.49720147,0.50279856,1,268,4) very common (100+)
4393,0.7502127,0.24978727,0,92,3) common (21-100)
4394,0.45491692,0.54508305,0,106,4) very common (100+)
4395,0.107896626,0.8921034,1,1,1) very rare (1-5)
4396,0.91673416,0.08326584,1,146,4) very common (100+)
4397,0.7274849,0.27251512,0,7,2) rare (6-20)
4398,0.86258817,0.13741183,0,261,4) very common (100+)
4399,0.7347955,0.2652045,1,21,3) common (21-100)
4400,0.8000737,0.19992632,0,46,3) common (21-100)
4401,0.9450179,0.054982126,0,1000,4) very common (100+)
4402,0.8662676,0.13373238,0,30,3) common (21-100)
4403,0.26213473,0.73786527,1,160,4) very common (100+)
4404,0.4492314,0.5507686,1,27,3) common (21-100)
4405,0.38519895,0.61480105,1,0,1) very rare (1-5)
4406,0.447394,0.552606,1,107,4) very common (100+)
4407,0.871271,0.12872899,1,25,3) common (21-100)
4408,0.12946887,0.87053114,1,0,1) very rare (1-5)
4409,0.6281131,0.3718869,0,700,4) very common (100+)
4410,0.9388806,0.061119378,0,30,3) common (21-100)
4411,0.5527427,0.44725728,0,1,1) very rare (1-5)
4412,0.8804231,0.11957687,0,12,2) rare (6-20)
4413,0.47318,0.52682,0,6,2) rare (6-20)
4414,0.97427976,0.025720239,0,274,4) very common (100+)
4415,0.46725804,0.53274196,1,0,1) very rare (1-5)
4416,0.43938276,0.5606172,1,105,4) very common (100+)
4417,0.28372177,0.7162782,1,100,3) common (21-100)
4418,0.3119616,0.6880384,0,4,1) very rare (1-5)
4419,0.106829435,0.8931706,0,3,1) very rare (1-5)
4420,0.8314653,0.1685347,0,5,1) very rare (1-5)
4421,0.93218046,0.067819536,0,89,3) common (21-100)
4422,0.16259919,0.8374008,1,2,1) very rare (1-5)
4423,0.5630667,0.43693328,0,146,4) very common (100+)
4424,0.3646627,0.6353373,0,700,4) very common (100+)
4425,0.1801528,0.8198472,0,1,1) very rare (1-5)
4426,0.5047087,0.4952913,1,0,1) very rare (1-5)
4427,0.36841756,0.63158244,1,1,1) very rare (1-5)
4428,0.3939507,0.6060493,1,1,1) very rare (1-5)
4429,0.44318593,0.5568141,1,372,4) very common (100+)
4430,0.122675374,0.87732464,0,30,3) common (21-100)
4431,0.062255878,0.93774414,1,23,3) common (21-100)
4432,0.016743058,0.98325694,1,6,2) rare (6-20)
4433,0.9752603,0.024739683,0,25,3) common (21-100)
4434,0.2235311,0.7764689,1,134,4) very common (100+)
4435,0.8166827,0.1833173,0,108,4) very common (100+)
4436,0.056543503,0.9434565,1,41,3) common (21-100)
4437,0.23750462,0.7624954,1,1070,4) very common (100+)
4438,0.6334095,0.3665905,1,3,1) very rare (1-5)
4439,0.8855696,0.11443043,0,71,3) common (21-100)
4440,0.16788016,0.8321198,1,223,4) very common (100+)
4441,0.62948674,0.37051326,0,160,4) very common (100+)
4442,0.41769233,0.5823077,1,121,4) very common (100+)
4443,0.022713758,0.9772862,1,5,1) very rare (1-5)
4444,0.12600076,0.87399924,0,20,2) rare (6-20)
4445,0.59787893,0.40212107,1,1290,4) very common (100+)
4446,0.88764477,0.11235523,0,223,4) very common (100+)
4447,0.2251829,0.7748171,1,1,1) very rare (1-5)
4448,0.77137816,0.22862184,0,1070,4) very common (100+)
4449,0.06979039,0.93020964,1,0,1) very rare (1-5)
4450,0.2564982,0.7435018,1,2,1) very rare (1-5)
4451,0.99383473,0.006165266,0,1000,4) very common (100+)
4452,0.438869,0.561131,0,1070,4) very common (100+)
4453,0.5242283,0.47577173,1,134,4) very common (100+)
4454,0.25189057,0.74810946,1,2,1) very rare (1-5)
4455,0.5004372,0.4995628,1,28,3) common (21-100)
4456,0.39702246,0.6029775,1,0,1) very rare (1-5)
4457,0.985523,0.014477015,0,118,4) very common (100+)
4458,0.53011763,0.46988237,0,105,4) very common (100+)
4459,0.19896838,0.8010316,0,33,3) common (21-100)
4460,0.6230031,0.37699687,1,261,4) very common (100+)
4461,0.65842026,0.34157974,1,6,2) rare (6-20)
4462,0.94197714,0.058022857,0,90,3) common (21-100)
4463,0.07110653,0.92889345,1,45,3) common (21-100)
4464,0.034966603,0.9650334,1,4,1) very rare (1-5)
4465,0.2387989,0.7612011,0,3,1) very rare (1-5)
4466,0.33860546,0.66139454,1,1070,4) very common (100+)
4467,0.9651107,0.03488928,0,0,1) very rare (1-5)
4468,0.09971574,0.9002843,0,60,3) common (21-100)
4469,0.27194637,0.7280536,1,0,1) very rare (1-5)
4470,0.6739077,0.3260923,0,118,4) very common (100+)
4471,0.35101,0.64899004,0,0,1) very rare (1-5)
4472,0.30939427,0.69060576,1,0,1) very rare (1-5)
4473,0.5579329,0.4420671,1,30,3) common (21-100)
4474,0.42241624,0.5775838,0,1290,4) very common (100+)
4475,0.95857054,0.04142946,0,99,3) common (21-100)
4476,0.99105364,0.008946359,0,89,3) common (21-100)
4477,0.3213989,0.6786011,1,1,1) very rare (1-5)
4478,0.34443173,0.65556824,1,2,1) very rare (1-5)
4479,0.21125655,0.78874344,1,0,1) very rare (1-5)
4480,0.86624515,0.13375485,0,89,3) common (21-100)
4481,0.49881098,0.501189,0,343,4) very common (100+)
4482,0.4210106,0.5789894,1,60,3) common (21-100)
4483,0.35285765,0.64714235,0,12,2) rare (6-20)
4484,0.19433832,0.8056617,1,24,3) common (21-100)
4485,0.50486404,0.49513596,1,1070,4) very common (100+)
4486,0.13803826,0.8619617,1,0,1) very rare (1-5)
4487,0.7485758,0.2514242,0,91,3) common (21-100)
4488,0.8082789,0.19172108,0,343,4) very common (100+)
4489,0.5553113,0.44468868,1,16,2) rare (6-20)
4490,0.09562694,0.90437305,1,2,1) very rare (1-5)
4491,0.6094307,0.39056933,0,1070,4) very common (100+)
4492,0.6557878,0.34421217,1,1000,4) very common (100+)
4493,0.33414182,0.66585815,0,268,4) very common (100+)
4494,0.38965976,0.61034024,1,0,1) very rare (1-5)
4495,0.32498777,0.67501223,0,1,1) very rare (1-5)
4496,0.88409585,0.11590415,0,178,4) very common (100+)
4497,0.12648083,0.8735192,1,0,1) very rare (1-5)
4498,0.37875974,0.62124026,1,700,4) very common (100+)
4499,0.16936305,0.830637,1,1,1) very rare (1-5)
4500,0.29328385,0.7067162,1,2,1) very rare (1-5)
4501,0.44102892,0.55897105,1,5,1) very rare (1-5)
4502,0.92270607,0.07729393,0,36,3) common (21-100)
4503,0.25897697,0.74102306,1,1,1) very rare (1-5)
4504,0.22943528,0.77056473,1,0,1) very rare (1-5)
4505,0.96031964,0.03968036,1,268,4) very common (100+)
4506,0.34809652,0.6519035,1,107,4) very common (100+)
4507,0.35818756,0.64181244,1,0,1) very rare (1-5)
4508,0.4108428,0.5891572,0,159,4) very common (100+)
4509,0.34000176,0.65999824,0,1,1) very rare (1-5)
4510,0.4629599,0.5370401,1,2,1) very rare (1-5)
4511,0.5524594,0.44754058,0,33,3) common (21-100)
4512,0.11886015,0.8811399,1,3,1) very rare (1-5)
4513,0.8270461,0.1729539,0,78,3) common (21-100)
4514,0.07984328,0.9201567,1,1,1) very rare (1-5)
4515,0.32650536,0.67349464,0,24,3) common (21-100)
4516,0.10470283,0.89529717,1,20,2) rare (6-20)
4517,0.23475157,0.7652484,1,69,3) common (21-100)
4518,0.45473528,0.5452647,0,118,4) very common (100+)
4519,0.9168037,0.08319628,0,421,4) very common (100+)
4520,0.18141112,0.81858885,1,76,3) common (21-100)
4521,0.44104448,0.55895555,1,36,3) common (21-100)
4522,0.7238308,0.27616918,0,142,4) very common (100+)
4523,0.8612645,0.13873547,1,5,1) very rare (1-5)
4524,0.6100558,0.3899442,0,1070,4) very common (100+)
4525,0.6300957,0.36990428,1,3,1) very rare (1-5)
4526,0.19102341,0.8089766,1,58,3) common (21-100)
4527,0.3745992,0.6254008,1,2,1) very rare (1-5)
4528,0.27346072,0.72653925,0,38,3) common (21-100)
4529,0.77260894,0.22739106,0,421,4) very common (100+)
4530,0.060680654,0.9393194,0,17,2) rare (6-20)
4531,0.03563355,0.96436644,1,8,2) rare (6-20)
4532,0.72031003,0.27968997,1,3,1) very rare (1-5)
4533,0.5513032,0.4486968,1,1,1) very rare (1-5)
4534,0.40284762,0.59715235,0,1290,4) very common (100+)
4535,0.17018096,0.829819,0,23,3) common (21-100)
4536,0.8325665,0.1674335,0,372,4) very common (100+)
4537,0.424812,0.57518804,1,29,3) common (21-100)
4538,0.13121402,0.868786,1,2,1) very rare (1-5)
4539,0.78626287,0.21373713,1,5,1) very rare (1-5)
4540,0.5781022,0.42189783,1,160,4) very common (100+)
4541,0.29248142,0.7075186,0,0,1) very rare (1-5)
4542,0.59495455,0.40504545,1,6,2) rare (6-20)
4543,0.6016094,0.3983906,0,16,2) rare (6-20)
4544,0.14187312,0.8581269,1,3,1) very rare (1-5)
4545,0.8483614,0.15163863,1,89,3) common (21-100)
4546,0.86096114,0.13903886,0,1000,4) very common (100+)
4547,0.7481618,0.2518382,0,58,3) common (21-100)
4548,0.4757324,0.5242676,0,28,3) common (21-100)
4549,0.9209846,0.079015374,1,5,1) very rare (1-5)
4550,0.023495013,0.976505,1,421,4) very common (100+)
4551,0.5265326,0.4734674,0,26,3) common (21-100)
4552,0.78465545,0.21534455,1,1,1) very rare (1-5)
4553,0.80244386,0.19755614,1,160,4) very common (100+)
4554,0.4752356,0.5247644,1,118,4) very common (100+)
4555,0.52240664,0.47759336,0,1290,4) very common (100+)
4556,0.95695955,0.043040454,0,1000,4) very common (100+)
4557,0.012788109,0.9872119,1,10,2) rare (6-20)
4558,0.88318884,0.116811156,0,99,3) common (21-100)
4559,0.81582797,0.18417203,0,1290,4) very common (100+)
4560,0.8443146,0.15568542,0,1070,4) very common (100+)
4561,0.5757443,0.42425573,0,1070,4) very common (100+)
4562,0.4057506,0.59424937,0,134,4) very common (100+)
4563,0.9650342,0.034965813,0,142,4) very common (100+)
4564,0.50566,0.49434,1,70,3) common (21-100)
4565,0.4723784,0.5276216,0,85,3) common (21-100)
4566,0.76989967,0.23010033,0,1070,4) very common (100+)
4567,0.19582862,0.8041714,1,1,1) very rare (1-5)
4568,0.9400332,0.059966803,0,1000,4) very common (100+)
4569,0.048572958,0.95142704,1,6,2) rare (6-20)
4570,0.13912717,0.86087286,1,0,1) very rare (1-5)
4571,0.60552293,0.39447707,1,1290,4) very common (100+)
4572,0.86498773,0.13501227,0,5,1) very rare (1-5)
4573,0.73454565,0.26545435,0,1290,4) very common (100+)
4574,0.38642824,0.61357176,1,275,4) very common (100+)
4575,0.35223,0.64777,1,14,2) rare (6-20)
4576,0.4266582,0.5733418,0,146,4) very common (100+)
4577,0.14676066,0.85323936,0,1,1) very rare (1-5)
4578,0.8858398,0.11416018,1,8,2) rare (6-20)
4579,0.8606784,0.13932163,0,3,1) very rare (1-5)
4580,0.7949198,0.20508021,1,1070,4) very common (100+)
4581,0.7858298,0.21417022,0,223,4) very common (100+)
4582,0.29786232,0.7021377,0,1,1) very rare (1-5)
4583,0.85067195,0.14932805,0,108,4) very common (100+)
4584,0.10015517,0.8998448,1,3,1) very rare (1-5)
4585,0.4644585,0.53554153,1,159,4) very common (100+)
4586,0.12266437,0.8773356,0,275,4) very common (100+)
4587,0.07409509,0.9259049,1,5,1) very rare (1-5)
4588,0.05161624,0.94838375,1,1,1) very rare (1-5)
4589,0.7826985,0.21730149,0,66,3) common (21-100)
4590,0.882257,0.117743015,1,1070,4) very common (100+)
4591,0.2707644,0.7292356,1,107,4) very common (100+)
4592,0.48908073,0.5109193,0,2,1) very rare (1-5)
4593,0.8920411,0.10795891,1,1070,4) very common (100+)
4594,0.56715214,0.43284786,0,91,3) common (21-100)
4595,0.86969084,0.13030916,0,66,3) common (21-100)
4596,0.6747891,0.32521093,1,3,1) very rare (1-5)
4597,0.28933072,0.7106693,0,0,1) very rare (1-5)
4598,0.9271045,0.07289553,1,111,4) very common (100+)
4599,0.87954366,0.12045634,0,700,4) very common (100+)
4600,0.58042383,0.41957617,0,46,3) common (21-100)
4601,0.9839318,0.01606822,0,211,4) very common (100+)
4602,0.02636748,0.9736325,1,1,1) very rare (1-5)
4603,0.10532485,0.89467514,0,0,1) very rare (1-5)
4604,0.28628728,0.7137127,1,26,3) common (21-100)
4605,0.045957793,0.9540422,1,13,2) rare (6-20)
4606,0.104339816,0.89566016,0,274,4) very common (100+)
4607,0.17547284,0.82452714,1,24,3) common (21-100)
4608,0.77542555,0.22457445,0,1070,4) very common (100+)
4609,0.34119818,0.6588018,1,44,3) common (21-100)
4610,0.71279275,0.28720725,0,166,4) very common (100+)
4611,0.3140724,0.6859276,0,47,3) common (21-100)
4612,0.38647714,0.6135229,1,0,1) very rare (1-5)
4613,0.076434925,0.9235651,1,3,1) very rare (1-5)
4614,0.8318215,0.1681785,0,10,2) rare (6-20)
4615,0.8107882,0.18921179,1,1,1) very rare (1-5)
4616,0.5126811,0.48731887,1,0,1) very rare (1-5)
4617,0.33383486,0.6661651,0,28,3) common (21-100)
4618,0.083277754,0.91672224,1,1,1) very rare (1-5)
4619,0.74117666,0.25882334,1,166,4) very common (100+)
4620,0.18535993,0.81464005,0,3,1) very rare (1-5)
4621,0.587779,0.412221,0,100,3) common (21-100)
4622,0.6955813,0.30441868,0,7,2) rare (6-20)
4623,0.3881655,0.6118345,0,12,2) rare (6-20)
4624,0.12418495,0.87581503,0,15,2) rare (6-20)
4625,0.41704962,0.58295035,0,1070,4) very common (100+)
4626,0.023258671,0.9767413,0,1,1) very rare (1-5)
4627,0.6296069,0.3703931,1,26,3) common (21-100)
4628,0.8728493,0.12715071,1,12,2) rare (6-20)
4629,0.35814023,0.64185977,1,2,1) very rare (1-5)
4630,0.55654323,0.44345677,0,4,1) very rare (1-5)
4631,0.36453062,0.6354694,1,51,3) common (21-100)
4632,0.768861,0.231139,0,160,4) very common (100+)
4633,0.5657853,0.4342147,0,6,2) rare (6-20)
4634,0.68875635,0.31124365,0,6,2) rare (6-20)
4635,0.49113056,0.5088694,0,1000,4) very common (100+)
4636,0.9679924,0.032007575,0,105,4) very common (100+)
4637,0.4577992,0.5422008,1,1000,4) very common (100+)
4638,0.6839434,0.3160566,0,123,4) very common (100+)
4639,0.037539344,0.96246064,1,0,1) very rare (1-5)
4640,0.110564366,0.88943565,1,15,2) rare (6-20)
4641,0.37583187,0.62416816,1,0,1) very rare (1-5)
4642,0.9924821,0.0075178742,0,1000,4) very common (100+)
4643,0.34511665,0.6548834,1,99,3) common (21-100)
4644,0.46145806,0.5385419,1,0,1) very rare (1-5)
4645,0.44808275,0.55191725,1,0,1) very rare (1-5)
4646,0.96281695,0.037183046,0,15,2) rare (6-20)
4647,0.4564007,0.5435993,1,89,3) common (21-100)
4648,0.22026192,0.77973807,1,28,3) common (21-100)
4649,0.65104866,0.34895134,0,261,4) very common (100+)
4650,0.123529024,0.876471,1,0,1) very rare (1-5)
4651,0.70910823,0.29089177,0,4,1) very rare (1-5)
4652,0.5771621,0.4228379,1,89,3) common (21-100)
4653,0.32545272,0.6745473,1,40,3) common (21-100)
4654,0.046065237,0.9539348,1,5,1) very rare (1-5)
4655,0.2511012,0.7488988,1,1,1) very rare (1-5)
4656,0.9852669,0.014733076,0,700,4) very common (100+)
4657,0.5777965,0.42220348,0,100,3) common (21-100)
4658,0.094448745,0.90555125,1,0,1) very rare (1-5)
4659,0.103645004,0.896355,0,2,1) very rare (1-5)
4660,0.18729024,0.81270975,1,261,4) very common (100+)
4661,0.11557501,0.884425,1,1,1) very rare (1-5)
4662,0.10282555,0.8971745,1,0,1) very rare (1-5)
4663,0.3264353,0.6735647,0,0,1) very rare (1-5)
4664,0.075821094,0.9241789,1,0,1) very rare (1-5)
4665,0.17549084,0.82450914,0,4,1) very rare (1-5)
4666,0.17935285,0.8206471,1,372,4) very common (100+)
4667,0.72353035,0.27646965,1,118,4) very common (100+)
4668,0.37095934,0.62904066,0,2,1) very rare (1-5)
4669,0.4457826,0.5542174,1,1,1) very rare (1-5)
4670,0.7574808,0.2425192,1,27,3) common (21-100)
4671,0.47966665,0.52033335,0,99,3) common (21-100)
4672,0.90211403,0.09788597,0,102,4) very common (100+)
4673,0.14518315,0.85481685,0,60,3) common (21-100)
4674,0.82816267,0.17183733,0,134,4) very common (100+)
4675,0.6189703,0.38102973,0,105,4) very common (100+)
4676,0.6006696,0.39933038,1,18,2) rare (6-20)
4677,0.9558765,0.04412347,0,25,3) common (21-100)
4678,0.08264944,0.91735053,1,2,1) very rare (1-5)
4679,0.90565044,0.09434956,0,105,4) very common (100+)
4680,0.14873269,0.85126734,1,2,1) very rare (1-5)
4681,0.49284324,0.5071567,0,142,4) very common (100+)
4682,0.6902071,0.30979288,0,5,1) very rare (1-5)
4683,0.35509133,0.64490867,1,5,1) very rare (1-5)
4684,0.24513468,0.7548653,1,9,2) rare (6-20)
4685,0.5699878,0.43001223,1,1290,4) very common (100+)
4686,0.62138414,0.37861586,0,178,4) very common (100+)
4687,0.052285448,0.94771457,1,142,4) very common (100+)
4688,0.20282531,0.7971747,0,0,1) very rare (1-5)
4689,0.7674716,0.23252839,0,178,4) very common (100+)
4690,0.26655516,0.7334448,1,28,3) common (21-100)
4691,0.86477953,0.13522047,0,15,2) rare (6-20)
4692,0.64577395,0.35422605,1,1290,4) very common (100+)
4693,0.07830687,0.92169315,0,66,3) common (21-100)
4694,0.07669825,0.92330176,1,2,1) very rare (1-5)
4695,0.86430687,0.13569313,0,1290,4) very common (100+)
4696,0.37375838,0.6262416,1,0,1) very rare (1-5)
4697,0.5191481,0.4808519,1,1,1) very rare (1-5)
4698,0.22447398,0.77552605,0,79,3) common (21-100)
4699,0.13900734,0.86099267,1,41,3) common (21-100)
4700,0.5806063,0.41939372,0,166,4) very common (100+)
4701,0.24996075,0.7500392,1,1,1) very rare (1-5)
4702,0.8667463,0.1332537,1,118,4) very common (100+)
4703,0.99547076,0.0045292377,0,1000,4) very common (100+)
4704,0.3027531,0.6972469,0,18,2) rare (6-20)
4705,0.3520469,0.6479531,1,15,2) rare (6-20)
4706,0.3884709,0.6115291,1,0,1) very rare (1-5)
4707,0.5247597,0.4752403,1,0,1) very rare (1-5)
4708,0.081536286,0.9184637,1,70,3) common (21-100)
4709,0.14789441,0.8521056,1,1,1) very rare (1-5)
4710,0.8231422,0.17685783,0,17,2) rare (6-20)
4711,0.512261,0.48773903,0,23,3) common (21-100)
4712,0.50481796,0.49518204,0,275,4) very common (100+)
4713,0.31607553,0.68392444,1,4,1) very rare (1-5)
4714,0.48552316,0.51447684,1,3,1) very rare (1-5)
4715,0.98654956,0.013450444,0,118,4) very common (100+)
4716,0.38005233,0.6199477,1,0,1) very rare (1-5)
4717,0.85624355,0.14375645,0,21,3) common (21-100)
4718,0.15568253,0.84431744,1,24,3) common (21-100)
4719,0.96619874,0.033801258,0,237,4) very common (100+)
4720,0.03316221,0.96683776,1,0,1) very rare (1-5)
4721,0.99579704,0.004202962,0,1000,4) very common (100+)
4722,0.16886476,0.8311353,1,7,2) rare (6-20)
4723,0.12619978,0.8738002,1,1,1) very rare (1-5)
4724,0.519479,0.48052102,0,5,1) very rare (1-5)
4725,0.42150694,0.57849306,1,11,2) rare (6-20)
4726,0.28963807,0.71036196,0,66,3) common (21-100)
4727,0.51669556,0.48330444,0,65,3) common (21-100)
4728,0.9263898,0.07361019,0,2,1) very rare (1-5)
4729,0.5671723,0.4328277,0,66,3) common (21-100)
4730,0.5587211,0.44127887,1,70,3) common (21-100)
4731,0.16047414,0.8395259,1,10,2) rare (6-20)
4732,0.9720958,0.027904212,0,89,3) common (21-100)
4733,0.6071876,0.39281237,0,7,2) rare (6-20)
4734,0.9075912,0.09240878,0,182,4) very common (100+)
4735,0.27182883,0.72817117,0,5,1) very rare (1-5)
4736,0.13824819,0.8617518,1,0,1) very rare (1-5)
4737,0.42150047,0.57849956,1,124,4) very common (100+)
4738,0.53637767,0.46362233,1,1,1) very rare (1-5)
4739,0.17941031,0.82058966,1,0,1) very rare (1-5)
4740,0.09114686,0.9088532,1,22,3) common (21-100)
4741,0.14552645,0.85447353,1,4,1) very rare (1-5)
4742,0.61478585,0.38521415,0,34,3) common (21-100)
4743,0.7584411,0.24155891,1,17,2) rare (6-20)
4744,0.12694943,0.8730506,0,0,1) very rare (1-5)
4745,0.03546682,0.9645332,1,0,1) very rare (1-5)
4746,0.5847144,0.4152856,1,146,4) very common (100+)
4747,0.118293025,0.88170695,1,0,1) very rare (1-5)
4748,0.93212813,0.06787187,0,18,2) rare (6-20)
4749,0.589242,0.41075802,0,15,2) rare (6-20)
4750,0.7543188,0.24568123,1,1070,4) very common (100+)
4751,0.4075408,0.5924592,1,1,1) very rare (1-5)
4752,0.5731041,0.42689592,0,1070,4) very common (100+)
4753,0.0964924,0.9035076,0,56,3) common (21-100)
4754,0.35203388,0.64796615,0,5,1) very rare (1-5)
4755,0.8415478,0.15845221,0,275,4) very common (100+)
4756,0.6834613,0.3165387,0,105,4) very common (100+)
4757,0.22656323,0.7734368,1,0,1) very rare (1-5)
4758,0.1866407,0.8133593,1,0,1) very rare (1-5)
4759,0.10583109,0.8941689,1,0,1) very rare (1-5)
4760,0.2044716,0.7955284,1,123,4) very common (100+)
4761,0.32373443,0.6762656,1,62,3) common (21-100)
4762,0.13045031,0.8695497,1,0,1) very rare (1-5)
4763,0.19021663,0.80978334,1,3,1) very rare (1-5)
4764,0.6761779,0.32382208,0,372,4) very common (100+)
4765,0.33467758,0.6653224,1,58,3) common (21-100)
4766,0.64225024,0.35774976,0,105,4) very common (100+)
4767,0.17579482,0.82420516,1,70,3) common (21-100)
4768,0.39865384,0.60134614,1,0,1) very rare (1-5)
4769,0.11832277,0.8816772,0,13,2) rare (6-20)
4770,0.08557666,0.91442335,1,0,1) very rare (1-5)
4771,0.5321574,0.46784258,1,27,3) common (21-100)
4772,0.1967355,0.8032645,1,4,1) very rare (1-5)
4773,0.43278486,0.56721514,1,107,4) very common (100+)
4774,0.96134907,0.03865093,0,99,3) common (21-100)
4775,0.6861951,0.31380492,0,274,4) very common (100+)
4776,0.75349975,0.24650025,0,10,2) rare (6-20)
4777,0.36379367,0.6362063,0,5,1) very rare (1-5)
4778,0.6867239,0.3132761,0,111,4) very common (100+)
4779,0.29339552,0.7066045,0,1,1) very rare (1-5)
4780,0.35968703,0.64031297,1,1,1) very rare (1-5)
4781,0.8735286,0.1264714,0,421,4) very common (100+)
4782,0.88004065,0.119959354,1,52,3) common (21-100)
4783,0.34805176,0.6519482,1,0,1) very rare (1-5)
4784,0.98720247,0.0127975345,0,39,3) common (21-100)
4785,0.09541537,0.90458465,1,2,1) very rare (1-5)
4786,0.38868716,0.61131287,1,268,4) very common (100+)
4787,0.87681746,0.123182535,0,1000,4) very common (100+)
4788,0.6004373,0.39956272,1,35,3) common (21-100)
4789,0.40533626,0.59466374,0,91,3) common (21-100)
4790,0.47425273,0.5257473,0,0,1) very rare (1-5)
4791,0.4128313,0.5871687,1,30,3) common (21-100)
4792,0.03417916,0.96582085,1,3,1) very rare (1-5)
4793,0.77917475,0.22082525,0,166,4) very common (100+)
4794,0.6435489,0.3564511,0,82,3) common (21-100)
4795,0.9137575,0.0862425,1,66,3) common (21-100)
4796,0.64069486,0.35930514,0,237,4) very common (100+)
4797,0.3233582,0.6766418,0,13,2) rare (6-20)
4798,0.2916636,0.7083364,0,12,2) rare (6-20)
4799,0.7510291,0.24897093,0,3,1) very rare (1-5)
4800,0.14949636,0.8505036,1,1290,4) very common (100+)
4801,0.25149295,0.748507,1,3,1) very rare (1-5)
4802,0.49993187,0.5000681,1,160,4) very common (100+)
4803,0.6999554,0.3000446,0,7,2) rare (6-20)
4804,0.058595587,0.9414044,1,0,1) very rare (1-5)
4805,0.6528823,0.34711772,0,24,3) common (21-100)
4806,0.7978029,0.20219707,1,35,3) common (21-100)
4807,0.1952199,0.8047801,0,3,1) very rare (1-5)
4808,0.2915479,0.7084521,0,15,2) rare (6-20)
4809,0.9931678,0.0068321824,0,211,4) very common (100+)
4810,0.5838722,0.4161278,1,0,1) very rare (1-5)
4811,0.021866951,0.978133,0,71,3) common (21-100)
4812,0.7613644,0.2386356,1,0,1) very rare (1-5)
4813,0.39882317,0.60117686,0,178,4) very common (100+)
4814,0.3025189,0.6974811,1,2,1) very rare (1-5)
4815,0.14354798,0.856452,0,3,1) very rare (1-5)
4816,0.22928618,0.7707138,1,118,4) very common (100+)
4817,0.09049562,0.90950435,1,0,1) very rare (1-5)
4818,0.5518839,0.44811612,0,19,2) rare (6-20)
4819,0.17445518,0.82554483,1,0,1) very rare (1-5)
4820,0.49726212,0.5027379,1,30,3) common (21-100)
4821,0.04043771,0.9595623,1,0,1) very rare (1-5)
4822,0.44578958,0.5542104,0,66,3) common (21-100)
4823,0.6516254,0.3483746,0,4,1) very rare (1-5)
4824,0.47714972,0.5228503,1,275,4) very common (100+)
4825,0.2619935,0.7380065,1,38,3) common (21-100)
4826,0.97828776,0.021712244,1,16,2) rare (6-20)
4827,0.8624236,0.1375764,1,2,1) very rare (1-5)
4828,0.436564,0.56343603,0,421,4) very common (100+)
4829,0.08147933,0.9185207,1,3,1) very rare (1-5)
4830,0.9541259,0.04587412,0,8,2) rare (6-20)
4831,0.34949434,0.65050566,0,4,1) very rare (1-5)
4832,0.18902469,0.8109753,1,118,4) very common (100+)
4833,0.09869259,0.9013074,0,2,1) very rare (1-5)
4834,0.92083704,0.079162955,1,0,1) very rare (1-5)
4835,0.9921991,0.007800877,0,274,4) very common (100+)
4836,0.39623332,0.6037667,0,39,3) common (21-100)
4837,0.043693278,0.9563067,1,0,1) very rare (1-5)
4838,0.8606633,0.1393367,1,0,1) very rare (1-5)
4839,0.07227176,0.92772824,0,0,1) very rare (1-5)
4840,0.7883489,0.21165109,0,18,2) rare (6-20)
4841,0.045149576,0.95485044,1,0,1) very rare (1-5)
4842,0.9563428,0.043657184,0,142,4) very common (100+)
4843,0.98421013,0.015789866,0,1000,4) very common (100+)
4844,0.8307703,0.16922969,0,78,3) common (21-100)
4845,0.07377707,0.9262229,1,8,2) rare (6-20)
4846,0.2863128,0.7136872,0,0,1) very rare (1-5)
4847,0.83426183,0.16573817,0,10,2) rare (6-20)
4848,0.586791,0.41320902,0,16,2) rare (6-20)
4849,0.19174664,0.80825335,1,8,2) rare (6-20)
4850,0.97983515,0.020164847,1,0,1) very rare (1-5)
4851,0.23649406,0.76350594,1,9,2) rare (6-20)
4852,0.7715519,0.2284481,0,1290,4) very common (100+)
4853,0.24489816,0.75510186,0,81,3) common (21-100)
4854,0.13098302,0.869017,1,2,1) very rare (1-5)
4855,0.84013796,0.15986204,1,1000,4) very common (100+)
4856,0.20359148,0.79640853,0,41,3) common (21-100)
4857,0.8863558,0.11364418,1,1070,4) very common (100+)
4858,0.3456573,0.6543427,1,44,3) common (21-100)
4859,0.99624723,0.003752768,0,211,4) very common (100+)
4860,0.52134717,0.47865283,1,36,3) common (21-100)
4861,0.66187066,0.33812934,1,268,4) very common (100+)
4862,0.14995284,0.8500472,1,0,1) very rare (1-5)
4863,0.6584114,0.34158862,1,0,1) very rare (1-5)
4864,0.13584156,0.86415845,1,0,1) very rare (1-5)
4865,0.2754361,0.7245639,1,0,1) very rare (1-5)
4866,0.2547603,0.74523973,1,19,2) rare (6-20)
4867,0.79344153,0.20655847,0,2,1) very rare (1-5)
4868,0.5839714,0.41602862,1,1,1) very rare (1-5)
4869,0.43811798,0.561882,1,16,2) rare (6-20)
4870,0.47130442,0.5286956,0,41,3) common (21-100)
4871,0.71031046,0.28968954,0,268,4) very common (100+)
4872,0.6026012,0.39739883,0,134,4) very common (100+)
4873,0.5169489,0.48305112,1,0,1) very rare (1-5)
4874,0.8426023,0.15739769,0,29,3) common (21-100)
4875,0.36043835,0.63956165,1,15,2) rare (6-20)
4876,0.8156598,0.18434018,0,134,4) very common (100+)
4877,0.43591,0.56409,1,56,3) common (21-100)
4878,0.5335312,0.4664688,1,1070,4) very common (100+)
4879,0.7361373,0.26386273,1,0,1) very rare (1-5)
4880,0.74813735,0.25186265,1,19,2) rare (6-20)
4881,0.14197001,0.85802996,0,7,2) rare (6-20)
4882,0.5044371,0.4955629,1,28,3) common (21-100)
4883,0.27521676,0.72478324,1,343,4) very common (100+)
4884,0.59925634,0.40074366,1,0,1) very rare (1-5)
4885,0.9781618,0.021838188,0,37,3) common (21-100)
4886,0.33181956,0.66818047,0,106,4) very common (100+)
4887,0.10768416,0.89231586,1,142,4) very common (100+)
4888,0.97768664,0.022313356,0,89,3) common (21-100)
4889,0.18326491,0.8167351,1,7,2) rare (6-20)
4890,0.06687956,0.9331204,1,0,1) very rare (1-5)
4891,0.1887583,0.8112417,1,3,1) very rare (1-5)
4892,0.84488577,0.15511423,0,1000,4) very common (100+)
4893,0.026718365,0.9732816,1,0,1) very rare (1-5)
4894,0.107945725,0.89205426,1,1,1) very rare (1-5)
4895,0.50880504,0.49119496,0,343,4) very common (100+)
4896,0.90830284,0.09169716,0,2,1) very rare (1-5)
4897,0.909575,0.090425014,1,146,4) very common (100+)
4898,0.19015926,0.80984074,0,4,1) very rare (1-5)
4899,0.5955042,0.40449578,0,92,3) common (21-100)
4900,0.89990884,0.10009116,0,22,3) common (21-100)
4901,0.59851956,0.40148044,0,146,4) very common (100+)
4902,0.022226542,0.9777734,1,4,1) very rare (1-5)
4903,0.99439806,0.0056019425,0,211,4) very common (100+)
4904,0.94987166,0.05012834,0,223,4) very common (100+)
4905,0.98599166,0.014008343,0,10,2) rare (6-20)
4906,0.5236943,0.47630572,0,107,4) very common (100+)
4907,0.27871618,0.7212838,0,0,1) very rare (1-5)
4908,0.52217555,0.47782445,0,78,3) common (21-100)
4909,0.6346501,0.3653499,1,28,3) common (21-100)
4910,0.40457368,0.5954263,1,105,4) very common (100+)
4911,0.65240777,0.34759223,1,2,1) very rare (1-5)
4912,0.77441233,0.22558767,1,1070,4) very common (100+)
4913,0.09548316,0.9045168,1,16,2) rare (6-20)
4914,0.14458624,0.8554138,1,0,1) very rare (1-5)
4915,0.9821702,0.017829776,1,261,4) very common (100+)
4916,0.9103778,0.0896222,0,1070,4) very common (100+)
4917,0.84744585,0.15255415,0,105,4) very common (100+)
4918,0.46044716,0.5395528,0,58,3) common (21-100)
4919,0.98200583,0.017994165,0,1000,4) very common (100+)
4920,0.11602733,0.88397264,1,0,1) very rare (1-5)
4921,0.6819856,0.31801438,0,8,2) rare (6-20)
4922,0.94451797,0.05548203,0,39,3) common (21-100)
4923,0.49131688,0.5086831,1,3,1) very rare (1-5)
4924,0.16885775,0.83114225,1,118,4) very common (100+)
4925,0.52617425,0.47382575,0,89,3) common (21-100)
4926,0.8112824,0.1887176,1,11,2) rare (6-20)
4927,0.8338645,0.16613549,1,1290,4) very common (100+)
4928,0.66437274,0.33562726,1,0,1) very rare (1-5)
4929,0.18853417,0.81146586,0,343,4) very common (100+)
4930,0.31908348,0.68091655,1,1,1) very rare (1-5)
4931,0.2619508,0.7380492,1,5,1) very rare (1-5)
4932,0.10329172,0.89670825,1,0,1) very rare (1-5)
4933,0.06652697,0.93347305,1,0,1) very rare (1-5)
4934,0.67882985,0.32117015,1,8,2) rare (6-20)
4935,0.9955415,0.004458487,0,211,4) very common (100+)
4936,0.6458071,0.3541929,0,14,2) rare (6-20)
4937,0.5106081,0.48939192,1,14,2) rare (6-20)
4938,0.86581135,0.13418865,0,18,2) rare (6-20)
4939,0.7622812,0.23771882,0,23,3) common (21-100)
4940,0.7949018,0.20509821,1,7,2) rare (6-20)
4941,0.8993682,0.10063177,1,700,4) very common (100+)
4942,0.99464536,0.005354643,0,53,3) common (21-100)
4943,0.21411802,0.785882,1,2,1) very rare (1-5)
4944,0.24125832,0.7587417,1,160,4) very common (100+)
4945,0.07209941,0.9279006,1,0,1) very rare (1-5)
4946,0.6258567,0.3741433,0,5,1) very rare (1-5)
4947,0.14693172,0.8530683,1,1,1) very rare (1-5)
4948,0.85715675,0.14284325,1,261,4) very common (100+)
4949,0.111022316,0.8889777,0,0,1) very rare (1-5)
4950,0.9618836,0.038116395,0,142,4) very common (100+)
4951,0.33496463,0.66503537,1,1,1) very rare (1-5)
4952,0.034028683,0.9659713,0,0,1) very rare (1-5)
4953,0.45385745,0.5461426,0,4,1) very rare (1-5)
4954,0.05441243,0.9455876,1,0,1) very rare (1-5)
4955,0.14790638,0.85209364,1,0,1) very rare (1-5)
4956,0.8768838,0.123116195,1,5,1) very rare (1-5)
4957,0.2962849,0.7037151,0,7,2) rare (6-20)
4958,0.2118166,0.7881834,1,31,3) common (21-100)
4959,0.3555634,0.6444366,1,4,1) very rare (1-5)
4960,0.8953402,0.104659796,1,36,3) common (21-100)
4961,0.54511106,0.45488894,1,343,4) very common (100+)
4962,0.31940255,0.6805974,1,23,3) common (21-100)
4963,0.81162447,0.18837553,1,178,4) very common (100+)
4964,0.3064467,0.6935533,0,0,1) very rare (1-5)
4965,0.45537314,0.54462683,1,268,4) very common (100+)
4966,0.5208647,0.47913527,1,58,3) common (21-100)
4967,0.24190412,0.75809586,0,4,1) very rare (1-5)
4968,0.38795358,0.6120464,1,8,2) rare (6-20)
4969,0.44745547,0.55254453,0,5,1) very rare (1-5)
4970,0.43310428,0.5668957,1,0,1) very rare (1-5)
4971,0.33592784,0.66407216,0,17,2) rare (6-20)
4972,0.8891868,0.1108132,1,1070,4) very common (100+)
4973,0.971245,0.02875501,0,1000,4) very common (100+)
4974,0.7608948,0.23910522,0,159,4) very common (100+)
4975,0.69828707,0.30171293,0,274,4) very common (100+)
4976,0.11867873,0.88132125,1,9,2) rare (6-20)
4977,0.19777325,0.8022268,1,0,1) very rare (1-5)
4978,0.9389815,0.061018527,0,63,3) common (21-100)
4979,0.21646748,0.7835325,1,1290,4) very common (100+)
4980,0.09943707,0.90056294,1,2,1) very rare (1-5)
4981,0.79763365,0.20236635,0,237,4) very common (100+)
4982,0.074930124,0.92506987,0,2,1) very rare (1-5)
4983,0.8740636,0.12593639,1,0,1) very rare (1-5)
4984,0.28965238,0.71034765,1,3,1) very rare (1-5)
4985,0.46937653,0.53062344,0,3,1) very rare (1-5)
4986,0.39050913,0.6094909,1,31,3) common (21-100)
4987,0.07105951,0.9289405,1,0,1) very rare (1-5)
4988,0.673378,0.326622,0,16,2) rare (6-20)
4989,0.46145537,0.53854465,1,8,2) rare (6-20)
4990,0.5986988,0.4013012,0,4,1) very rare (1-5)
4991,0.5004393,0.4995607,0,18,2) rare (6-20)
4992,0.07837818,0.9216218,0,3,1) very rare (1-5)
4993,0.86699003,0.13300997,1,1290,4) very common (100+)
4994,0.21823385,0.7817662,1,0,1) very rare (1-5)
4995,0.32862028,0.6713797,1,85,3) common (21-100)
4996,0.04728351,0.95271647,1,0,1) very rare (1-5)
4997,0.6172837,0.3827163,0,43,3) common (21-100)
4998,0.983245,0.016754985,0,1000,4) very common (100+)
4999,0.73514605,0.26485395,1,0,1) very rare (1-5)
5000,0.8184009,0.18159908,0,223,4) very common (100+)
5001,0.22928274,0.77071726,1,6,2) rare (6-20)
5002,0.4422345,0.5577655,1,1,1) very rare (1-5)
5003,0.9415346,0.05846542,0,89,3) common (21-100)
5004,0.73751044,0.26248956,0,66,3) common (21-100)
5005,0.20366433,0.7963357,1,118,4) very common (100+)
5006,0.9466157,0.053384304,0,274,4) very common (100+)
