mol_idx,top_score,uq,error,frequency,tier
0,0.78936136,0.21063864,0,74,3) common (21-100)
1,0.062047724,0.9379523,0,0,1) very rare (1-5)
2,0.58253306,0.41746694,0,74,3) common (21-100)
3,0.06016365,0.9398363,1,0,1) very rare (1-5)
4,0.1738687,0.8261313,1,0,1) very rare (1-5)
5,0.63492274,0.36507726,0,7,2) rare (6-20)
6,0.46638414,0.5336158,0,2,1) very rare (1-5)
7,0.7056917,0.2943083,0,23,3) common (21-100)
8,0.5476564,0.45234358,1,4,1) very rare (1-5)
9,0.04658721,0.9534128,1,0,1) very rare (1-5)
10,0.032432843,0.96756715,1,0,1) very rare (1-5)
11,0.8783201,0.1216799,0,3,1) very rare (1-5)
12,0.05181654,0.9481835,1,0,1) very rare (1-5)
13,0.70621294,0.29378706,1,0,1) very rare (1-5)
14,0.9092779,0.090722084,0,1,1) very rare (1-5)
15,0.54933906,0.45066094,1,6,2) rare (6-20)
16,0.41431817,0.5856818,0,5,1) very rare (1-5)
17,0.9449542,0.055045784,0,74,3) common (21-100)
18,0.8756501,0.12434989,1,2,1) very rare (1-5)
19,0.9215349,0.078465104,0,3,1) very rare (1-5)
20,0.104585685,0.8954143,1,0,1) very rare (1-5)
21,0.8089629,0.19103712,0,74,3) common (21-100)
22,0.1682741,0.8317259,1,0,1) very rare (1-5)
23,0.620654,0.379346,1,14,2) rare (6-20)
24,0.65835434,0.34164566,0,108,4) very common (100+)
25,0.38391137,0.6160886,1,145,4) very common (100+)
26,0.3413839,0.65861607,1,7,2) rare (6-20)
27,0.15795779,0.8420422,1,20,2) rare (6-20)
28,0.19014826,0.80985177,0,10,2) rare (6-20)
29,0.22919402,0.77080595,1,0,1) very rare (1-5)
30,0.54868394,0.45131606,0,7,2) rare (6-20)
31,0.62194604,0.37805396,1,43,3) common (21-100)
32,0.2502068,0.7497932,0,1,1) very rare (1-5)
33,0.8689345,0.13106549,0,6,2) rare (6-20)
34,0.14084142,0.8591586,1,31,3) common (21-100)
35,0.1993116,0.8006884,1,0,1) very rare (1-5)
36,0.20136647,0.7986335,1,0,1) very rare (1-5)
37,0.7823587,0.2176413,1,3,1) very rare (1-5)
38,0.26039037,0.7396096,1,2,1) very rare (1-5)
39,0.431434,0.56856596,0,84,3) common (21-100)
40,0.062697515,0.9373025,1,0,1) very rare (1-5)
41,0.09295233,0.9070477,1,0,1) very rare (1-5)
42,0.18113662,0.8188634,1,2,1) very rare (1-5)
43,0.645103,0.35489702,0,3,1) very rare (1-5)
44,0.062164847,0.93783516,0,1,1) very rare (1-5)
45,0.7657604,0.23423958,1,0,1) very rare (1-5)
46,0.77796036,0.22203964,0,36,3) common (21-100)
47,0.29692936,0.70307064,0,3,1) very rare (1-5)
48,0.0528091,0.9471909,1,1,1) very rare (1-5)
49,0.0640641,0.9359359,1,0,1) very rare (1-5)
50,0.15888132,0.8411187,1,8,2) rare (6-20)
51,0.8960955,0.103904486,1,2,1) very rare (1-5)
52,0.6968874,0.30311263,1,5,1) very rare (1-5)
53,0.39634117,0.6036588,1,44,3) common (21-100)
54,0.04807105,0.951929,1,0,1) very rare (1-5)
55,0.056339286,0.94366074,1,3,1) very rare (1-5)
56,0.6181381,0.38186193,1,1,1) very rare (1-5)
57,0.4778729,0.5221271,0,274,4) very common (100+)
58,0.06498058,0.93501943,1,14,2) rare (6-20)
59,0.6153066,0.38469338,1,2,1) very rare (1-5)
60,0.22742249,0.7725775,0,1,1) very rare (1-5)
61,0.62220347,0.37779653,1,2,1) very rare (1-5)
62,0.7645924,0.23540759,1,123,4) very common (100+)
63,0.19874437,0.80125564,1,1,1) very rare (1-5)
64,0.5678155,0.43218452,1,30,3) common (21-100)
65,0.98037463,0.019625366,0,15,2) rare (6-20)
66,0.67424566,0.32575434,0,6,2) rare (6-20)
67,0.4506266,0.5493734,1,13,2) rare (6-20)
68,0.9908427,0.0091573,0,274,4) very common (100+)
69,0.168253,0.831747,1,0,1) very rare (1-5)
70,0.42515722,0.5748428,0,5,1) very rare (1-5)
71,0.17982173,0.8201783,0,14,2) rare (6-20)
72,0.40356687,0.59643316,1,2,1) very rare (1-5)
73,0.18241054,0.81758946,1,142,4) very common (100+)
74,0.10129981,0.8987002,1,0,1) very rare (1-5)
75,0.13364735,0.8663527,1,81,3) common (21-100)
76,0.29732755,0.7026725,1,30,3) common (21-100)
77,0.71532744,0.28467256,1,4,1) very rare (1-5)
78,0.1803604,0.81963956,0,2,1) very rare (1-5)
79,0.7000941,0.2999059,1,1070,4) very common (100+)
80,0.87569207,0.12430793,1,1,1) very rare (1-5)
81,0.05674751,0.9432525,1,0,1) very rare (1-5)
82,0.053296346,0.9467037,1,3,1) very rare (1-5)
83,0.87999815,0.12000185,1,1290,4) very common (100+)
84,0.1870602,0.81293976,1,1,1) very rare (1-5)
85,0.7380853,0.26191467,1,19,2) rare (6-20)
86,0.5843569,0.4156431,0,75,3) common (21-100)
87,0.01780088,0.98219913,1,24,3) common (21-100)
88,0.29714835,0.70285165,1,0,1) very rare (1-5)
89,0.327897,0.672103,0,106,4) very common (100+)
90,0.33511576,0.6648842,0,81,3) common (21-100)
91,0.3747604,0.6252396,0,2,1) very rare (1-5)
92,0.16931446,0.83068556,1,6,2) rare (6-20)
93,0.96335644,0.036643565,1,146,4) very common (100+)
94,0.91017926,0.08982074,1,3,1) very rare (1-5)
95,0.9040927,0.09590727,0,1290,4) very common (100+)
96,0.1017156,0.8982844,1,26,3) common (21-100)
97,0.104080595,0.8959194,0,15,2) rare (6-20)
98,0.16255616,0.8374438,1,107,4) very common (100+)
99,0.83737206,0.16262794,1,1070,4) very common (100+)
100,0.54787487,0.45212513,0,96,3) common (21-100)
101,0.23194464,0.7680554,1,1,1) very rare (1-5)
102,0.86693287,0.13306713,0,118,4) very common (100+)
103,0.5320262,0.46797383,0,0,1) very rare (1-5)
104,0.8813135,0.1186865,1,54,3) common (21-100)
105,0.8621792,0.13782078,0,1290,4) very common (100+)
106,0.99706215,0.0029378533,0,89,3) common (21-100)
107,0.083733685,0.9162663,1,20,2) rare (6-20)
108,0.910779,0.089221,0,66,3) common (21-100)
109,0.3510959,0.6489041,0,9,2) rare (6-20)
110,0.9935098,0.006490171,1,89,3) common (21-100)
111,0.439555,0.560445,1,16,2) rare (6-20)
112,0.073659815,0.92634016,1,0,1) very rare (1-5)
113,0.3945052,0.6054948,0,43,3) common (21-100)
114,0.10129206,0.8987079,1,111,4) very common (100+)
115,0.8961464,0.10385358,0,145,4) very common (100+)
116,0.0140620675,0.98593795,1,1,1) very rare (1-5)
117,0.93058866,0.06941134,0,70,3) common (21-100)
118,0.52591914,0.47408086,0,94,3) common (21-100)
119,0.6928751,0.3071249,0,123,4) very common (100+)
120,0.14683965,0.8531604,0,33,3) common (21-100)
121,0.515865,0.48413497,1,0,1) very rare (1-5)
122,0.5361442,0.4638558,1,0,1) very rare (1-5)
123,0.96795326,0.032046735,0,700,4) very common (100+)
124,0.7336119,0.26638812,1,37,3) common (21-100)
125,0.42285356,0.5771464,0,52,3) common (21-100)
126,0.197401,0.802599,1,0,1) very rare (1-5)
127,0.16929641,0.8307036,1,2,1) very rare (1-5)
128,0.058146052,0.94185394,1,0,1) very rare (1-5)
129,0.8568782,0.14312178,0,106,4) very common (100+)
130,0.9049637,0.09503633,1,11,2) rare (6-20)
131,0.33614206,0.66385794,1,2,1) very rare (1-5)
132,0.92447513,0.07552487,0,6,2) rare (6-20)
133,0.6680028,0.33199722,0,1,1) very rare (1-5)
134,0.99280214,0.007197857,0,274,4) very common (100+)
135,0.1439154,0.8560846,1,0,1) very rare (1-5)
136,0.8915589,0.108441114,0,78,3) common (21-100)
137,0.757859,0.24214101,1,0,1) very rare (1-5)
138,0.46944577,0.53055423,0,1290,4) very common (100+)
139,0.6832995,0.31670052,1,1070,4) very common (100+)
140,0.99123293,0.008767068,0,343,4) very common (100+)
141,0.8326242,0.1673758,0,74,3) common (21-100)
142,0.24136926,0.75863075,0,66,3) common (21-100)
143,0.5429402,0.4570598,1,2,1) very rare (1-5)
144,0.17857137,0.82142866,1,13,2) rare (6-20)
145,0.46023074,0.5397693,0,5,1) very rare (1-5)
146,0.6128673,0.3871327,1,166,4) very common (100+)
147,0.05190366,0.94809633,1,3,1) very rare (1-5)
148,0.41692328,0.5830767,1,1,1) very rare (1-5)
149,0.45260292,0.5473971,0,33,3) common (21-100)
150,0.37088087,0.62911916,0,178,4) very common (100+)
151,0.4878134,0.5121866,0,5,1) very rare (1-5)
152,0.78025055,0.21974945,0,1290,4) very common (100+)
153,0.054764472,0.94523555,0,33,3) common (21-100)
154,0.033567697,0.96643233,1,0,1) very rare (1-5)
155,0.47637963,0.52362037,1,33,3) common (21-100)
156,0.9598893,0.040110707,0,9,2) rare (6-20)
157,0.92745215,0.07254785,1,8,2) rare (6-20)
158,0.98606,0.013939977,0,39,3) common (21-100)
159,0.45932537,0.5406746,1,4,1) very rare (1-5)
160,0.21544376,0.78455627,0,10,2) rare (6-20)
161,0.2269692,0.7730308,1,0,1) very rare (1-5)
162,0.11868328,0.8813167,1,76,3) common (21-100)
163,0.4557545,0.5442455,0,4,1) very rare (1-5)
164,0.078613244,0.9213868,1,160,4) very common (100+)
165,0.06478498,0.935215,1,4,1) very rare (1-5)
166,0.8803251,0.11967492,1,7,2) rare (6-20)
167,0.23871733,0.7612827,0,4,1) very rare (1-5)
168,0.27132508,0.7286749,1,223,4) very common (100+)
169,0.27875257,0.72124743,0,8,2) rare (6-20)
170,0.25150365,0.74849635,1,0,1) very rare (1-5)
171,0.08894328,0.9110567,1,26,3) common (21-100)
172,0.64981544,0.35018456,0,1290,4) very common (100+)
173,0.8503919,0.14960808,0,105,4) very common (100+)
174,0.18482812,0.8151719,1,1,1) very rare (1-5)
175,0.34676996,0.6532301,1,2,1) very rare (1-5)
176,0.24252382,0.7574762,1,15,2) rare (6-20)
177,0.31067753,0.6893225,1,102,4) very common (100+)
178,0.78137606,0.21862394,0,1070,4) very common (100+)
179,0.9734631,0.026536882,0,15,2) rare (6-20)
180,0.8645159,0.1354841,0,1070,4) very common (100+)
181,0.78104025,0.21895975,0,79,3) common (21-100)
182,0.78566045,0.21433955,1,1070,4) very common (100+)
183,0.043489456,0.95651054,1,36,3) common (21-100)
184,0.5132412,0.48675883,0,66,3) common (21-100)
185,0.87954336,0.120456636,0,1070,4) very common (100+)
186,0.9987368,0.0012632012,0,211,4) very common (100+)
187,0.2598039,0.7401961,1,81,3) common (21-100)
188,0.05399226,0.9460077,1,10,2) rare (6-20)
189,0.35482752,0.6451725,1,1,1) very rare (1-5)
190,0.9306598,0.06934023,0,1070,4) very common (100+)
191,0.031575304,0.9684247,1,2,1) very rare (1-5)
192,0.1649219,0.8350781,1,20,2) rare (6-20)
193,0.2376477,0.7623523,0,5,1) very rare (1-5)
194,0.78275955,0.21724045,0,4,1) very rare (1-5)
195,0.6623596,0.3376404,0,4,1) very rare (1-5)
196,0.8419189,0.15808111,0,6,2) rare (6-20)
197,0.6642113,0.33578873,0,45,3) common (21-100)
198,0.81841445,0.18158555,1,108,4) very common (100+)
199,0.42416513,0.5758349,0,44,3) common (21-100)
200,0.78754276,0.21245724,1,30,3) common (21-100)
201,0.28582624,0.7141738,1,96,3) common (21-100)
202,0.7801498,0.21985018,0,70,3) common (21-100)
203,0.36866674,0.63133323,1,0,1) very rare (1-5)
204,0.02650837,0.9734916,1,2,1) very rare (1-5)
205,0.22670147,0.7732985,1,2,1) very rare (1-5)
206,0.34886727,0.6511327,1,372,4) very common (100+)
207,0.73251396,0.26748604,1,0,1) very rare (1-5)
208,0.28761214,0.71238786,1,11,2) rare (6-20)
209,0.21732332,0.7826767,1,0,1) very rare (1-5)
210,0.34184822,0.65815175,1,274,4) very common (100+)
211,0.5992842,0.40071583,0,99,3) common (21-100)
212,0.32315406,0.6768459,1,5,1) very rare (1-5)
213,0.9079324,0.0920676,0,1290,4) very common (100+)
214,0.80227554,0.19772446,0,5,1) very rare (1-5)
215,0.17887037,0.8211296,1,1,1) very rare (1-5)
216,0.49486902,0.505131,0,121,4) very common (100+)
217,0.48740178,0.5125982,1,1,1) very rare (1-5)
218,0.6091014,0.3908986,0,118,4) very common (100+)
219,0.98747593,0.012524068,0,118,4) very common (100+)
220,0.2390396,0.7609604,1,1,1) very rare (1-5)
221,0.86013424,0.13986576,0,6,2) rare (6-20)
222,0.1800931,0.8199069,1,4,1) very rare (1-5)
223,0.18725342,0.8127466,0,4,1) very rare (1-5)
224,0.18466012,0.81533986,1,1,1) very rare (1-5)
225,0.77557445,0.22442555,0,1290,4) very common (100+)
226,0.60763997,0.39236003,1,9,2) rare (6-20)
227,0.89248484,0.107515156,0,8,2) rare (6-20)
228,0.6152277,0.3847723,1,9,2) rare (6-20)
229,0.636655,0.36334503,1,237,4) very common (100+)
230,0.755941,0.24405903,0,261,4) very common (100+)
231,0.18218942,0.8178106,1,3,1) very rare (1-5)
232,0.28449038,0.71550965,1,3,1) very rare (1-5)
233,0.9145098,0.08549023,0,108,4) very common (100+)
234,0.5213885,0.47861153,0,118,4) very common (100+)
235,0.26098254,0.7390175,1,9,2) rare (6-20)
236,0.4362364,0.5637636,1,20,2) rare (6-20)
237,0.31208697,0.68791306,0,22,3) common (21-100)
238,0.055329844,0.94467014,1,3,1) very rare (1-5)
239,0.5776806,0.4223194,1,145,4) very common (100+)
240,0.90100724,0.098992765,1,84,3) common (21-100)
241,0.76446605,0.23553395,1,33,3) common (21-100)
242,0.9458355,0.05416453,1,8,2) rare (6-20)
243,0.16762857,0.8323714,1,1,1) very rare (1-5)
244,0.10036723,0.89963275,1,39,3) common (21-100)
245,0.8055823,0.19441772,0,1070,4) very common (100+)
246,0.91392255,0.08607745,0,1070,4) very common (100+)
247,0.754032,0.24596798,0,39,3) common (21-100)
248,0.19702807,0.80297196,0,3,1) very rare (1-5)
249,0.772821,0.22717899,0,92,3) common (21-100)
250,0.2121053,0.7878947,1,0,1) very rare (1-5)
251,0.22189279,0.7781072,1,2,1) very rare (1-5)
252,0.48790464,0.51209533,0,5,1) very rare (1-5)
253,0.965998,0.034002006,0,421,4) very common (100+)
254,0.17183189,0.8281681,1,0,1) very rare (1-5)
255,0.05388396,0.94611603,0,0,1) very rare (1-5)
256,0.44056317,0.5594368,1,16,2) rare (6-20)
257,0.7834024,0.21659762,1,0,1) very rare (1-5)
258,0.44877836,0.5512216,1,1070,4) very common (100+)
259,0.086211085,0.9137889,1,14,2) rare (6-20)
260,0.9429743,0.05702567,0,47,3) common (21-100)
261,0.45554113,0.54445887,1,0,1) very rare (1-5)
262,0.07379426,0.92620575,1,18,2) rare (6-20)
263,0.9807978,0.019202173,0,700,4) very common (100+)
264,0.7655263,0.2344737,1,79,3) common (21-100)
265,0.954419,0.045580983,0,178,4) very common (100+)
266,0.806814,0.19318599,0,261,4) very common (100+)
267,0.81079614,0.18920386,0,105,4) very common (100+)
268,0.47320548,0.52679455,0,5,1) very rare (1-5)
269,0.5186673,0.48133272,0,2,1) very rare (1-5)
270,0.31352645,0.68647355,1,0,1) very rare (1-5)
271,0.05900908,0.9409909,1,6,2) rare (6-20)
272,0.8420767,0.15792328,0,19,2) rare (6-20)
273,0.3773228,0.6226772,1,0,1) very rare (1-5)
274,0.2678438,0.73215616,1,3,1) very rare (1-5)
275,0.5590551,0.4409449,0,372,4) very common (100+)
276,0.55095476,0.44904524,0,2,1) very rare (1-5)
277,0.9484154,0.0515846,0,1070,4) very common (100+)
278,0.25907636,0.74092364,1,58,3) common (21-100)
279,0.36577904,0.63422096,0,372,4) very common (100+)
280,0.84115523,0.15884477,0,1290,4) very common (100+)
281,0.67753065,0.32246935,1,0,1) very rare (1-5)
282,0.031215226,0.96878475,1,4,1) very rare (1-5)
283,0.34939057,0.65060943,1,58,3) common (21-100)
284,0.77529734,0.22470266,0,5,1) very rare (1-5)
285,0.83258295,0.16741705,1,66,3) common (21-100)
286,0.93246603,0.06753397,0,52,3) common (21-100)
287,0.78550327,0.21449673,1,178,4) very common (100+)
288,0.9574658,0.042534173,0,5,1) very rare (1-5)
289,0.83736634,0.16263366,0,29,3) common (21-100)
290,0.41139874,0.58860123,0,1290,4) very common (100+)
291,0.7816592,0.21834081,1,7,2) rare (6-20)
292,0.9383156,0.06168443,0,105,4) very common (100+)
293,0.59562427,0.40437573,0,24,3) common (21-100)
294,0.87005216,0.12994784,0,94,3) common (21-100)
295,0.9316334,0.06836659,1,0,1) very rare (1-5)
296,0.5060198,0.49398023,1,2,1) very rare (1-5)
297,0.3053126,0.69468737,0,23,3) common (21-100)
298,0.6623079,0.33769208,0,1070,4) very common (100+)
299,0.7227335,0.2772665,0,79,3) common (21-100)
300,0.17518,0.82482,1,0,1) very rare (1-5)
301,0.15408823,0.84591174,1,5,1) very rare (1-5)
302,0.579608,0.42039198,1,134,4) very common (100+)
303,0.1485788,0.85142124,0,700,4) very common (100+)
304,0.14517404,0.854826,1,0,1) very rare (1-5)
305,0.02358173,0.97641826,0,1,1) very rare (1-5)
306,0.55462855,0.44537145,0,6,2) rare (6-20)
307,0.19406256,0.8059374,1,0,1) very rare (1-5)
308,0.45499796,0.54500204,0,13,2) rare (6-20)
309,0.4358449,0.5641551,1,1,1) very rare (1-5)
310,0.81742984,0.18257016,0,11,2) rare (6-20)
311,0.5554056,0.44459438,0,1,1) very rare (1-5)
312,0.24757841,0.7524216,1,107,4) very common (100+)
313,0.39962235,0.6003777,1,28,3) common (21-100)
314,0.9550005,0.04499948,0,99,3) common (21-100)
315,0.92477745,0.07522255,1,5,1) very rare (1-5)
316,0.95230466,0.04769534,0,4,1) very rare (1-5)
317,0.4657835,0.5342165,1,0,1) very rare (1-5)
318,0.74971116,0.25028884,0,23,3) common (21-100)
319,0.8706336,0.1293664,0,6,2) rare (6-20)
320,0.56704694,0.43295306,0,268,4) very common (100+)
321,0.7847197,0.2152803,0,76,3) common (21-100)
322,0.96196157,0.038038433,0,12,2) rare (6-20)
323,0.33473906,0.6652609,1,79,3) common (21-100)
324,0.6547118,0.34528822,0,6,2) rare (6-20)
325,0.41351914,0.58648086,1,105,4) very common (100+)
326,0.9869135,0.013086498,0,182,4) very common (100+)
327,0.45146394,0.54853606,1,106,4) very common (100+)
328,0.38215807,0.61784196,1,274,4) very common (100+)
329,0.37347916,0.6265209,1,39,3) common (21-100)
330,0.21998674,0.78001326,1,268,4) very common (100+)
331,0.8499581,0.15004188,0,1290,4) very common (100+)
332,0.81248564,0.18751436,0,10,2) rare (6-20)
333,0.66500443,0.33499557,0,106,4) very common (100+)
334,0.21307096,0.786929,1,2,1) very rare (1-5)
335,0.91314375,0.086856246,0,4,1) very rare (1-5)
336,0.38514292,0.6148571,0,1,1) very rare (1-5)
337,0.9011143,0.098885715,0,14,2) rare (6-20)
338,0.87451583,0.12548417,1,0,1) very rare (1-5)
339,0.15985106,0.8401489,1,3,1) very rare (1-5)
340,0.7204715,0.2795285,1,1070,4) very common (100+)
341,0.7145357,0.2854643,0,1290,4) very common (100+)
342,0.90104854,0.09895146,1,38,3) common (21-100)
343,0.8031756,0.19682437,1,23,3) common (21-100)
344,0.9404884,0.059511602,0,372,4) very common (100+)
345,0.47606888,0.52393115,0,1,1) very rare (1-5)
346,0.9569218,0.043078184,0,700,4) very common (100+)
347,0.7295534,0.2704466,0,121,4) very common (100+)
348,0.097761184,0.90223885,0,58,3) common (21-100)
349,0.956294,0.043706,0,3,1) very rare (1-5)
350,0.49040183,0.50959814,1,268,4) very common (100+)
351,0.9310926,0.06890738,0,13,2) rare (6-20)
352,0.09920205,0.90079796,1,0,1) very rare (1-5)
353,0.95326966,0.04673034,0,85,3) common (21-100)
354,0.57795674,0.42204326,0,2,1) very rare (1-5)
355,0.06431555,0.93568444,1,0,1) very rare (1-5)
356,0.40519494,0.59480506,0,49,3) common (21-100)
357,0.9288844,0.07111561,0,700,4) very common (100+)
358,0.80307853,0.19692147,0,46,3) common (21-100)
359,0.9281785,0.07182151,1,1,1) very rare (1-5)
360,0.1971511,0.80284894,1,23,3) common (21-100)
361,0.62171733,0.37828267,1,81,3) common (21-100)
362,0.9036195,0.09638047,0,1070,4) very common (100+)
363,0.24964927,0.7503507,0,108,4) very common (100+)
364,0.56048393,0.43951607,1,1290,4) very common (100+)
365,0.9341236,0.065876424,1,58,3) common (21-100)
366,0.18689401,0.813106,1,4,1) very rare (1-5)
367,0.34377992,0.6562201,0,145,4) very common (100+)
368,0.22284469,0.7771553,1,1290,4) very common (100+)
369,0.075496286,0.9245037,1,0,1) very rare (1-5)
370,0.7636963,0.23630369,1,16,2) rare (6-20)
371,0.108723536,0.8912765,1,1,1) very rare (1-5)
372,0.23161545,0.7683846,0,1290,4) very common (100+)
373,0.81164145,0.18835855,0,166,4) very common (100+)
374,0.69966185,0.30033815,1,1070,4) very common (100+)
375,0.21093203,0.789068,1,1,1) very rare (1-5)
376,0.9055231,0.09447688,0,74,3) common (21-100)
377,0.952493,0.047506988,0,142,4) very common (100+)
378,0.8411191,0.15888089,1,99,3) common (21-100)
379,0.25376832,0.7462317,1,24,3) common (21-100)
380,0.24240853,0.7575915,0,12,2) rare (6-20)
381,0.14159486,0.8584051,1,6,2) rare (6-20)
382,0.29500228,0.7049977,1,166,4) very common (100+)
383,0.3616475,0.6383525,0,3,1) very rare (1-5)
384,0.68266475,0.31733525,1,166,4) very common (100+)
385,0.7277235,0.27227652,1,17,2) rare (6-20)
386,0.32481572,0.67518425,0,421,4) very common (100+)
387,0.12609735,0.8739027,1,3,1) very rare (1-5)
388,0.2961314,0.7038686,1,3,1) very rare (1-5)
389,0.7864496,0.21355039,1,160,4) very common (100+)
390,0.031900287,0.9680997,1,0,1) very rare (1-5)
391,0.7019658,0.2980342,0,78,3) common (21-100)
392,0.24897583,0.7510242,1,0,1) very rare (1-5)
393,0.9753416,0.024658382,1,275,4) very common (100+)
394,0.7326719,0.26732808,1,118,4) very common (100+)
395,0.07869844,0.92130154,1,0,1) very rare (1-5)
396,0.5414173,0.4585827,0,1,1) very rare (1-5)
397,0.6026794,0.39732063,0,142,4) very common (100+)
398,0.06608379,0.9339162,1,0,1) very rare (1-5)
399,0.044102762,0.9558972,1,36,3) common (21-100)
400,0.7842434,0.2157566,0,372,4) very common (100+)
401,0.625126,0.374874,0,55,3) common (21-100)
402,0.7128736,0.28712642,1,3,1) very rare (1-5)
403,0.97896314,0.021036863,0,78,3) common (21-100)
404,0.5074756,0.4925244,0,700,4) very common (100+)
405,0.6965829,0.3034171,1,70,3) common (21-100)
406,0.9805931,0.019406915,0,421,4) very common (100+)
407,0.5209403,0.4790597,1,107,4) very common (100+)
408,0.28929397,0.710706,0,96,3) common (21-100)
409,0.61670595,0.38329405,0,237,4) very common (100+)
410,0.6909927,0.3090073,0,124,4) very common (100+)
411,0.115871996,0.884128,0,39,3) common (21-100)
412,0.43293172,0.5670683,0,2,1) very rare (1-5)
413,0.35206455,0.64793545,0,237,4) very common (100+)
414,0.20553146,0.7944685,0,2,1) very rare (1-5)
415,0.9661849,0.033815086,0,159,4) very common (100+)
416,0.43085584,0.5691441,1,39,3) common (21-100)
417,0.5972691,0.40273088,1,1290,4) very common (100+)
418,0.8566039,0.14339608,1,6,2) rare (6-20)
419,0.96427745,0.035722554,0,124,4) very common (100+)
420,0.12297392,0.8770261,1,49,3) common (21-100)
421,0.010745169,0.98925483,1,0,1) very rare (1-5)
422,0.15649213,0.8435079,0,2,1) very rare (1-5)
423,0.66630805,0.33369195,1,118,4) very common (100+)
424,0.3375557,0.6624443,0,18,2) rare (6-20)
425,0.509666,0.49033397,1,4,1) very rare (1-5)
426,0.091830246,0.90816975,1,66,3) common (21-100)
427,0.28084952,0.7191505,1,0,1) very rare (1-5)
428,0.17795643,0.82204354,1,32,3) common (21-100)
429,0.8309476,0.16905242,0,343,4) very common (100+)
430,0.9009186,0.0990814,1,41,3) common (21-100)
431,0.86176676,0.13823324,0,1290,4) very common (100+)
432,0.36431032,0.6356897,0,58,3) common (21-100)
433,0.62352633,0.37647367,0,2,1) very rare (1-5)
434,0.96191406,0.038085938,1,70,3) common (21-100)
435,0.15312858,0.84687144,0,2,1) very rare (1-5)
436,0.6976262,0.30237383,1,1,1) very rare (1-5)
437,0.14468318,0.8553168,1,0,1) very rare (1-5)
438,0.25097775,0.74902225,1,24,3) common (21-100)
439,0.4398105,0.5601895,1,42,3) common (21-100)
440,0.76953155,0.23046845,0,372,4) very common (100+)
441,0.24538386,0.75461614,1,0,1) very rare (1-5)
442,0.67685866,0.32314134,0,1070,4) very common (100+)
443,0.82823217,0.17176783,0,237,4) very common (100+)
444,0.20315309,0.7968469,1,0,1) very rare (1-5)
445,0.15779312,0.8422069,0,3,1) very rare (1-5)
446,0.98235506,0.017644942,0,1290,4) very common (100+)
447,0.78532803,0.21467197,1,12,2) rare (6-20)
448,0.3663097,0.6336903,0,105,4) very common (100+)
449,0.93946177,0.060538232,0,86,3) common (21-100)
450,0.9179787,0.082021296,0,47,3) common (21-100)
451,0.594101,0.405899,1,123,4) very common (100+)
452,0.7137666,0.28623343,1,49,3) common (21-100)
453,0.50915545,0.49084455,0,12,2) rare (6-20)
454,0.036505003,0.963495,1,8,2) rare (6-20)
455,0.16275623,0.8372438,1,0,1) very rare (1-5)
456,0.17990975,0.82009023,0,7,2) rare (6-20)
457,0.13607033,0.8639297,0,5,1) very rare (1-5)
458,0.970036,0.02996403,0,211,4) very common (100+)
459,0.8963534,0.10364658,0,20,2) rare (6-20)
460,0.10666377,0.89333624,1,0,1) very rare (1-5)
461,0.5065381,0.4934619,0,700,4) very common (100+)
462,0.16396913,0.83603084,1,1,1) very rare (1-5)
463,0.9627345,0.03726548,0,5,1) very rare (1-5)
464,0.9478715,0.052128494,0,1290,4) very common (100+)
465,0.18596174,0.8140383,1,0,1) very rare (1-5)
466,0.7330214,0.26697862,0,42,3) common (21-100)
467,0.17822923,0.8217708,1,4,1) very rare (1-5)
468,0.99914646,0.0008535385,0,211,4) very common (100+)
469,0.093321316,0.9066787,0,0,1) very rare (1-5)
470,0.930243,0.069756985,0,700,4) very common (100+)
471,0.38699427,0.61300576,1,34,3) common (21-100)
472,0.87659883,0.123401165,0,223,4) very common (100+)
473,0.13716745,0.86283255,1,0,1) very rare (1-5)
474,0.112569466,0.88743055,1,0,1) very rare (1-5)
475,0.51781905,0.48218095,0,47,3) common (21-100)
476,0.69854766,0.30145234,0,8,2) rare (6-20)
477,0.2118974,0.7881026,0,0,1) very rare (1-5)
478,0.27726293,0.7227371,1,13,2) rare (6-20)
479,0.35518876,0.6448113,1,0,1) very rare (1-5)
480,0.73937345,0.26062655,1,274,4) very common (100+)
481,0.30295303,0.697047,1,0,1) very rare (1-5)
482,0.8486892,0.1513108,1,0,1) very rare (1-5)
483,0.22006635,0.77993363,1,70,3) common (21-100)
484,0.13248292,0.8675171,0,10,2) rare (6-20)
485,0.76054484,0.23945516,1,0,1) very rare (1-5)
486,0.2771206,0.7228794,1,58,3) common (21-100)
487,0.36627978,0.6337202,1,19,2) rare (6-20)
488,0.69849473,0.30150527,1,1,1) very rare (1-5)
489,0.72727644,0.27272356,1,6,2) rare (6-20)
490,0.8771441,0.1228559,0,1070,4) very common (100+)
491,0.3175007,0.6824993,1,2,1) very rare (1-5)
492,0.80649877,0.19350123,0,1290,4) very common (100+)
493,0.9525274,0.047472596,0,142,4) very common (100+)
494,0.549527,0.450473,0,14,2) rare (6-20)
495,0.80309165,0.19690835,0,275,4) very common (100+)
496,0.9637143,0.0362857,0,23,3) common (21-100)
497,0.94724643,0.052753568,0,12,2) rare (6-20)
498,0.28476882,0.7152312,1,0,1) very rare (1-5)
499,0.29922497,0.700775,1,37,3) common (21-100)
500,0.14951038,0.8504896,1,0,1) very rare (1-5)
501,0.25564772,0.7443523,1,0,1) very rare (1-5)
502,0.23692943,0.7630706,1,0,1) very rare (1-5)
503,0.45157632,0.54842365,0,1,1) very rare (1-5)
504,0.06877571,0.9312243,1,0,1) very rare (1-5)
505,0.6583981,0.3416019,1,0,1) very rare (1-5)
506,0.5874002,0.4125998,1,10,2) rare (6-20)
507,0.6173311,0.3826689,1,1290,4) very common (100+)
508,0.23636106,0.763639,1,15,2) rare (6-20)
509,0.7086574,0.29134262,1,4,1) very rare (1-5)
510,0.34641513,0.65358484,1,76,3) common (21-100)
511,0.912318,0.08768201,1,11,2) rare (6-20)
512,0.8221069,0.1778931,0,105,4) very common (100+)
513,0.6684635,0.33153647,1,62,3) common (21-100)
514,0.52985936,0.47014064,0,1290,4) very common (100+)
515,0.01879534,0.9812047,0,4,1) very rare (1-5)
516,0.06393075,0.93606925,1,36,3) common (21-100)
517,0.41645077,0.58354926,0,1,1) very rare (1-5)
518,0.20438248,0.7956175,0,6,2) rare (6-20)
519,0.26157308,0.7384269,1,46,3) common (21-100)
520,0.8074335,0.19256651,0,5,1) very rare (1-5)
521,0.5344449,0.46555507,1,0,1) very rare (1-5)
522,0.59083104,0.40916896,1,0,1) very rare (1-5)
523,0.2947495,0.7052505,1,18,2) rare (6-20)
524,0.56957763,0.43042237,1,1,1) very rare (1-5)
525,0.42835873,0.57164127,1,23,3) common (21-100)
526,0.45040923,0.54959077,1,4,1) very rare (1-5)
527,0.6651968,0.33480322,1,0,1) very rare (1-5)
528,0.78363514,0.21636486,1,2,1) very rare (1-5)
529,0.5627609,0.4372391,1,14,2) rare (6-20)
530,0.6451553,0.3548447,0,56,3) common (21-100)
531,0.7959301,0.20406991,1,2,1) very rare (1-5)
532,0.86612844,0.13387156,0,96,3) common (21-100)
533,0.34705734,0.65294266,1,2,1) very rare (1-5)
534,0.19245377,0.80754626,1,41,3) common (21-100)
535,0.42184213,0.5781579,0,62,3) common (21-100)
536,0.09593656,0.90406346,1,4,1) very rare (1-5)
537,0.6400409,0.35995913,1,1070,4) very common (100+)
538,0.37229273,0.62770724,0,36,3) common (21-100)
539,0.99393314,0.006066859,0,3,1) very rare (1-5)
540,0.27112386,0.7288761,0,372,4) very common (100+)
541,0.23804301,0.761957,0,8,2) rare (6-20)
542,0.07587537,0.9241246,1,0,1) very rare (1-5)
543,0.13099158,0.8690084,1,21,3) common (21-100)
544,0.75517774,0.24482226,0,19,2) rare (6-20)
545,0.29313788,0.7068621,0,19,2) rare (6-20)
546,0.83672154,0.16327846,0,28,3) common (21-100)
547,0.61780864,0.38219136,0,372,4) very common (100+)
548,0.03759195,0.96240807,1,0,1) very rare (1-5)
549,0.11965311,0.8803469,1,62,3) common (21-100)
550,0.85597664,0.14402336,0,105,4) very common (100+)
551,0.14827415,0.8517258,1,0,1) very rare (1-5)
552,0.3389936,0.6610064,0,6,2) rare (6-20)
553,0.64897346,0.35102654,0,2,1) very rare (1-5)
554,0.40897283,0.59102714,0,5,1) very rare (1-5)
555,0.237744,0.762256,0,5,1) very rare (1-5)
556,0.5934462,0.4065538,0,49,3) common (21-100)
557,0.8663494,0.1336506,1,9,2) rare (6-20)
558,0.16444813,0.83555186,0,28,3) common (21-100)
559,0.91607565,0.08392435,0,26,3) common (21-100)
560,0.8592418,0.14075822,0,15,2) rare (6-20)
561,0.2711466,0.7288534,1,106,4) very common (100+)
562,0.26385143,0.7361486,1,2,1) very rare (1-5)
563,0.4166312,0.5833688,1,0,1) very rare (1-5)
564,0.6165534,0.38344657,1,20,2) rare (6-20)
565,0.2135515,0.7864485,1,1,1) very rare (1-5)
566,0.80064535,0.19935465,1,12,2) rare (6-20)
567,0.10033598,0.89966404,0,107,4) very common (100+)
568,0.48634303,0.513657,1,124,4) very common (100+)
569,0.91692543,0.08307457,0,7,2) rare (6-20)
570,0.21207412,0.7879259,1,5,1) very rare (1-5)
571,0.9381824,0.061817586,0,237,4) very common (100+)
572,0.23021123,0.76978874,0,1,1) very rare (1-5)
573,0.051051855,0.94894814,1,16,2) rare (6-20)
574,0.81784713,0.18215287,0,1,1) very rare (1-5)
575,0.35584742,0.6441526,1,1290,4) very common (100+)
576,0.59323597,0.40676403,0,700,4) very common (100+)
577,0.732002,0.26799798,0,5,1) very rare (1-5)
578,0.6060547,0.39394528,0,14,2) rare (6-20)
579,0.22830297,0.77169704,0,178,4) very common (100+)
580,0.06936301,0.930637,0,372,4) very common (100+)
581,0.74108124,0.25891876,0,3,1) very rare (1-5)
582,0.37570152,0.62429845,0,70,3) common (21-100)
583,0.11317056,0.88682944,1,6,2) rare (6-20)
584,0.37661418,0.6233858,0,223,4) very common (100+)
585,0.47421792,0.5257821,1,1290,4) very common (100+)
586,0.77003574,0.22996426,0,62,3) common (21-100)
587,0.4811505,0.5188495,0,421,4) very common (100+)
588,0.08293426,0.91706574,1,159,4) very common (100+)
589,0.9912288,0.008771181,0,1000,4) very common (100+)
590,0.2680133,0.7319867,0,7,2) rare (6-20)
591,0.10419141,0.8958086,1,3,1) very rare (1-5)
592,0.85583454,0.14416546,0,237,4) very common (100+)
593,0.9444971,0.05550289,0,34,3) common (21-100)
594,0.95313555,0.04686445,0,47,3) common (21-100)
595,0.6851753,0.3148247,1,10,2) rare (6-20)
596,0.66944486,0.33055514,0,3,1) very rare (1-5)
597,0.9767085,0.023291528,0,274,4) very common (100+)
598,0.11553822,0.88446176,1,2,1) very rare (1-5)
599,0.6491115,0.3508885,0,21,3) common (21-100)
600,0.12601568,0.87398434,1,17,2) rare (6-20)
601,0.1423985,0.8576015,1,1,1) very rare (1-5)
602,0.3993703,0.6006297,1,78,3) common (21-100)
603,0.7564399,0.24356008,1,78,3) common (21-100)
604,0.8047085,0.19529152,0,105,4) very common (100+)
605,0.939197,0.060802996,0,10,2) rare (6-20)
606,0.803772,0.19622803,1,3,1) very rare (1-5)
607,0.933219,0.066780984,0,79,3) common (21-100)
608,0.68107635,0.31892365,0,275,4) very common (100+)
609,0.69166017,0.30833983,0,12,2) rare (6-20)
610,0.39284697,0.60715306,0,124,4) very common (100+)
611,0.80648184,0.19351816,0,1,1) very rare (1-5)
612,0.2718248,0.72817516,1,25,3) common (21-100)
613,0.3006268,0.6993732,1,1,1) very rare (1-5)
614,0.62475264,0.37524736,0,5,1) very rare (1-5)
615,0.5361428,0.46385717,1,142,4) very common (100+)
616,0.026839327,0.9731607,1,0,1) very rare (1-5)
617,0.17084053,0.8291595,1,76,3) common (21-100)
618,0.46507207,0.53492796,0,159,4) very common (100+)
619,0.576655,0.42334503,0,106,4) very common (100+)
620,0.482762,0.517238,0,5,1) very rare (1-5)
621,0.41654024,0.58345973,0,14,2) rare (6-20)
622,0.022352409,0.9776476,1,0,1) very rare (1-5)
623,0.09330319,0.9066968,1,10,2) rare (6-20)
624,0.29527158,0.7047284,0,5,1) very rare (1-5)
625,0.16736603,0.832634,1,86,3) common (21-100)
626,0.01746133,0.9825387,1,79,3) common (21-100)
627,0.31340757,0.68659246,0,8,2) rare (6-20)
628,0.7433537,0.25664628,1,38,3) common (21-100)
629,0.6136734,0.3863266,0,6,2) rare (6-20)
630,0.3991406,0.6008594,1,1,1) very rare (1-5)
631,0.07114091,0.9288591,1,3,1) very rare (1-5)
632,0.89901316,0.10098684,0,12,2) rare (6-20)
633,0.30207995,0.6979201,1,9,2) rare (6-20)
634,0.24998748,0.7500125,1,0,1) very rare (1-5)
635,0.42509168,0.5749083,1,2,1) very rare (1-5)
636,0.92551357,0.074486434,0,23,3) common (21-100)
637,0.2475777,0.75242233,1,0,1) very rare (1-5)
638,0.22063828,0.7793617,1,0,1) very rare (1-5)
639,0.22320408,0.7767959,0,2,1) very rare (1-5)
640,0.5189623,0.48103768,0,82,3) common (21-100)
641,0.40386474,0.59613526,0,2,1) very rare (1-5)
642,0.17976446,0.82023555,0,0,1) very rare (1-5)
643,0.5110749,0.4889251,1,1,1) very rare (1-5)
644,0.1328028,0.8671972,1,94,3) common (21-100)
645,0.78384453,0.21615547,0,2,1) very rare (1-5)
646,0.24507244,0.7549276,0,22,3) common (21-100)
647,0.044689327,0.9553107,1,4,1) very rare (1-5)
648,0.4461958,0.55380416,1,85,3) common (21-100)
649,0.54360133,0.45639867,0,13,2) rare (6-20)
650,0.27289367,0.72710633,0,15,2) rare (6-20)
651,0.15473805,0.84526193,1,1,1) very rare (1-5)
652,0.48036334,0.51963663,1,1,1) very rare (1-5)
653,0.24600519,0.7539948,0,9,2) rare (6-20)
654,0.15347219,0.8465278,1,0,1) very rare (1-5)
655,0.016861299,0.9831387,1,0,1) very rare (1-5)
656,0.8182047,0.1817953,1,8,2) rare (6-20)
657,0.5974029,0.40259713,1,268,4) very common (100+)
658,0.23206915,0.76793087,1,18,2) rare (6-20)
659,0.11162664,0.8883734,1,0,1) very rare (1-5)
660,0.700709,0.299291,1,6,2) rare (6-20)
661,0.13295685,0.86704314,1,275,4) very common (100+)
662,0.500429,0.49957103,1,8,2) rare (6-20)
663,0.25942278,0.7405772,1,0,1) very rare (1-5)
664,0.09999429,0.9000057,0,5,1) very rare (1-5)
665,0.6833859,0.3166141,1,0,1) very rare (1-5)
666,0.7945743,0.20542568,0,100,3) common (21-100)
667,0.4798564,0.5201436,1,1,1) very rare (1-5)
668,0.9162669,0.08373308,0,118,4) very common (100+)
669,0.4002588,0.5997412,1,106,4) very common (100+)
670,0.14591795,0.85408205,1,0,1) very rare (1-5)
671,0.8034234,0.1965766,0,19,2) rare (6-20)
672,0.10183243,0.89816755,1,3,1) very rare (1-5)
673,0.764666,0.23533398,0,1070,4) very common (100+)
674,0.25695795,0.74304205,0,0,1) very rare (1-5)
675,0.5955792,0.4044208,1,28,3) common (21-100)
676,0.41144508,0.5885549,0,5,1) very rare (1-5)
677,0.7350332,0.2649668,1,0,1) very rare (1-5)
678,0.18675582,0.81324416,1,1290,4) very common (100+)
679,0.6881252,0.3118748,0,1000,4) very common (100+)
680,0.20570949,0.79429054,1,7,2) rare (6-20)
681,0.25556436,0.74443567,1,0,1) very rare (1-5)
682,0.21437623,0.7856238,1,2,1) very rare (1-5)
683,0.7339961,0.2660039,0,421,4) very common (100+)
684,0.41510805,0.5848919,1,0,1) very rare (1-5)
685,0.37398732,0.6260127,0,89,3) common (21-100)
686,0.10016158,0.89983845,1,0,1) very rare (1-5)
687,0.1614125,0.8385875,1,1,1) very rare (1-5)
688,0.9586814,0.041318595,1,0,1) very rare (1-5)
689,0.08990416,0.9100958,1,2,1) very rare (1-5)
690,0.122999154,0.87700087,1,0,1) very rare (1-5)
691,0.55174977,0.44825023,1,13,2) rare (6-20)
692,0.95236534,0.04763466,0,106,4) very common (100+)
693,0.20967734,0.79032266,0,7,2) rare (6-20)
694,0.5520846,0.44791538,1,28,3) common (21-100)
695,0.23700406,0.76299596,1,7,2) rare (6-20)
696,0.21567214,0.78432786,1,70,3) common (21-100)
697,0.07330294,0.9266971,1,7,2) rare (6-20)
698,0.6664403,0.3335597,0,82,3) common (21-100)
699,0.61478037,0.38521963,0,7,2) rare (6-20)
700,0.918623,0.08137703,0,5,1) very rare (1-5)
701,0.81187963,0.18812037,1,107,4) very common (100+)
702,0.24260123,0.7573988,1,7,2) rare (6-20)
703,0.28558615,0.7144139,1,1,1) very rare (1-5)
704,0.71046716,0.28953284,0,7,2) rare (6-20)
705,0.87067455,0.12932545,1,372,4) very common (100+)
706,0.022085615,0.9779144,1,0,1) very rare (1-5)
707,0.098275125,0.9017249,1,2,1) very rare (1-5)
708,0.16889285,0.83110714,1,20,2) rare (6-20)
709,0.70024383,0.29975617,0,261,4) very common (100+)
710,0.113290235,0.88670975,1,0,1) very rare (1-5)
711,0.23550214,0.7644979,0,3,1) very rare (1-5)
712,0.53658396,0.46341604,0,3,1) very rare (1-5)
713,0.4132567,0.5867433,0,96,3) common (21-100)
714,0.45684123,0.54315877,1,66,3) common (21-100)
715,0.30643013,0.6935699,0,44,3) common (21-100)
716,0.3542908,0.64570916,1,268,4) very common (100+)
717,0.859736,0.14026397,1,1290,4) very common (100+)
718,0.43513846,0.56486154,0,6,2) rare (6-20)
719,0.54916584,0.45083416,1,4,1) very rare (1-5)
720,0.77910596,0.22089404,0,12,2) rare (6-20)
721,0.37411213,0.6258879,0,4,1) very rare (1-5)
722,0.58831656,0.41168344,1,111,4) very common (100+)
723,0.5263472,0.47365278,0,1070,4) very common (100+)
724,0.76681817,0.23318183,0,15,2) rare (6-20)
725,0.21424244,0.78575754,1,1,1) very rare (1-5)
726,0.5062085,0.49379152,0,275,4) very common (100+)
727,0.40379396,0.59620607,0,1,1) very rare (1-5)
728,0.041301865,0.95869815,1,0,1) very rare (1-5)
729,0.6032223,0.3967777,1,1070,4) very common (100+)
730,0.13275094,0.8672491,1,275,4) very common (100+)
731,0.77392066,0.22607934,0,142,4) very common (100+)
732,0.61756194,0.38243806,1,41,3) common (21-100)
733,0.039801456,0.9601985,1,0,1) very rare (1-5)
734,0.29603425,0.7039658,1,107,4) very common (100+)
735,0.117286325,0.8827137,1,6,2) rare (6-20)
736,0.8282757,0.17172432,1,1,1) very rare (1-5)
737,0.8712872,0.12871277,0,39,3) common (21-100)
738,0.16724117,0.83275884,1,1,1) very rare (1-5)
739,0.5417695,0.4582305,1,17,2) rare (6-20)
740,0.627347,0.372653,0,15,2) rare (6-20)
741,0.067248255,0.9327518,1,70,3) common (21-100)
742,0.87878597,0.12121403,0,1070,4) very common (100+)
743,0.21582219,0.7841778,1,0,1) very rare (1-5)
744,0.86894876,0.13105124,1,4,1) very rare (1-5)
745,0.91460997,0.08539003,0,60,3) common (21-100)
746,0.8377618,0.16223818,0,2,1) very rare (1-5)
747,0.3296875,0.6703125,0,4,1) very rare (1-5)
748,0.1095516,0.8904484,1,17,2) rare (6-20)
749,0.1774015,0.8225985,0,0,1) very rare (1-5)
750,0.75134605,0.24865395,1,0,1) very rare (1-5)
751,0.95328414,0.046715856,0,15,2) rare (6-20)
752,0.9244494,0.075550616,0,0,1) very rare (1-5)
753,0.8669437,0.13305628,0,1000,4) very common (100+)
754,0.77146655,0.22853345,0,20,2) rare (6-20)
755,0.9327708,0.06722921,0,12,2) rare (6-20)
756,0.86219174,0.13780826,0,237,4) very common (100+)
757,0.9481904,0.05180961,0,9,2) rare (6-20)
758,0.31943917,0.6805608,1,47,3) common (21-100)
759,0.32223782,0.67776215,0,10,2) rare (6-20)
760,0.9182827,0.08171731,0,421,4) very common (100+)
761,0.032183297,0.9678167,0,261,4) very common (100+)
762,0.110559076,0.8894409,0,58,3) common (21-100)
763,0.9324029,0.06759709,1,1290,4) very common (100+)
764,0.6102234,0.3897766,0,102,4) very common (100+)
765,0.33489317,0.66510683,0,6,2) rare (6-20)
766,0.9850375,0.014962494,0,223,4) very common (100+)
767,0.075522564,0.92447746,0,0,1) very rare (1-5)
768,0.8755302,0.12446982,0,1070,4) very common (100+)
769,0.9318405,0.06815952,0,22,3) common (21-100)
770,0.9242297,0.07577032,0,94,3) common (21-100)
771,0.86141247,0.13858753,1,99,3) common (21-100)
772,0.79895455,0.20104545,1,23,3) common (21-100)
773,0.9051673,0.09483272,1,0,1) very rare (1-5)
774,0.07111925,0.92888075,0,81,3) common (21-100)
775,0.98914903,0.010850966,0,39,3) common (21-100)
776,0.15170693,0.84829307,0,1,1) very rare (1-5)
777,0.33547723,0.66452277,1,47,3) common (21-100)
778,0.27779958,0.7222004,0,0,1) very rare (1-5)
779,0.90236735,0.09763265,0,118,4) very common (100+)
780,0.646023,0.35397702,0,4,1) very rare (1-5)
781,0.39890778,0.6010922,0,275,4) very common (100+)
782,0.5879758,0.4120242,1,0,1) very rare (1-5)
783,0.16642523,0.8335748,1,36,3) common (21-100)
784,0.32639045,0.67360955,0,40,3) common (21-100)
785,0.5854535,0.4145465,1,2,1) very rare (1-5)
786,0.8887832,0.11121678,1,19,2) rare (6-20)
787,0.15501812,0.8449819,1,1000,4) very common (100+)
788,0.88139445,0.118605554,0,90,3) common (21-100)
789,0.48145467,0.5185453,0,1290,4) very common (100+)
790,0.26601502,0.73398495,1,0,1) very rare (1-5)
791,0.7110249,0.28897512,1,1290,4) very common (100+)
792,0.20790464,0.79209536,1,0,1) very rare (1-5)
793,0.23520143,0.7647986,0,700,4) very common (100+)
794,0.8917104,0.1082896,0,44,3) common (21-100)
795,0.74605876,0.25394124,0,100,3) common (21-100)
796,0.48196137,0.51803863,1,0,1) very rare (1-5)
797,0.021648737,0.97835124,1,0,1) very rare (1-5)
798,0.2901946,0.70980537,1,0,1) very rare (1-5)
799,0.30016193,0.69983804,1,0,1) very rare (1-5)
800,0.064159535,0.9358405,1,372,4) very common (100+)
801,0.25470448,0.7452955,1,30,3) common (21-100)
802,0.93294495,0.06705505,0,421,4) very common (100+)
803,0.9289349,0.07106513,1,47,3) common (21-100)
804,0.50225717,0.49774283,1,66,3) common (21-100)
805,0.40972131,0.5902787,0,15,2) rare (6-20)
806,0.8172854,0.18271458,0,14,2) rare (6-20)
807,0.6132977,0.3867023,0,5,1) very rare (1-5)
808,0.89365137,0.106348634,0,14,2) rare (6-20)
809,0.2539321,0.7460679,1,86,3) common (21-100)
810,0.18562953,0.81437045,1,0,1) very rare (1-5)
811,0.39467773,0.60532224,1,19,2) rare (6-20)
812,0.3670444,0.6329556,1,1,1) very rare (1-5)
813,0.8886734,0.111326575,0,108,4) very common (100+)
814,0.32503468,0.6749653,1,118,4) very common (100+)
815,0.25447506,0.74552494,0,41,3) common (21-100)
816,0.19280128,0.8071987,1,108,4) very common (100+)
817,0.902957,0.09704298,1,0,1) very rare (1-5)
818,0.9946379,0.0053620934,0,421,4) very common (100+)
819,0.47002017,0.5299798,0,13,2) rare (6-20)
820,0.13584645,0.86415356,0,1,1) very rare (1-5)
821,0.33413884,0.6658611,1,2,1) very rare (1-5)
822,0.9039871,0.09601289,1,275,4) very common (100+)
823,0.9370222,0.06297779,0,700,4) very common (100+)
824,0.11346143,0.88653857,1,0,1) very rare (1-5)
825,0.52055633,0.47944367,1,1,1) very rare (1-5)
826,0.85087186,0.14912814,0,1,1) very rare (1-5)
827,0.38893032,0.6110697,1,700,4) very common (100+)
828,0.9275723,0.07242769,0,1,1) very rare (1-5)
829,0.5707141,0.42928588,0,68,3) common (21-100)
830,0.2525028,0.7474972,1,11,2) rare (6-20)
831,0.13288656,0.8671135,1,18,2) rare (6-20)
832,0.38348502,0.616515,0,1,1) very rare (1-5)
833,0.99006546,0.009934545,0,105,4) very common (100+)
834,0.9090906,0.09090942,0,15,2) rare (6-20)
835,0.052069273,0.94793075,0,1,1) very rare (1-5)
836,0.35161036,0.64838964,1,70,3) common (21-100)
837,0.8956393,0.1043607,0,1000,4) very common (100+)
838,0.11505488,0.8849451,1,3,1) very rare (1-5)
839,0.36774212,0.6322579,1,372,4) very common (100+)
840,0.93455327,0.065446734,0,142,4) very common (100+)
841,0.07623232,0.9237677,1,0,1) very rare (1-5)
842,0.9974842,0.0025157928,0,1000,4) very common (100+)
843,0.25988564,0.74011433,1,58,3) common (21-100)
844,0.5040825,0.4959175,0,70,3) common (21-100)
845,0.2092464,0.7907536,0,84,3) common (21-100)
846,0.9519677,0.048032284,0,100,3) common (21-100)
847,0.53074044,0.46925956,0,121,4) very common (100+)
848,0.18396923,0.81603074,1,0,1) very rare (1-5)
849,0.28414887,0.7158511,1,22,3) common (21-100)
850,0.6062512,0.39374882,0,182,4) very common (100+)
851,0.9350385,0.06496149,0,14,2) rare (6-20)
852,0.2800699,0.7199301,1,36,3) common (21-100)
853,0.7273039,0.27269608,1,1,1) very rare (1-5)
854,0.49169704,0.5083029,1,0,1) very rare (1-5)
855,0.7592793,0.24072069,0,100,3) common (21-100)
856,0.4224054,0.57759464,1,20,2) rare (6-20)
857,0.56303453,0.43696547,1,3,1) very rare (1-5)
858,0.23097454,0.76902544,1,17,2) rare (6-20)
859,0.07334019,0.9266598,1,4,1) very rare (1-5)
860,0.29048353,0.70951647,1,6,2) rare (6-20)
861,0.97191906,0.02808094,0,35,3) common (21-100)
862,0.7341973,0.26580268,0,1,1) very rare (1-5)
863,0.93106997,0.06893003,0,274,4) very common (100+)
864,0.79054236,0.20945764,0,121,4) very common (100+)
865,0.20786265,0.7921374,1,0,1) very rare (1-5)
866,0.13134487,0.86865515,1,0,1) very rare (1-5)
867,0.33028668,0.6697133,0,7,2) rare (6-20)
868,0.94610286,0.053897142,0,700,4) very common (100+)
869,0.74955535,0.25044465,0,79,3) common (21-100)
870,0.27995896,0.72004104,0,17,2) rare (6-20)
871,0.48574713,0.5142529,0,14,2) rare (6-20)
872,0.14873989,0.8512601,1,0,1) very rare (1-5)
873,0.97019625,0.029803753,0,24,3) common (21-100)
874,0.9859417,0.014058292,1,0,1) very rare (1-5)
875,0.20106442,0.7989356,0,0,1) very rare (1-5)
876,0.44467765,0.55532235,0,237,4) very common (100+)
877,0.4218748,0.57812524,0,21,3) common (21-100)
878,0.1876083,0.8123917,1,79,3) common (21-100)
879,0.49569145,0.5043086,1,0,1) very rare (1-5)
880,0.579326,0.42067403,1,1,1) very rare (1-5)
881,0.2019461,0.7980539,1,36,3) common (21-100)
882,0.47547066,0.52452934,1,30,3) common (21-100)
883,0.4902434,0.50975657,1,343,4) very common (100+)
884,0.5530709,0.4469291,0,372,4) very common (100+)
885,0.09313497,0.906865,1,0,1) very rare (1-5)
886,0.038395513,0.9616045,1,4,1) very rare (1-5)
887,0.9493652,0.0506348,1,0,1) very rare (1-5)
888,0.30239758,0.6976024,0,8,2) rare (6-20)
889,0.97611123,0.023888767,0,78,3) common (21-100)
890,0.35921642,0.64078355,1,1,1) very rare (1-5)
891,0.99108535,0.0089146495,0,89,3) common (21-100)
892,0.8843302,0.11566979,1,0,1) very rare (1-5)
893,0.416856,0.583144,1,372,4) very common (100+)
894,0.3574411,0.64255893,1,18,2) rare (6-20)
895,0.5840372,0.41596282,1,28,3) common (21-100)
896,0.50513315,0.49486685,1,71,3) common (21-100)
897,0.37619603,0.623804,0,14,2) rare (6-20)
898,0.8146789,0.1853211,0,1,1) very rare (1-5)
899,0.089753404,0.9102466,0,0,1) very rare (1-5)
900,0.3218878,0.6781122,1,268,4) very common (100+)
901,0.5360764,0.46392357,1,4,1) very rare (1-5)
902,0.45219165,0.54780835,0,2,1) very rare (1-5)
903,0.74535865,0.25464135,0,1070,4) very common (100+)
904,0.418482,0.581518,0,7,2) rare (6-20)
905,0.02288592,0.9771141,1,275,4) very common (100+)
906,0.17763853,0.82236147,1,17,2) rare (6-20)
907,0.5727559,0.42724413,1,63,3) common (21-100)
908,0.87925065,0.120749354,0,63,3) common (21-100)
909,0.4439682,0.5560318,0,1290,4) very common (100+)
910,0.55590284,0.44409716,0,13,2) rare (6-20)
911,0.79464036,0.20535964,0,17,2) rare (6-20)
912,0.3616907,0.6383093,0,1290,4) very common (100+)
913,0.8228645,0.17713553,0,2,1) very rare (1-5)
914,0.69888324,0.30111676,0,6,2) rare (6-20)
915,0.88496184,0.11503816,0,18,2) rare (6-20)
916,0.038712353,0.9612876,1,178,4) very common (100+)
917,0.46751502,0.532485,1,0,1) very rare (1-5)
918,0.6610755,0.33892453,0,166,4) very common (100+)
919,0.77705544,0.22294456,0,1290,4) very common (100+)
920,0.77918607,0.22081393,0,82,3) common (21-100)
921,0.05138088,0.9486191,1,0,1) very rare (1-5)
922,0.99126303,0.008736968,0,1000,4) very common (100+)
923,0.5539397,0.4460603,0,105,4) very common (100+)
924,0.80414754,0.19585246,0,118,4) very common (100+)
925,0.30912784,0.6908722,1,23,3) common (21-100)
926,0.63583374,0.36416626,1,4,1) very rare (1-5)
927,0.9216922,0.07830781,0,4,1) very rare (1-5)
928,0.7361186,0.2638814,1,343,4) very common (100+)
929,0.20405698,0.795943,0,2,1) very rare (1-5)
930,0.6157632,0.3842368,0,275,4) very common (100+)
931,0.3739695,0.6260305,1,20,2) rare (6-20)
932,0.111239724,0.88876027,1,11,2) rare (6-20)
933,0.12209801,0.877902,0,1,1) very rare (1-5)
934,0.40069732,0.59930265,1,6,2) rare (6-20)
935,0.65106314,0.34893686,1,0,1) very rare (1-5)
936,0.97708374,0.022916257,0,18,2) rare (6-20)
937,0.50606847,0.49393153,1,13,2) rare (6-20)
938,0.62441087,0.37558913,0,1290,4) very common (100+)
939,0.07077145,0.92922854,1,0,1) very rare (1-5)
940,0.39384866,0.60615134,1,0,1) very rare (1-5)
941,0.07555047,0.92444956,1,1,1) very rare (1-5)
942,0.47621435,0.52378565,0,5,1) very rare (1-5)
943,0.38048282,0.6195172,0,28,3) common (21-100)
944,0.86974823,0.13025177,1,261,4) very common (100+)
945,0.6344302,0.36556977,0,178,4) very common (100+)
946,0.12367938,0.8763206,1,0,1) very rare (1-5)
947,0.37022266,0.6297773,1,6,2) rare (6-20)
948,0.025170354,0.9748297,1,0,1) very rare (1-5)
949,0.4857934,0.5142066,1,69,3) common (21-100)
950,0.054108713,0.94589126,1,0,1) very rare (1-5)
951,0.17540598,0.824594,0,5,1) very rare (1-5)
952,0.72349024,0.27650976,0,223,4) very common (100+)
953,0.97134644,0.028653562,0,12,2) rare (6-20)
954,0.26163808,0.73836195,1,111,4) very common (100+)
955,0.1648503,0.8351497,1,159,4) very common (100+)
956,0.8808237,0.11917633,0,90,3) common (21-100)
957,0.6897944,0.31020558,1,44,3) common (21-100)
958,0.7188927,0.2811073,1,1,1) very rare (1-5)
959,0.103828475,0.8961715,1,14,2) rare (6-20)
960,0.102680035,0.89732,0,0,1) very rare (1-5)
961,0.28590786,0.71409214,0,1,1) very rare (1-5)
962,0.1859439,0.8140561,1,0,1) very rare (1-5)
963,0.3646411,0.6353589,1,70,3) common (21-100)
964,0.17826189,0.8217381,0,8,2) rare (6-20)
965,0.8677746,0.1322254,0,1070,4) very common (100+)
966,0.8647308,0.13526922,1,96,3) common (21-100)
967,0.19795732,0.80204266,1,10,2) rare (6-20)
968,0.70743316,0.29256684,0,45,3) common (21-100)
969,0.1865235,0.8134765,1,105,4) very common (100+)
970,0.201908,0.798092,0,4,1) very rare (1-5)
971,0.66566515,0.33433485,1,20,2) rare (6-20)
972,0.39249146,0.60750854,1,68,3) common (21-100)
973,0.5743169,0.42568308,0,63,3) common (21-100)
974,0.61039937,0.38960063,0,46,3) common (21-100)
975,0.22407134,0.7759287,0,1,1) very rare (1-5)
976,0.31138209,0.68861794,1,0,1) very rare (1-5)
977,0.7427127,0.25728732,1,261,4) very common (100+)
978,0.92003465,0.07996535,1,2,1) very rare (1-5)
979,0.06656668,0.9334333,1,6,2) rare (6-20)
980,0.11297316,0.88702685,0,111,4) very common (100+)
981,0.5856435,0.41435653,1,18,2) rare (6-20)
982,0.7974251,0.20257491,0,1290,4) very common (100+)
983,0.39591148,0.60408854,1,1070,4) very common (100+)
984,0.50127393,0.49872607,0,62,3) common (21-100)
985,0.06021768,0.9397823,1,0,1) very rare (1-5)
986,0.7353352,0.26466483,1,142,4) very common (100+)
987,0.5395262,0.46047378,0,1290,4) very common (100+)
988,0.88494855,0.11505145,0,47,3) common (21-100)
989,0.69535,0.30465,1,76,3) common (21-100)
990,0.09708421,0.9029158,1,3,1) very rare (1-5)
991,0.34222052,0.65777946,1,0,1) very rare (1-5)
992,0.5902726,0.4097274,0,1070,4) very common (100+)
993,0.056297563,0.94370246,1,32,3) common (21-100)
994,0.41938394,0.58061606,1,1,1) very rare (1-5)
995,0.29234898,0.707651,1,38,3) common (21-100)
996,0.15766631,0.8423337,1,0,1) very rare (1-5)
997,0.37167814,0.6283219,1,118,4) very common (100+)
998,0.97634107,0.023658931,0,62,3) common (21-100)
999,0.13907263,0.86092734,1,13,2) rare (6-20)
1000,0.5053508,0.49464917,0,2,1) very rare (1-5)
1001,0.54056,0.45944,0,0,1) very rare (1-5)
1002,0.1714894,0.8285106,0,7,2) rare (6-20)
1003,0.021761542,0.97823846,1,68,3) common (21-100)
1004,0.061993174,0.9380068,1,16,2) rare (6-20)
1005,0.28769395,0.712306,1,5,1) very rare (1-5)
1006,0.054180402,0.9458196,1,1,1) very rare (1-5)
1007,0.7028236,0.29717642,0,53,3) common (21-100)
1008,0.79228526,0.20771474,1,7,2) rare (6-20)
1009,0.97050256,0.029497445,0,421,4) very common (100+)
1010,0.96451914,0.035480857,0,24,3) common (21-100)
1011,0.085977525,0.91402245,0,0,1) very rare (1-5)
1012,0.6833586,0.3166414,1,22,3) common (21-100)
1013,0.6315949,0.3684051,1,76,3) common (21-100)
1014,0.9820759,0.01792407,0,159,4) very common (100+)
1015,0.4810717,0.5189283,0,118,4) very common (100+)
1016,0.973827,0.026172996,0,178,4) very common (100+)
1017,0.86624014,0.13375986,1,146,4) very common (100+)
1018,0.049596813,0.9504032,1,94,3) common (21-100)
1019,0.9730866,0.026913404,0,27,3) common (21-100)
1020,0.9483789,0.05162108,0,39,3) common (21-100)
1021,0.8578372,0.1421628,1,1,1) very rare (1-5)
1022,0.44842124,0.55157876,0,1,1) very rare (1-5)
1023,0.26469952,0.7353005,0,223,4) very common (100+)
1024,0.74058443,0.25941557,1,1,1) very rare (1-5)
1025,0.18466327,0.8153367,0,0,1) very rare (1-5)
1026,0.48353574,0.51646423,0,85,3) common (21-100)
1027,0.15483207,0.84516793,1,8,2) rare (6-20)
1028,0.4854894,0.51451063,1,0,1) very rare (1-5)
1029,0.31053185,0.68946815,1,0,1) very rare (1-5)
1030,0.7856665,0.21433347,0,372,4) very common (100+)
1031,0.06340802,0.936592,1,5,1) very rare (1-5)
1032,0.43581086,0.56418914,1,27,3) common (21-100)
1033,0.35047734,0.64952266,1,6,2) rare (6-20)
1034,0.9251733,0.07482672,1,1,1) very rare (1-5)
1035,0.77784884,0.22215116,1,3,1) very rare (1-5)
1036,0.72581244,0.27418756,1,5,1) very rare (1-5)
1037,0.37135643,0.6286436,0,134,4) very common (100+)
1038,0.68017685,0.31982315,0,107,4) very common (100+)
1039,0.04184,0.95816,0,5,1) very rare (1-5)
1040,0.73427343,0.26572657,0,1070,4) very common (100+)
1041,0.8457613,0.1542387,1,105,4) very common (100+)
1042,0.23540983,0.76459014,1,20,2) rare (6-20)
1043,0.9948021,0.0051978827,0,89,3) common (21-100)
1044,0.18019502,0.81980497,1,3,1) very rare (1-5)
1045,0.48687267,0.5131273,1,70,3) common (21-100)
1046,0.6202173,0.37978268,1,66,3) common (21-100)
1047,0.09506903,0.90493095,1,24,3) common (21-100)
1048,0.48033902,0.51966095,1,0,1) very rare (1-5)
1049,0.4420569,0.5579431,1,42,3) common (21-100)
1050,0.6733586,0.32664138,0,1070,4) very common (100+)
1051,0.030489152,0.96951085,1,13,2) rare (6-20)
1052,0.62145936,0.37854064,0,700,4) very common (100+)
1053,0.50237703,0.49762297,1,75,3) common (21-100)
1054,0.61641765,0.38358235,1,4,1) very rare (1-5)
1055,0.5071556,0.4928444,1,10,2) rare (6-20)
1056,0.09325455,0.90674543,1,19,2) rare (6-20)
1057,0.91102254,0.088977456,0,42,3) common (21-100)
1058,0.034115404,0.96588457,0,23,3) common (21-100)
1059,0.84187275,0.15812725,0,0,1) very rare (1-5)
1060,0.39930135,0.60069865,1,0,1) very rare (1-5)
1061,0.9296812,0.07031882,0,1290,4) very common (100+)
1062,0.5463815,0.45361853,0,1070,4) very common (100+)
1063,0.13901268,0.8609873,1,3,1) very rare (1-5)
1064,0.53219867,0.46780133,0,16,2) rare (6-20)
1065,0.46494952,0.5350505,0,18,2) rare (6-20)
1066,0.8420875,0.1579125,0,1000,4) very common (100+)
1067,0.024997411,0.9750026,1,0,1) very rare (1-5)
1068,0.9401946,0.059805393,0,421,4) very common (100+)
1069,0.51844007,0.48155993,1,0,1) very rare (1-5)
1070,0.3598341,0.6401659,0,3,1) very rare (1-5)
1071,0.08923577,0.9107642,1,105,4) very common (100+)
1072,0.47407082,0.5259292,1,91,3) common (21-100)
1073,0.7396542,0.26034582,1,2,1) very rare (1-5)
1074,0.48666272,0.51333725,1,7,2) rare (6-20)
1075,0.5923942,0.40760583,1,1,1) very rare (1-5)
1076,0.6762859,0.32371408,1,20,2) rare (6-20)
1077,0.6725511,0.3274489,0,1290,4) very common (100+)
1078,0.9529727,0.04702729,0,22,3) common (21-100)
1079,0.133654,0.866346,1,3,1) very rare (1-5)
1080,0.2606274,0.7393726,1,0,1) very rare (1-5)
1081,0.09791836,0.9020816,1,2,1) very rare (1-5)
1082,0.7672927,0.23270732,0,1290,4) very common (100+)
1083,0.81930643,0.18069357,0,106,4) very common (100+)
1084,0.1734354,0.8265646,1,17,2) rare (6-20)
1085,0.18793996,0.81206006,0,2,1) very rare (1-5)
1086,0.90349823,0.09650177,1,3,1) very rare (1-5)
1087,0.5799831,0.42001688,0,3,1) very rare (1-5)
1088,0.15347682,0.84652317,1,2,1) very rare (1-5)
1089,0.28046292,0.7195371,1,134,4) very common (100+)
1090,0.29778162,0.7022184,0,14,2) rare (6-20)
1091,0.49561712,0.50438285,0,1,1) very rare (1-5)
1092,0.5660225,0.43397748,0,0,1) very rare (1-5)
1093,0.9563642,0.043635786,0,11,2) rare (6-20)
1094,0.31084228,0.6891577,1,1,1) very rare (1-5)
1095,0.8196331,0.18036687,0,274,4) very common (100+)
1096,0.32304603,0.676954,0,166,4) very common (100+)
1097,0.87048465,0.12951535,0,1290,4) very common (100+)
1098,0.8395579,0.16044211,0,7,2) rare (6-20)
1099,0.14264882,0.8573512,1,1,1) very rare (1-5)
1100,0.1906111,0.8093889,1,1,1) very rare (1-5)
1101,0.7876583,0.21234173,0,1000,4) very common (100+)
1102,0.58015424,0.41984576,0,1,1) very rare (1-5)
1103,0.055612918,0.9443871,1,81,3) common (21-100)
1104,0.54103684,0.45896316,0,105,4) very common (100+)
1105,0.7246535,0.27534652,0,237,4) very common (100+)
1106,0.5475808,0.45241922,1,4,1) very rare (1-5)
1107,0.3559947,0.6440053,1,62,3) common (21-100)
1108,0.39389881,0.60610116,1,0,1) very rare (1-5)
1109,0.95337886,0.046621144,0,84,3) common (21-100)
1110,0.36283025,0.6371697,1,81,3) common (21-100)
1111,0.8143006,0.1856994,0,1290,4) very common (100+)
1112,0.8275627,0.17243731,0,1290,4) very common (100+)
1113,0.808681,0.19131899,0,700,4) very common (100+)
1114,0.115541264,0.8844587,1,0,1) very rare (1-5)
1115,0.3696294,0.6303706,1,8,2) rare (6-20)
1116,0.055522896,0.9444771,1,2,1) very rare (1-5)
1117,0.021136768,0.97886324,1,274,4) very common (100+)
1118,0.17185795,0.82814205,0,4,1) very rare (1-5)
1119,0.02440056,0.97559947,1,0,1) very rare (1-5)
1120,0.667268,0.33273202,0,145,4) very common (100+)
1121,0.98553586,0.01446414,0,421,4) very common (100+)
1122,0.37100908,0.6289909,0,0,1) very rare (1-5)
1123,0.18490402,0.81509596,1,76,3) common (21-100)
1124,0.34542438,0.6545756,1,0,1) very rare (1-5)
1125,0.8615883,0.1384117,1,28,3) common (21-100)
1126,0.52994466,0.47005534,1,0,1) very rare (1-5)
1127,0.5831406,0.4168594,1,39,3) common (21-100)
1128,0.1528161,0.8471839,1,1,1) very rare (1-5)
1129,0.47083482,0.52916515,0,21,3) common (21-100)
1130,0.019804258,0.98019576,1,6,2) rare (6-20)
1131,0.042600118,0.9573999,1,4,1) very rare (1-5)
1132,0.7995507,0.20044929,0,1,1) very rare (1-5)
1133,0.5194003,0.4805997,1,36,3) common (21-100)
1134,0.94741845,0.05258155,0,1000,4) very common (100+)
1135,0.29689464,0.70310533,1,4,1) very rare (1-5)
1136,0.39509106,0.60490894,0,5,1) very rare (1-5)
1137,0.019460632,0.9805394,1,0,1) very rare (1-5)
1138,0.80376613,0.19623387,1,3,1) very rare (1-5)
1139,0.16540922,0.8345908,1,3,1) very rare (1-5)
1140,0.84556586,0.15443414,0,700,4) very common (100+)
1141,0.11352106,0.88647896,1,1,1) very rare (1-5)
1142,0.49721578,0.50278425,1,71,3) common (21-100)
1143,0.079148926,0.92085105,1,6,2) rare (6-20)
1144,0.13727641,0.8627236,1,8,2) rare (6-20)
1145,0.9926581,0.0073419213,1,89,3) common (21-100)
1146,0.5521337,0.44786632,1,1290,4) very common (100+)
1147,0.64933634,0.35066366,1,54,3) common (21-100)
1148,0.39969864,0.6003014,1,22,3) common (21-100)
1149,0.87694794,0.12305206,1,3,1) very rare (1-5)
1150,0.036184784,0.9638152,1,39,3) common (21-100)
1151,0.43784854,0.56215143,1,0,1) very rare (1-5)
1152,0.781506,0.218494,0,3,1) very rare (1-5)
1153,0.4085458,0.5914542,0,1,1) very rare (1-5)
1154,0.50932735,0.49067265,1,160,4) very common (100+)
1155,0.8805278,0.119472206,1,0,1) very rare (1-5)
1156,0.12862624,0.8713738,1,4,1) very rare (1-5)
1157,0.27703154,0.72296846,1,37,3) common (21-100)
1158,0.9031995,0.096800506,0,4,1) very rare (1-5)
1159,0.04260841,0.9573916,1,0,1) very rare (1-5)
1160,0.14366996,0.85633004,0,55,3) common (21-100)
1161,0.47373348,0.5262665,1,1070,4) very common (100+)
1162,0.95359683,0.04640317,0,421,4) very common (100+)
1163,0.43923664,0.56076336,0,700,4) very common (100+)
1164,0.4968825,0.5031175,0,237,4) very common (100+)
1165,0.3504561,0.6495439,1,142,4) very common (100+)
1166,0.8247096,0.1752904,1,76,3) common (21-100)
1167,0.93745184,0.06254816,0,89,3) common (21-100)
1168,0.1856438,0.8143562,1,1,1) very rare (1-5)
1169,0.07162393,0.9283761,0,1,1) very rare (1-5)
1170,0.29517475,0.7048253,0,42,3) common (21-100)
1171,0.5349374,0.46506262,1,1,1) very rare (1-5)
1172,0.3864744,0.6135256,1,25,3) common (21-100)
1173,0.967315,0.03268498,0,10,2) rare (6-20)
1174,0.50047433,0.49952567,1,105,4) very common (100+)
1175,0.4499048,0.5500952,0,17,2) rare (6-20)
1176,0.119672365,0.88032764,1,0,1) very rare (1-5)
1177,0.41308123,0.5869188,0,4,1) very rare (1-5)
1178,0.791718,0.208282,1,0,1) very rare (1-5)
1179,0.1414069,0.8585931,1,0,1) very rare (1-5)
1180,0.03368024,0.96631974,1,0,1) very rare (1-5)
1181,0.4883324,0.5116676,1,1290,4) very common (100+)
1182,0.3270043,0.6729957,0,11,2) rare (6-20)
1183,0.37170348,0.6282965,1,4,1) very rare (1-5)
1184,0.9133446,0.08665538,0,70,3) common (21-100)
1185,0.791058,0.208942,0,1290,4) very common (100+)
1186,0.24298449,0.7570155,0,275,4) very common (100+)
1187,0.6244999,0.37550008,1,78,3) common (21-100)
1188,0.6803531,0.3196469,0,142,4) very common (100+)
1189,0.5080751,0.49192488,1,1,1) very rare (1-5)
1190,0.8078156,0.19218439,1,1070,4) very common (100+)
1191,0.97988373,0.02011627,0,211,4) very common (100+)
1192,0.07145937,0.92854065,0,1,1) very rare (1-5)
1193,0.15861936,0.84138066,1,5,1) very rare (1-5)
1194,0.107364826,0.89263517,1,2,1) very rare (1-5)
1195,0.12629867,0.87370133,0,275,4) very common (100+)
1196,0.6853319,0.31466812,1,18,2) rare (6-20)
1197,0.082319334,0.9176807,1,3,1) very rare (1-5)
1198,0.073784806,0.9262152,1,24,3) common (21-100)
1199,0.16124289,0.8387571,1,0,1) very rare (1-5)
1200,0.57515615,0.42484385,1,142,4) very common (100+)
1201,0.18176861,0.8182314,1,86,3) common (21-100)
1202,0.34704697,0.652953,1,0,1) very rare (1-5)
1203,0.010939591,0.9890604,1,92,3) common (21-100)
1204,0.32026207,0.6797379,1,0,1) very rare (1-5)
1205,0.08106723,0.9189328,1,1,1) very rare (1-5)
1206,0.38749078,0.61250925,1,160,4) very common (100+)
1207,0.6818927,0.3181073,1,69,3) common (21-100)
1208,0.39323154,0.6067685,1,1,1) very rare (1-5)
1209,0.08973724,0.91026276,1,0,1) very rare (1-5)
1210,0.67104214,0.32895786,0,1070,4) very common (100+)
1211,0.072074965,0.92792505,1,5,1) very rare (1-5)
1212,0.40282214,0.59717786,1,1,1) very rare (1-5)
1213,0.3189098,0.68109024,0,372,4) very common (100+)
1214,0.5034167,0.49658328,1,2,1) very rare (1-5)
1215,0.15978737,0.84021264,1,1,1) very rare (1-5)
1216,0.16171275,0.83828723,1,86,3) common (21-100)
1217,0.9647899,0.035210073,0,700,4) very common (100+)
1218,0.14703016,0.8529698,1,4,1) very rare (1-5)
1219,0.90389746,0.096102536,0,372,4) very common (100+)
1220,0.8520636,0.1479364,0,2,1) very rare (1-5)
1221,0.054732215,0.9452678,1,0,1) very rare (1-5)
1222,0.31178138,0.6882186,0,1070,4) very common (100+)
1223,0.14922723,0.85077274,1,5,1) very rare (1-5)
1224,0.8357995,0.16420048,1,0,1) very rare (1-5)
1225,0.841053,0.15894699,0,4,1) very rare (1-5)
1226,0.1633851,0.8366149,1,3,1) very rare (1-5)
1227,0.1095558,0.8904442,1,0,1) very rare (1-5)
1228,0.51410615,0.48589385,1,17,2) rare (6-20)
1229,0.212476,0.787524,1,0,1) very rare (1-5)
1230,0.41293317,0.5870668,0,268,4) very common (100+)
1231,0.30644006,0.69355994,0,1,1) very rare (1-5)
1232,0.1111316,0.8888684,1,1,1) very rare (1-5)
1233,0.478074,0.521926,0,421,4) very common (100+)
1234,0.43478543,0.5652146,1,1290,4) very common (100+)
1235,0.38513312,0.61486685,1,2,1) very rare (1-5)
1236,0.8019577,0.19804227,1,58,3) common (21-100)
1237,0.1916864,0.8083136,0,14,2) rare (6-20)
1238,0.24557033,0.7544297,1,36,3) common (21-100)
1239,0.08827569,0.9117243,1,0,1) very rare (1-5)
1240,0.94968635,0.05031365,1,5,1) very rare (1-5)
1241,0.68264157,0.31735843,1,15,2) rare (6-20)
1242,0.21807508,0.7819249,0,18,2) rare (6-20)
1243,0.9204259,0.07957411,1,1290,4) very common (100+)
1244,0.25145188,0.74854815,1,14,2) rare (6-20)
1245,0.33814827,0.66185176,1,66,3) common (21-100)
1246,0.050665926,0.9493341,1,88,3) common (21-100)
1247,0.5012485,0.49875152,0,19,2) rare (6-20)
1248,0.4421184,0.5578816,1,19,2) rare (6-20)
1249,0.6161188,0.3838812,1,3,1) very rare (1-5)
1250,0.11806366,0.8819363,1,7,2) rare (6-20)
1251,0.42064738,0.5793526,1,1070,4) very common (100+)
1252,0.6144396,0.3855604,0,700,4) very common (100+)
1253,0.68010324,0.31989676,0,261,4) very common (100+)
1254,0.9576358,0.04236418,0,96,3) common (21-100)
1255,0.42854956,0.5714505,0,223,4) very common (100+)
1256,0.6285351,0.3714649,0,9,2) rare (6-20)
1257,0.9736327,0.026367307,0,106,4) very common (100+)
1258,0.05534923,0.94465077,1,0,1) very rare (1-5)
1259,0.9318233,0.06817669,1,0,1) very rare (1-5)
1260,0.4452001,0.5547999,0,5,1) very rare (1-5)
1261,0.45478126,0.5452187,1,3,1) very rare (1-5)
1262,0.61038405,0.38961595,1,86,3) common (21-100)
1263,0.46731287,0.5326871,1,4,1) very rare (1-5)
1264,0.47355643,0.5264436,1,5,1) very rare (1-5)
1265,0.123415515,0.8765845,1,76,3) common (21-100)
1266,0.26295477,0.7370452,0,0,1) very rare (1-5)
1267,0.3049921,0.6950079,0,17,2) rare (6-20)
1268,0.18817413,0.8118259,1,9,2) rare (6-20)
1269,0.15149766,0.84850234,1,0,1) very rare (1-5)
1270,0.9818928,0.018107176,1,0,1) very rare (1-5)
1271,0.8466722,0.15332782,1,0,1) very rare (1-5)
1272,0.17454064,0.82545936,1,23,3) common (21-100)
1273,0.33643463,0.6635654,1,9,2) rare (6-20)
1274,0.79700136,0.20299864,0,700,4) very common (100+)
1275,0.3010698,0.6989302,0,3,1) very rare (1-5)
1276,0.77475774,0.22524226,1,3,1) very rare (1-5)
1277,0.6789851,0.32101488,0,31,3) common (21-100)
1278,0.6453275,0.3546725,0,134,4) very common (100+)
1279,0.4604231,0.5395769,1,10,2) rare (6-20)
1280,0.1529852,0.8470148,1,15,2) rare (6-20)
1281,0.50134605,0.49865395,0,9,2) rare (6-20)
1282,0.5233173,0.47668272,0,0,1) very rare (1-5)
1283,0.8341616,0.16583842,0,261,4) very common (100+)
1284,0.7173534,0.2826466,0,43,3) common (21-100)
1285,0.49999076,0.50000924,1,37,3) common (21-100)
1286,0.020959647,0.9790403,1,4,1) very rare (1-5)
1287,0.18779457,0.81220543,1,0,1) very rare (1-5)
1288,0.39774403,0.60225594,0,1,1) very rare (1-5)
1289,0.3595881,0.6404119,1,1,1) very rare (1-5)
1290,0.44263542,0.5573646,0,1,1) very rare (1-5)
1291,0.97334224,0.02665776,0,700,4) very common (100+)
1292,0.2623285,0.7376715,0,700,4) very common (100+)
1293,0.6716649,0.3283351,1,3,1) very rare (1-5)
1294,0.63927585,0.36072415,1,12,2) rare (6-20)
1295,0.06616162,0.93383837,1,3,1) very rare (1-5)
1296,0.97144055,0.028559446,0,1000,4) very common (100+)
1297,0.12458966,0.8754103,1,0,1) very rare (1-5)
1298,0.72075224,0.27924776,1,3,1) very rare (1-5)
1299,0.12292551,0.8770745,0,3,1) very rare (1-5)
1300,0.96560574,0.034394264,0,78,3) common (21-100)
1301,0.4883346,0.5116654,0,24,3) common (21-100)
1302,0.2431117,0.7568883,0,11,2) rare (6-20)
1303,0.08066229,0.9193377,1,0,1) very rare (1-5)
1304,0.7260377,0.27396232,0,1290,4) very common (100+)
1305,0.4424558,0.55754423,0,7,2) rare (6-20)
1306,0.4713852,0.52861476,0,1290,4) very common (100+)
1307,0.93806565,0.061934352,0,4,1) very rare (1-5)
1308,0.87612367,0.12387633,1,1070,4) very common (100+)
1309,0.46042332,0.53957665,1,0,1) very rare (1-5)
1310,0.33006123,0.6699388,1,421,4) very common (100+)
1311,0.30075213,0.69924784,0,7,2) rare (6-20)
1312,0.9038504,0.09614962,0,20,2) rare (6-20)
1313,0.9794862,0.020513773,0,1290,4) very common (100+)
1314,0.58922964,0.41077036,0,1000,4) very common (100+)
1315,0.59771675,0.40228325,0,0,1) very rare (1-5)
1316,0.20870997,0.79129004,1,16,2) rare (6-20)
1317,0.99074966,0.009250343,0,94,3) common (21-100)
1318,0.18289475,0.81710523,1,14,2) rare (6-20)
1319,0.4098951,0.59010494,1,27,3) common (21-100)
1320,0.49603075,0.50396925,1,65,3) common (21-100)
1321,0.33248395,0.66751605,0,18,2) rare (6-20)
1322,0.55360866,0.44639134,1,0,1) very rare (1-5)
1323,0.083728135,0.91627187,1,17,2) rare (6-20)
1324,0.6936418,0.30635822,1,1070,4) very common (100+)
1325,0.467159,0.53284097,0,21,3) common (21-100)
1326,0.9308402,0.069159806,1,268,4) very common (100+)
1327,0.101140365,0.8988596,1,0,1) very rare (1-5)
1328,0.05492341,0.9450766,1,4,1) very rare (1-5)
1329,0.38033208,0.6196679,1,0,1) very rare (1-5)
1330,0.16629894,0.8337011,0,7,2) rare (6-20)
1331,0.92876476,0.07123524,0,5,1) very rare (1-5)
1332,0.9260256,0.07397437,0,20,2) rare (6-20)
1333,0.41966504,0.58033496,1,14,2) rare (6-20)
1334,0.7290582,0.2709418,1,70,3) common (21-100)
1335,0.6740371,0.3259629,0,42,3) common (21-100)
1336,0.7934665,0.20653349,1,1,1) very rare (1-5)
1337,0.303422,0.696578,1,18,2) rare (6-20)
1338,0.47510496,0.5248951,1,2,1) very rare (1-5)
1339,0.81897163,0.18102837,0,8,2) rare (6-20)
1340,0.8311312,0.16886878,0,223,4) very common (100+)
1341,0.20923817,0.7907618,0,1,1) very rare (1-5)
1342,0.2793173,0.72068274,1,0,1) very rare (1-5)
1343,0.7844759,0.21552408,1,1290,4) very common (100+)
1344,0.17556444,0.8244356,1,0,1) very rare (1-5)
1345,0.4468903,0.5531097,1,3,1) very rare (1-5)
1346,0.19944474,0.8005552,0,0,1) very rare (1-5)
1347,0.9953518,0.0046482086,0,12,2) rare (6-20)
1348,0.62664795,0.37335205,0,261,4) very common (100+)
1349,0.26714537,0.7328546,0,160,4) very common (100+)
1350,0.894899,0.10510099,1,9,2) rare (6-20)
1351,0.95272714,0.04727286,0,28,3) common (21-100)
1352,0.1889988,0.8110012,1,372,4) very common (100+)
1353,0.06019765,0.93980235,1,0,1) very rare (1-5)
1354,0.9507488,0.0492512,0,12,2) rare (6-20)
1355,0.3618197,0.63818026,0,1,1) very rare (1-5)
1356,0.4777566,0.5222434,1,0,1) very rare (1-5)
1357,0.2062842,0.79371583,0,100,3) common (21-100)
1358,0.95975673,0.040243268,1,5,1) very rare (1-5)
1359,0.7792566,0.22074342,1,76,3) common (21-100)
1360,0.51115775,0.48884225,1,160,4) very common (100+)
1361,0.88931483,0.11068517,0,12,2) rare (6-20)
1362,0.096777365,0.9032226,1,0,1) very rare (1-5)
1363,0.081063434,0.91893655,1,3,1) very rare (1-5)
1364,0.22998329,0.77001673,1,4,1) very rare (1-5)
1365,0.08490294,0.91509706,1,75,3) common (21-100)
1366,0.04913414,0.95086586,1,0,1) very rare (1-5)
1367,0.63738626,0.36261374,1,3,1) very rare (1-5)
1368,0.97008455,0.029915452,0,1000,4) very common (100+)
1369,0.40305826,0.5969417,0,2,1) very rare (1-5)
1370,0.9369876,0.06301242,0,700,4) very common (100+)
1371,0.093867786,0.9061322,1,3,1) very rare (1-5)
1372,0.4446036,0.55539644,1,0,1) very rare (1-5)
1373,0.0698578,0.9301422,1,17,2) rare (6-20)
1374,0.020280007,0.97972,1,0,1) very rare (1-5)
1375,0.80979896,0.19020104,0,68,3) common (21-100)
1376,0.62524223,0.37475777,0,2,1) very rare (1-5)
1377,0.99072915,0.009270847,1,4,1) very rare (1-5)
1378,0.3060474,0.69395256,1,62,3) common (21-100)
1379,0.07173446,0.9282656,1,0,1) very rare (1-5)
1380,0.11658194,0.8834181,1,6,2) rare (6-20)
1381,0.9925787,0.0074213147,0,211,4) very common (100+)
1382,0.793333,0.206667,1,13,2) rare (6-20)
1383,0.30027914,0.69972086,1,0,1) very rare (1-5)
1384,0.16162951,0.8383705,1,0,1) very rare (1-5)
1385,0.4367935,0.5632065,1,0,1) very rare (1-5)
1386,0.4383056,0.5616944,0,105,4) very common (100+)
1387,0.19465332,0.80534667,0,2,1) very rare (1-5)
1388,0.9957969,0.004203081,0,1000,4) very common (100+)
1389,0.4373564,0.5626436,1,1,1) very rare (1-5)
1390,0.9150679,0.08493209,1,8,2) rare (6-20)
1391,0.10195731,0.8980427,1,30,3) common (21-100)
1392,0.5119388,0.4880612,1,1,1) very rare (1-5)
1393,0.7850027,0.21499729,1,0,1) very rare (1-5)
1394,0.3134483,0.6865517,1,0,1) very rare (1-5)
1395,0.8880739,0.11192608,0,62,3) common (21-100)
1396,0.5152634,0.48473662,0,2,1) very rare (1-5)
1397,0.96986157,0.030138433,0,142,4) very common (100+)
1398,0.30215818,0.6978418,1,0,1) very rare (1-5)
1399,0.42234972,0.5776503,1,7,2) rare (6-20)
1400,0.7053613,0.2946387,1,0,1) very rare (1-5)
1401,0.24804573,0.75195426,0,2,1) very rare (1-5)
1402,0.38103247,0.61896753,0,6,2) rare (6-20)
1403,0.48318267,0.51681733,1,274,4) very common (100+)
1404,0.39872286,0.6012771,0,5,1) very rare (1-5)
1405,0.4264809,0.5735191,0,142,4) very common (100+)
1406,0.38558424,0.61441576,1,58,3) common (21-100)
1407,0.9520241,0.047975898,0,166,4) very common (100+)
1408,0.40340084,0.59659916,0,261,4) very common (100+)
1409,0.76619554,0.23380446,0,107,4) very common (100+)
1410,0.5332102,0.46678978,1,0,1) very rare (1-5)
1411,0.9221014,0.07789862,0,3,1) very rare (1-5)
1412,0.95081973,0.04918027,1,1070,4) very common (100+)
1413,0.26329663,0.7367034,0,32,3) common (21-100)
1414,0.43254188,0.56745815,0,2,1) very rare (1-5)
1415,0.29214656,0.70785344,1,0,1) very rare (1-5)
1416,0.37979656,0.62020344,1,1,1) very rare (1-5)
1417,0.6875934,0.3124066,0,47,3) common (21-100)
1418,0.5217453,0.47825468,1,0,1) very rare (1-5)
1419,0.3318923,0.6681077,0,421,4) very common (100+)
1420,0.98436284,0.01563716,0,700,4) very common (100+)
1421,0.046595566,0.9534044,0,3,1) very rare (1-5)
1422,0.047840282,0.9521597,1,0,1) very rare (1-5)
1423,0.17457542,0.82542455,0,421,4) very common (100+)
1424,0.20890114,0.79109883,1,92,3) common (21-100)
1425,0.22884999,0.77115,0,1,1) very rare (1-5)
1426,0.10998183,0.89001817,1,0,1) very rare (1-5)
1427,0.22036242,0.7796376,1,3,1) very rare (1-5)
1428,0.08618939,0.9138106,1,0,1) very rare (1-5)
1429,0.8988095,0.10119051,0,1000,4) very common (100+)
1430,0.038367935,0.9616321,1,0,1) very rare (1-5)
1431,0.7501229,0.2498771,0,237,4) very common (100+)
1432,0.08464814,0.91535187,1,6,2) rare (6-20)
1433,0.59186834,0.40813166,0,9,2) rare (6-20)
1434,0.24307749,0.7569225,1,0,1) very rare (1-5)
1435,0.46146512,0.5385349,0,1290,4) very common (100+)
1436,0.55877596,0.44122404,0,13,2) rare (6-20)
1437,0.19919068,0.8008093,1,421,4) very common (100+)
1438,0.07021733,0.9297827,0,105,4) very common (100+)
1439,0.19861062,0.8013894,1,31,3) common (21-100)
1440,0.33153188,0.6684681,0,237,4) very common (100+)
1441,0.8757512,0.1242488,1,89,3) common (21-100)
1442,0.24220127,0.75779873,1,0,1) very rare (1-5)
1443,0.8062031,0.19379687,1,2,1) very rare (1-5)
1444,0.46134487,0.53865516,1,0,1) very rare (1-5)
1445,0.38826412,0.6117359,0,1,1) very rare (1-5)
1446,0.82692796,0.17307204,0,35,3) common (21-100)
1447,0.54610693,0.45389307,1,1070,4) very common (100+)
1448,0.42479244,0.5752076,0,3,1) very rare (1-5)
1449,0.60629743,0.39370257,1,1290,4) very common (100+)
1450,0.5273992,0.47260082,1,3,1) very rare (1-5)
1451,0.9308536,0.069146395,0,89,3) common (21-100)
1452,0.22389854,0.77610147,1,0,1) very rare (1-5)
1453,0.8933063,0.106693685,0,237,4) very common (100+)
1454,0.97567546,0.024324536,0,211,4) very common (100+)
1455,0.72616565,0.27383435,0,1290,4) very common (100+)
1456,0.96093005,0.03906995,0,211,4) very common (100+)
1457,0.050898198,0.9491018,1,0,1) very rare (1-5)
1458,0.8019019,0.19809812,0,39,3) common (21-100)
1459,0.9747294,0.025270581,0,700,4) very common (100+)
1460,0.6983556,0.30164438,0,3,1) very rare (1-5)
1461,0.46980453,0.5301955,1,96,3) common (21-100)
1462,0.7858458,0.21415418,1,3,1) very rare (1-5)
1463,0.88074774,0.119252264,0,421,4) very common (100+)
1464,0.948293,0.05170703,0,1000,4) very common (100+)
1465,0.51959383,0.48040617,0,118,4) very common (100+)
1466,0.76449,0.23550999,0,28,3) common (21-100)
1467,0.11479989,0.88520014,1,79,3) common (21-100)
1468,0.2561714,0.7438286,1,29,3) common (21-100)
1469,0.6289412,0.37105882,1,96,3) common (21-100)
1470,0.7244967,0.27550328,1,0,1) very rare (1-5)
1471,0.31730846,0.6826916,1,8,2) rare (6-20)
1472,0.062783666,0.93721634,1,8,2) rare (6-20)
1473,0.9613354,0.03866458,0,6,2) rare (6-20)
1474,0.5257359,0.4742641,0,5,1) very rare (1-5)
1475,0.24745359,0.7525464,1,3,1) very rare (1-5)
1476,0.6458423,0.3541577,1,372,4) very common (100+)
1477,0.7916356,0.20836443,0,3,1) very rare (1-5)
1478,0.094592646,0.90540737,1,4,1) very rare (1-5)
1479,0.16604626,0.83395374,0,4,1) very rare (1-5)
1480,0.8452646,0.15473539,0,2,1) very rare (1-5)
1481,0.360849,0.639151,0,66,3) common (21-100)
1482,0.61265004,0.38734996,0,9,2) rare (6-20)
1483,0.18445146,0.81554854,0,82,3) common (21-100)
1484,0.9755637,0.024436295,0,1000,4) very common (100+)
1485,0.7785153,0.22148472,0,105,4) very common (100+)
1486,0.39331344,0.6066866,1,9,2) rare (6-20)
1487,0.9674937,0.032506287,1,142,4) very common (100+)
1488,0.69589365,0.30410635,0,3,1) very rare (1-5)
1489,0.4832988,0.5167012,1,0,1) very rare (1-5)
1490,0.06742521,0.9325748,1,6,2) rare (6-20)
1491,0.3464523,0.6535477,1,0,1) very rare (1-5)
1492,0.2627082,0.7372918,1,1290,4) very common (100+)
1493,0.07384144,0.92615855,1,35,3) common (21-100)
1494,0.018851656,0.98114836,1,4,1) very rare (1-5)
1495,0.6212936,0.3787064,0,74,3) common (21-100)
1496,0.6334815,0.3665185,0,96,3) common (21-100)
1497,0.742715,0.257285,1,2,1) very rare (1-5)
1498,0.2435894,0.7564106,1,1,1) very rare (1-5)
1499,0.6305542,0.3694458,0,700,4) very common (100+)
1500,0.46459576,0.5354042,1,1,1) very rare (1-5)
1501,0.09140643,0.9085936,1,0,1) very rare (1-5)
1502,0.124361396,0.8756386,1,7,2) rare (6-20)
1503,0.7004848,0.2995152,1,15,2) rare (6-20)
1504,0.4077664,0.5922336,0,3,1) very rare (1-5)
1505,0.89369833,0.106301665,0,700,4) very common (100+)
1506,0.65458125,0.34541875,0,268,4) very common (100+)
1507,0.9039039,0.0960961,0,85,3) common (21-100)
1508,0.17917296,0.820827,1,3,1) very rare (1-5)
1509,0.085772514,0.9142275,1,0,1) very rare (1-5)
1510,0.33800462,0.6619954,1,5,1) very rare (1-5)
1511,0.14201425,0.85798573,1,5,1) very rare (1-5)
1512,0.6548575,0.34514248,0,3,1) very rare (1-5)
1513,0.4437541,0.5562459,1,3,1) very rare (1-5)
1514,0.6816851,0.3183149,1,0,1) very rare (1-5)
1515,0.44392192,0.5560781,0,372,4) very common (100+)
1516,0.5254773,0.4745227,0,223,4) very common (100+)
1517,0.7348751,0.26512492,1,8,2) rare (6-20)
1518,0.7745595,0.2254405,0,1000,4) very common (100+)
1519,0.4196324,0.58036757,1,15,2) rare (6-20)
1520,0.96924096,0.030759037,0,275,4) very common (100+)
1521,0.20418261,0.7958174,1,0,1) very rare (1-5)
1522,0.93164593,0.06835407,0,14,2) rare (6-20)
1523,0.4675134,0.53248656,0,14,2) rare (6-20)
1524,0.37542957,0.6245704,0,142,4) very common (100+)
1525,0.76700515,0.23299485,0,1000,4) very common (100+)
1526,0.17081366,0.8291863,0,0,1) very rare (1-5)
1527,0.6561071,0.34389287,0,65,3) common (21-100)
1528,0.39153174,0.6084683,1,0,1) very rare (1-5)
1529,0.38017818,0.6198218,0,9,2) rare (6-20)
1530,0.93520904,0.064790964,0,159,4) very common (100+)
1531,0.10344734,0.8965527,1,0,1) very rare (1-5)
1532,0.7304039,0.2695961,1,1290,4) very common (100+)
1533,0.18790132,0.8120987,1,0,1) very rare (1-5)
1534,0.44211152,0.5578885,1,8,2) rare (6-20)
1535,0.69813174,0.30186826,0,18,2) rare (6-20)
1536,0.6684173,0.33158273,1,2,1) very rare (1-5)
1537,0.7770448,0.22295523,1,4,1) very rare (1-5)
1538,0.09326876,0.90673125,1,118,4) very common (100+)
1539,0.920343,0.07965702,1,92,3) common (21-100)
1540,0.55158347,0.44841653,1,62,3) common (21-100)
1541,0.8341822,0.1658178,0,1,1) very rare (1-5)
1542,0.032654386,0.9673456,1,3,1) very rare (1-5)
1543,0.28338173,0.7166183,1,1290,4) very common (100+)
1544,0.7628268,0.2371732,0,19,2) rare (6-20)
1545,0.7748372,0.2251628,0,1290,4) very common (100+)
1546,0.13212122,0.8678788,1,0,1) very rare (1-5)
1547,0.4579772,0.5420228,1,1070,4) very common (100+)
1548,0.1958186,0.8041814,1,4,1) very rare (1-5)
1549,0.84382623,0.15617377,0,106,4) very common (100+)
1550,0.90330833,0.09669167,0,19,2) rare (6-20)
1551,0.47663644,0.5233636,1,142,4) very common (100+)
1552,0.30666655,0.69333345,0,39,3) common (21-100)
1553,0.9064873,0.093512714,0,32,3) common (21-100)
1554,0.27123967,0.72876036,0,2,1) very rare (1-5)
1555,0.05098723,0.94901276,1,0,1) very rare (1-5)
1556,0.80940986,0.19059014,1,123,4) very common (100+)
1557,0.6834796,0.3165204,1,90,3) common (21-100)
1558,0.1726875,0.82731247,0,17,2) rare (6-20)
1559,0.22269604,0.77730393,1,5,1) very rare (1-5)
1560,0.054014254,0.94598573,1,89,3) common (21-100)
1561,0.8184813,0.18151867,1,2,1) very rare (1-5)
1562,0.27393094,0.7260691,0,1070,4) very common (100+)
1563,0.44963065,0.5503694,0,2,1) very rare (1-5)
1564,0.10409568,0.8959043,1,8,2) rare (6-20)
1565,0.16316496,0.836835,1,2,1) very rare (1-5)
1566,0.40919918,0.5908008,1,123,4) very common (100+)
1567,0.13351636,0.8664836,1,0,1) very rare (1-5)
1568,0.7299559,0.2700441,0,3,1) very rare (1-5)
1569,0.25624403,0.74375594,0,372,4) very common (100+)
1570,0.7684956,0.23150438,0,23,3) common (21-100)
1571,0.1242487,0.8757513,1,16,2) rare (6-20)
1572,0.10369717,0.8963028,0,111,4) very common (100+)
1573,0.109238125,0.89076185,1,1,1) very rare (1-5)
1574,0.13456985,0.8654301,0,16,2) rare (6-20)
1575,0.96446025,0.035539746,0,8,2) rare (6-20)
1576,0.7221451,0.27785492,0,7,2) rare (6-20)
1577,0.765199,0.234801,1,70,3) common (21-100)
1578,0.5563207,0.44367927,1,11,2) rare (6-20)
1579,0.12307815,0.87692183,0,1,1) very rare (1-5)
1580,0.74574155,0.25425845,0,0,1) very rare (1-5)
1581,0.49425524,0.50574476,0,123,4) very common (100+)
1582,0.11120013,0.88879985,1,0,1) very rare (1-5)
1583,0.47562578,0.52437425,1,76,3) common (21-100)
1584,0.642965,0.35703498,0,13,2) rare (6-20)
1585,0.38291836,0.61708164,0,237,4) very common (100+)
1586,0.34776613,0.65223384,1,0,1) very rare (1-5)
1587,0.44585204,0.55414796,0,8,2) rare (6-20)
1588,0.45900595,0.54099405,0,15,2) rare (6-20)
1589,0.47743678,0.5225632,1,72,3) common (21-100)
1590,0.8537627,0.14623731,1,0,1) very rare (1-5)
1591,0.1996309,0.8003691,1,0,1) very rare (1-5)
1592,0.038109347,0.96189064,1,0,1) very rare (1-5)
1593,0.17230128,0.8276987,0,9,2) rare (6-20)
1594,0.91821665,0.081783354,0,17,2) rare (6-20)
1595,0.7841706,0.21582937,0,1000,4) very common (100+)
1596,0.3340704,0.66592956,0,3,1) very rare (1-5)
1597,0.07881058,0.9211894,0,1,1) very rare (1-5)
1598,0.840569,0.15943098,1,5,1) very rare (1-5)
1599,0.5969098,0.40309018,1,5,1) very rare (1-5)
1600,0.24919446,0.75080556,0,1,1) very rare (1-5)
1601,0.15505247,0.8449475,1,0,1) very rare (1-5)
1602,0.50406235,0.49593765,1,0,1) very rare (1-5)
1603,0.8119607,0.1880393,0,2,1) very rare (1-5)
1604,0.7574547,0.2425453,0,24,3) common (21-100)
1605,0.8357826,0.16421741,0,4,1) very rare (1-5)
1606,0.40475136,0.59524864,1,3,1) very rare (1-5)
1607,0.58218783,0.41781217,0,1070,4) very common (100+)
1608,0.6912163,0.3087837,1,106,4) very common (100+)
1609,0.43639144,0.5636085,1,79,3) common (21-100)
1610,0.016790485,0.9832095,1,5,1) very rare (1-5)
1611,0.6023535,0.3976465,0,1,1) very rare (1-5)
1612,0.062199302,0.9378007,1,39,3) common (21-100)
1613,0.9910172,0.008982778,1,1,1) very rare (1-5)
1614,0.82308525,0.17691475,0,182,4) very common (100+)
1615,0.022357598,0.9776424,1,11,2) rare (6-20)
1616,0.26937038,0.7306296,0,1,1) very rare (1-5)
1617,0.53456414,0.46543586,1,105,4) very common (100+)
1618,0.32396486,0.67603517,0,18,2) rare (6-20)
1619,0.014214978,0.985785,1,0,1) very rare (1-5)
1620,0.85452014,0.14547986,0,1000,4) very common (100+)
1621,0.6308652,0.36913478,0,421,4) very common (100+)
1622,0.80134267,0.19865733,0,343,4) very common (100+)
1623,0.71424586,0.28575414,1,1070,4) very common (100+)
1624,0.66516644,0.33483356,1,79,3) common (21-100)
1625,0.9098122,0.09018779,0,99,3) common (21-100)
1626,0.18171602,0.818284,1,0,1) very rare (1-5)
1627,0.86241764,0.13758236,1,146,4) very common (100+)
1628,0.39782414,0.60217583,1,118,4) very common (100+)
1629,0.4732838,0.52671623,1,0,1) very rare (1-5)
1630,0.3176302,0.6823698,1,0,1) very rare (1-5)
1631,0.8901345,0.10986549,1,1,1) very rare (1-5)
1632,0.92811114,0.071888864,0,1000,4) very common (100+)
1633,0.063963,0.936037,1,0,1) very rare (1-5)
1634,0.16157499,0.83842504,1,0,1) very rare (1-5)
1635,0.39571768,0.6042823,0,14,2) rare (6-20)
1636,0.47464713,0.52535284,1,2,1) very rare (1-5)
1637,0.13667412,0.8633259,1,9,2) rare (6-20)
1638,0.26209134,0.73790866,1,79,3) common (21-100)
1639,0.912581,0.08741897,0,1290,4) very common (100+)
1640,0.802151,0.19784898,0,63,3) common (21-100)
1641,0.9350341,0.064965904,0,1290,4) very common (100+)
1642,0.8326599,0.1673401,0,106,4) very common (100+)
1643,0.37766954,0.6223304,1,0,1) very rare (1-5)
1644,0.11829918,0.8817008,0,23,3) common (21-100)
1645,0.7077987,0.29220128,0,223,4) very common (100+)
1646,0.49739498,0.502605,1,1,1) very rare (1-5)
1647,0.1066026,0.8933974,1,14,2) rare (6-20)
1648,0.7847021,0.21529788,0,421,4) very common (100+)
1649,0.5517205,0.4482795,0,700,4) very common (100+)
1650,0.8421889,0.1578111,0,39,3) common (21-100)
1651,0.5529922,0.44700778,1,58,3) common (21-100)
1652,0.7944587,0.20554131,1,0,1) very rare (1-5)
1653,0.5405011,0.45949888,1,71,3) common (21-100)
1654,0.5212289,0.4787711,0,134,4) very common (100+)
1655,0.19787651,0.8021235,1,2,1) very rare (1-5)
1656,0.7981286,0.2018714,0,182,4) very common (100+)
1657,0.52672267,0.47327733,1,1070,4) very common (100+)
1658,0.061166566,0.9388334,1,55,3) common (21-100)
1659,0.091574416,0.90842557,1,22,3) common (21-100)
1660,0.05484688,0.9451531,1,2,1) very rare (1-5)
1661,0.5741139,0.4258861,1,99,3) common (21-100)
1662,0.9823137,0.017686307,0,62,3) common (21-100)
1663,0.91359967,0.08640033,1,10,2) rare (6-20)
1664,0.15804794,0.8419521,1,0,1) very rare (1-5)
1665,0.61980224,0.38019776,1,2,1) very rare (1-5)
1666,0.8912698,0.1087302,0,421,4) very common (100+)
1667,0.80589306,0.19410694,0,4,1) very rare (1-5)
1668,0.85469455,0.14530545,0,22,3) common (21-100)
1669,0.88649166,0.11350834,0,211,4) very common (100+)
1670,0.3633171,0.63668287,1,1070,4) very common (100+)
1671,0.10707786,0.89292216,1,0,1) very rare (1-5)
1672,0.98220485,0.017795146,0,106,4) very common (100+)
1673,0.033303514,0.9666965,1,24,3) common (21-100)
1674,0.8766176,0.12338239,0,26,3) common (21-100)
1675,0.5647118,0.4352882,1,66,3) common (21-100)
1676,0.5912824,0.40871757,1,86,3) common (21-100)
1677,0.6986405,0.30135947,0,343,4) very common (100+)
1678,0.8816292,0.11837077,1,88,3) common (21-100)
1679,0.06133021,0.9386698,1,0,1) very rare (1-5)
1680,0.852237,0.14776301,0,37,3) common (21-100)
1681,0.44879568,0.5512043,1,24,3) common (21-100)
1682,0.58633685,0.41366315,0,1290,4) very common (100+)
1683,0.4592673,0.54073274,0,343,4) very common (100+)
1684,0.41929752,0.5807025,0,2,1) very rare (1-5)
1685,0.5489993,0.4510007,0,66,3) common (21-100)
1686,0.14509207,0.85490793,1,118,4) very common (100+)
1687,0.9312702,0.06872982,0,1070,4) very common (100+)
1688,0.6197844,0.3802156,0,343,4) very common (100+)
1689,0.111014694,0.8889853,0,0,1) very rare (1-5)
1690,0.7509604,0.24903959,0,1290,4) very common (100+)
1691,0.27343664,0.72656333,0,39,3) common (21-100)
1692,0.9388896,0.061110377,0,17,2) rare (6-20)
1693,0.6552333,0.34476668,0,79,3) common (21-100)
1694,0.32619336,0.67380667,1,70,3) common (21-100)
1695,0.1531237,0.84687626,1,1,1) very rare (1-5)
1696,0.27465823,0.7253418,1,0,1) very rare (1-5)
1697,0.16788049,0.8321195,1,0,1) very rare (1-5)
1698,0.9396512,0.06034881,0,6,2) rare (6-20)
1699,0.22527124,0.7747288,1,0,1) very rare (1-5)
1700,0.77309805,0.22690195,1,0,1) very rare (1-5)
1701,0.7026993,0.2973007,0,3,1) very rare (1-5)
1702,0.9580665,0.041933477,0,23,3) common (21-100)
1703,0.62436885,0.37563115,1,5,1) very rare (1-5)
1704,0.9776782,0.02232182,1,7,2) rare (6-20)
1705,0.043672904,0.9563271,1,7,2) rare (6-20)
1706,0.12181809,0.87818193,1,8,2) rare (6-20)
1707,0.08405073,0.9159493,1,0,1) very rare (1-5)
1708,0.5810514,0.4189486,0,2,1) very rare (1-5)
1709,0.08103216,0.91896784,1,2,1) very rare (1-5)
1710,0.17807387,0.8219261,1,0,1) very rare (1-5)
1711,0.9804515,0.019548476,0,1000,4) very common (100+)
1712,0.13928305,0.86071694,1,16,2) rare (6-20)
1713,0.05872518,0.9412748,1,0,1) very rare (1-5)
1714,0.23155406,0.76844597,0,1,1) very rare (1-5)
1715,0.6130251,0.38697487,0,1070,4) very common (100+)
1716,0.8765671,0.123432875,0,178,4) very common (100+)
1717,0.47577214,0.52422786,0,123,4) very common (100+)
1718,0.44328424,0.5567157,0,41,3) common (21-100)
1719,0.16984168,0.83015835,1,178,4) very common (100+)
1720,0.6683122,0.3316878,1,111,4) very common (100+)
1721,0.40338022,0.5966198,1,1,1) very rare (1-5)
1722,0.9545683,0.045431674,0,421,4) very common (100+)
1723,0.09058587,0.9094141,1,9,2) rare (6-20)
1724,0.7561728,0.24382722,1,0,1) very rare (1-5)
1725,0.99043137,0.009568632,0,1070,4) very common (100+)
1726,0.09506215,0.90493786,1,1,1) very rare (1-5)
1727,0.041025687,0.9589743,0,3,1) very rare (1-5)
1728,0.77847236,0.22152764,1,1000,4) very common (100+)
1729,0.4629669,0.5370331,1,118,4) very common (100+)
1730,0.5329683,0.46703172,1,8,2) rare (6-20)
1731,0.9856015,0.014398515,0,1000,4) very common (100+)
1732,0.76085466,0.23914534,0,372,4) very common (100+)
1733,0.77632844,0.22367156,0,105,4) very common (100+)
1734,0.9059694,0.09403062,0,89,3) common (21-100)
1735,0.042209312,0.9577907,1,17,2) rare (6-20)
1736,0.18312421,0.8168758,1,17,2) rare (6-20)
1737,0.7898589,0.21014112,0,7,2) rare (6-20)
1738,0.50120497,0.49879503,1,89,3) common (21-100)
1739,0.58992606,0.41007394,1,343,4) very common (100+)
1740,0.84846437,0.15153563,0,44,3) common (21-100)
1741,0.19037746,0.8096225,1,0,1) very rare (1-5)
1742,0.47104418,0.5289558,1,3,1) very rare (1-5)
1743,0.34930614,0.6506939,1,16,2) rare (6-20)
1744,0.26318398,0.73681605,1,99,3) common (21-100)
1745,0.9613504,0.03864962,0,79,3) common (21-100)
1746,0.11533566,0.88466436,0,0,1) very rare (1-5)
1747,0.95555186,0.044448137,0,55,3) common (21-100)
1748,0.2124614,0.7875386,0,26,3) common (21-100)
1749,0.94831324,0.051686764,0,34,3) common (21-100)
1750,0.6518293,0.3481707,0,22,3) common (21-100)
1751,0.5499777,0.45002228,1,47,3) common (21-100)
1752,0.7782195,0.22178048,0,1000,4) very common (100+)
1753,0.22655302,0.773447,1,0,1) very rare (1-5)
1754,0.98447824,0.015521765,1,0,1) very rare (1-5)
1755,0.41264552,0.5873545,1,1290,4) very common (100+)
1756,0.04603591,0.9539641,1,0,1) very rare (1-5)
1757,0.37473974,0.62526023,1,134,4) very common (100+)
1758,0.6773975,0.3226025,1,0,1) very rare (1-5)
1759,0.06880668,0.93119335,1,0,1) very rare (1-5)
1760,0.38443863,0.61556137,1,9,2) rare (6-20)
1761,0.01955972,0.98044026,1,12,2) rare (6-20)
1762,0.20966801,0.79033196,1,2,1) very rare (1-5)
1763,0.11220569,0.8877943,0,39,3) common (21-100)
1764,0.37663314,0.62336683,1,81,3) common (21-100)
1765,0.18419887,0.81580114,0,3,1) very rare (1-5)
1766,0.43414915,0.56585085,1,6,2) rare (6-20)
1767,0.29305047,0.70694953,1,159,4) very common (100+)
1768,0.31529558,0.6847044,1,7,2) rare (6-20)
1769,0.07006156,0.92993844,1,8,2) rare (6-20)
1770,0.73684007,0.26315993,1,17,2) rare (6-20)
1771,0.49603954,0.5039605,0,24,3) common (21-100)
1772,0.68873125,0.31126875,0,700,4) very common (100+)
1773,0.15401703,0.84598297,1,6,2) rare (6-20)
1774,0.4224954,0.57750463,0,2,1) very rare (1-5)
1775,0.7330215,0.2669785,0,2,1) very rare (1-5)
1776,0.8614065,0.1385935,0,700,4) very common (100+)
1777,0.890036,0.10996401,0,1290,4) very common (100+)
1778,0.37641153,0.62358844,0,5,1) very rare (1-5)
1779,0.068195984,0.931804,1,0,1) very rare (1-5)
1780,0.7389699,0.26103008,0,27,3) common (21-100)
1781,0.11130116,0.8886988,1,84,3) common (21-100)
1782,0.8874503,0.11254972,0,146,4) very common (100+)
1783,0.17412087,0.8258791,0,43,3) common (21-100)
1784,0.30530217,0.69469786,1,0,1) very rare (1-5)
1785,0.4815959,0.5184041,1,89,3) common (21-100)
1786,0.47149557,0.52850443,0,1,1) very rare (1-5)
1787,0.80008894,0.19991106,0,1290,4) very common (100+)
1788,0.26214492,0.7378551,1,0,1) very rare (1-5)
1789,0.6277616,0.3722384,0,8,2) rare (6-20)
1790,0.1222498,0.8777502,1,0,1) very rare (1-5)
1791,0.98960054,0.010399461,1,2,1) very rare (1-5)
1792,0.15205331,0.8479467,1,0,1) very rare (1-5)
1793,0.1714291,0.8285709,1,0,1) very rare (1-5)
1794,0.8181703,0.18182969,0,33,3) common (21-100)
1795,0.24840406,0.751596,1,8,2) rare (6-20)
1796,0.65053105,0.34946895,1,1070,4) very common (100+)
1797,0.3486871,0.6513129,1,70,3) common (21-100)
1798,0.3484584,0.6515416,0,88,3) common (21-100)
1799,0.8884306,0.111569405,0,99,3) common (21-100)
1800,0.7091615,0.29083848,1,96,3) common (21-100)
1801,0.9358076,0.064192414,0,27,3) common (21-100)
1802,0.26308393,0.73691607,0,1,1) very rare (1-5)
1803,0.13375913,0.86624086,1,92,3) common (21-100)
1804,0.9740529,0.025947094,0,1000,4) very common (100+)
1805,0.2769895,0.72301054,1,1000,4) very common (100+)
1806,0.25302416,0.74697584,0,105,4) very common (100+)
1807,0.92891175,0.071088254,0,20,2) rare (6-20)
1808,0.08908798,0.91091204,1,7,2) rare (6-20)
1809,0.2756304,0.7243696,1,70,3) common (21-100)
1810,0.3020282,0.6979718,0,121,4) very common (100+)
1811,0.9812267,0.018773317,1,54,3) common (21-100)
1812,0.46150753,0.53849244,0,275,4) very common (100+)
1813,0.80004466,0.19995534,1,107,4) very common (100+)
1814,0.43776327,0.5622367,1,28,3) common (21-100)
1815,0.10012351,0.8998765,1,2,1) very rare (1-5)
1816,0.5198035,0.48019648,0,5,1) very rare (1-5)
1817,0.4397804,0.5602196,1,23,3) common (21-100)
1818,0.5243228,0.4756772,1,1290,4) very common (100+)
1819,0.97615075,0.023849249,1,54,3) common (21-100)
1820,0.945769,0.054230988,0,85,3) common (21-100)
1821,0.2499399,0.7500601,1,2,1) very rare (1-5)
1822,0.23222153,0.76777846,1,32,3) common (21-100)
1823,0.190345,0.809655,1,0,1) very rare (1-5)
1824,0.69259834,0.30740166,0,12,2) rare (6-20)
1825,0.92850304,0.07149696,0,700,4) very common (100+)
1826,0.9158761,0.08412391,0,1290,4) very common (100+)
1827,0.48517013,0.5148299,1,134,4) very common (100+)
1828,0.42614734,0.57385266,0,3,1) very rare (1-5)
1829,0.69315416,0.30684584,0,9,2) rare (6-20)
1830,0.18163256,0.8183674,1,223,4) very common (100+)
1831,0.65693796,0.34306204,0,223,4) very common (100+)
1832,0.034113493,0.96588653,1,70,3) common (21-100)
1833,0.69147325,0.30852675,1,4,1) very rare (1-5)
1834,0.039953604,0.9600464,1,17,2) rare (6-20)
1835,0.7242965,0.2757035,0,261,4) very common (100+)
1836,0.9908439,0.009156108,0,1000,4) very common (100+)
1837,0.71446294,0.28553706,1,35,3) common (21-100)
1838,0.6516379,0.3483621,0,1290,4) very common (100+)
1839,0.54148924,0.45851076,0,9,2) rare (6-20)
1840,0.6668928,0.33310717,1,1290,4) very common (100+)
1841,0.021658203,0.9783418,1,0,1) very rare (1-5)
1842,0.93208456,0.06791544,0,1000,4) very common (100+)
1843,0.16051771,0.8394823,1,91,3) common (21-100)
1844,0.7351345,0.26486552,0,6,2) rare (6-20)
1845,0.90785044,0.092149556,0,1290,4) very common (100+)
1846,0.15136926,0.8486307,1,18,2) rare (6-20)
1847,0.42547926,0.5745207,1,16,2) rare (6-20)
1848,0.018146584,0.9818534,1,0,1) very rare (1-5)
1849,0.6386386,0.36136138,1,24,3) common (21-100)
1850,0.56103116,0.43896884,1,118,4) very common (100+)
1851,0.35883227,0.64116776,0,14,2) rare (6-20)
1852,0.14931913,0.8506809,1,3,1) very rare (1-5)
1853,0.84477615,0.15522385,1,102,4) very common (100+)
1854,0.92863715,0.07136285,0,66,3) common (21-100)
1855,0.8938474,0.106152594,0,35,3) common (21-100)
1856,0.7541996,0.24580038,0,52,3) common (21-100)
1857,0.5732504,0.4267496,0,1290,4) very common (100+)
1858,0.041545443,0.95845455,1,0,1) very rare (1-5)
1859,0.9748506,0.025149405,0,50,3) common (21-100)
1860,0.91812533,0.08187467,0,1000,4) very common (100+)
1861,0.7347514,0.2652486,0,4,1) very rare (1-5)
1862,0.4034364,0.5965636,0,5,1) very rare (1-5)
1863,0.40424576,0.59575427,1,92,3) common (21-100)
1864,0.91138935,0.08861065,0,53,3) common (21-100)
1865,0.8728311,0.1271689,0,2,1) very rare (1-5)
1866,0.044907354,0.95509267,1,3,1) very rare (1-5)
1867,0.81354666,0.18645334,0,68,3) common (21-100)
1868,0.5458717,0.45412832,1,0,1) very rare (1-5)
1869,0.89248484,0.107515156,0,8,2) rare (6-20)
1870,0.82383204,0.17616796,1,0,1) very rare (1-5)
1871,0.19821705,0.80178297,0,47,3) common (21-100)
1872,0.4255015,0.57449853,0,0,1) very rare (1-5)
1873,0.6097221,0.39027792,1,19,2) rare (6-20)
1874,0.03460651,0.9653935,1,0,1) very rare (1-5)
1875,0.948255,0.051744998,0,372,4) very common (100+)
1876,0.5040529,0.49594712,0,142,4) very common (100+)
1877,0.99655044,0.0034495592,0,1000,4) very common (100+)
1878,0.459683,0.540317,0,178,4) very common (100+)
1879,0.060398314,0.93960166,1,9,2) rare (6-20)
1880,0.19155292,0.80844706,1,14,2) rare (6-20)
1881,0.2675574,0.7324426,1,2,1) very rare (1-5)
1882,0.6379394,0.3620606,1,1,1) very rare (1-5)
1883,0.25877494,0.74122506,1,4,1) very rare (1-5)
1884,0.29144174,0.70855826,1,0,1) very rare (1-5)
1885,0.3610408,0.63895917,1,0,1) very rare (1-5)
1886,0.4083416,0.5916584,1,1290,4) very common (100+)
1887,0.30730918,0.69269085,0,5,1) very rare (1-5)
1888,0.8330402,0.16695982,0,700,4) very common (100+)
1889,0.9496603,0.0503397,0,1000,4) very common (100+)
1890,0.10703419,0.8929658,0,237,4) very common (100+)
1891,0.31093717,0.68906283,1,8,2) rare (6-20)
1892,0.78236514,0.21763486,1,1,1) very rare (1-5)
1893,0.3418438,0.65815616,0,2,1) very rare (1-5)
1894,0.44754198,0.55245805,0,47,3) common (21-100)
1895,0.8128216,0.18717837,1,6,2) rare (6-20)
1896,0.3491443,0.65085566,0,0,1) very rare (1-5)
1897,0.73015904,0.26984096,0,2,1) very rare (1-5)
1898,0.49269372,0.5073063,1,71,3) common (21-100)
1899,0.4992273,0.5007727,1,7,2) rare (6-20)
1900,0.49463642,0.5053636,0,1000,4) very common (100+)
1901,0.29703158,0.7029684,1,2,1) very rare (1-5)
1902,0.20264457,0.7973554,0,2,1) very rare (1-5)
1903,0.8264806,0.17351937,1,44,3) common (21-100)
1904,0.66329813,0.33670187,1,44,3) common (21-100)
1905,0.96868986,0.03131014,0,50,3) common (21-100)
1906,0.6222206,0.37777942,1,39,3) common (21-100)
1907,0.5558832,0.44411677,0,3,1) very rare (1-5)
1908,0.53393424,0.46606576,1,1,1) very rare (1-5)
1909,0.5421845,0.45781553,1,159,4) very common (100+)
1910,0.79328215,0.20671785,1,7,2) rare (6-20)
1911,0.78394604,0.21605396,1,1290,4) very common (100+)
1912,0.986207,0.013792992,0,53,3) common (21-100)
1913,0.84893245,0.15106755,1,17,2) rare (6-20)
1914,0.7692679,0.23073208,0,343,4) very common (100+)
1915,0.40559676,0.59440327,1,7,2) rare (6-20)
1916,0.8398984,0.16010159,0,99,3) common (21-100)
1917,0.6752652,0.3247348,0,3,1) very rare (1-5)
1918,0.0649773,0.9350227,1,0,1) very rare (1-5)
1919,0.2516065,0.74839354,1,0,1) very rare (1-5)
1920,0.4098172,0.5901828,1,0,1) very rare (1-5)
1921,0.41402733,0.58597267,1,41,3) common (21-100)
1922,0.439491,0.56050897,1,33,3) common (21-100)
1923,0.35236126,0.64763874,1,17,2) rare (6-20)
1924,0.0958576,0.9041424,1,36,3) common (21-100)
1925,0.10315623,0.8968438,1,5,1) very rare (1-5)
1926,0.20980994,0.79019004,1,223,4) very common (100+)
1927,0.99409,0.0059099793,0,1000,4) very common (100+)
1928,0.8458874,0.15411258,0,146,4) very common (100+)
1929,0.19131126,0.80868876,1,1,1) very rare (1-5)
1930,0.68804455,0.31195545,1,4,1) very rare (1-5)
1931,0.34222528,0.6577747,1,0,1) very rare (1-5)
1932,0.9927193,0.0072807074,0,1000,4) very common (100+)
1933,0.8409206,0.15907937,0,100,3) common (21-100)
1934,0.7552228,0.2447772,0,343,4) very common (100+)
1935,0.21777721,0.7822228,1,0,1) very rare (1-5)
1936,0.6354129,0.36458713,1,2,1) very rare (1-5)
1937,0.4608955,0.53910446,1,88,3) common (21-100)
1938,0.36150488,0.6384951,1,96,3) common (21-100)
1939,0.46164757,0.53835243,1,25,3) common (21-100)
1940,0.50404227,0.49595773,0,1290,4) very common (100+)
1941,0.5327634,0.46723658,1,0,1) very rare (1-5)
1942,0.22668184,0.7733182,1,5,1) very rare (1-5)
1943,0.46430862,0.5356914,0,1290,4) very common (100+)
1944,0.2888409,0.7111591,0,0,1) very rare (1-5)
1945,0.06836391,0.9316361,0,142,4) very common (100+)
1946,0.9767561,0.023243904,0,421,4) very common (100+)
1947,0.72675735,0.27324265,1,12,2) rare (6-20)
1948,0.6150435,0.38495648,0,1070,4) very common (100+)
1949,0.2480455,0.7519545,1,1,1) very rare (1-5)
1950,0.2173411,0.78265893,1,118,4) very common (100+)
1951,0.020811424,0.97918856,1,0,1) very rare (1-5)
1952,0.30373728,0.6962627,1,23,3) common (21-100)
1953,0.31757778,0.6824222,0,21,3) common (21-100)
1954,0.794139,0.20586097,0,3,1) very rare (1-5)
1955,0.41360316,0.5863968,0,40,3) common (21-100)
1956,0.47240388,0.5275961,1,14,2) rare (6-20)
1957,0.8148153,0.18518472,0,5,1) very rare (1-5)
1958,0.44392583,0.55607414,1,21,3) common (21-100)
1959,0.64585173,0.35414827,0,421,4) very common (100+)
1960,0.8387238,0.16127622,1,8,2) rare (6-20)
1961,0.057911355,0.94208866,1,1,1) very rare (1-5)
1962,0.12604482,0.8739552,1,38,3) common (21-100)
1963,0.43031296,0.569687,1,160,4) very common (100+)
1964,0.40819535,0.5918046,1,5,1) very rare (1-5)
1965,0.34760523,0.6523948,1,134,4) very common (100+)
1966,0.6254184,0.37458158,1,22,3) common (21-100)
1967,0.9059808,0.094019175,1,142,4) very common (100+)
1968,0.18949126,0.8105087,1,2,1) very rare (1-5)
1969,0.18252386,0.81747615,0,3,1) very rare (1-5)
1970,0.5942329,0.40576708,0,1290,4) very common (100+)
1971,0.89506364,0.10493636,0,10,2) rare (6-20)
1972,0.09160302,0.90839696,1,0,1) very rare (1-5)
1973,0.052875843,0.9471242,1,14,2) rare (6-20)
1974,0.4111483,0.5888517,1,0,1) very rare (1-5)
1975,0.1366268,0.8633732,1,2,1) very rare (1-5)
1976,0.97941226,0.020587742,0,700,4) very common (100+)
1977,0.04970833,0.9502917,1,4,1) very rare (1-5)
1978,0.1456026,0.8543974,0,7,2) rare (6-20)
1979,0.0645649,0.9354351,1,2,1) very rare (1-5)
1980,0.21759391,0.7824061,1,58,3) common (21-100)
1981,0.9826172,0.0173828,0,89,3) common (21-100)
1982,0.49704227,0.5029577,1,1070,4) very common (100+)
1983,0.18326499,0.816735,1,3,1) very rare (1-5)
1984,0.7022878,0.2977122,1,0,1) very rare (1-5)
1985,0.3149275,0.68507254,1,1,1) very rare (1-5)
1986,0.9721667,0.027833283,0,5,1) very rare (1-5)
1987,0.7979685,0.2020315,0,99,3) common (21-100)
1988,0.8933089,0.10669112,0,421,4) very common (100+)
1989,0.28046444,0.7195356,0,0,1) very rare (1-5)
1990,0.44329426,0.5567057,1,5,1) very rare (1-5)
1991,0.48007357,0.5199264,0,60,3) common (21-100)
1992,0.08781227,0.91218776,1,1,1) very rare (1-5)
1993,0.36404857,0.6359514,1,2,1) very rare (1-5)
1994,0.61226237,0.38773763,1,99,3) common (21-100)
1995,0.9049134,0.095086575,1,160,4) very common (100+)
1996,0.80542195,0.19457805,0,2,1) very rare (1-5)
1997,0.08128168,0.91871834,1,9,2) rare (6-20)
1998,0.9357657,0.06423432,0,237,4) very common (100+)
1999,0.655056,0.344944,0,28,3) common (21-100)
2000,0.12078784,0.87921214,0,1,1) very rare (1-5)
2001,0.698368,0.301632,0,166,4) very common (100+)
2002,0.3742092,0.62579083,0,88,3) common (21-100)
2003,0.49697706,0.5030229,1,19,2) rare (6-20)
2004,0.6606083,0.3393917,1,1290,4) very common (100+)
2005,0.75069064,0.24930936,0,1290,4) very common (100+)
2006,0.07109172,0.9289083,1,118,4) very common (100+)
2007,0.26056433,0.7394357,1,118,4) very common (100+)
2008,0.81363875,0.18636125,0,372,4) very common (100+)
2009,0.6648149,0.3351851,0,37,3) common (21-100)
2010,0.29663658,0.7033634,1,7,2) rare (6-20)
2011,0.14775132,0.85224867,0,29,3) common (21-100)
2012,0.13191934,0.8680807,1,0,1) very rare (1-5)
2013,0.7428926,0.25710738,0,68,3) common (21-100)
2014,0.35080072,0.64919925,0,27,3) common (21-100)
2015,0.30836558,0.6916344,0,3,1) very rare (1-5)
2016,0.8902149,0.10978508,1,166,4) very common (100+)
2017,0.4293327,0.57066727,1,261,4) very common (100+)
2018,0.22073372,0.7792663,1,18,2) rare (6-20)
2019,0.879617,0.120383024,1,62,3) common (21-100)
2020,0.044011705,0.9559883,1,0,1) very rare (1-5)
2021,0.18771225,0.81228775,1,16,2) rare (6-20)
2022,0.93782884,0.06217116,0,47,3) common (21-100)
2023,0.10702346,0.8929765,1,5,1) very rare (1-5)
2024,0.12616639,0.8738336,1,38,3) common (21-100)
2025,0.068266176,0.93173385,1,0,1) very rare (1-5)
2026,0.22504273,0.7749573,0,145,4) very common (100+)
2027,0.96624774,0.033752263,0,28,3) common (21-100)
2028,0.95383364,0.04616636,0,372,4) very common (100+)
2029,0.7417154,0.25828463,0,58,3) common (21-100)
2030,0.48846915,0.5115309,0,16,2) rare (6-20)
2031,0.8953918,0.10460818,0,1000,4) very common (100+)
2032,0.31222662,0.68777335,0,134,4) very common (100+)
2033,0.11667962,0.8833204,1,1,1) very rare (1-5)
2034,0.2735691,0.7264309,0,68,3) common (21-100)
2035,0.3906325,0.6093675,0,106,4) very common (100+)
2036,0.19365585,0.80634415,0,7,2) rare (6-20)
2037,0.31203383,0.68796617,1,134,4) very common (100+)
2038,0.03384596,0.96615404,1,0,1) very rare (1-5)
2039,0.58457506,0.41542494,0,9,2) rare (6-20)
2040,0.37576813,0.6242319,0,15,2) rare (6-20)
2041,0.1208499,0.8791501,1,4,1) very rare (1-5)
2042,0.17580386,0.82419616,1,118,4) very common (100+)
2043,0.8907095,0.10929048,0,11,2) rare (6-20)
2044,0.20695241,0.7930476,1,1,1) very rare (1-5)
2045,0.9809291,0.019070923,1,54,3) common (21-100)
2046,0.51115763,0.48884237,1,16,2) rare (6-20)
2047,0.689953,0.31004697,1,275,4) very common (100+)
2048,0.3674979,0.6325021,1,6,2) rare (6-20)
2049,0.18480796,0.81519204,1,47,3) common (21-100)
2050,0.26318014,0.73681986,0,5,1) very rare (1-5)
2051,0.49419364,0.5058063,0,1070,4) very common (100+)
2052,0.49034807,0.5096519,1,3,1) very rare (1-5)
2053,0.20719478,0.7928052,1,70,3) common (21-100)
2054,0.86136246,0.13863754,0,19,2) rare (6-20)
2055,0.53503996,0.46496004,0,3,1) very rare (1-5)
2056,0.80622375,0.19377625,0,421,4) very common (100+)
2057,0.96334213,0.03665787,1,1,1) very rare (1-5)
2058,0.9424786,0.057521403,0,275,4) very common (100+)
2059,0.98358613,0.016413867,0,421,4) very common (100+)
2060,0.47099766,0.5290023,0,36,3) common (21-100)
2061,0.93455327,0.065446734,0,142,4) very common (100+)
2062,0.27229413,0.72770584,1,0,1) very rare (1-5)
2063,0.5055513,0.49444872,0,9,2) rare (6-20)
2064,0.95621264,0.04378736,0,1000,4) very common (100+)
2065,0.57179725,0.42820275,0,105,4) very common (100+)
2066,0.8991321,0.10086793,0,1290,4) very common (100+)
2067,0.11574421,0.88425577,1,3,1) very rare (1-5)
2068,0.45743707,0.54256296,1,3,1) very rare (1-5)
2069,0.28340608,0.7165939,1,4,1) very rare (1-5)
2070,0.1056486,0.8943514,1,0,1) very rare (1-5)
2071,0.4222209,0.5777791,1,1290,4) very common (100+)
2072,0.5646959,0.4353041,1,0,1) very rare (1-5)
2073,0.6658216,0.3341784,0,102,4) very common (100+)
2074,0.3972239,0.6027761,1,4,1) very rare (1-5)
2075,0.25472504,0.74527496,1,13,2) rare (6-20)
2076,0.4329837,0.5670163,1,36,3) common (21-100)
2077,0.2701892,0.72981083,0,7,2) rare (6-20)
2078,0.17001592,0.82998407,0,24,3) common (21-100)
2079,0.9935707,0.0064293146,0,211,4) very common (100+)
2080,0.7412307,0.25876927,1,0,1) very rare (1-5)
2081,0.9592415,0.04075849,0,85,3) common (21-100)
2082,0.47439402,0.525606,0,105,4) very common (100+)
2083,0.16470985,0.83529013,0,5,1) very rare (1-5)
2084,0.99404114,0.005958855,0,182,4) very common (100+)
2085,0.40047392,0.59952605,1,3,1) very rare (1-5)
2086,0.82356584,0.17643416,0,275,4) very common (100+)
2087,0.2784734,0.7215266,1,0,1) very rare (1-5)
2088,0.6895163,0.3104837,0,121,4) very common (100+)
2089,0.91852915,0.08147085,0,142,4) very common (100+)
2090,0.08123822,0.9187618,1,15,2) rare (6-20)
2091,0.31667817,0.68332183,1,9,2) rare (6-20)
2092,0.6575663,0.3424337,0,1,1) very rare (1-5)
2093,0.7356611,0.2643389,0,7,2) rare (6-20)
2094,0.14070264,0.8592974,1,22,3) common (21-100)
2095,0.047292717,0.9527073,1,0,1) very rare (1-5)
2096,0.7556593,0.24434072,0,27,3) common (21-100)
2097,0.22226223,0.77773774,0,237,4) very common (100+)
2098,0.16613813,0.8338619,1,17,2) rare (6-20)
2099,0.658947,0.341053,1,0,1) very rare (1-5)
2100,0.5015699,0.49843007,1,1,1) very rare (1-5)
2101,0.80195224,0.19804776,0,700,4) very common (100+)
2102,0.46886793,0.5311321,0,0,1) very rare (1-5)
2103,0.3634226,0.63657737,1,79,3) common (21-100)
2104,0.5732501,0.42674989,1,0,1) very rare (1-5)
2105,0.22781734,0.77218264,0,1,1) very rare (1-5)
2106,0.12460599,0.875394,1,7,2) rare (6-20)
2107,0.42752957,0.5724704,1,0,1) very rare (1-5)
2108,0.3297357,0.6702643,1,6,2) rare (6-20)
2109,0.17327315,0.82672685,1,0,1) very rare (1-5)
2110,0.95783675,0.042163253,0,1000,4) very common (100+)
2111,0.72434694,0.27565306,0,123,4) very common (100+)
2112,0.95214826,0.04785174,1,2,1) very rare (1-5)
2113,0.08071584,0.91928416,0,41,3) common (21-100)
2114,0.66793466,0.33206534,1,700,4) very common (100+)
2115,0.63497883,0.36502117,1,26,3) common (21-100)
2116,0.027751032,0.972249,1,0,1) very rare (1-5)
2117,0.39028034,0.60971963,1,24,3) common (21-100)
2118,0.92994606,0.070053935,0,39,3) common (21-100)
2119,0.7396378,0.2603622,0,1070,4) very common (100+)
2120,0.58588284,0.41411716,1,1070,4) very common (100+)
2121,0.9908021,0.009197891,1,76,3) common (21-100)
2122,0.23835972,0.7616403,1,372,4) very common (100+)
2123,0.98988754,0.010112464,0,37,3) common (21-100)
2124,0.9441968,0.05580318,0,700,4) very common (100+)
2125,0.24415952,0.7558405,0,47,3) common (21-100)
2126,0.9547932,0.045206785,0,99,3) common (21-100)
2127,0.084683135,0.9153169,1,42,3) common (21-100)
2128,0.31175563,0.68824434,1,28,3) common (21-100)
2129,0.08473117,0.91526884,1,0,1) very rare (1-5)
2130,0.61526096,0.38473904,1,78,3) common (21-100)
2131,0.37569872,0.6243013,1,58,3) common (21-100)
2132,0.50450367,0.49549633,1,1,1) very rare (1-5)
2133,0.97323996,0.026760042,0,159,4) very common (100+)
2134,0.23692943,0.7630706,1,0,1) very rare (1-5)
2135,0.72575134,0.27424866,1,76,3) common (21-100)
2136,0.88068837,0.11931163,0,7,2) rare (6-20)
2137,0.98748606,0.012513936,1,16,2) rare (6-20)
2138,0.3592375,0.6407625,1,70,3) common (21-100)
2139,0.6996076,0.3003924,1,134,4) very common (100+)
2140,0.7393191,0.2606809,1,0,1) very rare (1-5)
2141,0.95864516,0.041354835,0,12,2) rare (6-20)
2142,0.88468164,0.11531836,0,42,3) common (21-100)
2143,0.16485089,0.8351491,1,3,1) very rare (1-5)
2144,0.68914604,0.31085396,0,99,3) common (21-100)
2145,0.40038902,0.599611,1,6,2) rare (6-20)
2146,0.24771272,0.75228727,1,178,4) very common (100+)
2147,0.5279529,0.4720471,0,68,3) common (21-100)
2148,0.432648,0.567352,0,13,2) rare (6-20)
2149,0.14278395,0.85721606,1,5,1) very rare (1-5)
2150,0.7006705,0.29932952,0,0,1) very rare (1-5)
2151,0.14311467,0.8568853,0,26,3) common (21-100)
2152,0.3594597,0.6405403,1,3,1) very rare (1-5)
2153,0.19843525,0.80156475,1,1,1) very rare (1-5)
2154,0.40911382,0.5908862,0,2,1) very rare (1-5)
2155,0.20733815,0.79266185,1,6,2) rare (6-20)
2156,0.4316624,0.56833756,1,5,1) very rare (1-5)
2157,0.9796387,0.020361304,0,29,3) common (21-100)
2158,0.47799692,0.52200305,1,43,3) common (21-100)
2159,0.76136476,0.23863524,1,1290,4) very common (100+)
2160,0.90835553,0.091644466,0,1290,4) very common (100+)
2161,0.7384679,0.26153213,1,0,1) very rare (1-5)
2162,0.8640513,0.13594872,0,105,4) very common (100+)
2163,0.5282509,0.47174913,1,142,4) very common (100+)
2164,0.04199149,0.9580085,0,39,3) common (21-100)
2165,0.4267412,0.57325876,1,1,1) very rare (1-5)
2166,0.43833047,0.5616695,0,17,2) rare (6-20)
2167,0.6229291,0.3770709,0,2,1) very rare (1-5)
2168,0.18535191,0.8146481,1,1,1) very rare (1-5)
2169,0.9394564,0.060543597,0,52,3) common (21-100)
2170,0.55836964,0.44163036,0,20,2) rare (6-20)
2171,0.6229618,0.37703818,1,2,1) very rare (1-5)
2172,0.2382272,0.7617728,1,3,1) very rare (1-5)
2173,0.42752382,0.57247615,0,0,1) very rare (1-5)
2174,0.15457007,0.8454299,1,2,1) very rare (1-5)
2175,0.18111248,0.81888753,1,3,1) very rare (1-5)
2176,0.86975324,0.13024676,0,6,2) rare (6-20)
2177,0.9049485,0.09505153,1,275,4) very common (100+)
2178,0.15578122,0.8442188,1,0,1) very rare (1-5)
2179,0.88857335,0.11142665,0,56,3) common (21-100)
2180,0.7321538,0.26784623,0,178,4) very common (100+)
2181,0.14182219,0.8581778,1,36,3) common (21-100)
2182,0.0694795,0.9305205,1,0,1) very rare (1-5)
2183,0.73954284,0.26045716,1,142,4) very common (100+)
2184,0.990211,0.00978899,1,30,3) common (21-100)
2185,0.7291982,0.27080178,1,9,2) rare (6-20)
2186,0.52814865,0.47185135,1,92,3) common (21-100)
2187,0.51378113,0.48621887,0,223,4) very common (100+)
2188,0.29818934,0.70181066,1,0,1) very rare (1-5)
2189,0.40416464,0.5958353,0,37,3) common (21-100)
2190,0.4921127,0.5078873,0,1290,4) very common (100+)
2191,0.32782623,0.67217374,1,45,3) common (21-100)
2192,0.12501086,0.87498915,0,8,2) rare (6-20)
2193,0.3938857,0.60611427,1,0,1) very rare (1-5)
2194,0.8726787,0.1273213,1,1290,4) very common (100+)
2195,0.40235022,0.5976498,1,0,1) very rare (1-5)
2196,0.2500724,0.74992764,1,0,1) very rare (1-5)
2197,0.78789896,0.21210104,0,372,4) very common (100+)
2198,0.039971977,0.96002805,1,15,2) rare (6-20)
2199,0.2237063,0.7762937,1,4,1) very rare (1-5)
2200,0.58733654,0.41266346,1,1000,4) very common (100+)
2201,0.79668015,0.20331985,0,1070,4) very common (100+)
2202,0.48786548,0.51213455,1,159,4) very common (100+)
2203,0.23914424,0.7608558,0,2,1) very rare (1-5)
2204,0.6294569,0.37054312,0,1070,4) very common (100+)
2205,0.4470378,0.5529622,1,1,1) very rare (1-5)
2206,0.3395519,0.6604481,0,88,3) common (21-100)
2207,0.39715582,0.6028442,1,5,1) very rare (1-5)
2208,0.9461271,0.053872883,0,99,3) common (21-100)
2209,0.6055691,0.39443088,0,89,3) common (21-100)
2210,0.47147268,0.5285273,1,1,1) very rare (1-5)
2211,0.24967326,0.75032675,0,15,2) rare (6-20)
2212,0.46683133,0.5331687,1,39,3) common (21-100)
2213,0.54479367,0.45520633,0,237,4) very common (100+)
2214,0.22061913,0.77938086,0,21,3) common (21-100)
2215,0.22378033,0.77621967,1,0,1) very rare (1-5)
2216,0.29842955,0.70157045,1,41,3) common (21-100)
2217,0.32921538,0.6707846,0,24,3) common (21-100)
2218,0.14520082,0.85479915,1,0,1) very rare (1-5)
2219,0.33338937,0.6666106,0,23,3) common (21-100)
2220,0.487765,0.512235,0,6,2) rare (6-20)
2221,0.4144653,0.5855347,0,14,2) rare (6-20)
2222,0.16772678,0.83227324,0,6,2) rare (6-20)
2223,0.09913574,0.90086424,1,1,1) very rare (1-5)
2224,0.24265212,0.7573479,0,4,1) very rare (1-5)
2225,0.597274,0.402726,0,2,1) very rare (1-5)
2226,0.4118525,0.5881475,1,268,4) very common (100+)
2227,0.75983614,0.24016386,0,9,2) rare (6-20)
2228,0.85689485,0.14310515,1,0,1) very rare (1-5)
2229,0.4948845,0.5051155,1,700,4) very common (100+)
2230,0.882931,0.117069006,0,421,4) very common (100+)
2231,0.4788518,0.5211482,0,0,1) very rare (1-5)
2232,0.38358295,0.61641705,1,4,1) very rare (1-5)
2233,0.0831251,0.9168749,1,19,2) rare (6-20)
2234,0.38404474,0.61595523,0,159,4) very common (100+)
2235,0.19274402,0.807256,1,0,1) very rare (1-5)
2236,0.30981258,0.69018745,1,13,2) rare (6-20)
2237,0.12538426,0.8746157,1,6,2) rare (6-20)
2238,0.917011,0.08298898,0,421,4) very common (100+)
2239,0.07809971,0.9219003,1,8,2) rare (6-20)
2240,0.83836424,0.16163576,1,20,2) rare (6-20)
2241,0.5968965,0.40310347,0,121,4) very common (100+)
2242,0.3683729,0.6316271,1,1,1) very rare (1-5)
2243,0.2438557,0.7561443,1,2,1) very rare (1-5)
2244,0.9215779,0.07842213,0,24,3) common (21-100)
2245,0.34305513,0.6569449,1,44,3) common (21-100)
2246,0.3419452,0.6580548,1,0,1) very rare (1-5)
2247,0.7805811,0.21941888,1,421,4) very common (100+)
2248,0.54796636,0.45203364,0,1000,4) very common (100+)
2249,0.986585,0.013414979,0,700,4) very common (100+)
2250,0.32873237,0.6712676,0,2,1) very rare (1-5)
2251,0.2605178,0.73948216,1,9,2) rare (6-20)
2252,0.20119928,0.7988007,0,94,3) common (21-100)
2253,0.7040833,0.29591668,0,145,4) very common (100+)
2254,0.6089059,0.3910941,1,1290,4) very common (100+)
2255,0.3577596,0.6422404,1,1,1) very rare (1-5)
2256,0.037581448,0.96241856,1,1,1) very rare (1-5)
2257,0.31580752,0.6841925,1,27,3) common (21-100)
2258,0.6240704,0.3759296,1,106,4) very common (100+)
2259,0.09358673,0.90641326,0,5,1) very rare (1-5)
2260,0.12514812,0.8748519,0,118,4) very common (100+)
2261,0.20743164,0.7925683,1,3,1) very rare (1-5)
2262,0.27455837,0.72544163,1,0,1) very rare (1-5)
2263,0.16622628,0.83377373,1,29,3) common (21-100)
2264,0.1576396,0.8423604,1,2,1) very rare (1-5)
2265,0.19352268,0.8064773,1,134,4) very common (100+)
2266,0.68824905,0.31175095,0,71,3) common (21-100)
2267,0.1954418,0.8045582,1,0,1) very rare (1-5)
2268,0.093566306,0.9064337,1,118,4) very common (100+)
2269,0.767957,0.23204303,0,2,1) very rare (1-5)
2270,0.7190137,0.2809863,0,2,1) very rare (1-5)
2271,0.3982198,0.6017802,1,0,1) very rare (1-5)
2272,0.1266475,0.8733525,1,100,3) common (21-100)
2273,0.94100165,0.058998346,0,19,2) rare (6-20)
2274,0.92268395,0.077316046,1,78,3) common (21-100)
2275,0.94500744,0.054992557,0,1000,4) very common (100+)
2276,0.39119878,0.60880125,0,343,4) very common (100+)
2277,0.44590807,0.55409193,1,51,3) common (21-100)
2278,0.68469334,0.31530666,0,1070,4) very common (100+)
2279,0.6886639,0.3113361,0,7,2) rare (6-20)
2280,0.46253446,0.5374656,0,2,1) very rare (1-5)
2281,0.2467892,0.7532108,0,1,1) very rare (1-5)
2282,0.51637554,0.48362446,1,65,3) common (21-100)
2283,0.35537067,0.64462936,1,0,1) very rare (1-5)
2284,0.7789382,0.22106183,0,33,3) common (21-100)
2285,0.56575763,0.43424237,0,1000,4) very common (100+)
2286,0.45247778,0.5475222,0,0,1) very rare (1-5)
2287,0.34371656,0.65628344,0,107,4) very common (100+)
2288,0.72136563,0.27863437,1,106,4) very common (100+)
2289,0.6077504,0.39224958,1,1070,4) very common (100+)
2290,0.5630108,0.4369892,1,0,1) very rare (1-5)
2291,0.5926015,0.40739852,0,237,4) very common (100+)
2292,0.68827045,0.31172955,0,40,3) common (21-100)
2293,0.123222485,0.8767775,1,0,1) very rare (1-5)
2294,0.059915718,0.9400843,1,0,1) very rare (1-5)
2295,0.9190949,0.08090508,1,6,2) rare (6-20)
2296,0.1606,0.8394,0,0,1) very rare (1-5)
2297,0.20842488,0.79157513,1,0,1) very rare (1-5)
2298,0.4918419,0.5081581,0,121,4) very common (100+)
2299,0.30221844,0.69778156,1,372,4) very common (100+)
2300,0.05159879,0.9484012,1,7,2) rare (6-20)
2301,0.21382453,0.7861755,1,26,3) common (21-100)
2302,0.30182245,0.6981776,1,0,1) very rare (1-5)
2303,0.68590325,0.31409675,1,89,3) common (21-100)
2304,0.9962431,0.0037568808,0,211,4) very common (100+)
2305,0.75326324,0.24673676,0,1000,4) very common (100+)
2306,0.62216246,0.37783754,0,100,3) common (21-100)
2307,0.124414,0.87558603,1,0,1) very rare (1-5)
2308,0.40839452,0.5916055,1,0,1) very rare (1-5)
2309,0.37498122,0.6250188,1,105,4) very common (100+)
2310,0.64440024,0.35559976,0,1290,4) very common (100+)
2311,0.41921833,0.5807817,0,39,3) common (21-100)
2312,0.13541254,0.8645874,0,0,1) very rare (1-5)
2313,0.51383203,0.48616797,1,1070,4) very common (100+)
2314,0.10626632,0.8937337,1,1,1) very rare (1-5)
2315,0.32675582,0.6732442,1,0,1) very rare (1-5)
2316,0.94543517,0.054564834,1,70,3) common (21-100)
2317,0.6290421,0.3709579,0,268,4) very common (100+)
2318,0.9631196,0.036880374,0,261,4) very common (100+)
2319,0.6035417,0.39645833,0,62,3) common (21-100)
2320,0.40095618,0.59904385,0,1070,4) very common (100+)
2321,0.27209228,0.7279077,0,2,1) very rare (1-5)
2322,0.46235463,0.53764534,0,7,2) rare (6-20)
2323,0.16361108,0.83638895,1,0,1) very rare (1-5)
2324,0.5497603,0.45023972,0,3,1) very rare (1-5)
2325,0.97366273,0.026337266,0,37,3) common (21-100)
2326,0.83776987,0.16223013,1,0,1) very rare (1-5)
2327,0.97570485,0.024295151,0,12,2) rare (6-20)
2328,0.20626411,0.79373586,1,1,1) very rare (1-5)
2329,0.11498729,0.8850127,1,58,3) common (21-100)
2330,0.7820113,0.21798873,0,89,3) common (21-100)
2331,0.7488549,0.25114512,1,275,4) very common (100+)
2332,0.48261622,0.5173838,1,14,2) rare (6-20)
2333,0.20532161,0.7946784,1,0,1) very rare (1-5)
2334,0.373616,0.626384,1,45,3) common (21-100)
2335,0.43587464,0.56412536,0,1290,4) very common (100+)
2336,0.95911336,0.04088664,0,13,2) rare (6-20)
2337,0.093462355,0.90653765,1,2,1) very rare (1-5)
2338,0.037876833,0.96212316,1,14,2) rare (6-20)
2339,0.4512223,0.5487777,1,1070,4) very common (100+)
2340,0.8879934,0.112006605,0,1000,4) very common (100+)
2341,0.06175456,0.9382454,1,16,2) rare (6-20)
2342,0.4156889,0.5843111,1,111,4) very common (100+)
2343,0.35011697,0.64988303,0,25,3) common (21-100)
2344,0.38290793,0.6170921,0,23,3) common (21-100)
2345,0.489878,0.510122,1,1070,4) very common (100+)
2346,0.04487336,0.95512664,1,1,1) very rare (1-5)
2347,0.4175759,0.5824241,1,19,2) rare (6-20)
2348,0.3952122,0.6047878,1,7,2) rare (6-20)
2349,0.84903854,0.15096146,0,159,4) very common (100+)
2350,0.28404957,0.7159504,1,0,1) very rare (1-5)
2351,0.20055427,0.79944575,1,69,3) common (21-100)
2352,0.07113398,0.928866,0,43,3) common (21-100)
2353,0.8048483,0.19515169,1,146,4) very common (100+)
2354,0.18589102,0.81410897,1,4,1) very rare (1-5)
2355,0.7871873,0.21281272,1,0,1) very rare (1-5)
2356,0.6167966,0.3832034,1,9,2) rare (6-20)
2357,0.2625717,0.7374283,1,6,2) rare (6-20)
2358,0.07697296,0.92302704,1,2,1) very rare (1-5)
2359,0.17465101,0.825349,1,92,3) common (21-100)
2360,0.82912,0.17088002,0,274,4) very common (100+)
2361,0.5766368,0.4233632,0,9,2) rare (6-20)
2362,0.41023535,0.58976465,1,31,3) common (21-100)
2363,0.45666996,0.5433301,0,23,3) common (21-100)
2364,0.418965,0.581035,1,38,3) common (21-100)
2365,0.4582097,0.5417903,1,1070,4) very common (100+)
2366,0.6673789,0.3326211,1,0,1) very rare (1-5)
2367,0.9497131,0.05028689,0,99,3) common (21-100)
2368,0.074563265,0.92543674,1,5,1) very rare (1-5)
2369,0.1597261,0.8402739,1,8,2) rare (6-20)
2370,0.8651404,0.13485962,1,0,1) very rare (1-5)
2371,0.14206162,0.8579384,1,2,1) very rare (1-5)
2372,0.3825587,0.6174413,1,5,1) very rare (1-5)
2373,0.54084146,0.45915854,1,268,4) very common (100+)
2374,0.20659432,0.79340565,1,0,1) very rare (1-5)
2375,0.06652215,0.9334779,1,1,1) very rare (1-5)
2376,0.14626548,0.8537345,0,3,1) very rare (1-5)
2377,0.42922875,0.5707712,1,3,1) very rare (1-5)
2378,0.95103586,0.048964143,1,2,1) very rare (1-5)
2379,0.042892322,0.95710766,1,14,2) rare (6-20)
2380,0.9595196,0.040480375,0,700,4) very common (100+)
2381,0.26966554,0.73033446,1,66,3) common (21-100)
2382,0.6366532,0.36334682,1,0,1) very rare (1-5)
2383,0.67524314,0.32475686,0,10,2) rare (6-20)
2384,0.6580609,0.3419391,0,39,3) common (21-100)
2385,0.27382693,0.72617304,0,71,3) common (21-100)
2386,0.48250422,0.51749575,1,4,1) very rare (1-5)
2387,0.14653075,0.85346925,1,79,3) common (21-100)
2388,0.7014724,0.2985276,1,0,1) very rare (1-5)
2389,0.99937755,0.0006224513,0,89,3) common (21-100)
2390,0.031865433,0.9681346,1,2,1) very rare (1-5)
2391,0.723903,0.276097,1,268,4) very common (100+)
2392,0.5404396,0.4595604,1,85,3) common (21-100)
2393,0.77558607,0.22441393,0,36,3) common (21-100)
2394,0.27852458,0.7214754,0,142,4) very common (100+)
2395,0.8291208,0.17087919,0,4,1) very rare (1-5)
2396,0.3039745,0.6960255,1,35,3) common (21-100)
2397,0.02654435,0.97345567,1,7,2) rare (6-20)
2398,0.6929938,0.30700618,0,223,4) very common (100+)
2399,0.5298748,0.4701252,0,12,2) rare (6-20)
2400,0.9374242,0.06257582,0,1290,4) very common (100+)
2401,0.9546259,0.045374095,0,21,3) common (21-100)
2402,0.43722034,0.56277966,0,159,4) very common (100+)
2403,0.43687144,0.5631286,0,15,2) rare (6-20)
2404,0.98668855,0.013311446,0,421,4) very common (100+)
2405,0.09084224,0.90915775,1,102,4) very common (100+)
2406,0.49793705,0.5020629,0,86,3) common (21-100)
2407,0.6586915,0.34130847,1,1,1) very rare (1-5)
2408,0.46490848,0.5350915,1,19,2) rare (6-20)
2409,0.13534857,0.86465144,1,0,1) very rare (1-5)
2410,0.4732161,0.52678394,1,0,1) very rare (1-5)
2411,0.4332384,0.5667616,1,19,2) rare (6-20)
2412,0.60647935,0.39352065,0,14,2) rare (6-20)
2413,0.0804064,0.9195936,1,134,4) very common (100+)
2414,0.07179728,0.92820275,1,0,1) very rare (1-5)
2415,0.6689684,0.33103162,1,1290,4) very common (100+)
2416,0.90064776,0.09935224,1,160,4) very common (100+)
2417,0.021203037,0.97879696,1,0,1) very rare (1-5)
2418,0.72146827,0.27853173,0,1070,4) very common (100+)
2419,0.19366899,0.80633104,1,0,1) very rare (1-5)
2420,0.96400136,0.035998642,0,23,3) common (21-100)
2421,0.615883,0.384117,0,4,1) very rare (1-5)
2422,0.13725705,0.86274296,1,30,3) common (21-100)
2423,0.49832237,0.50167763,0,4,1) very rare (1-5)
2424,0.8614948,0.13850522,1,0,1) very rare (1-5)
2425,0.40578654,0.5942135,1,1290,4) very common (100+)
2426,0.26150808,0.7384919,0,5,1) very rare (1-5)
2427,0.99235535,0.0076446533,0,1000,4) very common (100+)
2428,0.72468513,0.27531487,1,142,4) very common (100+)
2429,0.81721234,0.18278766,0,12,2) rare (6-20)
2430,0.9883531,0.011646926,0,182,4) very common (100+)
2431,0.41792524,0.58207476,0,4,1) very rare (1-5)
2432,0.5235321,0.4764679,0,86,3) common (21-100)
2433,0.13296403,0.867036,1,63,3) common (21-100)
2434,0.9429696,0.05703038,0,21,3) common (21-100)
2435,0.01240931,0.9875907,1,0,1) very rare (1-5)
2436,0.83959395,0.16040605,1,1290,4) very common (100+)
2437,0.56342155,0.43657845,1,0,1) very rare (1-5)
2438,0.18173984,0.8182602,1,0,1) very rare (1-5)
2439,0.4128564,0.5871436,1,118,4) very common (100+)
2440,0.4353362,0.56466377,1,86,3) common (21-100)
2441,0.95585597,0.044144034,0,421,4) very common (100+)
2442,0.36910528,0.6308947,1,1,1) very rare (1-5)
2443,0.65797734,0.34202266,0,700,4) very common (100+)
2444,0.36524168,0.63475835,0,2,1) very rare (1-5)
2445,0.9904289,0.009571075,0,1000,4) very common (100+)
2446,0.14603719,0.8539628,1,0,1) very rare (1-5)
2447,0.2144655,0.7855345,0,24,3) common (21-100)
2448,0.8302186,0.16978139,0,0,1) very rare (1-5)
2449,0.83377326,0.16622674,0,166,4) very common (100+)
2450,0.2974997,0.70250034,1,66,3) common (21-100)
2451,0.37694758,0.6230524,0,2,1) very rare (1-5)
2452,0.5688054,0.4311946,0,2,1) very rare (1-5)
2453,0.68105936,0.31894064,0,2,1) very rare (1-5)
2454,0.5720746,0.4279254,0,31,3) common (21-100)
2455,0.13088155,0.86911845,1,2,1) very rare (1-5)
2456,0.41329622,0.5867038,1,1,1) very rare (1-5)
2457,0.27067792,0.7293221,0,41,3) common (21-100)
2458,0.06404559,0.9359544,0,3,1) very rare (1-5)
2459,0.068972945,0.93102705,1,4,1) very rare (1-5)
2460,0.06482273,0.93517727,1,0,1) very rare (1-5)
2461,0.5861703,0.41382968,1,142,4) very common (100+)
2462,0.36398926,0.63601077,0,39,3) common (21-100)
2463,0.13377471,0.8662253,0,0,1) very rare (1-5)
2464,0.8774636,0.12253642,0,99,3) common (21-100)
2465,0.5925298,0.40747023,0,7,2) rare (6-20)
2466,0.055688918,0.9443111,1,0,1) very rare (1-5)
2467,0.22818772,0.77181226,1,0,1) very rare (1-5)
2468,0.8629909,0.13700908,0,23,3) common (21-100)
2469,0.4964211,0.5035789,1,166,4) very common (100+)
2470,0.981779,0.01822102,0,1000,4) very common (100+)
2471,0.30529684,0.69470316,1,0,1) very rare (1-5)
2472,0.92983955,0.07016045,0,20,2) rare (6-20)
2473,0.6807668,0.31923318,1,11,2) rare (6-20)
2474,0.98295665,0.017043352,0,1000,4) very common (100+)
2475,0.8436154,0.15638459,1,14,2) rare (6-20)
2476,0.14723305,0.85276693,1,1,1) very rare (1-5)
2477,0.3315873,0.6684127,0,106,4) very common (100+)
2478,0.25695002,0.74305,1,4,1) very rare (1-5)
2479,0.78759056,0.21240944,0,74,3) common (21-100)
2480,0.04547111,0.95452887,1,0,1) very rare (1-5)
2481,0.85448956,0.14551044,1,24,3) common (21-100)
2482,0.36521086,0.6347891,1,1290,4) very common (100+)
2483,0.67890924,0.32109076,0,6,2) rare (6-20)
2484,0.3551838,0.64481616,0,2,1) very rare (1-5)
2485,0.9579262,0.042073786,0,1000,4) very common (100+)
2486,0.11366946,0.88633054,1,79,3) common (21-100)
2487,0.6255215,0.37447852,1,41,3) common (21-100)
2488,0.35526663,0.64473337,0,1,1) very rare (1-5)
2489,0.17406501,0.825935,1,0,1) very rare (1-5)
2490,0.8767145,0.12328547,0,55,3) common (21-100)
2491,0.5548906,0.44510943,0,85,3) common (21-100)
2492,0.71261775,0.28738225,0,211,4) very common (100+)
2493,0.4186865,0.5813135,1,70,3) common (21-100)
2494,0.20151322,0.79848677,1,0,1) very rare (1-5)
2495,0.887888,0.112111986,0,1290,4) very common (100+)
2496,0.9641262,0.03587377,0,16,2) rare (6-20)
2497,0.45706528,0.5429347,0,13,2) rare (6-20)
2498,0.53948843,0.46051157,0,2,1) very rare (1-5)
2499,0.5629586,0.4370414,1,39,3) common (21-100)
2500,0.107575536,0.89242446,1,0,1) very rare (1-5)
2501,0.5154894,0.4845106,0,108,4) very common (100+)
2502,0.23792283,0.76207715,1,275,4) very common (100+)
2503,0.41577533,0.5842247,0,3,1) very rare (1-5)
2504,0.8816603,0.11833972,0,5,1) very rare (1-5)
2505,0.39983028,0.6001697,0,15,2) rare (6-20)
2506,0.28553247,0.7144675,1,0,1) very rare (1-5)
2507,0.15970716,0.8402928,1,19,2) rare (6-20)
2508,0.96269983,0.03730017,0,7,2) rare (6-20)
2509,0.054752216,0.94524777,1,1,1) very rare (1-5)
2510,0.5226696,0.4773304,1,108,4) very common (100+)
2511,0.83971363,0.16028637,0,107,4) very common (100+)
2512,0.64168346,0.35831654,0,178,4) very common (100+)
2513,0.18154103,0.818459,1,14,2) rare (6-20)
2514,0.22969013,0.77030987,1,1,1) very rare (1-5)
2515,0.04143678,0.9585632,1,47,3) common (21-100)
2516,0.9092174,0.09078258,0,142,4) very common (100+)
2517,0.9849609,0.015039086,0,261,4) very common (100+)
2518,0.976943,0.023056984,0,11,2) rare (6-20)
2519,0.6135772,0.3864228,0,39,3) common (21-100)
2520,0.86445177,0.13554823,0,16,2) rare (6-20)
2521,0.39401665,0.6059834,0,62,3) common (21-100)
2522,0.086221226,0.9137788,1,2,1) very rare (1-5)
2523,0.8957723,0.10422772,0,21,3) common (21-100)
2524,0.6859867,0.3140133,0,4,1) very rare (1-5)
2525,0.027278772,0.9727212,1,3,1) very rare (1-5)
2526,0.971872,0.028128028,0,268,4) very common (100+)
2527,0.18700291,0.8129971,0,700,4) very common (100+)
2528,0.49805725,0.50194275,0,343,4) very common (100+)
2529,0.7184711,0.2815289,0,50,3) common (21-100)
2530,0.40355533,0.59644467,0,15,2) rare (6-20)
2531,0.9994473,0.0005527139,0,211,4) very common (100+)
2532,0.6024055,0.3975945,0,1070,4) very common (100+)
2533,0.85022414,0.14977586,1,92,3) common (21-100)
2534,0.7772764,0.2227236,0,69,3) common (21-100)
2535,0.40212476,0.59787524,1,372,4) very common (100+)
2536,0.66281277,0.33718723,1,72,3) common (21-100)
2537,0.9189491,0.08105087,0,22,3) common (21-100)
2538,0.5900625,0.4099375,0,11,2) rare (6-20)
2539,0.7426098,0.2573902,1,14,2) rare (6-20)
2540,0.3805502,0.6194498,1,7,2) rare (6-20)
2541,0.8962334,0.10376662,0,274,4) very common (100+)
2542,0.06148192,0.9385181,1,0,1) very rare (1-5)
2543,0.8314047,0.16859531,1,0,1) very rare (1-5)
2544,0.6781104,0.32188958,0,89,3) common (21-100)
2545,0.78888094,0.21111906,1,1070,4) very common (100+)
2546,0.95069927,0.04930073,0,6,2) rare (6-20)
2547,0.3169407,0.68305933,1,23,3) common (21-100)
2548,0.9895761,0.010423899,0,1000,4) very common (100+)
2549,0.7105379,0.2894621,1,22,3) common (21-100)
2550,0.28409985,0.7159002,1,84,3) common (21-100)
2551,0.69786733,0.30213267,1,0,1) very rare (1-5)
2552,0.5007761,0.4992239,0,1,1) very rare (1-5)
2553,0.17677861,0.8232214,1,21,3) common (21-100)
2554,0.7585177,0.24148232,0,343,4) very common (100+)
2555,0.3461327,0.6538673,1,102,4) very common (100+)
2556,0.18684903,0.813151,1,14,2) rare (6-20)
2557,0.6223289,0.37767112,1,53,3) common (21-100)
2558,0.728115,0.27188498,0,21,3) common (21-100)
2559,0.6751745,0.32482553,1,7,2) rare (6-20)
2560,0.4797418,0.5202582,1,1,1) very rare (1-5)
2561,0.3452836,0.6547164,1,2,1) very rare (1-5)
2562,0.56510997,0.43489003,1,22,3) common (21-100)
2563,0.4482241,0.55177593,1,2,1) very rare (1-5)
2564,0.7632344,0.23676562,0,33,3) common (21-100)
2565,0.19669163,0.80330837,1,0,1) very rare (1-5)
2566,0.06751707,0.93248296,1,0,1) very rare (1-5)
2567,0.16106652,0.83893347,0,36,3) common (21-100)
2568,0.4099684,0.5900316,0,20,2) rare (6-20)
2569,0.4661809,0.5338191,1,1,1) very rare (1-5)
2570,0.15414996,0.84585005,1,0,1) very rare (1-5)
2571,0.32052824,0.67947173,0,1,1) very rare (1-5)
2572,0.99316835,0.006831646,0,24,3) common (21-100)
2573,0.51121455,0.48878545,0,100,3) common (21-100)
2574,0.33574548,0.66425455,1,18,2) rare (6-20)
2575,0.04623671,0.9537633,1,0,1) very rare (1-5)
2576,0.6707024,0.3292976,1,36,3) common (21-100)
2577,0.04466459,0.9553354,0,6,2) rare (6-20)
2578,0.6729022,0.32709777,1,4,1) very rare (1-5)
2579,0.1120551,0.8879449,1,88,3) common (21-100)
2580,0.9214531,0.07854688,0,261,4) very common (100+)
2581,0.2333991,0.7666009,1,3,1) very rare (1-5)
2582,0.93941516,0.060584843,0,27,3) common (21-100)
2583,0.04410435,0.95589566,1,0,1) very rare (1-5)
2584,0.56885463,0.43114537,1,0,1) very rare (1-5)
2585,0.9871295,0.012870491,0,182,4) very common (100+)
2586,0.269972,0.73002803,0,123,4) very common (100+)
2587,0.7521714,0.2478286,0,11,2) rare (6-20)
2588,0.5785905,0.4214095,1,105,4) very common (100+)
2589,0.20198306,0.7980169,1,18,2) rare (6-20)
2590,0.030700598,0.9692994,1,0,1) very rare (1-5)
2591,0.023164265,0.9768357,1,0,1) very rare (1-5)
2592,0.06516302,0.934837,1,3,1) very rare (1-5)
2593,0.5037501,0.4962499,0,3,1) very rare (1-5)
2594,0.08720046,0.91279954,1,2,1) very rare (1-5)
2595,0.51611024,0.48388976,0,421,4) very common (100+)
2596,0.9917991,0.008200884,0,700,4) very common (100+)
2597,0.8636528,0.13634717,0,2,1) very rare (1-5)
2598,0.17883435,0.8211657,0,0,1) very rare (1-5)
2599,0.20979457,0.7902054,1,2,1) very rare (1-5)
2600,0.63316196,0.36683804,0,21,3) common (21-100)
2601,0.5641488,0.43585122,1,0,1) very rare (1-5)
2602,0.34542593,0.65457404,1,11,2) rare (6-20)
2603,0.032349594,0.9676504,1,1,1) very rare (1-5)
2604,0.47136438,0.5286356,1,2,1) very rare (1-5)
2605,0.4106607,0.58933926,1,1070,4) very common (100+)
2606,0.07279467,0.9272053,1,0,1) very rare (1-5)
2607,0.41238996,0.58761,0,261,4) very common (100+)
2608,0.21700892,0.78299105,0,62,3) common (21-100)
2609,0.9246084,0.07539159,0,14,2) rare (6-20)
2610,0.9033873,0.09661269,0,1,1) very rare (1-5)
2611,0.07189677,0.9281032,1,12,2) rare (6-20)
2612,0.94660413,0.053395867,0,75,3) common (21-100)
2613,0.63126266,0.36873734,0,14,2) rare (6-20)
2614,0.026381379,0.9736186,1,51,3) common (21-100)
2615,0.43410766,0.56589234,0,26,3) common (21-100)
2616,0.9570242,0.042975783,0,1000,4) very common (100+)
2617,0.551225,0.448775,0,1290,4) very common (100+)
2618,0.428496,0.571504,0,372,4) very common (100+)
2619,0.5430635,0.45693648,0,33,3) common (21-100)
2620,0.45759183,0.54240817,0,34,3) common (21-100)
2621,0.511475,0.48852497,1,6,2) rare (6-20)
2622,0.44833356,0.55166644,0,27,3) common (21-100)
2623,0.07612882,0.92387116,1,1,1) very rare (1-5)
2624,0.72799546,0.27200454,0,700,4) very common (100+)
2625,0.880854,0.11914599,0,12,2) rare (6-20)
2626,0.98157585,0.018424153,0,1000,4) very common (100+)
2627,0.83471835,0.16528165,0,5,1) very rare (1-5)
2628,0.9784064,0.02159357,0,421,4) very common (100+)
2629,0.7131065,0.2868935,0,700,4) very common (100+)
2630,0.75908494,0.24091506,1,0,1) very rare (1-5)
2631,0.937378,0.06262201,0,1290,4) very common (100+)
2632,0.19666782,0.8033322,1,1,1) very rare (1-5)
2633,0.7046302,0.2953698,1,12,2) rare (6-20)
2634,0.9920803,0.007919729,0,16,2) rare (6-20)
2635,0.10806305,0.89193696,1,0,1) very rare (1-5)
2636,0.9991009,0.00089907646,0,211,4) very common (100+)
2637,0.37104133,0.6289587,1,0,1) very rare (1-5)
2638,0.16546462,0.83453536,1,4,1) very rare (1-5)
2639,0.6761736,0.32382637,0,12,2) rare (6-20)
2640,0.8968019,0.10319811,0,10,2) rare (6-20)
2641,0.3072989,0.6927011,0,0,1) very rare (1-5)
2642,0.55439013,0.44560987,0,24,3) common (21-100)
2643,0.79758817,0.20241183,0,1,1) very rare (1-5)
2644,0.35366753,0.6463325,0,13,2) rare (6-20)
2645,0.10508217,0.89491785,0,1,1) very rare (1-5)
2646,0.9983941,0.001605928,0,89,3) common (21-100)
2647,0.113907285,0.8860927,1,0,1) very rare (1-5)
2648,0.92937887,0.07062113,0,3,1) very rare (1-5)
2649,0.9623019,0.03769809,0,53,3) common (21-100)
2650,0.8846395,0.1153605,0,1290,4) very common (100+)
2651,0.89716935,0.10283065,1,8,2) rare (6-20)
2652,0.9949772,0.005022824,0,211,4) very common (100+)
2653,0.55188245,0.44811755,1,146,4) very common (100+)
2654,0.31910703,0.68089294,1,421,4) very common (100+)
2655,0.0555351,0.9444649,1,14,2) rare (6-20)
2656,0.8433874,0.15661258,1,118,4) very common (100+)
2657,0.76573014,0.23426986,1,23,3) common (21-100)
2658,0.6670772,0.33292282,0,3,1) very rare (1-5)
2659,0.8768366,0.1231634,0,23,3) common (21-100)
2660,0.82475,0.17525,1,6,2) rare (6-20)
2661,0.17212142,0.8278786,0,5,1) very rare (1-5)
2662,0.8436707,0.15632927,1,0,1) very rare (1-5)
2663,0.22470753,0.77529246,0,134,4) very common (100+)
2664,0.53916794,0.46083206,0,26,3) common (21-100)
2665,0.90846545,0.091534555,1,6,2) rare (6-20)
2666,0.3421354,0.6578646,1,70,3) common (21-100)
2667,0.4357248,0.5642752,1,0,1) very rare (1-5)
2668,0.44920707,0.55079293,0,8,2) rare (6-20)
2669,0.7758694,0.22413057,0,1290,4) very common (100+)
2670,0.026624558,0.97337544,1,26,3) common (21-100)
2671,0.47442546,0.52557456,1,100,3) common (21-100)
2672,0.023826031,0.976174,1,1,1) very rare (1-5)
2673,0.8800053,0.1199947,0,17,2) rare (6-20)
2674,0.8043493,0.1956507,0,32,3) common (21-100)
2675,0.15456955,0.84543043,1,33,3) common (21-100)
2676,0.3824303,0.6175697,1,30,3) common (21-100)
2677,0.2770417,0.7229583,1,0,1) very rare (1-5)
2678,0.5074403,0.49255967,0,1,1) very rare (1-5)
2679,0.08062842,0.9193716,1,0,1) very rare (1-5)
2680,0.0516263,0.9483737,0,21,3) common (21-100)
2681,0.41570246,0.58429754,1,3,1) very rare (1-5)
2682,0.5701242,0.4298758,0,0,1) very rare (1-5)
2683,0.9477492,0.052250803,0,7,2) rare (6-20)
2684,0.80961883,0.19038117,0,1070,4) very common (100+)
2685,0.9637533,0.036246717,0,3,1) very rare (1-5)
2686,0.91405857,0.085941434,0,39,3) common (21-100)
2687,0.31673196,0.6832681,0,6,2) rare (6-20)
2688,0.20472038,0.7952796,1,107,4) very common (100+)
2689,0.14377274,0.8562273,1,5,1) very rare (1-5)
2690,0.8932698,0.10673022,0,1290,4) very common (100+)
2691,0.40364912,0.5963509,1,78,3) common (21-100)
2692,0.94884944,0.05115056,1,1,1) very rare (1-5)
2693,0.7330061,0.26699388,1,274,4) very common (100+)
2694,0.87665087,0.12334913,1,3,1) very rare (1-5)
2695,0.17565912,0.8243409,0,7,2) rare (6-20)
2696,0.7552844,0.24471557,0,105,4) very common (100+)
2697,0.34857365,0.6514263,0,0,1) very rare (1-5)
2698,0.6217054,0.3782946,1,1,1) very rare (1-5)
2699,0.21969992,0.7803001,0,92,3) common (21-100)
2700,0.7660379,0.23396212,0,700,4) very common (100+)
2701,0.7559622,0.2440378,1,10,2) rare (6-20)
2702,0.24381083,0.75618917,1,0,1) very rare (1-5)
2703,0.8339631,0.1660369,1,124,4) very common (100+)
2704,0.99170446,0.008295536,0,700,4) very common (100+)
2705,0.14095652,0.8590435,0,69,3) common (21-100)
2706,0.06739265,0.93260735,0,9,2) rare (6-20)
2707,0.9776314,0.02236861,0,89,3) common (21-100)
2708,0.6703863,0.3296137,0,178,4) very common (100+)
2709,0.775677,0.22432297,1,100,3) common (21-100)
2710,0.8577007,0.1422993,0,1290,4) very common (100+)
2711,0.99413884,0.005861163,0,1000,4) very common (100+)
2712,0.92342657,0.07657343,0,19,2) rare (6-20)
2713,0.2765833,0.7234167,1,275,4) very common (100+)
2714,0.07622861,0.9237714,1,0,1) very rare (1-5)
2715,0.96200746,0.037992537,0,105,4) very common (100+)
2716,0.5793172,0.4206828,1,0,1) very rare (1-5)
2717,0.19502449,0.8049755,1,15,2) rare (6-20)
2718,0.69036967,0.30963033,0,85,3) common (21-100)
2719,0.42816037,0.57183963,0,111,4) very common (100+)
2720,0.39406878,0.6059312,1,107,4) very common (100+)
2721,0.30666995,0.69333005,1,0,1) very rare (1-5)
2722,0.9113326,0.08866739,0,99,3) common (21-100)
2723,0.767341,0.23265898,1,0,1) very rare (1-5)
2724,0.5882673,0.41173267,0,1290,4) very common (100+)
2725,0.9783879,0.021612108,0,1000,4) very common (100+)
2726,0.7797326,0.22026742,0,700,4) very common (100+)
2727,0.18075456,0.81924546,1,0,1) very rare (1-5)
2728,0.6090535,0.3909465,0,7,2) rare (6-20)
2729,0.7761518,0.22384822,0,50,3) common (21-100)
2730,0.25669533,0.74330467,1,1,1) very rare (1-5)
2731,0.33337638,0.6666236,1,91,3) common (21-100)
2732,0.9847584,0.015241623,0,49,3) common (21-100)
2733,0.6960448,0.3039552,1,26,3) common (21-100)
2734,0.98904675,0.010953248,1,14,2) rare (6-20)
2735,0.22593601,0.774064,0,1,1) very rare (1-5)
2736,0.06467815,0.93532187,1,0,1) very rare (1-5)
2737,0.7774198,0.2225802,0,20,2) rare (6-20)
2738,0.33850864,0.6614914,0,1,1) very rare (1-5)
2739,0.6388002,0.3611998,0,7,2) rare (6-20)
2740,0.1310352,0.8689648,1,13,2) rare (6-20)
2741,0.17678261,0.8232174,1,4,1) very rare (1-5)
2742,0.70678174,0.29321826,1,107,4) very common (100+)
2743,0.3259648,0.6740352,1,14,2) rare (6-20)
2744,0.17950419,0.82049584,1,4,1) very rare (1-5)
2745,0.9395748,0.060425222,1,15,2) rare (6-20)
2746,0.57726496,0.42273504,1,16,2) rare (6-20)
2747,0.9652415,0.03475851,0,11,2) rare (6-20)
2748,0.17896217,0.8210378,1,17,2) rare (6-20)
2749,0.9597898,0.040210187,1,0,1) very rare (1-5)
2750,0.96409935,0.035900652,0,421,4) very common (100+)
2751,0.059339967,0.94066006,0,1,1) very rare (1-5)
2752,0.99531037,0.004689634,0,1000,4) very common (100+)
2753,0.45932308,0.54067695,0,1070,4) very common (100+)
2754,0.8395448,0.16045523,1,1,1) very rare (1-5)
2755,0.2513495,0.7486505,1,3,1) very rare (1-5)
2756,0.055628832,0.94437116,1,35,3) common (21-100)
2757,0.97198933,0.028010666,0,90,3) common (21-100)
2758,0.96812123,0.03187877,0,7,2) rare (6-20)
2759,0.68927896,0.31072104,1,0,1) very rare (1-5)
2760,0.15998968,0.8400103,0,106,4) very common (100+)
2761,0.036143206,0.9638568,0,0,1) very rare (1-5)
2762,0.41819152,0.58180845,1,8,2) rare (6-20)
2763,0.24147545,0.75852454,0,1070,4) very common (100+)
2764,0.20117356,0.79882646,1,28,3) common (21-100)
2765,0.038874656,0.9611254,1,3,1) very rare (1-5)
2766,0.90426505,0.095734954,0,134,4) very common (100+)
2767,0.22974479,0.7702552,1,275,4) very common (100+)
2768,0.29172304,0.708277,1,72,3) common (21-100)
2769,0.16162439,0.8383756,1,343,4) very common (100+)
2770,0.072936155,0.9270638,1,0,1) very rare (1-5)
2771,0.90491146,0.09508854,1,1,1) very rare (1-5)
2772,0.60580075,0.39419925,1,15,2) rare (6-20)
2773,0.24736226,0.75263774,1,56,3) common (21-100)
2774,0.2483467,0.7516533,1,0,1) very rare (1-5)
2775,0.6047453,0.39525467,0,32,3) common (21-100)
2776,0.77926624,0.22073376,0,0,1) very rare (1-5)
2777,0.14715351,0.8528465,0,12,2) rare (6-20)
2778,0.658786,0.341214,0,118,4) very common (100+)
2779,0.64815027,0.35184973,0,47,3) common (21-100)
2780,0.6966725,0.3033275,0,35,3) common (21-100)
2781,0.13211738,0.8678826,1,58,3) common (21-100)
2782,0.072055504,0.9279445,1,28,3) common (21-100)
2783,0.11492673,0.88507324,1,1,1) very rare (1-5)
2784,0.9134883,0.08651167,0,372,4) very common (100+)
2785,0.6695212,0.3304788,1,1,1) very rare (1-5)
2786,0.43700653,0.56299347,1,79,3) common (21-100)
2787,0.59108984,0.40891016,0,223,4) very common (100+)
2788,0.27972728,0.7202727,1,0,1) very rare (1-5)
2789,0.709842,0.29015797,0,43,3) common (21-100)
2790,0.5758771,0.42412293,1,4,1) very rare (1-5)
2791,0.23104577,0.7689542,1,0,1) very rare (1-5)
2792,0.5666834,0.4333166,1,1000,4) very common (100+)
2793,0.40782627,0.5921737,1,0,1) very rare (1-5)
2794,0.9531756,0.046824396,0,372,4) very common (100+)
2795,0.19548239,0.8045176,0,1,1) very rare (1-5)
2796,0.33691758,0.6630824,1,4,1) very rare (1-5)
2797,0.26017717,0.73982286,1,108,4) very common (100+)
2798,0.4768948,0.5231052,1,2,1) very rare (1-5)
2799,0.9956055,0.0043944716,1,66,3) common (21-100)
2800,0.2412467,0.7587533,1,14,2) rare (6-20)
2801,0.34652647,0.6534735,0,42,3) common (21-100)
2802,0.67684364,0.32315636,0,4,1) very rare (1-5)
2803,0.48152485,0.5184752,0,1070,4) very common (100+)
2804,0.14944771,0.8505523,1,79,3) common (21-100)
2805,0.29393628,0.70606375,1,0,1) very rare (1-5)
2806,0.72243696,0.27756304,1,1070,4) very common (100+)
2807,0.023846447,0.97615355,1,36,3) common (21-100)
2808,0.32468638,0.6753136,0,178,4) very common (100+)
2809,0.20177528,0.7982247,1,1,1) very rare (1-5)
2810,0.43166593,0.5683341,1,52,3) common (21-100)
2811,0.26961708,0.7303829,1,2,1) very rare (1-5)
2812,0.38989726,0.6101028,0,274,4) very common (100+)
2813,0.8285176,0.17148238,0,1070,4) very common (100+)
2814,0.16705038,0.83294964,1,3,1) very rare (1-5)
2815,0.36182022,0.6381798,1,0,1) very rare (1-5)
2816,0.9405445,0.059455514,0,182,4) very common (100+)
2817,0.9234743,0.07652569,0,223,4) very common (100+)
2818,0.12474498,0.875255,1,0,1) very rare (1-5)
2819,0.28557518,0.71442485,1,6,2) rare (6-20)
2820,0.8167929,0.1832071,0,134,4) very common (100+)
2821,0.6433613,0.35663873,0,5,1) very rare (1-5)
2822,0.28451452,0.71548545,1,0,1) very rare (1-5)
2823,0.68943053,0.31056947,1,11,2) rare (6-20)
2824,0.30511314,0.69488686,0,21,3) common (21-100)
2825,0.092689395,0.9073106,1,23,3) common (21-100)
2826,0.585701,0.414299,0,4,1) very rare (1-5)
2827,0.04799671,0.9520033,1,1,1) very rare (1-5)
2828,0.13434318,0.86565685,1,0,1) very rare (1-5)
2829,0.7296599,0.27034009,1,86,3) common (21-100)
2830,0.64620495,0.35379505,0,223,4) very common (100+)
2831,0.493487,0.506513,0,7,2) rare (6-20)
2832,0.9444548,0.05554521,0,1000,4) very common (100+)
2833,0.090863384,0.9091366,0,68,3) common (21-100)
2834,0.28309777,0.71690226,0,1,1) very rare (1-5)
2835,0.91801476,0.081985235,0,10,2) rare (6-20)
2836,0.8630274,0.1369726,0,343,4) very common (100+)
2837,0.102781475,0.8972185,1,0,1) very rare (1-5)
2838,0.06516306,0.9348369,1,3,1) very rare (1-5)
2839,0.8913274,0.10867262,0,700,4) very common (100+)
2840,0.78362393,0.21637607,0,1070,4) very common (100+)
2841,0.36406437,0.63593566,0,111,4) very common (100+)
2842,0.8915697,0.108430326,1,178,4) very common (100+)
2843,0.70032346,0.29967654,0,49,3) common (21-100)
2844,0.887982,0.11201799,1,21,3) common (21-100)
2845,0.9824341,0.017565906,0,16,2) rare (6-20)
2846,0.08350665,0.91649336,1,7,2) rare (6-20)
2847,0.10849618,0.8915038,1,19,2) rare (6-20)
2848,0.68977267,0.31022733,0,274,4) very common (100+)
2849,0.25280792,0.7471921,0,99,3) common (21-100)
2850,0.8811826,0.11881739,1,1070,4) very common (100+)
2851,0.23753177,0.7624682,0,1,1) very rare (1-5)
2852,0.55008453,0.44991547,0,1,1) very rare (1-5)
2853,0.92635554,0.07364446,0,36,3) common (21-100)
2854,0.80882776,0.19117224,1,32,3) common (21-100)
2855,0.425655,0.574345,1,6,2) rare (6-20)
2856,0.91165185,0.08834815,1,47,3) common (21-100)
2857,0.8463265,0.15367353,0,3,1) very rare (1-5)
2858,0.9801031,0.019896924,0,78,3) common (21-100)
2859,0.14127742,0.85872257,0,3,1) very rare (1-5)
2860,0.95191616,0.04808384,0,24,3) common (21-100)
2861,0.14075515,0.8592448,1,4,1) very rare (1-5)
2862,0.6047932,0.3952068,1,99,3) common (21-100)
2863,0.6899982,0.3100018,0,1070,4) very common (100+)
2864,0.9863268,0.013673186,0,39,3) common (21-100)
2865,0.39192417,0.60807586,0,9,2) rare (6-20)
2866,0.51665014,0.48334986,1,38,3) common (21-100)
2867,0.7473757,0.25262427,0,3,1) very rare (1-5)
2868,0.75548214,0.24451786,0,3,1) very rare (1-5)
2869,0.21529801,0.784702,1,700,4) very common (100+)
2870,0.49098298,0.509017,1,178,4) very common (100+)
2871,0.83025044,0.16974956,0,343,4) very common (100+)
2872,0.6903667,0.3096333,0,1000,4) very common (100+)
2873,0.4477439,0.5522561,0,159,4) very common (100+)
2874,0.61312777,0.38687223,0,5,1) very rare (1-5)
2875,0.9059364,0.09406358,0,23,3) common (21-100)
2876,0.25786972,0.7421303,0,18,2) rare (6-20)
2877,0.23714773,0.76285225,1,6,2) rare (6-20)
2878,0.8478276,0.15217239,0,69,3) common (21-100)
2879,0.6189587,0.3810413,0,60,3) common (21-100)
2880,0.06918046,0.9308195,0,1,1) very rare (1-5)
2881,0.93225557,0.067744434,1,0,1) very rare (1-5)
2882,0.73614746,0.26385254,0,69,3) common (21-100)
2883,0.35166243,0.6483376,1,38,3) common (21-100)
2884,0.3465225,0.6534775,1,2,1) very rare (1-5)
2885,0.041658483,0.95834154,1,0,1) very rare (1-5)
2886,0.20966788,0.79033214,1,1,1) very rare (1-5)
2887,0.6268039,0.37319613,1,66,3) common (21-100)
2888,0.79651254,0.20348746,0,1,1) very rare (1-5)
2889,0.45703003,0.54296994,1,7,2) rare (6-20)
2890,0.33988082,0.6601192,0,6,2) rare (6-20)
2891,0.9381031,0.06189692,0,23,3) common (21-100)
2892,0.60512906,0.39487094,0,421,4) very common (100+)
2893,0.9876736,0.012326419,0,1000,4) very common (100+)
2894,0.95241237,0.047587633,0,4,1) very rare (1-5)
2895,0.30846852,0.6915315,1,0,1) very rare (1-5)
2896,0.906154,0.09384602,1,1,1) very rare (1-5)
2897,0.13933943,0.86066055,1,0,1) very rare (1-5)
2898,0.9862164,0.013783574,0,142,4) very common (100+)
2899,0.6867176,0.31328237,0,1290,4) very common (100+)
2900,0.43357387,0.56642616,0,28,3) common (21-100)
2901,0.98541033,0.014589667,0,1000,4) very common (100+)
2902,0.13942356,0.86057645,0,8,2) rare (6-20)
2903,0.07636322,0.9236368,1,58,3) common (21-100)
2904,0.2918285,0.7081715,1,1,1) very rare (1-5)
2905,0.736976,0.26302397,0,121,4) very common (100+)
2906,0.050042003,0.94995797,0,63,3) common (21-100)
2907,0.9570017,0.042998314,0,4,1) very rare (1-5)
2908,0.5785096,0.42149037,1,1070,4) very common (100+)
2909,0.4594608,0.5405392,0,14,2) rare (6-20)
2910,0.2621131,0.7378869,1,1,1) very rare (1-5)
2911,0.5849636,0.41503638,0,3,1) very rare (1-5)
2912,0.9339639,0.066036105,1,28,3) common (21-100)
2913,0.5474745,0.4525255,0,7,2) rare (6-20)
2914,0.37411335,0.6258867,1,0,1) very rare (1-5)
2915,0.70091164,0.29908836,0,6,2) rare (6-20)
2916,0.3088082,0.6911918,1,3,1) very rare (1-5)
2917,0.49778375,0.5022162,0,700,4) very common (100+)
2918,0.31794035,0.68205965,0,0,1) very rare (1-5)
2919,0.7672421,0.23275793,0,55,3) common (21-100)
2920,0.6258418,0.3741582,0,3,1) very rare (1-5)
2921,0.10598565,0.89401436,1,2,1) very rare (1-5)
2922,0.10863577,0.8913642,1,2,1) very rare (1-5)
2923,0.38471895,0.61528105,0,79,3) common (21-100)
2924,0.9863093,0.01369071,0,1000,4) very common (100+)
2925,0.48415628,0.51584375,1,268,4) very common (100+)
2926,0.9897142,0.010285795,0,123,4) very common (100+)
2927,0.010711259,0.98928875,1,0,1) very rare (1-5)
2928,0.46461815,0.53538185,1,14,2) rare (6-20)
2929,0.17020005,0.82979995,0,23,3) common (21-100)
2930,0.8340884,0.16591161,0,1290,4) very common (100+)
2931,0.77572405,0.22427595,1,7,2) rare (6-20)
2932,0.6433758,0.3566242,1,1,1) very rare (1-5)
2933,0.43842,0.56158,1,6,2) rare (6-20)
2934,0.4597533,0.5402467,1,1070,4) very common (100+)
2935,0.44610417,0.55389583,1,2,1) very rare (1-5)
2936,0.937672,0.06232798,1,3,1) very rare (1-5)
2937,0.5935007,0.40649933,1,1,1) very rare (1-5)
2938,0.18069464,0.81930536,1,66,3) common (21-100)
2939,0.18131681,0.8186832,1,0,1) very rare (1-5)
2940,0.17227104,0.827729,0,3,1) very rare (1-5)
2941,0.4105784,0.58942163,1,1070,4) very common (100+)
2942,0.54254675,0.45745325,1,3,1) very rare (1-5)
2943,0.08289482,0.9171052,1,0,1) very rare (1-5)
2944,0.34084424,0.6591557,0,1,1) very rare (1-5)
2945,0.17797817,0.82202184,1,34,3) common (21-100)
2946,0.4106709,0.5893291,1,6,2) rare (6-20)
2947,0.4906284,0.50937164,0,123,4) very common (100+)
2948,0.86683166,0.13316834,0,118,4) very common (100+)
2949,0.055326615,0.94467336,1,47,3) common (21-100)
2950,0.8925957,0.10740429,0,23,3) common (21-100)
2951,0.2678033,0.7321967,1,5,1) very rare (1-5)
2952,0.25622252,0.7437775,1,0,1) very rare (1-5)
2953,0.04404653,0.9559535,1,1,1) very rare (1-5)
2954,0.12594701,0.874053,1,0,1) very rare (1-5)
2955,0.46426854,0.53573143,1,96,3) common (21-100)
2956,0.34606436,0.6539357,1,0,1) very rare (1-5)
2957,0.4601252,0.5398748,0,421,4) very common (100+)
2958,0.88619006,0.11380994,0,178,4) very common (100+)
2959,0.11479245,0.88520753,1,4,1) very rare (1-5)
2960,0.58220994,0.41779006,0,1000,4) very common (100+)
2961,0.5489403,0.4510597,0,41,3) common (21-100)
2962,0.0458526,0.9541474,1,0,1) very rare (1-5)
2963,0.6218082,0.37819183,0,63,3) common (21-100)
2964,0.1117845,0.8882155,0,33,3) common (21-100)
2965,0.9950599,0.0049400926,0,1000,4) very common (100+)
2966,0.63172597,0.36827403,1,8,2) rare (6-20)
2967,0.31132048,0.6886795,0,1290,4) very common (100+)
2968,0.5264157,0.4735843,1,7,2) rare (6-20)
2969,0.75642526,0.24357474,0,42,3) common (21-100)
2970,0.6099478,0.3900522,1,91,3) common (21-100)
2971,0.9412035,0.058796525,0,96,3) common (21-100)
2972,0.5566517,0.4433483,1,66,3) common (21-100)
2973,0.17282662,0.82717335,1,3,1) very rare (1-5)
2974,0.2291001,0.7708999,0,17,2) rare (6-20)
2975,0.6269056,0.37309438,0,0,1) very rare (1-5)
2976,0.090075746,0.90992427,0,0,1) very rare (1-5)
2977,0.20843075,0.79156923,0,0,1) very rare (1-5)
2978,0.964834,0.035166025,0,700,4) very common (100+)
2979,0.78355116,0.21644884,0,79,3) common (21-100)
2980,0.1363521,0.8636479,0,5,1) very rare (1-5)
2981,0.92306346,0.07693654,1,118,4) very common (100+)
2982,0.9256494,0.074350595,0,11,2) rare (6-20)
2983,0.377564,0.622436,1,2,1) very rare (1-5)
2984,0.7749058,0.2250942,0,6,2) rare (6-20)
2985,0.15476911,0.8452309,1,7,2) rare (6-20)
2986,0.36778808,0.6322119,1,16,2) rare (6-20)
2987,0.766125,0.23387498,0,134,4) very common (100+)
2988,0.78673196,0.21326804,0,159,4) very common (100+)
2989,0.8856222,0.1143778,1,19,2) rare (6-20)
2990,0.9308536,0.069146395,0,89,3) common (21-100)
2991,0.9937697,0.0062302947,0,211,4) very common (100+)
2992,0.17473678,0.8252632,1,0,1) very rare (1-5)
2993,0.6022529,0.3977471,0,1070,4) very common (100+)
2994,0.5466509,0.4533491,1,0,1) very rare (1-5)
2995,0.6830411,0.3169589,1,63,3) common (21-100)
2996,0.40826267,0.59173733,0,53,3) common (21-100)
2997,0.5527072,0.4472928,0,21,3) common (21-100)
2998,0.26375964,0.7362404,1,38,3) common (21-100)
2999,0.7262588,0.2737412,0,223,4) very common (100+)
3000,0.42886972,0.5711303,1,1070,4) very common (100+)
3001,0.592959,0.407041,1,4,1) very rare (1-5)
3002,0.6325291,0.36747092,0,23,3) common (21-100)
3003,0.8812274,0.118772626,0,1070,4) very common (100+)
3004,0.54197174,0.45802826,0,1070,4) very common (100+)
3005,0.37671912,0.6232809,1,261,4) very common (100+)
3006,0.0388703,0.9611297,1,0,1) very rare (1-5)
3007,0.26288912,0.73711085,1,1,1) very rare (1-5)
3008,0.38772103,0.61227894,1,0,1) very rare (1-5)
3009,0.26017982,0.7398202,0,0,1) very rare (1-5)
3010,0.6687624,0.3312376,1,124,4) very common (100+)
3011,0.14518324,0.8548168,0,11,2) rare (6-20)
3012,0.20402087,0.79597914,0,0,1) very rare (1-5)
3013,0.47538814,0.52461183,1,21,3) common (21-100)
3014,0.07672993,0.92327005,1,0,1) very rare (1-5)
3015,0.07536489,0.9246351,1,0,1) very rare (1-5)
3016,0.92554414,0.07445586,0,142,4) very common (100+)
3017,0.1568733,0.8431267,1,261,4) very common (100+)
3018,0.25176436,0.74823564,1,3,1) very rare (1-5)
3019,0.056352805,0.9436472,1,0,1) very rare (1-5)
3020,0.059175197,0.9408248,0,88,3) common (21-100)
3021,0.1450306,0.8549694,0,3,1) very rare (1-5)
3022,0.9340208,0.06597918,0,421,4) very common (100+)
3023,0.13461553,0.86538446,1,17,2) rare (6-20)
3024,0.515791,0.484209,1,19,2) rare (6-20)
3025,0.38588896,0.61411107,1,0,1) very rare (1-5)
3026,0.11542195,0.88457805,1,39,3) common (21-100)
3027,0.91155654,0.08844346,0,700,4) very common (100+)
3028,0.7970703,0.20292968,0,421,4) very common (100+)
3029,0.8680586,0.13194138,1,5,1) very rare (1-5)
3030,0.41915137,0.58084863,0,3,1) very rare (1-5)
3031,0.06161298,0.93838704,1,1,1) very rare (1-5)
3032,0.2291279,0.7708721,0,8,2) rare (6-20)
3033,0.71558404,0.28441596,0,9,2) rare (6-20)
3034,0.343636,0.65636396,0,268,4) very common (100+)
3035,0.20944594,0.79055405,0,6,2) rare (6-20)
3036,0.74787825,0.25212175,0,3,1) very rare (1-5)
3037,0.19103834,0.80896163,1,1,1) very rare (1-5)
3038,0.575556,0.42444402,1,343,4) very common (100+)
3039,0.9974623,0.0025377274,0,211,4) very common (100+)
3040,0.061132174,0.9388678,1,5,1) very rare (1-5)
3041,0.966218,0.033782005,0,700,4) very common (100+)
3042,0.27553263,0.7244674,1,66,3) common (21-100)
3043,0.29275912,0.7072409,0,5,1) very rare (1-5)
3044,0.49707907,0.5029209,0,145,4) very common (100+)
3045,0.8007015,0.1992985,0,1000,4) very common (100+)
3046,0.56665593,0.43334407,1,0,1) very rare (1-5)
3047,0.55647564,0.44352436,0,3,1) very rare (1-5)
3048,0.7709092,0.22909081,0,9,2) rare (6-20)
3049,0.48865277,0.51134723,0,2,1) very rare (1-5)
3050,0.43531865,0.56468135,1,0,1) very rare (1-5)
3051,0.98538303,0.014616966,0,1290,4) very common (100+)
3052,0.01653481,0.9834652,1,62,3) common (21-100)
3053,0.6853287,0.31467128,0,14,2) rare (6-20)
3054,0.6463082,0.35369182,1,11,2) rare (6-20)
3055,0.27209228,0.7279077,1,2,1) very rare (1-5)
3056,0.3727677,0.6272323,1,89,3) common (21-100)
3057,0.4144068,0.5855932,0,1,1) very rare (1-5)
3058,0.8733509,0.12664908,1,31,3) common (21-100)
3059,0.3367453,0.66325474,0,27,3) common (21-100)
3060,0.41982344,0.5801766,1,10,2) rare (6-20)
3061,0.6154095,0.3845905,1,24,3) common (21-100)
3062,0.34965128,0.6503487,1,10,2) rare (6-20)
3063,0.40085897,0.599141,1,274,4) very common (100+)
3064,0.71932316,0.28067684,0,15,2) rare (6-20)
3065,0.5739717,0.4260283,0,1,1) very rare (1-5)
3066,0.041217543,0.95878243,1,4,1) very rare (1-5)
3067,0.7872631,0.2127369,0,3,1) very rare (1-5)
3068,0.05436798,0.94563204,1,1,1) very rare (1-5)
3069,0.9161973,0.0838027,0,700,4) very common (100+)
3070,0.5850826,0.4149174,1,1290,4) very common (100+)
3071,0.09896748,0.9010325,1,1290,4) very common (100+)
3072,0.06531898,0.934681,1,0,1) very rare (1-5)
3073,0.33935988,0.6606401,1,107,4) very common (100+)
3074,0.023648433,0.97635156,1,1,1) very rare (1-5)
3075,0.35334334,0.64665663,1,160,4) very common (100+)
3076,0.35136437,0.6486356,0,2,1) very rare (1-5)
3077,0.81652117,0.18347883,1,3,1) very rare (1-5)
3078,0.23586749,0.7641325,0,36,3) common (21-100)
3079,0.37262782,0.62737215,1,0,1) very rare (1-5)
3080,0.9131374,0.08686262,0,1000,4) very common (100+)
3081,0.26030666,0.73969334,0,20,2) rare (6-20)
3082,0.11540222,0.8845978,1,0,1) very rare (1-5)
3083,0.67416215,0.32583785,0,1,1) very rare (1-5)
3084,0.984101,0.015899003,0,1000,4) very common (100+)
3085,0.30451593,0.69548404,1,3,1) very rare (1-5)
3086,0.7428768,0.25712317,0,28,3) common (21-100)
3087,0.07276686,0.92723316,1,261,4) very common (100+)
3088,0.93844336,0.061556637,0,1,1) very rare (1-5)
3089,0.86093724,0.13906276,1,60,3) common (21-100)
3090,0.9772679,0.022732079,0,372,4) very common (100+)
3091,0.026177548,0.9738225,1,66,3) common (21-100)
3092,0.87118167,0.12881833,1,107,4) very common (100+)
3093,0.39200485,0.60799515,0,1290,4) very common (100+)
3094,0.5163396,0.4836604,1,32,3) common (21-100)
3095,0.38550407,0.61449593,0,10,2) rare (6-20)
3096,0.8207936,0.17920637,0,1000,4) very common (100+)
3097,0.18310763,0.8168924,1,102,4) very common (100+)
3098,0.45078337,0.5492166,0,14,2) rare (6-20)
3099,0.15644246,0.84355754,1,0,1) very rare (1-5)
3100,0.5786889,0.42131108,1,58,3) common (21-100)
3101,0.38704646,0.61295354,0,2,1) very rare (1-5)
3102,0.5970344,0.4029656,0,3,1) very rare (1-5)
3103,0.060993798,0.9390062,1,71,3) common (21-100)
3104,0.85892105,0.14107895,1,102,4) very common (100+)
3105,0.21034117,0.78965884,1,1,1) very rare (1-5)
3106,0.43758333,0.5624167,1,7,2) rare (6-20)
3107,0.15535235,0.84464765,0,15,2) rare (6-20)
3108,0.27453578,0.7254642,1,118,4) very common (100+)
3109,0.14365375,0.85634625,1,0,1) very rare (1-5)
3110,0.28576925,0.7142308,1,118,4) very common (100+)
3111,0.3167049,0.68329513,1,1070,4) very common (100+)
3112,0.3281419,0.6718581,0,223,4) very common (100+)
3113,0.14187898,0.85812104,1,372,4) very common (100+)
3114,0.11540088,0.8845991,1,3,1) very rare (1-5)
3115,0.9392743,0.06072569,0,63,3) common (21-100)
3116,0.47701594,0.522984,1,15,2) rare (6-20)
3117,0.5682079,0.43179208,1,4,1) very rare (1-5)
3118,0.5594636,0.44053638,0,0,1) very rare (1-5)
3119,0.64239657,0.35760343,1,20,2) rare (6-20)
3120,0.89474106,0.10525894,1,18,2) rare (6-20)
3121,0.23833053,0.76166946,1,8,2) rare (6-20)
3122,0.4010275,0.5989725,1,8,2) rare (6-20)
3123,0.42877373,0.57122624,1,70,3) common (21-100)
3124,0.17545274,0.8245473,1,21,3) common (21-100)
3125,0.45666972,0.5433303,0,4,1) very rare (1-5)
3126,0.20440745,0.79559255,1,6,2) rare (6-20)
3127,0.9264731,0.07352692,0,274,4) very common (100+)
3128,0.18728875,0.81271124,1,0,1) very rare (1-5)
3129,0.28897738,0.7110226,1,5,1) very rare (1-5)
3130,0.122940734,0.8770593,1,0,1) very rare (1-5)
3131,0.47288546,0.5271145,0,3,1) very rare (1-5)
3132,0.49522206,0.5047779,0,24,3) common (21-100)
3133,0.02791085,0.9720892,1,1,1) very rare (1-5)
3134,0.49496895,0.50503105,1,0,1) very rare (1-5)
3135,0.5770816,0.42291838,0,1000,4) very common (100+)
3136,0.05010066,0.9498993,1,0,1) very rare (1-5)
3137,0.9928751,0.007124901,0,1000,4) very common (100+)
3138,0.7732674,0.22673261,0,3,1) very rare (1-5)
3139,0.48288497,0.517115,1,223,4) very common (100+)
3140,0.043404303,0.9565957,1,0,1) very rare (1-5)
3141,0.15553637,0.84446365,1,0,1) very rare (1-5)
3142,0.6476286,0.3523714,0,12,2) rare (6-20)
3143,0.89378333,0.10621667,0,1000,4) very common (100+)
3144,0.29109448,0.7089055,0,14,2) rare (6-20)
3145,0.07209054,0.9279095,0,3,1) very rare (1-5)
3146,0.987456,0.012543976,0,89,3) common (21-100)
3147,0.8752146,0.12478542,0,47,3) common (21-100)
3148,0.5078276,0.49217242,1,2,1) very rare (1-5)
3149,0.8734597,0.1265403,0,1000,4) very common (100+)
3150,0.6394495,0.36055052,0,14,2) rare (6-20)
3151,0.35442275,0.64557725,0,102,4) very common (100+)
3152,0.2877932,0.71220684,1,0,1) very rare (1-5)
3153,0.115201294,0.8847987,1,0,1) very rare (1-5)
3154,0.87942755,0.12057245,0,700,4) very common (100+)
3155,0.44637957,0.55362046,0,89,3) common (21-100)
3156,0.24908352,0.7509165,0,1,1) very rare (1-5)
3157,0.4391125,0.56088746,0,1070,4) very common (100+)
3158,0.12675805,0.87324196,1,14,2) rare (6-20)
3159,0.091334574,0.9086654,0,76,3) common (21-100)
3160,0.85287154,0.14712846,0,1,1) very rare (1-5)
3161,0.110549934,0.8894501,1,0,1) very rare (1-5)
3162,0.94062865,0.059371352,0,99,3) common (21-100)
3163,0.48205996,0.51794004,1,7,2) rare (6-20)
3164,0.04891491,0.9510851,1,1,1) very rare (1-5)
3165,0.75005955,0.24994045,1,3,1) very rare (1-5)
3166,0.02868849,0.9713115,1,1,1) very rare (1-5)
3167,0.2454837,0.7545163,1,3,1) very rare (1-5)
3168,0.9764765,0.02352351,0,1000,4) very common (100+)
3169,0.32872435,0.6712756,0,41,3) common (21-100)
3170,0.3895374,0.6104626,0,20,2) rare (6-20)
3171,0.5026317,0.49736828,0,31,3) common (21-100)
3172,0.065284856,0.93471515,1,0,1) very rare (1-5)
3173,0.28517365,0.71482635,1,23,3) common (21-100)
3174,0.67882675,0.32117325,0,1000,4) very common (100+)
3175,0.31022996,0.68977004,1,0,1) very rare (1-5)
3176,0.90660447,0.09339553,0,27,3) common (21-100)
3177,0.9688144,0.031185627,0,91,3) common (21-100)
3178,0.20743838,0.79256165,1,58,3) common (21-100)
3179,0.18124624,0.8187538,1,33,3) common (21-100)
3180,0.27927104,0.720729,0,102,4) very common (100+)
3181,0.28965384,0.71034616,0,36,3) common (21-100)
3182,0.9718122,0.028187811,0,39,3) common (21-100)
3183,0.88887966,0.11112034,0,2,1) very rare (1-5)
3184,0.76083803,0.23916197,1,76,3) common (21-100)
3185,0.16364323,0.83635676,1,0,1) very rare (1-5)
3186,0.2269157,0.7730843,0,7,2) rare (6-20)
3187,0.15872958,0.84127045,1,0,1) very rare (1-5)
3188,0.055716917,0.94428307,1,2,1) very rare (1-5)
3189,0.25590178,0.7440982,1,14,2) rare (6-20)
3190,0.6235815,0.37641847,0,71,3) common (21-100)
3191,0.6540044,0.3459956,0,372,4) very common (100+)
3192,0.490714,0.509286,1,1,1) very rare (1-5)
3193,0.75337267,0.24662733,0,27,3) common (21-100)
3194,0.4795694,0.52043056,1,16,2) rare (6-20)
3195,0.79406226,0.20593774,1,0,1) very rare (1-5)
3196,0.5907607,0.4092393,0,12,2) rare (6-20)
3197,0.7800695,0.21993053,1,1,1) very rare (1-5)
3198,0.94252306,0.057476938,0,1000,4) very common (100+)
3199,0.1879648,0.8120352,1,27,3) common (21-100)
3200,0.94448227,0.055517733,0,37,3) common (21-100)
3201,0.61339194,0.38660806,1,44,3) common (21-100)
3202,0.6653944,0.33460557,0,66,3) common (21-100)
3203,0.021059139,0.97894084,1,0,1) very rare (1-5)
3204,0.21875775,0.78124225,1,3,1) very rare (1-5)
3205,0.061845407,0.9381546,1,0,1) very rare (1-5)
3206,0.107787624,0.8922124,1,0,1) very rare (1-5)
3207,0.18522386,0.8147761,1,19,2) rare (6-20)
3208,0.83411837,0.16588163,0,1070,4) very common (100+)
3209,0.38959473,0.61040527,0,15,2) rare (6-20)
3210,0.81379676,0.18620324,0,1290,4) very common (100+)
3211,0.0458969,0.9541031,1,1,1) very rare (1-5)
3212,0.502233,0.49776697,0,24,3) common (21-100)
3213,0.031446192,0.9685538,1,18,2) rare (6-20)
3214,0.3443513,0.6556487,1,118,4) very common (100+)
3215,0.8676066,0.13239342,0,23,3) common (21-100)
3216,0.98071724,0.019282758,1,0,1) very rare (1-5)
3217,0.22082381,0.7791762,1,3,1) very rare (1-5)
3218,0.2614673,0.73853266,0,1,1) very rare (1-5)
3219,0.42794204,0.57205796,1,1,1) very rare (1-5)
3220,0.61845094,0.38154906,0,421,4) very common (100+)
3221,0.08259831,0.9174017,1,0,1) very rare (1-5)
3222,0.22401544,0.7759845,1,275,4) very common (100+)
3223,0.6670622,0.33293778,0,3,1) very rare (1-5)
3224,0.05163825,0.94836175,1,0,1) very rare (1-5)
3225,0.8580552,0.14194483,1,81,3) common (21-100)
3226,0.40118614,0.5988139,1,5,1) very rare (1-5)
3227,0.12674506,0.87325495,1,79,3) common (21-100)
3228,0.6999305,0.3000695,0,41,3) common (21-100)
3229,0.041591983,0.958408,1,2,1) very rare (1-5)
3230,0.22955741,0.7704426,0,18,2) rare (6-20)
3231,0.94889504,0.051104963,1,5,1) very rare (1-5)
3232,0.09981174,0.90018827,0,23,3) common (21-100)
3233,0.74950635,0.25049365,0,1290,4) very common (100+)
3234,0.43248484,0.56751513,1,268,4) very common (100+)
3235,0.20330176,0.7966982,1,0,1) very rare (1-5)
3236,0.9162806,0.08371937,0,37,3) common (21-100)
3237,0.5374981,0.46250188,1,1290,4) very common (100+)
3238,0.72932374,0.27067626,0,142,4) very common (100+)
3239,0.29388568,0.7061143,1,76,3) common (21-100)
3240,0.45677912,0.5432209,0,60,3) common (21-100)
3241,0.47149038,0.5285096,1,0,1) very rare (1-5)
3242,0.38145494,0.61854506,1,66,3) common (21-100)
3243,0.42869106,0.571309,0,3,1) very rare (1-5)
3244,0.9916768,0.008323193,0,1000,4) very common (100+)
3245,0.7744651,0.22553492,1,19,2) rare (6-20)
3246,0.8681979,0.13180208,1,66,3) common (21-100)
3247,0.21948057,0.7805194,0,4,1) very rare (1-5)
3248,0.40475118,0.5952488,1,66,3) common (21-100)
3249,0.18566935,0.81433064,1,0,1) very rare (1-5)
3250,0.9309246,0.069075406,0,20,2) rare (6-20)
3251,0.18234283,0.8176572,1,2,1) very rare (1-5)
3252,0.66872215,0.33127785,1,1070,4) very common (100+)
3253,0.9673127,0.032687306,0,1290,4) very common (100+)
3254,0.68183905,0.31816095,0,85,3) common (21-100)
3255,0.20046458,0.7995354,1,0,1) very rare (1-5)
3256,0.6824726,0.3175274,0,94,3) common (21-100)
3257,0.72538036,0.27461964,1,13,2) rare (6-20)
3258,0.9966809,0.0033190846,0,1000,4) very common (100+)
3259,0.98572356,0.014276445,0,1290,4) very common (100+)
3260,0.20590164,0.7940984,1,2,1) very rare (1-5)
3261,0.14527117,0.8547288,0,108,4) very common (100+)
3262,0.23622556,0.76377445,1,22,3) common (21-100)
3263,0.8026719,0.19732809,0,166,4) very common (100+)
3264,0.104234435,0.89576554,1,0,1) very rare (1-5)
3265,0.7631696,0.23683041,1,27,3) common (21-100)
3266,0.81739795,0.18260205,0,700,4) very common (100+)
3267,0.41061547,0.58938456,0,2,1) very rare (1-5)
3268,0.5575483,0.44245172,1,1,1) very rare (1-5)
3269,0.33575752,0.6642425,1,0,1) very rare (1-5)
3270,0.14892846,0.85107154,1,0,1) very rare (1-5)
3271,0.26576725,0.7342328,1,5,1) very rare (1-5)
3272,0.4854451,0.51455486,1,8,2) rare (6-20)
3273,0.8222075,0.17779249,1,1070,4) very common (100+)
3274,0.77679944,0.22320056,1,166,4) very common (100+)
3275,0.84102535,0.15897465,0,1070,4) very common (100+)
3276,0.8998426,0.10015738,1,89,3) common (21-100)
3277,0.46121982,0.5387802,1,0,1) very rare (1-5)
3278,0.13312508,0.86687493,1,105,4) very common (100+)
3279,0.014001466,0.9859985,1,0,1) very rare (1-5)
3280,0.7001521,0.2998479,1,37,3) common (21-100)
3281,0.40299597,0.59700406,1,1070,4) very common (100+)
3282,0.27304608,0.7269539,1,47,3) common (21-100)
3283,0.09931719,0.9006828,1,36,3) common (21-100)
3284,0.78290933,0.21709067,0,1290,4) very common (100+)
3285,0.035916943,0.9640831,1,0,1) very rare (1-5)
3286,0.03708713,0.96291286,1,0,1) very rare (1-5)
3287,0.021171534,0.9788285,1,0,1) very rare (1-5)
3288,0.9817098,0.018290222,1,99,3) common (21-100)
3289,0.8733508,0.1266492,0,18,2) rare (6-20)
3290,0.10154516,0.89845484,1,0,1) very rare (1-5)
3291,0.051222574,0.94877744,1,12,2) rare (6-20)
3292,0.25432646,0.74567354,1,1,1) very rare (1-5)
3293,0.33932152,0.6606785,1,0,1) very rare (1-5)
3294,0.70987695,0.29012305,1,159,4) very common (100+)
3295,0.4385029,0.5614971,1,65,3) common (21-100)
3296,0.20431371,0.7956863,0,1070,4) very common (100+)
3297,0.03911926,0.96088076,1,0,1) very rare (1-5)
3298,0.055139113,0.9448609,1,0,1) very rare (1-5)
3299,0.35986593,0.6401341,1,15,2) rare (6-20)
3300,0.7776155,0.22238451,1,5,1) very rare (1-5)
3301,0.5034167,0.49658328,1,2,1) very rare (1-5)
3302,0.067634255,0.9323658,1,28,3) common (21-100)
3303,0.9428786,0.057121396,1,275,4) very common (100+)
3304,0.8601482,0.13985181,0,1000,4) very common (100+)
3305,0.8745886,0.12541139,1,0,1) very rare (1-5)
3306,0.949014,0.050985992,0,71,3) common (21-100)
3307,0.71929526,0.28070474,1,1070,4) very common (100+)
3308,0.5939516,0.40604842,0,39,3) common (21-100)
3309,0.59666294,0.40333706,0,0,1) very rare (1-5)
3310,0.75777215,0.24222785,0,421,4) very common (100+)
3311,0.083607115,0.91639286,1,14,2) rare (6-20)
3312,0.58617145,0.41382855,0,3,1) very rare (1-5)
3313,0.39270806,0.60729194,0,63,3) common (21-100)
3314,0.79140484,0.20859516,0,102,4) very common (100+)
3315,0.8107124,0.1892876,0,700,4) very common (100+)
3316,0.9675504,0.032449603,0,1000,4) very common (100+)
3317,0.1955816,0.8044184,1,1,1) very rare (1-5)
3318,0.10115587,0.8988441,0,68,3) common (21-100)
3319,0.29043356,0.7095665,1,65,3) common (21-100)
3320,0.21265197,0.78734803,1,0,1) very rare (1-5)
3321,0.9678371,0.032162905,0,1000,4) very common (100+)
3322,0.47935122,0.5206488,1,19,2) rare (6-20)
3323,0.92268395,0.077316046,0,343,4) very common (100+)
3324,0.46370265,0.5362973,1,10,2) rare (6-20)
3325,0.93653506,0.06346494,0,15,2) rare (6-20)
3326,0.18420872,0.81579125,1,16,2) rare (6-20)
3327,0.5205957,0.47940427,1,1290,4) very common (100+)
3328,0.989901,0.010098994,0,182,4) very common (100+)
3329,0.43151292,0.56848705,1,5,1) very rare (1-5)
3330,0.63935757,0.36064243,1,1290,4) very common (100+)
3331,0.9186739,0.08132613,0,1000,4) very common (100+)
3332,0.69025606,0.30974394,1,63,3) common (21-100)
3333,0.9873011,0.012698889,0,211,4) very common (100+)
3334,0.19336951,0.8066305,0,24,3) common (21-100)
3335,0.9642323,0.035767674,0,343,4) very common (100+)
3336,0.2823338,0.7176662,1,1,1) very rare (1-5)
3337,0.344618,0.65538204,0,2,1) very rare (1-5)
3338,0.526677,0.473323,0,46,3) common (21-100)
3339,0.07743767,0.92256236,1,3,1) very rare (1-5)
3340,0.9678481,0.032151878,0,25,3) common (21-100)
3341,0.61356086,0.38643914,0,86,3) common (21-100)
3342,0.81050533,0.18949467,0,24,3) common (21-100)
3343,0.66620713,0.33379287,0,1,1) very rare (1-5)
3344,0.24117859,0.7588214,1,343,4) very common (100+)
3345,0.6326129,0.36738712,1,3,1) very rare (1-5)
3346,0.11677225,0.88322777,1,0,1) very rare (1-5)
3347,0.09195721,0.9080428,1,2,1) very rare (1-5)
3348,0.03958519,0.9604148,1,2,1) very rare (1-5)
3349,0.17606008,0.8239399,1,19,2) rare (6-20)
3350,0.8419726,0.15802741,1,11,2) rare (6-20)
3351,0.07702763,0.9229724,1,0,1) very rare (1-5)
3352,0.41072616,0.5892738,1,10,2) rare (6-20)
3353,0.43790776,0.56209224,0,4,1) very rare (1-5)
3354,0.39270476,0.6072953,1,29,3) common (21-100)
3355,0.3514104,0.6485896,0,14,2) rare (6-20)
3356,0.38384855,0.61615145,0,105,4) very common (100+)
3357,0.85639185,0.14360815,0,82,3) common (21-100)
3358,0.33499777,0.6650022,1,1,1) very rare (1-5)
3359,0.39043304,0.6095669,1,1070,4) very common (100+)
3360,0.48770455,0.5122955,1,24,3) common (21-100)
3361,0.959761,0.040238976,0,11,2) rare (6-20)
3362,0.22993702,0.770063,1,1290,4) very common (100+)
3363,0.8150425,0.1849575,0,4,1) very rare (1-5)
3364,0.66571736,0.33428264,1,178,4) very common (100+)
3365,0.8755389,0.124461114,0,1290,4) very common (100+)
3366,0.114573754,0.8854262,1,6,2) rare (6-20)
3367,0.06383256,0.9361674,0,0,1) very rare (1-5)
3368,0.18235722,0.8176428,1,19,2) rare (6-20)
3369,0.8492764,0.15072358,1,0,1) very rare (1-5)
3370,0.98363054,0.016369462,0,71,3) common (21-100)
3371,0.6592335,0.3407665,0,145,4) very common (100+)
3372,0.9514,0.048600018,0,275,4) very common (100+)
3373,0.4841257,0.51587427,1,0,1) very rare (1-5)
3374,0.44290298,0.557097,0,105,4) very common (100+)
3375,0.055206485,0.9447935,1,0,1) very rare (1-5)
3376,0.01854236,0.98145765,1,0,1) very rare (1-5)
3377,0.36983898,0.63016105,0,27,3) common (21-100)
3378,0.6451942,0.35480583,0,421,4) very common (100+)
3379,0.42765483,0.57234514,1,44,3) common (21-100)
3380,0.44695187,0.55304813,1,5,1) very rare (1-5)
3381,0.6481515,0.35184848,1,65,3) common (21-100)
3382,0.287451,0.712549,1,1,1) very rare (1-5)
3383,0.17444393,0.82555604,1,22,3) common (21-100)
3384,0.40218237,0.59781766,0,2,1) very rare (1-5)
3385,0.1827502,0.8172498,0,2,1) very rare (1-5)
3386,0.9844304,0.015569627,1,1070,4) very common (100+)
3387,0.090383925,0.90961605,1,1,1) very rare (1-5)
3388,0.031660732,0.96833926,1,0,1) very rare (1-5)
3389,0.90680677,0.09319323,0,24,3) common (21-100)
3390,0.40313694,0.59686303,1,7,2) rare (6-20)
3391,0.9406104,0.05938959,0,421,4) very common (100+)
3392,0.08651159,0.9134884,1,0,1) very rare (1-5)
3393,0.90396255,0.09603745,1,0,1) very rare (1-5)
3394,0.078306764,0.9216932,1,0,1) very rare (1-5)
3395,0.37636414,0.6236359,1,0,1) very rare (1-5)
3396,0.71258837,0.28741163,0,71,3) common (21-100)
3397,0.09837551,0.9016245,1,0,1) very rare (1-5)
3398,0.4942714,0.5057286,1,1,1) very rare (1-5)
3399,0.74558806,0.25441194,1,96,3) common (21-100)
3400,0.45642856,0.5435715,1,66,3) common (21-100)
3401,0.6413505,0.3586495,0,700,4) very common (100+)
3402,0.6377941,0.36220592,0,88,3) common (21-100)
3403,0.21295962,0.78704035,1,1,1) very rare (1-5)
3404,0.6673288,0.33267123,1,46,3) common (21-100)
3405,0.49200213,0.5079979,0,14,2) rare (6-20)
3406,0.76206285,0.23793715,0,19,2) rare (6-20)
3407,0.3098909,0.69010913,1,4,1) very rare (1-5)
3408,0.6322276,0.3677724,0,85,3) common (21-100)
3409,0.09438814,0.9056119,0,5,1) very rare (1-5)
3410,0.18136808,0.8186319,0,85,3) common (21-100)
3411,0.051707987,0.948292,1,45,3) common (21-100)
3412,0.72680783,0.27319217,0,14,2) rare (6-20)
3413,0.18068679,0.8193132,1,261,4) very common (100+)
3414,0.98518085,0.014819145,0,10,2) rare (6-20)
3415,0.5080958,0.4919042,1,1290,4) very common (100+)
3416,0.9889971,0.011002898,0,1000,4) very common (100+)
3417,0.94334555,0.056654453,0,2,1) very rare (1-5)
3418,0.32096815,0.67903185,0,1,1) very rare (1-5)
3419,0.58996457,0.41003543,0,275,4) very common (100+)
3420,0.75966763,0.24033237,1,10,2) rare (6-20)
3421,0.93584347,0.06415653,0,26,3) common (21-100)
3422,0.43529636,0.56470364,1,0,1) very rare (1-5)
3423,0.8776559,0.12234408,0,31,3) common (21-100)
3424,0.04925429,0.9507457,1,0,1) very rare (1-5)
3425,0.93152714,0.06847286,0,1000,4) very common (100+)
3426,0.7960926,0.20390737,1,11,2) rare (6-20)
3427,0.21316378,0.7868362,0,9,2) rare (6-20)
3428,0.068294235,0.9317058,0,92,3) common (21-100)
3429,0.3991159,0.6008841,1,49,3) common (21-100)
3430,0.6536168,0.3463832,1,268,4) very common (100+)
3431,0.50206167,0.49793833,1,105,4) very common (100+)
3432,0.33562672,0.6643733,1,23,3) common (21-100)
3433,0.04519928,0.9548007,1,2,1) very rare (1-5)
3434,0.3065662,0.69343376,0,43,3) common (21-100)
3435,0.121075325,0.87892467,0,159,4) very common (100+)
3436,0.27345294,0.72654706,0,2,1) very rare (1-5)
3437,0.6295802,0.3704198,1,0,1) very rare (1-5)
3438,0.36675897,0.63324106,0,1,1) very rare (1-5)
3439,0.69767725,0.30232275,0,24,3) common (21-100)
3440,0.8621994,0.13780057,0,145,4) very common (100+)
3441,0.42694566,0.5730543,1,6,2) rare (6-20)
3442,0.8586095,0.1413905,0,25,3) common (21-100)
3443,0.29499295,0.7050071,0,182,4) very common (100+)
3444,0.7682549,0.23174512,0,421,4) very common (100+)
3445,0.704933,0.295067,0,85,3) common (21-100)
3446,0.5351497,0.4648503,1,1290,4) very common (100+)
3447,0.024193006,0.975807,1,53,3) common (21-100)
3448,0.015370306,0.9846297,1,0,1) very rare (1-5)
3449,0.7260469,0.27395308,1,30,3) common (21-100)
3450,0.6177488,0.3822512,0,2,1) very rare (1-5)
3451,0.32681382,0.6731862,1,2,1) very rare (1-5)
3452,0.824371,0.17562902,0,1290,4) very common (100+)
3453,0.36430743,0.6356926,1,1290,4) very common (100+)
3454,0.8588453,0.1411547,0,14,2) rare (6-20)
3455,0.92012525,0.079874754,0,4,1) very rare (1-5)
3456,0.38841194,0.61158806,1,58,3) common (21-100)
3457,0.10529113,0.8947089,0,3,1) very rare (1-5)
3458,0.91131264,0.08868736,0,700,4) very common (100+)
3459,0.122048,0.877952,1,146,4) very common (100+)
3460,0.21261795,0.78738207,1,11,2) rare (6-20)
3461,0.107323505,0.8926765,1,0,1) very rare (1-5)
3462,0.8135186,0.18648142,0,106,4) very common (100+)
3463,0.46720895,0.532791,1,51,3) common (21-100)
3464,0.1449143,0.85508573,0,4,1) very rare (1-5)
3465,0.1231211,0.8768789,1,237,4) very common (100+)
3466,0.08607511,0.9139249,1,6,2) rare (6-20)
3467,0.38459793,0.6154021,0,4,1) very rare (1-5)
3468,0.8202953,0.17970473,0,274,4) very common (100+)
3469,0.557509,0.442491,0,40,3) common (21-100)
3470,0.8052898,0.1947102,0,11,2) rare (6-20)
3471,0.22891848,0.7710815,0,34,3) common (21-100)
3472,0.5881757,0.4118243,1,0,1) very rare (1-5)
3473,0.065434396,0.9345656,1,1,1) very rare (1-5)
3474,0.66011876,0.33988124,0,1,1) very rare (1-5)
3475,0.9263934,0.07360661,1,19,2) rare (6-20)
3476,0.94118935,0.05881065,0,178,4) very common (100+)
3477,0.4306136,0.56938636,1,1070,4) very common (100+)
3478,0.15260187,0.84739816,1,4,1) very rare (1-5)
3479,0.89598626,0.10401374,1,53,3) common (21-100)
3480,0.2613155,0.73868454,1,38,3) common (21-100)
3481,0.11015869,0.8898413,1,0,1) very rare (1-5)
3482,0.6782363,0.3217637,0,1290,4) very common (100+)
3483,0.42354923,0.57645077,0,81,3) common (21-100)
3484,0.65946054,0.34053946,1,1290,4) very common (100+)
3485,0.7626113,0.23738867,1,146,4) very common (100+)
3486,0.2088295,0.7911705,0,3,1) very rare (1-5)
3487,0.9642363,0.03576368,1,4,1) very rare (1-5)
3488,0.27393943,0.72606057,0,2,1) very rare (1-5)
3489,0.11069451,0.8893055,1,4,1) very rare (1-5)
3490,0.34099612,0.65900385,0,8,2) rare (6-20)
3491,0.3727547,0.6272453,1,2,1) very rare (1-5)
3492,0.9706307,0.029369295,0,142,4) very common (100+)
3493,0.4348957,0.5651043,1,3,1) very rare (1-5)
3494,0.20201653,0.79798347,1,53,3) common (21-100)
3495,0.75630915,0.24369085,1,27,3) common (21-100)
3496,0.24304095,0.7569591,0,18,2) rare (6-20)
3497,0.5946469,0.40535313,0,10,2) rare (6-20)
3498,0.4591674,0.54083264,0,5,1) very rare (1-5)
3499,0.77535653,0.22464347,0,14,2) rare (6-20)
3500,0.16579047,0.83420956,1,1,1) very rare (1-5)
3501,0.066580154,0.9334198,1,0,1) very rare (1-5)
3502,0.95835304,0.041646957,0,5,1) very rare (1-5)
3503,0.29737958,0.7026204,1,1,1) very rare (1-5)
3504,0.97311956,0.026880443,0,1000,4) very common (100+)
3505,0.11312949,0.8868705,1,0,1) very rare (1-5)
3506,0.314528,0.685472,1,2,1) very rare (1-5)
3507,0.15826213,0.84173787,1,2,1) very rare (1-5)
3508,0.9016124,0.0983876,0,58,3) common (21-100)
3509,0.116423495,0.8835765,1,23,3) common (21-100)
3510,0.033102766,0.96689725,1,24,3) common (21-100)
3511,0.1277052,0.8722948,1,10,2) rare (6-20)
3512,0.43681708,0.56318295,1,0,1) very rare (1-5)
3513,0.4341058,0.5658942,0,47,3) common (21-100)
3514,0.15016748,0.84983253,0,79,3) common (21-100)
3515,0.4805356,0.5194644,1,11,2) rare (6-20)
3516,0.41043466,0.58956534,0,7,2) rare (6-20)
3517,0.98271024,0.017289758,1,24,3) common (21-100)
3518,0.3565507,0.6434493,0,33,3) common (21-100)
3519,0.536305,0.463695,1,19,2) rare (6-20)
3520,0.2928498,0.7071502,1,142,4) very common (100+)
3521,0.4817259,0.51827407,1,69,3) common (21-100)
3522,0.95934933,0.040650666,0,142,4) very common (100+)
3523,0.33675188,0.6632481,1,66,3) common (21-100)
3524,0.8886159,0.111384094,0,89,3) common (21-100)
3525,0.4293672,0.5706328,0,166,4) very common (100+)
3526,0.24486157,0.7551384,1,0,1) very rare (1-5)
3527,0.66649866,0.33350134,0,6,2) rare (6-20)
3528,0.7965423,0.20345771,0,7,2) rare (6-20)
3529,0.6131127,0.3868873,1,11,2) rare (6-20)
3530,0.50323737,0.49676263,0,700,4) very common (100+)
3531,0.61030114,0.38969886,0,261,4) very common (100+)
3532,0.96976155,0.03023845,0,1000,4) very common (100+)
3533,0.5857708,0.4142292,0,100,3) common (21-100)
3534,0.39015114,0.60984886,1,1,1) very rare (1-5)
3535,0.09666974,0.90333027,0,105,4) very common (100+)
3536,0.7374428,0.2625572,0,84,3) common (21-100)
3537,0.75754124,0.24245876,1,36,3) common (21-100)
3538,0.77039695,0.22960305,0,2,1) very rare (1-5)
3539,0.022176094,0.9778239,1,7,2) rare (6-20)
3540,0.86694175,0.13305825,1,30,3) common (21-100)
3541,0.31875083,0.68124914,1,142,4) very common (100+)
3542,0.11192042,0.8880796,0,1,1) very rare (1-5)
3543,0.8413171,0.15868288,0,15,2) rare (6-20)
3544,0.048176486,0.95182353,1,3,1) very rare (1-5)
3545,0.26324153,0.7367585,0,3,1) very rare (1-5)
3546,0.77230346,0.22769654,1,0,1) very rare (1-5)
3547,0.27105254,0.72894746,1,2,1) very rare (1-5)
3548,0.82944685,0.17055315,0,700,4) very common (100+)
3549,0.84133685,0.15866315,0,123,4) very common (100+)
3550,0.84437907,0.15562093,1,19,2) rare (6-20)
3551,0.037470326,0.96252966,1,0,1) very rare (1-5)
3552,0.82491595,0.17508405,0,1,1) very rare (1-5)
3553,0.33648196,0.6635181,1,1070,4) very common (100+)
3554,0.9655853,0.03441471,1,18,2) rare (6-20)
3555,0.9487493,0.051250696,0,700,4) very common (100+)
3556,0.116559274,0.88344073,1,2,1) very rare (1-5)
3557,0.043015935,0.95698404,0,94,3) common (21-100)
3558,0.012421919,0.9875781,1,2,1) very rare (1-5)
3559,0.98796403,0.012035966,0,142,4) very common (100+)
3560,0.2975984,0.70240164,0,22,3) common (21-100)
3561,0.16834985,0.83165014,0,4,1) very rare (1-5)
3562,0.20967895,0.79032105,1,0,1) very rare (1-5)
3563,0.92259884,0.07740116,1,0,1) very rare (1-5)
3564,0.37771717,0.62228286,0,2,1) very rare (1-5)
3565,0.63850135,0.36149865,0,700,4) very common (100+)
3566,0.432203,0.567797,0,268,4) very common (100+)
3567,0.9061773,0.09382272,1,0,1) very rare (1-5)
3568,0.9555773,0.044422686,1,99,3) common (21-100)
3569,0.32971397,0.67028606,0,20,2) rare (6-20)
3570,0.98109895,0.01890105,0,1000,4) very common (100+)
3571,0.53039116,0.46960884,0,1070,4) very common (100+)
3572,0.98586464,0.014135361,1,19,2) rare (6-20)
3573,0.048871417,0.9511286,1,0,1) very rare (1-5)
3574,0.70795393,0.29204607,1,1290,4) very common (100+)
3575,0.34263194,0.65736806,1,0,1) very rare (1-5)
3576,0.11649058,0.8835094,0,5,1) very rare (1-5)
3577,0.7899644,0.21003562,0,91,3) common (21-100)
3578,0.75603503,0.24396497,1,11,2) rare (6-20)
3579,0.11230331,0.8876967,0,2,1) very rare (1-5)
3580,0.7827753,0.21722472,0,1290,4) very common (100+)
3581,0.3416094,0.65839064,1,0,1) very rare (1-5)
3582,0.49386865,0.50613135,0,1,1) very rare (1-5)
3583,0.36566794,0.63433206,1,81,3) common (21-100)
3584,0.6276131,0.37238687,0,12,2) rare (6-20)
3585,0.9990258,0.0009741783,1,211,4) very common (100+)
3586,0.5689247,0.43107527,1,13,2) rare (6-20)
3587,0.376848,0.623152,1,8,2) rare (6-20)
3588,0.9931238,0.0068761706,0,99,3) common (21-100)
3589,0.8496615,0.15033847,0,118,4) very common (100+)
3590,0.98807484,0.011925161,0,1000,4) very common (100+)
3591,0.54643023,0.45356977,0,1070,4) very common (100+)
3592,0.94916916,0.05083084,1,100,3) common (21-100)
3593,0.61882913,0.38117087,0,3,1) very rare (1-5)
3594,0.5223278,0.47767222,1,0,1) very rare (1-5)
3595,0.7509702,0.24902982,1,14,2) rare (6-20)
3596,0.97386825,0.02613175,0,111,4) very common (100+)
3597,0.95363593,0.04636407,0,28,3) common (21-100)
3598,0.6862586,0.3137414,0,21,3) common (21-100)
3599,0.17644215,0.82355785,0,23,3) common (21-100)
3600,0.06294686,0.93705314,0,1,1) very rare (1-5)
3601,0.48673567,0.5132643,1,1,1) very rare (1-5)
3602,0.93948036,0.060519636,0,1070,4) very common (100+)
3603,0.8393277,0.1606723,0,7,2) rare (6-20)
3604,0.69613165,0.30386835,0,261,4) very common (100+)
3605,0.69120526,0.30879474,1,18,2) rare (6-20)
3606,0.12166431,0.8783357,0,1,1) very rare (1-5)
3607,0.8317302,0.16826981,0,223,4) very common (100+)
3608,0.16370979,0.83629024,0,2,1) very rare (1-5)
3609,0.101408,0.898592,1,7,2) rare (6-20)
3610,0.36280334,0.63719666,1,0,1) very rare (1-5)
3611,0.5502535,0.4497465,0,2,1) very rare (1-5)
3612,0.5905491,0.4094509,0,28,3) common (21-100)
3613,0.19144312,0.8085569,0,3,1) very rare (1-5)
3614,0.6236357,0.3763643,1,85,3) common (21-100)
3615,0.9479908,0.052009225,0,51,3) common (21-100)
3616,0.8361834,0.16381657,0,261,4) very common (100+)
3617,0.4682868,0.5317132,1,12,2) rare (6-20)
3618,0.5536445,0.44635552,0,9,2) rare (6-20)
3619,0.58334136,0.41665864,0,700,4) very common (100+)
3620,0.5808125,0.4191875,0,1070,4) very common (100+)
3621,0.6923677,0.30763233,1,17,2) rare (6-20)
3622,0.7419137,0.25808632,0,2,1) very rare (1-5)
3623,0.20902087,0.79097915,1,0,1) very rare (1-5)
3624,0.62496364,0.37503636,1,1,1) very rare (1-5)
3625,0.12100426,0.8789957,1,0,1) very rare (1-5)
3626,0.9870188,0.012981176,0,1000,4) very common (100+)
3627,0.8709391,0.12906092,0,123,4) very common (100+)
3628,0.9258696,0.074130416,0,211,4) very common (100+)
3629,0.7986532,0.20134681,0,38,3) common (21-100)
3630,0.79756063,0.20243937,1,66,3) common (21-100)
3631,0.7105432,0.28945678,0,166,4) very common (100+)
3632,0.59478325,0.40521675,1,2,1) very rare (1-5)
3633,0.45433992,0.5456601,0,18,2) rare (6-20)
3634,0.7377018,0.26229823,0,118,4) very common (100+)
3635,0.86740655,0.13259345,0,33,3) common (21-100)
3636,0.5457868,0.4542132,1,2,1) very rare (1-5)
3637,0.13875976,0.86124027,1,7,2) rare (6-20)
3638,0.5927542,0.4072458,0,99,3) common (21-100)
3639,0.34424937,0.65575063,1,0,1) very rare (1-5)
3640,0.03028597,0.96971405,1,0,1) very rare (1-5)
3641,0.18520026,0.8147997,1,237,4) very common (100+)
3642,0.3090212,0.69097877,0,71,3) common (21-100)
3643,0.58495253,0.41504747,0,166,4) very common (100+)
3644,0.71121,0.28879,0,14,2) rare (6-20)
3645,0.8871603,0.1128397,0,39,3) common (21-100)
3646,0.25698557,0.74301445,1,0,1) very rare (1-5)
3647,0.10106132,0.89893866,1,3,1) very rare (1-5)
3648,0.06809454,0.93190545,1,6,2) rare (6-20)
3649,0.25450292,0.7454971,1,2,1) very rare (1-5)
3650,0.6562697,0.34373027,0,4,1) very rare (1-5)
3651,0.65711737,0.34288263,0,0,1) very rare (1-5)
3652,0.98655266,0.013447344,0,211,4) very common (100+)
3653,0.11760316,0.8823968,1,0,1) very rare (1-5)
3654,0.084032446,0.9159676,1,8,2) rare (6-20)
3655,0.24166979,0.7583302,1,0,1) very rare (1-5)
3656,0.038518798,0.9614812,1,58,3) common (21-100)
3657,0.7020934,0.29790658,0,20,2) rare (6-20)
3658,0.38481268,0.6151873,0,89,3) common (21-100)
3659,0.18373367,0.8162663,1,4,1) very rare (1-5)
3660,0.30682212,0.6931779,1,1,1) very rare (1-5)
3661,0.1621927,0.8378073,1,0,1) very rare (1-5)
3662,0.6639079,0.3360921,0,15,2) rare (6-20)
3663,0.43770465,0.5622953,1,12,2) rare (6-20)
3664,0.7975953,0.20240468,0,56,3) common (21-100)
3665,0.11371919,0.88628083,1,1,1) very rare (1-5)
3666,0.19630547,0.80369455,1,37,3) common (21-100)
3667,0.9471608,0.05283922,0,211,4) very common (100+)
3668,0.14173913,0.85826087,1,0,1) very rare (1-5)
3669,0.96277153,0.037228465,0,24,3) common (21-100)
3670,0.3341107,0.66588926,0,22,3) common (21-100)
3671,0.8302086,0.1697914,0,63,3) common (21-100)
3672,0.11239915,0.88760084,1,0,1) very rare (1-5)
3673,0.72433335,0.27566665,0,142,4) very common (100+)
3674,0.946985,0.053014994,0,1070,4) very common (100+)
3675,0.4352048,0.5647952,1,4,1) very rare (1-5)
3676,0.74310386,0.25689614,0,79,3) common (21-100)
3677,0.32970798,0.670292,1,14,2) rare (6-20)
3678,0.9185236,0.08147639,0,18,2) rare (6-20)
3679,0.71190655,0.28809345,1,2,1) very rare (1-5)
3680,0.35080683,0.64919317,0,68,3) common (21-100)
3681,0.307477,0.692523,1,89,3) common (21-100)
3682,0.7982186,0.20178139,0,17,2) rare (6-20)
3683,0.48152518,0.5184748,1,65,3) common (21-100)
3684,0.2704418,0.7295582,1,1,1) very rare (1-5)
3685,0.5013149,0.49868512,1,3,1) very rare (1-5)
3686,0.9975689,0.0024310946,0,1000,4) very common (100+)
3687,0.4866787,0.5133213,1,69,3) common (21-100)
3688,0.21604824,0.78395176,1,19,2) rare (6-20)
3689,0.73685217,0.26314783,1,1,1) very rare (1-5)
3690,0.56615627,0.43384373,1,1,1) very rare (1-5)
3691,0.88242054,0.11757946,0,91,3) common (21-100)
3692,0.9598786,0.040121377,0,178,4) very common (100+)
3693,0.93223536,0.06776464,0,33,3) common (21-100)
3694,0.09187815,0.9081218,1,0,1) very rare (1-5)
3695,0.97590876,0.024091244,1,142,4) very common (100+)
3696,0.78232574,0.21767426,0,0,1) very rare (1-5)
3697,0.3236019,0.6763981,1,8,2) rare (6-20)
3698,0.7204961,0.27950388,0,42,3) common (21-100)
3699,0.09634513,0.9036549,1,15,2) rare (6-20)
3700,0.24222216,0.7577778,0,166,4) very common (100+)
3701,0.20417334,0.7958267,0,4,1) very rare (1-5)
3702,0.52783567,0.47216433,0,0,1) very rare (1-5)
3703,0.6454044,0.3545956,0,4,1) very rare (1-5)
3704,0.9198765,0.080123484,0,1000,4) very common (100+)
3705,0.34183586,0.65816414,0,21,3) common (21-100)
3706,0.4777764,0.5222236,0,42,3) common (21-100)
3707,0.4990573,0.5009427,1,106,4) very common (100+)
3708,0.17900553,0.8209945,0,23,3) common (21-100)
3709,0.79618204,0.20381796,0,211,4) very common (100+)
3710,0.8236302,0.17636979,1,21,3) common (21-100)
3711,0.9891452,0.010854781,0,700,4) very common (100+)
3712,0.9053408,0.09465921,0,700,4) very common (100+)
3713,0.76884514,0.23115486,1,16,2) rare (6-20)
3714,0.36690366,0.63309634,1,1,1) very rare (1-5)
3715,0.95948416,0.04051584,0,2,1) very rare (1-5)
3716,0.1337124,0.8662876,0,0,1) very rare (1-5)
3717,0.049467143,0.95053285,1,14,2) rare (6-20)
3718,0.97642505,0.023574948,0,42,3) common (21-100)
3719,0.97632504,0.023674965,0,91,3) common (21-100)
3720,0.70425165,0.29574835,0,10,2) rare (6-20)
3721,0.3751432,0.6248568,1,0,1) very rare (1-5)
3722,0.16321823,0.83678174,1,7,2) rare (6-20)
3723,0.93098825,0.06901175,0,182,4) very common (100+)
3724,0.30668303,0.69331694,1,275,4) very common (100+)
3725,0.942063,0.057937026,0,1000,4) very common (100+)
3726,0.53554344,0.46445656,0,1290,4) very common (100+)
3727,0.30072272,0.6992773,0,50,3) common (21-100)
3728,0.9811251,0.018874884,1,66,3) common (21-100)
3729,0.5295301,0.4704699,1,0,1) very rare (1-5)
3730,0.92525,0.074750006,0,56,3) common (21-100)
3731,0.7860579,0.21394211,0,1070,4) very common (100+)
3732,0.9250646,0.07493538,0,1290,4) very common (100+)
3733,0.27976418,0.7202358,1,16,2) rare (6-20)
3734,0.96791506,0.032084942,0,1000,4) very common (100+)
3735,0.4795105,0.5204895,1,0,1) very rare (1-5)
3736,0.31805202,0.68194795,0,1,1) very rare (1-5)
3737,0.9149464,0.08505362,0,1,1) very rare (1-5)
3738,0.3840873,0.6159127,1,1,1) very rare (1-5)
3739,0.020475898,0.9795241,1,3,1) very rare (1-5)
3740,0.94085884,0.05914116,0,3,1) very rare (1-5)
3741,0.54530704,0.45469296,0,24,3) common (21-100)
3742,0.70160556,0.29839444,0,1290,4) very common (100+)
3743,0.36970407,0.63029593,0,14,2) rare (6-20)
3744,0.6511868,0.34881318,0,21,3) common (21-100)
3745,0.94061935,0.05938065,1,1,1) very rare (1-5)
3746,0.3193991,0.6806009,1,0,1) very rare (1-5)
3747,0.11478369,0.8852163,1,6,2) rare (6-20)
3748,0.49932465,0.5006753,0,19,2) rare (6-20)
3749,0.55415225,0.44584775,0,700,4) very common (100+)
3750,0.50079393,0.49920607,1,3,1) very rare (1-5)
3751,0.99427116,0.005728841,0,39,3) common (21-100)
3752,0.7956219,0.20437813,1,0,1) very rare (1-5)
3753,0.92982954,0.07017046,1,0,1) very rare (1-5)
3754,0.5127969,0.48720312,0,5,1) very rare (1-5)
3755,0.047710333,0.95228964,0,47,3) common (21-100)
3756,0.62580734,0.37419266,1,1,1) very rare (1-5)
3757,0.055720795,0.9442792,1,3,1) very rare (1-5)
3758,0.67165583,0.32834417,0,39,3) common (21-100)
3759,0.34072518,0.6592748,0,3,1) very rare (1-5)
3760,0.017001301,0.9829987,1,0,1) very rare (1-5)
3761,0.4446852,0.5553148,0,5,1) very rare (1-5)
3762,0.044454206,0.9555458,1,0,1) very rare (1-5)
3763,0.54126203,0.45873797,0,275,4) very common (100+)
3764,0.09836193,0.9016381,1,0,1) very rare (1-5)
3765,0.32762247,0.6723775,0,72,3) common (21-100)
3766,0.26173973,0.73826027,0,28,3) common (21-100)
3767,0.17754933,0.82245064,1,2,1) very rare (1-5)
3768,0.30702642,0.6929736,0,7,2) rare (6-20)
3769,0.053308334,0.9466917,1,8,2) rare (6-20)
3770,0.039471548,0.96052843,1,0,1) very rare (1-5)
3771,0.30360252,0.6963975,1,5,1) very rare (1-5)
3772,0.38857657,0.61142343,1,1,1) very rare (1-5)
3773,0.04740814,0.95259184,1,0,1) very rare (1-5)
3774,0.3850663,0.6149337,1,10,2) rare (6-20)
3775,0.62033534,0.37966466,0,68,3) common (21-100)
3776,0.030512217,0.9694878,1,1,1) very rare (1-5)
3777,0.8807031,0.11929691,1,7,2) rare (6-20)
3778,0.08160618,0.91839385,1,0,1) very rare (1-5)
3779,0.6271881,0.3728119,0,25,3) common (21-100)
3780,0.62472856,0.37527144,0,96,3) common (21-100)
3781,0.9902291,0.00977087,0,99,3) common (21-100)
3782,0.6006597,0.39934027,1,55,3) common (21-100)
3783,0.37231597,0.627684,0,0,1) very rare (1-5)
3784,0.034802064,0.9651979,0,123,4) very common (100+)
3785,0.44666874,0.55333126,0,79,3) common (21-100)
3786,0.0883375,0.9116625,1,0,1) very rare (1-5)
3787,0.43368354,0.5663165,1,3,1) very rare (1-5)
3788,0.40183324,0.59816676,0,5,1) very rare (1-5)
3789,0.08002641,0.9199736,1,0,1) very rare (1-5)
3790,0.8260858,0.1739142,1,118,4) very common (100+)
3791,0.11828192,0.8817181,1,27,3) common (21-100)
3792,0.62801254,0.37198746,0,14,2) rare (6-20)
3793,0.8040107,0.19598931,0,56,3) common (21-100)
3794,0.08785129,0.9121487,1,3,1) very rare (1-5)
3795,0.84561616,0.15438384,0,7,2) rare (6-20)
3796,0.4717558,0.5282442,0,107,4) very common (100+)
3797,0.9755459,0.024454117,0,44,3) common (21-100)
3798,0.55729645,0.44270355,0,0,1) very rare (1-5)
3799,0.7598377,0.24016231,0,46,3) common (21-100)
3800,0.60148376,0.39851624,0,17,2) rare (6-20)
3801,0.34088185,0.6591182,1,1,1) very rare (1-5)
3802,0.114811376,0.88518864,1,4,1) very rare (1-5)
3803,0.35199073,0.6480093,1,0,1) very rare (1-5)
3804,0.6775491,0.32245088,1,3,1) very rare (1-5)
3805,0.27944362,0.7205564,1,0,1) very rare (1-5)
3806,0.27895665,0.72104335,1,0,1) very rare (1-5)
3807,0.6526702,0.3473298,1,8,2) rare (6-20)
3808,0.1140811,0.8859189,1,66,3) common (21-100)
3809,0.1320316,0.8679684,0,0,1) very rare (1-5)
3810,0.64189905,0.35810095,1,63,3) common (21-100)
3811,0.6293255,0.3706745,1,0,1) very rare (1-5)
3812,0.35181922,0.6481808,0,1,1) very rare (1-5)
3813,0.5663658,0.43363422,0,700,4) very common (100+)
3814,0.7944046,0.20559537,0,2,1) very rare (1-5)
3815,0.19210777,0.8078922,1,7,2) rare (6-20)
3816,0.88468736,0.115312636,0,223,4) very common (100+)
3817,0.28354934,0.7164507,1,0,1) very rare (1-5)
3818,0.90616286,0.09383714,1,2,1) very rare (1-5)
3819,0.4961276,0.5038724,1,146,4) very common (100+)
3820,0.4963059,0.50369406,0,5,1) very rare (1-5)
3821,0.9632289,0.03677112,0,1000,4) very common (100+)
3822,0.87215304,0.12784696,0,92,3) common (21-100)
3823,0.439232,0.560768,0,15,2) rare (6-20)
3824,0.27385262,0.7261474,0,343,4) very common (100+)
3825,0.9775055,0.022494495,0,118,4) very common (100+)
3826,0.9878741,0.012125909,1,19,2) rare (6-20)
3827,0.44249964,0.55750036,1,0,1) very rare (1-5)
3828,0.876038,0.123961985,0,134,4) very common (100+)
3829,0.8690106,0.13098937,0,17,2) rare (6-20)
3830,0.9049705,0.09502947,1,107,4) very common (100+)
3831,0.4768615,0.5231385,0,1,1) very rare (1-5)
3832,0.42922828,0.5707717,1,1,1) very rare (1-5)
3833,0.36673808,0.6332619,1,85,3) common (21-100)
3834,0.45460328,0.5453967,1,0,1) very rare (1-5)
3835,0.048287444,0.95171255,1,0,1) very rare (1-5)
3836,0.63179684,0.36820316,1,0,1) very rare (1-5)
3837,0.30903316,0.69096684,1,2,1) very rare (1-5)
3838,0.04172433,0.9582757,0,178,4) very common (100+)
3839,0.08691349,0.91308653,1,108,4) very common (100+)
3840,0.62072176,0.37927824,1,27,3) common (21-100)
3841,0.93931025,0.060689747,0,1000,4) very common (100+)
3842,0.82694024,0.17305976,0,91,3) common (21-100)
3843,0.86693907,0.13306093,0,10,2) rare (6-20)
3844,0.073665604,0.9263344,1,6,2) rare (6-20)
3845,0.21793184,0.78206813,0,1,1) very rare (1-5)
3846,0.11199841,0.88800156,1,12,2) rare (6-20)
3847,0.1592199,0.8407801,0,5,1) very rare (1-5)
3848,0.7099592,0.2900408,0,223,4) very common (100+)
3849,0.93573886,0.06426114,0,1000,4) very common (100+)
3850,0.51883644,0.48116356,1,44,3) common (21-100)
3851,0.35928202,0.640718,1,27,3) common (21-100)
3852,0.050701737,0.94929826,1,84,3) common (21-100)
3853,0.36752567,0.6324743,1,3,1) very rare (1-5)
3854,0.66182643,0.33817357,1,1,1) very rare (1-5)
3855,0.28565264,0.71434736,1,268,4) very common (100+)
3856,0.86753285,0.13246715,0,6,2) rare (6-20)
3857,0.8538586,0.14614141,0,35,3) common (21-100)
3858,0.8372023,0.16279769,0,17,2) rare (6-20)
3859,0.9895901,0.010409892,0,1000,4) very common (100+)
3860,0.5575471,0.4424529,0,5,1) very rare (1-5)
3861,0.12287292,0.87712705,0,13,2) rare (6-20)
3862,0.021510404,0.9784896,0,38,3) common (21-100)
3863,0.69300044,0.30699956,1,0,1) very rare (1-5)
3864,0.042446703,0.95755327,1,0,1) very rare (1-5)
3865,0.3869098,0.61309016,0,15,2) rare (6-20)
3866,0.72951734,0.27048266,0,1290,4) very common (100+)
3867,0.6244308,0.37556922,1,0,1) very rare (1-5)
3868,0.4806816,0.5193184,0,142,4) very common (100+)
3869,0.98845065,0.011549354,0,700,4) very common (100+)
3870,0.41337618,0.5866238,1,66,3) common (21-100)
3871,0.9842716,0.015728414,0,1000,4) very common (100+)
3872,0.9644377,0.035562277,0,39,3) common (21-100)
3873,0.6565985,0.3434015,0,5,1) very rare (1-5)
3874,0.7325295,0.26747048,0,16,2) rare (6-20)
3875,0.20373012,0.7962699,1,0,1) very rare (1-5)
3876,0.83963805,0.16036195,1,275,4) very common (100+)
3877,0.6564627,0.34353727,0,142,4) very common (100+)
3878,0.43560624,0.56439376,0,7,2) rare (6-20)
3879,0.22198316,0.7780168,1,0,1) very rare (1-5)
3880,0.6627995,0.33720052,0,1070,4) very common (100+)
3881,0.6391909,0.3608091,0,15,2) rare (6-20)
3882,0.16479027,0.8352097,1,0,1) very rare (1-5)
3883,0.7829821,0.21701789,0,78,3) common (21-100)
3884,0.11724792,0.88275206,1,0,1) very rare (1-5)
3885,0.090966314,0.90903366,1,0,1) very rare (1-5)
3886,0.27762395,0.72237605,1,5,1) very rare (1-5)
3887,0.99292976,0.0070702434,0,35,3) common (21-100)
3888,0.9793576,0.0206424,1,118,4) very common (100+)
3889,0.66127735,0.33872265,1,1070,4) very common (100+)
3890,0.106299944,0.89370006,0,26,3) common (21-100)
3891,0.8716112,0.12838882,0,1000,4) very common (100+)
3892,0.6227197,0.3772803,0,3,1) very rare (1-5)
3893,0.01632482,0.9836752,1,0,1) very rare (1-5)
3894,0.08635351,0.91364646,0,102,4) very common (100+)
3895,0.4361331,0.5638669,1,76,3) common (21-100)
3896,0.45755294,0.5424471,0,63,3) common (21-100)
3897,0.493016,0.506984,0,134,4) very common (100+)
3898,0.8701483,0.1298517,0,1000,4) very common (100+)
3899,0.9825447,0.01745528,1,1,1) very rare (1-5)
3900,0.7582434,0.24175662,1,4,1) very rare (1-5)
3901,0.39623374,0.60376626,0,69,3) common (21-100)
3902,0.40716726,0.59283274,1,237,4) very common (100+)
3903,0.22630681,0.7736932,0,0,1) very rare (1-5)
3904,0.9698855,0.030114472,0,11,2) rare (6-20)
3905,0.95406467,0.045935333,0,69,3) common (21-100)
3906,0.6821765,0.31782353,1,14,2) rare (6-20)
3907,0.87952214,0.120477855,0,1,1) very rare (1-5)
3908,0.23645225,0.7635478,1,5,1) very rare (1-5)
3909,0.1996767,0.8003233,1,7,2) rare (6-20)
3910,0.5087595,0.4912405,0,1070,4) very common (100+)
3911,0.6010127,0.3989873,1,65,3) common (21-100)
3912,0.24075066,0.7592493,1,0,1) very rare (1-5)
3913,0.35900775,0.6409923,1,4,1) very rare (1-5)
3914,0.41520736,0.5847926,0,84,3) common (21-100)
3915,0.80934197,0.19065803,1,0,1) very rare (1-5)
3916,0.6429456,0.3570544,1,34,3) common (21-100)
3917,0.8537132,0.14628679,1,118,4) very common (100+)
3918,0.93510824,0.064891756,1,3,1) very rare (1-5)
3919,0.51539844,0.48460156,1,2,1) very rare (1-5)
3920,0.14235967,0.8576403,0,14,2) rare (6-20)
3921,0.8979242,0.102075815,0,7,2) rare (6-20)
3922,0.07197549,0.92802453,1,0,1) very rare (1-5)
3923,0.039138887,0.9608611,1,70,3) common (21-100)
3924,0.7548181,0.24518192,1,68,3) common (21-100)
3925,0.74656016,0.25343984,1,4,1) very rare (1-5)
3926,0.5714236,0.4285764,0,1290,4) very common (100+)
3927,0.40636212,0.5936379,1,3,1) very rare (1-5)
3928,0.62160885,0.37839115,1,11,2) rare (6-20)
3929,0.3281079,0.6718921,1,21,3) common (21-100)
3930,0.35857362,0.6414264,0,0,1) very rare (1-5)
3931,0.5149984,0.48500162,1,6,2) rare (6-20)
3932,0.39231881,0.60768116,1,0,1) very rare (1-5)
3933,0.34118512,0.6588149,1,4,1) very rare (1-5)
3934,0.87746936,0.12253064,1,1070,4) very common (100+)
3935,0.08875718,0.91124284,1,2,1) very rare (1-5)
3936,0.40649918,0.59350085,1,76,3) common (21-100)
3937,0.86329377,0.13670623,0,14,2) rare (6-20)
3938,0.12399852,0.8760015,1,44,3) common (21-100)
3939,0.49176818,0.5082318,1,8,2) rare (6-20)
3940,0.5101387,0.4898613,1,105,4) very common (100+)
3941,0.21261951,0.78738046,1,53,3) common (21-100)
3942,0.47245556,0.52754444,0,142,4) very common (100+)
3943,0.1163858,0.8836142,0,0,1) very rare (1-5)
3944,0.9615147,0.03848529,1,81,3) common (21-100)
3945,0.20754698,0.79245305,1,1,1) very rare (1-5)
3946,0.43546683,0.5645332,0,84,3) common (21-100)
3947,0.3383089,0.66169107,0,21,3) common (21-100)
3948,0.38833174,0.6116682,0,123,4) very common (100+)
3949,0.047228683,0.9527713,1,0,1) very rare (1-5)
3950,0.7686726,0.23132741,1,38,3) common (21-100)
3951,0.98283607,0.017163932,0,78,3) common (21-100)
3952,0.346838,0.653162,0,159,4) very common (100+)
3953,0.17299204,0.82700795,0,5,1) very rare (1-5)
3954,0.47712526,0.5228747,1,25,3) common (21-100)
3955,0.7951239,0.20487612,0,5,1) very rare (1-5)
3956,0.11798289,0.88201714,1,10,2) rare (6-20)
3957,0.20840485,0.79159516,1,18,2) rare (6-20)
3958,0.63006806,0.36993194,1,160,4) very common (100+)
3959,0.4123839,0.5876161,0,134,4) very common (100+)
3960,0.83353585,0.16646415,1,4,1) very rare (1-5)
3961,0.92626756,0.073732436,0,9,2) rare (6-20)
3962,0.9024952,0.097504795,1,76,3) common (21-100)
3963,0.35119134,0.64880866,1,6,2) rare (6-20)
3964,0.619242,0.380758,0,343,4) very common (100+)
3965,0.782378,0.21762198,0,261,4) very common (100+)
3966,0.10896313,0.89103687,1,2,1) very rare (1-5)
3967,0.07206135,0.92793864,1,0,1) very rare (1-5)
3968,0.9864677,0.013532281,0,372,4) very common (100+)
3969,0.5339553,0.46604472,1,42,3) common (21-100)
3970,0.35657895,0.64342105,1,1,1) very rare (1-5)
3971,0.49756864,0.5024314,0,0,1) very rare (1-5)
3972,0.18068625,0.81931376,0,0,1) very rare (1-5)
3973,0.94584966,0.054150343,0,134,4) very common (100+)
3974,0.41234413,0.5876559,1,0,1) very rare (1-5)
3975,0.6476804,0.3523196,1,3,1) very rare (1-5)
3976,0.8940631,0.105936885,0,5,1) very rare (1-5)
3977,0.6914375,0.30856252,1,107,4) very common (100+)
3978,0.3080797,0.6919203,0,261,4) very common (100+)
3979,0.51374716,0.48625284,0,1290,4) very common (100+)
3980,0.11947358,0.8805264,1,51,3) common (21-100)
3981,0.49135384,0.50864613,1,107,4) very common (100+)
3982,0.9105774,0.08942258,0,275,4) very common (100+)
3983,0.39391443,0.60608554,1,2,1) very rare (1-5)
3984,0.049547557,0.95045245,1,0,1) very rare (1-5)
3985,0.5699745,0.43002552,0,237,4) very common (100+)
3986,0.09142306,0.90857697,1,14,2) rare (6-20)
3987,0.96353066,0.03646934,0,10,2) rare (6-20)
3988,0.26116282,0.7388372,1,0,1) very rare (1-5)
3989,0.05356178,0.9464382,1,0,1) very rare (1-5)
3990,0.13933073,0.86066926,1,6,2) rare (6-20)
3991,0.6968718,0.30312818,0,145,4) very common (100+)
3992,0.16372181,0.8362782,1,17,2) rare (6-20)
3993,0.99027574,0.009724259,0,89,3) common (21-100)
3994,0.7333473,0.2666527,0,96,3) common (21-100)
3995,0.1568032,0.8431968,0,32,3) common (21-100)
3996,0.41211876,0.5878812,1,178,4) very common (100+)
3997,0.24500933,0.7549907,0,5,1) very rare (1-5)
3998,0.5836759,0.41632408,0,0,1) very rare (1-5)
3999,0.67338204,0.32661796,0,166,4) very common (100+)
4000,0.40009668,0.59990335,0,261,4) very common (100+)
4001,0.86365354,0.13634646,0,9,2) rare (6-20)
4002,0.5772262,0.42277378,1,0,1) very rare (1-5)
4003,0.7623888,0.23761117,0,46,3) common (21-100)
4004,0.53396213,0.46603787,1,2,1) very rare (1-5)
4005,0.7709656,0.22903442,1,69,3) common (21-100)
4006,0.9671515,0.032848477,0,22,3) common (21-100)
4007,0.3901444,0.6098556,1,1,1) very rare (1-5)
4008,0.24557595,0.75442404,1,14,2) rare (6-20)
4009,0.52656126,0.47343874,1,1070,4) very common (100+)
4010,0.45190698,0.548093,0,106,4) very common (100+)
4011,0.71159196,0.28840804,0,1290,4) very common (100+)
4012,0.34536552,0.6546345,1,0,1) very rare (1-5)
4013,0.28854418,0.7114558,0,66,3) common (21-100)
4014,0.09488686,0.90511316,1,20,2) rare (6-20)
4015,0.9647037,0.03529632,0,66,3) common (21-100)
4016,0.42193517,0.5780648,1,275,4) very common (100+)
4017,0.3545809,0.6454191,1,19,2) rare (6-20)
4018,0.6300334,0.36996663,0,421,4) very common (100+)
4019,0.91112274,0.08887726,0,2,1) very rare (1-5)
4020,0.4869928,0.51300716,1,2,1) very rare (1-5)
4021,0.38911536,0.61088467,1,1,1) very rare (1-5)
4022,0.39944273,0.60055727,1,21,3) common (21-100)
4023,0.6313238,0.3686762,1,38,3) common (21-100)
4024,0.22643735,0.77356267,0,6,2) rare (6-20)
4025,0.04696136,0.95303863,0,1,1) very rare (1-5)
4026,0.22995357,0.7700464,0,1,1) very rare (1-5)
4027,0.9473365,0.052663505,0,94,3) common (21-100)
4028,0.23679656,0.76320344,1,1290,4) very common (100+)
4029,0.83919436,0.16080564,1,0,1) very rare (1-5)
4030,0.16213436,0.83786565,0,5,1) very rare (1-5)
4031,0.120845325,0.8791547,0,2,1) very rare (1-5)
4032,0.94130725,0.058692753,1,1,1) very rare (1-5)
4033,0.119813636,0.8801864,1,3,1) very rare (1-5)
4034,0.12717637,0.8728236,1,0,1) very rare (1-5)
4035,0.98026407,0.019735932,1,81,3) common (21-100)
4036,0.16492075,0.83507925,1,36,3) common (21-100)
4037,0.06401111,0.9359889,1,1,1) very rare (1-5)
4038,0.16322507,0.83677495,1,0,1) very rare (1-5)
4039,0.19565566,0.80434436,1,75,3) common (21-100)
4040,0.45660847,0.5433915,0,43,3) common (21-100)
4041,0.08292491,0.9170751,1,0,1) very rare (1-5)
4042,0.82154936,0.17845064,0,17,2) rare (6-20)
4043,0.07436785,0.9256321,1,10,2) rare (6-20)
4044,0.9814486,0.01855141,1,0,1) very rare (1-5)
4045,0.76906466,0.23093534,1,17,2) rare (6-20)
4046,0.72393095,0.27606905,0,76,3) common (21-100)
4047,0.94108135,0.058918655,0,275,4) very common (100+)
4048,0.53698957,0.46301043,1,13,2) rare (6-20)
4049,0.15875348,0.8412465,1,39,3) common (21-100)
4050,0.8573705,0.1426295,0,79,3) common (21-100)
4051,0.79505706,0.20494294,0,1,1) very rare (1-5)
4052,0.8488364,0.15116358,0,1000,4) very common (100+)
4053,0.60808045,0.39191955,0,91,3) common (21-100)
4054,0.6951616,0.30483842,1,3,1) very rare (1-5)
4055,0.73250264,0.26749736,0,44,3) common (21-100)
4056,0.9511298,0.048870206,0,1290,4) very common (100+)
4057,0.86262375,0.13737625,0,17,2) rare (6-20)
4058,0.4056365,0.5943635,1,22,3) common (21-100)
4059,0.118917204,0.8810828,1,3,1) very rare (1-5)
4060,0.18176252,0.8182375,1,1,1) very rare (1-5)
4061,0.3141348,0.68586516,1,1,1) very rare (1-5)
4062,0.4682224,0.5317776,1,22,3) common (21-100)
4063,0.612158,0.387842,1,343,4) very common (100+)
4064,0.31385043,0.6861496,1,8,2) rare (6-20)
4065,0.31400368,0.6859963,1,89,3) common (21-100)
4066,0.85163325,0.14836675,0,142,4) very common (100+)
4067,0.64727473,0.35272527,1,268,4) very common (100+)
4068,0.8453708,0.15462917,0,1290,4) very common (100+)
4069,0.03325339,0.9667466,1,1,1) very rare (1-5)
4070,0.38363913,0.6163609,0,6,2) rare (6-20)
4071,0.242403,0.75759697,0,88,3) common (21-100)
4072,0.21637498,0.783625,0,14,2) rare (6-20)
4073,0.12079585,0.87920415,1,5,1) very rare (1-5)
4074,0.12317061,0.8768294,1,7,2) rare (6-20)
4075,0.1435542,0.8564458,1,0,1) very rare (1-5)
4076,0.96286666,0.037133336,0,121,4) very common (100+)
4077,0.36079064,0.6392094,0,3,1) very rare (1-5)
4078,0.13298719,0.8670128,1,1070,4) very common (100+)
4079,0.06577629,0.9342237,1,0,1) very rare (1-5)
4080,0.8047191,0.19528091,0,111,4) very common (100+)
4081,0.35616598,0.643834,1,0,1) very rare (1-5)
4082,0.9642884,0.035711586,0,47,3) common (21-100)
4083,0.047001716,0.9529983,1,0,1) very rare (1-5)
4084,0.05885025,0.9411498,1,0,1) very rare (1-5)
4085,0.4676371,0.53236294,1,65,3) common (21-100)
4086,0.49573094,0.50426906,0,1,1) very rare (1-5)
4087,0.5669581,0.43304187,0,2,1) very rare (1-5)
4088,0.07802588,0.9219741,1,3,1) very rare (1-5)
4089,0.22321352,0.77678645,1,1,1) very rare (1-5)
4090,0.46788165,0.5321183,0,14,2) rare (6-20)
4091,0.4112651,0.58873487,1,8,2) rare (6-20)
4092,0.72110564,0.27889436,1,146,4) very common (100+)
4093,0.1001756,0.8998244,1,0,1) very rare (1-5)
4094,0.95037365,0.04962635,0,10,2) rare (6-20)
4095,0.8030073,0.1969927,0,100,3) common (21-100)
4096,0.98265034,0.01734966,0,223,4) very common (100+)
4097,0.50015914,0.49984086,0,4,1) very rare (1-5)
4098,0.27398837,0.72601163,1,0,1) very rare (1-5)
4099,0.5937967,0.40620333,1,6,2) rare (6-20)
4100,0.6266682,0.3733318,0,2,1) very rare (1-5)
4101,0.095634006,0.904366,1,3,1) very rare (1-5)
4102,0.22288732,0.77711266,1,1,1) very rare (1-5)
4103,0.96801347,0.031986535,0,343,4) very common (100+)
4104,0.3326583,0.6673417,1,1,1) very rare (1-5)
4105,0.056907315,0.9430927,1,0,1) very rare (1-5)
4106,0.06609704,0.933903,1,0,1) very rare (1-5)
4107,0.955674,0.044326007,1,1000,4) very common (100+)
4108,0.51400656,0.48599344,0,89,3) common (21-100)
4109,0.70022655,0.29977345,0,223,4) very common (100+)
4110,0.03605135,0.96394867,1,85,3) common (21-100)
4111,0.8905779,0.10942209,1,4,1) very rare (1-5)
4112,0.88079935,0.11920065,0,74,3) common (21-100)
4113,0.71408993,0.28591007,1,15,2) rare (6-20)
4114,0.13803251,0.8619675,0,76,3) common (21-100)
4115,0.9469578,0.053042173,0,211,4) very common (100+)
4116,0.39334413,0.60665584,1,0,1) very rare (1-5)
4117,0.15667614,0.8433238,1,13,2) rare (6-20)
4118,0.93075156,0.06924844,0,84,3) common (21-100)
4119,0.7034292,0.29657078,0,1290,4) very common (100+)
4120,0.5992206,0.40077943,1,0,1) very rare (1-5)
4121,0.61036056,0.38963944,0,9,2) rare (6-20)
4122,0.4565179,0.54348207,1,1,1) very rare (1-5)
4123,0.049468607,0.95053136,1,0,1) very rare (1-5)
4124,0.5776424,0.42235762,0,66,3) common (21-100)
4125,0.31505892,0.68494105,1,1,1) very rare (1-5)
4126,0.21063377,0.78936625,1,21,3) common (21-100)
4127,0.43970668,0.5602933,1,118,4) very common (100+)
4128,0.3958043,0.6041957,0,69,3) common (21-100)
4129,0.1991812,0.8008188,0,27,3) common (21-100)
4130,0.9824126,0.017587423,0,182,4) very common (100+)
4131,0.08667573,0.91332424,1,2,1) very rare (1-5)
4132,0.60501873,0.39498127,1,105,4) very common (100+)
4133,0.7201119,0.2798881,1,1290,4) very common (100+)
4134,0.84978235,0.15021765,1,1070,4) very common (100+)
4135,0.37679857,0.62320143,1,19,2) rare (6-20)
4136,0.23139578,0.7686042,1,2,1) very rare (1-5)
4137,0.97730833,0.022691667,0,15,2) rare (6-20)
4138,0.044616736,0.95538324,1,0,1) very rare (1-5)
4139,0.35819423,0.64180577,1,106,4) very common (100+)
4140,0.13075477,0.86924523,1,1,1) very rare (1-5)
4141,0.75015086,0.24984914,1,63,3) common (21-100)
4142,0.20199248,0.7980075,0,1,1) very rare (1-5)
4143,0.069665484,0.9303345,1,92,3) common (21-100)
4144,0.1224628,0.8775372,1,0,1) very rare (1-5)
4145,0.2604983,0.7395017,1,1,1) very rare (1-5)
4146,0.09240687,0.90759313,1,0,1) very rare (1-5)
4147,0.38576493,0.61423504,1,23,3) common (21-100)
4148,0.7941218,0.2058782,0,4,1) very rare (1-5)
4149,0.19543111,0.8045689,1,0,1) very rare (1-5)
4150,0.97284025,0.02715975,0,1000,4) very common (100+)
4151,0.34603748,0.6539625,0,1070,4) very common (100+)
4152,0.957782,0.04221803,0,1000,4) very common (100+)
4153,0.8088158,0.19118422,0,3,1) very rare (1-5)
4154,0.5128303,0.48716968,0,2,1) very rare (1-5)
4155,0.1623496,0.8376504,1,0,1) very rare (1-5)
4156,0.3884536,0.6115464,0,1290,4) very common (100+)
4157,0.20934276,0.7906572,1,0,1) very rare (1-5)
4158,0.7337773,0.26622272,0,1,1) very rare (1-5)
4159,0.42974153,0.5702585,1,0,1) very rare (1-5)
4160,0.28452858,0.7154714,1,0,1) very rare (1-5)
4161,0.8129293,0.18707073,0,7,2) rare (6-20)
4162,0.2021208,0.7978792,1,35,3) common (21-100)
4163,0.37963018,0.6203698,0,37,3) common (21-100)
4164,0.30233046,0.6976695,0,17,2) rare (6-20)
4165,0.8719602,0.12803978,0,2,1) very rare (1-5)
4166,0.051282406,0.9487176,1,0,1) very rare (1-5)
4167,0.9370508,0.06294918,0,7,2) rare (6-20)
4168,0.58299786,0.41700214,1,89,3) common (21-100)
4169,0.56356585,0.43643415,1,275,4) very common (100+)
4170,0.046181887,0.9538181,1,1,1) very rare (1-5)
4171,0.2934048,0.7065952,1,106,4) very common (100+)
4172,0.9883946,0.011605382,0,1000,4) very common (100+)
4173,0.2915714,0.7084286,1,159,4) very common (100+)
4174,0.05539441,0.9446056,1,1,1) very rare (1-5)
4175,0.68827194,0.31172806,0,1,1) very rare (1-5)
4176,0.6952324,0.3047676,1,2,1) very rare (1-5)
4177,0.9894804,0.010519624,0,15,2) rare (6-20)
4178,0.013170742,0.9868293,1,21,3) common (21-100)
4179,0.3490141,0.6509859,0,343,4) very common (100+)
4180,0.19013613,0.80986387,1,27,3) common (21-100)
4181,0.097317524,0.9026825,1,1,1) very rare (1-5)
4182,0.14385077,0.8561492,0,1,1) very rare (1-5)
4183,0.5494392,0.4505608,1,0,1) very rare (1-5)
4184,0.084902376,0.9150976,1,237,4) very common (100+)
4185,0.4616249,0.53837514,0,3,1) very rare (1-5)
4186,0.80869824,0.19130176,0,78,3) common (21-100)
4187,0.13442872,0.86557126,1,118,4) very common (100+)
4188,0.9771591,0.022840917,0,8,2) rare (6-20)
4189,0.78945804,0.21054196,1,343,4) very common (100+)
4190,0.027132137,0.97286785,1,88,3) common (21-100)
4191,0.38583574,0.61416423,1,372,4) very common (100+)
4192,0.47590607,0.5240939,1,261,4) very common (100+)
4193,0.62586457,0.37413543,0,275,4) very common (100+)
4194,0.6676698,0.33233023,0,2,1) very rare (1-5)
4195,0.23501356,0.76498646,0,8,2) rare (6-20)
4196,0.91411746,0.085882545,0,37,3) common (21-100)
4197,0.19511028,0.80488974,1,1,1) very rare (1-5)
4198,0.8078799,0.19212008,1,1070,4) very common (100+)
4199,0.04956449,0.9504355,1,2,1) very rare (1-5)
4200,0.01997,0.98003,1,2,1) very rare (1-5)
4201,0.39008397,0.60991603,1,12,2) rare (6-20)
4202,0.9700805,0.029919505,0,85,3) common (21-100)
4203,0.80794805,0.19205195,1,1070,4) very common (100+)
4204,0.34633812,0.65366185,1,15,2) rare (6-20)
4205,0.091523685,0.9084763,1,0,1) very rare (1-5)
4206,0.5669328,0.4330672,0,2,1) very rare (1-5)
4207,0.8890853,0.11091471,0,223,4) very common (100+)
4208,0.9502509,0.049749076,1,268,4) very common (100+)
4209,0.23599586,0.7640041,0,223,4) very common (100+)
4210,0.34311822,0.6568818,1,0,1) very rare (1-5)
4211,0.091587864,0.90841216,1,0,1) very rare (1-5)
4212,0.040907767,0.95909226,1,0,1) very rare (1-5)
4213,0.42500627,0.5749937,1,0,1) very rare (1-5)
4214,0.17617193,0.8238281,1,2,1) very rare (1-5)
4215,0.29546556,0.7045344,1,12,2) rare (6-20)
4216,0.5899419,0.41005808,0,46,3) common (21-100)
4217,0.70973086,0.29026914,1,10,2) rare (6-20)
4218,0.7561973,0.24380273,1,70,3) common (21-100)
4219,0.018877886,0.98112214,1,1,1) very rare (1-5)
4220,0.43517628,0.56482375,1,0,1) very rare (1-5)
4221,0.8597691,0.1402309,1,0,1) very rare (1-5)
4222,0.102088965,0.897911,0,2,1) very rare (1-5)
4223,0.8115761,0.18842387,0,11,2) rare (6-20)
4224,0.44577026,0.55422974,1,160,4) very common (100+)
4225,0.42631054,0.57368946,1,2,1) very rare (1-5)
4226,0.8347515,0.16524851,0,66,3) common (21-100)
4227,0.17662263,0.8233774,0,16,2) rare (6-20)
4228,0.3715586,0.6284414,1,7,2) rare (6-20)
4229,0.91934013,0.08065987,0,26,3) common (21-100)
4230,0.95187116,0.048128843,0,223,4) very common (100+)
4231,0.15279542,0.84720457,1,1,1) very rare (1-5)
4232,0.14729783,0.85270214,1,0,1) very rare (1-5)
4233,0.9945885,0.0054115057,0,1000,4) very common (100+)
4234,0.055657946,0.9443421,1,0,1) very rare (1-5)
4235,0.057824686,0.9421753,1,1,1) very rare (1-5)
4236,0.21357371,0.7864263,1,58,3) common (21-100)
4237,0.0371031,0.9628969,1,1,1) very rare (1-5)
4238,0.96756214,0.03243786,0,421,4) very common (100+)
4239,0.109184936,0.8908151,1,26,3) common (21-100)
4240,0.71584964,0.28415036,0,1,1) very rare (1-5)
4241,0.3267344,0.6732656,1,1,1) very rare (1-5)
4242,0.21930312,0.78069687,0,6,2) rare (6-20)
4243,0.75062627,0.24937373,0,9,2) rare (6-20)
4244,0.37614173,0.6238583,0,421,4) very common (100+)
4245,0.9780723,0.021927714,0,1070,4) very common (100+)
4246,0.32270426,0.67729574,1,28,3) common (21-100)
4247,0.84368855,0.15631145,0,37,3) common (21-100)
4248,0.9687164,0.031283617,1,15,2) rare (6-20)
4249,0.35627437,0.64372563,0,1,1) very rare (1-5)
4250,0.54142994,0.45857006,0,69,3) common (21-100)
4251,0.85620064,0.14379936,1,1,1) very rare (1-5)
4252,0.2361174,0.76388264,1,4,1) very rare (1-5)
4253,0.17825894,0.82174104,0,19,2) rare (6-20)
4254,0.8363497,0.16365027,0,21,3) common (21-100)
4255,0.25619766,0.7438023,1,24,3) common (21-100)
4256,0.53711325,0.46288675,1,7,2) rare (6-20)
4257,0.3738371,0.6261629,0,700,4) very common (100+)
4258,0.15559234,0.8444077,1,0,1) very rare (1-5)
4259,0.9907046,0.009295404,0,52,3) common (21-100)
4260,0.13684885,0.86315113,1,178,4) very common (100+)
4261,0.33706364,0.66293633,1,0,1) very rare (1-5)
4262,0.8641143,0.13588572,1,2,1) very rare (1-5)
4263,0.07766267,0.92233735,1,16,2) rare (6-20)
4264,0.14071722,0.8592828,0,0,1) very rare (1-5)
4265,0.95915484,0.040845156,0,343,4) very common (100+)
4266,0.073221706,0.9267783,1,700,4) very common (100+)
4267,0.9570711,0.042928874,1,0,1) very rare (1-5)
4268,0.1213616,0.8786384,1,78,3) common (21-100)
4269,0.6122787,0.3877213,0,372,4) very common (100+)
4270,0.32357556,0.67642444,1,1070,4) very common (100+)
4271,0.9558844,0.044115603,0,3,1) very rare (1-5)
4272,0.12682712,0.8731729,0,19,2) rare (6-20)
4273,0.07029528,0.9297047,1,0,1) very rare (1-5)
4274,0.6363061,0.3636939,0,3,1) very rare (1-5)
4275,0.7799744,0.2200256,0,34,3) common (21-100)
4276,0.78935343,0.21064657,0,100,3) common (21-100)
4277,0.3522449,0.6477551,1,2,1) very rare (1-5)
4278,0.19050951,0.8094905,0,1,1) very rare (1-5)
4279,0.116869636,0.8831304,0,0,1) very rare (1-5)
4280,0.59739184,0.40260816,1,166,4) very common (100+)
4281,0.5067742,0.4932258,0,4,1) very rare (1-5)
4282,0.5699715,0.4300285,0,261,4) very common (100+)
4283,0.13473342,0.86526656,1,1,1) very rare (1-5)
4284,0.31782153,0.6821785,1,134,4) very common (100+)
4285,0.2653428,0.73465717,1,82,3) common (21-100)
4286,0.39091378,0.6090862,1,2,1) very rare (1-5)
4287,0.49403688,0.5059631,0,60,3) common (21-100)
4288,0.0861204,0.91387963,1,0,1) very rare (1-5)
4289,0.92768127,0.07231873,0,2,1) very rare (1-5)
4290,0.14528702,0.85471296,1,9,2) rare (6-20)
4291,0.49045587,0.50954413,1,0,1) very rare (1-5)
4292,0.19159429,0.8084057,1,4,1) very rare (1-5)
4293,0.30578312,0.69421685,1,1,1) very rare (1-5)
4294,0.19449952,0.8055005,1,4,1) very rare (1-5)
4295,0.88564956,0.11435044,1,8,2) rare (6-20)
4296,0.8876403,0.1123597,0,38,3) common (21-100)
4297,0.59517163,0.40482837,0,22,3) common (21-100)
4298,0.8737026,0.12629741,0,14,2) rare (6-20)
4299,0.5289221,0.47107792,0,43,3) common (21-100)
4300,0.07595558,0.92404443,1,0,1) very rare (1-5)
4301,0.84824157,0.15175843,1,12,2) rare (6-20)
4302,0.11021562,0.8897844,1,0,1) very rare (1-5)
4303,0.82331526,0.17668474,0,12,2) rare (6-20)
4304,0.53888726,0.46111274,1,5,1) very rare (1-5)
4305,0.13191448,0.8680855,1,49,3) common (21-100)
4306,0.7974639,0.2025361,0,1290,4) very common (100+)
4307,0.15095918,0.8490408,1,159,4) very common (100+)
4308,0.053269014,0.946731,1,1,1) very rare (1-5)
4309,0.5634871,0.4365129,1,274,4) very common (100+)
4310,0.05953001,0.94047,1,1,1) very rare (1-5)
4311,0.22605263,0.77394736,1,1,1) very rare (1-5)
4312,0.9696153,0.03038472,1,268,4) very common (100+)
4313,0.94977903,0.050220966,0,91,3) common (21-100)
4314,0.9383059,0.061694086,0,10,2) rare (6-20)
4315,0.7188852,0.28111482,1,14,2) rare (6-20)
4316,0.686801,0.31319898,0,2,1) very rare (1-5)
4317,0.9438931,0.056106925,0,1290,4) very common (100+)
4318,0.18660514,0.81339484,1,1,1) very rare (1-5)
4319,0.89052683,0.10947317,1,0,1) very rare (1-5)
4320,0.75315887,0.24684113,0,118,4) very common (100+)
4321,0.79272145,0.20727855,0,700,4) very common (100+)
4322,0.32630184,0.6736982,0,2,1) very rare (1-5)
4323,0.06812083,0.93187916,1,0,1) very rare (1-5)
4324,0.9473729,0.052627087,0,343,4) very common (100+)
4325,0.5529622,0.44703782,1,0,1) very rare (1-5)
4326,0.22690664,0.77309334,1,3,1) very rare (1-5)
4327,0.84562325,0.15437675,0,5,1) very rare (1-5)
4328,0.024741627,0.97525835,1,8,2) rare (6-20)
4329,0.6970883,0.3029117,0,21,3) common (21-100)
4330,0.05227153,0.94772846,1,13,2) rare (6-20)
4331,0.37054238,0.6294576,0,372,4) very common (100+)
4332,0.8678132,0.13218677,0,178,4) very common (100+)
4333,0.6448132,0.35518682,0,2,1) very rare (1-5)
4334,0.98958546,0.010414541,0,1000,4) very common (100+)
4335,0.6061089,0.3938911,1,7,2) rare (6-20)
4336,0.6769077,0.32309228,0,38,3) common (21-100)
4337,0.035671707,0.9643283,1,17,2) rare (6-20)
4338,0.7056488,0.29435122,1,7,2) rare (6-20)
4339,0.7901834,0.20981658,1,76,3) common (21-100)
4340,0.9077322,0.09226781,0,160,4) very common (100+)
4341,0.41280454,0.58719546,1,36,3) common (21-100)
4342,0.27010763,0.7298924,0,421,4) very common (100+)
4343,0.07305957,0.92694044,1,5,1) very rare (1-5)
4344,0.21222879,0.7877712,1,0,1) very rare (1-5)
4345,0.3294836,0.6705164,1,3,1) very rare (1-5)
4346,0.21551156,0.78448844,1,14,2) rare (6-20)
4347,0.021994377,0.97800565,1,19,2) rare (6-20)
4348,0.79163486,0.20836514,0,1,1) very rare (1-5)
4349,0.12449923,0.8755008,1,1,1) very rare (1-5)
4350,0.80922073,0.19077927,1,1,1) very rare (1-5)
4351,0.90777177,0.092228234,0,7,2) rare (6-20)
4352,0.59498197,0.40501803,0,1,1) very rare (1-5)
4353,0.97484505,0.025154948,0,274,4) very common (100+)
4354,0.36331514,0.6366849,1,58,3) common (21-100)
4355,0.57163703,0.42836297,0,237,4) very common (100+)
4356,0.29359117,0.70640886,0,8,2) rare (6-20)
4357,0.1408164,0.8591836,1,0,1) very rare (1-5)
4358,0.5210663,0.4789337,0,275,4) very common (100+)
4359,0.2712565,0.7287435,0,8,2) rare (6-20)
4360,0.7122154,0.28778458,1,0,1) very rare (1-5)
4361,0.22276713,0.7772329,0,0,1) very rare (1-5)
4362,0.082527295,0.9174727,0,24,3) common (21-100)
4363,0.95407325,0.04592675,0,23,3) common (21-100)
4364,0.46988922,0.5301108,1,1290,4) very common (100+)
4365,0.25486642,0.7451336,0,9,2) rare (6-20)
4366,0.992596,0.0074040294,0,71,3) common (21-100)
4367,0.10113894,0.89886105,1,0,1) very rare (1-5)
4368,0.93529826,0.064701736,0,91,3) common (21-100)
4369,0.15875266,0.8412473,1,19,2) rare (6-20)
4370,0.4999166,0.5000834,1,1070,4) very common (100+)
4371,0.8612208,0.13877922,0,13,2) rare (6-20)
4372,0.3618789,0.6381211,1,4,1) very rare (1-5)
4373,0.9252791,0.07472092,0,39,3) common (21-100)
4374,0.41260666,0.58739334,0,118,4) very common (100+)
4375,0.8307121,0.16928792,1,46,3) common (21-100)
4376,0.55149025,0.44850975,1,1070,4) very common (100+)
4377,0.8187271,0.18127292,1,0,1) very rare (1-5)
4378,0.4483394,0.5516606,0,1,1) very rare (1-5)
4379,0.9974353,0.0025647283,0,89,3) common (21-100)
4380,0.79953885,0.20046115,1,44,3) common (21-100)
4381,0.82963574,0.17036426,0,343,4) very common (100+)
4382,0.10299287,0.8970071,1,0,1) very rare (1-5)
4383,0.86782515,0.13217485,0,421,4) very common (100+)
4384,0.47460857,0.52539146,1,275,4) very common (100+)
4385,0.28587437,0.71412563,0,1,1) very rare (1-5)
4386,0.8175085,0.18249148,0,343,4) very common (100+)
4387,0.20409808,0.7959019,1,0,1) very rare (1-5)
4388,0.4187118,0.5812882,1,275,4) very common (100+)
4389,0.18338056,0.81661946,0,3,1) very rare (1-5)
4390,0.88791573,0.11208427,0,700,4) very common (100+)
4391,0.6512887,0.3487113,1,1,1) very rare (1-5)
4392,0.28816965,0.7118304,1,268,4) very common (100+)
4393,0.94896215,0.051037848,0,92,3) common (21-100)
4394,0.6957793,0.30422068,0,106,4) very common (100+)
4395,0.08814639,0.9118536,1,1,1) very rare (1-5)
4396,0.8502216,0.14977843,1,146,4) very common (100+)
4397,0.7463885,0.2536115,0,7,2) rare (6-20)
4398,0.6379719,0.36202812,0,261,4) very common (100+)
4399,0.65747124,0.34252876,1,21,3) common (21-100)
4400,0.81398076,0.18601924,0,46,3) common (21-100)
4401,0.9744586,0.025541425,0,1000,4) very common (100+)
4402,0.8958485,0.10415149,0,30,3) common (21-100)
4403,0.3578313,0.6421687,1,160,4) very common (100+)
4404,0.44477326,0.55522674,1,27,3) common (21-100)
4405,0.26577437,0.73422563,1,0,1) very rare (1-5)
4406,0.24519815,0.75480187,1,107,4) very common (100+)
4407,0.9204327,0.07956731,1,25,3) common (21-100)
4408,0.10838853,0.89161146,1,0,1) very rare (1-5)
4409,0.7847392,0.2152608,0,700,4) very common (100+)
4410,0.9459798,0.054020226,0,30,3) common (21-100)
4411,0.74896544,0.25103456,0,1,1) very rare (1-5)
4412,0.82634,0.17365998,0,12,2) rare (6-20)
4413,0.2652775,0.7347225,0,6,2) rare (6-20)
4414,0.97640914,0.023590863,0,274,4) very common (100+)
4415,0.49089068,0.5091093,1,0,1) very rare (1-5)
4416,0.51148945,0.48851055,1,105,4) very common (100+)
4417,0.27320707,0.72679293,0,100,3) common (21-100)
4418,0.7232911,0.2767089,0,4,1) very rare (1-5)
4419,0.0640707,0.9359293,0,3,1) very rare (1-5)
4420,0.9082028,0.09179717,0,5,1) very rare (1-5)
4421,0.99303496,0.006965041,0,89,3) common (21-100)
4422,0.17276466,0.82723534,0,2,1) very rare (1-5)
4423,0.48832092,0.51167905,0,146,4) very common (100+)
4424,0.5534208,0.44657922,0,700,4) very common (100+)
4425,0.23909138,0.7609086,0,1,1) very rare (1-5)
4426,0.59604007,0.40395993,1,0,1) very rare (1-5)
4427,0.33484435,0.66515565,1,1,1) very rare (1-5)
4428,0.29739207,0.7026079,1,1,1) very rare (1-5)
4429,0.69982415,0.30017585,1,372,4) very common (100+)
4430,0.109583385,0.8904166,0,30,3) common (21-100)
4431,0.045243014,0.954757,1,23,3) common (21-100)
4432,0.027874691,0.9721253,1,6,2) rare (6-20)
4433,0.9801788,0.019821227,0,25,3) common (21-100)
4434,0.18531649,0.8146835,1,134,4) very common (100+)
4435,0.41735524,0.58264476,0,108,4) very common (100+)
4436,0.07798256,0.92201746,0,41,3) common (21-100)
4437,0.4747763,0.52522373,1,1070,4) very common (100+)
4438,0.63202536,0.36797464,1,3,1) very rare (1-5)
4439,0.92869854,0.07130146,0,71,3) common (21-100)
4440,0.14355409,0.8564459,0,223,4) very common (100+)
4441,0.32302776,0.67697227,0,160,4) very common (100+)
4442,0.28082603,0.71917397,1,121,4) very common (100+)
4443,0.016722346,0.9832777,1,5,1) very rare (1-5)
4444,0.09571012,0.9042899,0,20,2) rare (6-20)
4445,0.535282,0.46471798,1,1290,4) very common (100+)
4446,0.9207489,0.07925111,0,223,4) very common (100+)
4447,0.17500177,0.82499826,0,1,1) very rare (1-5)
4448,0.43139434,0.56860566,1,1070,4) very common (100+)
4449,0.059422556,0.94057745,1,0,1) very rare (1-5)
4450,0.1869405,0.8130595,1,2,1) very rare (1-5)
4451,0.990464,0.009536028,0,1000,4) very common (100+)
4452,0.4656529,0.53434706,0,1070,4) very common (100+)
4453,0.7308637,0.2691363,0,134,4) very common (100+)
4454,0.5496842,0.45031577,1,2,1) very rare (1-5)
4455,0.50356823,0.49643177,1,28,3) common (21-100)
4456,0.426684,0.573316,1,0,1) very rare (1-5)
4457,0.9769653,0.023034692,0,118,4) very common (100+)
4458,0.62621516,0.37378484,0,105,4) very common (100+)
4459,0.4564545,0.5435455,1,33,3) common (21-100)
4460,0.5891012,0.4108988,1,261,4) very common (100+)
4461,0.7126372,0.2873628,1,6,2) rare (6-20)
4462,0.9717234,0.028276622,0,90,3) common (21-100)
4463,0.07713494,0.92286503,1,45,3) common (21-100)
4464,0.063313074,0.93668693,1,4,1) very rare (1-5)
4465,0.33682117,0.6631788,0,3,1) very rare (1-5)
4466,0.29819942,0.7018006,1,1070,4) very common (100+)
4467,0.9689038,0.03109622,0,0,1) very rare (1-5)
4468,0.15238574,0.8476143,0,60,3) common (21-100)
4469,0.39289024,0.6071098,1,0,1) very rare (1-5)
4470,0.8418114,0.15818858,0,118,4) very common (100+)
4471,0.50063646,0.49936354,0,0,1) very rare (1-5)
4472,0.22325161,0.7767484,1,0,1) very rare (1-5)
4473,0.46229,0.53771,0,30,3) common (21-100)
4474,0.30798215,0.69201785,0,1290,4) very common (100+)
4475,0.9538104,0.046189606,0,99,3) common (21-100)
4476,0.99529004,0.004709959,0,89,3) common (21-100)
4477,0.39666232,0.60333765,1,1,1) very rare (1-5)
4478,0.46260276,0.53739727,0,2,1) very rare (1-5)
4479,0.33021796,0.66978204,1,0,1) very rare (1-5)
4480,0.84971154,0.15028846,0,89,3) common (21-100)
4481,0.9127092,0.08729082,0,343,4) very common (100+)
4482,0.6710711,0.3289289,1,60,3) common (21-100)
4483,0.43832546,0.56167454,0,12,2) rare (6-20)
4484,0.16940771,0.8305923,1,24,3) common (21-100)
4485,0.3683502,0.6316498,1,1070,4) very common (100+)
4486,0.047171015,0.952829,1,0,1) very rare (1-5)
4487,0.60636777,0.39363223,0,91,3) common (21-100)
4488,0.9123804,0.0876196,0,343,4) very common (100+)
4489,0.7602086,0.2397914,1,16,2) rare (6-20)
4490,0.1682726,0.8317274,1,2,1) very rare (1-5)
4491,0.74368984,0.25631016,0,1070,4) very common (100+)
4492,0.6401655,0.3598345,1,1000,4) very common (100+)
4493,0.47705328,0.5229467,0,268,4) very common (100+)
4494,0.3149275,0.68507254,1,0,1) very rare (1-5)
4495,0.30258283,0.69741714,0,1,1) very rare (1-5)
4496,0.857837,0.14216298,0,178,4) very common (100+)
4497,0.036152314,0.9638477,1,0,1) very rare (1-5)
4498,0.31336948,0.6866305,1,700,4) very common (100+)
4499,0.05003761,0.9499624,1,1,1) very rare (1-5)
4500,0.25544712,0.74455285,1,2,1) very rare (1-5)
4501,0.50749326,0.49250674,1,5,1) very rare (1-5)
4502,0.897793,0.102207005,0,36,3) common (21-100)
4503,0.34172654,0.65827346,1,1,1) very rare (1-5)
4504,0.21180871,0.7881913,1,0,1) very rare (1-5)
4505,0.84285897,0.15714103,1,268,4) very common (100+)
4506,0.37576863,0.62423134,1,107,4) very common (100+)
4507,0.46033007,0.53966993,1,0,1) very rare (1-5)
4508,0.3528255,0.6471745,0,159,4) very common (100+)
4509,0.29747584,0.7025242,0,1,1) very rare (1-5)
4510,0.45964205,0.54035795,1,2,1) very rare (1-5)
4511,0.318331,0.681669,0,33,3) common (21-100)
4512,0.07347854,0.9265215,1,3,1) very rare (1-5)
4513,0.40581733,0.59418267,1,78,3) common (21-100)
4514,0.15836976,0.8416302,1,1,1) very rare (1-5)
4515,0.2484132,0.7515868,0,24,3) common (21-100)
4516,0.208388,0.791612,1,20,2) rare (6-20)
4517,0.19048044,0.8095195,1,69,3) common (21-100)
4518,0.3912241,0.6087759,0,118,4) very common (100+)
4519,0.90023786,0.09976214,0,421,4) very common (100+)
4520,0.22704878,0.77295125,1,76,3) common (21-100)
4521,0.28571168,0.71428835,0,36,3) common (21-100)
4522,0.4686745,0.53132546,0,142,4) very common (100+)
4523,0.7730801,0.22691989,1,5,1) very rare (1-5)
4524,0.51713425,0.48286575,1,1070,4) very common (100+)
4525,0.4856071,0.5143929,1,3,1) very rare (1-5)
4526,0.20976973,0.7902303,1,58,3) common (21-100)
4527,0.2517466,0.7482534,1,2,1) very rare (1-5)
4528,0.47685945,0.52314055,0,38,3) common (21-100)
4529,0.71128356,0.28871644,0,421,4) very common (100+)
4530,0.09041847,0.90958154,0,17,2) rare (6-20)
4531,0.02910119,0.9708988,1,8,2) rare (6-20)
4532,0.6609181,0.33908188,1,3,1) very rare (1-5)
4533,0.49534586,0.50465417,1,1,1) very rare (1-5)
4534,0.4888584,0.5111416,1,1290,4) very common (100+)
4535,0.10926139,0.8907386,0,23,3) common (21-100)
4536,0.863487,0.136513,0,372,4) very common (100+)
4537,0.41792732,0.5820727,1,29,3) common (21-100)
4538,0.1290037,0.8709963,1,2,1) very rare (1-5)
4539,0.858879,0.14112097,1,5,1) very rare (1-5)
4540,0.492762,0.50723803,1,160,4) very common (100+)
4541,0.12519804,0.874802,1,0,1) very rare (1-5)
4542,0.73614484,0.26385516,1,6,2) rare (6-20)
4543,0.42504218,0.57495785,0,16,2) rare (6-20)
4544,0.11178236,0.8882176,1,3,1) very rare (1-5)
4545,0.93516564,0.06483436,1,89,3) common (21-100)
4546,0.8574339,0.14256608,0,1000,4) very common (100+)
4547,0.54090977,0.45909023,0,58,3) common (21-100)
4548,0.30949554,0.69050443,0,28,3) common (21-100)
4549,0.903676,0.09632403,1,5,1) very rare (1-5)
4550,0.04303286,0.9569671,1,421,4) very common (100+)
4551,0.4938651,0.50613487,0,26,3) common (21-100)
4552,0.76356107,0.23643893,1,1,1) very rare (1-5)
4553,0.7895847,0.2104153,1,160,4) very common (100+)
4554,0.8622657,0.1377343,1,118,4) very common (100+)
4555,0.48348963,0.51651037,0,1290,4) very common (100+)
4556,0.9783643,0.021635711,0,1000,4) very common (100+)
4557,0.023219591,0.9767804,0,10,2) rare (6-20)
4558,0.98947734,0.010522664,0,99,3) common (21-100)
4559,0.93386275,0.066137254,0,1290,4) very common (100+)
4560,0.9195294,0.08047062,0,1070,4) very common (100+)
4561,0.7556704,0.24432957,0,1070,4) very common (100+)
4562,0.6645822,0.3354178,0,134,4) very common (100+)
4563,0.91157275,0.088427246,0,142,4) very common (100+)
4564,0.8105391,0.18946087,1,70,3) common (21-100)
4565,0.27166852,0.72833145,0,85,3) common (21-100)
4566,0.8333576,0.16664243,0,1070,4) very common (100+)
4567,0.20695868,0.79304135,1,1,1) very rare (1-5)
4568,0.9142292,0.085770786,0,1000,4) very common (100+)
4569,0.029166784,0.97083324,1,6,2) rare (6-20)
4570,0.05525967,0.94474036,1,0,1) very rare (1-5)
4571,0.7474062,0.25259382,1,1290,4) very common (100+)
4572,0.9017703,0.09822971,0,5,1) very rare (1-5)
4573,0.40121612,0.59878385,0,1290,4) very common (100+)
4574,0.36171767,0.6382823,1,275,4) very common (100+)
4575,0.40245107,0.59754896,1,14,2) rare (6-20)
4576,0.36763984,0.63236016,0,146,4) very common (100+)
4577,0.13680857,0.8631914,0,1,1) very rare (1-5)
4578,0.86224204,0.13775796,1,8,2) rare (6-20)
4579,0.77610016,0.22389984,0,3,1) very rare (1-5)
4580,0.78204775,0.21795225,1,1070,4) very common (100+)
4581,0.9009878,0.099012196,0,223,4) very common (100+)
4582,0.25993872,0.7400613,0,1,1) very rare (1-5)
4583,0.66103107,0.33896893,0,108,4) very common (100+)
4584,0.15886444,0.84113556,1,3,1) very rare (1-5)
4585,0.33622524,0.6637747,1,159,4) very common (100+)
4586,0.11178136,0.88821864,0,275,4) very common (100+)
4587,0.08038823,0.91961175,1,5,1) very rare (1-5)
4588,0.08041533,0.9195847,1,1,1) very rare (1-5)
4589,0.7805551,0.21944487,0,66,3) common (21-100)
4590,0.72240686,0.27759314,1,1070,4) very common (100+)
4591,0.37343207,0.62656796,1,107,4) very common (100+)
4592,0.72111166,0.27888834,0,2,1) very rare (1-5)
4593,0.8856643,0.114335716,1,1070,4) very common (100+)
4594,0.14247514,0.8575249,1,91,3) common (21-100)
4595,0.92153555,0.07846445,0,66,3) common (21-100)
4596,0.4459713,0.5540287,1,3,1) very rare (1-5)
4597,0.48390684,0.51609313,0,0,1) very rare (1-5)
4598,0.90563995,0.09436005,1,111,4) very common (100+)
4599,0.89595383,0.104046166,0,700,4) very common (100+)
4600,0.56029993,0.43970007,0,46,3) common (21-100)
4601,0.9222083,0.07779169,0,211,4) very common (100+)
4602,0.06253124,0.93746877,1,1,1) very rare (1-5)
4603,0.1325166,0.8674834,0,0,1) very rare (1-5)
4604,0.31569436,0.68430567,1,26,3) common (21-100)
4605,0.06214236,0.9378576,1,13,2) rare (6-20)
4606,0.10738207,0.89261794,0,274,4) very common (100+)
4607,0.114537194,0.8854628,1,24,3) common (21-100)
4608,0.84589964,0.15410036,0,1070,4) very common (100+)
4609,0.24276844,0.7572316,1,44,3) common (21-100)
4610,0.4843945,0.5156055,0,166,4) very common (100+)
4611,0.23441382,0.7655862,1,47,3) common (21-100)
4612,0.56785756,0.43214244,1,0,1) very rare (1-5)
4613,0.15520602,0.844794,1,3,1) very rare (1-5)
4614,0.7340431,0.26595688,0,10,2) rare (6-20)
4615,0.7855028,0.21449721,1,1,1) very rare (1-5)
4616,0.41429025,0.58570975,1,0,1) very rare (1-5)
4617,0.56793225,0.43206775,0,28,3) common (21-100)
4618,0.29493386,0.70506614,1,1,1) very rare (1-5)
4619,0.67644316,0.32355684,1,166,4) very common (100+)
4620,0.12521902,0.874781,1,3,1) very rare (1-5)
4621,0.37728557,0.6227144,0,100,3) common (21-100)
4622,0.7150287,0.2849713,1,7,2) rare (6-20)
4623,0.36776456,0.6322354,0,12,2) rare (6-20)
4624,0.21490604,0.78509396,1,15,2) rare (6-20)
4625,0.3727239,0.62727606,0,1070,4) very common (100+)
4626,0.025412163,0.97458786,1,1,1) very rare (1-5)
4627,0.77897507,0.22102493,1,26,3) common (21-100)
4628,0.8368249,0.1631751,1,12,2) rare (6-20)
4629,0.24841912,0.7515809,1,2,1) very rare (1-5)
4630,0.6666062,0.3333938,0,4,1) very rare (1-5)
4631,0.5953887,0.4046113,1,51,3) common (21-100)
4632,0.86861116,0.13138884,0,160,4) very common (100+)
4633,0.68459,0.31541002,0,6,2) rare (6-20)
4634,0.8657143,0.13428569,0,6,2) rare (6-20)
4635,0.4250949,0.5749051,1,1000,4) very common (100+)
4636,0.9786188,0.0213812,0,105,4) very common (100+)
4637,0.50671464,0.49328536,1,1000,4) very common (100+)
4638,0.6264691,0.37353092,0,123,4) very common (100+)
4639,0.07465429,0.9253457,1,0,1) very rare (1-5)
4640,0.13674639,0.8632536,1,15,2) rare (6-20)
4641,0.631012,0.36898798,1,0,1) very rare (1-5)
4642,0.98917574,0.010824263,0,1000,4) very common (100+)
4643,0.2432275,0.7567725,1,99,3) common (21-100)
4644,0.30859533,0.6914047,1,0,1) very rare (1-5)
4645,0.43004546,0.5699545,1,0,1) very rare (1-5)
4646,0.9788558,0.021144211,0,15,2) rare (6-20)
4647,0.51443934,0.48556066,0,89,3) common (21-100)
4648,0.14408465,0.85591537,1,28,3) common (21-100)
4649,0.59958494,0.40041506,0,261,4) very common (100+)
4650,0.108482815,0.89151716,1,0,1) very rare (1-5)
4651,0.54404265,0.45595735,0,4,1) very rare (1-5)
4652,0.70577514,0.29422486,1,89,3) common (21-100)
4653,0.40008914,0.59991086,1,40,3) common (21-100)
4654,0.028151277,0.9718487,0,5,1) very rare (1-5)
4655,0.23294331,0.7670567,1,1,1) very rare (1-5)
4656,0.98068935,0.019310653,0,700,4) very common (100+)
4657,0.6132235,0.3867765,0,100,3) common (21-100)
4658,0.08997083,0.9100292,0,0,1) very rare (1-5)
4659,0.47869456,0.52130544,0,2,1) very rare (1-5)
4660,0.18683681,0.81316316,1,261,4) very common (100+)
4661,0.0937792,0.9062208,1,1,1) very rare (1-5)
4662,0.09501842,0.9049816,1,0,1) very rare (1-5)
4663,0.23384392,0.7661561,1,0,1) very rare (1-5)
4664,0.1235631,0.8764369,1,0,1) very rare (1-5)
4665,0.27387255,0.72612745,1,4,1) very rare (1-5)
4666,0.2859314,0.7140686,1,372,4) very common (100+)
4667,0.46586323,0.5341368,1,118,4) very common (100+)
4668,0.80684245,0.19315755,0,2,1) very rare (1-5)
4669,0.36842954,0.63157046,1,1,1) very rare (1-5)
4670,0.9265467,0.07345331,1,27,3) common (21-100)
4671,0.55130476,0.44869524,0,99,3) common (21-100)
4672,0.936802,0.06319797,0,102,4) very common (100+)
4673,0.20169255,0.7983074,0,60,3) common (21-100)
4674,0.8968809,0.103119075,0,134,4) very common (100+)
4675,0.7270625,0.27293748,0,105,4) very common (100+)
4676,0.6511427,0.34885728,1,18,2) rare (6-20)
4677,0.9666255,0.03337449,0,25,3) common (21-100)
4678,0.042356838,0.95764315,1,2,1) very rare (1-5)
4679,0.9481415,0.051858485,0,105,4) very common (100+)
4680,0.18741326,0.8125867,1,2,1) very rare (1-5)
4681,0.48355764,0.51644236,0,142,4) very common (100+)
4682,0.70170736,0.29829264,0,5,1) very rare (1-5)
4683,0.12246419,0.8775358,1,5,1) very rare (1-5)
4684,0.18938984,0.8106102,1,9,2) rare (6-20)
4685,0.73570395,0.26429605,1,1290,4) very common (100+)
4686,0.5177679,0.4822321,0,178,4) very common (100+)
4687,0.05107156,0.9489284,1,142,4) very common (100+)
4688,0.18983434,0.81016564,1,0,1) very rare (1-5)
4689,0.8796062,0.12039381,0,178,4) very common (100+)
4690,0.4316486,0.5683514,0,28,3) common (21-100)
4691,0.86100155,0.13899845,0,15,2) rare (6-20)
4692,0.39078364,0.60921633,1,1290,4) very common (100+)
4693,0.081698366,0.91830164,0,66,3) common (21-100)
4694,0.07170539,0.9282946,1,2,1) very rare (1-5)
4695,0.9202393,0.07976067,0,1290,4) very common (100+)
4696,0.6434262,0.35657382,1,0,1) very rare (1-5)
4697,0.83571684,0.16428316,1,1,1) very rare (1-5)
4698,0.1316465,0.8683535,0,79,3) common (21-100)
4699,0.15143235,0.84856766,1,41,3) common (21-100)
4700,0.57410985,0.42589015,0,166,4) very common (100+)
4701,0.7249434,0.2750566,1,1,1) very rare (1-5)
4702,0.87295693,0.12704307,1,118,4) very common (100+)
4703,0.99705625,0.0029437542,0,1000,4) very common (100+)
4704,0.3095206,0.6904794,0,18,2) rare (6-20)
4705,0.5303545,0.4696455,1,15,2) rare (6-20)
4706,0.6054117,0.3945883,1,0,1) very rare (1-5)
4707,0.64336485,0.35663515,1,0,1) very rare (1-5)
4708,0.12666072,0.8733393,1,70,3) common (21-100)
4709,0.19151695,0.80848306,1,1,1) very rare (1-5)
4710,0.909134,0.09086603,0,17,2) rare (6-20)
4711,0.5668985,0.43310148,0,23,3) common (21-100)
4712,0.79067045,0.20932955,0,275,4) very common (100+)
4713,0.3911743,0.6088257,1,4,1) very rare (1-5)
4714,0.43495774,0.56504226,1,3,1) very rare (1-5)
4715,0.96403474,0.035965264,0,118,4) very common (100+)
4716,0.42159194,0.57840806,1,0,1) very rare (1-5)
4717,0.8780314,0.12196863,0,21,3) common (21-100)
4718,0.14796585,0.85203415,1,24,3) common (21-100)
4719,0.9787825,0.021217525,0,237,4) very common (100+)
4720,0.029847022,0.970153,1,0,1) very rare (1-5)
4721,0.9962212,0.0037788153,0,1000,4) very common (100+)
4722,0.204175,0.795825,1,7,2) rare (6-20)
4723,0.14095767,0.85904235,1,1,1) very rare (1-5)
4724,0.5394167,0.46058333,0,5,1) very rare (1-5)
4725,0.23293264,0.7670674,1,11,2) rare (6-20)
4726,0.20461942,0.7953806,0,66,3) common (21-100)
4727,0.67881614,0.32118386,0,65,3) common (21-100)
4728,0.91701144,0.08298856,0,2,1) very rare (1-5)
4729,0.64513576,0.35486424,0,66,3) common (21-100)
4730,0.701196,0.298804,1,70,3) common (21-100)
4731,0.25812638,0.7418736,1,10,2) rare (6-20)
4732,0.9803838,0.019616187,0,89,3) common (21-100)
4733,0.6651488,0.3348512,1,7,2) rare (6-20)
4734,0.9369246,0.06307542,0,182,4) very common (100+)
4735,0.38820153,0.61179847,0,5,1) very rare (1-5)
4736,0.21212207,0.7878779,1,0,1) very rare (1-5)
4737,0.27000093,0.72999907,1,124,4) very common (100+)
4738,0.58045673,0.41954327,1,1,1) very rare (1-5)
4739,0.2767523,0.7232477,1,0,1) very rare (1-5)
4740,0.44005996,0.55994004,0,22,3) common (21-100)
4741,0.35601327,0.6439867,1,4,1) very rare (1-5)
4742,0.5597458,0.4402542,0,34,3) common (21-100)
4743,0.85267586,0.14732414,1,17,2) rare (6-20)
4744,0.13019851,0.8698015,0,0,1) very rare (1-5)
4745,0.027310768,0.9726892,1,0,1) very rare (1-5)
4746,0.6466377,0.35336232,1,146,4) very common (100+)
4747,0.15592754,0.84407246,1,0,1) very rare (1-5)
4748,0.91060364,0.08939636,0,18,2) rare (6-20)
4749,0.41295567,0.58704436,0,15,2) rare (6-20)
4750,0.66690403,0.33309597,1,1070,4) very common (100+)
4751,0.4945692,0.5054308,1,1,1) very rare (1-5)
4752,0.6623778,0.33762223,0,1070,4) very common (100+)
4753,0.07232836,0.9276717,0,56,3) common (21-100)
4754,0.4228605,0.5771395,0,5,1) very rare (1-5)
4755,0.8010647,0.19893527,0,275,4) very common (100+)
4756,0.7818414,0.2181586,0,105,4) very common (100+)
4757,0.21805695,0.7819431,1,0,1) very rare (1-5)
4758,0.45263082,0.5473692,1,0,1) very rare (1-5)
4759,0.099686205,0.9003138,0,0,1) very rare (1-5)
4760,0.23599525,0.76400477,1,123,4) very common (100+)
4761,0.41316068,0.5868393,0,62,3) common (21-100)
4762,0.1008886,0.8991114,1,0,1) very rare (1-5)
4763,0.3202168,0.6797832,1,3,1) very rare (1-5)
4764,0.813769,0.18623102,0,372,4) very common (100+)
4765,0.646859,0.353141,1,58,3) common (21-100)
4766,0.3148176,0.6851824,0,105,4) very common (100+)
4767,0.2802537,0.7197463,1,70,3) common (21-100)
4768,0.37917924,0.62082076,1,0,1) very rare (1-5)
4769,0.17130412,0.8286959,0,13,2) rare (6-20)
4770,0.13264766,0.86735237,1,0,1) very rare (1-5)
4771,0.42755833,0.5724417,1,27,3) common (21-100)
4772,0.27705345,0.7229465,1,4,1) very rare (1-5)
4773,0.3065486,0.6934514,1,107,4) very common (100+)
4774,0.98734415,0.012655854,0,99,3) common (21-100)
4775,0.51706547,0.48293453,0,274,4) very common (100+)
4776,0.9169598,0.08304018,0,10,2) rare (6-20)
4777,0.20350346,0.7964965,0,5,1) very rare (1-5)
4778,0.47258672,0.52741325,1,111,4) very common (100+)
4779,0.2090842,0.7909158,0,1,1) very rare (1-5)
4780,0.25470468,0.7452953,1,1,1) very rare (1-5)
4781,0.894619,0.10538101,0,421,4) very common (100+)
4782,0.8826926,0.117307425,1,52,3) common (21-100)
4783,0.25938156,0.74061847,1,0,1) very rare (1-5)
4784,0.9621782,0.03782183,0,39,3) common (21-100)
4785,0.057102595,0.9428974,1,2,1) very rare (1-5)
4786,0.5283614,0.47163862,1,268,4) very common (100+)
4787,0.9658244,0.034175575,0,1000,4) very common (100+)
4788,0.44274485,0.55725515,1,35,3) common (21-100)
4789,0.6239677,0.3760323,0,91,3) common (21-100)
4790,0.3168949,0.6831051,0,0,1) very rare (1-5)
4791,0.3759276,0.62407243,1,30,3) common (21-100)
4792,0.12612271,0.8738773,0,3,1) very rare (1-5)
4793,0.81940365,0.18059635,0,166,4) very common (100+)
4794,0.8362219,0.16377813,0,82,3) common (21-100)
4795,0.90200144,0.09799856,1,66,3) common (21-100)
4796,0.6373638,0.3626362,0,237,4) very common (100+)
4797,0.6774015,0.32259852,0,13,2) rare (6-20)
4798,0.556642,0.443358,0,12,2) rare (6-20)
4799,0.83479345,0.16520655,0,3,1) very rare (1-5)
4800,0.14616425,0.85383576,0,1290,4) very common (100+)
4801,0.13832906,0.861671,1,3,1) very rare (1-5)
4802,0.6819645,0.31803548,1,160,4) very common (100+)
4803,0.8744092,0.1255908,0,7,2) rare (6-20)
4804,0.033629246,0.96637076,1,0,1) very rare (1-5)
4805,0.80586654,0.19413346,0,24,3) common (21-100)
4806,0.43051907,0.5694809,1,35,3) common (21-100)
4807,0.30297634,0.69702363,0,3,1) very rare (1-5)
4808,0.6139712,0.38602883,0,15,2) rare (6-20)
4809,0.9914846,0.008515418,0,211,4) very common (100+)
4810,0.29132277,0.70867723,1,0,1) very rare (1-5)
4811,0.02720356,0.97279644,1,71,3) common (21-100)
4812,0.9072249,0.09277511,1,0,1) very rare (1-5)
4813,0.39762893,0.6023711,1,178,4) very common (100+)
4814,0.1577855,0.84221447,0,2,1) very rare (1-5)
4815,0.42083478,0.5791652,0,3,1) very rare (1-5)
4816,0.3931333,0.6068667,1,118,4) very common (100+)
4817,0.1212871,0.8787129,1,0,1) very rare (1-5)
4818,0.7427174,0.2572826,0,19,2) rare (6-20)
4819,0.076842904,0.9231571,1,0,1) very rare (1-5)
4820,0.6912076,0.3087924,1,30,3) common (21-100)
4821,0.045427024,0.954573,1,0,1) very rare (1-5)
4822,0.3654119,0.6345881,0,66,3) common (21-100)
4823,0.8549923,0.14500773,0,4,1) very rare (1-5)
4824,0.4113084,0.5886916,0,275,4) very common (100+)
4825,0.33110756,0.66889244,1,38,3) common (21-100)
4826,0.8408643,0.1591357,1,16,2) rare (6-20)
4827,0.54224896,0.45775104,1,2,1) very rare (1-5)
4828,0.4859565,0.5140435,0,421,4) very common (100+)
4829,0.07664861,0.9233514,1,3,1) very rare (1-5)
4830,0.97794926,0.022050738,0,8,2) rare (6-20)
4831,0.6451765,0.35482353,0,4,1) very rare (1-5)
4832,0.36514294,0.63485706,1,118,4) very common (100+)
4833,0.13121155,0.8687885,1,2,1) very rare (1-5)
4834,0.9637318,0.036268175,1,0,1) very rare (1-5)
4835,0.989908,0.01009202,0,274,4) very common (100+)
4836,0.37446913,0.62553084,0,39,3) common (21-100)
4837,0.06986394,0.9301361,1,0,1) very rare (1-5)
4838,0.9475192,0.052480817,1,0,1) very rare (1-5)
4839,0.06339922,0.9366008,1,0,1) very rare (1-5)
4840,0.5639501,0.43604988,0,18,2) rare (6-20)
4841,0.13913177,0.8608682,1,0,1) very rare (1-5)
4842,0.97290516,0.027094841,0,142,4) very common (100+)
4843,0.99290836,0.0070916414,0,1000,4) very common (100+)
4844,0.45111448,0.5488855,1,78,3) common (21-100)
4845,0.11193659,0.88806343,1,8,2) rare (6-20)
4846,0.11436989,0.88563013,0,0,1) very rare (1-5)
4847,0.86441696,0.13558304,0,10,2) rare (6-20)
4848,0.54378355,0.45621645,0,16,2) rare (6-20)
4849,0.18776914,0.8122308,1,8,2) rare (6-20)
4850,0.98919314,0.010806859,1,0,1) very rare (1-5)
4851,0.35186473,0.6481353,1,9,2) rare (6-20)
4852,0.8885123,0.11148769,0,1290,4) very common (100+)
4853,0.21892053,0.7810795,1,81,3) common (21-100)
4854,0.12039878,0.87960124,1,2,1) very rare (1-5)
4855,0.71801627,0.28198373,1,1000,4) very common (100+)
4856,0.17283276,0.8271673,0,41,3) common (21-100)
4857,0.7173386,0.28266138,1,1070,4) very common (100+)
4858,0.475607,0.52439296,0,44,3) common (21-100)
4859,0.9961152,0.0038847923,0,211,4) very common (100+)
4860,0.41982043,0.5801796,1,36,3) common (21-100)
4861,0.66009575,0.33990425,1,268,4) very common (100+)
4862,0.22383113,0.7761689,1,0,1) very rare (1-5)
4863,0.7906467,0.20935333,1,0,1) very rare (1-5)
4864,0.041589037,0.958411,1,0,1) very rare (1-5)
4865,0.38411218,0.6158878,1,0,1) very rare (1-5)
4866,0.2577978,0.74220216,1,19,2) rare (6-20)
4867,0.69641894,0.30358106,0,2,1) very rare (1-5)
4868,0.39773405,0.60226595,1,1,1) very rare (1-5)
4869,0.5056926,0.4943074,1,16,2) rare (6-20)
4870,0.64946264,0.35053736,0,41,3) common (21-100)
4871,0.58230245,0.41769755,0,268,4) very common (100+)
4872,0.5971021,0.4028979,0,134,4) very common (100+)
4873,0.693516,0.30648398,1,0,1) very rare (1-5)
4874,0.5749035,0.4250965,0,29,3) common (21-100)
4875,0.30410177,0.69589823,1,15,2) rare (6-20)
4876,0.9575904,0.0424096,0,134,4) very common (100+)
4877,0.28249487,0.7175051,1,56,3) common (21-100)
4878,0.4868169,0.5131831,1,1070,4) very common (100+)
4879,0.7393831,0.2606169,1,0,1) very rare (1-5)
4880,0.8688466,0.1311534,1,19,2) rare (6-20)
4881,0.12007022,0.8799298,0,7,2) rare (6-20)
4882,0.43128315,0.5687169,1,28,3) common (21-100)
4883,0.36016023,0.63983977,1,343,4) very common (100+)
4884,0.53213304,0.46786696,1,0,1) very rare (1-5)
4885,0.9751075,0.024892509,0,37,3) common (21-100)
4886,0.4176478,0.58235216,0,106,4) very common (100+)
4887,0.40664873,0.59335124,1,142,4) very common (100+)
4888,0.99060273,0.009397268,0,89,3) common (21-100)
4889,0.20717433,0.7928257,1,7,2) rare (6-20)
4890,0.042746194,0.9572538,1,0,1) very rare (1-5)
4891,0.15856278,0.8414372,0,3,1) very rare (1-5)
4892,0.9019773,0.0980227,0,1000,4) very common (100+)
4893,0.033642218,0.96635777,1,0,1) very rare (1-5)
4894,0.10198273,0.8980173,1,1,1) very rare (1-5)
4895,0.73639625,0.26360375,0,343,4) very common (100+)
4896,0.887412,0.11258799,0,2,1) very rare (1-5)
4897,0.893793,0.10620701,1,146,4) very common (100+)
4898,0.41749334,0.58250666,0,4,1) very rare (1-5)
4899,0.7172106,0.2827894,0,92,3) common (21-100)
4900,0.8891245,0.11087549,0,22,3) common (21-100)
4901,0.47610617,0.52389383,1,146,4) very common (100+)
4902,0.046851207,0.9531488,1,4,1) very rare (1-5)
4903,0.9765902,0.023409784,0,211,4) very common (100+)
4904,0.9759655,0.0240345,0,223,4) very common (100+)
4905,0.9869544,0.013045609,0,10,2) rare (6-20)
4906,0.457571,0.542429,0,107,4) very common (100+)
4907,0.33717564,0.6628244,0,0,1) very rare (1-5)
4908,0.5874107,0.4125893,0,78,3) common (21-100)
4909,0.645855,0.354145,1,28,3) common (21-100)
4910,0.6569733,0.3430267,1,105,4) very common (100+)
4911,0.7202045,0.27979553,1,2,1) very rare (1-5)
4912,0.7276278,0.2723722,1,1070,4) very common (100+)
4913,0.027937822,0.9720622,1,16,2) rare (6-20)
4914,0.22294693,0.77705306,1,0,1) very rare (1-5)
4915,0.96282977,0.03717023,1,261,4) very common (100+)
4916,0.7878991,0.21210092,0,1070,4) very common (100+)
4917,0.82917064,0.17082936,0,105,4) very common (100+)
4918,0.46024007,0.53975993,0,58,3) common (21-100)
4919,0.97962224,0.020377755,0,1000,4) very common (100+)
4920,0.17025653,0.8297435,1,0,1) very rare (1-5)
4921,0.49158344,0.50841653,0,8,2) rare (6-20)
4922,0.9553329,0.044667125,0,39,3) common (21-100)
4923,0.56178623,0.43821377,1,3,1) very rare (1-5)
4924,0.12989593,0.8701041,1,118,4) very common (100+)
4925,0.66623,0.33376998,0,89,3) common (21-100)
4926,0.772959,0.227041,1,11,2) rare (6-20)
4927,0.61937964,0.38062036,1,1290,4) very common (100+)
4928,0.36381224,0.6361878,1,0,1) very rare (1-5)
4929,0.38160157,0.6183984,0,343,4) very common (100+)
4930,0.33859375,0.6614063,1,1,1) very rare (1-5)
4931,0.40118667,0.5988133,1,5,1) very rare (1-5)
4932,0.22964297,0.770357,1,0,1) very rare (1-5)
4933,0.09375505,0.90624493,1,0,1) very rare (1-5)
4934,0.5963548,0.40364522,1,8,2) rare (6-20)
4935,0.9969669,0.0030331016,0,211,4) very common (100+)
4936,0.8572051,0.1427949,0,14,2) rare (6-20)
4937,0.7933197,0.2066803,1,14,2) rare (6-20)
4938,0.91612226,0.08387774,0,18,2) rare (6-20)
4939,0.6272028,0.3727972,0,23,3) common (21-100)
4940,0.9158442,0.0841558,1,7,2) rare (6-20)
4941,0.9402355,0.059764504,1,700,4) very common (100+)
4942,0.9917619,0.008238077,0,53,3) common (21-100)
4943,0.051199004,0.948801,1,2,1) very rare (1-5)
4944,0.76466256,0.23533744,1,160,4) very common (100+)
4945,0.04629673,0.9537033,1,0,1) very rare (1-5)
4946,0.79587805,0.20412195,0,5,1) very rare (1-5)
4947,0.09883911,0.9011609,1,1,1) very rare (1-5)
4948,0.92909724,0.070902765,1,261,4) very common (100+)
4949,0.17172477,0.8282752,1,0,1) very rare (1-5)
4950,0.94132876,0.058671236,0,142,4) very common (100+)
4951,0.16890807,0.83109194,1,1,1) very rare (1-5)
4952,0.0487987,0.9512013,1,0,1) very rare (1-5)
4953,0.5720047,0.42799532,0,4,1) very rare (1-5)
4954,0.074715085,0.9252849,1,0,1) very rare (1-5)
4955,0.08372959,0.91627043,1,0,1) very rare (1-5)
4956,0.80858874,0.19141126,1,5,1) very rare (1-5)
4957,0.5046436,0.49535638,0,7,2) rare (6-20)
4958,0.35728675,0.64271325,1,31,3) common (21-100)
4959,0.2511623,0.7488377,1,4,1) very rare (1-5)
4960,0.8019,0.19809997,1,36,3) common (21-100)
4961,0.8710297,0.12897032,1,343,4) very common (100+)
4962,0.48577476,0.51422524,0,23,3) common (21-100)
4963,0.8982193,0.10178071,1,178,4) very common (100+)
4964,0.28518265,0.71481735,1,0,1) very rare (1-5)
4965,0.47721416,0.52278584,1,268,4) very common (100+)
4966,0.7822649,0.21773511,1,58,3) common (21-100)
4967,0.2076412,0.7923588,0,4,1) very rare (1-5)
4968,0.42053097,0.579469,1,8,2) rare (6-20)
4969,0.25244954,0.7475505,0,5,1) very rare (1-5)
4970,0.27879912,0.7212009,1,0,1) very rare (1-5)
4971,0.28830433,0.7116957,0,17,2) rare (6-20)
4972,0.7470045,0.2529955,1,1070,4) very common (100+)
4973,0.953468,0.046531975,0,1000,4) very common (100+)
4974,0.26763192,0.7323681,0,159,4) very common (100+)
4975,0.827112,0.17288798,0,274,4) very common (100+)
4976,0.1982362,0.8017638,1,9,2) rare (6-20)
4977,0.19172114,0.80827886,1,0,1) very rare (1-5)
4978,0.9759595,0.02404052,0,63,3) common (21-100)
4979,0.47377414,0.52622586,1,1290,4) very common (100+)
4980,0.066267416,0.93373257,1,2,1) very rare (1-5)
4981,0.85371006,0.14628994,0,237,4) very common (100+)
4982,0.065324426,0.9346756,0,2,1) very rare (1-5)
4983,0.7269713,0.27302867,1,0,1) very rare (1-5)
4984,0.54222924,0.45777076,1,3,1) very rare (1-5)
4985,0.5382482,0.46175182,0,3,1) very rare (1-5)
4986,0.42327237,0.5767276,0,31,3) common (21-100)
4987,0.06676374,0.93323624,1,0,1) very rare (1-5)
4988,0.737825,0.26217502,0,16,2) rare (6-20)
4989,0.39974812,0.6002519,1,8,2) rare (6-20)
4990,0.7981327,0.20186728,0,4,1) very rare (1-5)
4991,0.75317967,0.24682033,0,18,2) rare (6-20)
4992,0.036242712,0.9637573,1,3,1) very rare (1-5)
4993,0.88638896,0.11361104,1,1290,4) very common (100+)
4994,0.27649403,0.723506,1,0,1) very rare (1-5)
4995,0.19438045,0.80561954,0,85,3) common (21-100)
4996,0.04884782,0.9511522,1,0,1) very rare (1-5)
4997,0.85818946,0.14181054,0,43,3) common (21-100)
4998,0.97674745,0.023252547,0,1000,4) very common (100+)
4999,0.4232452,0.5767548,1,0,1) very rare (1-5)
5000,0.9706139,0.029386103,0,223,4) very common (100+)
5001,0.14059746,0.85940254,1,6,2) rare (6-20)
5002,0.26839438,0.73160565,1,1,1) very rare (1-5)
5003,0.9475847,0.05241531,0,89,3) common (21-100)
5004,0.8391407,0.16085929,0,66,3) common (21-100)
5005,0.11985679,0.8801432,1,118,4) very common (100+)
5006,0.9774032,0.022596776,0,274,4) very common (100+)
