mol_idx,top_score,uq,error,frequency,tier
0,0.9451418,0.054858208,0,74,3) common (21-100)
1,0.254479,0.745521,0,0,1) very rare (1-5)
2,0.91647416,0.08352584,0,74,3) common (21-100)
3,0.46817803,0.53182197,1,0,1) very rare (1-5)
4,0.11838435,0.88161564,1,0,1) very rare (1-5)
5,0.69497997,0.30502003,0,7,2) rare (6-20)
6,0.50206137,0.49793863,0,2,1) very rare (1-5)
7,0.717568,0.28243202,0,23,3) common (21-100)
8,0.5507563,0.44924372,1,4,1) very rare (1-5)
9,0.11698295,0.88301706,1,0,1) very rare (1-5)
10,0.022578955,0.97742105,1,0,1) very rare (1-5)
11,0.84437054,0.15562946,0,3,1) very rare (1-5)
12,0.03746493,0.9625351,1,0,1) very rare (1-5)
13,0.390088,0.60991204,1,0,1) very rare (1-5)
14,0.9056063,0.09439367,0,1,1) very rare (1-5)
15,0.24659699,0.753403,1,6,2) rare (6-20)
16,0.616705,0.383295,0,5,1) very rare (1-5)
17,0.9855055,0.014494479,0,74,3) common (21-100)
18,0.8875294,0.11247063,1,2,1) very rare (1-5)
19,0.8501372,0.14986283,0,3,1) very rare (1-5)
20,0.13653736,0.8634626,1,0,1) very rare (1-5)
21,0.74953705,0.25046295,0,74,3) common (21-100)
22,0.4855585,0.5144415,1,0,1) very rare (1-5)
23,0.71091425,0.28908575,1,14,2) rare (6-20)
24,0.61733145,0.38266855,0,108,4) very common (100+)
25,0.5608394,0.4391606,0,145,4) very common (100+)
26,0.13154347,0.86845654,1,7,2) rare (6-20)
27,0.12396118,0.8760388,1,20,2) rare (6-20)
28,0.32846567,0.6715343,0,10,2) rare (6-20)
29,0.28300545,0.7169945,1,0,1) very rare (1-5)
30,0.6024914,0.39750862,0,7,2) rare (6-20)
31,0.7950788,0.20492119,1,43,3) common (21-100)
32,0.34179953,0.6582005,0,1,1) very rare (1-5)
33,0.64783525,0.35216475,0,6,2) rare (6-20)
34,0.11923528,0.8807647,1,31,3) common (21-100)
35,0.08827943,0.9117206,1,0,1) very rare (1-5)
36,0.20972508,0.7902749,1,0,1) very rare (1-5)
37,0.40345627,0.5965437,1,3,1) very rare (1-5)
38,0.21888009,0.78111994,1,2,1) very rare (1-5)
39,0.3883398,0.61166024,1,84,3) common (21-100)
40,0.1041869,0.8958131,1,0,1) very rare (1-5)
41,0.066991605,0.9330084,1,0,1) very rare (1-5)
42,0.32258675,0.6774132,1,2,1) very rare (1-5)
43,0.7826366,0.21736342,0,3,1) very rare (1-5)
44,0.11587857,0.8841214,0,1,1) very rare (1-5)
45,0.8515246,0.14847541,1,0,1) very rare (1-5)
46,0.9398697,0.0601303,0,36,3) common (21-100)
47,0.27698156,0.7230184,1,3,1) very rare (1-5)
48,0.02727291,0.97272706,0,1,1) very rare (1-5)
49,0.040791802,0.9592082,1,0,1) very rare (1-5)
50,0.28112,0.71888,1,8,2) rare (6-20)
51,0.9616496,0.038350403,1,2,1) very rare (1-5)
52,0.7783957,0.22160429,1,5,1) very rare (1-5)
53,0.2269415,0.77305853,1,44,3) common (21-100)
54,0.12663963,0.8733604,1,0,1) very rare (1-5)
55,0.106225744,0.8937743,1,3,1) very rare (1-5)
56,0.81997424,0.18002576,1,1,1) very rare (1-5)
57,0.262617,0.737383,1,274,4) very common (100+)
58,0.04677041,0.9532296,1,14,2) rare (6-20)
59,0.58131653,0.41868347,1,2,1) very rare (1-5)
60,0.08485182,0.9151482,0,1,1) very rare (1-5)
61,0.47911412,0.5208859,1,2,1) very rare (1-5)
62,0.3687036,0.6312964,1,123,4) very common (100+)
63,0.11330196,0.886698,1,1,1) very rare (1-5)
64,0.6346695,0.36533052,1,30,3) common (21-100)
65,0.9713259,0.028674126,0,15,2) rare (6-20)
66,0.54635334,0.45364666,0,6,2) rare (6-20)
67,0.60594785,0.39405215,1,13,2) rare (6-20)
68,0.99578744,0.0042125583,0,274,4) very common (100+)
69,0.23187321,0.7681268,1,0,1) very rare (1-5)
70,0.48366526,0.5163348,0,5,1) very rare (1-5)
71,0.1894448,0.8105552,1,14,2) rare (6-20)
72,0.066321604,0.9336784,1,2,1) very rare (1-5)
73,0.18852359,0.8114764,1,142,4) very common (100+)
74,0.07689468,0.9231053,1,0,1) very rare (1-5)
75,0.33327588,0.6667241,1,81,3) common (21-100)
76,0.25132063,0.7486794,1,30,3) common (21-100)
77,0.7556961,0.24430388,1,4,1) very rare (1-5)
78,0.18846552,0.81153446,0,2,1) very rare (1-5)
79,0.32929528,0.6707047,1,1070,4) very common (100+)
80,0.6500819,0.34991813,1,1,1) very rare (1-5)
81,0.100557886,0.89944214,1,0,1) very rare (1-5)
82,0.08824368,0.91175634,1,3,1) very rare (1-5)
83,0.6880477,0.3119523,1,1290,4) very common (100+)
84,0.17297997,0.82702005,1,1,1) very rare (1-5)
85,0.41127947,0.58872056,1,19,2) rare (6-20)
86,0.17875378,0.8212462,1,75,3) common (21-100)
87,0.011419056,0.98858094,1,24,3) common (21-100)
88,0.42681327,0.57318676,1,0,1) very rare (1-5)
89,0.32357898,0.67642105,0,106,4) very common (100+)
90,0.3480148,0.65198517,1,81,3) common (21-100)
91,0.39965513,0.6003449,0,2,1) very rare (1-5)
92,0.25899324,0.74100673,1,6,2) rare (6-20)
93,0.95534384,0.044656157,1,146,4) very common (100+)
94,0.93945134,0.060548663,1,3,1) very rare (1-5)
95,0.7680475,0.23195249,0,1290,4) very common (100+)
96,0.20373228,0.79626775,1,26,3) common (21-100)
97,0.0652521,0.9347479,1,15,2) rare (6-20)
98,0.20329478,0.79670525,1,107,4) very common (100+)
99,0.904493,0.095507026,1,1070,4) very common (100+)
100,0.66251355,0.33748645,1,96,3) common (21-100)
101,0.09318598,0.90681404,1,1,1) very rare (1-5)
102,0.42223123,0.5777688,0,118,4) very common (100+)
103,0.36717063,0.63282937,0,0,1) very rare (1-5)
104,0.8022133,0.19778669,1,54,3) common (21-100)
105,0.81553876,0.18446124,0,1290,4) very common (100+)
106,0.9962501,0.003749907,0,89,3) common (21-100)
107,0.15403846,0.8459616,1,20,2) rare (6-20)
108,0.7636897,0.2363103,0,66,3) common (21-100)
109,0.28874582,0.7112542,1,9,2) rare (6-20)
110,0.97393554,0.026064456,1,89,3) common (21-100)
111,0.39336148,0.60663855,1,16,2) rare (6-20)
112,0.10368206,0.89631796,1,0,1) very rare (1-5)
113,0.71155,0.28845,0,43,3) common (21-100)
114,0.24119523,0.7588048,1,111,4) very common (100+)
115,0.6467487,0.35325128,0,145,4) very common (100+)
116,0.038436797,0.9615632,1,1,1) very rare (1-5)
117,0.9250834,0.0749166,0,70,3) common (21-100)
118,0.4636761,0.5363239,1,94,3) common (21-100)
119,0.91408515,0.08591485,0,123,4) very common (100+)
120,0.16503388,0.8349661,1,33,3) common (21-100)
121,0.6652436,0.33475637,1,0,1) very rare (1-5)
122,0.6612267,0.3387733,1,0,1) very rare (1-5)
123,0.897862,0.10213798,0,700,4) very common (100+)
124,0.52419126,0.47580874,1,37,3) common (21-100)
125,0.7367052,0.26329482,0,52,3) common (21-100)
126,0.072908826,0.9270912,1,0,1) very rare (1-5)
127,0.3967709,0.6032291,1,2,1) very rare (1-5)
128,0.033334382,0.9666656,1,0,1) very rare (1-5)
129,0.50453126,0.49546874,0,106,4) very common (100+)
130,0.9415335,0.058466494,1,11,2) rare (6-20)
131,0.5476865,0.45231348,1,2,1) very rare (1-5)
132,0.8909836,0.10901642,0,6,2) rare (6-20)
133,0.68776596,0.31223404,0,1,1) very rare (1-5)
134,0.99387336,0.006126642,0,274,4) very common (100+)
135,0.1309002,0.8690998,1,0,1) very rare (1-5)
136,0.9290139,0.07098609,0,78,3) common (21-100)
137,0.8057801,0.19421989,1,0,1) very rare (1-5)
138,0.4421479,0.5578521,1,1290,4) very common (100+)
139,0.5572099,0.4427901,1,1070,4) very common (100+)
140,0.9861479,0.013852119,0,343,4) very common (100+)
141,0.7122683,0.2877317,0,74,3) common (21-100)
142,0.6354513,0.36454868,0,66,3) common (21-100)
143,0.297422,0.702578,1,2,1) very rare (1-5)
144,0.35191137,0.64808863,1,13,2) rare (6-20)
145,0.4691172,0.53088284,1,5,1) very rare (1-5)
146,0.5573103,0.44268972,1,166,4) very common (100+)
147,0.014076538,0.98592347,0,3,1) very rare (1-5)
148,0.12643702,0.873563,1,1,1) very rare (1-5)
149,0.658909,0.34109098,0,33,3) common (21-100)
150,0.7277813,0.2722187,0,178,4) very common (100+)
151,0.42598718,0.5740128,0,5,1) very rare (1-5)
152,0.48060524,0.51939476,0,1290,4) very common (100+)
153,0.083340675,0.91665936,0,33,3) common (21-100)
154,0.08206625,0.91793376,1,0,1) very rare (1-5)
155,0.37262163,0.62737834,0,33,3) common (21-100)
156,0.9437772,0.056222796,0,9,2) rare (6-20)
157,0.9705721,0.029427886,1,8,2) rare (6-20)
158,0.91021514,0.08978486,0,39,3) common (21-100)
159,0.24277471,0.7572253,1,4,1) very rare (1-5)
160,0.6314699,0.3685301,0,10,2) rare (6-20)
161,0.059223138,0.9407769,1,0,1) very rare (1-5)
162,0.16711129,0.8328887,1,76,3) common (21-100)
163,0.34836236,0.6516377,0,4,1) very rare (1-5)
164,0.11575594,0.8842441,1,160,4) very common (100+)
165,0.11643161,0.8835684,1,4,1) very rare (1-5)
166,0.8986419,0.101358116,1,7,2) rare (6-20)
167,0.40282112,0.5971789,0,4,1) very rare (1-5)
168,0.464494,0.535506,0,223,4) very common (100+)
169,0.5747259,0.42527407,0,8,2) rare (6-20)
170,0.1334152,0.8665848,1,0,1) very rare (1-5)
171,0.25238094,0.74761903,1,26,3) common (21-100)
172,0.5553839,0.44461608,1,1290,4) very common (100+)
173,0.8130392,0.18696082,0,105,4) very common (100+)
174,0.4228594,0.57714057,1,1,1) very rare (1-5)
175,0.46044794,0.5395521,1,2,1) very rare (1-5)
176,0.3417233,0.6582767,1,15,2) rare (6-20)
177,0.2135924,0.7864076,0,102,4) very common (100+)
178,0.92812234,0.07187766,0,1070,4) very common (100+)
179,0.90560925,0.09439075,0,15,2) rare (6-20)
180,0.8063536,0.19364637,0,1070,4) very common (100+)
181,0.39726585,0.60273415,0,79,3) common (21-100)
182,0.718169,0.28183103,1,1070,4) very common (100+)
183,0.0831937,0.9168063,1,36,3) common (21-100)
184,0.58537036,0.41462964,0,66,3) common (21-100)
185,0.67324895,0.32675105,0,1070,4) very common (100+)
186,0.9985273,0.0014727116,0,211,4) very common (100+)
187,0.42506757,0.57493246,1,81,3) common (21-100)
188,0.100184366,0.8998156,1,10,2) rare (6-20)
189,0.29403988,0.70596015,0,1,1) very rare (1-5)
190,0.9756422,0.024357796,0,1070,4) very common (100+)
191,0.074819855,0.92518014,1,2,1) very rare (1-5)
192,0.30090368,0.6990963,1,20,2) rare (6-20)
193,0.20792195,0.792078,1,5,1) very rare (1-5)
194,0.28149232,0.71850765,1,4,1) very rare (1-5)
195,0.7129719,0.28702807,0,4,1) very rare (1-5)
196,0.61456996,0.38543004,0,6,2) rare (6-20)
197,0.80740994,0.19259006,1,45,3) common (21-100)
198,0.5981526,0.40184742,1,108,4) very common (100+)
199,0.26498216,0.73501784,0,44,3) common (21-100)
200,0.7019389,0.29806107,1,30,3) common (21-100)
201,0.42947856,0.5705215,1,96,3) common (21-100)
202,0.8958493,0.10415071,0,70,3) common (21-100)
203,0.112679616,0.8873204,1,0,1) very rare (1-5)
204,0.056088604,0.9439114,1,2,1) very rare (1-5)
205,0.16860582,0.8313942,1,2,1) very rare (1-5)
206,0.14638786,0.8536121,1,372,4) very common (100+)
207,0.8214035,0.1785965,1,0,1) very rare (1-5)
208,0.12786673,0.87213326,1,11,2) rare (6-20)
209,0.5127053,0.48729467,1,0,1) very rare (1-5)
210,0.450168,0.549832,0,274,4) very common (100+)
211,0.8908022,0.109197795,0,99,3) common (21-100)
212,0.26478642,0.7352136,1,5,1) very rare (1-5)
213,0.77011544,0.22988456,0,1290,4) very common (100+)
214,0.7285071,0.2714929,0,5,1) very rare (1-5)
215,0.20703082,0.79296917,1,1,1) very rare (1-5)
216,0.70415807,0.29584193,0,121,4) very common (100+)
217,0.74912846,0.25087154,1,1,1) very rare (1-5)
218,0.8397343,0.16026568,0,118,4) very common (100+)
219,0.9637695,0.036230505,0,118,4) very common (100+)
220,0.3666293,0.6333707,1,1,1) very rare (1-5)
221,0.8105308,0.18946922,0,6,2) rare (6-20)
222,0.38157097,0.61842906,1,4,1) very rare (1-5)
223,0.1789698,0.8210302,0,4,1) very rare (1-5)
224,0.15180434,0.8481957,1,1,1) very rare (1-5)
225,0.8118271,0.18817288,0,1290,4) very common (100+)
226,0.5917213,0.4082787,1,9,2) rare (6-20)
227,0.6475755,0.3524245,0,8,2) rare (6-20)
228,0.22926667,0.77073336,1,9,2) rare (6-20)
229,0.6448442,0.35515583,1,237,4) very common (100+)
230,0.5176224,0.4823776,0,261,4) very common (100+)
231,0.23404264,0.76595736,1,3,1) very rare (1-5)
232,0.2615331,0.73846686,1,3,1) very rare (1-5)
233,0.74511284,0.25488716,0,108,4) very common (100+)
234,0.49035737,0.5096426,0,118,4) very common (100+)
235,0.093970194,0.9060298,1,9,2) rare (6-20)
236,0.322869,0.677131,1,20,2) rare (6-20)
237,0.3623099,0.63769007,0,22,3) common (21-100)
238,0.031994715,0.9680053,1,3,1) very rare (1-5)
239,0.3714029,0.62859714,1,145,4) very common (100+)
240,0.93775827,0.062241733,1,84,3) common (21-100)
241,0.55133814,0.44866186,1,33,3) common (21-100)
242,0.9592217,0.04077828,1,8,2) rare (6-20)
243,0.107325464,0.89267457,1,1,1) very rare (1-5)
244,0.08271623,0.9172838,1,39,3) common (21-100)
245,0.9203201,0.07967991,0,1070,4) very common (100+)
246,0.95570993,0.044290066,0,1070,4) very common (100+)
247,0.5961553,0.4038447,0,39,3) common (21-100)
248,0.2440307,0.7559693,0,3,1) very rare (1-5)
249,0.9588274,0.041172624,0,92,3) common (21-100)
250,0.46734384,0.5326562,1,0,1) very rare (1-5)
251,0.23932567,0.76067436,1,2,1) very rare (1-5)
252,0.2973417,0.7026583,1,5,1) very rare (1-5)
253,0.9472503,0.052749693,0,421,4) very common (100+)
254,0.1283482,0.87165177,1,0,1) very rare (1-5)
255,0.053012688,0.94698733,1,0,1) very rare (1-5)
256,0.2824685,0.7175315,1,16,2) rare (6-20)
257,0.74223125,0.25776875,1,0,1) very rare (1-5)
258,0.53879744,0.46120256,0,1070,4) very common (100+)
259,0.086957544,0.9130424,0,14,2) rare (6-20)
260,0.84739006,0.15260994,0,47,3) common (21-100)
261,0.31329843,0.68670154,1,0,1) very rare (1-5)
262,0.23701113,0.76298887,0,18,2) rare (6-20)
263,0.9865143,0.01348573,0,700,4) very common (100+)
264,0.76518923,0.23481077,1,79,3) common (21-100)
265,0.91736364,0.08263636,0,178,4) very common (100+)
266,0.80954194,0.19045806,0,261,4) very common (100+)
267,0.5948855,0.40511447,0,105,4) very common (100+)
268,0.70251,0.29749,0,5,1) very rare (1-5)
269,0.8838406,0.11615938,0,2,1) very rare (1-5)
270,0.05740444,0.94259554,1,0,1) very rare (1-5)
271,0.1561941,0.8438059,1,6,2) rare (6-20)
272,0.8520328,0.14796722,0,19,2) rare (6-20)
273,0.45518884,0.5448111,1,0,1) very rare (1-5)
274,0.065157905,0.9348421,1,3,1) very rare (1-5)
275,0.7534609,0.24653912,0,372,4) very common (100+)
276,0.62199914,0.37800086,1,2,1) very rare (1-5)
277,0.97606045,0.02393955,0,1070,4) very common (100+)
278,0.109995835,0.89000416,1,58,3) common (21-100)
279,0.39070588,0.6092941,0,372,4) very common (100+)
280,0.70220184,0.29779816,0,1290,4) very common (100+)
281,0.703169,0.296831,1,0,1) very rare (1-5)
282,0.251896,0.748104,1,4,1) very rare (1-5)
283,0.6180267,0.38197333,1,58,3) common (21-100)
284,0.6508372,0.34916282,0,5,1) very rare (1-5)
285,0.57712257,0.42287743,1,66,3) common (21-100)
286,0.74228805,0.25771195,0,52,3) common (21-100)
287,0.7907933,0.2092067,1,178,4) very common (100+)
288,0.9295928,0.07040721,0,5,1) very rare (1-5)
289,0.9496351,0.05036491,0,29,3) common (21-100)
290,0.31925815,0.68074185,0,1290,4) very common (100+)
291,0.7948573,0.20514268,1,7,2) rare (6-20)
292,0.9802855,0.019714475,0,105,4) very common (100+)
293,0.7259344,0.2740656,1,24,3) common (21-100)
294,0.8843846,0.11561543,0,94,3) common (21-100)
295,0.93849045,0.06150955,1,0,1) very rare (1-5)
296,0.59412247,0.40587753,1,2,1) very rare (1-5)
297,0.4664621,0.53353786,0,23,3) common (21-100)
298,0.90108734,0.09891266,0,1070,4) very common (100+)
299,0.9127355,0.08726448,0,79,3) common (21-100)
300,0.57351655,0.42648345,1,0,1) very rare (1-5)
301,0.24472994,0.75527006,1,5,1) very rare (1-5)
302,0.24837458,0.7516254,1,134,4) very common (100+)
303,0.08879524,0.91120476,1,700,4) very common (100+)
304,0.1971767,0.8028233,1,0,1) very rare (1-5)
305,0.045134142,0.9548659,1,1,1) very rare (1-5)
306,0.75640196,0.24359804,0,6,2) rare (6-20)
307,0.13643116,0.86356884,1,0,1) very rare (1-5)
308,0.33454496,0.66545504,0,13,2) rare (6-20)
309,0.46928588,0.53071415,1,1,1) very rare (1-5)
310,0.6228005,0.37719947,0,11,2) rare (6-20)
311,0.35603064,0.64396936,0,1,1) very rare (1-5)
312,0.26370817,0.7362918,1,107,4) very common (100+)
313,0.58179045,0.41820955,1,28,3) common (21-100)
314,0.7384077,0.26159233,0,99,3) common (21-100)
315,0.94613385,0.053866148,1,5,1) very rare (1-5)
316,0.62190294,0.37809706,0,4,1) very rare (1-5)
317,0.28854242,0.7114576,1,0,1) very rare (1-5)
318,0.5966464,0.40335357,0,23,3) common (21-100)
319,0.7098743,0.29012573,0,6,2) rare (6-20)
320,0.4329513,0.56704867,1,268,4) very common (100+)
321,0.9199415,0.080058515,0,76,3) common (21-100)
322,0.9582214,0.041778624,0,12,2) rare (6-20)
323,0.31087148,0.6891285,1,79,3) common (21-100)
324,0.5063587,0.49364132,0,6,2) rare (6-20)
325,0.6706744,0.32932562,1,105,4) very common (100+)
326,0.9825057,0.01749432,0,182,4) very common (100+)
327,0.7176472,0.2823528,1,106,4) very common (100+)
328,0.23557788,0.7644221,1,274,4) very common (100+)
329,0.29267752,0.7073225,1,39,3) common (21-100)
330,0.13507338,0.86492664,1,268,4) very common (100+)
331,0.80329436,0.19670564,0,1290,4) very common (100+)
332,0.9040593,0.09594071,0,10,2) rare (6-20)
333,0.59656805,0.40343195,0,106,4) very common (100+)
334,0.10725865,0.8927413,1,2,1) very rare (1-5)
335,0.87995046,0.120049536,0,4,1) very rare (1-5)
336,0.31645486,0.6835451,1,1,1) very rare (1-5)
337,0.62162894,0.37837106,0,14,2) rare (6-20)
338,0.8726112,0.12738878,1,0,1) very rare (1-5)
339,0.07811057,0.9218894,1,3,1) very rare (1-5)
340,0.8364063,0.16359371,1,1070,4) very common (100+)
341,0.7813103,0.21868968,0,1290,4) very common (100+)
342,0.8062149,0.19378507,1,38,3) common (21-100)
343,0.7789073,0.2210927,1,23,3) common (21-100)
344,0.7395887,0.26041132,0,372,4) very common (100+)
345,0.20847896,0.7915211,1,1,1) very rare (1-5)
346,0.93507046,0.064929545,0,700,4) very common (100+)
347,0.82855463,0.17144537,0,121,4) very common (100+)
348,0.16047029,0.8395297,1,58,3) common (21-100)
349,0.8307878,0.16921222,0,3,1) very rare (1-5)
350,0.39790398,0.602096,1,268,4) very common (100+)
351,0.86538714,0.13461286,0,13,2) rare (6-20)
352,0.16315128,0.83684874,1,0,1) very rare (1-5)
353,0.94057506,0.059424937,0,85,3) common (21-100)
354,0.3980179,0.6019821,0,2,1) very rare (1-5)
355,0.20760833,0.79239166,1,0,1) very rare (1-5)
356,0.52254987,0.47745013,0,49,3) common (21-100)
357,0.84275043,0.15724957,0,700,4) very common (100+)
358,0.9164264,0.08357358,0,46,3) common (21-100)
359,0.43909597,0.560904,1,1,1) very rare (1-5)
360,0.41367295,0.5863271,1,23,3) common (21-100)
361,0.64108413,0.35891587,1,81,3) common (21-100)
362,0.94798934,0.052010655,0,1070,4) very common (100+)
363,0.6720724,0.3279276,0,108,4) very common (100+)
364,0.3762854,0.62371457,1,1290,4) very common (100+)
365,0.52143884,0.47856116,1,58,3) common (21-100)
366,0.09378319,0.9062168,1,4,1) very rare (1-5)
367,0.23508134,0.7649187,0,145,4) very common (100+)
368,0.7161186,0.28388143,0,1290,4) very common (100+)
369,0.06588841,0.9341116,1,0,1) very rare (1-5)
370,0.8589047,0.14109528,1,16,2) rare (6-20)
371,0.116741695,0.8832583,1,1,1) very rare (1-5)
372,0.38913912,0.6108609,1,1290,4) very common (100+)
373,0.6625252,0.33747482,0,166,4) very common (100+)
374,0.47331455,0.5266855,1,1070,4) very common (100+)
375,0.43281245,0.56718755,1,1,1) very rare (1-5)
376,0.79575723,0.20424277,0,74,3) common (21-100)
377,0.90571207,0.09428793,0,142,4) very common (100+)
378,0.8729819,0.1270181,1,99,3) common (21-100)
379,0.5063291,0.49367088,1,24,3) common (21-100)
380,0.26227933,0.73772067,0,12,2) rare (6-20)
381,0.1442712,0.8557288,0,6,2) rare (6-20)
382,0.23565452,0.76434547,1,166,4) very common (100+)
383,0.33008492,0.6699151,0,3,1) very rare (1-5)
384,0.539846,0.460154,0,166,4) very common (100+)
385,0.83506393,0.16493607,1,17,2) rare (6-20)
386,0.5855085,0.41449147,0,421,4) very common (100+)
387,0.28078306,0.71921694,1,3,1) very rare (1-5)
388,0.31950605,0.68049395,0,3,1) very rare (1-5)
389,0.5227347,0.4772653,0,160,4) very common (100+)
390,0.028628798,0.9713712,1,0,1) very rare (1-5)
391,0.64388436,0.35611564,0,78,3) common (21-100)
392,0.15701158,0.84298843,0,0,1) very rare (1-5)
393,0.9165757,0.08342433,1,275,4) very common (100+)
394,0.82706285,0.17293715,1,118,4) very common (100+)
395,0.087474465,0.91252553,1,0,1) very rare (1-5)
396,0.285028,0.714972,0,1,1) very rare (1-5)
397,0.8781791,0.12182093,0,142,4) very common (100+)
398,0.04888361,0.9511164,1,0,1) very rare (1-5)
399,0.10460522,0.8953948,0,36,3) common (21-100)
400,0.7120463,0.28795367,0,372,4) very common (100+)
401,0.92687,0.07313001,0,55,3) common (21-100)
402,0.45174095,0.548259,0,3,1) very rare (1-5)
403,0.94761574,0.052384257,0,78,3) common (21-100)
404,0.5674486,0.43255138,1,700,4) very common (100+)
405,0.62312824,0.37687176,1,70,3) common (21-100)
406,0.9663527,0.0336473,0,421,4) very common (100+)
407,0.5727379,0.42726213,1,107,4) very common (100+)
408,0.6317519,0.3682481,1,96,3) common (21-100)
409,0.5797269,0.42027313,0,237,4) very common (100+)
410,0.6272194,0.37278062,0,124,4) very common (100+)
411,0.107362956,0.892637,1,39,3) common (21-100)
412,0.22315194,0.7768481,0,2,1) very rare (1-5)
413,0.29611543,0.7038846,1,237,4) very common (100+)
414,0.12481587,0.8751841,0,2,1) very rare (1-5)
415,0.9436172,0.056382775,0,159,4) very common (100+)
416,0.5606912,0.43930882,1,39,3) common (21-100)
417,0.5785427,0.4214573,1,1290,4) very common (100+)
418,0.93071824,0.06928176,1,6,2) rare (6-20)
419,0.953412,0.046588004,0,124,4) very common (100+)
420,0.16643971,0.8335603,1,49,3) common (21-100)
421,0.022200828,0.9777992,1,0,1) very rare (1-5)
422,0.23664024,0.7633598,0,2,1) very rare (1-5)
423,0.76742315,0.23257685,1,118,4) very common (100+)
424,0.17595269,0.8240473,0,18,2) rare (6-20)
425,0.48013377,0.5198662,1,4,1) very rare (1-5)
426,0.05402124,0.94597876,1,66,3) common (21-100)
427,0.28818035,0.71181965,1,0,1) very rare (1-5)
428,0.28481585,0.71518415,1,32,3) common (21-100)
429,0.5439739,0.45602608,0,343,4) very common (100+)
430,0.62000936,0.37999064,1,41,3) common (21-100)
431,0.7891508,0.21084923,0,1290,4) very common (100+)
432,0.2787898,0.72121024,1,58,3) common (21-100)
433,0.5159927,0.4840073,0,2,1) very rare (1-5)
434,0.89862096,0.10137904,1,70,3) common (21-100)
435,0.17176425,0.82823575,1,2,1) very rare (1-5)
436,0.38853255,0.6114675,1,1,1) very rare (1-5)
437,0.025701247,0.9742988,1,0,1) very rare (1-5)
438,0.5130328,0.4869672,1,24,3) common (21-100)
439,0.5190375,0.4809625,1,42,3) common (21-100)
440,0.8221364,0.1778636,0,372,4) very common (100+)
441,0.29000044,0.70999956,1,0,1) very rare (1-5)
442,0.47034064,0.5296594,0,1070,4) very common (100+)
443,0.86432904,0.13567096,0,237,4) very common (100+)
444,0.06782526,0.93217474,1,0,1) very rare (1-5)
445,0.26453772,0.7354623,1,3,1) very rare (1-5)
446,0.92848843,0.07151157,0,1290,4) very common (100+)
447,0.91369456,0.08630544,1,12,2) rare (6-20)
448,0.13769688,0.86230314,0,105,4) very common (100+)
449,0.8357215,0.1642785,0,86,3) common (21-100)
450,0.615963,0.38403702,0,47,3) common (21-100)
451,0.5285272,0.4714728,0,123,4) very common (100+)
452,0.6531764,0.34682357,1,49,3) common (21-100)
453,0.8347986,0.16520143,0,12,2) rare (6-20)
454,0.03464159,0.96535844,1,8,2) rare (6-20)
455,0.1345515,0.8654485,1,0,1) very rare (1-5)
456,0.103378326,0.8966217,0,7,2) rare (6-20)
457,0.32389796,0.67610204,0,5,1) very rare (1-5)
458,0.9827209,0.017279088,0,211,4) very common (100+)
459,0.5989209,0.40107912,0,20,2) rare (6-20)
460,0.089487575,0.91051245,1,0,1) very rare (1-5)
461,0.57355386,0.42644614,0,700,4) very common (100+)
462,0.23921514,0.76078486,1,1,1) very rare (1-5)
463,0.9389075,0.061092496,0,5,1) very rare (1-5)
464,0.9422878,0.057712197,0,1290,4) very common (100+)
465,0.0993784,0.9006216,1,0,1) very rare (1-5)
466,0.56490386,0.43509614,0,42,3) common (21-100)
467,0.071564,0.928436,0,4,1) very rare (1-5)
468,0.9982253,0.0017747283,0,211,4) very common (100+)
469,0.24218728,0.75781274,0,0,1) very rare (1-5)
470,0.95928186,0.04071814,0,700,4) very common (100+)
471,0.55757475,0.44242525,1,34,3) common (21-100)
472,0.93972117,0.060278833,0,223,4) very common (100+)
473,0.10606071,0.89393926,1,0,1) very rare (1-5)
474,0.040534146,0.95946586,1,0,1) very rare (1-5)
475,0.29449022,0.7055098,0,47,3) common (21-100)
476,0.23796678,0.7620332,1,8,2) rare (6-20)
477,0.29713398,0.702866,0,0,1) very rare (1-5)
478,0.6063467,0.39365327,1,13,2) rare (6-20)
479,0.41872406,0.58127594,1,0,1) very rare (1-5)
480,0.6693635,0.3306365,1,274,4) very common (100+)
481,0.24570608,0.7542939,1,0,1) very rare (1-5)
482,0.86919445,0.13080555,1,0,1) very rare (1-5)
483,0.26636797,0.733632,1,70,3) common (21-100)
484,0.030149758,0.96985024,1,10,2) rare (6-20)
485,0.47519103,0.524809,1,0,1) very rare (1-5)
486,0.12914425,0.87085575,1,58,3) common (21-100)
487,0.13397883,0.86602116,1,19,2) rare (6-20)
488,0.63040215,0.36959785,1,1,1) very rare (1-5)
489,0.6865964,0.3134036,1,6,2) rare (6-20)
490,0.948682,0.05131799,0,1070,4) very common (100+)
491,0.32284915,0.67715085,1,2,1) very rare (1-5)
492,0.77837217,0.22162783,0,1290,4) very common (100+)
493,0.99338806,0.0066119432,0,142,4) very common (100+)
494,0.74235636,0.25764364,0,14,2) rare (6-20)
495,0.35755253,0.6424475,0,275,4) very common (100+)
496,0.70323783,0.29676217,0,23,3) common (21-100)
497,0.76068735,0.23931265,0,12,2) rare (6-20)
498,0.10154853,0.89845145,1,0,1) very rare (1-5)
499,0.6961966,0.30380338,0,37,3) common (21-100)
500,0.5044808,0.49551922,1,0,1) very rare (1-5)
501,0.18964386,0.81035614,1,0,1) very rare (1-5)
502,0.33979762,0.6602024,1,0,1) very rare (1-5)
503,0.46926194,0.53073806,1,1,1) very rare (1-5)
504,0.22033483,0.7796652,1,0,1) very rare (1-5)
505,0.45485386,0.5451461,1,0,1) very rare (1-5)
506,0.3573891,0.6426109,1,10,2) rare (6-20)
507,0.7208351,0.2791649,1,1290,4) very common (100+)
508,0.11911967,0.88088036,1,15,2) rare (6-20)
509,0.73133296,0.26866704,1,4,1) very rare (1-5)
510,0.26466143,0.73533857,1,76,3) common (21-100)
511,0.6701944,0.3298056,1,11,2) rare (6-20)
512,0.489059,0.510941,0,105,4) very common (100+)
513,0.94182634,0.058173656,1,62,3) common (21-100)
514,0.50101674,0.49898326,1,1290,4) very common (100+)
515,0.059267834,0.9407322,1,4,1) very rare (1-5)
516,0.097797036,0.90220296,1,36,3) common (21-100)
517,0.47086394,0.52913606,0,1,1) very rare (1-5)
518,0.4463347,0.5536653,1,6,2) rare (6-20)
519,0.3847706,0.61522937,1,46,3) common (21-100)
520,0.95877576,0.04122424,0,5,1) very rare (1-5)
521,0.37307346,0.62692654,1,0,1) very rare (1-5)
522,0.5509348,0.4490652,1,0,1) very rare (1-5)
523,0.2536429,0.7463571,1,18,2) rare (6-20)
524,0.47111285,0.52888715,1,1,1) very rare (1-5)
525,0.6396233,0.36037672,1,23,3) common (21-100)
526,0.64133775,0.35866225,0,4,1) very rare (1-5)
527,0.4000891,0.5999109,1,0,1) very rare (1-5)
528,0.6841777,0.3158223,1,2,1) very rare (1-5)
529,0.6848514,0.3151486,1,14,2) rare (6-20)
530,0.795703,0.204297,0,56,3) common (21-100)
531,0.76079834,0.23920166,1,2,1) very rare (1-5)
532,0.7927823,0.2072177,0,96,3) common (21-100)
533,0.5226407,0.4773593,1,2,1) very rare (1-5)
534,0.19160226,0.80839777,1,41,3) common (21-100)
535,0.7158296,0.2841704,1,62,3) common (21-100)
536,0.3414083,0.6585917,1,4,1) very rare (1-5)
537,0.68493277,0.31506723,1,1070,4) very common (100+)
538,0.39575723,0.6042428,0,36,3) common (21-100)
539,0.98786676,0.012133241,0,3,1) very rare (1-5)
540,0.14459075,0.85540926,0,372,4) very common (100+)
541,0.3938435,0.60615647,0,8,2) rare (6-20)
542,0.029854115,0.9701459,1,0,1) very rare (1-5)
543,0.459071,0.54092896,1,21,3) common (21-100)
544,0.6591064,0.34089363,0,19,2) rare (6-20)
545,0.2421645,0.7578355,0,19,2) rare (6-20)
546,0.86387587,0.13612413,0,28,3) common (21-100)
547,0.45530358,0.54469645,0,372,4) very common (100+)
548,0.032770954,0.96722907,1,0,1) very rare (1-5)
549,0.0715554,0.9284446,1,62,3) common (21-100)
550,0.60989577,0.39010423,0,105,4) very common (100+)
551,0.15882662,0.8411734,1,0,1) very rare (1-5)
552,0.44004226,0.55995774,0,6,2) rare (6-20)
553,0.5351812,0.46481878,0,2,1) very rare (1-5)
554,0.27816492,0.7218351,0,5,1) very rare (1-5)
555,0.3054206,0.69457936,0,5,1) very rare (1-5)
556,0.46578923,0.5342108,0,49,3) common (21-100)
557,0.71623576,0.28376424,1,9,2) rare (6-20)
558,0.17709824,0.8229017,0,28,3) common (21-100)
559,0.86438686,0.13561314,0,26,3) common (21-100)
560,0.45250914,0.54749084,0,15,2) rare (6-20)
561,0.42816493,0.57183504,1,106,4) very common (100+)
562,0.16449952,0.8355005,1,2,1) very rare (1-5)
563,0.18074764,0.8192524,1,0,1) very rare (1-5)
564,0.45776588,0.5422341,1,20,2) rare (6-20)
565,0.3494298,0.6505702,1,1,1) very rare (1-5)
566,0.44761336,0.55238664,1,12,2) rare (6-20)
567,0.13977304,0.860227,1,107,4) very common (100+)
568,0.556161,0.443839,1,124,4) very common (100+)
569,0.75005203,0.24994797,0,7,2) rare (6-20)
570,0.3618103,0.6381897,1,5,1) very rare (1-5)
571,0.97421116,0.025788844,0,237,4) very common (100+)
572,0.2893653,0.7106347,1,1,1) very rare (1-5)
573,0.037365105,0.9626349,1,16,2) rare (6-20)
574,0.88986343,0.11013657,0,1,1) very rare (1-5)
575,0.44066745,0.55933255,1,1290,4) very common (100+)
576,0.79439825,0.20560175,1,700,4) very common (100+)
577,0.7910339,0.20896608,0,5,1) very rare (1-5)
578,0.4208341,0.57916594,0,14,2) rare (6-20)
579,0.24722108,0.7527789,0,178,4) very common (100+)
580,0.01868817,0.98131186,1,372,4) very common (100+)
581,0.6082466,0.39175338,0,3,1) very rare (1-5)
582,0.45333737,0.5466626,0,70,3) common (21-100)
583,0.16265549,0.8373445,0,6,2) rare (6-20)
584,0.3485919,0.6514081,1,223,4) very common (100+)
585,0.52064484,0.47935516,0,1290,4) very common (100+)
586,0.50840306,0.49159694,0,62,3) common (21-100)
587,0.37389156,0.6261084,0,421,4) very common (100+)
588,0.04201681,0.9579832,0,159,4) very common (100+)
589,0.9687478,0.031252205,0,1000,4) very common (100+)
590,0.21700826,0.78299177,1,7,2) rare (6-20)
591,0.04275719,0.9572428,1,3,1) very rare (1-5)
592,0.8830125,0.11698753,0,237,4) very common (100+)
593,0.7957707,0.2042293,0,34,3) common (21-100)
594,0.9736788,0.026321173,0,47,3) common (21-100)
595,0.23489143,0.7651086,1,10,2) rare (6-20)
596,0.4382043,0.5617957,0,3,1) very rare (1-5)
597,0.92247313,0.07752687,0,274,4) very common (100+)
598,0.22973044,0.7702696,0,2,1) very rare (1-5)
599,0.600033,0.399967,0,21,3) common (21-100)
600,0.29387942,0.7061206,1,17,2) rare (6-20)
601,0.3683723,0.6316277,1,1,1) very rare (1-5)
602,0.48998654,0.51001346,1,78,3) common (21-100)
603,0.82131505,0.17868495,1,78,3) common (21-100)
604,0.8885088,0.1114912,0,105,4) very common (100+)
605,0.7815023,0.2184977,0,10,2) rare (6-20)
606,0.4532075,0.5467925,1,3,1) very rare (1-5)
607,0.41804233,0.5819577,0,79,3) common (21-100)
608,0.39144117,0.60855883,0,275,4) very common (100+)
609,0.5810975,0.41890252,0,12,2) rare (6-20)
610,0.24818406,0.7518159,0,124,4) very common (100+)
611,0.8981803,0.101819694,0,1,1) very rare (1-5)
612,0.6801889,0.3198111,1,25,3) common (21-100)
613,0.7596475,0.24035251,1,1,1) very rare (1-5)
614,0.5330038,0.4669962,0,5,1) very rare (1-5)
615,0.22509007,0.7749099,1,142,4) very common (100+)
616,0.05573936,0.94426066,1,0,1) very rare (1-5)
617,0.18085074,0.81914926,1,76,3) common (21-100)
618,0.15194388,0.84805614,0,159,4) very common (100+)
619,0.46149,0.53850996,0,106,4) very common (100+)
620,0.3207985,0.6792015,0,5,1) very rare (1-5)
621,0.43678752,0.5632125,0,14,2) rare (6-20)
622,0.025367929,0.9746321,1,0,1) very rare (1-5)
623,0.1032099,0.8967901,1,10,2) rare (6-20)
624,0.42944765,0.57055235,0,5,1) very rare (1-5)
625,0.10741568,0.8925843,1,86,3) common (21-100)
626,0.040181402,0.9598186,1,79,3) common (21-100)
627,0.38785002,0.61214995,1,8,2) rare (6-20)
628,0.7862091,0.2137909,1,38,3) common (21-100)
629,0.7226915,0.27730852,0,6,2) rare (6-20)
630,0.17342238,0.8265776,1,1,1) very rare (1-5)
631,0.079443656,0.92055637,1,3,1) very rare (1-5)
632,0.9713216,0.028678417,0,12,2) rare (6-20)
633,0.3015262,0.6984738,1,9,2) rare (6-20)
634,0.18029214,0.8197079,1,0,1) very rare (1-5)
635,0.3284135,0.6715865,1,2,1) very rare (1-5)
636,0.9098093,0.09019071,0,23,3) common (21-100)
637,0.15118924,0.8488108,1,0,1) very rare (1-5)
638,0.1743439,0.8256561,1,0,1) very rare (1-5)
639,0.18686073,0.81313926,0,2,1) very rare (1-5)
640,0.508184,0.49181598,0,82,3) common (21-100)
641,0.6867236,0.3132764,0,2,1) very rare (1-5)
642,0.11592981,0.88407016,0,0,1) very rare (1-5)
643,0.18898988,0.8110101,1,1,1) very rare (1-5)
644,0.16596562,0.8340344,1,94,3) common (21-100)
645,0.7897191,0.2102809,0,2,1) very rare (1-5)
646,0.12628394,0.87371606,0,22,3) common (21-100)
647,0.053193163,0.94680685,0,4,1) very rare (1-5)
648,0.3746244,0.6253756,1,85,3) common (21-100)
649,0.4828704,0.5171296,0,13,2) rare (6-20)
650,0.3701206,0.62987936,0,15,2) rare (6-20)
651,0.37109545,0.6289046,1,1,1) very rare (1-5)
652,0.6849522,0.3150478,1,1,1) very rare (1-5)
653,0.4385517,0.56144834,0,9,2) rare (6-20)
654,0.15616566,0.84383434,1,0,1) very rare (1-5)
655,0.020591497,0.9794085,1,0,1) very rare (1-5)
656,0.64864236,0.35135764,1,8,2) rare (6-20)
657,0.7385549,0.2614451,1,268,4) very common (100+)
658,0.25212708,0.74787295,1,18,2) rare (6-20)
659,0.11214239,0.8878576,1,0,1) very rare (1-5)
660,0.42373353,0.57626647,1,6,2) rare (6-20)
661,0.100048505,0.8999515,1,275,4) very common (100+)
662,0.34126964,0.6587304,1,8,2) rare (6-20)
663,0.45604154,0.5439584,0,0,1) very rare (1-5)
664,0.17988962,0.8201104,0,5,1) very rare (1-5)
665,0.8727997,0.1272003,1,0,1) very rare (1-5)
666,0.80949837,0.19050163,0,100,3) common (21-100)
667,0.6403699,0.3596301,1,1,1) very rare (1-5)
668,0.95856124,0.04143876,0,118,4) very common (100+)
669,0.709077,0.290923,0,106,4) very common (100+)
670,0.10992397,0.89007604,0,0,1) very rare (1-5)
671,0.657129,0.342871,0,19,2) rare (6-20)
672,0.13075212,0.8692479,1,3,1) very rare (1-5)
673,0.8775185,0.122481525,0,1070,4) very common (100+)
674,0.55778223,0.44221777,0,0,1) very rare (1-5)
675,0.28652492,0.7134751,1,28,3) common (21-100)
676,0.46502873,0.53497124,0,5,1) very rare (1-5)
677,0.5354738,0.46452618,1,0,1) very rare (1-5)
678,0.19148593,0.80851406,1,1290,4) very common (100+)
679,0.45063654,0.5493635,0,1000,4) very common (100+)
680,0.14927481,0.8507252,1,7,2) rare (6-20)
681,0.12119734,0.87880266,1,0,1) very rare (1-5)
682,0.043966107,0.9560339,1,2,1) very rare (1-5)
683,0.4117871,0.5882129,0,421,4) very common (100+)
684,0.12254717,0.87745285,1,0,1) very rare (1-5)
685,0.50731987,0.49268013,0,89,3) common (21-100)
686,0.039755885,0.9602441,1,0,1) very rare (1-5)
687,0.07887744,0.92112255,0,1,1) very rare (1-5)
688,0.92744535,0.07255465,1,0,1) very rare (1-5)
689,0.09084518,0.90915483,1,2,1) very rare (1-5)
690,0.17826861,0.8217314,1,0,1) very rare (1-5)
691,0.14972588,0.8502741,0,13,2) rare (6-20)
692,0.9209993,0.07900071,0,106,4) very common (100+)
693,0.14271615,0.85728383,0,7,2) rare (6-20)
694,0.7396664,0.2603336,1,28,3) common (21-100)
695,0.4423774,0.5576226,1,7,2) rare (6-20)
696,0.20546362,0.79453635,1,70,3) common (21-100)
697,0.096522644,0.9034774,0,7,2) rare (6-20)
698,0.7352717,0.2647283,0,82,3) common (21-100)
699,0.9042356,0.0957644,0,7,2) rare (6-20)
700,0.8620326,0.13796741,0,5,1) very rare (1-5)
701,0.75601965,0.24398035,1,107,4) very common (100+)
702,0.12466469,0.87533534,1,7,2) rare (6-20)
703,0.399434,0.600566,0,1,1) very rare (1-5)
704,0.76317316,0.23682684,0,7,2) rare (6-20)
705,0.8882912,0.11170882,1,372,4) very common (100+)
706,0.03388137,0.96611863,1,0,1) very rare (1-5)
707,0.18857726,0.8114227,1,2,1) very rare (1-5)
708,0.13720493,0.86279505,1,20,2) rare (6-20)
709,0.5938414,0.40615863,0,261,4) very common (100+)
710,0.12669742,0.8733026,1,0,1) very rare (1-5)
711,0.16246822,0.8375318,1,3,1) very rare (1-5)
712,0.32719505,0.67280495,0,3,1) very rare (1-5)
713,0.19256444,0.8074356,0,96,3) common (21-100)
714,0.19222993,0.8077701,1,66,3) common (21-100)
715,0.24396214,0.75603783,1,44,3) common (21-100)
716,0.29927132,0.70072865,0,268,4) very common (100+)
717,0.8161645,0.1838355,1,1290,4) very common (100+)
718,0.1385051,0.8614949,0,6,2) rare (6-20)
719,0.582741,0.41725898,0,4,1) very rare (1-5)
720,0.70142525,0.29857475,0,12,2) rare (6-20)
721,0.6293456,0.3706544,0,4,1) very rare (1-5)
722,0.880918,0.119081974,1,111,4) very common (100+)
723,0.8408335,0.15916651,0,1070,4) very common (100+)
724,0.6014165,0.39858347,0,15,2) rare (6-20)
725,0.1447893,0.8552107,1,1,1) very rare (1-5)
726,0.61510104,0.38489896,0,275,4) very common (100+)
727,0.32937843,0.6706216,0,1,1) very rare (1-5)
728,0.059885997,0.940114,1,0,1) very rare (1-5)
729,0.57449114,0.42550886,1,1070,4) very common (100+)
730,0.10968173,0.8903183,1,275,4) very common (100+)
731,0.68702096,0.31297904,0,142,4) very common (100+)
732,0.52187836,0.47812164,1,41,3) common (21-100)
733,0.038590264,0.96140975,1,0,1) very rare (1-5)
734,0.23519197,0.76480806,1,107,4) very common (100+)
735,0.102362275,0.8976377,0,6,2) rare (6-20)
736,0.6128637,0.38713628,1,1,1) very rare (1-5)
737,0.9533689,0.046631098,0,39,3) common (21-100)
738,0.16484989,0.8351501,0,1,1) very rare (1-5)
739,0.207317,0.792683,1,17,2) rare (6-20)
740,0.4529827,0.54701734,0,15,2) rare (6-20)
741,0.10152303,0.89847696,1,70,3) common (21-100)
742,0.8910488,0.10895121,0,1070,4) very common (100+)
743,0.2189189,0.7810811,1,0,1) very rare (1-5)
744,0.60008544,0.39991456,1,4,1) very rare (1-5)
745,0.93226165,0.067738354,0,60,3) common (21-100)
746,0.5772184,0.4227816,0,2,1) very rare (1-5)
747,0.3722941,0.62770593,1,4,1) very rare (1-5)
748,0.09384212,0.90615785,0,17,2) rare (6-20)
749,0.49628142,0.5037186,0,0,1) very rare (1-5)
750,0.4987833,0.5012167,1,0,1) very rare (1-5)
751,0.9414346,0.05856538,0,15,2) rare (6-20)
752,0.9264829,0.073517084,0,0,1) very rare (1-5)
753,0.8731028,0.12689722,0,1000,4) very common (100+)
754,0.42063147,0.57936853,0,20,2) rare (6-20)
755,0.9178482,0.08215177,0,12,2) rare (6-20)
756,0.9210331,0.078966916,0,237,4) very common (100+)
757,0.9454341,0.054565907,0,9,2) rare (6-20)
758,0.3659216,0.6340784,1,47,3) common (21-100)
759,0.34199196,0.65800804,1,10,2) rare (6-20)
760,0.84925467,0.15074533,0,421,4) very common (100+)
761,0.07377825,0.9262217,1,261,4) very common (100+)
762,0.14504816,0.85495186,1,58,3) common (21-100)
763,0.94469,0.05531001,1,1290,4) very common (100+)
764,0.7367432,0.2632568,0,102,4) very common (100+)
765,0.18857962,0.8114204,0,6,2) rare (6-20)
766,0.9915276,0.008472383,0,223,4) very common (100+)
767,0.014972713,0.9850273,0,0,1) very rare (1-5)
768,0.765936,0.23406398,0,1070,4) very common (100+)
769,0.933171,0.066829026,0,22,3) common (21-100)
770,0.9052318,0.094768226,0,94,3) common (21-100)
771,0.5088548,0.4911452,1,99,3) common (21-100)
772,0.30351478,0.6964852,1,23,3) common (21-100)
773,0.8689715,0.13102847,1,0,1) very rare (1-5)
774,0.2221129,0.7778871,0,81,3) common (21-100)
775,0.9881093,0.011890709,0,39,3) common (21-100)
776,0.19404985,0.80595016,0,1,1) very rare (1-5)
777,0.5958285,0.40417153,0,47,3) common (21-100)
778,0.34049973,0.65950024,0,0,1) very rare (1-5)
779,0.8475378,0.15246218,0,118,4) very common (100+)
780,0.47742808,0.5225719,0,4,1) very rare (1-5)
781,0.32822952,0.67177045,1,275,4) very common (100+)
782,0.5588578,0.4411422,1,0,1) very rare (1-5)
783,0.14582592,0.8541741,1,36,3) common (21-100)
784,0.24884412,0.75115585,0,40,3) common (21-100)
785,0.31149912,0.6885009,1,2,1) very rare (1-5)
786,0.97928405,0.020715952,1,19,2) rare (6-20)
787,0.4223109,0.5776891,0,1000,4) very common (100+)
788,0.56530666,0.43469334,0,90,3) common (21-100)
789,0.6369939,0.36300611,0,1290,4) very common (100+)
790,0.4395736,0.5604264,1,0,1) very rare (1-5)
791,0.5332394,0.46676058,1,1290,4) very common (100+)
792,0.30639368,0.6936063,1,0,1) very rare (1-5)
793,0.44391826,0.5560818,0,700,4) very common (100+)
794,0.94338214,0.056617856,0,44,3) common (21-100)
795,0.7008683,0.2991317,0,100,3) common (21-100)
796,0.4666604,0.5333396,1,0,1) very rare (1-5)
797,0.021796945,0.97820306,1,0,1) very rare (1-5)
798,0.060763035,0.93923694,1,0,1) very rare (1-5)
799,0.29457408,0.7054259,1,0,1) very rare (1-5)
800,0.28201193,0.7179881,1,372,4) very common (100+)
801,0.73179495,0.26820505,0,30,3) common (21-100)
802,0.856989,0.14301097,0,421,4) very common (100+)
803,0.96697974,0.033020258,1,47,3) common (21-100)
804,0.5502618,0.4497382,1,66,3) common (21-100)
805,0.4257498,0.5742502,0,15,2) rare (6-20)
806,0.8484903,0.1515097,0,14,2) rare (6-20)
807,0.49299774,0.50700223,0,5,1) very rare (1-5)
808,0.7321894,0.26781058,0,14,2) rare (6-20)
809,0.33602428,0.6639757,1,86,3) common (21-100)
810,0.2534816,0.7465184,1,0,1) very rare (1-5)
811,0.1760416,0.8239584,1,19,2) rare (6-20)
812,0.17113465,0.82886535,0,1,1) very rare (1-5)
813,0.85054725,0.14945275,0,108,4) very common (100+)
814,0.35938916,0.6406108,1,118,4) very common (100+)
815,0.24833351,0.7516665,1,41,3) common (21-100)
816,0.2244881,0.7755119,0,108,4) very common (100+)
817,0.8702736,0.12972641,1,0,1) very rare (1-5)
818,0.91019726,0.08980274,0,421,4) very common (100+)
819,0.29326037,0.70673966,1,13,2) rare (6-20)
820,0.6620606,0.33793938,0,1,1) very rare (1-5)
821,0.26423308,0.7357669,1,2,1) very rare (1-5)
822,0.73104066,0.26895934,1,275,4) very common (100+)
823,0.7793991,0.2206009,0,700,4) very common (100+)
824,0.53258216,0.46741784,1,0,1) very rare (1-5)
825,0.6658186,0.33418143,1,1,1) very rare (1-5)
826,0.8409011,0.15909892,0,1,1) very rare (1-5)
827,0.4202716,0.57972836,1,700,4) very common (100+)
828,0.7368344,0.2631656,0,1,1) very rare (1-5)
829,0.8690687,0.13093132,0,68,3) common (21-100)
830,0.40787306,0.59212697,1,11,2) rare (6-20)
831,0.20410949,0.7958905,1,18,2) rare (6-20)
832,0.41859242,0.58140755,0,1,1) very rare (1-5)
833,0.9589783,0.041021705,0,105,4) very common (100+)
834,0.9372739,0.06272608,0,15,2) rare (6-20)
835,0.13436781,0.8656322,0,1,1) very rare (1-5)
836,0.22209053,0.77790946,1,70,3) common (21-100)
837,0.7276151,0.27238488,0,1000,4) very common (100+)
838,0.08882952,0.9111705,1,3,1) very rare (1-5)
839,0.32001197,0.679988,0,372,4) very common (100+)
840,0.93235236,0.067647636,0,142,4) very common (100+)
841,0.04488314,0.95511687,1,0,1) very rare (1-5)
842,0.9932161,0.0067839026,0,1000,4) very common (100+)
843,0.3057279,0.6942721,1,58,3) common (21-100)
844,0.40306684,0.5969331,0,70,3) common (21-100)
845,0.13577525,0.86422473,1,84,3) common (21-100)
846,0.86027986,0.13972014,0,100,3) common (21-100)
847,0.72926027,0.27073973,0,121,4) very common (100+)
848,0.15304963,0.84695035,1,0,1) very rare (1-5)
849,0.58999515,0.41000485,1,22,3) common (21-100)
850,0.60946137,0.39053863,0,182,4) very common (100+)
851,0.75263256,0.24736744,0,14,2) rare (6-20)
852,0.1160655,0.8839345,1,36,3) common (21-100)
853,0.53888685,0.46111315,1,1,1) very rare (1-5)
854,0.32548735,0.6745126,1,0,1) very rare (1-5)
855,0.7476798,0.25232017,0,100,3) common (21-100)
856,0.46031553,0.5396845,1,20,2) rare (6-20)
857,0.5156556,0.48434442,1,3,1) very rare (1-5)
858,0.4430433,0.5569567,1,17,2) rare (6-20)
859,0.06458511,0.9354149,1,4,1) very rare (1-5)
860,0.26724508,0.73275495,0,6,2) rare (6-20)
861,0.9872558,0.012744188,0,35,3) common (21-100)
862,0.6216368,0.3783632,0,1,1) very rare (1-5)
863,0.924197,0.07580298,0,274,4) very common (100+)
864,0.90195286,0.09804714,0,121,4) very common (100+)
865,0.15123507,0.8487649,1,0,1) very rare (1-5)
866,0.11471713,0.8852829,1,0,1) very rare (1-5)
867,0.27792618,0.7220738,0,7,2) rare (6-20)
868,0.9629592,0.03704083,0,700,4) very common (100+)
869,0.7593893,0.24061072,0,79,3) common (21-100)
870,0.6746258,0.3253742,0,17,2) rare (6-20)
871,0.18222743,0.81777257,0,14,2) rare (6-20)
872,0.24157642,0.75842357,1,0,1) very rare (1-5)
873,0.89643025,0.103569746,0,24,3) common (21-100)
874,0.96969855,0.030301452,1,0,1) very rare (1-5)
875,0.056982055,0.94301796,1,0,1) very rare (1-5)
876,0.28731847,0.71268153,0,237,4) very common (100+)
877,0.67485243,0.32514757,0,21,3) common (21-100)
878,0.040785097,0.9592149,1,79,3) common (21-100)
879,0.761639,0.238361,1,0,1) very rare (1-5)
880,0.617665,0.382335,1,1,1) very rare (1-5)
881,0.3892016,0.61079836,1,36,3) common (21-100)
882,0.17148171,0.8285183,1,30,3) common (21-100)
883,0.24909994,0.75090003,1,343,4) very common (100+)
884,0.24852946,0.75147057,1,372,4) very common (100+)
885,0.41099966,0.58900034,1,0,1) very rare (1-5)
886,0.030848924,0.9691511,1,4,1) very rare (1-5)
887,0.9889454,0.011054575,1,0,1) very rare (1-5)
888,0.36096564,0.6390344,1,8,2) rare (6-20)
889,0.98691434,0.013085663,0,78,3) common (21-100)
890,0.22449595,0.77550405,1,1,1) very rare (1-5)
891,0.98327535,0.016724646,0,89,3) common (21-100)
892,0.5694813,0.4305187,1,0,1) very rare (1-5)
893,0.26359937,0.7364006,1,372,4) very common (100+)
894,0.5321825,0.4678175,1,18,2) rare (6-20)
895,0.6542825,0.3457175,1,28,3) common (21-100)
896,0.2570271,0.7429729,1,71,3) common (21-100)
897,0.35414657,0.6458534,1,14,2) rare (6-20)
898,0.42729506,0.5727049,0,1,1) very rare (1-5)
899,0.032086983,0.96791303,0,0,1) very rare (1-5)
900,0.17354889,0.8264511,1,268,4) very common (100+)
901,0.75097966,0.24902034,1,4,1) very rare (1-5)
902,0.30785736,0.6921426,0,2,1) very rare (1-5)
903,0.8847503,0.11524969,0,1070,4) very common (100+)
904,0.14975862,0.85024136,1,7,2) rare (6-20)
905,0.03193686,0.9680631,1,275,4) very common (100+)
906,0.1704518,0.8295482,1,17,2) rare (6-20)
907,0.38304862,0.61695135,1,63,3) common (21-100)
908,0.8785235,0.12147647,0,63,3) common (21-100)
909,0.33483538,0.6651646,1,1290,4) very common (100+)
910,0.4315285,0.5684715,0,13,2) rare (6-20)
911,0.84191275,0.15808725,0,17,2) rare (6-20)
912,0.30561894,0.69438106,1,1290,4) very common (100+)
913,0.5903926,0.4096074,0,2,1) very rare (1-5)
914,0.6406401,0.35935992,0,6,2) rare (6-20)
915,0.8249113,0.1750887,0,18,2) rare (6-20)
916,0.15276252,0.84723747,1,178,4) very common (100+)
917,0.64121634,0.35878366,1,0,1) very rare (1-5)
918,0.8863782,0.11362177,0,166,4) very common (100+)
919,0.5896731,0.4103269,1,1290,4) very common (100+)
920,0.68158716,0.31841284,0,82,3) common (21-100)
921,0.076290876,0.92370915,1,0,1) very rare (1-5)
922,0.9765255,0.023474514,0,1000,4) very common (100+)
923,0.46816817,0.53183186,0,105,4) very common (100+)
924,0.952048,0.047951996,0,118,4) very common (100+)
925,0.502552,0.49744803,1,23,3) common (21-100)
926,0.7138949,0.2861051,1,4,1) very rare (1-5)
927,0.9039012,0.09609878,0,4,1) very rare (1-5)
928,0.7476783,0.25232172,1,343,4) very common (100+)
929,0.2624276,0.73757243,0,2,1) very rare (1-5)
930,0.5178109,0.48218912,0,275,4) very common (100+)
931,0.15367529,0.8463247,1,20,2) rare (6-20)
932,0.13837181,0.8616282,1,11,2) rare (6-20)
933,0.084015325,0.9159847,0,1,1) very rare (1-5)
934,0.09265295,0.9073471,0,6,2) rare (6-20)
935,0.7467712,0.25322878,1,0,1) very rare (1-5)
936,0.9927793,0.0072206855,0,18,2) rare (6-20)
937,0.47150612,0.5284939,0,13,2) rare (6-20)
938,0.593777,0.406223,0,1290,4) very common (100+)
939,0.0664064,0.93359363,1,0,1) very rare (1-5)
940,0.23578851,0.7642115,1,0,1) very rare (1-5)
941,0.124088645,0.87591136,0,1,1) very rare (1-5)
942,0.76766443,0.23233557,0,5,1) very rare (1-5)
943,0.5139336,0.4860664,1,28,3) common (21-100)
944,0.5839268,0.4160732,1,261,4) very common (100+)
945,0.71989495,0.28010505,0,178,4) very common (100+)
946,0.110479675,0.88952035,1,0,1) very rare (1-5)
947,0.14779937,0.8522006,1,6,2) rare (6-20)
948,0.020418402,0.9795816,1,0,1) very rare (1-5)
949,0.49659014,0.50340986,0,69,3) common (21-100)
950,0.11271202,0.887288,0,0,1) very rare (1-5)
951,0.21054223,0.7894578,1,5,1) very rare (1-5)
952,0.8980384,0.10196161,0,223,4) very common (100+)
953,0.65559506,0.34440494,0,12,2) rare (6-20)
954,0.5845024,0.4154976,1,111,4) very common (100+)
955,0.22303532,0.77696466,0,159,4) very common (100+)
956,0.7587432,0.24125677,0,90,3) common (21-100)
957,0.704225,0.295775,1,44,3) common (21-100)
958,0.773843,0.22615701,1,1,1) very rare (1-5)
959,0.42861328,0.5713867,1,14,2) rare (6-20)
960,0.37252223,0.62747777,0,0,1) very rare (1-5)
961,0.24758928,0.7524107,1,1,1) very rare (1-5)
962,0.38335994,0.6166401,1,0,1) very rare (1-5)
963,0.21911453,0.78088546,1,70,3) common (21-100)
964,0.24144562,0.7585544,0,8,2) rare (6-20)
965,0.8718557,0.12814432,0,1070,4) very common (100+)
966,0.87944335,0.12055665,1,96,3) common (21-100)
967,0.17107627,0.8289237,1,10,2) rare (6-20)
968,0.509499,0.490501,0,45,3) common (21-100)
969,0.40530604,0.59469396,0,105,4) very common (100+)
970,0.39051935,0.6094806,0,4,1) very rare (1-5)
971,0.9242791,0.075720906,1,20,2) rare (6-20)
972,0.22946781,0.7705322,1,68,3) common (21-100)
973,0.44021586,0.5597842,0,63,3) common (21-100)
974,0.4329114,0.5670886,0,46,3) common (21-100)
975,0.46591756,0.5340824,1,1,1) very rare (1-5)
976,0.82523715,0.17476285,1,0,1) very rare (1-5)
977,0.8854206,0.11457938,1,261,4) very common (100+)
978,0.8969609,0.103039086,1,2,1) very rare (1-5)
979,0.17189462,0.8281054,1,6,2) rare (6-20)
980,0.38208818,0.6179118,0,111,4) very common (100+)
981,0.3515138,0.6484862,1,18,2) rare (6-20)
982,0.8850773,0.1149227,0,1290,4) very common (100+)
983,0.2773037,0.7226963,1,1070,4) very common (100+)
984,0.68692684,0.31307316,0,62,3) common (21-100)
985,0.05653998,0.94346005,0,0,1) very rare (1-5)
986,0.2616947,0.73830533,1,142,4) very common (100+)
987,0.6955715,0.30442852,1,1290,4) very common (100+)
988,0.80039626,0.19960374,0,47,3) common (21-100)
989,0.7514097,0.24859029,1,76,3) common (21-100)
990,0.017705532,0.98229444,1,3,1) very rare (1-5)
991,0.5874204,0.4125796,1,0,1) very rare (1-5)
992,0.63788754,0.36211246,0,1070,4) very common (100+)
993,0.10775513,0.8922449,1,32,3) common (21-100)
994,0.17182492,0.82817507,1,1,1) very rare (1-5)
995,0.06691174,0.93308824,1,38,3) common (21-100)
996,0.079409786,0.9205902,1,0,1) very rare (1-5)
997,0.37779433,0.6222057,0,118,4) very common (100+)
998,0.9831077,0.016892314,0,62,3) common (21-100)
999,0.6237453,0.37625468,1,13,2) rare (6-20)
1000,0.44331712,0.5566829,0,2,1) very rare (1-5)
1001,0.3290117,0.6709883,0,0,1) very rare (1-5)
1002,0.13822915,0.86177087,0,7,2) rare (6-20)
1003,0.038905263,0.96109474,1,68,3) common (21-100)
1004,0.23275436,0.76724565,1,16,2) rare (6-20)
1005,0.43720263,0.56279737,1,5,1) very rare (1-5)
1006,0.057062086,0.9429379,1,1,1) very rare (1-5)
1007,0.9581294,0.041870594,0,53,3) common (21-100)
1008,0.48413807,0.5158619,1,7,2) rare (6-20)
1009,0.98215574,0.01784426,0,421,4) very common (100+)
1010,0.97822136,0.021778643,0,24,3) common (21-100)
1011,0.06941649,0.9305835,1,0,1) very rare (1-5)
1012,0.28277785,0.71722215,1,22,3) common (21-100)
1013,0.6032109,0.39678907,1,76,3) common (21-100)
1014,0.9319264,0.06807357,0,159,4) very common (100+)
1015,0.20325759,0.79674244,0,118,4) very common (100+)
1016,0.9607006,0.03929943,0,178,4) very common (100+)
1017,0.6463726,0.35362738,1,146,4) very common (100+)
1018,0.1547996,0.8452004,1,94,3) common (21-100)
1019,0.9557198,0.04428017,0,27,3) common (21-100)
1020,0.9184324,0.081567585,0,39,3) common (21-100)
1021,0.85058814,0.14941186,1,1,1) very rare (1-5)
1022,0.2197701,0.7802299,0,1,1) very rare (1-5)
1023,0.30767736,0.6923226,1,223,4) very common (100+)
1024,0.6227925,0.37720752,1,1,1) very rare (1-5)
1025,0.112819664,0.8871803,1,0,1) very rare (1-5)
1026,0.8161972,0.18380278,0,85,3) common (21-100)
1027,0.028857188,0.9711428,0,8,2) rare (6-20)
1028,0.28139916,0.71860087,1,0,1) very rare (1-5)
1029,0.3047312,0.6952688,1,0,1) very rare (1-5)
1030,0.87132007,0.12867993,0,372,4) very common (100+)
1031,0.11642948,0.88357055,1,5,1) very rare (1-5)
1032,0.26770076,0.7322992,1,27,3) common (21-100)
1033,0.12415704,0.8758429,1,6,2) rare (6-20)
1034,0.8731217,0.12687832,1,1,1) very rare (1-5)
1035,0.5350277,0.46497232,1,3,1) very rare (1-5)
1036,0.29053327,0.7094667,1,5,1) very rare (1-5)
1037,0.5320269,0.4679731,0,134,4) very common (100+)
1038,0.7975528,0.20244718,0,107,4) very common (100+)
1039,0.1463704,0.8536296,0,5,1) very rare (1-5)
1040,0.8444089,0.15559107,0,1070,4) very common (100+)
1041,0.9014405,0.0985595,1,105,4) very common (100+)
1042,0.37147376,0.6285262,1,20,2) rare (6-20)
1043,0.99398744,0.006012559,0,89,3) common (21-100)
1044,0.18303657,0.81696343,1,3,1) very rare (1-5)
1045,0.51806384,0.48193616,1,70,3) common (21-100)
1046,0.21660694,0.783393,1,66,3) common (21-100)
1047,0.12866458,0.8713354,1,24,3) common (21-100)
1048,0.2324648,0.7675352,1,0,1) very rare (1-5)
1049,0.7394007,0.26059932,1,42,3) common (21-100)
1050,0.70040095,0.29959905,0,1070,4) very common (100+)
1051,0.050394665,0.94960535,1,13,2) rare (6-20)
1052,0.60189134,0.39810866,0,700,4) very common (100+)
1053,0.5272866,0.4727134,1,75,3) common (21-100)
1054,0.79186726,0.20813274,1,4,1) very rare (1-5)
1055,0.36190975,0.63809025,1,10,2) rare (6-20)
1056,0.13883075,0.8611692,0,19,2) rare (6-20)
1057,0.61751956,0.38248044,0,42,3) common (21-100)
1058,0.13319488,0.86680514,0,23,3) common (21-100)
1059,0.95075744,0.049242556,0,0,1) very rare (1-5)
1060,0.6756224,0.3243776,1,0,1) very rare (1-5)
1061,0.73949057,0.26050943,0,1290,4) very common (100+)
1062,0.7994745,0.20052552,0,1070,4) very common (100+)
1063,0.08828686,0.9117131,1,3,1) very rare (1-5)
1064,0.64222413,0.35777587,0,16,2) rare (6-20)
1065,0.13601793,0.8639821,0,18,2) rare (6-20)
1066,0.6943596,0.3056404,0,1000,4) very common (100+)
1067,0.036126677,0.9638733,1,0,1) very rare (1-5)
1068,0.5942078,0.40579218,0,421,4) very common (100+)
1069,0.13970625,0.86029375,1,0,1) very rare (1-5)
1070,0.45889622,0.5411038,0,3,1) very rare (1-5)
1071,0.16283298,0.837167,1,105,4) very common (100+)
1072,0.5422332,0.45776677,1,91,3) common (21-100)
1073,0.54822904,0.45177096,1,2,1) very rare (1-5)
1074,0.5610004,0.4389996,1,7,2) rare (6-20)
1075,0.5220425,0.4779575,1,1,1) very rare (1-5)
1076,0.77572227,0.22427773,1,20,2) rare (6-20)
1077,0.48758548,0.5124145,0,1290,4) very common (100+)
1078,0.91779834,0.08220166,0,22,3) common (21-100)
1079,0.56577206,0.43422794,1,3,1) very rare (1-5)
1080,0.2709482,0.7290518,0,0,1) very rare (1-5)
1081,0.07469878,0.9253012,0,2,1) very rare (1-5)
1082,0.4867115,0.5132885,0,1290,4) very common (100+)
1083,0.79697466,0.20302534,0,106,4) very common (100+)
1084,0.30875957,0.69124043,1,17,2) rare (6-20)
1085,0.089651994,0.910348,1,2,1) very rare (1-5)
1086,0.8629038,0.13709623,1,3,1) very rare (1-5)
1087,0.4860841,0.5139159,1,3,1) very rare (1-5)
1088,0.10859033,0.8914097,1,2,1) very rare (1-5)
1089,0.14217544,0.85782456,1,134,4) very common (100+)
1090,0.29239815,0.70760185,1,14,2) rare (6-20)
1091,0.2167602,0.7832398,0,1,1) very rare (1-5)
1092,0.39984828,0.6001517,0,0,1) very rare (1-5)
1093,0.9648516,0.035148382,0,11,2) rare (6-20)
1094,0.4585958,0.5414042,1,1,1) very rare (1-5)
1095,0.92786086,0.072139144,0,274,4) very common (100+)
1096,0.22164765,0.7783524,1,166,4) very common (100+)
1097,0.77285284,0.22714716,0,1290,4) very common (100+)
1098,0.8098631,0.19013691,0,7,2) rare (6-20)
1099,0.13304916,0.86695087,0,1,1) very rare (1-5)
1100,0.6663774,0.33362257,1,1,1) very rare (1-5)
1101,0.94885576,0.051144242,0,1000,4) very common (100+)
1102,0.6022333,0.3977667,0,1,1) very rare (1-5)
1103,0.1368472,0.8631528,0,81,3) common (21-100)
1104,0.23916882,0.7608312,0,105,4) very common (100+)
1105,0.84215826,0.15784174,0,237,4) very common (100+)
1106,0.6920977,0.30790228,1,4,1) very rare (1-5)
1107,0.42922512,0.5707749,1,62,3) common (21-100)
1108,0.093047455,0.90695256,1,0,1) very rare (1-5)
1109,0.9008363,0.09916371,0,84,3) common (21-100)
1110,0.13958867,0.86041135,0,81,3) common (21-100)
1111,0.48465508,0.5153449,0,1290,4) very common (100+)
1112,0.40768844,0.59231156,0,1290,4) very common (100+)
1113,0.4837659,0.5162341,0,700,4) very common (100+)
1114,0.14738211,0.85261786,1,0,1) very rare (1-5)
1115,0.16045885,0.83954114,1,8,2) rare (6-20)
1116,0.17525658,0.8247434,1,2,1) very rare (1-5)
1117,0.046285193,0.9537148,1,274,4) very common (100+)
1118,0.2062899,0.7937101,0,4,1) very rare (1-5)
1119,0.03523342,0.96476656,1,0,1) very rare (1-5)
1120,0.42969644,0.57030356,0,145,4) very common (100+)
1121,0.984048,0.015951991,0,421,4) very common (100+)
1122,0.10222718,0.8977728,0,0,1) very rare (1-5)
1123,0.13375401,0.866246,1,76,3) common (21-100)
1124,0.22835948,0.77164054,1,0,1) very rare (1-5)
1125,0.8485885,0.15141147,1,28,3) common (21-100)
1126,0.45508754,0.54491246,1,0,1) very rare (1-5)
1127,0.43004808,0.5699519,1,39,3) common (21-100)
1128,0.43042773,0.56957227,1,1,1) very rare (1-5)
1129,0.5693621,0.4306379,0,21,3) common (21-100)
1130,0.023543023,0.976457,1,6,2) rare (6-20)
1131,0.12601681,0.8739832,1,4,1) very rare (1-5)
1132,0.8803539,0.11964607,0,1,1) very rare (1-5)
1133,0.52909875,0.47090125,1,36,3) common (21-100)
1134,0.9216303,0.07836968,0,1000,4) very common (100+)
1135,0.5021327,0.4978673,1,4,1) very rare (1-5)
1136,0.15420118,0.84579885,1,5,1) very rare (1-5)
1137,0.020267861,0.97973216,1,0,1) very rare (1-5)
1138,0.7248194,0.27518058,1,3,1) very rare (1-5)
1139,0.031706225,0.9682938,1,3,1) very rare (1-5)
1140,0.4458249,0.55417514,0,700,4) very common (100+)
1141,0.16990943,0.8300906,0,1,1) very rare (1-5)
1142,0.29182354,0.7081765,1,71,3) common (21-100)
1143,0.037286665,0.96271336,1,6,2) rare (6-20)
1144,0.12235327,0.87764674,1,8,2) rare (6-20)
1145,0.90238607,0.09761393,1,89,3) common (21-100)
1146,0.78433007,0.21566993,1,1290,4) very common (100+)
1147,0.563211,0.43678898,1,54,3) common (21-100)
1148,0.36999556,0.6300044,0,22,3) common (21-100)
1149,0.83853316,0.16146684,1,3,1) very rare (1-5)
1150,0.031682186,0.9683178,1,39,3) common (21-100)
1151,0.19470431,0.8052957,1,0,1) very rare (1-5)
1152,0.84606856,0.15393144,0,3,1) very rare (1-5)
1153,0.7653006,0.23469943,0,1,1) very rare (1-5)
1154,0.7094725,0.29052752,1,160,4) very common (100+)
1155,0.39295137,0.60704863,1,0,1) very rare (1-5)
1156,0.062181827,0.93781817,1,4,1) very rare (1-5)
1157,0.69178253,0.30821747,0,37,3) common (21-100)
1158,0.7306791,0.2693209,0,4,1) very rare (1-5)
1159,0.04531604,0.95468396,1,0,1) very rare (1-5)
1160,0.20448488,0.7955151,1,55,3) common (21-100)
1161,0.32974696,0.67025304,1,1070,4) very common (100+)
1162,0.9524358,0.04756421,0,421,4) very common (100+)
1163,0.5013223,0.49867767,0,700,4) very common (100+)
1164,0.65937334,0.34062666,0,237,4) very common (100+)
1165,0.35845205,0.6415479,1,142,4) very common (100+)
1166,0.5749047,0.42509532,1,76,3) common (21-100)
1167,0.9261132,0.07388681,0,89,3) common (21-100)
1168,0.087073185,0.9129268,1,1,1) very rare (1-5)
1169,0.05185026,0.94814974,0,1,1) very rare (1-5)
1170,0.41116947,0.58883053,0,42,3) common (21-100)
1171,0.6874279,0.31257212,1,1,1) very rare (1-5)
1172,0.5780208,0.4219792,0,25,3) common (21-100)
1173,0.9622551,0.03774488,0,10,2) rare (6-20)
1174,0.8236746,0.17632538,1,105,4) very common (100+)
1175,0.69125575,0.30874425,0,17,2) rare (6-20)
1176,0.14895593,0.85104406,1,0,1) very rare (1-5)
1177,0.5318783,0.4681217,0,4,1) very rare (1-5)
1178,0.87912667,0.12087333,1,0,1) very rare (1-5)
1179,0.38925043,0.6107496,1,0,1) very rare (1-5)
1180,0.080883056,0.919117,1,0,1) very rare (1-5)
1181,0.542817,0.457183,0,1290,4) very common (100+)
1182,0.5205099,0.4794901,1,11,2) rare (6-20)
1183,0.123126656,0.8768734,1,4,1) very rare (1-5)
1184,0.9706622,0.029337823,0,70,3) common (21-100)
1185,0.60832787,0.39167213,1,1290,4) very common (100+)
1186,0.39903852,0.60096145,1,275,4) very common (100+)
1187,0.8048987,0.19510132,1,78,3) common (21-100)
1188,0.7822984,0.21770161,0,142,4) very common (100+)
1189,0.7551047,0.24489528,1,1,1) very rare (1-5)
1190,0.48548713,0.5145129,1,1070,4) very common (100+)
1191,0.97710276,0.022897243,0,211,4) very common (100+)
1192,0.23540029,0.7645997,1,1,1) very rare (1-5)
1193,0.2332904,0.76670957,1,5,1) very rare (1-5)
1194,0.032919228,0.9670808,1,2,1) very rare (1-5)
1195,0.116150275,0.88384974,0,275,4) very common (100+)
1196,0.43267354,0.5673264,1,18,2) rare (6-20)
1197,0.12660101,0.873399,1,3,1) very rare (1-5)
1198,0.16662872,0.8333713,1,24,3) common (21-100)
1199,0.18890777,0.81109226,0,0,1) very rare (1-5)
1200,0.53390527,0.46609473,1,142,4) very common (100+)
1201,0.3179188,0.6820812,1,86,3) common (21-100)
1202,0.24438776,0.75561225,1,0,1) very rare (1-5)
1203,0.031801797,0.9681982,1,92,3) common (21-100)
1204,0.5181133,0.48188668,1,0,1) very rare (1-5)
1205,0.1112424,0.8887576,1,1,1) very rare (1-5)
1206,0.41450882,0.5854912,1,160,4) very common (100+)
1207,0.6881648,0.31183523,0,69,3) common (21-100)
1208,0.27517906,0.724821,1,1,1) very rare (1-5)
1209,0.11375771,0.8862423,1,0,1) very rare (1-5)
1210,0.54896617,0.45103383,0,1070,4) very common (100+)
1211,0.035588354,0.9644116,0,5,1) very rare (1-5)
1212,0.4988264,0.5011736,1,1,1) very rare (1-5)
1213,0.32704532,0.6729547,0,372,4) very common (100+)
1214,0.8228618,0.17713821,0,2,1) very rare (1-5)
1215,0.10230498,0.897695,1,1,1) very rare (1-5)
1216,0.07890824,0.92109174,1,86,3) common (21-100)
1217,0.92035955,0.07964045,0,700,4) very common (100+)
1218,0.32671466,0.67328537,1,4,1) very rare (1-5)
1219,0.8374945,0.16250551,0,372,4) very common (100+)
1220,0.75883716,0.24116284,0,2,1) very rare (1-5)
1221,0.30000815,0.6999918,1,0,1) very rare (1-5)
1222,0.64395857,0.35604143,0,1070,4) very common (100+)
1223,0.31541133,0.6845887,1,5,1) very rare (1-5)
1224,0.3340624,0.6659376,1,0,1) very rare (1-5)
1225,0.87355256,0.12644744,0,4,1) very rare (1-5)
1226,0.42895895,0.57104105,1,3,1) very rare (1-5)
1227,0.14104608,0.85895395,1,0,1) very rare (1-5)
1228,0.13612987,0.86387014,1,17,2) rare (6-20)
1229,0.17226736,0.8277326,1,0,1) very rare (1-5)
1230,0.5937334,0.40626663,0,268,4) very common (100+)
1231,0.26560992,0.7343901,0,1,1) very rare (1-5)
1232,0.24157993,0.75842005,0,1,1) very rare (1-5)
1233,0.10705903,0.892941,0,421,4) very common (100+)
1234,0.5359596,0.4640404,1,1290,4) very common (100+)
1235,0.35598087,0.6440191,1,2,1) very rare (1-5)
1236,0.72476447,0.27523553,1,58,3) common (21-100)
1237,0.23307371,0.7669263,0,14,2) rare (6-20)
1238,0.4340627,0.5659373,1,36,3) common (21-100)
1239,0.25791186,0.74208814,1,0,1) very rare (1-5)
1240,0.98252606,0.017473936,1,5,1) very rare (1-5)
1241,0.61300933,0.38699067,1,15,2) rare (6-20)
1242,0.28521872,0.7147813,1,18,2) rare (6-20)
1243,0.891022,0.10897797,1,1290,4) very common (100+)
1244,0.34920248,0.6507975,1,14,2) rare (6-20)
1245,0.5135636,0.48643643,1,66,3) common (21-100)
1246,0.13194518,0.8680548,1,88,3) common (21-100)
1247,0.30268502,0.697315,0,19,2) rare (6-20)
1248,0.8612954,0.1387046,1,19,2) rare (6-20)
1249,0.42953333,0.57046664,1,3,1) very rare (1-5)
1250,0.02506735,0.9749327,1,7,2) rare (6-20)
1251,0.5921226,0.4078774,1,1070,4) very common (100+)
1252,0.51557434,0.48442566,0,700,4) very common (100+)
1253,0.49917328,0.5008267,0,261,4) very common (100+)
1254,0.83182645,0.16817355,0,96,3) common (21-100)
1255,0.6528573,0.3471427,0,223,4) very common (100+)
1256,0.6639561,0.3360439,0,9,2) rare (6-20)
1257,0.7467801,0.2532199,0,106,4) very common (100+)
1258,0.142995,0.857005,1,0,1) very rare (1-5)
1259,0.94775426,0.052245736,1,0,1) very rare (1-5)
1260,0.36268207,0.6373179,0,5,1) very rare (1-5)
1261,0.5547147,0.44528532,1,3,1) very rare (1-5)
1262,0.7978546,0.2021454,1,86,3) common (21-100)
1263,0.28921202,0.710788,1,4,1) very rare (1-5)
1264,0.19758502,0.802415,1,5,1) very rare (1-5)
1265,0.2456722,0.7543278,1,76,3) common (21-100)
1266,0.28017336,0.71982664,1,0,1) very rare (1-5)
1267,0.24985953,0.7501405,0,17,2) rare (6-20)
1268,0.1266431,0.8733569,1,9,2) rare (6-20)
1269,0.08319816,0.9168018,1,0,1) very rare (1-5)
1270,0.9377545,0.06224549,1,0,1) very rare (1-5)
1271,0.89201653,0.10798347,1,0,1) very rare (1-5)
1272,0.14741315,0.85258687,1,23,3) common (21-100)
1273,0.44711962,0.5528804,1,9,2) rare (6-20)
1274,0.6540761,0.3459239,0,700,4) very common (100+)
1275,0.29936886,0.70063114,0,3,1) very rare (1-5)
1276,0.7905451,0.2094549,1,3,1) very rare (1-5)
1277,0.4165565,0.5834435,0,31,3) common (21-100)
1278,0.63718134,0.36281866,0,134,4) very common (100+)
1279,0.7032361,0.2967639,1,10,2) rare (6-20)
1280,0.24595973,0.75404024,1,15,2) rare (6-20)
1281,0.5084335,0.49156648,0,9,2) rare (6-20)
1282,0.2294394,0.7705606,0,0,1) very rare (1-5)
1283,0.84151214,0.15848786,0,261,4) very common (100+)
1284,0.85774857,0.14225143,0,43,3) common (21-100)
1285,0.8587128,0.14128721,1,37,3) common (21-100)
1286,0.05669565,0.94330436,1,4,1) very rare (1-5)
1287,0.08778634,0.9122137,1,0,1) very rare (1-5)
1288,0.12387811,0.8761219,1,1,1) very rare (1-5)
1289,0.23618202,0.76381797,1,1,1) very rare (1-5)
1290,0.31570053,0.68429947,0,1,1) very rare (1-5)
1291,0.9885744,0.011425614,0,700,4) very common (100+)
1292,0.44238603,0.55761397,0,700,4) very common (100+)
1293,0.4677571,0.5322429,1,3,1) very rare (1-5)
1294,0.40476882,0.5952312,1,12,2) rare (6-20)
1295,0.0882261,0.9117739,1,3,1) very rare (1-5)
1296,0.9841474,0.01585257,0,1000,4) very common (100+)
1297,0.14749664,0.85250336,1,0,1) very rare (1-5)
1298,0.37279382,0.6272062,1,3,1) very rare (1-5)
1299,0.16108094,0.83891904,1,3,1) very rare (1-5)
1300,0.9745735,0.025426507,0,78,3) common (21-100)
1301,0.5746109,0.4253891,0,24,3) common (21-100)
1302,0.3920512,0.6079488,0,11,2) rare (6-20)
1303,0.3692519,0.6307481,1,0,1) very rare (1-5)
1304,0.5168819,0.48311812,0,1290,4) very common (100+)
1305,0.76448613,0.23551387,0,7,2) rare (6-20)
1306,0.56179196,0.43820804,1,1290,4) very common (100+)
1307,0.9242589,0.07574111,0,4,1) very rare (1-5)
1308,0.73196447,0.26803553,1,1070,4) very common (100+)
1309,0.41060928,0.58939075,1,0,1) very rare (1-5)
1310,0.86480725,0.13519275,1,421,4) very common (100+)
1311,0.13997604,0.860024,1,7,2) rare (6-20)
1312,0.950633,0.04936701,0,20,2) rare (6-20)
1313,0.96205026,0.03794974,0,1290,4) very common (100+)
1314,0.76440054,0.23559946,0,1000,4) very common (100+)
1315,0.31254503,0.68745494,0,0,1) very rare (1-5)
1316,0.23919928,0.7608007,1,16,2) rare (6-20)
1317,0.9872914,0.012708604,0,94,3) common (21-100)
1318,0.10220632,0.89779365,0,14,2) rare (6-20)
1319,0.2523844,0.7476156,1,27,3) common (21-100)
1320,0.35486358,0.6451364,1,65,3) common (21-100)
1321,0.34787223,0.65212774,0,18,2) rare (6-20)
1322,0.4614551,0.5385449,1,0,1) very rare (1-5)
1323,0.14585164,0.8541484,1,17,2) rare (6-20)
1324,0.25968042,0.7403196,0,1070,4) very common (100+)
1325,0.535421,0.464579,0,21,3) common (21-100)
1326,0.80354136,0.19645864,1,268,4) very common (100+)
1327,0.14634278,0.85365725,1,0,1) very rare (1-5)
1328,0.054412782,0.9455872,1,4,1) very rare (1-5)
1329,0.02099575,0.97900426,1,0,1) very rare (1-5)
1330,0.15720329,0.8427967,1,7,2) rare (6-20)
1331,0.9616009,0.0383991,0,5,1) very rare (1-5)
1332,0.9323481,0.06765193,0,20,2) rare (6-20)
1333,0.44507584,0.55492413,1,14,2) rare (6-20)
1334,0.49704126,0.5029588,1,70,3) common (21-100)
1335,0.568547,0.431453,0,42,3) common (21-100)
1336,0.8744798,0.12552023,1,1,1) very rare (1-5)
1337,0.28879035,0.71120965,1,18,2) rare (6-20)
1338,0.36660242,0.6333976,1,2,1) very rare (1-5)
1339,0.5572021,0.4427979,0,8,2) rare (6-20)
1340,0.66813034,0.33186966,0,223,4) very common (100+)
1341,0.31573278,0.6842672,1,1,1) very rare (1-5)
1342,0.22523761,0.7747624,1,0,1) very rare (1-5)
1343,0.7464535,0.25354648,1,1290,4) very common (100+)
1344,0.097858705,0.9021413,1,0,1) very rare (1-5)
1345,0.42118096,0.57881904,0,3,1) very rare (1-5)
1346,0.7564111,0.24358892,0,0,1) very rare (1-5)
1347,0.9894995,0.010500491,0,12,2) rare (6-20)
1348,0.93260765,0.06739235,0,261,4) very common (100+)
1349,0.25458795,0.74541205,1,160,4) very common (100+)
1350,0.23824547,0.7617545,1,9,2) rare (6-20)
1351,0.92494607,0.07505393,0,28,3) common (21-100)
1352,0.233009,0.766991,1,372,4) very common (100+)
1353,0.016778782,0.98322123,1,0,1) very rare (1-5)
1354,0.85609686,0.14390314,0,12,2) rare (6-20)
1355,0.69620764,0.30379236,0,1,1) very rare (1-5)
1356,0.7418775,0.2581225,1,0,1) very rare (1-5)
1357,0.09772272,0.9022773,1,100,3) common (21-100)
1358,0.94553685,0.054463148,1,5,1) very rare (1-5)
1359,0.72225815,0.27774185,1,76,3) common (21-100)
1360,0.6988676,0.30113238,1,160,4) very common (100+)
1361,0.9484514,0.0515486,0,12,2) rare (6-20)
1362,0.09321903,0.90678096,0,0,1) very rare (1-5)
1363,0.055031728,0.9449683,1,3,1) very rare (1-5)
1364,0.22584262,0.7741574,0,4,1) very rare (1-5)
1365,0.064286634,0.93571335,1,75,3) common (21-100)
1366,0.019651813,0.98034817,1,0,1) very rare (1-5)
1367,0.4715639,0.52843606,1,3,1) very rare (1-5)
1368,0.9588815,0.041118503,0,1000,4) very common (100+)
1369,0.5995286,0.4004714,0,2,1) very rare (1-5)
1370,0.7300014,0.2699986,0,700,4) very common (100+)
1371,0.19062144,0.80937856,1,3,1) very rare (1-5)
1372,0.09215406,0.9078459,1,0,1) very rare (1-5)
1373,0.116476335,0.88352364,1,17,2) rare (6-20)
1374,0.025349585,0.97465044,1,0,1) very rare (1-5)
1375,0.92250365,0.07749635,0,68,3) common (21-100)
1376,0.7368748,0.26312518,0,2,1) very rare (1-5)
1377,0.9450313,0.054968715,1,4,1) very rare (1-5)
1378,0.57548726,0.42451274,1,62,3) common (21-100)
1379,0.034323063,0.96567696,1,0,1) very rare (1-5)
1380,0.1863058,0.8136942,1,6,2) rare (6-20)
1381,0.9863266,0.013673425,0,211,4) very common (100+)
1382,0.20471118,0.7952888,1,13,2) rare (6-20)
1383,0.3488811,0.6511189,1,0,1) very rare (1-5)
1384,0.21321009,0.7867899,1,0,1) very rare (1-5)
1385,0.28676748,0.7132325,1,0,1) very rare (1-5)
1386,0.5428184,0.45718157,0,105,4) very common (100+)
1387,0.15924524,0.84075475,0,2,1) very rare (1-5)
1388,0.9939115,0.0060884953,0,1000,4) very common (100+)
1389,0.28106597,0.71893406,1,1,1) very rare (1-5)
1390,0.9657855,0.034214497,1,8,2) rare (6-20)
1391,0.12800892,0.8719911,0,30,3) common (21-100)
1392,0.42056605,0.5794339,1,1,1) very rare (1-5)
1393,0.68998057,0.31001943,1,0,1) very rare (1-5)
1394,0.2758456,0.7241544,1,0,1) very rare (1-5)
1395,0.9636971,0.036302924,0,62,3) common (21-100)
1396,0.49791688,0.5020831,1,2,1) very rare (1-5)
1397,0.93340105,0.06659895,0,142,4) very common (100+)
1398,0.1845592,0.8154408,1,0,1) very rare (1-5)
1399,0.39285314,0.60714686,0,7,2) rare (6-20)
1400,0.80315924,0.19684076,1,0,1) very rare (1-5)
1401,0.092646554,0.90735346,1,2,1) very rare (1-5)
1402,0.2754941,0.7245059,0,6,2) rare (6-20)
1403,0.50058377,0.49941623,0,274,4) very common (100+)
1404,0.50861216,0.49138784,0,5,1) very rare (1-5)
1405,0.61343,0.38656998,0,142,4) very common (100+)
1406,0.35049784,0.64950216,1,58,3) common (21-100)
1407,0.94971925,0.05028075,0,166,4) very common (100+)
1408,0.4377228,0.5622772,0,261,4) very common (100+)
1409,0.21842776,0.7815722,0,107,4) very common (100+)
1410,0.68739533,0.31260467,1,0,1) very rare (1-5)
1411,0.50334555,0.49665445,0,3,1) very rare (1-5)
1412,0.8746194,0.12538058,1,1070,4) very common (100+)
1413,0.54941416,0.45058584,0,32,3) common (21-100)
1414,0.40803397,0.59196603,0,2,1) very rare (1-5)
1415,0.53658223,0.46341777,1,0,1) very rare (1-5)
1416,0.33099896,0.66900104,1,1,1) very rare (1-5)
1417,0.85404444,0.14595556,0,47,3) common (21-100)
1418,0.28601325,0.71398675,1,0,1) very rare (1-5)
1419,0.8253615,0.17463851,0,421,4) very common (100+)
1420,0.98818654,0.011813462,0,700,4) very common (100+)
1421,0.027102249,0.97289777,1,3,1) very rare (1-5)
1422,0.08183691,0.91816306,1,0,1) very rare (1-5)
1423,0.31803954,0.68196046,0,421,4) very common (100+)
1424,0.24019457,0.75980544,1,92,3) common (21-100)
1425,0.38387355,0.6161264,0,1,1) very rare (1-5)
1426,0.08692688,0.9130731,1,0,1) very rare (1-5)
1427,0.1491839,0.85081613,1,3,1) very rare (1-5)
1428,0.08112794,0.91887206,0,0,1) very rare (1-5)
1429,0.92532575,0.07467425,0,1000,4) very common (100+)
1430,0.07303039,0.9269696,1,0,1) very rare (1-5)
1431,0.77112585,0.22887415,0,237,4) very common (100+)
1432,0.11166249,0.8883375,1,6,2) rare (6-20)
1433,0.7104189,0.28958112,0,9,2) rare (6-20)
1434,0.3409706,0.65902936,1,0,1) very rare (1-5)
1435,0.5131803,0.48681968,0,1290,4) very common (100+)
1436,0.5981734,0.40182662,0,13,2) rare (6-20)
1437,0.27380943,0.72619057,1,421,4) very common (100+)
1438,0.30835435,0.6916456,0,105,4) very common (100+)
1439,0.22779773,0.77220225,1,31,3) common (21-100)
1440,0.37203562,0.6279644,0,237,4) very common (100+)
1441,0.93395114,0.06604886,1,89,3) common (21-100)
1442,0.06825065,0.93174934,1,0,1) very rare (1-5)
1443,0.84991175,0.15008825,1,2,1) very rare (1-5)
1444,0.41361594,0.58638406,1,0,1) very rare (1-5)
1445,0.47727743,0.5227226,0,1,1) very rare (1-5)
1446,0.63540894,0.36459106,0,35,3) common (21-100)
1447,0.48346817,0.5165318,0,1070,4) very common (100+)
1448,0.2785435,0.7214565,0,3,1) very rare (1-5)
1449,0.3764623,0.62353766,1,1290,4) very common (100+)
1450,0.3709701,0.62902987,1,3,1) very rare (1-5)
1451,0.94137406,0.058625937,0,89,3) common (21-100)
1452,0.05021858,0.9497814,1,0,1) very rare (1-5)
1453,0.978513,0.021486998,0,237,4) very common (100+)
1454,0.9765955,0.023404479,0,211,4) very common (100+)
1455,0.6599334,0.3400666,0,1290,4) very common (100+)
1456,0.9554469,0.0445531,0,211,4) very common (100+)
1457,0.12124496,0.87875503,0,0,1) very rare (1-5)
1458,0.16530287,0.8346971,0,39,3) common (21-100)
1459,0.98455817,0.015441835,0,700,4) very common (100+)
1460,0.5900258,0.40997422,0,3,1) very rare (1-5)
1461,0.3626724,0.6373276,1,96,3) common (21-100)
1462,0.4973624,0.5026376,1,3,1) very rare (1-5)
1463,0.67211545,0.32788455,0,421,4) very common (100+)
1464,0.97762865,0.022371352,0,1000,4) very common (100+)
1465,0.5973252,0.4026748,0,118,4) very common (100+)
1466,0.75188303,0.24811697,0,28,3) common (21-100)
1467,0.061284073,0.93871593,1,79,3) common (21-100)
1468,0.28200546,0.7179946,0,29,3) common (21-100)
1469,0.31593826,0.68406177,1,96,3) common (21-100)
1470,0.43576095,0.564239,1,0,1) very rare (1-5)
1471,0.4366907,0.5633093,1,8,2) rare (6-20)
1472,0.07841596,0.921584,0,8,2) rare (6-20)
1473,0.9618892,0.038110793,0,6,2) rare (6-20)
1474,0.78580743,0.21419257,0,5,1) very rare (1-5)
1475,0.36865184,0.63134813,1,3,1) very rare (1-5)
1476,0.46922708,0.5307729,1,372,4) very common (100+)
1477,0.54811615,0.45188385,0,3,1) very rare (1-5)
1478,0.12356488,0.8764351,1,4,1) very rare (1-5)
1479,0.11937217,0.8806278,0,4,1) very rare (1-5)
1480,0.86638564,0.13361436,0,2,1) very rare (1-5)
1481,0.4310348,0.5689652,0,66,3) common (21-100)
1482,0.6290862,0.3709138,0,9,2) rare (6-20)
1483,0.27900118,0.7209988,0,82,3) common (21-100)
1484,0.9736839,0.026316106,0,1000,4) very common (100+)
1485,0.9062468,0.09375322,0,105,4) very common (100+)
1486,0.32824218,0.6717578,1,9,2) rare (6-20)
1487,0.96299046,0.037009537,1,142,4) very common (100+)
1488,0.682163,0.317837,0,3,1) very rare (1-5)
1489,0.3230191,0.6769809,1,0,1) very rare (1-5)
1490,0.06198506,0.9380149,1,6,2) rare (6-20)
1491,0.3933596,0.6066404,1,0,1) very rare (1-5)
1492,0.18245547,0.8175445,1,1290,4) very common (100+)
1493,0.105251715,0.8947483,1,35,3) common (21-100)
1494,0.015662393,0.9843376,1,4,1) very rare (1-5)
1495,0.9184327,0.08156729,0,74,3) common (21-100)
1496,0.718333,0.281667,0,96,3) common (21-100)
1497,0.29954726,0.70045274,1,2,1) very rare (1-5)
1498,0.122642,0.877358,1,1,1) very rare (1-5)
1499,0.89499795,0.105002046,0,700,4) very common (100+)
1500,0.62914294,0.37085706,1,1,1) very rare (1-5)
1501,0.08832865,0.91167134,1,0,1) very rare (1-5)
1502,0.09921256,0.9007875,1,7,2) rare (6-20)
1503,0.84833854,0.15166146,1,15,2) rare (6-20)
1504,0.5455352,0.4544648,0,3,1) very rare (1-5)
1505,0.9399508,0.060049176,0,700,4) very common (100+)
1506,0.71754885,0.28245115,0,268,4) very common (100+)
1507,0.947127,0.052873015,0,85,3) common (21-100)
1508,0.10809461,0.89190537,1,3,1) very rare (1-5)
1509,0.090375006,0.909625,0,0,1) very rare (1-5)
1510,0.23994146,0.7600585,1,5,1) very rare (1-5)
1511,0.03129662,0.9687034,1,5,1) very rare (1-5)
1512,0.37898594,0.62101406,0,3,1) very rare (1-5)
1513,0.7224249,0.27757508,1,3,1) very rare (1-5)
1514,0.43227258,0.56772745,1,0,1) very rare (1-5)
1515,0.5748072,0.42519277,1,372,4) very common (100+)
1516,0.9066555,0.09334451,0,223,4) very common (100+)
1517,0.7151964,0.28480363,1,8,2) rare (6-20)
1518,0.8000641,0.19993591,0,1000,4) very common (100+)
1519,0.6994971,0.3005029,1,15,2) rare (6-20)
1520,0.98696727,0.013032734,0,275,4) very common (100+)
1521,0.11845697,0.88154304,1,0,1) very rare (1-5)
1522,0.9742376,0.02576238,0,14,2) rare (6-20)
1523,0.45248488,0.54751515,0,14,2) rare (6-20)
1524,0.4898494,0.5101506,0,142,4) very common (100+)
1525,0.34696946,0.6530305,0,1000,4) very common (100+)
1526,0.050742656,0.9492574,1,0,1) very rare (1-5)
1527,0.5809808,0.41901922,0,65,3) common (21-100)
1528,0.39782017,0.6021798,1,0,1) very rare (1-5)
1529,0.4791862,0.5208138,0,9,2) rare (6-20)
1530,0.90213513,0.097864866,0,159,4) very common (100+)
1531,0.16116779,0.8388322,1,0,1) very rare (1-5)
1532,0.6160669,0.38393313,1,1290,4) very common (100+)
1533,0.23020512,0.7697949,1,0,1) very rare (1-5)
1534,0.3661287,0.6338713,1,8,2) rare (6-20)
1535,0.7568462,0.24315381,0,18,2) rare (6-20)
1536,0.26097038,0.73902965,1,2,1) very rare (1-5)
1537,0.38684404,0.61315596,1,4,1) very rare (1-5)
1538,0.23850307,0.7614969,1,118,4) very common (100+)
1539,0.7423633,0.25763673,1,92,3) common (21-100)
1540,0.48014024,0.5198598,1,62,3) common (21-100)
1541,0.9070811,0.09291887,0,1,1) very rare (1-5)
1542,0.14263658,0.8573634,1,3,1) very rare (1-5)
1543,0.07148525,0.9285147,1,1290,4) very common (100+)
1544,0.7033575,0.29664248,0,19,2) rare (6-20)
1545,0.68453324,0.31546676,0,1290,4) very common (100+)
1546,0.18336372,0.81663626,1,0,1) very rare (1-5)
1547,0.35673356,0.64326644,1,1070,4) very common (100+)
1548,0.25316116,0.7468388,1,4,1) very rare (1-5)
1549,0.79071814,0.20928186,0,106,4) very common (100+)
1550,0.86857843,0.13142157,0,19,2) rare (6-20)
1551,0.84970576,0.15029424,1,142,4) very common (100+)
1552,0.23718967,0.76281035,0,39,3) common (21-100)
1553,0.93290657,0.06709343,0,32,3) common (21-100)
1554,0.10359182,0.8964082,0,2,1) very rare (1-5)
1555,0.15382929,0.8461707,1,0,1) very rare (1-5)
1556,0.53818357,0.46181643,1,123,4) very common (100+)
1557,0.6851296,0.31487042,1,90,3) common (21-100)
1558,0.1002611,0.8997389,0,17,2) rare (6-20)
1559,0.2104975,0.7895025,1,5,1) very rare (1-5)
1560,0.11337331,0.8866267,1,89,3) common (21-100)
1561,0.53832614,0.46167386,1,2,1) very rare (1-5)
1562,0.15953678,0.8404632,0,1070,4) very common (100+)
1563,0.47339886,0.52660114,0,2,1) very rare (1-5)
1564,0.14741771,0.8525823,1,8,2) rare (6-20)
1565,0.4212079,0.5787921,1,2,1) very rare (1-5)
1566,0.17493808,0.8250619,0,123,4) very common (100+)
1567,0.10221617,0.8977838,1,0,1) very rare (1-5)
1568,0.5759477,0.4240523,0,3,1) very rare (1-5)
1569,0.13952795,0.8604721,0,372,4) very common (100+)
1570,0.61513853,0.38486147,0,23,3) common (21-100)
1571,0.08862596,0.91137403,1,16,2) rare (6-20)
1572,0.15676998,0.84323,1,111,4) very common (100+)
1573,0.23726313,0.76273686,1,1,1) very rare (1-5)
1574,0.10321725,0.89678276,0,16,2) rare (6-20)
1575,0.9094413,0.09055871,0,8,2) rare (6-20)
1576,0.85013074,0.14986926,0,7,2) rare (6-20)
1577,0.2181581,0.7818419,1,70,3) common (21-100)
1578,0.55463964,0.44536036,1,11,2) rare (6-20)
1579,0.15759519,0.84240484,0,1,1) very rare (1-5)
1580,0.792916,0.207084,0,0,1) very rare (1-5)
1581,0.42687753,0.5731225,0,123,4) very common (100+)
1582,0.042666078,0.9573339,1,0,1) very rare (1-5)
1583,0.47982183,0.5201782,1,76,3) common (21-100)
1584,0.3443435,0.65565646,1,13,2) rare (6-20)
1585,0.40951213,0.59048784,0,237,4) very common (100+)
1586,0.7554848,0.24451518,1,0,1) very rare (1-5)
1587,0.4857586,0.5142414,0,8,2) rare (6-20)
1588,0.59563416,0.40436584,0,15,2) rare (6-20)
1589,0.4043451,0.5956549,1,72,3) common (21-100)
1590,0.57417876,0.42582124,1,0,1) very rare (1-5)
1591,0.30812043,0.6918796,1,0,1) very rare (1-5)
1592,0.062720604,0.9372794,1,0,1) very rare (1-5)
1593,0.20618673,0.7938133,1,9,2) rare (6-20)
1594,0.95138985,0.04861015,0,17,2) rare (6-20)
1595,0.81185997,0.18814003,0,1000,4) very common (100+)
1596,0.43934882,0.5606512,0,3,1) very rare (1-5)
1597,0.12561668,0.87438333,0,1,1) very rare (1-5)
1598,0.71845704,0.28154296,1,5,1) very rare (1-5)
1599,0.44623458,0.5537654,1,5,1) very rare (1-5)
1600,0.4058705,0.5941295,0,1,1) very rare (1-5)
1601,0.08870767,0.9112923,1,0,1) very rare (1-5)
1602,0.30731943,0.6926806,1,0,1) very rare (1-5)
1603,0.86062187,0.13937813,0,2,1) very rare (1-5)
1604,0.5713155,0.42868447,0,24,3) common (21-100)
1605,0.6726395,0.3273605,0,4,1) very rare (1-5)
1606,0.10920956,0.89079046,1,3,1) very rare (1-5)
1607,0.3929672,0.6070328,0,1070,4) very common (100+)
1608,0.85785824,0.14214176,1,106,4) very common (100+)
1609,0.5939592,0.4060408,1,79,3) common (21-100)
1610,0.051969457,0.94803053,1,5,1) very rare (1-5)
1611,0.65609705,0.34390295,0,1,1) very rare (1-5)
1612,0.099808544,0.9001914,1,39,3) common (21-100)
1613,0.9812952,0.018704772,1,1,1) very rare (1-5)
1614,0.96740294,0.032597065,0,182,4) very common (100+)
1615,0.010851682,0.9891483,1,11,2) rare (6-20)
1616,0.09417465,0.9058254,1,1,1) very rare (1-5)
1617,0.42560548,0.5743945,1,105,4) very common (100+)
1618,0.38346732,0.6165327,0,18,2) rare (6-20)
1619,0.006752796,0.9932472,1,0,1) very rare (1-5)
1620,0.74716896,0.25283104,0,1000,4) very common (100+)
1621,0.34296957,0.65703046,0,421,4) very common (100+)
1622,0.338791,0.661209,0,343,4) very common (100+)
1623,0.4116825,0.5883175,0,1070,4) very common (100+)
1624,0.322473,0.677527,1,79,3) common (21-100)
1625,0.94056714,0.059432864,0,99,3) common (21-100)
1626,0.1439536,0.8560464,1,0,1) very rare (1-5)
1627,0.49813646,0.50186354,1,146,4) very common (100+)
1628,0.51094526,0.48905474,1,118,4) very common (100+)
1629,0.7463942,0.25360578,1,0,1) very rare (1-5)
1630,0.4211946,0.5788054,1,0,1) very rare (1-5)
1631,0.57824457,0.42175543,1,1,1) very rare (1-5)
1632,0.97664475,0.023355246,0,1000,4) very common (100+)
1633,0.3157171,0.6842829,1,0,1) very rare (1-5)
1634,0.08879397,0.911206,1,0,1) very rare (1-5)
1635,0.5122194,0.48778057,0,14,2) rare (6-20)
1636,0.5297977,0.47020233,1,2,1) very rare (1-5)
1637,0.1861663,0.8138337,1,9,2) rare (6-20)
1638,0.38744685,0.6125531,1,79,3) common (21-100)
1639,0.905044,0.09495598,0,1290,4) very common (100+)
1640,0.6225034,0.3774966,0,63,3) common (21-100)
1641,0.88218963,0.11781037,0,1290,4) very common (100+)
1642,0.7050293,0.2949707,0,106,4) very common (100+)
1643,0.6452981,0.35470188,1,0,1) very rare (1-5)
1644,0.2676035,0.7323965,0,23,3) common (21-100)
1645,0.30564454,0.6943555,0,223,4) very common (100+)
1646,0.42004105,0.5799589,1,1,1) very rare (1-5)
1647,0.1550176,0.8449824,1,14,2) rare (6-20)
1648,0.8068851,0.19311488,0,421,4) very common (100+)
1649,0.47904363,0.5209564,0,700,4) very common (100+)
1650,0.89482206,0.10517794,0,39,3) common (21-100)
1651,0.56210786,0.43789214,1,58,3) common (21-100)
1652,0.7683933,0.23160672,1,0,1) very rare (1-5)
1653,0.5495762,0.45042378,1,71,3) common (21-100)
1654,0.4903811,0.5096189,0,134,4) very common (100+)
1655,0.11322061,0.88677937,1,2,1) very rare (1-5)
1656,0.7984828,0.20151722,0,182,4) very common (100+)
1657,0.5381122,0.46188778,0,1070,4) very common (100+)
1658,0.07603582,0.9239642,1,55,3) common (21-100)
1659,0.0936779,0.9063221,1,22,3) common (21-100)
1660,0.05613814,0.94386184,1,2,1) very rare (1-5)
1661,0.5073967,0.4926033,0,99,3) common (21-100)
1662,0.9803175,0.019682527,0,62,3) common (21-100)
1663,0.9437336,0.056266427,1,10,2) rare (6-20)
1664,0.12806621,0.8719338,1,0,1) very rare (1-5)
1665,0.75401825,0.24598175,1,2,1) very rare (1-5)
1666,0.8820785,0.11792147,0,421,4) very common (100+)
1667,0.6036957,0.3963043,0,4,1) very rare (1-5)
1668,0.30922067,0.6907793,0,22,3) common (21-100)
1669,0.90642315,0.09357685,0,211,4) very common (100+)
1670,0.60038954,0.39961046,1,1070,4) very common (100+)
1671,0.07003371,0.9299663,1,0,1) very rare (1-5)
1672,0.9586966,0.041303396,0,106,4) very common (100+)
1673,0.018654706,0.9813453,1,24,3) common (21-100)
1674,0.91257405,0.08742595,0,26,3) common (21-100)
1675,0.27762052,0.72237945,1,66,3) common (21-100)
1676,0.5193795,0.4806205,1,86,3) common (21-100)
1677,0.45968214,0.5403179,0,343,4) very common (100+)
1678,0.9067647,0.093235314,1,88,3) common (21-100)
1679,0.048359707,0.9516403,1,0,1) very rare (1-5)
1680,0.9394611,0.060538888,0,37,3) common (21-100)
1681,0.34518752,0.65481246,1,24,3) common (21-100)
1682,0.38016385,0.61983615,0,1290,4) very common (100+)
1683,0.35146323,0.6485368,1,343,4) very common (100+)
1684,0.23994103,0.760059,0,2,1) very rare (1-5)
1685,0.40822607,0.5917739,0,66,3) common (21-100)
1686,0.43701017,0.56298983,1,118,4) very common (100+)
1687,0.8421315,0.1578685,0,1070,4) very common (100+)
1688,0.5754804,0.4245196,0,343,4) very common (100+)
1689,0.32511622,0.6748838,1,0,1) very rare (1-5)
1690,0.78454226,0.21545774,0,1290,4) very common (100+)
1691,0.36824363,0.63175637,1,39,3) common (21-100)
1692,0.8679896,0.1320104,0,17,2) rare (6-20)
1693,0.71665543,0.28334457,0,79,3) common (21-100)
1694,0.31940857,0.68059146,0,70,3) common (21-100)
1695,0.15620081,0.8437992,1,1,1) very rare (1-5)
1696,0.23037945,0.76962054,1,0,1) very rare (1-5)
1697,0.0906566,0.9093434,1,0,1) very rare (1-5)
1698,0.7520306,0.24796939,0,6,2) rare (6-20)
1699,0.4634161,0.5365839,1,0,1) very rare (1-5)
1700,0.74651575,0.25348425,1,0,1) very rare (1-5)
1701,0.31800115,0.68199885,0,3,1) very rare (1-5)
1702,0.98212034,0.017879665,0,23,3) common (21-100)
1703,0.5034866,0.49651343,1,5,1) very rare (1-5)
1704,0.97411335,0.025886655,1,7,2) rare (6-20)
1705,0.025415374,0.97458464,1,7,2) rare (6-20)
1706,0.0483193,0.9516807,1,8,2) rare (6-20)
1707,0.09967545,0.9003246,1,0,1) very rare (1-5)
1708,0.5995736,0.4004264,0,2,1) very rare (1-5)
1709,0.053291216,0.9467088,1,2,1) very rare (1-5)
1710,0.26728123,0.73271877,1,0,1) very rare (1-5)
1711,0.9504663,0.049533725,0,1000,4) very common (100+)
1712,0.2515568,0.7484432,1,16,2) rare (6-20)
1713,0.080979936,0.91902006,1,0,1) very rare (1-5)
1714,0.2951606,0.7048394,0,1,1) very rare (1-5)
1715,0.72231364,0.27768636,0,1070,4) very common (100+)
1716,0.41547978,0.5845202,0,178,4) very common (100+)
1717,0.327237,0.672763,1,123,4) very common (100+)
1718,0.43123874,0.5687612,0,41,3) common (21-100)
1719,0.1573165,0.8426835,1,178,4) very common (100+)
1720,0.53638875,0.46361125,1,111,4) very common (100+)
1721,0.48341238,0.5165876,1,1,1) very rare (1-5)
1722,0.9426898,0.057310224,0,421,4) very common (100+)
1723,0.13278481,0.86721516,1,9,2) rare (6-20)
1724,0.08030413,0.91969585,1,0,1) very rare (1-5)
1725,0.9866518,0.013348222,0,1070,4) very common (100+)
1726,0.19044113,0.80955887,1,1,1) very rare (1-5)
1727,0.21551035,0.78448963,0,3,1) very rare (1-5)
1728,0.51133466,0.48866534,1,1000,4) very common (100+)
1729,0.38399476,0.61600524,1,118,4) very common (100+)
1730,0.48665214,0.51334786,1,8,2) rare (6-20)
1731,0.9527168,0.047283173,0,1000,4) very common (100+)
1732,0.39059216,0.60940784,0,372,4) very common (100+)
1733,0.88432485,0.11567515,0,105,4) very common (100+)
1734,0.9623158,0.037684202,0,89,3) common (21-100)
1735,0.086874396,0.91312563,1,17,2) rare (6-20)
1736,0.2618873,0.7381127,1,17,2) rare (6-20)
1737,0.8518544,0.14814562,0,7,2) rare (6-20)
1738,0.30806643,0.6919336,1,89,3) common (21-100)
1739,0.5511862,0.4488138,1,343,4) very common (100+)
1740,0.76985985,0.23014015,0,44,3) common (21-100)
1741,0.16378103,0.83621895,1,0,1) very rare (1-5)
1742,0.47438505,0.525615,1,3,1) very rare (1-5)
1743,0.33857897,0.66142106,1,16,2) rare (6-20)
1744,0.68841124,0.31158876,0,99,3) common (21-100)
1745,0.97347426,0.026525736,0,79,3) common (21-100)
1746,0.05296382,0.9470362,1,0,1) very rare (1-5)
1747,0.8665905,0.1334095,0,55,3) common (21-100)
1748,0.16628475,0.83371526,1,26,3) common (21-100)
1749,0.7418093,0.2581907,0,34,3) common (21-100)
1750,0.37943318,0.62056684,0,22,3) common (21-100)
1751,0.5690609,0.43093908,1,47,3) common (21-100)
1752,0.7733902,0.22660983,0,1000,4) very common (100+)
1753,0.48579162,0.5142084,1,0,1) very rare (1-5)
1754,0.97185326,0.028146744,1,0,1) very rare (1-5)
1755,0.60554755,0.39445245,1,1290,4) very common (100+)
1756,0.17495918,0.8250408,1,0,1) very rare (1-5)
1757,0.4275357,0.5724643,1,134,4) very common (100+)
1758,0.86452466,0.13547534,1,0,1) very rare (1-5)
1759,0.037803724,0.9621963,1,0,1) very rare (1-5)
1760,0.30313507,0.69686496,0,9,2) rare (6-20)
1761,0.013542633,0.98645735,1,12,2) rare (6-20)
1762,0.056906864,0.9430931,1,2,1) very rare (1-5)
1763,0.5004113,0.49958873,0,39,3) common (21-100)
1764,0.29365835,0.7063416,1,81,3) common (21-100)
1765,0.2801355,0.7198645,0,3,1) very rare (1-5)
1766,0.50451416,0.49548584,1,6,2) rare (6-20)
1767,0.09915991,0.9008401,1,159,4) very common (100+)
1768,0.33137542,0.6686246,0,7,2) rare (6-20)
1769,0.16261889,0.8373811,1,8,2) rare (6-20)
1770,0.91667485,0.08332515,1,17,2) rare (6-20)
1771,0.5409509,0.4590491,0,24,3) common (21-100)
1772,0.8227096,0.17729038,0,700,4) very common (100+)
1773,0.19518575,0.8048142,1,6,2) rare (6-20)
1774,0.38914686,0.61085314,1,2,1) very rare (1-5)
1775,0.6955761,0.30442393,0,2,1) very rare (1-5)
1776,0.688999,0.311001,0,700,4) very common (100+)
1777,0.82234377,0.17765623,0,1290,4) very common (100+)
1778,0.56953204,0.43046796,0,5,1) very rare (1-5)
1779,0.07842023,0.9215798,1,0,1) very rare (1-5)
1780,0.39843816,0.60156184,1,27,3) common (21-100)
1781,0.044813722,0.95518625,1,84,3) common (21-100)
1782,0.70096904,0.29903096,0,146,4) very common (100+)
1783,0.6516909,0.3483091,0,43,3) common (21-100)
1784,0.051924992,0.948075,1,0,1) very rare (1-5)
1785,0.3041524,0.69584763,1,89,3) common (21-100)
1786,0.3220352,0.6779648,0,1,1) very rare (1-5)
1787,0.63710546,0.36289454,0,1290,4) very common (100+)
1788,0.11622671,0.88377327,1,0,1) very rare (1-5)
1789,0.76049834,0.23950166,0,8,2) rare (6-20)
1790,0.07301732,0.9269827,1,0,1) very rare (1-5)
1791,0.9675422,0.03245783,1,2,1) very rare (1-5)
1792,0.117623486,0.8823765,1,0,1) very rare (1-5)
1793,0.04305489,0.9569451,1,0,1) very rare (1-5)
1794,0.8924014,0.1075986,0,33,3) common (21-100)
1795,0.1618114,0.8381886,1,8,2) rare (6-20)
1796,0.5121798,0.4878202,1,1070,4) very common (100+)
1797,0.09023051,0.9097695,1,70,3) common (21-100)
1798,0.26123402,0.73876595,0,88,3) common (21-100)
1799,0.8681739,0.1318261,0,99,3) common (21-100)
1800,0.6068382,0.39316177,1,96,3) common (21-100)
1801,0.85704154,0.14295846,0,27,3) common (21-100)
1802,0.4317795,0.5682205,0,1,1) very rare (1-5)
1803,0.15259416,0.84740585,1,92,3) common (21-100)
1804,0.9561428,0.043857217,0,1000,4) very common (100+)
1805,0.12252499,0.877475,0,1000,4) very common (100+)
1806,0.614839,0.38516098,0,105,4) very common (100+)
1807,0.6353023,0.3646977,0,20,2) rare (6-20)
1808,0.121883646,0.87811637,1,7,2) rare (6-20)
1809,0.467399,0.532601,1,70,3) common (21-100)
1810,0.43069115,0.5693089,0,121,4) very common (100+)
1811,0.97360784,0.026392162,1,54,3) common (21-100)
1812,0.104375675,0.89562434,0,275,4) very common (100+)
1813,0.7779778,0.22202218,1,107,4) very common (100+)
1814,0.72324336,0.27675664,1,28,3) common (21-100)
1815,0.093986645,0.90601337,1,2,1) very rare (1-5)
1816,0.41514564,0.58485436,0,5,1) very rare (1-5)
1817,0.6550562,0.34494382,0,23,3) common (21-100)
1818,0.76717097,0.23282903,1,1290,4) very common (100+)
1819,0.9454445,0.054555476,1,54,3) common (21-100)
1820,0.965479,0.034520984,0,85,3) common (21-100)
1821,0.15410112,0.84589887,1,2,1) very rare (1-5)
1822,0.17284136,0.82715863,1,32,3) common (21-100)
1823,0.019721406,0.9802786,1,0,1) very rare (1-5)
1824,0.49598902,0.504011,0,12,2) rare (6-20)
1825,0.91362286,0.086377144,0,700,4) very common (100+)
1826,0.9494862,0.050513804,0,1290,4) very common (100+)
1827,0.21115945,0.78884053,1,134,4) very common (100+)
1828,0.5323961,0.46760392,0,3,1) very rare (1-5)
1829,0.64100957,0.35899043,0,9,2) rare (6-20)
1830,0.21563616,0.78436387,1,223,4) very common (100+)
1831,0.8182729,0.18172711,0,223,4) very common (100+)
1832,0.10460641,0.8953936,1,70,3) common (21-100)
1833,0.14735173,0.85264826,1,4,1) very rare (1-5)
1834,0.108838454,0.89116156,0,17,2) rare (6-20)
1835,0.5987113,0.4012887,0,261,4) very common (100+)
1836,0.9549165,0.045083523,0,1000,4) very common (100+)
1837,0.41510385,0.58489615,1,35,3) common (21-100)
1838,0.49773774,0.50226223,0,1290,4) very common (100+)
1839,0.40544388,0.5945561,0,9,2) rare (6-20)
1840,0.59800017,0.40199983,1,1290,4) very common (100+)
1841,0.017683014,0.982317,1,0,1) very rare (1-5)
1842,0.7989152,0.2010848,0,1000,4) very common (100+)
1843,0.26091436,0.7390857,0,91,3) common (21-100)
1844,0.79927623,0.20072377,0,6,2) rare (6-20)
1845,0.8379363,0.16206372,0,1290,4) very common (100+)
1846,0.18795548,0.8120445,1,18,2) rare (6-20)
1847,0.69587266,0.30412734,1,16,2) rare (6-20)
1848,0.028076915,0.9719231,1,0,1) very rare (1-5)
1849,0.5503923,0.44960767,1,24,3) common (21-100)
1850,0.27507943,0.7249206,1,118,4) very common (100+)
1851,0.35309076,0.64690924,0,14,2) rare (6-20)
1852,0.08872373,0.9112763,1,3,1) very rare (1-5)
1853,0.8357171,0.16428292,1,102,4) very common (100+)
1854,0.9701075,0.029892504,0,66,3) common (21-100)
1855,0.80068755,0.19931245,0,35,3) common (21-100)
1856,0.75476325,0.24523675,0,52,3) common (21-100)
1857,0.3798523,0.6201477,0,1290,4) very common (100+)
1858,0.055737182,0.9442628,1,0,1) very rare (1-5)
1859,0.9709916,0.029008389,0,50,3) common (21-100)
1860,0.9402979,0.0597021,0,1000,4) very common (100+)
1861,0.5693079,0.43069208,0,4,1) very rare (1-5)
1862,0.46181595,0.53818405,0,5,1) very rare (1-5)
1863,0.32146454,0.67853546,1,92,3) common (21-100)
1864,0.9439825,0.056017518,0,53,3) common (21-100)
1865,0.84545934,0.15454066,0,2,1) very rare (1-5)
1866,0.26235625,0.7376437,1,3,1) very rare (1-5)
1867,0.6639183,0.33608168,0,68,3) common (21-100)
1868,0.30250853,0.69749147,1,0,1) very rare (1-5)
1869,0.6475755,0.3524245,0,8,2) rare (6-20)
1870,0.35084963,0.6491504,1,0,1) very rare (1-5)
1871,0.41248414,0.58751583,0,47,3) common (21-100)
1872,0.44744587,0.55255413,0,0,1) very rare (1-5)
1873,0.56374747,0.43625253,1,19,2) rare (6-20)
1874,0.044511843,0.95548815,1,0,1) very rare (1-5)
1875,0.95474815,0.045251846,0,372,4) very common (100+)
1876,0.55681175,0.44318825,0,142,4) very common (100+)
1877,0.99823135,0.0017686486,0,1000,4) very common (100+)
1878,0.63280857,0.36719143,0,178,4) very common (100+)
1879,0.13797194,0.86202806,1,9,2) rare (6-20)
1880,0.33780625,0.6621938,1,14,2) rare (6-20)
1881,0.08646728,0.91353273,0,2,1) very rare (1-5)
1882,0.75649536,0.24350464,1,1,1) very rare (1-5)
1883,0.06160664,0.93839335,1,4,1) very rare (1-5)
1884,0.11494065,0.88505936,1,0,1) very rare (1-5)
1885,0.12848921,0.8715108,1,0,1) very rare (1-5)
1886,0.5494694,0.4505306,1,1290,4) very common (100+)
1887,0.2653265,0.7346735,0,5,1) very rare (1-5)
1888,0.8958995,0.104100525,0,700,4) very common (100+)
1889,0.9041376,0.09586239,0,1000,4) very common (100+)
1890,0.154335,0.845665,0,237,4) very common (100+)
1891,0.7480508,0.2519492,1,8,2) rare (6-20)
1892,0.25182202,0.748178,1,1,1) very rare (1-5)
1893,0.72622216,0.27377784,1,2,1) very rare (1-5)
1894,0.48629686,0.5137031,0,47,3) common (21-100)
1895,0.6751558,0.32484418,1,6,2) rare (6-20)
1896,0.09152571,0.90847427,0,0,1) very rare (1-5)
1897,0.3282693,0.6717307,0,2,1) very rare (1-5)
1898,0.5900265,0.4099735,1,71,3) common (21-100)
1899,0.42462566,0.57537436,1,7,2) rare (6-20)
1900,0.5912965,0.4087035,0,1000,4) very common (100+)
1901,0.15023962,0.8497604,1,2,1) very rare (1-5)
1902,0.258079,0.741921,1,2,1) very rare (1-5)
1903,0.6313517,0.3686483,1,44,3) common (21-100)
1904,0.38424072,0.61575925,1,44,3) common (21-100)
1905,0.9307597,0.06924027,0,50,3) common (21-100)
1906,0.5875956,0.41240442,1,39,3) common (21-100)
1907,0.2655754,0.7344246,0,3,1) very rare (1-5)
1908,0.33927727,0.66072273,1,1,1) very rare (1-5)
1909,0.545769,0.45423102,1,159,4) very common (100+)
1910,0.77582234,0.22417766,1,7,2) rare (6-20)
1911,0.8646723,0.1353277,1,1290,4) very common (100+)
1912,0.9712494,0.028750598,0,53,3) common (21-100)
1913,0.8535517,0.14644831,1,17,2) rare (6-20)
1914,0.4023894,0.5976106,0,343,4) very common (100+)
1915,0.3848683,0.61513174,1,7,2) rare (6-20)
1916,0.8376467,0.16235328,0,99,3) common (21-100)
1917,0.47559655,0.52440345,0,3,1) very rare (1-5)
1918,0.11005585,0.88994414,1,0,1) very rare (1-5)
1919,0.08367997,0.91632,1,0,1) very rare (1-5)
1920,0.27851447,0.7214855,1,0,1) very rare (1-5)
1921,0.1549626,0.8450374,0,41,3) common (21-100)
1922,0.3350489,0.6649511,1,33,3) common (21-100)
1923,0.36562103,0.63437897,1,17,2) rare (6-20)
1924,0.19559383,0.80440617,0,36,3) common (21-100)
1925,0.21435203,0.785648,1,5,1) very rare (1-5)
1926,0.23292899,0.767071,1,223,4) very common (100+)
1927,0.9947931,0.005206883,0,1000,4) very common (100+)
1928,0.40151277,0.59848726,0,146,4) very common (100+)
1929,0.03190855,0.9680914,1,1,1) very rare (1-5)
1930,0.23748899,0.762511,1,4,1) very rare (1-5)
1931,0.53471184,0.46528816,1,0,1) very rare (1-5)
1932,0.9816969,0.018303096,0,1000,4) very common (100+)
1933,0.7069298,0.2930702,0,100,3) common (21-100)
1934,0.39230645,0.60769355,0,343,4) very common (100+)
1935,0.12695563,0.8730444,1,0,1) very rare (1-5)
1936,0.4108226,0.58917737,1,2,1) very rare (1-5)
1937,0.35374114,0.64625883,1,88,3) common (21-100)
1938,0.6164456,0.3835544,1,96,3) common (21-100)
1939,0.7913313,0.20866871,0,25,3) common (21-100)
1940,0.5363447,0.4636553,1,1290,4) very common (100+)
1941,0.40421888,0.5957811,1,0,1) very rare (1-5)
1942,0.6486581,0.3513419,0,5,1) very rare (1-5)
1943,0.4331055,0.56689453,0,1290,4) very common (100+)
1944,0.6147618,0.38523817,0,0,1) very rare (1-5)
1945,0.18941289,0.8105871,0,142,4) very common (100+)
1946,0.92873096,0.071269035,0,421,4) very common (100+)
1947,0.6662209,0.3337791,1,12,2) rare (6-20)
1948,0.53535616,0.46464384,1,1070,4) very common (100+)
1949,0.35270306,0.6472969,1,1,1) very rare (1-5)
1950,0.3356051,0.66439486,0,118,4) very common (100+)
1951,0.018447213,0.9815528,1,0,1) very rare (1-5)
1952,0.31377366,0.68622637,1,23,3) common (21-100)
1953,0.4436483,0.55635166,0,21,3) common (21-100)
1954,0.8582547,0.14174533,0,3,1) very rare (1-5)
1955,0.3804742,0.6195258,0,40,3) common (21-100)
1956,0.46220574,0.53779423,1,14,2) rare (6-20)
1957,0.8683888,0.13161123,0,5,1) very rare (1-5)
1958,0.28305745,0.71694255,1,21,3) common (21-100)
1959,0.6578953,0.34210467,0,421,4) very common (100+)
1960,0.80591285,0.19408715,1,8,2) rare (6-20)
1961,0.132103,0.86789703,1,1,1) very rare (1-5)
1962,0.1717719,0.8282281,0,38,3) common (21-100)
1963,0.54971075,0.45028925,1,160,4) very common (100+)
1964,0.27472758,0.7252724,1,5,1) very rare (1-5)
1965,0.27234486,0.7276552,0,134,4) very common (100+)
1966,0.3801057,0.61989427,0,22,3) common (21-100)
1967,0.8986874,0.10131258,1,142,4) very common (100+)
1968,0.21092463,0.7890754,0,2,1) very rare (1-5)
1969,0.38985735,0.61014265,0,3,1) very rare (1-5)
1970,0.5935507,0.40644932,1,1290,4) very common (100+)
1971,0.9402886,0.059711397,0,10,2) rare (6-20)
1972,0.021466251,0.97853374,1,0,1) very rare (1-5)
1973,0.033594567,0.96640545,1,14,2) rare (6-20)
1974,0.2219538,0.7780462,1,0,1) very rare (1-5)
1975,0.0986969,0.9013031,1,2,1) very rare (1-5)
1976,0.92928684,0.07071316,0,700,4) very common (100+)
1977,0.05405526,0.9459447,1,4,1) very rare (1-5)
1978,0.39043105,0.60956895,0,7,2) rare (6-20)
1979,0.06786325,0.9321368,1,2,1) very rare (1-5)
1980,0.2893795,0.7106205,1,58,3) common (21-100)
1981,0.9808468,0.019153178,0,89,3) common (21-100)
1982,0.4925313,0.5074687,1,1070,4) very common (100+)
1983,0.31177682,0.6882232,1,3,1) very rare (1-5)
1984,0.4009056,0.5990944,1,0,1) very rare (1-5)
1985,0.4646704,0.5353296,1,1,1) very rare (1-5)
1986,0.96056575,0.039434254,0,5,1) very rare (1-5)
1987,0.9656245,0.03437549,0,99,3) common (21-100)
1988,0.89940006,0.100599945,0,421,4) very common (100+)
1989,0.70219153,0.29780847,0,0,1) very rare (1-5)
1990,0.44099358,0.55900645,1,5,1) very rare (1-5)
1991,0.5674329,0.43256712,0,60,3) common (21-100)
1992,0.066724785,0.9332752,1,1,1) very rare (1-5)
1993,0.29937008,0.70062995,1,2,1) very rare (1-5)
1994,0.58514154,0.41485846,1,99,3) common (21-100)
1995,0.7624853,0.23751467,1,160,4) very common (100+)
1996,0.7076786,0.29232138,0,2,1) very rare (1-5)
1997,0.106319085,0.89368093,1,9,2) rare (6-20)
1998,0.92650914,0.07349086,0,237,4) very common (100+)
1999,0.24611525,0.75388473,0,28,3) common (21-100)
2000,0.0967399,0.9032601,0,1,1) very rare (1-5)
2001,0.84776014,0.15223986,0,166,4) very common (100+)
2002,0.47007817,0.5299218,0,88,3) common (21-100)
2003,0.49067974,0.50932026,1,19,2) rare (6-20)
2004,0.72771746,0.27228254,1,1290,4) very common (100+)
2005,0.4918049,0.5081951,0,1290,4) very common (100+)
2006,0.17276992,0.8272301,1,118,4) very common (100+)
2007,0.39545056,0.6045494,0,118,4) very common (100+)
2008,0.53434443,0.46565557,0,372,4) very common (100+)
2009,0.81468165,0.18531835,0,37,3) common (21-100)
2010,0.46709153,0.53290844,1,7,2) rare (6-20)
2011,0.43409127,0.56590873,0,29,3) common (21-100)
2012,0.17402242,0.82597756,1,0,1) very rare (1-5)
2013,0.5504404,0.44955963,0,68,3) common (21-100)
2014,0.84700894,0.15299106,1,27,3) common (21-100)
2015,0.27784792,0.7221521,0,3,1) very rare (1-5)
2016,0.78184885,0.21815115,1,166,4) very common (100+)
2017,0.45887378,0.54112625,1,261,4) very common (100+)
2018,0.27178213,0.72821784,1,18,2) rare (6-20)
2019,0.66385937,0.33614063,1,62,3) common (21-100)
2020,0.06557476,0.93442523,1,0,1) very rare (1-5)
2021,0.11048963,0.8895104,1,16,2) rare (6-20)
2022,0.93707037,0.06292963,0,47,3) common (21-100)
2023,0.08804806,0.91195196,1,5,1) very rare (1-5)
2024,0.11713513,0.8828649,1,38,3) common (21-100)
2025,0.086302586,0.9136974,1,0,1) very rare (1-5)
2026,0.2442405,0.7557595,1,145,4) very common (100+)
2027,0.98263735,0.017362654,0,28,3) common (21-100)
2028,0.8887657,0.11123431,0,372,4) very common (100+)
2029,0.8777064,0.12229359,0,58,3) common (21-100)
2030,0.61973816,0.38026184,1,16,2) rare (6-20)
2031,0.7489261,0.2510739,0,1000,4) very common (100+)
2032,0.44760025,0.55239975,0,134,4) very common (100+)
2033,0.20879853,0.7912015,1,1,1) very rare (1-5)
2034,0.26432717,0.73567283,0,68,3) common (21-100)
2035,0.4238046,0.57619536,0,106,4) very common (100+)
2036,0.1884917,0.8115083,0,7,2) rare (6-20)
2037,0.39955384,0.60044616,1,134,4) very common (100+)
2038,0.026658311,0.9733417,1,0,1) very rare (1-5)
2039,0.62872595,0.37127405,0,9,2) rare (6-20)
2040,0.46347842,0.53652155,0,15,2) rare (6-20)
2041,0.08402835,0.91597164,0,4,1) very rare (1-5)
2042,0.032850858,0.96714914,0,118,4) very common (100+)
2043,0.89069206,0.109307945,0,11,2) rare (6-20)
2044,0.31469208,0.6853079,1,1,1) very rare (1-5)
2045,0.96492344,0.03507656,1,54,3) common (21-100)
2046,0.5182437,0.48175633,1,16,2) rare (6-20)
2047,0.41336623,0.5866338,0,275,4) very common (100+)
2048,0.57000715,0.42999285,1,6,2) rare (6-20)
2049,0.30501875,0.6949812,0,47,3) common (21-100)
2050,0.24769391,0.7523061,0,5,1) very rare (1-5)
2051,0.70025843,0.29974157,0,1070,4) very common (100+)
2052,0.15735753,0.8426425,0,3,1) very rare (1-5)
2053,0.043931726,0.9560683,1,70,3) common (21-100)
2054,0.79060435,0.20939565,0,19,2) rare (6-20)
2055,0.603847,0.39615297,0,3,1) very rare (1-5)
2056,0.78846854,0.21153146,0,421,4) very common (100+)
2057,0.90201014,0.09798986,1,1,1) very rare (1-5)
2058,0.92860615,0.07139385,0,275,4) very common (100+)
2059,0.96677,0.033230007,0,421,4) very common (100+)
2060,0.492492,0.50750804,0,36,3) common (21-100)
2061,0.93235236,0.067647636,0,142,4) very common (100+)
2062,0.16632228,0.8336777,1,0,1) very rare (1-5)
2063,0.41094214,0.58905786,1,9,2) rare (6-20)
2064,0.8788428,0.12115723,0,1000,4) very common (100+)
2065,0.63790214,0.36209786,0,105,4) very common (100+)
2066,0.5657078,0.4342922,0,1290,4) very common (100+)
2067,0.1609885,0.8390115,1,3,1) very rare (1-5)
2068,0.2539127,0.7460873,0,3,1) very rare (1-5)
2069,0.3851842,0.61481583,1,4,1) very rare (1-5)
2070,0.46405572,0.5359443,1,0,1) very rare (1-5)
2071,0.6717895,0.32821047,1,1290,4) very common (100+)
2072,0.19321154,0.80678844,1,0,1) very rare (1-5)
2073,0.5790063,0.4209937,0,102,4) very common (100+)
2074,0.77347475,0.22652525,1,4,1) very rare (1-5)
2075,0.45074564,0.54925436,1,13,2) rare (6-20)
2076,0.65712583,0.34287417,0,36,3) common (21-100)
2077,0.16144271,0.8385573,0,7,2) rare (6-20)
2078,0.24581774,0.7541823,0,24,3) common (21-100)
2079,0.9958359,0.0041640997,0,211,4) very common (100+)
2080,0.21423343,0.7857666,1,0,1) very rare (1-5)
2081,0.9777003,0.022299707,0,85,3) common (21-100)
2082,0.5341043,0.4658957,0,105,4) very common (100+)
2083,0.15481703,0.84518296,0,5,1) very rare (1-5)
2084,0.9844168,0.015583217,0,182,4) very common (100+)
2085,0.37849808,0.6215019,1,3,1) very rare (1-5)
2086,0.7235831,0.2764169,0,275,4) very common (100+)
2087,0.29830945,0.70169055,1,0,1) very rare (1-5)
2088,0.39868155,0.6013185,0,121,4) very common (100+)
2089,0.93852144,0.061478555,0,142,4) very common (100+)
2090,0.054922126,0.9450779,1,15,2) rare (6-20)
2091,0.14614122,0.85385877,1,9,2) rare (6-20)
2092,0.2059211,0.7940789,0,1,1) very rare (1-5)
2093,0.5774171,0.42258292,0,7,2) rare (6-20)
2094,0.20289467,0.7971053,1,22,3) common (21-100)
2095,0.06075261,0.93924737,1,0,1) very rare (1-5)
2096,0.7705529,0.22944713,0,27,3) common (21-100)
2097,0.2228946,0.7771054,0,237,4) very common (100+)
2098,0.07112392,0.9288761,1,17,2) rare (6-20)
2099,0.6039541,0.39604592,1,0,1) very rare (1-5)
2100,0.2616482,0.7383518,1,1,1) very rare (1-5)
2101,0.7968735,0.20312649,0,700,4) very common (100+)
2102,0.26086262,0.7391374,0,0,1) very rare (1-5)
2103,0.20385273,0.7961473,1,79,3) common (21-100)
2104,0.5011431,0.4988569,1,0,1) very rare (1-5)
2105,0.2719481,0.7280519,0,1,1) very rare (1-5)
2106,0.43804038,0.5619596,1,7,2) rare (6-20)
2107,0.2521195,0.74788046,1,0,1) very rare (1-5)
2108,0.39777935,0.60222065,1,6,2) rare (6-20)
2109,0.17735924,0.8226408,1,0,1) very rare (1-5)
2110,0.9553442,0.0446558,0,1000,4) very common (100+)
2111,0.83344716,0.16655284,0,123,4) very common (100+)
2112,0.9074256,0.09257442,1,2,1) very rare (1-5)
2113,0.03725792,0.9627421,1,41,3) common (21-100)
2114,0.5763007,0.42369932,1,700,4) very common (100+)
2115,0.6686687,0.3313313,1,26,3) common (21-100)
2116,0.02134825,0.97865176,1,0,1) very rare (1-5)
2117,0.3940558,0.60594416,1,24,3) common (21-100)
2118,0.9505313,0.049468696,0,39,3) common (21-100)
2119,0.8727403,0.12725967,0,1070,4) very common (100+)
2120,0.4510822,0.5489178,1,1070,4) very common (100+)
2121,0.99021506,0.009784937,1,76,3) common (21-100)
2122,0.22425999,0.77574,1,372,4) very common (100+)
2123,0.9900983,0.009901702,0,37,3) common (21-100)
2124,0.96605885,0.03394115,0,700,4) very common (100+)
2125,0.16353396,0.8364661,0,47,3) common (21-100)
2126,0.9683534,0.03164661,0,99,3) common (21-100)
2127,0.1488934,0.8511066,1,42,3) common (21-100)
2128,0.6054995,0.3945005,1,28,3) common (21-100)
2129,0.0520198,0.9479802,1,0,1) very rare (1-5)
2130,0.55131143,0.44868857,0,78,3) common (21-100)
2131,0.3388941,0.6611059,1,58,3) common (21-100)
2132,0.5262261,0.4737739,1,1,1) very rare (1-5)
2133,0.9643463,0.03565371,0,159,4) very common (100+)
2134,0.33979762,0.6602024,1,0,1) very rare (1-5)
2135,0.6775903,0.3224097,1,76,3) common (21-100)
2136,0.41125974,0.5887402,0,7,2) rare (6-20)
2137,0.98075485,0.019245148,1,16,2) rare (6-20)
2138,0.44548386,0.55451614,1,70,3) common (21-100)
2139,0.5509383,0.4490617,1,134,4) very common (100+)
2140,0.824368,0.175632,1,0,1) very rare (1-5)
2141,0.97117054,0.028829455,0,12,2) rare (6-20)
2142,0.59098333,0.40901667,0,42,3) common (21-100)
2143,0.13963313,0.8603669,1,3,1) very rare (1-5)
2144,0.95981514,0.040184855,0,99,3) common (21-100)
2145,0.3489267,0.65107334,1,6,2) rare (6-20)
2146,0.20113853,0.7988615,1,178,4) very common (100+)
2147,0.4812622,0.5187378,0,68,3) common (21-100)
2148,0.3465838,0.65341616,1,13,2) rare (6-20)
2149,0.43436474,0.56563526,1,5,1) very rare (1-5)
2150,0.26500496,0.734995,0,0,1) very rare (1-5)
2151,0.18098125,0.8190187,0,26,3) common (21-100)
2152,0.14130773,0.8586923,1,3,1) very rare (1-5)
2153,0.19829632,0.8017037,1,1,1) very rare (1-5)
2154,0.06691032,0.9330897,0,2,1) very rare (1-5)
2155,0.5400557,0.4599443,1,6,2) rare (6-20)
2156,0.84431857,0.15568143,1,5,1) very rare (1-5)
2157,0.9923104,0.007689595,0,29,3) common (21-100)
2158,0.72383034,0.27616966,1,43,3) common (21-100)
2159,0.8893147,0.11068529,1,1290,4) very common (100+)
2160,0.8942741,0.105725884,0,1290,4) very common (100+)
2161,0.45752463,0.54247534,1,0,1) very rare (1-5)
2162,0.91503626,0.08496374,0,105,4) very common (100+)
2163,0.58731455,0.41268545,0,142,4) very common (100+)
2164,0.04840533,0.95159465,1,39,3) common (21-100)
2165,0.30511802,0.694882,1,1,1) very rare (1-5)
2166,0.16267887,0.83732116,0,17,2) rare (6-20)
2167,0.41222867,0.5877713,0,2,1) very rare (1-5)
2168,0.51508904,0.48491096,1,1,1) very rare (1-5)
2169,0.9682332,0.031766772,0,52,3) common (21-100)
2170,0.7224529,0.27754712,0,20,2) rare (6-20)
2171,0.39475688,0.6052431,1,2,1) very rare (1-5)
2172,0.35204467,0.6479553,1,3,1) very rare (1-5)
2173,0.5652613,0.4347387,0,0,1) very rare (1-5)
2174,0.10438636,0.8956137,0,2,1) very rare (1-5)
2175,0.11912623,0.8808738,1,3,1) very rare (1-5)
2176,0.69362515,0.30637485,0,6,2) rare (6-20)
2177,0.7816413,0.2183587,1,275,4) very common (100+)
2178,0.20427607,0.7957239,1,0,1) very rare (1-5)
2179,0.8073807,0.19261932,0,56,3) common (21-100)
2180,0.25069585,0.7493042,0,178,4) very common (100+)
2181,0.34206864,0.6579313,0,36,3) common (21-100)
2182,0.09575407,0.9042459,0,0,1) very rare (1-5)
2183,0.4415447,0.5584553,1,142,4) very common (100+)
2184,0.9716806,0.028319418,1,30,3) common (21-100)
2185,0.5981872,0.4018128,1,9,2) rare (6-20)
2186,0.46180335,0.5381967,1,92,3) common (21-100)
2187,0.6310135,0.3689865,0,223,4) very common (100+)
2188,0.3123548,0.6876452,1,0,1) very rare (1-5)
2189,0.35815573,0.6418443,0,37,3) common (21-100)
2190,0.60669076,0.39330924,0,1290,4) very common (100+)
2191,0.3334215,0.66657853,1,45,3) common (21-100)
2192,0.24905773,0.7509423,0,8,2) rare (6-20)
2193,0.20663205,0.793368,1,0,1) very rare (1-5)
2194,0.9265164,0.07348359,1,1290,4) very common (100+)
2195,0.20106313,0.79893684,1,0,1) very rare (1-5)
2196,0.14091334,0.85908663,1,0,1) very rare (1-5)
2197,0.4950051,0.50499487,0,372,4) very common (100+)
2198,0.73337567,0.26662433,1,15,2) rare (6-20)
2199,0.17967081,0.8203292,1,4,1) very rare (1-5)
2200,0.48531136,0.5146886,1,1000,4) very common (100+)
2201,0.8820991,0.11790091,0,1070,4) very common (100+)
2202,0.2129147,0.7870853,0,159,4) very common (100+)
2203,0.10439823,0.89560175,0,2,1) very rare (1-5)
2204,0.72541416,0.27458584,0,1070,4) very common (100+)
2205,0.31230152,0.6876985,1,1,1) very rare (1-5)
2206,0.15689471,0.8431053,0,88,3) common (21-100)
2207,0.33524606,0.6647539,1,5,1) very rare (1-5)
2208,0.951996,0.04800397,0,99,3) common (21-100)
2209,0.345063,0.654937,0,89,3) common (21-100)
2210,0.5424251,0.4575749,1,1,1) very rare (1-5)
2211,0.26738244,0.73261756,1,15,2) rare (6-20)
2212,0.5560107,0.44398928,1,39,3) common (21-100)
2213,0.5781647,0.4218353,1,237,4) very common (100+)
2214,0.25823876,0.7417612,0,21,3) common (21-100)
2215,0.32364544,0.6763545,1,0,1) very rare (1-5)
2216,0.5859205,0.4140795,0,41,3) common (21-100)
2217,0.14694898,0.853051,0,24,3) common (21-100)
2218,0.07665783,0.92334217,1,0,1) very rare (1-5)
2219,0.56148434,0.43851566,0,23,3) common (21-100)
2220,0.20752522,0.79247475,0,6,2) rare (6-20)
2221,0.24094065,0.75905937,0,14,2) rare (6-20)
2222,0.16220966,0.83779037,0,6,2) rare (6-20)
2223,0.2988867,0.70111334,1,1,1) very rare (1-5)
2224,0.682572,0.317428,0,4,1) very rare (1-5)
2225,0.8234351,0.17656487,0,2,1) very rare (1-5)
2226,0.72228235,0.27771765,1,268,4) very common (100+)
2227,0.6367808,0.3632192,0,9,2) rare (6-20)
2228,0.873907,0.12609297,1,0,1) very rare (1-5)
2229,0.8256781,0.17432189,0,700,4) very common (100+)
2230,0.8380335,0.1619665,0,421,4) very common (100+)
2231,0.5751332,0.4248668,0,0,1) very rare (1-5)
2232,0.5252208,0.4747792,1,4,1) very rare (1-5)
2233,0.051676907,0.9483231,1,19,2) rare (6-20)
2234,0.10924039,0.8907596,1,159,4) very common (100+)
2235,0.091093734,0.9089063,1,0,1) very rare (1-5)
2236,0.23066762,0.7693324,0,13,2) rare (6-20)
2237,0.09700447,0.9029955,1,6,2) rare (6-20)
2238,0.9135667,0.08643329,0,421,4) very common (100+)
2239,0.14568712,0.8543129,1,8,2) rare (6-20)
2240,0.56359106,0.43640894,1,20,2) rare (6-20)
2241,0.88855284,0.111447155,0,121,4) very common (100+)
2242,0.5572085,0.44279152,1,1,1) very rare (1-5)
2243,0.37020114,0.6297989,1,2,1) very rare (1-5)
2244,0.7967034,0.2032966,0,24,3) common (21-100)
2245,0.3014183,0.6985817,1,44,3) common (21-100)
2246,0.13436021,0.8656398,1,0,1) very rare (1-5)
2247,0.6815798,0.31842017,1,421,4) very common (100+)
2248,0.5387932,0.4612068,0,1000,4) very common (100+)
2249,0.96106195,0.038938046,0,700,4) very common (100+)
2250,0.49263215,0.50736785,0,2,1) very rare (1-5)
2251,0.40738136,0.59261864,1,9,2) rare (6-20)
2252,0.24046847,0.7595315,1,94,3) common (21-100)
2253,0.9586729,0.04132712,0,145,4) very common (100+)
2254,0.6406673,0.35933268,1,1290,4) very common (100+)
2255,0.29323813,0.70676184,1,1,1) very rare (1-5)
2256,0.27523297,0.724767,1,1,1) very rare (1-5)
2257,0.18195385,0.81804615,0,27,3) common (21-100)
2258,0.4802293,0.51977074,1,106,4) very common (100+)
2259,0.066815265,0.93318474,0,5,1) very rare (1-5)
2260,0.18911558,0.8108844,1,118,4) very common (100+)
2261,0.7941385,0.20586151,1,3,1) very rare (1-5)
2262,0.16622345,0.83377653,1,0,1) very rare (1-5)
2263,0.28195962,0.71804035,0,29,3) common (21-100)
2264,0.14012888,0.85987115,1,2,1) very rare (1-5)
2265,0.25487942,0.7451206,0,134,4) very common (100+)
2266,0.82887155,0.17112845,0,71,3) common (21-100)
2267,0.19782111,0.80217886,1,0,1) very rare (1-5)
2268,0.052482706,0.9475173,1,118,4) very common (100+)
2269,0.46323615,0.53676385,0,2,1) very rare (1-5)
2270,0.9715679,0.028432071,0,2,1) very rare (1-5)
2271,0.111989014,0.888011,1,0,1) very rare (1-5)
2272,0.121823385,0.8781766,1,100,3) common (21-100)
2273,0.91346943,0.086530566,0,19,2) rare (6-20)
2274,0.771317,0.228683,1,78,3) common (21-100)
2275,0.9025319,0.09746808,0,1000,4) very common (100+)
2276,0.26093206,0.7390679,0,343,4) very common (100+)
2277,0.32524288,0.6747571,0,51,3) common (21-100)
2278,0.8871698,0.11283022,0,1070,4) very common (100+)
2279,0.5656555,0.43434447,0,7,2) rare (6-20)
2280,0.4094144,0.5905856,0,2,1) very rare (1-5)
2281,0.3324816,0.6675184,1,1,1) very rare (1-5)
2282,0.47429156,0.52570844,1,65,3) common (21-100)
2283,0.17644624,0.82355374,1,0,1) very rare (1-5)
2284,0.81351846,0.18648154,0,33,3) common (21-100)
2285,0.9094817,0.090518296,0,1000,4) very common (100+)
2286,0.35574627,0.64425373,0,0,1) very rare (1-5)
2287,0.32787138,0.6721286,0,107,4) very common (100+)
2288,0.5575082,0.44249183,1,106,4) very common (100+)
2289,0.5786964,0.42130357,1,1070,4) very common (100+)
2290,0.722579,0.277421,1,0,1) very rare (1-5)
2291,0.8221473,0.17785269,0,237,4) very common (100+)
2292,0.60001224,0.39998776,0,40,3) common (21-100)
2293,0.06961528,0.9303847,0,0,1) very rare (1-5)
2294,0.071865,0.928135,1,0,1) very rare (1-5)
2295,0.6996272,0.30037278,1,6,2) rare (6-20)
2296,0.29515415,0.70484585,1,0,1) very rare (1-5)
2297,0.08504967,0.9149503,1,0,1) very rare (1-5)
2298,0.25613448,0.7438655,1,121,4) very common (100+)
2299,0.7767839,0.22321612,1,372,4) very common (100+)
2300,0.09199436,0.90800565,1,7,2) rare (6-20)
2301,0.24716191,0.7528381,1,26,3) common (21-100)
2302,0.20015521,0.7998448,1,0,1) very rare (1-5)
2303,0.25489816,0.7451018,1,89,3) common (21-100)
2304,0.9950369,0.0049631,0,211,4) very common (100+)
2305,0.4175707,0.5824293,0,1000,4) very common (100+)
2306,0.32101172,0.6789883,0,100,3) common (21-100)
2307,0.11159036,0.8884096,0,0,1) very rare (1-5)
2308,0.5512903,0.44870973,1,0,1) very rare (1-5)
2309,0.6634636,0.3365364,0,105,4) very common (100+)
2310,0.64090014,0.35909986,1,1290,4) very common (100+)
2311,0.7043356,0.29566443,0,39,3) common (21-100)
2312,0.11069035,0.88930964,0,0,1) very rare (1-5)
2313,0.4479211,0.5520789,1,1070,4) very common (100+)
2314,0.07471884,0.92528117,1,1,1) very rare (1-5)
2315,0.54240143,0.45759857,1,0,1) very rare (1-5)
2316,0.9041873,0.09581268,1,70,3) common (21-100)
2317,0.86054754,0.13945246,0,268,4) very common (100+)
2318,0.9334928,0.06650722,0,261,4) very common (100+)
2319,0.3459883,0.6540117,0,62,3) common (21-100)
2320,0.3869482,0.6130518,0,1070,4) very common (100+)
2321,0.18958236,0.81041765,0,2,1) very rare (1-5)
2322,0.77366775,0.22633225,0,7,2) rare (6-20)
2323,0.24879955,0.75120044,1,0,1) very rare (1-5)
2324,0.41830984,0.5816902,0,3,1) very rare (1-5)
2325,0.97767943,0.022320569,0,37,3) common (21-100)
2326,0.6062435,0.3937565,1,0,1) very rare (1-5)
2327,0.9302684,0.06973159,0,12,2) rare (6-20)
2328,0.12334132,0.8766587,1,1,1) very rare (1-5)
2329,0.3765007,0.6234993,0,58,3) common (21-100)
2330,0.6172346,0.3827654,0,89,3) common (21-100)
2331,0.9639638,0.036036193,1,275,4) very common (100+)
2332,0.35814947,0.64185053,0,14,2) rare (6-20)
2333,0.1482253,0.8517747,1,0,1) very rare (1-5)
2334,0.2454712,0.7545288,1,45,3) common (21-100)
2335,0.38724482,0.6127552,1,1290,4) very common (100+)
2336,0.9519758,0.048024178,0,13,2) rare (6-20)
2337,0.078527465,0.92147255,1,2,1) very rare (1-5)
2338,0.043177545,0.95682245,1,14,2) rare (6-20)
2339,0.57304436,0.42695564,0,1070,4) very common (100+)
2340,0.8928971,0.10710287,0,1000,4) very common (100+)
2341,0.044443984,0.95555604,1,16,2) rare (6-20)
2342,0.11014978,0.8898502,1,111,4) very common (100+)
2343,0.66868436,0.33131564,0,25,3) common (21-100)
2344,0.6281321,0.3718679,0,23,3) common (21-100)
2345,0.57562613,0.42437387,0,1070,4) very common (100+)
2346,0.058218256,0.94178176,1,1,1) very rare (1-5)
2347,0.5124421,0.4875579,1,19,2) rare (6-20)
2348,0.76908416,0.23091584,1,7,2) rare (6-20)
2349,0.77808565,0.22191435,0,159,4) very common (100+)
2350,0.25315717,0.74684286,1,0,1) very rare (1-5)
2351,0.4038436,0.59615636,1,69,3) common (21-100)
2352,0.21672107,0.78327894,0,43,3) common (21-100)
2353,0.67088425,0.32911575,1,146,4) very common (100+)
2354,0.18226266,0.81773734,1,4,1) very rare (1-5)
2355,0.6474656,0.3525344,1,0,1) very rare (1-5)
2356,0.50423807,0.49576193,1,9,2) rare (6-20)
2357,0.17443548,0.8255645,1,6,2) rare (6-20)
2358,0.12180583,0.87819415,1,2,1) very rare (1-5)
2359,0.39803717,0.6019628,1,92,3) common (21-100)
2360,0.7328905,0.2671095,0,274,4) very common (100+)
2361,0.48428196,0.51571804,0,9,2) rare (6-20)
2362,0.54335636,0.45664364,1,31,3) common (21-100)
2363,0.8343064,0.16569358,0,23,3) common (21-100)
2364,0.32564914,0.67435086,1,38,3) common (21-100)
2365,0.5204528,0.4795472,1,1070,4) very common (100+)
2366,0.22311196,0.776888,1,0,1) very rare (1-5)
2367,0.91984427,0.08015573,0,99,3) common (21-100)
2368,0.13092162,0.8690784,1,5,1) very rare (1-5)
2369,0.04755612,0.9524439,0,8,2) rare (6-20)
2370,0.51408076,0.48591924,1,0,1) very rare (1-5)
2371,0.14347246,0.85652757,1,2,1) very rare (1-5)
2372,0.17540583,0.82459414,0,5,1) very rare (1-5)
2373,0.48407036,0.51592964,1,268,4) very common (100+)
2374,0.121139176,0.87886083,1,0,1) very rare (1-5)
2375,0.091599956,0.90840006,1,1,1) very rare (1-5)
2376,0.26584163,0.7341584,1,3,1) very rare (1-5)
2377,0.40311995,0.5968801,1,3,1) very rare (1-5)
2378,0.94189686,0.058103144,1,2,1) very rare (1-5)
2379,0.050422154,0.94957787,1,14,2) rare (6-20)
2380,0.99294996,0.0070500374,0,700,4) very common (100+)
2381,0.4598099,0.5401901,1,66,3) common (21-100)
2382,0.50043714,0.49956286,1,0,1) very rare (1-5)
2383,0.79697293,0.20302707,0,10,2) rare (6-20)
2384,0.31424844,0.68575156,1,39,3) common (21-100)
2385,0.4839209,0.51607907,0,71,3) common (21-100)
2386,0.3246178,0.6753822,1,4,1) very rare (1-5)
2387,0.11011355,0.88988644,1,79,3) common (21-100)
2388,0.3231674,0.67683256,1,0,1) very rare (1-5)
2389,0.99841857,0.0015814304,0,89,3) common (21-100)
2390,0.017061038,0.98293895,1,2,1) very rare (1-5)
2391,0.63728434,0.36271566,1,268,4) very common (100+)
2392,0.16128524,0.8387148,1,85,3) common (21-100)
2393,0.86842775,0.13157225,0,36,3) common (21-100)
2394,0.506965,0.49303502,0,142,4) very common (100+)
2395,0.82891524,0.17108476,0,4,1) very rare (1-5)
2396,0.30193737,0.69806266,1,35,3) common (21-100)
2397,0.10570174,0.89429826,1,7,2) rare (6-20)
2398,0.83199954,0.16800046,0,223,4) very common (100+)
2399,0.4997978,0.5002022,0,12,2) rare (6-20)
2400,0.7305143,0.2694857,0,1290,4) very common (100+)
2401,0.960439,0.039560974,0,21,3) common (21-100)
2402,0.20142145,0.79857856,0,159,4) very common (100+)
2403,0.8370653,0.16293472,0,15,2) rare (6-20)
2404,0.987884,0.012116015,0,421,4) very common (100+)
2405,0.40116006,0.59883994,0,102,4) very common (100+)
2406,0.35802653,0.6419735,0,86,3) common (21-100)
2407,0.49269035,0.5073097,1,1,1) very rare (1-5)
2408,0.49161077,0.50838923,1,19,2) rare (6-20)
2409,0.07522901,0.924771,0,0,1) very rare (1-5)
2410,0.54762256,0.45237744,1,0,1) very rare (1-5)
2411,0.412027,0.587973,1,19,2) rare (6-20)
2412,0.12333533,0.87666464,1,14,2) rare (6-20)
2413,0.13409613,0.86590385,1,134,4) very common (100+)
2414,0.25649247,0.7435075,1,0,1) very rare (1-5)
2415,0.8261103,0.1738897,1,1290,4) very common (100+)
2416,0.8902782,0.10972178,1,160,4) very common (100+)
2417,0.05637478,0.9436252,0,0,1) very rare (1-5)
2418,0.7913321,0.20866787,0,1070,4) very common (100+)
2419,0.13553895,0.86446106,1,0,1) very rare (1-5)
2420,0.9657199,0.03428012,0,23,3) common (21-100)
2421,0.45455486,0.54544514,0,4,1) very rare (1-5)
2422,0.050550617,0.94944936,1,30,3) common (21-100)
2423,0.36302662,0.6369734,0,4,1) very rare (1-5)
2424,0.57149637,0.42850363,1,0,1) very rare (1-5)
2425,0.25258955,0.7474104,1,1290,4) very common (100+)
2426,0.7691698,0.2308302,0,5,1) very rare (1-5)
2427,0.9942873,0.005712688,0,1000,4) very common (100+)
2428,0.5186982,0.48130178,1,142,4) very common (100+)
2429,0.86426634,0.13573366,0,12,2) rare (6-20)
2430,0.9707991,0.029200912,0,182,4) very common (100+)
2431,0.31936,0.68064,0,4,1) very rare (1-5)
2432,0.60273784,0.39726216,0,86,3) common (21-100)
2433,0.08323348,0.9167665,1,63,3) common (21-100)
2434,0.9639728,0.036027193,0,21,3) common (21-100)
2435,0.020076944,0.97992307,1,0,1) very rare (1-5)
2436,0.9208158,0.079184175,1,1290,4) very common (100+)
2437,0.49349913,0.50650084,1,0,1) very rare (1-5)
2438,0.3182881,0.6817119,1,0,1) very rare (1-5)
2439,0.27936655,0.72063345,1,118,4) very common (100+)
2440,0.22066282,0.77933717,1,86,3) common (21-100)
2441,0.9182639,0.08173609,0,421,4) very common (100+)
2442,0.33999616,0.66000384,0,1,1) very rare (1-5)
2443,0.6888371,0.3111629,0,700,4) very common (100+)
2444,0.28425947,0.71574056,0,2,1) very rare (1-5)
2445,0.9786653,0.021334708,0,1000,4) very common (100+)
2446,0.32125354,0.67874646,1,0,1) very rare (1-5)
2447,0.22017314,0.7798269,0,24,3) common (21-100)
2448,0.9702426,0.02975738,0,0,1) very rare (1-5)
2449,0.7704865,0.22951353,0,166,4) very common (100+)
2450,0.21082549,0.7891745,1,66,3) common (21-100)
2451,0.31344473,0.68655527,0,2,1) very rare (1-5)
2452,0.8538615,0.14613849,0,2,1) very rare (1-5)
2453,0.58179253,0.41820747,0,2,1) very rare (1-5)
2454,0.38666523,0.6133348,0,31,3) common (21-100)
2455,0.052841205,0.9471588,1,2,1) very rare (1-5)
2456,0.0855234,0.91447663,1,1,1) very rare (1-5)
2457,0.42481276,0.5751872,0,41,3) common (21-100)
2458,0.07434313,0.92565686,1,3,1) very rare (1-5)
2459,0.10808613,0.8919139,1,4,1) very rare (1-5)
2460,0.09579698,0.904203,1,0,1) very rare (1-5)
2461,0.64040077,0.35959923,1,142,4) very common (100+)
2462,0.20281774,0.79718226,0,39,3) common (21-100)
2463,0.095391124,0.90460885,1,0,1) very rare (1-5)
2464,0.8670868,0.13291317,0,99,3) common (21-100)
2465,0.37014523,0.6298548,0,7,2) rare (6-20)
2466,0.09269566,0.90730435,0,0,1) very rare (1-5)
2467,0.1482903,0.8517097,1,0,1) very rare (1-5)
2468,0.72076494,0.27923506,0,23,3) common (21-100)
2469,0.4820003,0.5179997,1,166,4) very common (100+)
2470,0.9881804,0.011819601,0,1000,4) very common (100+)
2471,0.573757,0.426243,1,0,1) very rare (1-5)
2472,0.94436496,0.055635035,0,20,2) rare (6-20)
2473,0.59055656,0.40944344,1,11,2) rare (6-20)
2474,0.9557953,0.044204712,0,1000,4) very common (100+)
2475,0.6419454,0.35805458,1,14,2) rare (6-20)
2476,0.053163428,0.9468366,1,1,1) very rare (1-5)
2477,0.687212,0.312788,1,106,4) very common (100+)
2478,0.34172282,0.65827715,0,4,1) very rare (1-5)
2479,0.85831887,0.14168113,0,74,3) common (21-100)
2480,0.06208182,0.9379182,1,0,1) very rare (1-5)
2481,0.82659465,0.17340535,1,24,3) common (21-100)
2482,0.31625128,0.6837487,1,1290,4) very common (100+)
2483,0.3536526,0.6463474,0,6,2) rare (6-20)
2484,0.35853344,0.64146656,0,2,1) very rare (1-5)
2485,0.97477174,0.025228262,0,1000,4) very common (100+)
2486,0.40968293,0.5903171,1,79,3) common (21-100)
2487,0.8107256,0.18927437,1,41,3) common (21-100)
2488,0.6434747,0.3565253,0,1,1) very rare (1-5)
2489,0.35815847,0.64184153,1,0,1) very rare (1-5)
2490,0.84826577,0.15173423,0,55,3) common (21-100)
2491,0.89730144,0.102698565,0,85,3) common (21-100)
2492,0.8681666,0.13183337,0,211,4) very common (100+)
2493,0.36506894,0.6349311,1,70,3) common (21-100)
2494,0.20092066,0.79907936,1,0,1) very rare (1-5)
2495,0.9110022,0.08899778,0,1290,4) very common (100+)
2496,0.9713558,0.028644204,0,16,2) rare (6-20)
2497,0.23225501,0.767745,0,13,2) rare (6-20)
2498,0.74705803,0.25294197,0,2,1) very rare (1-5)
2499,0.13318662,0.86681336,1,39,3) common (21-100)
2500,0.064976096,0.9350239,1,0,1) very rare (1-5)
2501,0.45180884,0.5481912,0,108,4) very common (100+)
2502,0.4284718,0.5715282,1,275,4) very common (100+)
2503,0.24904953,0.75095046,0,3,1) very rare (1-5)
2504,0.54741925,0.45258075,0,5,1) very rare (1-5)
2505,0.815482,0.18451798,0,15,2) rare (6-20)
2506,0.26548392,0.7345161,1,0,1) very rare (1-5)
2507,0.21273668,0.78726333,1,19,2) rare (6-20)
2508,0.9291448,0.0708552,0,7,2) rare (6-20)
2509,0.08427325,0.9157268,1,1,1) very rare (1-5)
2510,0.735842,0.264158,1,108,4) very common (100+)
2511,0.763349,0.236651,0,107,4) very common (100+)
2512,0.48055774,0.51944226,0,178,4) very common (100+)
2513,0.18524688,0.8147531,1,14,2) rare (6-20)
2514,0.40015224,0.5998478,1,1,1) very rare (1-5)
2515,0.044042297,0.9559577,1,47,3) common (21-100)
2516,0.9411602,0.058839798,0,142,4) very common (100+)
2517,0.95700574,0.04299426,0,261,4) very common (100+)
2518,0.94181937,0.05818063,0,11,2) rare (6-20)
2519,0.3000716,0.6999284,0,39,3) common (21-100)
2520,0.9417024,0.058297575,0,16,2) rare (6-20)
2521,0.44705728,0.55294275,0,62,3) common (21-100)
2522,0.08643544,0.91356456,1,2,1) very rare (1-5)
2523,0.86239254,0.13760746,0,21,3) common (21-100)
2524,0.2747858,0.72521424,1,4,1) very rare (1-5)
2525,0.058409683,0.9415903,1,3,1) very rare (1-5)
2526,0.9536379,0.046362102,0,268,4) very common (100+)
2527,0.17929013,0.8207099,0,700,4) very common (100+)
2528,0.301157,0.698843,1,343,4) very common (100+)
2529,0.7931159,0.20688409,0,50,3) common (21-100)
2530,0.7638914,0.2361086,0,15,2) rare (6-20)
2531,0.9995442,0.00045579672,0,211,4) very common (100+)
2532,0.50679475,0.49320525,0,1070,4) very common (100+)
2533,0.29717556,0.7028245,1,92,3) common (21-100)
2534,0.45401287,0.5459871,0,69,3) common (21-100)
2535,0.33306462,0.6669354,1,372,4) very common (100+)
2536,0.6895218,0.3104782,1,72,3) common (21-100)
2537,0.7291753,0.27082467,0,22,3) common (21-100)
2538,0.56613964,0.43386036,0,11,2) rare (6-20)
2539,0.68027395,0.31972605,1,14,2) rare (6-20)
2540,0.560175,0.439825,1,7,2) rare (6-20)
2541,0.8957756,0.104224384,0,274,4) very common (100+)
2542,0.04263238,0.9573676,1,0,1) very rare (1-5)
2543,0.71868575,0.28131425,1,0,1) very rare (1-5)
2544,0.11636024,0.88363975,0,89,3) common (21-100)
2545,0.8228604,0.17713958,1,1070,4) very common (100+)
2546,0.9750563,0.02494371,0,6,2) rare (6-20)
2547,0.45506424,0.54493576,1,23,3) common (21-100)
2548,0.9944174,0.005582571,0,1000,4) very common (100+)
2549,0.51183504,0.48816496,1,22,3) common (21-100)
2550,0.2954183,0.70458174,1,84,3) common (21-100)
2551,0.69363666,0.30636334,1,0,1) very rare (1-5)
2552,0.86126107,0.13873893,0,1,1) very rare (1-5)
2553,0.50018704,0.49981296,1,21,3) common (21-100)
2554,0.36490265,0.6350974,0,343,4) very common (100+)
2555,0.3107858,0.6892142,0,102,4) very common (100+)
2556,0.08649375,0.91350627,1,14,2) rare (6-20)
2557,0.8827709,0.117229104,1,53,3) common (21-100)
2558,0.8958231,0.10417688,0,21,3) common (21-100)
2559,0.48719883,0.5128012,1,7,2) rare (6-20)
2560,0.32305098,0.676949,1,1,1) very rare (1-5)
2561,0.40915996,0.59084004,1,2,1) very rare (1-5)
2562,0.45859984,0.5414002,1,22,3) common (21-100)
2563,0.22892518,0.77107483,1,2,1) very rare (1-5)
2564,0.95079106,0.04920894,0,33,3) common (21-100)
2565,0.2933312,0.7066688,1,0,1) very rare (1-5)
2566,0.11695079,0.8830492,1,0,1) very rare (1-5)
2567,0.4324275,0.5675725,0,36,3) common (21-100)
2568,0.29170948,0.7082905,1,20,2) rare (6-20)
2569,0.17923409,0.8207659,1,1,1) very rare (1-5)
2570,0.24127868,0.75872135,1,0,1) very rare (1-5)
2571,0.4507748,0.5492252,0,1,1) very rare (1-5)
2572,0.96509224,0.03490776,0,24,3) common (21-100)
2573,0.65724593,0.34275407,0,100,3) common (21-100)
2574,0.31940803,0.68059194,1,18,2) rare (6-20)
2575,0.022765635,0.97723436,1,0,1) very rare (1-5)
2576,0.93998885,0.06001115,1,36,3) common (21-100)
2577,0.060660034,0.93934,0,6,2) rare (6-20)
2578,0.68540907,0.31459093,1,4,1) very rare (1-5)
2579,0.06416996,0.93583006,0,88,3) common (21-100)
2580,0.91306037,0.08693963,0,261,4) very common (100+)
2581,0.14375295,0.85624707,1,3,1) very rare (1-5)
2582,0.9022875,0.09771252,0,27,3) common (21-100)
2583,0.03240337,0.96759665,1,0,1) very rare (1-5)
2584,0.3674025,0.6325975,1,0,1) very rare (1-5)
2585,0.9882088,0.011791229,0,182,4) very common (100+)
2586,0.47479296,0.52520704,0,123,4) very common (100+)
2587,0.7977853,0.20221472,0,11,2) rare (6-20)
2588,0.5194215,0.48057848,0,105,4) very common (100+)
2589,0.47350416,0.5264958,1,18,2) rare (6-20)
2590,0.061459642,0.93854034,1,0,1) very rare (1-5)
2591,0.035962377,0.9640376,1,0,1) very rare (1-5)
2592,0.08139893,0.9186011,1,3,1) very rare (1-5)
2593,0.24698319,0.7530168,0,3,1) very rare (1-5)
2594,0.15597978,0.84402025,1,2,1) very rare (1-5)
2595,0.71108454,0.28891546,0,421,4) very common (100+)
2596,0.98204833,0.017951667,0,700,4) very common (100+)
2597,0.7864474,0.2135526,0,2,1) very rare (1-5)
2598,0.8909201,0.1090799,0,0,1) very rare (1-5)
2599,0.39515388,0.6048461,1,2,1) very rare (1-5)
2600,0.57856995,0.42143005,0,21,3) common (21-100)
2601,0.5426047,0.45739532,0,0,1) very rare (1-5)
2602,0.23591715,0.76408285,1,11,2) rare (6-20)
2603,0.013632641,0.98636734,1,1,1) very rare (1-5)
2604,0.5992814,0.40071863,1,2,1) very rare (1-5)
2605,0.39511803,0.604882,1,1070,4) very common (100+)
2606,0.1284343,0.8715657,0,0,1) very rare (1-5)
2607,0.45484573,0.5451543,0,261,4) very common (100+)
2608,0.2298992,0.77010083,0,62,3) common (21-100)
2609,0.87282914,0.12717086,0,14,2) rare (6-20)
2610,0.95002204,0.04997796,0,1,1) very rare (1-5)
2611,0.055172633,0.9448274,0,12,2) rare (6-20)
2612,0.8232471,0.17675292,0,75,3) common (21-100)
2613,0.4427325,0.5572675,0,14,2) rare (6-20)
2614,0.023083532,0.9769165,1,51,3) common (21-100)
2615,0.5176738,0.4823262,0,26,3) common (21-100)
2616,0.8634432,0.1365568,0,1000,4) very common (100+)
2617,0.23236011,0.7676399,1,1290,4) very common (100+)
2618,0.7443108,0.2556892,0,372,4) very common (100+)
2619,0.3014495,0.69855046,0,33,3) common (21-100)
2620,0.8149448,0.1850552,0,34,3) common (21-100)
2621,0.6161829,0.38381708,1,6,2) rare (6-20)
2622,0.49077517,0.50922483,0,27,3) common (21-100)
2623,0.07651923,0.92348075,0,1,1) very rare (1-5)
2624,0.6189534,0.3810466,0,700,4) very common (100+)
2625,0.9617639,0.03823608,0,12,2) rare (6-20)
2626,0.9457001,0.05429989,0,1000,4) very common (100+)
2627,0.7046447,0.29535532,0,5,1) very rare (1-5)
2628,0.98019904,0.019800961,0,421,4) very common (100+)
2629,0.42886794,0.57113206,0,700,4) very common (100+)
2630,0.52590084,0.47409916,1,0,1) very rare (1-5)
2631,0.8899124,0.11008757,0,1290,4) very common (100+)
2632,0.113246664,0.8867533,1,1,1) very rare (1-5)
2633,0.70717984,0.29282016,1,12,2) rare (6-20)
2634,0.99571496,0.0042850375,0,16,2) rare (6-20)
2635,0.21289155,0.7871084,1,0,1) very rare (1-5)
2636,0.9993692,0.00063079596,0,211,4) very common (100+)
2637,0.18982582,0.81017417,1,0,1) very rare (1-5)
2638,0.26637825,0.7336217,0,4,1) very rare (1-5)
2639,0.6094091,0.3905909,0,12,2) rare (6-20)
2640,0.88629305,0.11370695,0,10,2) rare (6-20)
2641,0.3423691,0.6576309,0,0,1) very rare (1-5)
2642,0.5828282,0.41717178,0,24,3) common (21-100)
2643,0.8001784,0.19982159,0,1,1) very rare (1-5)
2644,0.15951905,0.8404809,1,13,2) rare (6-20)
2645,0.21505214,0.7849479,1,1,1) very rare (1-5)
2646,0.9973345,0.0026655197,0,89,3) common (21-100)
2647,0.075036615,0.92496336,1,0,1) very rare (1-5)
2648,0.85513747,0.14486253,0,3,1) very rare (1-5)
2649,0.97434616,0.02565384,0,53,3) common (21-100)
2650,0.8596101,0.14038992,0,1290,4) very common (100+)
2651,0.84944004,0.15055996,1,8,2) rare (6-20)
2652,0.99769753,0.0023024678,0,211,4) very common (100+)
2653,0.68232507,0.31767493,1,146,4) very common (100+)
2654,0.33011895,0.66988105,1,421,4) very common (100+)
2655,0.13411541,0.8658846,1,14,2) rare (6-20)
2656,0.67735827,0.32264173,1,118,4) very common (100+)
2657,0.6767276,0.3232724,1,23,3) common (21-100)
2658,0.60761654,0.39238346,0,3,1) very rare (1-5)
2659,0.9224129,0.07758713,0,23,3) common (21-100)
2660,0.5610954,0.43890458,1,6,2) rare (6-20)
2661,0.12510188,0.87489814,0,5,1) very rare (1-5)
2662,0.9415931,0.05840689,1,0,1) very rare (1-5)
2663,0.20514657,0.79485345,1,134,4) very common (100+)
2664,0.8087443,0.19125569,0,26,3) common (21-100)
2665,0.9439175,0.056082487,1,6,2) rare (6-20)
2666,0.8032223,0.1967777,0,70,3) common (21-100)
2667,0.35212496,0.6478751,1,0,1) very rare (1-5)
2668,0.6440084,0.3559916,1,8,2) rare (6-20)
2669,0.70907706,0.29092294,0,1290,4) very common (100+)
2670,0.06134118,0.93865883,0,26,3) common (21-100)
2671,0.66399616,0.33600384,1,100,3) common (21-100)
2672,0.0536213,0.9463787,0,1,1) very rare (1-5)
2673,0.91823095,0.08176905,0,17,2) rare (6-20)
2674,0.9276786,0.072321415,0,32,3) common (21-100)
2675,0.15866491,0.84133506,0,33,3) common (21-100)
2676,0.40351084,0.5964892,1,30,3) common (21-100)
2677,0.112813346,0.88718665,1,0,1) very rare (1-5)
2678,0.64724004,0.35275996,0,1,1) very rare (1-5)
2679,0.12985986,0.87014014,1,0,1) very rare (1-5)
2680,0.054218628,0.94578135,1,21,3) common (21-100)
2681,0.43938467,0.5606153,1,3,1) very rare (1-5)
2682,0.32403734,0.6759627,1,0,1) very rare (1-5)
2683,0.9456753,0.054324687,0,7,2) rare (6-20)
2684,0.82939065,0.17060935,0,1070,4) very common (100+)
2685,0.913187,0.08681297,0,3,1) very rare (1-5)
2686,0.8965414,0.10345858,0,39,3) common (21-100)
2687,0.8233204,0.17667961,0,6,2) rare (6-20)
2688,0.11024379,0.8897562,1,107,4) very common (100+)
2689,0.105970204,0.8940298,1,5,1) very rare (1-5)
2690,0.76388496,0.23611504,0,1290,4) very common (100+)
2691,0.338141,0.66185904,1,78,3) common (21-100)
2692,0.62610275,0.37389725,1,1,1) very rare (1-5)
2693,0.71131754,0.28868246,1,274,4) very common (100+)
2694,0.6470651,0.3529349,1,3,1) very rare (1-5)
2695,0.23507579,0.7649242,1,7,2) rare (6-20)
2696,0.7627294,0.2372706,0,105,4) very common (100+)
2697,0.3647657,0.6352343,0,0,1) very rare (1-5)
2698,0.4671856,0.5328144,1,1,1) very rare (1-5)
2699,0.13474499,0.865255,1,92,3) common (21-100)
2700,0.7989617,0.2010383,0,700,4) very common (100+)
2701,0.56755847,0.43244153,1,10,2) rare (6-20)
2702,0.17528221,0.82471776,1,0,1) very rare (1-5)
2703,0.8797106,0.120289385,1,124,4) very common (100+)
2704,0.9962793,0.0037207007,0,700,4) very common (100+)
2705,0.4936347,0.5063653,0,69,3) common (21-100)
2706,0.052613832,0.94738615,1,9,2) rare (6-20)
2707,0.52750665,0.47249335,0,89,3) common (21-100)
2708,0.8456587,0.15434128,0,178,4) very common (100+)
2709,0.46800053,0.53199947,1,100,3) common (21-100)
2710,0.6988922,0.30110782,0,1290,4) very common (100+)
2711,0.9954595,0.004540503,0,1000,4) very common (100+)
2712,0.95949143,0.04050857,0,19,2) rare (6-20)
2713,0.04717494,0.95282507,1,275,4) very common (100+)
2714,0.10381632,0.89618367,1,0,1) very rare (1-5)
2715,0.9558347,0.044165313,0,105,4) very common (100+)
2716,0.6574244,0.3425756,1,0,1) very rare (1-5)
2717,0.07530504,0.92469496,1,15,2) rare (6-20)
2718,0.463114,0.536886,0,85,3) common (21-100)
2719,0.48561737,0.5143826,0,111,4) very common (100+)
2720,0.24280046,0.7571995,1,107,4) very common (100+)
2721,0.20794167,0.79205835,1,0,1) very rare (1-5)
2722,0.95106584,0.04893416,0,99,3) common (21-100)
2723,0.7015496,0.2984504,1,0,1) very rare (1-5)
2724,0.6661998,0.3338002,0,1290,4) very common (100+)
2725,0.92989594,0.07010406,0,1000,4) very common (100+)
2726,0.8676364,0.13236362,0,700,4) very common (100+)
2727,0.2529774,0.7470226,1,0,1) very rare (1-5)
2728,0.81294787,0.18705213,0,7,2) rare (6-20)
2729,0.697732,0.30226803,0,50,3) common (21-100)
2730,0.3209344,0.6790656,0,1,1) very rare (1-5)
2731,0.17891935,0.8210807,0,91,3) common (21-100)
2732,0.9636593,0.036340714,0,49,3) common (21-100)
2733,0.92089576,0.079104245,1,26,3) common (21-100)
2734,0.95423704,0.045762956,1,14,2) rare (6-20)
2735,0.78764737,0.21235263,0,1,1) very rare (1-5)
2736,0.049047425,0.9509526,0,0,1) very rare (1-5)
2737,0.53109145,0.46890855,0,20,2) rare (6-20)
2738,0.27444234,0.7255577,1,1,1) very rare (1-5)
2739,0.48656702,0.513433,0,7,2) rare (6-20)
2740,0.012086222,0.9879138,0,13,2) rare (6-20)
2741,0.2100582,0.7899418,1,4,1) very rare (1-5)
2742,0.8362144,0.16378558,1,107,4) very common (100+)
2743,0.12494196,0.87505805,1,14,2) rare (6-20)
2744,0.13238566,0.8676143,1,4,1) very rare (1-5)
2745,0.8931291,0.10687089,1,15,2) rare (6-20)
2746,0.29192072,0.7080793,1,16,2) rare (6-20)
2747,0.8953442,0.1046558,0,11,2) rare (6-20)
2748,0.18728359,0.8127164,1,17,2) rare (6-20)
2749,0.97114086,0.028859138,1,0,1) very rare (1-5)
2750,0.8429275,0.15707248,0,421,4) very common (100+)
2751,0.03996245,0.9600375,1,1,1) very rare (1-5)
2752,0.99168175,0.008318245,0,1000,4) very common (100+)
2753,0.054219197,0.9457808,0,1070,4) very common (100+)
2754,0.96883136,0.03116864,1,1,1) very rare (1-5)
2755,0.33132172,0.6686783,1,3,1) very rare (1-5)
2756,0.036572274,0.9634277,1,35,3) common (21-100)
2757,0.9914103,0.008589685,0,90,3) common (21-100)
2758,0.9137357,0.08626431,0,7,2) rare (6-20)
2759,0.61588985,0.38411015,1,0,1) very rare (1-5)
2760,0.17165776,0.82834226,1,106,4) very common (100+)
2761,0.060322035,0.93967795,1,0,1) very rare (1-5)
2762,0.48155725,0.51844275,1,8,2) rare (6-20)
2763,0.35018286,0.6498171,1,1070,4) very common (100+)
2764,0.5528259,0.44717407,0,28,3) common (21-100)
2765,0.3289951,0.6710049,0,3,1) very rare (1-5)
2766,0.8494268,0.1505732,0,134,4) very common (100+)
2767,0.21403487,0.78596514,1,275,4) very common (100+)
2768,0.50426924,0.49573076,1,72,3) common (21-100)
2769,0.19995247,0.8000475,1,343,4) very common (100+)
2770,0.0653318,0.9346682,1,0,1) very rare (1-5)
2771,0.69693714,0.30306286,1,1,1) very rare (1-5)
2772,0.58579636,0.41420364,1,15,2) rare (6-20)
2773,0.043056913,0.9569431,1,56,3) common (21-100)
2774,0.0820201,0.9179799,1,0,1) very rare (1-5)
2775,0.72368085,0.27631915,0,32,3) common (21-100)
2776,0.54104924,0.45895076,0,0,1) very rare (1-5)
2777,0.20772044,0.79227954,0,12,2) rare (6-20)
2778,0.5773941,0.42260587,0,118,4) very common (100+)
2779,0.5582591,0.44174087,0,47,3) common (21-100)
2780,0.89192915,0.10807085,0,35,3) common (21-100)
2781,0.33819693,0.66180307,0,58,3) common (21-100)
2782,0.08821642,0.9117836,1,28,3) common (21-100)
2783,0.29892686,0.70107317,0,1,1) very rare (1-5)
2784,0.84668845,0.15331155,0,372,4) very common (100+)
2785,0.26399457,0.7360054,1,1,1) very rare (1-5)
2786,0.42053908,0.5794609,1,79,3) common (21-100)
2787,0.51775753,0.48224247,0,223,4) very common (100+)
2788,0.15453283,0.84546715,1,0,1) very rare (1-5)
2789,0.8494566,0.15054339,0,43,3) common (21-100)
2790,0.17080799,0.82919204,1,4,1) very rare (1-5)
2791,0.21665904,0.78334093,1,0,1) very rare (1-5)
2792,0.50954473,0.49045527,0,1000,4) very common (100+)
2793,0.10242434,0.8975757,1,0,1) very rare (1-5)
2794,0.9724416,0.027558386,0,372,4) very common (100+)
2795,0.14446044,0.85553956,0,1,1) very rare (1-5)
2796,0.60722727,0.39277273,1,4,1) very rare (1-5)
2797,0.24941552,0.7505845,1,108,4) very common (100+)
2798,0.7674874,0.2325126,1,2,1) very rare (1-5)
2799,0.9961267,0.0038732886,1,66,3) common (21-100)
2800,0.16371691,0.8362831,1,14,2) rare (6-20)
2801,0.45865518,0.5413448,0,42,3) common (21-100)
2802,0.7408495,0.2591505,0,4,1) very rare (1-5)
2803,0.6159826,0.3840174,0,1070,4) very common (100+)
2804,0.25907573,0.74092424,1,79,3) common (21-100)
2805,0.22577138,0.77422863,1,0,1) very rare (1-5)
2806,0.8027787,0.19722128,1,1070,4) very common (100+)
2807,0.053050984,0.946949,1,36,3) common (21-100)
2808,0.31231424,0.6876857,0,178,4) very common (100+)
2809,0.30588198,0.694118,0,1,1) very rare (1-5)
2810,0.4297388,0.57026124,1,52,3) common (21-100)
2811,0.24967317,0.7503268,1,2,1) very rare (1-5)
2812,0.35305095,0.64694905,0,274,4) very common (100+)
2813,0.9013213,0.09867871,0,1070,4) very common (100+)
2814,0.54250044,0.45749956,1,3,1) very rare (1-5)
2815,0.1177939,0.8822061,1,0,1) very rare (1-5)
2816,0.9695879,0.030412078,0,182,4) very common (100+)
2817,0.98388636,0.016113639,0,223,4) very common (100+)
2818,0.14628302,0.85371697,1,0,1) very rare (1-5)
2819,0.13934445,0.86065555,1,6,2) rare (6-20)
2820,0.74757177,0.25242823,0,134,4) very common (100+)
2821,0.6983205,0.3016795,0,5,1) very rare (1-5)
2822,0.10135405,0.89864594,1,0,1) very rare (1-5)
2823,0.75906664,0.24093336,1,11,2) rare (6-20)
2824,0.4828402,0.5171598,0,21,3) common (21-100)
2825,0.32660222,0.6733978,0,23,3) common (21-100)
2826,0.8685645,0.13143551,0,4,1) very rare (1-5)
2827,0.031850647,0.96814936,1,1,1) very rare (1-5)
2828,0.20079508,0.79920495,1,0,1) very rare (1-5)
2829,0.74249357,0.25750643,1,86,3) common (21-100)
2830,0.6656521,0.3343479,0,223,4) very common (100+)
2831,0.36213803,0.63786197,0,7,2) rare (6-20)
2832,0.6867516,0.3132484,0,1000,4) very common (100+)
2833,0.17431793,0.82568204,0,68,3) common (21-100)
2834,0.25231594,0.74768406,1,1,1) very rare (1-5)
2835,0.8975081,0.102491915,0,10,2) rare (6-20)
2836,0.78133076,0.21866924,0,343,4) very common (100+)
2837,0.15532236,0.8446776,1,0,1) very rare (1-5)
2838,0.08993017,0.9100698,1,3,1) very rare (1-5)
2839,0.94108385,0.05891615,0,700,4) very common (100+)
2840,0.8127625,0.1872375,0,1070,4) very common (100+)
2841,0.47079608,0.5292039,0,111,4) very common (100+)
2842,0.9758809,0.02411908,1,178,4) very common (100+)
2843,0.85195446,0.14804554,0,49,3) common (21-100)
2844,0.8444168,0.1555832,1,21,3) common (21-100)
2845,0.99039805,0.009601951,0,16,2) rare (6-20)
2846,0.07378745,0.92621255,1,7,2) rare (6-20)
2847,0.13080783,0.8691922,1,19,2) rare (6-20)
2848,0.6726876,0.3273124,0,274,4) very common (100+)
2849,0.8047895,0.19521052,0,99,3) common (21-100)
2850,0.5090365,0.49096352,1,1070,4) very common (100+)
2851,0.76494354,0.23505646,0,1,1) very rare (1-5)
2852,0.57908034,0.42091966,0,1,1) very rare (1-5)
2853,0.9199608,0.0800392,0,36,3) common (21-100)
2854,0.7599168,0.24008322,1,32,3) common (21-100)
2855,0.53564334,0.46435666,1,6,2) rare (6-20)
2856,0.8383161,0.16168392,1,47,3) common (21-100)
2857,0.7779164,0.22208363,0,3,1) very rare (1-5)
2858,0.97305727,0.02694273,0,78,3) common (21-100)
2859,0.4814262,0.51857376,0,3,1) very rare (1-5)
2860,0.96474165,0.035258353,0,24,3) common (21-100)
2861,0.17174095,0.82825905,1,4,1) very rare (1-5)
2862,0.45618838,0.5438116,1,99,3) common (21-100)
2863,0.79085475,0.20914525,0,1070,4) very common (100+)
2864,0.98142266,0.018577337,0,39,3) common (21-100)
2865,0.71300447,0.28699553,0,9,2) rare (6-20)
2866,0.67814213,0.32185787,0,38,3) common (21-100)
2867,0.85122657,0.14877343,0,3,1) very rare (1-5)
2868,0.68455034,0.31544966,0,3,1) very rare (1-5)
2869,0.15275782,0.8472422,1,700,4) very common (100+)
2870,0.3918073,0.6081927,1,178,4) very common (100+)
2871,0.52684975,0.47315025,0,343,4) very common (100+)
2872,0.6881412,0.31185877,0,1000,4) very common (100+)
2873,0.39999798,0.60000205,1,159,4) very common (100+)
2874,0.78732216,0.21267784,0,5,1) very rare (1-5)
2875,0.7813975,0.21860248,0,23,3) common (21-100)
2876,0.33531132,0.6646887,0,18,2) rare (6-20)
2877,0.53270465,0.46729535,1,6,2) rare (6-20)
2878,0.90516496,0.09483504,0,69,3) common (21-100)
2879,0.8132839,0.18671608,0,60,3) common (21-100)
2880,0.08453044,0.9154695,1,1,1) very rare (1-5)
2881,0.8841005,0.1158995,1,0,1) very rare (1-5)
2882,0.8431579,0.15684211,0,69,3) common (21-100)
2883,0.16528514,0.8347149,1,38,3) common (21-100)
2884,0.36865753,0.6313425,1,2,1) very rare (1-5)
2885,0.080917254,0.91908276,1,0,1) very rare (1-5)
2886,0.20126233,0.79873765,0,1,1) very rare (1-5)
2887,0.52627707,0.47372293,1,66,3) common (21-100)
2888,0.6896394,0.3103606,0,1,1) very rare (1-5)
2889,0.38309497,0.61690503,1,7,2) rare (6-20)
2890,0.09797746,0.90202254,0,6,2) rare (6-20)
2891,0.91254306,0.08745694,0,23,3) common (21-100)
2892,0.5984935,0.40150648,0,421,4) very common (100+)
2893,0.98379576,0.016204238,0,1000,4) very common (100+)
2894,0.8668711,0.13312888,0,4,1) very rare (1-5)
2895,0.647796,0.35220402,1,0,1) very rare (1-5)
2896,0.8569555,0.14304447,1,1,1) very rare (1-5)
2897,0.19313408,0.80686593,1,0,1) very rare (1-5)
2898,0.9916859,0.008314073,0,142,4) very common (100+)
2899,0.65857327,0.34142673,0,1290,4) very common (100+)
2900,0.39128563,0.60871434,1,28,3) common (21-100)
2901,0.9733891,0.02661091,0,1000,4) very common (100+)
2902,0.18289836,0.81710166,0,8,2) rare (6-20)
2903,0.07144687,0.9285531,1,58,3) common (21-100)
2904,0.6524621,0.34753788,1,1,1) very rare (1-5)
2905,0.72451985,0.27548015,0,121,4) very common (100+)
2906,0.46229804,0.53770196,0,63,3) common (21-100)
2907,0.97026986,0.029730141,0,4,1) very rare (1-5)
2908,0.91082233,0.08917767,1,1070,4) very common (100+)
2909,0.6446379,0.35536212,0,14,2) rare (6-20)
2910,0.083090864,0.91690916,1,1,1) very rare (1-5)
2911,0.6832676,0.3167324,0,3,1) very rare (1-5)
2912,0.94041246,0.05958754,1,28,3) common (21-100)
2913,0.28848505,0.71151495,0,7,2) rare (6-20)
2914,0.20096718,0.7990328,0,0,1) very rare (1-5)
2915,0.9190195,0.08098048,0,6,2) rare (6-20)
2916,0.37082443,0.62917554,1,3,1) very rare (1-5)
2917,0.5187185,0.48128152,0,700,4) very common (100+)
2918,0.1970821,0.8029179,1,0,1) very rare (1-5)
2919,0.945084,0.054916024,0,55,3) common (21-100)
2920,0.276953,0.723047,1,3,1) very rare (1-5)
2921,0.12957807,0.87042195,1,2,1) very rare (1-5)
2922,0.35121724,0.64878273,1,2,1) very rare (1-5)
2923,0.5086308,0.4913692,0,79,3) common (21-100)
2924,0.9816667,0.018333316,0,1000,4) very common (100+)
2925,0.51126724,0.48873276,1,268,4) very common (100+)
2926,0.990608,0.009392023,0,123,4) very common (100+)
2927,0.023083596,0.97691643,1,0,1) very rare (1-5)
2928,0.43545184,0.56454813,1,14,2) rare (6-20)
2929,0.3111277,0.68887234,0,23,3) common (21-100)
2930,0.8099002,0.19009978,0,1290,4) very common (100+)
2931,0.82290596,0.17709404,1,7,2) rare (6-20)
2932,0.82674927,0.17325073,1,1,1) very rare (1-5)
2933,0.23411776,0.76588225,1,6,2) rare (6-20)
2934,0.6900929,0.30990708,1,1070,4) very common (100+)
2935,0.6592859,0.3407141,1,2,1) very rare (1-5)
2936,0.965972,0.034027994,1,3,1) very rare (1-5)
2937,0.43459255,0.56540745,1,1,1) very rare (1-5)
2938,0.35607302,0.643927,1,66,3) common (21-100)
2939,0.056129225,0.9438708,1,0,1) very rare (1-5)
2940,0.47146478,0.52853525,0,3,1) very rare (1-5)
2941,0.8315643,0.1684357,0,1070,4) very common (100+)
2942,0.26585904,0.734141,1,3,1) very rare (1-5)
2943,0.06184456,0.9381554,1,0,1) very rare (1-5)
2944,0.33197498,0.668025,0,1,1) very rare (1-5)
2945,0.17716375,0.8228363,0,34,3) common (21-100)
2946,0.24013871,0.7598613,1,6,2) rare (6-20)
2947,0.21529728,0.7847027,1,123,4) very common (100+)
2948,0.95473844,0.045261562,0,118,4) very common (100+)
2949,0.038293723,0.9617063,0,47,3) common (21-100)
2950,0.8769618,0.12303817,0,23,3) common (21-100)
2951,0.2158488,0.7841512,1,5,1) very rare (1-5)
2952,0.16484524,0.8351548,1,0,1) very rare (1-5)
2953,0.032317888,0.9676821,1,1,1) very rare (1-5)
2954,0.046571143,0.95342886,1,0,1) very rare (1-5)
2955,0.5701306,0.4298694,1,96,3) common (21-100)
2956,0.32311633,0.6768837,1,0,1) very rare (1-5)
2957,0.48077956,0.5192205,0,421,4) very common (100+)
2958,0.89433175,0.10566825,0,178,4) very common (100+)
2959,0.2147621,0.7852379,1,4,1) very rare (1-5)
2960,0.8579413,0.14205867,0,1000,4) very common (100+)
2961,0.83073926,0.16926074,0,41,3) common (21-100)
2962,0.011638323,0.98836166,1,0,1) very rare (1-5)
2963,0.7805135,0.21948647,0,63,3) common (21-100)
2964,0.101921715,0.89807826,0,33,3) common (21-100)
2965,0.9951382,0.004861772,0,1000,4) very common (100+)
2966,0.5106243,0.4893757,1,8,2) rare (6-20)
2967,0.26194102,0.738059,1,1290,4) very common (100+)
2968,0.5637654,0.4362346,1,7,2) rare (6-20)
2969,0.5367189,0.4632811,1,42,3) common (21-100)
2970,0.24511176,0.75488824,1,91,3) common (21-100)
2971,0.6682142,0.3317858,0,96,3) common (21-100)
2972,0.5351358,0.4648642,1,66,3) common (21-100)
2973,0.29774272,0.7022573,0,3,1) very rare (1-5)
2974,0.10634529,0.8936547,0,17,2) rare (6-20)
2975,0.3726643,0.62733567,0,0,1) very rare (1-5)
2976,0.27674356,0.72325647,0,0,1) very rare (1-5)
2977,0.4064034,0.5935966,0,0,1) very rare (1-5)
2978,0.90181893,0.09818107,0,700,4) very common (100+)
2979,0.18084568,0.8191543,1,79,3) common (21-100)
2980,0.4240426,0.5759574,0,5,1) very rare (1-5)
2981,0.62742984,0.37257016,1,118,4) very common (100+)
2982,0.93980664,0.06019336,0,11,2) rare (6-20)
2983,0.1762574,0.8237426,1,2,1) very rare (1-5)
2984,0.6314937,0.3685063,0,6,2) rare (6-20)
2985,0.16268139,0.8373186,0,7,2) rare (6-20)
2986,0.3516245,0.6483755,1,16,2) rare (6-20)
2987,0.7584354,0.24156457,0,134,4) very common (100+)
2988,0.7380942,0.2619058,0,159,4) very common (100+)
2989,0.7673265,0.23267353,1,19,2) rare (6-20)
2990,0.94137406,0.058625937,0,89,3) common (21-100)
2991,0.9968363,0.0031636953,0,211,4) very common (100+)
2992,0.2026197,0.7973803,1,0,1) very rare (1-5)
2993,0.36149928,0.6385007,0,1070,4) very common (100+)
2994,0.52490586,0.47509414,1,0,1) very rare (1-5)
2995,0.85701644,0.14298356,1,63,3) common (21-100)
2996,0.12896189,0.8710381,0,53,3) common (21-100)
2997,0.50670785,0.49329215,0,21,3) common (21-100)
2998,0.1854686,0.8145314,0,38,3) common (21-100)
2999,0.6542079,0.3457921,0,223,4) very common (100+)
3000,0.5211794,0.47882062,1,1070,4) very common (100+)
3001,0.81704813,0.18295187,1,4,1) very rare (1-5)
3002,0.43913308,0.56086695,0,23,3) common (21-100)
3003,0.9339813,0.0660187,0,1070,4) very common (100+)
3004,0.64660823,0.35339177,1,1070,4) very common (100+)
3005,0.5023716,0.4976284,1,261,4) very common (100+)
3006,0.0797275,0.92027247,1,0,1) very rare (1-5)
3007,0.37689498,0.62310505,0,1,1) very rare (1-5)
3008,0.16859442,0.8314056,1,0,1) very rare (1-5)
3009,0.19917555,0.80082446,0,0,1) very rare (1-5)
3010,0.6639832,0.33601677,1,124,4) very common (100+)
3011,0.17359762,0.82640237,1,11,2) rare (6-20)
3012,0.21693304,0.783067,1,0,1) very rare (1-5)
3013,0.26870188,0.7312981,1,21,3) common (21-100)
3014,0.15278569,0.84721434,1,0,1) very rare (1-5)
3015,0.068646535,0.93135345,1,0,1) very rare (1-5)
3016,0.9869854,0.013014615,0,142,4) very common (100+)
3017,0.24488434,0.7551156,1,261,4) very common (100+)
3018,0.46699932,0.5330007,1,3,1) very rare (1-5)
3019,0.066963464,0.93303657,1,0,1) very rare (1-5)
3020,0.02726484,0.97273517,0,88,3) common (21-100)
3021,0.39893037,0.6010696,0,3,1) very rare (1-5)
3022,0.9106158,0.0893842,0,421,4) very common (100+)
3023,0.04083659,0.9591634,1,17,2) rare (6-20)
3024,0.5291645,0.4708355,1,19,2) rare (6-20)
3025,0.30803415,0.6919658,1,0,1) very rare (1-5)
3026,0.19421977,0.80578023,1,39,3) common (21-100)
3027,0.57889587,0.42110413,0,700,4) very common (100+)
3028,0.94372106,0.056278944,0,421,4) very common (100+)
3029,0.29342607,0.70657396,1,5,1) very rare (1-5)
3030,0.34568155,0.65431845,0,3,1) very rare (1-5)
3031,0.04833977,0.9516602,1,1,1) very rare (1-5)
3032,0.3408783,0.6591217,0,8,2) rare (6-20)
3033,0.91616654,0.083833456,0,9,2) rare (6-20)
3034,0.47511977,0.52488023,0,268,4) very common (100+)
3035,0.08171333,0.9182867,0,6,2) rare (6-20)
3036,0.87333727,0.12666273,0,3,1) very rare (1-5)
3037,0.14601798,0.85398203,1,1,1) very rare (1-5)
3038,0.6347294,0.3652706,1,343,4) very common (100+)
3039,0.9909366,0.009063423,0,211,4) very common (100+)
3040,0.0357679,0.9642321,1,5,1) very rare (1-5)
3041,0.95162,0.048380017,0,700,4) very common (100+)
3042,0.44866112,0.5513389,1,66,3) common (21-100)
3043,0.27902716,0.72097284,0,5,1) very rare (1-5)
3044,0.69922626,0.30077374,0,145,4) very common (100+)
3045,0.47396234,0.5260377,0,1000,4) very common (100+)
3046,0.85760206,0.14239794,1,0,1) very rare (1-5)
3047,0.59904563,0.40095437,0,3,1) very rare (1-5)
3048,0.7007729,0.29922712,0,9,2) rare (6-20)
3049,0.37387806,0.62612194,0,2,1) very rare (1-5)
3050,0.24329194,0.756708,0,0,1) very rare (1-5)
3051,0.9880404,0.011959612,0,1290,4) very common (100+)
3052,0.010987915,0.98901206,1,62,3) common (21-100)
3053,0.5816806,0.4183194,0,14,2) rare (6-20)
3054,0.4378637,0.5621363,0,11,2) rare (6-20)
3055,0.18958236,0.81041765,1,2,1) very rare (1-5)
3056,0.599372,0.40062797,1,89,3) common (21-100)
3057,0.3549404,0.6450596,1,1,1) very rare (1-5)
3058,0.7166561,0.2833439,1,31,3) common (21-100)
3059,0.5718881,0.4281119,0,27,3) common (21-100)
3060,0.24070929,0.7592907,0,10,2) rare (6-20)
3061,0.44203594,0.5579641,1,24,3) common (21-100)
3062,0.6955904,0.30440962,1,10,2) rare (6-20)
3063,0.42881557,0.5711844,0,274,4) very common (100+)
3064,0.65301996,0.34698004,0,15,2) rare (6-20)
3065,0.35392267,0.64607733,0,1,1) very rare (1-5)
3066,0.23466848,0.7653315,0,4,1) very rare (1-5)
3067,0.6116269,0.38837308,0,3,1) very rare (1-5)
3068,0.06602906,0.9339709,1,1,1) very rare (1-5)
3069,0.60514456,0.39485544,0,700,4) very common (100+)
3070,0.54107493,0.45892507,1,1290,4) very common (100+)
3071,0.120941125,0.8790589,1,1290,4) very common (100+)
3072,0.1665391,0.8334609,1,0,1) very rare (1-5)
3073,0.27692366,0.72307634,1,107,4) very common (100+)
3074,0.06355829,0.9364417,1,1,1) very rare (1-5)
3075,0.41025066,0.58974934,1,160,4) very common (100+)
3076,0.6131739,0.3868261,0,2,1) very rare (1-5)
3077,0.7921519,0.20784807,1,3,1) very rare (1-5)
3078,0.12312654,0.8768735,1,36,3) common (21-100)
3079,0.6285716,0.37142837,1,0,1) very rare (1-5)
3080,0.8008723,0.19912767,0,1000,4) very common (100+)
3081,0.33043894,0.669561,0,20,2) rare (6-20)
3082,0.111072615,0.8889274,1,0,1) very rare (1-5)
3083,0.24351619,0.7564838,0,1,1) very rare (1-5)
3084,0.9913454,0.008654594,0,1000,4) very common (100+)
3085,0.33834505,0.66165495,1,3,1) very rare (1-5)
3086,0.33778784,0.66221213,0,28,3) common (21-100)
3087,0.2323033,0.7676967,1,261,4) very common (100+)
3088,0.9049895,0.09501052,0,1,1) very rare (1-5)
3089,0.6156316,0.38436842,1,60,3) common (21-100)
3090,0.98923725,0.010762751,0,372,4) very common (100+)
3091,0.1736219,0.8263781,1,66,3) common (21-100)
3092,0.78118616,0.21881384,1,107,4) very common (100+)
3093,0.39894548,0.60105455,0,1290,4) very common (100+)
3094,0.6444867,0.35551327,1,32,3) common (21-100)
3095,0.43917552,0.5608245,0,10,2) rare (6-20)
3096,0.8369138,0.16308618,0,1000,4) very common (100+)
3097,0.32638708,0.67361295,0,102,4) very common (100+)
3098,0.36678717,0.6332128,0,14,2) rare (6-20)
3099,0.20967807,0.79032195,1,0,1) very rare (1-5)
3100,0.2819144,0.7180856,0,58,3) common (21-100)
3101,0.5256395,0.47436053,0,2,1) very rare (1-5)
3102,0.60489225,0.39510775,0,3,1) very rare (1-5)
3103,0.07995265,0.92004734,1,71,3) common (21-100)
3104,0.91498876,0.085011244,1,102,4) very common (100+)
3105,0.4079764,0.5920236,1,1,1) very rare (1-5)
3106,0.4009074,0.5990926,0,7,2) rare (6-20)
3107,0.26176578,0.7382342,0,15,2) rare (6-20)
3108,0.28769302,0.712307,1,118,4) very common (100+)
3109,0.4704339,0.5295661,1,0,1) very rare (1-5)
3110,0.50819004,0.49180996,1,118,4) very common (100+)
3111,0.25441113,0.7455889,0,1070,4) very common (100+)
3112,0.34008592,0.6599141,0,223,4) very common (100+)
3113,0.1629192,0.83708084,1,372,4) very common (100+)
3114,0.04120336,0.9587966,1,3,1) very rare (1-5)
3115,0.753104,0.24689603,0,63,3) common (21-100)
3116,0.6078074,0.3921926,1,15,2) rare (6-20)
3117,0.63315254,0.36684746,1,4,1) very rare (1-5)
3118,0.3740956,0.62590444,1,0,1) very rare (1-5)
3119,0.5782437,0.42175633,1,20,2) rare (6-20)
3120,0.3500036,0.6499964,1,18,2) rare (6-20)
3121,0.1729886,0.8270114,1,8,2) rare (6-20)
3122,0.3108691,0.6891309,1,8,2) rare (6-20)
3123,0.26157853,0.73842144,1,70,3) common (21-100)
3124,0.29792723,0.70207274,1,21,3) common (21-100)
3125,0.11120976,0.88879025,0,4,1) very rare (1-5)
3126,0.09442629,0.9055737,1,6,2) rare (6-20)
3127,0.9521505,0.047849476,0,274,4) very common (100+)
3128,0.08850818,0.9114918,1,0,1) very rare (1-5)
3129,0.24819034,0.75180966,1,5,1) very rare (1-5)
3130,0.06449804,0.93550193,1,0,1) very rare (1-5)
3131,0.6765667,0.32343328,0,3,1) very rare (1-5)
3132,0.16615449,0.8338455,1,24,3) common (21-100)
3133,0.035347726,0.9646523,1,1,1) very rare (1-5)
3134,0.30674285,0.69325715,1,0,1) very rare (1-5)
3135,0.19526988,0.8047301,0,1000,4) very common (100+)
3136,0.024496935,0.9755031,1,0,1) very rare (1-5)
3137,0.97747254,0.022527456,0,1000,4) very common (100+)
3138,0.6058467,0.3941533,0,3,1) very rare (1-5)
3139,0.55852956,0.44147044,1,223,4) very common (100+)
3140,0.04113282,0.9588672,1,0,1) very rare (1-5)
3141,0.15147594,0.8485241,1,0,1) very rare (1-5)
3142,0.16665602,0.833344,1,12,2) rare (6-20)
3143,0.9309942,0.06900579,0,1000,4) very common (100+)
3144,0.35482755,0.6451725,0,14,2) rare (6-20)
3145,0.017130984,0.982869,1,3,1) very rare (1-5)
3146,0.9465448,0.053455174,0,89,3) common (21-100)
3147,0.58064884,0.41935116,0,47,3) common (21-100)
3148,0.26508108,0.73491895,1,2,1) very rare (1-5)
3149,0.7650586,0.23494142,0,1000,4) very common (100+)
3150,0.87555933,0.12444067,0,14,2) rare (6-20)
3151,0.5600287,0.43997133,0,102,4) very common (100+)
3152,0.10478991,0.8952101,1,0,1) very rare (1-5)
3153,0.1469286,0.8530714,1,0,1) very rare (1-5)
3154,0.68971807,0.31028193,0,700,4) very common (100+)
3155,0.355903,0.644097,1,89,3) common (21-100)
3156,0.30661532,0.69338465,0,1,1) very rare (1-5)
3157,0.6027064,0.39729363,0,1070,4) very common (100+)
3158,0.18321292,0.81678706,1,14,2) rare (6-20)
3159,0.20568527,0.79431474,1,76,3) common (21-100)
3160,0.82882726,0.17117274,0,1,1) very rare (1-5)
3161,0.08250036,0.91749966,1,0,1) very rare (1-5)
3162,0.967029,0.032971025,0,99,3) common (21-100)
3163,0.26114368,0.7388563,1,7,2) rare (6-20)
3164,0.06398584,0.9360142,1,1,1) very rare (1-5)
3165,0.7946945,0.20530552,1,3,1) very rare (1-5)
3166,0.018099822,0.98190016,1,1,1) very rare (1-5)
3167,0.34518105,0.65481895,1,3,1) very rare (1-5)
3168,0.9844657,0.015534282,0,1000,4) very common (100+)
3169,0.45902994,0.5409701,0,41,3) common (21-100)
3170,0.21399604,0.78600395,1,20,2) rare (6-20)
3171,0.4805564,0.51944363,1,31,3) common (21-100)
3172,0.048279453,0.95172054,1,0,1) very rare (1-5)
3173,0.25593424,0.74406576,1,23,3) common (21-100)
3174,0.8333217,0.16667831,0,1000,4) very common (100+)
3175,0.33318287,0.6668171,1,0,1) very rare (1-5)
3176,0.8548156,0.1451844,0,27,3) common (21-100)
3177,0.9580493,0.041950703,0,91,3) common (21-100)
3178,0.053871196,0.9461288,1,58,3) common (21-100)
3179,0.1537465,0.8462535,1,33,3) common (21-100)
3180,0.33281353,0.6671865,0,102,4) very common (100+)
3181,0.2215666,0.7784334,0,36,3) common (21-100)
3182,0.94380546,0.056194544,0,39,3) common (21-100)
3183,0.9491173,0.050882697,0,2,1) very rare (1-5)
3184,0.5909237,0.40907627,1,76,3) common (21-100)
3185,0.12902458,0.87097543,1,0,1) very rare (1-5)
3186,0.36654463,0.6334554,1,7,2) rare (6-20)
3187,0.13074273,0.8692573,1,0,1) very rare (1-5)
3188,0.028198425,0.9718016,1,2,1) very rare (1-5)
3189,0.11479783,0.88520217,1,14,2) rare (6-20)
3190,0.7155265,0.28447348,0,71,3) common (21-100)
3191,0.4190715,0.5809285,0,372,4) very common (100+)
3192,0.41526496,0.58473504,1,1,1) very rare (1-5)
3193,0.8714848,0.12851518,0,27,3) common (21-100)
3194,0.6700487,0.3299513,1,16,2) rare (6-20)
3195,0.7575864,0.24241358,1,0,1) very rare (1-5)
3196,0.74934566,0.25065434,0,12,2) rare (6-20)
3197,0.81587094,0.18412906,1,1,1) very rare (1-5)
3198,0.9861042,0.01389581,0,1000,4) very common (100+)
3199,0.67460823,0.32539177,1,27,3) common (21-100)
3200,0.9471058,0.052894175,0,37,3) common (21-100)
3201,0.48152277,0.5184772,1,44,3) common (21-100)
3202,0.6639356,0.3360644,0,66,3) common (21-100)
3203,0.04605439,0.95394564,1,0,1) very rare (1-5)
3204,0.16270472,0.8372953,1,3,1) very rare (1-5)
3205,0.1624865,0.8375135,1,0,1) very rare (1-5)
3206,0.20837119,0.79162884,1,0,1) very rare (1-5)
3207,0.12607446,0.87392557,0,19,2) rare (6-20)
3208,0.6647971,0.33520287,0,1070,4) very common (100+)
3209,0.42868674,0.57131326,0,15,2) rare (6-20)
3210,0.68080217,0.31919783,0,1290,4) very common (100+)
3211,0.025763271,0.9742367,1,1,1) very rare (1-5)
3212,0.46998495,0.53001505,0,24,3) common (21-100)
3213,0.018773787,0.9812262,1,18,2) rare (6-20)
3214,0.4777395,0.5222605,1,118,4) very common (100+)
3215,0.8455929,0.15440708,0,23,3) common (21-100)
3216,0.8187838,0.18121618,1,0,1) very rare (1-5)
3217,0.21547759,0.7845224,1,3,1) very rare (1-5)
3218,0.35001594,0.64998406,0,1,1) very rare (1-5)
3219,0.6980259,0.30197412,1,1,1) very rare (1-5)
3220,0.49305496,0.506945,0,421,4) very common (100+)
3221,0.08909814,0.91090184,1,0,1) very rare (1-5)
3222,0.31658295,0.6834171,1,275,4) very common (100+)
3223,0.7283979,0.2716021,0,3,1) very rare (1-5)
3224,0.042424843,0.95757514,1,0,1) very rare (1-5)
3225,0.76942784,0.23057216,1,81,3) common (21-100)
3226,0.15489106,0.8451089,1,5,1) very rare (1-5)
3227,0.26289746,0.7371025,1,79,3) common (21-100)
3228,0.56539637,0.43460363,0,41,3) common (21-100)
3229,0.26788116,0.73211884,0,2,1) very rare (1-5)
3230,0.3520441,0.6479559,0,18,2) rare (6-20)
3231,0.9398827,0.060117304,1,5,1) very rare (1-5)
3232,0.36358857,0.6364114,0,23,3) common (21-100)
3233,0.7161527,0.28384727,0,1290,4) very common (100+)
3234,0.5438681,0.45613188,1,268,4) very common (100+)
3235,0.12413336,0.87586665,1,0,1) very rare (1-5)
3236,0.9331143,0.06688571,0,37,3) common (21-100)
3237,0.557649,0.44235098,0,1290,4) very common (100+)
3238,0.92755574,0.07244426,0,142,4) very common (100+)
3239,0.6105908,0.38940918,0,76,3) common (21-100)
3240,0.47085503,0.529145,1,60,3) common (21-100)
3241,0.34187675,0.65812325,1,0,1) very rare (1-5)
3242,0.53574127,0.46425873,1,66,3) common (21-100)
3243,0.5615642,0.4384358,0,3,1) very rare (1-5)
3244,0.986005,0.013994992,0,1000,4) very common (100+)
3245,0.36489323,0.6351068,1,19,2) rare (6-20)
3246,0.94806176,0.051938236,1,66,3) common (21-100)
3247,0.2834412,0.7165588,0,4,1) very rare (1-5)
3248,0.26197994,0.73802006,1,66,3) common (21-100)
3249,0.42543006,0.57456994,1,0,1) very rare (1-5)
3250,0.9001544,0.09984559,0,20,2) rare (6-20)
3251,0.3136244,0.6863756,1,2,1) very rare (1-5)
3252,0.46559772,0.53440225,1,1070,4) very common (100+)
3253,0.93075097,0.069249034,0,1290,4) very common (100+)
3254,0.70624477,0.29375523,0,85,3) common (21-100)
3255,0.42394748,0.57605255,1,0,1) very rare (1-5)
3256,0.75451916,0.24548084,0,94,3) common (21-100)
3257,0.47475782,0.5252422,1,13,2) rare (6-20)
3258,0.9963766,0.003623426,0,1000,4) very common (100+)
3259,0.9607479,0.039252102,0,1290,4) very common (100+)
3260,0.22068974,0.7793102,1,2,1) very rare (1-5)
3261,0.21244447,0.7875555,1,108,4) very common (100+)
3262,0.39130262,0.6086974,1,22,3) common (21-100)
3263,0.9601431,0.03985691,0,166,4) very common (100+)
3264,0.13782986,0.86217016,1,0,1) very rare (1-5)
3265,0.76270044,0.23729956,1,27,3) common (21-100)
3266,0.8966847,0.103315294,0,700,4) very common (100+)
3267,0.22761683,0.77238315,0,2,1) very rare (1-5)
3268,0.6442206,0.3557794,1,1,1) very rare (1-5)
3269,0.2697728,0.73022723,1,0,1) very rare (1-5)
3270,0.30859268,0.6914073,1,0,1) very rare (1-5)
3271,0.54738975,0.45261025,1,5,1) very rare (1-5)
3272,0.41066724,0.58933276,1,8,2) rare (6-20)
3273,0.67072046,0.32927954,1,1070,4) very common (100+)
3274,0.47044662,0.5295534,1,166,4) very common (100+)
3275,0.8237074,0.1762926,0,1070,4) very common (100+)
3276,0.91181207,0.08818793,1,89,3) common (21-100)
3277,0.2566163,0.7433837,1,0,1) very rare (1-5)
3278,0.09125147,0.9087485,1,105,4) very common (100+)
3279,0.03026992,0.9697301,1,0,1) very rare (1-5)
3280,0.65944475,0.34055525,1,37,3) common (21-100)
3281,0.27961692,0.72038305,1,1070,4) very common (100+)
3282,0.13809651,0.8619035,1,47,3) common (21-100)
3283,0.10026851,0.8997315,1,36,3) common (21-100)
3284,0.8940371,0.10596287,0,1290,4) very common (100+)
3285,0.040040985,0.95995903,1,0,1) very rare (1-5)
3286,0.029377853,0.9706221,1,0,1) very rare (1-5)
3287,0.012412036,0.987588,1,0,1) very rare (1-5)
3288,0.9308185,0.0691815,1,99,3) common (21-100)
3289,0.8304486,0.16955137,0,18,2) rare (6-20)
3290,0.13410234,0.86589766,1,0,1) very rare (1-5)
3291,0.09231084,0.90768915,1,12,2) rare (6-20)
3292,0.26456746,0.7354325,1,1,1) very rare (1-5)
3293,0.15773968,0.8422603,1,0,1) very rare (1-5)
3294,0.78371924,0.21628076,1,159,4) very common (100+)
3295,0.51725423,0.48274577,0,65,3) common (21-100)
3296,0.4590747,0.54092526,1,1070,4) very common (100+)
3297,0.2362606,0.7637394,1,0,1) very rare (1-5)
3298,0.037525047,0.96247494,1,0,1) very rare (1-5)
3299,0.57922477,0.42077523,1,15,2) rare (6-20)
3300,0.254503,0.745497,1,5,1) very rare (1-5)
3301,0.8228618,0.17713821,0,2,1) very rare (1-5)
3302,0.051784623,0.94821537,0,28,3) common (21-100)
3303,0.92439324,0.07560676,1,275,4) very common (100+)
3304,0.67345136,0.32654864,0,1000,4) very common (100+)
3305,0.68748134,0.31251866,1,0,1) very rare (1-5)
3306,0.98302656,0.016973436,0,71,3) common (21-100)
3307,0.61992574,0.38007426,0,1070,4) very common (100+)
3308,0.16401476,0.83598524,0,39,3) common (21-100)
3309,0.3132606,0.6867394,0,0,1) very rare (1-5)
3310,0.7559315,0.2440685,0,421,4) very common (100+)
3311,0.054132804,0.9458672,1,14,2) rare (6-20)
3312,0.69444484,0.30555516,0,3,1) very rare (1-5)
3313,0.82831275,0.17168725,0,63,3) common (21-100)
3314,0.86568,0.13432002,0,102,4) very common (100+)
3315,0.8568516,0.14314842,0,700,4) very common (100+)
3316,0.8857776,0.11422241,0,1000,4) very common (100+)
3317,0.15746188,0.8425381,1,1,1) very rare (1-5)
3318,0.104255,0.895745,0,68,3) common (21-100)
3319,0.17103511,0.8289649,1,65,3) common (21-100)
3320,0.7375566,0.26244342,1,0,1) very rare (1-5)
3321,0.9724755,0.027524471,0,1000,4) very common (100+)
3322,0.6217303,0.37826967,1,19,2) rare (6-20)
3323,0.771317,0.228683,0,343,4) very common (100+)
3324,0.4949914,0.5050086,1,10,2) rare (6-20)
3325,0.97361314,0.026386857,0,15,2) rare (6-20)
3326,0.48645443,0.5135456,0,16,2) rare (6-20)
3327,0.44561154,0.55438846,1,1290,4) very common (100+)
3328,0.9789108,0.021089196,0,182,4) very common (100+)
3329,0.26391658,0.7360834,1,5,1) very rare (1-5)
3330,0.37754822,0.6224518,1,1290,4) very common (100+)
3331,0.9676431,0.032356918,0,1000,4) very common (100+)
3332,0.7600599,0.2399401,1,63,3) common (21-100)
3333,0.94326323,0.056736767,0,211,4) very common (100+)
3334,0.43329966,0.56670034,0,24,3) common (21-100)
3335,0.886829,0.11317098,0,343,4) very common (100+)
3336,0.21759957,0.7824004,0,1,1) very rare (1-5)
3337,0.3215115,0.6784885,0,2,1) very rare (1-5)
3338,0.44695973,0.55304027,0,46,3) common (21-100)
3339,0.06412163,0.9358784,1,3,1) very rare (1-5)
3340,0.65786123,0.34213877,0,25,3) common (21-100)
3341,0.56003565,0.43996435,0,86,3) common (21-100)
3342,0.6261241,0.37387592,0,24,3) common (21-100)
3343,0.634264,0.365736,0,1,1) very rare (1-5)
3344,0.76740354,0.23259646,1,343,4) very common (100+)
3345,0.71009636,0.28990364,1,3,1) very rare (1-5)
3346,0.20090963,0.7990904,1,0,1) very rare (1-5)
3347,0.13245419,0.86754584,1,2,1) very rare (1-5)
3348,0.045804814,0.9541952,1,2,1) very rare (1-5)
3349,0.09046793,0.90953207,1,19,2) rare (6-20)
3350,0.9083773,0.09162271,1,11,2) rare (6-20)
3351,0.115161575,0.8848384,1,0,1) very rare (1-5)
3352,0.73300904,0.26699096,0,10,2) rare (6-20)
3353,0.7186294,0.28137058,0,4,1) very rare (1-5)
3354,0.23840292,0.7615971,1,29,3) common (21-100)
3355,0.06664544,0.93335456,0,14,2) rare (6-20)
3356,0.23718365,0.76281637,0,105,4) very common (100+)
3357,0.6732885,0.32671148,0,82,3) common (21-100)
3358,0.1181709,0.8818291,1,1,1) very rare (1-5)
3359,0.59896535,0.40103465,0,1070,4) very common (100+)
3360,0.5765338,0.4234662,1,24,3) common (21-100)
3361,0.9517327,0.048267305,0,11,2) rare (6-20)
3362,0.58942467,0.41057533,1,1290,4) very common (100+)
3363,0.95197994,0.048020065,0,4,1) very rare (1-5)
3364,0.17463729,0.8253627,1,178,4) very common (100+)
3365,0.8366791,0.1633209,0,1290,4) very common (100+)
3366,0.38700634,0.61299366,1,6,2) rare (6-20)
3367,0.10408364,0.89591634,0,0,1) very rare (1-5)
3368,0.30734026,0.69265974,1,19,2) rare (6-20)
3369,0.5915614,0.40843862,1,0,1) very rare (1-5)
3370,0.9889075,0.011092484,0,71,3) common (21-100)
3371,0.9221717,0.07782829,0,145,4) very common (100+)
3372,0.7649977,0.23500228,0,275,4) very common (100+)
3373,0.39565396,0.60434604,1,0,1) very rare (1-5)
3374,0.4039027,0.5960973,0,105,4) very common (100+)
3375,0.089533396,0.9104666,1,0,1) very rare (1-5)
3376,0.007531806,0.9924682,1,0,1) very rare (1-5)
3377,0.3549818,0.6450182,1,27,3) common (21-100)
3378,0.8773939,0.1226061,0,421,4) very common (100+)
3379,0.16990688,0.83009315,1,44,3) common (21-100)
3380,0.5496837,0.4503163,1,5,1) very rare (1-5)
3381,0.36008713,0.63991284,1,65,3) common (21-100)
3382,0.34273174,0.6572683,1,1,1) very rare (1-5)
3383,0.09119473,0.90880525,1,22,3) common (21-100)
3384,0.2988953,0.7011047,0,2,1) very rare (1-5)
3385,0.11512744,0.88487256,0,2,1) very rare (1-5)
3386,0.9604195,0.039580524,1,1070,4) very common (100+)
3387,0.09726497,0.90273505,1,1,1) very rare (1-5)
3388,0.050607625,0.9493924,1,0,1) very rare (1-5)
3389,0.808576,0.19142401,0,24,3) common (21-100)
3390,0.23051913,0.7694809,1,7,2) rare (6-20)
3391,0.8914057,0.1085943,0,421,4) very common (100+)
3392,0.07616964,0.9238304,1,0,1) very rare (1-5)
3393,0.94753385,0.052466154,1,0,1) very rare (1-5)
3394,0.08008557,0.9199144,1,0,1) very rare (1-5)
3395,0.46955806,0.53044194,1,0,1) very rare (1-5)
3396,0.76421106,0.23578894,0,71,3) common (21-100)
3397,0.05503141,0.9449686,1,0,1) very rare (1-5)
3398,0.7708981,0.2291019,1,1,1) very rare (1-5)
3399,0.5319919,0.4680081,1,96,3) common (21-100)
3400,0.43061262,0.5693874,1,66,3) common (21-100)
3401,0.60871303,0.39128697,0,700,4) very common (100+)
3402,0.8044977,0.19550228,0,88,3) common (21-100)
3403,0.20046788,0.7995321,1,1,1) very rare (1-5)
3404,0.66616774,0.33383226,1,46,3) common (21-100)
3405,0.22093649,0.7790635,0,14,2) rare (6-20)
3406,0.4979924,0.5020076,1,19,2) rare (6-20)
3407,0.11320436,0.88679564,1,4,1) very rare (1-5)
3408,0.45527434,0.54472566,0,85,3) common (21-100)
3409,0.16795681,0.8320432,0,5,1) very rare (1-5)
3410,0.10665098,0.89334905,1,85,3) common (21-100)
3411,0.046680138,0.95331985,1,45,3) common (21-100)
3412,0.907805,0.092194974,0,14,2) rare (6-20)
3413,0.5842351,0.41576493,1,261,4) very common (100+)
3414,0.96380687,0.036193132,0,10,2) rare (6-20)
3415,0.72696733,0.27303267,1,1290,4) very common (100+)
3416,0.98890126,0.0110987425,0,1000,4) very common (100+)
3417,0.9007317,0.09926832,0,2,1) very rare (1-5)
3418,0.53799605,0.46200395,0,1,1) very rare (1-5)
3419,0.8269773,0.17302269,0,275,4) very common (100+)
3420,0.4962865,0.5037135,1,10,2) rare (6-20)
3421,0.9674559,0.032544076,0,26,3) common (21-100)
3422,0.82123744,0.17876256,1,0,1) very rare (1-5)
3423,0.92214537,0.07785463,0,31,3) common (21-100)
3424,0.039824124,0.9601759,1,0,1) very rare (1-5)
3425,0.9652264,0.03477359,0,1000,4) very common (100+)
3426,0.9158734,0.08412659,1,11,2) rare (6-20)
3427,0.15797137,0.8420286,0,9,2) rare (6-20)
3428,0.10284662,0.8971534,0,92,3) common (21-100)
3429,0.35553986,0.64446014,1,49,3) common (21-100)
3430,0.5796908,0.4203092,1,268,4) very common (100+)
3431,0.22393121,0.7760688,1,105,4) very common (100+)
3432,0.3981472,0.6018528,1,23,3) common (21-100)
3433,0.056706306,0.9432937,1,2,1) very rare (1-5)
3434,0.24543503,0.754565,0,43,3) common (21-100)
3435,0.0670983,0.9329017,0,159,4) very common (100+)
3436,0.24397846,0.75602156,1,2,1) very rare (1-5)
3437,0.31857315,0.6814269,1,0,1) very rare (1-5)
3438,0.29919967,0.7008003,0,1,1) very rare (1-5)
3439,0.82514167,0.17485833,0,24,3) common (21-100)
3440,0.9462397,0.05376029,0,145,4) very common (100+)
3441,0.33909425,0.6609057,1,6,2) rare (6-20)
3442,0.6440712,0.35592878,0,25,3) common (21-100)
3443,0.07547883,0.92452115,0,182,4) very common (100+)
3444,0.56593794,0.43406206,0,421,4) very common (100+)
3445,0.92995983,0.07004017,0,85,3) common (21-100)
3446,0.42093575,0.57906425,1,1290,4) very common (100+)
3447,0.040153097,0.9598469,1,53,3) common (21-100)
3448,0.03226861,0.9677314,1,0,1) very rare (1-5)
3449,0.5185763,0.48142368,0,30,3) common (21-100)
3450,0.70616037,0.29383963,0,2,1) very rare (1-5)
3451,0.24394833,0.75605166,1,2,1) very rare (1-5)
3452,0.91303116,0.08696884,0,1290,4) very common (100+)
3453,0.24957857,0.7504214,1,1290,4) very common (100+)
3454,0.9038695,0.09613049,0,14,2) rare (6-20)
3455,0.76771975,0.23228025,0,4,1) very rare (1-5)
3456,0.27419415,0.7258059,1,58,3) common (21-100)
3457,0.14528269,0.8547173,0,3,1) very rare (1-5)
3458,0.9307971,0.0692029,0,700,4) very common (100+)
3459,0.101620845,0.89837915,1,146,4) very common (100+)
3460,0.56645596,0.43354404,1,11,2) rare (6-20)
3461,0.033329464,0.9666705,1,0,1) very rare (1-5)
3462,0.733074,0.266926,0,106,4) very common (100+)
3463,0.2808488,0.7191512,1,51,3) common (21-100)
3464,0.07643274,0.92356724,0,4,1) very rare (1-5)
3465,0.34176278,0.6582372,1,237,4) very common (100+)
3466,0.05034268,0.9496573,0,6,2) rare (6-20)
3467,0.24859808,0.7514019,0,4,1) very rare (1-5)
3468,0.4244749,0.5755251,0,274,4) very common (100+)
3469,0.11919759,0.8808024,1,40,3) common (21-100)
3470,0.9111683,0.08883172,0,11,2) rare (6-20)
3471,0.21210822,0.78789175,1,34,3) common (21-100)
3472,0.5911344,0.40886557,1,0,1) very rare (1-5)
3473,0.072433285,0.9275667,0,1,1) very rare (1-5)
3474,0.7909847,0.20901531,0,1,1) very rare (1-5)
3475,0.897919,0.102081,1,19,2) rare (6-20)
3476,0.9312388,0.06876123,0,178,4) very common (100+)
3477,0.73917663,0.26082337,0,1070,4) very common (100+)
3478,0.540806,0.459194,1,4,1) very rare (1-5)
3479,0.9779683,0.022031724,1,53,3) common (21-100)
3480,0.38983086,0.6101692,1,38,3) common (21-100)
3481,0.31407446,0.68592554,1,0,1) very rare (1-5)
3482,0.58730114,0.41269886,0,1290,4) very common (100+)
3483,0.38807315,0.61192685,0,81,3) common (21-100)
3484,0.6599224,0.34007758,0,1290,4) very common (100+)
3485,0.4561151,0.5438849,1,146,4) very common (100+)
3486,0.18365888,0.8163411,0,3,1) very rare (1-5)
3487,0.95224726,0.047752738,1,4,1) very rare (1-5)
3488,0.23676819,0.7632318,0,2,1) very rare (1-5)
3489,0.0953262,0.9046738,1,4,1) very rare (1-5)
3490,0.87297064,0.12702936,0,8,2) rare (6-20)
3491,0.38003403,0.619966,1,2,1) very rare (1-5)
3492,0.97918487,0.020815134,0,142,4) very common (100+)
3493,0.5383057,0.4616943,1,3,1) very rare (1-5)
3494,0.3540659,0.6459341,1,53,3) common (21-100)
3495,0.5806299,0.4193701,1,27,3) common (21-100)
3496,0.41995075,0.5800493,1,18,2) rare (6-20)
3497,0.78782886,0.21217114,0,10,2) rare (6-20)
3498,0.5977753,0.40222472,0,5,1) very rare (1-5)
3499,0.82906646,0.17093354,0,14,2) rare (6-20)
3500,0.0916947,0.9083053,0,1,1) very rare (1-5)
3501,0.096842214,0.9031578,1,0,1) very rare (1-5)
3502,0.8026643,0.19733572,0,5,1) very rare (1-5)
3503,0.24625961,0.7537404,1,1,1) very rare (1-5)
3504,0.9774474,0.02255261,0,1000,4) very common (100+)
3505,0.12105598,0.87894404,1,0,1) very rare (1-5)
3506,0.2788539,0.7211461,1,2,1) very rare (1-5)
3507,0.2507726,0.7492274,1,2,1) very rare (1-5)
3508,0.7766209,0.22337908,0,58,3) common (21-100)
3509,0.043453418,0.9565466,0,23,3) common (21-100)
3510,0.070801295,0.9291987,1,24,3) common (21-100)
3511,0.07736751,0.9226325,1,10,2) rare (6-20)
3512,0.40628925,0.5937108,1,0,1) very rare (1-5)
3513,0.59583884,0.40416116,1,47,3) common (21-100)
3514,0.6006709,0.39932913,0,79,3) common (21-100)
3515,0.4890602,0.51093984,1,11,2) rare (6-20)
3516,0.23098393,0.7690161,0,7,2) rare (6-20)
3517,0.93261975,0.06738025,1,24,3) common (21-100)
3518,0.42967466,0.5703254,0,33,3) common (21-100)
3519,0.6641834,0.33581662,1,19,2) rare (6-20)
3520,0.24640338,0.7535966,1,142,4) very common (100+)
3521,0.37127537,0.62872463,1,69,3) common (21-100)
3522,0.92086583,0.079134166,0,142,4) very common (100+)
3523,0.47217482,0.5278252,1,66,3) common (21-100)
3524,0.58290875,0.41709125,0,89,3) common (21-100)
3525,0.71218365,0.28781635,1,166,4) very common (100+)
3526,0.15527771,0.8447223,1,0,1) very rare (1-5)
3527,0.7270395,0.27296048,0,6,2) rare (6-20)
3528,0.75702137,0.24297863,0,7,2) rare (6-20)
3529,0.4357526,0.56424737,1,11,2) rare (6-20)
3530,0.5494627,0.45053732,0,700,4) very common (100+)
3531,0.6024934,0.3975066,0,261,4) very common (100+)
3532,0.9744324,0.025567591,0,1000,4) very common (100+)
3533,0.50635546,0.49364454,0,100,3) common (21-100)
3534,0.48157507,0.5184249,1,1,1) very rare (1-5)
3535,0.6281239,0.37187612,0,105,4) very common (100+)
3536,0.76234096,0.23765904,0,84,3) common (21-100)
3537,0.8098687,0.1901313,1,36,3) common (21-100)
3538,0.83704686,0.16295314,0,2,1) very rare (1-5)
3539,0.06176626,0.93823373,1,7,2) rare (6-20)
3540,0.43152097,0.56847906,1,30,3) common (21-100)
3541,0.5790801,0.4209199,0,142,4) very common (100+)
3542,0.035936426,0.9640636,0,1,1) very rare (1-5)
3543,0.5198522,0.48014778,0,15,2) rare (6-20)
3544,0.030367084,0.9696329,1,3,1) very rare (1-5)
3545,0.411006,0.588994,0,3,1) very rare (1-5)
3546,0.67454475,0.32545525,1,0,1) very rare (1-5)
3547,0.23126669,0.7687333,1,2,1) very rare (1-5)
3548,0.22853431,0.77146566,0,700,4) very common (100+)
3549,0.6246298,0.3753702,0,123,4) very common (100+)
3550,0.8511667,0.14883327,1,19,2) rare (6-20)
3551,0.027606782,0.9723932,1,0,1) very rare (1-5)
3552,0.8369707,0.16302931,0,1,1) very rare (1-5)
3553,0.29855934,0.7014407,1,1070,4) very common (100+)
3554,0.9419296,0.05807042,1,18,2) rare (6-20)
3555,0.9433742,0.056625783,0,700,4) very common (100+)
3556,0.080365956,0.91963404,1,2,1) very rare (1-5)
3557,0.084761284,0.91523874,1,94,3) common (21-100)
3558,0.008430283,0.9915697,1,2,1) very rare (1-5)
3559,0.99570894,0.0042910576,0,142,4) very common (100+)
3560,0.348951,0.651049,0,22,3) common (21-100)
3561,0.13946821,0.8605318,0,4,1) very rare (1-5)
3562,0.2988753,0.70112467,1,0,1) very rare (1-5)
3563,0.8696564,0.13034362,1,0,1) very rare (1-5)
3564,0.38757694,0.61242306,0,2,1) very rare (1-5)
3565,0.28755468,0.7124453,0,700,4) very common (100+)
3566,0.43046373,0.56953627,0,268,4) very common (100+)
3567,0.67528427,0.32471573,1,0,1) very rare (1-5)
3568,0.7457183,0.2542817,1,99,3) common (21-100)
3569,0.15487838,0.8451216,0,20,2) rare (6-20)
3570,0.9921834,0.007816613,0,1000,4) very common (100+)
3571,0.6147602,0.38523978,0,1070,4) very common (100+)
3572,0.9823735,0.017626524,1,19,2) rare (6-20)
3573,0.047894437,0.9521056,1,0,1) very rare (1-5)
3574,0.59522253,0.40477747,1,1290,4) very common (100+)
3575,0.30624256,0.6937574,1,0,1) very rare (1-5)
3576,0.061298512,0.9387015,1,5,1) very rare (1-5)
3577,0.9362222,0.063777804,0,91,3) common (21-100)
3578,0.73211217,0.26788783,1,11,2) rare (6-20)
3579,0.14232358,0.8576764,0,2,1) very rare (1-5)
3580,0.6661486,0.3338514,0,1290,4) very common (100+)
3581,0.31887263,0.68112737,1,0,1) very rare (1-5)
3582,0.5216555,0.4783445,0,1,1) very rare (1-5)
3583,0.2826919,0.7173081,1,81,3) common (21-100)
3584,0.92528784,0.07471216,0,12,2) rare (6-20)
3585,0.9962824,0.0037176013,1,211,4) very common (100+)
3586,0.6809634,0.3190366,1,13,2) rare (6-20)
3587,0.21752006,0.78247994,0,8,2) rare (6-20)
3588,0.9950053,0.0049946904,0,99,3) common (21-100)
3589,0.9672668,0.032733202,0,118,4) very common (100+)
3590,0.9597339,0.040266097,0,1000,4) very common (100+)
3591,0.56696665,0.43303335,0,1070,4) very common (100+)
3592,0.9112745,0.08872551,1,100,3) common (21-100)
3593,0.6134744,0.38652557,0,3,1) very rare (1-5)
3594,0.4029049,0.59709513,1,0,1) very rare (1-5)
3595,0.7290492,0.2709508,1,14,2) rare (6-20)
3596,0.91183275,0.08816725,0,111,4) very common (100+)
3597,0.91289437,0.08710563,0,28,3) common (21-100)
3598,0.64756364,0.35243636,0,21,3) common (21-100)
3599,0.42529535,0.57470465,0,23,3) common (21-100)
3600,0.20104007,0.7989599,0,1,1) very rare (1-5)
3601,0.50395936,0.49604064,1,1,1) very rare (1-5)
3602,0.92550784,0.07449216,0,1070,4) very common (100+)
3603,0.5050106,0.4949894,0,7,2) rare (6-20)
3604,0.6291956,0.37080443,0,261,4) very common (100+)
3605,0.50668913,0.49331087,1,18,2) rare (6-20)
3606,0.15823898,0.841761,1,1,1) very rare (1-5)
3607,0.36150777,0.6384922,0,223,4) very common (100+)
3608,0.14479673,0.8552033,1,2,1) very rare (1-5)
3609,0.21413617,0.7858638,1,7,2) rare (6-20)
3610,0.5142173,0.48578268,0,0,1) very rare (1-5)
3611,0.32443357,0.67556643,0,2,1) very rare (1-5)
3612,0.87192416,0.12807584,0,28,3) common (21-100)
3613,0.52478987,0.47521013,0,3,1) very rare (1-5)
3614,0.51318544,0.48681456,1,85,3) common (21-100)
3615,0.9674916,0.032508373,0,51,3) common (21-100)
3616,0.6401309,0.35986912,0,261,4) very common (100+)
3617,0.1947794,0.8052206,0,12,2) rare (6-20)
3618,0.37644017,0.62355983,1,9,2) rare (6-20)
3619,0.1763881,0.8236119,1,700,4) very common (100+)
3620,0.49709362,0.5029064,0,1070,4) very common (100+)
3621,0.27082863,0.7291714,0,17,2) rare (6-20)
3622,0.45199588,0.54800415,0,2,1) very rare (1-5)
3623,0.26030833,0.7396917,1,0,1) very rare (1-5)
3624,0.3766254,0.6233746,1,1,1) very rare (1-5)
3625,0.106639646,0.8933604,1,0,1) very rare (1-5)
3626,0.95291674,0.04708326,0,1000,4) very common (100+)
3627,0.72160065,0.27839935,0,123,4) very common (100+)
3628,0.94655114,0.053448856,0,211,4) very common (100+)
3629,0.55237395,0.44762605,0,38,3) common (21-100)
3630,0.7635763,0.23642367,1,66,3) common (21-100)
3631,0.8801227,0.11987728,0,166,4) very common (100+)
3632,0.18851681,0.8114832,1,2,1) very rare (1-5)
3633,0.48875156,0.51124847,0,18,2) rare (6-20)
3634,0.8684564,0.13154358,0,118,4) very common (100+)
3635,0.90701884,0.09298116,0,33,3) common (21-100)
3636,0.29462197,0.70537806,1,2,1) very rare (1-5)
3637,0.35829088,0.6417091,0,7,2) rare (6-20)
3638,0.202709,0.797291,0,99,3) common (21-100)
3639,0.447867,0.55213296,1,0,1) very rare (1-5)
3640,0.063152894,0.9368471,1,0,1) very rare (1-5)
3641,0.1658382,0.8341618,0,237,4) very common (100+)
3642,0.32446027,0.67553973,0,71,3) common (21-100)
3643,0.6993913,0.3006087,0,166,4) very common (100+)
3644,0.5206901,0.47930992,0,14,2) rare (6-20)
3645,0.9078656,0.092134416,0,39,3) common (21-100)
3646,0.33020237,0.66979766,1,0,1) very rare (1-5)
3647,0.3113875,0.68861246,1,3,1) very rare (1-5)
3648,0.065163404,0.9348366,1,6,2) rare (6-20)
3649,0.25966632,0.7403337,0,2,1) very rare (1-5)
3650,0.69220173,0.30779827,0,4,1) very rare (1-5)
3651,0.4579967,0.5420033,0,0,1) very rare (1-5)
3652,0.96582574,0.034174263,0,211,4) very common (100+)
3653,0.042740893,0.9572591,1,0,1) very rare (1-5)
3654,0.24907373,0.75092626,1,8,2) rare (6-20)
3655,0.15385626,0.8461437,1,0,1) very rare (1-5)
3656,0.277465,0.722535,1,58,3) common (21-100)
3657,0.57215804,0.42784196,0,20,2) rare (6-20)
3658,0.69644755,0.30355245,0,89,3) common (21-100)
3659,0.28517586,0.71482414,0,4,1) very rare (1-5)
3660,0.317567,0.682433,1,1,1) very rare (1-5)
3661,0.09342147,0.90657854,1,0,1) very rare (1-5)
3662,0.65999734,0.34000266,0,15,2) rare (6-20)
3663,0.28616065,0.71383935,1,12,2) rare (6-20)
3664,0.72742397,0.27257603,0,56,3) common (21-100)
3665,0.08135614,0.91864383,1,1,1) very rare (1-5)
3666,0.50784034,0.49215966,1,37,3) common (21-100)
3667,0.94055974,0.059440255,0,211,4) very common (100+)
3668,0.44143134,0.55856866,1,0,1) very rare (1-5)
3669,0.8556624,0.1443376,0,24,3) common (21-100)
3670,0.03552068,0.9644793,0,22,3) common (21-100)
3671,0.5342314,0.46576858,0,63,3) common (21-100)
3672,0.062428102,0.9375719,1,0,1) very rare (1-5)
3673,0.23987505,0.7601249,0,142,4) very common (100+)
3674,0.9702045,0.029795527,0,1070,4) very common (100+)
3675,0.26005518,0.7399448,1,4,1) very rare (1-5)
3676,0.3573459,0.64265406,1,79,3) common (21-100)
3677,0.2975236,0.7024764,1,14,2) rare (6-20)
3678,0.72546273,0.27453727,0,18,2) rare (6-20)
3679,0.73816544,0.26183456,1,2,1) very rare (1-5)
3680,0.3581778,0.6418222,1,68,3) common (21-100)
3681,0.6758595,0.3241405,1,89,3) common (21-100)
3682,0.50592995,0.49407005,0,17,2) rare (6-20)
3683,0.48313224,0.51686776,1,65,3) common (21-100)
3684,0.105606794,0.8943932,1,1,1) very rare (1-5)
3685,0.53583527,0.46416473,1,3,1) very rare (1-5)
3686,0.9918377,0.00816232,0,1000,4) very common (100+)
3687,0.78996867,0.21003133,1,69,3) common (21-100)
3688,0.29426327,0.70573676,1,19,2) rare (6-20)
3689,0.5107249,0.4892751,1,1,1) very rare (1-5)
3690,0.33672202,0.663278,1,1,1) very rare (1-5)
3691,0.9519018,0.048098207,0,91,3) common (21-100)
3692,0.8935533,0.10644668,0,178,4) very common (100+)
3693,0.8973445,0.10265547,0,33,3) common (21-100)
3694,0.119507514,0.8804925,1,0,1) very rare (1-5)
3695,0.9545859,0.04541409,1,142,4) very common (100+)
3696,0.9452406,0.054759383,0,0,1) very rare (1-5)
3697,0.5169261,0.4830739,1,8,2) rare (6-20)
3698,0.46621206,0.53378797,1,42,3) common (21-100)
3699,0.056927346,0.9430727,1,15,2) rare (6-20)
3700,0.15222499,0.847775,1,166,4) very common (100+)
3701,0.049751215,0.9502488,1,4,1) very rare (1-5)
3702,0.30859548,0.6914045,1,0,1) very rare (1-5)
3703,0.4469628,0.55303717,0,4,1) very rare (1-5)
3704,0.8854813,0.1145187,0,1000,4) very common (100+)
3705,0.23996603,0.76003397,0,21,3) common (21-100)
3706,0.68679243,0.31320757,1,42,3) common (21-100)
3707,0.62144625,0.37855375,1,106,4) very common (100+)
3708,0.32829505,0.67170495,0,23,3) common (21-100)
3709,0.93337315,0.06662685,0,211,4) very common (100+)
3710,0.5904791,0.40952092,1,21,3) common (21-100)
3711,0.98481435,0.015185654,0,700,4) very common (100+)
3712,0.8608373,0.13916272,0,700,4) very common (100+)
3713,0.8452751,0.1547249,1,16,2) rare (6-20)
3714,0.42347592,0.5765241,1,1,1) very rare (1-5)
3715,0.8943261,0.10567391,0,2,1) very rare (1-5)
3716,0.15206063,0.8479394,1,0,1) very rare (1-5)
3717,0.115777425,0.88422257,1,14,2) rare (6-20)
3718,0.8367102,0.16328979,0,42,3) common (21-100)
3719,0.95342654,0.04657346,0,91,3) common (21-100)
3720,0.9008786,0.09912139,0,10,2) rare (6-20)
3721,0.11991898,0.880081,1,0,1) very rare (1-5)
3722,0.1535552,0.8464448,0,7,2) rare (6-20)
3723,0.93153805,0.068461955,0,182,4) very common (100+)
3724,0.53310287,0.46689713,1,275,4) very common (100+)
3725,0.88817453,0.111825466,0,1000,4) very common (100+)
3726,0.41975617,0.5802438,0,1290,4) very common (100+)
3727,0.30990112,0.6900989,1,50,3) common (21-100)
3728,0.95331776,0.04668224,1,66,3) common (21-100)
3729,0.51269543,0.48730457,1,0,1) very rare (1-5)
3730,0.89687854,0.10312146,0,56,3) common (21-100)
3731,0.5895982,0.41040182,0,1070,4) very common (100+)
3732,0.85833853,0.14166147,0,1290,4) very common (100+)
3733,0.13339773,0.8666023,1,16,2) rare (6-20)
3734,0.9539263,0.046073675,0,1000,4) very common (100+)
3735,0.44471616,0.55528384,1,0,1) very rare (1-5)
3736,0.4969627,0.50303733,0,1,1) very rare (1-5)
3737,0.8944555,0.10554451,0,1,1) very rare (1-5)
3738,0.45627427,0.5437257,1,1,1) very rare (1-5)
3739,0.022461852,0.97753817,0,3,1) very rare (1-5)
3740,0.68568945,0.31431055,0,3,1) very rare (1-5)
3741,0.9753483,0.024651706,0,24,3) common (21-100)
3742,0.3782449,0.6217551,0,1290,4) very common (100+)
3743,0.08387316,0.91612685,1,14,2) rare (6-20)
3744,0.52676076,0.47323924,0,21,3) common (21-100)
3745,0.6929472,0.3070528,1,1,1) very rare (1-5)
3746,0.2608578,0.7391422,1,0,1) very rare (1-5)
3747,0.20867099,0.791329,1,6,2) rare (6-20)
3748,0.20317309,0.7968269,0,19,2) rare (6-20)
3749,0.26209822,0.7379018,0,700,4) very common (100+)
3750,0.5215231,0.47847688,1,3,1) very rare (1-5)
3751,0.9912915,0.008708477,0,39,3) common (21-100)
3752,0.53435963,0.46564037,1,0,1) very rare (1-5)
3753,0.9013856,0.098614395,1,0,1) very rare (1-5)
3754,0.68903303,0.31096697,0,5,1) very rare (1-5)
3755,0.3238408,0.6761592,1,47,3) common (21-100)
3756,0.749413,0.250587,1,1,1) very rare (1-5)
3757,0.0616815,0.9383185,1,3,1) very rare (1-5)
3758,0.95746464,0.042535365,0,39,3) common (21-100)
3759,0.21387379,0.7861262,0,3,1) very rare (1-5)
3760,0.017393187,0.9826068,1,0,1) very rare (1-5)
3761,0.43069485,0.5693052,0,5,1) very rare (1-5)
3762,0.07055246,0.92944753,1,0,1) very rare (1-5)
3763,0.80333537,0.19666463,0,275,4) very common (100+)
3764,0.050755635,0.9492444,1,0,1) very rare (1-5)
3765,0.09163607,0.90836394,1,72,3) common (21-100)
3766,0.34937343,0.65062654,1,28,3) common (21-100)
3767,0.1569152,0.8430848,1,2,1) very rare (1-5)
3768,0.8250468,0.17495322,0,7,2) rare (6-20)
3769,0.030578446,0.96942157,1,8,2) rare (6-20)
3770,0.032096807,0.9679032,1,0,1) very rare (1-5)
3771,0.29966226,0.70033777,1,5,1) very rare (1-5)
3772,0.42782366,0.57217634,1,1,1) very rare (1-5)
3773,0.021132862,0.9788671,1,0,1) very rare (1-5)
3774,0.48865667,0.51134336,1,10,2) rare (6-20)
3775,0.55895954,0.44104046,0,68,3) common (21-100)
3776,0.07994036,0.9200596,1,1,1) very rare (1-5)
3777,0.8146972,0.1853028,1,7,2) rare (6-20)
3778,0.041387983,0.958612,1,0,1) very rare (1-5)
3779,0.6456809,0.3543191,0,25,3) common (21-100)
3780,0.5941533,0.40584671,0,96,3) common (21-100)
3781,0.99316216,0.006837845,0,99,3) common (21-100)
3782,0.48245004,0.51755,1,55,3) common (21-100)
3783,0.6091325,0.39086747,0,0,1) very rare (1-5)
3784,0.021393225,0.97860676,1,123,4) very common (100+)
3785,0.23678313,0.76321685,0,79,3) common (21-100)
3786,0.17446545,0.8255346,1,0,1) very rare (1-5)
3787,0.5811865,0.41881353,1,3,1) very rare (1-5)
3788,0.3151561,0.6848439,0,5,1) very rare (1-5)
3789,0.043086633,0.95691335,1,0,1) very rare (1-5)
3790,0.83108157,0.16891843,1,118,4) very common (100+)
3791,0.2125527,0.78744733,0,27,3) common (21-100)
3792,0.63571995,0.36428005,0,14,2) rare (6-20)
3793,0.60026044,0.39973956,0,56,3) common (21-100)
3794,0.2204625,0.7795375,0,3,1) very rare (1-5)
3795,0.91814524,0.08185476,0,7,2) rare (6-20)
3796,0.61530006,0.38469994,0,107,4) very common (100+)
3797,0.93661755,0.06338245,0,44,3) common (21-100)
3798,0.3467831,0.6532169,0,0,1) very rare (1-5)
3799,0.8410176,0.1589824,0,46,3) common (21-100)
3800,0.71965045,0.28034955,0,17,2) rare (6-20)
3801,0.30309817,0.6969018,1,1,1) very rare (1-5)
3802,0.06554207,0.9344579,0,4,1) very rare (1-5)
3803,0.06388642,0.9361136,1,0,1) very rare (1-5)
3804,0.5015095,0.4984905,1,3,1) very rare (1-5)
3805,0.45193034,0.54806966,1,0,1) very rare (1-5)
3806,0.13237327,0.8676267,1,0,1) very rare (1-5)
3807,0.575225,0.424775,1,8,2) rare (6-20)
3808,0.14933766,0.85066235,1,66,3) common (21-100)
3809,0.118762314,0.8812377,1,0,1) very rare (1-5)
3810,0.4369581,0.5630419,1,63,3) common (21-100)
3811,0.36869538,0.6313046,1,0,1) very rare (1-5)
3812,0.58375555,0.41624445,0,1,1) very rare (1-5)
3813,0.69696003,0.30303997,0,700,4) very common (100+)
3814,0.67629606,0.32370394,0,2,1) very rare (1-5)
3815,0.2898425,0.7101575,1,7,2) rare (6-20)
3816,0.9270562,0.07294381,0,223,4) very common (100+)
3817,0.3553658,0.6446342,1,0,1) very rare (1-5)
3818,0.798174,0.20182598,1,2,1) very rare (1-5)
3819,0.7673035,0.23269647,0,146,4) very common (100+)
3820,0.42954925,0.5704508,0,5,1) very rare (1-5)
3821,0.88631535,0.113684654,0,1000,4) very common (100+)
3822,0.86656785,0.13343215,0,92,3) common (21-100)
3823,0.477524,0.52247596,0,15,2) rare (6-20)
3824,0.5038612,0.4961388,0,343,4) very common (100+)
3825,0.9509743,0.049025714,0,118,4) very common (100+)
3826,0.9974776,0.002522409,1,19,2) rare (6-20)
3827,0.7474626,0.25253743,1,0,1) very rare (1-5)
3828,0.9319236,0.06807637,0,134,4) very common (100+)
3829,0.89823025,0.101769745,0,17,2) rare (6-20)
3830,0.7915531,0.20844692,1,107,4) very common (100+)
3831,0.28186065,0.71813935,0,1,1) very rare (1-5)
3832,0.76019955,0.23980045,0,1,1) very rare (1-5)
3833,0.33472016,0.66527987,1,85,3) common (21-100)
3834,0.23736325,0.7626368,1,0,1) very rare (1-5)
3835,0.11331519,0.88668483,1,0,1) very rare (1-5)
3836,0.41816765,0.58183235,1,0,1) very rare (1-5)
3837,0.26542822,0.7345718,1,2,1) very rare (1-5)
3838,0.09221643,0.90778357,0,178,4) very common (100+)
3839,0.11375077,0.88624924,1,108,4) very common (100+)
3840,0.6760164,0.3239836,1,27,3) common (21-100)
3841,0.93958527,0.06041473,0,1000,4) very common (100+)
3842,0.95347315,0.04652685,0,91,3) common (21-100)
3843,0.9072411,0.092758894,0,10,2) rare (6-20)
3844,0.10568179,0.8943182,1,6,2) rare (6-20)
3845,0.31184825,0.6881517,1,1,1) very rare (1-5)
3846,0.36554042,0.6344596,1,12,2) rare (6-20)
3847,0.08306548,0.9169345,0,5,1) very rare (1-5)
3848,0.82329065,0.17670935,0,223,4) very common (100+)
3849,0.84471434,0.15528566,0,1000,4) very common (100+)
3850,0.66180766,0.33819234,1,44,3) common (21-100)
3851,0.47997084,0.5200292,1,27,3) common (21-100)
3852,0.14463896,0.85536104,0,84,3) common (21-100)
3853,0.5857532,0.4142468,1,3,1) very rare (1-5)
3854,0.21942563,0.7805744,1,1,1) very rare (1-5)
3855,0.44825,0.55175,1,268,4) very common (100+)
3856,0.8012288,0.19877118,0,6,2) rare (6-20)
3857,0.84738946,0.15261054,0,35,3) common (21-100)
3858,0.75471735,0.24528265,0,17,2) rare (6-20)
3859,0.98116493,0.018835068,0,1000,4) very common (100+)
3860,0.46123144,0.53876853,0,5,1) very rare (1-5)
3861,0.22411911,0.7758809,0,13,2) rare (6-20)
3862,0.011888624,0.9881114,1,38,3) common (21-100)
3863,0.33892357,0.6610764,1,0,1) very rare (1-5)
3864,0.028838601,0.9711614,1,0,1) very rare (1-5)
3865,0.4525759,0.5474241,1,15,2) rare (6-20)
3866,0.56254345,0.43745655,0,1290,4) very common (100+)
3867,0.8579718,0.14202821,1,0,1) very rare (1-5)
3868,0.64176255,0.35823745,1,142,4) very common (100+)
3869,0.960083,0.039916992,0,700,4) very common (100+)
3870,0.3026313,0.69736874,1,66,3) common (21-100)
3871,0.9653518,0.03464818,0,1000,4) very common (100+)
3872,0.97072136,0.029278636,0,39,3) common (21-100)
3873,0.50519,0.49481,0,5,1) very rare (1-5)
3874,0.631091,0.368909,0,16,2) rare (6-20)
3875,0.12392024,0.87607974,1,0,1) very rare (1-5)
3876,0.23998433,0.76001567,1,275,4) very common (100+)
3877,0.48221043,0.5177896,0,142,4) very common (100+)
3878,0.6162805,0.3837195,0,7,2) rare (6-20)
3879,0.27947763,0.7205224,1,0,1) very rare (1-5)
3880,0.8073407,0.19265932,0,1070,4) very common (100+)
3881,0.5878163,0.4121837,0,15,2) rare (6-20)
3882,0.050734174,0.94926584,1,0,1) very rare (1-5)
3883,0.9614219,0.038578093,0,78,3) common (21-100)
3884,0.21893865,0.78106135,0,0,1) very rare (1-5)
3885,0.05790395,0.94209605,1,0,1) very rare (1-5)
3886,0.5921881,0.40781188,0,5,1) very rare (1-5)
3887,0.9953767,0.004623294,0,35,3) common (21-100)
3888,0.8437808,0.15621918,1,118,4) very common (100+)
3889,0.7412177,0.25878233,0,1070,4) very common (100+)
3890,0.21596381,0.78403616,0,26,3) common (21-100)
3891,0.9263675,0.07363248,0,1000,4) very common (100+)
3892,0.48371324,0.51628673,0,3,1) very rare (1-5)
3893,0.01593541,0.9840646,1,0,1) very rare (1-5)
3894,0.1896137,0.8103863,0,102,4) very common (100+)
3895,0.37819353,0.6218065,1,76,3) common (21-100)
3896,0.35931128,0.6406887,0,63,3) common (21-100)
3897,0.765306,0.234694,0,134,4) very common (100+)
3898,0.7725782,0.22742182,0,1000,4) very common (100+)
3899,0.9799168,0.020083189,1,1,1) very rare (1-5)
3900,0.6730979,0.3269021,1,4,1) very rare (1-5)
3901,0.43867594,0.56132406,0,69,3) common (21-100)
3902,0.44569665,0.55430335,1,237,4) very common (100+)
3903,0.1454365,0.8545635,1,0,1) very rare (1-5)
3904,0.97579455,0.024205446,0,11,2) rare (6-20)
3905,0.9482965,0.051703513,0,69,3) common (21-100)
3906,0.45072627,0.5492737,1,14,2) rare (6-20)
3907,0.8726156,0.12738442,0,1,1) very rare (1-5)
3908,0.24716844,0.7528316,1,5,1) very rare (1-5)
3909,0.12191679,0.8780832,1,7,2) rare (6-20)
3910,0.4725987,0.5274013,0,1070,4) very common (100+)
3911,0.5114728,0.48852718,1,65,3) common (21-100)
3912,0.06580197,0.934198,1,0,1) very rare (1-5)
3913,0.63144207,0.36855793,1,4,1) very rare (1-5)
3914,0.5379527,0.46204728,0,84,3) common (21-100)
3915,0.8663675,0.13363248,1,0,1) very rare (1-5)
3916,0.8059446,0.19405538,1,34,3) common (21-100)
3917,0.5048999,0.49510008,1,118,4) very common (100+)
3918,0.7578352,0.24216479,1,3,1) very rare (1-5)
3919,0.87116915,0.12883085,1,2,1) very rare (1-5)
3920,0.11650757,0.8834924,1,14,2) rare (6-20)
3921,0.82384175,0.17615825,0,7,2) rare (6-20)
3922,0.17321081,0.8267892,1,0,1) very rare (1-5)
3923,0.084434584,0.91556543,1,70,3) common (21-100)
3924,0.48728684,0.5127132,1,68,3) common (21-100)
3925,0.6790355,0.32096452,1,4,1) very rare (1-5)
3926,0.60270804,0.39729196,0,1290,4) very common (100+)
3927,0.49241093,0.5075891,0,3,1) very rare (1-5)
3928,0.31635055,0.6836494,1,11,2) rare (6-20)
3929,0.50999236,0.49000764,0,21,3) common (21-100)
3930,0.39793232,0.6020677,0,0,1) very rare (1-5)
3931,0.48592624,0.5140737,1,6,2) rare (6-20)
3932,0.13820276,0.8617972,1,0,1) very rare (1-5)
3933,0.17094651,0.8290535,1,4,1) very rare (1-5)
3934,0.85246223,0.14753777,1,1070,4) very common (100+)
3935,0.25500047,0.7449995,1,2,1) very rare (1-5)
3936,0.3770672,0.6229328,1,76,3) common (21-100)
3937,0.7590812,0.24091882,0,14,2) rare (6-20)
3938,0.18923068,0.8107693,0,44,3) common (21-100)
3939,0.8029891,0.19701087,1,8,2) rare (6-20)
3940,0.21721885,0.7827811,1,105,4) very common (100+)
3941,0.26162055,0.7383795,1,53,3) common (21-100)
3942,0.13771088,0.86228913,0,142,4) very common (100+)
3943,0.19106506,0.8089349,1,0,1) very rare (1-5)
3944,0.9472672,0.052732825,1,81,3) common (21-100)
3945,0.07130681,0.9286932,1,1,1) very rare (1-5)
3946,0.46385238,0.5361476,1,84,3) common (21-100)
3947,0.27298963,0.72701037,1,21,3) common (21-100)
3948,0.2757271,0.7242729,1,123,4) very common (100+)
3949,0.035357267,0.96464276,1,0,1) very rare (1-5)
3950,0.81289166,0.18710834,0,38,3) common (21-100)
3951,0.9881136,0.011886418,0,78,3) common (21-100)
3952,0.07982532,0.92017466,0,159,4) very common (100+)
3953,0.22574866,0.77425134,0,5,1) very rare (1-5)
3954,0.30050567,0.69949436,0,25,3) common (21-100)
3955,0.7023815,0.2976185,0,5,1) very rare (1-5)
3956,0.03418797,0.965812,1,10,2) rare (6-20)
3957,0.1937527,0.8062473,0,18,2) rare (6-20)
3958,0.29646757,0.70353246,1,160,4) very common (100+)
3959,0.12804365,0.87195635,0,134,4) very common (100+)
3960,0.8650304,0.13496959,1,4,1) very rare (1-5)
3961,0.94489825,0.055101752,0,9,2) rare (6-20)
3962,0.8998818,0.10011822,1,76,3) common (21-100)
3963,0.36685592,0.6331441,1,6,2) rare (6-20)
3964,0.6021336,0.39786643,0,343,4) very common (100+)
3965,0.7386624,0.26133758,0,261,4) very common (100+)
3966,0.090709835,0.9092902,1,2,1) very rare (1-5)
3967,0.0968674,0.9031326,1,0,1) very rare (1-5)
3968,0.96513456,0.03486544,0,372,4) very common (100+)
3969,0.55615574,0.44384426,1,42,3) common (21-100)
3970,0.35169426,0.6483058,1,1,1) very rare (1-5)
3971,0.31828597,0.68171406,0,0,1) very rare (1-5)
3972,0.11818014,0.88181984,0,0,1) very rare (1-5)
3973,0.9138431,0.086156905,0,134,4) very common (100+)
3974,0.49495155,0.50504845,1,0,1) very rare (1-5)
3975,0.5366348,0.4633652,1,3,1) very rare (1-5)
3976,0.9674847,0.032515287,0,5,1) very rare (1-5)
3977,0.8985657,0.10143429,1,107,4) very common (100+)
3978,0.48683238,0.5131676,0,261,4) very common (100+)
3979,0.4372919,0.56270814,1,1290,4) very common (100+)
3980,0.23940961,0.7605904,0,51,3) common (21-100)
3981,0.63613915,0.36386085,1,107,4) very common (100+)
3982,0.9361367,0.06386328,0,275,4) very common (100+)
3983,0.56964546,0.43035454,1,2,1) very rare (1-5)
3984,0.16437425,0.83562577,1,0,1) very rare (1-5)
3985,0.9287837,0.071216285,0,237,4) very common (100+)
3986,0.16042669,0.8395733,1,14,2) rare (6-20)
3987,0.9603971,0.039602876,0,10,2) rare (6-20)
3988,0.4585302,0.5414698,1,0,1) very rare (1-5)
3989,0.05248922,0.9475108,1,0,1) very rare (1-5)
3990,0.14119884,0.8588011,1,6,2) rare (6-20)
3991,0.9209762,0.07902378,0,145,4) very common (100+)
3992,0.14271134,0.85728866,1,17,2) rare (6-20)
3993,0.9900585,0.009941518,0,89,3) common (21-100)
3994,0.716825,0.283175,0,96,3) common (21-100)
3995,0.08087203,0.91912794,1,32,3) common (21-100)
3996,0.40992802,0.590072,1,178,4) very common (100+)
3997,0.15039356,0.84960645,0,5,1) very rare (1-5)
3998,0.5786645,0.42133552,0,0,1) very rare (1-5)
3999,0.9351736,0.06482643,0,166,4) very common (100+)
4000,0.43515357,0.5648464,0,261,4) very common (100+)
4001,0.9341134,0.06588662,0,9,2) rare (6-20)
4002,0.38788486,0.61211514,1,0,1) very rare (1-5)
4003,0.58934724,0.41065276,0,46,3) common (21-100)
4004,0.42610538,0.5738946,1,2,1) very rare (1-5)
4005,0.49739155,0.5026084,1,69,3) common (21-100)
4006,0.9189412,0.0810588,0,22,3) common (21-100)
4007,0.41752923,0.5824708,1,1,1) very rare (1-5)
4008,0.12518264,0.8748174,0,14,2) rare (6-20)
4009,0.5875321,0.4124679,0,1070,4) very common (100+)
4010,0.41068703,0.589313,0,106,4) very common (100+)
4011,0.79077184,0.20922816,0,1290,4) very common (100+)
4012,0.2195129,0.7804871,1,0,1) very rare (1-5)
4013,0.19599858,0.80400145,1,66,3) common (21-100)
4014,0.24498878,0.7550112,0,20,2) rare (6-20)
4015,0.9267122,0.073287785,0,66,3) common (21-100)
4016,0.7246072,0.27539277,0,275,4) very common (100+)
4017,0.23521721,0.7647828,1,19,2) rare (6-20)
4018,0.6647563,0.3352437,0,421,4) very common (100+)
4019,0.8739428,0.12605721,0,2,1) very rare (1-5)
4020,0.30238461,0.6976154,1,2,1) very rare (1-5)
4021,0.21829888,0.7817011,0,1,1) very rare (1-5)
4022,0.4654254,0.5345746,1,21,3) common (21-100)
4023,0.62463754,0.37536246,1,38,3) common (21-100)
4024,0.32913503,0.67086494,1,6,2) rare (6-20)
4025,0.20978424,0.79021573,0,1,1) very rare (1-5)
4026,0.25789952,0.7421005,1,1,1) very rare (1-5)
4027,0.92860126,0.071398735,0,94,3) common (21-100)
4028,0.55577904,0.44422096,1,1290,4) very common (100+)
4029,0.41455397,0.585446,1,0,1) very rare (1-5)
4030,0.2891909,0.7108091,0,5,1) very rare (1-5)
4031,0.22438931,0.7756107,0,2,1) very rare (1-5)
4032,0.9492119,0.050788105,1,1,1) very rare (1-5)
4033,0.07928096,0.920719,1,3,1) very rare (1-5)
4034,0.24962996,0.75037,1,0,1) very rare (1-5)
4035,0.9848663,0.015133679,1,81,3) common (21-100)
4036,0.37437204,0.625628,1,36,3) common (21-100)
4037,0.023050414,0.9769496,1,1,1) very rare (1-5)
4038,0.073592596,0.9264074,1,0,1) very rare (1-5)
4039,0.5315345,0.4684655,1,75,3) common (21-100)
4040,0.5207124,0.47928762,0,43,3) common (21-100)
4041,0.070662454,0.92933756,1,0,1) very rare (1-5)
4042,0.92181635,0.07818365,0,17,2) rare (6-20)
4043,0.1491855,0.8508145,1,10,2) rare (6-20)
4044,0.93185437,0.06814563,1,0,1) very rare (1-5)
4045,0.60841924,0.39158076,1,17,2) rare (6-20)
4046,0.8592167,0.14078331,0,76,3) common (21-100)
4047,0.956756,0.043244004,0,275,4) very common (100+)
4048,0.64768535,0.35231465,1,13,2) rare (6-20)
4049,0.26411808,0.7358819,1,39,3) common (21-100)
4050,0.5778008,0.4221992,0,79,3) common (21-100)
4051,0.6979873,0.30201268,0,1,1) very rare (1-5)
4052,0.8809815,0.119018495,0,1000,4) very common (100+)
4053,0.870775,0.12922502,0,91,3) common (21-100)
4054,0.25320202,0.746798,1,3,1) very rare (1-5)
4055,0.567386,0.43261403,0,44,3) common (21-100)
4056,0.932991,0.06700897,0,1290,4) very common (100+)
4057,0.94249225,0.057507753,0,17,2) rare (6-20)
4058,0.5455059,0.45449412,0,22,3) common (21-100)
4059,0.04582791,0.9541721,1,3,1) very rare (1-5)
4060,0.15126361,0.8487364,1,1,1) very rare (1-5)
4061,0.05630563,0.94369435,0,1,1) very rare (1-5)
4062,0.54820365,0.45179635,1,22,3) common (21-100)
4063,0.6349614,0.36503857,1,343,4) very common (100+)
4064,0.25409234,0.74590766,1,8,2) rare (6-20)
4065,0.1702215,0.8297785,1,89,3) common (21-100)
4066,0.9565328,0.043467224,0,142,4) very common (100+)
4067,0.47452965,0.5254704,1,268,4) very common (100+)
4068,0.87527466,0.12472534,0,1290,4) very common (100+)
4069,0.052235488,0.9477645,1,1,1) very rare (1-5)
4070,0.3987091,0.60129094,0,6,2) rare (6-20)
4071,0.19564593,0.8043541,0,88,3) common (21-100)
4072,0.24040724,0.7595928,1,14,2) rare (6-20)
4073,0.090828,0.909172,1,5,1) very rare (1-5)
4074,0.1465695,0.8534305,1,7,2) rare (6-20)
4075,0.18850179,0.8114982,1,0,1) very rare (1-5)
4076,0.95751303,0.042486966,0,121,4) very common (100+)
4077,0.3561322,0.6438678,0,3,1) very rare (1-5)
4078,0.32421926,0.6757808,1,1070,4) very common (100+)
4079,0.21807042,0.7819296,1,0,1) very rare (1-5)
4080,0.5033229,0.4966771,0,111,4) very common (100+)
4081,0.29683024,0.70316976,1,0,1) very rare (1-5)
4082,0.840566,0.15943402,0,47,3) common (21-100)
4083,0.059621964,0.940378,1,0,1) very rare (1-5)
4084,0.07936416,0.9206358,1,0,1) very rare (1-5)
4085,0.48362616,0.5163739,1,65,3) common (21-100)
4086,0.4118239,0.58817613,0,1,1) very rare (1-5)
4087,0.40894225,0.5910578,0,2,1) very rare (1-5)
4088,0.16709262,0.8329074,0,3,1) very rare (1-5)
4089,0.5696235,0.43037653,1,1,1) very rare (1-5)
4090,0.13434407,0.8656559,0,14,2) rare (6-20)
4091,0.61932814,0.38067186,1,8,2) rare (6-20)
4092,0.45241332,0.5475867,1,146,4) very common (100+)
4093,0.17307581,0.8269242,1,0,1) very rare (1-5)
4094,0.94749564,0.05250436,0,10,2) rare (6-20)
4095,0.8563958,0.14360422,0,100,3) common (21-100)
4096,0.9571959,0.042804122,0,223,4) very common (100+)
4097,0.58005774,0.41994226,0,4,1) very rare (1-5)
4098,0.28189254,0.71810746,1,0,1) very rare (1-5)
4099,0.61800396,0.38199604,1,6,2) rare (6-20)
4100,0.21646838,0.7835316,1,2,1) very rare (1-5)
4101,0.044812616,0.9551874,1,3,1) very rare (1-5)
4102,0.1564276,0.8435724,1,1,1) very rare (1-5)
4103,0.9295417,0.07045829,0,343,4) very common (100+)
4104,0.3258094,0.67419064,0,1,1) very rare (1-5)
4105,0.04303929,0.95696074,1,0,1) very rare (1-5)
4106,0.25856632,0.7414337,1,0,1) very rare (1-5)
4107,0.67985743,0.32014257,1,1000,4) very common (100+)
4108,0.73525167,0.26474833,0,89,3) common (21-100)
4109,0.43009785,0.5699022,0,223,4) very common (100+)
4110,0.05199543,0.94800454,1,85,3) common (21-100)
4111,0.57306176,0.42693824,1,4,1) very rare (1-5)
4112,0.9255533,0.07444668,0,74,3) common (21-100)
4113,0.47208172,0.5279183,1,15,2) rare (6-20)
4114,0.41345128,0.5865487,1,76,3) common (21-100)
4115,0.97885084,0.021149158,0,211,4) very common (100+)
4116,0.17024793,0.8297521,1,0,1) very rare (1-5)
4117,0.2462385,0.75376153,1,13,2) rare (6-20)
4118,0.69836634,0.30163366,0,84,3) common (21-100)
4119,0.7086192,0.29138082,0,1290,4) very common (100+)
4120,0.45773798,0.542262,1,0,1) very rare (1-5)
4121,0.5085692,0.49143082,0,9,2) rare (6-20)
4122,0.4808595,0.5191405,1,1,1) very rare (1-5)
4123,0.020997776,0.97900224,1,0,1) very rare (1-5)
4124,0.27427623,0.72572374,0,66,3) common (21-100)
4125,0.24399915,0.7560009,1,1,1) very rare (1-5)
4126,0.20871755,0.7912824,0,21,3) common (21-100)
4127,0.3443163,0.6556837,1,118,4) very common (100+)
4128,0.49224257,0.5077574,0,69,3) common (21-100)
4129,0.568743,0.431257,0,27,3) common (21-100)
4130,0.97389734,0.026102662,0,182,4) very common (100+)
4131,0.09502636,0.9049736,1,2,1) very rare (1-5)
4132,0.75666124,0.24333876,0,105,4) very common (100+)
4133,0.6990559,0.3009441,1,1290,4) very common (100+)
4134,0.8104001,0.18959987,1,1070,4) very common (100+)
4135,0.4527027,0.5472973,0,19,2) rare (6-20)
4136,0.52011025,0.47988975,1,2,1) very rare (1-5)
4137,0.9629595,0.037040472,0,15,2) rare (6-20)
4138,0.02919415,0.9708058,1,0,1) very rare (1-5)
4139,0.4012471,0.59875286,1,106,4) very common (100+)
4140,0.24487545,0.75512457,1,1,1) very rare (1-5)
4141,0.8072338,0.19276619,1,63,3) common (21-100)
4142,0.14979891,0.8502011,0,1,1) very rare (1-5)
4143,0.12323811,0.8767619,1,92,3) common (21-100)
4144,0.07658552,0.92341447,1,0,1) very rare (1-5)
4145,0.50400823,0.49599177,1,1,1) very rare (1-5)
4146,0.054464202,0.9455358,1,0,1) very rare (1-5)
4147,0.46051213,0.53948784,1,23,3) common (21-100)
4148,0.9660587,0.03394133,0,4,1) very rare (1-5)
4149,0.20070273,0.7992973,1,0,1) very rare (1-5)
4150,0.9653503,0.03464973,0,1000,4) very common (100+)
4151,0.26841652,0.7315835,0,1070,4) very common (100+)
4152,0.9568016,0.043198407,0,1000,4) very common (100+)
4153,0.648521,0.351479,0,3,1) very rare (1-5)
4154,0.31641158,0.6835884,0,2,1) very rare (1-5)
4155,0.059176214,0.9408238,1,0,1) very rare (1-5)
4156,0.43693137,0.5630686,0,1290,4) very common (100+)
4157,0.20054065,0.79945934,1,0,1) very rare (1-5)
4158,0.7023566,0.29764342,0,1,1) very rare (1-5)
4159,0.30392247,0.6960775,1,0,1) very rare (1-5)
4160,0.3396515,0.66034853,1,0,1) very rare (1-5)
4161,0.48874983,0.51125014,0,7,2) rare (6-20)
4162,0.40364456,0.59635544,1,35,3) common (21-100)
4163,0.74929035,0.25070965,1,37,3) common (21-100)
4164,0.15634896,0.84365106,1,17,2) rare (6-20)
4165,0.87945354,0.12054646,0,2,1) very rare (1-5)
4166,0.07666384,0.92333615,1,0,1) very rare (1-5)
4167,0.9552068,0.04479319,0,7,2) rare (6-20)
4168,0.8206832,0.17931682,1,89,3) common (21-100)
4169,0.48691806,0.5130819,1,275,4) very common (100+)
4170,0.04369668,0.9563033,1,1,1) very rare (1-5)
4171,0.30475953,0.6952405,1,106,4) very common (100+)
4172,0.9716635,0.028336525,0,1000,4) very common (100+)
4173,0.17853451,0.8214655,0,159,4) very common (100+)
4174,0.10852158,0.8914784,0,1,1) very rare (1-5)
4175,0.5362761,0.4637239,0,1,1) very rare (1-5)
4176,0.33506337,0.66493666,1,2,1) very rare (1-5)
4177,0.9758247,0.024175286,0,15,2) rare (6-20)
4178,0.021385571,0.97861445,1,21,3) common (21-100)
4179,0.5457103,0.45428967,0,343,4) very common (100+)
4180,0.049048353,0.95095164,1,27,3) common (21-100)
4181,0.08739655,0.91260344,1,1,1) very rare (1-5)
4182,0.055674754,0.94432527,0,1,1) very rare (1-5)
4183,0.13973556,0.8602644,1,0,1) very rare (1-5)
4184,0.474566,0.525434,0,237,4) very common (100+)
4185,0.6332741,0.36672592,0,3,1) very rare (1-5)
4186,0.87680215,0.12319785,0,78,3) common (21-100)
4187,0.17850916,0.8214908,1,118,4) very common (100+)
4188,0.9158272,0.084172785,0,8,2) rare (6-20)
4189,0.7406799,0.25932008,1,343,4) very common (100+)
4190,0.15208721,0.8479128,1,88,3) common (21-100)
4191,0.4250408,0.57495916,1,372,4) very common (100+)
4192,0.42154685,0.5784532,1,261,4) very common (100+)
4193,0.79945904,0.20054096,0,275,4) very common (100+)
4194,0.58152336,0.41847664,0,2,1) very rare (1-5)
4195,0.15503113,0.84496886,1,8,2) rare (6-20)
4196,0.8635662,0.13643378,0,37,3) common (21-100)
4197,0.18740106,0.81259894,1,1,1) very rare (1-5)
4198,0.6529409,0.34705907,1,1070,4) very common (100+)
4199,0.3619599,0.63804007,1,2,1) very rare (1-5)
4200,0.061762497,0.9382375,1,2,1) very rare (1-5)
4201,0.46028942,0.5397106,1,12,2) rare (6-20)
4202,0.96922225,0.030777752,0,85,3) common (21-100)
4203,0.6599,0.3401,1,1070,4) very common (100+)
4204,0.545318,0.454682,1,15,2) rare (6-20)
4205,0.17536862,0.8246314,1,0,1) very rare (1-5)
4206,0.7840491,0.2159509,0,2,1) very rare (1-5)
4207,0.91133076,0.08866924,0,223,4) very common (100+)
4208,0.97350967,0.02649033,1,268,4) very common (100+)
4209,0.2816179,0.7183821,0,223,4) very common (100+)
4210,0.23507352,0.7649265,1,0,1) very rare (1-5)
4211,0.10931083,0.8906892,1,0,1) very rare (1-5)
4212,0.011405394,0.9885946,1,0,1) very rare (1-5)
4213,0.6197031,0.3802969,1,0,1) very rare (1-5)
4214,0.3227561,0.6772439,1,2,1) very rare (1-5)
4215,0.5207202,0.47927982,1,12,2) rare (6-20)
4216,0.5739729,0.42602712,0,46,3) common (21-100)
4217,0.5018052,0.4981948,0,10,2) rare (6-20)
4218,0.92092943,0.07907057,1,70,3) common (21-100)
4219,0.05174122,0.94825876,1,1,1) very rare (1-5)
4220,0.5423501,0.4576499,1,0,1) very rare (1-5)
4221,0.6799934,0.3200066,1,0,1) very rare (1-5)
4222,0.53054684,0.46945316,0,2,1) very rare (1-5)
4223,0.3729691,0.6270309,0,11,2) rare (6-20)
4224,0.3103862,0.6896138,0,160,4) very common (100+)
4225,0.30063343,0.69936657,0,2,1) very rare (1-5)
4226,0.8323403,0.1676597,0,66,3) common (21-100)
4227,0.6840765,0.3159235,0,16,2) rare (6-20)
4228,0.49857718,0.5014228,1,7,2) rare (6-20)
4229,0.84318227,0.15681773,0,26,3) common (21-100)
4230,0.9645064,0.035493612,0,223,4) very common (100+)
4231,0.22443989,0.77556014,1,1,1) very rare (1-5)
4232,0.17840995,0.82159007,1,0,1) very rare (1-5)
4233,0.98884135,0.011158645,0,1000,4) very common (100+)
4234,0.047838826,0.9521612,1,0,1) very rare (1-5)
4235,0.101906925,0.8980931,1,1,1) very rare (1-5)
4236,0.35505804,0.6449419,1,58,3) common (21-100)
4237,0.06831314,0.9316869,1,1,1) very rare (1-5)
4238,0.87570643,0.124293566,0,421,4) very common (100+)
4239,0.019676104,0.9803239,1,26,3) common (21-100)
4240,0.71035814,0.28964186,0,1,1) very rare (1-5)
4241,0.59897214,0.40102786,1,1,1) very rare (1-5)
4242,0.40760866,0.5923914,1,6,2) rare (6-20)
4243,0.71273106,0.28726894,0,9,2) rare (6-20)
4244,0.14421228,0.85578775,0,421,4) very common (100+)
4245,0.9554998,0.044500172,0,1070,4) very common (100+)
4246,0.5248104,0.47518963,0,28,3) common (21-100)
4247,0.94569224,0.05430776,0,37,3) common (21-100)
4248,0.95451725,0.045482755,1,15,2) rare (6-20)
4249,0.15974185,0.8402581,1,1,1) very rare (1-5)
4250,0.4229181,0.5770819,1,69,3) common (21-100)
4251,0.83346254,0.16653746,1,1,1) very rare (1-5)
4252,0.11671451,0.8832855,1,4,1) very rare (1-5)
4253,0.19485079,0.8051492,1,19,2) rare (6-20)
4254,0.8316211,0.16837889,0,21,3) common (21-100)
4255,0.44397083,0.5560292,1,24,3) common (21-100)
4256,0.44228554,0.55771446,1,7,2) rare (6-20)
4257,0.45907643,0.5409236,1,700,4) very common (100+)
4258,0.43049428,0.5695057,1,0,1) very rare (1-5)
4259,0.9846905,0.015309513,0,52,3) common (21-100)
4260,0.16218452,0.83781546,1,178,4) very common (100+)
4261,0.2650605,0.73493946,1,0,1) very rare (1-5)
4262,0.75543857,0.24456143,1,2,1) very rare (1-5)
4263,0.080367036,0.919633,1,16,2) rare (6-20)
4264,0.17557888,0.8244211,1,0,1) very rare (1-5)
4265,0.926545,0.073454976,0,343,4) very common (100+)
4266,0.19484574,0.80515426,1,700,4) very common (100+)
4267,0.9491381,0.050861895,1,0,1) very rare (1-5)
4268,0.08774703,0.91225296,1,78,3) common (21-100)
4269,0.7361284,0.2638716,0,372,4) very common (100+)
4270,0.72804,0.27196002,0,1070,4) very common (100+)
4271,0.97418106,0.025818944,0,3,1) very rare (1-5)
4272,0.44950458,0.5504954,0,19,2) rare (6-20)
4273,0.05348386,0.94651616,1,0,1) very rare (1-5)
4274,0.6029517,0.3970483,0,3,1) very rare (1-5)
4275,0.36632538,0.6336746,0,34,3) common (21-100)
4276,0.71966994,0.28033006,0,100,3) common (21-100)
4277,0.3205108,0.6794892,1,2,1) very rare (1-5)
4278,0.17781624,0.8221837,0,1,1) very rare (1-5)
4279,0.07155742,0.9284426,1,0,1) very rare (1-5)
4280,0.7386126,0.2613874,1,166,4) very common (100+)
4281,0.5486308,0.45136923,0,4,1) very rare (1-5)
4282,0.768717,0.23128301,1,261,4) very common (100+)
4283,0.09061455,0.90938544,1,1,1) very rare (1-5)
4284,0.45803317,0.5419668,1,134,4) very common (100+)
4285,0.12935176,0.87064826,1,82,3) common (21-100)
4286,0.24657182,0.75342816,1,2,1) very rare (1-5)
4287,0.709203,0.290797,0,60,3) common (21-100)
4288,0.06088737,0.9391126,1,0,1) very rare (1-5)
4289,0.9117119,0.08828813,0,2,1) very rare (1-5)
4290,0.20568044,0.79431957,0,9,2) rare (6-20)
4291,0.23296067,0.7670393,1,0,1) very rare (1-5)
4292,0.12376514,0.8762349,1,4,1) very rare (1-5)
4293,0.2503252,0.7496748,1,1,1) very rare (1-5)
4294,0.3020792,0.6979208,1,4,1) very rare (1-5)
4295,0.9245686,0.07543141,1,8,2) rare (6-20)
4296,0.9625997,0.037400305,0,38,3) common (21-100)
4297,0.27388436,0.72611564,0,22,3) common (21-100)
4298,0.93711096,0.06288904,0,14,2) rare (6-20)
4299,0.4696807,0.53031933,0,43,3) common (21-100)
4300,0.05481997,0.94518006,1,0,1) very rare (1-5)
4301,0.9294158,0.07058418,1,12,2) rare (6-20)
4302,0.15081915,0.8491808,1,0,1) very rare (1-5)
4303,0.9538705,0.046129525,0,12,2) rare (6-20)
4304,0.35525,0.64475,1,5,1) very rare (1-5)
4305,0.10479951,0.8952005,1,49,3) common (21-100)
4306,0.86569315,0.13430685,0,1290,4) very common (100+)
4307,0.24112418,0.75887585,1,159,4) very common (100+)
4308,0.04269485,0.95730513,1,1,1) very rare (1-5)
4309,0.35250807,0.64749193,1,274,4) very common (100+)
4310,0.051751524,0.9482485,1,1,1) very rare (1-5)
4311,0.25165972,0.74834025,1,1,1) very rare (1-5)
4312,0.8708994,0.12910062,1,268,4) very common (100+)
4313,0.87631994,0.123680055,0,91,3) common (21-100)
4314,0.8615202,0.13847983,0,10,2) rare (6-20)
4315,0.69637823,0.30362177,1,14,2) rare (6-20)
4316,0.8862464,0.11375362,0,2,1) very rare (1-5)
4317,0.78509516,0.21490484,0,1290,4) very common (100+)
4318,0.1636987,0.8363013,1,1,1) very rare (1-5)
4319,0.83123016,0.16876984,1,0,1) very rare (1-5)
4320,0.94185966,0.058140337,0,118,4) very common (100+)
4321,0.6355404,0.36445957,0,700,4) very common (100+)
4322,0.34726954,0.65273046,0,2,1) very rare (1-5)
4323,0.10517019,0.8948298,1,0,1) very rare (1-5)
4324,0.93059534,0.06940466,0,343,4) very common (100+)
4325,0.5964778,0.4035222,1,0,1) very rare (1-5)
4326,0.29469445,0.7053056,1,3,1) very rare (1-5)
4327,0.44281763,0.5571824,0,5,1) very rare (1-5)
4328,0.019122891,0.9808771,1,8,2) rare (6-20)
4329,0.62496454,0.37503546,0,21,3) common (21-100)
4330,0.120694086,0.8793059,0,13,2) rare (6-20)
4331,0.2122511,0.78774893,0,372,4) very common (100+)
4332,0.87556124,0.12443876,0,178,4) very common (100+)
4333,0.4978306,0.5021694,0,2,1) very rare (1-5)
4334,0.8610901,0.13890988,0,1000,4) very common (100+)
4335,0.5869093,0.4130907,1,7,2) rare (6-20)
4336,0.32813084,0.67186916,0,38,3) common (21-100)
4337,0.061337423,0.9386626,1,17,2) rare (6-20)
4338,0.6217594,0.3782406,1,7,2) rare (6-20)
4339,0.78522754,0.21477246,1,76,3) common (21-100)
4340,0.7808485,0.2191515,0,160,4) very common (100+)
4341,0.38567466,0.61432534,1,36,3) common (21-100)
4342,0.39153433,0.6084657,0,421,4) very common (100+)
4343,0.087934576,0.91206545,1,5,1) very rare (1-5)
4344,0.10540243,0.8945976,1,0,1) very rare (1-5)
4345,0.7462025,0.25379747,1,3,1) very rare (1-5)
4346,0.53237945,0.46762055,1,14,2) rare (6-20)
4347,0.02388372,0.9761163,1,19,2) rare (6-20)
4348,0.49831793,0.50168204,0,1,1) very rare (1-5)
4349,0.3397056,0.6602944,1,1,1) very rare (1-5)
4350,0.8879633,0.112036705,1,1,1) very rare (1-5)
4351,0.9756173,0.02438271,0,7,2) rare (6-20)
4352,0.16403508,0.8359649,0,1,1) very rare (1-5)
4353,0.9307687,0.06923127,0,274,4) very common (100+)
4354,0.37360457,0.62639546,1,58,3) common (21-100)
4355,0.8650017,0.13499832,0,237,4) very common (100+)
4356,0.3739863,0.6260137,0,8,2) rare (6-20)
4357,0.15690748,0.8430925,1,0,1) very rare (1-5)
4358,0.39872772,0.6012723,0,275,4) very common (100+)
4359,0.42220822,0.5777918,0,8,2) rare (6-20)
4360,0.6947254,0.3052746,1,0,1) very rare (1-5)
4361,0.1877578,0.8122422,0,0,1) very rare (1-5)
4362,0.027037205,0.9729628,0,24,3) common (21-100)
4363,0.94191647,0.058083534,0,23,3) common (21-100)
4364,0.5486043,0.4513957,1,1290,4) very common (100+)
4365,0.14637478,0.85362524,1,9,2) rare (6-20)
4366,0.9934436,0.0065563917,0,71,3) common (21-100)
4367,0.030023217,0.9699768,1,0,1) very rare (1-5)
4368,0.76482207,0.23517793,0,91,3) common (21-100)
4369,0.08272591,0.9172741,1,19,2) rare (6-20)
4370,0.47433642,0.5256636,1,1070,4) very common (100+)
4371,0.96037394,0.039626062,0,13,2) rare (6-20)
4372,0.15561825,0.84438175,0,4,1) very rare (1-5)
4373,0.8468624,0.15313762,0,39,3) common (21-100)
4374,0.26863885,0.73136115,0,118,4) very common (100+)
4375,0.65846175,0.34153825,1,46,3) common (21-100)
4376,0.53423345,0.46576655,1,1070,4) very common (100+)
4377,0.406737,0.59326303,1,0,1) very rare (1-5)
4378,0.3313962,0.6686038,0,1,1) very rare (1-5)
4379,0.9973973,0.0026026964,0,89,3) common (21-100)
4380,0.5103542,0.48964578,0,44,3) common (21-100)
4381,0.5646398,0.4353602,0,343,4) very common (100+)
4382,0.13837339,0.8616266,1,0,1) very rare (1-5)
4383,0.69486064,0.30513936,0,421,4) very common (100+)
4384,0.40887845,0.59112155,1,275,4) very common (100+)
4385,0.39562017,0.60437983,1,1,1) very rare (1-5)
4386,0.66765404,0.33234596,0,343,4) very common (100+)
4387,0.10220896,0.897791,1,0,1) very rare (1-5)
4388,0.51627356,0.48372644,1,275,4) very common (100+)
4389,0.10011192,0.8998881,1,3,1) very rare (1-5)
4390,0.6598151,0.34018493,0,700,4) very common (100+)
4391,0.772004,0.22799599,1,1,1) very rare (1-5)
4392,0.4995927,0.50040734,1,268,4) very common (100+)
4393,0.6446171,0.35538292,0,92,3) common (21-100)
4394,0.28441644,0.71558356,0,106,4) very common (100+)
4395,0.060113188,0.9398868,1,1,1) very rare (1-5)
4396,0.81657666,0.18342334,1,146,4) very common (100+)
4397,0.4347904,0.5652096,0,7,2) rare (6-20)
4398,0.9078268,0.09217322,0,261,4) very common (100+)
4399,0.8333396,0.16666043,1,21,3) common (21-100)
4400,0.82724774,0.17275226,0,46,3) common (21-100)
4401,0.9441804,0.05581957,0,1000,4) very common (100+)
4402,0.85165644,0.14834356,0,30,3) common (21-100)
4403,0.6622614,0.33773857,1,160,4) very common (100+)
4404,0.6213582,0.37864178,1,27,3) common (21-100)
4405,0.60132766,0.39867234,1,0,1) very rare (1-5)
4406,0.53245974,0.46754026,1,107,4) very common (100+)
4407,0.78404486,0.21595514,1,25,3) common (21-100)
4408,0.09078384,0.90921617,1,0,1) very rare (1-5)
4409,0.75326514,0.24673486,0,700,4) very common (100+)
4410,0.8536981,0.14630193,0,30,3) common (21-100)
4411,0.60897887,0.39102113,0,1,1) very rare (1-5)
4412,0.713791,0.286209,0,12,2) rare (6-20)
4413,0.73520637,0.26479363,0,6,2) rare (6-20)
4414,0.9825446,0.017455399,0,274,4) very common (100+)
4415,0.50796384,0.49203616,1,0,1) very rare (1-5)
4416,0.34994963,0.6500504,0,105,4) very common (100+)
4417,0.32940665,0.6705934,0,100,3) common (21-100)
4418,0.25096878,0.7490312,0,4,1) very rare (1-5)
4419,0.03415297,0.965847,1,3,1) very rare (1-5)
4420,0.7878029,0.21219712,0,5,1) very rare (1-5)
4421,0.98232335,0.017676651,0,89,3) common (21-100)
4422,0.3158406,0.6841594,1,2,1) very rare (1-5)
4423,0.63966215,0.36033785,0,146,4) very common (100+)
4424,0.45768434,0.54231566,1,700,4) very common (100+)
4425,0.14368136,0.85631865,0,1,1) very rare (1-5)
4426,0.68051744,0.31948256,1,0,1) very rare (1-5)
4427,0.05626428,0.9437357,1,1,1) very rare (1-5)
4428,0.32236537,0.6776346,1,1,1) very rare (1-5)
4429,0.60541725,0.39458275,1,372,4) very common (100+)
4430,0.025751375,0.97424865,1,30,3) common (21-100)
4431,0.037337504,0.9626625,1,23,3) common (21-100)
4432,0.017926797,0.9820732,1,6,2) rare (6-20)
4433,0.9644525,0.035547495,0,25,3) common (21-100)
4434,0.2885792,0.7114208,1,134,4) very common (100+)
4435,0.7908689,0.20913112,0,108,4) very common (100+)
4436,0.08800989,0.9119901,0,41,3) common (21-100)
4437,0.434373,0.565627,1,1070,4) very common (100+)
4438,0.8307608,0.16923922,1,3,1) very rare (1-5)
4439,0.99170446,0.008295536,0,71,3) common (21-100)
4440,0.26562282,0.73437715,0,223,4) very common (100+)
4441,0.34681258,0.6531874,1,160,4) very common (100+)
4442,0.29280764,0.70719236,1,121,4) very common (100+)
4443,0.069721915,0.93027806,1,5,1) very rare (1-5)
4444,0.11282159,0.8871784,1,20,2) rare (6-20)
4445,0.38945404,0.610546,0,1290,4) very common (100+)
4446,0.95818883,0.04181117,0,223,4) very common (100+)
4447,0.029609676,0.9703903,1,1,1) very rare (1-5)
4448,0.76654994,0.23345006,0,1070,4) very common (100+)
4449,0.048390668,0.9516093,1,0,1) very rare (1-5)
4450,0.20206845,0.79793155,0,2,1) very rare (1-5)
4451,0.99359024,0.0064097643,0,1000,4) very common (100+)
4452,0.80398434,0.19601566,0,1070,4) very common (100+)
4453,0.7697979,0.23020208,0,134,4) very common (100+)
4454,0.25549445,0.7445055,1,2,1) very rare (1-5)
4455,0.24411952,0.7558805,1,28,3) common (21-100)
4456,0.43131658,0.5686834,1,0,1) very rare (1-5)
4457,0.9730041,0.026995897,0,118,4) very common (100+)
4458,0.5738707,0.42612928,0,105,4) very common (100+)
4459,0.26177818,0.7382218,1,33,3) common (21-100)
4460,0.59260136,0.40739864,1,261,4) very common (100+)
4461,0.6083059,0.39169413,1,6,2) rare (6-20)
4462,0.9494744,0.050525606,0,90,3) common (21-100)
4463,0.09910942,0.9008906,1,45,3) common (21-100)
4464,0.06089247,0.93910754,1,4,1) very rare (1-5)
4465,0.5239537,0.47604632,0,3,1) very rare (1-5)
4466,0.29066533,0.7093347,0,1070,4) very common (100+)
4467,0.9245808,0.07541919,0,0,1) very rare (1-5)
4468,0.401058,0.59894204,0,60,3) common (21-100)
4469,0.37983778,0.62016225,1,0,1) very rare (1-5)
4470,0.9081908,0.09180921,0,118,4) very common (100+)
4471,0.33697605,0.66302395,0,0,1) very rare (1-5)
4472,0.2811853,0.71881473,1,0,1) very rare (1-5)
4473,0.5643827,0.43561733,1,30,3) common (21-100)
4474,0.3182524,0.68174756,0,1290,4) very common (100+)
4475,0.98620504,0.013794959,0,99,3) common (21-100)
4476,0.99294794,0.007052064,0,89,3) common (21-100)
4477,0.27534226,0.7246578,1,1,1) very rare (1-5)
4478,0.8997312,0.10026878,0,2,1) very rare (1-5)
4479,0.4706104,0.5293896,1,0,1) very rare (1-5)
4480,0.5445216,0.45547843,0,89,3) common (21-100)
4481,0.807694,0.19230598,0,343,4) very common (100+)
4482,0.5301012,0.46989882,1,60,3) common (21-100)
4483,0.54884464,0.45115536,1,12,2) rare (6-20)
4484,0.4213608,0.5786392,1,24,3) common (21-100)
4485,0.48462445,0.51537555,1,1070,4) very common (100+)
4486,0.05247701,0.947523,1,0,1) very rare (1-5)
4487,0.35959524,0.64040476,1,91,3) common (21-100)
4488,0.6739632,0.3260368,0,343,4) very common (100+)
4489,0.16759796,0.83240205,1,16,2) rare (6-20)
4490,0.3051948,0.6948052,1,2,1) very rare (1-5)
4491,0.8942261,0.105773926,0,1070,4) very common (100+)
4492,0.47062197,0.52937806,1,1000,4) very common (100+)
4493,0.74914366,0.25085634,0,268,4) very common (100+)
4494,0.4646704,0.5353296,1,0,1) very rare (1-5)
4495,0.30052835,0.69947165,0,1,1) very rare (1-5)
4496,0.871654,0.12834603,0,178,4) very common (100+)
4497,0.015612231,0.98438776,1,0,1) very rare (1-5)
4498,0.2610787,0.7389213,1,700,4) very common (100+)
4499,0.20499092,0.7950091,1,1,1) very rare (1-5)
4500,0.34281978,0.6571802,1,2,1) very rare (1-5)
4501,0.8297033,0.17029673,1,5,1) very rare (1-5)
4502,0.9221033,0.077896714,0,36,3) common (21-100)
4503,0.24015386,0.75984615,1,1,1) very rare (1-5)
4504,0.6395622,0.3604378,1,0,1) very rare (1-5)
4505,0.7413098,0.25869018,1,268,4) very common (100+)
4506,0.20764418,0.79235584,0,107,4) very common (100+)
4507,0.39144158,0.6085584,1,0,1) very rare (1-5)
4508,0.16351582,0.8364842,1,159,4) very common (100+)
4509,0.50974977,0.49025023,0,1,1) very rare (1-5)
4510,0.3341497,0.6658503,1,2,1) very rare (1-5)
4511,0.1663548,0.8336452,0,33,3) common (21-100)
4512,0.070159025,0.929841,1,3,1) very rare (1-5)
4513,0.579543,0.420457,0,78,3) common (21-100)
4514,0.14334837,0.85665166,1,1,1) very rare (1-5)
4515,0.3109079,0.6890921,1,24,3) common (21-100)
4516,0.052612893,0.9473871,1,20,2) rare (6-20)
4517,0.3594225,0.6405775,1,69,3) common (21-100)
4518,0.32394055,0.6760595,0,118,4) very common (100+)
4519,0.77340704,0.22659296,0,421,4) very common (100+)
4520,0.13106194,0.8689381,1,76,3) common (21-100)
4521,0.28281045,0.71718955,1,36,3) common (21-100)
4522,0.4884488,0.5115512,0,142,4) very common (100+)
4523,0.59190017,0.40809983,1,5,1) very rare (1-5)
4524,0.53831476,0.46168524,0,1070,4) very common (100+)
4525,0.7891595,0.21084052,1,3,1) very rare (1-5)
4526,0.13661008,0.8633899,1,58,3) common (21-100)
4527,0.33856618,0.6614338,1,2,1) very rare (1-5)
4528,0.09867665,0.9013233,0,38,3) common (21-100)
4529,0.8593547,0.14064533,0,421,4) very common (100+)
4530,0.1378806,0.86211944,0,17,2) rare (6-20)
4531,0.013142127,0.9868579,1,8,2) rare (6-20)
4532,0.7801154,0.21988457,1,3,1) very rare (1-5)
4533,0.684475,0.315525,1,1,1) very rare (1-5)
4534,0.3264083,0.67359173,1,1290,4) very common (100+)
4535,0.1302762,0.8697238,0,23,3) common (21-100)
4536,0.53868794,0.46131206,1,372,4) very common (100+)
4537,0.24060673,0.7593933,0,29,3) common (21-100)
4538,0.19673756,0.8032625,1,2,1) very rare (1-5)
4539,0.82803744,0.17196256,1,5,1) very rare (1-5)
4540,0.77022284,0.22977716,1,160,4) very common (100+)
4541,0.37898126,0.62101877,0,0,1) very rare (1-5)
4542,0.72960615,0.27039385,1,6,2) rare (6-20)
4543,0.33573636,0.6642636,0,16,2) rare (6-20)
4544,0.12397659,0.8760234,1,3,1) very rare (1-5)
4545,0.6679008,0.3320992,0,89,3) common (21-100)
4546,0.7925655,0.20743448,0,1000,4) very common (100+)
4547,0.74721247,0.25278753,0,58,3) common (21-100)
4548,0.17558697,0.82441306,0,28,3) common (21-100)
4549,0.89320326,0.10679674,1,5,1) very rare (1-5)
4550,0.04902598,0.95097405,0,421,4) very common (100+)
4551,0.4795938,0.5204062,0,26,3) common (21-100)
4552,0.8838893,0.11611068,1,1,1) very rare (1-5)
4553,0.6517695,0.34823048,1,160,4) very common (100+)
4554,0.7738477,0.2261523,1,118,4) very common (100+)
4555,0.42130706,0.5786929,0,1290,4) very common (100+)
4556,0.98593986,0.01406014,0,1000,4) very common (100+)
4557,0.059940666,0.9400593,1,10,2) rare (6-20)
4558,0.8945697,0.105430305,0,99,3) common (21-100)
4559,0.88548344,0.114516556,0,1290,4) very common (100+)
4560,0.8731611,0.12683892,0,1070,4) very common (100+)
4561,0.52244633,0.47755367,0,1070,4) very common (100+)
4562,0.6507222,0.3492778,0,134,4) very common (100+)
4563,0.9881457,0.011854291,0,142,4) very common (100+)
4564,0.61585665,0.38414335,1,70,3) common (21-100)
4565,0.30073687,0.6992631,0,85,3) common (21-100)
4566,0.6330696,0.36693043,0,1070,4) very common (100+)
4567,0.21803425,0.78196573,1,1,1) very rare (1-5)
4568,0.9824163,0.017583728,0,1000,4) very common (100+)
4569,0.022405777,0.9775942,1,6,2) rare (6-20)
4570,0.06877666,0.93122333,1,0,1) very rare (1-5)
4571,0.45390794,0.54609203,0,1290,4) very common (100+)
4572,0.8720894,0.12791061,0,5,1) very rare (1-5)
4573,0.7449604,0.25503957,1,1290,4) very common (100+)
4574,0.4243738,0.5756262,0,275,4) very common (100+)
4575,0.13244542,0.86755455,0,14,2) rare (6-20)
4576,0.4524985,0.5475015,1,146,4) very common (100+)
4577,0.3288177,0.6711823,1,1,1) very rare (1-5)
4578,0.8981834,0.101816595,1,8,2) rare (6-20)
4579,0.9076725,0.092327476,0,3,1) very rare (1-5)
4580,0.78747076,0.21252924,1,1070,4) very common (100+)
4581,0.6651007,0.3348993,0,223,4) very common (100+)
4582,0.2281992,0.7718008,0,1,1) very rare (1-5)
4583,0.77025175,0.22974825,0,108,4) very common (100+)
4584,0.30951256,0.69048744,1,3,1) very rare (1-5)
4585,0.23802134,0.7619786,1,159,4) very common (100+)
4586,0.17196025,0.82803977,1,275,4) very common (100+)
4587,0.10519948,0.89480054,1,5,1) very rare (1-5)
4588,0.05592354,0.9440765,0,1,1) very rare (1-5)
4589,0.5163002,0.4836998,0,66,3) common (21-100)
4590,0.71163064,0.28836936,1,1070,4) very common (100+)
4591,0.28691614,0.71308386,1,107,4) very common (100+)
4592,0.531443,0.468557,0,2,1) very rare (1-5)
4593,0.8848823,0.11511773,1,1070,4) very common (100+)
4594,0.13371894,0.86628103,0,91,3) common (21-100)
4595,0.8705943,0.12940568,0,66,3) common (21-100)
4596,0.5688785,0.43112153,1,3,1) very rare (1-5)
4597,0.5340087,0.46599132,0,0,1) very rare (1-5)
4598,0.89754,0.10246003,1,111,4) very common (100+)
4599,0.90278393,0.09721607,0,700,4) very common (100+)
4600,0.6863477,0.31365228,0,46,3) common (21-100)
4601,0.98448217,0.015517831,0,211,4) very common (100+)
4602,0.06902599,0.930974,1,1,1) very rare (1-5)
4603,0.26358277,0.73641723,0,0,1) very rare (1-5)
4604,0.29674187,0.70325816,1,26,3) common (21-100)
4605,0.052074432,0.94792557,1,13,2) rare (6-20)
4606,0.13608348,0.8639165,1,274,4) very common (100+)
4607,0.15141216,0.8485879,1,24,3) common (21-100)
4608,0.48476842,0.5152316,0,1070,4) very common (100+)
4609,0.56243384,0.43756616,1,44,3) common (21-100)
4610,0.5008462,0.4991538,0,166,4) very common (100+)
4611,0.2210413,0.7789587,1,47,3) common (21-100)
4612,0.15800914,0.8419908,1,0,1) very rare (1-5)
4613,0.10403443,0.8959656,1,3,1) very rare (1-5)
4614,0.51129913,0.48870087,0,10,2) rare (6-20)
4615,0.3913203,0.6086797,1,1,1) very rare (1-5)
4616,0.3568956,0.64310443,1,0,1) very rare (1-5)
4617,0.6755118,0.32448822,0,28,3) common (21-100)
4618,0.13496625,0.86503375,1,1,1) very rare (1-5)
4619,0.49310362,0.5068964,0,166,4) very common (100+)
4620,0.03413233,0.96586764,0,3,1) very rare (1-5)
4621,0.3661373,0.63386273,0,100,3) common (21-100)
4622,0.44957495,0.55042505,0,7,2) rare (6-20)
4623,0.6244041,0.37559593,0,12,2) rare (6-20)
4624,0.32718238,0.6728176,0,15,2) rare (6-20)
4625,0.5829012,0.41709882,0,1070,4) very common (100+)
4626,0.027719,0.972281,1,1,1) very rare (1-5)
4627,0.4301488,0.56985116,1,26,3) common (21-100)
4628,0.88151824,0.118481755,1,12,2) rare (6-20)
4629,0.5375615,0.46243852,1,2,1) very rare (1-5)
4630,0.7868053,0.21319473,0,4,1) very rare (1-5)
4631,0.37278074,0.62721926,1,51,3) common (21-100)
4632,0.7542502,0.24574977,0,160,4) very common (100+)
4633,0.613787,0.386213,0,6,2) rare (6-20)
4634,0.8512258,0.1487742,0,6,2) rare (6-20)
4635,0.72497857,0.27502143,0,1000,4) very common (100+)
4636,0.9538092,0.0461908,0,105,4) very common (100+)
4637,0.34796336,0.65203667,1,1000,4) very common (100+)
4638,0.4129876,0.5870124,0,123,4) very common (100+)
4639,0.07497402,0.925026,1,0,1) very rare (1-5)
4640,0.16434833,0.83565164,1,15,2) rare (6-20)
4641,0.24394858,0.7560514,1,0,1) very rare (1-5)
4642,0.98581946,0.014180541,0,1000,4) very common (100+)
4643,0.32435635,0.6756437,1,99,3) common (21-100)
4644,0.13385749,0.8661425,1,0,1) very rare (1-5)
4645,0.6739362,0.3260638,1,0,1) very rare (1-5)
4646,0.9870451,0.012954891,0,15,2) rare (6-20)
4647,0.7509849,0.2490151,0,89,3) common (21-100)
4648,0.23302323,0.7669768,1,28,3) common (21-100)
4649,0.59812844,0.40187156,0,261,4) very common (100+)
4650,0.19809523,0.8019048,1,0,1) very rare (1-5)
4651,0.6347576,0.36524242,0,4,1) very rare (1-5)
4652,0.6565838,0.3434162,1,89,3) common (21-100)
4653,0.30310595,0.69689405,1,40,3) common (21-100)
4654,0.010838798,0.9891612,1,5,1) very rare (1-5)
4655,0.31730753,0.68269247,1,1,1) very rare (1-5)
4656,0.9514295,0.048570514,0,700,4) very common (100+)
4657,0.5792158,0.42078418,0,100,3) common (21-100)
4658,0.42991734,0.57008266,1,0,1) very rare (1-5)
4659,0.11187307,0.8881269,0,2,1) very rare (1-5)
4660,0.12842734,0.8715727,1,261,4) very common (100+)
4661,0.07267005,0.92732996,1,1,1) very rare (1-5)
4662,0.08123266,0.91876733,0,0,1) very rare (1-5)
4663,0.1549801,0.84501994,0,0,1) very rare (1-5)
4664,0.03385654,0.9661435,1,0,1) very rare (1-5)
4665,0.2346736,0.7653264,1,4,1) very rare (1-5)
4666,0.028150523,0.9718495,1,372,4) very common (100+)
4667,0.57762355,0.42237645,1,118,4) very common (100+)
4668,0.73255974,0.26744026,0,2,1) very rare (1-5)
4669,0.5505039,0.4494961,1,1,1) very rare (1-5)
4670,0.9443667,0.055633307,1,27,3) common (21-100)
4671,0.9858577,0.014142275,0,99,3) common (21-100)
4672,0.9553724,0.044627607,0,102,4) very common (100+)
4673,0.11332627,0.88667375,0,60,3) common (21-100)
4674,0.8833182,0.116681814,0,134,4) very common (100+)
4675,0.61388445,0.38611555,0,105,4) very common (100+)
4676,0.5303093,0.46969068,1,18,2) rare (6-20)
4677,0.9522693,0.047730684,0,25,3) common (21-100)
4678,0.045836236,0.9541638,1,2,1) very rare (1-5)
4679,0.92078394,0.07921606,0,105,4) very common (100+)
4680,0.14744301,0.852557,1,2,1) very rare (1-5)
4681,0.6657865,0.3342135,0,142,4) very common (100+)
4682,0.24152116,0.7584788,0,5,1) very rare (1-5)
4683,0.099255584,0.90074444,1,5,1) very rare (1-5)
4684,0.21202303,0.787977,1,9,2) rare (6-20)
4685,0.92080134,0.07919866,1,1290,4) very common (100+)
4686,0.1872301,0.8127699,0,178,4) very common (100+)
4687,0.08520305,0.91479695,1,142,4) very common (100+)
4688,0.15812819,0.8418718,0,0,1) very rare (1-5)
4689,0.8221946,0.17780542,0,178,4) very common (100+)
4690,0.51205623,0.48794377,0,28,3) common (21-100)
4691,0.7048166,0.29518342,0,15,2) rare (6-20)
4692,0.7364463,0.26355368,1,1290,4) very common (100+)
4693,0.08921483,0.9107852,1,66,3) common (21-100)
4694,0.15602951,0.8439705,1,2,1) very rare (1-5)
4695,0.86310375,0.13689625,0,1290,4) very common (100+)
4696,0.81987715,0.18012285,1,0,1) very rare (1-5)
4697,0.502183,0.49781698,1,1,1) very rare (1-5)
4698,0.21388796,0.78611207,0,79,3) common (21-100)
4699,0.26141384,0.7385862,1,41,3) common (21-100)
4700,0.4940587,0.5059413,0,166,4) very common (100+)
4701,0.39950612,0.6004939,1,1,1) very rare (1-5)
4702,0.7462756,0.2537244,1,118,4) very common (100+)
4703,0.9933908,0.0066092014,0,1000,4) very common (100+)
4704,0.3017311,0.6982689,0,18,2) rare (6-20)
4705,0.62526923,0.37473077,1,15,2) rare (6-20)
4706,0.25594512,0.7440549,1,0,1) very rare (1-5)
4707,0.8675405,0.13245952,1,0,1) very rare (1-5)
4708,0.084509276,0.91549075,1,70,3) common (21-100)
4709,0.12057825,0.8794218,1,1,1) very rare (1-5)
4710,0.9433232,0.056676805,0,17,2) rare (6-20)
4711,0.47680107,0.52319896,0,23,3) common (21-100)
4712,0.5676077,0.4323923,0,275,4) very common (100+)
4713,0.25218126,0.7478187,1,4,1) very rare (1-5)
4714,0.34454036,0.65545964,1,3,1) very rare (1-5)
4715,0.9789601,0.021039903,0,118,4) very common (100+)
4716,0.5527817,0.4472183,1,0,1) very rare (1-5)
4717,0.80289036,0.19710964,0,21,3) common (21-100)
4718,0.16149837,0.83850163,1,24,3) common (21-100)
4719,0.98486066,0.015139341,0,237,4) very common (100+)
4720,0.1680599,0.8319401,1,0,1) very rare (1-5)
4721,0.9934994,0.006500602,0,1000,4) very common (100+)
4722,0.13995993,0.86004007,1,7,2) rare (6-20)
4723,0.08689961,0.91310036,0,1,1) very rare (1-5)
4724,0.33946598,0.660534,0,5,1) very rare (1-5)
4725,0.340075,0.659925,1,11,2) rare (6-20)
4726,0.3611371,0.6388629,0,66,3) common (21-100)
4727,0.3990276,0.6009724,0,65,3) common (21-100)
4728,0.8760259,0.123974085,0,2,1) very rare (1-5)
4729,0.8474193,0.15258068,0,66,3) common (21-100)
4730,0.4797178,0.5202822,1,70,3) common (21-100)
4731,0.34456077,0.65543926,1,10,2) rare (6-20)
4732,0.95949864,0.040501356,0,89,3) common (21-100)
4733,0.5001388,0.49986118,1,7,2) rare (6-20)
4734,0.9828698,0.017130196,0,182,4) very common (100+)
4735,0.34682846,0.65317154,1,5,1) very rare (1-5)
4736,0.70905346,0.29094654,1,0,1) very rare (1-5)
4737,0.1564624,0.84353757,1,124,4) very common (100+)
4738,0.26580578,0.7341942,1,1,1) very rare (1-5)
4739,0.22386107,0.7761389,0,0,1) very rare (1-5)
4740,0.11044771,0.8895523,0,22,3) common (21-100)
4741,0.07924577,0.92075425,1,4,1) very rare (1-5)
4742,0.47907937,0.52092063,0,34,3) common (21-100)
4743,0.8680458,0.1319542,1,17,2) rare (6-20)
4744,0.24756949,0.7524305,0,0,1) very rare (1-5)
4745,0.04269595,0.95730406,1,0,1) very rare (1-5)
4746,0.56290954,0.43709046,1,146,4) very common (100+)
4747,0.29483768,0.7051623,1,0,1) very rare (1-5)
4748,0.9766589,0.02334112,0,18,2) rare (6-20)
4749,0.36898965,0.63101035,0,15,2) rare (6-20)
4750,0.50307876,0.49692124,1,1070,4) very common (100+)
4751,0.3804108,0.6195892,1,1,1) very rare (1-5)
4752,0.7337388,0.26626122,0,1070,4) very common (100+)
4753,0.17667834,0.82332164,1,56,3) common (21-100)
4754,0.40842047,0.59157956,0,5,1) very rare (1-5)
4755,0.6474157,0.3525843,0,275,4) very common (100+)
4756,0.5694095,0.4305905,0,105,4) very common (100+)
4757,0.31903133,0.68096864,1,0,1) very rare (1-5)
4758,0.42683926,0.57316077,1,0,1) very rare (1-5)
4759,0.110279515,0.8897205,0,0,1) very rare (1-5)
4760,0.27753773,0.7224623,1,123,4) very common (100+)
4761,0.33576137,0.66423863,1,62,3) common (21-100)
4762,0.025027962,0.974972,1,0,1) very rare (1-5)
4763,0.19107325,0.80892676,1,3,1) very rare (1-5)
4764,0.7469783,0.25302172,0,372,4) very common (100+)
4765,0.7226227,0.2773773,1,58,3) common (21-100)
4766,0.679323,0.32067698,0,105,4) very common (100+)
4767,0.18670486,0.8132951,1,70,3) common (21-100)
4768,0.20632125,0.79367876,1,0,1) very rare (1-5)
4769,0.09107954,0.90892047,1,13,2) rare (6-20)
4770,0.081750244,0.9182497,1,0,1) very rare (1-5)
4771,0.3889008,0.61109924,1,27,3) common (21-100)
4772,0.13035993,0.86964005,1,4,1) very rare (1-5)
4773,0.49807203,0.501928,1,107,4) very common (100+)
4774,0.9334128,0.06658721,0,99,3) common (21-100)
4775,0.9142433,0.08575672,0,274,4) very common (100+)
4776,0.8437396,0.15626037,0,10,2) rare (6-20)
4777,0.69151145,0.30848855,0,5,1) very rare (1-5)
4778,0.5414399,0.4585601,0,111,4) very common (100+)
4779,0.4011881,0.59881186,0,1,1) very rare (1-5)
4780,0.40112883,0.5988712,1,1,1) very rare (1-5)
4781,0.6943334,0.30566663,0,421,4) very common (100+)
4782,0.73763317,0.26236683,1,52,3) common (21-100)
4783,0.4972179,0.5027821,1,0,1) very rare (1-5)
4784,0.9761495,0.0238505,0,39,3) common (21-100)
4785,0.026310893,0.9736891,1,2,1) very rare (1-5)
4786,0.44176853,0.5582315,1,268,4) very common (100+)
4787,0.78266454,0.21733546,0,1000,4) very common (100+)
4788,0.61160254,0.38839746,1,35,3) common (21-100)
4789,0.6393215,0.3606785,0,91,3) common (21-100)
4790,0.30715767,0.69284236,0,0,1) very rare (1-5)
4791,0.41685897,0.583141,1,30,3) common (21-100)
4792,0.026680538,0.9733195,0,3,1) very rare (1-5)
4793,0.79743654,0.20256346,0,166,4) very common (100+)
4794,0.43679953,0.5632005,0,82,3) common (21-100)
4795,0.9484512,0.05154878,1,66,3) common (21-100)
4796,0.834624,0.16537601,0,237,4) very common (100+)
4797,0.38538867,0.6146113,0,13,2) rare (6-20)
4798,0.5826042,0.41739577,0,12,2) rare (6-20)
4799,0.7477508,0.25224918,0,3,1) very rare (1-5)
4800,0.13847156,0.86152846,1,1290,4) very common (100+)
4801,0.0364087,0.9635913,1,3,1) very rare (1-5)
4802,0.25232843,0.7476716,0,160,4) very common (100+)
4803,0.80079126,0.19920874,0,7,2) rare (6-20)
4804,0.057134513,0.9428655,1,0,1) very rare (1-5)
4805,0.8526931,0.14730692,0,24,3) common (21-100)
4806,0.35818115,0.6418189,1,35,3) common (21-100)
4807,0.16560489,0.8343951,0,3,1) very rare (1-5)
4808,0.35879335,0.6412066,0,15,2) rare (6-20)
4809,0.99703145,0.0029685497,0,211,4) very common (100+)
4810,0.44717973,0.55282027,1,0,1) very rare (1-5)
4811,0.039416794,0.9605832,0,71,3) common (21-100)
4812,0.7188949,0.2811051,1,0,1) very rare (1-5)
4813,0.22282583,0.7771742,1,178,4) very common (100+)
4814,0.37325197,0.626748,1,2,1) very rare (1-5)
4815,0.28884327,0.7111567,0,3,1) very rare (1-5)
4816,0.104226805,0.8957732,1,118,4) very common (100+)
4817,0.061999884,0.93800014,1,0,1) very rare (1-5)
4818,0.8229621,0.1770379,0,19,2) rare (6-20)
4819,0.51800245,0.48199755,1,0,1) very rare (1-5)
4820,0.6847023,0.31529772,1,30,3) common (21-100)
4821,0.23961239,0.7603876,1,0,1) very rare (1-5)
4822,0.32818562,0.6718144,0,66,3) common (21-100)
4823,0.7081379,0.29186207,0,4,1) very rare (1-5)
4824,0.41199362,0.5880064,1,275,4) very common (100+)
4825,0.5041632,0.4958368,1,38,3) common (21-100)
4826,0.98581207,0.014187932,1,16,2) rare (6-20)
4827,0.35785127,0.64214873,1,2,1) very rare (1-5)
4828,0.41244507,0.58755493,0,421,4) very common (100+)
4829,0.03213907,0.96786094,1,3,1) very rare (1-5)
4830,0.92351234,0.07648766,0,8,2) rare (6-20)
4831,0.4847776,0.51522243,0,4,1) very rare (1-5)
4832,0.3495099,0.6504901,1,118,4) very common (100+)
4833,0.36992005,0.63008,0,2,1) very rare (1-5)
4834,0.9791504,0.020849586,1,0,1) very rare (1-5)
4835,0.99472505,0.0052749515,0,274,4) very common (100+)
4836,0.72916657,0.27083343,0,39,3) common (21-100)
4837,0.051941536,0.9480585,1,0,1) very rare (1-5)
4838,0.91129744,0.08870256,1,0,1) very rare (1-5)
4839,0.14321315,0.85678685,1,0,1) very rare (1-5)
4840,0.6285562,0.3714438,0,18,2) rare (6-20)
4841,0.06859498,0.931405,0,0,1) very rare (1-5)
4842,0.9645699,0.035430074,0,142,4) very common (100+)
4843,0.9794915,0.020508528,0,1000,4) very common (100+)
4844,0.7304728,0.2695272,0,78,3) common (21-100)
4845,0.18403794,0.8159621,1,8,2) rare (6-20)
4846,0.07940091,0.9205991,0,0,1) very rare (1-5)
4847,0.8247219,0.17527813,0,10,2) rare (6-20)
4848,0.49028486,0.50971514,0,16,2) rare (6-20)
4849,0.106504716,0.89349526,1,8,2) rare (6-20)
4850,0.97740865,0.022591352,1,0,1) very rare (1-5)
4851,0.25564477,0.7443552,1,9,2) rare (6-20)
4852,0.40453395,0.595466,0,1290,4) very common (100+)
4853,0.20055413,0.79944587,1,81,3) common (21-100)
4854,0.28554228,0.71445775,1,2,1) very rare (1-5)
4855,0.4987642,0.50123584,1,1000,4) very common (100+)
4856,0.084875695,0.9151243,0,41,3) common (21-100)
4857,0.5866986,0.4133014,1,1070,4) very common (100+)
4858,0.23872504,0.76127493,1,44,3) common (21-100)
4859,0.9965663,0.0034337044,0,211,4) very common (100+)
4860,0.54579633,0.45420367,0,36,3) common (21-100)
4861,0.68516535,0.31483465,1,268,4) very common (100+)
4862,0.20389916,0.79610085,1,0,1) very rare (1-5)
4863,0.46393806,0.53606194,1,0,1) very rare (1-5)
4864,0.06025096,0.93974906,1,0,1) very rare (1-5)
4865,0.48493746,0.5150626,1,0,1) very rare (1-5)
4866,0.10517773,0.89482224,1,19,2) rare (6-20)
4867,0.67995197,0.32004803,0,2,1) very rare (1-5)
4868,0.4927443,0.5072557,1,1,1) very rare (1-5)
4869,0.6149261,0.3850739,1,16,2) rare (6-20)
4870,0.5471544,0.45284557,0,41,3) common (21-100)
4871,0.9087588,0.09124118,0,268,4) very common (100+)
4872,0.7519479,0.24805212,0,134,4) very common (100+)
4873,0.5759529,0.4240471,1,0,1) very rare (1-5)
4874,0.53573996,0.46426004,0,29,3) common (21-100)
4875,0.23646238,0.76353765,1,15,2) rare (6-20)
4876,0.97610736,0.023892641,0,134,4) very common (100+)
4877,0.30062106,0.69937897,1,56,3) common (21-100)
4878,0.42545065,0.5745493,1,1070,4) very common (100+)
4879,0.41170576,0.58829427,1,0,1) very rare (1-5)
4880,0.64505154,0.35494846,1,19,2) rare (6-20)
4881,0.12339322,0.87660676,0,7,2) rare (6-20)
4882,0.63055646,0.36944354,1,28,3) common (21-100)
4883,0.2683513,0.7316487,1,343,4) very common (100+)
4884,0.5390781,0.46092188,1,0,1) very rare (1-5)
4885,0.9597573,0.040242672,0,37,3) common (21-100)
4886,0.38800183,0.6119982,1,106,4) very common (100+)
4887,0.11807391,0.88192606,0,142,4) very common (100+)
4888,0.96065164,0.039348364,0,89,3) common (21-100)
4889,0.40789056,0.59210944,1,7,2) rare (6-20)
4890,0.0338043,0.9661957,1,0,1) very rare (1-5)
4891,0.26680914,0.7331909,1,3,1) very rare (1-5)
4892,0.64472127,0.35527873,0,1000,4) very common (100+)
4893,0.032912716,0.96708727,1,0,1) very rare (1-5)
4894,0.042526238,0.95747375,1,1,1) very rare (1-5)
4895,0.4946357,0.5053643,1,343,4) very common (100+)
4896,0.9231089,0.076891124,0,2,1) very rare (1-5)
4897,0.7840804,0.21591961,1,146,4) very common (100+)
4898,0.6389698,0.36103022,0,4,1) very rare (1-5)
4899,0.51459724,0.48540276,0,92,3) common (21-100)
4900,0.9613227,0.038677275,0,22,3) common (21-100)
4901,0.79967636,0.20032364,1,146,4) very common (100+)
4902,0.016176907,0.9838231,0,4,1) very rare (1-5)
4903,0.9756648,0.024335206,0,211,4) very common (100+)
4904,0.93839854,0.06160146,0,223,4) very common (100+)
4905,0.9668705,0.033129513,0,10,2) rare (6-20)
4906,0.58863807,0.41136193,0,107,4) very common (100+)
4907,0.2559047,0.7440953,0,0,1) very rare (1-5)
4908,0.6779843,0.3220157,0,78,3) common (21-100)
4909,0.8949732,0.10502678,1,28,3) common (21-100)
4910,0.51814246,0.48185754,1,105,4) very common (100+)
4911,0.8352868,0.1647132,1,2,1) very rare (1-5)
4912,0.6253821,0.37461787,1,1070,4) very common (100+)
4913,0.020997299,0.9790027,1,16,2) rare (6-20)
4914,0.23438413,0.7656159,1,0,1) very rare (1-5)
4915,0.936115,0.06388497,1,261,4) very common (100+)
4916,0.50798655,0.49201345,0,1070,4) very common (100+)
4917,0.8926508,0.10734922,0,105,4) very common (100+)
4918,0.8048829,0.19511712,0,58,3) common (21-100)
4919,0.95605946,0.043940544,0,1000,4) very common (100+)
4920,0.54254,0.45746,0,0,1) very rare (1-5)
4921,0.7082442,0.2917558,0,8,2) rare (6-20)
4922,0.959716,0.040283978,0,39,3) common (21-100)
4923,0.5002506,0.49974942,0,3,1) very rare (1-5)
4924,0.035618335,0.9643817,1,118,4) very common (100+)
4925,0.7764391,0.22356093,0,89,3) common (21-100)
4926,0.8102765,0.18972349,1,11,2) rare (6-20)
4927,0.7444288,0.2555712,1,1290,4) very common (100+)
4928,0.35733107,0.64266896,1,0,1) very rare (1-5)
4929,0.3386739,0.6613261,1,343,4) very common (100+)
4930,0.5104909,0.4895091,0,1,1) very rare (1-5)
4931,0.15489091,0.8451091,1,5,1) very rare (1-5)
4932,0.15716775,0.84283227,1,0,1) very rare (1-5)
4933,0.03359163,0.9664084,1,0,1) very rare (1-5)
4934,0.5655227,0.43447733,1,8,2) rare (6-20)
4935,0.99696714,0.0030328631,0,211,4) very common (100+)
4936,0.48889038,0.5111096,1,14,2) rare (6-20)
4937,0.5727487,0.42725128,1,14,2) rare (6-20)
4938,0.94115365,0.058846354,0,18,2) rare (6-20)
4939,0.95695335,0.043046653,0,23,3) common (21-100)
4940,0.6608817,0.3391183,1,7,2) rare (6-20)
4941,0.9345894,0.065410614,1,700,4) very common (100+)
4942,0.99297816,0.0070218444,0,53,3) common (21-100)
4943,0.028590146,0.97140986,1,2,1) very rare (1-5)
4944,0.5707965,0.4292035,1,160,4) very common (100+)
4945,0.07961274,0.92038727,1,0,1) very rare (1-5)
4946,0.8128912,0.18710881,0,5,1) very rare (1-5)
4947,0.14163938,0.85836065,1,1,1) very rare (1-5)
4948,0.79749817,0.20250183,1,261,4) very common (100+)
4949,0.30313855,0.69686145,1,0,1) very rare (1-5)
4950,0.9599204,0.040079594,0,142,4) very common (100+)
4951,0.08325963,0.91674036,1,1,1) very rare (1-5)
4952,0.06500705,0.93499297,1,0,1) very rare (1-5)
4953,0.76075774,0.23924226,0,4,1) very rare (1-5)
4954,0.030865258,0.96913475,1,0,1) very rare (1-5)
4955,0.119845435,0.88015455,1,0,1) very rare (1-5)
4956,0.67152977,0.32847023,1,5,1) very rare (1-5)
4957,0.24605463,0.75394535,0,7,2) rare (6-20)
4958,0.23669475,0.76330525,1,31,3) common (21-100)
4959,0.24176195,0.7582381,1,4,1) very rare (1-5)
4960,0.8955394,0.1044606,1,36,3) common (21-100)
4961,0.5352806,0.4647194,1,343,4) very common (100+)
4962,0.5800557,0.4199443,1,23,3) common (21-100)
4963,0.6651019,0.3348981,1,178,4) very common (100+)
4964,0.41004404,0.5899559,0,0,1) very rare (1-5)
4965,0.28527397,0.71472603,1,268,4) very common (100+)
4966,0.60010225,0.39989775,1,58,3) common (21-100)
4967,0.23247564,0.76752436,0,4,1) very rare (1-5)
4968,0.33150908,0.6684909,1,8,2) rare (6-20)
4969,0.30153972,0.6984603,1,5,1) very rare (1-5)
4970,0.2950502,0.7049498,0,0,1) very rare (1-5)
4971,0.2816402,0.7183598,0,17,2) rare (6-20)
4972,0.6757512,0.3242488,1,1070,4) very common (100+)
4973,0.9621131,0.037886918,0,1000,4) very common (100+)
4974,0.36687213,0.63312787,0,159,4) very common (100+)
4975,0.7960563,0.20394373,0,274,4) very common (100+)
4976,0.26907343,0.7309266,1,9,2) rare (6-20)
4977,0.08128395,0.9187161,1,0,1) very rare (1-5)
4978,0.96512336,0.034876645,0,63,3) common (21-100)
4979,0.1505829,0.8494171,1,1290,4) very common (100+)
4980,0.3453075,0.65469253,1,2,1) very rare (1-5)
4981,0.8583956,0.14160442,0,237,4) very common (100+)
4982,0.3620177,0.6379823,0,2,1) very rare (1-5)
4983,0.8305989,0.16940111,1,0,1) very rare (1-5)
4984,0.29292378,0.7070762,1,3,1) very rare (1-5)
4985,0.3223671,0.6776329,0,3,1) very rare (1-5)
4986,0.44935936,0.55064064,1,31,3) common (21-100)
4987,0.058829457,0.9411706,1,0,1) very rare (1-5)
4988,0.31902924,0.6809708,0,16,2) rare (6-20)
4989,0.22323118,0.7767688,1,8,2) rare (6-20)
4990,0.65366524,0.34633476,0,4,1) very rare (1-5)
4991,0.8283078,0.1716922,0,18,2) rare (6-20)
4992,0.04536112,0.9546389,1,3,1) very rare (1-5)
4993,0.8529245,0.14707547,1,1290,4) very common (100+)
4994,0.20909505,0.79090494,1,0,1) very rare (1-5)
4995,0.061516065,0.93848395,1,85,3) common (21-100)
4996,0.17069754,0.82930243,1,0,1) very rare (1-5)
4997,0.90552557,0.094474435,0,43,3) common (21-100)
4998,0.9098144,0.09018558,0,1000,4) very common (100+)
4999,0.61154264,0.38845736,1,0,1) very rare (1-5)
5000,0.97253823,0.027461767,0,223,4) very common (100+)
5001,0.20834744,0.79165256,1,6,2) rare (6-20)
5002,0.15037505,0.84962493,1,1,1) very rare (1-5)
5003,0.8909065,0.10909349,0,89,3) common (21-100)
5004,0.8602903,0.13970971,0,66,3) common (21-100)
5005,0.16522013,0.83477986,1,118,4) very common (100+)
5006,0.93884844,0.061151564,0,274,4) very common (100+)
